# Blender 4.5.3 LTS
# www.blender.org
o Pipe_Curve
v 1.071605 -0.382735 0.000001
v 2.555863 -0.398660 0.163198
v 2.555863 -0.382588 0.000001
v 2.555863 -0.398660 -0.163194
v 1.071605 -1.382450 0.820446
v 2.555863 -1.539230 0.772844
v 2.555863 -1.382305 0.820446
v 2.555863 -1.991950 -0.320121
v 1.071605 -1.914795 -0.464744
v 2.555863 -1.914647 -0.464744
v 2.555863 -0.754360 -0.695539
v 1.071605 -0.627745 -0.591506
v 2.555863 -0.627598 -0.591506
v 1.071605 -0.754510 0.695541
v 2.555863 -0.898985 0.772844
v 2.555863 -0.754362 0.695541
v 1.071605 -1.992097 0.320124
v 2.555863 -2.039552 0.163198
v 2.555863 -1.991950 0.320124
v 2.555863 -1.382303 -0.820444
v 1.071605 -1.219252 -0.836519
v 2.555863 -1.219108 -0.836519
v 1.071605 -0.398807 0.163198
v 2.555863 -0.446265 0.320124
v 1.071605 -1.539377 0.772844
v 2.555863 -1.683853 0.695541
v 1.071605 -1.810762 -0.591509
v 2.555863 -1.810615 -0.591509
v 1.071605 -0.523712 -0.464744
v 2.555863 -0.523565 -0.464744
v 1.071605 -0.899132 0.772844
v 2.555863 -1.055910 0.820446
v 1.071605 -2.039700 0.163198
v 2.555863 -2.055627 0.000001
v 1.071605 -1.056057 -0.820444
v 2.555863 -1.055910 -0.820444
v 1.071605 -0.446410 0.320124
v 2.555863 -0.523567 0.464746
v 1.071605 -1.684000 0.695541
v 2.555863 -1.810615 0.591509
v 1.071605 -1.684000 -0.695539
v 2.555863 -1.683853 -0.695539
v 1.071605 -0.446410 -0.320119
v 2.555863 -0.446263 -0.320119
v 1.071605 -1.056057 0.820446
v 2.555863 -1.219108 0.836521
v 2.555863 -2.055627 0.000001
v 1.071605 -2.039700 -0.163196
v 2.555863 -2.039552 -0.163196
v 1.071605 -0.899133 -0.772841
v 2.555863 -0.898985 -0.772841
v 1.071605 -0.523715 0.464746
v 2.555863 -0.627598 0.591509
v 1.071605 -1.810762 0.591509
v 2.555863 -1.914647 0.464746
v 1.071605 -1.539375 -0.772841
v 2.555863 -1.539230 -0.772841
v 1.071605 -0.398807 -0.163194
v 1.071605 -1.219255 0.836521
v 1.071605 -1.992097 -0.320121
v 1.071605 -0.754508 -0.695539
v 1.071605 -0.627745 0.591509
v 1.071605 -1.914795 0.464746
v 1.071605 -1.382450 -0.820444
v 2.718083 -0.486533 -0.732569
v 2.622783 -0.643525 -0.861409
v 2.622783 -0.486533 -0.732569
v 2.718083 -2.235207 0.202116
v 2.622783 -2.176252 0.396466
v 2.622783 -2.235207 0.202116
v 2.718083 -0.183093 0.000001
v 2.622783 -0.203000 -0.202113
v 2.622783 -0.183093 0.000001
v 2.718083 -0.357693 -0.575574
v 2.622783 -0.357693 -0.575574
v 2.718083 -2.255115 0.000001
v 2.622783 -2.255115 0.000001
v 2.718083 -0.357692 0.575579
v 2.622783 -0.261955 0.396466
v 2.622783 -0.357692 0.575579
v 2.718083 -0.261955 -0.396461
v 2.622783 -0.261955 -0.396461
v 2.718083 -2.235207 -0.202115
v 2.622783 -2.255115 0.000001
v 2.622783 -2.235207 -0.202115
v 2.718083 -0.486535 0.732571
v 2.622783 -0.486535 0.732571
v 2.718083 -0.203000 -0.202113
v 2.718083 -2.176252 -0.396464
v 2.622783 -2.176252 -0.396464
v 2.718083 -0.643527 0.861411
v 2.622783 -0.643527 0.861411
v 2.733435 -0.218130 0.199107
v 2.733435 -0.444438 0.000001
v 2.733435 -0.198520 0.000001
v 2.718083 -2.080515 -0.575576
v 2.622783 -2.080515 -0.575576
v 2.718083 -0.822640 0.957149
v 2.622783 -0.822640 0.957149
v 2.718083 -0.261955 0.396466
v 2.622783 -0.203000 0.202117
v 2.718083 -1.951673 -0.732569
v 2.622783 -1.951673 -0.732569
v 2.718083 -1.016988 1.016104
v 2.622783 -1.016988 1.016104
v 2.718083 -1.794680 -0.861411
v 2.622783 -1.794680 -0.861411
v 2.718083 -1.219103 1.036011
v 2.622783 -1.219105 1.036011
v 2.718083 -1.615567 -0.957149
v 2.622783 -1.615567 -0.957149
v 2.718083 -1.421220 1.016104
v 2.622783 -1.421220 1.016104
v 2.718083 -1.421218 -1.016104
v 2.622783 -1.421218 -1.016104
v 2.718083 -1.615567 0.957149
v 2.622783 -1.615567 0.957149
v 2.718083 -1.219103 -1.036009
v 2.622783 -1.219103 -1.036009
v 2.718083 -1.794680 0.861411
v 2.622783 -1.794680 0.861411
v 2.718083 -1.016988 -1.016101
v 2.622783 -1.016988 -1.016101
v 2.718083 -1.951673 0.732571
v 2.622783 -1.951673 0.732571
v 2.718083 -0.822638 -0.957146
v 2.622783 -0.822638 -0.957146
v 2.718083 -2.080515 0.575579
v 2.622783 -2.080515 0.575579
v 2.718083 -0.643525 -0.861409
v 2.718083 -2.176252 0.396466
v 2.733435 -0.671332 0.547774
v 2.733435 -0.370520 0.567006
v 2.733435 -0.497442 0.721664
v 2.733435 -0.218130 -0.199103
v 2.733435 -0.503405 -0.296449
v 2.733435 -0.276208 -0.390559
v 2.733435 -1.934803 -0.296451
v 2.733435 -2.220077 -0.199105
v 2.733435 -2.162000 -0.390559
v 2.733435 -0.788722 0.644111
v 2.733435 -0.652097 0.848586
v 2.712703 -0.479758 0.147067
v 1.071605 -0.465422 0.000001
v 2.712703 -0.465273 0.000001
v 2.733435 -1.863215 -0.430381
v 2.733435 -2.067687 -0.567006
v 2.733435 -0.922652 0.715699
v 2.733435 -0.828542 0.942896
v 2.733435 -0.276207 0.390561
v 2.733435 -0.459322 0.151131
v 2.733435 -1.766875 -0.547771
v 2.733435 -1.940765 -0.721661
v 2.733435 -1.067975 0.759781
v 2.733435 -1.019998 1.000974
v 2.733435 -1.786110 -0.848584
v 2.733435 -1.219103 1.020584
v 2.733435 -1.515555 -0.715696
v 2.733435 -1.609663 -0.942896
v 2.733435 -1.418210 1.000974
v 2.733435 -1.219103 0.774666
v 2.733435 -1.418208 -1.000971
v 2.733435 -1.515555 0.715699
v 2.733435 -1.609665 0.942896
v 2.733435 -1.219103 -0.774664
v 2.733435 -1.219103 -1.020581
v 2.733435 -1.649485 0.644111
v 2.733435 -1.786110 0.848586
v 2.733435 -1.067973 -0.759779
v 2.733435 -1.019998 -1.000971
v 2.733435 -1.940765 0.721664
v 2.733435 -0.828543 -0.942894
v 2.733435 -1.863215 0.430381
v 2.733435 -2.067687 0.567006
v 2.733435 -0.652098 -0.848581
v 2.733435 -0.922650 -0.715696
v 2.733435 -1.934803 0.296454
v 2.733435 -2.162000 0.390561
v 2.733435 -0.497443 -0.721659
v 2.733435 -0.788722 -0.644109
v 2.733435 -2.220077 0.199107
v 2.733435 -0.459322 -0.151128
v 2.733435 -0.370520 -0.567004
v 2.733435 -0.671332 -0.547769
v 2.733435 -1.993770 0.000001
v 2.733435 -2.239687 0.000001
v 2.733435 -0.574992 0.430381
v 2.733435 -1.978885 -0.151129
v 2.733435 -2.239687 0.000001
v 2.589323 -0.603820 0.615284
v 2.589323 -0.385650 0.556899
v 2.589323 -0.495607 0.483426
v 2.589323 -0.365680 -0.169754
v 2.589323 -0.293018 -0.383594
v 2.589323 -0.415197 -0.332986
v 2.589323 -2.023010 -0.332989
v 2.589323 -2.202230 -0.195555
v 2.589323 -2.072527 -0.169756
v 2.589323 -0.735677 0.723499
v 2.589323 -0.510307 0.708796
v 2.718083 -0.203000 0.202117
v 2.589323 -1.942600 -0.483424
v 2.589323 -2.145187 -0.383596
v 2.589323 -0.886115 0.803909
v 2.589323 -0.662207 0.833456
v 2.589323 -0.216715 0.000001
v 2.589323 -0.348963 0.000001
v 2.589323 -1.834388 -0.615284
v 2.589323 -2.052557 -0.556896
v 2.589323 -1.049348 0.853424
v 2.589323 -0.835507 0.926086
v 2.589323 -1.776000 -0.833454
v 2.589323 -1.702528 -0.723496
v 2.589323 -1.219103 0.870144
v 2.589323 -1.023548 0.983129
v 2.589323 -1.602700 -0.926084
v 2.589323 -1.552093 -0.803906
v 2.589323 -1.414660 0.983129
v 2.589323 -1.388860 0.853424
v 2.589323 -1.388860 -0.853421
v 2.589323 -1.552093 0.803909
v 2.589323 -1.219103 -0.870141
v 2.589323 -1.414660 -0.983126
v 2.589323 -1.702528 0.723499
v 2.589323 -1.602700 0.926086
v 2.589323 -1.023548 -0.983126
v 2.589323 -1.049348 -0.853421
v 2.589323 -1.834388 0.615284
v 2.589323 -1.776000 0.833456
v 2.589323 -0.835505 -0.926084
v 2.589323 -0.886115 -0.803904
v 2.589323 -1.942600 0.483426
v 2.589323 -1.927898 0.708796
v 2.589323 -0.735678 -0.723494
v 2.589323 -2.023010 0.332991
v 2.589323 -2.052560 0.556899
v 2.589323 -0.510308 -0.708794
v 2.589323 -0.603820 -0.615281
v 2.589323 -2.202230 0.195557
v 2.589323 -2.072527 0.169757
v 2.589323 -0.293017 0.383599
v 2.589323 -0.365680 0.169757
v 2.589323 -0.415197 0.332991
v 2.589323 -0.385648 -0.556894
v 2.589323 -0.495608 -0.483424
v 2.589323 -2.089245 0.000001
v 2.589323 -2.089245 0.000001
v -0.394010 1.064673 0.000001
v -0.380012 0.777560 0.163198
v -0.364247 0.780695 0.000001
v -0.294505 0.501830 0.163198
v -0.279655 0.507983 0.000001
v -0.156850 0.248082 0.163198
v -0.143485 0.257012 0.000001
v 0.027664 0.026064 0.163198
v 0.039030 0.037430 0.000001
v 0.251947 -0.155690 0.163198
v 0.260877 -0.142327 0.000001
v 0.507378 -0.290197 0.163198
v 0.513530 -0.275347 0.000001
v 0.784143 -0.372290 0.163198
v 0.787280 -0.356525 0.000001
v -0.410082 1.064673 0.163198
v -0.426700 0.768273 0.320124
v -0.338485 0.483615 0.320124
v -0.196430 0.221636 0.320124
v -0.005996 -0.007596 0.320124
v 0.225500 -0.195272 0.320124
v 0.489163 -0.334177 0.320124
v 0.774858 -0.418977 0.320124
v -0.457687 1.064673 0.320124
v -0.502517 0.753193 0.464746
v -0.409902 0.454032 0.464746
v -0.260705 0.178689 0.464746
v -0.060657 -0.062257 0.464746
v 0.182553 -0.259547 0.464746
v 0.459579 -0.405595 0.464746
v 0.759775 -0.494795 0.464746
v -0.534990 1.064673 0.464746
v -0.604550 0.732898 0.591509
v -0.506017 0.414221 0.591509
v -0.347205 0.120892 0.591509
v -0.134220 -0.135820 0.591509
v 0.124756 -0.346045 0.591509
v 0.419768 -0.501710 0.591509
v 0.739480 -0.596827 0.591509
v -0.639020 1.064673 0.591509
v -0.728877 0.708165 0.695541
v -0.623130 0.365711 0.695541
v -0.452605 0.050466 0.695541
v -0.223855 -0.225455 0.695541
v 0.054330 -0.451445 0.695541
v 0.371258 -0.618822 0.695541
v 0.714750 -0.721155 0.695541
v -0.765785 1.064673 0.695541
v -0.870722 0.679953 0.772844
v -0.756745 0.310366 0.772844
v -0.572855 -0.029882 0.772844
v -0.326117 -0.327717 0.772844
v -0.026017 -0.571695 0.772844
v 0.315913 -0.752437 0.772844
v 0.686535 -0.863000 0.772844
v -0.910407 1.064673 0.772844
v -1.024632 0.649338 0.820446
v -0.901725 0.250313 0.820446
v -0.703332 -0.117065 0.820446
v -0.437080 -0.438682 0.820446
v -0.113200 -0.702175 0.820446
v 0.255860 -0.897417 0.820446
v 0.655920 -1.016910 0.820446
v -1.067332 1.064673 0.820446
v -1.184693 0.617500 0.836521
v -1.052497 0.187860 0.836521
v -0.839025 -0.207732 0.836521
v -0.552477 -0.554080 0.836521
v -0.203867 -0.837867 0.836521
v 0.193408 -1.048192 0.836521
v 0.624083 -1.176970 0.836521
v -1.230530 1.064673 0.836521
v -1.344755 0.585660 0.820446
v -1.203272 0.125408 0.820446
v -0.974720 -0.298400 0.820446
v -0.667875 -0.669477 0.820446
v -0.294535 -0.973560 0.820446
v 0.130955 -1.198965 0.820446
v 0.592245 -1.337032 0.820446
v -1.393728 1.064673 0.820446
v -1.498665 0.555045 0.772844
v -1.348252 0.065355 0.772844
v -1.105197 -0.385582 0.772844
v -0.778840 -0.780440 0.772844
v -0.381717 -1.104040 0.772844
v 0.070902 -1.343945 0.772844
v 0.561630 -1.490942 0.772844
v -1.550653 1.064673 0.772844
v -1.640510 0.526833 0.695541
v -1.481867 0.010010 0.695541
v -1.225447 -0.465932 0.695541
v -0.881102 -0.882702 0.695541
v -0.462067 -1.224288 0.695541
v 0.015557 -1.477560 0.695541
v 0.533415 -1.632785 0.695541
v -1.695275 1.064673 0.695541
v -1.764838 0.502100 0.591509
v -1.598983 -0.038500 0.591509
v -1.330848 -0.536357 0.591509
v -0.970737 -0.972340 0.591509
v -0.532492 -1.329687 0.591509
v -0.032952 -1.594675 0.591509
v 0.508685 -1.757113 0.591509
v -1.822037 1.064673 0.591509
v -1.866870 0.481806 0.464746
v -1.695095 -0.078312 0.464746
v -1.417347 -0.594155 0.464746
v -1.044300 -1.045900 0.464746
v -0.590290 -1.416187 0.464746
v -0.072765 -1.690787 0.464746
v 0.488390 -1.859147 0.464746
v -1.926070 1.064673 0.464746
v -1.942688 0.466725 0.320124
v -1.766512 -0.107895 0.320124
v -1.481622 -0.637102 0.320124
v -1.098962 -1.100562 0.320124
v -0.633237 -1.480462 0.320124
v -0.102347 -1.762205 0.320124
v 0.473308 -1.934965 0.320124
v -2.003372 1.064673 0.320124
v -1.989375 0.457438 0.163198
v -1.810492 -0.126110 0.163198
v -1.521202 -0.663550 0.163198
v -1.132622 -1.134223 0.163198
v -0.659685 -1.520042 0.163198
v -0.120565 -1.806185 0.163198
v 0.464021 -1.981652 0.163198
v -2.050975 1.064673 0.163198
v -2.005140 0.454302 0.000001
v -1.825342 -0.132262 0.000001
v -1.534567 -0.672477 0.000001
v -1.143987 -1.145587 0.000001
v -0.668612 -1.533407 0.000001
v -0.126715 -1.821035 0.000001
v 0.460886 -1.997417 0.000001
v 1.071605 -2.055772 0.000001
v -2.050975 1.064673 -0.163196
v -2.005140 0.454302 0.000001
v -2.067050 1.064673 0.000001
v -1.989375 0.457438 -0.163196
v -1.825342 -0.132262 0.000001
v -1.810492 -0.126110 -0.163196
v -1.534567 -0.672477 0.000001
v -1.521202 -0.663550 -0.163196
v -1.143987 -1.145587 0.000001
v -1.132622 -1.134223 -0.163196
v -0.668612 -1.533407 0.000001
v -0.659685 -1.520042 -0.163196
v -0.126715 -1.821035 0.000001
v -0.120565 -1.806185 -0.163196
v 0.460886 -1.997417 0.000001
v 0.464021 -1.981652 -0.163196
v 1.071605 -2.055772 0.000001
v -2.003372 1.064673 -0.320121
v -1.942688 0.466725 -0.320121
v -1.766512 -0.107895 -0.320121
v -1.481622 -0.637102 -0.320121
v -1.098962 -1.100562 -0.320121
v -0.633237 -1.480462 -0.320121
v -0.102347 -1.762205 -0.320121
v 0.473308 -1.934962 -0.320121
v -1.926070 1.064673 -0.464744
v -1.866870 0.481806 -0.464744
v -1.695095 -0.078312 -0.464744
v -1.417347 -0.594155 -0.464744
v -1.044300 -1.045900 -0.464744
v -0.590290 -1.416187 -0.464744
v -0.072765 -1.690787 -0.464744
v 0.488390 -1.859145 -0.464744
v -1.822037 1.064673 -0.591509
v -1.764835 0.502103 -0.591509
v -1.598980 -0.038500 -0.591509
v -1.330848 -0.536357 -0.591509
v -0.970737 -0.972337 -0.591509
v -0.532492 -1.329687 -0.591509
v -0.032952 -1.594675 -0.591509
v 0.508685 -1.757113 -0.591509
v -1.695275 1.064673 -0.695539
v -1.640507 0.526833 -0.695539
v -1.481867 0.010010 -0.695539
v -1.225447 -0.465932 -0.695539
v -0.881102 -0.882702 -0.695539
v -0.462067 -1.224288 -0.695539
v 0.015557 -1.477560 -0.695539
v 0.533415 -1.632785 -0.695539
v -1.550650 1.064673 -0.772841
v -1.498665 0.555045 -0.772841
v -1.348252 0.065355 -0.772841
v -1.105197 -0.385582 -0.772841
v -0.778840 -0.780440 -0.772841
v -0.381717 -1.104038 -0.772841
v 0.070902 -1.343945 -0.772841
v 0.561630 -1.490940 -0.772841
v -1.393725 1.064673 -0.820444
v -1.344755 0.585660 -0.820444
v -1.203272 0.125408 -0.820444
v -0.974720 -0.298400 -0.820444
v -0.667875 -0.669475 -0.820444
v -0.294535 -0.973560 -0.820444
v 0.130955 -1.198965 -0.820444
v 0.592245 -1.337030 -0.820444
v -1.230527 1.064673 -0.836519
v -1.184693 0.617500 -0.836519
v -1.052497 0.187861 -0.836519
v -0.839025 -0.207732 -0.836519
v -0.552477 -0.554077 -0.836519
v -0.203867 -0.837867 -0.836519
v 0.193408 -1.048190 -0.836519
v 0.624083 -1.176970 -0.836519
v -1.067332 1.064673 -0.820444
v -1.024632 0.649338 -0.820444
v -0.901725 0.250313 -0.820444
v -0.703332 -0.117065 -0.820444
v -0.437080 -0.438680 -0.820444
v -0.113200 -0.702173 -0.820444
v 0.255860 -0.897417 -0.820444
v 0.655920 -1.016907 -0.820444
v -0.910407 1.064673 -0.772841
v -0.870722 0.679953 -0.772841
v -0.756742 0.310366 -0.772841
v -0.572852 -0.029882 -0.772841
v -0.326117 -0.327717 -0.772841
v -0.026017 -0.571695 -0.772841
v 0.315913 -0.752437 -0.772841
v 0.686535 -0.862997 -0.772841
v -0.765782 1.064673 -0.695539
v -0.728877 0.708165 -0.695539
v -0.623130 0.365711 -0.695539
v -0.452605 0.050466 -0.695539
v -0.223852 -0.225455 -0.695539
v 0.054331 -0.451445 -0.695539
v 0.371258 -0.618823 -0.695539
v 0.714750 -0.721155 -0.695539
v -0.639020 1.064673 -0.591506
v -0.604550 0.732898 -0.591506
v -0.506015 0.414221 -0.591506
v -0.347205 0.120892 -0.591506
v -0.134217 -0.135817 -0.591506
v 0.124757 -0.346045 -0.591506
v 0.419768 -0.501707 -0.591506
v 0.739480 -0.596827 -0.591506
v -0.534987 1.064673 -0.464744
v -0.502517 0.753193 -0.464744
v -0.409902 0.454032 -0.464744
v -0.260705 0.178689 -0.464744
v -0.060657 -0.062257 -0.464744
v 0.182554 -0.259545 -0.464744
v 0.459580 -0.405595 -0.464744
v 0.759775 -0.494795 -0.464744
v -0.457685 1.064673 -0.320119
v -0.426700 0.768273 -0.320119
v -0.338485 0.483615 -0.320119
v -0.196430 0.221636 -0.320119
v -0.005996 -0.007596 -0.320119
v 0.225500 -0.195270 -0.320119
v 0.489163 -0.334177 -0.320119
v 0.774858 -0.418977 -0.320119
v -0.410082 1.064673 -0.163194
v -0.380012 0.777560 -0.163194
v -0.294505 0.501830 -0.163194
v -0.156850 0.248082 -0.163194
v 0.027664 0.026064 -0.163194
v 0.251947 -0.155690 -0.163194
v 0.507378 -0.290197 -0.163194
v 0.784143 -0.372290 -0.163194
v -0.476697 1.064673 0.000001
v -0.459552 0.761738 0.147067
v -0.491182 1.064673 0.147067
v -0.445345 0.764565 0.000001
v -0.369430 0.470797 0.147067
v -0.356047 0.476340 0.000001
v -0.224280 0.203027 0.147067
v -0.212237 0.211074 0.000001
v -0.029680 -0.031280 0.147067
v -0.019437 -0.021037 0.000001
v 0.206891 -0.223122 0.147067
v 0.214939 -0.211077 0.000001
v 0.476344 -0.365122 0.147067
v 0.481887 -0.351740 0.000001
v 0.768323 -0.451830 0.147067
v 0.771148 -0.437622 0.000001
v 1.071605 -0.479905 0.147067
v -0.501625 0.753370 0.288481
v -0.534077 1.064673 0.288481
v -0.409062 0.454380 0.288481
v -0.259947 0.179194 0.288481
v -0.060015 -0.061615 0.288481
v 0.183059 -0.258790 0.288481
v 0.459928 -0.404755 0.288481
v 0.759953 -0.493902 0.288481
v 1.071605 -0.522802 0.288481
v -0.569947 0.739780 0.418809
v -0.603740 1.064673 0.418809
v -0.473422 0.427722 0.418809
v -0.317870 0.140492 0.418809
v -0.109272 -0.110872 0.418809
v 0.144357 -0.316710 0.418809
v 0.433269 -0.469115 0.418809
v 0.746363 -0.562225 0.418809
v 1.071605 -0.592465 0.418809
v -0.661895 0.721490 0.533041
v -0.697490 1.064673 0.533041
v -0.560035 0.391846 0.533041
v -0.395820 0.088408 0.533041
v -0.175562 -0.177162 0.533041
v 0.092273 -0.394660 0.533041
v 0.397393 -0.555727 0.533041
v 0.728073 -0.654172 0.533041
v 1.071605 -0.686215 0.533041
v -0.773932 0.699205 0.626791
v -0.811722 1.064673 0.626791
v -0.665572 0.348131 0.626791
v -0.490800 0.024944 0.626791
v -0.256337 -0.257937 0.626791
v 0.028808 -0.489642 0.626791
v 0.353678 -0.661265 0.626791
v 0.705788 -0.766210 0.626791
v 1.071605 -0.800447 0.626791
v -0.901757 0.673778 0.696451
v -0.942050 1.064673 0.696451
v -0.785977 0.298257 0.696451
v -0.599165 -0.047462 0.696451
v -0.348492 -0.350092 0.696451
v -0.043597 -0.598005 0.696451
v 0.303804 -0.781672 0.696451
v 0.680363 -0.894035 0.696451
v 1.071605 -0.930775 0.696451
v -1.040452 0.646190 0.739349
v -1.083465 1.064673 0.739349
v -0.916627 0.244140 0.739349
v -0.716745 -0.126027 0.739349
v -0.448487 -0.450087 0.739349
v -0.122162 -0.715587 0.739349
v 0.249687 -0.912320 0.739349
v 0.652772 -1.032730 0.739349
v 1.071605 -1.072187 0.739349
v -1.184693 0.617500 0.753834
v -1.230530 1.064673 0.753834
v -1.052497 0.187860 0.753834
v -0.839025 -0.207732 0.753834
v -0.552477 -0.554080 0.753834
v -0.203867 -0.837867 0.753834
v 0.193408 -1.048192 0.753834
v 0.624083 -1.176970 0.753834
v 1.071605 -1.219255 0.753834
v -1.328933 0.588808 0.739349
v -1.377595 1.064673 0.739349
v -1.188370 0.131581 0.739349
v -0.961307 -0.289437 0.739349
v -0.656470 -0.658070 0.739349
v -0.285572 -0.960147 0.739349
v 0.137128 -1.184062 0.739349
v 0.595393 -1.321210 0.739349
v 1.071605 -1.366320 0.739349
v -1.467630 0.561220 0.696451
v -1.519010 1.064673 0.696451
v -1.319020 0.077464 0.696451
v -1.078887 -0.368005 0.696451
v -0.756465 -0.758065 0.696451
v -0.364140 -1.077730 0.696451
v 0.083011 -1.314713 0.696451
v 0.567802 -1.459907 0.696451
v 1.071605 -1.507732 0.696451
v -1.595452 0.535793 0.626791
v -1.649337 1.064673 0.626791
v -1.439425 0.027590 0.626791
v -1.187252 -0.440410 0.626791
v -0.848620 -0.850220 0.626791
v -0.436545 -1.186092 0.626791
v 0.033137 -1.435120 0.626791
v 0.542378 -1.587730 0.626791
v 1.071605 -1.638062 0.626791
v -1.707492 0.513508 0.533041
v -1.763570 1.064673 0.533041
v -1.544965 -0.016125 0.533041
v -1.282232 -0.503875 0.533041
v -0.929395 -0.930995 0.533041
v -0.500010 -1.281075 0.533041
v -0.010578 -1.540657 0.533041
v 0.520093 -1.699770 0.533041
v 1.071605 -1.752295 0.533041
v -1.799440 0.495218 0.418809
v -1.857318 1.064673 0.418809
v -1.631577 -0.052002 0.418809
v -1.360183 -0.555957 0.418809
v -0.995685 -0.997285 0.418809
v -0.552095 -1.359022 0.418809
v -0.046455 -1.627270 0.418809
v 0.501803 -1.791717 0.418809
v 1.071605 -1.846042 0.418809
v -1.867763 0.481628 0.288481
v -1.926980 1.064673 0.288481
v -1.695935 -0.078660 0.288481
v -1.418105 -0.594660 0.288481
v -1.044945 -1.046545 0.288481
v -0.590795 -1.416945 0.288481
v -0.073112 -1.691627 0.288481
v 0.488213 -1.860040 0.288481
v 1.071605 -1.915705 0.288481
v -1.909835 0.473259 0.147066
v -1.969877 1.064673 0.147066
v -1.735567 -0.095075 0.147066
v -1.453773 -0.618492 0.147066
v -1.075277 -1.076877 0.147066
v -0.614627 -1.452612 0.147066
v -0.089530 -1.731260 0.147066
v 0.479843 -1.902112 0.147066
v 1.071605 -1.958602 0.147066
v -1.924042 0.470434 0.000001
v -1.984362 1.064673 0.000001
v -1.748950 -0.100620 0.000001
v -1.465815 -0.626540 0.000001
v -1.085520 -1.087120 0.000001
v -0.622675 -1.464658 0.000001
v -0.095072 -1.744642 0.000001
v 0.477017 -1.916317 0.000001
v 1.071605 -1.973088 0.000001
v -1.924042 0.470434 0.000001
v -1.969877 1.064673 -0.147065
v -1.984362 1.064673 0.000001
v -1.748950 -0.100620 0.000001
v -1.909835 0.473259 -0.147065
v -1.465815 -0.626540 0.000001
v -1.735567 -0.095075 -0.147065
v -1.085520 -1.087120 0.000001
v -1.453773 -0.618492 -0.147065
v -0.622675 -1.464658 0.000001
v -1.075277 -1.076877 -0.147065
v -0.095072 -1.744642 0.000001
v -0.614627 -1.452612 -0.147065
v 0.477017 -1.916317 0.000001
v -0.089530 -1.731260 -0.147065
v 1.071605 -1.973088 0.000001
v 0.479843 -1.902112 -0.147065
v -1.926980 1.064673 -0.288479
v -1.867763 0.481628 -0.288479
v -1.695935 -0.078660 -0.288479
v -1.418103 -0.594660 -0.288479
v -1.044942 -1.046545 -0.288479
v -0.590795 -1.416945 -0.288479
v -0.073112 -1.691627 -0.288479
v 1.071605 -1.958602 -0.147065
v 0.488213 -1.860040 -0.288479
v -1.857318 1.064673 -0.418806
v -1.799440 0.495218 -0.418806
v -1.631575 -0.052002 -0.418806
v -1.360183 -0.555957 -0.418806
v -0.995685 -0.997285 -0.418806
v -0.552092 -1.359022 -0.418806
v -0.046455 -1.627270 -0.418806
v 1.071605 -1.915705 -0.288479
v 0.501803 -1.791715 -0.418806
v -1.763570 1.064673 -0.533039
v -1.707492 0.513508 -0.533039
v -1.544963 -0.016125 -0.533039
v -1.282232 -0.503875 -0.533039
v -0.929395 -0.930995 -0.533039
v -0.500010 -1.281075 -0.533039
v -0.010578 -1.540657 -0.533039
v 1.071605 -1.846042 -0.418806
v 0.520093 -1.699767 -0.533039
v -1.649337 1.064673 -0.626789
v -1.595452 0.535793 -0.626789
v -1.439425 0.027590 -0.626789
v -1.187250 -0.440410 -0.626789
v -0.848620 -0.850220 -0.626789
v -0.436545 -1.186092 -0.626789
v 0.033137 -1.435117 -0.626789
v 1.071605 -1.752295 -0.533039
v 0.542378 -1.587730 -0.626789
v -1.519008 1.064673 -0.696449
v -1.467630 0.561220 -0.696449
v -1.319017 0.077464 -0.696449
v -1.078887 -0.368002 -0.696449
v -0.756465 -0.758065 -0.696449
v -0.364137 -1.077727 -0.696449
v 0.083011 -1.314713 -0.696449
v 1.071605 -1.638060 -0.626789
v 0.567802 -1.459905 -0.696449
v -1.377595 1.064673 -0.739346
v -1.328933 0.588808 -0.739346
v -1.188370 0.131581 -0.739346
v -0.961305 -0.289437 -0.739346
v -0.656470 -0.658070 -0.739346
v -0.285572 -0.960148 -0.739346
v 0.137128 -1.184062 -0.739346
v 1.071605 -1.507732 -0.696449
v 0.595393 -1.321210 -0.739346
v -1.230530 1.064673 -0.753831
v -1.184693 0.617500 -0.753831
v -1.052497 0.187861 -0.753831
v -0.839025 -0.207732 -0.753831
v -0.552477 -0.554077 -0.753831
v -0.203867 -0.837867 -0.753831
v 0.193408 -1.048190 -0.753831
v 1.071605 -1.366320 -0.739346
v 0.624083 -1.176970 -0.753831
v -1.083462 1.064673 -0.739346
v -1.040452 0.646190 -0.739346
v -0.916627 0.244140 -0.739346
v -0.716745 -0.126027 -0.739346
v -0.448487 -0.450087 -0.739346
v -0.122162 -0.715585 -0.739346
v 0.249687 -0.912320 -0.739346
v 1.071605 -1.219252 -0.753831
v 0.652772 -1.032730 -0.739346
v -0.942050 1.064673 -0.696449
v -0.901755 0.673778 -0.696449
v -0.785977 0.298257 -0.696449
v -0.599162 -0.047462 -0.696449
v -0.348492 -0.350092 -0.696449
v -0.043597 -0.598005 -0.696449
v 0.303804 -0.781670 -0.696449
v 1.071605 -1.072187 -0.739346
v 0.680363 -0.894032 -0.696449
v -0.811722 1.064673 -0.626786
v -0.773932 0.699205 -0.626786
v -0.665570 0.348131 -0.626786
v -0.490800 0.024944 -0.626786
v -0.256337 -0.257937 -0.626786
v 0.028809 -0.489640 -0.626786
v 0.353678 -0.661265 -0.626786
v 1.071605 -0.930775 -0.696449
v 0.705788 -0.766210 -0.626786
v -0.697487 1.064673 -0.533039
v -0.661895 0.721490 -0.533039
v -0.560032 0.391846 -0.533039
v -0.395817 0.088409 -0.533039
v -0.175562 -0.177162 -0.533039
v 0.092273 -0.394660 -0.533039
v 0.397393 -0.555725 -0.533039
v 1.071605 -0.800447 -0.626786
v 0.728073 -0.654172 -0.533039
v -0.603740 1.064673 -0.418806
v -0.569947 0.739780 -0.418806
v -0.473420 0.427722 -0.418806
v -0.317870 0.140493 -0.418806
v -0.109272 -0.110872 -0.418806
v 0.144357 -0.316710 -0.418806
v 0.433270 -0.469112 -0.418806
v 1.071605 -0.686212 -0.533039
v 0.746363 -0.562225 -0.418806
v -0.534077 1.064673 -0.288476
v -0.501625 0.753370 -0.288476
v -0.409062 0.454381 -0.288476
v -0.259947 0.179194 -0.288476
v -0.060012 -0.061612 -0.288476
v 0.183059 -0.258790 -0.288476
v 0.459928 -0.404755 -0.288476
v 1.071605 -0.592465 -0.418806
v 0.759953 -0.493902 -0.288476
v -0.491180 1.064673 -0.147063
v -0.459552 0.761738 -0.147063
v -0.369430 0.470797 -0.147063
v -0.224280 0.203027 -0.147063
v -0.029680 -0.031280 -0.147063
v 0.206892 -0.223122 -0.147063
v 0.476344 -0.365122 -0.147063
v 1.071605 -0.522802 -0.288476
v 0.768323 -0.451827 -0.147063
v 1.071605 -0.479905 -0.147063
v -0.360412 2.582502 0.000001
v -0.247427 2.582500 0.195557
v -0.377132 2.582502 0.169757
v -0.394035 2.549043 0.000001
v -0.410107 2.549043 -0.163195
v -1.550675 2.549043 0.772843
v -1.822062 2.549043 -0.591509
v -1.926095 2.549043 -0.464744
v -0.535012 2.549043 -0.464744
v -0.639045 2.549043 -0.591507
v -0.910432 2.549043 0.772843
v -2.051000 2.549043 0.163198
v -2.067050 1.064673 0.000001
v -1.067355 2.549043 -0.820444
v -1.230552 2.549043 -0.836519
v -0.457710 2.549043 0.320123
v -1.695300 2.549043 0.695541
v -1.695297 2.549043 -0.695539
v -0.457710 2.549043 -0.320119
v -1.067357 2.549043 0.820446
v -2.051000 2.549043 -0.163196
v -2.067072 2.549043 0.000001
v -0.910430 2.549043 -0.772841
v -0.535012 2.549043 0.464746
v -1.822062 2.549043 0.591509
v -1.550675 2.549043 -0.772841
v -1.230555 2.549043 0.836521
v -2.003397 2.549043 -0.320122
v -0.765807 2.549043 -0.695539
v -0.639045 2.549043 0.591509
v -1.926095 2.549043 0.464746
v -1.393750 2.549043 -0.820444
v -0.214450 2.615963 -0.202113
v -0.194545 2.711263 0.000001
v -0.194545 2.615963 0.000001
v -1.393750 2.549043 0.820446
v -0.765807 2.549043 0.695541
v -2.003397 2.549043 0.320123
v -0.654977 2.615963 -0.861409
v -0.497982 2.711263 -0.732569
v -0.497982 2.615963 -0.732569
v -2.187702 2.615963 0.396466
v -2.246657 2.711263 0.202116
v -2.246657 2.615963 0.202116
v -0.214450 2.615963 0.202116
v -0.273405 2.711263 0.396466
v -0.273405 2.615963 0.396466
v -0.369142 2.711263 -0.575574
v -0.369142 2.615963 -0.575574
v -2.266565 2.711263 0.000001
v -2.266565 2.615963 0.000001
v -0.369142 2.711263 0.575578
v -0.369142 2.615963 0.575578
v -0.273405 2.711263 -0.396462
v -0.273405 2.615963 -0.396462
v -2.266565 2.615963 0.000001
v -2.246657 2.711263 -0.202115
v -2.246657 2.615963 -0.202115
v -0.497985 2.711263 0.732571
v -0.497985 2.615963 0.732571
v -0.214450 2.711263 -0.202113
v -2.187702 2.711263 -0.396464
v -2.187702 2.615963 -0.396464
v -0.654977 2.711263 0.861411
v -0.654977 2.615963 0.861411
v -0.209972 2.726613 0.000001
v -0.463272 2.726615 -0.152620
v -0.448240 2.726615 0.000001
v -2.091965 2.711263 -0.575577
v -2.091965 2.615963 -0.575577
v -0.834090 2.711263 0.957148
v -0.834090 2.615963 0.957148
v -0.214450 2.711263 0.202116
v -1.963125 2.711263 -0.732569
v -1.963125 2.615963 -0.732569
v -1.028440 2.711263 1.016104
v -1.028440 2.615963 1.016104
v -1.806130 2.711263 -0.861412
v -1.806130 2.615963 -0.861412
v -1.230555 2.711263 1.036011
v -1.230555 2.615963 1.036011
v -1.627017 2.711263 -0.957149
v -1.627017 2.615963 -0.957149
v -1.432670 2.711263 1.016104
v -1.432670 2.615963 1.016104
v -1.432670 2.711263 -1.016104
v -1.432670 2.615963 -1.016104
v -1.627017 2.711263 0.957148
v -1.627017 2.615963 0.957148
v -1.230552 2.711263 -1.036009
v -1.230552 2.615963 -1.036009
v -1.806130 2.711263 0.861411
v -1.806130 2.615963 0.861411
v -1.028437 2.711263 -1.016101
v -1.028437 2.615963 -1.016101
v -1.963125 2.711263 0.732571
v -1.963125 2.615963 0.732571
v -0.834090 2.711263 -0.957146
v -0.834090 2.615963 -0.957146
v -2.091965 2.711263 0.575578
v -2.091965 2.615963 0.575578
v -0.654977 2.711263 -0.861409
v -2.187702 2.711263 0.396466
v -0.381970 2.726615 0.567006
v -0.677375 2.726615 0.553181
v -0.508892 2.726615 0.721663
v -0.229580 2.726615 -0.199104
v -0.507790 2.726615 -0.299377
v -2.173450 2.726613 -0.390559
v -1.997835 2.726615 -0.152621
v -1.953317 2.726615 -0.299377
v -0.795925 2.726615 0.650471
v -0.663550 2.726615 0.848586
v -0.476720 2.698272 0.000001
v -1.881025 2.726615 -0.434629
v -2.079137 2.726613 -0.567007
v -0.839995 2.726615 0.942896
v -0.931175 2.726615 0.722763
v -0.463272 2.726615 0.152623
v -0.229582 2.726615 0.199107
v -1.952215 2.726615 -0.721662
v -1.783732 2.726615 -0.553179
v -1.077932 2.726615 0.767283
v -1.031447 2.726615 1.000973
v -1.665185 2.726615 -0.650469
v -1.797560 2.726613 -0.848584
v -1.230555 2.726615 0.782314
v -1.230555 2.726615 1.020584
v -1.621115 2.726613 -0.942896
v -1.529932 2.726615 -0.722762
v -1.383175 2.726615 0.767283
v -1.429660 2.726615 1.000973
v -1.429660 2.726613 -1.000971
v -1.383175 2.726615 -0.767281
v -1.529932 2.726615 0.722763
v -1.621115 2.726615 0.942896
v -1.230552 2.726613 -1.020581
v -1.230552 2.726615 -0.782312
v -1.665185 2.726615 0.650471
v -1.797560 2.726615 0.848586
v -1.031447 2.726615 -1.000971
v -1.077932 2.726615 -0.767279
v -1.783732 2.726615 0.553181
v -1.952215 2.726615 0.721663
v -0.839992 2.726613 -0.942894
v -0.931175 2.726615 -0.722762
v -1.881025 2.726615 0.434631
v -2.079140 2.726615 0.567006
v -0.795922 2.726615 -0.650469
v -0.663547 2.726613 -0.848582
v -1.953317 2.726615 0.299378
v -2.173450 2.726615 0.390561
v -0.677375 2.726615 -0.553177
v -0.508892 2.726615 -0.721659
v -2.231527 2.726615 0.199107
v -1.997835 2.726615 0.152622
v -0.507790 2.726615 0.299378
v -0.287657 2.726615 0.390561
v -0.381970 2.726613 -0.567004
v -0.580085 2.726615 -0.434629
v -2.012867 2.726615 0.000001
v -2.251137 2.726615 0.000001
v -0.580085 2.726615 0.434631
v -0.287657 2.726615 -0.390559
v -2.251137 2.726615 0.000001
v -2.231527 2.726613 -0.199105
v -0.507057 2.582502 0.483426
v -0.304470 2.582500 0.383598
v -0.397100 2.582500 0.556898
v -0.507057 2.582502 -0.483424
v -0.304467 2.582500 -0.383594
v -0.426647 2.582502 -0.332987
v -2.100698 2.582502 0.000001
v -2.213683 2.582500 -0.195556
v -2.083977 2.582502 -0.169756
v -0.615270 2.582502 0.615283
v -0.521760 2.582500 0.708796
v -0.247427 2.582500 -0.195554
v -0.377132 2.582502 -0.169754
v -2.156640 2.582500 -0.383597
v -2.034460 2.582502 -0.332989
v -0.747130 2.582502 0.723498
v -0.673657 2.582500 0.833456
v -0.410107 2.549043 0.163198
v -1.954050 2.582502 -0.483424
v -2.064010 2.582500 -0.556897
v -0.846957 2.582500 0.926086
v -0.897565 2.582502 0.803909
v -1.939350 2.582500 -0.708794
v -1.845837 2.582502 -0.615284
v -1.060797 2.582502 0.853423
v -1.034997 2.582500 0.983128
v -1.787450 2.582500 -0.833454
v -1.713980 2.582502 -0.723496
v -1.230555 2.582502 0.870144
v -1.230555 2.582500 1.002388
v -1.614150 2.582500 -0.926084
v -1.563542 2.582502 -0.803907
v -1.426110 2.582500 0.983128
v -1.400310 2.582502 0.853423
v -1.426110 2.582500 -0.983127
v -1.400310 2.582502 -0.853422
v -1.563542 2.582502 0.803909
v -1.614152 2.582500 0.926086
v -1.230552 2.582500 -1.002386
v -1.230552 2.582502 -0.870142
v -1.713980 2.582502 0.723498
v -1.787450 2.582500 0.833456
v -1.034997 2.582500 -0.983127
v -1.060797 2.582502 -0.853422
v -1.939350 2.582500 0.708796
v -1.845837 2.582502 0.615283
v -0.846957 2.582500 -0.926084
v -0.897565 2.582502 -0.803904
v -1.954050 2.582502 0.483426
v -2.064010 2.582500 0.556898
v -0.673657 2.582500 -0.833454
v -0.747127 2.582502 -0.723494
v -2.156640 2.582500 0.383598
v -2.034460 2.582502 0.332991
v -0.228167 2.582500 0.000001
v -0.521757 2.582500 -0.708794
v -0.615270 2.582502 -0.615282
v -2.083977 2.582502 0.169757
v -2.213683 2.582500 0.195557
v -0.426647 2.582502 0.332991
v -0.397100 2.582500 -0.556894
v -2.100698 2.582502 0.000001
v -2.232942 2.582500 0.000001
v -1.969902 2.698272 -0.147065
v -0.603765 2.698272 0.418808
v -0.697512 2.698272 0.533041
v -0.491205 2.698272 -0.147063
v -1.927005 2.698272 -0.288479
v -0.811747 2.698272 0.626791
v -1.857342 2.698272 -0.418807
v -0.942075 2.698272 0.696451
v -0.491205 2.698272 0.147066
v -1.763595 2.698272 -0.533039
v -1.083487 2.698272 0.739348
v -1.649360 2.698272 -0.626789
v -1.230555 2.698272 0.753834
v -1.519032 2.698272 -0.696449
v -1.377620 2.698272 0.739348
v -1.377620 2.698272 -0.739347
v -1.519032 2.698272 0.696451
v -1.230552 2.698272 -0.753832
v -1.649360 2.698272 0.626791
v -1.083487 2.698272 -0.739347
v -1.763595 2.698272 0.533041
v -0.942075 2.698272 -0.696449
v -1.857342 2.698272 0.418808
v -0.811745 2.698272 -0.626786
v -1.927005 2.698272 0.288481
v -0.697512 2.698272 -0.533039
v -1.969902 2.698272 0.147066
v -0.534102 2.698272 0.288481
v -0.603765 2.698272 -0.418807
v -1.984387 2.698272 0.000001
v -0.534102 2.698272 -0.288477
v 2.712703 -0.592318 0.418809
v 2.712703 -0.522655 0.288481
v 2.712703 -0.686065 0.533041
v 2.712703 -0.800297 0.626791
v 2.712703 -0.930625 0.696451
v 2.712703 -1.072040 0.739349
v 2.712703 -1.219105 0.753834
v 2.712703 -1.366170 0.739349
v 2.712703 -1.507585 0.696451
v 2.712703 -1.637913 0.626791
v 2.712703 -1.752145 0.533041
v 2.712703 -1.845895 0.418809
v 2.712703 -1.915558 0.288481
v 2.712703 -1.958455 0.147066
v 2.712703 -1.972938 0.000001
v 2.712703 -1.972938 0.000001
v 2.712703 -1.958455 -0.147065
v 2.712703 -1.915558 -0.288479
v 2.712703 -1.845895 -0.418806
v 2.712703 -1.752145 -0.533039
v 2.712703 -1.637913 -0.626789
v 2.712703 -1.507585 -0.696449
v 2.712703 -1.366170 -0.739346
v 2.712703 -1.219105 -0.753831
v 2.712703 -1.072040 -0.739346
v 2.712703 -0.930625 -0.696449
v 2.712703 -0.800297 -0.626786
v 2.712703 -0.686065 -0.533039
v 2.712703 -0.592315 -0.418806
v 2.712703 -0.522655 -0.288476
v 2.712703 -0.479758 -0.147063
v 2.589323 -0.235978 0.195557
v 2.589323 -1.219105 1.002389
v 2.589323 -2.145190 0.383599
v 2.589323 -2.221492 0.000001
v 2.589323 -2.221492 0.000001
v 2.589323 -1.927898 -0.708794
v 2.589323 -1.219103 -1.002386
v 2.589323 -0.662205 -0.833454
v 2.589323 -0.235978 -0.195554
v 2.718083 -2.255115 0.000001
v 2.712703 -0.465273 0.000001
v 2.733435 -0.503405 0.296454
v 2.712703 -0.479758 0.147067
v 2.712703 -0.522655 0.288481
v 2.712703 -0.592318 0.418809
v 2.712703 -0.686065 0.533041
v 2.712703 -0.800297 0.626791
v 2.712703 -0.930625 0.696451
v 2.712703 -1.072040 0.739349
v 2.733435 -1.370232 0.759781
v 2.712703 -1.219105 0.753834
v 2.712703 -1.366170 0.739349
v 2.712703 -1.507585 0.696451
v 2.733435 -1.766875 0.547774
v 2.712703 -1.637913 0.626791
v 2.712703 -1.752145 0.533041
v 2.712703 -1.845895 0.418809
v 2.733435 -1.978885 0.151131
v 2.712703 -1.915558 0.288481
v 2.712703 -1.958455 0.147066
v 2.733435 -1.993770 0.000001
v 2.712703 -1.958455 -0.147065
v 2.712703 -1.972938 0.000001
v 2.712703 -1.915558 -0.288479
v 2.712703 -1.845895 -0.418806
v 2.712703 -1.752145 -0.533039
v 2.712703 -1.637913 -0.626789
v 2.733435 -1.649485 -0.644111
v 2.712703 -1.507585 -0.696449
v 2.712703 -1.366170 -0.739346
v 2.733435 -1.370232 -0.759779
v 2.712703 -1.219105 -0.753831
v 2.712703 -1.072040 -0.739346
v 2.712703 -0.930625 -0.696449
v 2.712703 -0.800297 -0.626786
v 2.712703 -0.686065 -0.533039
v 2.712703 -0.592315 -0.418806
v 2.733435 -0.574992 -0.430379
v 2.712703 -0.522655 -0.288476
v 2.712703 -0.479758 -0.147063
v -2.067072 2.549043 0.000001
v -2.232942 2.582500 0.000001
v -2.266565 2.711263 0.000001
v -0.491205 2.698272 0.147066
v -0.476720 2.698272 0.000001
v -0.534102 2.698272 0.288481
v -0.603765 2.698272 0.418808
v -0.697512 2.698272 0.533041
v -0.811747 2.698272 0.626791
v -0.942075 2.698272 0.696451
v -1.083487 2.698272 0.739348
v -1.230555 2.698272 0.753834
v -1.377620 2.698272 0.739348
v -1.519032 2.698272 0.696451
v -1.649360 2.698272 0.626791
v -1.763595 2.698272 0.533041
v -1.857342 2.698272 0.418808
v -1.927005 2.698272 0.288481
v -1.969902 2.698272 0.147066
v -1.984387 2.698272 0.000001
v -1.984387 2.698272 0.000001
v -2.012867 2.726615 0.000001
v -1.969902 2.698272 -0.147065
v -1.927005 2.698272 -0.288479
v -1.857342 2.698272 -0.418807
v -1.763595 2.698272 -0.533039
v -1.649360 2.698272 -0.626789
v -1.519032 2.698272 -0.696449
v -1.377620 2.698272 -0.739347
v -1.230552 2.698272 -0.753832
v -1.083487 2.698272 -0.739347
v -0.942075 2.698272 -0.696449
v -0.811745 2.698272 -0.626786
v -0.697512 2.698272 -0.533039
v -0.603765 2.698272 -0.418807
v -0.534102 2.698272 -0.288477
v -0.491205 2.698272 -0.147063
v -1.984387 2.698272 0.000001
v 2.712703 -1.972938 0.000001
vn 0.0460 0.9989 -0.0000
vn -0.3926 0.9020 0.1794
vn -0.3926 0.9197 -0.0000
vn -0.3926 0.9020 -0.1794
vn -0.0095 -0.1979 0.9802
vn -0.3925 -0.3520 0.8497
vn -0.3925 -0.1794 0.9021
vn -0.3925 -0.8497 -0.3520
vn -0.0395 -0.8317 -0.5538
vn -0.3925 -0.7647 -0.5110
vn -0.3926 0.5110 -0.7647
vn 0.0327 0.7053 -0.7082
vn -0.3926 0.6503 -0.6503
vn 0.0257 0.5534 0.8325
vn -0.3926 0.3520 0.8497
vn -0.3926 0.5110 0.7647
vn -0.0438 -0.9234 0.3813
vn -0.3925 -0.9021 0.1794
vn -0.3925 -0.8497 0.3520
vn -0.3926 -0.1794 -0.9021
vn -0.0003 -0.0029 -1.0000
vn -0.3926 -0.0000 -0.9197
vn 0.0452 0.9797 0.1954
vn -0.3926 0.8497 0.3520
vn -0.0183 -0.3851 0.9227
vn -0.3925 -0.5110 0.7647
vn -0.0337 -0.7082 -0.7052
vn -0.3925 -0.6504 -0.6504
vn 0.0384 0.8300 -0.5565
vn -0.3926 0.7647 -0.5110
vn 0.0177 0.3801 0.9248
vn -0.3926 0.1794 0.9020
vn -0.0465 -0.9798 0.1943
vn -0.3925 -0.9198 -0.0000
vn 0.0089 0.1923 -0.9813
vn -0.3926 0.1794 -0.9020
vn 0.0426 0.9226 0.3833
vn -0.3926 0.7647 0.5110
vn -0.0265 -0.5574 0.8298
vn -0.3925 -0.6504 0.6504
vn -0.0265 -0.5574 -0.8298
vn -0.3925 -0.5110 -0.7647
vn 0.0426 0.9226 -0.3833
vn -0.3926 0.8497 -0.3520
vn 0.0089 0.1923 0.9813
vn -0.3926 -0.0000 0.9197
vn -0.0465 -0.9798 -0.1943
vn -0.3925 -0.9021 -0.1794
vn 0.0177 0.3801 -0.9248
vn -0.3926 0.3520 -0.8497
vn 0.0384 0.8300 0.5565
vn -0.3926 0.6503 0.6503
vn -0.0337 -0.7082 0.7052
vn -0.3925 -0.7647 0.5110
vn -0.0184 -0.3851 -0.9227
vn -0.3925 -0.3520 -0.8497
vn 0.0452 0.9797 -0.1954
vn -0.0003 -0.0029 1.0000
vn -0.0438 -0.9234 -0.3813
vn 0.0257 0.5534 -0.8325
vn 0.0327 0.7053 0.7082
vn -0.0395 -0.8317 0.5538
vn -0.0095 -0.1979 -0.9802
vn 0.3756 0.6553 -0.6553
vn -0.3756 0.5149 -0.7706
vn -0.3756 0.6553 -0.6553
vn 0.3756 -0.9090 0.1808
vn -0.3756 -0.8562 0.3547
vn -0.3756 -0.9090 0.1808
vn 0.3756 0.9268 -0.0000
vn -0.3756 0.9090 -0.1808
vn -0.3756 0.9268 -0.0000
vn 0.3756 0.7706 -0.5149
vn -0.3756 0.7706 -0.5149
vn 0.3756 -0.9268 -0.0000
vn -0.3756 -0.9268 -0.0000
vn 0.3756 0.7706 0.5149
vn -0.3756 0.8562 0.3547
vn -0.3756 0.7706 0.5149
vn 0.3756 0.8562 -0.3547
vn -0.3756 0.8562 -0.3547
vn 0.3756 -0.9090 -0.1808
vn -0.3756 -0.9268 -0.0001
vn -0.3756 -0.9090 -0.1808
vn 0.3755 0.6553 0.6553
vn -0.3756 0.6553 0.6553
vn 0.3756 0.9090 -0.1808
vn 0.3756 -0.8562 -0.3547
vn -0.3756 -0.8562 -0.3547
vn 0.3755 0.5149 0.7706
vn -0.3756 0.5149 0.7706
vn 0.9158 0.3939 0.0783
vn 0.9326 -0.3608 -0.0000
vn 0.9158 0.4016 -0.0000
vn 0.3756 -0.7706 -0.5149
vn -0.3756 -0.7706 -0.5149
vn 0.3756 0.3547 0.8563
vn -0.3756 0.3547 0.8562
vn 0.3756 0.8562 0.3547
vn -0.3756 0.9090 0.1808
vn 0.3756 -0.6553 -0.6553
vn -0.3756 -0.6553 -0.6553
vn 0.3756 0.1808 0.9090
vn -0.3756 0.1808 0.9090
vn 0.3756 -0.5149 -0.7706
vn -0.3756 -0.5149 -0.7706
vn 0.3756 -0.0000 0.9268
vn -0.3756 -0.0000 0.9268
vn 0.3756 -0.3547 -0.8562
vn -0.3756 -0.3547 -0.8562
vn 0.3756 -0.1808 0.9090
vn -0.3755 -0.1808 0.9090
vn 0.3756 -0.1808 -0.9090
vn -0.3756 -0.1808 -0.9090
vn 0.3756 -0.3547 0.8563
vn -0.3756 -0.3547 0.8562
vn 0.3756 -0.0000 -0.9268
vn -0.3756 -0.0000 -0.9268
vn 0.3755 -0.5149 0.7706
vn -0.3756 -0.5149 0.7706
vn 0.3756 0.1808 -0.9090
vn -0.3756 0.1808 -0.9090
vn 0.3756 -0.6553 0.6554
vn -0.3756 -0.6553 0.6553
vn 0.3756 0.3547 -0.8562
vn -0.3756 0.3547 -0.8562
vn 0.3756 -0.7706 0.5149
vn -0.3756 -0.7706 0.5149
vn 0.3756 0.5149 -0.7706
vn 0.3756 -0.8562 0.3547
vn 0.9326 -0.2551 -0.2551
vn 0.9158 0.3339 0.2231
vn 0.9158 0.2840 0.2840
vn 0.9158 0.3939 -0.0783
vn 0.9326 -0.3333 0.1381
vn 0.9158 0.3710 -0.1537
vn 0.9326 0.3334 0.1381
vn 0.9158 -0.3939 -0.0783
vn 0.9158 -0.3710 -0.1537
vn 0.9326 -0.2005 -0.3000
vn 0.9158 0.2231 0.3339
vn 0.3926 -0.9020 -0.1794
vn -0.0462 -0.9989 -0.0000
vn 0.3926 -0.9197 -0.0000
vn 0.9326 0.3000 0.2005
vn 0.9158 -0.3339 -0.2231
vn 0.9326 -0.1381 -0.3334
vn 0.9158 0.1537 0.3710
vn 0.9158 0.3710 0.1537
vn 0.9326 -0.3539 -0.0704
vn 0.9326 0.2551 0.2551
vn 0.9158 -0.2840 -0.2840
vn 0.9326 -0.0704 -0.3539
vn 0.9158 0.0783 0.3938
vn 0.9158 -0.2231 -0.3339
vn 0.9158 -0.0000 0.4016
vn 0.9326 0.1381 0.3334
vn 0.9158 -0.1537 -0.3710
vn 0.9158 -0.0783 0.3939
vn 0.9326 -0.0000 -0.3608
vn 0.9158 -0.0783 -0.3938
vn 0.9326 0.1381 -0.3334
vn 0.9158 -0.1537 0.3710
vn 0.9326 -0.0000 0.3608
vn 0.9158 -0.0000 -0.4016
vn 0.9326 0.2005 -0.3000
vn 0.9158 -0.2231 0.3339
vn 0.9326 -0.0704 0.3539
vn 0.9158 0.0783 -0.3938
vn 0.9158 -0.2840 0.2840
vn 0.9158 0.1537 -0.3710
vn 0.9326 0.3000 -0.2005
vn 0.9158 -0.3339 0.2231
vn 0.9158 0.2231 -0.3339
vn 0.9326 -0.1381 0.3333
vn 0.9326 0.3334 -0.1381
vn 0.9158 -0.3710 0.1537
vn 0.9158 0.2839 -0.2839
vn 0.9326 -0.2005 0.3000
vn 0.9158 -0.3939 0.0783
vn 0.9326 -0.3539 0.0704
vn 0.9158 0.3339 -0.2231
vn 0.9326 -0.2551 0.2551
vn 0.9326 0.3609 -0.0000
vn 0.9158 -0.4016 -0.0000
vn 0.9326 -0.3000 -0.2005
vn 0.9326 0.3539 0.0704
vn -0.9326 0.2551 0.2551
vn -0.9158 0.3339 0.2231
vn -0.9326 0.3000 0.2005
vn -0.9326 0.3539 -0.0704
vn -0.9158 0.3710 -0.1537
vn -0.9326 0.3334 -0.1381
vn -0.9326 -0.3334 -0.1381
vn -0.9158 -0.3938 -0.0783
vn -0.9326 -0.3539 -0.0704
vn -0.9326 0.2005 0.3000
vn -0.9158 0.2840 0.2839
vn 0.3756 0.9090 0.1808
vn -0.9326 -0.3000 -0.2005
vn -0.9158 -0.3710 -0.1537
vn -0.9326 0.1381 0.3333
vn -0.9158 0.2231 0.3339
vn -0.9158 0.4016 -0.0000
vn -0.9326 0.3608 -0.0000
vn -0.9326 -0.2551 -0.2551
vn -0.9158 -0.3339 -0.2231
vn -0.9326 0.0704 0.3539
vn -0.9158 0.1537 0.3710
vn -0.9158 -0.2231 -0.3339
vn -0.9326 -0.2005 -0.3000
vn -0.9326 -0.0000 0.3608
vn -0.9158 0.0783 0.3938
vn -0.9158 -0.1537 -0.3710
vn -0.9326 -0.1381 -0.3334
vn -0.9158 -0.0783 0.3939
vn -0.9326 -0.0704 0.3539
vn -0.9326 -0.0704 -0.3539
vn -0.9326 -0.1381 0.3334
vn -0.9326 -0.0000 -0.3608
vn -0.9158 -0.0783 -0.3938
vn -0.9326 -0.2005 0.3000
vn -0.9158 -0.1537 0.3710
vn -0.9158 0.0783 -0.3939
vn -0.9326 0.0704 -0.3539
vn -0.9326 -0.2552 0.2552
vn -0.9158 -0.2231 0.3339
vn -0.9158 0.1537 -0.3710
vn -0.9326 0.1381 -0.3334
vn -0.9326 -0.3000 0.2005
vn -0.9158 -0.2839 0.2839
vn -0.9326 0.2005 -0.3000
vn -0.9326 -0.3334 0.1381
vn -0.9158 -0.3339 0.2231
vn -0.9158 0.2839 -0.2839
vn -0.9326 0.2551 -0.2551
vn -0.9158 -0.3938 0.0783
vn -0.9326 -0.3539 0.0704
vn -0.9158 0.3710 0.1537
vn -0.9326 0.3539 0.0704
vn -0.9326 0.3333 0.1381
vn -0.9158 0.3339 -0.2231
vn -0.9326 0.3000 -0.2005
vn -0.9326 -0.3609 -0.0000
vn 0.9986 0.0523 -0.0000
vn 0.9605 0.1973 0.1963
vn 0.9795 0.2012 -0.0000
vn 0.9036 0.3808 0.1963
vn 0.9215 0.3885 -0.0000
vn 0.8119 0.5498 0.1963
vn 0.8280 0.5608 -0.0000
vn 0.6890 0.6976 0.1963
vn 0.7027 0.7115 -0.0000
vn 0.5397 0.8187 0.1963
vn 0.5503 0.8349 -0.0000
vn 0.3696 0.9082 0.1963
vn 0.3769 0.9263 -0.0000
vn 0.1853 0.9629 0.1963
vn 0.1889 0.9820 -0.0000
vn 0.9794 0.0513 0.1955
vn 0.9041 0.1855 0.3849
vn 0.8506 0.3583 0.3849
vn 0.7643 0.5174 0.3849
vn 0.6487 0.6565 0.3849
vn 0.5082 0.7705 0.3849
vn 0.3481 0.8548 0.3849
vn 0.1746 0.9063 0.3849
vn 0.9223 0.0482 0.3834
vn 0.8127 0.1665 0.5584
vn 0.7646 0.3218 0.5584
vn 0.6871 0.4648 0.5584
vn 0.5832 0.5899 0.5584
vn 0.4569 0.6924 0.5584
vn 0.3131 0.7682 0.5584
vn 0.1572 0.8145 0.5584
vn 0.8297 0.0432 0.5566
vn 0.6898 0.1411 0.7102
vn 0.6490 0.2729 0.7102
vn 0.5833 0.3943 0.7102
vn 0.4951 0.5005 0.7102
vn 0.3880 0.5875 0.7102
vn 0.2659 0.6519 0.7102
vn 0.1336 0.6912 0.7102
vn 0.7050 0.0365 0.7083
vn 0.5402 0.1103 0.8343
vn 0.5083 0.2135 0.8343
vn 0.4569 0.3086 0.8343
vn 0.3879 0.3918 0.8343
vn 0.3040 0.4599 0.8343
vn 0.2084 0.5104 0.8343
vn 0.1049 0.5413 0.8343
vn 0.5531 0.0285 0.8326
vn 0.3698 0.0753 0.9260
vn 0.3480 0.1460 0.9260
vn 0.3129 0.2111 0.9260
vn 0.2657 0.2681 0.9260
vn 0.2082 0.3148 0.9260
vn 0.1428 0.3494 0.9260
vn 0.0719 0.3705 0.9260
vn 0.3798 0.0194 0.9248
vn 0.1854 0.0377 0.9819
vn 0.1745 0.0731 0.9819
vn 0.1569 0.1058 0.9819
vn 0.1332 0.1344 0.9819
vn 0.1044 0.1578 0.9819
vn 0.0717 0.1751 0.9819
vn 0.0361 0.1857 0.9819
vn 0.1920 0.0097 0.9813
vn -0.0060 -0.0012 1.0000
vn -0.0056 -0.0024 1.0000
vn -0.0051 -0.0034 1.0000
vn -0.0043 -0.0044 1.0000
vn -0.0034 -0.0051 1.0000
vn -0.0023 -0.0057 1.0000
vn -0.0012 -0.0060 1.0000
vn -0.0032 -0.0003 1.0000
vn -0.1970 -0.0400 0.9796
vn -0.1854 -0.0776 0.9796
vn -0.1667 -0.1123 0.9796
vn -0.1416 -0.1426 0.9796
vn -0.1110 -0.1675 0.9796
vn -0.0762 -0.1860 0.9796
vn -0.0385 -0.1973 0.9796
vn -0.1981 -0.0103 0.9801
vn -0.3802 -0.0770 0.9217
vn -0.3578 -0.1497 0.9217
vn -0.3218 -0.2166 0.9217
vn -0.2733 -0.2752 0.9217
vn -0.2144 -0.3233 0.9217
vn -0.1472 -0.3589 0.9217
vn -0.0743 -0.3807 0.9217
vn -0.3853 -0.0197 0.9226
vn -0.5487 -0.1110 0.8286
vn -0.5164 -0.2159 0.8286
vn -0.4644 -0.3125 0.8286
vn -0.3945 -0.3971 0.8286
vn -0.3094 -0.4665 0.8286
vn -0.2125 -0.5179 0.8286
vn -0.1074 -0.5494 0.8286
vn -0.5575 -0.0284 0.8297
vn -0.6961 -0.1407 0.7041
vn -0.6552 -0.2738 0.7041
vn -0.5892 -0.3964 0.7041
vn -0.5006 -0.5037 0.7041
vn -0.3927 -0.5917 0.7041
vn -0.2697 -0.6569 0.7041
vn -0.1363 -0.6969 0.7041
vn -0.7082 -0.0359 0.7051
vn -0.8168 -0.1651 0.5528
vn -0.7689 -0.3213 0.5528
vn -0.6915 -0.4651 0.5528
vn -0.5875 -0.5911 0.5528
vn -0.4609 -0.6943 0.5528
vn -0.3166 -0.7709 0.5528
vn -0.1601 -0.8178 0.5528
vn -0.8317 -0.0421 0.5537
vn -0.9065 -0.1831 0.3805
vn -0.8533 -0.3564 0.3805
vn -0.7674 -0.5161 0.3805
vn -0.6520 -0.6558 0.3805
vn -0.5115 -0.7704 0.3805
vn -0.3514 -0.8554 0.3805
vn -0.1777 -0.9075 0.3805
vn -0.9233 -0.0466 0.3812
vn -0.9616 -0.1942 0.1939
vn -0.9052 -0.3781 0.1939
vn -0.8141 -0.5474 0.1939
vn -0.6917 -0.6957 0.1939
vn -0.5426 -0.8173 0.1939
vn -0.3728 -0.9074 0.1939
vn -0.1886 -0.9627 0.1939
vn -0.9797 -0.0494 0.1943
vn -0.9802 -0.1979 -0.0000
vn -0.9228 -0.3854 -0.0000
vn -0.8299 -0.5580 -0.0000
vn -0.7051 -0.7092 -0.0000
vn -0.5532 -0.8331 -0.0000
vn -0.3800 -0.9250 -0.0000
vn -0.1922 -0.9813 -0.0000
vn -0.0474 -0.9989 -0.0000
vn -0.9797 -0.0494 -0.1943
vn -0.9987 -0.0504 -0.0000
vn -0.9616 -0.1942 -0.1939
vn -0.9052 -0.3781 -0.1939
vn -0.8141 -0.5474 -0.1939
vn -0.7051 -0.7091 -0.0000
vn -0.6917 -0.6957 -0.1939
vn -0.5426 -0.8173 -0.1939
vn -0.3728 -0.9074 -0.1939
vn -0.1886 -0.9627 -0.1939
vn -0.9233 -0.0466 -0.3812
vn -0.9065 -0.1831 -0.3805
vn -0.8533 -0.3564 -0.3805
vn -0.7674 -0.5160 -0.3805
vn -0.6520 -0.6558 -0.3805
vn -0.5115 -0.7704 -0.3805
vn -0.3514 -0.8554 -0.3805
vn -0.1777 -0.9075 -0.3805
vn -0.8317 -0.0421 -0.5536
vn -0.8168 -0.1651 -0.5528
vn -0.7689 -0.3213 -0.5528
vn -0.6915 -0.4651 -0.5528
vn -0.5875 -0.5911 -0.5528
vn -0.4609 -0.6943 -0.5528
vn -0.3166 -0.7709 -0.5528
vn -0.1601 -0.8178 -0.5528
vn -0.7082 -0.0359 -0.7051
vn -0.6961 -0.1407 -0.7041
vn -0.6552 -0.2738 -0.7041
vn -0.5892 -0.3964 -0.7041
vn -0.5006 -0.5037 -0.7041
vn -0.3927 -0.5917 -0.7041
vn -0.2697 -0.6569 -0.7041
vn -0.1363 -0.6969 -0.7041
vn -0.5575 -0.0284 -0.8297
vn -0.5487 -0.1110 -0.8286
vn -0.5164 -0.2159 -0.8286
vn -0.4644 -0.3125 -0.8286
vn -0.3945 -0.3971 -0.8286
vn -0.3094 -0.4665 -0.8286
vn -0.2125 -0.5179 -0.8286
vn -0.1074 -0.5494 -0.8286
vn -0.3853 -0.0197 -0.9226
vn -0.3802 -0.0770 -0.9217
vn -0.3578 -0.1497 -0.9217
vn -0.3218 -0.2166 -0.9217
vn -0.2733 -0.2752 -0.9217
vn -0.2144 -0.3233 -0.9217
vn -0.1472 -0.3589 -0.9217
vn -0.0743 -0.3807 -0.9217
vn -0.1981 -0.0103 -0.9801
vn -0.1970 -0.0400 -0.9796
vn -0.1854 -0.0776 -0.9796
vn -0.1667 -0.1123 -0.9796
vn -0.1416 -0.1426 -0.9796
vn -0.1110 -0.1675 -0.9796
vn -0.0762 -0.1860 -0.9796
vn -0.0385 -0.1973 -0.9796
vn -0.0032 -0.0003 -1.0000
vn -0.0060 -0.0012 -1.0000
vn -0.0056 -0.0024 -1.0000
vn -0.0051 -0.0034 -1.0000
vn -0.0043 -0.0044 -1.0000
vn -0.0034 -0.0051 -1.0000
vn -0.0023 -0.0057 -1.0000
vn -0.0012 -0.0060 -1.0000
vn 0.1920 0.0097 -0.9813
vn 0.1854 0.0377 -0.9819
vn 0.1745 0.0731 -0.9819
vn 0.1569 0.1058 -0.9819
vn 0.1332 0.1344 -0.9819
vn 0.1044 0.1578 -0.9819
vn 0.0717 0.1751 -0.9819
vn 0.0361 0.1857 -0.9819
vn 0.3798 0.0194 -0.9248
vn 0.3698 0.0753 -0.9260
vn 0.3480 0.1461 -0.9260
vn 0.3129 0.2111 -0.9260
vn 0.2657 0.2681 -0.9260
vn 0.2082 0.3148 -0.9260
vn 0.1428 0.3494 -0.9260
vn 0.0719 0.3705 -0.9260
vn 0.5531 0.0285 -0.8326
vn 0.5402 0.1103 -0.8343
vn 0.5083 0.2135 -0.8343
vn 0.4569 0.3086 -0.8343
vn 0.3879 0.3918 -0.8343
vn 0.3040 0.4599 -0.8343
vn 0.2084 0.5104 -0.8343
vn 0.1049 0.5413 -0.8343
vn 0.7050 0.0365 -0.7083
vn 0.6898 0.1411 -0.7102
vn 0.6490 0.2729 -0.7102
vn 0.5833 0.3943 -0.7102
vn 0.4951 0.5005 -0.7102
vn 0.3880 0.5875 -0.7102
vn 0.2659 0.6519 -0.7102
vn 0.1336 0.6912 -0.7102
vn 0.8297 0.0432 -0.5566
vn 0.8127 0.1665 -0.5584
vn 0.7646 0.3218 -0.5584
vn 0.6871 0.4648 -0.5584
vn 0.5832 0.5899 -0.5584
vn 0.4569 0.6924 -0.5584
vn 0.3131 0.7682 -0.5584
vn 0.1572 0.8145 -0.5584
vn 0.9223 0.0482 -0.3834
vn 0.9041 0.1855 -0.3849
vn 0.8506 0.3583 -0.3849
vn 0.7643 0.5174 -0.3849
vn 0.6487 0.6565 -0.3849
vn 0.5082 0.7705 -0.3849
vn 0.3481 0.8548 -0.3849
vn 0.1746 0.9063 -0.3849
vn 0.9794 0.0513 -0.1955
vn 0.9605 0.1973 -0.1963
vn 0.9036 0.3808 -0.1963
vn 0.8119 0.5498 -0.1963
vn 0.6890 0.6976 -0.1963
vn 0.5397 0.8187 -0.1963
vn 0.3696 0.9082 -0.1963
vn 0.1853 0.9629 -0.1963
vn -0.9986 -0.0522 -0.0000
vn -0.9606 -0.1969 -0.1963
vn -0.9794 -0.0511 -0.1955
vn -0.9796 -0.2009 -0.0000
vn -0.9037 -0.3806 -0.1963
vn -0.9216 -0.3882 -0.0000
vn -0.8121 -0.5495 -0.1963
vn -0.8282 -0.5605 -0.0000
vn -0.6893 -0.6974 -0.1963
vn -0.7029 -0.7113 -0.0000
vn -0.5400 -0.8185 -0.1963
vn -0.5506 -0.8347 -0.0000
vn -0.3699 -0.9081 -0.1963
vn -0.3772 -0.9261 -0.0000
vn -0.1856 -0.9628 -0.1963
vn -0.1893 -0.9819 -0.0000
vn -0.0453 -0.9797 -0.1954
vn -0.9042 -0.1852 -0.3849
vn -0.9223 -0.0481 -0.3834
vn -0.8507 -0.3581 -0.3849
vn -0.7645 -0.5172 -0.3849
vn -0.6489 -0.6564 -0.3849
vn -0.5084 -0.7703 -0.3849
vn -0.3483 -0.8547 -0.3849
vn -0.1749 -0.9063 -0.3849
vn -0.0427 -0.9226 -0.3833
vn -0.8127 -0.1663 -0.5584
vn -0.8297 -0.0431 -0.5566
vn -0.7647 -0.3217 -0.5584
vn -0.6872 -0.4647 -0.5584
vn -0.5834 -0.5898 -0.5584
vn -0.4571 -0.6923 -0.5584
vn -0.3133 -0.7681 -0.5584
vn -0.1574 -0.8145 -0.5584
vn -0.0385 -0.8300 -0.5565
vn -0.6898 -0.1409 -0.7102
vn -0.7050 -0.0365 -0.7083
vn -0.6490 -0.2728 -0.7102
vn -0.5833 -0.3942 -0.7102
vn -0.4952 -0.5004 -0.7102
vn -0.3881 -0.5874 -0.7102
vn -0.2660 -0.6518 -0.7102
vn -0.1338 -0.6912 -0.7102
vn -0.0328 -0.7053 -0.7082
vn -0.5402 -0.1102 -0.8343
vn -0.5531 -0.0285 -0.8326
vn -0.5083 -0.2135 -0.8343
vn -0.4569 -0.3085 -0.8343
vn -0.3879 -0.3917 -0.8343
vn -0.3041 -0.4599 -0.8343
vn -0.2085 -0.5104 -0.8343
vn -0.1049 -0.5412 -0.8343
vn -0.0258 -0.5534 -0.8325
vn -0.3698 -0.0753 -0.9260
vn -0.3798 -0.0194 -0.9248
vn -0.3481 -0.1460 -0.9260
vn -0.3129 -0.2111 -0.9260
vn -0.2657 -0.2681 -0.9260
vn -0.2083 -0.3148 -0.9260
vn -0.1429 -0.3494 -0.9260
vn -0.0720 -0.3705 -0.9260
vn -0.0177 -0.3801 -0.9248
vn -0.1854 -0.0377 -0.9819
vn -0.1920 -0.0097 -0.9813
vn -0.1745 -0.0731 -0.9819
vn -0.1569 -0.1058 -0.9819
vn -0.1332 -0.1343 -0.9819
vn -0.1044 -0.1578 -0.9819
vn -0.0717 -0.1751 -0.9819
vn -0.0361 -0.1857 -0.9819
vn -0.0089 -0.1923 -0.9813
vn 0.0060 0.0012 -1.0000
vn 0.0032 0.0003 -1.0000
vn 0.0056 0.0024 -1.0000
vn 0.0051 0.0034 -1.0000
vn 0.0043 0.0044 -1.0000
vn 0.0034 0.0051 -1.0000
vn 0.0023 0.0057 -1.0000
vn 0.0012 0.0060 -1.0000
vn 0.0003 0.0029 -1.0000
vn 0.1970 0.0400 -0.9796
vn 0.1981 0.0103 -0.9801
vn 0.1854 0.0776 -0.9796
vn 0.1667 0.1123 -0.9796
vn 0.1416 0.1426 -0.9796
vn 0.1110 0.1675 -0.9796
vn 0.0762 0.1860 -0.9796
vn 0.0385 0.1973 -0.9796
vn 0.0095 0.1979 -0.9802
vn 0.3802 0.0770 -0.9217
vn 0.3853 0.0197 -0.9226
vn 0.3578 0.1497 -0.9217
vn 0.3217 0.2166 -0.9217
vn 0.2733 0.2753 -0.9217
vn 0.2143 0.3233 -0.9217
vn 0.1472 0.3589 -0.9217
vn 0.0743 0.3807 -0.9217
vn 0.0183 0.3851 -0.9227
vn 0.5486 0.1111 -0.8286
vn 0.5575 0.0284 -0.8297
vn 0.5164 0.2160 -0.8286
vn 0.4644 0.3126 -0.8286
vn 0.3945 0.3972 -0.8286
vn 0.3094 0.4665 -0.8286
vn 0.2125 0.5179 -0.8286
vn 0.1073 0.5494 -0.8286
vn 0.0265 0.5574 -0.8298
vn 0.6960 0.1408 -0.7041
vn 0.7082 0.0360 -0.7051
vn 0.6552 0.2739 -0.7041
vn 0.5892 0.3964 -0.7041
vn 0.5005 0.5038 -0.7041
vn 0.3926 0.5917 -0.7041
vn 0.2696 0.6570 -0.7041
vn 0.1363 0.6969 -0.7041
vn 0.0336 0.7082 -0.7052
vn 0.8168 0.1651 -0.5528
vn 0.8317 0.0421 -0.5536
vn 0.7689 0.3213 -0.5528
vn 0.6914 0.4651 -0.5528
vn 0.5874 0.5911 -0.5528
vn 0.4608 0.6943 -0.5528
vn 0.3165 0.7709 -0.5528
vn 0.1600 0.8178 -0.5528
vn 0.0395 0.8317 -0.5538
vn 0.9064 0.1832 -0.3805
vn 0.9233 0.0467 -0.3812
vn 0.8533 0.3565 -0.3805
vn 0.7674 0.5161 -0.3805
vn 0.6519 0.6559 -0.3805
vn 0.5114 0.7705 -0.3805
vn 0.3513 0.8554 -0.3805
vn 0.1777 0.9075 -0.3805
vn 0.0438 0.9234 -0.3813
vn 0.9616 0.1943 -0.1939
vn 0.9797 0.0495 -0.1943
vn 0.9052 0.3781 -0.1939
vn 0.8141 0.5475 -0.1939
vn 0.6916 0.6958 -0.1939
vn 0.5426 0.8173 -0.1939
vn 0.3727 0.9075 -0.1939
vn 0.1885 0.9627 -0.1939
vn 0.0465 0.9798 -0.1943
vn 0.9802 0.1980 -0.0000
vn 0.9987 0.0504 -0.0000
vn 0.9227 0.3854 -0.0000
vn 0.8298 0.5580 -0.0000
vn 0.7050 0.7092 -0.0000
vn 0.5531 0.8331 -0.0000
vn 0.3799 0.9250 -0.0000
vn 0.1921 0.9814 -0.0000
vn 0.0474 0.9989 -0.0000
vn 0.9797 0.0495 0.1943
vn 0.9616 0.1943 0.1939
vn 0.9052 0.3781 0.1939
vn 0.8141 0.5475 0.1939
vn 0.6916 0.6958 0.1939
vn 0.5426 0.8173 0.1939
vn 0.3727 0.9075 0.1939
vn 0.1885 0.9627 0.1939
vn 0.9233 0.0467 0.3812
vn 0.9064 0.1832 0.3805
vn 0.8533 0.3565 0.3805
vn 0.7673 0.5161 0.3805
vn 0.6519 0.6559 0.3805
vn 0.5114 0.7705 0.3805
vn 0.3513 0.8554 0.3805
vn 0.0465 0.9798 0.1943
vn 0.1777 0.9075 0.3805
vn 0.8317 0.0421 0.5536
vn 0.8168 0.1651 0.5528
vn 0.7689 0.3213 0.5528
vn 0.6915 0.4651 0.5528
vn 0.5874 0.5911 0.5528
vn 0.4608 0.6943 0.5528
vn 0.3165 0.7709 0.5528
vn 0.0438 0.9234 0.3813
vn 0.1600 0.8178 0.5528
vn 0.7082 0.0360 0.7051
vn 0.6960 0.1408 0.7041
vn 0.6552 0.2739 0.7041
vn 0.5892 0.3964 0.7041
vn 0.5005 0.5038 0.7041
vn 0.3926 0.5917 0.7041
vn 0.2696 0.6570 0.7041
vn 0.0395 0.8317 0.5538
vn 0.1363 0.6969 0.7041
vn 0.5575 0.0284 0.8297
vn 0.5486 0.1111 0.8286
vn 0.5164 0.2160 0.8286
vn 0.4644 0.3126 0.8286
vn 0.3945 0.3972 0.8286
vn 0.3094 0.4665 0.8286
vn 0.2125 0.5179 0.8286
vn 0.0336 0.7082 0.7052
vn 0.1073 0.5494 0.8286
vn 0.3853 0.0197 0.9226
vn 0.3802 0.0770 0.9217
vn 0.3578 0.1497 0.9217
vn 0.3217 0.2166 0.9217
vn 0.2733 0.2753 0.9217
vn 0.2143 0.3233 0.9217
vn 0.1472 0.3589 0.9217
vn 0.0265 0.5574 0.8298
vn 0.0743 0.3807 0.9217
vn 0.1981 0.0103 0.9801
vn 0.1970 0.0400 0.9796
vn 0.1854 0.0776 0.9796
vn 0.1667 0.1123 0.9796
vn 0.1416 0.1426 0.9796
vn 0.1110 0.1675 0.9796
vn 0.0762 0.1860 0.9796
vn 0.0183 0.3851 0.9227
vn 0.0385 0.1973 0.9796
vn 0.0032 0.0003 1.0000
vn 0.0060 0.0012 1.0000
vn 0.0056 0.0024 1.0000
vn 0.0051 0.0034 1.0000
vn 0.0043 0.0044 1.0000
vn 0.0034 0.0051 1.0000
vn 0.0023 0.0057 1.0000
vn 0.0095 0.1979 0.9802
vn 0.0012 0.0060 1.0000
vn -0.1920 -0.0097 0.9813
vn -0.1854 -0.0377 0.9819
vn -0.1745 -0.0731 0.9819
vn -0.1569 -0.1058 0.9819
vn -0.1332 -0.1343 0.9819
vn -0.1045 -0.1578 0.9819
vn -0.0717 -0.1751 0.9819
vn 0.0003 0.0029 1.0000
vn -0.0361 -0.1857 0.9819
vn -0.3799 -0.0194 0.9248
vn -0.3699 -0.0753 0.9260
vn -0.3481 -0.1460 0.9260
vn -0.3129 -0.2111 0.9260
vn -0.2657 -0.2681 0.9260
vn -0.2083 -0.3148 0.9260
vn -0.1429 -0.3494 0.9260
vn -0.0089 -0.1923 0.9813
vn -0.0720 -0.3705 0.9260
vn -0.5531 -0.0285 0.8326
vn -0.5402 -0.1102 0.8343
vn -0.5083 -0.2135 0.8343
vn -0.4569 -0.3085 0.8343
vn -0.3879 -0.3917 0.8343
vn -0.3041 -0.4599 0.8343
vn -0.2085 -0.5104 0.8343
vn -0.0177 -0.3801 0.9248
vn -0.1049 -0.5412 0.8343
vn -0.7050 -0.0365 0.7083
vn -0.6898 -0.1409 0.7102
vn -0.6490 -0.2728 0.7102
vn -0.5833 -0.3942 0.7102
vn -0.4952 -0.5004 0.7102
vn -0.3881 -0.5874 0.7102
vn -0.2660 -0.6518 0.7102
vn -0.0258 -0.5534 0.8325
vn -0.1338 -0.6912 0.7102
vn -0.8297 -0.0431 0.5566
vn -0.8127 -0.1663 0.5584
vn -0.7647 -0.3217 0.5584
vn -0.6872 -0.4647 0.5584
vn -0.5834 -0.5898 0.5584
vn -0.4571 -0.6923 0.5584
vn -0.3133 -0.7681 0.5584
vn -0.0328 -0.7053 0.7082
vn -0.1574 -0.8145 0.5584
vn -0.9223 -0.0481 0.3834
vn -0.9042 -0.1852 0.3849
vn -0.8507 -0.3581 0.3849
vn -0.7645 -0.5172 0.3849
vn -0.6489 -0.6564 0.3849
vn -0.5084 -0.7703 0.3849
vn -0.3483 -0.8547 0.3849
vn -0.0385 -0.8300 0.5565
vn -0.1749 -0.9063 0.3849
vn -0.9794 -0.0511 0.1955
vn -0.9606 -0.1969 0.1963
vn -0.9037 -0.3806 0.1963
vn -0.8121 -0.5495 0.1963
vn -0.6893 -0.6974 0.1963
vn -0.5400 -0.8185 0.1963
vn -0.3699 -0.9081 0.1963
vn -0.0427 -0.9226 0.3833
vn -0.1856 -0.9628 0.1963
vn -0.0453 -0.9797 0.1954
vn 0.3608 -0.9326 -0.0000
vn 0.3938 -0.9158 0.0783
vn 0.3539 -0.9326 0.0704
vn 0.9197 -0.3925 -0.0000
vn 0.9021 -0.3925 -0.1794
vn -0.3520 -0.3926 0.8497
vn -0.6503 -0.3926 -0.6503
vn -0.7647 -0.3926 -0.5110
vn 0.7647 -0.3925 -0.5110
vn 0.6503 -0.3926 -0.6503
vn 0.3520 -0.3926 0.8497
vn -0.9021 -0.3926 0.1794
vn 0.1794 -0.3926 -0.9021
vn -0.0000 -0.3926 -0.9197
vn 0.8497 -0.3925 0.3520
vn -0.5110 -0.3926 0.7647
vn -0.5110 -0.3926 -0.7647
vn 0.8497 -0.3925 -0.3520
vn 0.1794 -0.3926 0.9021
vn -0.9021 -0.3926 -0.1794
vn -0.9197 -0.3926 -0.0000
vn 0.3520 -0.3925 -0.8497
vn 0.7647 -0.3925 0.5110
vn -0.6503 -0.3926 0.6503
vn -0.3520 -0.3926 -0.8497
vn -0.0000 -0.3926 0.9197
vn -0.8497 -0.3926 -0.3520
vn 0.5110 -0.3925 -0.7647
vn 0.6503 -0.3926 0.6503
vn -0.7647 -0.3926 0.5110
vn -0.1794 -0.3926 -0.9021
vn 0.9090 -0.3756 -0.1808
vn 0.9268 0.3756 -0.0000
vn 0.9268 -0.3755 -0.0000
vn -0.1794 -0.3926 0.9021
vn 0.5110 -0.3926 0.7647
vn -0.8497 -0.3926 0.3520
vn 0.5149 -0.3755 -0.7706
vn 0.6553 0.3756 -0.6553
vn 0.6553 -0.3756 -0.6553
vn -0.8563 -0.3755 0.3547
vn -0.9090 0.3756 0.1808
vn -0.9090 -0.3755 0.1808
vn 0.9090 -0.3755 0.1808
vn 0.8562 0.3756 0.3547
vn 0.8563 -0.3756 0.3547
vn 0.7706 0.3756 -0.5149
vn 0.7706 -0.3756 -0.5149
vn -0.9268 0.3756 -0.0000
vn -0.9268 -0.3755 -0.0000
vn 0.7706 0.3756 0.5149
vn 0.7706 -0.3756 0.5149
vn 0.8563 0.3756 -0.3547
vn 0.8563 -0.3755 -0.3547
vn -0.9090 0.3756 -0.1808
vn -0.9090 -0.3755 -0.1808
vn 0.6553 0.3755 0.6554
vn 0.6553 -0.3756 0.6553
vn 0.9090 0.3756 -0.1808
vn -0.8562 0.3756 -0.3547
vn -0.8563 -0.3755 -0.3547
vn 0.5149 0.3756 0.7706
vn 0.5149 -0.3755 0.7706
vn 0.4015 0.9158 -0.0000
vn -0.3539 0.9326 0.0704
vn -0.3608 0.9326 -0.0000
vn -0.7706 0.3756 -0.5149
vn -0.7706 -0.3756 -0.5149
vn 0.3547 0.3756 0.8562
vn 0.3547 -0.3755 0.8563
vn 0.9090 0.3756 0.1808
vn -0.6553 0.3756 -0.6553
vn -0.6553 -0.3756 -0.6553
vn 0.1808 0.3756 0.9090
vn 0.1808 -0.3755 0.9090
vn -0.5149 0.3756 -0.7706
vn -0.5149 -0.3756 -0.7706
vn -0.0000 0.3756 0.9268
vn -0.0000 -0.3755 0.9268
vn -0.3547 0.3756 -0.8562
vn -0.3547 -0.3756 -0.8562
vn -0.1808 0.3756 0.9090
vn -0.1808 -0.3755 0.9090
vn -0.1808 0.3756 -0.9090
vn -0.1808 -0.3756 -0.9090
vn -0.3547 0.3756 0.8562
vn -0.3547 -0.3755 0.8563
vn -0.0000 0.3756 -0.9268
vn -0.0000 -0.3755 -0.9268
vn -0.5149 0.3755 0.7706
vn -0.5149 -0.3756 0.7706
vn 0.1808 0.3756 -0.9090
vn 0.1808 -0.3755 -0.9090
vn -0.6553 0.3756 0.6553
vn -0.6553 -0.3755 0.6554
vn 0.3547 0.3756 -0.8562
vn 0.3547 -0.3755 -0.8563
vn -0.7706 0.3756 0.5149
vn -0.7706 -0.3756 0.5149
vn 0.5149 0.3756 -0.7706
vn -0.8562 0.3756 0.3547
vn 0.3339 0.9158 0.2231
vn -0.2551 0.9326 -0.2551
vn 0.2840 0.9158 0.2840
vn 0.3939 0.9158 -0.0783
vn -0.3334 0.9326 0.1381
vn -0.3710 0.9158 -0.1537
vn 0.3539 0.9326 0.0704
vn 0.3334 0.9326 0.1381
vn -0.2005 0.9326 -0.3000
vn 0.2231 0.9158 0.3339
vn -0.9197 0.3925 -0.0000
vn 0.3000 0.9326 0.2005
vn -0.3339 0.9158 -0.2231
vn 0.1537 0.9158 0.3710
vn -0.1381 0.9326 -0.3334
vn -0.3539 0.9326 -0.0704
vn 0.3938 0.9158 0.0783
vn -0.2839 0.9158 -0.2839
vn 0.2551 0.9326 0.2551
vn -0.0704 0.9326 -0.3539
vn 0.0783 0.9158 0.3939
vn 0.2005 0.9326 0.3000
vn -0.2231 0.9158 -0.3339
vn -0.0000 0.9326 -0.3608
vn -0.0000 0.9158 0.4015
vn -0.1537 0.9158 -0.3710
vn 0.1381 0.9326 0.3334
vn 0.0704 0.9326 -0.3539
vn -0.0783 0.9158 0.3939
vn -0.0783 0.9159 -0.3938
vn 0.0704 0.9326 0.3539
vn 0.1381 0.9326 -0.3334
vn -0.1537 0.9158 0.3710
vn -0.0000 0.9158 -0.4015
vn -0.0000 0.9326 0.3608
vn 0.2005 0.9326 -0.3000
vn -0.2231 0.9158 0.3339
vn 0.0783 0.9158 -0.3939
vn -0.0704 0.9326 0.3539
vn 0.2551 0.9326 -0.2551
vn -0.2839 0.9158 0.2839
vn 0.1537 0.9158 -0.3710
vn -0.1381 0.9326 0.3334
vn 0.3000 0.9326 -0.2005
vn -0.3339 0.9158 0.2231
vn -0.2005 0.9326 0.3000
vn 0.2231 0.9158 -0.3339
vn 0.3334 0.9326 -0.1381
vn -0.3710 0.9158 0.1537
vn -0.2551 0.9326 0.2551
vn 0.2839 0.9158 -0.2839
vn -0.3939 0.9158 0.0783
vn 0.3539 0.9326 -0.0704
vn -0.3334 0.9326 -0.1381
vn 0.3710 0.9158 0.1537
vn 0.3339 0.9158 -0.2231
vn -0.3000 0.9326 0.2005
vn 0.3608 0.9326 -0.0000
vn -0.4016 0.9158 -0.0000
vn -0.3000 0.9326 -0.2005
vn 0.3710 0.9158 -0.1537
vn -0.3938 0.9158 -0.0783
vn 0.3000 -0.9326 0.2005
vn 0.3710 -0.9158 0.1537
vn 0.3339 -0.9158 0.2231
vn 0.3000 -0.9326 -0.2005
vn 0.3710 -0.9158 -0.1537
vn 0.3334 -0.9326 -0.1381
vn -0.3608 -0.9326 -0.0000
vn -0.3939 -0.9158 -0.0783
vn -0.3539 -0.9326 -0.0704
vn 0.2551 -0.9326 0.2551
vn 0.2839 -0.9158 0.2840
vn 0.3938 -0.9158 -0.0783
vn 0.3539 -0.9326 -0.0704
vn -0.3710 -0.9158 -0.1537
vn -0.3334 -0.9326 -0.1381
vn 0.2005 -0.9326 0.3000
vn 0.2231 -0.9158 0.3339
vn 0.9021 -0.3925 0.1794
vn -0.3000 -0.9326 -0.2005
vn -0.3339 -0.9158 -0.2231
vn 0.1537 -0.9158 0.3710
vn 0.1381 -0.9326 0.3333
vn -0.2839 -0.9158 -0.2839
vn -0.2551 -0.9326 -0.2551
vn 0.0704 -0.9326 0.3539
vn 0.0783 -0.9158 0.3939
vn -0.2231 -0.9158 -0.3339
vn -0.2004 -0.9326 -0.3000
vn -0.0000 -0.9326 0.3608
vn -0.0000 -0.9158 0.4016
vn -0.1537 -0.9158 -0.3710
vn -0.1381 -0.9326 -0.3333
vn -0.0783 -0.9158 0.3939
vn -0.0704 -0.9326 0.3539
vn -0.0783 -0.9158 -0.3938
vn -0.0704 -0.9326 -0.3539
vn -0.1381 -0.9326 0.3333
vn -0.1537 -0.9158 0.3710
vn -0.0000 -0.9158 -0.4016
vn -0.0000 -0.9326 -0.3608
vn -0.2005 -0.9326 0.3000
vn -0.2231 -0.9158 0.3339
vn 0.0783 -0.9158 -0.3939
vn 0.0704 -0.9326 -0.3539
vn -0.2839 -0.9158 0.2839
vn -0.2551 -0.9326 0.2551
vn 0.1537 -0.9158 -0.3710
vn 0.1381 -0.9326 -0.3334
vn -0.3000 -0.9326 0.2005
vn -0.3339 -0.9158 0.2231
vn 0.2231 -0.9158 -0.3339
vn 0.2005 -0.9326 -0.3000
vn -0.3710 -0.9158 0.1537
vn -0.3334 -0.9326 0.1381
vn 0.4016 -0.9158 -0.0000
vn 0.2840 -0.9158 -0.2840
vn 0.2551 -0.9326 -0.2551
vn -0.3539 -0.9326 0.0704
vn -0.3939 -0.9158 0.0783
vn 0.3334 -0.9326 0.1381
vn 0.3339 -0.9158 -0.2231
vn -0.4016 -0.9158 -0.0000
vn 0.9021 0.3925 0.1794
vn -0.7647 0.3925 -0.5110
vn -0.6504 0.3925 -0.6504
vn -0.9021 0.3925 0.1794
vn 0.8497 0.3925 0.3520
vn -0.5110 0.3925 -0.7647
vn 0.7647 0.3925 0.5110
vn -0.3520 0.3925 -0.8497
vn -0.9021 0.3925 -0.1794
vn 0.6503 0.3926 0.6504
vn -0.1794 0.3925 -0.9021
vn 0.5110 0.3926 0.7647
vn -0.0000 0.3926 -0.9197
vn 0.3519 0.3926 0.8497
vn 0.1794 0.3926 -0.9021
vn 0.1794 0.3925 0.9021
vn 0.3520 0.3926 -0.8497
vn -0.0000 0.3925 0.9197
vn 0.5110 0.3926 -0.7647
vn -0.1794 0.3925 0.9021
vn 0.6503 0.3926 -0.6504
vn -0.3519 0.3925 0.8498
vn 0.7647 0.3926 -0.5110
vn -0.5110 0.3925 0.7647
vn 0.8497 0.3925 -0.3520
vn -0.6504 0.3925 0.6504
vn 0.9021 0.3925 -0.1794
vn -0.8497 0.3925 -0.3520
vn -0.7647 0.3925 0.5110
vn 0.9197 0.3926 -0.0000
vn -0.8497 0.3925 0.3520
vn 0.3926 -0.7647 -0.5109
vn 0.3926 -0.8497 -0.3519
vn 0.3926 -0.6503 -0.6503
vn 0.3926 -0.5110 -0.7647
vn 0.3925 -0.3520 -0.8497
vn 0.3925 -0.1794 -0.9021
vn 0.3925 -0.0000 -0.9197
vn 0.3925 0.1795 -0.9021
vn 0.3925 0.3520 -0.8498
vn 0.3925 0.5110 -0.7648
vn 0.3925 0.6504 -0.6503
vn 0.3925 0.7648 -0.5110
vn 0.3924 0.8498 -0.3520
vn 0.3925 0.9021 -0.1794
vn 0.3925 0.9198 -0.0000
vn 0.3925 0.9021 0.1794
vn 0.3924 0.8498 0.3520
vn 0.3925 0.7648 0.5110
vn 0.3925 0.6504 0.6503
vn 0.3925 0.5111 0.7647
vn 0.3925 0.3519 0.8498
vn 0.3925 0.1794 0.9021
vn 0.3925 -0.0000 0.9197
vn 0.3925 -0.1794 0.9021
vn 0.3925 -0.3519 0.8498
vn 0.3926 -0.5110 0.7647
vn 0.3926 -0.6504 0.6503
vn 0.3926 -0.7647 0.5109
vn 0.3926 -0.8497 0.3519
vn 0.3926 -0.9020 0.1794
vn -0.9158 0.3938 0.0783
vn -0.9158 -0.0000 0.4016
vn -0.9158 -0.3710 0.1537
vn -0.9158 -0.4016 -0.0000
vn -0.9158 -0.2839 -0.2839
vn -0.9158 -0.0000 -0.4016
vn -0.9158 0.2231 -0.3339
vn -0.9158 0.3938 -0.0783
vn 0.3755 -0.9268 -0.0000
vn 0.9326 -0.3333 -0.1381
vn 0.3927 -0.9020 -0.1794
vn 0.3926 -0.5109 -0.7647
vn 0.3926 -0.3520 -0.8497
vn 0.3926 -0.1794 -0.9020
vn 0.9326 0.0704 -0.3539
vn 0.3926 -0.0000 -0.9197
vn 0.3926 0.1794 -0.9020
vn 0.3926 0.3519 -0.8497
vn 0.9326 0.2552 -0.2551
vn 0.3926 0.5110 -0.7647
vn 0.3926 0.6503 -0.6504
vn 0.3926 0.7647 -0.5110
vn 0.9326 0.3539 -0.0704
vn 0.3925 0.8497 -0.3520
vn 0.3925 0.9021 -0.1795
vn 0.3925 0.8497 0.3520
vn 0.3925 0.7647 0.5110
vn 0.3926 0.5110 0.7647
vn 0.9326 0.2005 0.3000
vn 0.3926 0.3520 0.8497
vn 0.3926 0.1795 0.9020
vn 0.9326 0.0704 0.3539
vn 0.3926 -0.0000 0.9197
vn 0.3926 -0.1794 0.9020
vn 0.3926 -0.3519 0.8497
vn 0.3926 -0.5109 0.7647
vn 0.3927 -0.6503 0.6503
vn 0.3926 -0.7647 0.5110
vn 0.9326 -0.3000 0.2005
vn 0.3927 -0.9020 0.1794
vn -0.9020 0.3926 -0.1795
vn -0.9197 0.3926 -0.0000
vn -0.8497 0.3926 -0.3520
vn -0.7647 0.3926 -0.5110
vn -0.6503 0.3926 -0.6504
vn -0.5110 0.3926 -0.7647
vn -0.3519 0.3926 -0.8497
vn -0.1794 0.3926 -0.9020
vn 0.1795 0.3926 -0.9020
vn 0.3519 0.3926 -0.8497
vn 0.6503 0.3926 -0.6503
vn 0.7647 0.3926 -0.5109
vn 0.8497 0.3926 -0.3519
vn 0.9020 0.3926 -0.1794
vn 0.9020 0.3926 0.1794
vn 0.8497 0.3926 0.3519
vn 0.7647 0.3926 0.5110
vn 0.6503 0.3926 0.6503
vn 0.1794 0.3926 0.9020
vn -0.0000 0.3926 0.9197
vn -0.1795 0.3926 0.9021
vn -0.3519 0.3926 0.8497
vn -0.5110 0.3926 0.7647
vn -0.6504 0.3926 0.6503
vn -0.7647 0.3926 0.5110
vn -0.8497 0.3926 0.3519
vn -0.9021 0.3926 0.1794
vt 0.228859 0.734966
vt 0.080177 0.721737
vt 0.080563 0.736321
vt 0.080521 0.750904
vt 0.200624 0.584887
vt 0.066931 0.593229
vt 0.069242 0.607228
vt 0.061681 0.934372
vt 0.189784 0.940069
vt 0.064162 0.920557
vt 0.077984 0.808750
vt 0.221958 0.806871
vt 0.078967 0.794364
vt 0.217091 0.646322
vt 0.074695 0.649688
vt 0.076349 0.663933
vt 0.183642 0.516177
vt 0.054330 0.522895
vt 0.056962 0.537092
vt 0.072282 0.865246
vt 0.206908 0.870437
vt 0.073936 0.851289
vt 0.228203 0.716509
vt 0.079539 0.707216
vt 0.196710 0.570663
vt 0.064484 0.579277
vt 0.192721 0.926650
vt 0.066579 0.906762
vt 0.224896 0.789524
vt 0.079721 0.779918
vt 0.213063 0.630156
vt 0.073148 0.635479
vt 0.181111 0.502837
vt 0.052620 0.508693
vt 0.210837 0.855387
vt 0.075447 0.837223
vt 0.226550 0.698270
vt 0.078638 0.692760
vt 0.193024 0.556750
vt 0.061899 0.565344
vt 0.195930 0.913048
vt 0.068596 0.892932
vt 0.227134 0.771667
vt 0.080243 0.765430
vt 0.208892 0.614564
vt 0.071420 0.621299
vt 0.057797 0.962166
vt 0.184775 0.966605
vt 0.059330 0.948240
vt 0.214750 0.839803
vt 0.076803 0.823042
vt 0.224028 0.680421
vt 0.077775 0.678296
vt 0.189605 0.543076
vt 0.059475 0.551284
vt 0.199390 0.899194
vt 0.070496 0.879114
vt 0.228497 0.753424
vt 0.204711 0.599497
vt 0.187134 0.953370
vt 0.218512 0.823637
vt 0.220810 0.663083
vt 0.186474 0.529573
vt 0.203067 0.885015
vt 0.054470 0.792895
vt 0.060252 0.807360
vt 0.061163 0.793213
vt 0.028886 0.527502
vt 0.039030 0.540539
vt 0.035994 0.525834
vt 0.055803 0.736541
vt 0.062567 0.750641
vt 0.062537 0.736400
vt 0.055110 0.778814
vt 0.061844 0.779040
vt 0.024614 0.511473
vt 0.032880 0.509692
vt 0.054237 0.694286
vt 0.061701 0.707959
vt 0.060949 0.693807
vt 0.055608 0.764746
vt 0.062331 0.764853
vt 0.034690 0.944078
vt 0.038510 0.961241
vt 0.041557 0.945517
vt 0.053222 0.680265
vt 0.059877 0.679677
vt 0.055837 0.750657
vt 0.037839 0.930050
vt 0.044386 0.931324
vt 0.052031 0.666279
vt 0.058673 0.665589
vt 0.053975 0.722466
vt 0.034121 0.736458
vt 0.054259 0.736559
vt 0.040537 0.916454
vt 0.046989 0.917588
vt 0.050641 0.652367
vt 0.057276 0.651587
vt 0.054992 0.708334
vt 0.062243 0.722161
vt 0.042923 0.902957
vt 0.049326 0.903956
vt 0.049021 0.638507
vt 0.055618 0.637639
vt 0.044990 0.889458
vt 0.051446 0.890355
vt 0.047211 0.624667
vt 0.053770 0.623705
vt 0.046887 0.875958
vt 0.053351 0.876743
vt 0.045245 0.610870
vt 0.051789 0.609815
vt 0.048553 0.862376
vt 0.055056 0.863070
vt 0.043092 0.597145
vt 0.049606 0.596002
vt 0.050033 0.848687
vt 0.056587 0.849301
vt 0.040754 0.583474
vt 0.047251 0.582244
vt 0.051352 0.834882
vt 0.057959 0.835423
vt 0.038220 0.569817
vt 0.044752 0.568492
vt 0.052526 0.820968
vt 0.059181 0.821438
vt 0.035422 0.556083
vt 0.042001 0.554655
vt 0.053563 0.806961
vt 0.032348 0.542085
vt 0.031670 0.681553
vt 0.052703 0.694380
vt 0.051693 0.680382
vt 0.054295 0.750648
vt 0.034093 0.763956
vt 0.054070 0.764708
vt 0.017717 0.925207
vt 0.033113 0.943675
vt 0.036336 0.929724
vt 0.030526 0.667899
vt 0.050508 0.666416
vt 0.015854 0.245906
vt 0.172815 0.233162
vt 0.015925 0.232926
vt 0.020147 0.912394
vt 0.039060 0.916173
vt 0.029182 0.654287
vt 0.049125 0.652529
vt 0.053454 0.708402
vt 0.033836 0.722693
vt 0.022227 0.899408
vt 0.041454 0.902711
vt 0.027643 0.640710
vt 0.047509 0.638693
vt 0.043515 0.889239
vt 0.045703 0.624872
vt 0.026211 0.873133
vt 0.045409 0.875765
vt 0.043743 0.611095
vt 0.025925 0.627164
vt 0.047064 0.862207
vt 0.021978 0.600264
vt 0.041596 0.597391
vt 0.028854 0.846354
vt 0.048531 0.848537
vt 0.019712 0.586946
vt 0.039262 0.583742
vt 0.029963 0.832771
vt 0.049839 0.834749
vt 0.036725 0.570111
vt 0.051000 0.820850
vt 0.014354 0.560531
vt 0.033910 0.556408
vt 0.052029 0.806858
vt 0.030932 0.819073
vt 0.011132 0.547429
vt 0.030795 0.542444
vt 0.052935 0.792812
vt 0.031766 0.805280
vt 0.027248 0.527924
vt 0.034216 0.750220
vt 0.053570 0.778751
vt 0.032523 0.791482
vt 0.002504 0.521676
vt 0.022876 0.512059
vt 0.032609 0.695239
vt 0.014549 0.937745
vt 0.028908 0.958775
vt 0.073771 0.678586
vt 0.064363 0.693594
vt 0.074575 0.692976
vt 0.076450 0.750894
vt 0.065750 0.764942
vt 0.076188 0.765350
vt 0.057793 0.933708
vt 0.045049 0.946156
vt 0.055360 0.947699
vt 0.072349 0.664333
vt 0.063262 0.679411
vt 0.055517 0.722423
vt 0.060300 0.919891
vt 0.047725 0.931973
vt 0.070693 0.650107
vt 0.062051 0.665274
vt 0.065966 0.736363
vt 0.076431 0.736370
vt 0.062739 0.906166
vt 0.050273 0.918187
vt 0.069183 0.635909
vt 0.060649 0.651223
vt 0.054720 0.890842
vt 0.064732 0.892407
vt 0.067492 0.621818
vt 0.058972 0.637229
vt 0.056632 0.877180
vt 0.066625 0.878625
vt 0.055119 0.609311
vt 0.065316 0.607830
vt 0.068391 0.864795
vt 0.063021 0.593870
vt 0.070018 0.850878
vt 0.058355 0.863463
vt 0.060582 0.579959
vt 0.052919 0.595454
vt 0.061309 0.835740
vt 0.071498 0.836855
vt 0.057962 0.566032
vt 0.050555 0.581659
vt 0.062555 0.821718
vt 0.072822 0.822719
vt 0.055524 0.551962
vt 0.048078 0.567864
vt 0.073977 0.808479
vt 0.052992 0.537795
vt 0.045360 0.553986
vt 0.064566 0.793409
vt 0.074939 0.794151
vt 0.039601 0.525162
vt 0.050265 0.523489
vt 0.065113 0.707804
vt 0.076105 0.721848
vt 0.075486 0.707401
vt 0.065259 0.779184
vt 0.075678 0.779770
vt 0.048587 0.508847
vt 0.053835 0.962032
vt 0.525700 0.733216
vt 0.490863 0.712719
vt 0.490663 0.733361
vt 0.453467 0.711945
vt 0.453435 0.733543
vt 0.414878 0.711660
vt 0.414979 0.733747
vt 0.375830 0.711797
vt 0.376048 0.733968
vt 0.336973 0.712325
vt 0.337304 0.734203
vt 0.298944 0.713252
vt 0.299392 0.734450
vt 0.262422 0.714622
vt 0.262993 0.734706
vt 0.526217 0.714073
vt 0.491724 0.692317
vt 0.453894 0.690640
vt 0.414945 0.689901
vt 0.375576 0.689968
vt 0.336409 0.690784
vt 0.298051 0.692367
vt 0.261164 0.694810
vt 0.527576 0.695095
vt 0.493137 0.672381
vt 0.454646 0.669898
vt 0.415142 0.668765
vt 0.375283 0.668785
vt 0.335640 0.669874
vt 0.296773 0.672062
vt 0.259306 0.675493
vt 0.529770 0.676480
vt 0.494968 0.653088
vt 0.455632 0.649924
vt 0.415429 0.648475
vt 0.374952 0.648477
vt 0.334711 0.649818
vt 0.295200 0.652540
vt 0.256983 0.656841
vt 0.532627 0.658354
vt 0.497070 0.634548
vt 0.456760 0.630847
vt 0.415761 0.629168
vt 0.374589 0.629180
vt 0.333673 0.630748
vt 0.293430 0.633924
vt 0.254343 0.638956
vt 0.535951 0.640787
vt 0.499312 0.616805
vt 0.457950 0.612720
vt 0.416107 0.610895
vt 0.374200 0.610946
vt 0.332573 0.612716
vt 0.291553 0.616263
vt 0.251527 0.621879
vt 0.539558 0.623801
vt 0.501584 0.599855
vt 0.459141 0.595531
vt 0.416441 0.593640
vt 0.373794 0.593754
vt 0.331450 0.595701
vt 0.289644 0.599541
vt 0.248650 0.605598
vt 0.543284 0.607378
vt 0.503809 0.583650
vt 0.460292 0.579222
vt 0.416750 0.577334
vt 0.373377 0.577532
vt 0.330331 0.579633
vt 0.287755 0.583697
vt 0.245801 0.590063
vt 0.546998 0.591473
vt 0.505932 0.568118
vt 0.461376 0.563701
vt 0.417024 0.561874
vt 0.372953 0.562175
vt 0.329235 0.564412
vt 0.285921 0.568640
vt 0.243041 0.575198
vt 0.550598 0.576024
vt 0.507921 0.553167
vt 0.462380 0.548861
vt 0.417258 0.547144
vt 0.372525 0.547561
vt 0.328169 0.549920
vt 0.284159 0.554262
vt 0.240405 0.560912
vt 0.554006 0.560960
vt 0.509757 0.538699
vt 0.463296 0.534584
vt 0.417451 0.533016
vt 0.372091 0.533562
vt 0.327136 0.536031
vt 0.282478 0.540449
vt 0.237914 0.547109
vt 0.557168 0.546207
vt 0.511432 0.524610
vt 0.464122 0.520752
vt 0.417599 0.519364
vt 0.371651 0.520050
vt 0.326134 0.522621
vt 0.280874 0.527083
vt 0.235575 0.533687
vt 0.560046 0.531693
vt 0.512943 0.510798
vt 0.464857 0.507244
vt 0.417700 0.506062
vt 0.371198 0.506898
vt 0.325155 0.509566
vt 0.279342 0.514051
vt 0.233383 0.520548
vt 0.562614 0.517345
vt 0.514291 0.497156
vt 0.465501 0.493943
vt 0.417751 0.492990
vt 0.370726 0.493986
vt 0.324191 0.496749
vt 0.277870 0.501239
vt 0.231328 0.507594
vt 0.564858 0.503100
vt 0.515480 0.483581
vt 0.466052 0.480734
vt 0.417745 0.480026
vt 0.370226 0.481192
vt 0.323230 0.484052
vt 0.276444 0.488538
vt 0.229393 0.494727
vt 0.566771 0.488900
vt 0.516504 0.469993
vt 0.466499 0.467528
vt 0.417667 0.467083
vt 0.369681 0.468431
vt 0.322252 0.471390
vt 0.275041 0.475868
vt 0.227550 0.481859
vt 0.178861 0.489364
vt 0.568937 0.976691
vt 0.519045 0.995987
vt 0.570631 0.990848
vt 0.517880 0.982452
vt 0.469176 0.998962
vt 0.468598 0.985791
vt 0.420461 0.999881
vt 0.420413 0.986971
vt 0.372597 0.998990
vt 0.373019 0.986265
vt 0.325312 0.996482
vt 0.326166 0.983865
vt 0.278282 0.992463
vt 0.279557 0.979848
vt 0.231031 0.986949
vt 0.232737 0.974158
vt 0.182685 0.979963
vt 0.566905 0.962525
vt 0.516555 0.968927
vt 0.467916 0.972619
vt 0.420292 0.974042
vt 0.373393 0.973509
vt 0.327000 0.971212
vt 0.280850 0.967202
vt 0.234526 0.961364
vt 0.564537 0.948328
vt 0.515073 0.955335
vt 0.467140 0.959358
vt 0.420112 0.961005
vt 0.373736 0.960633
vt 0.327831 0.958437
vt 0.282182 0.954444
vt 0.236427 0.948479
vt 0.561842 0.934037
vt 0.513428 0.941571
vt 0.466271 0.945890
vt 0.419878 0.947740
vt 0.374055 0.947519
vt 0.328672 0.945425
vt 0.283567 0.941463
vt 0.238455 0.935406
vt 0.558836 0.919583
vt 0.511618 0.927534
vt 0.465308 0.932100
vt 0.419591 0.934126
vt 0.374355 0.934045
vt 0.329529 0.932057
vt 0.285015 0.928147
vt 0.240620 0.922044
vt 0.555542 0.904895
vt 0.509643 0.913117
vt 0.464249 0.917866
vt 0.419255 0.920037
vt 0.374640 0.920086
vt 0.330407 0.918210
vt 0.286531 0.914381
vt 0.242924 0.908294
vt 0.552000 0.889897
vt 0.507510 0.898219
vt 0.463097 0.903071
vt 0.418868 0.905347
vt 0.374912 0.905511
vt 0.331308 0.903759
vt 0.288115 0.900048
vt 0.245362 0.894056
vt 0.548262 0.874516
vt 0.505238 0.882741
vt 0.461857 0.887595
vt 0.418433 0.889928
vt 0.375168 0.890193
vt 0.332228 0.888578
vt 0.289760 0.885033
vt 0.247912 0.879232
vt 0.544404 0.858678
vt 0.502857 0.866591
vt 0.460542 0.871332
vt 0.417953 0.873662
vt 0.375406 0.874010
vt 0.333157 0.872549
vt 0.291445 0.869228
vt 0.250537 0.863732
vt 0.540527 0.842320
vt 0.500420 0.849695
vt 0.459177 0.854189
vt 0.417435 0.856448
vt 0.375620 0.856856
vt 0.334077 0.855571
vt 0.293137 0.852540
vt 0.253177 0.847479
vt 0.536761 0.825398
vt 0.498006 0.832006
vt 0.457802 0.836106
vt 0.416894 0.838214
vt 0.375802 0.838657
vt 0.334958 0.837571
vt 0.294780 0.834908
vt 0.255745 0.830423
vt 0.533269 0.807891
vt 0.495721 0.813515
vt 0.456479 0.817071
vt 0.416354 0.818943
vt 0.375945 0.819393
vt 0.335763 0.818531
vt 0.296303 0.816317
vt 0.258123 0.812552
vt 0.530236 0.789820
vt 0.493701 0.794268
vt 0.455289 0.797134
vt 0.415848 0.798685
vt 0.376041 0.799112
vt 0.336443 0.798499
vt 0.297614 0.796814
vt 0.260173 0.793909
vt 0.527856 0.771257
vt 0.492094 0.774370
vt 0.454326 0.776421
vt 0.415421 0.777572
vt 0.376089 0.777950
vt 0.336952 0.777608
vt 0.298619 0.776523
vt 0.261748 0.774599
vt 0.526303 0.752329
vt 0.491043 0.753993
vt 0.453683 0.755134
vt 0.415119 0.755828
vt 0.376089 0.756134
vt 0.337247 0.756078
vt 0.299231 0.755646
vt 0.262717 0.754790
vt 0.473339 0.233540
vt 0.438006 0.251318
vt 0.473736 0.250026
vt 0.437817 0.233487
vt 0.400161 0.252085
vt 0.400086 0.233445
vt 0.361165 0.252438
vt 0.361177 0.233403
vt 0.321748 0.252454
vt 0.321835 0.233358
vt 0.282524 0.252166
vt 0.282684 0.233311
vt 0.244088 0.251560
vt 0.244327 0.233261
vt 0.207103 0.250575
vt 0.207433 0.233211
vt 0.172417 0.249094
vt 0.438688 0.268962
vt 0.474865 0.266391
vt 0.400514 0.270492
vt 0.361265 0.271211
vt 0.321634 0.271277
vt 0.282204 0.270753
vt 0.243537 0.269611
vt 0.206275 0.267728
vt 0.171259 0.264871
vt 0.439785 0.286243
vt 0.476637 0.282504
vt 0.401097 0.288452
vt 0.361452 0.289488
vt 0.321489 0.289584
vt 0.281738 0.288836
vt 0.242713 0.287202
vt 0.205006 0.284497
vt 0.169430 0.280371
vt 0.441196 0.303025
vt 0.478926 0.298267
vt 0.401848 0.305800
vt 0.361698 0.307087
vt 0.321312 0.307191
vt 0.281154 0.306237
vt 0.241671 0.304170
vt 0.203388 0.300750
vt 0.167055 0.295502
vt 0.442814 0.319214
vt 0.481587 0.313621
vt 0.402702 0.322428
vt 0.361974 0.323894
vt 0.321105 0.323983
vt 0.280484 0.322842
vt 0.240478 0.320409
vt 0.201525 0.316396
vt 0.164279 0.310207
vt 0.444540 0.334766
vt 0.484476 0.328541
vt 0.403603 0.338286
vt 0.362255 0.339860
vt 0.320873 0.339910
vt 0.279759 0.338603
vt 0.239196 0.335874
vt 0.199518 0.331395
vt 0.161247 0.324464
vt 0.446293 0.349677
vt 0.487466 0.343031
vt 0.404505 0.353376
vt 0.362526 0.354991
vt 0.320622 0.354982
vt 0.279007 0.353530
vt 0.237878 0.350568
vt 0.197453 0.345747
vt 0.158089 0.338279
vt 0.448013 0.363977
vt 0.490447 0.357117
vt 0.405378 0.367739
vt 0.362775 0.369337
vt 0.320356 0.369251
vt 0.278249 0.367670
vt 0.236562 0.364534
vt 0.195398 0.359483
vt 0.154917 0.351681
vt 0.449655 0.377717
vt 0.493333 0.370839
vt 0.406202 0.381441
vt 0.362996 0.382974
vt 0.320079 0.382795
vt 0.277497 0.381101
vt 0.235276 0.377839
vt 0.193400 0.372658
vt 0.151818 0.364711
vt 0.451192 0.390968
vt 0.496059 0.384247
vt 0.406965 0.394569
vt 0.363185 0.395995
vt 0.319793 0.395712
vt 0.276761 0.393916
vt 0.234036 0.390568
vt 0.191492 0.385340
vt 0.148859 0.377419
vt 0.452608 0.403805
vt 0.498576 0.397394
vt 0.407659 0.407215
vt 0.363340 0.408501
vt 0.319499 0.408103
vt 0.276042 0.406214
vt 0.232849 0.402812
vt 0.189691 0.397606
vt 0.146089 0.389857
vt 0.453894 0.416312
vt 0.500849 0.410335
vt 0.408283 0.419476
vt 0.363459 0.420596
vt 0.319195 0.420072
vt 0.275341 0.418097
vt 0.231716 0.414666
vt 0.188005 0.409536
vt 0.143539 0.402081
vt 0.455046 0.428573
vt 0.502857 0.423126
vt 0.408834 0.431449
vt 0.363538 0.432380
vt 0.318878 0.431723
vt 0.274654 0.429665
vt 0.230634 0.426223
vt 0.186434 0.421210
vt 0.141231 0.414143
vt 0.456065 0.440673
vt 0.504585 0.435820
vt 0.409310 0.443232
vt 0.363576 0.443956
vt 0.318543 0.443157
vt 0.273975 0.441017
vt 0.229596 0.437576
vt 0.184971 0.432709
vt 0.139177 0.426094
vt 0.456951 0.452699
vt 0.506029 0.448469
vt 0.409710 0.454920
vt 0.363567 0.455421
vt 0.318184 0.454471
vt 0.273295 0.452248
vt 0.228594 0.448818
vt 0.183605 0.444113
vt 0.137377 0.437982
vt 0.457700 0.464709
vt 0.507188 0.461094
vt 0.410023 0.466581
vt 0.363498 0.466846
vt 0.317786 0.465735
vt 0.272601 0.463426
vt 0.227609 0.460009
vt 0.182316 0.455489
vt 0.135826 0.449853
vt 0.458051 0.002450
vt 0.506279 0.018698
vt 0.507426 0.006093
vt 0.410472 0.000495
vt 0.457289 0.014436
vt 0.364024 0.000119
vt 0.410135 0.012135
vt 0.318369 0.001102
vt 0.364064 0.011527
vt 0.273223 0.003274
vt 0.318734 0.012354
vt 0.228254 0.006548
vt 0.273883 0.014444
vt 0.182972 0.010921
vt 0.229203 0.017736
vt 0.136480 0.016406
vt 0.184224 0.022297
vt 0.504843 0.031340
vt 0.456388 0.026440
vt 0.409712 0.023804
vt 0.364045 0.022977
vt 0.319062 0.023657
vt 0.274529 0.025668
vt 0.230171 0.028973
vt 0.137994 0.028279
vt 0.185553 0.033700
vt 0.503100 0.044017
vt 0.455355 0.038520
vt 0.409214 0.035568
vt 0.363979 0.034538
vt 0.319366 0.035080
vt 0.275174 0.037013
vt 0.231174 0.040323
vt 0.139755 0.040169
vt 0.186980 0.045198
vt 0.501079 0.056790
vt 0.454187 0.050763
vt 0.408641 0.047525
vt 0.363872 0.046309
vt 0.319652 0.046721
vt 0.275828 0.048574
vt 0.232221 0.051876
vt 0.141773 0.052123
vt 0.188516 0.056872
vt 0.498792 0.069714
vt 0.452885 0.063252
vt 0.407995 0.059769
vt 0.363726 0.058390
vt 0.319924 0.058681
vt 0.276496 0.060450
vt 0.233318 0.063727
vt 0.144042 0.064188
vt 0.190165 0.068802
vt 0.496263 0.082843
vt 0.451453 0.076073
vt 0.407277 0.072400
vt 0.363543 0.070884
vt 0.320187 0.071062
vt 0.277180 0.072742
vt 0.234469 0.075968
vt 0.146554 0.076416
vt 0.191929 0.081069
vt 0.493526 0.096234
vt 0.449899 0.089307
vt 0.406492 0.085514
vt 0.363325 0.083893
vt 0.320440 0.083969
vt 0.277881 0.085551
vt 0.235673 0.088694
vt 0.149286 0.088859
vt 0.193799 0.093752
vt 0.490628 0.109940
vt 0.448239 0.103033
vt 0.405644 0.099203
vt 0.363075 0.097519
vt 0.320683 0.097506
vt 0.278596 0.098977
vt 0.236920 0.101997
vt 0.152206 0.101572
vt 0.195757 0.106928
vt 0.487637 0.124011
vt 0.446502 0.117319
vt 0.404745 0.113554
vt 0.362795 0.111854
vt 0.320915 0.111766
vt 0.279317 0.113112
vt 0.238197 0.115960
vt 0.155265 0.114608
vt 0.197772 0.120665
vt 0.484639 0.138489
vt 0.444729 0.132219
vt 0.403816 0.128633
vt 0.362492 0.126976
vt 0.321130 0.126831
vt 0.280030 0.128034
vt 0.239474 0.130653
vt 0.158397 0.128016
vt 0.199795 0.135019
vt 0.481742 0.153399
vt 0.442984 0.147762
vt 0.402888 0.144482
vt 0.362176 0.142934
vt 0.321323 0.142751
vt 0.280713 0.143791
vt 0.240714 0.146116
vt 0.161513 0.141838
vt 0.201759 0.150020
vt 0.479075 0.168748
vt 0.441345 0.163945
vt 0.402003 0.161102
vt 0.361864 0.159733
vt 0.321489 0.159537
vt 0.281340 0.160392
vt 0.241862 0.162355
vt 0.164503 0.156101
vt 0.203578 0.165668
vt 0.476784 0.184513
vt 0.439909 0.180724
vt 0.401218 0.178444
vt 0.361580 0.177327
vt 0.321624 0.177139
vt 0.281879 0.177790
vt 0.242857 0.179322
vt 0.167235 0.170812
vt 0.205149 0.181922
vt 0.475015 0.200639
vt 0.438780 0.198005
vt 0.400597 0.196401
vt 0.361351 0.195599
vt 0.321725 0.195443
vt 0.282299 0.195871
vt 0.243635 0.196912
vt 0.169566 0.185947
vt 0.206371 0.198694
vt 0.473815 0.217042
vt 0.438054 0.215654
vt 0.400203 0.214806
vt 0.361208 0.214369
vt 0.321794 0.214263
vt 0.282573 0.214456
vt 0.244137 0.214963
vt 0.171351 0.201451
vt 0.207152 0.215847
vt 0.172463 0.217230
vt 0.686591 0.732396
vt 0.697836 0.716975
vt 0.686660 0.716979
vt 0.682258 0.732432
vt 0.682413 0.747970
vt 0.692350 0.579649
vt 0.697517 0.914572
vt 0.699762 0.929428
vt 0.683494 0.778960
vt 0.684382 0.794367
vt 0.686088 0.639938
vt 0.702293 0.504333
vt 0.568315 0.474569
vt 0.688200 0.840070
vt 0.689796 0.855112
vt 0.682642 0.701440
vt 0.694242 0.564693
vt 0.695392 0.899761
vt 0.682831 0.763488
vt 0.687434 0.624759
vt 0.704273 0.959607
vt 0.705850 0.974890
vt 0.686755 0.824931
vt 0.683169 0.685965
vt 0.696243 0.549725
vt 0.693397 0.884938
vt 0.688936 0.609660
vt 0.702076 0.944408
vt 0.685476 0.809695
vt 0.683935 0.670546
vt 0.698330 0.534701
vt 0.691531 0.870063
vt 0.701591 0.747463
vt 0.708638 0.732274
vt 0.701431 0.732234
vt 0.690578 0.594629
vt 0.684915 0.655201
vt 0.700425 0.519580
vt 0.704386 0.808129
vt 0.710556 0.792674
vt 0.703390 0.793034
vt 0.719484 0.522208
vt 0.729600 0.507774
vt 0.721962 0.506413
vt 0.701494 0.717019
vt 0.708965 0.702059
vt 0.701774 0.701820
vt 0.709770 0.777612
vt 0.702582 0.777881
vt 0.733160 0.490297
vt 0.724177 0.489006
vt 0.709441 0.686974
vt 0.702263 0.686635
vt 0.709179 0.762514
vt 0.701977 0.762685
vt 0.727282 0.973834
vt 0.731419 0.955027
vt 0.723965 0.956580
vt 0.710118 0.671921
vt 0.702962 0.671487
vt 0.708799 0.747396
vt 0.728006 0.939803
vt 0.720912 0.941131
vt 0.710988 0.656914
vt 0.703858 0.656391
vt 0.710289 0.732268
vt 0.731270 0.746645
vt 0.731123 0.731847
vt 0.725185 0.925128
vt 0.718232 0.926282
vt 0.712038 0.641964
vt 0.704939 0.641356
vt 0.708695 0.717160
vt 0.722764 0.910629
vt 0.715852 0.911642
vt 0.713260 0.627074
vt 0.706193 0.626387
vt 0.720631 0.896144
vt 0.713713 0.897047
vt 0.714644 0.612247
vt 0.707608 0.611484
vt 0.718715 0.881607
vt 0.711769 0.882421
vt 0.716189 0.597479
vt 0.709179 0.596640
vt 0.716975 0.866992
vt 0.709991 0.867729
vt 0.717896 0.582760
vt 0.710905 0.581842
vt 0.715389 0.852291
vt 0.708365 0.852956
vt 0.719778 0.568069
vt 0.712792 0.567066
vt 0.713950 0.837502
vt 0.706885 0.838097
vt 0.721855 0.553366
vt 0.714848 0.552269
vt 0.712659 0.822631
vt 0.705556 0.823153
vt 0.724158 0.538571
vt 0.717083 0.537371
vt 0.711524 0.807685
vt 0.726726 0.523511
vt 0.711087 0.687037
vt 0.732506 0.672676
vt 0.711760 0.672006
vt 0.710450 0.747367
vt 0.731645 0.761443
vt 0.729633 0.939460
vt 0.752488 0.948354
vt 0.748945 0.934772
vt 0.733315 0.657941
vt 0.712624 0.657019
vt 0.637610 0.233465
vt 0.746240 0.920982
vt 0.726776 0.924841
vt 0.713668 0.642088
vt 0.734292 0.643248
vt 0.731178 0.717038
vt 0.710345 0.717178
vt 0.724346 0.910381
vt 0.744009 0.907023
vt 0.735430 0.628608
vt 0.714882 0.627217
vt 0.742074 0.892907
vt 0.722215 0.895924
vt 0.736725 0.614028
vt 0.716260 0.612408
vt 0.720307 0.881409
vt 0.740345 0.878650
vt 0.738180 0.599516
vt 0.717799 0.597658
vt 0.718576 0.866813
vt 0.738776 0.864268
vt 0.739806 0.585073
vt 0.719502 0.582958
vt 0.717000 0.852128
vt 0.737345 0.849778
vt 0.741625 0.570701
vt 0.721382 0.568288
vt 0.715570 0.837356
vt 0.736043 0.835196
vt 0.743679 0.556394
vt 0.723464 0.553609
vt 0.714288 0.822501
vt 0.734869 0.820537
vt 0.746041 0.542137
vt 0.725786 0.538843
vt 0.733831 0.805817
vt 0.713160 0.807572
vt 0.748849 0.527907
vt 0.728401 0.523816
vt 0.732939 0.791051
vt 0.712199 0.792580
vt 0.731384 0.508133
vt 0.752385 0.513690
vt 0.731430 0.702235
vt 0.710613 0.702100
vt 0.711417 0.777539
vt 0.732206 0.776254
vt 0.757199 0.499588
vt 0.735086 0.490812
vt 0.731875 0.687445
vt 0.710830 0.762462
vt 0.737758 0.971023
vt 0.733122 0.954593
vt 0.687483 0.686174
vt 0.698119 0.701724
vt 0.698616 0.686488
vt 0.687808 0.778716
vt 0.698318 0.762801
vt 0.687161 0.763309
vt 0.710260 0.974775
vt 0.720114 0.957277
vt 0.708625 0.959027
vt 0.688232 0.670817
vt 0.699326 0.671291
vt 0.697928 0.747526
vt 0.686751 0.747860
vt 0.717282 0.941791
vt 0.706303 0.943727
vt 0.689190 0.655528
vt 0.700236 0.656148
vt 0.682393 0.716928
vt 0.703927 0.928750
vt 0.714689 0.926878
vt 0.701333 0.641070
vt 0.690340 0.640316
vt 0.712338 0.912180
vt 0.701656 0.913927
vt 0.691663 0.625183
vt 0.702603 0.626061
vt 0.710200 0.897535
vt 0.699526 0.899156
vt 0.693143 0.610126
vt 0.704034 0.611120
vt 0.708245 0.882866
vt 0.697541 0.884371
vt 0.705618 0.596238
vt 0.694769 0.595135
vt 0.706450 0.868136
vt 0.695694 0.869534
vt 0.696530 0.580192
vt 0.707353 0.581402
vt 0.704803 0.853327
vt 0.693984 0.854622
vt 0.698420 0.565271
vt 0.709240 0.566587
vt 0.703302 0.838432
vt 0.692415 0.839620
vt 0.711282 0.551750
vt 0.700433 0.550333
vt 0.701953 0.823451
vt 0.690998 0.824526
vt 0.702547 0.535326
vt 0.713476 0.536815
vt 0.700764 0.808387
vt 0.689745 0.809338
vt 0.715785 0.521631
vt 0.704693 0.520177
vt 0.697769 0.732242
vt 0.699752 0.793248
vt 0.688676 0.794065
vt 0.706664 0.504763
vt 0.718080 0.505888
vt 0.686962 0.701580
vt 0.698931 0.778048
vt 0.707744 0.489218
vt 0.719885 0.488855
vt 0.650691 0.032409
vt 0.638496 0.274587
vt 0.639103 0.288237
vt 0.637660 0.219750
vt 0.649501 0.045516
vt 0.639840 0.301838
vt 0.648307 0.058647
vt 0.640690 0.315383
vt 0.637737 0.247186
vt 0.647118 0.071805
vt 0.641633 0.328868
vt 0.645938 0.084998
vt 0.642652 0.342294
vt 0.644777 0.098234
vt 0.643730 0.355662
vt 0.643645 0.111518
vt 0.644850 0.368975
vt 0.642557 0.124856
vt 0.645999 0.382239
vt 0.641527 0.138252
vt 0.647166 0.395461
vt 0.640574 0.151708
vt 0.648342 0.408648
vt 0.639715 0.165222
vt 0.649522 0.421807
vt 0.638969 0.178791
vt 0.650703 0.434947
vt 0.638036 0.260899
vt 0.638355 0.192408
vt 0.651884 0.448036
vt 0.637888 0.206062
vt 0.015192 0.271764
vt 0.015609 0.258858
vt 0.014611 0.284610
vt 0.013877 0.297387
vt 0.013004 0.310089
vt 0.012008 0.322715
vt 0.010907 0.335267
vt 0.009717 0.347752
vt 0.008455 0.360175
vt 0.007136 0.372547
vt 0.005775 0.384876
vt 0.004383 0.397172
vt 0.002972 0.409445
vt 0.001549 0.421704
vt 0.000119 0.433957
vt 0.000752 0.031875
vt 0.002143 0.044130
vt 0.003528 0.056391
vt 0.004900 0.068666
vt 0.006253 0.080964
vt 0.007575 0.093295
vt 0.008855 0.105668
vt 0.010078 0.118093
vt 0.011229 0.130579
vt 0.012291 0.143133
vt 0.013247 0.155760
vt 0.014079 0.168463
vt 0.014773 0.181241
vt 0.015314 0.194088
vt 0.015691 0.206994
vt 0.015895 0.219946
vt 0.065665 0.722060
vt 0.057108 0.623249
vt 0.042502 0.539822
vt 0.036927 0.509254
vt 0.042462 0.961675
vt 0.052587 0.904497
vt 0.059910 0.849654
vt 0.063646 0.807601
vt 0.065992 0.750668
vt 0.030581 0.959358
vt 0.031437 0.736495
vt 0.033332 0.708952
vt 0.031157 0.722775
vt 0.030658 0.709077
vt 0.029941 0.695406
vt 0.029007 0.681761
vt 0.027870 0.668146
vt 0.026533 0.654573
vt 0.025001 0.641032
vt 0.024039 0.613673
vt 0.023291 0.627520
vt 0.021419 0.614062
vt 0.019375 0.600690
vt 0.017193 0.573709
vt 0.017127 0.587416
vt 0.014623 0.574235
vt 0.011798 0.561125
vt 0.007603 0.534356
vt 0.008597 0.548089
vt 0.005095 0.535201
vt 0.010081 0.949802
vt 0.012158 0.937001
vt 0.007805 0.948776
vt 0.015258 0.924664
vt 0.017636 0.911953
vt 0.019697 0.898975
vt 0.022021 0.885962
vt 0.024585 0.886353
vt 0.023630 0.872837
vt 0.024999 0.859552
vt 0.027608 0.859810
vt 0.026220 0.846123
vt 0.027304 0.832567
vt 0.028253 0.818894
vt 0.029072 0.805120
vt 0.029840 0.791289
vt 0.031009 0.777549
vt 0.033696 0.777707
vt 0.031420 0.763900
vt 0.031538 0.750213
vt 0.703478 0.489230
vt 0.722935 0.974332
vt 0.735962 0.971661
vt 0.735104 0.717068
vt 0.735049 0.731825
vt 0.735354 0.702316
vt 0.735795 0.687576
vt 0.736419 0.672855
vt 0.737218 0.658165
vt 0.738183 0.643516
vt 0.739306 0.628918
vt 0.740584 0.614380
vt 0.742021 0.599911
vt 0.743627 0.585517
vt 0.745427 0.571203
vt 0.747462 0.556968
vt 0.749808 0.542812
vt 0.752601 0.528739
vt 0.756104 0.514781
vt 0.760794 0.501105
vt 0.760794 0.959925
vt 0.757443 0.961465
vt 0.755999 0.947238
vt 0.752550 0.933960
vt 0.749907 0.920344
vt 0.747727 0.906487
vt 0.745835 0.892438
vt 0.744144 0.878229
vt 0.742607 0.863886
vt 0.741203 0.849431
vt 0.739923 0.834883
vt 0.738767 0.820258
vt 0.737743 0.805575
vt 0.736861 0.790848
vt 0.736133 0.776094
vt 0.735572 0.761329
vt 0.735182 0.746577
vt 0.651884 0.019306
vt 0.000119 0.522834
s 1
f 1/1/1 2/2/2 3/3/3
f 4/4/4 1/1/1 3/3/3
f 5/5/5 6/6/6 7/7/7
f 8/8/8 9/9/9 10/10/10
f 11/11/11 12/12/12 13/13/13
f 14/14/14 15/15/15 16/16/16
f 17/17/17 18/18/18 19/19/19
f 20/20/20 21/21/21 22/22/22
f 23/23/23 24/24/24 2/2/2
f 25/25/25 26/26/26 6/6/6
f 10/10/10 27/27/27 28/28/28
f 13/13/13 29/29/29 30/30/30
f 31/31/31 32/32/32 15/15/15
f 33/33/33 34/34/34 18/18/18
f 22/22/22 35/35/35 36/36/36
f 37/37/37 38/38/38 24/24/24
f 39/39/39 40/40/40 26/26/26
f 28/28/28 41/41/41 42/42/42
f 30/30/30 43/43/43 44/44/44
f 45/45/45 46/46/46 32/32/32
f 47/47/34 48/48/47 49/49/48
f 36/36/36 50/50/49 51/51/50
f 52/52/51 53/53/52 38/38/38
f 54/54/53 55/55/54 40/40/40
f 42/42/42 56/56/55 57/57/56
f 44/44/44 58/58/57 4/4/4
f 59/59/58 7/7/7 46/46/46
f 49/49/48 60/60/59 8/8/8
f 51/51/50 61/61/60 11/11/11
f 62/62/61 16/16/16 53/53/52
f 63/63/62 19/19/19 55/55/54
f 57/57/56 64/64/63 20/20/20
f 65/65/64 66/66/65 67/67/66
f 68/68/67 69/69/68 70/70/69
f 71/71/70 72/72/71 73/73/72
f 74/74/73 67/67/66 75/75/74
f 76/76/75 70/70/69 77/77/76
f 78/78/77 79/79/78 80/80/79
f 81/81/80 75/75/74 82/82/81
f 83/83/82 84/84/83 85/85/84
f 86/86/85 80/80/79 87/87/86
f 88/88/87 82/82/81 72/72/71
f 89/89/88 85/85/84 90/90/89
f 91/91/90 87/87/86 92/92/91
f 93/93/92 94/94/93 95/95/94
f 96/96/95 90/90/89 97/97/96
f 98/98/97 92/92/91 99/99/98
f 100/100/99 101/101/100 79/79/78
f 102/102/101 97/97/96 103/103/102
f 104/104/103 99/99/98 105/105/104
f 106/106/105 103/103/102 107/107/106
f 108/108/107 105/105/104 109/109/108
f 110/110/109 107/107/106 111/111/110
f 112/112/111 109/109/108 113/113/112
f 114/114/113 111/111/110 115/115/114
f 116/116/115 113/113/112 117/117/116
f 118/118/117 115/115/114 119/119/118
f 120/120/119 117/117/116 121/121/120
f 122/122/121 119/119/118 123/123/122
f 124/124/123 121/121/120 125/125/124
f 126/126/125 123/123/122 127/127/126
f 128/128/127 125/125/124 129/129/128
f 130/130/129 127/127/126 66/66/65
f 131/131/130 129/129/128 69/69/68
f 132/132/131 133/133/132 134/134/133
f 135/135/134 136/136/135 137/137/136
f 138/138/137 139/139/138 140/140/139
f 141/141/140 134/134/133 142/142/141
f 143/143/142 144/144/143 145/145/144
f 146/146/145 140/140/139 147/147/146
f 148/148/147 142/142/141 149/149/148
f 150/150/149 151/151/150 93/93/92
f 152/152/151 147/147/146 153/153/152
f 154/154/153 149/149/148 155/155/154
f 156/156/155 152/152/151 153/153/152
f 157/157/156 154/154/153 155/155/154
f 158/158/157 156/156/155 159/159/158
f 160/160/159 161/161/160 157/157/156
f 162/162/161 158/158/157 159/159/158
f 163/163/162 160/160/159 164/164/163
f 165/165/164 162/162/161 166/166/165
f 167/167/166 164/164/163 168/168/167
f 169/169/168 166/166/165 170/170/169
f 171/171/170 167/167/166 168/168/167
f 172/172/171 169/169/168 170/170/169
f 173/173/172 171/171/170 174/174/173
f 175/175/174 176/176/175 172/172/171
f 177/177/176 174/174/173 178/178/177
f 179/179/178 180/180/179 175/175/174
f 181/181/180 177/177/176 178/178/177
f 95/95/94 182/182/181 135/135/134
f 183/183/182 184/184/183 179/179/178
f 185/185/184 181/181/180 186/186/185
f 187/187/186 150/150/149 133/133/132
f 136/136/135 183/183/182 137/137/136
f 188/188/187 189/189/185 139/139/138
f 190/190/188 191/191/189 192/192/190
f 193/193/191 194/194/192 195/195/193
f 196/196/194 197/197/195 198/198/196
f 199/199/197 200/200/198 190/190/188
f 201/201/199 73/73/72 101/101/100
f 202/202/200 203/203/201 196/196/194
f 204/204/202 205/205/203 199/199/197
f 206/206/204 193/193/191 207/207/205
f 208/208/206 209/209/207 202/202/200
f 210/210/208 211/211/209 204/204/202
f 212/212/210 208/208/206 213/213/211
f 214/214/212 215/215/213 210/210/208
f 216/216/214 213/213/211 217/217/215
f 218/218/216 214/214/212 219/219/217
f 220/220/218 216/216/214 217/217/215
f 221/221/219 218/218/216 219/219/217
f 222/222/220 223/223/221 220/220/218
f 224/224/222 225/225/223 221/221/219
f 226/226/224 222/222/220 227/227/225
f 228/228/226 229/229/227 224/224/222
f 230/230/228 227/227/225 231/231/229
f 232/232/230 233/233/231 228/228/226
f 234/234/232 230/230/228 231/231/229
f 235/235/233 236/236/234 232/232/230
f 237/237/235 234/234/232 238/238/236
f 239/239/237 235/235/233 240/240/238
f 241/241/239 242/242/240 243/243/241
f 244/244/242 238/238/236 245/245/243
f 246/246/244 239/239/237 240/240/238
f 191/191/189 243/243/241 192/192/190
f 195/195/193 244/244/242 245/245/243
f 197/197/195 247/247/244 198/198/196
f 248/248/245 249/249/246 250/250/247
f 250/250/247 251/251/248 252/252/249
f 252/252/249 253/253/250 254/254/251
f 254/254/251 255/255/252 256/256/253
f 256/256/253 257/257/254 258/258/255
f 258/258/255 259/259/256 260/260/257
f 260/260/257 261/261/258 262/262/259
f 262/262/259 23/23/23 1/1/1
f 263/263/260 264/264/261 249/249/246
f 249/249/246 265/265/262 251/251/248
f 251/251/248 266/266/263 253/253/250
f 253/253/250 267/267/264 255/255/252
f 255/255/252 268/268/265 257/257/254
f 257/257/254 269/269/266 259/259/256
f 259/259/256 270/270/267 261/261/258
f 261/261/258 37/37/37 23/23/23
f 271/271/268 272/272/269 264/264/261
f 264/264/261 273/273/270 265/265/262
f 265/265/262 274/274/271 266/266/263
f 266/266/263 275/275/272 267/267/264
f 267/267/264 276/276/273 268/268/265
f 268/268/265 277/277/274 269/269/266
f 269/269/266 278/278/275 270/270/267
f 270/270/267 52/52/51 37/37/37
f 279/279/276 280/280/277 272/272/269
f 272/272/269 281/281/278 273/273/270
f 273/273/270 282/282/279 274/274/271
f 274/274/271 283/283/280 275/275/272
f 275/275/272 284/284/281 276/276/273
f 276/276/273 285/285/282 277/277/274
f 277/277/274 286/286/283 278/278/275
f 278/278/275 62/62/61 52/52/51
f 287/287/284 288/288/285 280/280/277
f 280/280/277 289/289/286 281/281/278
f 281/281/278 290/290/287 282/282/279
f 282/282/279 291/291/288 283/283/280
f 283/283/280 292/292/289 284/284/281
f 284/284/281 293/293/290 285/285/282
f 285/285/282 294/294/291 286/286/283
f 286/286/283 14/14/14 62/62/61
f 295/295/292 296/296/293 288/288/285
f 288/288/285 297/297/294 289/289/286
f 289/289/286 298/298/295 290/290/287
f 290/290/287 299/299/296 291/291/288
f 291/291/288 300/300/297 292/292/289
f 292/292/289 301/301/298 293/293/290
f 293/293/290 302/302/299 294/294/291
f 294/294/291 31/31/31 14/14/14
f 303/303/300 304/304/301 296/296/293
f 296/296/293 305/305/302 297/297/294
f 297/297/294 306/306/303 298/298/295
f 298/298/295 307/307/304 299/299/296
f 299/299/296 308/308/305 300/300/297
f 300/300/297 309/309/306 301/301/298
f 301/301/298 310/310/307 302/302/299
f 302/302/299 45/45/45 31/31/31
f 311/311/308 312/312/309 304/304/301
f 304/304/301 313/313/310 305/305/302
f 305/305/302 314/314/311 306/306/303
f 306/306/303 315/315/312 307/307/304
f 307/307/304 316/316/313 308/308/305
f 308/308/305 317/317/314 309/309/306
f 309/309/306 318/318/315 310/310/307
f 310/310/307 59/59/58 45/45/45
f 319/319/316 320/320/317 312/312/309
f 312/312/309 321/321/318 313/313/310
f 313/313/310 322/322/319 314/314/311
f 314/314/311 323/323/320 315/315/312
f 315/315/312 324/324/321 316/316/313
f 316/316/313 325/325/322 317/317/314
f 317/317/314 326/326/323 318/318/315
f 318/318/315 5/5/5 59/59/58
f 327/327/324 328/328/325 320/320/317
f 320/320/317 329/329/326 321/321/318
f 321/321/318 330/330/327 322/322/319
f 322/322/319 331/331/328 323/323/320
f 323/323/320 332/332/329 324/324/321
f 324/324/321 333/333/330 325/325/322
f 325/325/322 334/334/331 326/326/323
f 326/326/323 25/25/25 5/5/5
f 335/335/332 336/336/333 328/328/325
f 328/328/325 337/337/334 329/329/326
f 329/329/326 338/338/335 330/330/327
f 330/330/327 339/339/336 331/331/328
f 331/331/328 340/340/337 332/332/329
f 332/332/329 341/341/338 333/333/330
f 333/333/330 342/342/339 334/334/331
f 334/334/331 39/39/39 25/25/25
f 343/343/340 344/344/341 336/336/333
f 336/336/333 345/345/342 337/337/334
f 337/337/334 346/346/343 338/338/335
f 338/338/335 347/347/344 339/339/336
f 339/339/336 348/348/345 340/340/337
f 340/340/337 349/349/346 341/341/338
f 341/341/338 350/350/347 342/342/339
f 342/342/339 54/54/53 39/39/39
f 351/351/348 352/352/349 344/344/341
f 344/344/341 353/353/350 345/345/342
f 345/345/342 354/354/351 346/346/343
f 346/346/343 355/355/352 347/347/344
f 347/347/344 356/356/353 348/348/345
f 348/348/345 357/357/354 349/349/346
f 349/349/346 358/358/355 350/350/347
f 350/350/347 63/63/62 54/54/53
f 359/359/356 360/360/357 352/352/349
f 352/352/349 361/361/358 353/353/350
f 353/353/350 362/362/359 354/354/351
f 354/354/351 363/363/360 355/355/352
f 355/355/352 364/364/361 356/356/353
f 356/356/353 365/365/362 357/357/354
f 357/357/354 366/366/363 358/358/355
f 358/358/355 17/17/17 63/63/62
f 367/367/364 368/368/365 360/360/357
f 360/360/357 369/369/366 361/361/358
f 361/361/358 370/370/367 362/362/359
f 362/362/359 371/371/368 363/363/360
f 363/363/360 372/372/369 364/364/361
f 364/364/361 373/373/370 365/365/362
f 365/365/362 374/374/371 366/366/363
f 366/366/363 33/33/33 17/17/17
f 375/375/372 376/376/373 368/368/365
f 368/368/365 377/377/374 369/369/366
f 369/369/366 378/378/375 370/370/367
f 370/370/367 379/379/376 371/371/368
f 371/371/368 380/380/377 372/372/369
f 372/372/369 381/381/378 373/373/370
f 373/373/370 382/382/379 374/374/371
f 374/374/371 383/383/380 33/33/33
f 384/384/381 385/385/373 386/386/382
f 387/387/383 388/388/374 385/385/373
f 389/389/384 390/390/375 388/388/374
f 391/391/385 392/392/386 390/390/375
f 393/393/387 394/394/377 392/392/386
f 395/395/388 396/396/378 394/394/377
f 397/397/389 398/398/379 396/396/378
f 399/399/390 400/400/380 398/398/379
f 401/401/391 387/387/383 384/384/381
f 402/402/392 389/389/384 387/387/383
f 403/403/393 391/391/385 389/389/384
f 404/404/394 393/393/387 391/391/385
f 405/405/395 395/395/388 393/393/387
f 406/406/396 397/397/389 395/395/388
f 407/407/397 399/399/390 397/397/389
f 408/408/398 48/48/47 399/399/390
f 409/409/399 402/402/392 401/401/391
f 410/410/400 403/403/393 402/402/392
f 411/411/401 404/404/394 403/403/393
f 412/412/402 405/405/395 404/404/394
f 413/413/403 406/406/396 405/405/395
f 414/414/404 407/407/397 406/406/396
f 415/415/405 408/408/398 407/407/397
f 416/416/406 60/60/59 408/408/398
f 417/417/407 410/410/400 409/409/399
f 418/418/408 411/411/401 410/410/400
f 419/419/409 412/412/402 411/411/401
f 420/420/410 413/413/403 412/412/402
f 421/421/411 414/414/404 413/413/403
f 422/422/412 415/415/405 414/414/404
f 423/423/413 416/416/406 415/415/405
f 424/424/414 9/9/9 416/416/406
f 425/425/415 418/418/408 417/417/407
f 426/426/416 419/419/409 418/418/408
f 427/427/417 420/420/410 419/419/409
f 428/428/418 421/421/411 420/420/410
f 429/429/419 422/422/412 421/421/411
f 430/430/420 423/423/413 422/422/412
f 431/431/421 424/424/414 423/423/413
f 432/432/422 27/27/27 424/424/414
f 433/433/423 426/426/416 425/425/415
f 434/434/424 427/427/417 426/426/416
f 435/435/425 428/428/418 427/427/417
f 436/436/426 429/429/419 428/428/418
f 437/437/427 430/430/420 429/429/419
f 438/438/428 431/431/421 430/430/420
f 439/439/429 432/432/422 431/431/421
f 440/440/430 41/41/41 432/432/422
f 441/441/431 434/434/424 433/433/423
f 442/442/432 435/435/425 434/434/424
f 443/443/433 436/436/426 435/435/425
f 444/444/434 437/437/427 436/436/426
f 445/445/435 438/438/428 437/437/427
f 446/446/436 439/439/429 438/438/428
f 447/447/437 440/440/430 439/439/429
f 448/448/438 56/56/55 440/440/430
f 449/449/439 442/442/432 441/441/431
f 450/450/440 443/443/433 442/442/432
f 451/451/441 444/444/434 443/443/433
f 452/452/442 445/445/435 444/444/434
f 453/453/443 446/446/436 445/445/435
f 454/454/444 447/447/437 446/446/436
f 455/455/445 448/448/438 447/447/437
f 456/456/446 64/64/63 448/448/438
f 457/457/447 450/450/440 449/449/439
f 458/458/448 451/451/441 450/450/440
f 459/459/449 452/452/442 451/451/441
f 460/460/450 453/453/443 452/452/442
f 461/461/451 454/454/444 453/453/443
f 462/462/452 455/455/445 454/454/444
f 463/463/453 456/456/446 455/455/445
f 464/464/454 21/21/21 456/456/446
f 465/465/455 458/458/448 457/457/447
f 466/466/456 459/459/449 458/458/448
f 467/467/457 460/460/450 459/459/449
f 468/468/458 461/461/451 460/460/450
f 469/469/459 462/462/452 461/461/451
f 470/470/460 463/463/453 462/462/452
f 471/471/461 464/464/454 463/463/453
f 472/472/462 35/35/35 464/464/454
f 473/473/463 466/466/456 465/465/455
f 474/474/464 467/467/457 466/466/456
f 475/475/465 468/468/458 467/467/457
f 476/476/466 469/469/459 468/468/458
f 477/477/467 470/470/460 469/469/459
f 478/478/468 471/471/461 470/470/460
f 479/479/469 472/472/462 471/471/461
f 480/480/470 50/50/49 472/472/462
f 481/481/471 474/474/464 473/473/463
f 482/482/472 475/475/465 474/474/464
f 483/483/473 476/476/466 475/475/465
f 484/484/474 477/477/467 476/476/466
f 485/485/475 478/478/468 477/477/467
f 486/486/476 479/479/469 478/478/468
f 487/487/477 480/480/470 479/479/469
f 488/488/478 61/61/60 480/480/470
f 489/489/479 482/482/472 481/481/471
f 490/490/480 483/483/473 482/482/472
f 491/491/481 484/484/474 483/483/473
f 492/492/482 485/485/475 484/484/474
f 493/493/483 486/486/476 485/485/475
f 494/494/484 487/487/477 486/486/476
f 495/495/485 488/488/478 487/487/477
f 496/496/486 12/12/12 488/488/478
f 497/497/487 490/490/480 489/489/479
f 498/498/488 491/491/481 490/490/480
f 499/499/489 492/492/482 491/491/481
f 500/500/490 493/493/483 492/492/482
f 501/501/491 494/494/484 493/493/483
f 502/502/492 495/495/485 494/494/484
f 503/503/493 496/496/486 495/495/485
f 504/504/494 29/29/29 496/496/486
f 505/505/495 498/498/488 497/497/487
f 506/506/496 499/499/489 498/498/488
f 507/507/497 500/500/490 499/499/489
f 508/508/498 501/501/491 500/500/490
f 509/509/499 502/502/492 501/501/491
f 510/510/500 503/503/493 502/502/492
f 511/511/501 504/504/494 503/503/493
f 512/512/502 43/43/43 504/504/494
f 248/248/245 506/506/496 505/505/495
f 250/250/247 507/507/497 506/506/496
f 252/252/249 508/508/498 507/507/497
f 254/254/251 509/509/499 508/508/498
f 256/256/253 510/510/500 509/509/499
f 258/258/255 511/511/501 510/510/500
f 260/260/257 512/512/502 511/511/501
f 262/262/259 58/58/57 512/512/502
f 513/513/503 514/514/504 515/515/505
f 516/516/506 517/517/507 514/514/504
f 518/518/508 519/519/509 517/517/507
f 520/520/510 521/521/511 519/519/509
f 522/522/512 523/523/513 521/521/511
f 524/524/514 525/525/515 523/523/513
f 526/526/516 527/527/517 525/525/515
f 528/528/518 529/529/519 527/527/517
f 515/515/505 530/530/520 531/531/521
f 514/514/504 532/532/522 530/530/520
f 517/517/507 533/533/523 532/532/522
f 519/519/509 534/534/524 533/533/523
f 521/521/511 535/535/525 534/534/524
f 523/523/513 536/536/526 535/535/525
f 525/525/515 537/537/527 536/536/526
f 527/527/517 538/538/528 537/537/527
f 531/531/521 539/539/529 540/540/530
f 530/530/520 541/541/531 539/539/529
f 532/532/522 542/542/532 541/541/531
f 533/533/523 543/543/533 542/542/532
f 534/534/524 544/544/534 543/543/533
f 535/535/525 545/545/535 544/544/534
f 536/536/526 546/546/536 545/545/535
f 537/537/527 547/547/537 546/546/536
f 540/540/530 548/548/538 549/549/539
f 539/539/529 550/550/540 548/548/538
f 541/541/531 551/551/541 550/550/540
f 542/542/532 552/552/542 551/551/541
f 543/543/533 553/553/543 552/552/542
f 544/544/534 554/554/544 553/553/543
f 545/545/535 555/555/545 554/554/544
f 546/546/536 556/556/546 555/555/545
f 549/549/539 557/557/547 558/558/548
f 548/548/538 559/559/549 557/557/547
f 550/550/540 560/560/550 559/559/549
f 551/551/541 561/561/551 560/560/550
f 552/552/542 562/562/552 561/561/551
f 553/553/543 563/563/553 562/562/552
f 554/554/544 564/564/554 563/563/553
f 555/555/545 565/565/555 564/564/554
f 558/558/548 566/566/556 567/567/557
f 557/557/547 568/568/558 566/566/556
f 559/559/549 569/569/559 568/568/558
f 560/560/550 570/570/560 569/569/559
f 561/561/551 571/571/561 570/570/560
f 562/562/552 572/572/562 571/571/561
f 563/563/553 573/573/563 572/572/562
f 564/564/554 574/574/564 573/573/563
f 567/567/557 575/575/565 576/576/566
f 566/566/556 577/577/567 575/575/565
f 568/568/558 578/578/568 577/577/567
f 569/569/559 579/579/569 578/578/568
f 570/570/560 580/580/570 579/579/569
f 571/571/561 581/581/571 580/580/570
f 572/572/562 582/582/572 581/581/571
f 573/573/563 583/583/573 582/582/572
f 576/576/566 584/584/574 585/585/575
f 575/575/565 586/586/576 584/584/574
f 577/577/567 587/587/577 586/586/576
f 578/578/568 588/588/578 587/587/577
f 579/579/569 589/589/579 588/588/578
f 580/580/570 590/590/580 589/589/579
f 581/581/571 591/591/581 590/590/580
f 582/582/572 592/592/582 591/591/581
f 585/585/575 593/593/583 594/594/584
f 584/584/574 595/595/585 593/593/583
f 586/586/576 596/596/586 595/595/585
f 587/587/577 597/597/587 596/596/586
f 588/588/578 598/598/588 597/597/587
f 589/589/579 599/599/589 598/598/588
f 590/590/580 600/600/590 599/599/589
f 591/591/581 601/601/591 600/600/590
f 594/594/584 602/602/592 603/603/593
f 593/593/583 604/604/594 602/602/592
f 595/595/585 605/605/595 604/604/594
f 596/596/586 606/606/596 605/605/595
f 597/597/587 607/607/597 606/606/596
f 598/598/588 608/608/598 607/607/597
f 599/599/589 609/609/599 608/608/598
f 600/600/590 610/610/600 609/609/599
f 603/603/593 611/611/601 612/612/602
f 602/602/592 613/613/603 611/611/601
f 604/604/594 614/614/604 613/613/603
f 605/605/595 615/615/605 614/614/604
f 606/606/596 616/616/606 615/615/605
f 607/607/597 617/617/607 616/616/606
f 608/608/598 618/618/608 617/617/607
f 609/609/599 619/619/609 618/618/608
f 612/612/602 620/620/610 621/621/611
f 611/611/601 622/622/612 620/620/610
f 613/613/603 623/623/613 622/622/612
f 614/614/604 624/624/614 623/623/613
f 615/615/605 625/625/615 624/624/614
f 616/616/606 626/626/616 625/625/615
f 617/617/607 627/627/617 626/626/616
f 618/618/608 628/628/618 627/627/617
f 621/621/611 629/629/619 630/630/620
f 620/620/610 631/631/621 629/629/619
f 622/622/612 632/632/622 631/631/621
f 623/623/613 633/633/623 632/632/622
f 624/624/614 634/634/624 633/633/623
f 625/625/615 635/635/625 634/634/624
f 626/626/616 636/636/626 635/635/625
f 627/627/617 637/637/627 636/636/626
f 630/630/620 638/638/628 639/639/629
f 629/629/619 640/640/630 638/638/628
f 631/631/621 641/641/631 640/640/630
f 632/632/622 642/642/632 641/641/631
f 633/633/623 643/643/633 642/642/632
f 634/634/624 644/644/634 643/643/633
f 635/635/625 645/645/635 644/644/634
f 636/636/626 646/646/636 645/645/635
f 639/639/629 647/647/637 648/648/638
f 638/638/628 649/649/639 647/647/637
f 640/640/630 650/650/640 649/649/639
f 641/641/631 651/651/641 650/650/640
f 642/642/632 652/652/642 651/651/641
f 643/643/633 653/653/643 652/652/642
f 644/644/634 654/654/644 653/653/643
f 645/645/635 655/655/645 654/654/644
f 648/648/638 656/656/646 657/657/647
f 647/647/637 658/658/648 656/656/646
f 649/649/639 659/659/649 658/658/648
f 650/650/640 660/660/650 659/659/649
f 651/651/641 661/661/651 660/660/650
f 652/652/642 662/662/652 661/661/651
f 653/653/643 663/663/653 662/662/652
f 654/654/644 664/664/654 663/663/653
f 665/665/646 666/666/655 667/667/647
f 668/668/648 669/669/656 665/665/646
f 670/670/649 671/671/657 668/668/648
f 672/672/650 673/673/658 670/670/649
f 674/674/651 675/675/659 672/672/650
f 676/676/652 677/677/660 674/674/651
f 678/678/653 679/679/661 676/676/652
f 680/680/654 681/681/662 678/678/653
f 669/669/656 682/682/663 666/666/655
f 671/671/657 683/683/664 669/669/656
f 673/673/658 684/684/665 671/671/657
f 675/675/659 685/685/666 673/673/658
f 677/677/660 686/686/667 675/675/659
f 679/679/661 687/687/668 677/677/660
f 681/681/662 688/688/669 679/679/661
f 689/689/670 690/690/671 681/681/662
f 683/683/664 691/691/672 682/682/663
f 684/684/665 692/692/673 683/683/664
f 685/685/666 693/693/674 684/684/665
f 686/686/667 694/694/675 685/685/666
f 687/687/668 695/695/676 686/686/667
f 688/688/669 696/696/677 687/687/668
f 690/690/671 697/697/678 688/688/669
f 698/698/679 699/699/680 690/690/671
f 692/692/673 700/700/681 691/691/672
f 693/693/674 701/701/682 692/692/673
f 694/694/675 702/702/683 693/693/674
f 695/695/676 703/703/684 694/694/675
f 696/696/677 704/704/685 695/695/676
f 697/697/678 705/705/686 696/696/677
f 699/699/680 706/706/687 697/697/678
f 707/707/688 708/708/689 699/699/680
f 701/701/682 709/709/690 700/700/681
f 702/702/683 710/710/691 701/701/682
f 703/703/684 711/711/692 702/702/683
f 704/704/685 712/712/693 703/703/684
f 705/705/686 713/713/694 704/704/685
f 706/706/687 714/714/695 705/705/686
f 708/708/689 715/715/696 706/706/687
f 716/716/697 717/717/698 708/708/689
f 710/710/691 718/718/699 709/709/690
f 711/711/692 719/719/700 710/710/691
f 712/712/693 720/720/701 711/711/692
f 713/713/694 721/721/702 712/712/693
f 714/714/695 722/722/703 713/713/694
f 715/715/696 723/723/704 714/714/695
f 717/717/698 724/724/705 715/715/696
f 725/725/706 726/726/707 717/717/698
f 719/719/700 727/727/708 718/718/699
f 720/720/701 728/728/709 719/719/700
f 721/721/702 729/729/710 720/720/701
f 722/722/703 730/730/711 721/721/702
f 723/723/704 731/731/712 722/722/703
f 724/724/705 732/732/713 723/723/704
f 726/726/707 733/733/714 724/724/705
f 734/734/715 735/735/716 726/726/707
f 728/728/709 736/736/717 727/727/708
f 729/729/710 737/737/718 728/728/709
f 730/730/711 738/738/719 729/729/710
f 731/731/712 739/739/720 730/730/711
f 732/732/713 740/740/721 731/731/712
f 733/733/714 741/741/722 732/732/713
f 735/735/716 742/742/723 733/733/714
f 743/743/724 744/744/725 735/735/716
f 737/737/718 745/745/726 736/736/717
f 738/738/719 746/746/727 737/737/718
f 739/739/720 747/747/728 738/738/719
f 740/740/721 748/748/729 739/739/720
f 741/741/722 749/749/730 740/740/721
f 742/742/723 750/750/731 741/741/722
f 744/744/725 751/751/732 742/742/723
f 752/752/733 753/753/734 744/744/725
f 746/746/727 754/754/735 745/745/726
f 747/747/728 755/755/736 746/746/727
f 748/748/729 756/756/737 747/747/728
f 749/749/730 757/757/738 748/748/729
f 750/750/731 758/758/739 749/749/730
f 751/751/732 759/759/740 750/750/731
f 753/753/734 760/760/741 751/751/732
f 761/761/742 762/762/743 753/753/734
f 755/755/736 763/763/744 754/754/735
f 756/756/737 764/764/745 755/755/736
f 757/757/738 765/765/746 756/756/737
f 758/758/739 766/766/747 757/757/738
f 759/759/740 767/767/748 758/758/739
f 760/760/741 768/768/749 759/759/740
f 762/762/743 769/769/750 760/760/741
f 770/770/751 771/771/752 762/762/743
f 764/764/745 772/772/753 763/763/744
f 765/765/746 773/773/754 764/764/745
f 766/766/747 774/774/755 765/765/746
f 767/767/748 775/775/756 766/766/747
f 768/768/749 776/776/757 767/767/748
f 769/769/750 777/777/758 768/768/749
f 771/771/752 778/778/759 769/769/750
f 779/779/760 780/780/761 771/771/752
f 773/773/754 781/781/762 772/772/753
f 774/774/755 782/782/763 773/773/754
f 775/775/756 783/783/764 774/774/755
f 776/776/757 784/784/765 775/775/756
f 777/777/758 785/785/766 776/776/757
f 778/778/759 786/786/767 777/777/758
f 780/780/761 787/787/768 778/778/759
f 788/788/769 789/789/770 780/780/761
f 782/782/763 790/790/771 781/781/762
f 783/783/764 791/791/772 782/782/763
f 784/784/765 792/792/773 783/783/764
f 785/785/766 793/793/774 784/784/765
f 786/786/767 794/794/775 785/785/766
f 787/787/768 795/795/776 786/786/767
f 789/789/770 796/796/777 787/787/768
f 797/797/778 798/798/779 789/789/770
f 791/791/772 799/799/780 790/790/771
f 792/792/773 800/800/781 791/791/772
f 793/793/774 801/801/782 792/792/773
f 794/794/775 802/802/783 793/793/774
f 795/795/776 803/803/784 794/794/775
f 796/796/777 804/804/785 795/795/776
f 798/798/779 805/805/786 796/796/777
f 806/806/787 807/807/788 798/798/779
f 800/800/781 513/513/503 799/799/780
f 801/801/782 516/516/506 800/800/781
f 802/802/783 518/518/508 801/801/782
f 803/803/784 520/520/510 802/802/783
f 804/804/785 522/522/512 803/803/784
f 805/805/786 524/524/514 804/804/785
f 807/807/788 526/526/516 805/805/786
f 808/808/789 528/528/518 807/807/788
f 809/809/790 810/810/791 811/811/792
f 812/812/793 505/505/495 813/813/794
f 814/814/795 343/343/340 335/335/332
f 815/815/796 409/409/399 816/816/797
f 817/817/798 481/481/471 818/818/799
f 819/819/800 311/311/308 303/303/300
f 820/820/801 821/821/382 375/375/372
f 822/822/802 449/449/439 823/823/803
f 824/824/804 279/279/276 271/271/268
f 825/825/805 351/351/348 343/343/340
f 826/826/806 417/417/407 815/815/796
f 827/827/807 489/489/479 817/817/798
f 828/828/808 319/319/316 311/311/308
f 829/829/809 386/386/382 830/830/810
f 831/831/811 457/457/447 822/822/802
f 832/832/812 287/287/284 279/279/276
f 833/833/813 359/359/356 351/351/348
f 834/834/814 425/425/415 826/826/806
f 813/813/794 497/497/487 827/827/807
f 835/835/815 327/327/324 319/319/316
f 836/836/816 384/384/381 829/829/809
f 837/837/817 465/465/455 831/831/811
f 838/838/818 295/295/292 287/287/284
f 839/839/819 367/367/364 359/359/356
f 840/840/820 433/433/423 834/834/814
f 841/841/821 842/842/822 843/843/823
f 844/844/824 335/335/332 327/327/324
f 816/816/797 401/401/391 836/836/816
f 818/818/799 473/473/463 837/837/817
f 845/845/825 303/303/300 295/295/292
f 846/846/826 375/375/372 367/367/364
f 823/823/803 441/441/431 840/840/820
f 847/847/827 848/848/828 849/849/829
f 850/850/830 851/851/831 852/852/832
f 853/853/833 854/854/834 855/855/835
f 849/849/829 856/856/836 857/857/837
f 852/852/832 858/858/838 859/859/839
f 855/855/835 860/860/840 861/861/841
f 857/857/837 862/862/842 863/863/843
f 864/864/839 865/865/844 866/866/845
f 861/861/841 867/867/846 868/868/847
f 863/863/843 869/869/848 841/841/821
f 866/866/845 870/870/849 871/871/850
f 868/868/847 872/872/851 873/873/852
f 874/874/853 875/875/854 876/876/855
f 871/871/850 877/877/856 878/878/857
f 873/873/852 879/879/858 880/880/859
f 843/843/823 881/881/860 853/853/833
f 878/878/857 882/882/861 883/883/862
f 880/880/859 884/884/863 885/885/864
f 883/883/862 886/886/865 887/887/866
f 885/885/864 888/888/867 889/889/868
f 887/887/866 890/890/869 891/891/870
f 889/889/868 892/892/871 893/893/872
f 891/891/870 894/894/873 895/895/874
f 893/893/872 896/896/875 897/897/876
f 895/895/874 898/898/877 899/899/878
f 897/897/876 900/900/879 901/901/880
f 899/899/878 902/902/881 903/903/882
f 901/901/880 904/904/883 905/905/884
f 903/903/882 906/906/885 907/907/886
f 905/905/884 908/908/887 909/909/888
f 907/907/886 910/910/889 847/847/827
f 909/909/888 911/911/890 850/850/830
f 912/912/891 913/913/892 914/914/893
f 915/915/894 916/916/895 875/875/854
f 917/917/896 918/918/897 919/919/898
f 914/914/893 920/920/899 921/921/900
f 922/922/901 799/799/780 513/513/503
f 917/917/896 923/923/902 924/924/903
f 925/925/904 920/920/899 926/926/905
f 874/874/853 927/927/906 928/928/907
f 929/929/908 923/923/902 930/930/909
f 925/925/904 931/931/910 932/932/911
f 929/929/908 933/933/912 934/934/913
f 932/932/911 935/935/914 936/936/915
f 937/937/916 933/933/912 938/938/917
f 936/936/915 939/939/918 940/940/919
f 941/941/920 938/938/917 942/942/921
f 940/940/919 943/943/922 944/944/923
f 945/945/924 942/942/921 946/946/925
f 944/944/923 947/947/926 948/948/927
f 949/949/928 946/946/925 950/950/929
f 948/948/927 951/951/930 952/952/931
f 953/953/932 950/950/929 954/954/933
f 952/952/931 955/955/934 956/956/935
f 953/953/932 957/957/936 958/958/937
f 956/956/935 959/959/938 960/960/939
f 958/958/937 961/961/940 962/962/941
f 963/963/942 959/959/938 964/964/943
f 928/928/907 965/965/944 966/966/945
f 967/967/946 961/961/940 968/968/947
f 963/963/942 969/969/948 970/970/949
f 966/966/945 971/971/950 912/912/891
f 972/972/951 968/968/947 916/916/895
f 973/973/949 918/918/897 974/974/952
f 975/975/953 976/976/954 977/977/955
f 978/978/956 979/979/957 980/980/958
f 981/981/959 982/982/960 983/983/961
f 984/984/962 977/977/955 985/985/963
f 980/980/958 986/986/964 987/987/965
f 983/983/961 988/988/966 989/989/967
f 990/990/968 985/985/963 991/991/969
f 992/992/970 271/271/268 263/263/260
f 993/993/971 988/988/966 994/994/972
f 990/990/968 995/995/973 996/996/974
f 993/993/971 997/997/975 998/998/976
f 999/999/977 995/995/973 1000/1000/978
f 998/998/976 1001/1001/979 1002/1002/980
f 1003/1003/981 1000/1000/978 1004/1004/982
f 1002/1002/980 1005/1005/983 1006/1006/984
f 1003/1003/981 1007/1007/985 1008/1008/986
f 1006/1006/984 1009/1009/987 1010/1010/988
f 1011/1011/989 1007/1007/985 1012/1012/990
f 1010/1010/988 1013/1013/991 1014/1014/992
f 1015/1015/993 1012/1012/990 1016/1016/994
f 1014/1014/992 1017/1017/995 1018/1018/996
f 1015/1015/993 1019/1019/997 1020/1020/998
f 1018/1018/996 1021/1021/999 1022/1022/1000
f 1023/1023/1001 1019/1019/997 1024/1024/1002
f 1022/1022/1000 1025/1025/1003 1026/1026/1004
f 1023/1023/1001 1027/1027/1005 1028/1028/1006
f 987/987/965 1029/1029/1007 809/809/790
f 1026/1026/1004 1030/1030/1008 1031/1031/1009
f 1032/1032/1010 1027/1027/1005 1033/1033/1011
f 1034/1034/1012 810/810/791 976/976/954
f 1031/1031/1009 1035/1035/1013 978/978/956
f 1036/1036/959 1033/1033/1011 1037/1037/1014
f 1038/1038/1015 667/667/647 666/666/655
f 1039/1039/1016 549/549/539 1040/1040/1017
f 1041/1041/1018 790/790/771 799/799/780
f 1042/1042/1019 666/666/655 682/682/663
f 1040/1040/1017 558/558/548 1043/1043/1020
f 1044/1044/1021 682/682/663 691/691/672
f 1043/1043/1020 567/567/557 1045/1045/1022
f 922/922/901 515/515/505 1046/1046/1023
f 1047/1047/1024 691/691/672 700/700/681
f 1045/1045/1022 576/576/566 1048/1048/1025
f 1049/1049/1026 700/700/681 709/709/690
f 1048/1048/1025 585/585/575 1050/1050/1027
f 1051/1051/1028 709/709/690 718/718/699
f 1050/1050/1027 594/594/584 1052/1052/1029
f 1053/1053/1030 718/718/699 727/727/708
f 1052/1052/1029 603/603/593 1054/1054/1031
f 1055/1055/1032 727/727/708 736/736/717
f 1054/1054/1031 612/612/602 1056/1056/1033
f 1057/1057/1034 736/736/717 745/745/726
f 1056/1056/1033 621/621/611 1058/1058/1035
f 1059/1059/1036 745/745/726 754/754/735
f 1058/1058/1035 630/630/620 1060/1060/1037
f 1061/1061/1038 754/754/735 763/763/744
f 1060/1060/1037 639/639/629 1062/1062/1039
f 1063/1063/1040 763/763/744 772/772/753
f 1062/1062/1039 648/648/638 1064/1064/1041
f 1046/1046/1023 531/531/521 1065/1065/1042
f 1066/1066/1043 772/772/753 781/781/762
f 1064/1064/1041 657/657/647 1067/1067/1044
f 1065/1065/1042 540/540/530 1039/1039/1016
f 1068/1068/1045 781/781/762 790/790/771
f 1069/1069/1046 538/538/528 1070/1070/1047
f 1071/1071/1048 547/547/537 1069/1069/1046
f 1072/1072/1049 556/556/546 1071/1071/1048
f 1073/1073/1050 565/565/555 1072/1072/1049
f 1074/1074/1051 574/574/564 1073/1073/1050
f 1075/1075/1052 583/583/573 1074/1074/1051
f 1076/1076/1053 592/592/582 1075/1075/1052
f 1077/1077/1054 601/601/591 1076/1076/1053
f 1078/1078/1055 610/610/600 1077/1077/1054
f 1079/1079/1056 619/619/609 1078/1078/1055
f 1080/1080/1057 628/628/618 1079/1079/1056
f 1081/1081/1058 637/637/627 1080/1080/1057
f 1082/1082/1059 646/646/636 1081/1081/1058
f 1083/1083/1060 655/655/645 1082/1082/1059
f 1084/1084/1060 689/689/670 680/680/654
f 1085/1085/1061 698/698/679 689/689/670
f 1086/1086/1062 707/707/688 698/698/679
f 1087/1087/1063 716/716/697 707/707/688
f 1088/1088/1064 725/725/706 716/716/697
f 1089/1089/1065 734/734/715 725/725/706
f 1090/1090/1066 743/743/724 734/734/715
f 1091/1091/1067 752/752/733 743/743/724
f 1092/1092/1068 761/761/742 752/752/733
f 1093/1093/1069 770/770/751 761/761/742
f 1094/1094/1070 779/779/760 770/770/751
f 1095/1095/1071 788/788/769 779/779/760
f 1096/1096/1072 797/797/778 788/788/769
f 1097/1097/1073 806/806/787 797/797/778
f 1098/1098/1074 808/808/789 806/806/787
f 812/812/793 263/263/260 248/248/245
f 1070/1070/1047 529/529/519 143/143/142
f 1099/1099/1075 144/144/143 808/808/789
f 3/3/3 242/242/240 207/207/205
f 2/2/2 243/243/241 242/242/240
f 24/24/24 192/192/190 243/243/241
f 38/38/38 190/190/188 192/192/190
f 53/53/52 199/199/197 190/190/188
f 16/16/16 204/204/202 199/199/197
f 15/15/15 210/210/208 204/204/202
f 32/32/32 214/214/212 210/210/208
f 46/46/46 219/219/217 214/214/212
f 7/7/7 221/221/219 219/219/217
f 6/6/6 224/224/222 221/221/219
f 26/26/26 228/228/226 224/224/222
f 40/40/40 232/232/230 228/228/226
f 55/55/54 235/235/233 232/232/230
f 19/19/19 240/240/238 235/235/233
f 18/18/18 246/246/244 240/240/238
f 49/49/48 247/247/244 47/47/34
f 8/8/8 198/198/196 49/49/48
f 10/10/10 196/196/194 8/8/8
f 28/28/28 202/202/200 10/10/10
f 42/42/42 208/208/206 28/28/28
f 57/57/56 213/213/211 42/42/42
f 20/20/20 217/217/215 57/57/56
f 22/22/22 220/220/218 20/20/20
f 36/36/36 222/222/220 22/22/22
f 51/51/50 227/227/225 36/36/36
f 11/11/11 231/231/229 51/51/50
f 13/13/13 234/234/232 11/11/11
f 30/30/30 238/238/236 13/13/13
f 44/44/44 245/245/243 30/30/30
f 4/4/4 195/195/193 44/44/44
f 3/3/3 193/193/191 4/4/4
f 1100/1100/1076 73/73/72 206/206/204
f 241/241/239 101/101/100 1100/1100/1076
f 191/191/189 79/79/78 241/241/239
f 191/191/189 87/87/86 80/80/79
f 200/200/198 92/92/91 87/87/86
f 211/211/209 92/92/91 205/205/203
f 215/215/213 99/99/98 211/211/209
f 215/215/213 109/109/108 105/105/104
f 1101/1101/1077 113/113/112 109/109/108
f 225/225/223 113/113/112 218/218/216
f 229/229/227 117/117/116 225/225/223
f 229/229/227 125/125/124 121/121/120
f 236/236/234 125/125/124 233/233/231
f 1102/1102/1078 129/129/128 236/236/234
f 1102/1102/1078 70/70/69 69/69/68
f 1103/1103/1079 70/70/69 239/239/237
f 1104/1104/1079 85/85/84 84/84/83
f 203/203/201 85/85/84 197/197/195
f 203/203/201 97/97/96 90/90/89
f 1105/1105/1080 97/97/96 209/209/207
f 1105/1105/1080 107/107/106 103/103/102
f 216/216/214 107/107/106 212/212/210
f 216/216/214 115/115/114 111/111/110
f 1106/1106/1081 115/115/114 223/223/221
f 226/226/224 119/119/118 1106/1106/1081
f 226/226/224 127/127/126 123/123/122
f 230/230/228 66/66/65 127/127/126
f 1107/1107/1082 67/67/66 66/66/65
f 237/237/235 75/75/74 67/67/66
f 194/194/192 75/75/74 244/244/242
f 194/194/192 72/72/71 82/82/81
f 206/206/204 72/72/71 1108/1108/1083
f 201/201/199 95/95/94 71/71/70
f 100/100/99 93/93/92 201/201/199
f 100/100/99 133/133/132 150/150/149
f 86/86/85 133/133/132 78/78/77
f 86/86/85 142/142/141 134/134/133
f 98/98/97 142/142/141 91/91/90
f 104/104/103 149/149/148 98/98/97
f 104/104/103 157/157/156 155/155/154
f 112/112/111 157/157/156 108/108/107
f 112/112/111 164/164/163 160/160/159
f 116/116/115 168/168/167 164/164/163
f 120/120/119 171/171/170 168/168/167
f 128/128/127 171/171/170 124/124/123
f 131/131/130 174/174/173 128/128/127
f 68/68/67 178/178/177 131/131/130
f 68/68/67 186/186/185 181/181/180
f 83/83/82 189/189/185 1109/1109/1084
f 83/83/82 140/140/139 139/139/138
f 96/96/95 140/140/139 89/89/88
f 102/102/101 147/147/146 96/96/95
f 106/106/105 153/153/152 102/102/101
f 106/106/105 159/159/158 156/156/155
f 114/114/113 159/159/158 110/110/109
f 118/118/117 162/162/161 114/114/113
f 122/122/121 166/166/165 118/118/117
f 122/122/121 172/172/171 170/170/169
f 130/130/129 172/172/171 126/126/125
f 130/130/129 179/179/178 175/175/174
f 74/74/73 179/179/178 65/65/64
f 74/74/73 137/137/136 183/183/182
f 88/88/87 137/137/136 81/81/80
f 71/71/70 135/135/134 88/88/87
f 151/151/150 1110/1110/144 94/94/93
f 1111/1111/1085 1112/1112/1086 151/151/150
f 187/187/186 1113/1113/1047 1111/1111/1085
f 132/132/131 1114/1114/1046 187/187/186
f 141/141/140 1115/1115/1048 132/132/131
f 148/148/147 1116/1116/1087 141/141/140
f 154/154/153 1117/1117/1088 148/148/147
f 161/161/160 1118/1118/1089 154/154/153
f 1119/1119/1090 1120/1120/1091 161/161/160
f 163/163/162 1121/1121/1092 1119/1119/1090
f 167/167/166 1122/1122/1093 163/163/162
f 1123/1123/1094 1124/1124/1095 167/167/166
f 173/173/172 1125/1125/1096 1123/1123/1094
f 177/177/176 1126/1126/1097 173/173/172
f 1127/1127/1098 1128/1128/1099 177/177/176
f 185/185/184 1129/1129/1100 1127/1127/1098
f 1130/1130/184 1131/1131/1061 1132/1132/1060
f 188/188/187 1133/1133/1101 1131/1131/1061
f 138/138/137 1134/1134/1102 1133/1133/1101
f 146/146/145 1135/1135/1064 1134/1134/1102
f 152/152/151 1136/1136/1103 1135/1135/1064
f 1137/1137/1104 1138/1138/1105 1136/1136/1103
f 158/158/157 1139/1139/1106 1138/1138/1105
f 1140/1140/1107 1141/1141/1108 1139/1139/1106
f 165/165/164 1142/1142/1109 1141/1141/1108
f 169/169/168 1143/1143/1110 1142/1142/1109
f 176/176/175 1144/1144/1111 1143/1143/1110
f 180/180/179 1145/1145/1112 1144/1144/1111
f 184/184/183 1146/1146/1113 1145/1145/1112
f 1147/1147/1114 1148/1148/1074 1146/1146/1113
f 136/136/135 1149/1149/1115 1148/1148/1074
f 182/182/181 1110/1110/144 1149/1149/1115
f 809/809/790 992/992/970 812/812/793
f 811/811/792 824/824/804 992/992/970
f 1034/1034/1012 832/832/812 824/824/804
f 975/975/953 838/838/818 832/832/812
f 984/984/962 845/845/825 838/838/818
f 990/990/968 819/819/800 845/845/825
f 996/996/974 828/828/808 819/819/800
f 999/999/977 835/835/815 828/828/808
f 1003/1003/981 844/844/824 835/835/815
f 1008/1008/986 814/814/795 844/844/824
f 1011/1011/989 825/825/805 814/814/795
f 1015/1015/993 833/833/813 825/825/805
f 1020/1020/998 839/839/819 833/833/813
f 1023/1023/1001 846/846/826 839/839/819
f 1028/1028/1006 820/820/801 846/846/826
f 1032/1032/1010 1150/1150/810 820/820/801
f 983/983/961 830/830/810 981/981/959
f 989/989/967 829/829/809 983/983/961
f 993/993/971 836/836/816 989/989/967
f 998/998/976 816/816/797 993/993/971
f 1002/1002/980 815/815/796 998/998/976
f 1006/1006/984 826/826/806 1002/1002/980
f 1010/1010/988 834/834/814 1006/1006/984
f 1014/1014/992 840/840/820 1010/1010/988
f 1018/1018/996 823/823/803 1014/1014/992
f 1022/1022/1000 822/822/802 1018/1018/996
f 1026/1026/1004 831/831/811 1022/1022/1000
f 1031/1031/1009 837/837/817 1026/1026/1004
f 978/978/956 818/818/799 1031/1031/1009
f 980/980/958 817/817/798 978/978/956
f 987/987/965 827/827/807 980/980/958
f 809/809/790 813/813/794 987/987/965
f 853/853/833 1029/1029/1007 843/843/823
f 853/853/833 976/976/954 810/810/791
f 855/855/835 977/977/955 976/976/954
f 861/861/841 985/985/963 977/977/955
f 873/873/852 985/985/963 868/868/847
f 880/880/859 991/991/969 873/873/852
f 880/880/859 1000/1000/978 995/995/973
f 889/889/868 1000/1000/978 885/885/864
f 893/893/872 1004/1004/982 889/889/868
f 897/897/876 1007/1007/985 893/893/872
f 897/897/876 1016/1016/994 1012/1012/990
f 905/905/884 1016/1016/994 901/901/880
f 905/905/884 1024/1024/1002 1019/1019/997
f 850/850/830 1024/1024/1002 909/909/888
f 850/850/830 1033/1033/1011 1027/1027/1005
f 859/859/839 1033/1033/1011 852/852/832
f 866/866/845 1151/1151/1014 864/864/839
f 871/871/850 982/982/960 866/866/845
f 871/871/850 994/994/972 988/988/966
f 883/883/862 994/994/972 878/878/857
f 887/887/866 997/997/975 883/883/862
f 891/891/870 1001/1001/979 887/887/866
f 895/895/874 1005/1005/983 891/891/870
f 899/899/878 1009/1009/987 895/895/874
f 903/903/882 1013/1013/991 899/899/878
f 907/907/886 1017/1017/995 903/903/882
f 847/847/827 1021/1021/999 907/907/886
f 847/847/827 1030/1030/1008 1025/1025/1003
f 857/857/837 1030/1030/1008 849/849/829
f 863/863/843 1035/1035/1013 857/857/837
f 841/841/821 979/979/957 863/863/843
f 843/843/823 986/986/964 841/841/821
f 874/874/853 881/881/860 842/842/822
f 966/966/945 881/881/860 928/928/907
f 912/912/891 854/854/834 966/966/945
f 912/912/891 867/867/846 860/860/840
f 921/921/900 867/867/846 914/914/893
f 921/921/900 879/879/858 872/872/851
f 932/932/911 879/879/858 925/925/904
f 936/936/915 884/884/863 932/932/911
f 940/940/919 888/888/867 936/936/915
f 940/940/919 896/896/875 892/892/871
f 948/948/927 896/896/875 944/944/923
f 948/948/927 904/904/883 900/900/879
f 952/952/931 908/908/887 904/904/883
f 960/960/939 908/908/887 956/956/935
f 963/963/942 911/911/890 960/960/939
f 970/970/949 851/851/831 963/963/942
f 974/974/952 1152/1152/838 973/973/949
f 974/974/952 870/870/849 865/865/844
f 924/924/903 870/870/849 917/917/896
f 924/924/903 882/882/861 877/877/856
f 929/929/908 886/886/865 882/882/861
f 937/937/916 886/886/865 934/934/913
f 937/937/916 894/894/873 890/890/869
f 945/945/924 894/894/873 941/941/920
f 945/945/924 902/902/881 898/898/877
f 949/949/928 906/906/885 902/902/881
f 953/953/932 910/910/889 906/906/885
f 958/958/937 848/848/828 910/910/889
f 962/962/941 856/856/836 848/848/828
f 967/967/946 862/862/842 856/856/836
f 972/972/951 869/869/848 862/862/842
f 874/874/853 869/869/848 915/915/894
f 1153/1153/1116 876/876/855 1154/1154/1117
f 1155/1155/1118 927/927/906 1153/1153/1116
f 1156/1156/1119 965/965/944 1155/1155/1118
f 1157/1157/1120 971/971/950 1156/1156/1119
f 1158/1158/1121 913/913/892 1157/1157/1120
f 1159/1159/1122 920/920/899 1158/1158/1121
f 1160/1160/1123 926/926/905 1159/1159/1122
f 1161/1161/1027 931/931/910 1160/1160/1123
f 1162/1162/1124 935/935/914 1161/1161/1027
f 1163/1163/1125 939/939/918 1162/1162/1124
f 1164/1164/1033 943/943/922 1163/1163/1125
f 1165/1165/1126 947/947/926 1164/1164/1033
f 1166/1166/1127 951/951/930 1165/1165/1126
f 1167/1167/1128 955/955/934 1166/1166/1127
f 1168/1168/1129 959/959/938 1167/1167/1128
f 1169/1169/1044 964/964/943 1168/1168/1129
f 1170/1170/1044 918/918/897 1171/1171/948
f 1172/1172/1130 919/919/898 918/918/897
f 1173/1173/1131 923/923/902 919/919/898
f 1174/1174/1132 930/930/909 923/923/902
f 1175/1175/1133 933/933/912 930/930/909
f 1176/1176/1026 938/938/917 933/933/912
f 1177/1177/1028 942/942/921 938/938/917
f 1178/1178/1134 946/946/925 942/942/921
f 1179/1179/1135 950/950/929 946/946/925
f 1180/1180/1136 954/954/933 950/950/929
f 1181/1181/1137 957/957/936 954/954/933
f 1182/1182/1138 961/961/940 957/957/936
f 1183/1183/1139 968/968/947 961/961/940
f 1184/1184/1140 916/916/895 968/968/947
f 1185/1185/1141 875/875/854 916/916/895
f 1186/1186/1142 876/876/855 875/875/854
f 1100/1100/1076 207/207/205 242/242/240
f 1/1/1 23/23/23 2/2/2
f 4/4/4 58/58/57 1/1/1
f 5/5/5 25/25/25 6/6/6
f 8/8/8 60/60/59 9/9/9
f 11/11/11 61/61/60 12/12/12
f 14/14/14 31/31/31 15/15/15
f 17/17/17 33/33/33 18/18/18
f 20/20/20 64/64/63 21/21/21
f 23/23/23 37/37/37 24/24/24
f 25/25/25 39/39/39 26/26/26
f 10/10/10 9/9/9 27/27/27
f 13/13/13 12/12/12 29/29/29
f 31/31/31 45/45/45 32/32/32
f 33/33/33 383/383/380 34/34/34
f 22/22/22 21/21/21 35/35/35
f 37/37/37 52/52/51 38/38/38
f 39/39/39 54/54/53 40/40/40
f 28/28/28 27/27/27 41/41/41
f 30/30/30 29/29/29 43/43/43
f 45/45/45 59/59/58 46/46/46
f 47/47/34 400/400/380 48/48/47
f 36/36/36 35/35/35 50/50/49
f 52/52/51 62/62/61 53/53/52
f 54/54/53 63/63/62 55/55/54
f 42/42/42 41/41/41 56/56/55
f 44/44/44 43/43/43 58/58/57
f 59/59/58 5/5/5 7/7/7
f 49/49/48 48/48/47 60/60/59
f 51/51/50 50/50/49 61/61/60
f 62/62/61 14/14/14 16/16/16
f 63/63/62 17/17/17 19/19/19
f 57/57/56 56/56/55 64/64/63
f 65/65/64 130/130/129 66/66/65
f 68/68/67 131/131/130 69/69/68
f 71/71/70 88/88/87 72/72/71
f 74/74/73 65/65/64 67/67/66
f 76/76/75 68/68/67 70/70/69
f 78/78/77 100/100/99 79/79/78
f 81/81/80 74/74/73 75/75/74
f 83/83/82 1109/1109/1084 84/84/83
f 86/86/85 78/78/77 80/80/79
f 88/88/87 81/81/80 82/82/81
f 89/89/88 83/83/82 85/85/84
f 91/91/90 86/86/85 87/87/86
f 93/93/92 151/151/150 94/94/93
f 96/96/95 89/89/88 90/90/89
f 98/98/97 91/91/90 92/92/91
f 100/100/99 201/201/199 101/101/100
f 102/102/101 96/96/95 97/97/96
f 104/104/103 98/98/97 99/99/98
f 106/106/105 102/102/101 103/103/102
f 108/108/107 104/104/103 105/105/104
f 110/110/109 106/106/105 107/107/106
f 112/112/111 108/108/107 109/109/108
f 114/114/113 110/110/109 111/111/110
f 116/116/115 112/112/111 113/113/112
f 118/118/117 114/114/113 115/115/114
f 120/120/119 116/116/115 117/117/116
f 122/122/121 118/118/117 119/119/118
f 124/124/123 120/120/119 121/121/120
f 126/126/125 122/122/121 123/123/122
f 128/128/127 124/124/123 125/125/124
f 130/130/129 126/126/125 127/127/126
f 131/131/130 128/128/127 129/129/128
f 132/132/131 187/187/186 133/133/132
f 135/135/134 182/182/181 136/136/135
f 138/138/137 188/188/187 139/139/138
f 141/141/140 132/132/131 134/134/133
f 143/143/142 529/529/519 144/144/143
f 146/146/145 138/138/137 140/140/139
f 148/148/147 141/141/140 142/142/141
f 150/150/149 1111/1111/1085 151/151/150
f 152/152/151 146/146/145 147/147/146
f 154/154/153 148/148/147 149/149/148
f 156/156/155 1137/1137/1104 152/152/151
f 157/157/156 161/161/160 154/154/153
f 158/158/157 1137/1137/1104 156/156/155
f 160/160/159 1119/1119/1090 161/161/160
f 162/162/161 1140/1140/1107 158/158/157
f 163/163/162 1119/1119/1090 160/160/159
f 165/165/164 1140/1140/1107 162/162/161
f 167/167/166 163/163/162 164/164/163
f 169/169/168 165/165/164 166/166/165
f 171/171/170 1123/1123/1094 167/167/166
f 172/172/171 176/176/175 169/169/168
f 173/173/172 1123/1123/1094 171/171/170
f 175/175/174 180/180/179 176/176/175
f 177/177/176 173/173/172 174/174/173
f 179/179/178 184/184/183 180/180/179
f 181/181/180 1127/1127/1098 177/177/176
f 95/95/94 94/94/93 182/182/181
f 183/183/182 1147/1147/1114 184/184/183
f 185/185/184 1127/1127/1098 181/181/180
f 187/187/186 1111/1111/1085 150/150/149
f 136/136/135 1147/1147/1114 183/183/182
f 188/188/187 1130/1130/184 189/189/185
f 190/190/188 200/200/198 191/191/189
f 193/193/191 1108/1108/1083 194/194/192
f 196/196/194 203/203/201 197/197/195
f 199/199/197 205/205/203 200/200/198
f 201/201/199 71/71/70 73/73/72
f 202/202/200 209/209/207 203/203/201
f 204/204/202 211/211/209 205/205/203
f 206/206/204 1108/1108/1083 193/193/191
f 208/208/206 1105/1105/1080 209/209/207
f 210/210/208 215/215/213 211/211/209
f 212/212/210 1105/1105/1080 208/208/206
f 214/214/212 1101/1101/1077 215/215/213
f 216/216/214 212/212/210 213/213/211
f 218/218/216 1101/1101/1077 214/214/212
f 220/220/218 223/223/221 216/216/214
f 221/221/219 225/225/223 218/218/216
f 222/222/220 1106/1106/1081 223/223/221
f 224/224/222 229/229/227 225/225/223
f 226/226/224 1106/1106/1081 222/222/220
f 228/228/226 233/233/231 229/229/227
f 230/230/228 226/226/224 227/227/225
f 232/232/230 236/236/234 233/233/231
f 234/234/232 1107/1107/1082 230/230/228
f 235/235/233 1102/1102/1078 236/236/234
f 237/237/235 1107/1107/1082 234/234/232
f 239/239/237 1102/1102/1078 235/235/233
f 241/241/239 1100/1100/1076 242/242/240
f 244/244/242 237/237/235 238/238/236
f 246/246/244 1103/1103/1079 239/239/237
f 191/191/189 241/241/239 243/243/241
f 195/195/193 194/194/192 244/244/242
f 197/197/195 1104/1104/1079 247/247/244
f 248/248/245 263/263/260 249/249/246
f 250/250/247 249/249/246 251/251/248
f 252/252/249 251/251/248 253/253/250
f 254/254/251 253/253/250 255/255/252
f 256/256/253 255/255/252 257/257/254
f 258/258/255 257/257/254 259/259/256
f 260/260/257 259/259/256 261/261/258
f 262/262/259 261/261/258 23/23/23
f 263/263/260 271/271/268 264/264/261
f 249/249/246 264/264/261 265/265/262
f 251/251/248 265/265/262 266/266/263
f 253/253/250 266/266/263 267/267/264
f 255/255/252 267/267/264 268/268/265
f 257/257/254 268/268/265 269/269/266
f 259/259/256 269/269/266 270/270/267
f 261/261/258 270/270/267 37/37/37
f 271/271/268 279/279/276 272/272/269
f 264/264/261 272/272/269 273/273/270
f 265/265/262 273/273/270 274/274/271
f 266/266/263 274/274/271 275/275/272
f 267/267/264 275/275/272 276/276/273
f 268/268/265 276/276/273 277/277/274
f 269/269/266 277/277/274 278/278/275
f 270/270/267 278/278/275 52/52/51
f 279/279/276 287/287/284 280/280/277
f 272/272/269 280/280/277 281/281/278
f 273/273/270 281/281/278 282/282/279
f 274/274/271 282/282/279 283/283/280
f 275/275/272 283/283/280 284/284/281
f 276/276/273 284/284/281 285/285/282
f 277/277/274 285/285/282 286/286/283
f 278/278/275 286/286/283 62/62/61
f 287/287/284 295/295/292 288/288/285
f 280/280/277 288/288/285 289/289/286
f 281/281/278 289/289/286 290/290/287
f 282/282/279 290/290/287 291/291/288
f 283/283/280 291/291/288 292/292/289
f 284/284/281 292/292/289 293/293/290
f 285/285/282 293/293/290 294/294/291
f 286/286/283 294/294/291 14/14/14
f 295/295/292 303/303/300 296/296/293
f 288/288/285 296/296/293 297/297/294
f 289/289/286 297/297/294 298/298/295
f 290/290/287 298/298/295 299/299/296
f 291/291/288 299/299/296 300/300/297
f 292/292/289 300/300/297 301/301/298
f 293/293/290 301/301/298 302/302/299
f 294/294/291 302/302/299 31/31/31
f 303/303/300 311/311/308 304/304/301
f 296/296/293 304/304/301 305/305/302
f 297/297/294 305/305/302 306/306/303
f 298/298/295 306/306/303 307/307/304
f 299/299/296 307/307/304 308/308/305
f 300/300/297 308/308/305 309/309/306
f 301/301/298 309/309/306 310/310/307
f 302/302/299 310/310/307 45/45/45
f 311/311/308 319/319/316 312/312/309
f 304/304/301 312/312/309 313/313/310
f 305/305/302 313/313/310 314/314/311
f 306/306/303 314/314/311 315/315/312
f 307/307/304 315/315/312 316/316/313
f 308/308/305 316/316/313 317/317/314
f 309/309/306 317/317/314 318/318/315
f 310/310/307 318/318/315 59/59/58
f 319/319/316 327/327/324 320/320/317
f 312/312/309 320/320/317 321/321/318
f 313/313/310 321/321/318 322/322/319
f 314/314/311 322/322/319 323/323/320
f 315/315/312 323/323/320 324/324/321
f 316/316/313 324/324/321 325/325/322
f 317/317/314 325/325/322 326/326/323
f 318/318/315 326/326/323 5/5/5
f 327/327/324 335/335/332 328/328/325
f 320/320/317 328/328/325 329/329/326
f 321/321/318 329/329/326 330/330/327
f 322/322/319 330/330/327 331/331/328
f 323/323/320 331/331/328 332/332/329
f 324/324/321 332/332/329 333/333/330
f 325/325/322 333/333/330 334/334/331
f 326/326/323 334/334/331 25/25/25
f 335/335/332 343/343/340 336/336/333
f 328/328/325 336/336/333 337/337/334
f 329/329/326 337/337/334 338/338/335
f 330/330/327 338/338/335 339/339/336
f 331/331/328 339/339/336 340/340/337
f 332/332/329 340/340/337 341/341/338
f 333/333/330 341/341/338 342/342/339
f 334/334/331 342/342/339 39/39/39
f 343/343/340 351/351/348 344/344/341
f 336/336/333 344/344/341 345/345/342
f 337/337/334 345/345/342 346/346/343
f 338/338/335 346/346/343 347/347/344
f 339/339/336 347/347/344 348/348/345
f 340/340/337 348/348/345 349/349/346
f 341/341/338 349/349/346 350/350/347
f 342/342/339 350/350/347 54/54/53
f 351/351/348 359/359/356 352/352/349
f 344/344/341 352/352/349 353/353/350
f 345/345/342 353/353/350 354/354/351
f 346/346/343 354/354/351 355/355/352
f 347/347/344 355/355/352 356/356/353
f 348/348/345 356/356/353 357/357/354
f 349/349/346 357/357/354 358/358/355
f 350/350/347 358/358/355 63/63/62
f 359/359/356 367/367/364 360/360/357
f 352/352/349 360/360/357 361/361/358
f 353/353/350 361/361/358 362/362/359
f 354/354/351 362/362/359 363/363/360
f 355/355/352 363/363/360 364/364/361
f 356/356/353 364/364/361 365/365/362
f 357/357/354 365/365/362 366/366/363
f 358/358/355 366/366/363 17/17/17
f 367/367/364 375/375/372 368/368/365
f 360/360/357 368/368/365 369/369/366
f 361/361/358 369/369/366 370/370/367
f 362/362/359 370/370/367 371/371/368
f 363/363/360 371/371/368 372/372/369
f 364/364/361 372/372/369 373/373/370
f 365/365/362 373/373/370 374/374/371
f 366/366/363 374/374/371 33/33/33
f 375/375/372 821/821/382 376/376/373
f 368/368/365 376/376/373 377/377/374
f 369/369/366 377/377/374 378/378/375
f 370/370/367 378/378/375 379/379/376
f 371/371/368 379/379/376 380/380/377
f 372/372/369 380/380/377 381/381/378
f 373/373/370 381/381/378 382/382/379
f 374/374/371 382/382/379 383/383/380
f 384/384/381 387/387/383 385/385/373
f 387/387/383 389/389/384 388/388/374
f 389/389/384 391/391/385 390/390/375
f 391/391/385 393/393/387 392/392/386
f 393/393/387 395/395/388 394/394/377
f 395/395/388 397/397/389 396/396/378
f 397/397/389 399/399/390 398/398/379
f 399/399/390 48/48/47 400/400/380
f 401/401/391 402/402/392 387/387/383
f 402/402/392 403/403/393 389/389/384
f 403/403/393 404/404/394 391/391/385
f 404/404/394 405/405/395 393/393/387
f 405/405/395 406/406/396 395/395/388
f 406/406/396 407/407/397 397/397/389
f 407/407/397 408/408/398 399/399/390
f 408/408/398 60/60/59 48/48/47
f 409/409/399 410/410/400 402/402/392
f 410/410/400 411/411/401 403/403/393
f 411/411/401 412/412/402 404/404/394
f 412/412/402 413/413/403 405/405/395
f 413/413/403 414/414/404 406/406/396
f 414/414/404 415/415/405 407/407/397
f 415/415/405 416/416/406 408/408/398
f 416/416/406 9/9/9 60/60/59
f 417/417/407 418/418/408 410/410/400
f 418/418/408 419/419/409 411/411/401
f 419/419/409 420/420/410 412/412/402
f 420/420/410 421/421/411 413/413/403
f 421/421/411 422/422/412 414/414/404
f 422/422/412 423/423/413 415/415/405
f 423/423/413 424/424/414 416/416/406
f 424/424/414 27/27/27 9/9/9
f 425/425/415 426/426/416 418/418/408
f 426/426/416 427/427/417 419/419/409
f 427/427/417 428/428/418 420/420/410
f 428/428/418 429/429/419 421/421/411
f 429/429/419 430/430/420 422/422/412
f 430/430/420 431/431/421 423/423/413
f 431/431/421 432/432/422 424/424/414
f 432/432/422 41/41/41 27/27/27
f 433/433/423 434/434/424 426/426/416
f 434/434/424 435/435/425 427/427/417
f 435/435/425 436/436/426 428/428/418
f 436/436/426 437/437/427 429/429/419
f 437/437/427 438/438/428 430/430/420
f 438/438/428 439/439/429 431/431/421
f 439/439/429 440/440/430 432/432/422
f 440/440/430 56/56/55 41/41/41
f 441/441/431 442/442/432 434/434/424
f 442/442/432 443/443/433 435/435/425
f 443/443/433 444/444/434 436/436/426
f 444/444/434 445/445/435 437/437/427
f 445/445/435 446/446/436 438/438/428
f 446/446/436 447/447/437 439/439/429
f 447/447/437 448/448/438 440/440/430
f 448/448/438 64/64/63 56/56/55
f 449/449/439 450/450/440 442/442/432
f 450/450/440 451/451/441 443/443/433
f 451/451/441 452/452/442 444/444/434
f 452/452/442 453/453/443 445/445/435
f 453/453/443 454/454/444 446/446/436
f 454/454/444 455/455/445 447/447/437
f 455/455/445 456/456/446 448/448/438
f 456/456/446 21/21/21 64/64/63
f 457/457/447 458/458/448 450/450/440
f 458/458/448 459/459/449 451/451/441
f 459/459/449 460/460/450 452/452/442
f 460/460/450 461/461/451 453/453/443
f 461/461/451 462/462/452 454/454/444
f 462/462/452 463/463/453 455/455/445
f 463/463/453 464/464/454 456/456/446
f 464/464/454 35/35/35 21/21/21
f 465/465/455 466/466/456 458/458/448
f 466/466/456 467/467/457 459/459/449
f 467/467/457 468/468/458 460/460/450
f 468/468/458 469/469/459 461/461/451
f 469/469/459 470/470/460 462/462/452
f 470/470/460 471/471/461 463/463/453
f 471/471/461 472/472/462 464/464/454
f 472/472/462 50/50/49 35/35/35
f 473/473/463 474/474/464 466/466/456
f 474/474/464 475/475/465 467/467/457
f 475/475/465 476/476/466 468/468/458
f 476/476/466 477/477/467 469/469/459
f 477/477/467 478/478/468 470/470/460
f 478/478/468 479/479/469 471/471/461
f 479/479/469 480/480/470 472/472/462
f 480/480/470 61/61/60 50/50/49
f 481/481/471 482/482/472 474/474/464
f 482/482/472 483/483/473 475/475/465
f 483/483/473 484/484/474 476/476/466
f 484/484/474 485/485/475 477/477/467
f 485/485/475 486/486/476 478/478/468
f 486/486/476 487/487/477 479/479/469
f 487/487/477 488/488/478 480/480/470
f 488/488/478 12/12/12 61/61/60
f 489/489/479 490/490/480 482/482/472
f 490/490/480 491/491/481 483/483/473
f 491/491/481 492/492/482 484/484/474
f 492/492/482 493/493/483 485/485/475
f 493/493/483 494/494/484 486/486/476
f 494/494/484 495/495/485 487/487/477
f 495/495/485 496/496/486 488/488/478
f 496/496/486 29/29/29 12/12/12
f 497/497/487 498/498/488 490/490/480
f 498/498/488 499/499/489 491/491/481
f 499/499/489 500/500/490 492/492/482
f 500/500/490 501/501/491 493/493/483
f 501/501/491 502/502/492 494/494/484
f 502/502/492 503/503/493 495/495/485
f 503/503/493 504/504/494 496/496/486
f 504/504/494 43/43/43 29/29/29
f 505/505/495 506/506/496 498/498/488
f 506/506/496 507/507/497 499/499/489
f 507/507/497 508/508/498 500/500/490
f 508/508/498 509/509/499 501/501/491
f 509/509/499 510/510/500 502/502/492
f 510/510/500 511/511/501 503/503/493
f 511/511/501 512/512/502 504/504/494
f 512/512/502 58/58/57 43/43/43
f 248/248/245 250/250/247 506/506/496
f 250/250/247 252/252/249 507/507/497
f 252/252/249 254/254/251 508/508/498
f 254/254/251 256/256/253 509/509/499
f 256/256/253 258/258/255 510/510/500
f 258/258/255 260/260/257 511/511/501
f 260/260/257 262/262/259 512/512/502
f 262/262/259 1/1/1 58/58/57
f 513/513/503 516/516/506 514/514/504
f 516/516/506 518/518/508 517/517/507
f 518/518/508 520/520/510 519/519/509
f 520/520/510 522/522/512 521/521/511
f 522/522/512 524/524/514 523/523/513
f 524/524/514 526/526/516 525/525/515
f 526/526/516 528/528/518 527/527/517
f 528/528/518 144/144/143 529/529/519
f 515/515/505 514/514/504 530/530/520
f 514/514/504 517/517/507 532/532/522
f 517/517/507 519/519/509 533/533/523
f 519/519/509 521/521/511 534/534/524
f 521/521/511 523/523/513 535/535/525
f 523/523/513 525/525/515 536/536/526
f 525/525/515 527/527/517 537/537/527
f 527/527/517 529/529/519 538/538/528
f 531/531/521 530/530/520 539/539/529
f 530/530/520 532/532/522 541/541/531
f 532/532/522 533/533/523 542/542/532
f 533/533/523 534/534/524 543/543/533
f 534/534/524 535/535/525 544/544/534
f 535/535/525 536/536/526 545/545/535
f 536/536/526 537/537/527 546/546/536
f 537/537/527 538/538/528 547/547/537
f 540/540/530 539/539/529 548/548/538
f 539/539/529 541/541/531 550/550/540
f 541/541/531 542/542/532 551/551/541
f 542/542/532 543/543/533 552/552/542
f 543/543/533 544/544/534 553/553/543
f 544/544/534 545/545/535 554/554/544
f 545/545/535 546/546/536 555/555/545
f 546/546/536 547/547/537 556/556/546
f 549/549/539 548/548/538 557/557/547
f 548/548/538 550/550/540 559/559/549
f 550/550/540 551/551/541 560/560/550
f 551/551/541 552/552/542 561/561/551
f 552/552/542 553/553/543 562/562/552
f 553/553/543 554/554/544 563/563/553
f 554/554/544 555/555/545 564/564/554
f 555/555/545 556/556/546 565/565/555
f 558/558/548 557/557/547 566/566/556
f 557/557/547 559/559/549 568/568/558
f 559/559/549 560/560/550 569/569/559
f 560/560/550 561/561/551 570/570/560
f 561/561/551 562/562/552 571/571/561
f 562/562/552 563/563/553 572/572/562
f 563/563/553 564/564/554 573/573/563
f 564/564/554 565/565/555 574/574/564
f 567/567/557 566/566/556 575/575/565
f 566/566/556 568/568/558 577/577/567
f 568/568/558 569/569/559 578/578/568
f 569/569/559 570/570/560 579/579/569
f 570/570/560 571/571/561 580/580/570
f 571/571/561 572/572/562 581/581/571
f 572/572/562 573/573/563 582/582/572
f 573/573/563 574/574/564 583/583/573
f 576/576/566 575/575/565 584/584/574
f 575/575/565 577/577/567 586/586/576
f 577/577/567 578/578/568 587/587/577
f 578/578/568 579/579/569 588/588/578
f 579/579/569 580/580/570 589/589/579
f 580/580/570 581/581/571 590/590/580
f 581/581/571 582/582/572 591/591/581
f 582/582/572 583/583/573 592/592/582
f 585/585/575 584/584/574 593/593/583
f 584/584/574 586/586/576 595/595/585
f 586/586/576 587/587/577 596/596/586
f 587/587/577 588/588/578 597/597/587
f 588/588/578 589/589/579 598/598/588
f 589/589/579 590/590/580 599/599/589
f 590/590/580 591/591/581 600/600/590
f 591/591/581 592/592/582 601/601/591
f 594/594/584 593/593/583 602/602/592
f 593/593/583 595/595/585 604/604/594
f 595/595/585 596/596/586 605/605/595
f 596/596/586 597/597/587 606/606/596
f 597/597/587 598/598/588 607/607/597
f 598/598/588 599/599/589 608/608/598
f 599/599/589 600/600/590 609/609/599
f 600/600/590 601/601/591 610/610/600
f 603/603/593 602/602/592 611/611/601
f 602/602/592 604/604/594 613/613/603
f 604/604/594 605/605/595 614/614/604
f 605/605/595 606/606/596 615/615/605
f 606/606/596 607/607/597 616/616/606
f 607/607/597 608/608/598 617/617/607
f 608/608/598 609/609/599 618/618/608
f 609/609/599 610/610/600 619/619/609
f 612/612/602 611/611/601 620/620/610
f 611/611/601 613/613/603 622/622/612
f 613/613/603 614/614/604 623/623/613
f 614/614/604 615/615/605 624/624/614
f 615/615/605 616/616/606 625/625/615
f 616/616/606 617/617/607 626/626/616
f 617/617/607 618/618/608 627/627/617
f 618/618/608 619/619/609 628/628/618
f 621/621/611 620/620/610 629/629/619
f 620/620/610 622/622/612 631/631/621
f 622/622/612 623/623/613 632/632/622
f 623/623/613 624/624/614 633/633/623
f 624/624/614 625/625/615 634/634/624
f 625/625/615 626/626/616 635/635/625
f 626/626/616 627/627/617 636/636/626
f 627/627/617 628/628/618 637/637/627
f 630/630/620 629/629/619 638/638/628
f 629/629/619 631/631/621 640/640/630
f 631/631/621 632/632/622 641/641/631
f 632/632/622 633/633/623 642/642/632
f 633/633/623 634/634/624 643/643/633
f 634/634/624 635/635/625 644/644/634
f 635/635/625 636/636/626 645/645/635
f 636/636/626 637/637/627 646/646/636
f 639/639/629 638/638/628 647/647/637
f 638/638/628 640/640/630 649/649/639
f 640/640/630 641/641/631 650/650/640
f 641/641/631 642/642/632 651/651/641
f 642/642/632 643/643/633 652/652/642
f 643/643/633 644/644/634 653/653/643
f 644/644/634 645/645/635 654/654/644
f 645/645/635 646/646/636 655/655/645
f 648/648/638 647/647/637 656/656/646
f 647/647/637 649/649/639 658/658/648
f 649/649/639 650/650/640 659/659/649
f 650/650/640 651/651/641 660/660/650
f 651/651/641 652/652/642 661/661/651
f 652/652/642 653/653/643 662/662/652
f 653/653/643 654/654/644 663/663/653
f 654/654/644 655/655/645 664/664/654
f 665/665/646 669/669/656 666/666/655
f 668/668/648 671/671/657 669/669/656
f 670/670/649 673/673/658 671/671/657
f 672/672/650 675/675/659 673/673/658
f 674/674/651 677/677/660 675/675/659
f 676/676/652 679/679/661 677/677/660
f 678/678/653 681/681/662 679/679/661
f 680/680/654 689/689/670 681/681/662
f 669/669/656 683/683/664 682/682/663
f 671/671/657 684/684/665 683/683/664
f 673/673/658 685/685/666 684/684/665
f 675/675/659 686/686/667 685/685/666
f 677/677/660 687/687/668 686/686/667
f 679/679/661 688/688/669 687/687/668
f 681/681/662 690/690/671 688/688/669
f 689/689/670 698/698/679 690/690/671
f 683/683/664 692/692/673 691/691/672
f 684/684/665 693/693/674 692/692/673
f 685/685/666 694/694/675 693/693/674
f 686/686/667 695/695/676 694/694/675
f 687/687/668 696/696/677 695/695/676
f 688/688/669 697/697/678 696/696/677
f 690/690/671 699/699/680 697/697/678
f 698/698/679 707/707/688 699/699/680
f 692/692/673 701/701/682 700/700/681
f 693/693/674 702/702/683 701/701/682
f 694/694/675 703/703/684 702/702/683
f 695/695/676 704/704/685 703/703/684
f 696/696/677 705/705/686 704/704/685
f 697/697/678 706/706/687 705/705/686
f 699/699/680 708/708/689 706/706/687
f 707/707/688 716/716/697 708/708/689
f 701/701/682 710/710/691 709/709/690
f 702/702/683 711/711/692 710/710/691
f 703/703/684 712/712/693 711/711/692
f 704/704/685 713/713/694 712/712/693
f 705/705/686 714/714/695 713/713/694
f 706/706/687 715/715/696 714/714/695
f 708/708/689 717/717/698 715/715/696
f 716/716/697 725/725/706 717/717/698
f 710/710/691 719/719/700 718/718/699
f 711/711/692 720/720/701 719/719/700
f 712/712/693 721/721/702 720/720/701
f 713/713/694 722/722/703 721/721/702
f 714/714/695 723/723/704 722/722/703
f 715/715/696 724/724/705 723/723/704
f 717/717/698 726/726/707 724/724/705
f 725/725/706 734/734/715 726/726/707
f 719/719/700 728/728/709 727/727/708
f 720/720/701 729/729/710 728/728/709
f 721/721/702 730/730/711 729/729/710
f 722/722/703 731/731/712 730/730/711
f 723/723/704 732/732/713 731/731/712
f 724/724/705 733/733/714 732/732/713
f 726/726/707 735/735/716 733/733/714
f 734/734/715 743/743/724 735/735/716
f 728/728/709 737/737/718 736/736/717
f 729/729/710 738/738/719 737/737/718
f 730/730/711 739/739/720 738/738/719
f 731/731/712 740/740/721 739/739/720
f 732/732/713 741/741/722 740/740/721
f 733/733/714 742/742/723 741/741/722
f 735/735/716 744/744/725 742/742/723
f 743/743/724 752/752/733 744/744/725
f 737/737/718 746/746/727 745/745/726
f 738/738/719 747/747/728 746/746/727
f 739/739/720 748/748/729 747/747/728
f 740/740/721 749/749/730 748/748/729
f 741/741/722 750/750/731 749/749/730
f 742/742/723 751/751/732 750/750/731
f 744/744/725 753/753/734 751/751/732
f 752/752/733 761/761/742 753/753/734
f 746/746/727 755/755/736 754/754/735
f 747/747/728 756/756/737 755/755/736
f 748/748/729 757/757/738 756/756/737
f 749/749/730 758/758/739 757/757/738
f 750/750/731 759/759/740 758/758/739
f 751/751/732 760/760/741 759/759/740
f 753/753/734 762/762/743 760/760/741
f 761/761/742 770/770/751 762/762/743
f 755/755/736 764/764/745 763/763/744
f 756/756/737 765/765/746 764/764/745
f 757/757/738 766/766/747 765/765/746
f 758/758/739 767/767/748 766/766/747
f 759/759/740 768/768/749 767/767/748
f 760/760/741 769/769/750 768/768/749
f 762/762/743 771/771/752 769/769/750
f 770/770/751 779/779/760 771/771/752
f 764/764/745 773/773/754 772/772/753
f 765/765/746 774/774/755 773/773/754
f 766/766/747 775/775/756 774/774/755
f 767/767/748 776/776/757 775/775/756
f 768/768/749 777/777/758 776/776/757
f 769/769/750 778/778/759 777/777/758
f 771/771/752 780/780/761 778/778/759
f 779/779/760 788/788/769 780/780/761
f 773/773/754 782/782/763 781/781/762
f 774/774/755 783/783/764 782/782/763
f 775/775/756 784/784/765 783/783/764
f 776/776/757 785/785/766 784/784/765
f 777/777/758 786/786/767 785/785/766
f 778/778/759 787/787/768 786/786/767
f 780/780/761 789/789/770 787/787/768
f 788/788/769 797/797/778 789/789/770
f 782/782/763 791/791/772 790/790/771
f 783/783/764 792/792/773 791/791/772
f 784/784/765 793/793/774 792/792/773
f 785/785/766 794/794/775 793/793/774
f 786/786/767 795/795/776 794/794/775
f 787/787/768 796/796/777 795/795/776
f 789/789/770 798/798/779 796/796/777
f 797/797/778 806/806/787 798/798/779
f 791/791/772 800/800/781 799/799/780
f 792/792/773 801/801/782 800/800/781
f 793/793/774 802/802/783 801/801/782
f 794/794/775 803/803/784 802/802/783
f 795/795/776 804/804/785 803/803/784
f 796/796/777 805/805/786 804/804/785
f 798/798/779 807/807/788 805/805/786
f 806/806/787 808/808/789 807/807/788
f 800/800/781 516/516/506 513/513/503
f 801/801/782 518/518/508 516/516/506
f 802/802/783 520/520/510 518/518/508
f 803/803/784 522/522/512 520/520/510
f 804/804/785 524/524/514 522/522/512
f 805/805/786 526/526/516 524/524/514
f 807/807/788 528/528/518 526/526/516
f 808/808/789 144/144/143 528/528/518
f 809/809/790 1029/1029/1007 810/810/791
f 812/812/793 248/248/245 505/505/495
f 814/814/795 825/825/805 343/343/340
f 815/815/796 417/417/407 409/409/399
f 817/817/798 489/489/479 481/481/471
f 819/819/800 828/828/808 311/311/308
f 820/820/801 1150/1150/810 821/821/382
f 822/822/802 457/457/447 449/449/439
f 824/824/804 832/832/812 279/279/276
f 825/825/805 833/833/813 351/351/348
f 826/826/806 425/425/415 417/417/407
f 827/827/807 497/497/487 489/489/479
f 828/828/808 835/835/815 319/319/316
f 829/829/809 384/384/381 386/386/382
f 831/831/811 465/465/455 457/457/447
f 832/832/812 838/838/818 287/287/284
f 833/833/813 839/839/819 359/359/356
f 834/834/814 433/433/423 425/425/415
f 813/813/794 505/505/495 497/497/487
f 835/835/815 844/844/824 327/327/324
f 836/836/816 401/401/391 384/384/381
f 837/837/817 473/473/463 465/465/455
f 838/838/818 845/845/825 295/295/292
f 839/839/819 846/846/826 367/367/364
f 840/840/820 441/441/431 433/433/423
f 841/841/821 869/869/848 842/842/822
f 844/844/824 814/814/795 335/335/332
f 816/816/797 409/409/399 401/401/391
f 818/818/799 481/481/471 473/473/463
f 845/845/825 819/819/800 303/303/300
f 846/846/826 820/820/801 375/375/372
f 823/823/803 449/449/439 441/441/431
f 847/847/827 910/910/889 848/848/828
f 850/850/830 911/911/890 851/851/831
f 853/853/833 881/881/860 854/854/834
f 849/849/829 848/848/828 856/856/836
f 852/852/832 851/851/831 858/858/838
f 855/855/835 854/854/834 860/860/840
f 857/857/837 856/856/836 862/862/842
f 864/864/839 1152/1152/838 865/865/844
f 861/861/841 860/860/840 867/867/846
f 863/863/843 862/862/842 869/869/848
f 866/866/845 865/865/844 870/870/849
f 868/868/847 867/867/846 872/872/851
f 874/874/853 915/915/894 875/875/854
f 871/871/850 870/870/849 877/877/856
f 873/873/852 872/872/851 879/879/858
f 843/843/823 842/842/822 881/881/860
f 878/878/857 877/877/856 882/882/861
f 880/880/859 879/879/858 884/884/863
f 883/883/862 882/882/861 886/886/865
f 885/885/864 884/884/863 888/888/867
f 887/887/866 886/886/865 890/890/869
f 889/889/868 888/888/867 892/892/871
f 891/891/870 890/890/869 894/894/873
f 893/893/872 892/892/871 896/896/875
f 895/895/874 894/894/873 898/898/877
f 897/897/876 896/896/875 900/900/879
f 899/899/878 898/898/877 902/902/881
f 901/901/880 900/900/879 904/904/883
f 903/903/882 902/902/881 906/906/885
f 905/905/884 904/904/883 908/908/887
f 907/907/886 906/906/885 910/910/889
f 909/909/888 908/908/887 911/911/890
f 912/912/891 971/971/950 913/913/892
f 915/915/894 972/972/951 916/916/895
f 917/917/896 974/974/952 918/918/897
f 914/914/893 913/913/892 920/920/899
f 922/922/901 1041/1041/1018 799/799/780
f 917/917/896 919/919/898 923/923/902
f 925/925/904 921/921/900 920/920/899
f 874/874/853 876/876/855 927/927/906
f 929/929/908 924/924/903 923/923/902
f 925/925/904 926/926/905 931/931/910
f 929/929/908 930/930/909 933/933/912
f 932/932/911 931/931/910 935/935/914
f 937/937/916 934/934/913 933/933/912
f 936/936/915 935/935/914 939/939/918
f 941/941/920 937/937/916 938/938/917
f 940/940/919 939/939/918 943/943/922
f 945/945/924 941/941/920 942/942/921
f 944/944/923 943/943/922 947/947/926
f 949/949/928 945/945/924 946/946/925
f 948/948/927 947/947/926 951/951/930
f 953/953/932 949/949/928 950/950/929
f 952/952/931 951/951/930 955/955/934
f 953/953/932 954/954/933 957/957/936
f 956/956/935 955/955/934 959/959/938
f 958/958/937 957/957/936 961/961/940
f 963/963/942 960/960/939 959/959/938
f 928/928/907 927/927/906 965/965/944
f 967/967/946 962/962/941 961/961/940
f 963/963/942 964/964/943 969/969/948
f 966/966/945 965/965/944 971/971/950
f 972/972/951 967/967/946 968/968/947
f 973/973/949 1171/1171/948 918/918/897
f 975/975/953 1034/1034/1012 976/976/954
f 978/978/956 1035/1035/1013 979/979/957
f 981/981/959 1151/1151/1014 982/982/960
f 984/984/962 975/975/953 977/977/955
f 980/980/958 979/979/957 986/986/964
f 983/983/961 982/982/960 988/988/966
f 990/990/968 984/984/962 985/985/963
f 992/992/970 824/824/804 271/271/268
f 993/993/971 989/989/967 988/988/966
f 990/990/968 991/991/969 995/995/973
f 993/993/971 994/994/972 997/997/975
f 999/999/977 996/996/974 995/995/973
f 998/998/976 997/997/975 1001/1001/979
f 1003/1003/981 999/999/977 1000/1000/978
f 1002/1002/980 1001/1001/979 1005/1005/983
f 1003/1003/981 1004/1004/982 1007/1007/985
f 1006/1006/984 1005/1005/983 1009/1009/987
f 1011/1011/989 1008/1008/986 1007/1007/985
f 1010/1010/988 1009/1009/987 1013/1013/991
f 1015/1015/993 1011/1011/989 1012/1012/990
f 1014/1014/992 1013/1013/991 1017/1017/995
f 1015/1015/993 1016/1016/994 1019/1019/997
f 1018/1018/996 1017/1017/995 1021/1021/999
f 1023/1023/1001 1020/1020/998 1019/1019/997
f 1022/1022/1000 1021/1021/999 1025/1025/1003
f 1023/1023/1001 1024/1024/1002 1027/1027/1005
f 987/987/965 986/986/964 1029/1029/1007
f 1026/1026/1004 1025/1025/1003 1030/1030/1008
f 1032/1032/1010 1028/1028/1006 1027/1027/1005
f 1034/1034/1012 811/811/792 810/810/791
f 1031/1031/1009 1030/1030/1008 1035/1035/1013
f 1036/1036/959 1032/1032/1010 1033/1033/1011
f 1038/1038/1015 1187/1187/1044 667/667/647
f 1039/1039/1016 540/540/530 549/549/539
f 1041/1041/1018 1068/1068/1045 790/790/771
f 1042/1042/1019 1038/1038/1015 666/666/655
f 1040/1040/1017 549/549/539 558/558/548
f 1044/1044/1021 1042/1042/1019 682/682/663
f 1043/1043/1020 558/558/548 567/567/557
f 922/922/901 513/513/503 515/515/505
f 1047/1047/1024 1044/1044/1021 691/691/672
f 1045/1045/1022 567/567/557 576/576/566
f 1049/1049/1026 1047/1047/1024 700/700/681
f 1048/1048/1025 576/576/566 585/585/575
f 1051/1051/1028 1049/1049/1026 709/709/690
f 1050/1050/1027 585/585/575 594/594/584
f 1053/1053/1030 1051/1051/1028 718/718/699
f 1052/1052/1029 594/594/584 603/603/593
f 1055/1055/1032 1053/1053/1030 727/727/708
f 1054/1054/1031 603/603/593 612/612/602
f 1057/1057/1034 1055/1055/1032 736/736/717
f 1056/1056/1033 612/612/602 621/621/611
f 1059/1059/1036 1057/1057/1034 745/745/726
f 1058/1058/1035 621/621/611 630/630/620
f 1061/1061/1038 1059/1059/1036 754/754/735
f 1060/1060/1037 630/630/620 639/639/629
f 1063/1063/1040 1061/1061/1038 763/763/744
f 1062/1062/1039 639/639/629 648/648/638
f 1046/1046/1023 515/515/505 531/531/521
f 1066/1066/1043 1063/1063/1040 772/772/753
f 1064/1064/1041 648/648/638 657/657/647
f 1065/1065/1042 531/531/521 540/540/530
f 1068/1068/1045 1066/1066/1043 781/781/762
f 1069/1069/1046 547/547/537 538/538/528
f 1071/1071/1048 556/556/546 547/547/537
f 1072/1072/1049 565/565/555 556/556/546
f 1073/1073/1050 574/574/564 565/565/555
f 1074/1074/1051 583/583/573 574/574/564
f 1075/1075/1052 592/592/582 583/583/573
f 1076/1076/1053 601/601/591 592/592/582
f 1077/1077/1054 610/610/600 601/601/591
f 1078/1078/1055 619/619/609 610/610/600
f 1079/1079/1056 628/628/618 619/619/609
f 1080/1080/1057 637/637/627 628/628/618
f 1081/1081/1058 646/646/636 637/637/627
f 1082/1082/1059 655/655/645 646/646/636
f 1083/1083/1060 664/664/654 655/655/645
f 1084/1084/1060 1085/1085/1061 689/689/670
f 1085/1085/1061 1086/1086/1062 698/698/679
f 1086/1086/1062 1087/1087/1063 707/707/688
f 1087/1087/1063 1088/1088/1064 716/716/697
f 1088/1088/1064 1089/1089/1065 725/725/706
f 1089/1089/1065 1090/1090/1066 734/734/715
f 1090/1090/1066 1091/1091/1067 743/743/724
f 1091/1091/1067 1092/1092/1068 752/752/733
f 1092/1092/1068 1093/1093/1069 761/761/742
f 1093/1093/1069 1094/1094/1070 770/770/751
f 1094/1094/1070 1095/1095/1071 779/779/760
f 1095/1095/1071 1096/1096/1072 788/788/769
f 1096/1096/1072 1097/1097/1073 797/797/778
f 1097/1097/1073 1098/1098/1074 806/806/787
f 1098/1098/1074 1099/1099/1075 808/808/789
f 812/812/793 992/992/970 263/263/260
f 1070/1070/1047 538/538/528 529/529/519
f 1099/1099/1075 145/145/144 144/144/143
f 3/3/3 2/2/2 242/242/240
f 2/2/2 24/24/24 243/243/241
f 24/24/24 38/38/38 192/192/190
f 38/38/38 53/53/52 190/190/188
f 53/53/52 16/16/16 199/199/197
f 16/16/16 15/15/15 204/204/202
f 15/15/15 32/32/32 210/210/208
f 32/32/32 46/46/46 214/214/212
f 46/46/46 7/7/7 219/219/217
f 7/7/7 6/6/6 221/221/219
f 6/6/6 26/26/26 224/224/222
f 26/26/26 40/40/40 228/228/226
f 40/40/40 55/55/54 232/232/230
f 55/55/54 19/19/19 235/235/233
f 19/19/19 18/18/18 240/240/238
f 18/18/18 34/34/34 246/246/244
f 49/49/48 198/198/196 247/247/244
f 8/8/8 196/196/194 198/198/196
f 10/10/10 202/202/200 196/196/194
f 28/28/28 208/208/206 202/202/200
f 42/42/42 213/213/211 208/208/206
f 57/57/56 217/217/215 213/213/211
f 20/20/20 220/220/218 217/217/215
f 22/22/22 222/222/220 220/220/218
f 36/36/36 227/227/225 222/222/220
f 51/51/50 231/231/229 227/227/225
f 11/11/11 234/234/232 231/231/229
f 13/13/13 238/238/236 234/234/232
f 30/30/30 245/245/243 238/238/236
f 44/44/44 195/195/193 245/245/243
f 4/4/4 193/193/191 195/195/193
f 3/3/3 207/207/205 193/193/191
f 1100/1100/1076 101/101/100 73/73/72
f 241/241/239 79/79/78 101/101/100
f 191/191/189 80/80/79 79/79/78
f 191/191/189 200/200/198 87/87/86
f 200/200/198 205/205/203 92/92/91
f 211/211/209 99/99/98 92/92/91
f 215/215/213 105/105/104 99/99/98
f 215/215/213 1101/1101/1077 109/109/108
f 1101/1101/1077 218/218/216 113/113/112
f 225/225/223 117/117/116 113/113/112
f 229/229/227 121/121/120 117/117/116
f 229/229/227 233/233/231 125/125/124
f 236/236/234 129/129/128 125/125/124
f 1102/1102/1078 69/69/68 129/129/128
f 1102/1102/1078 239/239/237 70/70/69
f 1103/1103/1079 77/77/76 70/70/69
f 1104/1104/1079 197/197/195 85/85/84
f 203/203/201 90/90/89 85/85/84
f 203/203/201 209/209/207 97/97/96
f 1105/1105/1080 103/103/102 97/97/96
f 1105/1105/1080 212/212/210 107/107/106
f 216/216/214 111/111/110 107/107/106
f 216/216/214 223/223/221 115/115/114
f 1106/1106/1081 119/119/118 115/115/114
f 226/226/224 123/123/122 119/119/118
f 226/226/224 230/230/228 127/127/126
f 230/230/228 1107/1107/1082 66/66/65
f 1107/1107/1082 237/237/235 67/67/66
f 237/237/235 244/244/242 75/75/74
f 194/194/192 82/82/81 75/75/74
f 194/194/192 1108/1108/1083 72/72/71
f 206/206/204 73/73/72 72/72/71
f 201/201/199 93/93/92 95/95/94
f 100/100/99 150/150/149 93/93/92
f 100/100/99 78/78/77 133/133/132
f 86/86/85 134/134/133 133/133/132
f 86/86/85 91/91/90 142/142/141
f 98/98/97 149/149/148 142/142/141
f 104/104/103 155/155/154 149/149/148
f 104/104/103 108/108/107 157/157/156
f 112/112/111 160/160/159 157/157/156
f 112/112/111 116/116/115 164/164/163
f 116/116/115 120/120/119 168/168/167
f 120/120/119 124/124/123 171/171/170
f 128/128/127 174/174/173 171/171/170
f 131/131/130 178/178/177 174/174/173
f 68/68/67 181/181/180 178/178/177
f 68/68/67 76/76/75 186/186/185
f 83/83/82 139/139/138 189/189/185
f 83/83/82 89/89/88 140/140/139
f 96/96/95 147/147/146 140/140/139
f 102/102/101 153/153/152 147/147/146
f 106/106/105 156/156/155 153/153/152
f 106/106/105 110/110/109 159/159/158
f 114/114/113 162/162/161 159/159/158
f 118/118/117 166/166/165 162/162/161
f 122/122/121 170/170/169 166/166/165
f 122/122/121 126/126/125 172/172/171
f 130/130/129 175/175/174 172/172/171
f 130/130/129 65/65/64 179/179/178
f 74/74/73 183/183/182 179/179/178
f 74/74/73 81/81/80 137/137/136
f 88/88/87 135/135/134 137/137/136
f 71/71/70 95/95/94 135/135/134
f 151/151/150 1112/1112/1086 1110/1110/144
f 1111/1111/1085 1113/1113/1047 1112/1112/1086
f 187/187/186 1114/1114/1046 1113/1113/1047
f 132/132/131 1115/1115/1048 1114/1114/1046
f 141/141/140 1116/1116/1087 1115/1115/1048
f 148/148/147 1117/1117/1088 1116/1116/1087
f 154/154/153 1118/1118/1089 1117/1117/1088
f 161/161/160 1120/1120/1091 1118/1118/1089
f 1119/1119/1090 1121/1121/1092 1120/1120/1091
f 163/163/162 1122/1122/1093 1121/1121/1092
f 167/167/166 1124/1124/1095 1122/1122/1093
f 1123/1123/1094 1125/1125/1096 1124/1124/1095
f 173/173/172 1126/1126/1097 1125/1125/1096
f 177/177/176 1128/1128/1099 1126/1126/1097
f 1127/1127/1098 1129/1129/1100 1128/1128/1099
f 185/185/184 1188/1188/1060 1129/1129/1100
f 1130/1130/184 188/188/187 1131/1131/1061
f 188/188/187 138/138/137 1133/1133/1101
f 138/138/137 146/146/145 1134/1134/1102
f 146/146/145 152/152/151 1135/1135/1064
f 152/152/151 1137/1137/1104 1136/1136/1103
f 1137/1137/1104 158/158/157 1138/1138/1105
f 158/158/157 1140/1140/1107 1139/1139/1106
f 1140/1140/1107 165/165/164 1141/1141/1108
f 165/165/164 169/169/168 1142/1142/1109
f 169/169/168 176/176/175 1143/1143/1110
f 176/176/175 180/180/179 1144/1144/1111
f 180/180/179 184/184/183 1145/1145/1112
f 184/184/183 1147/1147/1114 1146/1146/1113
f 1147/1147/1114 136/136/135 1148/1148/1074
f 136/136/135 182/182/181 1149/1149/1115
f 182/182/181 94/94/93 1110/1110/144
f 809/809/790 811/811/792 992/992/970
f 811/811/792 1034/1034/1012 824/824/804
f 1034/1034/1012 975/975/953 832/832/812
f 975/975/953 984/984/962 838/838/818
f 984/984/962 990/990/968 845/845/825
f 990/990/968 996/996/974 819/819/800
f 996/996/974 999/999/977 828/828/808
f 999/999/977 1003/1003/981 835/835/815
f 1003/1003/981 1008/1008/986 844/844/824
f 1008/1008/986 1011/1011/989 814/814/795
f 1011/1011/989 1015/1015/993 825/825/805
f 1015/1015/993 1020/1020/998 833/833/813
f 1020/1020/998 1023/1023/1001 839/839/819
f 1023/1023/1001 1028/1028/1006 846/846/826
f 1028/1028/1006 1032/1032/1010 820/820/801
f 1032/1032/1010 1036/1036/959 1150/1150/810
f 983/983/961 829/829/809 830/830/810
f 989/989/967 836/836/816 829/829/809
f 993/993/971 816/816/797 836/836/816
f 998/998/976 815/815/796 816/816/797
f 1002/1002/980 826/826/806 815/815/796
f 1006/1006/984 834/834/814 826/826/806
f 1010/1010/988 840/840/820 834/834/814
f 1014/1014/992 823/823/803 840/840/820
f 1018/1018/996 822/822/802 823/823/803
f 1022/1022/1000 831/831/811 822/822/802
f 1026/1026/1004 837/837/817 831/831/811
f 1031/1031/1009 818/818/799 837/837/817
f 978/978/956 817/817/798 818/818/799
f 980/980/958 827/827/807 817/817/798
f 987/987/965 813/813/794 827/827/807
f 809/809/790 812/812/793 813/813/794
f 853/853/833 810/810/791 1029/1029/1007
f 853/853/833 855/855/835 976/976/954
f 855/855/835 861/861/841 977/977/955
f 861/861/841 868/868/847 985/985/963
f 873/873/852 991/991/969 985/985/963
f 880/880/859 995/995/973 991/991/969
f 880/880/859 885/885/864 1000/1000/978
f 889/889/868 1004/1004/982 1000/1000/978
f 893/893/872 1007/1007/985 1004/1004/982
f 897/897/876 1012/1012/990 1007/1007/985
f 897/897/876 901/901/880 1016/1016/994
f 905/905/884 1019/1019/997 1016/1016/994
f 905/905/884 909/909/888 1024/1024/1002
f 850/850/830 1027/1027/1005 1024/1024/1002
f 850/850/830 852/852/832 1033/1033/1011
f 859/859/839 1037/1037/1014 1033/1033/1011
f 866/866/845 982/982/960 1151/1151/1014
f 871/871/850 988/988/966 982/982/960
f 871/871/850 878/878/857 994/994/972
f 883/883/862 997/997/975 994/994/972
f 887/887/866 1001/1001/979 997/997/975
f 891/891/870 1005/1005/983 1001/1001/979
f 895/895/874 1009/1009/987 1005/1005/983
f 899/899/878 1013/1013/991 1009/1009/987
f 903/903/882 1017/1017/995 1013/1013/991
f 907/907/886 1021/1021/999 1017/1017/995
f 847/847/827 1025/1025/1003 1021/1021/999
f 847/847/827 849/849/829 1030/1030/1008
f 857/857/837 1035/1035/1013 1030/1030/1008
f 863/863/843 979/979/957 1035/1035/1013
f 841/841/821 986/986/964 979/979/957
f 843/843/823 1029/1029/1007 986/986/964
f 874/874/853 928/928/907 881/881/860
f 966/966/945 854/854/834 881/881/860
f 912/912/891 860/860/840 854/854/834
f 912/912/891 914/914/893 867/867/846
f 921/921/900 872/872/851 867/867/846
f 921/921/900 925/925/904 879/879/858
f 932/932/911 884/884/863 879/879/858
f 936/936/915 888/888/867 884/884/863
f 940/940/919 892/892/871 888/888/867
f 940/940/919 944/944/923 896/896/875
f 948/948/927 900/900/879 896/896/875
f 948/948/927 952/952/931 904/904/883
f 952/952/931 956/956/935 908/908/887
f 960/960/939 911/911/890 908/908/887
f 963/963/942 851/851/831 911/911/890
f 970/970/949 858/858/838 851/851/831
f 974/974/952 865/865/844 1152/1152/838
f 974/974/952 917/917/896 870/870/849
f 924/924/903 877/877/856 870/870/849
f 924/924/903 929/929/908 882/882/861
f 929/929/908 934/934/913 886/886/865
f 937/937/916 890/890/869 886/886/865
f 937/937/916 941/941/920 894/894/873
f 945/945/924 898/898/877 894/894/873
f 945/945/924 949/949/928 902/902/881
f 949/949/928 953/953/932 906/906/885
f 953/953/932 958/958/937 910/910/889
f 958/958/937 962/962/941 848/848/828
f 962/962/941 967/967/946 856/856/836
f 967/967/946 972/972/951 862/862/842
f 972/972/951 915/915/894 869/869/848
f 874/874/853 842/842/822 869/869/848
f 1153/1153/1116 927/927/906 876/876/855
f 1155/1155/1118 965/965/944 927/927/906
f 1156/1156/1119 971/971/950 965/965/944
f 1157/1157/1120 913/913/892 971/971/950
f 1158/1158/1121 920/920/899 913/913/892
f 1159/1159/1122 926/926/905 920/920/899
f 1160/1160/1123 931/931/910 926/926/905
f 1161/1161/1027 935/935/914 931/931/910
f 1162/1162/1124 939/939/918 935/935/914
f 1163/1163/1125 943/943/922 939/939/918
f 1164/1164/1033 947/947/926 943/943/922
f 1165/1165/1126 951/951/930 947/947/926
f 1166/1166/1127 955/955/934 951/951/930
f 1167/1167/1128 959/959/938 955/955/934
f 1168/1168/1129 964/964/943 959/959/938
f 1169/1169/1044 969/969/948 964/964/943
f 1170/1170/1044 1172/1172/1130 918/918/897
f 1172/1172/1130 1173/1173/1131 919/919/898
f 1173/1173/1131 1174/1174/1132 923/923/902
f 1174/1174/1132 1175/1175/1133 930/930/909
f 1175/1175/1133 1176/1176/1026 933/933/912
f 1176/1176/1026 1177/1177/1028 938/938/917
f 1177/1177/1028 1178/1178/1134 942/942/921
f 1178/1178/1134 1179/1179/1135 946/946/925
f 1179/1179/1135 1180/1180/1136 950/950/929
f 1180/1180/1136 1181/1181/1137 954/954/933
f 1181/1181/1137 1182/1182/1138 957/957/936
f 1182/1182/1138 1183/1183/1139 961/961/940
f 1183/1183/1139 1184/1184/1140 968/968/947
f 1184/1184/1140 1185/1185/1141 916/916/895
f 1185/1185/1141 1186/1186/1142 875/875/854
f 1186/1186/1142 1154/1154/1117 876/876/855
f 1100/1100/1076 206/206/204 207/207/205
