# Blender 4.5.3 LTS
# www.blender.org
o FramePhy
v 0.308739 -0.200599 0.164878
v -0.308570 0.200491 0.160431
v -0.343700 0.162549 -0.000001
v 0.343743 0.162549 -0.000001
v 0.350022 0.159427 -0.031703
v -0.349978 0.150179 -0.062187
v -0.349978 0.135163 -0.090281
v 0.350022 0.135163 -0.090281
v -0.349978 0.114954 -0.114906
v 0.350022 0.114954 -0.114906
v -0.349978 0.090329 -0.135115
v -0.301998 -0.204252 0.019498
v 0.302049 0.204335 0.019510
v -0.349978 0.062235 -0.150132
v -0.349978 0.031751 -0.159379
v 0.304630 0.206170 0.171822
v -0.349978 -0.062137 -0.150132
v -0.349978 0.143201 -0.059316
v 0.350022 -0.090231 -0.135115
v 0.350022 -0.114856 -0.114906
v 0.308471 -0.201429 0.175917
v 0.350022 -0.150081 -0.062187
v -0.349978 -0.159329 -0.031703
v 0.343743 -0.162451 -0.000001
v 0.350022 -0.135065 0.090279
v 0.350022 -0.114856 0.114904
v -0.308734 -0.201447 0.175926
v 0.308777 0.201545 0.175926
v -0.349978 -0.062137 0.150129
v 0.350022 -0.062137 0.150129
v -0.349978 -0.031653 0.159376
v -0.306564 -0.202442 0.174957
v 0.350022 0.000049 0.162499
v 0.350022 0.031751 0.159376
v 0.306106 -0.203003 0.174453
v 0.350022 0.114954 0.114904
v -0.309003 -0.200690 0.166544
v 0.309048 0.200771 0.166346
v 0.309066 -0.200684 0.166424
v -0.308950 0.201550 0.175953
v 0.350022 0.135163 0.090279
v -0.349978 0.150179 0.062185
v 0.350022 0.150179 0.062185
v -0.349978 0.159427 0.031701
v 0.350022 0.159427 0.031701
v -0.301494 0.162549 -0.000001
v 0.308452 0.200654 0.164857
v -0.308421 -0.200562 0.164960
v 0.144691 0.159426 -0.031705
v -0.307629 0.201452 0.175947
v -0.308937 0.201574 0.175956
v 0.308914 -0.160195 -0.025000
v -0.303545 -0.162451 -0.000001
v 0.135866 -0.159329 0.031701
v -0.349978 -0.150081 0.062185
v 0.308913 0.160293 0.024998
v -0.306546 0.202583 0.174904
v -0.348579 0.196151 0.198035
v -0.340880 -0.194135 -0.200670
v -0.339283 -0.193895 0.199092
v -0.348170 0.196521 -0.203230
v -0.326884 0.192747 -0.202744
v -0.323063 0.192311 0.196641
v -0.288861 0.190329 -0.203654
v -0.282341 -0.190006 0.202859
v -0.291921 -0.190284 -0.196625
v -0.282621 0.190192 0.197107
v 0.347478 0.196327 0.196434
v 0.349347 0.198661 -0.210840
v 0.345890 -0.196376 -0.208886
v 0.336172 0.194014 -0.203794
v 0.346023 -0.195914 -0.193010
v 0.320358 0.192088 0.196614
v 0.327438 -0.192563 0.202425
v 0.303520 -0.190667 -0.199843
v 0.295845 0.190429 -0.200048
v 0.278580 0.190073 0.196973
v 0.288020 -0.190251 0.203610
v -0.349147 -0.201357 0.215711
v -0.331155 -0.194564 -0.209854
v -0.318522 -0.192438 0.206360
v -0.328153 0.194265 0.209463
v -0.293821 -0.191066 -0.207113
v -0.292832 0.191753 0.210236
v 0.349551 -0.203217 0.218052
v 0.348570 0.199801 0.213786
v 0.332943 0.195103 0.210392
v 0.300044 0.191249 0.206415
v 0.293270 -0.190916 -0.206371
v 0.287686 0.191624 -0.210190
v -0.349038 -0.202109 -0.216934
v -0.335869 0.197833 -0.215628
v -0.345960 0.199757 0.215047
v -0.328192 -0.196563 0.215437
v -0.294114 0.194254 -0.216099
v -0.288098 -0.194224 0.216479
v -0.285354 -0.194238 -0.216691
v -0.337719 0.200804 0.166911
v 0.338212 0.200826 0.167473
v -0.337827 -0.200868 0.169290
v 0.337760 -0.200694 0.166713
v -0.344168 -0.208992 0.174592
v -0.342898 0.211843 0.173036
v 0.332367 -0.196601 0.214808
v 0.339761 -0.201789 0.179931
v -0.339839 0.201885 0.179966
v 0.328354 0.196444 -0.215080
v 0.306605 -0.194799 -0.215892
v 0.287405 0.192876 0.213224
v 0.283537 -0.194110 0.216620
v 0.274942 -0.193829 -0.216210
v -0.349583 0.203455 -0.218053
v -0.329233 -0.201203 -0.222131
v -0.324535 0.199526 0.220540
v -0.281707 0.198068 0.222372
v 0.344519 -0.201897 -0.219064
v 0.333577 0.201125 0.220620
v 0.297644 0.196430 0.219200
v 0.292272 0.198477 -0.222510
v -0.332843 0.203380 -0.223349
v -0.338909 -0.206789 0.225257
v -0.291841 -0.203107 0.227178
v -0.290625 -0.203287 -0.227301
v -0.278061 0.202408 -0.226837
v 0.337596 0.201474 0.175233
v -0.339571 -0.201798 0.179956
v 0.349753 0.216943 0.226769
v 0.335834 0.205355 -0.224395
v 0.332978 -0.204687 -0.224453
v 0.319221 -0.204706 0.226376
v 0.309526 0.203521 0.226116
v 0.292319 -0.200682 0.224738
v 0.287298 -0.200259 -0.224507
v 0.277491 0.202440 0.226887
v -0.337955 0.201972 0.180001
v -0.337990 -0.201871 0.180000
v 0.338033 0.201969 0.180000
v 0.337998 -0.201874 0.180001
v -0.345281 0.210614 0.226173
v -0.336487 -0.212086 -0.228647
v -0.315900 0.206371 -0.227651
v 0.344879 0.208819 0.175356
v -0.294530 0.205820 0.228707
v 0.349407 0.215155 -0.226616
v 0.348433 -0.216888 -0.227309
v 0.335339 0.211515 0.228529
v 0.334625 -0.211549 0.228746
v 0.290198 -0.208711 -0.230871
v 0.291917 0.208659 -0.230703
v 0.281141 -0.209001 0.231142
v -0.346925 -0.223177 -0.229223
v -0.348885 0.217157 -0.227212
v -0.349337 -0.224727 0.228588
v -0.327311 0.215851 -0.231116
v -0.324863 -0.215889 0.231345
v -0.298425 0.211646 0.231783
v -0.285419 0.215115 -0.233516
v -0.284154 -0.214176 -0.233265
v -0.287077 -0.215048 0.233512
v 0.347115 -0.219329 0.228637
v 0.337916 0.216945 -0.230205
v 0.324295 -0.215756 -0.231466
v 0.283243 0.211705 0.232191
v -0.335308 0.222452 0.231305
v -0.320301 -0.223907 -0.233355
v -0.292518 0.221407 0.234663
v 0.329624 0.222941 0.232114
v 0.321226 0.222520 -0.232930
v 0.299145 0.218592 0.233886
v 0.309204 -0.221488 0.233730
v 0.284517 0.218244 -0.234154
v 0.285467 -0.221729 -0.234780
v 0.272735 -0.221531 0.235015
v -0.347709 0.230789 0.228396
v -0.337803 0.227598 -0.231038
v -0.333410 -0.227763 0.231508
v -0.293706 -0.228386 0.234560
v -0.286863 -0.228242 -0.234789
v 0.344777 -0.228130 0.229754
v 0.347133 0.229361 0.228729
v 0.345523 -0.231006 -0.229207
v 0.301695 -0.229712 -0.234198
v 0.284398 0.228872 0.234769
v 0.281127 0.228239 -0.234884
v -0.349129 -0.244453 -0.220668
v -0.341455 -0.234448 -0.228824
v -0.302733 0.231551 0.233665
v -0.293187 0.229121 -0.234556
v 0.345268 0.234881 -0.227814
v 0.325503 0.231631 -0.231849
v 0.319596 0.234661 0.231729
v 0.317161 -0.234252 0.231998
v 0.286399 -0.235064 0.233407
v -0.346584 0.244433 -0.222562
v -0.336911 -0.238719 0.228039
v -0.334516 0.239904 0.227765
v -0.330206 0.240294 -0.228242
v -0.296320 -0.237825 -0.232056
v -0.292125 0.241783 0.230585
v -0.287883 0.241605 -0.230744
v -0.286383 -0.238361 0.232132
v -0.308616 -0.249579 0.158494
v 0.308629 -0.249300 0.165306
v 0.308663 0.249677 0.158474
v -0.308963 0.249401 0.164893
v 0.341672 -0.239094 0.226733
v 0.336225 0.241639 0.226740
v 0.323973 0.241199 -0.228462
v 0.299385 -0.238228 -0.231825
v 0.286584 0.238379 -0.232151
v 0.283597 0.241560 0.230809
v -0.302102 0.246765 0.155198
v -0.345443 0.248787 0.218366
v -0.346754 -0.246777 0.219324
v 0.304261 -0.244324 0.172250
v -0.329707 -0.244595 -0.225430
v -0.304186 0.244430 0.172264
v -0.304443 -0.246182 0.226939
v -0.290786 -0.247363 -0.226735
v 0.348415 0.246117 -0.219924
v 0.348076 -0.247142 0.218127
v 0.349072 -0.246754 -0.219006
v 0.342758 0.248876 0.219046
v 0.321236 -0.246711 -0.224824
v 0.318410 -0.245886 0.225906
v 0.291883 -0.244148 -0.228820
v 0.286564 0.247303 -0.226908
v -0.298666 0.249317 0.224454
v -0.291811 0.249739 -0.224334
v -0.286996 -0.252225 0.221881
v 0.321740 0.250791 -0.220498
v 0.289314 0.249572 0.224625
v 0.278522 -0.247493 0.226883
v 0.283904 -0.252147 -0.222035
v 0.304240 0.244423 0.172255
v -0.347719 0.250850 -0.212642
v -0.331701 -0.254394 -0.212898
v -0.325299 0.253927 -0.215263
v -0.332166 -0.252588 0.215833
v -0.290848 0.253888 0.219337
v -0.293500 -0.255696 -0.216226
v -0.282491 0.256023 -0.216304
v 0.337341 0.253096 -0.213391
v 0.330966 -0.254341 -0.213098
v 0.326124 -0.253566 0.215504
v 0.286390 -0.255593 0.216782
v 0.288892 0.255738 -0.216622
v -0.348232 -0.252793 -0.207048
v -0.348230 -0.253408 0.204090
v -0.338055 0.254925 0.208378
v -0.297408 -0.256900 0.213214
v -0.295822 0.257080 0.212975
v 0.347155 -0.254156 0.199876
v 0.337540 -0.254773 0.208818
v 0.325034 0.255141 0.212255
v 0.290314 -0.258417 -0.209910
v 0.293450 0.255415 0.216865
v -0.349058 0.252326 -0.192023
v -0.348155 0.253547 0.195666
v -0.333347 0.256785 -0.202487
v -0.329432 -0.256881 0.203128
v -0.288436 0.259737 -0.203599
v -0.294059 -0.259489 0.203641
v -0.291065 -0.258915 -0.207005
v -0.291997 0.259079 0.206551
v 0.336861 -0.256261 -0.201066
v 0.347342 0.253862 -0.200595
v 0.348072 0.254113 0.201635
v 0.326651 0.257383 -0.203308
v 0.317977 0.258198 0.203653
v 0.290994 -0.258967 0.206863
v 0.283283 0.259932 -0.203302
v 0.277522 0.260030 0.203020
v -0.345959 -0.254275 -0.194464
v -0.317670 0.258280 0.196347
v -0.296854 -0.259522 -0.199948
v -0.277937 0.259987 0.197041
v 0.342261 -0.254577 -0.192555
v 0.326457 -0.257276 0.197267
v -0.308938 0.248555 0.175958
v 0.308984 -0.248456 0.175958
v 0.308970 0.248558 0.175959
v -0.308940 -0.248458 0.175959
v 0.290052 -0.259686 0.196982
v 0.289408 -0.259644 -0.196609
v 0.306079 0.248808 0.176096
v -0.306036 -0.248710 0.176096
v -0.329856 -0.256298 0.192222
v -0.329340 0.255707 -0.190248
v -0.292042 -0.258888 -0.192970
v -0.289005 0.259140 -0.193208
v -0.283616 -0.258359 0.189533
v 0.349367 -0.249891 0.187028
v 0.347236 0.252189 -0.188568
v 0.349113 0.247944 0.182742
v 0.307993 -0.248496 0.175924
v -0.308544 0.248552 0.175892
v 0.330465 0.255987 0.191762
v 0.304519 0.258655 -0.193362
v 0.293134 0.258235 0.189656
v -0.308395 -0.248408 0.175901
v -0.349325 -0.248827 0.185078
v -0.346143 0.251020 0.185855
v -0.332773 -0.253121 -0.185227
v -0.315432 0.254152 0.183483
v -0.316275 -0.254185 0.183868
v 0.338551 0.249732 0.157268
v -0.338524 -0.249605 0.158016
v 0.337862 -0.249071 0.169252
v -0.283619 0.255959 -0.183578
v -0.337819 0.249169 0.169254
v -0.291233 -0.255455 -0.183131
v -0.285751 0.256040 0.183907
v 0.344380 -0.249893 -0.183280
v 0.326495 -0.253917 0.184867
v 0.327191 0.253697 -0.184753
v 0.295466 -0.257006 -0.187059
v 0.285409 0.257229 -0.186739
v 0.344117 -0.230057 0.170316
v 0.281646 -0.255805 0.183397
v -0.338898 -0.248059 0.179973
v -0.314463 0.252847 -0.181500
v -0.288227 -0.251826 0.177684
v 0.339540 0.248166 0.179994
v 0.323726 0.248501 0.177187
v 0.292596 0.252158 -0.178117
v 0.290202 -0.251909 -0.177825
v 0.288447 0.251866 0.177569
v -0.343156 -0.242931 -0.176076
v -0.308876 0.248490 -0.175914
v -0.309049 -0.248410 -0.175894
v -0.308471 0.248490 0.175860
v -0.307727 -0.247639 -0.174853
v -0.282684 0.247635 0.173188
v 0.338624 0.248136 -0.180003
v 0.308937 -0.248394 -0.175911
v 0.308498 -0.248389 0.175862
v 0.287981 -0.249434 0.175273
v -0.349505 0.235909 -0.174149
v -0.337870 -0.248813 0.172735
v -0.344471 -0.242666 0.176215
v 0.337913 0.248914 0.172706
v -0.345365 0.234088 0.171710
v -0.305603 -0.244108 0.171712
v -0.304586 -0.243830 -0.171824
v 0.338977 0.249066 0.170218
v -0.302539 0.243894 -0.171804
v -0.338938 -0.248968 0.170220
v -0.339206 0.248907 0.172173
v -0.271327 -0.241355 -0.168885
v 0.339248 -0.248809 0.172173
v -0.275949 0.241264 -0.168918
v -0.339494 0.248158 0.179995
v 0.339569 -0.248059 0.180000
v 0.346048 0.231569 -0.171211
v 0.346519 -0.234600 -0.172246
v 0.304607 -0.243791 -0.171802
v 0.304601 0.243891 -0.171804
v 0.279859 -0.241415 0.169068
v 0.277569 0.241467 0.168990
v 0.271310 0.241392 -0.168852
v 0.275840 -0.241218 -0.168950
v -0.342773 0.227783 -0.169626
v -0.304575 -0.237933 0.168597
v -0.304540 -0.237952 -0.168614
v -0.305497 0.238120 0.168388
v -0.304647 0.237962 -0.168559
v -0.274791 -0.234754 0.166331
v 0.349558 -0.236650 0.174479
v 0.304660 -0.237982 0.168596
v 0.304734 0.238049 0.168565
v 0.304661 0.238046 -0.168589
v 0.304583 -0.237952 -0.168614
v -0.346740 -0.225267 0.170698
v -0.346318 -0.224505 -0.170343
v -0.305686 0.231929 0.166429
v -0.304430 -0.231580 0.166674
v -0.305743 0.231665 -0.166354
v -0.305562 -0.231540 -0.166390
v 0.304473 0.231678 0.166674
v 0.305773 -0.231579 0.166356
v 0.305328 0.231720 -0.166475
v 0.305634 -0.231833 -0.166442
v 0.275903 0.228479 0.165084
v -0.345877 0.213914 -0.172676
v -0.305682 0.224876 -0.165727
v -0.304537 0.225065 0.165980
v -0.305223 -0.224940 -0.165822
v -0.304532 -0.224970 0.165981
v -0.272681 0.221706 0.165016
v -0.273214 -0.221582 0.165026
v 0.345483 -0.213091 0.172890
v 0.304457 0.225050 -0.166010
v 0.305714 -0.224935 -0.165713
v 0.304478 0.225072 0.166013
v 0.305468 -0.224964 0.165785
v 0.276748 0.221158 -0.165098
v -0.349431 0.209672 0.175872
v -0.304466 0.218397 0.166672
v -0.304430 -0.218322 0.166674
v -0.305385 0.218407 -0.166440
v -0.305556 -0.218360 -0.166390
v 0.347130 0.226598 0.170933
v 0.345542 0.213896 -0.172822
v 0.347546 -0.215169 -0.172531
v 0.305786 -0.218339 0.166349
v 0.305864 0.218368 0.166342
v 0.305580 -0.218111 -0.166441
v 0.304246 0.218430 -0.166717
v -0.349827 -0.204642 -0.180184
v 0.301745 0.204049 -0.019328
v -0.308749 -0.200612 -0.165308
v 0.308895 0.200676 -0.164418
v 0.307060 0.160098 0.024881
v -0.306584 0.160099 0.024871
v -0.308877 0.200681 -0.164700
v -0.307027 -0.159999 0.024885
v 0.306839 -0.159997 0.024916
v -0.304540 -0.211950 -0.168614
v -0.304308 0.212063 0.168652
v -0.304308 -0.211968 0.168651
v -0.304308 0.212066 -0.168653
v -0.279877 0.209181 0.168754
v -0.279227 0.209578 -0.168576
v -0.275914 -0.209012 0.168711
v -0.276724 -0.208562 -0.168943
v -0.299821 0.204278 -0.019907
v 0.308646 -0.200274 -0.157386
v 0.304619 0.212067 -0.168599
v 0.304619 0.212067 0.168597
v 0.304657 -0.211933 0.168591
v 0.304344 -0.211967 -0.168655
v 0.279021 -0.208969 -0.168798
v 0.304601 -0.206109 -0.171804
v 0.276542 0.208208 -0.169190
v 0.273146 0.208436 0.169048
v -0.302536 0.206205 -0.171804
v 0.280374 -0.208482 0.169080
v -0.303991 -0.205454 -0.172429
v -0.304589 -0.206069 0.171824
v 0.342898 -0.205721 -0.177148
v 0.304671 0.206199 -0.171793
v 0.304675 -0.206100 0.171791
v -0.320521 0.201698 0.177082
v -0.308408 -0.201517 -0.175870
v -0.308866 -0.201511 0.175914
v -0.321374 0.201685 -0.177146
v -0.288982 0.200644 -0.175275
v -0.287703 -0.200570 -0.175177
v -0.288930 -0.200302 0.175518
v -0.288004 0.200629 0.175221
v 0.347936 0.198425 -0.188177
v 0.345731 -0.198426 0.186360
v 0.307000 -0.202079 -0.175298
v 0.308768 -0.201517 0.175908
v 0.308932 0.201607 0.175911
v 0.308978 0.201602 -0.175907
v 0.289215 -0.200641 0.175185
v 0.290038 -0.200568 -0.175344
v 0.290766 0.198371 -0.177592
v 0.307901 0.202337 0.174842
v -0.342006 0.196047 -0.190350
v -0.348030 -0.199212 0.186910
v -0.334828 -0.198628 -0.182763
v -0.327096 -0.196260 0.184899
v -0.330421 0.196588 0.185325
v -0.299555 0.196372 -0.180762
v -0.291837 0.194445 0.183378
v -0.288938 -0.194050 0.183770
v -0.289511 -0.194128 -0.183670
v 0.342917 0.198635 0.185622
v 0.337735 0.201956 -0.179904
v 0.326327 -0.196253 -0.184790
v 0.313032 0.195305 0.184146
v 0.317603 -0.195583 0.184233
v 0.324798 0.196374 -0.184311
v 0.288589 -0.194315 -0.183278
v 0.282861 -0.194215 0.183252
v 0.276264 0.194450 0.182835
v -0.338948 -0.195337 -0.191042
v -0.292860 0.191596 -0.190386
v 0.346359 -0.195619 0.195620
v 0.282922 0.191762 -0.189131
v -0.295536 -0.191088 0.193236
v 0.317171 0.192406 -0.193582
v 0.294253 -0.190928 0.193491
v 0.293671 -0.190939 -0.193352
v -0.308895 0.201538 -0.175959
v -0.308918 -0.201443 -0.175960
v 0.308938 -0.201440 -0.175959
v 0.308984 0.201543 -0.175961
v 0.306028 -0.201192 -0.176084
v -0.308115 0.201519 -0.175901
v -0.307505 -0.201376 -0.175936
v 0.306586 0.202586 -0.174904
v 0.338137 -0.200475 -0.162164
v 0.337989 0.200972 -0.169696
v -0.340512 0.160095 0.024912
v -0.338094 0.200573 -0.162164
v -0.338656 -0.159990 0.024954
v 0.340541 -0.159997 0.024919
v 0.338699 0.160088 0.024954
v -0.340879 -0.200144 -0.146612
v -0.337900 -0.200957 -0.170914
v 0.337595 -0.201388 -0.175366
v -0.337552 0.201486 -0.175367
v 0.338999 -0.201800 -0.179907
v -0.339186 0.201892 -0.179910
v 0.308628 0.249699 -0.158166
v -0.308494 0.249715 -0.157746
v 0.308644 -0.249621 -0.157561
v -0.308192 -0.249353 -0.164945
v -0.306506 0.160100 -0.024857
v 0.307117 0.160097 -0.024890
v -0.307098 -0.159998 -0.024899
v 0.307087 -0.159999 -0.024889
v 0.309827 0.248580 -0.175884
v -0.308734 -0.248455 -0.175929
v -0.308792 0.248166 -0.175218
v -0.308963 0.248546 -0.175956
v 0.308992 0.248547 -0.175955
v -0.309003 -0.249227 -0.166393
v 0.309006 -0.248448 -0.175956
v -0.308949 0.248634 -0.175953
v 0.308537 -0.248549 -0.175959
v 0.307350 0.248398 -0.175933
v 0.306486 -0.247403 -0.174916
v 0.343045 -0.246170 -0.151963
v -0.338520 0.249529 -0.162175
v -0.340025 -0.159996 -0.024925
v 0.338182 -0.249419 -0.162233
v 0.338702 -0.159995 -0.024957
v 0.340069 0.160094 -0.024932
v -0.338096 -0.249233 -0.166444
v -0.338656 0.160092 -0.024957
v 0.338286 0.249686 -0.158280
v 0.337925 -0.248792 -0.172954
v -0.337883 0.248890 -0.172955
v -0.339899 0.248214 -0.179934
v 0.339296 -0.248102 -0.179917
v -0.337553 -0.248526 -0.175235
v 0.337596 0.248624 -0.175235
v -0.337952 0.248125 -0.180003
v -0.337988 -0.248031 -0.180002
v 0.338000 -0.248028 -0.180003
v 0.338033 0.248129 -0.180002
v -0.318338 0.248470 -0.176770
v -0.337266 0.248218 -0.179747
v 0.318381 0.248470 -0.176770
v 0.337310 0.248218 -0.179747
v -0.302227 0.238032 -0.168659
v 0.304217 0.231669 -0.166723
v -0.302094 0.225049 -0.166069
v 0.304188 0.225049 -0.166069
v -0.302123 0.218430 -0.166723
v -0.302227 0.212066 -0.168660
v -0.318334 0.201627 -0.176769
v 0.318378 0.201627 -0.176769
v -0.337266 0.201881 -0.179746
v 0.337309 0.201881 -0.179747
v 0.337309 0.201880 0.179744
v 0.308444 0.248507 0.175901
v 0.337309 0.248217 0.179744
v 0.304188 0.225049 0.166066
v 0.304217 0.231669 0.166720
v 0.338978 0.201953 0.179987
v 0.318380 0.201628 0.176767
v 0.318379 0.248471 0.176767
v 0.309308 0.200053 0.024995
v 0.309303 0.200053 -0.024997
v 0.309535 0.200051 0.024985
v 0.341109 0.200060 -0.024990
v 0.339703 0.200059 0.024989
v 0.337309 -0.201782 0.179744
v 0.309137 -0.201466 -0.175963
v 0.337310 -0.248120 -0.179747
v 0.304217 -0.231571 0.166720
v 0.318377 -0.248373 0.176767
v 0.304188 -0.224951 -0.166069
v 0.304217 -0.231570 -0.166723
v 0.304321 -0.237933 -0.168659
v 0.318378 -0.201529 -0.176769
v 0.321248 -0.201587 -0.177130
v 0.306715 -0.199962 0.024989
v 0.308718 -0.199970 -0.024987
v 0.309541 -0.199966 -0.024999
v 0.341203 -0.199965 -0.024990
v 0.340139 -0.199997 0.024988
v -0.337266 -0.201782 0.179744
v -0.337266 -0.248119 0.179744
v -0.337266 -0.201783 -0.179746
v -0.337266 -0.248120 -0.179747
v -0.304145 -0.224951 0.166066
v -0.318335 -0.248373 0.176767
v -0.320773 -0.248304 0.177109
v -0.338802 -0.248045 -0.179988
v -0.304145 -0.224951 -0.166069
v -0.318335 -0.201529 -0.176769
v -0.337754 -0.201855 -0.179901
v -0.308608 -0.199968 -0.024983
v -0.309264 -0.199955 0.024995
v -0.309493 -0.199953 0.024985
v -0.309498 -0.199953 -0.024986
v -0.339829 -0.199961 0.024989
v -0.341445 -0.199963 -0.024990
v -0.304628 0.206199 0.171791
v -0.337266 0.201880 0.179744
v -0.302094 0.225049 0.166067
v -0.318338 0.201628 0.176767
v -0.318335 0.248471 0.176767
v -0.308453 0.200075 0.024978
v -0.309275 0.200053 -0.024998
v -0.309497 0.200064 -0.024999
v -0.341094 0.200062 -0.024991
v -0.340043 0.200059 0.024989
v 0.304749 0.160320 -0.022632
v 0.342971 0.160437 -0.021411
v 0.304751 0.160320 0.022635
v 0.342971 0.160440 0.021409
v 0.304747 -0.160222 -0.022629
v 0.342971 -0.160343 -0.021409
v 0.304745 -0.160223 0.022622
v 0.342971 -0.160338 0.021408
v 0.338700 -0.159986 0.024954
v -0.304704 -0.160222 0.022626
v -0.342928 -0.160342 0.021409
v -0.342928 0.160441 -0.021411
v -0.304901 0.160302 0.022810
v -0.342928 0.160436 0.021408
v 0.320485 0.248399 -0.177083
v 0.304321 0.238032 -0.168659
v -0.302123 0.231669 -0.166723
v 0.304217 0.218430 -0.166723
v 0.304321 0.212067 -0.168659
v 0.338098 0.201961 -0.180006
v 0.337408 0.249027 -0.170027
v 0.304217 0.218430 0.166720
v 0.304321 0.212067 0.168656
v 0.338130 -0.201862 -0.180004
v 0.318381 -0.201530 0.176767
v 0.318381 -0.248372 -0.176770
v 0.337309 -0.201783 -0.179747
v -0.338054 -0.201863 -0.180006
v -0.304278 -0.211968 0.168656
v -0.304174 -0.231571 0.166720
v -0.304278 -0.237933 0.168656
v -0.318338 -0.201530 0.176767
v -0.318338 -0.248372 -0.176770
v -0.304278 -0.237933 -0.168659
v -0.338087 0.248138 0.180001
v -0.337266 0.248217 0.179744
v 0.308888 0.160089 -0.024975
v 0.308888 -0.159991 0.024972
v 0.340043 -0.159996 -0.024934
v -0.338659 -0.159993 -0.024957
v -0.304701 -0.160223 -0.022624
v -0.342928 -0.160342 -0.021409
v -0.343700 -0.162451 -0.000001
v -0.340496 -0.159997 0.024921
v -0.308845 0.160089 0.024972
v -0.308844 0.160090 -0.024975
v -0.304904 0.160302 -0.022818
v -0.340023 0.160094 -0.024933
v -0.338656 0.160084 0.024954
v -0.349978 -0.135065 0.090279
v -0.349978 -0.135065 -0.090281
v -0.349978 -0.150081 -0.062187
v -0.349978 0.159427 -0.031703
v -0.349978 -0.090231 -0.135115
v -0.349978 -0.114856 -0.114906
v -0.349978 -0.159329 0.031701
v 0.350022 0.031751 -0.159379
v 0.350022 0.000049 -0.162501
v 0.350022 -0.159329 -0.031703
v 0.350022 -0.159329 0.031701
v 0.350022 -0.150081 0.062185
v -0.308361 0.201580 -0.175853
v 0.338098 0.248137 0.180003
v 0.304584 0.243887 0.171803
v 0.304321 0.238032 0.168656
v 0.338131 -0.248040 0.180001
v 0.337309 -0.248119 0.179744
v 0.304217 -0.218331 0.166720
v 0.304321 -0.211968 0.168656
v 0.304586 -0.243789 0.171803
v 0.304321 -0.237933 0.168656
v -0.304541 -0.206112 -0.171805
v -0.304174 -0.218331 -0.166723
v -0.304278 -0.211968 -0.168659
v -0.338087 0.201960 -0.180004
v 0.338699 0.160085 -0.024957
v -0.308845 -0.159991 -0.024975
v -0.349978 -0.114856 0.114904
v -0.349978 -0.090231 0.135113
v -0.349978 0.031751 0.159376
v -0.349978 0.062235 0.150129
v 0.350022 0.090329 -0.135115
v 0.350022 0.062235 -0.150132
v 0.350022 -0.031653 -0.159379
v 0.350022 -0.062137 -0.150132
v 0.350022 -0.090231 0.135113
v 0.350022 0.062235 0.150129
v 0.350022 0.090329 0.135113
v 0.309536 0.200051 -0.024987
v 0.304188 -0.224951 0.166066
v -0.304174 -0.231571 -0.166723
v -0.304539 0.206210 0.171803
v -0.304278 0.212067 0.168656
v 0.303588 -0.162451 -0.000001
v -0.308844 -0.159991 0.024972
v -0.349978 0.090329 0.135113
v 0.304217 -0.218331 -0.166723
v -0.338054 -0.248039 0.180004
v 0.340538 0.160095 0.024921
v -0.349978 0.000049 -0.162501
v -0.349978 0.000049 0.162499
v -0.349978 0.114954 0.114904
v -0.349978 0.135163 0.090279
v 0.350022 0.150179 -0.062187
v 0.304585 0.206211 -0.171805
v -0.302123 0.218429 0.166721
v -0.302123 0.231669 0.166721
v -0.309497 0.200064 0.024997
v 0.303588 0.162549 -0.000001
v -0.349978 -0.031653 -0.159379
v -0.304174 -0.218331 0.166720
v -0.302227 0.238032 0.168657
v 0.350022 -0.135065 -0.090281
v 0.350022 -0.031653 0.159376
v 0.304582 -0.206112 0.171803
v 0.304321 -0.211968 -0.168659
v -0.304541 -0.243789 0.171803
v 0.306955 0.201512 -0.175895
v -0.302494 0.243895 0.171804
v 0.337640 -0.199953 0.024985
v 0.350022 -0.143201 0.059316
v -0.349978 0.143201 0.059316
v 0.350022 0.143201 0.059316
v 0.350022 0.128878 0.086113
v 0.350022 0.109602 0.109602
v 0.350022 0.086113 0.128878
v 0.350022 0.059316 0.143201
v 0.350022 0.000000 0.155000
v 0.350022 0.030239 0.152022
v 0.350022 -0.030239 0.152022
v 0.350022 -0.059316 0.143201
v 0.350022 -0.086113 0.128878
v 0.350022 -0.109602 0.109602
v 0.350022 -0.128878 0.086113
v 0.350022 -0.155000 -0.000000
v 0.350022 -0.152022 0.030239
v 0.350022 -0.152022 -0.030239
v 0.350022 -0.143201 -0.059316
v 0.350022 -0.128878 -0.086113
v 0.350022 -0.109602 -0.109602
v 0.350022 -0.086113 -0.128878
v 0.350022 -0.059316 -0.143201
v 0.350022 -0.030239 -0.152022
v 0.350022 0.000000 -0.155000
v 0.350022 0.030239 -0.152022
v 0.350022 0.059316 -0.143201
v 0.350022 0.086113 -0.128878
v 0.350022 0.109602 -0.109602
v 0.350022 0.143201 -0.059316
v 0.350022 0.128878 -0.086113
v 0.350022 0.152022 -0.030239
v 0.350022 0.155000 -0.000000
v 0.350022 0.152022 0.030239
v -0.349978 0.128878 -0.086113
v -0.349978 0.109602 -0.109602
v -0.349978 0.086113 -0.128878
v -0.349978 0.030239 -0.152022
v -0.349978 0.000000 -0.155000
v -0.349978 -0.030239 -0.152022
v -0.349978 -0.059316 -0.143201
v -0.349978 -0.086113 -0.128878
v -0.349978 -0.109602 -0.109602
v -0.349978 -0.128878 -0.086113
v -0.349978 -0.143201 -0.059316
v -0.349978 -0.152022 -0.030239
v -0.349978 -0.155000 0.000000
v -0.349978 -0.152022 0.030239
v -0.349978 -0.128878 0.086113
v -0.349978 -0.143201 0.059316
v -0.349978 -0.109602 0.109602
v -0.349978 -0.086113 0.128878
v -0.349978 -0.030239 0.152022
v -0.349978 -0.059316 0.143201
v -0.349978 -0.000000 0.155000
v -0.349978 0.030239 0.152022
v -0.349978 0.059316 0.143201
v -0.349978 0.086113 0.128878
v -0.349978 0.059316 -0.143201
v -0.349978 0.109602 0.109602
v -0.349978 0.128878 0.086113
v -0.349978 0.152022 0.030239
v -0.349978 0.155000 -0.000000
v -0.349978 0.152022 -0.030239
vn 0.0172 -0.4827 0.8756
vn -0.0250 -0.6971 0.7165
vn -0.0187 -0.4395 0.8980
vn 0.0137 0.4649 0.8853
vn -0.0026 0.1834 0.9830
vn -0.0154 0.4784 0.8780
vn 0.0243 0.9941 -0.1060
vn -0.0307 0.9830 0.1812
vn -0.0297 0.9926 -0.1180
vn 0.0234 0.0969 -0.9950
vn 0.0268 0.3761 -0.9262
vn -0.0343 0.1157 -0.9927
vn 0.0297 -0.7716 0.6354
vn 0.0231 -0.9467 0.3212
vn -0.0413 -0.8450 0.5332
vn -0.0883 -0.9957 0.0265
vn -0.9781 -0.1174 0.1719
vn -0.8765 -0.4788 0.0493
vn 0.2012 0.7841 -0.5871
vn 0.8552 0.5183 -0.0015
vn 0.0954 0.9954 0.0123
vn -0.8368 -0.5472 -0.0190
vn -0.9773 -0.1241 -0.1716
vn -0.0728 -0.9972 -0.0141
vn -0.7038 0.7043 -0.0921
vn -0.0947 0.9952 -0.0249
vn -0.8448 0.5346 0.0218
vn -0.9994 -0.0305 0.0168
vn -0.0973 0.9950 0.0227
vn -0.9562 0.1249 -0.2648
vn -0.9249 0.0561 -0.3761
vn 0.2083 -0.6867 -0.6965
vn 0.9216 -0.3631 -0.1373
vn -0.9586 0.1231 0.2566
vn -0.9995 -0.0252 -0.0186
vn -0.9998 -0.0071 -0.0175
vn -0.0940 0.9956 0.0018
vn -0.7809 0.6240 0.0280
vn -0.8761 0.4529 -0.1653
vn -0.0918 -0.9958 0.0018
vn -0.7840 -0.6200 -0.0316
vn -0.8863 -0.4586 0.0635
vn 0.9788 -0.1921 0.0714
vn 0.1869 -0.7682 0.6123
vn 0.7954 -0.6060 0.0111
vn -0.8659 0.1815 -0.4662
vn -0.6510 0.0877 -0.7540
vn -0.0902 -0.9959 -0.0027
vn -0.8585 -0.1843 -0.4786
vn -0.8849 -0.4252 -0.1899
vn -0.9614 -0.1208 0.2473
vn -0.9363 -0.0534 0.3472
vn -0.0932 0.9956 -0.0002
vn -0.9621 0.1198 0.2449
vn -0.9480 0.2789 0.1531
vn 0.7238 0.6135 0.3159
vn 0.2009 0.7118 -0.6730
vn 0.2306 0.7968 0.5585
vn 0.0849 0.9961 0.0220
vn 0.9804 0.1242 0.1531
vn 0.8763 0.4793 0.0489
vn -0.9091 -0.3840 -0.1614
vn -0.7402 -0.6720 0.0233
vn -0.0957 -0.9953 0.0117
vn 0.9994 0.0307 0.0169
vn 0.0971 -0.9951 0.0191
vn 0.9561 -0.1250 -0.2649
vn 0.9247 -0.0561 -0.3765
vn 0.0944 -0.9954 -0.0160
vn 0.8906 -0.1678 0.4226
vn 0.8884 -0.4464 0.1073
vn 0.0925 0.9955 -0.0193
vn 0.8494 0.1890 0.4928
vn 0.5980 0.0908 0.7963
vn -0.9444 0.2897 -0.1558
vn -0.1869 0.7503 0.6342
vn -0.0909 0.9940 0.0609
vn 0.0887 -0.9961 0.0016
vn 0.8321 -0.5544 -0.0162
vn 0.9071 -0.4038 -0.1185
vn 0.8105 0.5737 0.1183
vn 0.6077 0.7848 0.1214
vn 0.6352 0.7723 -0.0046
vn 0.0907 0.9959 0.0007
vn 0.6191 0.7829 -0.0620
vn 0.7753 0.6279 0.0684
vn 0.9543 -0.2805 -0.1031
vn 0.8348 -0.1109 -0.5393
vn 0.9996 0.0196 0.0220
vn 0.9206 0.1620 0.3552
vn 0.8750 0.0707 0.4789
vn 0.9628 0.2589 -0.0777
vn 0.9994 -0.0302 -0.0177
vn 0.7776 -0.6285 -0.0170
vn -0.9702 -0.2327 0.0680
vn -0.2054 -0.7004 -0.6835
vn -0.2546 -0.8064 0.5338
vn -0.1997 -0.7104 0.6749
vn -0.0918 0.0048 0.9958
vn -0.0000 0.9807 -0.1956
vn -0.0000 0.9808 -0.1951
vn -0.0000 0.9239 -0.3827
vn -0.0000 -0.9807 0.1955
vn -0.0000 -0.9808 0.1951
vn -0.0000 -0.9239 0.3827
vn -0.0000 -0.7071 0.7071
vn -0.0000 -0.8315 0.5556
vn -0.0000 -0.3827 -0.9239
vn -0.0000 -0.5556 -0.8315
vn -0.0000 -0.1951 -0.9808
vn -0.0000 -0.0000 -1.0000
vn -0.0000 0.1951 -0.9808
vn -0.0000 0.3827 -0.9239
vn -0.0009 0.9290 0.3702
vn 0.0006 0.9257 0.3782
vn -0.0002 0.9881 0.1540
vn -0.0000 0.8315 0.5556
vn -0.0000 0.7071 0.7071
vn -0.0000 0.5556 0.8315
vn -0.0000 0.3827 0.9239
vn -0.0000 0.1951 0.9808
vn -0.0000 -0.0000 1.0000
vn -0.0000 -0.1951 0.9808
vn -0.0000 -0.3827 0.9239
vn -0.0000 -0.5556 0.8315
vn -0.0002 -0.9880 -0.1543
vn -0.0009 -0.9290 -0.3702
vn 0.0006 -0.9257 -0.3782
vn -0.0000 -0.8315 -0.5556
vn -0.0000 -0.7071 -0.7071
vn -0.0000 0.5556 -0.8315
vn -0.0000 0.7071 -0.7071
vn -0.0000 0.8315 -0.5556
vn -0.0000 0.9807 -0.1957
vn -0.0000 -0.9807 0.1956
vn -0.0216 -0.9664 -0.2560
vn 1.0000 -0.0000 -0.0000
vn 0.9942 -0.0754 0.0773
vn 0.8136 -0.5814 -0.0000
vn 0.7647 -0.6444 -0.0000
vn -0.0216 0.9665 0.2558
vn -0.7876 -0.6132 -0.0606
vn -0.7852 -0.6151 -0.0714
vn -0.9977 -0.0667 -0.0091
vn -1.0000 -0.0000 -0.0000
vn 0.0008 -0.9795 -0.2014
vn 0.0008 0.9795 0.2012
vn 0.0318 -0.9953 0.0919
vn -0.0436 -0.9990 -0.0093
vn -0.0356 -0.9761 0.2143
vn 0.0300 0.7105 -0.7031
vn -0.0291 0.8727 -0.4873
vn -0.0310 0.6153 -0.7877
vn 0.0282 -0.5514 -0.8338
vn 0.0434 -0.3813 -0.9234
vn -0.0312 -0.6581 -0.7523
vn -0.0001 0.0012 1.0000
vn -0.0027 -0.1756 0.9845
vn -0.0001 0.0008 1.0000
vn -0.0185 0.4589 0.8883
vn 0.0028 0.1855 0.9826
vn -0.0025 0.1761 0.9844
vn 0.0138 0.8887 -0.4582
vn 0.0357 0.9822 -0.1845
vn -0.0333 0.9808 -0.1922
vn 0.0446 -0.1435 -0.9886
vn -0.0377 -0.3728 -0.9272
vn 0.0312 -0.9621 -0.2708
vn 0.0153 -0.4650 0.8852
vn 0.0331 -0.7801 0.6248
vn -0.0135 -0.4776 0.8784
vn 0.0181 0.4484 0.8936
vn 0.0275 0.1075 -0.9938
vn 0.0320 0.4636 -0.8854
vn -0.0279 0.3086 -0.9508
vn 0.0026 -0.1890 0.9820
vn -0.0262 0.7218 -0.6917
vn 0.0210 0.8787 -0.4770
vn -0.0282 0.8849 -0.4649
vn 0.0013 -0.0038 -1.0000
vn 0.0032 0.1862 -0.9825
vn -0.0147 0.0950 -0.9954
vn 0.0235 -0.8885 -0.4583
vn -0.0269 -0.7650 -0.6434
vn -0.0240 -0.9588 -0.2831
vn 0.0294 -0.9943 -0.1024
vn -0.0319 -0.9952 0.0920
vn 0.0268 -0.8734 0.4863
vn -0.0374 -0.9297 0.3664
vn -0.0297 -0.7786 0.6269
vn -0.0252 0.9964 0.0808
vn 0.0265 0.8858 0.4633
vn -0.0272 0.8770 0.4797
vn 0.0240 -0.2971 0.9545
vn 0.0204 -0.6399 0.7682
vn -0.0296 -0.3812 0.9240
vn 0.0311 0.7183 0.6950
vn 0.0244 0.4420 0.8967
vn -0.0338 0.6352 0.7716
vn -0.0344 -0.0950 0.9949
vn 0.0333 -0.9799 0.1966
vn 0.0257 -0.7115 -0.7022
vn 0.0183 0.4600 -0.8877
vn -0.0172 0.4530 -0.8914
vn 0.0259 0.7088 -0.7049
vn 0.0380 0.9791 -0.1998
vn 0.0275 0.9913 0.1284
vn 0.0163 -0.8656 -0.5004
vn -0.0256 -0.7132 -0.7005
vn -0.0312 -0.8864 -0.4619
vn 0.0157 0.0976 -0.9951
vn 0.0182 0.4719 -0.8815
vn -0.0032 0.2140 -0.9768
vn 0.0261 0.1096 0.9936
vn 0.0378 -0.1885 0.9813
vn -0.0328 -0.1055 0.9939
vn 0.0406 -0.9839 0.1741
vn 0.0197 -0.9948 -0.1002
vn -0.0319 -0.9558 0.2923
vn 0.0254 -0.3888 0.9210
vn 0.0174 -0.6452 0.7638
vn -0.0412 -0.3791 0.9244
vn -0.0445 0.1963 0.9795
vn 0.0194 0.9959 0.0887
vn 0.0334 0.8753 0.4824
vn -0.0388 0.9212 0.3872
vn 0.0302 0.7899 -0.6125
vn -0.0224 0.6429 -0.7656
vn 0.0142 -0.4844 -0.8747
vn 0.0055 -0.1973 -0.9803
vn -0.0194 -0.4490 -0.8933
vn -0.0347 -0.9636 0.2652
vn -0.0011 -0.0046 1.0000
vn 0.0167 -0.0993 0.9949
vn -0.0044 -0.1844 0.9828
vn -0.0240 0.8751 0.4833
vn 0.0315 0.7702 0.6370
vn -0.0134 0.6986 0.7154
vn -0.0289 0.4633 -0.8857
vn 0.0280 0.6478 -0.7613
vn -0.0361 0.7112 -0.7021
vn -0.0220 -0.6566 -0.7539
vn 0.0350 -0.4779 -0.8777
vn -0.0257 -0.2724 -0.9618
vn 0.0337 -0.7614 -0.6475
vn 0.0486 0.9827 0.1789
vn 0.0046 0.1878 0.9822
vn 0.0305 -0.9539 -0.2986
vn 0.0351 -0.9994 -0.0067
vn 0.1401 -0.9837 -0.1125
vn -0.1012 -0.9916 -0.0807
vn -0.0347 -0.8886 -0.4573
vn -0.1328 -0.8715 -0.4721
vn 0.1001 -0.8738 -0.4760
vn -0.1152 -0.6858 -0.7186
vn 0.1361 -0.6295 -0.7650
vn 0.3346 -0.8706 -0.3606
vn 0.4024 -0.3472 -0.8471
vn -0.0706 -0.5272 -0.8468
vn -0.1017 -0.2735 -0.9565
vn -0.3506 -0.2866 -0.8916
vn 0.1294 -0.2525 -0.9589
vn 0.0876 -0.0586 -0.9944
vn -0.1531 0.0916 -0.9840
vn -0.2091 0.6553 -0.7259
vn 0.2790 0.3112 -0.9085
vn -0.1115 0.4489 -0.8866
vn -0.0236 0.8911 -0.4532
vn -0.0940 0.8837 -0.4584
vn -0.1258 0.9887 -0.0811
vn 0.0996 0.9873 -0.1241
vn 0.0301 0.8871 -0.4606
vn 0.1427 0.9133 -0.3815
vn 0.3007 0.6582 -0.6902
vn 0.3088 0.9507 0.0272
vn -0.1045 0.9470 0.3038
vn -0.3498 0.9018 0.2539
vn 0.2633 0.9138 0.3092
vn 0.0952 0.8803 0.4647
vn -0.2423 0.7551 0.6092
vn 0.0283 0.5963 0.8023
vn 0.9298 0.0782 0.3597
vn 0.2532 0.7365 0.6273
vn 0.0274 -0.3372 0.9410
vn 0.0333 -0.2405 0.9701
vn 0.0329 -0.5935 0.8041
vn 0.0880 -0.8733 0.4791
vn 0.0612 -0.6942 0.7171
vn 0.2241 -0.7381 0.6364
vn -0.1921 -0.9301 0.3130
vn -0.0286 -0.9938 -0.1071
vn -0.3557 -0.9317 -0.0742
vn 0.0848 -0.9788 0.1866
vn 0.2844 -0.8926 0.3499
vn -0.7740 -0.6289 0.0734
vn 0.0901 -0.9943 0.0569
vn 0.0460 -0.9950 0.0892
vn 0.1183 -0.9887 0.0919
vn 0.2091 -0.7681 -0.6052
vn -0.9178 0.3799 -0.1158
vn -0.9434 0.2886 -0.1633
vn -0.9474 -0.3192 -0.0222
vn 0.0905 -0.9937 -0.0668
vn 0.9547 -0.2376 0.1791
vn 0.0960 0.9951 -0.0251
vn 0.0713 0.9947 -0.0747
vn 0.2967 0.9523 -0.0717
vn 0.1662 0.9838 -0.0676
vn -0.9982 0.0495 -0.0335
vn 0.8103 -0.1466 -0.5674
vn -0.9910 0.1146 0.0684
vn -0.8084 -0.5886 -0.0038
vn 0.2229 -0.7381 -0.6369
vn 0.8618 -0.1218 -0.4923
vn 0.9264 -0.3765 -0.0031
vn -0.9242 0.3652 0.1115
vn 0.0872 0.9949 -0.0502
vn 0.0622 0.9949 -0.0792
vn 0.2050 0.9758 -0.0759
vn 0.0837 -0.9953 -0.0484
vn -0.6123 -0.0897 -0.7855
vn -0.0000 -0.9958 0.0916
vn 0.0583 -0.9973 0.0448
vn -0.9127 0.0243 0.4078
vn 0.9562 0.2490 -0.1541
vn 0.2195 0.7489 -0.6253
vn 0.2028 0.7659 0.6102
vn 0.7738 0.6292 0.0728
vn -0.2051 0.7629 -0.6131
vn 0.9178 -0.3798 -0.1158
vn 0.9434 -0.2885 -0.1633
vn -0.2019 -0.7961 -0.5706
vn 0.8238 0.5642 0.0558
vn 0.8836 0.4111 0.2242
vn 0.7795 -0.6200 -0.0892
vn -0.0909 -0.9946 -0.0497
vn -0.3781 -0.8361 0.3975
vn -0.8815 -0.4452 0.1572
vn -0.0533 -0.9948 -0.0869
vn -0.1510 -0.9846 -0.0885
vn 0.9982 -0.0495 -0.0334
vn 0.6893 -0.0838 0.7196
vn -0.0879 0.9961 -0.0058
vn -0.2075 0.6932 -0.6902
vn -0.0821 0.9935 -0.0784
vn 0.0742 0.9970 0.0216
vn -0.2262 0.7337 -0.6407
vn -0.9837 0.1514 -0.0965
vn -0.8746 0.4849 0.0009
vn 0.0856 -0.9949 -0.0530
vn 0.6486 -0.7610 -0.0128
vn -0.0854 -0.9961 -0.0232
vn -0.0622 -0.9949 -0.0792
vn -0.2051 -0.9758 -0.0759
vn 0.9750 -0.1004 -0.1980
vn -0.0000 0.9958 0.0913
vn -0.0578 0.9973 0.0444
vn -0.0941 0.9944 -0.0478
vn 0.9960 0.0717 0.0524
vn -0.0002 -0.9965 -0.0841
vn -0.8697 0.1639 0.4656
vn -0.6291 -0.2666 -0.7302
vn -0.2347 -0.7970 -0.5566
vn -0.0934 -0.0057 -0.9956
vn -0.1512 -0.7621 -0.6296
vn -0.1526 -0.7528 0.6404
vn -0.0929 -0.0103 0.9956
vn 0.0217 -0.0035 0.9998
vn 0.1859 -0.7536 0.6305
vn 0.0919 0.0048 0.9958
vn 0.0909 -0.0047 -0.9958
vn 0.9933 0.1036 0.0508
vn 0.0928 -0.0049 0.9957
vn 0.9936 -0.1008 0.0503
vn -0.0920 -0.0043 0.9958
vn -0.0913 0.0054 -0.9958
vn -0.9944 -0.0934 0.0504
vn -0.9935 0.1025 0.0503
vn -0.0001 1.0000 -0.0009
vn -0.0000 1.0000 -0.0000
vn -0.0001 -1.0000 0.0009
vn -0.0000 -1.0000 -0.0000
vn -0.0076 -0.7035 0.7107
vn -0.0335 -0.9796 -0.1980
vn 0.0274 -0.7883 -0.6147
vn -0.0331 -0.8659 -0.4991
vn -0.0260 -0.1095 -0.9936
vn -0.1853 0.9825 -0.0212
vn -0.1182 0.9367 -0.3297
vn 0.2070 0.9425 -0.2625
vn 0.0485 0.9988 -0.0031
vn -0.1010 0.7347 -0.6709
vn 0.1178 0.6196 -0.7760
vn 0.2106 0.7701 -0.6022
vn 0.0633 0.8804 -0.4700
vn -0.3990 0.7804 -0.4814
vn -0.2977 0.0725 -0.9519
vn -0.1360 0.4188 -0.8978
vn -0.0767 0.0464 -0.9960
vn 0.2088 -0.2114 -0.9548
vn 0.0915 0.2672 -0.9593
vn -0.1721 -0.3052 -0.9366
vn -0.3389 -0.6781 -0.6522
vn -0.1106 -0.6153 -0.7805
vn 0.0905 -0.6454 -0.7584
vn -0.1163 -0.9079 -0.4028
vn 0.1140 -0.9041 -0.4118
vn 0.2785 -0.7218 -0.6336
vn 0.1439 -0.9878 -0.0592
vn -0.2081 -0.9640 0.1653
vn -0.2852 -0.9478 -0.1427
vn 0.1857 -0.9505 0.2493
vn -0.1285 -0.8769 0.4632
vn -0.0304 -0.8639 0.5028
vn 0.0383 -0.9235 0.3817
vn 0.2115 -0.8349 0.5081
vn 0.0597 -0.7073 0.7044
vn -0.0287 -0.5804 0.8138
vn 0.0316 -0.3732 0.9272
vn -0.0346 0.3738 0.9269
vn -0.1796 0.6958 0.6955
vn -0.9601 -0.0736 0.2699
vn -0.3010 0.4942 0.8156
vn 0.2138 0.9551 0.2049
vn 0.4502 0.4789 0.7537
vn -0.0319 0.8906 0.4537
vn -0.1228 0.8314 0.5420
vn -0.1519 0.9469 0.2834
vn 0.0352 0.9794 0.1989
vn 0.1012 0.8809 0.4624
vn 0.0278 0.8769 0.4798
vn -0.0374 0.9789 -0.2009
vn -0.0477 -0.6149 0.7871
vn -0.0273 0.2836 0.9586
vn 0.0161 0.0909 0.9957
vn -0.3275 0.8565 -0.3990
vn -0.1550 0.9874 -0.0310
vn -0.3399 0.7908 0.5090
vn -0.1073 0.8714 0.4786
vn 0.1075 0.9886 0.1058
vn 0.1190 0.8948 0.4303
vn 0.2188 0.9578 -0.1864
vn -0.1516 0.5667 0.8099
vn 0.1230 0.4055 0.9058
vn 0.0840 0.6144 0.7845
vn 0.3321 0.7054 0.6262
vn -0.1023 0.2773 0.9553
vn -0.3262 0.0574 0.9436
vn 0.0652 0.1041 0.9924
vn -0.1183 -0.1066 0.9872
vn -0.1439 -0.4156 0.8981
vn 0.0798 -0.2754 0.9580
vn 0.0805 -0.6281 0.7739
vn -0.2499 -0.6944 0.6748
vn -0.1214 -0.8595 0.4965
vn -0.1112 -0.9894 0.0935
vn -0.3252 -0.9341 0.1475
vn 0.0989 -0.8660 0.4902
vn 0.1014 -0.9892 -0.1056
vn -0.1124 -0.9710 -0.2112
vn -0.0755 -0.8738 -0.4804
vn -0.4325 -0.7699 -0.4692
vn 0.0960 -0.8948 -0.4360
vn 0.2917 -0.9565 -0.0030
vn -0.0062 -0.5602 -0.8283
vn -0.0148 -0.2899 -0.9569
vn -0.0249 -0.4148 -0.9096
vn 0.0335 -0.3700 -0.9284
vn 0.0031 -0.1809 -0.9835
vn 0.0193 -0.4662 -0.8845
vn 0.2013 -0.4716 -0.8585
vn -0.0332 0.5722 -0.8194
vn -0.0338 0.3441 -0.9383
vn 0.0378 0.5742 -0.8178
vn 0.0786 0.8900 -0.4491
vn 0.0638 0.7289 -0.6816
vn -0.0999 0.8847 -0.4553
vn -0.0143 -0.0908 -0.9958
vn -0.0339 0.9820 0.1856
vn 0.0383 -0.8329 0.5521
vn -0.0231 -0.7773 0.6287
vn -0.0225 -0.9960 -0.0861
vn 0.0096 -0.7010 -0.7131
vn 0.0275 -0.9236 0.3824
vn -0.0377 -0.5602 0.8275
vn -0.0037 0.3807 -0.9247
vn -0.0868 -0.9900 -0.1116
vn -0.1143 -0.9537 0.2783
vn -0.2958 -0.9541 -0.0472
vn 0.0856 -0.9881 -0.1280
vn 0.1233 -0.9417 0.3132
vn 0.2873 -0.9468 -0.1453
vn -0.2692 -0.8330 0.4833
vn -0.0932 -0.7723 0.6284
vn -0.2127 -0.4732 0.8549
vn 0.1276 -0.4454 0.8862
vn 0.0664 -0.6208 0.7812
vn 0.2893 0.1784 0.9405
vn 0.3912 -0.2437 0.8874
vn 0.1117 -0.0493 0.9925
vn -0.1381 -0.0959 0.9858
vn -0.2729 0.1957 0.9419
vn 0.0787 0.2869 0.9547
vn 0.0260 0.4727 0.8809
vn -0.1353 0.4733 0.8705
vn -0.2036 0.7791 0.5929
vn 0.1353 0.5391 0.8313
vn 0.0331 0.7060 0.7075
vn -0.0415 0.6963 0.7165
vn -0.0348 0.8321 0.5535
vn -0.1515 0.9521 0.2657
vn -0.2879 0.9423 -0.1708
vn -0.0184 0.9949 -0.0990
vn -0.0791 0.9882 -0.1308
vn 0.0336 0.9484 -0.3154
vn 0.0768 0.9901 0.1177
vn -0.0759 0.8668 -0.4928
vn -0.0234 0.8929 -0.4496
vn 0.3223 0.7776 -0.5398
vn 0.2928 0.9536 0.0708
vn 0.1192 0.9553 -0.2704
vn 0.0328 0.6007 -0.7988
vn -0.0464 0.5515 -0.8329
vn 0.0273 0.3337 -0.9423
vn -0.3225 -0.5386 -0.7784
vn -0.0270 -0.2370 -0.9711
vn -0.0363 -0.3411 -0.9393
vn 0.0300 -0.3747 -0.9267
vn -0.0353 -0.5709 -0.8203
vn 0.2155 -0.8763 -0.4308
vn -0.1210 -0.8930 -0.4335
vn 0.0683 -0.8947 -0.4415
vn 0.0264 -0.2163 -0.9760
vn 0.0237 0.9261 0.3766
vn -0.4092 -0.6886 -0.5987
vn 0.0985 0.1819 -0.9784
vn 0.0937 0.5026 -0.8594
vn 0.0829 0.7699 -0.6327
vn -0.3239 0.8622 -0.3896
vn -0.0729 0.8264 0.5584
vn -0.7267 -0.6510 0.2191
vn -0.0313 0.5783 0.8152
vn 0.0814 0.7342 0.6740
vn 0.0586 0.6633 0.7461
vn -0.1586 0.4419 0.8829
vn -0.0312 0.3718 0.9278
vn 0.0290 0.3627 0.9314
vn 0.0284 0.0318 0.9991
vn -0.0348 -0.5687 0.8218
vn -0.0401 -0.3760 0.9257
vn -0.0772 -0.7774 0.6242
vn -0.0562 -0.7807 0.6224
vn -0.0004 -0.9960 0.0893
vn -0.0012 -0.9968 0.0797
vn -0.0007 0.9970 -0.0770
vn -0.0000 -0.9959 -0.0908
vn -0.0024 -0.9960 -0.0894
vn -0.0048 -0.9976 -0.0685
vn -0.0003 0.9978 0.0656
vn 0.0796 0.9958 0.0451
vn 0.0022 0.9963 0.0865
vn -0.2015 -0.4449 0.8726
vn -0.0004 0.9966 -0.0828
vn -0.0028 1.0000 -0.0023
vn -0.2202 0.6487 -0.7285
vn 0.0039 -0.9974 0.0721
vn 0.0018 -0.9956 0.0937
vn 0.0015 0.9967 0.0807
vn -0.0003 0.9961 0.0883
vn -0.8315 0.2097 -0.5143
vn 0.0004 -0.9965 -0.0835
vn 0.1877 0.7973 -0.5736
vn 0.0003 0.9955 -0.0944
vn 0.1534 0.7535 0.6394
vn 0.0024 0.9960 -0.0896
vn 0.0048 0.9976 -0.0689
vn 0.0057 -1.0000 0.0031
vn -0.0244 -0.9997 -0.0042
vn 0.1399 -0.6756 -0.7239
vn -0.0761 -0.9957 0.0523
vn 0.0208 -0.0032 -0.9998
vn -0.0006 0.0018 1.0000
vn 0.0908 0.0050 -0.9959
vn 0.0017 0.0018 -1.0000
vn 0.0931 -0.0011 -0.9957
vn 0.0928 0.0102 0.9956
vn -0.0214 0.0034 0.9998
vn 0.0932 -0.0137 -0.9955
vn -0.0901 -0.0057 -0.9959
vn -0.0337 0.9935 0.1088
vn 0.3289 0.2665 -0.9060
vn -0.0580 -0.7754 0.6288
vn -0.0304 -0.3703 0.9284
vn 0.0279 -0.5935 0.8043
vn 0.0393 0.3763 0.9257
vn -0.0422 0.5743 0.8176
vn 0.0350 0.5738 0.8182
vn -0.0261 0.7161 0.6975
vn -0.0612 0.7386 0.6713
vn 0.0570 0.7946 0.6045
vn 0.0546 0.6373 0.7687
vn 0.0262 0.7141 0.6995
vn 0.0715 0.7984 0.5979
vn -0.0808 0.9719 0.2212
vn 0.2771 0.1419 0.9503
vn 0.2260 -0.0893 0.9700
vn 0.1950 -0.4570 0.8678
vn 0.3125 -0.7169 0.6232
vn 0.1433 -0.9529 0.2673
vn 0.3865 -0.8478 -0.3630
vn -0.0817 -0.7701 -0.6327
vn 0.0625 -0.7238 -0.6872
vn -0.0580 -0.7088 -0.7031
vn 0.0404 -0.5792 -0.8142
vn -0.0272 0.2390 -0.9706
vn 0.0332 0.3652 -0.9303
vn 0.2412 0.8931 -0.3797
vn -0.0630 0.7345 -0.6756
vn 0.3156 -0.8288 0.4620
vn 0.1348 -0.7434 0.6551
vn -0.0320 0.4738 0.8800
vn 0.1864 0.7618 0.6204
vn 0.1003 0.9305 0.3522
vn 0.0777 0.8133 -0.5766
vn -0.0525 0.7519 -0.6572
vn 0.0498 0.6660 -0.7443
vn 0.0312 -0.0110 -0.9995
vn -0.0571 -0.8050 -0.5905
vn -0.0711 -0.7984 -0.5979
vn 0.1232 -0.7576 -0.6410
vn -0.0000 -0.8819 -0.4714
vn -0.0000 -0.7730 -0.6344
vn -0.0000 -0.2903 -0.9569
vn -0.0000 -0.0980 -0.9952
vn -0.0000 0.4714 -0.8819
vn -0.0000 0.9569 -0.2903
vn -0.0000 0.9952 -0.0980
vn -0.0000 0.9952 0.0980
vn -0.0000 0.9569 0.2903
vn -0.0000 0.6344 0.7730
vn -0.0000 0.2903 0.9569
vn -0.0000 0.0980 0.9952
vn -0.0000 -0.2903 0.9569
vn -0.0000 -0.6344 0.7730
vn -0.0000 -0.7730 0.6344
vn -0.0000 -0.9569 0.2903
vn -0.0000 -0.6344 -0.7730
vn -0.0000 -0.9952 -0.0980
vn -0.0000 0.6344 -0.7730
vn -0.0000 0.8819 -0.4714
vn -0.0005 0.9957 -0.0931
vn -0.0008 0.9960 -0.0897
vn -0.0004 -0.9958 0.0916
vn -0.0009 -0.9959 0.0904
vn 0.0003 0.9958 0.0917
vn 0.0008 0.9959 0.0904
vn -0.0003 0.9953 0.0966
vn -0.0000 0.9952 -0.0977
vn 0.0001 -0.9952 0.0977
vn 0.9951 -0.0193 -0.0966
vn 0.9942 -0.0753 -0.0773
vn 0.9951 -0.0194 0.0965
vn 0.9977 0.0667 0.0093
vn 0.8141 0.5807 -0.0000
vn 0.7688 0.6394 -0.0000
vn 0.9977 0.0667 -0.0093
vn -0.9951 -0.0193 0.0965
vn -0.9942 -0.0754 0.0773
vn -0.8141 0.5807 -0.0000
vn -0.9977 0.0667 -0.0093
vn -0.9977 0.0667 0.0093
vn -0.0039 0.9974 0.0720
vn -0.0017 0.9956 0.0941
vn 0.0410 -0.6421 0.7655
vn 0.0017 0.9949 -0.1006
vn 0.0022 0.9952 -0.0983
vn -0.0932 -0.0069 0.9956
vn 0.0931 0.0029 0.9957
vn 0.2243 -0.6292 0.7442
vn 0.0028 -0.9956 -0.0938
vn 0.0001 -0.9952 -0.0980
vn -0.0545 -0.6412 -0.7654
vn -0.0004 -0.9955 0.0943
vn -0.0008 -0.9960 0.0897
vn -0.0003 -0.9958 -0.0915
vn -0.0008 -0.9959 -0.0901
vn -0.0017 -0.9949 -0.1006
vn -0.0022 -0.9952 -0.0982
vn -0.0002 0.9952 -0.0977
vn -0.0007 0.9960 -0.0898
vn 0.0001 0.9961 0.0880
vn 0.0004 0.9962 0.0871
vn 0.0014 -0.9948 0.1019
vn 0.0021 -0.9951 0.0984
vn 0.0004 -0.9955 -0.0942
vn 0.0008 -0.9960 -0.0897
vn 0.0003 -0.9961 -0.0882
vn -0.0004 -0.9965 0.0840
vn -0.0001 -0.9966 0.0827
vn -0.0002 -0.9965 0.0836
vn 0.0002 -0.9952 -0.0977
vn 0.0007 -0.9960 -0.0898
vn 0.0022 -0.9992 -0.0393
vn 0.0022 0.9992 0.0392
vn -0.0003 -0.9953 -0.0969
vn -0.0000 -0.9952 0.0980
vn -0.0000 -0.9952 0.0979
vn -0.7667 -0.0578 -0.6394
vn -0.0013 0.9948 0.1021
vn -0.0021 0.9951 0.0984
vn -0.9999 0.0003 -0.0166
vn -0.2259 -0.0078 -0.9741
vn 0.0009 0.9964 0.0846
vn 0.0002 0.9965 0.0832
vn -0.8159 0.0513 0.5760
vn 0.7657 0.0579 -0.6405
vn 0.2269 0.0096 0.9739
vn 0.0006 0.9955 -0.0952
vn 0.0013 0.9957 -0.0931
vn 0.4593 0.0819 -0.8845
vn 0.6921 -0.0631 0.7191
vn -0.9989 -0.0165 -0.0434
vn -0.9835 -0.1720 0.0563
vn 0.9989 0.0165 -0.0438
vn 0.9979 -0.0095 0.0640
vn -0.0001 0.9952 -0.0981
vn -0.0001 0.9952 -0.0980
vn 0.0002 -0.9952 0.0980
vn 0.0001 -0.9952 0.0980
vn 0.0023 0.9956 0.0937
vn 0.0408 -0.6419 0.7657
vn -0.0255 -0.0491 -0.9985
vn -0.0276 -0.1509 -0.9882
vn -0.0532 0.6395 -0.7670
vn 0.0560 0.6382 -0.7678
vn -0.2425 0.8768 -0.4151
vn 0.0265 0.2446 -0.9693
vn -0.0280 0.0210 -0.9994
vn 0.0305 -0.5761 -0.8168
vn -0.0000 -0.9569 -0.2903
vn -0.0000 0.0980 -0.9952
vn -0.0000 0.2903 -0.9569
vn -0.0000 0.7730 -0.6344
vn -0.0000 0.8819 0.4714
vn -0.0000 0.7730 0.6344
vn -0.0000 0.4714 0.8819
vn -0.0000 -0.0980 0.9952
vn -0.0000 -0.4714 0.8819
vn -0.0000 -0.4714 -0.8819
vn -0.0000 -0.8819 0.4714
vn -0.0938 -0.0014 -0.9956
vn -0.0003 0.9952 0.0977
vn 0.0009 0.9952 0.0982
vn 0.0008 0.9952 0.0982
vn 0.0003 0.9952 0.0975
vn -0.0007 0.9952 -0.0982
vn -0.0003 0.9952 -0.0976
vn -0.0008 -0.9952 0.0982
vn -0.0003 -0.9952 0.0975
vn -0.7689 0.6394 -0.0000
vn -0.0003 -0.9952 -0.0977
vt 0.170394 0.946822
vt 0.125000 0.544174
vt 0.176934 0.551348
vt 0.326932 0.945516
vt 0.281250 0.532635
vt 0.326527 0.554416
vt 0.515217 0.952528
vt 0.468750 0.544280
vt 0.517330 0.546098
vt 0.735275 0.951081
vt 0.687500 0.954172
vt 0.731424 0.541921
vt 0.111388 0.954484
vt 0.050455 0.951158
vt 0.093750 0.536167
vt 0.154824 0.748065
vt 0.239354 0.733147
vt 0.142599 0.719425
vt 0.590461 0.258987
vt 0.590761 0.268616
vt 0.591114 0.277011
vt 0.409050 0.764902
vt 0.264123 0.733847
vt 0.408468 0.772050
vt 0.386126 0.495089
vt 0.424281 0.462962
vt 0.357380 0.530815
vt 0.144589 0.689912
vt 0.154584 0.502051
vt 0.144589 0.560087
vt 0.145799 0.591902
vt 0.848643 0.514561
vt 0.730830 0.748011
vt 0.858664 0.691636
vt 0.355411 0.560088
vt 0.355411 0.689912
vt 0.354201 0.658098
vt 0.152947 0.745992
vt 0.139815 0.739110
vt 0.142620 0.719184
vt 0.412795 0.470405
vt 0.390649 0.491032
vt 0.357380 0.530816
vt 0.641304 0.559741
vt 0.590497 0.490798
vt 0.645848 0.506478
vt 0.144589 0.689912
vt 0.145799 0.658098
vt 0.153146 0.520114
vt 0.144589 0.560087
vt 0.142620 0.530817
vt 0.355411 0.560088
vt 0.354201 0.591902
vt 0.408144 0.776393
vt 0.355411 0.689912
vt 0.357380 0.719184
vt 0.620766 0.726710
vt 0.730823 0.748024
vt 0.590531 0.759008
vt 0.154824 0.748064
vt 0.239345 0.733122
vt 0.142599 0.719423
vt 0.606750 0.236373
vt 0.590762 0.268615
vt 0.595549 0.276850
vt 0.144589 0.689912
vt 0.154586 0.502035
vt 0.144589 0.560088
vt 0.145799 0.591902
vt 0.410298 0.477862
vt 0.355411 0.560088
vt 0.357401 0.530575
vt 0.410498 0.772645
vt 0.355411 0.689912
vt 0.354201 0.658098
vt 0.860553 0.701460
vt 0.760750 0.743779
vt 0.849763 0.749417
vt 0.159594 0.751742
vt 0.140529 0.735892
vt 0.142620 0.719185
vt 0.142620 0.530816
vt 0.137660 0.518265
vt 0.152970 0.514290
vt 0.414078 0.469545
vt 0.389810 0.491754
vt 0.357380 0.530816
vt 0.144589 0.689912
vt 0.145799 0.658098
vt 0.144589 0.560088
vt 0.355411 0.560088
vt 0.354201 0.591902
vt 0.264481 0.733747
vt 0.355411 0.689912
vt 0.357380 0.719184
vt 0.640664 0.699295
vt 0.730825 0.748021
vt 0.590437 0.759168
vt 0.764865 0.746428
vt 0.591997 0.786830
vt 0.764868 0.503589
vt 0.968750 1.000000
vt 0.968750 0.853335
vt 0.937500 1.000000
vt 0.468750 1.000000
vt 0.468750 0.847032
vt 0.437500 1.000000
vt 0.375000 0.500000
vt 0.406250 1.000000
vt 0.406250 0.500000
vt 0.687500 1.000000
vt 0.687500 0.500000
vt 0.656250 0.500000
vt 0.718750 1.000000
vt 0.718750 0.500000
vt 0.750000 1.000000
vt 0.750000 0.500000
vt 0.781250 1.000000
vt 0.781250 0.500000
vt 0.812500 1.000000
vt 0.812500 0.500000
vt 0.062500 1.000000
vt 0.062500 0.500000
vt 0.024598 0.970819
vt 0.093750 1.000000
vt 0.093750 0.500000
vt 0.125000 1.000000
vt 0.125000 0.500000
vt 0.156250 1.000000
vt 0.156250 0.500000
vt 0.187500 1.000000
vt 0.187500 0.500000
vt 0.218750 1.000000
vt 0.218750 0.500000
vt 0.250000 0.500000
vt 0.250000 1.000000
vt 0.281250 0.500000
vt 0.281250 1.000000
vt 0.312500 1.000000
vt 0.312500 0.500000
vt 0.343750 1.000000
vt 0.343750 0.500000
vt 0.375000 1.000000
vt 0.437500 0.500000
vt 0.524598 0.970819
vt 0.562500 1.000000
vt 0.562500 0.500000
vt 0.593750 1.000000
vt 0.593750 0.500000
vt 0.625000 1.000000
vt 0.625000 0.500000
vt 0.656250 1.000000
vt 0.843750 1.000000
vt 0.843750 0.500000
vt 0.875000 1.000000
vt 0.875000 0.500000
vt 0.906250 1.000000
vt 0.906250 0.500000
vt 0.937500 0.500000
vt 0.968750 0.500000
vt 0.468750 0.500000
vt 0.531250 1.000000
vt 0.377181 0.059585
vt 0.341844 0.028269
vt 0.337603 0.038430
vt 0.294659 0.025403
vt 0.250000 0.010000
vt 0.250000 0.021005
vt 0.490000 0.250000
vt 0.478921 0.249928
vt 0.485388 0.296822
vt 0.031250 1.000000
vt 0.750000 0.010000
vt 0.750000 0.021005
vt 0.703178 0.014612
vt 0.971731 0.341844
vt 0.961495 0.337533
vt 0.974523 0.294588
vt 0.531250 0.500000
vt 0.031250 0.500000
vt 0.483512 0.955646
vt 0.500000 0.537535
vt 0.468750 0.542119
vt 0.875000 0.954601
vt 0.920991 0.546594
vt 0.856410 0.543251
vt 0.656250 0.957812
vt 0.687500 0.964603
vt 0.639940 0.543471
vt 0.250000 0.967324
vt 0.281250 0.532651
vt 0.250000 0.532601
vt 0.172658 0.553056
vt 0.218750 0.967338
vt 0.218750 0.532647
vt 0.923726 0.946675
vt 0.968750 0.958711
vt 0.968750 0.541047
vt 0.726801 0.967405
vt 0.687500 0.537932
vt 0.545805 0.957124
vt 0.326696 0.945933
vt 0.390990 0.956516
vt 0.327223 0.554276
vt 0.174965 0.948715
vt 0.764822 0.952308
vt 0.827386 0.955026
vt 0.800095 0.548751
vt 0.281250 0.967272
vt 0.125000 0.544193
vt 0.078947 0.951946
vt 0.077899 0.544743
vt 0.250000 0.967455
vt 0.218750 0.967360
vt 0.234771 0.554261
vt 0.420941 0.950498
vt 0.390169 0.546480
vt 0.451701 0.548837
vt 0.486005 0.956168
vt 0.517833 0.541446
vt 0.580203 0.953915
vt 0.562500 0.536984
vt 0.607706 0.548015
vt 0.986650 0.549103
vt 0.921180 0.952659
vt 0.922372 0.545650
vt 0.702896 0.953180
vt 0.638830 0.948597
vt 0.687500 0.545978
vt 0.875000 0.958132
vt 0.824876 0.948672
vt 0.856827 0.542133
vt 0.733404 0.541634
vt 0.531250 0.957063
vt 0.375000 0.955065
vt 0.171945 0.946751
vt 0.174618 0.552188
vt 0.125000 0.955943
vt 0.031250 0.959119
vt 0.000114 0.950268
vt 0.000169 0.547000
vt 0.081340 0.947006
vt 0.125000 0.544879
vt 0.080122 0.542644
vt 0.265686 0.945931
vt 0.327628 0.946607
vt 0.281250 0.532500
vt 0.732863 0.952570
vt 0.781250 0.964069
vt 0.766674 0.541604
vt 0.968750 0.965310
vt 0.999881 0.950526
vt 0.953236 0.541450
vt 0.812500 0.951992
vt 0.861408 0.949528
vt 0.812500 0.536264
vt 0.718750 0.532331
vt 0.513722 0.948025
vt 0.579883 0.957454
vt 0.562500 0.539724
vt 0.389646 0.954476
vt 0.361535 0.547942
vt 0.171694 0.945614
vt 0.218750 0.967367
vt 0.175142 0.550956
vt 0.044216 0.541924
vt 0.250000 0.532530
vt 0.232394 0.947594
vt 0.218750 0.532667
vt 0.423341 0.548650
vt 0.391891 0.957357
vt 0.368618 0.530894
vt 0.670717 0.544932
vt 0.639870 0.953569
vt 0.625000 0.542299
vt 0.861222 0.550932
vt 0.828038 0.957290
vt 0.796716 0.546537
vt 0.889241 0.957083
vt 0.468750 0.969257
vt 0.281250 0.967349
vt 0.952769 0.954414
vt 0.999623 0.961143
vt 0.968750 0.992708
vt 0.986590 0.516370
vt 0.923094 0.541703
vt 0.917563 0.508036
vt 0.923285 0.983746
vt 0.875000 0.513422
vt 0.419657 0.385291
vt 0.353649 0.449060
vt 0.323332 0.427369
vt 0.428396 0.315959
vt 0.843750 0.522943
vt 0.795027 0.516953
vt 0.911102 0.398130
vt 0.965426 0.312461
vt 0.938011 0.304159
vt 0.453041 0.303797
vt 0.762079 0.984415
vt 0.812500 0.990190
vt 0.735770 0.507576
vt 0.963161 0.231558
vt 0.906418 0.115353
vt 0.441472 0.182889
vt 0.672130 0.514898
vt 0.948016 0.144670
vt 0.625000 0.509812
vt 0.577289 0.548273
vt 0.576592 0.516333
vt 0.516041 0.517058
vt 0.515572 0.980099
vt 0.578643 0.954563
vt 0.562500 0.989065
vt 0.386268 0.107395
vt 0.253955 0.053522
vt 0.342647 0.055513
vt 0.451325 0.513425
vt 0.693540 0.064572
vt 0.767117 0.028300
vt 0.681995 0.035528
vt 0.170425 0.065925
vt 0.271986 0.023969
vt 0.141801 0.046610
vt 0.205261 0.025082
vt 0.613270 0.091748
vt 0.343762 0.967577
vt 0.063934 0.207894
vt 0.112948 0.091890
vt 0.187500 0.967380
vt 0.218750 0.967283
vt 0.156239 0.967573
vt 0.079858 0.981607
vt 0.127055 0.970597
vt 0.112768 0.408263
vt 0.139814 0.450450
vt 0.084132 0.422637
vt 0.048601 0.504821
vt 0.000921 0.517504
vt 0.000230 0.544296
vt 0.769793 0.448632
vt 0.680512 0.450040
vt 0.768460 0.476083
vt 0.000377 0.961143
vt 0.031250 0.980437
vt 0.275526 0.463397
vt 0.206482 0.468782
vt 0.172334 0.427088
vt 0.140156 0.737643
vt 0.590437 0.979667
vt 0.587500 0.984521
vt 0.589655 0.990872
vt 0.846041 0.744155
vt 0.874460 0.728491
vt 0.137601 0.518224
vt 0.142620 0.530816
vt 0.357380 0.719184
vt 0.590383 0.759139
vt 0.589028 0.768885
vt 0.641285 0.694781
vt 0.588096 0.474193
vt 0.587500 0.484521
vt 0.589656 0.490872
vt 0.590643 0.481262
vt 0.590523 0.490988
vt 0.145799 0.658097
vt 0.857049 0.606021
vt 0.873546 0.523294
vt 0.354201 0.591902
vt 0.137714 0.518284
vt 0.872889 0.524093
vt 0.856722 0.604359
vt 0.849451 0.508154
vt 0.409824 0.765152
vt 0.590248 0.773650
vt 0.587500 0.765397
vt 0.589726 0.759029
vt 0.588399 0.476369
vt 0.145799 0.591902
vt 0.409544 0.265028
vt 0.589099 0.269227
vt 0.410474 0.271751
vt 0.590705 0.267391
vt 0.354201 0.658098
vt 0.859273 0.699103
vt 0.874546 0.728620
vt 0.760460 0.746557
vt 0.140159 0.737645
vt 0.601697 1.000000
vt 0.589097 0.980791
vt 0.590488 0.990908
vt 0.137596 0.518219
vt 0.142620 0.530816
vt 0.590521 0.258904
vt 0.409878 0.765251
vt 0.357380 0.719184
vt 0.409319 0.485001
vt 0.589633 0.478995
vt 0.590509 0.490978
vt 0.640891 0.553038
vt 0.587500 0.484521
vt 0.589652 0.490871
vt 0.145799 0.658098
vt 0.354201 0.591902
vt 0.585079 0.790564
vt 0.730825 0.748022
vt 0.588737 0.768185
vt 0.409609 0.271943
vt 0.380442 0.277684
vt 0.409098 0.265000
vt 0.873322 0.523541
vt 0.856748 0.591812
vt 0.849452 0.508162
vt 0.407988 0.771490
vt 0.409239 0.765009
vt 0.590248 0.773650
vt 0.587500 0.765397
vt 0.589726 0.759030
vt 0.145799 0.591902
vt 0.409537 0.265028
vt 0.589114 0.269226
vt 0.588688 0.476543
vt 0.590706 0.267392
vt 0.354201 0.658098
vt 0.409543 0.765029
vt 0.643061 0.612030
vt 0.590440 0.490744
vt 0.856888 0.674845
vt 0.869867 0.722709
vt 0.760455 0.746603
vt 0.407777 0.463333
vt 0.403189 0.362070
vt 0.379563 0.361379
vt 0.411815 0.890608
vt 0.407671 0.786573
vt 0.379210 0.887609
vt 0.411942 0.887274
vt 0.765931 0.744112
vt 0.764870 0.503593
vt 0.591712 0.786816
vt 0.591492 0.463019
vt 0.668513 0.625000
vt 0.591882 0.786920
vt 0.764867 0.503586
vt 0.764886 0.746383
vt 0.668513 0.625000
vt 0.766155 0.743625
vt 0.764866 0.503584
vt 0.591718 0.786810
vt 0.591716 0.463007
vt 0.668513 0.625000
vt 0.668513 0.625000
vt 1.000000 0.533167
vt 1.000000 0.966833
vt 0.500000 0.533167
vt 0.500000 0.966833
vt 0.366491 0.530956
vt 0.531250 0.542746
vt 0.607586 0.951286
vt 0.577634 0.542336
vt 0.734515 0.546059
vt 0.999146 0.519585
vt 0.948864 0.509328
vt 0.955316 1.000000
vt 0.999484 0.966955
vt 0.880976 0.514599
vt 0.417494 0.390075
vt 0.379190 0.406353
vt 0.383243 0.449412
vt 0.863548 0.404126
vt 0.947379 0.262415
vt 0.944508 0.338518
vt 0.974839 0.257543
vt 0.449362 0.207812
vt 0.464224 0.312949
vt 0.482341 0.226179
vt 0.755533 0.515935
vt 0.945786 0.187253
vt 0.971574 0.158221
vt 0.892066 0.116263
vt 0.925848 0.114462
vt 0.635138 0.984988
vt 0.471574 0.158221
vt 0.418367 0.102141
vt 0.638034 0.507410
vt 0.566121 0.510608
vt 0.839633 0.046297
vt 0.567179 0.988704
vt 0.340200 0.049091
vt 0.376224 0.105223
vt 0.257627 0.034453
vt 0.750000 0.010170
vt 0.711377 0.048838
vt 0.796794 0.058618
vt 0.500000 0.987434
vt 0.198539 0.047356
vt 0.422257 0.511966
vt 0.420613 0.543690
vt 0.437500 0.959966
vt 0.406250 0.990193
vt 0.455080 0.990820
vt 0.112926 0.091816
vt 0.128411 0.079108
vt 0.084132 0.077364
vt 0.343762 0.532428
vt 0.312500 0.967377
vt 0.187500 0.532622
vt 0.613057 0.408249
vt 0.556502 0.252379
vt 0.621393 0.380411
vt 0.099016 0.388044
vt 0.202508 0.447434
vt 0.068350 0.313085
vt 0.077057 0.543977
vt 0.093750 0.511941
vt 0.046765 0.505427
vt 0.031250 0.958620
vt 0.077252 0.987420
vt 0.079741 0.955253
vt 0.000516 0.966955
vt 0.031250 1.000000
vt 0.031250 0.539854
vt 0.643399 0.531775
vt 0.796086 0.545818
vt 0.765397 0.945711
vt 0.983757 0.953325
vt 0.661308 0.425377
vt 0.743594 0.464453
vt 0.857777 0.410291
vt 0.857809 0.448352
vt 0.986730 0.987183
vt 0.922497 0.982188
vt 0.351605 0.444626
vt 0.267487 0.469815
vt 0.221356 0.450079
vt 0.862855 0.507389
vt 0.920954 0.515654
vt 0.444402 0.342662
vt 0.430259 0.388617
vt 0.374315 0.396709
vt 0.794924 0.516400
vt 0.922502 0.374880
vt 0.968478 0.313513
vt 0.940669 0.252642
vt 0.766845 0.972158
vt 0.812500 0.985390
vt 0.735751 0.505948
vt 0.687500 0.513032
vt 0.968746 0.230574
vt 0.941767 0.154679
vt 0.705063 0.982414
vt 0.641787 0.981270
vt 0.933559 0.105399
vt 0.883203 0.101065
vt 0.593750 0.516591
vt 0.861109 0.057296
vt 0.515354 0.509061
vt 0.841779 0.028426
vt 0.771781 0.027035
vt 0.776669 0.054647
vt 0.578740 0.983278
vt 0.486427 0.987706
vt 0.468750 0.522622
vt 0.419674 0.520088
vt 0.697413 0.035127
vt 0.647479 0.087657
vt 0.145571 0.052421
vt 0.230686 0.022557
vt 0.250187 0.049859
vt 0.347717 0.533668
vt 0.295041 0.554179
vt 0.312500 0.532621
vt 0.312500 0.967353
vt 0.281250 0.967363
vt 0.327970 0.946452
vt 0.053131 0.225271
vt 0.078084 0.170453
vt 0.071847 0.326538
vt 0.156238 0.532425
vt 0.187500 0.532643
vt 0.156237 0.967573
vt 0.078694 0.978754
vt 0.127133 0.970633
vt 0.112908 0.408209
vt 0.123612 0.439153
vt 0.084140 0.422628
vt 0.076055 0.515116
vt 0.013234 0.511761
vt 0.234800 0.554499
vt 0.531250 0.542186
vt 0.906250 0.961579
vt 0.890183 0.548937
vt 0.999874 0.548961
vt 0.133463 0.969002
vt 0.937500 0.954743
vt 0.843750 0.540537
vt 0.312500 0.532591
vt 0.999233 0.522781
vt 0.952613 0.504656
vt 0.816350 0.465721
vt 0.726865 0.471717
vt 0.736153 0.441061
vt 0.999073 0.986741
vt 0.320168 0.455776
vt 0.225668 0.444977
vt 0.226113 0.474366
vt 0.854700 0.422813
vt 0.890658 0.425859
vt 0.937500 0.987433
vt 0.892128 0.516396
vt 0.843750 0.500000
vt 0.826328 0.988954
vt 0.859797 0.971191
vt 0.447709 0.219101
vt 0.432505 0.304180
vt 0.467172 0.263772
vt 0.967700 0.267310
vt 0.945636 0.209514
vt 0.974916 0.205261
vt 0.702277 0.982856
vt 0.671726 0.951857
vt 0.942262 0.148994
vt 0.876360 0.088619
vt 0.656250 0.989101
vt 0.625000 0.955879
vt 0.625000 0.537776
vt 0.607875 0.506623
vt 0.593750 0.543002
vt 0.808198 0.044834
vt 0.724295 0.056965
vt 0.486507 0.551134
vt 0.482557 0.519400
vt 0.725228 0.027469
vt 0.450746 0.957719
vt 0.516863 0.980954
vt 0.417946 0.519425
vt 0.425325 0.547666
vt 0.138141 0.101235
vt 0.259803 0.053531
vt 0.192853 0.038832
vt 0.112996 0.091764
vt 0.347010 0.967741
vt 0.347077 0.532255
vt 0.312500 0.967352
vt 0.561323 0.200236
vt 0.593115 0.351164
vt 0.557343 0.313707
vt 0.218750 0.532693
vt 0.187500 0.532643
vt 0.187500 0.967380
vt 0.156237 0.532426
vt 0.151833 0.428374
vt 0.079720 0.349223
vt 0.112899 0.408168
vt 0.613162 0.408382
vt 0.647063 0.448728
vt 0.012863 0.549997
vt 0.017135 0.519705
vt 0.075872 0.508830
vt 0.013818 0.949432
vt 0.077262 0.976333
vt 0.760702 0.744267
vt 0.582933 0.352709
vt 0.613052 0.408137
vt 0.781250 0.952852
vt 0.437500 0.953452
vt 0.983121 0.544429
vt 0.857786 0.438093
vt 0.872594 0.397019
vt 0.857425 0.995115
vt 0.940939 0.377582
vt 0.718750 0.977665
vt 0.667778 0.982506
vt 0.449215 0.136833
vt 0.473039 0.205635
vt 0.390385 0.072387
vt 0.606356 0.985455
vt 0.836921 0.070923
vt 0.853571 0.052030
vt 0.406250 0.521488
vt 0.421634 0.985861
vt 0.622595 0.059325
vt 0.372947 0.529396
vt 0.584132 0.077364
vt 0.343762 0.532417
vt 0.087546 0.079862
vt 0.375774 0.980700
vt 0.372394 0.970711
vt 0.551830 0.232211
vt 0.575331 0.175016
vt 0.312500 0.532605
vt 0.312500 0.967365
vt 0.250000 0.967258
vt 0.156240 0.532416
vt 0.187500 0.532643
vt 0.124126 0.518740
vt 0.127418 0.529298
vt 0.070166 0.322259
vt 0.621365 0.442516
vt 0.612996 0.408293
vt 0.588165 0.419687
vt 0.573204 0.324082
vt 0.250000 0.489830
vt 0.409608 0.984971
vt 0.409685 0.978963
vt 0.409605 0.484973
vt 0.592950 0.859421
vt 0.409549 0.765027
vt 0.411799 0.859380
vt 0.378032 0.855681
vt 0.410135 0.978039
vt 0.409587 0.484973
vt 0.587854 0.483090
vt 0.409564 0.979013
vt 0.589238 0.979191
vt 0.409557 0.984971
vt 0.589201 0.890471
vt 0.409220 0.977996
vt 0.411009 0.888144
vt 0.643099 0.649976
vt 0.409549 0.765029
vt 0.411945 0.859378
vt 0.403060 0.859525
vt 0.590293 0.983688
vt 0.592977 0.859420
vt 0.265191 0.733582
vt 0.590353 0.759173
vt 0.412281 0.276516
vt 0.587939 0.267045
vt 0.409557 0.265027
vt 0.410156 0.979089
vt 0.409607 0.984971
vt 0.863493 0.531577
vt 0.850238 0.524957
vt 0.856953 0.599853
vt 0.409684 0.478991
vt 0.411562 0.859366
vt 0.589130 0.859377
vt 0.643034 0.637278
vt 0.409554 0.765028
vt 0.411808 0.890607
vt 0.378774 0.887523
vt 0.410076 0.978103
vt 0.409587 0.484973
vt 0.587853 0.483091
vt 0.588951 0.889954
vt 0.407904 0.974603
vt 0.411944 0.890622
vt 0.411945 0.859378
vt 0.403172 0.859542
vt 0.377155 0.855314
vt 0.589313 0.979315
vt 0.590303 0.983683
vt 0.592976 0.859420
vt 0.411943 0.362726
vt 0.412500 0.462500
vt 0.587500 0.287500
vt 0.588056 0.887274
vt 0.412501 0.287500
vt 0.591425 0.463029
vt 0.411946 0.362726
vt 0.404529 0.362211
vt 0.408111 0.463348
vt 0.407721 0.786630
vt 0.411943 0.887274
vt 0.407137 0.463885
vt 0.378808 0.361589
vt 0.411829 0.362718
vt 0.591485 0.463014
vt 0.015385 0.543863
vt 0.999846 0.547750
vt 0.820180 0.460002
vt 0.757029 0.463468
vt 0.311116 0.443641
vt 0.922543 0.969935
vt 0.860782 0.989477
vt 0.435811 0.305726
vt 0.899981 0.412006
vt 0.812500 0.509743
vt 0.795313 0.982780
vt 0.468750 0.510953
vt 0.372946 0.529416
vt 0.588123 0.136133
vt 0.612928 0.091881
vt 0.647427 0.056679
vt 0.584131 0.077363
vt 0.372940 0.970598
vt 0.312500 0.532623
vt 0.068951 0.184689
vt 0.343762 0.967579
vt 0.187500 0.967357
vt 0.152038 0.532209
vt 0.156240 0.967577
vt 0.125000 0.545028
vt 0.127327 0.529411
vt 0.126924 0.970879
vt 0.131237 0.969649
vt 0.125000 0.956643
vt 0.124139 0.981185
vt 0.629626 0.430153
vt 0.584132 0.422635
vt 0.112921 0.408194
vt 0.144899 0.448731
vt 0.088003 0.419804
vt 0.688613 0.453565
vt 0.000854 0.519585
vt 0.968750 0.517658
vt 0.999147 0.519843
vt 0.793787 0.470133
vt 0.854531 0.980006
vt 0.449093 0.294041
vt 0.487346 0.275221
vt 0.452210 0.226447
vt 0.475753 0.184952
vt 0.431932 0.154180
vt 0.376139 0.100262
vt 0.424607 0.109222
vt 0.309473 0.044554
vt 0.359742 0.045307
vt 0.531250 0.987918
vt 0.418723 0.980257
vt 0.161676 0.080330
vt 0.634569 0.041068
vt 0.587572 0.079880
vt 0.612927 0.091856
vt 0.375891 0.518658
vt 0.592253 0.131571
vt 0.372675 0.970584
vt 0.113039 0.091761
vt 0.084132 0.077364
vt 0.372725 0.529252
vt 0.347005 0.967741
vt 0.218750 0.532697
vt 0.187500 0.967351
vt 0.149578 0.434423
vt 0.584132 0.422636
vt 0.645171 0.452090
vt 0.000910 0.986199
vt 0.296789 0.485222
vt 0.341831 0.417313
vt 0.886976 1.000000
vt 0.930967 0.345108
vt 0.391966 0.414959
vt 0.448371 0.346073
vt 0.485222 0.296789
vt 0.750000 0.988376
vt 0.750000 0.511748
vt 0.465767 0.183461
vt 0.672838 0.503874
vt 0.669783 0.542336
vt 0.432545 0.138516
vt 0.379806 0.084122
vt 0.612189 0.994211
vt 0.545568 0.504886
vt 0.562500 0.981187
vt 0.274062 0.026912
vt 0.337847 0.037918
vt 0.457870 0.994298
vt 0.376314 0.981272
vt 0.088618 0.079956
vt 0.372680 0.529415
vt 0.372729 0.970749
vt 0.057470 0.239235
vt 0.250000 0.967285
vt 0.126977 0.529140
vt 0.124261 0.519499
vt 0.084132 0.422637
vt 0.142710 0.453263
vt 0.016993 0.982181
vt 0.093750 0.983348
vt 0.062500 0.516681
vt 0.093750 0.516681
vt 0.125000 0.983348
vt 0.125000 0.516681
vt 0.218750 0.983348
vt 0.187500 0.516681
vt 0.218750 0.516681
vt 0.250000 0.983348
vt 0.250000 0.516681
vt 0.343750 0.983348
vt 0.312500 0.516681
vt 0.343750 0.516681
vt 0.468750 0.983348
vt 0.437500 0.516681
vt 0.468750 0.516681
vt 0.500000 0.983348
vt 0.500001 0.516681
vt 0.531250 0.983348
vt 0.531250 0.516681
vt 0.562500 0.983348
vt 0.562500 0.516681
vt 0.656250 0.983348
vt 0.625000 0.516681
vt 0.656250 0.516681
vt 0.718750 0.983348
vt 0.687500 0.516681
vt 0.718750 0.516681
vt 0.750000 0.983348
vt 0.750000 0.516681
vt 0.812500 0.983348
vt 0.781250 0.516681
vt 0.812500 0.516681
vt 0.875000 0.983348
vt 0.843750 0.516681
vt 0.875000 0.516681
vt 0.906250 0.983348
vt 0.906250 0.516681
vt 0.968750 0.983348
vt 0.937500 0.516681
vt 0.968750 0.516681
vt 0.156250 0.516681
vt 0.156250 0.983348
vt 0.031250 0.983348
vt 0.000000 0.983348
vt -0.000000 0.516681
vt 0.312500 0.983348
vt 0.375000 0.983348
vt 0.406250 0.983348
vt 0.406250 0.516681
vt 0.187500 0.983348
vt 0.465133 0.485500
vt 0.581987 0.490053
vt 0.465112 0.264500
vt 0.581984 0.259947
vt 0.465115 0.264500
vt 0.581985 0.259947
vt 0.024598 0.529193
vt 0.975402 0.970807
vt 0.162393 0.461425
vt 0.116663 0.449553
vt 0.158156 0.471731
vt 0.475402 0.970807
vt 0.122815 0.440270
vt 0.080294 0.419706
vt 0.088125 0.411801
vt 0.050447 0.383337
vt 0.028269 0.341844
vt 0.059656 0.377110
vt 0.038501 0.337533
vt 0.014612 0.296822
vt 0.025474 0.294588
vt 0.010000 0.250000
vt 0.021075 0.249927
vt 0.014612 0.203178
vt 0.028269 0.158156
vt 0.025474 0.205267
vt 0.038501 0.162322
vt 0.050447 0.116663
vt 0.059656 0.122745
vt 0.080294 0.080294
vt 0.088125 0.088055
vt 0.116663 0.050447
vt 0.122815 0.059585
vt 0.158156 0.028269
vt 0.162393 0.038430
vt 0.203178 0.014612
vt 0.205338 0.025403
vt 0.296822 0.014612
vt 0.411871 0.088055
vt 0.383337 0.050447
vt 0.440341 0.122745
vt 0.419706 0.080294
vt 0.461495 0.162323
vt 0.449553 0.116663
vt 0.474523 0.205267
vt 0.471731 0.158156
vt 0.485388 0.203178
vt 0.461495 0.337533
vt 0.474522 0.294588
vt 0.440341 0.377110
vt 0.471731 0.341844
vt 0.411871 0.411801
vt 0.449553 0.383337
vt 0.419706 0.419706
vt 0.377181 0.440270
vt 0.383337 0.449553
vt 0.337603 0.461425
vt 0.294659 0.474452
vt 0.341844 0.471731
vt 0.296822 0.485388
vt 0.250000 0.478850
vt 0.250000 0.490000
vt 0.203178 0.485388
vt 0.205337 0.474452
vt 0.919706 0.419706
vt 0.877181 0.440270
vt 0.911871 0.411801
vt 0.949553 0.383337
vt 0.940341 0.377110
vt 0.990000 0.250000
vt 0.978921 0.249928
vt 0.985388 0.296822
vt 0.985388 0.203178
vt 0.974522 0.205267
vt 0.971731 0.158156
vt 0.961495 0.162322
vt 0.949553 0.116663
vt 0.940341 0.122745
vt 0.919706 0.080294
vt 0.911871 0.088055
vt 0.883337 0.050447
vt 0.877181 0.059585
vt 0.841844 0.028269
vt 0.837603 0.038430
vt 0.796822 0.014612
vt 0.794659 0.025403
vt 0.662393 0.038430
vt 0.705338 0.025403
vt 0.622815 0.059585
vt 0.658156 0.028269
vt 0.588125 0.088055
vt 0.616663 0.050447
vt 0.559655 0.122745
vt 0.580294 0.080294
vt 0.538501 0.162322
vt 0.550447 0.116663
vt 0.525474 0.205267
vt 0.528269 0.158156
vt 0.521075 0.249927
vt 0.514612 0.203178
vt 0.525474 0.294588
vt 0.510000 0.250000
vt 0.538501 0.337533
vt 0.514612 0.296822
vt 0.559656 0.377110
vt 0.528269 0.341844
vt 0.550447 0.383337
vt 0.588125 0.411801
vt 0.580294 0.419706
vt 0.622815 0.440270
vt 0.662393 0.461425
vt 0.616663 0.449553
vt 0.705338 0.474452
vt 0.658156 0.471731
vt 0.750000 0.478850
vt 0.703178 0.485388
vt 0.796822 0.485388
vt 0.794659 0.474452
vt 0.841844 0.471731
vt 0.837603 0.461425
vt 0.883337 0.449553
vt 0.412268 0.276521
vt 0.588106 0.267064
vt 0.409559 0.265027
vt 0.133879 0.969199
vt 0.412500 0.962500
vt 0.465134 0.485500
vt 0.581982 0.490053
vt 0.587500 0.787500
vt 0.412501 0.787500
vt 0.524571 0.991521
vt 0.521100 0.994604
vt 0.133853 0.530798
vt 0.465130 0.985500
vt 0.581986 0.990053
vt 0.465118 0.764500
vt 0.581985 0.759947
vt 0.465133 0.485500
vt 0.581986 0.490054
vt 0.465117 0.764500
vt 0.581985 0.759946
vt 0.465134 0.985500
vt 0.581986 0.990053
vt 0.465119 0.264500
vt 0.581986 0.259947
vt 0.465136 0.485500
vt 0.581986 0.490053
vt 0.409605 0.484971
vt 0.465134 0.985500
vt 0.409588 0.984973
vt 0.581982 0.990053
vt 0.465113 0.764500
vt 0.581984 0.759947
vt 0.522299 0.968274
vt -0.000000 0.533167
vt 0.022309 0.968281
vt 0.524598 0.529193
vt 0.000000 0.966833
vt 0.977514 0.531649
vt 0.975402 0.529193
vt 0.477701 0.531726
vt 0.475402 0.529193
vt 0.473056 0.267294
vt 0.146208 0.625000
vt 0.465121 0.264500
vt 0.581985 0.259947
vt 0.353792 0.625000
vt 0.641787 0.572127
vt 0.589020 0.888141
vt 0.146208 0.625000
vt 0.465132 0.985500
vt 0.581982 0.990053
vt 0.353792 0.625000
vt 0.146208 0.625000
vt 0.353792 0.625000
vt 0.465119 0.764500
vt 0.581985 0.759947
vt 0.589023 0.888139
vt 0.146208 0.625000
vt 0.411614 0.887316
vt 0.238360 0.733040
vt 0.228858 0.733399
vt 0.331487 0.625000
vt 0.228868 0.516561
vt 0.331487 0.625000
vt 0.408343 0.786851
vt 0.228849 0.733376
vt 0.331487 0.625000
vt 0.228904 0.516519
vt 0.331487 0.625000
vt 0.407571 0.786186
vt 0.975429 0.508479
vt 0.978898 0.505397
vt 0.475429 0.508479
vt 0.478898 0.505397
vt 0.024571 0.991521
vt 0.021102 0.994603
vt 0.250000 0.482382
vt 0.366110 0.969199
vt 0.250000 0.532742
vt 0.281250 0.532697
vt 0.127046 0.529393
vt 0.133632 0.530764
vt 0.137090 0.968758
vt 0.062500 1.000000
vt 0.031250 1.000000
vt 0.971574 0.341779
vt 0.985222 0.296789
vt 0.633511 0.045277
vt 0.613037 0.091777
vt 0.647804 0.071671
vt 0.281250 0.967303
vt 0.250000 0.532742
vt 0.156237 0.967575
vt 0.587705 0.420023
vt 0.127043 0.970604
vt 0.031250 0.516681
vt 0.062500 0.983348
vt 0.281250 0.983348
vt 0.281250 0.516681
vt 0.375000 0.516681
vt 0.593750 0.516681
vt 0.593750 0.983348
vt 0.625000 0.983348
vt 0.687500 0.983348
vt 0.781250 0.983348
vt 0.843750 0.983348
vt 1.000000 0.516681
vt 0.999999 0.983348
vt 0.437500 0.983348
vt 0.937500 0.983348
vt 0.239544 0.746596
vt 0.407743 0.463352
vt 0.022481 0.531650
vt 0.000000 0.504485
vt 0.021102 0.505397
vt 0.024571 0.508479
vt 0.977697 0.968280
vt 1.000000 0.995516
vt 0.978898 0.994603
vt 0.975429 0.991522
vt 0.477705 0.968274
vt 0.500000 0.995515
vt 0.478898 0.994603
vt 0.475429 0.991521
vt 0.750000 0.490000
vt 0.265211 0.733734
vt 0.500000 0.504485
vt 0.521100 0.505396
vt 0.524571 0.508479
vt 0.522295 0.531726
vt 0.228937 0.516465
vt 0.235131 0.746425
vt 0.228939 0.516461
vt 0.228889 0.733453
vt 1.000000 0.504485
vt 0.000000 0.995516
vt 0.558656 0.247817
vt 0.584132 0.077364
s 1
f 435/1/1 424/3/3 448/2/2
f 361/4/4 352/6/6 378/5/5
f 272/7/7 262/9/9 291/8/8
f 184/10/10 188/12/12 210/11/11
f 460/13/13 467/15/15 483/14/14
f 47/16/16 16/18/18 13/17/17
f 324/19/19 307/21/21 346/20/20
f 733/22/22 413/24/24 411/23/23
f 517/25/25 358/27/27 509/26/26
f 13/17/17 16/18/18 638/28/28
f 204/29/29 565/31/31 680/30/30
f 307/32/21 142/34/33 572/33/32
f 509/26/26 358/27/27 631/35/34
f 411/23/23 633/37/36 634/36/35
f 1/38/37 730/40/39 21/39/38
f 511/41/40 357/43/42 525/42/41
f 356/44/43 528/46/45 540/45/44
f 1/38/37 683/48/47 684/47/46
f 203/49/48 685/51/50 686/50/49
f 511/41/40 580/53/52 581/52/51
f 428/54/53 434/56/55 731/55/54
f 441/57/56 507/59/58 587/58/57
f 48/60/59 440/62/61 12/61/60
f 341/63/62 308/65/64 348/64/63
f 12/61/60 440/62/61 644/66/65
f 202/67/66 645/69/68 646/68/67
f 512/70/69 345/72/71 649/71/70
f 412/73/72 688/75/74 689/74/73
f 102/76/75 100/78/77 604/77/76
f 2/79/78 707/81/80 50/80/79
f 734/82/81 212/84/83 297/83/82
f 510/85/84 347/87/86 524/86/85
f 2/79/78 721/89/88 708/88/87
f 212/84/83 734/82/81 727/90/89
f 510/85/84 632/92/91 551/91/90
f 427/93/92 437/95/94 556/94/93
f 385/96/95 508/98/97 614/97/96
f 615/99/98 614/101/96 498/100/99
f 5/102/100 719/104/102 49/103/101
f 675/105/103 676/107/105 54/106/104
f 693/108/106 665/110/107 25/109/107
f 700/111/108 669/113/109 17/112/108
f 699/114/110 17/112/108 725/115/110
f 673/116/111 725/115/110 715/117/111
f 672/118/112 715/117/111 15/119/112
f 698/120/113 15/119/112 14/121/113
f 43/122/114 56/124/116 42/123/115
f 41/125/117 42/123/115 718/126/117
f 36/127/118 718/126/117 717/128/118
f 703/129/119 717/128/118 711/130/119
f 711/130/119 696/132/120 702/131/120
f 696/132/120 695/134/121 34/133/121
f 716/135/122 33/136/122 695/134/121
f 31/137/123 729/138/123 716/135/122
f 30/139/124 31/137/123 29/140/124
f 701/141/125 29/140/124 694/142/125
f 694/142/125 693/108/106 26/143/106
f 25/109/107 55/144/105 676/107/105
f 52/145/126 667/147/128 22/146/127
f 667/147/128 666/149/129 728/148/129
f 666/149/129 670/151/130 20/150/130
f 19/152/109 670/151/130 669/113/109
f 697/153/131 698/120/113 11/154/131
f 10/155/132 11/154/131 9/156/132
f 8/157/133 9/156/132 7/158/133
f 719/104/102 7/158/133 6/159/102
f 49/103/101 6/159/102 668/160/134
f 55/144/105 671/161/135 54/106/104
f 674/162/136 52/145/126 22/146/127
f 754/163/137 753/165/137 22/164/137
f 752/166/138 750/168/140 24/167/139
f 673/169/137 672/171/137 759/170/137
f 43/122/114 45/172/141 56/124/116
f 658/173/142 671/175/144 781/174/143
f 14/176/145 772/178/145 793/177/145
f 25/109/107 665/110/107 55/144/105
f 700/111/108 17/112/108 699/114/110
f 725/115/110 673/116/111 699/114/110
f 715/117/111 672/118/112 673/116/111
f 698/120/113 672/118/112 15/119/112
f 11/154/131 698/120/113 14/121/113
f 41/125/117 43/122/114 42/123/115
f 36/127/118 41/125/117 718/126/117
f 36/127/118 717/128/118 703/129/119
f 703/129/119 711/130/119 702/131/120
f 702/131/120 696/132/120 34/133/121
f 34/133/121 695/134/121 33/136/122
f 33/136/122 716/135/122 729/138/123
f 729/138/123 31/137/123 30/139/124
f 30/139/124 29/140/124 701/141/125
f 701/141/125 694/142/125 26/143/106
f 26/143/106 693/108/106 25/109/107
f 676/107/105 55/144/105 54/106/104
f 22/146/127 667/147/128 728/148/129
f 728/148/129 666/149/129 20/150/130
f 19/152/109 20/150/130 670/151/130
f 19/152/109 669/113/109 700/111/108
f 10/155/132 697/153/131 11/154/131
f 8/157/133 10/155/132 9/156/132
f 719/104/102 8/157/133 7/158/133
f 49/103/101 719/104/102 6/159/102
f 52/145/126 23/179/146 667/147/128
f 56/124/116 44/180/147 42/123/115
f 285/181/148 290/183/150 276/182/149
f 133/184/151 123/186/153 97/185/152
f 226/187/154 219/189/156 209/188/155
f 394/190/157 388/192/159 379/191/158
f 426/193/160 402/195/162 408/194/161
f 111/196/163 83/198/165 89/197/164
f 133/184/151 97/185/152 111/196/163
f 209/188/155 198/200/167 182/199/166
f 285/181/148 276/182/149 256/201/168
f 362/202/169 350/204/171 327/203/170
f 433/205/172 426/193/160 408/194/161
f 172/206/173 158/208/175 148/207/174
f 383/209/176 379/191/158 350/204/171
f 450/210/177 469/212/179 478/211/178
f 396/213/180 391/215/182 406/214/181
f 320/216/183 292/218/185 323/217/184
f 284/219/186 263/220/187 292/218/185
f 246/221/188 230/223/190 251/222/189
f 65/224/191 96/226/193 110/225/192
f 193/227/194 201/229/196 233/228/195
f 132/230/197 122/232/199 150/231/198
f 193/227/194 177/233/200 201/229/196
f 246/221/188 251/222/189 271/234/201
f 284/219/186 292/218/185 320/216/183
f 320/216/183 323/217/184 338/235/202
f 406/214/181 425/237/204 438/236/203
f 425/237/204 450/210/177 458/238/205
f 486/239/206 65/241/191 78/240/207
f 406/214/181 391/215/182 425/237/204
f 479/242/208 468/244/210 451/243/209
f 384/245/211 376/247/213 360/246/212
f 183/248/214 166/250/216 169/249/215
f 88/251/217 84/253/219 77/252/218
f 163/254/220 156/256/222 134/255/221
f 183/248/214 187/257/223 166/250/216
f 273/258/224 252/260/226 257/259/225
f 360/246/212 334/262/228 328/261/227
f 436/263/229 423/265/231 407/264/230
f 467/15/15 481/266/232 483/14/14
f 386/267/233 401/269/235 397/268/234
f 310/270/236 519/272/238 326/271/237
f 200/273/239 229/275/241 227/274/240
f 188/12/12 200/273/239 210/11/11
f 124/276/242 157/278/244 149/277/243
f 119/279/245 124/276/242 149/277/243
f 210/11/11 200/273/239 227/274/240
f 272/7/7 291/8/8 299/280/246
f 361/4/4 378/5/5 382/281/247
f 435/1/1 448/2/2 460/13/13
f 90/282/248 71/284/250 76/283/249
f 62/285/251 92/287/253 95/286/252
f 71/284/250 90/282/248 107/288/254
f 119/279/245 107/288/254 90/282/248
f 120/289/255 124/276/242 95/286/252
f 128/290/256 69/292/257 107/291/254
f 144/293/258 69/292/257 128/290/256
f 124/276/242 141/294/259 157/278/244
f 154/295/260 157/278/244 141/294/259
f 120/296/255 152/298/261 154/297/260
f 144/293/258 128/290/256 161/299/262
f 168/300/263 161/301/262 149/277/243
f 154/295/260 175/302/264 188/12/12
f 152/298/261 194/304/265 175/303/264
f 144/293/258 161/299/262 189/305/266
f 188/12/12 175/302/264 197/306/267
f 194/304/265 197/307/267 175/303/264
f 200/273/239 197/306/267 229/275/241
f 197/306/267 194/308/265 229/275/241
f 229/275/241 238/310/269 242/309/268
f 229/275/241 194/308/265 238/310/269
f 242/309/268 238/310/269 262/9/9
f 260/311/270 262/9/9 238/310/269
f 269/312/271 243/314/273 247/313/272
f 220/315/274 243/317/273 267/316/275
f 262/9/9 260/311/270 291/8/8
f 260/311/270 289/318/276 291/8/8
f 258/319/277 289/321/276 260/320/270
f 299/280/246 269/312/271 272/7/7
f 267/316/275 269/323/271 294/322/278
f 289/318/276 310/270/236 291/8/8
f 316/324/279 294/322/278 299/325/246
f 289/321/276 258/319/277 539/326/280
f 361/4/4 358/327/281 326/271/237
f 294/322/278 335/329/283 355/328/282
f 429/330/284 409/331/285 397/268/234
f 442/332/286 435/1/1 460/13/13
f 476/333/287 457/334/288 460/13/13
f 472/335/289 457/337/288 476/336/287
f 462/338/290 481/266/232 467/15/15
f 62/339/251 64/340/291 481/266/232
f 61/341/292 62/343/251 462/342/290
f 76/344/249 485/345/293 483/14/14
f 71/346/250 452/348/294 485/347/293
f 28/349/295 16/18/18 47/16/16
f 99/350/296 137/352/298 125/351/297
f 99/353/296 142/34/33 566/354/299
f 286/355/300 204/29/29 679/356/301
f 720/357/302 733/22/22 411/23/23
f 472/358/289 404/360/304 497/359/303
f 536/361/305 546/363/307 542/362/306
f 636/364/308 536/361/305 335/365/283
f 13/17/17 638/28/28 637/366/309
f 204/29/29 680/30/30 679/356/301
f 403/367/310 307/32/21 324/368/19
f 509/26/26 631/35/34 552/369/311
f 411/23/23 634/36/35 720/357/302
f 404/360/304 572/33/32 497/359/303
f 296/370/312 685/51/50 203/49/48
f 354/371/313 351/373/315 319/372/314
f 492/374/316 434/56/55 428/54/53
f 496/375/317 639/377/319 505/376/318
f 528/46/45 531/378/320 540/45/44
f 1/38/37 684/47/46 730/40/39
f 203/49/48 686/50/49 577/379/321
f 281/380/322 203/382/48 309/381/323
f 319/372/314 351/373/315 528/46/45
f 351/383/315 309/381/323 531/378/320
f 511/41/40 581/52/51 357/43/42
f 428/54/53 731/55/54 712/384/324
f 392/385/325 588/387/327 105/386/326
f 27/388/328 440/62/61 48/60/59
f 102/389/75 126/391/329 100/390/77
f 287/392/330 202/67/66 732/393/331
f 348/64/63 321/394/332 341/63/62
f 494/395/333 412/73/72 687/396/334
f 518/397/335 345/72/71 512/70/69
f 534/398/336 329/400/338 596/399/337
f 534/398/336 544/402/340 541/401/339
f 12/61/60 644/66/65 726/403/341
f 202/67/66 646/68/67 732/393/331
f 512/70/69 649/71/70 706/404/342
f 412/73/72 689/74/73 687/396/334
f 329/400/338 605/406/344 503/405/343
f 504/407/345 503/405/343 412/73/72
f 205/408/346 297/410/82 212/409/83
f 353/411/347 349/413/349 343/412/348
f 427/93/92 416/414/350 437/95/94
f 493/415/351 437/95/94 416/414/350
f 499/416/352 690/418/354 506/417/353
f 2/79/78 708/88/87 707/81/80
f 212/84/83 727/90/89 722/419/355
f 280/420/356 205/408/346 311/421/357
f 343/412/348 349/413/349 529/422/358
f 349/423/349 311/421/357 529/422/358
f 510/85/84 551/91/90 347/87/86
f 427/93/92 556/94/93 555/424/359
f 488/425/360 416/414/350 499/416/352
f 363/426/361 529/422/358 539/427/280
f 103/428/362 615/430/98 106/429/363
f 514/431/364 411/433/23 570/432/365
f 569/434/366 13/436/17 414/435/367
f 571/437/368 569/434/366 414/435/367
f 573/438/369 714/440/370 572/439/32
f 572/439/32 4/442/372 533/441/371
f 501/443/373 588/445/327 587/444/57
f 587/444/57 24/446/374 501/443/373
f 604/447/76 659/449/375 605/448/344
f 605/448/344 658/451/377 530/450/376
f 614/101/96 3/452/378 498/100/99
f 46/453/379 724/454/380 49/103/101
f 53/455/381 709/456/382 54/106/104
f 350/204/171 333/457/383 327/203/170
f 276/182/149 264/458/384 256/201/168
f 97/185/152 83/198/165 111/196/163
f 234/459/385 219/189/156 226/187/154
f 158/208/175 123/186/153 148/207/174
f 123/186/153 133/184/151 148/207/174
f 219/189/156 198/200/167 209/188/155
f 256/201/168 241/460/386 234/459/385
f 383/209/176 350/204/171 362/202/169
f 198/200/167 178/461/387 182/199/166
f 394/190/157 379/191/158 383/209/176
f 59/462/388 83/198/165 80/463/389
f 70/464/390 89/197/164 75/465/391
f 83/198/165 97/185/152 80/463/389
f 113/466/392 97/185/152 123/186/153
f 129/467/393 108/469/395 116/468/394
f 91/470/396 140/472/398 151/471/397
f 165/473/399 151/471/397 140/472/398
f 181/474/400 182/476/166 162/475/401
f 165/477/399 178/461/387 198/200/167
f 165/473/399 198/479/167 186/478/402
f 186/478/402 216/481/404 185/480/403
f 224/482/405 226/187/154 209/188/155
f 209/483/155 181/474/400 224/484/405
f 224/482/405 234/459/385 226/187/154
f 216/485/404 219/189/156 237/486/406
f 185/480/403 216/481/404 237/487/406
f 244/488/407 234/459/385 224/482/405
f 224/484/405 222/490/408 244/489/407
f 234/459/385 244/488/407 256/201/168
f 244/489/407 222/490/408 266/491/409
f 276/492/149 274/493/410 237/487/406
f 248/494/411 237/487/406 274/493/410
f 256/201/168 244/488/407 266/495/409
f 278/496/412 266/491/409 222/490/408
f 290/183/150 312/498/414 304/497/413
f 317/499/415 278/501/412 314/500/416
f 540/502/44 336/504/417 314/503/416
f 350/204/171 345/505/418 333/457/383
f 362/202/169 373/506/419 383/209/176
f 426/193/160 419/507/420 402/195/162
f 599/508/421 410/510/423 375/509/422
f 441/511/56 405/513/425 72/512/424
f 470/514/426 480/516/428 464/515/427
f 487/517/429 477/519/431 473/518/430
f 487/517/429 72/521/424 75/520/391
f 484/522/432 65/241/191 486/239/206
f 251/222/189 263/220/187 271/234/201
f 201/229/196 218/523/433 233/228/195
f 159/524/434 177/233/200 173/525/435
f 425/237/204 458/238/205 438/236/203
f 65/224/191 110/225/192 78/526/207
f 173/525/435 177/233/200 193/227/194
f 450/210/177 478/211/178 458/238/205
f 463/527/436 79/529/438 60/528/437
f 79/529/438 94/530/439 60/528/437
f 74/531/440 78/526/207 104/532/441
f 104/533/441 482/535/442 74/534/440
f 121/536/443 122/232/199 94/537/439
f 147/538/444 85/540/446 130/539/445
f 122/232/199 121/536/443 155/541/447
f 121/542/443 153/544/448 155/543/447
f 173/525/435 170/545/449 150/231/198
f 170/545/449 147/546/444 150/231/198
f 176/547/450 177/233/200 155/541/447
f 193/227/194 170/545/449 173/525/435
f 177/233/200 195/548/451 201/229/196
f 176/549/450 153/544/448 195/550/451
f 192/551/452 193/227/194 225/552/453
f 195/550/451 214/554/454 218/553/433
f 218/523/433 239/555/455 230/223/190
f 218/553/433 214/554/454 239/556/455
f 246/221/188 225/552/453 233/228/195
f 251/222/189 261/557/456 263/220/187
f 251/558/189 239/556/455 261/559/456
f 239/556/455 249/560/457 261/559/456
f 271/234/201 245/561/458 246/221/188
f 284/219/186 279/562/459 271/234/201
f 288/563/460 292/218/185 263/220/187
f 288/563/460 306/564/461 292/218/185
f 288/565/460 249/560/457 302/566/462
f 315/567/463 253/569/464 279/568/459
f 292/218/185 306/564/461 323/217/184
f 344/570/465 364/572/467 368/571/466
f 370/573/468 359/575/470 381/574/469
f 319/576/314 392/578/325 369/577/471
f 425/237/204 421/580/473 440/579/472
f 443/581/474 438/236/203 458/238/205
f 475/582/475 455/583/476 458/238/205
f 105/584/326 455/586/476 475/585/475
f 469/212/179 465/587/477 484/522/432
f 465/587/477 60/588/437 484/522/432
f 486/239/206 475/582/475 478/211/178
f 423/265/231 390/589/478 407/264/230
f 265/590/479 252/260/226 273/258/224
f 134/255/221 115/592/481 118/591/480
f 84/253/219 67/593/482 77/252/218
f 479/242/208 451/243/209 461/594/483
f 109/595/484 84/253/219 88/251/217
f 156/256/222 143/596/485 134/255/221
f 366/597/486 334/262/228 360/246/212
f 376/247/213 366/597/486 360/246/212
f 63/598/487 84/253/219 82/599/488
f 82/600/488 58/602/489 63/601/487
f 77/252/218 73/603/490 88/251/217
f 87/604/491 73/606/490 68/605/492
f 82/600/488 114/608/494 93/607/493
f 118/591/480 109/595/484 87/609/491
f 114/610/494 115/592/481 143/596/485
f 139/611/495 143/596/485 156/256/222
f 146/612/496 163/254/220 131/613/497
f 169/249/215 163/254/220 146/612/496
f 180/614/498 167/616/500 127/615/499
f 164/617/501 187/619/223 174/618/502
f 191/620/503 211/621/504 183/248/214
f 196/622/505 213/623/506 174/618/502
f 207/624/507 211/621/504 191/620/503
f 232/625/508 211/621/504 207/624/507
f 228/626/509 240/628/510 213/627/506
f 250/629/511 259/630/512 213/623/506
f 277/631/513 275/632/514 265/590/479
f 250/629/511 275/633/514 259/630/512
f 273/258/224 270/635/516 300/634/515
f 275/632/514 313/637/518 305/636/517
f 295/638/519 298/640/521 268/639/520
f 298/640/521 295/638/519 324/641/19
f 235/642/522 360/246/212 328/261/227
f 217/643/523 334/262/228 366/597/486
f 360/246/212 235/642/522 371/644/524
f 343/645/348 103/647/362 398/646/525
f 399/648/526 390/589/478 423/265/231
f 423/265/231 420/649/527 399/648/526
f 430/650/528 436/263/229 407/264/230
f 420/649/527 423/265/231 606/651/529
f 471/652/530 566/654/299 142/653/33
f 106/655/363 466/656/531 58/602/489
f 67/657/482 63/658/487 468/244/210
f 466/659/531 468/244/210 63/658/487
f 63/601/487 58/602/489 466/656/531
f 479/242/208 474/661/532 77/660/218
f 573/662/369 572/33/32 142/34/33
f 615/430/98 103/428/362 385/96/95
f 463/527/436 126/664/329 102/663/75
f 171/665/533 149/277/243 157/278/244
f 119/279/245 95/286/252 124/276/242
f 95/286/252 119/279/245 90/282/248
f 326/271/237 318/666/534 310/270/236
f 460/13/13 448/2/2 467/15/15
f 64/667/291 62/285/251 95/286/252
f 92/668/253 62/343/251 61/341/292
f 69/292/257 71/346/250 107/291/254
f 92/287/253 120/289/255 95/286/252
f 120/296/255 92/668/253 112/669/535
f 128/670/256 107/288/254 119/279/245
f 120/289/255 141/294/259 124/276/242
f 128/670/256 119/279/245 149/277/243
f 120/296/255 154/297/260 141/671/259
f 112/669/535 152/298/261 120/296/255
f 149/277/243 171/665/533 168/300/263
f 154/295/260 188/12/12 157/278/244
f 152/298/261 175/303/264 154/297/260
f 171/665/533 184/10/10 168/300/263
f 210/11/11 190/672/536 184/10/10
f 190/672/536 210/11/11 208/673/537
f 189/305/266 190/675/536 208/674/537
f 189/305/266 208/674/537 220/315/274
f 208/673/537 210/11/11 227/274/240
f 220/315/274 208/674/537 231/676/538
f 227/274/240 247/313/272 231/677/538
f 243/317/273 220/315/274 231/676/538
f 243/314/273 231/677/538 247/313/272
f 260/320/270 238/679/269 236/678/539
f 269/312/271 247/313/272 272/7/7
f 267/316/275 243/317/273 269/323/271
f 260/320/270 236/678/539 258/319/277
f 294/322/278 269/323/271 299/325/246
f 322/680/540 310/270/236 289/318/276
f 316/681/279 299/280/246 318/666/534
f 289/321/276 539/326/280 322/682/540
f 330/683/541 519/272/238 322/680/540
f 519/272/238 310/270/236 322/680/540
f 322/682/540 539/326/280 330/684/541
f 347/685/542 352/6/6 519/272/238
f 335/329/283 316/324/279 630/686/543
f 326/271/237 526/688/544 630/687/543
f 363/689/361 539/326/280 339/690/545
f 367/691/546 378/5/5 352/6/6
f 382/281/247 372/692/547 361/4/4
f 393/693/548 382/281/247 397/268/234
f 393/693/548 397/268/234 409/331/285
f 429/330/284 397/268/234 435/1/1
f 437/694/549 424/3/3 422/695/550
f 448/2/2 424/3/3 437/694/549
f 429/330/284 435/1/1 442/332/286
f 448/2/2 677/697/552 447/696/551
f 404/698/304 472/335/289 452/348/294
f 467/15/15 448/2/2 447/696/551
f 467/699/15 447/701/551 508/700/97
f 462/342/290 508/700/97 385/702/95
f 462/342/290 467/699/15 508/700/97
f 476/333/287 460/13/13 483/14/14
f 452/348/294 472/335/289 476/336/287
f 476/336/287 485/347/293 452/348/294
f 462/338/290 62/339/251 481/266/232
f 71/346/250 485/347/293 76/703/249
f 69/292/257 452/348/294 71/346/250
f 28/704/553 38/705/554 99/350/296
f 521/706/555 536/361/305 542/362/306
f 521/706/555 509/26/26 536/361/305
f 413/24/24 497/359/303 572/707/32
f 497/359/303 413/24/24 491/708/556
f 570/709/365 411/710/23 413/24/24
f 573/662/369 142/34/33 99/353/296
f 569/434/366 47/711/16 13/436/17
f 523/712/557 537/713/558 531/378/320
f 39/714/559 21/716/561 101/715/560
f 351/383/315 531/378/320 528/46/45
f 588/717/327 584/719/562 1/718/37
f 405/720/425 528/46/45 356/44/43
f 490/721/563 428/54/53 496/375/317
f 490/721/563 496/375/317 505/376/318
f 428/54/53 585/723/565 586/722/564
f 101/715/560 105/724/326 588/717/327
f 496/375/317 587/725/57 507/59/58
f 511/41/40 1/38/37 585/726/565
f 504/407/345 599/727/421 503/405/343
f 202/728/66 283/730/567 340/729/566
f 100/390/77 27/732/569 37/731/568
f 341/733/62 374/735/570 308/734/64
f 308/734/64 329/400/338 534/398/336
f 522/736/571 512/70/69 534/398/336
f 503/405/343 605/738/344 600/737/572
f 503/405/343 599/727/421 375/739/422
f 504/407/345 412/73/72 489/740/573
f 601/741/574 48/743/59 12/742/60
f 520/744/575 538/745/576 529/422/358
f 510/85/84 205/408/346 212/409/83
f 615/746/98 723/748/577 2/747/78
f 488/425/360 499/416/352 506/417/353
f 416/414/350 612/750/579 613/749/578
f 612/750/579 416/414/350 427/751/92
f 98/752/580 106/753/363 615/746/98
f 499/416/352 614/754/96 508/98/97
f 704/755/581 514/431/364 570/432/365
f 704/756/581 572/757/32 533/757/371
f 714/440/370 4/442/372 572/439/32
f 501/443/373 735/758/582 588/717/327
f 654/757/583 587/757/57 585/759/565
f 654/760/583 24/446/374 587/444/57
f 603/761/584 515/763/585 600/762/572
f 417/764/586 601/741/574 12/742/60
f 417/764/586 602/765/587 601/741/574
f 603/756/584 605/757/344 530/757/376
f 659/449/375 658/451/377 605/448/344
f 513/766/588 612/768/579 427/767/92
f 612/759/579 513/766/588 663/757/589
f 663/769/589 3/452/378 614/101/96
f 312/498/414 317/499/415 327/203/170
f 487/517/429 75/520/391 66/770/590
f 66/771/590 83/198/165 59/462/388
f 80/772/389 91/470/396 59/773/388
f 97/185/152 113/466/392 80/463/389
f 70/774/390 116/468/394 108/469/395
f 133/184/151 111/196/163 108/775/395
f 133/184/151 108/775/395 129/776/393
f 70/774/390 145/777/591 116/468/394
f 113/778/392 140/472/398 91/470/396
f 148/207/174 133/184/151 129/776/393
f 123/186/153 158/208/175 140/779/398
f 123/186/153 140/779/398 113/466/392
f 162/780/401 148/207/174 129/776/393
f 162/475/401 129/467/393 145/777/591
f 145/777/591 129/467/393 116/468/394
f 158/208/175 165/477/399 140/779/398
f 148/207/174 162/780/401 172/206/173
f 178/461/387 165/477/399 158/208/175
f 162/780/401 182/199/166 172/206/173
f 181/474/400 162/475/401 145/777/591
f 185/480/403 151/471/397 186/478/402
f 219/189/156 216/485/404 198/200/167
f 198/479/167 216/481/404 186/478/402
f 181/474/400 222/490/408 224/484/405
f 219/189/156 241/460/386 237/486/406
f 237/487/406 248/494/411 185/480/403
f 264/458/384 276/182/149 237/486/406
f 285/181/148 256/201/168 266/495/409
f 276/182/149 290/183/150 274/781/410
f 266/495/409 278/501/412 285/181/148
f 290/183/150 304/497/413 274/781/410
f 317/499/415 285/181/148 278/501/412
f 327/203/170 317/499/415 314/500/416
f 312/498/414 333/457/383 331/782/592
f 329/783/338 304/785/413 596/784/337
f 596/784/337 304/785/413 331/786/592
f 304/785/413 329/783/338 274/493/410
f 327/203/170 314/500/416 336/787/417
f 350/204/171 365/788/593 345/505/418
f 314/503/416 356/789/43 540/502/44
f 357/790/594 373/506/419 362/202/169
f 350/204/171 379/191/158 365/788/593
f 408/194/161 432/791/595 433/205/172
f 419/507/420 426/193/160 439/792/596
f 434/793/597 433/205/172 432/791/595
f 426/193/160 449/794/598 439/792/596
f 445/795/599 439/792/596 449/794/598
f 575/796/600 459/798/602 454/797/601
f 459/798/602 575/796/600 583/799/603
f 464/800/427 599/508/421 445/801/599
f 464/800/427 410/510/423 599/508/421
f 72/512/424 507/802/58 441/511/56
f 473/803/430 583/804/603 507/802/58
f 464/800/427 480/805/428 410/510/423
f 473/803/430 507/802/58 72/512/424
f 66/770/590 480/516/428 470/514/426
f 473/518/430 72/521/424 487/517/429
f 66/770/590 59/806/388 480/516/428
f 59/773/388 410/510/423 480/805/428
f 356/789/43 222/490/408 145/777/591
f 381/574/469 359/575/470 368/571/466
f 284/219/186 271/234/201 263/220/187
f 246/221/188 233/228/195 230/223/190
f 81/807/604 65/224/191 60/808/437
f 96/226/193 65/224/191 81/807/604
f 81/807/604 94/537/439 96/226/193
f 94/530/439 81/809/604 60/528/437
f 104/532/441 78/526/207 110/225/192
f 482/535/442 104/533/441 85/540/446
f 122/232/199 96/226/193 94/537/439
f 79/529/438 121/542/443 94/530/439
f 132/230/197 104/532/441 110/225/192
f 130/810/445 104/532/441 132/230/197
f 104/533/441 130/539/445 85/540/446
f 79/529/438 153/544/448 121/542/443
f 130/810/445 150/231/198 147/546/444
f 160/811/605 147/538/444 170/812/449
f 177/233/200 159/524/434 155/541/447
f 153/544/448 176/549/450 155/543/447
f 179/813/606 160/811/605 170/812/449
f 179/813/606 170/812/449 192/814/452
f 170/545/449 193/227/194 192/551/452
f 176/547/450 195/548/451 177/233/200
f 206/815/607 179/813/606 192/814/452
f 195/548/451 218/523/433 201/229/196
f 233/228/195 225/552/453 193/227/194
f 221/816/608 179/813/606 206/815/607
f 206/815/607 225/817/453 221/816/608
f 245/561/458 225/552/453 246/221/188
f 249/560/457 239/556/455 214/554/454
f 221/816/608 245/819/458 254/818/609
f 245/561/458 271/234/201 254/820/609
f 254/818/609 279/568/459 253/569/464
f 279/562/459 254/820/609 271/234/201
f 263/220/187 261/557/456 288/563/460
f 249/560/457 288/565/460 261/559/456
f 284/219/186 320/216/183 315/821/463
f 315/821/463 279/562/459 284/219/186
f 293/822/610 253/569/464 315/567/463
f 306/823/461 321/825/332 595/824/611
f 306/564/461 595/826/611 323/217/184
f 302/566/462 341/827/62 321/825/332
f 338/235/202 315/821/463 320/216/183
f 315/821/463 338/235/202 337/828/612
f 293/822/610 315/567/463 354/829/313
f 354/829/313 315/567/463 337/830/612
f 369/577/471 293/822/610 354/829/313
f 301/831/613 344/570/465 323/217/184
f 301/831/613 323/217/184 595/826/611
f 215/832/614 338/235/202 359/575/470
f 215/832/614 337/828/612 338/235/202
f 369/577/471 354/829/313 319/576/314
f 370/573/468 215/832/614 359/575/470
f 425/237/204 391/215/182 400/833/615
f 400/833/615 421/580/473 425/237/204
f 431/834/616 406/214/181 438/236/203
f 450/210/177 425/237/204 440/579/472
f 431/834/616 438/236/203 443/581/474
f 453/835/617 392/578/325 105/584/326
f 126/664/329 465/837/477 446/836/618
f 458/238/205 478/211/178 475/582/475
f 105/584/326 475/585/475 453/835/617
f 463/527/436 60/528/437 465/837/477
f 486/239/206 78/240/207 74/838/440
f 300/634/515 313/637/518 277/631/513
f 273/258/224 300/634/515 277/631/513
f 273/258/224 277/631/513 265/590/479
f 257/259/225 252/260/226 240/628/510
f 134/255/221 143/596/485 115/592/481
f 93/607/493 58/602/489 82/600/488
f 67/593/482 84/253/219 63/598/487
f 88/839/217 73/606/490 87/604/491
f 68/605/492 86/840/619 87/604/491
f 88/251/217 87/609/491 109/595/484
f 114/610/494 82/599/488 84/253/219
f 84/253/219 115/592/481 114/610/494
f 118/591/480 87/609/491 117/841/620
f 117/841/620 131/613/497 118/591/480
f 134/255/221 118/591/480 131/613/497
f 139/842/495 93/607/493 114/608/494
f 117/841/620 146/612/496 131/613/497
f 117/843/620 86/840/619 146/844/496
f 146/844/496 86/840/619 127/615/499
f 163/254/220 134/255/221 131/613/497
f 146/844/496 167/616/500 169/845/215
f 167/616/500 146/844/496 127/615/499
f 174/618/502 139/842/495 164/617/501
f 183/248/214 169/249/215 167/846/500
f 187/257/223 164/847/501 166/250/216
f 167/616/500 180/614/498 191/848/503
f 187/257/223 199/850/621 196/849/505
f 180/614/498 207/851/507 191/848/503
f 180/614/498 223/852/622 207/851/507
f 232/625/508 207/624/507 223/853/622
f 257/259/225 232/625/508 223/853/622
f 240/628/510 252/260/226 213/627/506
f 213/627/506 252/260/226 250/854/511
f 255/855/623 257/259/225 223/853/622
f 257/259/225 270/635/516 273/258/224
f 252/260/226 265/590/479 250/854/511
f 270/635/516 257/259/225 255/855/623
f 270/856/516 255/857/623 268/639/520
f 265/590/479 275/632/514 250/854/511
f 270/635/516 298/858/521 300/634/515
f 275/632/514 277/631/513 313/637/518
f 300/634/515 325/859/624 328/261/227
f 325/859/624 300/634/515 298/858/521
f 325/860/624 298/640/521 324/641/19
f 313/637/518 334/262/228 305/636/517
f 332/861/625 334/262/228 217/643/523
f 562/862/626 235/642/522 328/261/227
f 562/862/626 328/261/227 325/859/624
f 403/863/310 324/641/19 295/638/519
f 407/264/230 384/245/211 395/864/627
f 451/243/209 606/651/529 423/265/231
f 51/865/628 451/243/209 444/866/629
f 468/244/210 466/659/531 444/866/629
f 451/243/209 468/244/210 444/866/629
f 479/242/208 461/594/483 474/661/532
f 566/654/299 474/868/532 456/867/630
f 474/868/532 566/654/299 471/652/530
f 142/653/33 68/605/492 471/652/530
f 77/660/218 474/661/532 73/869/490
s 0
f 739/870/631 795/872/631 737/871/631
f 740/873/632 794/874/632 795/872/632
f 744/875/633 790/877/633 791/876/633
f 743/878/634 789/879/634 790/877/634
f 747/880/635 786/882/635 788/881/635
f 751/883/636 782/885/636 784/884/636
f 750/886/637 781/887/637 782/885/637
f 752/888/638 780/889/638 781/887/638
f 753/890/639 779/891/639 780/889/639
f 756/892/640 776/894/640 777/893/640
f 758/895/641 774/897/641 775/896/641
f 759/898/642 773/899/642 774/897/642
f 761/900/643 793/902/643 772/901/643
f 763/903/644 770/905/644 771/904/644
f 765/906/645 769/907/645 770/905/645
f 766/908/646 798/910/646 18/909/646
f 740/873/647 741/912/647 792/911/647
f 768/913/648 797/915/648 767/914/648
f 790/877/634 744/875/634 743/878/634
f 788/881/635 746/916/635 747/880/635
f 786/882/649 747/880/649 748/917/649
f 784/884/650 783/919/650 749/918/650
f 782/885/637 751/883/637 750/886/637
f 791/876/633 742/920/633 744/875/633
s 1
f 549/921/651 542/362/306 550/922/652
f 542/362/306 549/921/651 521/706/555
f 578/923/653 309/381/323 682/924/654
f 309/381/323 578/923/653 281/380/322
f 610/925/655 311/421/357 651/926/656
f 311/421/357 610/925/655 280/420/356
f 660/927/657 44/180/147 56/124/116
f 652/928/658 5/102/100 49/103/101
f 738/929/137 43/931/137 41/930/137
f 653/932/659 675/105/103 54/106/104
f 739/933/137 41/930/137 36/934/137
f 740/935/137 36/934/137 703/936/137
f 702/937/137 742/939/137 741/938/137
f 742/939/137 702/937/137 34/940/137
f 744/941/137 34/940/137 33/942/137
f 743/943/137 33/942/137 729/944/137
f 30/945/137 746/947/137 745/946/137
f 701/948/137 747/949/137 746/947/137
f 26/950/137 748/951/137 747/949/137
f 25/952/137 749/953/137 748/951/137
f 676/954/137 736/955/137 749/953/137
f 675/956/660 751/957/661 736/955/137
f 751/957/661 675/956/660 24/167/139
f 753/165/137 752/166/138 674/958/662
f 674/958/662 752/166/138 24/167/139
f 755/959/137 754/163/137 728/960/137
f 728/960/137 754/163/137 22/164/137
f 756/961/137 755/959/137 20/962/137
f 757/963/137 756/961/137 19/964/137
f 758/965/137 757/963/137 700/966/137
f 759/170/137 758/965/137 699/967/137
f 761/968/137 760/969/137 672/171/137
f 762/970/137 761/968/137 698/971/137
f 763/972/137 762/970/137 697/973/137
f 10/974/137 8/976/137 765/975/137
f 764/977/137 765/975/137 8/976/137
f 766/978/137 764/977/137 719/979/137
f 5/980/663 4/982/665 767/981/664
f 767/981/664 4/982/665 45/983/666
f 768/984/137 45/983/666 43/931/137
f 9/985/145 770/987/145 769/986/145
f 672/171/137 760/969/137 759/170/137
f 11/988/145 771/989/145 770/987/145
f 715/990/145 773/991/145 772/178/145
f 771/989/145 11/988/145 14/176/145
f 15/992/145 772/178/145 14/176/145
f 773/991/145 715/990/145 725/993/145
f 774/994/145 725/993/145 17/995/145
f 775/996/145 17/995/145 669/997/145
f 776/998/145 669/997/145 670/999/145
f 777/1000/145 670/999/145 666/1001/145
f 778/1002/145 666/1001/145 667/1003/145
f 779/1004/145 667/1003/145 23/1005/667
f 658/173/142 781/174/143 780/1006/668
f 784/1007/145 782/1008/145 671/175/144
f 783/1009/145 784/1007/145 55/1010/145
f 671/175/144 782/1008/145 781/174/143
f 785/1011/145 783/1009/145 665/1012/145
f 786/1013/145 785/1011/145 693/1014/145
f 788/1015/145 786/1013/145 694/1016/145
f 787/1017/145 788/1015/145 29/1018/145
f 789/1019/145 787/1017/145 31/1020/145
f 790/1021/145 789/1019/145 716/1022/145
f 791/1023/145 790/1021/145 695/1024/145
f 792/1025/145 791/1023/145 696/1026/145
f 711/1027/145 717/1029/145 794/1028/145
f 14/176/145 793/177/145 771/989/145
f 795/1030/145 794/1028/145 717/1029/145
f 737/1031/145 795/1030/145 718/1032/145
f 796/1033/145 737/1031/145 42/1034/145
f 797/1035/669 796/1033/145 44/1036/670
f 668/1037/671 798/1038/145 797/1035/669
f 798/1038/145 668/1037/671 6/1039/145
f 18/1040/145 6/1039/145 7/1041/145
f 204/1042/29 282/1044/673 342/1043/672
f 495/1045/674 460/13/13 457/334/288
f 460/13/13 495/1045/674 442/332/286
f 571/1046/368 414/1046/367 714/440/370
f 547/1047/675 538/745/576 520/744/575
f 538/745/576 547/1047/675 548/1048/676
f 735/1049/582 501/443/373 418/1046/677
f 659/449/375 604/1049/76 602/1050/587
f 415/1046/678 611/1046/679 615/1049/98
f 532/1051/680 674/162/136 621/1052/681
f 13/17/17 204/29/29 509/26/26
f 57/1053/682 451/243/209 51/865/628
f 451/243/209 57/1053/682 606/651/529
f 316/324/279 335/329/283 294/322/278
f 567/1054/683 125/351/297 561/1055/684
f 125/351/297 567/1054/683 28/704/553
f 558/1056/685 497/359/303 491/708/556
f 497/359/303 558/1056/685 560/1057/686
f 392/385/325 441/57/56 587/58/57
f 641/1058/687 537/713/558 523/712/557
f 537/713/558 641/1058/687 576/1059/688
f 582/1060/689 505/376/318 642/1061/690
f 505/376/318 582/1060/689 490/721/563
f 647/1062/691 100/390/77 589/1063/692
f 100/390/77 647/1062/691 27/732/569
f 594/1064/693 340/729/566 283/730/567
f 340/729/566 594/1064/693 590/1065/694
f 648/1066/695 541/401/339 592/1067/696
f 541/401/339 648/1066/695 518/1068/697
f 12/61/60 512/70/69 412/73/72
f 609/1069/698 98/752/580 40/1070/699
f 98/752/580 609/1069/698 607/1071/700
f 557/1072/701 506/417/353 559/1073/702
f 506/417/353 557/1072/701 488/425/360
f 52/145/126 620/1074/703 53/455/381
f 56/124/116 618/1076/704 46/1075/379
f 23/179/146 52/145/126 692/1077/705
f 53/455/381 620/1074/703 709/456/382
f 46/1075/379 618/1076/704 724/1078/380
f 662/1079/637 49/103/101 661/1080/637
f 625/1081/706 54/106/104 710/1082/707
f 397/268/234 401/269/235 424/3/3
f 326/271/237 519/272/238 352/6/6
f 227/274/240 229/275/241 242/309/268
f 157/278/244 188/12/12 184/10/10
f 242/309/268 262/9/9 272/7/7
f 90/282/248 64/667/291 95/286/252
f 76/283/249 64/667/291 90/282/248
f 291/8/8 310/270/236 318/666/534
f 378/5/5 386/267/233 397/268/234
f 189/305/266 161/299/262 168/1083/263
f 61/341/292 112/669/535 92/668/253
f 149/277/243 161/301/262 128/670/256
f 168/300/263 184/10/10 190/672/536
f 200/273/239 188/12/12 197/306/267
f 208/673/537 227/274/240 231/677/538
f 238/679/269 194/304/265 236/678/539
f 318/666/534 326/271/237 316/681/279
f 539/326/280 258/319/277 339/690/545
f 326/271/237 630/687/543 316/681/279
f 358/327/281 526/688/544 326/271/237
f 367/691/546 352/6/6 347/685/542
f 361/4/4 372/692/547 358/327/281
f 363/689/361 339/690/545 385/702/95
f 424/3/3 401/269/235 422/695/550
f 448/2/2 437/694/549 677/697/552
f 483/14/14 485/345/293 476/333/287
f 152/298/261 462/342/290 339/690/545
f 452/348/294 189/305/266 267/316/275
f 204/29/29 637/366/309 564/1084/708
f 99/350/296 38/705/554 47/711/16
f 307/32/21 403/367/310 142/34/33
f 568/1085/709 342/1043/672 282/1044/673
f 342/1043/672 568/1085/709 563/1086/710
f 411/23/23 552/369/311 554/1087/711
f 404/360/304 355/1088/282 536/361/305
f 536/361/305 355/1088/282 335/365/283
f 573/1089/369 99/350/296 47/711/16
f 536/361/305 307/32/21 572/33/32
f 509/26/26 204/1042/29 307/21/21
f 483/14/14 481/266/232 64/340/291
f 203/49/48 705/1090/712 1/38/37
f 39/714/559 101/715/560 1/718/37
f 640/1091/713 101/715/560 21/716/561
f 101/715/560 640/1091/713 574/1092/714
f 511/41/40 712/384/324 579/1093/715
f 528/46/45 405/720/425 441/57/56
f 428/54/53 586/722/564 587/725/57
f 528/46/45 441/57/56 392/385/325
f 309/381/323 203/382/48 511/41/40
f 202/67/66 726/403/341 593/1094/716
f 100/390/77 37/731/568 48/743/59
f 308/734/64 374/735/570 102/76/75
f 541/401/339 518/1068/697 522/736/571
f 512/70/69 597/1095/717 412/73/72
f 503/405/343 375/739/422 329/400/338
f 598/1096/718 504/407/345 489/740/573
f 504/407/345 598/1096/718 591/1097/719
f 605/406/344 102/76/75 604/77/76
f 604/1098/76 100/390/77 48/743/59
f 605/406/344 329/400/338 308/734/64
f 512/70/69 202/728/66 308/65/64
f 2/79/78 722/419/355 608/1099/720
f 40/1070/699 98/752/580 2/747/78
f 510/85/84 555/424/359 553/1095/721
f 529/422/358 363/426/361 385/96/95
f 2/747/78 723/748/577 611/1100/679
f 499/416/352 416/414/350 613/749/578
f 510/85/84 2/79/78 611/1101/679
f 529/422/358 385/96/95 103/428/362
f 529/422/358 311/421/357 205/408/346
f 13/1102/17 514/431/364 724/1103/722
f 585/1104/565 418/1106/677 709/1105/723
f 12/1107/60 515/763/585 53/1108/724
f 427/1109/92 415/1111/678 46/1110/725
f 535/1112/726 668/160/134 627/1113/727
f 500/1114/728 671/161/135 626/1115/729
f 312/498/414 327/203/170 333/457/383
f 502/1116/730 45/172/141 619/1117/638
f 290/183/150 285/181/148 317/499/415
f 408/194/161 402/195/162 388/192/159
f 256/201/168 264/458/384 241/460/386
f 66/771/590 75/465/391 89/197/164
f 459/798/602 449/794/598 426/193/160
f 219/189/156 234/459/385 241/460/386
f 449/794/598 459/798/602 477/519/431
f 470/514/426 477/519/431 487/517/429
f 464/515/427 445/795/599 449/794/598
f 172/206/173 178/461/387 158/208/175
f 182/199/166 178/461/387 172/206/173
f 72/512/424 70/774/390 75/1118/391
f 89/197/164 108/775/395 111/196/163
f 70/464/390 108/775/395 89/197/164
f 113/778/392 91/470/396 80/772/389
f 151/471/397 165/473/399 186/478/402
f 181/474/400 209/483/155 182/476/166
f 237/486/406 241/460/386 264/458/384
f 312/498/414 331/782/592 304/497/413
f 327/203/170 357/790/594 362/202/169
f 527/1119/731 327/203/170 336/787/417
f 327/203/170 527/1119/731 357/790/594
f 434/793/597 459/798/602 433/205/172
f 434/793/597 454/797/601 459/798/602
f 583/799/603 473/518/430 477/519/431
f 248/494/411 375/509/422 59/773/388
f 478/211/178 469/212/179 484/522/432
f 381/574/469 368/571/466 391/215/182
f 323/217/184 344/570/465 359/575/470
f 359/575/470 344/570/465 368/571/466
f 96/226/193 122/232/199 132/230/197
f 230/223/190 233/228/195 218/523/433
f 389/1120/732 391/215/182 368/571/466
f 150/231/198 122/232/199 159/524/434
f 159/524/434 173/525/435 150/231/198
f 132/230/197 150/231/198 130/810/445
f 159/524/434 122/232/199 155/541/447
f 147/538/444 160/811/605 85/540/446
f 195/550/451 153/544/448 214/554/454
f 225/817/453 206/815/607 192/814/452
f 245/819/458 221/816/608 225/817/453
f 251/222/189 230/223/190 239/555/455
f 221/816/608 254/818/609 253/569/464
f 321/825/332 306/823/461 288/565/460
f 288/565/460 302/566/462 321/825/332
f 368/571/466 364/572/467 377/1121/733
f 450/210/177 446/1122/618 465/587/477
f 391/215/182 389/1120/732 400/833/615
f 440/579/472 32/1123/734 450/210/177
f 450/210/177 32/1123/734 446/1122/618
f 35/1124/735 458/238/205 455/583/476
f 458/238/205 35/1124/735 443/581/474
f 453/1125/617 475/582/475 486/239/206
f 465/837/477 126/664/329 463/527/436
f 65/241/191 484/522/432 60/588/437
f 486/239/206 74/838/440 482/1126/442
f 153/544/448 102/663/75 341/827/62
f 453/835/617 179/813/606 253/569/464
f 67/657/482 468/244/210 479/242/208
f 115/592/481 84/253/219 109/595/484
f 407/264/230 390/589/478 384/245/211
f 384/245/211 390/589/478 376/247/213
f 328/261/227 334/262/228 313/637/518
f 328/261/227 313/637/518 300/634/515
f 451/243/209 423/265/231 436/263/229
f 166/250/216 156/256/222 163/254/220
f 183/248/214 211/621/504 199/850/621
f 199/850/621 211/621/504 232/625/508
f 232/625/508 257/259/225 240/628/510
f 156/1127/222 166/1128/216 164/617/501
f 87/604/491 86/840/619 117/843/620
f 139/611/495 114/610/494 143/596/485
f 228/626/509 213/627/506 196/849/505
f 191/620/503 183/248/214 167/846/500
f 196/622/505 174/618/502 187/619/223
f 259/630/512 275/633/514 305/1129/517
f 223/852/622 268/639/520 255/857/623
f 268/639/520 298/640/521 270/856/516
f 353/1130/347 303/1131/736 305/1129/517
f 332/861/625 305/636/517 334/262/228
f 380/1132/737 384/245/211 360/246/212
f 343/645/348 303/1131/736 353/1130/347
f 68/605/492 73/606/490 474/868/532
f 387/1133/738 376/247/213 390/589/478
f 395/864/627 384/245/211 380/1132/737
f 387/1133/738 390/589/478 399/648/526
f 398/646/525 103/647/362 106/655/363
f 16/1134/739 436/263/229 430/650/528
f 16/1134/739 461/594/483 436/263/229
f 466/656/531 106/655/363 444/1135/629
f 456/1136/630 474/661/532 461/594/483
f 58/602/489 398/646/525 106/655/363
f 139/842/495 259/630/512 343/645/348
f 127/615/499 142/653/33 295/638/519
s 0
f 768/913/648 796/1137/648 797/915/648
f 738/1138/740 737/871/740 796/1137/740
f 745/1139/741 787/1140/741 789/879/741
f 746/916/742 788/881/742 787/1140/742
f 748/917/649 785/1141/649 786/882/649
f 749/918/743 783/919/743 785/1141/743
f 779/891/744 754/1143/744 778/1142/744
f 778/1142/745 755/1144/745 777/893/745
f 757/1145/746 775/896/746 776/894/746
f 760/1146/747 772/901/747 773/899/747
f 762/1147/748 771/904/748 793/902/748
f 798/910/706 767/1149/706 797/1148/706
f 742/920/749 791/876/749 792/911/749
f 749/918/650 736/1150/650 784/884/650
f 18/909/750 765/906/750 764/1151/750
f 796/1137/740 768/913/740 738/1138/740
f 737/871/631 738/1138/631 739/870/631
f 795/872/632 739/870/632 740/873/632
f 792/911/647 794/874/647 740/873/647
f 745/1139/741 789/879/741 743/878/741
f 746/916/742 787/1140/742 745/1139/742
f 749/918/743 785/1141/743 748/917/743
f 752/888/638 781/887/638 750/886/638
f 780/889/639 752/888/639 753/890/639
f 779/891/744 753/890/744 754/1143/744
f 778/1142/745 754/1143/745 755/1144/745
f 777/893/640 755/1144/640 756/892/640
f 776/894/746 756/892/746 757/1145/746
f 775/896/641 757/1145/641 758/895/641
f 774/897/642 758/895/642 759/898/642
f 773/899/747 759/898/747 760/1146/747
f 772/901/643 760/1146/643 761/900/643
f 793/902/748 761/900/748 762/1147/748
f 771/904/644 762/1147/644 763/903/644
f 770/905/645 763/903/645 765/906/645
f 765/906/750 18/909/750 769/907/750
f 798/910/706 766/908/706 767/1149/706
f 742/920/749 792/911/749 741/912/749
f 751/883/636 784/884/636 736/1150/636
f 18/909/646 764/1151/646 766/908/646
s 1
f 615/430/98 385/96/95 614/97/96
f 28/704/553 99/350/296 125/351/297
f 413/24/24 572/707/32 570/709/365
f 523/712/557 531/378/320 511/41/40
f 588/717/327 1/718/37 101/715/560
f 1/38/37 511/41/40 203/49/48
f 511/41/40 585/726/565 428/54/53
f 585/726/565 1/38/37 584/1152/562
f 202/728/66 340/729/566 308/65/64
f 503/405/343 600/737/572 412/73/72
f 520/744/575 529/422/358 510/85/84
f 615/746/98 2/747/78 98/752/580
f 704/756/581 533/757/371 514/431/364
f 654/757/583 585/759/565 516/1153/751
f 603/756/584 530/757/376 515/763/585
f 612/759/579 663/757/589 614/757/96
f 278/496/412 356/789/43 314/503/416
f 356/789/43 72/512/424 405/513/425
f 72/512/424 145/777/591 70/774/390
f 145/777/591 222/490/408 181/474/400
f 222/490/408 356/789/43 278/496/412
f 356/789/43 145/777/591 72/512/424
f 628/1154/752 56/124/116 46/1075/379
f 44/180/147 629/1156/754 3/1155/753
f 44/180/147 664/1157/755 629/1156/754
f 660/927/657 56/124/116 628/1154/752
f 44/180/147 660/927/657 664/1157/755
f 616/1158/637 49/103/101 724/454/380
f 5/102/100 617/1160/756 4/1159/756
f 5/102/100 691/1161/757 617/1160/756
f 652/928/658 49/103/101 616/1158/637
f 5/102/100 652/928/658 691/1161/757
f 738/929/137 41/930/137 739/933/137
f 622/1162/706 54/106/104 709/456/382
f 675/105/103 623/1164/758 24/1163/758
f 675/105/103 624/1165/759 623/1164/758
f 653/932/659 54/106/104 622/1162/706
f 675/105/103 653/932/659 624/1165/759
f 739/933/137 36/934/137 740/935/137
f 740/935/137 703/936/137 741/938/137
f 702/937/137 741/938/137 703/936/137
f 742/939/137 34/940/137 744/941/137
f 744/941/137 33/942/137 743/943/137
f 743/943/137 729/944/137 745/946/137
f 30/945/137 745/946/137 729/944/137
f 701/948/137 746/947/137 30/945/137
f 26/950/137 747/949/137 701/948/137
f 25/952/137 748/951/137 26/950/137
f 676/954/137 749/953/137 25/952/137
f 675/956/660 736/955/137 676/954/137
f 751/957/661 24/167/139 750/168/140
f 753/165/137 674/958/662 22/164/137
f 755/959/137 728/960/137 20/962/137
f 756/961/137 20/962/137 19/964/137
f 757/963/137 19/964/137 700/966/137
f 758/965/137 700/966/137 699/967/137
f 759/170/137 699/967/137 673/169/137
f 761/968/137 672/171/137 698/971/137
f 762/970/137 698/971/137 697/973/137
f 763/972/137 697/973/137 10/974/137
f 10/974/137 765/975/137 763/972/137
f 764/977/137 8/976/137 719/979/137
f 766/978/137 719/979/137 5/980/663
f 5/980/663 767/981/664 766/978/137
f 767/981/664 45/983/666 768/984/137
f 768/984/137 43/931/137 738/929/137
f 9/985/145 769/986/145 7/1041/145
f 11/988/145 770/987/145 9/985/145
f 715/990/145 772/178/145 15/992/145
f 773/991/145 725/993/145 774/994/145
f 774/994/145 17/995/145 775/996/145
f 775/996/145 669/997/145 776/998/145
f 776/998/145 670/999/145 777/1000/145
f 777/1000/145 666/1001/145 778/1002/145
f 778/1002/145 667/1003/145 779/1004/145
f 779/1004/145 23/1005/667 780/1006/668
f 658/173/142 780/1006/668 23/1005/667
f 784/1007/145 671/175/144 55/1010/145
f 783/1009/145 55/1010/145 665/1012/145
f 785/1011/145 665/1012/145 693/1014/145
f 786/1013/145 693/1014/145 694/1016/145
f 788/1015/145 694/1016/145 29/1018/145
f 787/1017/145 29/1018/145 31/1020/145
f 789/1019/145 31/1020/145 716/1022/145
f 790/1021/145 716/1022/145 695/1024/145
f 791/1023/145 695/1024/145 696/1026/145
f 792/1025/145 696/1026/145 711/1027/145
f 711/1027/145 794/1028/145 792/1025/145
f 795/1030/145 717/1029/145 718/1032/145
f 737/1031/145 718/1032/145 42/1034/145
f 796/1033/145 42/1034/145 44/1036/670
f 797/1035/669 44/1036/670 3/1166/760
f 668/1037/671 797/1035/669 3/1166/760
f 798/1038/145 6/1039/145 18/1040/145
f 18/1040/145 7/1041/145 769/986/145
f 204/1042/29 342/1043/672 307/21/21
f 571/1046/368 714/440/370 573/1049/369
f 735/1049/582 418/1046/677 584/1046/562
f 659/449/375 602/1050/587 417/1046/586
f 415/1046/678 615/1049/98 498/100/99
f 621/1052/681 674/162/136 24/1163/648
f 674/162/136 532/1051/680 52/145/126
f 13/17/17 509/26/26 411/23/23
f 392/385/325 587/58/57 588/387/327
f 512/70/69 12/61/60 202/67/66
f 12/61/60 412/73/72 600/1167/572
f 23/179/146 657/1169/648 658/1168/648
f 23/179/146 655/1170/648 657/1169/648
f 656/1171/761 52/145/126 53/455/381
f 23/179/146 692/1077/705 655/1170/648
f 692/1077/705 52/145/126 656/1171/761
f 661/1080/637 49/103/101 668/160/134
f 49/103/101 662/1079/637 46/453/379
f 710/1082/707 54/106/104 671/161/135
f 54/106/104 625/1081/706 53/455/381
f 397/268/234 424/3/3 435/1/1
f 326/271/237 352/6/6 361/4/4
f 227/274/240 242/309/268 247/313/272
f 157/278/244 184/10/10 171/665/533
f 242/309/268 272/7/7 247/313/272
f 291/8/8 318/666/534 299/280/246
f 378/5/5 397/268/234 382/281/247
f 189/305/266 168/1083/263 190/675/536
f 61/341/292 152/298/261 112/669/535
f 152/298/261 236/678/539 194/304/265
f 236/678/539 339/690/545 258/319/277
f 339/690/545 462/342/290 385/702/95
f 462/342/290 152/298/261 61/341/292
f 152/298/261 339/690/545 236/678/539
f 144/293/258 452/348/294 69/292/257
f 452/348/294 355/328/282 404/698/304
f 355/328/282 267/316/275 294/322/278
f 267/316/275 189/305/266 220/315/274
f 189/305/266 452/348/294 144/293/258
f 452/348/294 267/316/275 355/328/282
f 637/366/309 204/29/29 13/17/17
f 204/29/29 564/1084/708 565/31/31
f 552/369/311 411/23/23 509/26/26
f 411/23/23 554/1087/711 633/37/36
f 573/1089/369 47/711/16 569/434/366
f 536/361/305 572/33/32 404/360/304
f 509/26/26 307/21/21 536/361/305
f 483/14/14 64/340/291 76/344/249
f 1/38/37 705/1090/712 683/48/47
f 705/1090/712 203/49/48 577/379/321
f 712/384/324 511/41/40 428/54/53
f 511/41/40 579/1093/715 580/53/52
f 428/54/53 587/725/57 496/375/317
f 528/46/45 392/385/325 319/372/314
f 309/381/323 511/41/40 531/378/320
f 726/403/341 202/67/66 12/61/60
f 202/67/66 593/1094/716 645/69/68
f 541/401/339 522/736/571 534/398/336
f 412/73/72 597/1095/717 688/75/74
f 597/1095/717 512/70/69 706/404/342
f 604/1098/76 48/743/59 601/741/574
f 605/406/344 308/734/64 102/76/75
f 512/70/69 308/65/64 534/398/336
f 722/419/355 2/79/78 212/84/83
f 2/79/78 608/1099/720 721/89/88
f 555/424/359 510/85/84 427/93/92
f 510/85/84 553/1095/721 632/92/91
f 499/416/352 613/749/578 614/754/96
f 2/79/78 510/85/84 212/84/83
f 510/85/84 611/1101/679 427/93/92
f 529/422/358 103/428/362 343/412/348
f 529/422/358 205/408/346 510/85/84
f 514/431/364 13/1102/17 411/1172/23
f 13/1102/17 724/1103/722 414/435/367
f 418/1106/677 585/1104/565 584/1173/562
f 585/1104/565 709/1105/723 516/1153/751
f 515/763/585 12/1107/60 600/1174/572
f 12/1107/60 53/1108/724 417/764/586
f 415/1111/678 427/1109/92 611/1175/679
f 427/1109/92 46/1110/725 513/766/588
f 627/1113/727 668/160/134 3/1176/727
f 668/160/134 535/1112/726 661/1080/637
f 626/1115/729 671/161/135 658/1168/706
f 671/161/135 500/1114/728 710/1082/707
f 619/1117/638 45/172/141 4/1177/638
f 45/172/141 502/1116/730 56/124/116
f 290/183/150 317/499/415 312/498/414
f 408/194/161 388/192/159 394/190/157
f 66/771/590 89/197/164 83/198/165
f 459/798/602 426/193/160 433/205/172
f 449/794/598 477/519/431 470/514/426
f 470/514/426 487/517/429 66/770/590
f 464/515/427 449/794/598 470/514/426
f 583/799/603 477/519/431 459/798/602
f 329/783/338 248/494/411 274/493/410
f 248/494/411 151/471/397 185/480/403
f 151/471/397 59/773/388 91/470/396
f 59/773/388 375/509/422 410/510/423
f 375/509/422 248/494/411 329/783/338
f 248/494/411 59/773/388 151/471/397
f 478/211/178 484/522/432 486/239/206
f 381/574/469 391/215/182 396/213/180
f 323/217/184 359/575/470 338/235/202
f 96/226/193 132/230/197 110/225/192
f 389/1120/732 368/571/466 377/1121/733
f 450/210/177 465/587/477 469/212/179
f 453/1125/617 486/239/206 482/1126/442
f 463/527/436 153/544/448 79/529/438
f 153/544/448 249/560/457 214/554/454
f 249/560/457 341/827/62 302/566/462
f 341/827/62 102/663/75 374/1178/570
f 102/663/75 153/544/448 463/527/436
f 153/544/448 341/827/62 249/560/457
f 179/813/606 85/540/446 160/811/605
f 85/540/446 453/835/617 482/535/442
f 453/835/617 369/577/471 392/578/325
f 369/577/471 253/569/464 293/822/610
f 253/569/464 179/813/606 221/816/608
f 179/813/606 453/835/617 85/540/446
f 453/835/617 253/569/464 369/577/471
f 67/657/482 479/242/208 77/660/218
f 115/592/481 109/595/484 118/591/480
f 451/243/209 436/263/229 461/594/483
f 166/250/216 163/254/220 169/249/215
f 183/248/214 199/850/621 187/257/223
f 199/850/621 232/625/508 228/626/509
f 232/625/508 240/628/510 228/626/509
f 156/1127/222 164/617/501 139/842/495
f 228/626/509 196/849/505 199/850/621
f 259/630/512 305/1129/517 303/1131/736
f 353/1130/347 305/1129/517 332/1179/625
f 380/1132/737 360/246/212 371/644/524
f 68/605/492 474/868/532 471/652/530
f 213/623/506 139/842/495 174/618/502
f 139/842/495 58/602/489 93/607/493
f 58/602/489 343/645/348 398/646/525
f 343/645/348 259/630/512 303/1131/736
f 259/630/512 139/842/495 213/623/506
f 139/842/495 343/645/348 58/602/489
f 68/605/492 127/615/499 86/840/619
f 127/615/499 223/852/622 180/614/498
f 223/852/622 295/638/519 268/639/520
f 295/638/519 142/653/33 403/863/310
f 142/653/33 127/615/499 68/605/492
f 127/615/499 295/638/519 223/852/622
l 537 545
l 311 650
l 342 678
l 524 520
l 517 521
l 309 681
l 98 135
l 538 543
l 101 138
l 525 523
l 497 635
l 100 136
l 50 40
l 504 643
l 340 713
