# Blender 4.5.3 LTS
# www.blender.org
o frame
v 0.898981 0.319728 0.450640
v 0.806124 0.269360 0.450640
v 0.891395 0.269360 0.450640
v 0.120571 0.313814 -0.650121
v 0.119118 -0.313514 -0.650121
v 0.126136 -0.269050 -0.650121
v -0.729208 0.269350 0.450000
v -0.725238 0.320150 0.450000
v -1.739886 0.845479 0.351047
v -1.739886 0.889929 0.356340
v -1.739886 0.889929 0.442060
v 1.129387 0.845479 0.446030
v -1.704636 0.885978 0.348300
v -1.676347 0.885978 0.348300
v -1.745237 0.320452 0.348400
v -1.745237 0.371252 0.351047
v -1.745237 0.371252 0.446030
v 1.134737 0.326802 0.442060
v 1.171402 0.855300 0.475000
v 1.171402 0.855300 0.450000
v 1.145400 0.855300 0.450000
v 1.186313 -0.266950 0.348400
v 0.636313 0.267050 0.345225
v -1.078487 0.328500 0.432410
v -1.078487 0.457640 0.432410
v -1.281687 0.531700 0.432410
v -1.152547 0.531700 0.432410
v -1.078487 0.457640 0.442060
v 0.628737 0.634941 0.356340
v 0.628737 0.634941 0.442060
v 0.628737 0.572079 0.356340
v 0.628737 0.572079 0.348400
v 0.320296 0.326500 0.356340
v 0.364073 0.370277 0.442060
v 0.364073 0.370277 0.356340
v 0.355093 0.370277 0.356340
v 0.628737 0.643921 0.356340
v 0.628737 0.643921 0.442060
v 0.673337 0.688521 0.442060
v 0.559587 0.539350 0.348400
v -1.718357 0.872260 0.338607
v -1.772280 0.818421 -0.650000
v -0.652479 0.844549 0.348294
v -0.721617 0.845956 -0.573841
v -0.718440 0.890406 -0.573841
v -0.147206 0.889060 0.348300
v -0.076806 0.896385 -0.573841
v -0.149696 0.846017 -0.573841
v -0.146519 0.890467 -0.573841
v 0.679537 0.845600 0.348400
v 0.628737 0.845600 0.353693
v 0.628737 0.845600 0.446030
v 0.628737 -0.844482 0.351047
v 0.673187 -0.844482 0.442060
v 0.624022 0.895881 -0.573891
v 0.624022 0.889904 -0.580242
v 0.624015 0.845454 -0.646891
v 0.624022 0.895821 -0.649955
v 1.043066 0.894353 0.326406
v 1.134737 -0.839950 0.351047
v 1.185140 0.342490 0.336400
v 0.636313 0.512000 0.336400
v 1.183459 0.879785 0.336400
v 1.167550 0.323743 0.348300
v 1.184449 0.340617 0.348300
v 0.638621 0.894846 0.348300
v 0.746313 0.322000 0.348300
v 0.931621 0.846354 0.326400
v 1.170099 -0.324855 0.336400
v 1.165823 -0.894828 0.336400
v -0.146519 0.845000 -0.542412
v -1.789687 0.275000 0.442060
v -1.789687 0.315000 0.442060
v -1.789687 0.315000 0.356500
v -1.789687 0.275000 0.356500
v -1.750036 0.315000 0.442060
v 0.020942 -0.269350 -0.054200
v 0.016972 -0.269350 -0.098650
v -0.068748 -0.269350 -0.098650
v -1.745610 0.700263 -0.646009
v 0.630454 0.889719 -0.642019
v 0.909928 0.370277 -0.550856
v -1.789607 0.326281 -0.581398
v 0.993541 0.370277 -0.579509
v 0.674391 0.845782 -0.578356
v 0.630380 0.889793 -0.582303
v 0.630380 0.889793 -0.642359
v 1.608087 -0.380985 -1.389775
v 1.608087 -0.380985 -1.338975
v 1.608087 0.381015 -1.389775
v 1.608087 0.381015 -1.338975
v 1.602956 0.873775 -1.340209
v 1.216853 0.896000 -0.718382
v 0.758355 0.896000 -0.647540
v -1.779886 -0.719950 0.356900
v -1.747442 -0.799716 0.356900
v -1.779886 -0.839950 0.356900
v -1.739886 -0.879950 0.356900
v -1.619887 -0.879950 0.356900
v -1.754501 -0.722258 0.441960
v -1.779886 -0.719950 0.441960
v -1.779886 -0.839950 0.441960
v -1.739886 -0.879950 0.441960
v -1.619887 -0.879950 0.441960
v 1.169398 -0.719950 0.356900
v 1.137795 -0.796549 0.356900
v 1.122868 -0.825131 0.356900
v 1.089605 -0.847679 0.356900
v 1.011706 -0.854566 0.356900
v 1.009398 -0.879950 0.356900
v 1.144013 -0.722258 0.441960
v 1.169398 -0.719950 0.441960
v 1.169398 -0.839950 0.441960
v 1.129398 -0.879950 0.441960
v 1.009398 -0.879950 0.441960
v -1.779886 -0.486878 0.356900
v -1.752194 -0.482263 0.356900
v -1.779886 -0.366878 0.356900
v -1.622195 -0.352263 0.356900
v -1.739886 -0.326878 0.356900
v -1.619887 -0.326878 0.356900
v -1.754501 -0.484570 0.441960
v -1.779886 -0.486878 0.441960
v -1.779886 -0.366878 0.441960
v -1.739886 -0.326878 0.441960
v -1.619887 -0.326878 0.441960
v -1.624502 -0.354570 0.441960
v -1.279086 -0.719950 0.356900
v -1.251395 -0.724565 0.356900
v -1.279086 -0.839950 0.356900
v -1.239087 -0.879950 0.356900
v -1.119087 -0.879950 0.356900
v -1.224566 -0.834924 0.441960
v -1.253702 -0.722257 0.441960
v -1.279086 -0.719950 0.441960
v -1.279086 -0.839950 0.441960
v -1.239087 -0.879950 0.441960
v -1.119087 -0.879950 0.441960
v -1.123702 -0.852258 0.441960
v 0.668086 -0.719950 0.356900
v 0.640394 -0.724566 0.356900
v 0.609004 -0.838394 0.356900
v 0.668086 -0.839950 0.356900
v 0.568086 -0.849950 0.356900
v 0.510394 -0.854566 0.356900
v 0.628086 -0.879950 0.356900
v 0.508087 -0.879950 0.356900
v 0.642702 -0.722258 0.441960
v 0.668086 -0.719950 0.441960
v 0.668086 -0.839950 0.441960
v 0.628086 -0.879950 0.441960
v 0.508087 -0.879950 0.441960
v 0.568086 -0.849950 0.441960
v 1.169398 -0.491378 0.356900
v 1.137795 -0.414779 0.356900
v 1.122868 -0.386197 0.356900
v 1.089605 -0.363649 0.356900
v 1.011706 -0.356763 0.356900
v 1.009398 -0.331378 0.356900
v 1.122868 -0.386197 0.441960
v 1.169398 -0.491378 0.441960
v 1.169398 -0.371378 0.441960
v 1.129398 -0.331378 0.441960
v 1.009398 -0.331378 0.441960
v -0.711837 0.890281 -0.542417
v -0.662014 0.890298 -0.440450
v -0.661837 0.890264 -0.542417
v -1.369406 0.889701 -0.573800
v -1.241990 0.770042 -0.573800
v -1.242420 0.889719 -0.573800
v -1.242420 0.889719 -0.598800
v -1.692212 0.327150 -0.598800
v -1.789410 0.327150 -0.573800
v -1.789410 0.327150 -0.598800
v -1.352254 0.785546 -0.598800
v -1.694657 0.449128 -0.598800
v 0.941718 0.511616 -0.598800
v 0.946208 0.516106 -0.598800
v 1.030333 0.889650 -0.573745
v 0.980333 0.889633 -0.573745
v 0.623963 0.889850 -0.586750
v 0.623963 0.889833 -0.636750
v 0.617813 0.883500 -0.636750
v 0.623963 0.845650 -0.636750
v 0.617813 0.845650 -0.586750
v 0.623963 0.845650 -0.586750
v 0.617813 0.813650 -0.600750
v -1.235768 0.889850 -0.586750
v -1.235768 0.889833 -0.636750
v -1.235768 0.845650 -0.586750
v -1.235737 0.813650 -0.622750
v -0.139637 0.890281 -0.542417
v -0.089637 0.890264 -0.542417
v -0.089637 0.883931 -0.440450
v -0.089637 0.788250 -0.542417
v -0.139637 0.788250 -0.542386
v 0.008151 0.326281 -0.556944
v -0.059849 0.326281 -0.555922
v -0.059849 0.326281 -0.642504
v 0.008151 0.326281 -0.642504
v 0.008151 0.361200 -0.642504
v -0.742693 0.326281 -0.555922
v -0.810692 0.326281 -0.555922
v -0.810692 0.326281 -0.641758
v -0.742693 0.326281 -0.641758
v -0.810692 0.361200 -0.641758
v 1.086977 0.875430 -0.092296
v 1.505662 0.918419 -0.826525
v 1.607754 0.880320 -0.890319
v 1.607754 0.918419 -0.890319
v 1.557147 0.874862 -1.394392
v 1.555553 0.923418 -0.915375
v 1.601581 0.920227 -1.396047
v 1.557212 0.920281 -1.396140
v 1.558586 0.877233 -1.396047
v 1.600350 0.877142 -1.396140
v 1.172783 0.919322 -0.231527
v 1.139394 0.919435 -0.253243
v 1.172879 0.879491 -0.231465
v 1.098705 0.919257 -0.625832
v 1.345947 0.879365 -0.780246
v 1.367178 0.879487 -0.746269
v 1.367118 0.919317 -0.746365
v -1.686160 0.831037 -0.589938
v -1.758391 0.819974 -0.589938
v 1.392323 0.921037 -0.666284
v 1.554112 0.896813 -0.916685
v 1.554112 0.901563 -0.916685
v 1.577149 0.873775 -1.339376
v 1.581899 0.873775 -1.339376
v 1.579524 0.873775 -1.275876
v 1.040805 0.320150 -0.647745
v 0.945521 0.320150 -0.576054
v 0.944764 0.320150 -0.646563
v 1.040521 0.313800 -0.576195
v 1.041563 0.320150 -0.577237
v 0.016972 0.269350 -0.105000
v -0.068748 0.269350 -0.105000
v -0.068748 -0.313800 -0.098650
v 0.016972 -0.313800 -0.098650
v 0.016972 0.313800 -0.098650
v -0.068748 0.313800 -0.098650
v 0.016972 -0.313800 -0.105000
v -0.068748 -0.313800 -0.105000
v -0.068748 0.313800 -0.105000
v 0.016972 0.313800 -0.105000
v -1.779886 0.719950 0.356900
v -1.752194 0.724566 0.356900
v -1.779886 0.839950 0.356900
v -1.622195 0.854566 0.356900
v -1.739886 0.879950 0.356900
v -1.619887 0.879950 0.356900
v -1.754501 0.722258 0.441960
v -1.779886 0.719950 0.441960
v -1.779886 0.839950 0.441960
v -1.739886 0.879950 0.441960
v -1.619887 0.879950 0.441960
v -1.624502 0.852258 0.441960
v -1.779886 0.486878 0.356900
v -1.747442 0.407112 0.356900
v -1.779886 0.366878 0.356900
v -1.622195 0.352263 0.356900
v -1.739886 0.326878 0.356900
v -1.619887 0.326878 0.356900
v -1.747817 0.406653 0.441960
v -1.754501 0.484570 0.441960
v -1.779886 0.486878 0.441960
v -1.779886 0.366878 0.441960
v -1.739886 0.326878 0.441960
v -1.619887 0.326878 0.441960
v -1.279086 0.719950 0.356900
v -1.251395 0.724565 0.356900
v -1.246642 0.799716 0.356900
v -1.279086 0.839950 0.356900
v -1.239087 0.879950 0.356900
v -1.119087 0.879950 0.356900
v -1.247017 0.800175 0.441960
v -1.253702 0.722258 0.441960
v -1.279086 0.719950 0.441960
v -1.279086 0.839950 0.441960
v -1.239087 0.879950 0.441960
v -1.119087 0.879950 0.441960
v 1.169398 0.719950 0.356900
v 1.137795 0.796549 0.356900
v 1.122868 0.825131 0.356900
v 1.089605 0.847679 0.356900
v 1.011706 0.854565 0.356900
v 1.009398 0.879950 0.356900
v 1.169398 0.719950 0.441960
v 1.169398 0.839950 0.441960
v 1.129398 0.879950 0.441960
v 1.009398 0.879950 0.441960
v 1.069398 0.849950 0.441960
v 0.668087 0.719950 0.356900
v 0.668087 0.839950 0.356900
v 0.568087 0.849950 0.356900
v 0.628087 0.879950 0.356900
v 0.508087 0.879950 0.356900
v 0.668087 0.719950 0.441960
v 0.668087 0.839950 0.441960
v 0.628087 0.879950 0.441960
v 0.508087 0.879950 0.441960
v 1.169398 0.491378 0.356900
v 1.141706 0.486763 0.356900
v 1.137795 0.414779 0.356900
v 1.122868 0.386197 0.356900
v 1.089605 0.363649 0.356900
v 1.011706 0.356763 0.356900
v 1.009398 0.331378 0.356900
v 1.169398 0.491378 0.441960
v 1.169398 0.371378 0.441960
v 1.129398 0.331378 0.441960
v 1.009398 0.331378 0.441960
v -1.242205 0.739694 -0.556303
v -1.242205 0.845782 -0.582303
v -1.618374 0.889719 -0.642019
v 0.624022 -0.895881 -0.573891
v 0.624022 -0.889904 -0.580242
v 0.624022 -0.889918 -0.643681
v -1.789607 -0.326287 -0.581398
v 0.909928 -0.370277 -0.550856
v 1.037538 -0.326281 -0.642019
v -1.661997 -0.319850 -0.548323
v 0.630380 -0.705999 -0.582303
v -1.359323 -0.778475 -0.648800
v -1.694657 -0.449128 -0.638800
v -1.235848 -0.845782 -0.650000
v -1.600152 -0.845723 -0.642019
v -1.600152 0.845723 -0.581398
v -1.796037 0.721150 -0.650000
v -1.789606 -0.718486 -0.642019
v -1.235848 0.845782 -0.574409
v -1.235848 -0.845782 -0.574409
v -1.286215 -0.845782 -0.650000
v 0.993541 -0.845723 -0.650000
v 1.274402 -1.020043 0.438100
v 1.318306 -0.938624 0.430060
v 1.306356 -0.988089 0.430060
v 1.274402 -1.020043 0.430060
v 1.185537 -0.896279 0.438100
v 0.917983 -0.896000 0.336400
v 1.141086 -0.622097 0.336360
v 1.185537 -0.896000 0.430060
v 1.185537 -0.622097 0.336400
v 1.184058 0.043699 -1.402475
v 1.129689 0.142985 -1.402475
v 1.139213 0.142985 -1.402475
v 1.137266 0.149923 -1.326623
v 1.181919 -0.041753 -1.326275
v 1.195168 -0.085433 -1.326275
v 1.129689 -0.142985 -1.402475
v 1.119600 0.377300 -0.572801
v 1.119600 0.415400 -0.572801
v 1.119600 0.377300 -0.674402
v 1.560574 0.374369 -1.338250
v 1.560546 0.418336 -1.338257
v 1.503755 0.374722 -1.338103
v 1.118260 0.371801 -0.573800
v 1.069843 0.420899 -0.573800
v 1.069843 0.371801 -1.389750
v 1.118601 0.372141 -1.389750
v 1.554250 0.420559 -1.388924
v 1.120150 0.372141 -1.388924
v 1.070525 -0.371118 -1.387819
v 1.071247 0.370842 -1.388541
v 1.070525 0.370842 -1.340931
v 0.963782 -0.526761 -1.389775
v 1.112719 -0.422364 -1.396125
v 1.067679 -0.389298 -1.389775
v 1.451634 -0.359742 -1.446925
v 1.352580 -0.334061 -1.446831
v 1.352647 -0.427354 -1.394704
v 1.352659 -0.458294 -1.446813
v 1.451040 -0.333808 -1.446813
v 1.451052 -0.364748 -1.394704
v 1.452436 -0.396051 -1.388759
v 1.446432 -0.452652 -1.416619
v 1.451608 -0.359011 -1.448746
v 1.351264 -0.346209 -1.477451
v 1.351263 -0.415945 -1.503333
v 1.354092 -0.458456 -1.448737
v 1.449607 -0.333646 -1.448737
v 1.452435 -0.346209 -1.477451
v 1.446432 -0.376035 -1.509679
v 1.452436 -0.415945 -1.503333
v 1.452435 -0.445894 -1.477452
v 1.301281 0.421736 -1.387868
v 1.554112 0.807748 -1.345325
v 1.554112 0.807748 -1.383425
v 1.120163 0.269350 -1.364388
v 1.120163 0.370950 -1.366763
v 1.120163 0.370950 -1.362013
v 1.221763 0.370950 -1.364388
v 1.120163 -0.370950 -1.366763
v 1.120163 -0.370950 -1.362013
v 1.043963 0.471124 -0.576228
v 1.068652 0.470123 -0.575227
v 1.068652 0.471123 -0.647573
v 1.043963 0.470123 -0.648574
v 1.043963 0.321576 -0.647573
v 1.043963 0.322577 -0.575227
v 1.043963 -0.470123 -0.648574
v 1.043963 -0.322577 -0.575227
v 1.277033 -0.069915 -1.402475
v 1.273671 0.072494 -1.402475
v 1.223948 0.057879 -1.326275
v 1.223296 0.057557 -1.402475
v 1.120956 0.151525 -1.399858
v 1.416934 0.683770 -0.669692
v 1.446858 0.663468 -0.568089
v 1.489657 0.595660 -0.669692
v 1.457527 0.626579 -0.568089
v 1.391951 0.715025 -0.651559
v 1.449052 0.715025 -0.602804
v 1.388576 0.708675 -0.567889
v 1.355593 0.708675 -0.593449
v 1.348590 0.708675 -0.629722
v 1.383506 0.708675 -0.668351
v 1.449052 0.708675 -0.634794
v 1.414966 0.814071 -1.402500
v 1.341340 0.762660 -1.402500
v 1.466095 0.746901 -1.342185
v 1.324623 -0.903267 -1.326000
v 1.372712 -0.922540 -1.326000
v 1.370595 -0.756155 -1.326000
v 1.411936 -0.915166 -1.402500
v 1.373168 -0.884471 -1.402500
v 1.387348 -0.793237 -1.402502
v 1.337635 -0.863772 -1.402500
v 1.412557 -0.913015 -1.326000
v 1.416134 -0.911223 -1.326000
v 1.488329 -0.828422 -1.402475
v 1.450875 -0.754914 -1.326000
v 1.764229 0.312347 -1.362119
v 1.796860 -0.265572 -1.360027
v 1.741938 -0.257302 -1.360027
v 1.688606 -0.036992 -1.369552
v 1.705740 -0.001446 -1.360027
v 1.747484 0.032826 -1.360027
v 1.796147 0.266033 -1.360027
v 1.742191 0.256397 -1.369552
v 1.796860 0.265602 -1.369552
v 1.614437 0.355615 -1.369552
v -1.709565 0.901234 -1.151632
v -1.783218 -0.856599 -1.215000
v 1.133055 0.110341 -0.425400
v 1.352131 0.370650 -0.960394
v 1.208937 -0.118341 -0.425400
v 1.145596 -0.118341 -0.463802
v 1.322258 0.269350 -1.007988
v 1.322258 -0.269350 -1.007988
v -1.778071 0.844468 0.493350
v 1.170765 0.843263 0.489494
v 1.184620 0.855445 0.479578
v 1.184177 0.855302 0.449902
v 1.184177 0.883808 0.481368
v 1.160529 0.332808 0.499279
v 1.181008 0.335086 0.450000
v 1.601581 -0.920227 -1.396047
v 1.557211 -0.920281 -1.396140
v 1.558586 -0.877233 -1.396047
v 1.600349 -0.877142 -1.396140
v 1.509973 0.923122 -0.829302
v 0.552868 0.404576 0.432436
v 0.544049 0.445805 0.397200
v 0.586006 0.455751 0.397200
v 0.520913 0.429800 0.461200
v 0.529243 0.458526 0.461485
v 0.551215 0.475150 0.461200
v 0.612136 0.456462 0.461485
v 0.619087 0.429800 0.461200
v 0.610757 0.401074 0.461485
v 0.588785 0.384450 0.461200
v 0.559352 0.381094 0.460491
v 0.527863 0.403138 0.461485
v 0.538846 0.410585 0.473600
v 0.533984 0.429800 0.456600
v 0.561566 0.465380 0.456467
v 0.599903 0.450878 0.456808
v 0.563543 0.393794 0.456083
v 0.554585 0.433454 0.426142
v 0.564565 0.445121 0.425992
v 0.559877 0.416423 0.425650
v 0.582119 0.418875 0.412600
v -1.210628 0.424602 0.432774
v -1.175744 0.459900 0.397200
v -1.167110 0.401478 0.397200
v -1.229687 0.429800 0.461200
v -1.221356 0.458527 0.461485
v -1.189963 0.478806 0.460932
v -1.152124 0.470724 0.460492
v -1.131468 0.438306 0.461485
v -1.139677 0.401323 0.460492
v -1.172661 0.380600 0.461017
v -1.199385 0.384450 0.461200
v -1.140156 0.459007 0.473600
v -1.131513 0.429800 0.473600
v -1.221044 0.400592 0.473600
v -1.189043 0.394184 0.473600
v -1.216616 0.429800 0.456600
v -1.211516 0.449362 0.456808
v -1.194383 0.463074 0.456600
v -1.155133 0.455267 0.456600
v -1.149805 0.410056 0.456084
v -1.172570 0.394107 0.456808
v -1.194383 0.396526 0.456600
v -1.192720 0.440724 0.412600
v -1.178075 0.445456 0.412600
v -1.165870 0.436816 0.412600
v 0.540332 -0.422768 0.397200
v 0.562968 -0.459468 0.397200
v 0.599667 -0.436832 0.397200
v 0.529243 -0.458526 0.461485
v 0.619074 -0.438601 0.460491
v 0.610757 -0.401074 0.461485
v 0.551215 -0.384450 0.461200
v 0.527863 -0.403138 0.461485
v 0.543811 -0.387339 0.473600
v 0.578442 -0.465416 0.473600
v 0.533984 -0.429800 0.456600
v 0.539083 -0.449361 0.456808
v 0.583783 -0.463074 0.456600
v 0.599903 -0.450878 0.456808
v 0.591078 -0.399897 0.456808
v 0.563543 -0.393794 0.456083
v 0.540096 -0.408722 0.456808
v 0.564565 -0.445121 0.425992
v 0.578554 -0.416459 0.425976
v 0.578568 -0.444414 0.412600
v 0.556491 -0.419578 0.412600
v -1.194039 -0.401582 0.432196
v -1.210600 -0.429800 0.397200
v -1.175744 -0.459900 0.397200
v -1.155883 -0.447651 0.397200
v -1.150500 -0.424945 0.397200
v -1.189963 -0.478806 0.460932
v -1.139676 -0.401323 0.460492
v -1.172661 -0.380599 0.461017
v -1.199385 -0.384450 0.461200
v -1.131513 -0.429800 0.473600
v -1.214602 -0.445994 0.473600
v -1.216616 -0.429800 0.456600
v -1.211516 -0.449361 0.456808
v -1.174358 -0.465849 0.456808
v -1.155133 -0.455267 0.456600
v -1.144907 -0.437831 0.456808
v -1.149805 -0.410056 0.456084
v -1.172570 -0.394107 0.456808
v -1.195276 -0.436791 0.425992
v -1.179758 -0.446034 0.425992
v -1.165223 -0.424345 0.412600
v 1.490612 0.683122 -1.367550
v 1.598284 -0.023046 -1.208197
v 1.598809 -0.018199 -1.284397
v 1.522156 -0.096201 -1.208197
v 1.469787 0.068405 -1.208197
v 1.515240 0.084689 -1.284397
v 1.429983 0.039128 -1.284397
v 1.458667 0.074956 -1.284397
v 1.491923 0.091970 -1.284397
v 1.517919 -0.094880 -1.208197
v 1.691504 -0.470792 -1.395879
v 1.608449 -0.839092 -1.397108
v 1.691504 -0.839092 -1.395879
v 1.681112 -0.813692 -1.272417
v 1.618904 -0.408467 -1.273745
v 1.639522 -0.762892 -1.308703
v 1.635015 -0.762892 -1.294739
v 1.653869 -0.527942 -1.311781
v 1.639522 -0.527942 -1.308703
v 1.652440 -0.521592 -1.312164
v 1.630743 -0.521592 -1.303827
v 1.664676 -0.521592 -1.298922
v 1.667782 -0.521592 -1.306750
v 1.618903 -0.876018 -1.273745
v 1.218098 -0.902350 -0.718094
v 0.895537 -0.902350 -0.555111
v 0.758355 -0.896000 -0.647540
v 1.178311 -0.896000 -0.214207
v 1.043314 -0.896000 -0.184590
v 1.040771 -0.896000 0.020809
v 1.177897 -0.902350 -0.214119
v 0.755972 -0.896000 -0.631671
v -1.772280 -0.818421 0.338607
v -1.734819 -0.783954 0.338607
v -1.685428 -0.833345 0.338606
v -0.722304 -0.844548 0.348300
v -0.150383 -0.844610 0.348300
v -0.147206 -0.889060 0.348300
v -0.079871 -0.846018 -0.573847
v -0.821545 -0.269350 -0.650000
v -0.818898 -0.313800 -0.650000
v -0.733178 -0.313800 -0.650000
v -0.725238 -0.320150 -0.650000
v -1.648124 -0.319787 0.450640
v -1.648124 -0.269360 0.450640
v -0.968041 0.319418 -0.650121
v -0.891120 0.269050 -0.650121
v -0.961184 0.269050 -0.650121
v -1.404411 0.313509 0.450650
v -1.474473 0.269060 0.450650
v -0.653418 0.838359 -0.497963
v -0.655536 0.838359 -0.542413
v -0.718974 -0.851641 -0.542427
v 0.008151 -0.326281 -0.556944
v -0.059849 -0.326281 -0.555922
v -0.059849 -0.326281 -0.642504
v 0.008151 -0.326281 -0.642504
v -0.742693 -0.326281 -0.555922
v -0.810692 -0.326281 -0.555922
v -0.810692 -0.326281 -0.641758
v -0.742693 -0.326281 -0.641758
v -0.742693 -0.361200 -0.641758
v -0.822799 0.269350 -0.054200
v -0.818829 0.269350 -0.098650
v -0.733109 0.269350 -0.098650
v -0.818829 -0.269350 -0.098650
v -0.818829 0.269350 -0.105000
v -0.818907 -0.269350 -0.105000
v -0.733109 0.269350 -0.105000
v -0.733109 -0.313800 -0.098650
v -0.818829 -0.313800 -0.098650
v -0.818829 0.313800 -0.098650
v -0.733109 0.313800 -0.098650
v -0.818829 -0.313800 -0.105000
v -0.733109 -0.313800 -0.105000
v -0.733109 0.313800 -0.105000
v -0.818829 0.313800 -0.105000
v -1.296036 0.845600 0.348400
v -1.245237 0.845600 0.353693
v -1.296036 -0.844482 0.450000
v -1.789687 0.839978 0.442060
v -1.739886 -0.889929 0.356340
v 1.129387 -0.889929 0.356340
v 1.129387 -0.889929 0.442060
v 1.129387 -0.845479 0.446030
v 1.134737 -0.320452 0.348400
v -0.643960 -0.848680 0.299527
v -0.605887 -0.896147 0.348300
v 1.168602 0.263000 -0.484900
v 1.173351 0.263000 -0.484900
v 1.170977 0.263000 -0.586500
v 1.145564 0.286038 -0.586500
v 1.145564 0.290788 -0.586500
v -1.289600 0.679541 0.356340
v -1.289600 0.679541 0.442060
v -1.245000 0.634941 0.442060
v -1.245000 0.572079 0.356340
v -1.245000 0.572079 0.348400
v -1.043198 0.370277 0.356340
v -1.043198 0.370277 0.348400
v -0.936559 0.326500 0.356340
v -0.927579 0.326500 0.356340
v -1.245000 0.643921 0.356340
v -1.289600 0.688521 0.356340
v -0.927579 0.326500 0.442060
v -1.076775 0.440275 0.356340
v 0.946208 -0.516106 -0.598800
v 0.724760 -0.733064 -0.638800
v 0.724760 -0.733064 -0.598800
v 0.673337 -0.679541 0.442060
v 0.628737 -0.634941 0.442060
v 0.628737 -0.643921 0.348400
v 0.628737 -0.572079 0.356340
v 0.426935 -0.370277 0.356340
v 0.426935 -0.370277 0.446030
v 0.364073 -0.370277 0.442060
v 0.311316 -0.326500 0.356340
v 0.673337 -0.688521 0.356340
v 0.460512 -0.440275 0.356340
v -1.289600 -0.679541 0.356340
v -1.289600 -0.679541 0.442060
v -1.245000 -0.643921 0.348400
v -1.245000 -0.572079 0.348400
v -0.936559 -0.326500 0.356340
v -0.936559 -0.326500 0.442060
v -0.980337 -0.370277 0.356340
v -0.971357 -0.370277 0.348400
v -0.927579 -0.326500 0.356340
v -1.289600 -0.688521 0.442060
v -1.175850 -0.539350 0.348400
v 0.465905 0.328500 0.432410
v 0.465905 0.457640 0.432410
v 0.669105 0.531700 0.432410
v 0.539965 0.531700 0.432410
v 0.539965 0.531700 0.442060
v 0.465905 0.328500 0.442060
v -1.078487 -0.328500 0.432410
v -1.078487 -0.457640 0.432410
v -1.281687 -0.531700 0.432410
v -1.152547 -0.531700 0.432410
v -1.152547 -0.531700 0.442060
v -1.078487 -0.457640 0.442060
v -1.078487 -0.328500 0.442060
v 0.465905 -0.328500 0.432410
v 0.465905 -0.457640 0.432410
v 0.669105 -0.531700 0.432410
v 0.539965 -0.531700 0.432410
v 0.669105 -0.531700 0.442060
v -1.754833 0.855300 0.450000
v -1.780835 -0.855769 0.450000
v 1.366645 0.111135 -0.988013
v 1.303287 -0.118341 -0.962305
v 0.945521 -0.320150 -0.576054
v 1.490612 -0.683122 -1.361200
v 1.661931 -0.283348 -1.360027
v 0.931621 -0.846354 0.326400
v 1.077564 -0.892250 0.336400
v 0.693963 0.889700 -0.599484
v 0.630506 0.889719 -0.574484
v 0.630506 0.889719 -0.599484
v 0.693963 0.834296 -0.599484
v 1.037069 0.545304 -0.574484
v 1.037069 0.545304 -0.599484
v 1.036843 0.327150 -0.574484
v 1.036843 0.327150 -0.599484
v -1.765808 -0.759492 0.338607
v -1.789687 -0.275000 0.442060
v -1.789687 -0.315000 0.442060
v -1.789687 -0.315000 0.356500
v -1.789687 -0.275000 0.356500
v -1.750036 -0.275000 0.442060
v -0.711837 -0.890249 -0.440450
v -0.711837 -0.890281 -0.542417
v -0.662014 -0.890298 -0.440450
v -0.661837 -0.890264 -0.542417
v -0.661837 -0.883931 -0.536267
v 1.030333 -0.889650 -0.573745
v 0.980333 -0.889633 -0.573745
v 0.980333 -0.845450 -0.573745
v 0.623963 -0.889850 -0.586750
v 0.623963 -0.889833 -0.636750
v 0.623963 -0.845650 -0.636750
v -1.235768 -0.889850 -0.586750
v -1.235768 -0.889833 -0.636750
v -1.229618 -0.845650 -0.586750
v -1.235768 -0.845650 -0.586750
v -1.235737 -0.813650 -0.622750
v -1.235768 -0.813650 -0.600750
v -0.139637 -0.890249 -0.440450
v -0.139637 -0.890281 -0.542417
v -0.089637 -0.890264 -0.542417
v -1.686160 -0.831037 -0.650000
v -1.758391 -0.816743 -0.650000
v 1.554112 -0.896813 -0.916685
v 1.554112 -0.901563 -0.916685
v 1.489490 -0.899188 -0.876305
v 1.579524 -0.810275 -1.339376
v 1.577149 -0.873775 -1.339376
v 1.581899 -0.873775 -1.339376
v 1.579524 -0.873775 -1.275876
v 1.043963 -0.288413 -0.586500
v 1.168602 -0.263000 -0.484900
v 1.173351 -0.263000 -0.484900
v 1.170977 -0.161400 -0.484900
v 1.145564 -0.286038 -0.586500
v 1.145564 -0.290788 -0.586500
v 0.693963 -0.889701 -0.599484
v 0.630506 -0.889719 -0.574484
v 0.630506 -0.889719 -0.599484
v 0.630506 -0.701500 -0.574484
v 1.037069 -0.545304 -0.599484
v 1.036843 -0.327150 -0.574484
v 1.036843 -0.327150 -0.599484
v 1.189036 0.269967 -0.434100
v 1.194513 0.265933 -0.434100
v 1.145564 0.270327 -0.593467
v 1.603952 -0.921668 -1.394392
v 1.557147 -0.874862 -1.394392
v 1.554930 -0.921608 -1.394254
v 1.098705 -0.919257 -0.625832
v 1.367178 -0.879487 -0.746269
v 1.047035 -0.875663 -0.118273
v 1.603561 -0.922958 -0.887653
v 1.509973 -0.875617 -0.829302
v 1.172783 -0.919322 -0.231527
v 1.139394 -0.919435 -0.253243
v 1.139292 -0.879369 -0.253309
v 1.050190 -0.879426 -0.116221
v 1.150265 -0.312699 -0.637300
v 1.145564 -0.264449 -0.632510
v 1.119600 -0.377300 -0.572801
v 1.119600 -0.415400 -0.572801
v 1.119639 -0.419952 -0.577003
v 1.119600 -0.377300 -0.674402
v 1.560546 -0.418336 -1.338257
v 1.118260 -0.371801 -0.573800
v 1.118601 -0.420559 -0.573800
v 1.069502 -0.420559 -1.389750
v 1.554250 -0.420899 -1.340166
v 1.554112 -0.919645 -1.383425
v 1.554112 -0.919645 -1.345325
v 1.356603 -0.421786 -1.341205
v 1.554159 -0.810878 -1.388774
v 1.165941 0.894437 0.348400
v -1.776443 0.894787 0.450000
v 1.762687 -0.306168 -1.367618
v -1.780538 -0.843263 0.489495
v -1.789807 -0.883808 0.481368
v -1.786998 -0.890626 0.449900
v 1.184620 -0.855445 0.479578
v -1.791128 -0.335217 0.478850
v -1.692131 -0.376758 -0.573800
v -1.298644 -0.770245 -0.598800
v -1.369406 -0.889700 -0.573800
v -1.241990 -0.770042 -0.598800
v -1.242420 -0.889719 -0.573800
v -1.242420 -0.889719 -0.598800
v -1.789636 -0.470319 -0.573800
v -1.789410 -0.327150 -0.573800
v -1.789410 -0.327150 -0.598800
v 1.195130 -0.262780 -0.436840
v 0.043125 0.269349 -0.650121
v 0.043127 0.313799 -0.650121
v 0.813878 0.313810 0.450640
v 0.891321 0.313824 0.450640
v 0.042113 -0.269050 -0.650121
v 0.119184 -0.269050 -0.650121
v 0.639330 -0.319427 0.450650
v -0.821545 0.269350 -0.650000
v -0.729208 0.269350 -0.650000
v -0.818898 0.313800 -0.650000
v -0.068697 0.313800 -0.650000
v -0.068697 0.313800 0.450000
v 0.024963 0.320150 0.450000
v -0.073990 0.269350 0.450000
v -0.071343 0.269350 -0.650000
v -1.785957 0.804660 0.348300
v -1.762545 0.759493 0.348300
v -1.676347 0.885978 0.338606
v -1.765808 0.759493 0.338607
v -1.785957 0.776376 0.338607
v 1.134737 0.326802 0.356340
v -1.745237 0.326802 0.356340
v -1.745237 0.320452 0.450000
v 1.134737 0.371252 0.353693
v 1.145400 -0.855770 0.450000
v 1.186313 -0.266950 0.342050
v 1.186313 0.267050 0.345225
v -1.078487 0.328500 0.442060
v -1.152547 0.531700 0.442060
v -1.281687 0.531700 0.442060
v 0.673337 0.679541 0.442060
v 0.320296 0.326500 0.442060
v 0.673337 0.679541 0.356340
v 0.673337 0.688521 0.356340
v 0.311316 0.326500 0.356340
v 0.311316 0.326500 0.442060
v 0.426935 0.370277 0.356340
v 0.460512 0.440275 0.356340
v 0.559587 0.539350 0.356340
v 0.355093 0.370277 0.348400
v 0.628737 0.643921 0.348400
v 0.460512 0.440275 0.348400
v 0.426935 0.370277 0.348400
v -0.719127 0.888999 0.348300
v -0.655002 0.890421 -0.573841
v 0.970176 0.843985 0.326406
v 0.973353 0.888435 0.326406
v 0.974040 0.889843 -0.573841
v 1.043753 0.895761 -0.573841
v -0.153558 0.895037 0.348300
v -0.150383 0.844610 0.348300
v -0.083767 0.889074 0.348300
v -0.083081 0.890482 -0.573841
v -0.077493 0.894977 0.348300
v -0.080557 0.844610 0.348294
v -1.733323 0.785451 -0.650000
v -1.718357 0.872260 -0.650000
v 1.179187 -0.839950 0.356340
v 1.134737 0.839978 0.446030
v 1.179187 0.839978 0.442060
v -0.327786 0.896147 0.345084
v -0.327786 0.852414 0.301671
v -0.365861 -0.896147 0.348300
v 1.165823 0.894827 0.336400
v 1.184570 0.877235 0.348300
v 0.636313 0.512000 0.348300
v 0.746313 -0.322000 0.336400
v 1.183459 -0.879785 0.336400
v 0.746313 -0.322000 0.348300
v 0.638621 -0.894846 0.348300
v -0.152871 0.845000 -0.548389
v -0.076806 0.845000 -0.548330
v -0.076806 -0.845000 -0.548330
v -0.150754 -0.845000 -0.497962
v 0.933929 0.893692 0.336400
v 0.555402 -0.269059 0.450650
v 0.020942 0.269350 -0.054200
v 0.909928 0.326281 -0.555922
v -1.661997 0.319850 -0.548323
v -1.035666 0.326281 -0.642019
v 0.630380 0.705999 -0.582303
v 1.178311 0.896000 -0.214207
v 1.040471 0.902350 0.020510
v 0.974564 0.896000 0.022405
v 1.040771 0.896000 0.020809
v -1.725367 -0.834923 0.441960
v -1.679887 -0.849950 0.441960
v -1.711066 -0.361792 0.356900
v -1.720803 -0.838394 0.356900
v -1.179087 -0.849950 0.356900
v 1.069398 -0.849950 0.441960
v 1.137328 -0.411153 0.441960
v -0.661837 0.788250 -0.536267
v -0.711837 0.788250 -0.542386
v -1.241990 0.770042 -0.598800
v -1.369406 0.889701 -0.598800
v -1.740143 0.470167 -0.598800
v -1.789636 0.470320 -0.598800
v -1.692212 0.327150 -0.573800
v -1.353750 0.787042 -0.638799
v 0.980333 0.845450 -0.573745
v 1.016333 0.813450 -0.570670
v 1.030333 0.845450 -0.573626
v 1.030333 0.883300 -0.567595
v 0.980510 0.889667 -0.523145
v 0.573363 0.883500 -0.636750
v 0.573363 0.889867 -0.636573
v -1.235768 0.845650 -0.636750
v -1.229618 0.883500 -0.586750
v -0.139637 0.883931 -0.536267
v -0.089637 0.883931 -0.536267
v -0.089637 0.788250 -0.536267
v -0.059849 0.361200 -0.642504
v -0.059849 0.361200 -0.555922
v 0.008151 0.361200 -0.556944
v 1.043245 0.896000 -0.649427
v 0.964856 0.896000 -0.570390
v 1.078729 0.902350 -0.635709
v 1.044948 0.896000 -0.178360
v 1.096528 0.922813 -0.629317
v 1.096771 0.875663 -0.628927
v 1.121758 0.923535 -0.588941
v -1.716744 0.858390 -0.589938
v -1.719974 0.858390 -0.650000
v 1.579524 0.810275 -1.339376
v 1.489490 0.899188 -0.876305
v 1.563508 0.380021 -1.338975
v 1.614437 -0.380985 -1.396125
v 1.614437 -0.380985 -1.332625
v 0.944611 0.313800 -0.576964
v -0.076688 0.269350 -0.105000
v -1.679887 0.849950 0.441960
v -1.747817 0.800175 0.441960
v 0.568087 0.849950 0.441960
v 0.613567 0.834923 0.441960
v 1.137328 0.800175 0.441960
v 1.122868 0.386197 0.441960
v -1.235848 0.773694 -0.574409
v -1.242205 0.845782 -0.642400
v -1.235848 0.739694 -0.548409
v 0.909928 -0.319850 -0.548323
v -1.035666 -0.326281 -0.642019
v -1.661997 -0.326281 -0.555922
v 0.624023 -0.705999 -0.574409
v 0.630380 -0.889793 -0.582303
v -1.694657 -0.449128 -0.598800
v -1.353750 -0.787042 -0.638799
v 0.674391 -0.845782 -0.642636
v 0.674391 -0.671999 -0.556303
v 0.674391 -0.671999 -0.548409
v -1.286215 -0.777135 -0.579672
v -1.242205 -0.845782 -0.642613
v -1.286215 -0.845782 -0.642437
v 1.603678 -0.873775 -1.340931
v -1.286215 0.845782 -0.577040
v -1.600152 0.845723 -0.642019
v 0.624023 0.896150 -0.573841
v 0.993542 0.845723 -0.573841
v 1.037538 0.326281 -0.642019
v -1.695297 0.319850 -0.573800
v 0.993542 0.370277 -0.642019
v 0.993542 0.845723 -0.581398
v 0.993542 0.845723 -0.642019
v 1.043969 0.896150 -0.650000
v 0.993542 0.845723 -0.650000
v 0.674391 0.845782 -0.650000
v -1.286215 0.845782 -0.650000
v 0.624021 0.845454 -0.577066
v -1.621036 0.896150 -0.650000
v 0.674450 -0.845723 -0.577619
v 0.624023 -0.896150 -0.650000
v -1.796036 -0.319850 -0.573841
v -1.745610 -0.370277 -0.573841
v -1.745610 -0.700260 -0.577619
v -1.796036 -0.319850 -0.650000
v 1.043969 -0.319850 -0.573800
v 0.993541 -0.370277 -0.573800
v -1.789607 -0.326281 -0.642019
v 1.141086 -0.851550 0.328460
v 0.917983 -0.902350 0.328460
v 1.191886 -0.622097 0.422020
v 1.306356 -0.988089 0.438100
v 1.219224 0.088974 -1.326275
v 1.156389 0.062295 -1.326275
v 1.218484 -0.058707 -1.326275
v 1.184058 -0.043699 -1.402475
v 1.219224 -0.088974 -1.326275
v 1.187413 -0.082890 -1.402475
v 1.156309 -0.061785 -1.402475
v 1.067471 -0.389188 -1.396125
v 0.960859 -0.527420 -1.396125
v 0.933847 -0.490647 -1.396125
v 0.934321 -0.490487 -1.389775
v 0.939071 -0.518094 -1.389775
v 1.113564 -0.422092 -1.389775
v 1.195151 -0.421061 -1.396125
v 1.069880 -0.295410 -1.389775
v 1.081775 -0.285586 -1.389775
v 0.960859 0.527420 -1.396125
v 1.069880 0.295410 -1.389775
v 1.451640 -0.387834 -1.410189
v 1.357178 -0.451312 -1.414156
v 1.451634 -0.432360 -1.446925
v 1.357562 -0.416555 -1.509536
v 1.356920 -0.451040 -1.481853
v 1.290630 -0.056317 -1.326275
v 1.254979 -0.082718 -1.326275
v 1.223844 0.090753 -1.326275
v 1.273020 0.023308 -1.402475
v 1.274061 0.020794 -1.326275
v 1.304446 0.032389 -1.326275
v 1.224636 -0.090567 -1.402475
v 1.118858 0.370842 -1.387819
v 1.071247 -0.371118 -1.340209
v 1.118135 -0.371118 -1.388541
v 1.554250 0.420899 -1.340166
v 1.139213 -0.142985 -1.402475
v 1.121184 -0.151485 -1.400034
v 1.119639 0.419952 -0.577003
v 1.119529 0.420127 -0.670059
v 1.119600 0.415400 -0.674402
v 1.356603 0.421785 -1.341205
v 1.554085 0.916589 -1.388628
v 1.554112 0.919644 -1.383425
v 1.554112 0.919644 -1.345325
v 1.449211 0.660026 -0.669692
v 1.491488 0.657945 -0.568089
v 1.347286 0.653075 -0.669692
v 1.301663 0.633465 -0.669692
v 1.324817 0.689925 -0.669692
v 1.325955 0.691035 -0.568089
v 1.453541 0.708675 -0.568089
v 1.345756 0.708675 -0.669692
v 1.386428 0.573307 -0.669692
v 1.382646 0.574320 -0.568089
v 1.342722 0.552549 -0.669692
v 1.310199 0.593426 -0.669692
v 1.353107 0.596214 -0.568089
v 1.487913 0.591451 -0.568089
v 1.446188 0.596211 -0.669692
v 1.460189 0.555322 -0.669692
v 1.444531 0.594053 -0.568089
v 1.456575 0.552549 -0.568089
v 1.424439 0.537962 -0.669692
v 1.389313 0.534527 -0.669692
v 1.304187 0.628042 -0.669692
v 1.495110 0.628042 -0.568089
v 1.348590 0.715025 -0.607876
v 1.388576 0.715025 -0.669709
v 1.383506 0.715025 -0.569247
v 1.348392 0.918014 -1.402500
v 1.372712 0.922540 -1.326000
v 1.422664 0.849048 -1.402501
v 1.336370 0.765243 -1.326000
v 1.301248 0.804795 -1.326000
v 1.352847 0.799246 -1.402500
v 1.295319 0.859070 -1.326000
v 1.411936 0.915166 -1.402500
v 1.354977 0.800007 -1.326000
v 1.395481 0.879500 -1.402500
v 1.503757 0.820818 -1.386290
v 1.466095 0.746901 -1.386290
v 1.392208 0.757288 -1.402502
v 1.450875 0.754914 -1.402475
v 1.302938 -0.801253 -1.402500
v 1.295031 -0.825586 -1.326000
v 1.294100 -0.843363 -1.402500
v 1.416134 -0.911223 -1.402500
v 1.337900 -0.766492 -1.326000
v 1.460961 -0.844909 -1.402483
v 1.460601 -0.843367 -1.326000
v 1.414556 -0.810905 -1.326000
v 1.614437 -0.355585 -1.369552
v -1.796027 0.815152 -1.151632
v -1.796027 0.815152 -1.215000
v -1.818027 0.815152 -1.215000
v -1.709565 -0.901234 -1.151632
v 1.130000 -0.901234 -1.215000
v -1.757951 0.907915 -1.215000
v -1.797164 0.868577 -1.215000
v 1.196396 -0.118341 -0.463802
v 1.145596 -0.118341 -0.438029
v 1.133038 0.111134 -0.463737
v 1.208953 0.111134 -0.463737
v 1.145567 0.099562 -0.485009
v 1.208948 -0.101596 -0.487559
v 1.145596 0.110341 -0.463802
v 1.196425 -0.107563 -0.485009
v 1.196424 0.098558 -0.486025
v 1.352131 -0.370650 -1.008726
v 1.305243 0.370650 -1.008726
v 1.373058 0.370950 -1.095978
v 1.603608 0.922814 -0.889184
v 1.555931 0.875321 -0.916056
v 1.603561 0.875781 -0.887653
v 1.505662 0.880320 -0.826525
v 0.562968 0.459467 0.397200
v 0.604710 0.464510 0.473600
v 0.540793 0.470244 0.473600
v 0.561431 0.415186 0.412600
v -1.161815 0.475150 0.473600
v -1.215310 0.464510 0.473600
v -1.192107 0.478343 0.473600
v -1.188546 0.380549 0.473600
v -1.161815 0.384450 0.473600
v 0.544049 -0.445806 0.397200
v 0.559512 -0.400235 0.397200
v 0.618543 -0.441306 0.473600
v 0.561557 -0.394184 0.473600
v 0.573657 -0.414370 0.412600
v -1.221044 -0.400592 0.473600
v -1.189043 -0.394184 0.473600
v -1.161385 -0.398645 0.473600
v -1.211754 -0.410585 0.473600
v 1.456250 -0.370919 -1.222131
v 1.503860 0.370381 -1.269741
v 1.455528 0.370381 -1.222853
v 1.522156 0.096421 -1.284397
v 1.613398 -0.001634 -1.284397
v 1.606231 -0.036225 -1.208197
v 1.574303 -0.077956 -1.284397
v 1.559916 -0.071407 -1.284397
v 1.517919 0.095100 -1.284397
v 1.423125 -0.016303 -1.284397
v 1.517051 0.096419 -1.208197
v 1.429983 -0.038908 -1.208197
v 1.437818 -0.026677 -1.208197
v 1.517051 -0.096199 -1.284397
v 1.617612 -0.445392 -1.374017
v 1.608449 -0.445392 -1.262026
v 1.617612 -0.839092 -1.272417
v 1.617612 -0.813692 -1.374017
v 1.681112 -0.839092 -1.272417
v 1.681112 -0.813692 -1.374017
v 1.643352 -0.762892 -1.316435
v 1.630743 -0.756542 -1.303827
v 1.645257 -0.756542 -1.316946
v 1.662480 -0.762892 -1.312332
v 1.667783 -0.762892 -1.288885
v 1.630233 -0.527942 -1.301922
v 1.662480 -0.527942 -1.312332
v 1.643352 -0.527942 -1.316435
v 1.618156 -0.520397 -1.334290
v 1.118122 -0.896000 -0.252628
v 0.953812 -0.902350 -0.495617
v 1.078729 -0.902350 -0.635709
v 1.254801 -0.902350 -0.658253
v 0.974564 -0.896000 0.022405
v 0.970273 -0.902350 0.021094
v 1.119376 -0.902350 -0.252894
v 0.964856 -0.896000 -0.570390
v 0.964256 -0.896000 -0.499701
v 0.948478 -0.896000 -0.497987
v 1.058228 -0.896000 -0.170755
v 1.043801 -0.896000 0.001631
v 0.966568 -0.902350 -0.505061
v 0.967001 -0.894413 0.326406
v 0.970176 -0.843985 0.326406
v 0.970863 -0.845393 -0.573841
v 1.043753 -0.895761 -0.573841
v 1.040688 -0.845394 -0.573847
v -0.724792 -0.896384 -0.573841
v -0.721617 -0.845956 -0.573841
v -0.718440 -0.890406 -0.573841
v -0.652479 -0.844549 0.348294
v -0.149696 -0.846017 -0.573841
v -0.083768 -0.889074 0.348300
v -0.083081 -0.890482 -0.573841
v -0.077493 -0.894977 0.348300
v -0.076806 -0.896385 -0.573841
v -1.718383 -0.863223 0.338607
v -1.718383 -0.863223 -0.650000
v -1.718357 -0.872260 0.338607
v -1.733323 -0.785451 -0.650000
v -1.683931 -0.834841 -0.650000
v -0.824192 -0.269350 0.450000
v -0.826838 -0.320150 -0.650000
v -0.826838 -0.320150 0.450000
v -0.076637 -0.320150 -0.650000
v 0.017023 -0.313800 0.450000
v 0.024963 -0.320150 -0.650000
v -1.741086 -0.269360 0.450640
v -0.877374 -0.319776 -0.650121
v -0.970335 -0.269349 -0.650121
v -0.962571 -0.313814 -0.650121
v -0.885125 -0.269349 -0.650121
v -0.877374 -0.269349 -0.650121
v -1.397402 0.319487 0.450650
v -0.884113 0.269050 -0.650121
v -1.474407 0.313524 0.450650
v -0.961118 0.313514 -0.650121
v -0.891121 0.313500 -0.650121
v -1.397402 0.269059 0.450650
v -0.725249 -0.851641 -0.548330
v -0.649184 0.838359 -0.548390
v -0.725249 0.838359 -0.548330
v -0.651301 -0.851641 -0.497963
v -0.718974 0.838359 -0.542427
v 0.008151 -0.361200 -0.556944
v -1.289687 0.845600 0.356340
v -1.289687 -0.844482 0.442060
v -1.245237 -0.844482 0.446030
v -1.745237 0.839978 0.446030
v -1.739886 -0.889929 0.442060
v 1.134737 -0.326802 0.356340
v -1.745237 -0.320452 0.450000
v -1.745237 -0.320452 0.348400
v 1.134737 -0.371252 0.446030
v -1.745237 -0.371252 0.446030
v -0.643960 0.852414 0.301671
v -0.605887 0.896147 0.348300
v 1.170977 0.161400 -0.484900
v 1.224028 0.089917 -1.402475
v -1.709565 -0.923234 -1.215000
v -1.748139 0.889034 -1.215000
v -1.797168 0.868576 -1.151632
v -1.748142 0.889034 -1.151632
v -1.818027 0.815152 -1.151632
v 1.119937 0.919378 -0.591855
v 1.083580 0.879313 -0.094505
v 1.086561 0.923536 -0.092566
v -1.150500 0.424945 0.397200
v -1.210600 0.429800 0.397200
v -1.203900 0.450805 0.397200
v -1.194109 0.419578 0.412600
v -1.170378 0.416291 0.412600
v -1.167110 -0.401478 0.397200
v -1.194109 -0.419578 0.412600
v 1.471447 -0.083276 -1.284397
v 1.469786 -0.068185 -1.284397
v 1.423125 0.016523 -1.208197
v -1.245000 0.643921 0.442060
v -0.980337 0.370277 0.356340
v -0.936559 0.326500 0.442060
v -0.980337 0.370277 0.442060
v -1.245000 0.643921 0.450000
v -0.971357 0.370277 0.356340
v -1.289600 0.688521 0.442060
v -1.245000 0.634941 0.356340
v -1.175850 0.539350 0.356340
v -0.971357 0.370277 0.348400
v -1.076775 0.440275 0.348400
v -1.175850 0.539350 0.348400
v -1.245000 0.643921 0.348400
v 0.941718 -0.511616 -0.598800
v 0.673337 -0.679541 0.356340
v 0.628737 -0.634941 0.356340
v 0.364073 -0.370277 0.356340
v 0.320296 -0.326500 0.356340
v 0.320296 -0.326500 0.442060
v 0.628737 -0.572079 0.446030
v 0.628737 -0.643921 0.356340
v 0.673337 -0.688521 0.442060
v 0.628737 -0.643921 0.442060
v 0.311316 -0.326500 0.442060
v 0.355093 -0.370277 0.356340
v 0.559587 -0.539350 0.356340
v 0.355093 -0.370277 0.348400
v 0.426935 -0.370277 0.348400
v 0.460512 -0.440275 0.348400
v 0.559587 -0.539350 0.348400
v 0.628737 -0.572079 0.348400
v -1.245000 -0.634941 0.442060
v -1.245000 -0.634941 0.356340
v -0.980337 -0.370277 0.442060
v -1.245000 -0.572079 0.444707
v -1.245000 -0.643921 0.356340
v -1.289600 -0.688521 0.356340
v -0.971357 -0.370277 0.356340
v -0.927579 -0.326500 0.442060
v -1.245000 -0.643921 0.442060
v -1.043198 -0.370277 0.356340
v -1.076775 -0.440275 0.356340
v -1.175850 -0.539350 0.356340
v -1.245000 -0.572079 0.356340
v -1.076775 -0.440275 0.348400
v -1.043198 -0.370277 0.348400
v 0.669105 0.531700 0.442060
v 0.465905 0.457640 0.442060
v -1.281687 -0.531700 0.442060
v 0.465905 -0.328500 0.442060
v 0.465905 -0.457640 0.442060
v 0.539965 -0.531700 0.442060
v -1.780835 0.855300 0.475000
v 1.354087 -0.118341 -0.988078
v 1.354087 -0.118341 -0.962305
v 1.290730 0.111135 -0.988013
v 1.366645 -0.119135 -0.988013
v 1.366629 -0.118341 -0.949676
v 1.303287 0.110341 -0.988078
v 1.303259 -0.106558 -1.010301
v 1.354116 0.098558 -1.010301
v 0.944611 -0.313800 -0.576964
v 1.654523 0.277900 -1.369551
v 1.705972 -0.001678 -1.369552
v 1.740427 -0.001238 -1.360027
v 1.669253 -0.283765 -1.369552
v 1.655005 -0.181697 -1.369552
v 1.079814 -0.846700 0.336400
v 0.931621 -0.891385 0.326400
v 0.983359 0.545176 -0.574484
v -1.676347 -0.885978 0.348300
v -1.762545 -0.759493 0.348300
v -1.785957 -0.804660 0.348300
v -1.659472 -0.862566 0.338606
v -1.750036 -0.315000 0.442060
v -0.661837 -0.883931 -0.440450
v -0.711837 -0.788250 -0.542386
v 1.016333 -0.813450 -0.570670
v 1.030333 -0.845450 -0.573745
v 0.573363 -0.883500 -0.636750
v 0.617813 -0.883500 -0.636750
v 0.617813 -0.845650 -0.586750
v 0.623963 -0.813650 -0.600750
v 0.623963 -0.845650 -0.586750
v -1.235768 -0.845650 -0.636750
v -1.185168 -0.889818 -0.586750
v -0.089814 -0.890298 -0.440450
v -1.716744 -0.858389 -0.589938
v -1.686160 -0.831037 -0.589938
v 1.170977 -0.263000 -0.586500
v 0.685727 -0.701386 -0.574484
v 0.693963 -0.834296 -0.574484
v 0.630506 -0.701500 -0.599484
v 0.940479 -0.327150 -0.599484
v 1.150265 0.312699 -0.637300
v 1.189035 0.306833 -0.637300
v 1.189396 0.306473 -0.434100
v 1.193430 0.264851 -0.637300
v 1.445350 0.921900 -0.631348
v 1.406514 0.921037 -0.571654
v 1.439789 0.921463 -0.634444
v 1.555553 -0.923418 -0.915375
v 1.598414 -0.923504 -1.397428
v 1.122024 -0.875430 -0.588515
v 1.096771 -0.875663 -0.628927
v 1.086977 -0.875430 -0.092296
v 1.607754 -0.880320 -0.890319
v 1.607754 -0.918420 -0.890319
v 1.505662 -0.918420 -0.826525
v 1.505662 -0.880320 -0.826525
v 1.050095 -0.919257 -0.116283
v 1.046650 -0.922814 -0.118524
v 1.189396 -0.306473 -0.434100
v 1.148498 -0.264851 -0.434100
v 1.152530 -0.306472 -0.637300
v 0.967763 -0.306833 -0.629973
v 1.120150 -0.372141 -1.388924
v 1.118260 -0.420899 -1.389750
v 1.069843 -0.371801 -1.389750
v 1.119639 -0.372748 -0.577003
v 1.119600 -0.415400 -0.674402
v 1.554112 -0.807748 -1.383425
v 1.356579 -0.421791 -1.387550
v 1.301305 -0.421730 -1.340877
v 1.554112 -0.807748 -1.345325
v 1.554159 -0.810878 -1.339976
v 1.183278 0.877768 0.348400
v -1.796036 0.840000 0.348400
v 1.129387 -0.845479 0.353693
v 1.764229 -0.312348 -1.367434
v 1.171112 0.323147 0.476902
v -1.780885 0.373153 0.476902
v 1.171112 0.373153 0.476902
v 1.168385 -0.845046 0.493616
v 1.184177 -0.855302 0.449902
v 1.185562 -0.621363 0.430060
v -1.369354 -0.840956 -0.573800
v -1.692131 -0.376758 -0.598800
v -1.369406 -0.889700 -0.598800
v 1.194408 0.262780 -0.436118
v 1.147520 -0.262780 -0.436118
v 1.146798 -0.262780 -0.483728
v 1.145564 0.312698 -0.632600
v 0.967763 0.264851 -0.634366
v 1.150354 0.264449 -0.637300
v 1.152530 0.306472 -0.637300
v -1.739886 -0.896279 0.450000
v -1.739886 -0.896300 0.348400
v 0.632473 -0.269060 0.450650
v 0.970863 0.845393 -0.573841
v -0.079871 0.846018 -0.573847
v -1.734819 0.783954 0.338607
v 1.179187 -0.839950 0.442060
v -0.362698 0.849329 0.299528
v -0.365860 0.896147 0.332500
v -0.146519 -0.845000 -0.542412
v 0.624023 0.896150 -0.574409
v 0.624023 0.705999 -0.574409
v 1.218098 0.902350 -0.718094
v 0.755972 0.896000 -0.631671
v -1.121395 -0.854565 0.356900
v -1.752194 0.482263 0.356900
v -1.624502 0.354570 0.441960
v -1.220003 0.838395 0.356900
v -1.179087 0.849950 0.356900
v 1.114879 0.834923 0.441960
v -1.690166 -0.444637 -0.638800
v 0.624021 -0.845454 -0.577066
v -1.600152 -0.845723 -0.581398
v 1.087906 0.288141 -1.396125
v 1.081775 0.285585 -1.389775
v 1.451052 -0.429883 -1.396497
v 1.348572 0.655665 -0.568089
v 1.342444 0.631294 -0.568089
v 1.424850 0.708675 -0.662707
v 1.438128 0.715025 -0.653715
v 1.466095 -0.746901 -1.342185
v 1.421450 -0.767364 -1.326000
v 1.656449 -0.180253 -1.360027
v 1.726882 -0.180667 -1.360027
v 0.575199 0.399772 0.432774
v 0.583489 0.401478 0.397200
v 0.580648 0.478506 0.460491
v 0.599207 0.389356 0.473600
v 0.578554 0.416459 0.425976
v 0.575455 0.445177 0.412600
v -1.178983 0.461013 0.432196
v -1.159674 0.406585 0.432197
v -1.161385 0.398646 0.473600
v -1.144984 0.421356 0.473600
v -1.169716 0.417725 0.425992
v -1.190723 0.416423 0.425650
v -1.179758 0.446034 0.425992
v 0.575199 -0.399772 0.432774
v 0.578801 -0.380726 0.460491
v 0.581506 -0.381257 0.473600
v 0.561199 -0.478874 0.460491
v 0.540793 -0.470244 0.473600
v 0.595216 -0.401826 0.473600
v 0.561566 -0.465380 0.456467
v 0.559877 -0.416423 0.425650
v -1.178983 -0.461013 0.432196
v -1.172032 -0.444414 0.412600
v -1.169716 -0.417725 0.425992
v -1.190723 -0.416423 0.425650
v 1.681112 -0.470792 -1.272417
v 1.617612 -0.470792 -1.272417
v 1.681112 -0.445392 -1.272417
v 1.438844 -0.581522 -1.364375
v 1.554112 -0.581522 -1.361200
v -1.704636 -0.885978 0.338607
v -1.704636 -0.885978 0.348300
v -1.185168 -0.889867 -0.636573
v -1.185168 -0.883500 -0.636750
v -1.229618 -0.883500 -0.586750
v -1.758391 -0.819974 -0.589938
v 1.152891 0.269967 -0.637300
v 1.189396 0.270327 -0.637300
v 1.603616 -0.880329 -1.397479
v 1.118601 -0.372141 -1.389750
v 1.615441 -0.358597 -1.396526
v -1.369354 -0.840956 -0.598800
v -1.740143 -0.470167 -0.598800
v -1.739886 0.896279 0.450000
v 0.128231 0.319717 -0.650121
v -0.824192 0.269350 0.450000
v -1.745237 0.326802 0.442060
v -1.763231 0.818355 0.338607
v -1.763231 0.818355 -0.650000
v 0.943228 0.319850 -0.573800
v 1.560446 -0.378726 -1.332625
v -1.286215 0.777135 -0.579672
v 0.674450 -0.845723 -0.646010
v 1.202671 0.402907 -1.389775
v 1.201295 0.418534 -1.389775
v 1.451624 -0.363623 -1.429560
v 1.451614 -0.423758 -1.421441
v 1.222984 -0.088801 -1.326275
v 1.345756 0.708675 -0.568089
v 1.488329 -0.828422 -1.326000
v -1.796027 -0.815152 -1.151632
v 1.145568 -0.106558 -0.486025
v 1.133043 -0.102515 -0.486936
v 0.554011 0.455724 0.432488
v 0.576688 0.459532 0.432774
v 0.562054 0.380549 0.473600
v 0.591078 0.399896 0.456808
v -1.194039 0.401582 0.432197
v 0.550785 -0.460954 0.473600
v -1.159674 -0.406585 0.432197
v 1.634847 -0.756542 -1.284699
v 1.645259 -0.762892 -1.278688
v 1.667783 -0.527942 -1.288885
v 1.139274 0.068114 -1.402475
v 1.156202 0.061714 -1.402475
v -1.043198 -0.370277 0.447353
v -1.780835 0.855300 0.450000
v 1.740582 -0.001046 -1.369552
v 1.148498 0.264851 -0.434100
v 1.603608 -0.922814 -0.889184
v 1.171112 -0.323147 0.476902
v 1.170763 -0.323106 0.489487
v -1.739886 0.839724 0.450000
v -1.690166 0.444637 -0.598800
v -1.690166 0.444637 -0.638800
v -1.229618 0.883500 -0.636750
v -1.229618 0.845650 -0.636750
v 1.083682 0.919378 -0.094438
v -1.731038 0.786159 -0.589938
v -1.731038 0.786159 -0.650000
v 1.353487 0.921900 -0.606589
v 1.359048 0.921463 -0.603493
v 0.635642 0.799716 0.356900
v 0.609004 0.838394 0.356900
v -1.600152 0.845723 -0.573841
v 1.446779 -0.341062 -1.481853
v 1.351264 -0.374542 -1.502359
v 1.351264 -0.445893 -1.477451
v 1.068652 -0.322577 -0.648574
v 1.043963 -0.321576 -0.647573
v 1.309422 -0.013816 -1.326275
v 1.118858 -0.371118 -1.340932
v 1.118135 0.370842 -1.340209
v 1.118601 0.420559 -0.573800
v 1.118260 0.420899 -1.389750
v 1.395287 0.880171 -1.326000
v 1.412557 0.913015 -1.326000
v 1.666513 -0.028354 -1.369552
v 1.666281 0.030531 -1.369552
v 1.352853 -0.370650 -0.961116
v 1.560355 0.923475 -1.397423
v 1.554930 0.921608 -1.394254
v 0.577946 0.479051 0.473600
v 0.561557 0.394184 0.473600
v 0.579275 0.442643 0.426142
v -1.201603 0.406498 0.397200
v -1.174358 0.465849 0.456808
v 0.579275 -0.442643 0.426142
v 1.608449 -0.470792 -1.397108
v 1.607220 -0.445392 -1.395880
v 1.618842 -0.520512 -1.273705
v 1.680555 -0.763870 -1.334166
v 1.679810 -0.764131 -1.273843
v 1.618660 -0.408552 -1.372819
v 1.618598 -0.875853 -1.372912
v 1.044948 -0.896000 -0.178360
v 0.897492 -0.902350 -0.570825
v -0.725479 -0.894976 0.348300
v -0.153558 -0.895037 0.348300
v -0.152871 -0.896445 -0.573841
v -1.772280 -0.818421 -0.650000
v 1.554112 -0.899188 -0.992885
v 1.145564 0.306833 -0.593827
v 1.345947 -0.879365 -0.780246
v 1.098765 -0.879426 -0.625736
v 1.601581 -0.874758 -1.394207
v 1.181488 0.335352 0.478173
v 1.181512 0.360925 0.478518
v -1.789754 -0.855275 0.449903
v 1.184177 -0.883808 0.481368
v 1.147520 0.262780 -0.484450
v 1.134737 0.371252 0.446030
v 0.628737 0.643921 0.450000
v 0.355093 0.370277 0.442137
v -0.648727 0.896324 -0.573841
v -0.649414 0.894916 0.348300
v -1.718383 0.863223 0.338607
v -1.718383 0.863223 -0.650000
v 1.134737 0.839978 0.353693
v 1.134737 -0.839950 0.446030
v -1.693642 0.370277 -0.577599
v 1.563643 -0.379687 -1.338975
v 1.557941 -0.373110 -1.338975
v -1.747817 -0.800175 0.441960
v 0.623933 0.813650 -0.622750
v 1.352028 0.867425 -0.604347
v -1.618374 -0.889719 -0.642019
v 1.037538 -0.889719 -0.642019
v -1.618374 -0.889719 -0.581398
v 1.218333 -0.058027 -1.402475
v 1.484543 0.673970 -0.669692
v 1.496486 0.632457 -0.669692
v 1.419986 0.857290 -1.326000
v 1.414556 0.810905 -1.326000
v 1.421451 0.767364 -1.326000
v 1.370595 0.756155 -1.326000
v 1.358529 0.798167 -1.402500
v 1.422033 0.769610 -1.402475
v 1.334215 -0.820308 -1.326000
v 1.334837 -0.854899 -1.326000
v 1.667710 -0.030268 -1.360027
v -1.761787 -0.907222 -1.151632
v -1.801959 -0.867192 -1.151632
v 0.559042 -0.459104 0.432715
v 0.587404 -0.454811 0.432167
v 0.552868 -0.404576 0.432436
v -1.186431 -0.465936 0.473600
v -1.152626 -0.455016 0.473600
v 1.690274 -0.839092 -1.262026
v 1.255213 -0.896000 -0.658158
v -0.884113 0.319477 -0.650121
v -1.754833 -0.855769 0.450000
v -1.750036 -0.315000 0.356500
v 0.685727 -0.701386 -0.599484
v 0.940575 -0.447746 -0.599484
v 0.967763 0.265934 -0.588351
v 0.967763 0.311949 -0.589434
v -1.790781 -0.335086 0.450000
v -1.298644 -0.770245 -0.573800
v 0.017023 0.313800 0.450000
v 0.017023 0.313800 -0.650000
v 1.129387 0.889929 0.356340
v -1.704636 0.885978 0.338607
v -0.078821 0.845000 -0.497963
v -0.080921 -0.845000 -0.497963
v -1.750036 0.315000 0.356500
v 1.044217 0.896000 -0.521657
v 1.043314 0.896000 -0.184590
v 1.043264 0.902350 -0.649518
v 0.512702 -0.852258 0.441960
v -1.247017 -0.800175 0.441960
v 1.050095 0.919257 -0.116283
v 0.017050 -0.269350 -0.105000
v 0.024912 0.269350 -0.105000
v -1.121395 0.854566 0.356900
v -1.123702 0.852258 0.441960
v -1.679887 0.849950 0.356900
v -1.720803 0.838394 0.356900
v -1.725367 0.834923 0.441960
v 1.044719 0.902350 -0.522562
v 1.045970 0.902350 -0.174539
v 0.943228 -0.319850 -0.573800
v 0.624023 -0.671999 -0.548409
v -1.690166 -0.444637 -0.598800
v -1.618374 -0.889719 -0.643739
v 1.318929 -0.937487 0.438100
v 1.202671 -0.402908 -1.389775
v 1.087906 -0.288141 -1.396125
v 1.356920 -0.339824 -1.479709
v 1.357178 -0.373376 -1.508787
v 1.452435 -0.374542 -1.502359
v 1.446137 -0.419464 -1.508478
v 1.254304 0.046540 -1.402475
v 1.277611 -0.006172 -1.402475
v 1.495110 0.628042 -0.669692
v 1.342149 0.626931 -0.568089
v 1.342799 0.627533 -0.669692
v 1.304187 0.628042 -0.568089
v 1.406948 0.715025 -0.585912
v 1.405949 0.867425 -0.585700
v 1.307501 -0.884251 -1.402500
v 1.348392 -0.918014 -1.402500
v 1.503757 -0.820818 -1.386290
v 1.466095 -0.746901 -1.386290
v 1.450875 -0.754914 -1.402475
v 1.422033 -0.769610 -1.402475
v -1.786052 0.891089 0.486331
v -1.770427 0.883775 0.499404
v 1.168298 0.371520 0.493466
v 0.595651 0.446247 0.432167
v 0.583783 0.463074 0.456600
v -1.210503 0.408722 0.456808
v -1.165280 0.435235 0.425992
v 0.598726 -0.470557 0.461485
v 0.604710 -0.464510 0.473600
v -1.194383 -0.396526 0.456600
v -1.210503 -0.408722 0.456808
v -1.165280 -0.435235 0.425992
v 1.517545 0.083852 -1.208197
v 1.679810 -0.520354 -1.273843
v 1.679880 -0.408565 -1.273474
v 0.963953 -0.902350 -0.571293
v -0.826769 0.269350 -0.105000
v -0.609049 0.849329 0.299528
v -0.612211 -0.854847 0.303815
v -1.757955 0.907915 -1.151632
v 0.693963 0.834296 -0.574484
v 0.693963 0.889700 -0.574484
v -0.089637 -0.883931 -0.440450
v 1.145564 -0.288413 -0.484900
v 1.603147 -0.875659 -0.889403
v 1.152530 -0.270328 -0.434100
v 1.189036 -0.269967 -0.434100
v 1.184202 0.875398 0.450000
v 1.165944 0.894787 0.449999
v -1.780885 -0.323147 0.476902
v 1.181488 -0.335352 0.478173
v 1.181512 -0.360926 0.478518
v 1.078314 0.893000 0.326400
v 1.077564 0.892250 0.336400
v -1.710308 -0.362729 0.441960
v -1.733356 -0.381697 0.441960
v 1.346011 0.919431 -0.780143
v -1.745610 0.370277 -0.650000
v 0.993541 0.370277 -0.650000
v 0.917984 -0.902350 0.427380
v 1.230173 -1.042955 0.422020
v 1.201294 -0.418534 -1.389775
v 1.449699 -0.458179 -1.448717
v 1.304001 0.632085 -0.568089
v 1.358529 -0.798168 -1.402500
v -1.796027 -0.815152 -1.215000
v -1.709565 -0.901234 -1.215000
v -1.786998 0.890626 0.449900
v -1.151144 0.440249 0.432196
v -1.151144 -0.440249 0.432196
v 1.617612 -0.813692 -1.272417
v 1.679896 -0.408558 -1.372766
v 1.679822 -0.876013 -1.372670
v 0.008151 -0.361200 -0.642504
v -0.822799 -0.269350 -0.054200
v 0.941718 -0.511616 -0.638800
v 1.366640 -0.101596 -1.011834
v 1.354117 -0.107563 -1.009285
v 1.490612 -0.683122 -1.367550
v 1.554112 -0.683122 -1.364375
v 0.940479 0.327150 -0.574484
v 0.940575 0.447746 -0.574484
v 1.145564 0.310866 -0.588351
v 1.145564 0.264851 -0.589435
v 1.145564 -0.264851 -0.589435
v 1.014013 -0.359070 0.441960
v 1.114879 -0.834923 0.441960
v -1.369354 0.840956 -0.598800
v -1.369354 0.840956 -0.573800
v 1.603952 0.921667 -1.394392
v 1.603616 0.880329 -1.397479
v 1.014013 0.852258 0.441960
v -1.621036 -0.896150 -0.573841
v -1.621036 -0.896150 -0.650000
v 1.120150 0.420899 -1.388584
v 1.351263 -0.396051 -1.388759
v 1.277033 0.069914 -1.326275
v 1.121307 0.151602 -1.328957
v 1.457205 0.627229 -0.669692
v 1.432273 0.715025 -0.626234
v 1.432485 0.867425 -0.625235
v 1.747329 0.033018 -1.369552
v 1.320201 -0.370950 -1.009176
v 1.373058 -0.370950 -1.095978
v -1.780885 0.843297 0.476902
v 1.171112 0.843297 0.476902
v -1.791128 0.335217 0.478850
v -1.791126 0.361079 0.479224
v 0.605494 0.442392 0.473600
v 0.586262 0.429232 0.426260
v -1.155883 0.447651 0.397200
v -1.222736 0.403137 0.461485
v -1.211754 0.410585 0.473600
v 0.586262 -0.429232 0.426260
v 1.618842 -0.763973 -1.273705
v -1.296036 0.845600 0.450000
v 0.693963 -0.834296 -0.599484
v 1.554250 -0.372141 -1.339826
v 1.120150 -0.371801 -1.340166
v -1.777753 -0.891756 0.493562
v 1.129387 0.889929 0.442060
v 0.943228 0.326281 -0.581398
v 0.617813 0.883500 -0.586750
v 1.098765 0.879426 -0.625736
v 1.557941 0.373140 -1.389775
v 1.563507 -0.379991 -1.389775
v 1.559829 0.378470 -1.332625
v 0.945806 0.313800 -0.647605
v 1.041716 0.313800 -0.646835
v 0.941573 -0.370277 -0.577599
v -1.695297 -0.319850 -0.573800
v 0.674391 -0.707720 -0.578356
v 0.674391 -0.845782 -0.578356
v 1.495295 0.632085 -0.568089
v 1.456852 0.631294 -0.568089
v 1.424439 0.537962 -0.568089
v 1.416134 0.911223 -1.326000
v 1.399057 0.877707 -1.326000
v 1.665559 0.029809 -1.360027
v 1.598414 0.923503 -1.397428
v 0.600028 -0.434999 0.432774
v -1.210628 -0.424602 0.432774
v 1.652440 -0.527942 -1.283471
v 1.634933 -0.527942 -1.289976
v 0.967763 -0.264851 -0.634366
v 0.628737 0.572079 0.446030
v 0.426935 0.370277 0.446030
v 0.673187 0.845600 0.356340
v 0.673187 -0.844482 0.356340
v -1.752194 -0.724565 0.356900
v -1.622195 -0.854565 0.356900
v -1.624502 -0.852258 0.441960
v -1.220003 -0.838395 0.356900
v 1.141706 -0.486763 0.356900
v 1.144013 -0.489070 0.441960
v -1.298644 0.770246 -0.598800
v -1.733356 0.381697 0.356900
v -1.711066 0.361793 0.356900
v 1.141706 0.724565 0.356900
v 1.144013 0.722258 0.441960
v 0.640394 0.724566 0.356900
v 0.642702 0.722258 0.441960
v 0.510394 0.854566 0.356900
v 0.512702 0.852258 0.441960
v 0.941573 0.370277 -0.577599
v 0.993541 0.370277 -0.573800
v 1.043969 0.319850 -0.650000
v -1.235848 -0.773694 -0.574409
v 1.451632 -0.371515 -1.476082
v 1.069503 0.420559 -1.389750
v 1.135333 -0.151097 -1.400469
v 1.137368 -0.149942 -1.326813
v 1.341452 -0.764652 -1.326000
v 1.503757 -0.820818 -1.342185
v -1.790376 0.855535 0.478607
v 1.601581 0.874758 -1.394207
v 0.540096 0.408722 0.456808
v -1.144907 0.437831 0.456808
v 0.542284 -0.418319 0.432600
v 0.605494 -0.442392 0.473600
v 0.585377 -0.424345 0.412600
v -1.131468 -0.438306 0.461485
v 1.664676 -0.762892 -1.296713
v 1.664676 -0.756542 -1.298922
v 1.679880 -0.875920 -1.273473
v -0.655536 -0.851641 -0.542413
v 1.725546 -0.179590 -1.369552
v 1.655929 0.181193 -1.369552
v 1.655465 0.180726 -1.360027
v 0.685727 0.701386 -0.574484
v 0.630506 0.701500 -0.574484
v 1.403481 0.870600 -0.570872
v 1.401862 0.922266 -0.576147
v 1.555310 -0.880401 -1.397428
v 1.086561 -0.923536 -0.092566
v 1.152891 -0.269967 -0.637300
v 1.189396 -0.270327 -0.637300
v 1.503755 -0.374722 -1.338103
v 1.119529 -0.372573 -0.670059
v -1.791126 -0.361079 0.479224
v -1.739886 0.845479 0.446030
v -0.655689 0.889013 0.348300
v 0.953812 0.902350 -0.495617
v 0.895537 0.902350 -0.555111
v -1.235848 -0.739694 -0.548409
v -1.686090 -0.454702 -0.648800
v -1.796037 -0.721150 -0.650000
v -1.796037 -0.721150 -0.573841
v 1.357562 -0.394504 -1.382721
v 1.446137 -0.397598 -1.382721
v 1.307773 0.026485 -1.402475
v 1.438128 0.708675 -0.583883
v 1.424850 0.715025 -0.574891
v 1.779108 0.297358 -1.360027
v 1.615058 0.354249 -1.360027
v 1.130000 -0.923234 -1.151632
v 1.130000 -0.901234 -1.151632
v 0.598217 0.416360 0.432196
v 0.542284 0.418319 0.432600
v 0.538846 -0.410585 0.473600
v 1.664676 -0.527942 -1.296713
v -0.146519 -0.890467 -0.573841
v 1.145564 0.306473 -0.630333
v 1.119873 -0.879313 -0.591958
v 1.182250 -0.887970 0.449901
v 1.170818 -0.893273 0.489593
v -1.740143 -0.470167 -0.573800
v 0.636313 -0.266950 0.345225
v -1.772280 0.818421 0.338607
v 0.930467 0.847508 0.336400
v 0.630380 0.694661 -0.642248
v 0.897492 0.902350 -0.570825
v 0.893219 0.896000 -0.561065
v 1.014013 -0.852258 0.441960
v 0.635642 -0.799716 0.356900
v 1.014013 0.359070 0.441960
v -1.286215 0.845782 -0.642540
v 1.071905 -0.289731 -1.396125
v 1.352647 -0.362219 -1.396497
v 1.357267 -0.339450 -1.416619
v 1.068652 -0.321576 -0.576228
v 1.121065 -0.151595 -1.328916
v 1.439017 0.894262 -1.402500
v 1.460961 0.844909 -1.402483
v 1.399057 -0.877707 -1.326000
v 1.776435 0.299491 -1.369514
v 1.168152 0.892047 0.493571
v -1.790781 0.335086 0.450000
v 1.603147 0.875659 -0.889403
v 0.535999 0.445995 0.473600
v 0.529556 0.400593 0.473600
v 0.606006 0.423343 0.456083
v 0.555386 0.438369 0.412600
v -1.205611 0.447204 0.432167
v -1.214602 0.445994 0.473600
v -1.195276 0.436791 0.425992
v 0.520913 -0.429800 0.461200
v 0.520749 -0.437746 0.473600
v 0.606006 -0.423343 0.456083
v 0.554585 -0.433454 0.426142
v -1.229687 -0.429800 0.461200
v -1.222736 -0.403137 0.461485
v -1.229851 -0.437744 0.473600
v 1.438844 0.581522 -1.364375
v 1.554112 0.581522 -1.367550
v 1.517545 -0.083632 -1.284397
v 1.515240 -0.084469 -1.208197
v 1.648257 -0.762892 -1.282503
v 1.650466 -0.756542 -1.282503
v 1.650466 -0.521592 -1.282503
v 1.620123 -0.762878 -1.329197
v 1.627312 -0.521592 -1.323217
v -0.742693 -0.361200 -0.555922
v -1.296036 -0.844482 0.348400
v -1.289687 0.845600 0.442060
v -0.643960 0.896147 0.345084
v -0.612210 0.896778 0.339637
v 1.145564 0.288413 -0.484900
v 1.043963 0.288413 -0.586500
v -0.971357 0.370277 0.442137
v 0.731831 -0.725993 -0.648800
v 1.367118 -0.919317 -0.746365
v 1.119937 -0.919378 -0.591855
v 1.185537 0.839950 0.450000
v -1.790376 -0.855535 0.478607
v 1.168298 -0.371520 0.493466
v -1.776442 0.894437 0.348400
v -1.739886 -0.839950 0.348400
v -1.739886 -0.839724 0.450000
v 1.171402 -0.855770 0.475000
v -0.725479 0.894976 0.348300
v -0.724792 0.896384 -0.573841
v -0.359536 0.896778 0.339637
v -0.359537 -0.896652 0.338236
v 0.617813 0.845650 -0.636750
v 0.624022 0.889918 -0.643681
v -1.618374 0.889719 -0.643739
v 1.329404 -0.944833 0.430060
v 1.218333 0.058026 -1.402475
v 1.218484 0.058707 -1.326275
v 1.187413 0.082890 -1.402475
v 1.219224 0.088974 -1.402475
v 1.352075 -0.364798 -1.468077
v 1.352069 -0.391209 -1.486006
v 1.456852 0.631294 -0.669692
v 1.324623 0.903267 -1.326000
v -1.818027 -0.815152 -1.215000
v 1.182250 0.887970 0.449901
v 0.540363 0.436825 0.432488
v -1.138139 0.403612 0.473600
v -1.229851 0.437744 0.473600
v 0.595011 -0.412396 0.432167
v 0.540363 -0.436825 0.432488
v -1.205611 -0.447204 0.432167
v -1.138139 -0.403611 0.473600
v -1.144984 -0.421356 0.473600
v 1.439954 -0.029932 -1.284397
v 1.608449 -0.813692 -1.262026
v 1.607220 -0.813692 -1.395880
v -1.745237 0.839978 0.353694
v -1.745237 -0.839950 0.351047
v -1.739886 0.839950 0.348400
v 1.129387 0.839724 0.450000
v 0.120644 0.269349 -0.650121
v -0.076637 0.320150 0.450000
v -0.076637 0.320150 -0.650000
v 0.966569 0.902350 -0.505061
v 1.141706 -0.724566 0.356900
v -0.810692 0.361200 -0.555922
v 1.614437 0.381015 -1.332625
v 1.144013 0.489070 0.441960
v -1.600152 0.845723 -0.647913
v 0.630380 -0.671999 -0.556303
v 0.674450 0.845723 -0.577619
v -1.789606 0.718486 -0.581398
v -1.745610 -0.370277 -0.650000
v -1.745610 -0.700260 -0.646009
v -1.693642 -0.370277 -0.577599
v 1.191886 -0.902350 0.422020
v 1.069503 0.372141 -0.573800
v 1.352065 -0.359742 -1.448675
v 1.068652 -0.470123 -0.575227
v 1.366626 0.715025 -0.611237
v 1.366414 0.867425 -0.612236
v -1.780536 0.373194 0.489488
v 0.534384 -0.438243 0.473600
v -1.203900 -0.450805 0.397200
v -1.221356 -0.458527 0.461485
v -1.754833 0.855300 0.475000
v -1.754833 -0.855769 0.475000
v 1.554112 -0.581522 -1.367550
v 0.930467 -0.847508 0.336400
v -1.750036 -0.275000 0.356500
v -0.089637 -0.788250 -0.536267
v -0.139637 -0.788250 -0.542386
v 1.560355 -0.923475 -1.397423
v 1.554250 -0.420559 -1.388924
v 1.120150 -0.420899 -1.388584
v -1.780885 -0.373153 0.476902
v 1.171112 -0.373153 0.476902
v -1.780536 -0.373194 0.489488
v 1.134737 0.320452 0.450000
v 0.628737 -0.844482 0.446030
v -1.796037 0.721150 -0.573841
v -1.796036 0.319850 -0.573841
v 0.595216 0.401826 0.473600
v 1.570335 -0.065061 -1.208197
v 1.617612 -0.470792 -1.374017
v 1.635397 -0.756542 -1.293310
v 1.063557 -0.902350 -0.174043
v 1.045970 -0.902350 -0.174539
v -1.718357 -0.872260 -0.650000
v -0.810692 -0.361200 -0.555922
v -0.810692 -0.361200 -0.641758
v 0.617813 -0.845650 -0.636750
v 0.693963 -0.889701 -0.574484
v 0.967763 -0.265934 -0.588351
v 0.967763 -0.310867 -0.635449
v 1.129387 0.839950 0.348400
v 0.899086 0.269360 0.450640
v 0.128335 0.269349 -0.650121
v 0.637467 0.893692 0.336400
v 0.724760 0.733064 -0.638800
v 0.731832 0.725993 -0.648800
v -1.229618 0.845650 -0.586750
v -1.229618 0.813650 -0.600750
v 1.555310 0.880401 -1.397428
v -1.758391 0.816743 -0.650000
v 0.630380 -0.889793 -0.642359
v 0.630380 -0.681709 -0.642122
v -1.789606 -0.718486 -0.581398
v 1.195168 0.085432 -1.326275
v 1.392950 0.867425 -0.651771
v 1.503757 0.820818 -1.342185
v 1.779223 -0.297207 -1.369552
v 1.776514 -0.299396 -1.360027
v 0.557881 -0.440724 0.412600
v -1.194383 -0.463074 0.456600
v 1.554112 0.581522 -1.361200
v 1.578271 -0.074930 -1.208197
v 1.521615 -0.083119 -1.284397
v 1.521520 -0.083648 -1.208197
v 1.690274 -0.813692 -1.397108
v 1.691503 -0.813692 -1.263256
v 1.678703 -0.521613 -1.329375
v 1.638476 -0.756542 -1.307657
v 1.216853 -0.896000 -0.718382
v 0.973353 -0.888435 0.326406
v 0.974040 -0.889843 -0.573841
v 1.043066 -0.894353 0.326406
v -0.649414 -0.894916 0.348300
v -0.648728 -0.896324 -0.573841
v -0.725169 0.269350 -0.105000
v -0.733030 -0.269350 -0.105000
v 1.316442 -0.997000 0.426040
v 0.967763 0.269967 -0.593827
v 0.967763 0.306473 -0.593467
v 0.967763 -0.269967 -0.593827
v 0.967763 -0.306473 -0.593467
v 1.120150 -0.420559 -1.339826
v 1.129387 -0.896279 0.348400
v -1.790781 -0.361214 0.450000
v -0.722304 0.844549 0.348300
v 1.119873 0.879313 -0.591958
v 0.993541 -0.370277 -0.579509
v 1.043969 -0.896150 -0.573841
v 1.141086 -0.851550 0.336400
v 0.934321 0.490487 -1.389775
v 1.067679 0.389298 -1.389775
v 1.113564 0.422092 -1.389775
v 1.222984 -0.056849 -1.402475
v 1.142035 -0.065705 -1.326275
v 1.299420 -0.868391 -1.326000
v 1.358609 -0.881686 -1.326000
v -1.789754 0.855275 0.449903
v 0.571950 0.467410 0.473600
v 0.539083 0.449361 0.456808
v -1.186431 0.465936 0.473600
v -0.080557 -0.844610 0.348294
v -0.612211 -0.896652 0.338236
v -0.605887 -0.896147 0.332500
v 1.574303 0.078176 -1.208197
v 1.521433 0.095945 -1.208197
v 1.346011 -0.919431 -0.780143
v 1.171112 -0.843297 0.476902
v 1.129387 -0.896279 0.450000
v 0.042113 -0.319477 -0.650121
v 0.555402 -0.319487 0.450650
v -0.826838 0.320150 -0.650000
v -0.826838 0.320150 0.450000
v 1.134737 0.320452 0.348400
v -0.651792 0.845957 -0.573847
v 1.040688 0.845394 -0.573847
v 1.040002 0.843986 0.326400
v -1.685428 0.833345 0.338606
v -1.683931 0.834842 -0.650000
v 0.673187 0.845600 0.442060
v -0.359537 -0.854847 0.303815
v -0.327787 -0.848680 0.299527
v -0.365861 -0.845597 0.297383
v -0.365860 0.896147 0.348300
v -0.365861 -0.896147 0.332500
v 1.185140 -0.342490 0.336400
v 1.184449 -0.340618 0.348300
v -0.152871 -0.845000 -0.548389
v -0.083081 -0.845000 -0.542426
v -0.083081 0.845000 -0.542426
v 1.614437 0.381015 -1.396125
v 1.563643 0.379717 -1.389775
v 0.963954 0.902350 -0.571293
v 0.964256 0.896000 -0.499701
v 1.077745 0.896000 -0.635636
v 1.063557 0.902350 -0.174043
v 1.058228 0.896000 -0.170755
v 1.119376 0.902350 -0.252894
v 1.177897 0.902350 -0.214119
v 1.255213 0.896000 -0.658158
v -1.740143 0.470167 -0.573800
v -1.789636 0.470320 -0.573800
v 0.980333 0.883300 -0.523145
v 0.966270 0.896000 -0.402246
v 1.118122 0.896000 -0.252628
v 0.967071 0.896000 0.010687
v 1.397131 0.870600 -0.665910
v 1.441486 0.873775 -0.637053
v 0.016972 0.269350 -0.098650
v -0.072718 0.269350 -0.054200
v -0.072718 -0.269350 -0.054200
v -1.733356 0.381697 0.441960
v 0.674391 0.845782 -0.642788
v 0.970274 0.902350 0.021094
v 0.966592 0.902350 -0.401421
v 0.943228 -0.326281 -0.581398
v 0.909928 -0.326281 -0.555922
v -1.695297 -0.326281 -0.581398
v -1.352254 -0.785546 -0.598800
v 0.630380 0.671999 -0.556303
v -1.242205 -0.773694 -0.582303
v -1.242205 -0.845782 -0.582303
v 0.624023 0.896150 -0.650000
v -1.789606 0.718486 -0.642019
v 1.037538 0.326281 -0.581398
v 1.037538 0.889719 -0.581398
v 0.624023 0.172250 -0.650000
v 0.993541 -0.845723 -0.581398
v 0.993541 -0.845723 -0.573841
v 1.043969 -0.896150 -0.650000
v 1.037538 -0.326281 -0.581398
v 1.037538 -0.889719 -0.581398
v 0.993541 -0.370277 -0.642019
v 0.993541 -0.845723 -0.642019
v 1.223850 -1.031943 0.438100
v 1.222675 -1.032665 0.430060
v 1.328761 -0.946005 0.422020
v 1.231386 -1.042211 0.430060
v 1.191886 -0.622097 0.328460
v 1.165954 0.014506 -1.326275
v 1.181919 0.041753 -1.326275
v 1.219224 -0.088974 -1.402475
v 1.446521 -0.340790 -1.414156
v 1.451629 -0.400893 -1.486006
v 1.451624 -0.427304 -1.468077
v 1.451634 -0.432360 -1.448675
v 1.554250 0.372141 -1.339826
v 1.120150 0.371801 -1.340166
v 1.139288 -0.066760 -1.402475
v 1.473339 0.691038 -0.568089
v 1.414153 0.684563 -0.568089
v 1.337635 0.863771 -1.402500
v 1.373168 0.884471 -1.402500
v 1.358610 0.881685 -1.326000
v 1.399537 0.878099 -1.402500
v 1.387348 0.793236 -1.402502
v 1.341452 0.764652 -1.326000
v 1.352847 -0.799246 -1.402500
v 1.332839 -0.829510 -1.402500
v 1.395481 -0.879500 -1.402500
v 1.354977 -0.800007 -1.326000
v 1.419986 -0.857290 -1.326000
v 1.392208 -0.757288 -1.402502
v 1.757979 0.311084 -1.371996
v 1.652537 -0.271717 -1.360027
v 1.657851 0.282019 -1.359999
v 1.614437 -0.355585 -1.360027
v 1.690604 -0.036457 -1.360027
v -1.709565 0.923234 -1.151632
v 1.130000 0.923234 -1.151632
v -1.761787 -0.907222 -1.215000
v -1.801959 -0.867192 -1.215000
v -1.751195 -0.888481 -1.151632
v -1.783218 -0.856599 -1.151632
v 1.133055 -0.118341 -0.425400
v 1.324315 -0.370950 -1.006801
v 1.170763 0.323106 0.489487
v 0.577946 -0.479051 0.473600
v -1.161815 -0.384450 0.473600
v -1.192107 -0.478343 0.473600
v -1.140156 -0.459007 0.473600
v -1.161815 -0.475150 0.473600
v 1.455528 -0.370919 -1.269741
v 1.456250 0.370381 -1.270463
v 1.521433 -0.095725 -1.284397
v 1.607220 -0.470792 -1.263255
v 1.658294 -0.756542 -1.279396
v 1.667782 -0.756542 -1.306750
v 1.645259 -0.527942 -1.278688
v 1.634847 -0.521592 -1.284699
v 1.645257 -0.521592 -1.316946
v 0.903439 -0.896000 -0.573160
v 1.044217 -0.896000 -0.521657
v 1.044719 -0.902350 -0.522562
v 1.077745 -0.896000 -0.635636
v 1.043672 -0.902350 -0.001947
v 1.040471 -0.902350 0.020510
v 0.893219 -0.896000 -0.561065
v -1.289687 -0.844482 0.356340
v -0.605887 0.896147 0.332500
v -1.779399 0.857704 -1.215000
v -1.779402 0.857703 -1.151632
v 1.303258 0.099562 -1.009285
v 1.290735 0.093596 -1.011834
v 0.685727 0.701386 -0.599484
v 0.630506 0.701500 -0.599484
v 0.980510 -0.889667 -0.523145
v 0.980333 -0.883300 -0.523145
v 1.030333 -0.845450 -0.567595
v 1.030333 -0.889619 -0.523145
v 1.030333 -0.883300 -0.567595
v 0.980333 -0.883300 -0.567595
v 0.980333 -0.845450 -0.567595
v 0.573363 -0.889867 -0.636573
v 0.617813 -0.813650 -0.600750
v 0.573363 -0.889818 -0.586750
v 0.617813 -0.883500 -0.586750
v -1.229618 -0.813650 -0.600750
v -1.229618 -0.845650 -0.636750
v -1.229618 -0.883500 -0.636750
v -0.139637 -0.883931 -0.536267
v 0.983359 -0.545176 -0.599484
v 1.147415 0.310866 -0.434100
v 1.446809 0.867425 -0.633590
v 1.357351 0.873775 -0.600884
v 1.096528 -0.922814 -0.629317
v 1.121758 -0.923536 -0.588941
v 1.172879 -0.879491 -0.231465
v 1.083580 -0.879313 -0.094505
v 1.083682 -0.919378 -0.094438
v 1.603561 -0.875781 -0.887653
v 1.193430 -0.264851 -0.637300
v 1.194513 -0.310867 -0.637300
v 1.152891 -0.306833 -0.434100
v 1.150354 -0.264449 -0.637300
v 0.967763 -0.311949 -0.589434
v 1.145564 -0.306473 -0.630333
v 1.145564 -0.306833 -0.593827
v 1.145564 -0.269967 -0.629973
v 1.554250 -0.371801 -1.388584
v 1.301281 -0.421736 -1.387868
v 1.554085 -0.916589 -1.388628
v -1.793777 0.877768 0.348400
v 1.185537 -0.839950 0.348400
v 1.185537 0.839978 0.348400
v -1.776442 -0.894437 0.348400
v -1.793777 -0.877767 0.348400
v -1.789636 -0.470319 -0.598800
v 0.967763 0.310867 -0.635449
v 0.035373 0.269349 -0.650121
v 1.129387 0.845479 0.353693
v 0.909928 0.319850 -0.548323
v 0.903439 0.896000 -0.573160
v -0.661837 0.883931 -0.536267
v -0.711837 0.883931 -0.536267
v -1.692131 0.376758 -0.598800
v 0.936893 0.520932 -0.648800
v 1.099820 0.367229 0.441960
v -1.745610 0.370277 -0.581398
v -1.745610 -0.370277 -0.581398
v 0.624015 -0.845454 -0.646891
v -1.600152 -0.845723 -0.647913
v 1.191886 -0.902350 0.328460
v 1.071905 0.289731 -1.396125
v 1.254304 -0.046541 -1.326275
v 1.276197 -0.017004 -1.326275
v 1.223593 -0.057500 -1.326275
v 1.356580 0.421791 -1.387550
v 1.554160 0.810878 -1.388774
v 1.375734 0.682594 -0.669692
v 1.422955 0.577497 -0.669692
v 1.420441 0.576456 -0.568089
v 1.334837 0.854899 -1.326000
v 1.332839 0.829510 -1.402500
v 1.416134 0.911223 -1.402500
v 1.488329 0.828422 -1.326000
v 1.384289 -0.794150 -1.326000
v 1.762687 0.306168 -1.361935
v 1.130000 0.901234 -1.151632
v 1.130000 0.901234 -1.215000
v 1.196396 0.110341 -0.438029
v 1.196396 -0.118341 -0.438029
v 1.208953 -0.119135 -0.463737
v -1.770303 0.363492 0.499279
v -1.188546 -0.380549 0.473600
v 1.559916 0.071627 -1.208197
v 1.521615 0.083339 -1.208197
v 1.598809 0.018418 -1.208197
v 1.584873 0.049055 -1.208197
v 1.439954 0.030151 -1.208197
v 1.681112 -0.445392 -1.374017
v 1.681112 -0.470792 -1.374017
v 1.690274 -0.470792 -1.262026
v 1.691503 -0.445392 -1.263256
v 1.681112 -0.839092 -1.374017
v 1.617612 -0.839092 -1.374017
v 1.652440 -0.756542 -1.312164
v 0.966270 -0.896000 -0.402246
v 0.967071 -0.896000 0.010687
v -0.968136 0.269050 -0.650121
v -1.481425 0.269060 0.450650
v -1.789687 -0.839950 0.442060
v 1.135333 0.151097 -1.400469
v 1.290746 0.110341 -0.949676
v 1.742865 -0.255674 -1.369552
v 1.742689 0.256681 -1.360027
v 1.726116 0.180367 -1.360027
v -0.711837 -0.883931 -0.536267
v -0.661837 -0.788250 -0.536267
v 0.994333 -0.813450 -0.570670
v 0.940575 -0.447746 -0.574484
v 0.940479 -0.327150 -0.574484
v 1.193430 0.311950 -0.434100
v 1.147415 -0.310867 -0.434100
v 1.193430 -0.311950 -0.434100
v 1.189035 -0.306833 -0.637300
v 1.194513 -0.265933 -0.434100
v 1.145564 -0.272525 -0.637300
v 1.145564 -0.304275 -0.637300
v 1.145564 -0.310866 -0.588351
v -1.739886 -0.845479 0.351047
v 1.615441 -0.358597 -1.333026
v 1.181008 -0.361214 0.450000
v 1.145564 0.304275 -0.637300
v 1.129387 0.896279 0.450000
v 0.806124 0.319787 0.450640
v 0.035373 0.319776 -0.650121
v -1.659472 0.862566 0.338606
v -1.659471 0.865829 0.348300
v 0.967001 0.894413 0.326406
v 0.967688 0.895820 -0.573841
v 0.679537 -0.844482 0.348400
v -1.750036 0.275000 0.442060
v -1.750036 0.275000 0.356500
v -1.665308 0.370277 -0.553389
v 0.674391 -0.845782 -0.650000
v 1.555346 -0.873775 -1.387819
v 1.556068 0.873775 -1.388541
v 0.948478 0.896000 -0.497987
v 1.043801 0.896000 0.001631
v -1.679887 -0.849950 0.356900
v -1.747442 -0.407112 0.356900
v -1.733356 -0.381697 0.356900
v 0.636017 -0.800175 0.441960
v 0.613567 -0.834923 0.441960
v 1.099820 -0.367229 0.441960
v 0.941718 0.511616 -0.638800
v 0.946208 0.516106 -0.638800
v 1.030333 0.889618 -0.523145
v 0.994333 0.813450 -0.570670
v 0.980333 0.845450 -0.567595
v 0.980333 0.883300 -0.567595
v 0.573363 0.889818 -0.586750
v 0.623963 0.813650 -0.600750
v -1.185168 0.883500 -0.636750
v -1.185168 0.889818 -0.586750
v -0.139637 0.890249 -0.440450
v 1.603561 0.922958 -0.887653
v 1.122024 0.875429 -0.588515
v -1.747442 0.799716 0.356900
v -1.242205 0.773694 -0.582303
v 0.624023 -0.896150 -0.574409
v -1.242205 -0.739694 -0.556303
v -1.286215 -0.737974 -0.552356
v 1.043969 0.896150 -0.573841
v -0.376034 0.319850 -0.650000
v -1.600152 -0.845723 -0.573841
v 1.166747 0.017287 -1.402475
v 1.155984 -0.062026 -1.326275
v 1.205228 -0.409038 -1.396125
v 0.933847 0.490647 -1.396125
v 1.067471 0.389188 -1.396125
v 0.963782 0.526761 -1.389775
v 1.446779 -0.452278 -1.479709
v 1.068652 0.322577 -0.648574
v 1.043963 -0.471124 -0.576228
v 1.376004 0.681982 -0.568089
v 1.342444 0.631294 -0.669692
v 1.384796 0.535122 -0.568089
v 1.456417 0.707169 -0.669692
v 1.460601 0.843367 -1.326000
v 1.395287 -0.880171 -1.326000
v 1.399537 -0.878100 -1.402500
v 1.358494 -0.797548 -1.326000
v 1.615441 0.358597 -1.396526
v 1.726431 0.179997 -1.369552
v 1.703250 -0.024521 -1.369552
v 1.130000 -0.923234 -1.215000
v 1.133044 0.093597 -0.487559
v 1.320201 0.370950 -1.009176
v 1.160535 0.852962 0.499404
v -1.780885 0.323147 0.476902
v -1.777920 0.324227 0.493210
v -1.790781 0.361214 0.450000
v 1.181008 0.361214 0.450000
v 0.612461 -0.403611 0.473600
v 0.524650 -0.411015 0.473600
v -1.201603 -0.406498 0.397200
v 1.578271 0.075150 -1.284397
v 1.521520 0.083868 -1.284397
v 1.570335 0.065280 -1.284397
v 1.604845 -0.039427 -1.284397
v 1.443074 0.059363 -1.208197
v 1.437818 0.026897 -1.284397
v 1.607220 -0.839092 -1.263255
v 1.628942 -0.762892 -1.296343
v 1.658294 -0.521592 -1.279396
v 0.966592 -0.902350 -0.401421
v 0.753595 -0.902350 -0.636670
v 0.967688 -0.895821 -0.573841
v 1.036792 -0.888450 0.326406
v 1.037478 -0.889858 -0.573841
v -0.655689 -0.889013 0.348300
v -0.655002 -0.890421 -0.573841
v -0.818898 -0.313800 0.450000
v -0.068697 -0.313800 -0.650000
v -0.068697 -0.313800 0.450000
v -0.076637 -0.320150 0.450000
v -0.649184 -0.851641 -0.548390
v -0.059849 -0.361200 -0.642504
v -0.059849 -0.361200 -0.555922
v -0.729139 0.269350 -0.054200
v -0.729139 -0.269350 -0.054200
v -1.789687 0.839978 0.356340
v -1.789687 -0.839950 0.356340
v -1.745237 -0.326802 0.356340
v -0.605887 -0.845597 0.297383
v -0.643960 -0.896147 0.345084
v 1.491923 -0.091750 -1.208197
v 1.458667 -0.074736 -1.208197
v 0.946208 -0.516106 -0.638800
v 0.936892 -0.520932 -0.648800
v 1.303287 0.110341 -0.962305
v 1.354087 0.110341 -0.962305
v 1.366629 0.110341 -0.949676
v 1.366641 0.094515 -1.011211
v 0.945806 -0.313800 -0.647605
v 1.655248 -0.278531 -1.369552
v 1.669253 0.283795 -1.369552
v 0.940575 0.447746 -0.599484
v 0.940479 0.327150 -0.599484
v -1.676347 -0.885978 0.338606
v 0.967763 0.306833 -0.629973
v 1.194513 0.310867 -0.637300
v 1.145564 -0.270327 -0.593467
v 1.069503 -0.372141 -0.573800
v 1.554085 -0.916589 -1.340122
v 1.129387 0.896279 0.348400
v -1.739886 0.896279 0.348400
v 1.756975 -0.308072 -1.357557
v 1.758983 -0.314096 -1.357557
v 1.160654 -0.883775 0.499404
v -1.770308 -0.852962 0.499404
v 1.160529 -0.332808 0.499279
v -1.796036 0.839978 0.450000
v -1.796036 -0.839950 0.450000
v 0.126041 -0.319418 -0.650121
v 0.931621 0.891385 0.326400
v 0.624023 0.671999 -0.548409
v 1.137328 -0.800175 0.441960
v -0.661837 0.883931 -0.440450
v -1.692131 0.376758 -0.573800
v -1.298644 0.770246 -0.573800
v -1.359323 0.778475 -0.648800
v -1.686090 0.454702 -0.648800
v 0.724760 0.733064 -0.598800
v 1.046650 0.922814 -0.118524
v 1.050190 0.879426 -0.116221
v -0.068748 0.269350 -0.098650
v 0.636017 0.800175 0.441960
v 1.137328 0.411153 0.441960
v -1.618374 0.889719 -0.581398
v -1.796036 0.319850 -0.650000
v -1.745610 0.370277 -0.642019
v 1.037538 0.889719 -0.642019
v -1.621036 0.896150 -0.573841
v 0.993541 -0.370277 -0.650000
v 1.112719 0.422364 -1.396125
v 1.195151 0.421061 -1.396125
v 1.352059 -0.404269 -1.410188
v 1.352075 -0.428479 -1.429559
v 1.119529 0.372572 -0.670059
v 1.384289 0.794150 -1.326000
v 1.334215 0.820308 -1.326000
v 1.341340 -0.762660 -1.402500
v 1.615441 0.358597 -1.333026
v 1.796147 -0.266004 -1.369552
v -1.709565 0.901234 -1.215000
v 1.130000 0.923234 -1.215000
v -1.709565 -0.923234 -1.151632
v 0.520749 0.437746 0.473600
v -1.152626 0.455016 0.473600
v 1.598284 0.023266 -1.284397
v 1.604845 0.039646 -1.208197
v 1.613398 0.001854 -1.208197
v 1.584873 -0.048835 -1.284397
v 1.443074 -0.059144 -1.284397
v 1.690274 -0.445392 -1.397108
v 1.617612 -0.445392 -1.272417
v 1.670779 -0.762892 -1.323217
v 1.043244 -0.896000 -0.649427
v 0.763641 -0.902350 -0.649184
v -1.740981 -0.319728 0.450640
v -0.970231 -0.319717 -0.650121
v -1.733321 -0.313824 0.450640
v -1.745237 -0.839950 0.446030
v -1.751195 -0.888481 -1.215000
v 1.040521 -0.313800 -0.576195
v -0.089637 -0.788250 -0.542417
v 1.396975 0.922266 -0.661790
v -1.794701 0.875398 0.450000
v -1.776443 -0.894787 0.450000
v -1.794701 -0.875398 0.450000
v -1.692212 -0.327150 -0.573800
v -1.796036 -0.840000 0.348400
v 0.639425 -0.269060 0.450650
v -0.733178 0.313800 0.450000
v -0.733178 0.313800 -0.650000
v 1.171402 -0.855770 0.450000
v 0.636313 -0.512000 0.336400
v 0.636313 -0.512000 0.348300
v 0.674391 0.707720 -0.578356
v 0.674391 0.668558 -0.551040
v 0.753595 0.902350 -0.636670
v 1.043672 0.902350 -0.001947
v 1.554112 0.899188 -0.992885
v 1.559829 -0.378440 -1.396125
v 1.560446 0.378755 -1.396125
v -1.286215 0.739694 -0.556303
v -1.665308 -0.370277 -0.553389
v -1.286215 0.739694 -0.548409
v 1.556068 -0.873775 -1.340209
v 1.555346 0.873775 -1.340931
v 0.630454 0.889719 -0.581398
v -1.745610 0.700260 -0.577619
v -1.745610 0.370277 -0.573841
v 0.624023 -0.896150 -0.573841
v 0.630454 -0.889719 -0.581398
v -0.376034 -0.319850 -0.650000
v 1.043969 -0.319850 -0.650000
v -1.745610 -0.370277 -0.642019
v 1.354000 -0.333923 -1.448717
v 1.166132 -0.015959 -1.402475
v 1.068652 0.321576 -0.576228
v 1.304446 -0.032389 -1.402475
v 1.243615 -0.052712 -1.402475
v 1.307810 0.657946 -0.568089
v 1.339108 0.555322 -0.568089
v 1.350063 0.599321 -0.669692
v 1.310729 0.593645 -0.568089
v 1.336570 0.766010 -1.402500
v 1.302938 0.801253 -1.402500
v 1.358494 0.797548 -1.326000
v 1.450875 0.754914 -1.326000
v 1.439017 -0.894262 -1.402500
v 1.414966 -0.814072 -1.402500
v -1.709565 0.923234 -1.215000
v 1.305243 -0.370650 -0.960394
v 1.304521 0.370650 -0.961116
v 0.553995 0.403849 0.397200
v 0.586005 -0.455751 0.397200
v -1.152124 -0.470724 0.460492
v 1.606231 0.036445 -1.284397
v 1.471448 0.083496 -1.208197
v 1.041563 -0.320150 -0.577237
v -1.731038 -0.786159 -0.589938
v -1.731038 -0.786159 -0.650000
v 0.983359 -0.545176 -0.574484
v 1.145564 0.264449 -0.632510
v 1.555931 -0.875321 -0.916056
v 0.967763 -0.270327 -0.630333
v 1.503728 -0.417973 -1.338110
v 1.119529 -0.420127 -0.670059
v 1.560574 -0.374369 -1.338250
v -1.777920 -0.324227 0.493210
v 1.145564 0.272525 -0.637300
v 0.813876 0.269360 0.450640
v 0.049120 -0.269050 -0.650121
v 0.562409 -0.269059 0.450650
v 0.679537 0.845600 0.450000
v 0.679537 -0.844482 0.450000
v 0.763641 0.902350 -0.649184
v -0.089814 0.890298 -0.440450
v -1.686160 0.831037 -0.650000
v 0.674450 0.845723 -0.646010
v 1.068652 -0.471124 -0.647573
v 1.266849 -0.033996 -1.402475
v 1.142302 0.064932 -1.326275
v 1.466457 -0.064892 -1.208197
v -0.071343 -0.269350 -0.650000
v -0.073990 -0.269350 0.450000
v -1.481330 0.319427 0.450650
v -0.733109 -0.269350 -0.098650
v -1.245237 0.845600 0.446030
v -1.745237 -0.326802 0.442060
v 1.134737 -0.326802 0.442060
v 1.303287 -0.118341 -0.988078
v 1.290734 -0.102515 -1.011211
v 1.041716 -0.313800 -0.646835
v 0.933929 -0.893692 0.336400
v 1.145564 -0.312699 -0.632600
v 1.185537 -0.839950 0.450000
v -0.818898 0.313800 0.450000
v 1.179187 0.839978 0.356340
v -0.327787 -0.896147 0.345084
v -0.068827 -0.269350 -0.105000
v -1.661997 0.326281 -0.555922
v -1.246642 -0.799716 0.356900
v 1.047035 0.875662 -0.118273
v -1.224566 0.834924 0.441960
v 1.602956 -0.873775 -1.388541
v 1.603678 0.873775 -1.387819
v 0.938463 -0.516583 -1.396125
v 0.938463 0.516583 -1.396125
v 1.422664 -0.849048 -1.402501
v -1.818027 -0.815152 -1.151632
v 1.208937 0.110341 -0.425400
v 1.196396 0.110341 -0.463802
v 1.145596 0.110341 -0.438029
v 1.352853 0.370650 -1.008004
v 1.503860 -0.370919 -1.222853
v 1.503138 0.370381 -1.222131
v 1.043263 -0.902350 -0.649518
v 1.283500 -1.029942 0.426040
v 1.078314 -0.893000 0.326400
v 0.983359 0.545176 -0.599484
v 0.623933 -0.813650 -0.622750
v 0.967763 0.270327 -0.630333
v 1.152891 0.306833 -0.434100
v 1.152530 0.270328 -0.434100
v 1.509973 -0.923122 -0.829302
v -1.770303 -0.363492 0.499279
v 1.181008 -0.335086 0.450000
v 1.184571 -0.877235 0.348300
v 1.254801 0.902350 -0.658253
v -1.747817 -0.406653 0.441960
v -1.694657 0.449128 -0.638800
v 1.352084 -0.368344 -1.421441
v 1.352066 -0.420587 -1.476082
v 1.166502 -0.015854 -1.326275
v 1.256463 0.044884 -1.326275
v 1.441566 0.891278 -1.326000
v 1.312635 -0.786321 -1.326000
v 0.618543 0.441306 0.473600
v 1.490612 0.683122 -1.361200
v 1.554112 0.683122 -1.364375
v 1.466457 0.065112 -1.284397
v -1.733394 -0.269360 0.450640
v -0.962644 -0.269349 -0.650121
v -1.245237 -0.844482 0.351047
v 1.134737 -0.371252 0.353693
v -1.745237 -0.371252 0.351047
v -0.661837 -0.788250 -0.542417
v -1.692212 -0.327150 -0.598800
v 0.049121 -0.313500 -0.650121
v 0.562411 -0.313509 0.450650
v 1.145400 0.855300 0.475000
v 1.145400 -0.855770 0.475000
v -0.148637 0.845000 -0.497962
v -1.695297 0.326281 -0.581398
v -0.661837 0.788250 -0.542417
v 0.630454 -0.889719 -0.642019
v 0.939071 0.518094 -1.389775
v 1.120163 -0.269350 -1.364388
v 1.221763 -0.370950 -1.364388
v 1.120150 0.420559 -1.339826
v 1.307501 0.884251 -1.402500
v 1.488329 0.828422 -1.402475
v 1.336570 -0.766010 -1.402500
v 1.441566 -0.891278 -1.326000
v 1.702895 -0.024616 -1.360027
v 1.304521 -0.370650 -1.008004
v 1.324315 0.370950 -1.006801
v 0.540332 0.422768 0.397200
v 0.585430 0.433457 0.412600
v -1.215310 -0.464510 0.473600
v -1.655876 -0.269360 0.450640
v 1.134737 -0.320452 0.450000
v 0.917983 -0.896000 0.430060
v 1.290730 -0.119135 -0.988013
v 1.290746 -0.118341 -0.949676
v -1.785957 -0.776376 0.338607
v -1.785957 -0.776376 0.348300
v 1.037069 -0.545304 -0.574484
v -1.780885 -0.843297 0.476902
v -0.725238 0.320150 -0.650000
v 0.024963 0.320150 -0.650000
v 0.020993 0.269350 -0.650000
v 0.020993 0.269350 0.450000
v 1.036792 0.888450 0.326406
v 1.037478 0.889857 -0.573841
v -0.152871 0.896445 -0.573841
v -1.789607 0.326281 -0.642019
v -1.179087 -0.849950 0.441960
v -1.235768 0.813650 -0.600750
v -1.185168 0.889867 -0.636573
v -1.710308 0.362729 0.441960
v 0.624022 -0.895821 -0.649955
v 1.451118 -0.458041 -1.446831
v 1.294100 0.843363 -1.402500
v 1.133039 -0.119135 -0.463737
v -0.719127 -0.888999 0.348300
v -1.763231 -0.818355 0.338607
v -1.763231 -0.818355 -0.650000
v -1.404409 0.269059 0.450650
v 1.354087 0.110341 -0.988078
v -0.089637 -0.883931 -0.536267
v 1.145564 0.269967 -0.629973
v -0.742693 0.361200 -0.555922
v -0.742693 0.361200 -0.641758
v 1.139292 0.879369 -0.253309
v 0.919851 -0.896279 0.430140
v 0.917984 -0.851550 0.336360
v 1.205228 0.409038 -1.396125
v 1.554250 0.371801 -1.388584
v 1.355593 0.715025 -0.644149
v 1.509973 0.875617 -0.829302
v 0.601329 0.431424 0.397200
v 0.615350 0.411015 0.473600
v -1.192720 -0.440723 0.412600
v -0.733178 -0.313800 0.450000
v 0.017023 -0.313800 -0.650000
v -1.655877 -0.313810 0.450640
v -0.885127 -0.313799 -0.650121
v -1.780835 -0.855769 0.475000
v -1.785957 -0.804660 0.338607
v -1.241990 -0.770042 -0.573800
v 1.194408 -0.262780 -0.484450
v 1.195130 0.262780 -0.483728
v 1.146798 0.262780 -0.436840
v 0.632407 -0.313524 0.450650
v 0.746313 0.322000 0.336400
v -1.235849 0.845782 -0.650000
v -1.286215 -0.845782 -0.577040
v 1.043969 0.319850 -0.573841
v 1.352065 -0.432360 -1.446925
v 1.040002 -0.843986 0.326400
v -0.651792 -0.845957 -0.573847
v -1.739886 -0.845479 0.446030
v -1.785957 0.776376 0.348300
v 1.170099 0.324855 0.336400
v 1.167696 0.894136 0.348300
v 1.167550 -0.323743 0.348300
v 1.167696 -0.894136 0.348300
v 1.079439 0.847075 0.326400
v 1.079814 0.846700 0.336400
v -0.711837 0.890250 -0.440450
v -1.179087 0.849950 0.441960
v 1.301305 0.421730 -1.340877
v 1.554085 0.916589 -1.340122
v 0.593301 -0.408796 0.397200
v 1.653869 -0.762892 -1.311781
v 1.635397 -0.521592 -1.293310
v -0.723235 0.838359 -0.497963
v -0.721135 -0.851641 -0.497963
v -1.245000 0.572079 0.444707
v -1.043198 0.370277 0.447353
v 1.040805 -0.320150 -0.647745
v -1.719974 -0.858389 -0.650000
v 1.352065 -0.359742 -1.446925
v 1.352090 -0.433091 -1.448746
v -0.729208 -0.269350 -0.650000
v -0.729208 -0.269350 0.450000
v 0.020993 -0.269350 -0.650000
v 0.020993 -0.269350 0.450000
v 0.944764 -0.320150 -0.646563
v -1.785957 0.804660 0.338607
v 0.637467 -0.893692 0.336400
v 1.185537 -0.624433 0.430140
v 1.554160 0.810878 -1.339976
v 1.503728 0.417973 -1.338110
v 1.119639 0.372748 -0.577003
v 1.208950 0.094515 -0.486936
v -1.176943 -0.414369 0.412600
v 1.503138 -0.370919 -1.270463
v 1.638476 -0.521592 -1.307657
v -0.725238 -0.320150 0.450000
v 0.024963 -0.320150 0.450000
v 0.355093 -0.370277 0.442137
v 0.628737 -0.643921 0.450000
v -0.971357 -0.370277 0.442137
v -1.245000 -0.643921 0.450000
v 1.079439 -0.847075 0.326400
v -1.659471 -0.865829 0.348300
v 1.069843 -0.420899 -0.573800
v 0.899086 0.269360 0.450640
v 0.128335 0.269349 -0.650121
v 0.049121 -0.313500 -0.650121
v 0.562411 -0.313509 0.450650
v -0.733178 0.313800 0.450000
v -0.733178 0.313800 -0.650000
v 0.017023 0.313800 0.450000
v 0.017023 0.313800 -0.650000
v -1.739886 0.889929 0.356340
v -1.739886 0.889929 0.356340
v 1.129387 0.845479 0.353693
v 1.129387 0.845479 0.353693
v -1.785957 0.804660 0.348300
v -1.785957 0.804660 0.338607
v -1.745237 0.326802 0.356340
v -1.745237 0.326802 0.356340
v 1.134737 0.371252 0.353693
v 1.134737 0.371252 0.353693
v -0.153558 0.895037 0.348300
v -0.152871 0.896445 -0.573841
v -0.078821 0.845000 -0.497963
v -0.078821 0.845000 -0.497963
v -0.080921 -0.845000 -0.497963
v -0.080921 -0.845000 -0.497963
v 0.964856 0.896000 -0.570390
v 0.964856 0.896000 -0.570390
v 0.963954 0.902350 -0.571293
v 0.963954 0.902350 -0.571293
v 0.966569 0.902350 -0.505061
v 0.966569 0.902350 -0.505061
v 0.964256 0.896000 -0.499701
v 0.964256 0.896000 -0.499701
v 0.964256 0.896000 -0.499701
v -1.229618 0.845650 -0.586750
v -1.229618 0.813650 -0.600750
v -1.229618 0.813650 -0.600750
v -1.229618 0.813650 -0.600750
v 0.755972 0.896000 -0.631671
v 0.755972 0.896000 -0.631671
v 0.966270 0.896000 -0.402246
v 0.966270 0.896000 -0.402246
v 0.966270 0.896000 -0.402246
v 1.397131 0.870600 -0.665910
v 1.397131 0.870600 -0.665910
v 1.397131 0.870600 -0.665910
v 1.397131 0.870600 -0.665910
v 1.397131 0.870600 -0.665910
v 1.397131 0.870600 -0.665910
v 1.357351 0.873775 -0.600884
v 1.357351 0.873775 -0.600884
v 1.357351 0.873775 -0.600884
v 1.357351 0.873775 -0.600884
v 1.441486 0.873775 -0.637053
v 1.441486 0.873775 -0.637053
v 1.441486 0.873775 -0.637053
v 1.441486 0.873775 -0.637053
v 1.441486 0.873775 -0.637053
v 0.017050 -0.269350 -0.105000
v 0.024912 0.269350 -0.105000
v 0.024912 0.269350 -0.105000
v -1.720803 0.838394 0.356900
v -1.720803 0.838394 0.356900
v -1.747442 0.799716 0.356900
v 0.630380 -0.671999 -0.556303
v 0.630380 -0.671999 -0.556303
v 0.630380 0.671999 -0.556303
v 0.630380 0.671999 -0.556303
v -1.796036 0.319850 -0.573841
v -1.796036 0.319850 -0.573841
v -1.796036 0.319850 -0.650000
v -1.796036 0.319850 -0.650000
v -1.621036 -0.896150 -0.573841
v -1.621036 -0.896150 -0.573841
v -1.621036 -0.896150 -0.650000
v -1.621036 -0.896150 -0.650000
v -1.621036 -0.896150 -0.650000
v 1.274402 -1.020043 0.438100
v 1.274402 -1.020043 0.438100
v 1.223850 -1.031943 0.438100
v 1.223850 -1.031943 0.438100
v 1.223850 -1.031943 0.438100
v 1.554250 0.420559 -1.388924
v 1.120150 0.420899 -1.388584
v 1.118858 -0.371118 -1.340932
v 1.118135 0.370842 -1.340209
v 0.934321 0.490487 -1.389775
v 0.934321 0.490487 -1.389775
v 0.939071 0.518094 -1.389775
v 0.939071 0.518094 -1.389775
v 1.451052 -0.429883 -1.396497
v 1.451052 -0.429883 -1.396497
v 1.446137 -0.397598 -1.382721
v 1.446137 -0.397598 -1.382721
v 1.352069 -0.391209 -1.486006
v 1.352069 -0.391209 -1.486006
v 1.451629 -0.400893 -1.486006
v 1.451629 -0.400893 -1.486006
v 1.451632 -0.371515 -1.476082
v 1.451632 -0.371515 -1.476082
v 1.068652 0.471123 -0.647573
v 1.068652 0.471123 -0.647573
v 1.068652 0.322577 -0.648574
v 1.068652 0.322577 -0.648574
v 1.406948 0.715025 -0.585912
v 1.405949 0.867425 -0.585700
v 1.370595 0.756155 -1.326000
v 1.341452 0.764652 -1.326000
v 1.341452 0.764652 -1.326000
v 1.416134 -0.911223 -1.326000
v 1.416134 -0.911223 -1.326000
v 1.441566 -0.891278 -1.326000
v 1.450875 -0.754914 -1.402475
v 1.450875 -0.754914 -1.402475
v 1.422033 -0.769610 -1.402475
v 1.422033 -0.769610 -1.402475
v 1.422033 -0.769610 -1.402475
v 1.422033 -0.769610 -1.402475
v -1.751195 -0.888481 -1.151632
v -1.783218 -0.856599 -1.151632
v 0.562054 0.380549 0.473600
v 0.562054 0.380549 0.473600
v 0.520913 0.429800 0.461200
v 0.527863 0.403138 0.461485
v -1.175744 0.459900 0.397200
v -1.178983 0.461013 0.432196
v -1.178983 0.461013 0.432196
v -1.178983 0.461013 0.432196
v -1.194039 0.401582 0.432197
v -1.194039 0.401582 0.432197
v -1.201603 0.406498 0.397200
v 0.610757 -0.401074 0.461485
v 0.595011 -0.412396 0.432167
v 0.595011 -0.412396 0.432167
v 0.595011 -0.412396 0.432167
v 0.520913 -0.429800 0.461200
v 0.520749 -0.437746 0.473600
v 0.520749 -0.437746 0.473600
v 0.520749 -0.437746 0.473600
v 0.543811 -0.387339 0.473600
v 0.543811 -0.387339 0.473600
v 0.524650 -0.411015 0.473600
v 0.524650 -0.411015 0.473600
v -1.195276 -0.436791 0.425992
v -1.195276 -0.436791 0.425992
v -1.195276 -0.436791 0.425992
v -1.192720 -0.440723 0.412600
v 1.598809 -0.018199 -1.284397
v 1.598284 0.023266 -1.284397
v 1.607220 -0.445392 -1.395880
v 1.607220 -0.445392 -1.395880
v 1.690274 -0.445392 -1.397108
v 1.690274 -0.445392 -1.397108
v 1.617612 -0.839092 -1.272417
v 1.617612 -0.839092 -1.272417
v 1.681112 -0.839092 -1.272417
v 1.681112 -0.839092 -1.272417
v 0.953812 -0.902350 -0.495617
v 0.953812 -0.902350 -0.495617
v 0.953812 -0.902350 -0.495617
v 0.948478 -0.896000 -0.497987
v 0.948478 -0.896000 -0.497987
v 0.948478 -0.896000 -0.497987
v 0.973353 -0.888435 0.326406
v 0.974040 -0.889843 -0.573841
v -1.718357 -0.872260 0.338607
v -1.718357 -0.872260 0.338607
v -1.683931 -0.834841 -0.650000
v -1.683931 -0.834841 -0.650000
v -0.068697 -0.313800 -0.650000
v -0.068697 -0.313800 0.450000
v -0.068697 -0.313800 0.450000
v -0.725169 0.269350 -0.105000
v -0.725169 0.269350 -0.105000
v -0.729139 -0.269350 -0.054200
v -0.729139 -0.269350 -0.054200
v 1.134737 -0.320452 0.348400
v 1.134737 -0.320452 0.348400
v -1.745237 -0.371252 0.351047
v -1.745237 -0.371252 0.351047
v -1.245000 0.643921 0.450000
v -1.245000 0.643921 0.450000
v -0.971357 0.370277 0.442137
v -0.971357 0.370277 0.442137
v 1.490612 -0.683122 -1.361200
v 1.490612 -0.683122 -1.361200
v 1.554112 -0.683122 -1.364375
v 1.554112 -0.683122 -1.364375
v 1.345947 -0.879365 -0.780246
v 1.098765 -0.879426 -0.625736
v 1.098765 -0.879426 -0.625736
v 1.172879 -0.879491 -0.231465
v 1.083580 -0.879313 -0.094505
v 1.083580 -0.879313 -0.094505
v 1.145564 -0.264851 -0.589435
v 1.145564 -0.264851 -0.589435
v 0.967763 -0.265934 -0.588351
v 0.967763 -0.265934 -0.588351
v 1.118601 -0.420559 -0.573800
v 1.118260 -0.420899 -1.389750
v 1.134737 -0.839950 0.351047
v 1.134737 -0.839950 0.351047
v 1.185537 0.839978 0.348400
v 1.185537 0.839978 0.348400
v 1.185537 0.839978 0.348400
v 1.185537 0.839978 0.348400
v 1.185537 0.839978 0.348400
v -1.776442 -0.894437 0.348400
v -1.776442 -0.894437 0.348400
v -1.793777 -0.877767 0.348400
v -1.793777 -0.877767 0.348400
v -1.789636 -0.470319 -0.573800
v -1.740143 -0.470167 -0.573800
v -1.740143 -0.470167 -0.573800
v 0.679537 0.845600 0.450000
v 0.679537 -0.844482 0.450000
v -0.365861 -0.896147 0.348300
v -0.365861 -0.896147 0.348300
v -0.365861 -0.896147 0.348300
v -0.365861 -0.896147 0.332500
v -0.365861 -0.896147 0.332500
v -0.365861 -0.896147 0.332500
v 0.638621 0.894846 0.348300
v 0.637467 0.893692 0.336400
v 0.638621 -0.894846 0.348300
v 0.637467 -0.893692 0.336400
v 1.218098 0.902350 -0.718094
v 1.218098 0.902350 -0.718094
v 1.254801 0.902350 -0.658253
v 1.254801 0.902350 -0.658253
v 1.255213 0.896000 -0.658158
v 1.255213 0.896000 -0.658158
v 1.255213 0.896000 -0.658158
v 1.098705 0.919257 -0.625832
v 1.098705 0.919257 -0.625832
v 1.119937 0.919378 -0.591855
v 1.119937 0.919378 -0.591855
v 1.040521 0.313800 -0.576195
v 1.040521 0.313800 -0.576195
v 1.041563 0.320150 -0.577237
v 1.043969 0.896150 -0.573841
v 1.043969 0.896150 -0.573841
v 1.043969 0.896150 -0.573841
v 1.043969 0.896150 -0.573841
v 1.043969 0.319850 -0.573841
v 1.043969 0.319850 -0.573841
v 1.043969 0.319850 -0.573841
v 1.043969 0.319850 -0.573841
v 1.070525 0.370842 -1.340931
v 1.071247 -0.371118 -1.340209
v 1.352075 -0.364798 -1.468077
v 1.352075 -0.364798 -1.468077
v 1.384289 -0.794150 -1.326000
v 1.384289 -0.794150 -1.326000
v 1.358494 -0.797548 -1.326000
v 1.358494 -0.797548 -1.326000
v 1.130000 0.901234 -1.215000
v 1.130000 0.901234 -1.215000
v -1.709565 0.901234 -1.215000
v 1.130000 -0.901234 -1.215000
v 1.130000 -0.901234 -1.215000
v 1.130000 -0.923234 -1.215000
v 1.130000 -0.923234 -1.215000
v 1.130000 -0.901234 -1.151632
v 1.130000 -0.901234 -1.151632
v 0.575199 -0.399772 0.432774
v 0.575199 -0.399772 0.432774
v 0.552868 -0.404576 0.432436
v 0.552868 -0.404576 0.432436
v 1.490612 0.683122 -1.361200
v 1.490612 0.683122 -1.361200
v 1.554112 0.683122 -1.364375
v 1.554112 0.683122 -1.364375
v 1.559916 -0.071407 -1.284397
v 1.584873 -0.048835 -1.284397
v 1.608449 -0.839092 -1.397108
v 1.608449 -0.839092 -1.397108
v 1.607220 -0.839092 -1.263255
v 1.607220 -0.839092 -1.263255
v 1.691504 -0.839092 -1.395879
v 1.691504 -0.839092 -1.395879
v 1.040771 -0.896000 0.020809
v 1.040771 -0.896000 0.020809
v 0.974564 -0.896000 0.022405
v 0.974564 -0.896000 0.022405
v -1.648124 -0.269360 0.450640
v -0.877374 -0.269349 -0.650121
v 1.354116 0.098558 -1.010301
v 1.366641 0.094515 -1.011211
v 1.145564 0.270327 -0.593467
v 1.145564 0.270327 -0.593467
v 1.145564 0.269967 -0.629973
v 1.145564 0.269967 -0.629973
v 0.673187 0.845600 0.356340
v 0.673187 -0.844482 0.356340
v 0.673187 -0.844482 0.356340
v -0.365861 -0.845597 0.297383
v -0.365861 -0.845597 0.297383
v 1.608087 0.381015 -1.389775
v 1.608087 0.381015 -1.389775
v 1.614437 0.381015 -1.396125
v 1.614437 0.381015 -1.396125
v 1.614437 0.381015 -1.396125
v -1.710308 -0.362729 0.441960
v -1.710308 -0.362729 0.441960
v -1.733356 -0.381697 0.441960
v 1.030333 0.883300 -0.567595
v 1.030333 0.883300 -0.567595
v 1.030333 0.883300 -0.567595
v 1.030333 0.883300 -0.567595
v 1.030333 0.889618 -0.523145
v 1.030333 0.889618 -0.523145
v -1.185168 0.883500 -0.636750
v -1.185168 0.883500 -0.636750
v -1.185168 0.883500 -0.636750
v -1.185168 0.889818 -0.586750
v -1.185168 0.889818 -0.586750
v -1.716744 0.858390 -0.589938
v -1.719974 0.858390 -0.650000
v -0.072718 0.269350 -0.054200
v -0.072718 -0.269350 -0.054200
v -0.072718 -0.269350 -0.054200
v 0.630380 -0.705999 -0.582303
v 0.630380 -0.705999 -0.582303
v 0.630380 -0.705999 -0.582303
v 0.674450 0.845723 -0.577619
v 0.674450 0.845723 -0.577619
v 0.674450 0.845723 -0.577619
v 0.674450 0.845723 -0.577619
v 1.043969 -0.896150 -0.650000
v 1.043969 -0.896150 -0.650000
v 1.043969 -0.896150 -0.650000
v 1.043969 -0.896150 -0.650000
v 1.043969 -0.319850 -0.650000
v 1.043969 -0.319850 -0.650000
v 1.503755 0.374722 -1.338103
v 1.119529 0.372572 -0.670059
v 1.119529 0.420127 -0.670059
v 1.503728 0.417973 -1.338110
v 1.424439 0.537962 -0.568089
v 1.384796 0.535122 -0.568089
v 1.373168 -0.884471 -1.402500
v 1.373168 -0.884471 -1.402500
v 1.337635 -0.863772 -1.402500
v 1.337635 -0.863772 -1.402500
v 1.334215 -0.820308 -1.326000
v 1.334215 -0.820308 -1.326000
v 1.332839 -0.829510 -1.402500
v 1.332839 -0.829510 -1.402500
v 1.352847 -0.799246 -1.402500
v 1.352847 -0.799246 -1.402500
v 1.796860 0.265602 -1.369552
v 1.796860 0.265602 -1.369552
v 1.747329 0.033018 -1.369552
v 1.747329 0.033018 -1.369552
v -1.790781 0.361214 0.450000
v -1.790781 0.361214 0.450000
v 1.181008 0.361214 0.450000
v 1.181008 0.361214 0.450000
v 0.554585 0.433454 0.426142
v 0.555386 0.438369 0.412600
v 0.555386 0.438369 0.412600
v -1.170378 0.416291 0.412600
v -1.169716 0.417725 0.425992
v -1.169716 0.417725 0.425992
v -1.169716 0.417725 0.425992
v 0.561566 -0.465380 0.456467
v 0.550785 -0.460954 0.473600
v 0.550785 -0.460954 0.473600
v 0.578442 -0.465416 0.473600
v 0.578442 -0.465416 0.473600
v -1.161815 -0.475150 0.473600
v -1.161815 -0.475150 0.473600
v -1.152124 -0.470724 0.460492
v -1.174358 -0.465849 0.456808
v -1.179758 -0.446034 0.425992
v -1.179758 -0.446034 0.425992
v -1.179758 -0.446034 0.425992
v 1.517051 0.096419 -1.208197
v 1.517051 0.096419 -1.208197
v 1.471448 0.083496 -1.208197
v 0.966270 -0.896000 -0.402246
v 0.966270 -0.896000 -0.402246
v 0.966270 -0.896000 -0.402246
v 0.966592 -0.902350 -0.401421
v 0.966592 -0.902350 -0.401421
v -0.810692 -0.361200 -0.555922
v -0.810692 -0.361200 -0.641758
v -1.739886 -0.889929 0.356340
v -1.739886 -0.889929 0.356340
v 1.129387 -0.845479 0.353693
v 1.129387 -0.845479 0.353693
v 1.129387 -0.889929 0.356340
v -1.783218 -0.856599 -1.215000
v -1.751195 -0.888481 -1.215000
v 0.941718 -0.511616 -0.638800
v 0.941718 -0.511616 -0.638800
v 0.941718 -0.511616 -0.638800
v 0.941718 -0.511616 -0.638800
v 0.731831 -0.725993 -0.648800
v 0.731831 -0.725993 -0.648800
v 0.731831 -0.725993 -0.648800
v -1.754833 0.855300 0.475000
v -1.754833 -0.855769 0.475000
v 1.669253 -0.283765 -1.369552
v 1.669253 -0.283765 -1.369552
v 1.655248 -0.278531 -1.369552
v 1.655248 -0.278531 -1.369552
v 1.655248 -0.278531 -1.369552
v 1.615058 0.354249 -1.360027
v 1.615058 0.354249 -1.360027
v 1.614437 -0.355585 -1.360027
v 1.614437 -0.355585 -1.360027
v 1.614437 -0.355585 -1.360027
v -1.185168 -0.883500 -0.636750
v -1.185168 -0.883500 -0.636750
v -1.185168 -0.883500 -0.636750
v -1.229618 -0.883500 -0.636750
v -1.229618 -0.883500 -0.636750
v 1.043963 -0.288413 -0.586500
v 1.145564 -0.288413 -0.484900
v 1.554930 -0.921608 -1.394254
v 1.554930 -0.921608 -1.394254
v 1.560355 -0.923475 -1.397423
v 1.152891 -0.269967 -0.637300
v 1.152891 -0.269967 -0.637300
v 1.152891 -0.269967 -0.637300
v 1.152891 -0.269967 -0.637300
v 1.189396 -0.270327 -0.637300
v 1.189396 -0.270327 -0.637300
v 1.615441 -0.358597 -1.333026
v 1.615441 -0.358597 -1.333026
v 1.758983 -0.314096 -1.357557
v 1.758983 -0.314096 -1.357557
v 1.181512 -0.360926 0.478518
v 1.181512 -0.360926 0.478518
v 1.181512 -0.360926 0.478518
v 1.181512 -0.360926 0.478518
v 1.181512 -0.360926 0.478518
v 1.171112 -0.373153 0.476902
v 1.171112 -0.373153 0.476902
v 0.639330 -0.319427 0.450650
v 0.126041 -0.319418 -0.650121
v -1.725367 -0.834923 0.441960
v -1.725367 -0.834923 0.441960
v -1.720803 -0.838394 0.356900
v -1.720803 -0.838394 0.356900
v -1.679887 -0.849950 0.441960
v 1.011706 -0.854566 0.356900
v 1.014013 -0.852258 0.441960
v 0.640394 -0.724566 0.356900
v 0.642702 -0.722258 0.441960
v -1.692131 0.376758 -0.573800
v -1.692131 0.376758 -0.573800
v -1.298644 0.770246 -0.573800
v -1.298644 0.770246 -0.573800
v 0.980333 0.883300 -0.567595
v 0.980333 0.883300 -0.567595
v 1.353487 0.921900 -0.606589
v 1.353487 0.921900 -0.606589
v 1.352028 0.867425 -0.604347
v 1.352028 0.867425 -0.604347
v 1.352028 0.867425 -0.604347
v 1.352028 0.867425 -0.604347
v 1.352028 0.867425 -0.604347
v 1.141706 0.486763 0.356900
v 1.144013 0.489070 0.441960
v -1.242205 0.845782 -0.582303
v -1.242205 0.773694 -0.582303
v -1.242205 0.773694 -0.582303
v -1.242205 0.773694 -0.582303
v 0.630380 -0.889793 -0.582303
v -1.745610 0.700263 -0.646009
v -1.745610 0.700263 -0.646009
v -1.745610 0.700263 -0.646009
v -1.600152 0.845723 -0.642019
v -1.600152 0.845723 -0.642019
v 0.993542 0.845723 -0.642019
v 0.993542 0.845723 -0.642019
v 0.993542 0.845723 -0.642019
v 0.993542 0.845723 -0.650000
v 0.993542 0.845723 -0.650000
v 0.993542 0.845723 -0.650000
v 0.993542 0.845723 -0.650000
v -1.600152 0.845723 -0.581398
v -1.600152 0.845723 -0.581398
v -1.600152 0.845723 -0.581398
v -1.600152 0.845723 -0.581398
v 0.624021 0.845454 -0.577066
v 0.624021 0.845454 -0.577066
v 0.963782 -0.526761 -1.389775
v 0.963782 -0.526761 -1.389775
v 0.960859 -0.527420 -1.396125
v 0.960859 -0.527420 -1.396125
v 1.352066 -0.420587 -1.476082
v 1.352066 -0.420587 -1.476082
v 1.352090 -0.433091 -1.448746
v 1.137266 0.149923 -1.326623
v 1.137266 0.149923 -1.326623
v 1.135333 0.151097 -1.400469
v 1.135333 0.151097 -1.400469
v 1.337635 0.863771 -1.402500
v 1.337635 0.863771 -1.402500
v 1.373168 0.884471 -1.402500
v 1.373168 0.884471 -1.402500
v 1.740582 -0.001046 -1.369552
v 1.740582 -0.001046 -1.369552
v 1.796147 -0.266004 -1.369552
v 1.796147 -0.266004 -1.369552
v 1.160529 0.332808 0.499279
v 1.160529 0.332808 0.499279
v -1.777920 0.324227 0.493210
v -1.777920 0.324227 0.493210
v -1.777920 0.324227 0.493210
v -1.777920 0.324227 0.493210
v 0.604710 0.464510 0.473600
v 0.604710 0.464510 0.473600
v 0.618543 0.441306 0.473600
v 0.529243 0.458526 0.461485
v 0.540793 0.470244 0.473600
v 0.540793 0.470244 0.473600
v 0.540793 0.470244 0.473600
v -1.205611 -0.447204 0.432167
v -1.205611 -0.447204 0.432167
v -1.205611 -0.447204 0.432167
v -1.203900 -0.450805 0.397200
v -1.194039 -0.401582 0.432196
v -1.194039 -0.401582 0.432196
v -1.201603 -0.406498 0.397200
v -1.131513 -0.429800 0.473600
v -1.131513 -0.429800 0.473600
v -1.140156 -0.459007 0.473600
v -1.140156 -0.459007 0.473600
v -1.140156 -0.459007 0.473600
v -1.165280 -0.435235 0.425992
v -1.165280 -0.435235 0.425992
v -1.165280 -0.435235 0.425992
v -1.165280 -0.435235 0.425992
v 1.681112 -0.445392 -1.272417
v 1.681112 -0.445392 -1.272417
v 1.681112 -0.445392 -1.374017
v 1.681112 -0.445392 -1.374017
v -0.083768 -0.889074 0.348300
v -0.083081 -0.890482 -0.573841
v -1.745237 0.839978 0.353694
v -1.745237 0.839978 0.353694
v -1.745237 -0.839950 0.351047
v -1.745237 -0.839950 0.351047
v 1.223296 0.057557 -1.402475
v 1.223296 0.057557 -1.402475
v 1.254304 0.046540 -1.402475
v 1.224028 0.089917 -1.402475
v 1.224028 0.089917 -1.402475
v 1.437818 0.026897 -1.284397
v 1.437818 0.026897 -1.284397
v 1.466457 0.065112 -1.284397
v 1.466457 0.065112 -1.284397
v 1.655929 0.181193 -1.369552
v 1.655929 0.181193 -1.369552
v 1.726431 0.179997 -1.369552
v 1.726431 0.179997 -1.369552
v 0.983359 0.545176 -0.574484
v 0.983359 0.545176 -0.574484
v 0.693963 0.834296 -0.574484
v 0.693963 0.834296 -0.574484
v 0.983359 0.545176 -0.599484
v 0.983359 0.545176 -0.599484
v -0.089637 -0.788250 -0.536267
v -0.089637 -0.788250 -0.536267
v -0.089637 -0.788250 -0.536267
v -0.089637 -0.883931 -0.536267
v -0.089637 -0.883931 -0.536267
v 1.047035 -0.875663 -0.118273
v 1.047035 -0.875663 -0.118273
v 1.509973 -0.875617 -0.829302
v 1.086977 -0.875430 -0.092296
v 1.086977 -0.875430 -0.092296
v 1.301305 -0.421730 -1.340877
v 1.554085 -0.916589 -1.340122
v -1.780885 0.373153 0.476902
v -1.780885 0.373153 0.476902
v -1.780885 0.373153 0.476902
v 1.171112 0.373153 0.476902
v 1.171112 0.373153 0.476902
v -1.789807 -0.883808 0.481368
v -1.789807 -0.883808 0.481368
v -1.786998 -0.890626 0.449900
v -1.786998 -0.890626 0.449900
v -1.786998 -0.890626 0.449900
v -1.777753 -0.891756 0.493562
v -1.777753 -0.891756 0.493562
v -1.777753 -0.891756 0.493562
v -1.777753 -0.891756 0.493562
v -1.791128 -0.335217 0.478850
v -1.791128 -0.335217 0.478850
v -1.791128 -0.335217 0.478850
v -1.791128 -0.335217 0.478850
v -1.791126 -0.361079 0.479224
v -1.791126 -0.361079 0.479224
v -1.791126 -0.361079 0.479224
v -1.791126 -0.361079 0.479224
v -1.790781 -0.335086 0.450000
v -1.790781 -0.335086 0.450000
v -1.762545 0.759493 0.348300
v -1.765808 0.759493 0.338607
v -1.745237 0.320452 0.450000
v 1.134737 0.320452 0.450000
v -1.718357 0.872260 0.338607
v -1.718357 0.872260 0.338607
v -1.683931 0.834842 -0.650000
v -1.683931 0.834842 -0.650000
v 1.185140 0.342490 0.336400
v 1.184449 0.340617 0.348300
v -1.695297 0.319850 -0.573800
v -1.695297 0.319850 -0.573800
v -1.695297 0.319850 -0.573800
v -1.665308 0.370277 -0.553389
v -1.665308 0.370277 -0.553389
v -1.665308 0.370277 -0.553389
v -1.665308 0.370277 -0.553389
v 0.909928 0.326281 -0.555922
v 0.909928 0.326281 -0.555922
v 0.909928 0.326281 -0.555922
v -1.661997 0.326281 -0.555922
v -1.661997 0.326281 -0.555922
v -1.661997 0.326281 -0.555922
v 0.674391 0.707720 -0.578356
v 0.674391 0.707720 -0.578356
v 0.674391 0.707720 -0.578356
v 0.674391 0.707720 -0.578356
v 0.674391 0.668558 -0.551040
v 0.674391 0.668558 -0.551040
v 0.674391 0.668558 -0.551040
v 0.674391 0.668558 -0.551040
v 0.674391 0.668558 -0.551040
v 1.614437 0.381015 -1.332625
v 1.614437 0.381015 -1.332625
v 1.614437 0.381015 -1.332625
v 1.557941 -0.373110 -1.338975
v 1.557941 -0.373110 -1.338975
v 1.557941 -0.373110 -1.338975
v 1.559829 0.378470 -1.332625
v 1.559829 0.378470 -1.332625
v 1.559829 0.378470 -1.332625
v -1.747817 -0.406653 0.441960
v -0.742693 0.361200 -0.555922
v -0.742693 0.361200 -0.641758
v 1.083580 0.879313 -0.094505
v 1.083580 0.879313 -0.094505
v 1.050190 0.879426 -0.116221
v 1.050190 0.879426 -0.116221
v 1.345947 0.879365 -0.780246
v 1.098765 0.879426 -0.625736
v 1.098765 0.879426 -0.625736
v -1.242205 -0.773694 -0.582303
v -1.242205 -0.773694 -0.582303
v -1.242205 -0.773694 -0.582303
v -1.242205 -0.739694 -0.556303
v -1.242205 -0.739694 -0.556303
v 1.043969 -0.896150 -0.573841
v 1.043969 -0.896150 -0.573841
v 1.043969 -0.896150 -0.573841
v 1.043969 -0.896150 -0.573841
v 0.624023 -0.896150 -0.573841
v 0.674450 -0.845723 -0.646010
v 0.674450 -0.845723 -0.646010
v 0.674450 -0.845723 -0.646010
v 0.674450 -0.845723 -0.646010
v 0.993541 -0.845723 -0.573841
v 0.993541 -0.845723 -0.573841
v 0.993541 -0.845723 -0.573841
v 0.993541 -0.845723 -0.573841
v 0.917984 -0.902350 0.427380
v 0.917984 -0.902350 0.427380
v 0.917984 -0.902350 0.427380
v 0.917984 -0.902350 0.427380
v 0.917984 -0.902350 0.427380
v 1.231386 -1.042211 0.430060
v 1.231386 -1.042211 0.430060
v 1.231386 -1.042211 0.430060
v 1.118601 0.420559 -0.573800
v 1.118260 0.420899 -1.389750
v 1.201294 -0.418534 -1.389775
v 1.201294 -0.418534 -1.389775
v 1.201294 -0.418534 -1.389775
v 1.205228 -0.409038 -1.396125
v 1.205228 -0.409038 -1.396125
v 1.205228 -0.409038 -1.396125
v 1.201295 0.418534 -1.389775
v 1.201295 0.418534 -1.389775
v 1.201295 0.418534 -1.389775
v 1.205228 0.409038 -1.396125
v 1.205228 0.409038 -1.396125
v 1.205228 0.409038 -1.396125
v 1.451634 -0.359742 -1.446925
v 1.451624 -0.363623 -1.429560
v 1.451624 -0.363623 -1.429560
v 1.354092 -0.458456 -1.448737
v 1.354092 -0.458456 -1.448737
v 1.356920 -0.451040 -1.481853
v 1.356920 -0.451040 -1.481853
v 1.348572 0.655665 -0.568089
v 1.376004 0.681982 -0.568089
v 1.376004 0.681982 -0.568089
v 1.339108 0.555322 -0.568089
v 1.438128 0.708675 -0.583883
v 1.438128 0.708675 -0.583883
v 1.424850 0.715025 -0.574891
v 1.424850 0.715025 -0.574891
v 1.302938 0.801253 -1.402500
v 1.294100 0.843363 -1.402500
v 1.414966 0.814071 -1.402500
v 1.414966 0.814071 -1.402500
v 1.387348 0.793236 -1.402502
v 1.387348 0.793236 -1.402502
v 1.334837 -0.854899 -1.326000
v 1.334837 -0.854899 -1.326000
v 1.358609 -0.881686 -1.326000
v 1.358609 -0.881686 -1.326000
v 1.307501 -0.884251 -1.402500
v 1.348392 -0.918014 -1.402500
v 1.395481 -0.879500 -1.402500
v 1.395481 -0.879500 -1.402500
v 1.395287 -0.880171 -1.326000
v 1.395287 -0.880171 -1.326000
v 1.615441 0.358597 -1.396526
v 1.615441 0.358597 -1.396526
v 1.615441 0.358597 -1.396526
v 1.615441 0.358597 -1.333026
v 1.615441 0.358597 -1.333026
v 1.705740 -0.001446 -1.360027
v 1.705740 -0.001446 -1.360027
v 1.702895 -0.024616 -1.360027
v 1.702895 -0.024616 -1.360027
v -1.709565 0.923234 -1.151632
v 1.130000 0.923234 -1.151632
v 1.130000 0.923234 -1.151632
v 1.047035 0.875662 -0.118273
v 1.047035 0.875662 -0.118273
v 1.509973 0.875617 -0.829302
v 0.599667 -0.436832 0.397200
v 0.600028 -0.434999 0.432774
v 0.600028 -0.434999 0.432774
v 0.600028 -0.434999 0.432774
v -1.151144 -0.440249 0.432196
v -1.151144 -0.440249 0.432196
v -1.151144 -0.440249 0.432196
v -1.131468 -0.438306 0.461485
v -1.131468 -0.438306 0.461485
v 1.455528 -0.370919 -1.269741
v 1.456250 0.370381 -1.270463
v 1.438844 0.581522 -1.364375
v 1.438844 0.581522 -1.364375
v 1.554112 0.581522 -1.367550
v 1.554112 0.581522 -1.367550
v 1.679810 -0.520354 -1.273843
v 1.679810 -0.520354 -1.273843
v 1.679880 -0.408565 -1.273474
v 1.679880 -0.408565 -1.273474
v 1.063557 -0.902350 -0.174043
v 1.063557 -0.902350 -0.174043
v 1.063557 -0.902350 -0.174043
v 1.045970 -0.902350 -0.174539
v 1.045970 -0.902350 -0.174539
v 1.045970 -0.902350 -0.174539
v -0.612211 -0.854847 0.303815
v -0.612211 -0.854847 0.303815
v -0.612211 -0.854847 0.303815
v -0.612211 -0.854847 0.303815
v -0.612211 -0.854847 0.303815
v -0.605887 -0.896147 0.332500
v -0.605887 -0.896147 0.332500
v -0.605887 -0.896147 0.332500
v 1.366645 0.111135 -0.988013
v 1.366645 0.111135 -0.988013
v 1.366629 0.110341 -0.949676
v 1.366629 0.110341 -0.949676
v 1.366629 0.110341 -0.949676
v 1.438844 -0.581522 -1.364375
v 1.438844 -0.581522 -1.364375
v 1.554112 -0.581522 -1.361200
v 1.554112 -0.581522 -1.361200
v 0.967763 0.306833 -0.629973
v 0.967763 0.306833 -0.629973
v 0.967763 0.270327 -0.630333
v 0.967763 0.270327 -0.630333
v 1.145564 0.306833 -0.593827
v 1.145564 0.306833 -0.593827
v 1.145564 0.306473 -0.630333
v 1.145564 0.306473 -0.630333
v 1.098705 -0.919257 -0.625832
v 1.098705 -0.919257 -0.625832
v 1.083682 -0.919378 -0.094438
v 1.083682 -0.919378 -0.094438
v -1.790781 -0.361214 0.450000
v -1.790781 -0.361214 0.450000
v 1.194408 -0.262780 -0.484450
v 1.195130 0.262780 -0.483728
v -1.676347 0.885978 0.348300
v -1.676347 0.885978 0.338606
v -0.648727 0.896324 -0.573841
v -0.649414 0.894916 0.348300
v 0.746313 -0.322000 0.336400
v 0.746313 -0.322000 0.348300
v 1.608087 0.381015 -1.338975
v -1.251395 -0.724565 0.356900
v -1.253702 -0.722257 0.441960
v -0.661837 0.788250 -0.536267
v -0.661837 0.788250 -0.536267
v -0.661837 0.788250 -0.536267
v -0.711837 0.788250 -0.542386
v -0.711837 0.788250 -0.542386
v 0.994333 0.813450 -0.570670
v 0.994333 0.813450 -0.570670
v 0.980333 0.845450 -0.567595
v 0.980333 0.845450 -0.567595
v 0.980333 0.845450 -0.567595
v 0.980333 0.845450 -0.567595
v 0.617813 0.883500 -0.636750
v 0.617813 0.883500 -0.636750
v 0.617813 0.845650 -0.636750
v 0.617813 0.845650 -0.636750
v 0.617813 0.845650 -0.636750
v -0.089637 0.883931 -0.440450
v -0.089637 0.883931 -0.440450
v -0.089637 0.883931 -0.440450
v -0.089814 0.890298 -0.440450
v 0.568087 0.849950 0.441960
v 0.613567 0.834923 0.441960
v 0.613567 0.834923 0.441960
v 0.624022 0.895821 -0.649955
v 0.624022 0.895821 -0.649955
v -1.621036 0.896150 -0.650000
v -1.621036 0.896150 -0.650000
v -1.621036 0.896150 -0.650000
v 0.917983 -0.896000 0.336400
v 0.917983 -0.902350 0.328460
v 0.917983 -0.902350 0.328460
v 0.917983 -0.902350 0.328460
v 0.917983 -0.902350 0.328460
v 0.917983 -0.902350 0.328460
v 1.184058 0.043699 -1.402475
v 1.184058 0.043699 -1.402475
v 1.166747 0.017287 -1.402475
v 1.112719 -0.422364 -1.396125
v 1.112719 -0.422364 -1.396125
v 1.113564 -0.422092 -1.389775
v 1.113564 -0.422092 -1.389775
v 1.087906 0.288141 -1.396125
v 1.087906 0.288141 -1.396125
v 1.087906 0.288141 -1.396125
v 1.071905 0.289731 -1.396125
v 1.071905 0.289731 -1.396125
v 1.071905 0.289731 -1.396125
v 1.224636 -0.090567 -1.402475
v 1.224636 -0.090567 -1.402475
v 1.222984 -0.056849 -1.402475
v 1.222984 -0.056849 -1.402475
v 1.449052 0.715025 -0.602804
v 1.449052 0.715025 -0.602804
v 1.449052 0.708675 -0.634794
v 1.449052 0.708675 -0.634794
v 1.466095 0.746901 -1.342185
v 1.466095 0.746901 -1.342185
v 1.466095 0.746901 -1.386290
v 1.466095 0.746901 -1.386290
v 1.416134 -0.911223 -1.402500
v 1.416134 -0.911223 -1.402500
v 1.399537 -0.878100 -1.402500
v 1.399537 -0.878100 -1.402500
v 1.757979 0.311084 -1.371996
v 1.757979 0.311084 -1.371996
v 1.196424 0.098558 -0.486025
v 1.208950 0.094515 -0.486936
v -1.778071 0.844468 0.493350
v -1.778071 0.844468 0.493350
v -1.778071 0.844468 0.493350
v -1.778071 0.844468 0.493350
v 1.170765 0.843263 0.489494
v 1.170765 0.843263 0.489494
v 1.170765 0.843263 0.489494
v 0.599207 0.389356 0.473600
v 0.599207 0.389356 0.473600
v 0.561566 0.465380 0.456467
v 0.561566 0.465380 0.456467
v 0.539083 0.449361 0.456808
v 0.586262 0.429232 0.426260
v 0.586262 0.429232 0.426260
v 0.586262 0.429232 0.426260
v 0.585430 0.433457 0.412600
v -1.151144 0.440249 0.432196
v -1.151144 0.440249 0.432196
v -1.151144 0.440249 0.432196
v -1.161815 0.384450 0.473600
v -1.161815 0.384450 0.473600
v -1.152626 0.455016 0.473600
v -1.152626 0.455016 0.473600
v 0.559042 -0.459104 0.432715
v 0.559042 -0.459104 0.432715
v 0.559042 -0.459104 0.432715
v 0.540363 -0.436825 0.432488
v 0.540363 -0.436825 0.432488
v 0.540096 -0.408722 0.456808
v 0.540096 -0.408722 0.456808
v 0.538846 -0.410585 0.473600
v 0.538846 -0.410585 0.473600
v -1.152626 -0.455016 0.473600
v -1.152626 -0.455016 0.473600
v 1.662480 -0.527942 -1.312332
v 1.662480 -0.527942 -1.312332
v 1.662480 -0.527942 -1.312332
v 1.645257 -0.521592 -1.316946
v 1.645257 -0.521592 -1.316946
v 1.177897 -0.902350 -0.214119
v 1.177897 -0.902350 -0.214119
v 1.043672 -0.902350 -0.001947
v -1.763231 -0.818355 0.338607
v -1.763231 -0.818355 0.338607
v -1.763231 -0.818355 -0.650000
v -0.653418 0.838359 -0.497963
v -0.653418 0.838359 -0.497963
v -0.651301 -0.851641 -0.497963
v -0.651301 -0.851641 -0.497963
v -0.729139 0.269350 -0.054200
v -0.818829 0.269350 -0.098650
v -0.818829 -0.269350 -0.098650
v -1.739886 -0.845479 0.351047
v -1.739886 -0.845479 0.351047
v 1.354087 -0.118341 -0.962305
v 1.354087 -0.118341 -0.962305
v 1.354087 -0.118341 -0.962305
v 1.354087 -0.118341 -0.962305
v 1.354087 0.110341 -0.962305
v 1.354087 0.110341 -0.962305
v 1.354087 0.110341 -0.962305
v 1.354087 0.110341 -0.962305
v 0.944611 -0.313800 -0.576964
v 0.944611 -0.313800 -0.576964
v 1.040521 -0.313800 -0.576195
v 1.040521 -0.313800 -0.576195
v -0.711837 -0.788250 -0.542386
v -0.711837 -0.788250 -0.542386
v -0.711837 -0.883931 -0.536267
v -0.711837 -0.883931 -0.536267
v -0.711837 -0.883931 -0.536267
v -0.711837 -0.883931 -0.536267
v 0.573363 -0.883500 -0.636750
v 0.573363 -0.883500 -0.636750
v 0.573363 -0.883500 -0.636750
v 0.573363 -0.889867 -0.636573
v 1.122024 -0.875430 -0.588515
v 1.122024 -0.875430 -0.588515
v 1.096771 -0.875663 -0.628927
v 1.096771 -0.875663 -0.628927
v 1.346011 -0.919431 -0.780143
v 1.120150 -0.372141 -1.388924
v 1.554250 -0.371801 -1.388584
v -1.692131 -0.376758 -0.573800
v -1.692131 -0.376758 -0.573800
v -1.298644 -0.770245 -0.573800
v -1.298644 -0.770245 -0.573800
v -1.692212 -0.327150 -0.573800
v 0.126136 -0.269050 -0.650121
v 0.639425 -0.269060 0.450650
v -1.745237 0.320452 0.348400
v 1.134737 0.320452 0.348400
v 1.134737 0.320452 0.348400
v 1.040688 0.845394 -0.573847
v 1.040002 0.843986 0.326400
v 0.673187 -0.844482 0.442060
v 0.673187 0.845600 0.442060
v 0.636313 0.512000 0.336400
v 0.636313 0.512000 0.348300
v 1.185140 -0.342490 0.336400
v 1.184449 -0.340618 0.348300
v -1.750036 0.275000 0.442060
v -1.750036 0.275000 0.356500
v 0.630380 0.705999 -0.582303
v 0.630380 0.705999 -0.582303
v 0.630380 0.705999 -0.582303
v 1.563508 0.380021 -1.338975
v 1.563508 0.380021 -1.338975
v 1.119376 0.902350 -0.252894
v 1.119376 0.902350 -0.252894
v 1.177897 0.902350 -0.214119
v 1.177897 0.902350 -0.214119
v 0.609004 -0.838394 0.356900
v 0.609004 -0.838394 0.356900
v 0.568086 -0.849950 0.356900
v -1.369406 0.889701 -0.598800
v -1.369354 0.840956 -0.598800
v -1.369354 0.840956 -0.598800
v 0.573363 0.883500 -0.636750
v 0.573363 0.883500 -0.636750
v 0.573363 0.883500 -0.636750
v 0.573363 0.889867 -0.636573
v -1.229618 0.883500 -0.586750
v -1.229618 0.883500 -0.586750
v -1.229618 0.883500 -0.586750
v 1.367178 0.879487 -0.746269
v 1.119873 0.879313 -0.591958
v 1.119873 0.879313 -0.591958
v 1.579524 0.873775 -1.275876
v 1.579524 0.810275 -1.339376
v 0.945806 0.313800 -0.647605
v 0.945806 0.313800 -0.647605
v 1.041716 0.313800 -0.646835
v 1.041716 0.313800 -0.646835
v 0.674391 -0.671999 -0.556303
v 0.674391 -0.671999 -0.556303
v 0.674391 -0.671999 -0.556303
v 0.674391 -0.707720 -0.578356
v 0.674391 -0.707720 -0.578356
v 0.674391 -0.707720 -0.578356
v 0.674391 -0.707720 -0.578356
v 0.674391 -0.707720 -0.578356
v 0.943228 0.326281 -0.581398
v 0.943228 0.326281 -0.581398
v 0.943228 0.326281 -0.581398
v 1.037538 0.326281 -0.581398
v 1.037538 0.326281 -0.581398
v 1.037538 0.326281 -0.581398
v 1.037538 0.326281 -0.581398
v 1.043969 -0.319850 -0.573800
v 1.043969 -0.319850 -0.573800
v 1.043969 -0.319850 -0.573800
v 1.043969 -0.319850 -0.573800
v 0.943228 -0.319850 -0.573800
v 0.943228 -0.319850 -0.573800
v 0.943228 -0.319850 -0.573800
v 1.316442 -0.997000 0.426040
v 1.316442 -0.997000 0.426040
v 1.316442 -0.997000 0.426040
v 1.316442 -0.997000 0.426040
v 1.328761 -0.946005 0.422020
v 1.328761 -0.946005 0.422020
v 1.328761 -0.946005 0.422020
v 1.181919 -0.041753 -1.326275
v 1.181919 -0.041753 -1.326275
v 1.218484 -0.058707 -1.326275
v 1.218484 -0.058707 -1.326275
v 1.184058 -0.043699 -1.402475
v 1.184058 -0.043699 -1.402475
v 1.218333 -0.058027 -1.402475
v 1.218333 -0.058027 -1.402475
v 1.219224 -0.088974 -1.402475
v 1.219224 -0.088974 -1.402475
v 1.352059 -0.404269 -1.410188
v 1.352059 -0.404269 -1.410188
v 1.352084 -0.368344 -1.421441
v 1.352084 -0.368344 -1.421441
v 1.342149 0.626931 -0.568089
v 1.342149 0.626931 -0.568089
v 1.304187 0.628042 -0.568089
v 1.304187 0.628042 -0.568089
v 1.332839 0.829510 -1.402500
v 1.332839 0.829510 -1.402500
v 1.334215 0.820308 -1.326000
v 1.334215 0.820308 -1.326000
v 1.307501 0.884251 -1.402500
v 1.302938 -0.801253 -1.402500
v 1.294100 -0.843363 -1.402500
v 1.387348 -0.793237 -1.402502
v 1.387348 -0.793237 -1.402502
v 1.387348 -0.793237 -1.402502
v 1.414966 -0.814072 -1.402500
v 1.414966 -0.814072 -1.402500
v 1.655465 0.180726 -1.360027
v 1.655465 0.180726 -1.360027
v 1.655465 0.180726 -1.360027
v 1.655465 0.180726 -1.360027
v 1.657851 0.282019 -1.359999
v 1.657851 0.282019 -1.359999
v 1.657851 0.282019 -1.359999
v 1.320201 -0.370950 -1.009176
v 1.373058 -0.370950 -1.095978
v 1.373058 -0.370950 -1.095978
v 0.575199 0.399772 0.432774
v 0.575199 0.399772 0.432774
v 0.583489 0.401478 0.397200
v -1.229687 -0.429800 0.461200
v -1.222736 -0.403137 0.461485
v -1.229851 -0.437744 0.473600
v -1.229851 -0.437744 0.473600
v 1.491923 -0.091750 -1.208197
v 1.458667 -0.074736 -1.208197
v 1.429983 -0.038908 -1.208197
v -0.723235 0.838359 -0.497963
v -0.723235 0.838359 -0.497963
v -0.721135 -0.851641 -0.497963
v -0.721135 -0.851641 -0.497963
v -0.649184 0.838359 -0.548390
v -0.649184 0.838359 -0.548390
v -1.796027 0.815152 -1.151632
v -1.779402 0.857703 -1.151632
v -0.971357 -0.370277 0.442137
v -0.971357 -0.370277 0.442137
v -1.245000 -0.643921 0.450000
v -1.245000 -0.643921 0.450000
v 1.290730 -0.119135 -0.988013
v 1.290730 -0.119135 -0.988013
v 1.290746 -0.118341 -0.949676
v 1.290746 -0.118341 -0.949676
v 1.290746 -0.118341 -0.949676
v 1.290746 -0.118341 -0.949676
v 1.041563 -0.320150 -0.577237
v -1.229618 -0.813650 -0.600750
v -1.229618 -0.813650 -0.600750
v -1.229618 -0.813650 -0.600750
v -1.229618 -0.845650 -0.636750
v -1.229618 -0.845650 -0.636750
v -1.229618 -0.845650 -0.636750
v -1.229618 -0.883500 -0.586750
v -1.229618 -0.883500 -0.586750
v -1.229618 -0.883500 -0.586750
v -1.229618 -0.883500 -0.586750
v 1.189035 -0.306833 -0.637300
v 1.189035 -0.306833 -0.637300
v 1.189035 -0.306833 -0.637300
v 1.152530 -0.270328 -0.434100
v 1.152530 -0.270328 -0.434100
v 1.152891 -0.306833 -0.434100
v 1.152891 -0.306833 -0.434100
v 1.182250 -0.887970 0.449901
v 1.182250 -0.887970 0.449901
v 1.182250 -0.887970 0.449901
v 1.170818 -0.893273 0.489593
v 1.170818 -0.893273 0.489593
v 1.170818 -0.893273 0.489593
v 1.171112 -0.323147 0.476902
v 1.171112 -0.323147 0.476902
v 1.181488 -0.335352 0.478173
v 1.181488 -0.335352 0.478173
v 1.181488 -0.335352 0.478173
v 1.181488 -0.335352 0.478173
v 1.181488 -0.335352 0.478173
v 1.170763 -0.323106 0.489487
v 1.170763 -0.323106 0.489487
v 1.170763 -0.323106 0.489487
v -1.369354 -0.840956 -0.573800
v -1.369354 -0.840956 -0.573800
v -1.369354 -0.840956 -0.598800
v -1.369354 -0.840956 -0.598800
v -1.740143 -0.470167 -0.598800
v -1.740143 -0.470167 -0.598800
v -1.789636 -0.470319 -0.598800
v 1.171402 0.855300 0.450000
v 1.171402 -0.855770 0.450000
v 0.973353 0.888435 0.326406
v 0.974040 0.889843 -0.573841
v -0.327786 0.896147 0.345084
v -0.327786 0.896147 0.345084
v -0.359536 0.896778 0.339637
v -0.359536 0.896778 0.339637
v -0.359536 0.896778 0.339637
v -0.359536 0.896778 0.339637
v -0.359536 0.896778 0.339637
v -0.359536 0.896778 0.339637
v -0.362698 0.849329 0.299528
v -0.362698 0.849329 0.299528
v -0.362698 0.849329 0.299528
v -0.362698 0.849329 0.299528
v 0.933929 0.893692 0.336400
v 0.931621 0.891385 0.326400
v 1.602956 0.873775 -1.340209
v 1.603678 -0.873775 -1.340931
v -1.752194 -0.482263 0.356900
v -1.754501 -0.484570 0.441960
v 0.636017 -0.800175 0.441960
v 0.613567 -0.834923 0.441960
v 0.613567 -0.834923 0.441960
v -0.089637 0.788250 -0.542417
v -0.089637 0.788250 -0.536267
v -0.089637 0.788250 -0.536267
v -0.089637 0.788250 -0.536267
v 0.893219 0.896000 -0.561065
v 0.893219 0.896000 -0.561065
v 0.893219 0.896000 -0.561065
v 0.948478 0.896000 -0.497987
v 0.948478 0.896000 -0.497987
v 0.948478 0.896000 -0.497987
v 1.392323 0.921037 -0.666284
v 1.392323 0.921037 -0.666284
v 1.392323 0.921037 -0.666284
v 1.396975 0.922266 -0.661790
v 1.396975 0.922266 -0.661790
v 0.630454 0.889719 -0.642019
v 1.037538 0.889719 -0.642019
v 1.037538 0.889719 -0.642019
v 1.037538 0.889719 -0.642019
v 1.037538 0.889719 -0.642019
v -1.796037 0.721150 -0.650000
v -1.796037 0.721150 -0.650000
v -1.796037 0.721150 -0.650000
v -1.796037 0.721150 -0.650000
v 0.917984 -0.851550 0.336360
v 0.917984 -0.851550 0.336360
v 1.554250 0.372141 -1.339826
v 1.120150 0.371801 -1.340166
v 1.043963 0.322577 -0.575227
v 1.068652 0.321576 -0.576228
v 1.068652 0.321576 -0.576228
v 1.301281 0.421736 -1.387868
v 1.554085 0.916589 -1.388628
v 1.156389 0.062295 -1.326275
v 1.156389 0.062295 -1.326275
v 1.142302 0.064932 -1.326275
v 1.142302 0.064932 -1.326275
v 1.142302 0.064932 -1.326275
v 1.142302 0.064932 -1.326275
v 1.484543 0.673970 -0.669692
v 1.496486 0.632457 -0.669692
v 1.496486 0.632457 -0.669692
v 1.446188 0.596211 -0.669692
v 1.457205 0.627229 -0.669692
v 1.457205 0.627229 -0.669692
v 1.304187 0.628042 -0.669692
v 1.304187 0.628042 -0.669692
v 1.342799 0.627533 -0.669692
v 1.342799 0.627533 -0.669692
v 1.366626 0.715025 -0.611237
v 1.366414 0.867425 -0.612236
v 1.388576 0.708675 -0.567889
v 1.388576 0.708675 -0.567889
v 1.383506 0.715025 -0.569247
v 1.383506 0.715025 -0.569247
v 1.358529 0.798167 -1.402500
v 1.358529 0.798167 -1.402500
v 1.392208 0.757288 -1.402502
v 1.422033 0.769610 -1.402475
v 1.422033 0.769610 -1.402475
v 1.422033 0.769610 -1.402475
v 1.422033 0.769610 -1.402475
v 1.358529 -0.798168 -1.402500
v 1.358529 -0.798168 -1.402500
v 1.779223 -0.297207 -1.369552
v 1.779223 -0.297207 -1.369552
v 1.776514 -0.299396 -1.360027
v 1.776514 -0.299396 -1.360027
v 1.776514 -0.299396 -1.360027
v -1.748139 0.889034 -1.215000
v -1.779399 0.857704 -1.215000
v 1.603952 0.921667 -1.394392
v 1.603952 0.921667 -1.394392
v 1.598414 0.923503 -1.397428
v 0.535999 0.445995 0.473600
v 0.535999 0.445995 0.473600
v 0.571950 0.467410 0.473600
v 0.571950 0.467410 0.473600
v 0.571950 0.467410 0.473600
v -1.188546 0.380549 0.473600
v -1.188546 0.380549 0.473600
v -1.167110 -0.401478 0.397200
v -1.159674 -0.406585 0.432197
v -1.159674 -0.406585 0.432197
v -1.159674 -0.406585 0.432197
v 1.598809 0.018418 -1.208197
v 1.584873 0.049055 -1.208197
v 1.439954 -0.029932 -1.284397
v 1.439954 -0.029932 -1.284397
v 1.617612 -0.445392 -1.374017
v 1.617612 -0.445392 -1.374017
v 1.617612 -0.445392 -1.272417
v 1.617612 -0.445392 -1.272417
v 1.653869 -0.527942 -1.311781
v 1.653869 -0.527942 -1.311781
v 1.652440 -0.521592 -1.312164
v 0.758355 -0.896000 -0.647540
v 0.758355 -0.896000 -0.647540
v 0.758355 -0.896000 -0.647540
v 0.763641 -0.902350 -0.649184
v 0.763641 -0.902350 -0.649184
v 0.753595 -0.902350 -0.636670
v 0.753595 -0.902350 -0.636670
v 0.753595 -0.902350 -0.636670
v 0.753595 -0.902350 -0.636670
v -0.718440 -0.890406 -0.573841
v -0.719127 -0.888999 0.348300
v -0.077493 -0.894977 0.348300
v -0.076806 -0.896385 -0.573841
v -1.474407 0.313524 0.450650
v -0.961118 0.313514 -0.650121
v -0.643960 0.852414 0.301671
v -0.643960 0.852414 0.301671
v -0.609049 0.849329 0.299528
v -0.609049 0.849329 0.299528
v -0.609049 0.849329 0.299528
v -0.609049 0.849329 0.299528
v 0.941718 -0.511616 -0.598800
v 0.617813 -0.883500 -0.636750
v 0.617813 -0.883500 -0.636750
v 0.617813 -0.845650 -0.636750
v 0.617813 -0.845650 -0.636750
v 0.617813 -0.883500 -0.586750
v 0.617813 -0.883500 -0.586750
v 0.617813 -0.883500 -0.586750
v 0.042113 -0.269050 -0.650121
v 0.555402 -0.269059 0.450650
v -0.068697 0.313800 -0.650000
v -0.068697 0.313800 0.450000
v -0.068697 0.313800 0.450000
v -1.745237 0.371252 0.351047
v -1.745237 0.371252 0.351047
v -1.718383 0.863223 0.338607
v -1.718383 0.863223 -0.650000
v -1.718383 0.863223 -0.650000
v -0.152871 0.845000 -0.548389
v -0.152871 0.845000 -0.548389
v -0.152871 -0.845000 -0.548389
v 1.557941 0.373140 -1.389775
v 1.557941 0.373140 -1.389775
v 1.557941 0.373140 -1.389775
v 1.560446 0.378755 -1.396125
v 1.560446 0.378755 -1.396125
v 1.560446 0.378755 -1.396125
v 1.560446 0.378755 -1.396125
v 1.563643 0.379717 -1.389775
v 1.563643 0.379717 -1.389775
v 1.555346 -0.873775 -1.387819
v 1.556068 0.873775 -1.388541
v 1.044217 0.896000 -0.521657
v 1.044217 0.896000 -0.521657
v 1.043314 0.896000 -0.184590
v 0.953812 0.902350 -0.495617
v 0.953812 0.902350 -0.495617
v 0.953812 0.902350 -0.495617
v 1.144013 -0.722258 0.441960
v 1.141706 -0.724566 0.356900
v -1.711066 -0.361792 0.356900
v -1.711066 -0.361792 0.356900
v -1.733356 -0.381697 0.356900
v -1.352254 0.785546 -0.598800
v -1.352254 0.785546 -0.598800
v -1.353750 0.787042 -0.638799
v -1.353750 0.787042 -0.638799
v -1.353750 0.787042 -0.638799
v -1.353750 0.787042 -0.638799
v -1.694657 0.449128 -0.638800
v -1.694657 0.449128 -0.638800
v -1.694657 0.449128 -0.638800
v 1.046650 0.922814 -0.118524
v 1.046650 0.922814 -0.118524
v 1.367118 0.919317 -0.746365
v -1.121395 0.854566 0.356900
v -1.123702 0.852258 0.441960
v -1.733356 0.381697 0.441960
v -1.710308 0.362729 0.441960
v -1.710308 0.362729 0.441960
v -1.747817 0.406653 0.441960
v -1.224566 0.834924 0.441960
v -1.224566 0.834924 0.441960
v -1.179087 0.849950 0.441960
v -1.247017 0.800175 0.441960
v 0.640394 0.724566 0.356900
v 0.642702 0.722258 0.441960
v 0.630380 -0.889793 -0.642359
v 0.630380 -0.681709 -0.642122
v 0.993542 0.370277 -0.642019
v 0.993542 0.370277 -0.642019
v -1.796037 -0.721150 -0.650000
v -1.796037 -0.721150 -0.650000
v -1.796037 -0.721150 -0.650000
v -1.796037 -0.721150 -0.650000
v -1.600152 -0.845723 -0.647913
v -1.600152 -0.845723 -0.647913
v -1.600152 -0.845723 -0.647913
v -1.600152 -0.845723 -0.647913
v -1.600152 -0.845723 -0.647913
v -1.600152 -0.845723 -0.647913
v -1.796036 -0.319850 -0.573841
v -1.796036 -0.319850 -0.573841
v -1.796037 -0.721150 -0.573841
v -1.796037 -0.721150 -0.573841
v -1.796037 -0.721150 -0.573841
v -1.796037 -0.721150 -0.573841
v 1.277033 -0.069915 -1.402475
v 1.304446 -0.032389 -1.402475
v 1.135333 -0.151097 -1.400469
v 1.135333 -0.151097 -1.400469
v 1.137368 -0.149942 -1.326813
v 1.137368 -0.149942 -1.326813
v 1.456852 0.631294 -0.669692
v 1.456852 0.631294 -0.669692
v 1.489657 0.595660 -0.669692
v 1.460189 0.555322 -0.669692
v 1.424439 0.537962 -0.669692
v 1.386428 0.573307 -0.669692
v 1.386428 0.573307 -0.669692
v 1.422955 0.577497 -0.669692
v 1.295319 0.859070 -1.326000
v 1.324623 0.903267 -1.326000
v 1.341452 -0.764652 -1.326000
v 1.341452 -0.764652 -1.326000
v 1.503757 -0.820818 -1.386290
v 1.503757 -0.820818 -1.386290
v 1.466095 -0.746901 -1.386290
v 1.466095 -0.746901 -1.386290
v 1.450875 -0.754914 -1.326000
v 1.450875 -0.754914 -1.326000
v 1.466095 -0.746901 -1.342185
v 1.466095 -0.746901 -1.342185
v -1.796027 -0.815152 -1.151632
v 1.133055 -0.118341 -0.425400
v 1.133055 -0.118341 -0.425400
v 1.133055 -0.118341 -0.425400
v 1.133055 -0.118341 -0.425400
v 1.196396 -0.118341 -0.438029
v 1.196396 -0.118341 -0.438029
v 1.196396 -0.118341 -0.438029
v 1.196396 -0.118341 -0.438029
v 1.133039 -0.119135 -0.463737
v 1.133039 -0.119135 -0.463737
v -1.791128 0.335217 0.478850
v -1.791128 0.335217 0.478850
v -1.791128 0.335217 0.478850
v -1.791128 0.335217 0.478850
v -1.790781 0.335086 0.450000
v -1.790781 0.335086 0.450000
v 0.612136 0.456462 0.461485
v 0.595651 0.446247 0.432167
v 0.595651 0.446247 0.432167
v 0.586262 -0.429232 0.426260
v 0.586262 -0.429232 0.426260
v 0.586262 -0.429232 0.426260
v 0.585377 -0.424345 0.412600
v -1.175744 -0.459900 0.397200
v -1.178983 -0.461013 0.432196
v -1.178983 -0.461013 0.432196
v -1.178983 -0.461013 0.432196
v -1.149805 -0.410056 0.456084
v -1.169716 -0.417725 0.425992
v -1.169716 -0.417725 0.425992
v -1.169716 -0.417725 0.425992
v -1.169716 -0.417725 0.425992
v 1.437818 -0.026677 -1.208197
v 1.437818 -0.026677 -1.208197
v 1.466457 -0.064892 -1.208197
v 1.466457 -0.064892 -1.208197
v 1.617612 -0.470792 -1.374017
v 1.617612 -0.470792 -1.374017
v 1.681112 -0.470792 -1.374017
v 1.681112 -0.470792 -1.374017
v 1.662480 -0.762892 -1.312332
v 1.662480 -0.762892 -1.312332
v 1.667782 -0.756542 -1.306750
v 1.667782 -0.756542 -1.306750
v 1.667782 -0.756542 -1.306750
v 1.679810 -0.764131 -1.273843
v 1.679810 -0.764131 -1.273843
v 1.679880 -0.875920 -1.273473
v 1.679880 -0.875920 -1.273473
v 1.077745 -0.896000 -0.635636
v 1.077745 -0.896000 -0.635636
v 1.043244 -0.896000 -0.649427
v -0.649414 -0.894916 0.348300
v -0.648728 -0.896324 -0.573841
v -1.296036 0.845600 0.348400
v -1.296036 0.845600 0.348400
v -1.245237 -0.844482 0.351047
v -1.245237 -0.844482 0.351047
v 1.134737 -0.326802 0.356340
v -1.745237 -0.326802 0.356340
v -1.745237 -0.326802 0.356340
v 1.185537 -0.896000 0.430060
v 1.185537 -0.896000 0.430060
v 1.185537 -0.896000 0.430060
v 1.185537 -0.896000 0.430060
v 1.185537 -0.896000 0.430060
v 1.283500 -1.029942 0.426040
v 1.283500 -1.029942 0.426040
v 1.283500 -1.029942 0.426040
v 1.283500 -1.029942 0.426040
v 1.290730 0.111135 -0.988013
v 1.290746 0.110341 -0.949676
v 1.290746 0.110341 -0.949676
v 1.290746 0.110341 -0.949676
v 1.490612 -0.683122 -1.367550
v 1.490612 -0.683122 -1.367550
v 1.603952 -0.921668 -1.394392
v 1.603952 -0.921668 -1.394392
v 1.598414 -0.923504 -1.397428
v 1.603608 -0.922814 -0.889184
v 1.603608 -0.922814 -0.889184
v 1.603561 -0.875781 -0.887653
v 1.148498 -0.264851 -0.434100
v 1.148498 -0.264851 -0.434100
v 1.150354 -0.264449 -0.637300
v 1.150354 -0.264449 -0.637300
v 1.150354 -0.264449 -0.637300
v 1.145400 0.855300 0.450000
v 1.145400 -0.855770 0.450000
v 1.183459 0.879785 0.336400
v 1.184570 0.877235 0.348300
v -1.661997 0.319850 -0.548323
v -1.661997 0.319850 -0.548323
v 0.758355 0.896000 -0.647540
v 0.758355 0.896000 -0.647540
v 0.758355 0.896000 -0.647540
v 0.753595 0.902350 -0.636670
v 0.753595 0.902350 -0.636670
v 0.753595 0.902350 -0.636670
v 0.753595 0.902350 -0.636670
v -0.139637 0.788250 -0.542386
v -0.139637 0.788250 -0.542386
v -1.251395 0.724565 0.356900
v -1.253702 0.722258 0.441960
v -1.359323 -0.778475 -0.648800
v -1.359323 -0.778475 -0.648800
v -1.686090 -0.454702 -0.648800
v -1.686090 -0.454702 -0.648800
v -1.686090 -0.454702 -0.648800
v 0.624023 0.896150 -0.573841
v 1.156202 0.061714 -1.402475
v 1.156202 0.061714 -1.402475
v 1.187413 0.082890 -1.402475
v 1.067679 -0.389298 -1.389775
v 1.067679 -0.389298 -1.389775
v 0.934321 -0.490487 -1.389775
v 0.934321 -0.490487 -1.389775
v 1.087906 -0.288141 -1.396125
v 1.087906 -0.288141 -1.396125
v 1.087906 -0.288141 -1.396125
v 1.071905 -0.289731 -1.396125
v 1.071905 -0.289731 -1.396125
v 1.071905 -0.289731 -1.396125
v 1.449699 -0.458179 -1.448717
v 1.449699 -0.458179 -1.448717
v 1.446779 -0.452278 -1.479709
v 1.446779 -0.452278 -1.479709
v 1.382646 0.574320 -0.568089
v 1.382646 0.574320 -0.568089
v 1.495110 0.628042 -0.669692
v 1.495110 0.628042 -0.669692
v 1.324623 -0.903267 -1.326000
v 1.299420 -0.868391 -1.326000
v 1.372712 -0.922540 -1.326000
v 1.295031 -0.825586 -1.326000
v 1.312635 -0.786321 -1.326000
v 1.796860 -0.265572 -1.360027
v 1.796860 -0.265572 -1.360027
v -1.796027 0.815152 -1.215000
v 0.552868 0.404576 0.432436
v 0.552868 0.404576 0.432436
v 0.553995 0.403849 0.397200
v -1.139676 -0.401323 0.460492
v -1.138139 -0.403611 0.473600
v -1.138139 -0.403611 0.473600
v 1.456250 -0.370919 -1.222131
v 1.455528 0.370381 -1.222853
v 1.429983 0.039128 -1.284397
v 1.458667 0.074956 -1.284397
v 1.681112 -0.470792 -1.272417
v 1.681112 -0.470792 -1.272417
v 1.639522 -0.762892 -1.308703
v 1.638476 -0.756542 -1.307657
v 1.638476 -0.756542 -1.307657
v 1.639522 -0.527942 -1.308703
v 1.639522 -0.527942 -1.308703
v 1.634933 -0.527942 -1.289976
v 1.634933 -0.527942 -1.289976
v 1.634933 -0.527942 -1.289976
v 1.634933 -0.527942 -1.289976
v 1.634933 -0.527942 -1.289976
v 1.638476 -0.521592 -1.307657
v 0.964856 -0.896000 -0.570390
v 0.964856 -0.896000 -0.570390
v 0.964256 -0.896000 -0.499701
v 0.964256 -0.896000 -0.499701
v 0.964256 -0.896000 -0.499701
v 0.755972 -0.896000 -0.631671
v 0.755972 -0.896000 -0.631671
v 0.946208 -0.516106 -0.598800
v 0.946208 -0.516106 -0.638800
v 0.946208 -0.516106 -0.638800
v 0.946208 -0.516106 -0.638800
v 1.194513 0.265933 -0.434100
v 1.194513 0.265933 -0.434100
v 1.148498 0.264851 -0.434100
v 1.148498 0.264851 -0.434100
v 1.555553 -0.923418 -0.915375
v 1.555553 -0.923418 -0.915375
v 1.555931 -0.875321 -0.916056
v 1.555931 -0.875321 -0.916056
v 1.554250 -0.420899 -1.340166
v 1.120150 -0.420559 -1.339826
v 1.119639 -0.419952 -0.577003
v 1.560546 -0.418336 -1.338257
v -1.739886 -0.896300 0.348400
v -1.739886 -0.896300 0.348400
v -1.739886 -0.896300 0.348400
v -1.739886 -0.896300 0.348400
v -1.739886 -0.839950 0.348400
v -1.739886 -0.839950 0.348400
v -0.076637 0.320150 0.450000
v -0.076637 0.320150 -0.650000
v -0.076637 0.320150 -0.650000
v 0.679537 0.845600 0.348400
v 0.679537 0.845600 0.348400
v 0.628737 -0.844482 0.351047
v 0.628737 -0.844482 0.351047
v 0.624023 0.896150 -0.574409
v 0.624023 0.705999 -0.574409
v 0.624023 0.705999 -0.574409
v 0.674391 0.845782 -0.650000
v 0.674391 -0.845782 -0.650000
v 1.608087 -0.380985 -1.338975
v 1.608087 -0.380985 -1.338975
v 1.560446 -0.378726 -1.332625
v 1.560446 -0.378726 -1.332625
v 1.560446 -0.378726 -1.332625
v 1.560446 -0.378726 -1.332625
v -1.740143 0.470167 -0.598800
v -1.740143 0.470167 -0.598800
v -1.740143 0.470167 -0.573800
v -1.740143 0.470167 -0.573800
v 0.724760 0.733064 -0.638800
v 0.724760 0.733064 -0.638800
v 0.724760 0.733064 -0.598800
v 0.731832 0.725993 -0.648800
v 0.731832 0.725993 -0.648800
v 0.731832 0.725993 -0.648800
v 0.617813 0.845650 -0.586750
v 0.617813 0.883500 -0.586750
v 0.617813 0.883500 -0.586750
v 0.617813 0.883500 -0.586750
v 0.617813 0.883500 -0.586750
v 1.403481 0.870600 -0.570872
v 1.403481 0.870600 -0.570872
v 1.403481 0.870600 -0.570872
v 1.403481 0.870600 -0.570872
v 1.403481 0.870600 -0.570872
v 1.403481 0.870600 -0.570872
v -1.220003 0.838395 0.356900
v -1.220003 0.838395 0.356900
v -1.179087 0.849950 0.356900
v 0.635642 0.799716 0.356900
v 0.609004 0.838394 0.356900
v 0.609004 0.838394 0.356900
v -1.286215 0.777135 -0.579672
v -1.286215 0.777135 -0.579672
v -1.286215 0.777135 -0.579672
v -1.286215 0.777135 -0.579672
v -1.286215 0.777135 -0.579672
v -1.286215 0.739694 -0.556303
v -1.286215 0.739694 -0.556303
v -1.286215 0.739694 -0.556303
v 0.943228 -0.326281 -0.581398
v 0.943228 -0.326281 -0.581398
v 0.909928 -0.326281 -0.555922
v 0.909928 -0.326281 -0.555922
v 0.909928 -0.326281 -0.555922
v 0.674450 0.845723 -0.646010
v 0.674450 0.845723 -0.646010
v 0.674450 0.845723 -0.646010
v 0.674450 0.845723 -0.646010
v -0.376034 -0.319850 -0.650000
v -0.376034 -0.319850 -0.650000
v 0.624021 -0.845454 -0.577066
v 0.624021 -0.845454 -0.577066
v -1.600152 -0.845723 -0.581398
v -1.600152 -0.845723 -0.581398
v -1.600152 -0.845723 -0.581398
v -1.600152 -0.845723 -0.581398
v 1.329404 -0.944833 0.430060
v 1.329404 -0.944833 0.430060
v 1.329404 -0.944833 0.430060
v 1.329404 -0.944833 0.430060
v 1.070525 -0.371118 -1.387819
v 1.071247 0.370842 -1.388541
v 1.195151 -0.421061 -1.396125
v 1.195151 -0.421061 -1.396125
v 1.452435 -0.346209 -1.477451
v 1.452435 -0.374542 -1.502359
v 1.491488 0.657945 -0.568089
v 1.495295 0.632085 -0.568089
v 1.495295 0.632085 -0.568089
v 1.457527 0.626579 -0.568089
v 1.457527 0.626579 -0.568089
v 1.495110 0.628042 -0.568089
v 1.495110 0.628042 -0.568089
v 1.358494 0.797548 -1.326000
v 1.358494 0.797548 -1.326000
v 1.421450 -0.767364 -1.326000
v 1.421450 -0.767364 -1.326000
v 1.421450 -0.767364 -1.326000
v 1.421450 -0.767364 -1.326000
v 1.488329 -0.828422 -1.326000
v 1.488329 -0.828422 -1.326000
v 1.488329 -0.828422 -1.326000
v 1.747484 0.032826 -1.360027
v 1.747484 0.032826 -1.360027
v 1.665559 0.029809 -1.360027
v 1.665559 0.029809 -1.360027
v 1.665559 0.029809 -1.360027
v -1.761787 -0.907222 -1.215000
v -1.801959 -0.867192 -1.215000
v 1.352131 -0.370650 -1.008726
v 1.352853 0.370650 -1.008004
v 1.181488 0.335352 0.478173
v 1.181488 0.335352 0.478173
v 1.181488 0.335352 0.478173
v 1.181488 0.335352 0.478173
v 1.181488 0.335352 0.478173
v 1.170763 0.323106 0.489487
v 1.170763 0.323106 0.489487
v 1.170763 0.323106 0.489487
v -1.179758 0.446034 0.425992
v -1.179758 0.446034 0.425992
v -1.179758 0.446034 0.425992
v -1.165280 0.435235 0.425992
v -1.165280 0.435235 0.425992
v -1.165280 0.435235 0.425992
v 1.554112 0.581522 -1.361200
v 1.554112 0.581522 -1.361200
v 1.570335 0.065280 -1.284397
v 1.522156 -0.096201 -1.208197
v 1.522156 -0.096201 -1.208197
v 1.521433 -0.095725 -1.284397
v 1.521433 -0.095725 -1.284397
v 1.608449 -0.813692 -1.262026
v 1.608449 -0.813692 -1.262026
v 1.607220 -0.813692 -1.395880
v 1.607220 -0.813692 -1.395880
v 1.618842 -0.520512 -1.273705
v 1.618842 -0.520512 -1.273705
v 1.618156 -0.520397 -1.334290
v 1.618156 -0.520397 -1.334290
v 1.620123 -0.762878 -1.329197
v 1.620123 -0.762878 -1.329197
v 1.620123 -0.762878 -1.329197
v 1.255213 -0.896000 -0.658158
v 1.255213 -0.896000 -0.658158
v 1.255213 -0.896000 -0.658158
v 1.044719 -0.902350 -0.522562
v 1.044719 -0.902350 -0.522562
v 1.044719 -0.902350 -0.522562
v -0.076637 -0.320150 -0.650000
v -0.076637 -0.320150 -0.650000
v -0.073990 -0.269350 0.450000
v -0.073990 -0.269350 0.450000
v -1.745237 -0.320452 0.450000
v 1.134737 -0.320452 0.450000
v -0.612210 0.896778 0.339637
v -0.612210 0.896778 0.339637
v -0.612210 0.896778 0.339637
v -0.612210 0.896778 0.339637
v -0.612210 0.896778 0.339637
v -0.612210 0.896778 0.339637
v -0.643960 -0.896147 0.345084
v -0.643960 -0.896147 0.345084
v -0.643960 -0.896147 0.345084
v 1.273671 0.072494 -1.402475
v 1.273671 0.072494 -1.402475
v 1.079814 -0.846700 0.336400
v 1.079439 -0.847075 0.326400
v -1.704636 -0.885978 0.338607
v -1.704636 -0.885978 0.348300
v 1.170977 -0.161400 -0.484900
v 1.170977 -0.263000 -0.586500
v 0.967763 -0.269967 -0.593827
v 0.967763 -0.269967 -0.593827
v 1.145564 -0.270327 -0.593467
v 1.145564 -0.270327 -0.593467
v 1.503728 -0.417973 -1.338110
v 1.119529 -0.420127 -0.670059
v 1.554250 -0.420559 -1.388924
v 1.120150 -0.420899 -1.388584
v 1.184620 -0.855445 0.479578
v 1.184620 -0.855445 0.479578
v 1.184620 -0.855445 0.479578
v 1.184620 -0.855445 0.479578
v 1.171112 -0.843297 0.476902
v 1.171112 -0.843297 0.476902
v 1.171112 -0.843297 0.476902
v 1.195130 -0.262780 -0.436840
v 1.194408 0.262780 -0.436118
v 0.020993 0.269350 -0.650000
v 0.020993 0.269350 0.450000
v -0.725479 0.894976 0.348300
v -0.724792 0.896384 -0.573841
v 1.043066 0.894353 0.326406
v 1.043753 0.895761 -0.573841
v 0.020942 -0.269350 -0.054200
v 0.020942 -0.269350 -0.054200
v 0.020942 0.269350 -0.054200
v -1.035666 0.326281 -0.642019
v 1.037538 0.326281 -0.642019
v 1.037538 0.326281 -0.642019
v 1.556068 -0.873775 -1.340209
v 1.555346 0.873775 -1.340931
v -1.789636 0.470320 -0.598800
v -1.359323 0.778475 -0.648800
v -1.359323 0.778475 -0.648800
v -1.686090 0.454702 -0.648800
v -1.686090 0.454702 -0.648800
v 1.011706 0.356763 0.356900
v 1.014013 0.359070 0.441960
v 0.630380 0.694661 -0.642248
v -1.661997 -0.319850 -0.548323
v -1.661997 -0.319850 -0.548323
v -1.695297 -0.319850 -0.573800
v -1.695297 -0.319850 -0.573800
v -1.695297 -0.319850 -0.573800
v -1.789606 0.718486 -0.581398
v -1.789606 0.718486 -0.581398
v -1.789606 0.718486 -0.581398
v -1.789606 0.718486 -0.581398
v -1.618374 0.889719 -0.581398
v -1.618374 0.889719 -0.581398
v -1.286215 -0.777135 -0.579672
v -1.286215 -0.777135 -0.579672
v -1.286215 -0.777135 -0.579672
v -1.286215 -0.777135 -0.579672
v -1.235848 -0.773694 -0.574409
v -1.235848 -0.773694 -0.574409
v -1.286215 -0.845782 -0.577040
v -1.745610 -0.370277 -0.573841
v -1.745610 -0.370277 -0.573841
v -1.745610 -0.370277 -0.573841
v -1.745610 -0.700260 -0.577619
v -1.745610 -0.700260 -0.577619
v -1.745610 -0.700260 -0.577619
v 1.118858 0.370842 -1.387819
v 1.118135 -0.371118 -1.388541
v 0.933847 -0.490647 -1.396125
v 0.933847 -0.490647 -1.396125
v 1.254304 -0.046541 -1.326275
v 1.276197 -0.017004 -1.326275
v 1.324817 0.689925 -0.669692
v 1.345756 0.708675 -0.669692
v 1.345756 0.708675 -0.669692
v 1.348590 0.708675 -0.629722
v 1.348590 0.708675 -0.629722
v 1.348590 0.715025 -0.607876
v 1.348590 0.715025 -0.607876
v 1.503757 0.820818 -1.386290
v 1.503757 0.820818 -1.386290
v 1.399057 -0.877707 -1.326000
v 1.399057 -0.877707 -1.326000
v 1.419986 -0.857290 -1.326000
v 1.419986 -0.857290 -1.326000
v 1.419986 -0.857290 -1.326000
v -1.757951 0.907915 -1.215000
v -1.709565 0.923234 -1.215000
v -1.797164 0.868577 -1.215000
v 1.145596 -0.118341 -0.463802
v 1.145596 -0.118341 -0.438029
v 1.145596 -0.118341 -0.438029
v 1.145596 -0.118341 -0.438029
v 1.145596 -0.118341 -0.438029
v -1.155883 0.447651 0.397200
v -1.140156 0.459007 0.473600
v -1.140156 0.459007 0.473600
v -1.140156 0.459007 0.473600
v -1.161815 0.475150 0.473600
v -1.161815 0.475150 0.473600
v -1.189043 0.394184 0.473600
v -1.189043 0.394184 0.473600
v -1.194383 0.396526 0.456600
v -1.161385 0.398646 0.473600
v -1.161385 0.398646 0.473600
v 0.583783 -0.463074 0.456600
v 0.599903 -0.450878 0.456808
v -1.161385 -0.398645 0.473600
v -1.161385 -0.398645 0.473600
v -1.190723 -0.416423 0.425650
v -1.190723 -0.416423 0.425650
v -1.190723 -0.416423 0.425650
v 1.491923 0.091970 -1.284397
v 1.517051 -0.096199 -1.284397
v 1.517051 -0.096199 -1.284397
v 1.471447 -0.083276 -1.284397
v 1.443074 -0.059144 -1.284397
v 1.643352 -0.762892 -1.316435
v 1.643352 -0.762892 -1.316435
v 1.630743 -0.756542 -1.303827
v 1.630743 -0.756542 -1.303827
v 1.630743 -0.756542 -1.303827
v 1.254801 -0.902350 -0.658253
v 1.254801 -0.902350 -0.658253
v -0.652479 -0.844549 0.348294
v -0.651792 -0.845957 -0.573847
v -0.968136 0.269050 -0.650121
v -1.481425 0.269060 0.450650
v -1.797168 0.868576 -1.151632
v -1.818027 0.815152 -1.151632
v 0.426935 -0.370277 0.446030
v 0.426935 -0.370277 0.446030
v 0.628737 -0.572079 0.446030
v 1.303259 -0.106558 -1.010301
v 1.290734 -0.102515 -1.011211
v -1.659472 -0.862566 0.338606
v -1.659471 -0.865829 0.348300
v 0.617813 -0.845650 -0.586750
v 0.617813 -0.813650 -0.600750
v 0.617813 -0.813650 -0.600750
v 0.617813 -0.813650 -0.600750
v 1.147415 0.310866 -0.434100
v 1.147415 0.310866 -0.434100
v 1.193430 0.311950 -0.434100
v 1.193430 0.311950 -0.434100
v 0.967763 0.265934 -0.588351
v 0.967763 0.265934 -0.588351
v 1.145564 0.264851 -0.589435
v 1.145564 0.264851 -0.589435
v 1.445350 0.921900 -0.631348
v 1.445350 0.921900 -0.631348
v 1.445350 0.921900 -0.631348
v 1.406514 0.921037 -0.571654
v 1.406514 0.921037 -0.571654
v 1.172783 -0.919322 -0.231527
v 1.147415 -0.310867 -0.434100
v 1.147415 -0.310867 -0.434100
v 1.193430 -0.311950 -0.434100
v 1.193430 -0.311950 -0.434100
v 0.967763 -0.310867 -0.635449
v 0.967763 -0.310867 -0.635449
v 0.967763 -0.311949 -0.589434
v 0.967763 -0.311949 -0.589434
v 1.145564 -0.310866 -0.588351
v 1.145564 -0.310866 -0.588351
v 1.145564 -0.312699 -0.632600
v 1.145564 -0.312699 -0.632600
v 1.145564 -0.264449 -0.632510
v 1.145564 -0.264449 -0.632510
v 0.967763 -0.264851 -0.634366
v 0.967763 -0.264851 -0.634366
v 0.636313 -0.512000 0.336400
v 0.636313 -0.512000 0.348300
v 0.967071 0.896000 0.010687
v 0.967071 0.896000 0.010687
v 0.967071 0.896000 0.010687
v 1.139394 0.919435 -0.253243
v 1.050095 0.919257 -0.116283
v 1.050095 0.919257 -0.116283
v -1.679887 0.849950 0.356900
v -1.733356 0.381697 0.356900
v -1.711066 0.361793 0.356900
v -1.711066 0.361793 0.356900
v -1.747442 0.407112 0.356900
v 0.568087 0.849950 0.356900
v 0.624022 0.889918 -0.643681
v 0.624022 0.889918 -0.643681
v -1.600152 0.845723 -0.647913
v -1.600152 0.845723 -0.647913
v -1.600152 0.845723 -0.647913
v -1.600152 0.845723 -0.647913
v -1.600152 0.845723 -0.647913
v -1.600152 0.845723 -0.647913
v 1.185537 -0.896279 0.438100
v 1.185537 -0.896279 0.438100
v 1.318929 -0.937487 0.438100
v 1.318929 -0.937487 0.438100
v 1.318929 -0.937487 0.438100
v 1.185537 -0.624433 0.430140
v 1.185537 -0.622097 0.336400
v 1.191886 -0.622097 0.328460
v 1.191886 -0.622097 0.328460
v 1.191886 -0.622097 0.328460
v 1.191886 -0.622097 0.328460
v 1.191886 -0.622097 0.328460
v 1.356920 -0.339824 -1.479709
v 1.356920 -0.339824 -1.479709
v 1.357178 -0.373376 -1.508787
v 1.357178 -0.373376 -1.508787
v 1.243615 -0.052712 -1.402475
v 1.266849 -0.033996 -1.402475
v 1.325955 0.691035 -0.568089
v 1.345756 0.708675 -0.568089
v 1.345756 0.708675 -0.568089
v 1.348392 0.918014 -1.402500
v 1.439017 0.894262 -1.402500
v 1.460961 0.844909 -1.402483
v 1.460961 0.844909 -1.402483
v 1.460961 0.844909 -1.402483
v 1.460961 0.844909 -1.402483
v 1.416134 0.911223 -1.402500
v 1.416134 0.911223 -1.402500
v 1.460601 -0.843367 -1.326000
v 1.460601 -0.843367 -1.326000
v 1.460601 -0.843367 -1.326000
v 1.460601 -0.843367 -1.326000
v -1.709565 -0.901234 -1.151632
v -1.780885 0.843297 0.476902
v -1.780885 0.843297 0.476902
v 1.171112 0.843297 0.476902
v 1.171112 0.843297 0.476902
v 1.171112 0.843297 0.476902
v 0.598217 0.416360 0.432196
v 0.598217 0.416360 0.432196
v 0.598217 0.416360 0.432196
v -1.131513 0.429800 0.473600
v -1.131513 0.429800 0.473600
v -1.138139 0.403612 0.473600
v -1.138139 0.403612 0.473600
v 0.598726 -0.470557 0.461485
v 0.598726 -0.470557 0.461485
v 0.577946 -0.479051 0.473600
v 0.577946 -0.479051 0.473600
v 0.577946 -0.479051 0.473600
v 0.605494 -0.442392 0.473600
v 0.605494 -0.442392 0.473600
v 0.605494 -0.442392 0.473600
v -1.188546 -0.380549 0.473600
v -1.188546 -0.380549 0.473600
v -1.210503 -0.408722 0.456808
v -1.210503 -0.408722 0.456808
v -1.210503 -0.408722 0.456808
v 1.613398 -0.001634 -1.284397
v 1.606231 0.036445 -1.284397
v 1.043314 -0.896000 -0.184590
v 1.044217 -0.896000 -0.521657
v 1.044217 -0.896000 -0.521657
v -0.153558 -0.895037 0.348300
v -0.152871 -0.896445 -0.573841
v -1.655877 -0.313810 0.450640
v -0.885127 -0.313799 -0.650121
v -0.961184 0.269050 -0.650121
v -1.474473 0.269060 0.450650
v -1.818027 0.815152 -1.215000
v 1.690604 -0.036457 -1.360027
v 1.690604 -0.036457 -1.360027
v 0.931621 -0.891385 0.326400
v 0.933929 -0.893692 0.336400
v 0.693963 0.834296 -0.599484
v 0.693963 0.834296 -0.599484
v 0.980510 -0.889667 -0.523145
v 0.980333 -0.883300 -0.523145
v 0.980333 -0.883300 -0.523145
v 0.980333 -0.883300 -0.523145
v 0.980333 -0.883300 -0.567595
v 0.980333 -0.883300 -0.567595
v 0.980333 -0.845450 -0.567595
v 0.980333 -0.845450 -0.567595
v 0.980333 -0.845450 -0.567595
v 0.693963 -0.834296 -0.599484
v 0.693963 -0.834296 -0.599484
v 0.983359 -0.545176 -0.599484
v 0.983359 -0.545176 -0.599484
v 0.967763 -0.306833 -0.629973
v 0.967763 -0.306833 -0.629973
v 0.967763 -0.270327 -0.630333
v 0.967763 -0.270327 -0.630333
v 1.069843 -0.371801 -1.389750
v 1.069503 -0.372141 -0.573800
v -0.725238 0.320150 0.450000
v -0.725238 0.320150 -0.650000
v 1.186313 -0.266950 0.348400
v 1.186313 -0.266950 0.348400
v 1.186313 -0.266950 0.342050
v 1.186313 -0.266950 0.342050
v 0.628737 0.845600 0.353693
v 0.628737 0.845600 0.353693
v -0.327786 0.852414 0.301671
v -0.327786 0.852414 0.301671
v -0.327787 -0.848680 0.299527
v -0.327787 -0.848680 0.299527
v 1.167550 0.323743 0.348300
v 1.170099 0.324855 0.336400
v 1.602956 -0.873775 -1.388541
v 1.603678 0.873775 -1.387819
v -1.235737 0.813650 -0.622750
v -1.235737 0.813650 -0.622750
v -1.229618 0.845650 -0.636750
v -1.229618 0.845650 -0.636750
v 0.016972 -0.269350 -0.098650
v 0.016972 0.269350 -0.098650
v -1.747817 0.800175 0.441960
v -1.725367 0.834923 0.441960
v -1.725367 0.834923 0.441960
v 1.137328 0.800175 0.441960
v 1.114879 0.834923 0.441960
v -1.235848 0.739694 -0.548409
v -1.235848 0.739694 -0.548409
v -1.235848 0.739694 -0.548409
v -1.235848 -0.739694 -0.548409
v -1.235848 -0.739694 -0.548409
v -1.235848 -0.739694 -0.548409
v -1.618374 0.889719 -0.643739
v -1.694657 -0.449128 -0.638800
v -1.694657 -0.449128 -0.638800
v -1.694657 -0.449128 -0.638800
v -1.690166 -0.444637 -0.638800
v -1.690166 -0.444637 -0.638800
v -1.690166 -0.444637 -0.638800
v -1.690166 -0.444637 -0.638800
v -1.690166 -0.444637 -0.638800
v -1.745610 0.370277 -0.650000
v -1.745610 0.370277 -0.650000
v -1.745610 0.370277 -0.650000
v 0.993541 0.370277 -0.650000
v 0.993541 0.370277 -0.650000
v 1.037538 -0.889719 -0.642019
v 1.037538 -0.889719 -0.642019
v 1.037538 -0.889719 -0.642019
v 1.037538 -0.889719 -0.642019
v 0.630454 -0.889719 -0.642019
v 1.141086 -0.851550 0.328460
v 1.141086 -0.851550 0.328460
v 1.141086 -0.851550 0.328460
v 1.141086 -0.851550 0.328460
v 1.141086 -0.851550 0.336400
v 1.560574 0.374369 -1.338250
v 1.119639 0.372748 -0.577003
v 1.274061 0.020794 -1.326275
v 1.256463 0.044884 -1.326275
v 1.307810 0.657946 -0.568089
v 1.342722 0.552549 -0.669692
v 1.389313 0.534527 -0.669692
v 1.456575 0.552549 -0.568089
v 1.383506 0.708675 -0.668351
v 1.383506 0.708675 -0.668351
v 1.355593 0.715025 -0.644149
v 1.355593 0.715025 -0.644149
v 1.388576 0.715025 -0.669709
v 1.388576 0.715025 -0.669709
v 1.421451 0.767364 -1.326000
v 1.421451 0.767364 -1.326000
v 1.421451 0.767364 -1.326000
v 1.421451 0.767364 -1.326000
v 1.411936 0.915166 -1.402500
v 1.411936 0.915166 -1.402500
v 1.395481 0.879500 -1.402500
v 1.395481 0.879500 -1.402500
v -1.761787 -0.907222 -1.151632
v -1.709565 -0.923234 -1.151632
v 1.145568 -0.106558 -0.486025
v 1.133043 -0.102515 -0.486936
v 1.168298 0.371520 0.493466
v 1.168298 0.371520 0.493466
v 1.168298 0.371520 0.493466
v 1.168298 0.371520 0.493466
v -1.770303 0.363492 0.499279
v -1.770303 0.363492 0.499279
v -1.210503 0.408722 0.456808
v -1.210503 0.408722 0.456808
v -1.210503 0.408722 0.456808
v 1.503860 0.370381 -1.269741
v 1.503138 -0.370919 -1.270463
v 1.517919 0.095100 -1.284397
v 1.517919 0.095100 -1.284397
v 1.652440 -0.527942 -1.283471
v 1.652440 -0.527942 -1.283471
v 1.664676 -0.527942 -1.296713
v 1.664676 -0.527942 -1.296713
v -1.718383 -0.863223 0.338607
v -1.718383 -0.863223 -0.650000
v -1.718383 -0.863223 -0.650000
v -0.885125 -0.269349 -0.650121
v -1.655876 -0.269360 0.450640
v -1.245237 -0.844482 0.446030
v -1.245237 0.845600 0.446030
v -0.643960 -0.848680 0.299527
v -0.643960 -0.848680 0.299527
v -1.780835 -0.855769 0.450000
v -1.780835 0.855300 0.450000
v 1.016333 -0.813450 -0.570670
v 1.016333 -0.813450 -0.570670
v 1.016333 -0.813450 -0.570670
v 1.030333 -0.845450 -0.573745
v -1.686160 -0.831037 -0.650000
v -1.686160 -0.831037 -0.589938
v 1.046650 -0.922814 -0.118524
v 1.046650 -0.922814 -0.118524
v 1.509973 -0.923122 -0.829302
v 1.762687 -0.306168 -1.367618
v 1.762687 -0.306168 -1.367618
v 1.756975 -0.308072 -1.357557
v 1.756975 -0.308072 -1.357557
v 1.615441 -0.358597 -1.396526
v 1.615441 -0.358597 -1.396526
v 0.042113 -0.319477 -0.650121
v 0.555402 -0.319487 0.450650
v 1.134737 0.326802 0.356340
v 0.967001 0.894413 0.326406
v 0.967688 0.895820 -0.573841
v -1.685428 0.833345 0.338606
v -1.685428 0.833345 0.338606
v -0.359537 -0.896652 0.338236
v -0.359537 -0.896652 0.338236
v -0.359537 -0.896652 0.338236
v -0.359537 -0.896652 0.338236
v 1.178311 0.896000 -0.214207
v 1.178311 0.896000 -0.214207
v 1.122868 -0.386197 0.441960
v 1.137328 -0.411153 0.441960
v 1.121758 0.923535 -0.588941
v 1.121758 0.923535 -0.588941
v 1.122024 0.875429 -0.588515
v 1.122024 0.875429 -0.588515
v 1.603608 0.922814 -0.889184
v 1.603608 0.922814 -0.889184
v -1.731038 0.786159 -0.589938
v -1.731038 0.786159 -0.650000
v 0.993541 -0.845723 -0.650000
v 0.993541 -0.845723 -0.650000
v 0.993541 -0.845723 -0.650000
v 0.624022 -0.895821 -0.649955
v 0.624022 -0.895821 -0.649955
v 0.919851 -0.896279 0.430140
v 1.230173 -1.042955 0.422020
v 1.230173 -1.042955 0.422020
v 1.230173 -1.042955 0.422020
v 1.191886 -0.902350 0.422020
v 1.191886 -0.902350 0.422020
v 1.191886 -0.902350 0.422020
v 1.191886 -0.902350 0.422020
v 1.191886 -0.902350 0.422020
v 1.191886 -0.902350 0.422020
v 1.191886 -0.902350 0.422020
v 1.191886 -0.902350 0.422020
v 1.187413 -0.082890 -1.402475
v 0.933847 0.490647 -1.396125
v 0.933847 0.490647 -1.396125
v 1.067471 0.389188 -1.396125
v 1.067471 0.389188 -1.396125
v 1.166132 -0.015959 -1.402475
v 1.223948 0.057879 -1.326275
v 1.223948 0.057879 -1.326275
v 1.223844 0.090753 -1.326275
v 1.223844 0.090753 -1.326275
v 1.356603 0.421785 -1.341205
v 1.554160 0.810878 -1.339976
v 1.372712 0.922540 -1.326000
v 1.656449 -0.180253 -1.360027
v 1.656449 -0.180253 -1.360027
v 1.656449 -0.180253 -1.360027
v 1.656449 -0.180253 -1.360027
v 1.779108 0.297358 -1.360027
v 1.779108 0.297358 -1.360027
v 1.779108 0.297358 -1.360027
v 1.742689 0.256681 -1.360027
v 1.742689 0.256681 -1.360027
v 1.742689 0.256681 -1.360027
v 1.742689 0.256681 -1.360027
v -1.818027 -0.815152 -1.151632
v -1.801959 -0.867192 -1.151632
v 1.373058 0.370950 -1.095978
v 1.373058 0.370950 -1.095978
v 1.324315 0.370950 -1.006801
v 1.320201 0.370950 -1.009176
v 0.605494 0.442392 0.473600
v 0.605494 0.442392 0.473600
v 0.605494 0.442392 0.473600
v 0.561199 -0.478874 0.460491
v 0.561199 -0.478874 0.460491
v 0.534384 -0.438243 0.473600
v 0.578554 -0.416459 0.425976
v 0.578554 -0.416459 0.425976
v 0.578554 -0.416459 0.425976
v 1.517919 -0.094880 -1.208197
v 1.517919 -0.094880 -1.208197
v 1.667783 -0.527942 -1.288885
v 1.667783 -0.527942 -1.288885
v 1.667783 -0.527942 -1.288885
v 1.645259 -0.527942 -1.278688
v 1.645259 -0.527942 -1.278688
v 1.645259 -0.527942 -1.278688
v 1.679896 -0.408558 -1.372766
v 1.679896 -0.408558 -1.372766
v 1.679822 -0.876013 -1.372670
v 1.679822 -0.876013 -1.372670
v 0.967001 -0.894413 0.326406
v 0.967688 -0.895821 -0.573841
v -1.648124 -0.319787 0.450640
v -0.877374 -0.319776 -0.650121
v -1.404411 0.313509 0.450650
v -0.891121 0.313500 -0.650121
v 1.303258 0.099562 -1.009285
v 1.290735 0.093596 -1.011834
v 0.685727 0.701386 -0.599484
v 0.685727 0.701386 -0.599484
v 0.630506 0.701500 -0.599484
v 1.030333 -0.889619 -0.523145
v 1.030333 -0.889619 -0.523145
v 1.096528 -0.922814 -0.629317
v 1.096528 -0.922814 -0.629317
v 1.121758 -0.923536 -0.588941
v 1.121758 -0.923536 -0.588941
v 1.139292 -0.879369 -0.253309
v 1.050190 -0.879426 -0.116221
v 1.050190 -0.879426 -0.116221
v 1.193430 -0.264851 -0.637300
v 1.193430 -0.264851 -0.637300
v 1.193430 -0.264851 -0.637300
v 0.967763 -0.306473 -0.593467
v 0.967763 -0.306473 -0.593467
v 1.145564 -0.306833 -0.593827
v 1.145564 -0.306833 -0.593827
v 1.118260 -0.371801 -0.573800
v 1.118601 -0.372141 -1.389750
v -1.789754 -0.855275 0.449903
v -1.789754 -0.855275 0.449903
v -1.790376 -0.855535 0.478607
v -1.790376 -0.855535 0.478607
v -1.790376 -0.855535 0.478607
v -1.790376 -0.855535 0.478607
v -1.790376 -0.855535 0.478607
v 1.152891 0.269967 -0.637300
v 1.152891 0.269967 -0.637300
v 1.152891 0.269967 -0.637300
v 1.152891 0.269967 -0.637300
v 1.145564 0.272525 -0.637300
v 1.145564 0.272525 -0.637300
v 1.145564 0.272525 -0.637300
v 1.145564 0.272525 -0.637300
v 1.129387 0.839724 0.450000
v 1.129387 0.839724 0.450000
v 1.129387 0.896279 0.450000
v 1.129387 0.896279 0.450000
v 1.129387 0.896279 0.450000
v 1.129387 0.896279 0.450000
v -1.739886 -0.839724 0.450000
v -1.739886 -0.839724 0.450000
v 0.120571 0.313814 -0.650121
v 0.891321 0.313824 0.450640
v 0.636313 0.267050 0.345225
v 1.186313 0.267050 0.345225
v 1.186313 0.267050 0.345225
v 0.628737 0.572079 0.446030
v 0.426935 0.370277 0.446030
v 0.426935 0.370277 0.446030
v 0.909928 0.370277 -0.550856
v 0.909928 0.370277 -0.550856
v 0.909928 0.370277 -0.550856
v 0.909928 0.370277 -0.550856
v 1.563643 -0.379687 -1.338975
v 1.563643 -0.379687 -1.338975
v 0.941718 0.511616 -0.598800
v 0.941718 0.511616 -0.638800
v 0.941718 0.511616 -0.638800
v 0.941718 0.511616 -0.638800
v 0.623933 0.813650 -0.622750
v 0.623933 0.813650 -0.622750
v 1.555553 0.923418 -0.915375
v 1.555553 0.923418 -0.915375
v 1.555931 0.875321 -0.916056
v 1.555931 0.875321 -0.916056
v 1.172879 0.879491 -0.231465
v -0.068748 -0.269350 -0.098650
v -0.068748 0.269350 -0.098650
v -1.752194 0.724566 0.356900
v -1.754501 0.722258 0.441960
v 1.122868 0.386197 0.441960
v 1.099820 0.367229 0.441960
v 1.137328 0.411153 0.441960
v -1.796037 0.721150 -0.573841
v -1.796037 0.721150 -0.573841
v -1.796037 0.721150 -0.573841
v -1.796037 0.721150 -0.573841
v -1.621036 0.896150 -0.573841
v -1.621036 0.896150 -0.573841
v 0.993541 -0.370277 -0.579509
v 0.993541 -0.370277 -0.579509
v 0.993541 -0.370277 -0.579509
v 0.993541 -0.370277 -0.579509
v 0.993541 -0.370277 -0.650000
v 0.993541 -0.370277 -0.650000
v 1.081775 -0.285586 -1.389775
v 1.081775 -0.285586 -1.389775
v 1.081775 -0.285586 -1.389775
v 1.352065 -0.359742 -1.446925
v 1.304446 0.032389 -1.326275
v 1.304446 0.032389 -1.326275
v 1.307773 0.026485 -1.402475
v 1.307773 0.026485 -1.402475
v 1.416934 0.683770 -0.669692
v 1.416934 0.683770 -0.669692
v 1.449211 0.660026 -0.669692
v 1.449211 0.660026 -0.669692
v 1.411936 -0.915166 -1.402500
v 1.411936 -0.915166 -1.402500
v 1.412557 -0.913015 -1.326000
v 1.412557 -0.913015 -1.326000
v 1.796147 0.266033 -1.360027
v 1.796147 0.266033 -1.360027
v 0.615350 0.411015 0.473600
v 0.595216 0.401826 0.473600
v 0.595216 0.401826 0.473600
v 0.595216 0.401826 0.473600
v 0.563543 0.393794 0.456083
v 0.561557 0.394184 0.473600
v 0.561557 0.394184 0.473600
v -1.152124 0.470724 0.460492
v 0.618543 -0.441306 0.473600
v 0.618543 -0.441306 0.473600
v 0.612461 -0.403611 0.473600
v 0.612461 -0.403611 0.473600
v 0.619074 -0.438601 0.460491
v 0.573657 -0.414370 0.412600
v -1.189043 -0.394184 0.473600
v -1.189043 -0.394184 0.473600
v -1.211754 -0.410585 0.473600
v -1.211754 -0.410585 0.473600
v 1.598284 -0.023046 -1.208197
v 1.570335 -0.065061 -1.208197
v 1.607220 -0.470792 -1.263255
v 1.607220 -0.470792 -1.263255
v 1.690274 -0.470792 -1.262026
v 1.690274 -0.470792 -1.262026
v 1.652440 -0.756542 -1.312164
v 1.652440 -0.756542 -1.312164
v 1.653869 -0.762892 -1.311781
v 1.630743 -0.521592 -1.303827
v 1.630233 -0.527942 -1.301922
v 1.630233 -0.527942 -1.301922
v -1.733394 -0.269360 0.450640
v -0.962644 -0.269349 -0.650121
v -1.780835 0.855300 0.475000
v -1.780835 -0.855769 0.475000
v -1.785957 -0.776376 0.338607
v -1.785957 -0.776376 0.348300
v -1.765808 -0.759492 0.338607
v -1.762545 -0.759493 0.348300
v -0.661837 -0.883931 -0.536267
v -0.661837 -0.883931 -0.536267
v -0.661837 -0.788250 -0.536267
v -0.661837 -0.788250 -0.536267
v -0.661837 -0.788250 -0.536267
v 1.189035 0.306833 -0.637300
v 1.189035 0.306833 -0.637300
v 1.189396 0.270327 -0.637300
v 1.189396 0.270327 -0.637300
v 1.557147 -0.874862 -1.394392
v 1.557147 -0.874862 -1.394392
v 1.555310 -0.880401 -1.397428
v 1.555310 -0.880401 -1.397428
v 0.043127 0.313799 -0.650121
v 0.813878 0.313810 0.450640
v -0.818898 0.313800 -0.650000
v -0.818898 0.313800 0.450000
v -0.818898 0.313800 0.450000
v -0.073990 0.269350 0.450000
v -0.073990 0.269350 0.450000
v 1.129387 0.889929 0.356340
v -1.659471 0.865829 0.348300
v -1.659472 0.862566 0.338606
v 0.636313 -0.266950 0.345225
v 0.636313 -0.266950 0.345225
v 0.628737 0.643921 0.450000
v 0.628737 0.643921 0.450000
v 0.355093 0.370277 0.442137
v 0.355093 0.370277 0.442137
v -0.652479 0.844549 0.348294
v -0.651792 0.845957 -0.573847
v -1.733323 0.785451 -0.650000
v -1.733323 0.785451 -0.650000
v -1.763231 0.818355 0.338607
v -1.763231 0.818355 0.338607
v -0.365860 0.896147 0.348300
v -0.365860 0.896147 0.348300
v -0.365860 0.896147 0.348300
v -0.076806 -0.845000 -0.548330
v -0.076806 -0.845000 -0.548330
v -0.076688 0.269350 -0.105000
v -0.076688 0.269350 -0.105000
v 0.941573 0.370277 -0.577599
v 0.941573 0.370277 -0.577599
v 0.941573 0.370277 -0.577599
v 0.941573 0.370277 -0.577599
v 0.941573 0.370277 -0.577599
v 0.993541 0.370277 -0.573800
v 0.674391 0.845782 -0.578356
v 1.216853 0.896000 -0.718382
v 1.216853 0.896000 -0.718382
v 0.903439 0.896000 -0.573160
v 0.903439 0.896000 -0.573160
v 0.970274 0.902350 0.021094
v 0.970274 0.902350 0.021094
v 0.970274 0.902350 0.021094
v 0.966592 0.902350 -0.401421
v 0.966592 0.902350 -0.401421
v 1.045970 0.902350 -0.174539
v 1.045970 0.902350 -0.174539
v 1.045970 0.902350 -0.174539
v 1.044948 0.896000 -0.178360
v 1.044948 0.896000 -0.178360
v 0.895537 0.902350 -0.555111
v 0.895537 0.902350 -0.555111
v 0.895537 0.902350 -0.555111
v 0.897492 0.902350 -0.570825
v 0.897492 0.902350 -0.570825
v 0.897492 0.902350 -0.570825
v 1.040771 0.896000 0.020809
v 1.040771 0.896000 0.020809
v 0.974564 0.896000 0.022405
v 0.974564 0.896000 0.022405
v -1.624502 -0.354570 0.441960
v -1.622195 -0.352263 0.356900
v 1.144013 -0.489070 0.441960
v 1.141706 -0.486763 0.356900
v -1.747442 -0.799716 0.356900
v -1.220003 -0.838395 0.356900
v -1.220003 -0.838395 0.356900
v -1.179087 -0.849950 0.356900
v -0.661837 0.883931 -0.440450
v -0.661837 0.883931 -0.440450
v -0.661837 0.883931 -0.440450
v -0.711837 0.890250 -0.440450
v -0.711837 0.890250 -0.440450
v -1.692131 0.376758 -0.598800
v -1.692131 0.376758 -0.598800
v -1.298644 0.770246 -0.598800
v -1.298644 0.770246 -0.598800
v -1.692212 0.327150 -0.598800
v 0.946208 0.516106 -0.638800
v 0.946208 0.516106 -0.638800
v 0.946208 0.516106 -0.638800
v 0.946208 0.516106 -0.638800
v 1.118122 0.896000 -0.252628
v 1.118122 0.896000 -0.252628
v 1.118122 0.896000 -0.252628
v 1.058228 0.896000 -0.170755
v 1.058228 0.896000 -0.170755
v 1.058228 0.896000 -0.170755
v 1.603147 0.875659 -0.889403
v 1.603147 0.875659 -0.889403
v 1.557147 0.874862 -1.394392
v 1.557147 0.874862 -1.394392
v 1.601581 0.874758 -1.394207
v 1.601581 0.874758 -1.394207
v 1.614437 -0.380985 -1.396125
v 1.614437 -0.380985 -1.396125
v 1.614437 -0.380985 -1.396125
v -1.235848 0.773694 -0.574409
v -1.235848 0.773694 -0.574409
v 0.909928 -0.370277 -0.550856
v 0.909928 -0.370277 -0.550856
v 0.909928 -0.370277 -0.550856
v 0.909928 -0.370277 -0.550856
v -1.665308 -0.370277 -0.553389
v -1.665308 -0.370277 -0.553389
v -1.665308 -0.370277 -0.553389
v -1.665308 -0.370277 -0.553389
v -1.661997 -0.326281 -0.555922
v -1.661997 -0.326281 -0.555922
v -1.661997 -0.326281 -0.555922
v -1.690166 -0.444637 -0.598800
v -1.694657 -0.449128 -0.598800
v -1.694657 -0.449128 -0.598800
v -1.353750 -0.787042 -0.638799
v -1.353750 -0.787042 -0.638799
v -1.353750 -0.787042 -0.638799
v -1.353750 -0.787042 -0.638799
v -1.353750 -0.787042 -0.638799
v -1.286215 -0.737974 -0.552356
v -1.286215 -0.737974 -0.552356
v -1.286215 -0.737974 -0.552356
v -1.286215 -0.737974 -0.552356
v -1.286215 -0.737974 -0.552356
v 1.037538 0.889719 -0.581398
v 1.037538 0.889719 -0.581398
v 1.037538 0.889719 -0.581398
v 1.037538 0.889719 -0.581398
v -1.789606 0.718486 -0.642019
v -1.789606 0.718486 -0.642019
v -1.789606 0.718486 -0.642019
v -1.789606 0.718486 -0.642019
v -1.745610 0.370277 -0.642019
v -1.745610 0.370277 -0.642019
v -1.745610 0.370277 -0.642019
v -0.376034 0.319850 -0.650000
v 1.043969 0.319850 -0.650000
v 1.043969 0.319850 -0.650000
v 1.043969 0.319850 -0.650000
v 0.993541 0.370277 -0.579509
v 0.993541 0.370277 -0.579509
v 0.993541 0.370277 -0.579509
v 0.993541 0.370277 -0.579509
v 0.993541 0.370277 -0.579509
v -1.600152 0.845723 -0.573841
v -1.600152 0.845723 -0.573841
v -1.600152 0.845723 -0.573841
v -1.600152 0.845723 -0.573841
v 0.624022 0.895881 -0.573891
v 0.624022 0.895881 -0.573891
v -1.600152 -0.845723 -0.573841
v -1.600152 -0.845723 -0.573841
v -1.600152 -0.845723 -0.573841
v -1.600152 -0.845723 -0.573841
v 0.630454 -0.889719 -0.581398
v 1.037538 -0.889719 -0.581398
v 1.037538 -0.889719 -0.581398
v 1.037538 -0.889719 -0.581398
v 1.037538 -0.889719 -0.581398
v -1.789607 -0.326287 -0.581398
v -1.789607 -0.326287 -0.581398
v -1.789606 -0.718486 -0.581398
v -1.789606 -0.718486 -0.581398
v -1.789606 -0.718486 -0.581398
v -1.789606 -0.718486 -0.581398
v 1.037538 -0.326281 -0.581398
v 1.037538 -0.326281 -0.581398
v 1.037538 -0.326281 -0.581398
v 1.037538 -0.326281 -0.581398
v 0.624022 -0.889904 -0.580242
v 0.624022 -0.889904 -0.580242
v -1.618374 -0.889719 -0.581398
v -1.618374 -0.889719 -0.581398
v 1.191886 -0.902350 0.328460
v 1.191886 -0.902350 0.328460
v 1.191886 -0.622097 0.422020
v 1.191886 -0.622097 0.422020
v 1.191886 -0.622097 0.422020
v 1.191886 -0.622097 0.422020
v 1.306356 -0.988089 0.438100
v 1.306356 -0.988089 0.438100
v 1.218484 0.058707 -1.326275
v 1.218484 0.058707 -1.326275
v 1.181919 0.041753 -1.326275
v 1.181919 0.041753 -1.326275
v 1.218333 0.058026 -1.402475
v 1.218333 0.058026 -1.402475
v 1.156309 -0.061785 -1.402475
v 1.156309 -0.061785 -1.402475
v 1.121307 0.151602 -1.328957
v 1.121307 0.151602 -1.328957
v 1.120956 0.151525 -1.399858
v 1.120956 0.151525 -1.399858
v 1.121065 -0.151595 -1.328916
v 1.121065 -0.151595 -1.328916
v 1.202671 -0.402908 -1.389775
v 1.202671 -0.402908 -1.389775
v 1.202671 -0.402908 -1.389775
v 0.939071 -0.518094 -1.389775
v 0.939071 -0.518094 -1.389775
v 1.067471 -0.389188 -1.396125
v 1.067471 -0.389188 -1.396125
v 1.069880 0.295410 -1.389775
v 1.069880 0.295410 -1.389775
v 1.081775 0.285585 -1.389775
v 1.081775 0.285585 -1.389775
v 1.081775 0.285585 -1.389775
v 1.195151 0.421061 -1.396125
v 1.195151 0.421061 -1.396125
v 1.352647 -0.427354 -1.394704
v 1.352647 -0.427354 -1.394704
v 1.357562 -0.394504 -1.382721
v 1.357562 -0.394504 -1.382721
v 1.357178 -0.451312 -1.414156
v 1.357178 -0.451312 -1.414156
v 1.357562 -0.416555 -1.509536
v 1.357562 -0.416555 -1.509536
v 1.351263 -0.415945 -1.503333
v 1.351264 -0.445893 -1.477451
v 1.043963 0.470123 -0.648574
v 1.277611 -0.006172 -1.402475
v 1.273020 0.023308 -1.402475
v 1.254979 -0.082718 -1.326275
v 1.222984 -0.088801 -1.326275
v 1.222984 -0.088801 -1.326275
v 1.142035 -0.065705 -1.326275
v 1.142035 -0.065705 -1.326275
v 1.142035 -0.065705 -1.326275
v 1.139288 -0.066760 -1.402475
v 1.139288 -0.066760 -1.402475
v 1.155984 -0.062026 -1.326275
v 1.155984 -0.062026 -1.326275
v 1.155984 -0.062026 -1.326275
v 1.119639 0.419952 -0.577003
v 1.560546 0.418336 -1.338257
v 1.446858 0.663468 -0.568089
v 1.446858 0.663468 -0.568089
v 1.456852 0.631294 -0.568089
v 1.456852 0.631294 -0.568089
v 1.350063 0.599321 -0.669692
v 1.350063 0.599321 -0.669692
v 1.453541 0.708675 -0.568089
v 1.453541 0.708675 -0.568089
v 1.456417 0.707169 -0.669692
v 1.456417 0.707169 -0.669692
v 1.391951 0.715025 -0.651559
v 1.392950 0.867425 -0.651771
v 1.355593 0.708675 -0.593449
v 1.355593 0.708675 -0.593449
v 1.399537 0.878099 -1.402500
v 1.399537 0.878099 -1.402500
v 1.422664 0.849048 -1.402501
v 1.422664 0.849048 -1.402501
v 1.422664 0.849048 -1.402501
v 1.336570 0.766010 -1.402500
v 1.336570 0.766010 -1.402500
v 1.352847 0.799246 -1.402500
v 1.352847 0.799246 -1.402500
v 1.354977 0.800007 -1.326000
v 1.354977 0.800007 -1.326000
v 1.354977 -0.800007 -1.326000
v 1.354977 -0.800007 -1.326000
v 1.422664 -0.849048 -1.402501
v 1.422664 -0.849048 -1.402501
v 1.762687 0.306168 -1.361935
v 1.762687 0.306168 -1.361935
v 1.762687 0.306168 -1.361935
v 1.764229 0.312347 -1.362119
v 1.764229 0.312347 -1.362119
v 1.764229 0.312347 -1.362119
v 1.614437 0.355615 -1.369552
v 1.614437 0.355615 -1.369552
v 1.776435 0.299491 -1.369514
v 1.776435 0.299491 -1.369514
v 1.654523 0.277900 -1.369551
v 1.654523 0.277900 -1.369551
v 1.742191 0.256397 -1.369552
v 1.742191 0.256397 -1.369552
v 1.614437 -0.355585 -1.369552
v 1.614437 -0.355585 -1.369552
v 1.652537 -0.271717 -1.360027
v 1.652537 -0.271717 -1.360027
v 1.655005 -0.181697 -1.369552
v 1.655005 -0.181697 -1.369552
v 1.703250 -0.024521 -1.369552
v 1.703250 -0.024521 -1.369552
v 1.705972 -0.001678 -1.369552
v 1.705972 -0.001678 -1.369552
v 1.740427 -0.001238 -1.360027
v 1.740427 -0.001238 -1.360027
v -1.818027 -0.815152 -1.215000
v -1.709565 -0.923234 -1.215000
v 1.304521 -0.370650 -1.008004
v 1.305243 0.370650 -1.008726
v 1.133055 0.110341 -0.425400
v 1.133055 0.110341 -0.425400
v 1.133055 0.110341 -0.425400
v 1.208937 0.110341 -0.425400
v 1.208937 0.110341 -0.425400
v 1.208937 0.110341 -0.425400
v 1.208953 0.111134 -0.463737
v 1.208953 0.111134 -0.463737
v 1.324315 -0.370950 -1.006801
v -1.770427 0.883775 0.499404
v -1.770427 0.883775 0.499404
v -1.790376 0.855535 0.478607
v -1.790376 0.855535 0.478607
v -1.790376 0.855535 0.478607
v -1.790376 0.855535 0.478607
v -1.790376 0.855535 0.478607
v 1.168152 0.892047 0.493571
v 1.168152 0.892047 0.493571
v 1.168152 0.892047 0.493571
v 1.168152 0.892047 0.493571
v 1.182250 0.887970 0.449901
v 1.182250 0.887970 0.449901
v 1.182250 0.887970 0.449901
v -1.791126 0.361079 0.479224
v -1.791126 0.361079 0.479224
v -1.791126 0.361079 0.479224
v -1.791126 0.361079 0.479224
v 1.560355 0.923475 -1.397423
v 1.554930 0.921608 -1.394254
v 1.554930 0.921608 -1.394254
v 1.603616 -0.880329 -1.397479
v 1.603616 -0.880329 -1.397479
v 1.601581 -0.874758 -1.394207
v 1.601581 -0.874758 -1.394207
v 1.603561 0.875781 -0.887653
v 1.086977 0.875430 -0.092296
v 1.086977 0.875430 -0.092296
v 0.580648 0.478506 0.460491
v 0.580648 0.478506 0.460491
v 0.576688 0.459532 0.432774
v 0.576688 0.459532 0.432774
v 0.520749 0.437746 0.473600
v 0.520749 0.437746 0.473600
v 0.520749 0.437746 0.473600
v 0.538846 0.410585 0.473600
v 0.538846 0.410585 0.473600
v -1.139677 0.401323 0.460492
v -1.214602 0.445994 0.473600
v -1.214602 0.445994 0.473600
v -1.186431 0.465936 0.473600
v -1.186431 0.465936 0.473600
v -1.186431 0.465936 0.473600
v -1.194383 0.463074 0.456600
v -1.211754 0.410585 0.473600
v -1.211754 0.410585 0.473600
v -1.195276 0.436791 0.425992
v -1.195276 0.436791 0.425992
v -1.195276 0.436791 0.425992
v -1.190723 0.416423 0.425650
v -1.190723 0.416423 0.425650
v -1.190723 0.416423 0.425650
v 0.527863 -0.403138 0.461485
v 0.540793 -0.470244 0.473600
v 0.540793 -0.470244 0.473600
v 0.540793 -0.470244 0.473600
v 0.529243 -0.458526 0.461485
v 0.591078 -0.399897 0.456808
v 0.591078 -0.399897 0.456808
v 0.559877 -0.416423 0.425650
v 0.559877 -0.416423 0.425650
v 0.559877 -0.416423 0.425650
v 0.556491 -0.419578 0.412600
v 0.556491 -0.419578 0.412600
v 0.554585 -0.433454 0.426142
v 0.554585 -0.433454 0.426142
v 0.554585 -0.433454 0.426142
v -1.221356 -0.458527 0.461485
v -1.215310 -0.464510 0.473600
v -1.215310 -0.464510 0.473600
v -1.144984 -0.421356 0.473600
v -1.144984 -0.421356 0.473600
v -1.144984 -0.421356 0.473600
v -1.194383 -0.463074 0.456600
v -1.186431 -0.465936 0.473600
v -1.186431 -0.465936 0.473600
v -1.186431 -0.465936 0.473600
v -1.172032 -0.444414 0.412600
v -1.172032 -0.444414 0.412600
v 1.578271 0.075150 -1.284397
v 1.578271 0.075150 -1.284397
v 1.522156 0.096421 -1.284397
v 1.522156 0.096421 -1.284397
v 1.578271 -0.074930 -1.208197
v 1.578271 -0.074930 -1.208197
v 1.606231 -0.036225 -1.208197
v 1.515240 -0.084469 -1.208197
v 1.515240 -0.084469 -1.208197
v 1.517545 0.083852 -1.208197
v 1.517545 0.083852 -1.208197
v 1.515240 0.084689 -1.284397
v 1.515240 0.084689 -1.284397
v 1.439954 0.030151 -1.208197
v 1.439954 0.030151 -1.208197
v 1.691503 -0.445392 -1.263256
v 1.691503 -0.445392 -1.263256
v 1.617612 -0.470792 -1.272417
v 1.617612 -0.470792 -1.272417
v 1.608449 -0.445392 -1.262026
v 1.608449 -0.445392 -1.262026
v 1.664676 -0.762892 -1.296713
v 1.664676 -0.756542 -1.298922
v 1.664676 -0.756542 -1.298922
v 1.634847 -0.756542 -1.284699
v 1.634847 -0.756542 -1.284699
v 1.634847 -0.756542 -1.284699
v 1.628942 -0.762892 -1.296343
v 1.628942 -0.762892 -1.296343
v 1.648257 -0.762892 -1.282503
v 1.650466 -0.756542 -1.282503
v 1.650466 -0.756542 -1.282503
v 1.658294 -0.521592 -1.279396
v 1.658294 -0.521592 -1.279396
v 1.664676 -0.521592 -1.298922
v 1.618660 -0.408552 -1.372819
v 1.618660 -0.408552 -1.372819
v 0.895537 -0.902350 -0.555111
v 0.895537 -0.902350 -0.555111
v 0.895537 -0.902350 -0.555111
v 0.903439 -0.896000 -0.573160
v 0.903439 -0.896000 -0.573160
v 1.040471 -0.902350 0.020510
v 1.040471 -0.902350 0.020510
v 1.043801 -0.896000 0.001631
v 1.043801 -0.896000 0.001631
v 0.967071 -0.896000 0.010687
v 0.967071 -0.896000 0.010687
v 0.967071 -0.896000 0.010687
v 0.970176 -0.843985 0.326406
v 0.970863 -0.845393 -0.573841
v -0.725479 -0.894976 0.348300
v -0.724792 -0.896384 -0.573841
v -1.772280 -0.818421 0.338607
v -1.772280 -0.818421 -0.650000
v -1.772280 -0.818421 -0.650000
v -0.725249 -0.851641 -0.548330
v -0.725249 -0.851641 -0.548330
v -1.745237 -0.320452 0.348400
v -0.605887 -0.896147 0.348300
v -0.605887 -0.896147 0.348300
v -0.605887 -0.896147 0.348300
v -0.612211 -0.896652 0.338236
v -0.612211 -0.896652 0.338236
v -0.612211 -0.896652 0.338236
v -0.612211 -0.896652 0.338236
v -1.221044 -0.400592 0.473600
v -1.221044 -0.400592 0.473600
v 1.366629 -0.118341 -0.949676
v 1.366629 -0.118341 -0.949676
v 1.366629 -0.118341 -0.949676
v 0.945521 -0.320150 -0.576054
v 0.940575 0.447746 -0.599484
v 0.940575 0.447746 -0.599484
v 0.630506 0.701500 -0.574484
v 0.685727 0.701386 -0.574484
v 0.685727 0.701386 -0.574484
v 1.030333 -0.845450 -0.567595
v 1.030333 -0.845450 -0.567595
v 1.030333 -0.883300 -0.567595
v 1.030333 -0.883300 -0.567595
v 1.030333 -0.883300 -0.567595
v 0.573363 -0.889818 -0.586750
v 0.573363 -0.889818 -0.586750
v -1.185168 -0.889818 -0.586750
v -1.185168 -0.889818 -0.586750
v -0.089637 -0.883931 -0.440450
v -0.089637 -0.883931 -0.440450
v -0.089637 -0.883931 -0.440450
v -0.139637 -0.890249 -0.440450
v -0.139637 -0.890249 -0.440450
v -0.139637 -0.883931 -0.536267
v -0.139637 -0.883931 -0.536267
v -0.139637 -0.883931 -0.536267
v -0.139637 -0.883931 -0.536267
v -0.139637 -0.788250 -0.542386
v -0.139637 -0.788250 -0.542386
v -1.719974 -0.858389 -0.650000
v -1.716744 -0.858389 -0.589938
v 1.554112 -0.899188 -0.992885
v 1.489490 -0.899188 -0.876305
v 1.579524 -0.873775 -1.275876
v 1.579524 -0.810275 -1.339376
v 0.685727 -0.701386 -0.599484
v 0.685727 -0.701386 -0.599484
v 0.630506 -0.701500 -0.599484
v 1.193430 0.264851 -0.637300
v 1.193430 0.264851 -0.637300
v 0.967763 0.269967 -0.593827
v 0.967763 0.269967 -0.593827
v 0.967763 0.306473 -0.593467
v 0.967763 0.306473 -0.593467
v 1.152891 0.306833 -0.434100
v 1.152891 0.306833 -0.434100
v 1.152530 0.270328 -0.434100
v 1.152530 0.270328 -0.434100
v 1.189396 0.306473 -0.434100
v 1.189396 0.306473 -0.434100
v 1.194513 -0.310867 -0.637300
v 1.194513 -0.310867 -0.637300
v 1.150265 -0.312699 -0.637300
v 1.150265 -0.312699 -0.637300
v 1.150265 -0.312699 -0.637300
v 1.150265 -0.312699 -0.637300
v 1.152530 -0.306472 -0.637300
v 1.152530 -0.306472 -0.637300
v 1.152530 -0.306472 -0.637300
v 1.152530 -0.306472 -0.637300
v 1.145564 -0.272525 -0.637300
v 1.145564 -0.272525 -0.637300
v 1.145564 -0.272525 -0.637300
v 1.145564 -0.272525 -0.637300
v 1.301281 -0.421736 -1.387868
v 1.554085 -0.916589 -1.388628
v -1.739886 0.839724 0.450000
v -1.739886 0.839724 0.450000
v -1.796036 0.839978 0.450000
v -1.796036 0.839978 0.450000
v -1.796036 0.839978 0.450000
v -1.796036 0.839978 0.450000
v 1.185537 -0.839950 0.450000
v 1.185537 0.839950 0.450000
v 1.185537 0.839950 0.450000
v 1.185537 0.839950 0.450000
v 1.185537 0.839950 0.450000
v -1.776443 -0.894787 0.450000
v -1.776443 -0.894787 0.450000
v 1.129387 -0.896279 0.348400
v 1.129387 -0.896279 0.348400
v -1.796036 -0.840000 0.348400
v -1.796036 -0.840000 0.348400
v -1.796036 -0.840000 0.348400
v -1.796036 -0.840000 0.348400
v -1.780885 0.323147 0.476902
v -1.780885 0.323147 0.476902
v -1.780885 0.323147 0.476902
v -1.780538 -0.843263 0.489495
v -1.780538 -0.843263 0.489495
v -1.780538 -0.843263 0.489495
v -1.770308 -0.852962 0.499404
v -1.770308 -0.852962 0.499404
v 1.160654 -0.883775 0.499404
v 1.160654 -0.883775 0.499404
v 1.184177 -0.883808 0.481368
v 1.184177 -0.883808 0.481368
v 1.168298 -0.371520 0.493466
v 1.168298 -0.371520 0.493466
v 1.168298 -0.371520 0.493466
v 1.168298 -0.371520 0.493466
v -1.780536 -0.373194 0.489488
v -1.780536 -0.373194 0.489488
v -1.780536 -0.373194 0.489488
v 1.181008 -0.335086 0.450000
v 1.181008 -0.335086 0.450000
v 1.160529 -0.332808 0.499279
v 1.160529 -0.332808 0.499279
v -1.777920 -0.324227 0.493210
v -1.777920 -0.324227 0.493210
v -1.777920 -0.324227 0.493210
v -1.777920 -0.324227 0.493210
v -1.780885 -0.323147 0.476902
v -1.780885 -0.323147 0.476902
v -1.780885 -0.323147 0.476902
v -1.780885 -0.843297 0.476902
v -1.780885 -0.843297 0.476902
v 0.917983 -0.896000 0.430060
v -1.692131 -0.376758 -0.598800
v -1.692131 -0.376758 -0.598800
v -1.692212 -0.327150 -0.598800
v 1.145564 0.312698 -0.632600
v 1.145564 0.312698 -0.632600
v 1.145564 0.304275 -0.637300
v 1.145564 0.304275 -0.637300
v 1.145564 0.304275 -0.637300
v -1.739886 0.896279 0.348400
v -1.739886 0.896279 0.348400
v -1.739886 0.896279 0.348400
v -1.739886 0.896279 0.348400
v -1.739886 0.839950 0.348400
v -1.739886 0.839950 0.348400
v 1.165944 0.894787 0.449999
v 1.165944 0.894787 0.449999
v 1.129387 0.839950 0.348400
v 1.129387 0.839950 0.348400
v 0.898981 0.319728 0.450640
v 0.128231 0.319717 -0.650121
v 0.628737 0.845600 0.446030
v 0.628737 -0.844482 0.446030
v 1.134737 -0.839950 0.446030
v 1.134737 0.839978 0.446030
v -0.365860 0.896147 0.332500
v -0.365860 0.896147 0.332500
v -0.083081 -0.845000 -0.542426
v -0.083081 0.845000 -0.542426
v -0.083081 0.845000 -0.542426
v -0.146519 0.845000 -0.542412
v -0.146519 -0.845000 -0.542412
v -0.146519 -0.845000 -0.542412
v 0.909928 0.319850 -0.548323
v 0.909928 0.319850 -0.548323
v -1.789607 0.326281 -0.642019
v -1.789607 0.326281 -0.642019
v 1.614437 -0.380985 -1.332625
v 1.614437 -0.380985 -1.332625
v 1.614437 -0.380985 -1.332625
v 1.078729 0.902350 -0.635709
v 1.078729 0.902350 -0.635709
v 1.077745 0.896000 -0.635636
v 1.077745 0.896000 -0.635636
v 1.040471 0.902350 0.020510
v 1.040471 0.902350 0.020510
v 1.043672 0.902350 -0.001947
v -0.662014 0.890298 -0.440450
v 0.946208 0.516106 -0.598800
v 1.030333 0.845450 -0.573626
v 1.030333 0.845450 -0.573626
v 1.030333 0.845450 -0.573626
v 0.617813 0.813650 -0.600750
v 0.617813 0.813650 -0.600750
v 0.617813 0.813650 -0.600750
v 0.623963 0.813650 -0.600750
v -1.229618 0.883500 -0.636750
v -1.229618 0.883500 -0.636750
v -0.089637 0.883931 -0.536267
v -0.089637 0.883931 -0.536267
v -0.139637 0.883931 -0.536267
v -0.139637 0.883931 -0.536267
v -0.139637 0.883931 -0.536267
v -0.139637 0.883931 -0.536267
v -0.139637 0.890249 -0.440450
v -0.139637 0.890249 -0.440450
v 1.346011 0.919431 -0.780143
v -1.758391 0.819974 -0.589938
v -1.758391 0.816743 -0.650000
v 1.401862 0.922266 -0.576147
v 1.401862 0.922266 -0.576147
v 1.401862 0.922266 -0.576147
v 1.439789 0.921463 -0.634444
v 1.439789 0.921463 -0.634444
v -0.068827 -0.269350 -0.105000
v 1.011706 0.854565 0.356900
v 1.014013 0.852258 0.441960
v 1.069398 0.849950 0.441960
v 0.674391 -0.671999 -0.548409
v 0.674391 -0.671999 -0.548409
v 0.624023 -0.671999 -0.548409
v 0.624023 -0.671999 -0.548409
v 0.624023 -0.671999 -0.548409
v -1.693642 -0.370277 -0.577599
v -1.693642 -0.370277 -0.577599
v -1.693642 -0.370277 -0.577599
v -1.693642 -0.370277 -0.577599
v -1.693642 -0.370277 -0.577599
v -1.242205 0.739694 -0.556303
v -1.242205 0.739694 -0.556303
v -1.745610 0.370277 -0.573841
v -1.745610 0.370277 -0.573841
v -1.745610 0.370277 -0.573841
v -1.745610 0.370277 -0.581398
v -1.745610 0.370277 -0.581398
v -1.745610 0.370277 -0.581398
v -1.789606 -0.718486 -0.642019
v -1.789606 -0.718486 -0.642019
v -1.789606 -0.718486 -0.642019
v -1.789606 -0.718486 -0.642019
v -1.789607 -0.326281 -0.642019
v -1.789607 -0.326281 -0.642019
v 0.993541 -0.845723 -0.581398
v 0.993541 -0.845723 -0.581398
v 0.993541 -0.845723 -0.581398
v 0.993541 -0.845723 -0.581398
v -1.235848 -0.845782 -0.574409
v 1.219224 0.088974 -1.402475
v 1.219224 0.088974 -1.402475
v 1.219224 -0.088974 -1.326275
v 1.219224 -0.088974 -1.326275
v 1.195168 -0.085433 -1.326275
v 0.938463 0.516583 -1.396125
v 0.938463 0.516583 -1.396125
v 1.113564 0.422092 -1.389775
v 1.113564 0.422092 -1.389775
v 1.451614 -0.423758 -1.421441
v 1.451614 -0.423758 -1.421441
v 1.352075 -0.428479 -1.429559
v 1.352075 -0.428479 -1.429559
v 1.451118 -0.458041 -1.446831
v 1.446432 -0.452652 -1.416619
v 1.446432 -0.452652 -1.416619
v 1.452436 -0.415945 -1.503333
v 1.452435 -0.445894 -1.477452
v 1.043963 0.321576 -0.647573
v 1.068652 -0.321576 -0.576228
v 1.068652 -0.321576 -0.576228
v 1.068652 -0.470123 -0.575227
v 1.068652 -0.470123 -0.575227
v 1.043963 -0.322577 -0.575227
v 1.290630 -0.056317 -1.326275
v 1.554160 0.810878 -1.388774
v 1.356580 0.421791 -1.387550
v 1.414153 0.684563 -0.568089
v 1.414153 0.684563 -0.568089
v 1.304001 0.632085 -0.568089
v 1.304001 0.632085 -0.568089
v 1.342444 0.631294 -0.568089
v 1.342444 0.631294 -0.568089
v 1.301663 0.633465 -0.669692
v 1.301663 0.633465 -0.669692
v 1.353107 0.596214 -0.568089
v 1.353107 0.596214 -0.568089
v 1.438128 0.715025 -0.653715
v 1.438128 0.715025 -0.653715
v 1.358610 0.881685 -1.326000
v 1.358610 0.881685 -1.326000
v 1.460601 0.843367 -1.326000
v 1.460601 0.843367 -1.326000
v 1.460601 0.843367 -1.326000
v 1.419986 0.857290 -1.326000
v 1.419986 0.857290 -1.326000
v 1.414556 0.810905 -1.326000
v 1.414556 0.810905 -1.326000
v 1.334837 0.854899 -1.326000
v 1.334837 0.854899 -1.326000
v 1.336370 0.765243 -1.326000
v 1.336370 0.765243 -1.326000
v 1.450875 0.754914 -1.402475
v 1.450875 0.754914 -1.402475
v 1.439017 -0.894262 -1.402500
v 1.460961 -0.844909 -1.402483
v 1.460961 -0.844909 -1.402483
v 1.460961 -0.844909 -1.402483
v 1.336570 -0.766010 -1.402500
v 1.336570 -0.766010 -1.402500
v 1.337900 -0.766492 -1.326000
v 1.337900 -0.766492 -1.326000
v 1.414556 -0.810905 -1.326000
v 1.414556 -0.810905 -1.326000
v 1.688606 -0.036992 -1.369552
v 1.688606 -0.036992 -1.369552
v 1.742865 -0.255674 -1.369552
v 1.742865 -0.255674 -1.369552
v 1.130000 0.901234 -1.151632
v 1.130000 0.901234 -1.151632
v -1.709565 -0.901234 -1.215000
v 1.145596 0.110341 -0.438029
v 1.145596 0.110341 -0.438029
v 1.145596 0.110341 -0.438029
v 1.196396 -0.118341 -0.463802
v 1.160535 0.852962 0.499404
v 1.160535 0.852962 0.499404
v 1.181008 0.335086 0.450000
v 1.181008 0.335086 0.450000
v 0.554011 0.455724 0.432488
v 0.577946 0.479051 0.473600
v 0.577946 0.479051 0.473600
v 0.540096 0.408722 0.456808
v 0.540096 0.408722 0.456808
v 0.606006 0.423343 0.456083
v 0.606006 0.423343 0.456083
v 0.564565 0.445121 0.425992
v 0.564565 0.445121 0.425992
v 0.564565 0.445121 0.425992
v 0.564565 0.445121 0.425992
v 0.559877 0.416423 0.425650
v 0.559877 0.416423 0.425650
v 0.561431 0.415186 0.412600
v -1.205611 0.447204 0.432167
v -1.205611 0.447204 0.432167
v -1.205611 0.447204 0.432167
v -1.131468 0.438306 0.461485
v -1.131468 0.438306 0.461485
v -1.221044 0.400592 0.473600
v -1.221044 0.400592 0.473600
v -1.229851 0.437744 0.473600
v -1.229851 0.437744 0.473600
v -1.211516 0.449362 0.456808
v -1.211516 0.449362 0.456808
v -1.192720 0.440724 0.412600
v -1.194109 0.419578 0.412600
v 0.544049 -0.445806 0.397200
v 0.587404 -0.454811 0.432167
v 0.587404 -0.454811 0.432167
v 0.587404 -0.454811 0.432167
v 0.542284 -0.418319 0.432600
v 0.542284 -0.418319 0.432600
v 0.604710 -0.464510 0.473600
v 0.604710 -0.464510 0.473600
v 0.595216 -0.401826 0.473600
v 0.595216 -0.401826 0.473600
v 0.595216 -0.401826 0.473600
v -1.155883 -0.447651 0.397200
v 1.469787 0.068405 -1.208197
v 1.469787 0.068405 -1.208197
v 1.681112 -0.813692 -1.374017
v 1.681112 -0.813692 -1.374017
v 1.681112 -0.839092 -1.374017
v 1.681112 -0.839092 -1.374017
v 1.617612 -0.813692 -1.374017
v 1.617612 -0.813692 -1.374017
v 1.618904 -0.408467 -1.273745
v 1.618904 -0.408467 -1.273745
v 1.645257 -0.756542 -1.316946
v 1.645257 -0.756542 -1.316946
v 1.645257 -0.756542 -1.316946
v 1.618598 -0.875853 -1.372912
v 1.618598 -0.875853 -1.372912
v 1.618903 -0.876018 -1.273745
v 1.618903 -0.876018 -1.273745
v 1.119376 -0.902350 -0.252894
v 1.119376 -0.902350 -0.252894
v 1.118122 -0.896000 -0.252628
v 1.118122 -0.896000 -0.252628
v 1.118122 -0.896000 -0.252628
v 1.040688 -0.845394 -0.573847
v 1.040002 -0.843986 0.326400
v -0.149696 -0.846017 -0.573841
v -0.150383 -0.844610 0.348300
v -0.080557 -0.844610 0.348294
v -0.079871 -0.846018 -0.573847
v -1.718357 -0.872260 -0.650000
v -0.821545 -0.269350 -0.650000
v -0.821545 -0.269350 -0.650000
v -0.824192 -0.269350 0.450000
v -0.824192 -0.269350 0.450000
v -0.729208 -0.269350 -0.650000
v -0.729208 -0.269350 0.450000
v -1.740981 -0.319728 0.450640
v -0.970231 -0.319717 -0.650121
v -0.884113 0.319477 -0.650121
v -1.397402 0.319487 0.450650
v -0.718974 0.838359 -0.542427
v -0.718974 0.838359 -0.542427
v -0.718974 -0.851641 -0.542427
v 1.134737 -0.326802 0.442060
v -1.745237 -0.326802 0.442060
v 1.139213 0.142985 -1.402475
v 1.303287 0.110341 -0.962305
v 1.303287 0.110341 -0.962305
v 1.303287 0.110341 -0.962305
v -0.661837 -0.788250 -0.542417
v 0.994333 -0.813450 -0.570670
v 0.994333 -0.813450 -0.570670
v 0.685727 -0.701386 -0.574484
v 0.685727 -0.701386 -0.574484
v 0.940575 -0.447746 -0.574484
v 0.940575 -0.447746 -0.574484
v 0.940575 -0.447746 -0.599484
v 0.940575 -0.447746 -0.599484
v 0.693963 -0.889701 -0.574484
v 0.693963 -0.834296 -0.574484
v 0.693963 -0.834296 -0.574484
v 0.967763 0.311949 -0.589434
v 0.967763 0.311949 -0.589434
v 0.967763 0.310867 -0.635449
v 0.967763 0.310867 -0.635449
v 1.119873 -0.879313 -0.591958
v 1.119873 -0.879313 -0.591958
v 1.119937 -0.919378 -0.591855
v 1.119937 -0.919378 -0.591855
v 1.367178 -0.879487 -0.746269
v 1.145564 -0.304275 -0.637300
v 1.145564 -0.304275 -0.637300
v 1.145564 -0.304275 -0.637300
v 1.119529 -0.372573 -0.670059
v 1.503755 -0.374722 -1.338103
v -1.793777 0.877768 0.348400
v -1.793777 0.877768 0.348400
v -1.794701 0.875398 0.450000
v -1.794701 0.875398 0.450000
v -1.796036 0.840000 0.348400
v -1.796036 0.840000 0.348400
v -1.796036 0.840000 0.348400
v -1.796036 0.840000 0.348400
v -1.796036 0.840000 0.348400
v 1.171112 0.323147 0.476902
v 1.171112 0.323147 0.476902
v 1.184177 -0.855302 0.449902
v 1.184177 -0.855302 0.449902
v 1.129387 0.896279 0.348400
v 1.129387 0.896279 0.348400
v 1.129387 0.896279 0.348400
v 1.129387 0.896279 0.348400
v 1.129387 0.896279 0.348400
v 1.129387 -0.896279 0.450000
v -1.739886 -0.896279 0.450000
v -1.739886 -0.896279 0.450000
v -1.739886 -0.896279 0.450000
v -1.739886 -0.896279 0.450000
v -1.796036 -0.839950 0.450000
v -1.796036 -0.839950 0.450000
v -1.796036 -0.839950 0.450000
v -1.796036 -0.839950 0.450000
v 0.891395 0.269360 0.450640
v 0.120644 0.269349 -0.650121
v -0.826838 0.320150 0.450000
v -0.826838 0.320150 -0.650000
v -0.826838 0.320150 -0.650000
v -1.739886 0.889929 0.442060
v 1.129387 0.889929 0.442060
v -1.785957 0.776376 0.348300
v -1.785957 0.776376 0.338607
v 0.970176 0.843985 0.326406
v 0.970863 0.845393 -0.573841
v -0.150383 0.844610 0.348300
v -0.149696 0.846017 -0.573841
v -1.772280 0.818421 0.338607
v -1.772280 0.818421 -0.650000
v -1.772280 0.818421 -0.650000
v 0.679537 -0.844482 0.348400
v 1.179187 -0.839950 0.442060
v 1.179187 0.839978 0.442060
v -0.150754 -0.845000 -0.497962
v -0.150754 -0.845000 -0.497962
v -0.148637 0.845000 -0.497962
v -0.148637 0.845000 -0.497962
v 0.943228 0.319850 -0.573800
v 0.943228 0.319850 -0.573800
v 0.943228 0.319850 -0.573800
v 0.624023 0.671999 -0.548409
v 0.624023 0.671999 -0.548409
v 0.624023 0.671999 -0.548409
v -1.679887 -0.849950 0.356900
v -0.711837 0.883931 -0.536267
v -0.711837 0.883931 -0.536267
v -0.711837 0.883931 -0.536267
v -0.711837 0.883931 -0.536267
v -1.369354 0.840956 -0.573800
v -1.369354 0.840956 -0.573800
v -1.690166 0.444637 -0.598800
v -1.690166 0.444637 -0.638800
v -1.690166 0.444637 -0.638800
v -1.690166 0.444637 -0.638800
v -1.690166 0.444637 -0.638800
v -1.690166 0.444637 -0.638800
v 0.980510 0.889667 -0.523145
v 0.980333 0.883300 -0.523145
v 0.980333 0.883300 -0.523145
v 0.980333 0.883300 -0.523145
v 0.573363 0.889818 -0.586750
v 0.573363 0.889818 -0.586750
v 0.008151 0.361200 -0.642504
v 0.008151 0.361200 -0.556944
v 1.555310 0.880401 -1.397428
v 1.555310 0.880401 -1.397428
v 1.096771 0.875663 -0.628927
v 1.096771 0.875663 -0.628927
v 1.359048 0.921463 -0.603493
v 1.359048 0.921463 -0.603493
v 1.359048 0.921463 -0.603493
v -1.752194 0.482263 0.356900
v -1.754501 0.484570 0.441960
v -1.286215 -0.845782 -0.642437
v -1.286215 0.845782 -0.642540
v 0.909928 -0.319850 -0.548323
v 0.909928 -0.319850 -0.548323
v 0.624023 -0.705999 -0.574409
v 0.624023 -0.705999 -0.574409
v -1.745610 0.700260 -0.577619
v -1.745610 0.700260 -0.577619
v -1.745610 0.700260 -0.577619
v 0.993541 -0.845723 -0.642019
v 0.993541 -0.845723 -0.642019
v 0.993541 -0.845723 -0.642019
v 0.993541 -0.845723 -0.642019
v -1.796036 -0.319850 -0.650000
v -1.796036 -0.319850 -0.650000
v 0.624023 0.172250 -0.650000
v 0.624023 -0.896150 -0.650000
v 0.624023 -0.896150 -0.650000
v 0.624023 -0.896150 -0.650000
v 0.624022 -0.895881 -0.573891
v 0.624022 -0.895881 -0.573891
v 1.318306 -0.938624 0.430060
v 1.069843 0.420899 -0.573800
v 1.069503 0.420559 -1.389750
v 0.960859 0.527420 -1.396125
v 0.960859 0.527420 -1.396125
v 1.352659 -0.458294 -1.446813
v 1.449607 -0.333646 -1.448737
v 1.449607 -0.333646 -1.448737
v 1.446779 -0.341062 -1.481853
v 1.446779 -0.341062 -1.481853
v 1.446432 -0.376035 -1.509679
v 1.446432 -0.376035 -1.509679
v 1.068652 -0.471124 -0.647573
v 1.068652 -0.471124 -0.647573
v 1.043963 -0.470123 -0.648574
v 1.068652 -0.322577 -0.648574
v 1.068652 -0.322577 -0.648574
v 1.223593 -0.057500 -1.326275
v 1.223593 -0.057500 -1.326275
v 1.139274 0.068114 -1.402475
v 1.139274 0.068114 -1.402475
v 1.444531 0.594053 -0.568089
v 1.341340 0.762660 -1.402500
v 1.341340 0.762660 -1.402500
v 1.412557 0.913015 -1.326000
v 1.412557 0.913015 -1.326000
v 1.450875 0.754914 -1.326000
v 1.450875 0.754914 -1.326000
v 1.503757 0.820818 -1.342185
v 1.503757 0.820818 -1.342185
v 1.669253 0.283795 -1.369552
v 1.669253 0.283795 -1.369552
v 1.669253 0.283795 -1.369552
v 1.667710 -0.030268 -1.360027
v 1.667710 -0.030268 -1.360027
v 1.130000 0.923234 -1.215000
v 1.130000 0.923234 -1.215000
v 1.130000 -0.923234 -1.151632
v 1.130000 -0.923234 -1.151632
v 1.196425 -0.107563 -0.485009
v 1.208948 -0.101596 -0.487559
v 1.184177 0.883808 0.481368
v 1.184177 0.883808 0.481368
v -1.780536 0.373194 0.489488
v -1.780536 0.373194 0.489488
v -1.780536 0.373194 0.489488
v 0.579275 0.442643 0.426142
v 0.579275 0.442643 0.426142
v -1.189963 0.478806 0.460932
v -1.144984 0.421356 0.473600
v -1.144984 0.421356 0.473600
v -1.144984 0.421356 0.473600
v -1.174358 0.465849 0.456808
v 0.562968 -0.459468 0.397200
v 0.578801 -0.380726 0.460491
v 0.578801 -0.380726 0.460491
v 0.551215 -0.384450 0.461200
v 0.563543 -0.393794 0.456083
v 0.561557 -0.394184 0.473600
v 0.561557 -0.394184 0.473600
v 0.564565 -0.445121 0.425992
v 0.564565 -0.445121 0.425992
v 0.564565 -0.445121 0.425992
v 0.557881 -0.440724 0.412600
v 0.557881 -0.440724 0.412600
v -1.189963 -0.478806 0.460932
v -1.192107 -0.478343 0.473600
v -1.192107 -0.478343 0.473600
v -1.211516 -0.449361 0.456808
v -1.211516 -0.449361 0.456808
v 1.521520 0.083868 -1.284397
v 1.521520 0.083868 -1.284397
v 1.690274 -0.839092 -1.262026
v 1.690274 -0.839092 -1.262026
v 1.627312 -0.521592 -1.323217
v 1.627312 -0.521592 -1.323217
v 1.658294 -0.756542 -1.279396
v 1.658294 -0.756542 -1.279396
v 1.658294 -0.756542 -1.279396
v 1.667783 -0.762892 -1.288885
v 1.667783 -0.762892 -1.288885
v 1.635397 -0.521592 -1.293310
v 1.643352 -0.527942 -1.316435
v 1.643352 -0.527942 -1.316435
v 1.680555 -0.763870 -1.334166
v 1.680555 -0.763870 -1.334166
v 1.670779 -0.762892 -1.323217
v 1.670779 -0.762892 -1.323217
v 1.044948 -0.896000 -0.178360
v 1.044948 -0.896000 -0.178360
v 0.897492 -0.902350 -0.570825
v 0.897492 -0.902350 -0.570825
v 0.897492 -0.902350 -0.570825
v 0.893219 -0.896000 -0.561065
v 0.893219 -0.896000 -0.561065
v 0.893219 -0.896000 -0.561065
v 1.078729 -0.902350 -0.635709
v 1.078729 -0.902350 -0.635709
v 1.043263 -0.902350 -0.649518
v 0.966568 -0.902350 -0.505061
v 0.966568 -0.902350 -0.505061
v 0.970273 -0.902350 0.021094
v 0.970273 -0.902350 0.021094
v 0.970273 -0.902350 0.021094
v -1.734819 -0.783954 0.338607
v -1.734819 -0.783954 0.338607
v -1.733323 -0.785451 -0.650000
v -1.733323 -0.785451 -0.650000
v -0.818898 -0.313800 -0.650000
v -0.818898 -0.313800 0.450000
v -0.818898 -0.313800 0.450000
v -1.397402 0.269059 0.450650
v -0.884113 0.269050 -0.650121
v -0.818907 -0.269350 -0.105000
v -0.826769 0.269350 -0.105000
v -0.826769 0.269350 -0.105000
v -1.289687 -0.844482 0.356340
v -1.289687 -0.844482 0.356340
v -1.289687 0.845600 0.356340
v -1.289687 -0.844482 0.442060
v -1.289687 0.845600 0.442060
v -1.789687 0.839978 0.442060
v -1.789687 -0.839950 0.442060
v -0.605887 -0.845597 0.297383
v -0.605887 -0.845597 0.297383
v -1.796027 -0.815152 -1.215000
v 0.724760 -0.733064 -0.638800
v 0.724760 -0.733064 -0.638800
v -1.754833 0.855300 0.450000
v -1.754833 -0.855769 0.450000
v 1.354087 -0.118341 -0.988078
v 0.945806 -0.313800 -0.647605
v 0.945806 -0.313800 -0.647605
v 1.041716 -0.313800 -0.646835
v 1.041716 -0.313800 -0.646835
v 1.661931 -0.283348 -1.360027
v 1.661931 -0.283348 -1.360027
v 1.661931 -0.283348 -1.360027
v 1.661931 -0.283348 -1.360027
v 1.726882 -0.180667 -1.360027
v 1.726882 -0.180667 -1.360027
v 1.741938 -0.257302 -1.360027
v 1.741938 -0.257302 -1.360027
v -1.676347 -0.885978 0.338606
v -1.676347 -0.885978 0.348300
v -1.750036 -0.275000 0.442060
v -1.750036 -0.275000 0.356500
v -0.661837 -0.883931 -0.440450
v -0.661837 -0.883931 -0.440450
v -0.661837 -0.883931 -0.440450
v -0.711837 -0.890249 -0.440450
v -0.711837 -0.890249 -0.440450
v -0.662014 -0.890298 -0.440450
v -0.089814 -0.890298 -0.440450
v 1.037069 -0.545304 -0.574484
v 0.983359 -0.545176 -0.574484
v 0.983359 -0.545176 -0.574484
v 1.189396 -0.306473 -0.434100
v 1.189396 -0.306473 -0.434100
v 1.069843 -0.420899 -0.573800
v 1.069502 -0.420559 -1.389750
v 1.165941 0.894437 0.348400
v 1.165941 0.894437 0.348400
v 1.183278 0.877768 0.348400
v 1.183278 0.877768 0.348400
v -1.776442 0.894437 0.348400
v -1.776442 0.894437 0.348400
v -1.794701 -0.875398 0.450000
v -1.794701 -0.875398 0.450000
v 1.181512 0.360925 0.478518
v 1.181512 0.360925 0.478518
v 1.181512 0.360925 0.478518
v 1.181512 0.360925 0.478518
v 1.181512 0.360925 0.478518
v -1.780885 -0.373153 0.476902
v -1.780885 -0.373153 0.476902
v -1.780885 -0.373153 0.476902
v -1.241990 -0.770042 -0.573800
v 1.146798 -0.262780 -0.483728
v 1.147520 0.262780 -0.484450
v -1.776443 0.894787 0.450000
v -1.776443 0.894787 0.450000
v 0.806124 0.269360 0.450640
v 0.035373 0.269349 -0.650121
v -0.071343 0.269350 -0.650000
v -0.071343 0.269350 -0.650000
v 1.145400 0.855300 0.475000
v 1.145400 -0.855770 0.475000
v -0.076806 0.896385 -0.573841
v -0.077493 0.894977 0.348300
v -1.718357 0.872260 -0.650000
v -0.359537 -0.854847 0.303815
v -0.359537 -0.854847 0.303815
v -0.359537 -0.854847 0.303815
v -0.359537 -0.854847 0.303815
v -0.359537 -0.854847 0.303815
v 0.746313 0.322000 0.348300
v 0.746313 0.322000 0.336400
v 0.630380 0.889793 -0.582303
v 0.763641 0.902350 -0.649184
v 0.763641 0.902350 -0.649184
v 1.043264 0.902350 -0.649518
v -1.224566 -0.834924 0.441960
v -1.224566 -0.834924 0.441960
v -1.179087 -0.849950 0.441960
v -1.369406 0.889701 -0.573800
v -1.241990 0.770042 -0.598800
v -1.692212 0.327150 -0.573800
v 0.936893 0.520932 -0.648800
v 0.936893 0.520932 -0.648800
v 1.043801 0.896000 0.001631
v 1.043801 0.896000 0.001631
v 1.603616 0.880329 -1.397479
v 1.603616 0.880329 -1.397479
v -1.679887 0.849950 0.441960
v -1.622195 0.352263 0.356900
v -1.624502 0.354570 0.441960
v -1.235848 -0.845782 -0.650000
v -1.235849 0.845782 -0.650000
v 0.941573 -0.370277 -0.577599
v 0.941573 -0.370277 -0.577599
v 0.941573 -0.370277 -0.577599
v 0.941573 -0.370277 -0.577599
v 0.941573 -0.370277 -0.577599
v -1.035666 -0.326281 -0.642019
v -1.286215 -0.845782 -0.650000
v -1.286215 0.845782 -0.650000
v -1.242205 0.845782 -0.642400
v -1.242205 -0.845782 -0.642613
v 0.624015 0.845454 -0.646891
v -1.745610 -0.700260 -0.646009
v -1.745610 -0.700260 -0.646009
v -1.745610 -0.700260 -0.646009
v -1.745610 -0.370277 -0.642019
v -1.745610 -0.370277 -0.642019
v -1.745610 -0.370277 -0.642019
v 0.624022 -0.889918 -0.643681
v 0.624022 -0.889918 -0.643681
v -1.618374 -0.889719 -0.643739
v 1.165954 0.014506 -1.326275
v 1.219224 0.088974 -1.326275
v 1.219224 0.088974 -1.326275
v 1.120150 0.372141 -1.388924
v 1.554250 0.371801 -1.388584
v 1.202671 0.402907 -1.389775
v 1.202671 0.402907 -1.389775
v 1.202671 0.402907 -1.389775
v 1.451040 -0.333808 -1.446813
v 1.446521 -0.340790 -1.414156
v 1.446521 -0.340790 -1.414156
v 1.352065 -0.359742 -1.448675
v 1.451608 -0.359011 -1.448746
v 1.446137 -0.419464 -1.508478
v 1.446137 -0.419464 -1.508478
v 1.166502 -0.015854 -1.326275
v 1.420441 0.576456 -0.568089
v 1.395287 0.880171 -1.326000
v 1.395287 0.880171 -1.326000
v 1.384289 0.794150 -1.326000
v 1.384289 0.794150 -1.326000
v 1.384289 0.794150 -1.326000
v 1.301248 0.804795 -1.326000
v 1.488329 -0.828422 -1.402475
v 1.488329 -0.828422 -1.402475
v 1.503757 -0.820818 -1.342185
v 1.503757 -0.820818 -1.342185
v 1.196396 0.110341 -0.438029
v 1.196396 0.110341 -0.438029
v 1.196396 0.110341 -0.438029
v 1.196396 0.110341 -0.438029
v 0.601329 0.431424 0.397200
v 0.529556 0.400593 0.473600
v 0.529556 0.400593 0.473600
v -1.210628 0.424602 0.432774
v -1.210628 0.424602 0.432774
v -1.159674 0.406585 0.432197
v -1.159674 0.406585 0.432197
v -1.159674 0.406585 0.432197
v -1.149805 0.410056 0.456084
v 0.581506 -0.381257 0.473600
v 0.581506 -0.381257 0.473600
v -1.210628 -0.424602 0.432774
v -1.210628 -0.424602 0.432774
v 1.503138 0.370381 -1.222131
v 1.503860 -0.370919 -1.222853
v 1.469786 -0.068185 -1.284397
v 1.469786 -0.068185 -1.284397
v 1.423125 -0.016303 -1.284397
v 1.608449 -0.470792 -1.397108
v 1.608449 -0.470792 -1.397108
v 1.691504 -0.470792 -1.395879
v 1.691504 -0.470792 -1.395879
v 1.617612 -0.839092 -1.374017
v 1.617612 -0.839092 -1.374017
v 1.617612 -0.813692 -1.272417
v 1.617612 -0.813692 -1.272417
v 1.678703 -0.521613 -1.329375
v 1.678703 -0.521613 -1.329375
v 1.678703 -0.521613 -1.329375
v 1.216853 -0.896000 -0.718382
v 1.216853 -0.896000 -0.718382
v 0.020993 -0.269350 0.450000
v 0.020993 -0.269350 -0.650000
v -0.968041 0.319418 -0.650121
v -1.481330 0.319427 0.450650
v -0.822799 0.269350 -0.054200
v -0.822799 -0.269350 -0.054200
v -0.822799 -0.269350 -0.054200
v -1.245237 0.845600 0.353693
v -1.245237 0.845600 0.353693
v 1.134737 -0.371252 0.353693
v 1.134737 -0.371252 0.353693
v 1.134737 -0.371252 0.446030
v -1.745237 -0.371252 0.446030
v 1.521433 0.095945 -1.208197
v 1.521433 0.095945 -1.208197
v 1.574303 0.078176 -1.208197
v 1.574303 0.078176 -1.208197
v 1.521615 0.083339 -1.208197
v 1.521615 0.083339 -1.208197
v -1.245000 0.572079 0.444707
v -1.245000 0.572079 0.444707
v -1.043198 0.370277 0.447353
v -1.043198 0.370277 0.447353
v 1.366645 -0.119135 -0.988013
v 0.944764 -0.320150 -0.646563
v 0.940575 0.447746 -0.574484
v 0.940575 0.447746 -0.574484
v 0.940479 0.327150 -0.574484
v 0.693963 -0.889701 -0.599484
v 0.967763 0.264851 -0.634366
v 0.967763 0.264851 -0.634366
v 1.145564 0.264449 -0.632510
v 1.145564 0.264449 -0.632510
v 1.152530 0.306472 -0.637300
v 1.152530 0.306472 -0.637300
v 1.152530 0.306472 -0.637300
v 1.367118 -0.919317 -0.746365
v 1.145564 -0.269967 -0.629973
v 1.145564 -0.269967 -0.629973
v 1.145564 -0.306473 -0.630333
v 1.145564 -0.306473 -0.630333
v 1.184620 0.855445 0.479578
v 1.184620 0.855445 0.479578
v 1.184620 0.855445 0.479578
v 1.184620 0.855445 0.479578
v 1.168385 -0.845046 0.493616
v 1.168385 -0.845046 0.493616
v 1.168385 -0.845046 0.493616
v 1.168385 -0.845046 0.493616
v -1.770303 -0.363492 0.499279
v -1.770303 -0.363492 0.499279
v 1.181008 -0.361214 0.450000
v 1.181008 -0.361214 0.450000
v -1.369406 -0.889700 -0.598800
v 0.813876 0.269360 0.450640
v 0.043125 0.269349 -0.650121
v 0.119118 -0.313514 -0.650121
v 0.632407 -0.313524 0.450650
v 1.171402 0.855300 0.475000
v 1.171402 -0.855770 0.475000
v -0.719127 0.888999 0.348300
v -0.718440 0.890406 -0.573841
v -0.327787 -0.896147 0.345084
v -0.327787 -0.896147 0.345084
v -0.327787 -0.896147 0.345084
v -1.750036 0.315000 0.442060
v -1.750036 0.315000 0.356500
v -1.693642 0.370277 -0.577599
v -1.693642 0.370277 -0.577599
v -1.693642 0.370277 -0.577599
v -1.693642 0.370277 -0.577599
v -1.693642 0.370277 -0.577599
v -1.695297 0.326281 -0.581398
v -1.695297 0.326281 -0.581398
v 0.630380 0.889793 -0.642359
v 1.011706 -0.356763 0.356900
v 1.014013 -0.359070 0.441960
v -1.247017 -0.800175 0.441960
v 0.635642 -0.799716 0.356900
v -1.235768 0.813650 -0.600750
v -0.059849 0.361200 -0.642504
v -0.059849 0.361200 -0.555922
v 1.096528 0.922813 -0.629317
v 1.096528 0.922813 -0.629317
v 1.446809 0.867425 -0.633590
v 1.446809 0.867425 -0.633590
v 1.446809 0.867425 -0.633590
v 1.446809 0.867425 -0.633590
v -1.695297 -0.326281 -0.581398
v -1.695297 -0.326281 -0.581398
v -1.235848 0.845782 -0.574409
v 0.630454 0.889719 -0.581398
v -1.789607 0.326281 -0.581398
v -1.789607 0.326281 -0.581398
v -1.600152 -0.845723 -0.642019
v -1.600152 -0.845723 -0.642019
v 0.674450 -0.845723 -0.577619
v 0.674450 -0.845723 -0.577619
v 0.674450 -0.845723 -0.577619
v 0.674450 -0.845723 -0.577619
v -1.745610 -0.370277 -0.650000
v -1.745610 -0.370277 -0.650000
v -1.745610 -0.370277 -0.650000
v -1.745610 -0.370277 -0.650000
v 1.195168 0.085432 -1.326275
v 1.118260 0.371801 -0.573800
v 1.118601 0.372141 -1.389750
v 1.067679 0.389298 -1.389775
v 1.067679 0.389298 -1.389775
v 0.963782 0.526761 -1.389775
v 0.963782 0.526761 -1.389775
v 1.112719 0.422364 -1.396125
v 1.112719 0.422364 -1.396125
v 1.451640 -0.387834 -1.410189
v 1.451640 -0.387834 -1.410189
v 1.352647 -0.362219 -1.396497
v 1.352647 -0.362219 -1.396497
v 1.451634 -0.432360 -1.448675
v 1.451624 -0.427304 -1.468077
v 1.451624 -0.427304 -1.468077
v 1.221763 0.370950 -1.364388
v 1.120163 0.269350 -1.364388
v 1.068652 0.470123 -0.575227
v 1.068652 0.470123 -0.575227
v 1.277033 0.069914 -1.326275
v 1.277033 0.069914 -1.326275
v 1.487913 0.591451 -0.568089
v 1.399057 0.877707 -1.326000
v 1.399057 0.877707 -1.326000
v 1.441566 0.891278 -1.326000
v 1.416134 0.911223 -1.326000
v 1.416134 0.911223 -1.326000
v 1.725546 -0.179590 -1.369552
v 1.725546 -0.179590 -1.369552
v 1.666513 -0.028354 -1.369552
v 1.666513 -0.028354 -1.369552
v 1.666281 0.030531 -1.369552
v 1.666281 0.030531 -1.369552
v 1.208937 -0.118341 -0.425400
v 1.208937 -0.118341 -0.425400
v 1.208937 -0.118341 -0.425400
v -1.789754 0.855275 0.449903
v -1.789754 0.855275 0.449903
v 1.184177 0.855302 0.449902
v 1.184177 0.855302 0.449902
v 0.551215 0.475150 0.461200
v -1.210600 0.429800 0.397200
v -1.215310 0.464510 0.473600
v -1.215310 0.464510 0.473600
v -1.192107 0.478343 0.473600
v -1.192107 0.478343 0.473600
v 0.586005 -0.455751 0.397200
v -1.210600 -0.429800 0.397200
v -1.161815 -0.384450 0.473600
v -1.161815 -0.384450 0.473600
v 1.604845 -0.039427 -1.284397
v 1.574303 -0.077956 -1.284397
v 1.574303 -0.077956 -1.284397
v 1.521615 -0.083119 -1.284397
v 1.521615 -0.083119 -1.284397
v 1.521520 -0.083648 -1.208197
v 1.521520 -0.083648 -1.208197
v 1.443074 0.059363 -1.208197
v 1.645259 -0.762892 -1.278688
v 1.645259 -0.762892 -1.278688
v 1.634847 -0.521592 -1.284699
v 1.650466 -0.521592 -1.282503
v 1.650466 -0.521592 -1.282503
v 1.058228 -0.896000 -0.170755
v 1.058228 -0.896000 -0.170755
v 1.058228 -0.896000 -0.170755
v 1.043066 -0.894353 0.326406
v 1.043753 -0.895761 -0.573841
v -1.685428 -0.833345 0.338606
v -1.685428 -0.833345 0.338606
v -0.733178 -0.313800 -0.650000
v -0.733178 -0.313800 0.450000
v -0.071343 -0.269350 -0.650000
v -0.071343 -0.269350 -0.650000
v -0.076637 -0.320150 0.450000
v -0.655536 0.838359 -0.542413
v -0.655536 -0.851641 -0.542413
v -0.655536 -0.851641 -0.542413
v -0.059849 -0.361200 -0.642504
v -0.059849 -0.361200 -0.555922
v -0.733030 -0.269350 -0.105000
v -1.296036 0.845600 0.450000
v -1.296036 -0.844482 0.450000
v 1.145564 0.288413 -0.484900
v 1.043963 0.288413 -0.586500
v 1.121184 -0.151485 -1.400034
v 1.121184 -0.151485 -1.400034
v 1.423125 0.016523 -1.208197
v 0.936892 -0.520932 -0.648800
v 0.936892 -0.520932 -0.648800
v 0.628737 -0.643921 0.450000
v 0.628737 -0.643921 0.450000
v -0.980337 -0.370277 0.442060
v -0.980337 -0.370277 0.442060
v -1.245000 -0.572079 0.444707
v -1.245000 -0.572079 0.444707
v 1.303287 -0.118341 -0.962305
v 1.303287 -0.118341 -0.962305
v 1.303287 -0.118341 -0.962305
v 1.303287 -0.118341 -0.962305
v -1.785957 -0.804660 0.348300
v -1.785957 -0.804660 0.338607
v -1.229618 -0.845650 -0.586750
v 0.940479 -0.327150 -0.599484
v 1.145564 0.310866 -0.588351
v 1.145564 0.310866 -0.588351
v 1.189036 0.269967 -0.434100
v 1.189036 0.269967 -0.434100
v 1.603147 -0.875659 -0.889403
v 1.603147 -0.875659 -0.889403
v 1.603561 -0.922958 -0.887653
v 1.086561 -0.923536 -0.092566
v 1.086561 -0.923536 -0.092566
v 1.139394 -0.919435 -0.253243
v 1.050095 -0.919257 -0.116283
v 1.050095 -0.919257 -0.116283
v 1.189036 -0.269967 -0.434100
v 1.189036 -0.269967 -0.434100
v 1.185562 -0.621363 0.430060
v 1.185562 -0.621363 0.430060
v -0.083767 0.889074 0.348300
v -0.083081 0.890482 -0.573841
v 1.077564 0.892250 0.336400
v 1.078314 0.893000 0.326400
v 0.931621 0.846354 0.326400
v 0.930467 0.847508 0.336400
v 1.559829 -0.378440 -1.396125
v 1.559829 -0.378440 -1.396125
v 1.559829 -0.378440 -1.396125
v -1.622195 -0.854565 0.356900
v -1.624502 -0.852258 0.441960
v -0.661837 0.883931 -0.536267
v -0.661837 0.883931 -0.536267
v -0.661837 0.788250 -0.542417
v 0.980333 0.845450 -0.573745
v 1.086561 0.923536 -0.092566
v 1.086561 0.923536 -0.092566
v 0.944611 0.313800 -0.576964
v 0.944611 0.313800 -0.576964
v 0.945521 0.320150 -0.576054
v -1.286215 0.739694 -0.548409
v -1.286215 0.739694 -0.548409
v 0.674391 -0.845782 -0.578356
v -1.286215 0.845782 -0.577040
v -1.618374 0.889719 -0.642019
v 1.043969 0.896150 -0.650000
v 1.043969 0.896150 -0.650000
v 1.043969 0.896150 -0.650000
v 1.043969 0.896150 -0.650000
v 0.624023 0.896150 -0.650000
v 0.624023 0.896150 -0.650000
v 0.624023 0.896150 -0.650000
v 0.624015 -0.845454 -0.646891
v 1.306356 -0.988089 0.430060
v 1.043963 -0.471124 -0.576228
v 1.043963 -0.321576 -0.647573
v 1.309422 -0.013816 -1.326275
v 1.342444 0.631294 -0.669692
v 1.342444 0.631294 -0.669692
v 1.347286 0.653075 -0.669692
v 1.310729 0.593645 -0.568089
v 1.488329 0.828422 -1.326000
v 1.488329 0.828422 -1.326000
v 1.341340 -0.762660 -1.402500
v 1.341340 -0.762660 -1.402500
v 1.352131 0.370650 -0.960394
v 1.352853 -0.370650 -0.961116
v 1.196396 0.110341 -0.463802
v 0.575455 0.445177 0.412600
v 0.575455 0.445177 0.412600
v -1.167110 0.401478 0.397200
v -1.165870 0.436816 0.412600
v 0.579275 -0.442643 0.426142
v 0.579275 -0.442643 0.426142
v -1.165223 -0.424345 0.412600
v -1.165223 -0.424345 0.412600
v 1.490612 0.683122 -1.367550
v 1.490612 0.683122 -1.367550
v 1.613398 0.001854 -1.208197
v 1.604845 0.039646 -1.208197
v 1.559916 0.071627 -1.208197
v 1.681112 -0.813692 -1.272417
v 1.681112 -0.813692 -1.272417
v 1.691503 -0.813692 -1.263256
v 1.691503 -0.813692 -1.263256
v 1.635397 -0.756542 -1.293310
v 1.635397 -0.756542 -1.293310
v 1.667782 -0.521592 -1.306750
v 1.667782 -0.521592 -1.306750
v 1.618842 -0.763973 -1.273705
v 1.618842 -0.763973 -1.273705
v 1.178311 -0.896000 -0.214207
v 1.178311 -0.896000 -0.214207
v -0.721617 -0.845956 -0.573841
v -0.722304 -0.844548 0.348300
v -1.733321 -0.313824 0.450640
v -0.962571 -0.313814 -0.650121
v -0.725249 0.838359 -0.548330
v 0.008151 -0.361200 -0.642504
v 0.008151 -0.361200 -0.556944
v -1.739886 -0.889929 0.442060
v 1.129387 -0.889929 0.442060
v 1.139213 -0.142985 -1.402475
v -1.214602 -0.445994 0.473600
v -1.214602 -0.445994 0.473600
v 0.693963 0.889700 -0.599484
v 0.940479 0.327150 -0.599484
v -0.089637 -0.788250 -0.542417
v 0.940479 -0.327150 -0.574484
v 1.194513 -0.265933 -0.434100
v 1.194513 -0.265933 -0.434100
v 1.184202 0.875398 0.450000
v 1.184202 0.875398 0.450000
v -1.369406 -0.889700 -0.573800
v -1.739886 0.896279 0.450000
v -1.739886 0.896279 0.450000
v -1.739886 0.896279 0.450000
v -1.739886 0.896279 0.450000
v -1.739886 0.845479 0.446030
v 1.129387 0.845479 0.446030
v -1.734819 0.783954 0.338607
v -1.734819 0.783954 0.338607
v 1.079439 0.847075 0.326400
v 1.079814 0.846700 0.336400
v 1.044719 0.902350 -0.522562
v 1.044719 0.902350 -0.522562
v 1.044719 0.902350 -0.522562
v -1.752194 -0.724565 0.356900
v -1.754501 -0.722258 0.441960
v -1.121395 -0.854565 0.356900
v -1.123702 -0.852258 0.441960
v -1.246642 -0.799716 0.356900
v 1.137328 -0.800175 0.441960
v 1.114879 -0.834923 0.441960
v -1.241990 0.770042 -0.573800
v 1.083682 0.919378 -0.094438
v 1.083682 0.919378 -0.094438
v 1.563507 -0.379991 -1.389775
v 1.563507 -0.379991 -1.389775
v -1.624502 0.852258 0.441960
v -1.622195 0.854566 0.356900
v 1.144013 0.722258 0.441960
v 1.141706 0.724565 0.356900
v -1.352254 -0.785546 -0.598800
v -1.352254 -0.785546 -0.598800
v 0.993541 -0.370277 -0.642019
v 0.993541 -0.370277 -0.642019
v 1.037538 -0.326281 -0.642019
v 1.037538 -0.326281 -0.642019
v 1.037538 -0.326281 -0.642019
v 1.274402 -1.020043 0.430060
v 1.473339 0.691038 -0.568089
v 1.432273 0.715025 -0.626234
v 1.432485 0.867425 -0.625235
v 1.370595 -0.756155 -1.326000
v 1.392208 -0.757288 -1.402502
v -1.757955 0.907915 -1.151632
v 1.304521 0.370650 -0.961116
v 1.305243 -0.370650 -0.960394
v 1.145567 0.099562 -0.485009
v 1.133044 0.093597 -0.487559
v 0.542284 0.418319 0.432600
v 0.542284 0.418319 0.432600
v 0.578554 0.416459 0.425976
v 0.578554 0.416459 0.425976
v 0.578554 0.416459 0.425976
v -1.144907 0.437831 0.456808
v 0.606006 -0.423343 0.456083
v 0.606006 -0.423343 0.456083
v -1.144907 -0.437831 0.456808
v -0.147206 -0.889060 0.348300
v -0.146519 -0.890467 -0.573841
v -0.725238 -0.320150 -0.650000
v -0.725238 -0.320150 0.450000
v -0.826838 -0.320150 0.450000
v -0.826838 -0.320150 -0.650000
v -0.826838 -0.320150 -0.650000
v -0.970335 -0.269349 -0.650121
v -1.741086 -0.269360 0.450640
v -0.649184 -0.851641 -0.548390
v -0.605887 0.896147 0.348300
v -0.605887 0.896147 0.348300
v -0.605887 0.896147 0.348300
v 1.170977 0.263000 -0.586500
v 1.170977 0.161400 -0.484900
v 0.355093 -0.370277 0.442137
v 0.355093 -0.370277 0.442137
v 1.303287 0.110341 -0.988078
v 1.354087 0.110341 -0.988078
v 1.040805 -0.320150 -0.647745
v 1.554112 -0.581522 -1.367550
v 1.554112 -0.581522 -1.367550
v 1.037069 0.545304 -0.574484
v -1.750036 -0.315000 0.442060
v -1.750036 -0.315000 0.356500
v 1.150265 0.312699 -0.637300
v 1.150265 0.312699 -0.637300
v 1.150265 0.312699 -0.637300
v 1.554250 -0.372141 -1.339826
v 1.120150 -0.371801 -1.340166
v 1.560574 -0.374369 -1.338250
v 1.119639 -0.372748 -0.577003
v -1.298644 -0.770245 -0.598800
v -1.298644 -0.770245 -0.598800
v -0.821545 0.269350 -0.650000
v -0.821545 0.269350 -0.650000
v -0.824192 0.269350 0.450000
v -0.824192 0.269350 0.450000
v 0.024963 0.320150 0.450000
v 0.024963 0.320150 -0.650000
v -0.655689 0.889013 0.348300
v -0.655002 0.890421 -0.573841
v 1.036792 0.888450 0.326406
v 1.037478 0.889857 -0.573841
v 1.165823 0.894827 0.336400
v 1.167696 0.894136 0.348300
v 1.608087 -0.380985 -1.389775
v 0.568086 -0.849950 0.441960
v -1.694657 0.449128 -0.598800
v -1.694657 0.449128 -0.598800
v 1.016333 0.813450 -0.570670
v 1.016333 0.813450 -0.570670
v 0.944764 0.320150 -0.646563
v 0.636017 0.800175 0.441960
v 1.141086 -0.622097 0.336360
v 1.141086 -0.622097 0.336360
v 1.120150 0.420559 -1.339826
v 1.554250 0.420899 -1.340166
v 0.938463 -0.516583 -1.396125
v 0.938463 -0.516583 -1.396125
v 1.451052 -0.364748 -1.394704
v 1.451052 -0.364748 -1.394704
v 1.354000 -0.333923 -1.448717
v 1.354000 -0.333923 -1.448717
v 1.375734 0.682594 -0.669692
v 1.375734 0.682594 -0.669692
v 1.488329 0.828422 -1.402475
v 1.488329 0.828422 -1.402475
v 1.488329 0.828422 -1.402475
v 1.208953 -0.119135 -0.463737
v 0.583783 0.463074 0.456600
v 0.599903 0.450878 0.456808
v -1.203900 0.450805 0.397200
v -1.221356 0.458527 0.461485
v -1.176943 -0.414369 0.412600
v 1.690274 -0.813692 -1.397108
v 1.690274 -0.813692 -1.397108
v 1.218098 -0.902350 -0.718094
v 1.218098 -0.902350 -0.718094
v 0.963953 -0.902350 -0.571293
v 0.963953 -0.902350 -0.571293
v -0.733109 0.269350 -0.098650
v -0.733109 -0.269350 -0.098650
v -0.643960 0.896147 0.345084
v -0.643960 0.896147 0.345084
v -0.605887 0.896147 0.332500
v -0.605887 0.896147 0.332500
v 1.726116 0.180367 -1.360027
v 1.726116 0.180367 -1.360027
v 0.623933 -0.813650 -0.622750
v 0.623933 -0.813650 -0.622750
v -1.235737 -0.813650 -0.622750
v -1.235737 -0.813650 -0.622750
v 1.554159 -0.810878 -1.339976
v 1.356603 -0.421786 -1.341205
v -1.704636 0.885978 0.338607
v -1.704636 0.885978 0.348300
v -0.147206 0.889060 0.348300
v -0.146519 0.890467 -0.573841
v -0.079871 0.846018 -0.573847
v -0.080557 0.844610 0.348294
v 1.179187 0.839978 0.356340
v 1.179187 -0.839950 0.356340
v 1.179187 -0.839950 0.356340
v 0.510394 -0.854566 0.356900
v 0.512702 -0.852258 0.441960
v -1.747442 -0.407112 0.356900
v -1.747817 -0.800175 0.441960
v 1.069398 -0.849950 0.441960
v -1.789636 0.470320 -0.573800
v -1.185168 0.889867 -0.636573
v 1.043245 0.896000 -0.649427
v 1.172783 0.919322 -0.231527
v 1.139292 0.879369 -0.253309
v 1.040805 0.320150 -0.647745
v 1.222675 -1.032665 0.430060
v 1.069880 -0.295410 -1.389775
v 1.069880 -0.295410 -1.389775
v 1.357267 -0.339450 -1.416619
v 1.357267 -0.339450 -1.416619
v 1.452436 -0.396051 -1.388759
v 1.352065 -0.432360 -1.446925
v 1.554085 0.916589 -1.340122
v 1.301305 0.421730 -1.340877
v 1.133038 0.111134 -0.463737
v 1.322258 -0.269350 -1.007988
v -1.786052 0.891089 0.486331
v -1.786052 0.891089 0.486331
v -1.786052 0.891089 0.486331
v -1.786998 0.890626 0.449900
v -1.786998 0.890626 0.449900
v 0.591078 0.399896 0.456808
v 0.591078 0.399896 0.456808
v -1.222736 0.403137 0.461485
v -1.229687 0.429800 0.461200
v -1.194383 -0.396526 0.456600
v -1.194109 -0.419578 0.412600
v 0.024963 -0.320150 0.450000
v 0.024963 -0.320150 -0.650000
v -1.296036 -0.844482 0.348400
v -1.043198 -0.370277 0.447353
v -1.043198 -0.370277 0.447353
v 0.931621 -0.846354 0.326400
v 0.930467 -0.847508 0.336400
v 1.037069 0.545304 -0.599484
v -1.235768 -0.813650 -0.600750
v -1.731038 -0.786159 -0.589938
v -1.731038 -0.786159 -0.650000
v 1.194513 0.310867 -0.637300
v 1.194513 0.310867 -0.637300
v 1.764229 -0.312348 -1.367434
v 1.764229 -0.312348 -1.367434
v -1.241990 -0.770042 -0.598800
v 1.147520 -0.262780 -0.436118
v 1.146798 0.262780 -0.436840
v 1.150354 0.264449 -0.637300
v 1.150354 0.264449 -0.637300
v 1.150354 0.264449 -0.637300
v 1.183459 -0.879785 0.336400
v 1.184571 -0.877235 0.348300
v 1.170099 -0.324855 0.336400
v 1.167550 -0.323743 0.348300
v 1.063557 0.902350 -0.174043
v 1.063557 0.902350 -0.174043
v 1.063557 0.902350 -0.174043
v 1.509973 0.923122 -0.829302
v 0.674391 0.845782 -0.642788
v 0.674391 -0.845782 -0.642636
v -1.745610 -0.370277 -0.581398
v -1.745610 -0.370277 -0.581398
v -1.745610 -0.370277 -0.581398
v 0.993541 -0.370277 -0.573800
v -1.709565 0.901234 -1.151632
v 0.593301 -0.408796 0.397200
v -0.655002 -0.890421 -0.573841
v -0.655689 -0.889013 0.348300
v 0.017023 -0.313800 0.450000
v 0.017023 -0.313800 -0.650000
v -0.891120 0.269050 -0.650121
v -1.404409 0.269059 0.450650
v -1.739886 -0.845479 0.446030
v 1.129387 -0.845479 0.446030
v -1.748142 0.889034 -1.151632
v 1.078314 -0.893000 0.326400
v 1.077564 -0.892250 0.336400
v 1.165823 -0.894828 0.336400
v 1.167696 -0.894136 0.348300
v 1.554112 0.899188 -0.992885
v 1.489490 0.899188 -0.876305
v -1.246642 0.799716 0.356900
v 0.624022 0.889904 -0.580242
v 0.624022 0.889904 -0.580242
v 1.069503 0.372141 -0.573800
v 1.069843 0.371801 -1.389750
v 1.352580 -0.334061 -1.446831
v 1.120163 -0.269350 -1.364388
v 1.221763 -0.370950 -1.364388
v 1.424850 0.708675 -0.662707
v 1.424850 0.708675 -0.662707
v 1.603561 0.922958 -0.887653
v 0.582119 0.418875 0.412600
v 0.578568 -0.444414 0.412600
v 1.517545 -0.083632 -1.284397
v 1.517545 -0.083632 -1.284397
v 1.036792 -0.888450 0.326406
v 1.037478 -0.889858 -0.573841
v -0.742693 -0.361200 -0.555922
v -0.742693 -0.361200 -0.641758
v 0.693963 0.889700 -0.574484
v -1.758391 -0.819974 -0.589938
v -1.758391 -0.816743 -0.650000
v 0.630506 -0.701500 -0.574484
v 1.185537 -0.839950 0.348400
v 0.562409 -0.269059 0.450650
v 0.049120 -0.269050 -0.650121
v -0.729208 0.269350 0.450000
v -0.729208 0.269350 -0.650000
v -1.745237 0.326802 0.442060
v 1.134737 0.326802 0.442060
v -1.745237 0.371252 0.446030
v 1.134737 0.371252 0.446030
v -1.763231 0.818355 -0.650000
v -1.686160 0.831037 -0.589938
v -1.686160 0.831037 -0.650000
v -1.242205 -0.845782 -0.582303
v 0.993542 0.845723 -0.573841
v 0.993542 0.845723 -0.573841
v 0.993542 0.845723 -0.573841
v 0.993542 0.845723 -0.573841
v 0.993542 0.845723 -0.581398
v 0.993542 0.845723 -0.581398
v 0.993542 0.845723 -0.581398
v 0.993542 0.845723 -0.581398
v 0.624023 -0.896150 -0.574409
v 1.351264 -0.346209 -1.477451
v 1.351264 -0.374542 -1.502359
v 0.540332 0.422768 0.397200
v 0.540363 0.436825 0.432488
v -1.178075 0.445456 0.412600
v 1.303287 -0.118341 -0.988078
v 0.623963 -0.813650 -0.600750
v -1.745237 0.839978 0.446030
v -1.745237 -0.839950 0.446030
v 0.806124 0.319787 0.450640
v 0.035373 0.319776 -0.650121
v -0.722304 0.844549 0.348300
v -0.721617 0.845956 -0.573841
v 1.134737 0.839978 0.353693
v 1.134737 0.839978 0.353693
v 1.351263 -0.396051 -1.388759
v 1.043963 0.471124 -0.576228
v 1.310199 0.593426 -0.669692
v 1.145596 0.110341 -0.463802
v 1.322258 0.269350 -1.007988
v 0.559512 -0.400235 0.397200
v -1.789687 -0.839950 0.356340
v -1.789687 -0.839950 0.356340
v -1.789687 0.839978 0.356340
v -0.980337 0.370277 0.442060
v -0.980337 0.370277 0.442060
v 0.724760 -0.733064 -0.598800
v 1.366640 -0.101596 -1.011834
v 1.354117 -0.107563 -1.009285
v 0.632473 -0.269060 0.450650
v 0.119184 -0.269050 -0.650121
v -0.076806 0.845000 -0.548330
v 1.099820 -0.367229 0.441960
v -1.618374 -0.889719 -0.642019
v 0.980333 -0.845450 -0.573745
v 1.037069 -0.545304 -0.599484
v 1.554159 -0.810878 -1.388774
v 1.356579 -0.421791 -1.387550
v -0.810692 0.361200 -0.555922
v -0.810692 0.361200 -0.641758
v 0.512702 0.852258 0.441960
v 0.510394 0.854566 0.356900
v 1.451634 -0.432360 -1.446925
v 1.635015 -0.762892 -1.294739
v -1.185168 -0.889867 -0.636573
v -1.739886 0.845479 0.351047
v -1.739886 0.845479 0.351047
v 0.540332 -0.422768 0.397200
vn 0.5818 0.8087 0.0861
vn -0.5798 0.8098 -0.0891
vn 0.3267 0.8226 0.4655
vn -0.6738 -0.5687 0.4718
vn -0.3955 -0.5192 0.7576
vn -0.9950 0.0992 -0.0105
vn -0.2302 -0.7585 0.6096
vn -0.5832 -0.8077 -0.0870
vn -0.3262 -0.8226 -0.4658
vn 0.6738 0.5686 -0.4718
vn -0.0607 0.2864 -0.9562
vn 0.4617 -0.8260 -0.3233
vn -0.4736 -0.5637 -0.6767
vn 0.4736 -0.5643 0.6762
vn 0.8664 -0.4988 -0.0234
vn 0.0600 0.2860 0.9563
vn -0.6747 0.5672 0.4723
vn -0.9946 -0.1027 -0.0123
vn 0.5827 -0.8079 0.0885
vn 0.2299 -0.7583 -0.6100
vn -0.2056 -0.8049 0.5567
vn 0.3964 -0.5187 -0.7575
vn 0.6755 -0.5664 -0.4721
vn 0.4989 -0.5213 -0.6923
vn -0.5569 -0.8022 -0.2152
vn 0.5593 -0.8011 0.2132
vn 0.2403 -0.8236 0.5137
vn -0.7465 0.5671 0.3481
vn -0.5584 0.5887 0.5845
vn -0.5794 0.4231 0.6967
vn -0.1783 0.7531 0.6333
vn -0.5607 0.7998 -0.2144
vn 0.3529 0.8195 -0.4515
vn 0.0695 -0.4879 -0.8701
vn 0.7465 -0.5671 -0.3481
vn 0.4942 0.8383 -0.2303
vn -0.3543 0.5452 -0.7597
vn 0.3555 0.5459 0.7587
vn -0.8528 0.4309 -0.2952
vn -0.0706 -0.4875 0.8703
vn -0.7476 -0.5656 0.3482
vn -0.4941 0.8386 0.2293
vn 0.5602 0.8000 0.2151
vn 0.1778 0.7529 -0.6337
vn 0.2395 0.8239 0.5136
vn 0.7479 0.5649 -0.3486
vn 0.5594 0.5881 -0.5842
vn 0.5798 0.4224 -0.6967
vn -0.0000 -0.5350 0.8448
vn -0.0000 -0.5568 -0.8306
vn 0.8477 -0.5304 -0.0000
vn 0.5295 -0.0315 -0.8477
vn 0.9982 -0.0594 -0.0000
vn 0.4838 -0.8752 -0.0000
vn 0.4785 -0.0374 -0.8773
vn 0.7463 -0.6656 0.0001
vn 0.7951 -0.0621 -0.6032
vn -0.6032 0.7976 -0.0000
vn -0.7454 0.6667 -0.0005
vn 0.3047 0.8233 -0.4789
vn -0.6328 -0.6672 -0.3930
vn -0.9986 -0.0520 -0.0000
vn -0.7973 -0.5211 -0.3047
vn -0.5589 -0.0499 0.8277
vn -0.5561 0.8311 -0.0000
vn -0.4807 -0.8769 -0.0000
vn 0.8478 -0.5304 -0.0000
vn 0.5294 -0.0315 -0.8478
vn 0.4839 -0.8751 -0.0000
vn 0.7463 -0.6656 -0.0000
vn 0.2240 0.8233 -0.5215
vn -0.7950 -0.5637 -0.2240
vn -0.8411 -0.5409 0.0002
vn 0.8269 -0.5623 -0.0000
vn -0.0000 -0.5300 0.8480
vn 0.8480 -0.0315 0.5291
vn -0.0000 -0.0594 0.9982
vn -0.0002 -0.8718 0.4899
vn -0.8258 -0.0502 -0.5617
vn -0.0000 0.8340 -0.5517
vn -0.0000 -0.8737 -0.4865
vn -0.9455 -0.3256 -0.0000
vn -0.9350 0.3546 -0.0000
vn -0.9341 -0.0205 -0.3564
vn -0.3028 -0.9510 0.0630
vn -0.8982 -0.3768 0.2265
vn -0.6989 -0.6558 -0.2855
vn 0.9317 -0.2494 -0.2639
vn 0.2495 -0.9318 0.2638
vn 0.5616 -0.7876 -0.2534
vn 0.3771 0.8981 -0.2264
vn 0.9511 0.3025 -0.0630
vn 0.7168 0.6003 -0.3547
vn -0.3547 0.9350 -0.0000
vn 0.3256 0.9455 -0.0000
vn -0.0000 0.9458 -0.3247
vn -0.8984 0.4392 -0.0000
vn -0.4391 0.8984 -0.0002
vn -0.6686 0.6686 -0.3256
vn 0.8269 0.5623 -0.0000
vn -0.8411 0.5409 -0.0000
vn -0.0000 0.5300 0.8480
vn -0.0000 0.0594 0.9982
vn 0.8480 0.0315 0.5291
vn -0.0000 0.8717 0.4900
vn -0.0000 0.6669 0.7452
vn 0.8798 0.0280 0.4746
vn 0.6059 0.0620 0.7931
vn 0.0004 -0.6560 -0.7547
vn -0.0000 -0.7955 -0.6059
vn 0.4867 -0.8233 0.2921
vn -0.0000 0.0520 -0.9986
vn 0.3855 0.6821 -0.6214
vn 0.2921 0.5289 -0.7969
vn 0.0090 -0.8340 -0.5517
vn -0.8258 0.0502 -0.5617
vn -0.0000 0.8737 -0.4866
vn -0.5871 -0.0000 0.8095
vn 0.5871 -0.0000 0.8095
vn -0.0000 0.5871 0.8095
vn 0.8095 -0.0000 0.5871
vn 0.8095 -0.0000 -0.5871
vn 0.8095 0.5871 -0.0000
vn 0.5871 -0.0000 -0.8095
vn -0.5871 -0.0000 -0.8095
vn -0.0000 0.5871 -0.8095
vn -0.8095 -0.0000 -0.5871
vn -0.8095 -0.0000 0.5871
vn -0.8095 0.5871 -0.0000
vn -0.1588 -0.7894 -0.5930
vn 0.7816 -0.6237 -0.0045
vn -0.4328 -0.7894 0.4353
vn -0.3496 -0.1486 0.9251
vn -0.4367 0.4369 -0.7864
vn -0.0036 0.7817 -0.6237
vn -0.5957 0.1619 0.7867
vn 0.1486 0.3496 -0.9250
vn 0.7780 -0.0000 0.6282
vn 1.0000 -0.0000 -0.0000
vn -0.0000 1.0000 -0.0000
vn 0.0024 -0.0037 1.0000
vn 0.0062 -0.0067 1.0000
vn 0.0086 -0.0086 0.9999
vn -0.0000 -0.0000 -1.0000
vn -0.0000 -0.0000 1.0000
vn 0.4278 -0.9039 -0.0000
vn 0.5759 -0.8175 -0.0000
vn 0.9016 -0.4325 -0.0000
vn 0.8160 -0.5780 -0.0000
vn -0.5148 0.2598 -0.8170
vn -0.4524 0.4125 0.7907
vn -0.7071 0.7071 -0.0000
vn 0.0629 -0.0629 -0.9960
vn 0.6235 -0.7371 -0.2606
vn -0.0541 0.0254 0.9982
vn 0.7425 -0.1340 0.6563
vn -0.6188 0.6060 0.4998
vn 0.6006 0.7995 0.0015
vn -0.6190 0.7854 0.0008
vn 0.0019 0.8212 0.5707
vn -0.7597 -0.6503 -0.0013
vn -0.5282 0.8491 0.0092
vn -0.6039 -0.0647 -0.7944
vn 0.4726 -0.0255 0.8809
vn 0.5471 -0.0365 -0.8363
vn 0.6625 0.7485 0.0282
vn -0.0034 -0.5467 0.8373
vn -0.0000 -0.5901 -0.8073
vn 0.8367 -0.5476 0.0005
vn -0.5318 -0.8469 -0.0014
vn -0.5357 0.8444 0.0085
vn -0.6032 -0.0684 -0.7946
vn 0.4725 -0.0213 0.8811
vn 0.7839 -0.0471 -0.6191
vn 0.6544 0.7557 0.0264
vn -0.6189 0.7855 0.0009
vn 0.6005 0.7996 0.0016
vn 0.0018 0.8000 -0.6000
vn -0.7597 -0.6503 -0.0014
vn -0.5284 0.8489 0.0094
vn -0.6039 -0.0653 -0.7944
vn 0.4729 -0.0253 0.8808
vn 0.5470 -0.0364 -0.8363
vn 0.6625 0.7485 0.0288
vn -0.0034 -0.5465 0.8375
vn -0.0000 -0.5899 -0.8075
vn 0.8368 -0.5475 0.0005
vn -0.5315 -0.8470 -0.0014
vn -0.5359 0.8442 0.0087
vn -0.6032 -0.0690 -0.7946
vn 0.4727 -0.0212 0.8810
vn 0.7840 -0.0471 -0.6189
vn 0.6544 0.7557 0.0271
vn -0.6190 0.7854 0.0009
vn 0.0017 0.8000 -0.6001
vn -0.0031 -0.5467 0.8373
vn -0.5318 -0.8469 -0.0013
vn 0.4725 -0.0214 0.8811
vn 0.7839 -0.0470 -0.6191
vn -0.1467 0.9892 -0.0000
vn -0.9889 0.1487 -0.0000
vn -0.9693 -0.2458 -0.0003
vn 0.1906 -0.8696 -0.4555
vn -0.6771 -0.7359 -0.0000
vn -0.5441 -0.5914 -0.5951
vn -0.5176 0.6487 -0.5580
vn 0.7710 0.6368 0.0021
vn 0.6468 -0.7620 0.0332
vn 0.3735 -0.3733 0.8492
vn 0.3739 -0.3737 -0.8488
vn 0.9729 0.2313 -0.0000
vn -0.3526 -0.3889 0.8511
vn -0.6717 -0.7408 -0.0000
vn 0.2738 -0.9618 -0.0000
vn -0.5210 0.6388 -0.5661
vn 0.7634 0.6460 0.0021
vn 0.6555 -0.7547 0.0290
vn -0.5600 0.8285 -0.0000
vn -0.5384 -0.8427 -0.0000
vn -0.5302 -0.0000 0.8479
vn -0.0594 -0.0000 0.9982
vn -0.0315 0.8479 0.5292
vn -0.8732 -0.0000 0.4873
vn -0.6663 -0.0000 0.7457
vn -0.0367 0.8787 0.4759
vn -0.0621 0.6048 0.7940
vn 0.6607 0.0005 -0.7507
vn 0.7964 -0.0000 -0.6048
vn 0.8233 0.5215 0.2240
vn -0.0520 -0.0000 -0.9986
vn -0.6756 0.3889 -0.6264
vn -0.5637 0.2240 -0.7950
vn 0.8328 0.0005 -0.5536
vn -0.0501 -0.8267 -0.5605
vn -0.8750 -0.0000 -0.4840
vn -0.5599 0.8285 -0.0000
vn -0.5383 -0.8427 -0.0000
vn 0.8328 -0.0000 -0.5536
vn -0.8751 -0.0000 -0.4840
vn -0.7992 0.0109 0.6010
vn -0.3143 -0.7780 0.5440
vn 0.8809 -0.2251 0.4163
vn -0.5030 0.5789 0.6417
vn 0.6669 -0.1723 0.7249
vn 0.6781 0.0269 0.7345
vn 0.3252 -0.8814 -0.3427
vn -0.7351 0.2876 -0.6139
vn 0.6646 0.6332 -0.3967
vn -0.4536 -0.0074 -0.8912
vn -0.4491 0.5460 -0.7073
vn 0.6690 0.3642 -0.6479
vn -0.8084 -0.4410 -0.3899
vn -0.7750 -0.2224 -0.5916
vn 0.6253 -0.7803 0.0137
vn -0.7417 0.6674 -0.0668
vn 0.5896 0.8015 0.0996
vn 0.4470 0.8078 -0.3844
vn 0.8556 -0.4767 0.2017
vn 0.7082 -0.0031 0.7060
vn 0.3965 -0.8215 0.4098
vn -0.6245 -0.7362 -0.2607
vn -0.7890 0.6139 -0.0269
vn -0.7785 -0.6035 -0.1723
vn -0.4343 0.2228 0.8728
vn -0.4827 0.7904 -0.3772
vn 0.9530 -0.2038 0.2240
vn 0.2961 -0.9512 0.0867
vn 0.2084 -0.0543 -0.9765
vn 0.0157 -0.4855 0.8741
vn -0.6906 -0.7220 -0.0415
vn -0.0532 -0.7872 -0.6144
vn 0.9529 0.2925 0.0796
vn 0.9406 -0.3154 -0.1258
vn 0.9700 0.0605 -0.2354
vn -0.9719 0.2353 0.0019
vn -0.8417 -0.5273 0.1162
vn -0.9727 0.0029 0.2322
vn -0.7254 -0.6883 -0.0000
vn -0.9945 -0.1048 -0.0000
vn -0.8418 -0.4874 -0.2321
vn -0.3108 -0.9421 -0.1256
vn 0.4116 -0.9114 -0.0015
vn -0.0849 -0.9718 0.2199
vn 0.5077 -0.8608 -0.0336
vn 0.9063 -0.4157 0.0759
vn 0.6955 -0.6807 0.2301
vn 0.5307 0.8396 -0.1162
vn -0.2911 0.9534 0.0794
vn 0.0815 0.8930 0.4426
vn 0.8607 0.5081 -0.0335
vn 0.4146 0.9068 0.0762
vn 0.6807 0.6956 0.2297
vn 0.9406 0.3154 -0.1259
vn 0.9529 -0.2925 0.0796
vn 0.9700 -0.0605 -0.2354
vn -0.8417 0.5273 0.1163
vn -0.9719 -0.2353 0.0030
vn -0.9727 -0.0030 0.2322
vn -0.9945 0.1048 -0.0000
vn -0.7254 0.6883 -0.0000
vn -0.8424 0.4863 -0.2321
vn 0.4116 0.9114 -0.0022
vn -0.3108 0.9421 -0.1256
vn -0.0849 0.9718 0.2199
vn 0.9063 0.4157 0.0760
vn 0.5078 0.8608 -0.0336
vn 0.6955 0.6807 0.2302
vn -0.2911 -0.9534 0.0795
vn 0.5307 -0.8396 -0.1162
vn 0.0815 -0.8930 0.4426
vn 0.4146 -0.9068 0.0762
vn 0.8607 -0.5081 -0.0335
vn 0.6807 -0.6956 0.2298
vn -0.5951 -0.0000 -0.8036
vn 0.5973 -0.0000 -0.8020
vn -0.8671 0.0001 -0.4982
vn 0.7297 -0.0000 0.6838
vn -0.7292 -0.0000 0.6842
vn 0.6457 -0.6304 0.4309
vn 0.9967 -0.0012 0.0814
vn 0.0802 0.5390 -0.8385
vn -0.0708 -0.0173 0.9973
vn 0.8167 0.0637 0.5735
vn 0.8267 0.5623 0.0196
vn 0.8483 0.0141 0.5293
vn 0.5061 0.8213 -0.2632
vn -0.5103 0.8599 -0.0100
vn 0.1644 0.9456 0.2807
vn -0.8305 0.5469 -0.1059
vn -0.8557 -0.4616 0.2339
vn -0.9007 0.0979 0.4233
vn 0.0207 -0.8257 -0.5637
vn 0.5285 -0.8381 0.1351
vn -0.5557 -0.8312 -0.0165
vn -0.9991 -0.0000 0.0419
vn -0.4660 0.4487 0.7626
vn -0.8018 0.5967 0.0337
vn 0.9955 -0.0012 0.0948
vn 0.0916 0.5345 -0.8402
vn -0.0837 -0.0194 0.9963
vn -0.9988 -0.0000 0.0485
vn -0.6833 -0.7294 0.0332
vn -0.4235 0.8886 0.1761
vn -0.5689 0.8224 -0.0000
vn -0.0000 0.8225 -0.5687
vn -0.5689 -0.8224 -0.0000
vn -0.0000 -1.0000 -0.0000
vn -0.0000 -0.8225 0.5687
vn 0.8225 0.5687 -0.0000
vn 0.8225 -0.5687 -0.0000
vn 0.8224 -0.0000 -0.5689
vn -0.9970 -0.0145 -0.0764
vn -0.6484 0.4247 0.6319
vn -0.9017 0.3974 0.1704
vn 0.6484 0.4247 0.6318
vn 0.9970 -0.0146 -0.0764
vn 0.8820 0.4308 0.1912
vn 0.9832 -0.1420 -0.1143
vn 0.1857 0.6005 0.7778
vn 0.1044 -0.6565 0.7471
vn 0.2081 0.4607 -0.8628
vn -0.6613 -0.6995 -0.2711
vn -0.8925 0.4405 -0.0971
vn 0.5024 -0.7176 0.4823
vn 0.5808 -0.7589 -0.2946
vn -0.5238 -0.7946 -0.3068
vn -0.5038 0.6937 0.5148
vn 0.1008 0.6389 -0.7627
vn -0.8620 -0.0964 0.4977
vn 0.0801 0.6782 0.7305
vn 0.1190 -0.5019 0.8567
vn 0.6691 -0.3390 0.6613
vn -0.2072 0.6150 0.7608
vn -0.8480 -0.5293 -0.0270
vn -0.0932 -0.6526 0.7519
vn 0.6540 -0.7066 -0.2703
vn -0.2751 0.4608 -0.8438
vn 0.7997 0.5898 -0.1119
vn -0.5871 -0.7590 -0.2814
vn 0.4850 -0.7915 -0.3720
vn 0.3271 0.6012 -0.7291
vn 0.0015 0.5235 -0.8520
vn -0.0741 0.6793 0.7301
vn -0.6467 -0.0994 0.7562
vn 0.5926 0.1589 0.7897
vn 0.1685 -0.0724 -0.9830
vn 0.2174 0.6469 0.7309
vn -0.3173 -0.7554 0.5733
vn 0.8098 -0.2753 0.5182
vn 0.3835 -0.7551 -0.5317
vn -0.6999 0.4805 -0.5285
vn 0.6993 0.5161 -0.4947
vn 0.1153 0.9481 0.2963
vn -0.6908 -0.0581 0.7207
vn 0.2505 -0.0740 0.9653
vn -0.0923 0.3786 -0.9209
vn 0.7956 -0.5165 -0.3165
vn -0.7614 -0.5656 -0.3169
vn 0.5426 -0.1135 0.8323
vn 0.6285 -0.5757 -0.5230
vn 0.4645 -0.7926 -0.3951
vn 0.6976 0.2283 0.6792
vn -0.4642 -0.7702 0.4373
vn 0.5375 0.4315 0.7245
vn 0.4685 0.6584 -0.5890
vn -0.8571 0.1916 -0.4782
vn -0.2551 0.8067 -0.5330
vn 0.6130 -0.2437 -0.7516
vn 0.8386 0.1139 0.5326
vn 0.3117 0.5267 0.7909
vn 0.6197 0.4983 0.6063
vn 0.8244 -0.5331 0.1902
vn 0.7944 -0.0004 0.6074
vn 0.7765 -0.0000 0.6301
vn -0.4049 0.7897 -0.4608
vn -0.0036 0.7911 0.6116
vn -0.6860 -0.5981 -0.4144
vn -0.5758 0.2880 -0.7652
vn -0.9221 -0.3721 0.1062
vn 0.5394 0.8414 -0.0326
vn -0.0411 0.9980 -0.0471
vn -0.4681 0.7895 0.3969
vn 0.5153 -0.8484 0.1210
vn -0.0451 -0.9974 -0.0567
vn -0.5669 -0.7836 0.2542
vn 0.3382 0.8751 -0.3461
vn -0.0451 0.9974 0.0567
vn -0.5666 0.7837 -0.2543
vn 0.7897 -0.0790 -0.6084
vn 0.7891 0.6142 0.0058
vn 0.7911 -0.6116 0.0072
vn -0.0029 -0.7891 0.6143
vn -0.0827 -0.7900 -0.6075
vn 0.5308 -0.8473 0.0193
vn -0.0411 -0.9980 0.0471
vn -0.5210 -0.7837 -0.3381
vn -0.9528 -0.3032 0.0136
vn -0.6229 -0.6198 -0.4773
vn -0.3054 0.2996 -0.9039
vn -0.3468 0.5830 0.7347
vn -0.2236 0.9567 0.1861
vn -0.5834 0.2886 0.7592
vn -0.8013 0.0003 -0.5983
vn -0.8013 -0.0003 0.5983
vn -0.8102 0.5860 0.0120
vn 0.5983 0.0003 -0.8013
vn -0.5983 -0.0003 -0.8013
vn -0.0120 0.5860 -0.8102
vn 0.8013 0.0003 0.5983
vn 0.8013 -0.0003 -0.5983
vn 0.8102 0.5860 -0.0120
vn -0.5983 0.0003 0.8013
vn 0.5983 -0.0003 0.8013
vn 0.0120 0.5860 0.8102
vn 0.9466 -0.3005 0.1171
vn 0.4398 0.4784 -0.7601
vn 0.9936 0.0344 0.1078
vn -0.4124 0.7346 -0.5387
vn 0.1645 -0.2867 -0.9438
vn -0.6482 -0.4721 -0.5974
vn -0.0060 0.1960 -0.9806
vn 0.9653 -0.2116 0.1530
vn -0.1935 -0.2718 -0.9427
vn -0.4828 -0.3828 0.7877
vn 0.6380 0.0348 0.7692
vn -0.2419 0.7432 0.6238
vn 0.6558 -0.1068 0.7473
vn 0.8337 0.3439 -0.4321
vn 0.7107 -0.4903 0.5045
vn -0.0390 0.3159 -0.9480
vn 0.8993 -0.3091 -0.3095
vn 0.1026 -0.3993 -0.9111
vn -0.1923 -0.0033 -0.9813
vn -0.9557 0.2781 0.0969
vn 0.0127 0.2833 -0.9590
vn -0.7222 0.0611 0.6890
vn -0.7724 -0.0353 -0.6341
vn -0.6676 -0.5502 0.5015
vn 0.5866 -0.4708 -0.6590
vn -0.1330 0.4423 -0.8869
vn 0.1469 0.6106 -0.7782
vn 0.4716 0.5779 0.6661
vn -0.7916 -0.5436 0.2792
vn -0.4641 0.7006 0.5420
vn -0.8465 0.1239 -0.5179
vn 0.8099 0.4695 0.3517
vn 0.4577 -0.2873 -0.8414
vn 0.8923 0.0265 -0.4507
vn -0.0841 0.0677 0.9942
vn 0.8660 -0.3371 0.3693
vn 0.8429 0.4225 0.3333
vn -0.2055 -0.0504 0.9774
vn -0.7389 0.5867 0.3313
vn -0.9377 -0.3388 0.0767
vn 0.4665 0.1260 -0.8755
vn -0.0219 -0.7914 -0.6110
vn 0.5560 0.7503 -0.3577
vn -0.4227 -0.4302 -0.7977
vn -0.8277 0.3308 -0.4533
vn -0.6665 -0.7428 -0.0643
vn -0.9002 0.2633 -0.3468
vn 0.3572 -0.5993 -0.7165
vn 0.5341 -0.7538 -0.3828
vn -0.4116 0.5282 -0.7427
vn 0.3700 -0.5297 -0.7632
vn -0.3997 0.5645 -0.7222
vn 0.4067 -0.7333 -0.5449
vn 0.9047 0.2413 -0.3512
vn 0.4768 -0.3613 0.8014
vn -0.8061 0.0096 -0.5916
vn -0.4824 -0.7159 -0.5047
vn -0.8523 -0.2715 0.4470
vn 0.5860 0.0340 0.8096
vn -0.3125 0.5776 0.7542
vn -0.5198 -0.2793 0.8073
vn 0.5048 0.6719 -0.5419
vn 0.4789 0.8098 0.3389
vn -0.4937 0.6197 -0.6101
vn 0.6250 0.7625 0.1672
vn -0.4582 0.8031 0.3810
vn 0.5223 0.7549 -0.3966
vn -0.4921 0.7055 0.5100
vn 0.8120 0.5811 -0.0550
vn -0.1301 0.7183 0.6835
vn -0.5349 -0.7811 -0.3222
vn 0.5927 -0.7943 -0.1329
vn 0.6819 -0.7291 -0.0585
vn -0.9560 -0.2736 -0.1059
vn -0.3779 -0.8659 0.3276
vn -0.1938 -0.2932 0.9362
vn -0.6577 0.7524 0.0359
vn -0.0620 0.8188 -0.5708
vn 0.2024 0.8105 -0.5497
vn -0.2591 0.7888 -0.5573
vn -0.6299 0.6874 0.3614
vn 0.4224 0.5597 0.7130
vn -0.0888 -0.6668 0.7400
vn 0.4399 -0.7915 -0.4243
vn 0.5017 -0.8170 0.2844
vn -0.6922 -0.7131 0.1106
vn 0.1133 -0.6753 -0.7288
vn 0.7675 0.4099 0.4929
vn 0.3276 0.9419 -0.0744
vn 0.3006 0.9469 0.1136
vn 0.9028 -0.4296 0.0208
vn 0.7808 0.4097 -0.4718
vn 0.1507 0.9884 -0.0182
vn -0.4295 0.9030 -0.0127
vn 0.1217 0.8727 0.4729
vn 0.9022 -0.4312 0.0128
vn 0.9884 0.1507 0.0182
vn 0.9959 0.0905 -0.0000
vn 0.0867 0.8314 -0.5488
vn -0.4552 0.8902 -0.0163
vn 0.0454 0.8656 0.4986
vn 0.2901 0.7420 0.6044
vn 0.0887 0.8408 0.5340
vn -0.1144 0.9912 -0.0669
vn -0.7615 0.6482 0.0031
vn -0.3179 0.9481 0.0046
vn -0.9624 0.2716 -0.0096
vn -0.7811 0.4154 -0.4661
vn -0.9000 -0.4355 0.0168
vn 0.4295 0.9030 -0.0127
vn -0.1508 0.9884 -0.0182
vn -0.1219 0.8722 0.4737
vn -0.9884 0.1508 0.0182
vn -0.9033 -0.4288 0.0127
vn -0.9959 0.0905 -0.0000
vn 0.4426 0.8966 -0.0101
vn -0.0528 0.8664 0.4965
vn 0.7913 -0.3811 -0.4781
vn 0.9028 0.4296 0.0208
vn 0.7900 -0.3621 0.4948
vn -0.4295 -0.9030 -0.0127
vn 0.1507 -0.9884 -0.0182
vn 0.1217 -0.8727 0.4729
vn 0.9884 -0.1507 0.0182
vn 0.9059 0.4234 0.0124
vn 0.9959 -0.0905 -0.0000
vn -0.3949 -0.9184 -0.0245
vn 0.5035 -0.7654 0.4008
vn 0.0694 -0.8679 0.4919
vn 0.3007 0.9469 0.1136
vn -0.4296 0.9029 -0.0127
vn 0.9884 0.1508 0.0182
vn 0.0886 0.8408 0.5340
vn -0.3414 0.9231 -0.1770
vn -0.7675 0.4099 0.4929
vn -0.5719 0.5343 0.6225
vn -0.7808 0.4096 -0.4718
vn -0.9028 -0.4296 0.0208
vn -0.1218 0.8727 0.4729
vn -0.9884 0.1507 0.0182
vn -0.9022 -0.4312 0.0128
vn 0.4552 0.8902 -0.0163
vn -0.0867 0.8314 -0.5488
vn -0.0454 0.8656 0.4986
vn -0.0886 0.8408 0.5340
vn -0.8082 0.5838 0.0771
vn 0.4932 -0.3655 0.7894
vn 0.5669 -0.0659 0.8211
vn 0.4809 -0.3866 -0.7869
vn 0.5629 -0.0486 -0.8251
vn -0.7529 -0.6580 0.0132
vn -0.5352 -0.7131 -0.4529
vn -0.3179 -0.9481 0.0001
vn -0.9647 -0.2634 0.0001
vn -0.9928 -0.1193 0.0048
vn -0.9000 0.4355 0.0168
vn -0.7916 -0.3861 -0.4736
vn -0.1507 -0.9884 -0.0182
vn 0.4295 -0.9030 -0.0127
vn -0.1219 -0.8722 0.4738
vn -0.9033 0.4288 0.0127
vn -0.9884 -0.1508 0.0182
vn -0.9959 -0.0905 -0.0000
vn 0.4069 -0.9128 -0.0336
vn -0.0528 -0.8664 0.4966
vn -0.5726 0.0961 -0.8142
vn -0.5907 0.0410 -0.8058
vn 0.0039 0.5479 -0.8366
vn 0.2940 -0.9485 -0.1177
vn 0.8054 -0.3373 0.4874
vn 0.3777 -0.7419 -0.5540
vn 0.2302 -0.8826 0.4098
vn 0.0431 -0.5538 -0.8315
vn 0.3460 0.4677 0.8134
vn -0.5426 -0.2054 0.8145
vn 0.0127 0.5508 0.8345
vn 0.0329 -0.5518 0.8333
vn 0.4932 -0.3656 0.7894
vn 0.5669 -0.0658 0.8211
vn -0.3105 -0.5296 0.7894
vn -0.5669 -0.0659 0.8211
vn -0.0329 -0.5518 0.8333
vn 0.4910 0.3737 -0.7869
vn -0.5629 -0.0486 -0.8251
vn -0.0430 -0.5538 -0.8315
vn -0.5397 -0.2638 0.7994
vn -0.6386 -0.0675 0.7666
vn -0.0338 -0.5503 0.8343
vn 0.2915 -0.5031 0.8136
vn 0.5452 -0.0698 0.8354
vn -0.0134 0.5496 0.8353
vn 0.0457 -0.5400 0.8404
vn -0.8660 0.0318 0.4989
vn -0.5985 0.1605 0.7849
vn -0.2581 -0.6875 -0.6788
vn -0.4404 -0.7679 -0.4652
vn -0.6798 -0.3766 0.6293
vn -0.4322 0.4655 0.7723
vn -0.2612 0.6788 0.6863
vn -0.6790 -0.6308 0.3755
vn 0.8412 0.5408 -0.0000
vn 0.7241 0.1409 -0.6752
vn 0.7880 0.0865 -0.6096
vn -0.4943 -0.8679 -0.0490
vn -0.6685 -0.5247 0.5270
vn -1.0000 -0.0000 -0.0000
vn 0.8395 0.0531 -0.5407
vn 0.9999 0.0100 0.0014
vn 0.6182 -0.1920 0.7622
vn -0.5413 -0.2865 0.7905
vn 0.5028 0.5087 0.6989
vn -0.0241 0.9769 0.2122
vn -0.9755 0.0129 -0.2197
vn -0.9748 0.0989 0.1999
vn 0.0670 -0.9769 0.2029
vn 0.5321 -0.5321 -0.6585
vn 0.7599 -0.3764 0.5300
vn 0.4887 0.4651 -0.7381
vn -0.5119 -0.4867 -0.7078
vn 0.4575 0.4628 -0.7593
vn -0.6991 0.2189 -0.6806
vn -0.8218 -0.5698 -0.0000
vn -0.7595 0.1991 0.6193
vn 0.5622 0.0012 0.8270
vn -0.0020 0.5677 0.8232
vn 0.2002 -0.7389 0.6434
vn -0.5707 -0.8212 -0.0000
vn 0.6052 -0.7927 -0.0729
vn 0.5689 0.0001 -0.8224
vn 0.0065 0.5572 -0.8304
vn -0.2100 0.7085 0.6738
vn 0.5683 0.8229 -0.0000
vn -0.5849 0.7640 -0.2724
vn -0.2298 0.5491 -0.8035
vn -0.0043 -0.5566 -0.8307
vn 0.4657 0.4657 0.7525
vn 0.0009 -0.5657 0.8246
vn 0.7515 -0.6598 -0.0000
vn 0.8233 -0.0014 0.5676
vn 0.8026 -0.5313 0.2711
vn -0.9865 -0.1637 -0.0000
vn -0.3048 -0.8546 0.4205
vn -0.6341 -0.5324 0.5608
vn 0.0852 -0.5468 -0.8329
vn -0.5888 -0.8011 0.1072
vn -0.7807 0.0145 -0.6247
vn 0.9756 -0.1875 0.1146
vn 0.7102 -0.7040 -0.0000
vn 0.5776 -0.5725 -0.5818
vn 0.9744 -0.1649 0.1529
vn 0.2364 -0.1678 0.9571
vn 0.6971 -0.1608 -0.6987
vn 0.2981 0.6098 -0.7344
vn -0.6999 0.7123 0.0528
vn 0.4059 0.6108 0.6798
vn -0.6621 0.2223 0.7157
vn -0.6729 0.4042 0.6195
vn -0.1601 0.9051 -0.3938
vn 0.1993 0.9799 -0.0000
vn 0.6355 0.1907 0.7482
vn -0.8991 -0.4125 -0.1464
vn 0.6998 0.7143 -0.0102
vn 0.5254 0.0627 0.8485
vn 0.9749 -0.1442 -0.1695
vn 0.3043 -0.8683 0.3917
vn 0.9831 -0.1832 -0.0014
vn 0.6324 -0.5374 0.5579
vn 0.1472 -0.9782 -0.1465
vn -0.5901 -0.5761 -0.5656
vn 0.7624 0.5420 0.3535
vn -0.0564 -0.5319 0.8449
vn -0.9826 -0.1791 0.0498
vn 0.8315 0.0575 0.5525
vn -0.0453 -0.5403 0.8403
vn 0.6044 0.0901 0.7916
vn 0.1197 0.0393 0.9920
vn 0.2990 0.7900 0.5353
vn -0.1498 0.8411 0.5197
vn 0.5596 -0.7763 -0.2902
vn 0.5092 -0.7474 -0.4268
vn 0.6452 -0.3873 0.6586
vn 0.2355 0.5376 0.8097
vn 0.1183 -0.1562 0.9806
vn 0.8359 -0.0683 0.5447
vn -0.6785 -0.6267 -0.3833
vn -0.7287 -0.6845 -0.0207
vn -0.9999 0.0103 0.0028
vn 0.5525 0.0530 0.8318
vn 0.7378 -0.5197 0.4307
vn -0.8398 0.0515 -0.5405
vn -0.7743 0.6327 -0.0151
vn -0.5525 0.0575 0.8315
vn -0.8403 -0.5403 -0.0453
vn -0.7916 0.0901 0.6044
vn -0.8146 0.5410 -0.2091
vn -0.8209 -0.4883 -0.2960
vn 0.2902 -0.7763 0.5596
vn 0.4841 -0.7748 0.4065
vn -0.6586 -0.3873 0.6452
vn -0.7441 0.6167 0.2571
vn -0.0000 -0.2047 -0.9788
vn 0.0207 -0.6845 -0.7287
vn -0.0028 0.0104 -0.9999
vn -0.0000 -0.2047 0.9788
vn -0.4952 -0.4485 0.7440
vn 0.0933 0.4323 0.8969
vn 0.3247 0.1138 0.9389
vn -0.4483 -0.3590 0.8186
vn -0.8318 0.0530 0.5525
vn 0.5405 0.0515 -0.8398
vn 0.0151 0.6327 -0.7743
vn -0.7859 0.0982 -0.6105
vn 0.2003 0.4508 -0.8698
vn 0.6685 -0.5696 -0.4782
vn 0.8403 -0.5403 -0.0451
vn 0.5525 0.0573 0.8315
vn 0.7916 0.0901 0.6044
vn 0.8146 0.5410 -0.2092
vn 0.8413 -0.1868 0.5072
vn 0.8209 -0.2917 -0.4910
vn 0.8154 -0.5780 0.0330
vn -0.2903 -0.7763 0.5595
vn 0.6585 -0.3873 0.6453
vn 0.6857 -0.0966 -0.7214
vn -0.6713 0.1405 -0.7277
vn -0.2696 0.3488 -0.8976
vn -0.2750 -0.6739 0.6857
vn -0.3247 0.1138 0.9390
vn 0.4483 -0.3583 0.8189
vn -0.5405 0.0513 -0.8398
vn 0.0028 0.0104 -0.9999
vn 0.0460 -0.5400 0.8404
vn -0.6686 -0.5247 0.5270
vn 0.8395 0.0534 -0.5407
vn -0.8208 -0.5712 -0.0000
vn -0.8314 0.0177 -0.5553
vn 0.8209 -0.5711 -0.0000
vn 0.8315 -0.3929 0.3928
vn -0.0000 0.8208 0.5712
vn -0.0000 0.8209 -0.5711
vn -0.3928 0.8315 0.3929
vn -0.8211 -0.5708 -0.0000
vn -0.8287 -0.0000 -0.5596
vn 0.8211 -0.5708 -0.0000
vn 0.8287 -0.0000 0.5596
vn -0.5596 0.8287 -0.0000
vn 0.5596 0.8287 -0.0000
vn -0.0000 0.8211 -0.5708
vn -0.1079 -0.8136 0.5713
vn -0.5634 -0.7282 -0.3903
vn 0.0892 -0.7478 0.6580
vn -0.5418 0.8051 0.2413
vn -0.4292 0.7712 0.4701
vn 0.2856 -0.7401 -0.6089
vn -0.5873 -0.7919 -0.1674
vn -0.6296 -0.7678 -0.1183
vn 0.5419 -0.6290 -0.5574
vn 0.6130 -0.5829 0.5333
vn -0.5408 -0.7827 0.3082
vn -0.7844 -0.6198 -0.0240
vn 0.3479 -0.7662 0.5402
vn -0.5916 0.7963 0.1266
vn 0.3316 -0.6753 0.6588
vn 0.3749 -0.6160 -0.6929
vn 0.0060 -0.7291 -0.6844
vn -0.4483 -0.8378 0.3118
vn -0.3821 0.8756 -0.2956
vn -0.1381 0.7791 -0.6115
vn 0.0385 0.7820 -0.6220
vn -0.3463 -0.2354 -0.9081
vn -0.7408 -0.1360 -0.6579
vn -0.3292 0.0722 -0.9415
vn -0.2752 -0.7816 -0.5598
vn -0.3795 -0.8751 -0.3001
vn 0.0381 -0.7827 -0.6212
vn 0.9450 0.3264 -0.0186
vn 0.8189 0.2108 0.5338
vn 0.9011 -0.4287 0.0657
vn 0.0505 0.6863 0.7256
vn 0.1819 0.7823 -0.5958
vn -0.5639 0.7976 0.2141
vn 0.0398 -0.3026 -0.9523
vn -0.9642 0.2158 -0.1544
vn 0.0834 0.1517 -0.9849
vn 0.1487 -0.7850 -0.6014
vn 0.5236 -0.6415 -0.5606
vn -0.5523 -0.7982 -0.2407
vn 0.7768 0.4529 0.4376
vn 0.3370 -0.6077 0.7191
vn 0.7569 -0.4621 0.4622
vn 0.4400 0.8088 -0.3902
vn 0.8082 -0.3391 -0.4815
vn 0.7931 -0.1009 -0.6007
vn 0.7995 0.3904 -0.4566
vn -0.2278 -0.8622 0.4525
vn -0.8286 -0.1678 -0.5340
vn -0.6904 -0.2904 -0.6626
vn -0.8598 -0.0989 0.5009
vn 0.4711 -0.3858 -0.7932
vn 0.0016 -0.3896 -0.9210
vn -0.3731 -0.3149 -0.8727
vn -0.3887 0.0302 -0.9209
vn -0.4652 -0.4560 -0.7587
vn -0.4342 -0.3995 -0.8074
vn -0.7903 -0.4431 0.4231
vn -0.3031 -0.7026 0.6437
vn -0.6974 0.5305 0.4818
vn 0.1636 0.2292 0.9595
vn 0.0808 0.4675 0.8803
vn -0.3658 0.6115 0.7016
vn -0.2314 -0.5709 0.7877
vn -0.3901 0.7017 0.5961
vn -0.1661 -0.6949 -0.6997
vn -0.4837 -0.4670 0.7403
vn -0.5031 -0.3883 0.7721
vn 0.6428 -0.6931 0.3262
vn -0.0482 -0.0054 0.9988
vn 0.3886 -0.8858 0.2535
vn 0.0063 0.7059 -0.7083
vn 0.7249 0.5068 0.4665
vn 0.5901 0.7104 0.3835
vn -0.2975 -0.4940 -0.8170
vn -0.8736 -0.0019 0.4866
vn -0.3800 0.5993 -0.7046
vn -0.5870 0.5940 0.5501
vn -0.9754 -0.0820 -0.2044
vn -0.5092 -0.5346 0.6744
vn -0.9037 0.4265 0.0384
vn -0.2324 -0.0128 0.9725
vn -0.9143 -0.4043 0.0232
vn -0.5511 -0.6983 0.4568
vn -0.3084 0.4626 0.8312
vn 0.0656 -0.4884 -0.8701
vn -0.9984 -0.0016 0.0560
vn -0.0521 0.5957 -0.8015
vn 0.1432 -0.7032 -0.6964
vn -0.7441 -0.4815 0.4631
vn -0.7820 -0.3884 0.4875
vn 0.9029 -0.3221 0.2846
vn -0.4432 -0.0005 0.8964
vn 0.2533 -0.8780 0.4062
vn 0.3030 0.7103 -0.6354
vn 0.4493 0.5280 0.7207
vn 0.5981 0.7123 -0.3673
vn 0.1679 -0.9858 0.0087
vn 0.9858 -0.1679 -0.0089
vn 0.8588 -0.3048 0.4119
vn -0.2222 0.9749 -0.0112
vn -0.9749 0.2222 0.0112
vn -0.6158 0.6139 0.4939
vn -0.6371 -0.5239 -0.5654
vn -0.2970 -0.9545 0.0252
vn -0.8878 -0.2415 0.3917
vn 0.9545 0.2970 -0.0252
vn 0.5240 0.6370 0.5654
vn 0.5727 0.6548 0.4931
vn 0.0588 -0.7690 -0.6366
vn -0.3224 -0.7751 -0.5434
vn 0.3004 -0.6270 0.7187
vn 0.5128 0.6845 -0.5182
vn 0.2234 0.8268 0.5162
vn 0.0020 0.6248 0.7807
vn -0.1572 -0.5136 0.8435
vn -0.9452 0.2788 0.1700
vn -0.4531 -0.5475 0.7035
vn -0.9926 0.0262 0.1184
vn -0.2040 0.5610 0.8023
vn -0.6161 0.5507 0.5632
vn -0.6302 0.7157 0.3010
vn 0.6598 0.7491 0.0598
vn -0.4556 0.8376 -0.3014
vn 0.6171 0.5500 -0.5628
vn 0.9994 0.0147 -0.0317
vn 0.2027 0.5594 -0.8037
vn -0.0010 -0.3755 -0.9268
vn -0.0048 0.1973 -0.9803
vn 0.9193 0.0458 -0.3910
vn -0.6262 0.7624 0.1632
vn 0.5258 0.7539 -0.3940
vn 0.3935 0.7798 -0.4869
vn -0.0561 -0.9979 -0.0311
vn 0.6653 -0.3826 0.6412
vn -0.9507 -0.2668 -0.1584
vn 0.8696 0.3838 0.3106
vn -0.7031 0.2651 -0.6598
vn -0.0561 0.9979 -0.0311
vn 0.9986 -0.0373 0.0373
vn 0.3766 -0.2491 0.8923
vn 0.3908 0.1468 0.9087
vn -0.4653 0.7294 -0.5014
vn -0.4305 0.7698 0.4712
vn -0.9986 -0.0374 0.0373
vn 0.1077 -0.5675 0.8163
vn 0.0001 0.6958 0.7183
vn 0.5753 -0.0994 0.8118
vn 0.5772 -0.0213 -0.8163
vn 0.0001 -0.6956 -0.7184
vn 0.5755 0.0961 -0.8122
vn -0.6133 0.0342 -0.7891
vn 0.0187 -0.5738 -0.8188
vn -0.6108 -0.0325 -0.7911
vn 0.6301 -0.0602 0.7742
vn -0.5848 0.1843 0.7900
vn -0.0766 -0.6087 0.7897
vn 0.5981 0.3247 -0.7327
vn -0.5234 -0.1637 -0.8362
vn -0.3417 0.3971 -0.8518
vn -0.8376 -0.1842 0.5142
vn -0.7095 0.6407 -0.2935
vn -0.9137 -0.3915 -0.1090
vn 0.5234 -0.1637 0.8362
vn -0.0654 0.7455 0.6633
vn -0.1222 -0.3669 0.9222
vn 0.8376 -0.1843 -0.5142
vn 0.7392 0.4201 0.5263
vn 0.9138 -0.3913 0.1090
vn 0.3524 -0.7847 -0.5099
vn -0.5471 -0.7847 0.2914
vn -0.6179 -0.7688 -0.1646
vn -0.0000 -0.7475 0.6643
vn -0.0000 0.6881 0.7256
vn -0.7198 0.4156 0.5559
vn 0.8057 -0.0187 -0.5920
vn -0.4472 -0.2513 -0.8584
vn 0.4138 -0.2325 -0.8802
vn 0.2590 -0.0569 0.9642
vn 0.5951 -0.0000 0.8036
vn 0.6099 -0.7906 0.0545
vn -0.5168 -0.7199 0.4634
vn -0.2590 -0.0569 0.9642
vn -0.6101 -0.7906 0.0524
vn 0.6798 -0.3925 0.6195
vn 0.3414 -0.9231 -0.1770
vn 0.7675 -0.4099 0.4929
vn 0.5718 -0.5343 0.6225
vn 0.7808 -0.4096 -0.4718
vn 0.1508 -0.9884 -0.0182
vn 0.1218 -0.8727 0.4729
vn 0.9022 0.4312 0.0128
vn -0.4552 -0.8902 -0.0163
vn 0.0867 -0.8314 -0.5488
vn 0.0454 -0.8656 0.4986
vn 0.0887 -0.8408 0.5340
vn 0.8082 -0.5838 0.0771
vn 0.7913 0.3812 -0.4781
vn 0.7900 0.3620 0.4948
vn 0.9059 -0.4234 0.0125
vn 0.5035 0.7654 0.4008
vn -0.3949 0.9184 -0.0245
vn 0.0694 0.8679 0.4919
vn 0.7675 -0.4100 0.4929
vn 0.5719 -0.5343 0.6225
vn 0.9884 -0.1508 0.0182
vn 0.3105 0.5296 0.7894
vn 0.5669 0.0659 0.8211
vn 0.5629 0.0486 -0.8251
vn -0.4910 -0.3737 -0.7869
vn -0.5606 0.1511 -0.8142
vn -0.5907 -0.0410 -0.8058
vn 0.0039 -0.5479 -0.8366
vn 0.9926 0.1215 0.0019
vn 0.9104 0.2059 0.3589
vn 0.3777 0.7419 -0.5539
vn 0.2302 0.8826 0.4098
vn 0.0430 0.5538 -0.8315
vn -0.2917 0.5034 0.8134
vn -0.5426 0.2054 0.8145
vn 0.0127 -0.5508 0.8345
vn 0.0329 0.5518 0.8333
vn -0.7615 -0.6482 0.0031
vn -0.9356 -0.3294 -0.1270
vn -0.3179 -0.9481 0.0046
vn -0.9624 -0.2716 -0.0096
vn -0.7811 -0.4154 -0.4661
vn 0.4426 -0.8966 -0.0101
vn -0.7675 -0.4099 0.4929
vn -0.3277 -0.9419 -0.0744
vn -0.3007 -0.9469 0.1136
vn -0.9028 0.4296 0.0208
vn -0.7808 -0.4097 -0.4718
vn -0.1508 -0.9884 -0.0182
vn -0.1218 -0.8727 0.4729
vn -0.9022 0.4312 0.0128
vn -0.9884 -0.1507 0.0182
vn -0.0867 -0.8314 -0.5488
vn 0.4552 -0.8902 -0.0164
vn -0.0454 -0.8656 0.4986
vn -0.2901 -0.7420 0.6044
vn -0.0887 -0.8408 0.5340
vn -0.5352 0.7131 -0.4529
vn -0.7529 0.6580 0.0132
vn -0.3179 0.9481 0.0001
vn -0.2995 0.9460 -0.1236
vn -0.9647 0.2634 0.0001
vn -0.7916 0.3861 -0.4736
vn -0.1507 0.9884 -0.0182
vn -0.1219 0.8722 0.4738
vn 0.4069 0.9128 -0.0336
vn -0.0528 0.8664 0.4966
vn -0.4932 0.3656 0.7894
vn -0.5669 0.0659 0.8211
vn -0.0329 0.5519 0.8333
vn -0.4809 0.3866 -0.7869
vn -0.5629 0.0486 -0.8251
vn -0.0431 0.5538 -0.8315
vn 0.4504 -0.3975 0.7994
vn -0.6386 0.0674 0.7666
vn -0.0338 0.5503 0.8343
vn -0.3370 -0.4739 0.8136
vn 0.5452 0.0698 0.8354
vn -0.0134 -0.5496 0.8353
vn 0.8302 0.5251 -0.1872
vn 0.5678 0.5688 0.5950
vn -0.6500 0.0736 -0.7564
vn 0.8795 -0.3062 -0.3644
vn -0.7427 -0.2499 -0.6213
vn 0.5379 0.2244 0.8126
vn -0.2850 -0.7897 0.5433
vn 0.5903 -0.1852 0.7856
vn 0.7986 -0.0000 0.6018
vn 0.7504 0.4966 -0.4363
vn 0.8192 -0.5296 -0.2203
vn 0.6329 -0.0425 0.7730
vn -0.1066 0.9473 0.3022
vn -0.2393 -0.0481 0.9698
vn -0.5615 -0.6911 0.4550
vn -0.7544 -0.6330 0.1739
vn -0.8169 -0.2357 -0.5264
vn -0.8228 -0.4589 -0.3353
vn -0.0315 0.1563 -0.9872
vn 0.7345 -0.5450 -0.4043
vn 0.1917 0.8059 -0.5601
vn -0.0089 -0.8511 -0.5249
vn -0.4622 0.6758 -0.5741
vn 0.8238 0.4436 -0.3530
vn -0.7943 -0.0039 0.6075
vn -0.7930 0.0549 0.6067
vn -0.8319 0.3918 0.3929
vn -0.0005 -0.0720 0.9974
vn 0.9982 0.0007 0.0599
vn -0.7681 -0.2469 0.5909
vn 0.1857 -0.6005 0.7778
vn 0.9832 0.1421 -0.1143
vn 0.1044 0.6565 0.7471
vn -0.6612 0.6995 -0.2711
vn 0.2080 -0.4608 -0.8628
vn -0.8020 -0.5759 -0.1585
vn 0.5809 0.7589 -0.2945
vn -0.4860 0.7176 0.4988
vn 0.2305 0.7946 -0.5616
vn -0.5038 -0.6937 0.5148
vn -0.3322 -0.6389 -0.6939
vn 0.0543 -0.5793 -0.8133
vn 0.0799 -0.6783 0.7304
vn 0.1195 0.5015 0.8569
vn 0.5683 0.2537 0.7828
vn -0.8480 0.5293 -0.0269
vn -0.2071 -0.6150 0.7609
vn -0.0932 0.6527 0.7519
vn -0.2751 -0.4608 -0.8438
vn 0.6540 0.7066 -0.2703
vn 0.6504 -0.7277 -0.2181
vn -0.5871 0.7590 -0.2814
vn -0.0882 0.7914 -0.6048
vn -0.0741 -0.6793 0.7301
vn -0.6467 0.0993 0.7562
vn -0.6663 0.3543 0.6562
vn 0.3498 0.0724 -0.9340
vn 0.7313 -0.6012 -0.3221
vn -0.3173 0.7554 0.5733
vn 0.5334 -0.3747 0.7584
vn 0.8097 0.2753 0.5182
vn -0.6999 -0.4805 -0.5285
vn 0.3836 0.7550 -0.5318
vn 0.6993 -0.5160 -0.4947
vn -0.7269 -0.5001 0.4706
vn -0.7300 -0.4958 -0.4705
vn -0.8134 0.4723 -0.3395
vn -0.6549 0.0168 0.7555
vn 0.1529 -0.9429 0.2959
vn 0.2511 0.0763 0.9650
vn 0.5623 0.6905 0.4551
vn 0.7554 0.6319 0.1735
vn 0.8202 -0.0213 -0.5716
vn 0.8105 0.4774 -0.3394
vn 0.0353 -0.1598 -0.9865
vn -0.7292 0.5497 -0.4075
vn 0.6152 0.5735 -0.5409
vn 0.6017 -0.5692 0.5603
vn 0.4108 0.6932 -0.5923
vn -0.4642 0.7702 0.4373
vn 0.6991 -0.2289 0.6774
vn 0.5375 -0.4315 0.7245
vn 0.4779 -0.6642 -0.5749
vn -0.8571 -0.1915 -0.4782
vn 0.0462 0.8556 -0.5156
vn 0.6115 0.2435 -0.7529
vn -0.5306 -0.1505 0.8342
vn 0.6182 -0.5002 0.6063
vn -0.3048 0.8546 0.4205
vn -0.9865 0.1637 -0.0000
vn -0.6341 0.5324 0.5608
vn 0.7102 0.7040 -0.0000
vn 0.9756 0.1875 0.1145
vn 0.5776 0.5725 -0.5818
vn -0.2809 0.8338 0.4753
vn 0.9744 0.1649 0.1529
vn 0.8545 -0.4155 -0.3117
vn -0.6999 -0.7123 0.0528
vn 0.2981 -0.6098 -0.7344
vn 0.4059 -0.6108 0.6798
vn -0.0997 -0.9089 0.4049
vn -0.6893 -0.6954 -0.2029
vn -0.1601 -0.9052 -0.3938
vn 0.7354 0.5753 -0.3580
vn -0.1559 -0.9367 0.3135
vn 0.6776 0.0594 0.7331
vn -0.6484 -0.2108 0.7315
vn 0.0884 -0.3524 -0.9317
vn -0.8107 0.4915 -0.3183
vn 0.7374 0.6082 -0.2940
vn -0.4719 0.8816 -0.0027
vn -0.6155 0.5680 -0.5464
vn -0.5939 -0.3379 -0.7301
vn -0.0089 0.8511 -0.5249
vn 0.2864 -0.8027 -0.5230
vn -0.4535 -0.6685 -0.5895
vn 0.0039 -0.6075 -0.7943
vn -0.0000 0.6018 -0.7986
vn 0.3929 0.3928 -0.8315
vn -0.8784 -0.0000 0.4779
vn 0.0580 -0.6069 0.7927
vn -0.8797 -0.0028 0.4754
vn -0.4949 0.0687 -0.8662
vn 0.6515 -0.0740 -0.7551
vn -0.2878 0.7679 -0.5722
vn 0.7392 0.2604 -0.6211
vn -0.5727 0.2442 0.7826
vn 0.4258 -0.3882 0.8173
vn 0.2475 0.7798 0.5750
vn -0.7143 0.0662 0.6967
vn -0.0000 0.0949 0.9955
vn 0.8722 0.0461 0.4869
vn 0.7261 -0.2310 0.6477
vn -0.6861 0.2133 0.6955
vn -0.5694 -0.2104 0.7947
vn -0.7220 0.3189 -0.6141
vn -0.6892 0.4682 -0.5530
vn -0.7750 0.3650 0.5160
vn -0.6550 -0.1491 0.7407
vn -0.2090 -0.5353 0.8184
vn 0.9648 0.2625 0.0154
vn 0.7117 0.1978 -0.6741
vn 0.7134 0.1907 0.6743
vn 0.0536 -0.0773 -0.9956
vn 0.7276 0.5764 -0.3719
vn 0.5971 0.6319 -0.4941
vn 0.6417 0.1984 -0.7408
vn -0.0558 -0.8108 -0.5827
vn -0.1771 -0.7401 -0.6487
vn 0.7409 0.5936 0.3141
vn 0.7930 -0.2936 0.5338
vn 0.9662 0.2576 -0.0057
vn 0.1882 -0.6901 -0.6988
vn 0.4339 -0.4861 0.7586
vn 0.0526 -0.0636 -0.9966
vn -0.4777 0.5512 -0.6841
vn -0.2682 -0.8149 -0.5138
vn 0.4236 0.7806 0.4596
vn -0.0000 0.8044 0.5941
vn 0.1730 0.7651 0.6202
vn -0.0118 0.0118 0.9999
vn 0.0718 -0.9162 0.3943
vn 0.4509 0.6262 0.6360
vn 0.0405 -0.3826 -0.9230
vn -0.7781 -0.6278 0.0180
vn -0.7654 -0.6380 -0.0842
vn -0.9850 -0.0726 0.1568
vn -0.0000 -0.0856 -0.9963
vn -0.4491 -0.6557 -0.6069
vn 0.2566 -0.6608 0.7053
vn -0.6821 0.1499 0.7157
vn -0.8930 0.1500 -0.4243
vn -0.0125 0.0125 0.9998
vn -0.0330 0.9259 0.3764
vn -0.0726 0.7778 0.6243
vn 0.0501 -0.3884 0.9201
vn -0.7714 -0.6230 -0.1299
vn -0.6431 -0.6349 -0.4282
vn -0.6257 -0.0717 -0.7768
vn -0.0000 -0.0789 -0.9969
vn 0.5941 -0.0634 -0.8019
vn -0.7407 0.2826 0.6095
vn -0.7977 0.1113 0.5927
vn -0.7895 0.5928 -0.1587
vn 0.0459 -0.0695 0.9965
vn 0.0269 0.6670 0.7446
vn -0.0304 -0.8714 0.4896
vn 0.0679 -0.9472 -0.3135
vn -0.6472 -0.1089 -0.7545
vn 0.9830 0.1685 0.0724
vn -0.0724 0.9830 -0.1685
vn 0.3141 -0.5976 0.7378
vn 0.3135 -0.7408 -0.5940
vn -0.6575 -0.1815 0.7313
vn 0.0517 -0.9480 0.3141
vn 0.7052 0.7052 -0.0739
vn -0.3414 0.5846 -0.7360
vn -0.2132 0.7237 -0.6564
vn 0.1113 0.5927 -0.7977
vn -0.5641 -0.7960 0.2194
vn 0.4507 -0.7827 0.4292
vn -0.5024 0.4823 -0.7176
vn 0.7663 -0.1227 -0.6307
vn -0.2600 0.5466 -0.7960
vn -0.5614 -0.1823 -0.8072
vn 0.6940 0.3591 -0.6241
vn -0.0112 0.0557 -0.9984
vn -0.9381 0.2863 0.1948
vn 0.5927 -0.7977 0.1113
vn 0.1588 -0.7895 -0.5928
vn 0.5038 0.5148 0.6937
vn -0.5591 0.5872 -0.5853
vn 0.7800 -0.6148 0.1165
vn 0.7827 -0.4293 0.4506
vn 0.7960 0.2194 0.5641
vn -0.1234 -0.0118 0.9923
vn -0.0741 -0.7775 0.6245
vn 0.7096 0.1585 0.6865
vn -0.0509 0.9819 0.1823
vn -0.2175 -0.9645 0.1500
vn 0.1500 -0.4243 -0.8930
vn 0.0964 0.4977 0.8620
vn 0.1823 0.8072 -0.5614
vn -0.4977 0.8620 -0.0964
vn 0.5902 -0.4986 0.6349
vn 0.1228 -0.7673 0.6294
vn -0.6349 -0.4231 -0.6465
vn -0.6306 0.4230 0.6507
vn -0.6295 0.6515 -0.4235
vn -0.0137 0.6051 -0.7960
vn -0.3992 -0.4819 -0.7800
vn -0.7316 0.4945 -0.4693
vn -0.8233 -0.0000 0.5676
vn 0.4706 0.5001 -0.7269
vn -0.5453 0.1516 -0.8244
vn -0.0000 0.6301 -0.7765
vn 0.8320 -0.0000 0.5548
vn 0.8233 -0.5272 -0.2104
vn -0.8657 0.0007 -0.5005
vn 0.0003 0.0001 -1.0000
vn 0.3511 -0.8475 -0.3980
vn 0.6489 -0.3981 -0.6484
vn 0.0001 -0.7001 0.7141
vn 0.0005 -0.4999 -0.8661
vn 0.0014 -0.0628 0.9980
vn -0.9281 -0.0550 0.3682
vn -0.5392 0.4235 0.7279
vn 0.4462 -0.7657 -0.4633
vn -0.0000 -0.0418 -0.9991
vn 0.4147 -0.4552 -0.7879
vn -0.0000 0.6754 0.7375
vn 0.5161 0.8060 0.2899
vn 0.5531 0.8183 -0.1563
vn -0.3765 -0.5891 0.7150
vn 0.7261 0.2310 0.6477
vn -0.4985 0.3379 0.7984
vn -0.9822 -0.1752 -0.0676
vn -0.7219 -0.3189 -0.6141
vn -0.7750 -0.3650 0.5160
vn 0.0459 0.0695 0.9965
vn 0.7284 -0.5710 0.3786
vn -0.8189 0.1191 0.5614
vn 0.7116 -0.1978 -0.6741
vn 0.9649 -0.2625 0.0042
vn 0.7134 -0.1907 0.6743
vn 0.7251 -0.6131 -0.3135
vn 0.0003 -0.0001 -1.0000
vn 0.3512 0.8475 -0.3980
vn -0.0558 0.8108 -0.5827
vn 0.6417 -0.1983 -0.7409
vn -0.1772 0.7402 -0.6486
vn 0.0565 0.0815 0.9951
vn -0.0968 -0.6904 0.7169
vn -0.5518 0.6352 0.5403
vn 0.1881 0.6902 -0.6988
vn 0.9662 -0.2575 0.0120
vn 0.4339 0.4861 0.7586
vn -0.2690 0.6330 -0.7259
vn 0.0292 0.0292 -0.9991
vn -0.2078 0.5682 -0.7962
vn -0.0000 -0.8044 0.5941
vn 0.4239 -0.7806 0.4594
vn 0.1730 -0.7651 0.6202
vn 0.6250 0.0486 0.7791
vn -0.0000 0.0747 0.9972
vn -0.4298 0.5353 0.7271
vn -0.7781 0.6278 0.0180
vn 0.0405 0.3826 -0.9230
vn -0.7654 0.6380 -0.0841
vn -0.0000 0.0856 -0.9963
vn -0.9850 0.0726 0.1568
vn -0.4491 0.6557 -0.6069
vn -0.6821 -0.1499 0.7157
vn 0.2566 0.6608 0.7053
vn -0.8930 -0.1500 -0.4243
vn -0.9870 0.0442 -0.1545
vn -0.0000 0.0903 0.9959
vn 0.8551 0.0468 0.5163
vn -0.3192 0.7138 0.6234
vn 0.0503 0.3884 0.9201
vn -0.6247 0.5567 -0.5476
vn -0.0000 0.0789 -0.9969
vn -0.6257 0.0716 -0.7768
vn 0.5941 0.0634 -0.8019
vn -0.7977 -0.5773 0.1743
vn -0.7407 -0.2825 0.6095
vn -0.7895 -0.4340 -0.4339
vn 0.2532 -0.6222 0.7407
vn 0.4338 -0.4341 0.7896
vn -0.6472 0.1090 -0.7545
vn 0.0679 0.9472 -0.3135
vn 0.9340 -0.3498 0.0723
vn 0.3141 0.5976 0.7378
vn -0.0723 -0.9340 -0.3498
vn 0.3135 0.7409 -0.5940
vn 0.0517 0.9480 0.3141
vn -0.6575 0.1815 0.7313
vn 0.8636 -0.4987 -0.0739
vn 0.0526 0.0636 -0.9966
vn -0.5614 0.8261 0.0497
vn 0.0534 -0.8426 -0.5360
vn -0.1983 0.7960 0.5719
vn 0.4502 0.7828 0.4297
vn 0.0212 -0.7757 -0.6307
vn 0.4907 -0.4942 -0.7176
vn -0.5719 -0.1983 -0.7960
vn -0.7760 -0.6307 0.0071
vn -0.7103 -0.6294 -0.3151
vn -0.9565 0.1065 -0.2714
vn -0.5141 0.0964 0.8523
vn -0.5614 0.1823 -0.8072
vn 0.1321 0.4664 -0.8747
vn 0.5516 -0.5709 -0.6081
vn -0.9382 -0.2862 0.1948
vn 0.1743 0.7977 0.5773
vn 0.4340 0.7895 -0.4339
vn -0.6962 -0.0191 -0.7176
vn 0.5773 -0.1743 -0.7977
vn 0.5678 -0.7313 -0.3779
vn 0.5038 -0.5148 0.6937
vn 0.7380 -0.2432 0.6294
vn -0.7024 -0.3822 -0.6004
vn 0.7828 0.4297 0.4502
vn 0.7800 0.6148 0.1165
vn 0.7960 -0.5719 0.1983
vn 0.0107 0.6222 0.7828
vn -0.0001 -0.0001 1.0000
vn 0.2660 -0.5657 0.7806
vn -0.0469 0.0040 -0.9989
vn -0.0289 0.7808 -0.6241
vn 0.6446 -0.4411 -0.6245
vn 0.0964 -0.8523 0.5141
vn 0.1500 0.4243 -0.8930
vn 0.1823 -0.8072 -0.5614
vn -0.0550 -0.9938 -0.0964
vn -0.3893 0.9088 -0.1499
vn -0.6307 -0.0071 0.7760
vn -0.5567 0.5433 -0.6284
vn -0.6294 -0.3151 -0.7103
vn 0.6986 -0.0489 -0.7138
vn -0.3992 0.4819 -0.7800
vn -0.0000 0.5676 -0.8233
vn 0.0019 0.0713 -0.9975
vn -0.9306 0.0528 -0.3623
vn -0.4669 -0.4891 -0.7367
vn 0.0001 0.7000 0.7142
vn 0.6488 0.3980 -0.6485
vn -0.0000 0.5001 -0.8660
vn 0.3784 0.6336 0.6748
vn 0.5657 0.1011 0.8184
vn -0.6679 0.3696 0.6460
vn 0.6858 0.6992 0.2023
vn -0.6676 0.3633 -0.6499
vn -0.0000 0.0417 -0.9991
vn 0.4465 0.7656 -0.4632
vn 0.4147 0.4552 -0.7879
vn 0.5161 -0.8060 0.2899
vn -0.0000 -0.6754 0.7375
vn 0.0677 -0.8184 -0.5707
vn 0.6542 -0.6480 -0.3900
vn 1.0000 -0.0024 -0.0040
vn 0.9634 -0.1452 0.2251
vn -0.3528 -0.9256 -0.1368
vn 0.4921 -0.8699 -0.0320
vn 0.2302 -0.9433 0.2393
vn 0.3079 0.2270 -0.9239
vn 0.5385 0.6209 -0.5697
vn 0.7651 0.6222 -0.1657
vn -0.3682 -0.6222 -0.6908
vn -0.2822 -0.8707 0.4028
vn -0.4501 -0.7844 -0.4268
vn 0.8558 -0.5173 -0.0000
vn 0.1836 -0.9699 -0.1597
vn 0.6767 -0.4777 -0.5603
vn -0.0299 -0.0085 0.9995
vn -0.3367 -0.7270 0.5984
vn -0.5234 0.2391 0.8179
vn -0.4199 0.4383 0.7947
vn 0.8087 0.3572 0.4674
vn 0.0090 0.0293 0.9995
vn 0.7528 -0.2952 -0.5883
vn 0.8398 0.5420 -0.0318
vn 0.6747 -0.7361 0.0542
vn 0.4731 -0.8767 0.0875
vn -0.3421 -0.6159 0.7097
vn -0.4541 -0.7835 -0.4241
vn -0.5367 0.3006 -0.7884
vn 0.7519 -0.2040 -0.6269
vn -0.0042 -0.8755 -0.4832
vn 0.8741 -0.0048 -0.4858
vn 0.2301 -0.7346 -0.6383
vn -0.2410 0.5072 -0.8274
vn -0.8677 0.4966 0.0230
vn 0.4011 0.7939 0.4569
vn -0.3138 0.6018 -0.7344
vn -0.1210 -0.9889 -0.0857
vn -0.7042 0.6044 -0.3726
vn -0.0949 0.6712 -0.7352
vn -0.5928 0.1588 -0.7895
vn 0.8842 -0.4620 -0.0691
vn 0.5312 0.8352 -0.1423
vn 0.7832 0.4381 0.4412
vn -0.5482 -0.8260 0.1311
vn 0.0739 -0.7352 -0.6738
vn -0.1588 -0.7895 0.5928
vn 0.4858 0.8729 -0.0455
vn 0.6090 0.7858 0.1079
vn 0.6383 -0.7154 -0.2844
vn -0.1258 0.5646 0.8157
vn -0.5376 -0.2561 0.8033
vn -0.1124 0.5446 0.8311
vn 0.2144 0.5364 0.8163
vn 0.5558 -0.1278 0.8214
vn -0.5952 -0.1383 0.7916
vn -0.2180 -0.5078 0.8334
vn -0.5582 0.1113 0.8222
vn -0.5121 -0.6690 0.5387
vn 0.9454 0.2940 0.1410
vn 0.5812 -0.5683 -0.5824
vn 0.9376 0.3471 -0.0206
vn 0.8440 -0.5029 0.1861
vn 0.0930 -0.8586 -0.5042
vn 0.8560 -0.4731 -0.2085
vn 0.5502 -0.0602 -0.8329
vn -0.5919 -0.0067 -0.8060
vn -0.5856 -0.1608 -0.7945
vn -0.8856 0.4117 0.2150
vn 0.1526 0.9130 -0.3784
vn -0.7130 0.4395 -0.5463
vn -0.1829 0.8171 0.5467
vn 0.8031 0.5370 -0.2583
vn -0.5115 0.7572 -0.4062
vn 0.5593 -0.2363 0.7946
vn 0.8345 0.4810 -0.2689
vn 0.8222 0.5419 0.1741
vn 0.7099 -0.3150 -0.6299
vn 0.6696 -0.6631 0.3346
vn 0.6268 0.7488 0.2155
vn -0.2470 0.7988 0.5485
vn -0.2888 0.7939 -0.5351
vn -0.8258 0.5291 0.1951
vn 0.5365 -0.2775 -0.7970
vn -0.1869 -0.6057 -0.7734
vn 0.5504 0.0501 0.8334
vn -0.3173 -0.4725 0.8222
vn -0.5952 0.1357 0.7921
vn 0.5809 0.5714 -0.5797
vn 0.6391 0.7691 0.0042
vn 0.6749 0.5784 -0.4583
vn -0.1218 0.9568 -0.2640
vn 0.8648 0.4937 0.0913
vn 0.8557 0.4737 -0.2080
vn 0.5502 0.0602 -0.8329
vn -0.2025 -0.5562 -0.8060
vn -0.5124 0.6466 -0.5652
vn -0.8017 -0.5789 -0.1489
vn -0.7005 -0.4495 0.5544
vn -0.7130 -0.4395 -0.5463
vn 0.5611 0.1479 0.8144
vn -0.3079 -0.5699 0.7619
vn 0.3468 -0.5800 -0.7371
vn -0.2234 -0.8169 0.5318
vn -0.2795 -0.7475 -0.6026
vn 0.8281 -0.2371 -0.5079
vn 0.5498 0.5747 0.6061
vn 0.8117 -0.1543 0.5633
vn 0.6698 -0.6256 0.4000
vn 0.7383 0.5610 -0.3745
vn 0.6271 -0.7488 0.2148
vn -0.1657 -0.8610 -0.4808
vn -0.2601 -0.8369 0.4815
vn -0.8259 -0.5289 0.1952
vn 0.4388 0.3291 -0.8362
vn -0.4841 0.3675 -0.7941
vn -0.6194 -0.1572 0.7692
vn -0.6040 0.7498 -0.2700
vn -0.6145 -0.3395 -0.7122
vn -0.3082 -0.7671 -0.5626
vn -0.3985 -0.8919 -0.2138
vn -0.4990 -0.8662 0.0274
vn 0.4888 -0.5239 0.6975
vn 0.8468 0.2109 0.4884
vn 0.8466 -0.2118 0.4883
vn -0.2957 0.7524 -0.5886
vn -0.3985 0.8919 -0.2137
vn -0.5396 0.8066 0.2415
vn -0.5200 -0.3102 -0.7959
vn -0.9302 -0.1409 -0.3390
vn -0.9314 0.1390 -0.3363
vn 0.5902 -0.8073 -0.0003
vn -0.5902 -0.8073 0.0003
vn -0.0054 -0.8114 -0.5845
vn 0.8072 0.5902 -0.0003
vn 0.8072 -0.5902 0.0003
vn 0.8114 -0.0054 -0.5845
vn -0.5902 0.8073 -0.0003
vn 0.5902 0.8073 0.0003
vn 0.0054 0.8114 -0.5845
vn -0.8073 -0.5902 -0.0003
vn -0.8073 0.5902 0.0003
vn -0.8114 0.0054 -0.5845
vn -0.0005 -0.8093 -0.5874
vn 0.0005 -0.8093 0.5874
vn -0.5816 -0.8134 0.0052
vn -0.0005 0.5874 -0.8093
vn 0.0005 -0.5874 -0.8093
vn -0.5816 -0.0052 -0.8134
vn -0.0005 0.8093 0.5874
vn 0.0005 0.8093 -0.5874
vn -0.5816 0.8134 -0.0052
vn -0.0005 -0.5874 0.8093
vn 0.0005 0.5874 0.8093
vn -0.5816 0.0052 0.8134
vn 0.5959 0.0007 -0.8031
vn -0.5959 -0.0007 -0.8031
vn -0.0117 0.5835 -0.8120
vn 0.8031 0.0007 0.5959
vn 0.8031 -0.0007 -0.5959
vn 0.8120 0.5835 -0.0118
vn -0.5959 0.0007 0.8031
vn 0.5959 -0.0007 0.8031
vn 0.0118 0.5835 0.8120
vn -0.8031 0.0007 -0.5959
vn -0.8031 -0.0007 0.5959
vn -0.8120 0.5835 0.0117
vn -0.0385 0.9623 0.2691
vn -0.4617 0.5904 -0.6620
vn -0.6872 0.4370 0.5803
vn -0.9062 -0.3939 0.1541
vn -0.6999 0.7141 0.0143
vn -0.6580 -0.4277 -0.6198
vn 0.6291 -0.7425 -0.2301
vn -0.4520 -0.5859 0.6727
vn -0.4227 -0.9035 -0.0704
vn 0.6272 -0.0667 -0.7760
vn 0.9919 -0.1271 -0.0058
vn 0.2955 -0.9473 -0.1236
vn -0.6169 -0.4948 0.6121
vn -0.6338 -0.7167 -0.2910
vn 0.1548 -0.9136 -0.3760
vn -0.0532 0.6787 0.7325
vn -0.1809 0.9831 0.0288
vn -0.9153 0.2018 0.3487
vn 0.9514 0.1182 -0.2845
vn 0.1133 0.7224 -0.6822
vn 0.1752 0.9723 -0.1548
vn 0.8782 -0.2839 -0.3850
vn 0.5125 -0.5778 0.6352
vn 0.1565 -0.7668 -0.6225
vn -0.6982 -0.3808 0.6062
vn -0.8841 0.1896 -0.4270
vn -0.7592 -0.5423 -0.3599
vn 0.5548 0.1988 -0.8079
vn 0.4149 -0.4400 -0.7964
vn 0.0310 0.6074 -0.7938
vn 0.5375 -0.2353 0.8097
vn 0.2387 0.5316 0.8127
vn -0.4247 0.4442 0.7889
vn -0.5471 -0.4152 0.7268
vn 0.1922 -0.5920 -0.7827
vn -0.5537 -0.3831 -0.7394
vn 0.1033 -0.5609 -0.8214
vn -0.5498 -0.2226 -0.8051
vn -0.0288 0.6496 -0.7597
vn -0.5646 0.1584 0.8100
vn 0.6020 -0.0336 0.7978
vn -0.4458 -0.4213 0.7898
vn -0.9671 -0.1861 -0.1732
vn -0.0400 -0.9611 0.2732
vn -0.8117 -0.3471 0.4697
vn -0.9062 0.3939 0.1541
vn -0.7336 -0.2390 -0.6361
vn -0.7472 -0.4705 0.4694
vn 0.1110 0.4986 0.8597
vn 0.6239 0.7432 -0.2417
vn -0.4684 0.8834 -0.0092
vn 0.9801 -0.0047 -0.1987
vn 0.5135 0.1502 -0.8448
vn 0.3221 0.9426 -0.0879
vn -0.7380 0.6505 -0.1793
vn -0.2598 0.5963 0.7596
vn 0.1348 0.8996 -0.4154
vn -0.1809 -0.9831 0.0288
vn -0.0532 -0.6787 0.7325
vn -0.9250 -0.2168 0.3122
vn 0.4355 -0.2982 -0.8494
vn 0.9514 -0.1183 -0.2845
vn 0.1521 -0.9659 -0.2097
vn -0.0746 0.9670 0.2435
vn 0.7213 0.3470 -0.5994
vn 0.1489 0.7724 -0.6174
vn -0.8877 -0.2166 -0.4062
vn -0.6977 0.3851 0.6041
vn -0.8096 0.3128 -0.4968
vn 0.4194 0.4356 -0.7965
vn 0.2012 -0.5540 -0.8078
vn -0.3709 -0.4820 -0.7938
vn -0.1617 -0.5929 0.7889
vn 0.4837 -0.4876 0.7268
vn -0.6316 -0.2209 0.7432
vn 0.5511 0.2894 -0.7827
vn -0.4937 0.3288 -0.8051
vn 0.1033 0.5609 -0.8214
vn -0.5425 -0.3586 -0.7597
vn -0.4996 -0.3072 0.8100
vn 0.6020 0.0335 0.7978
vn -0.6032 -0.1112 0.7898
vn -0.1382 -0.6097 -0.7805
vn 0.0936 -0.7271 -0.6801
vn 0.1901 -0.8139 -0.5490
vn -0.1562 0.0563 -0.9861
vn 0.2137 -0.8408 -0.4975
vn -0.6357 -0.6101 -0.4729
vn -0.3082 0.8020 -0.5117
vn 0.0380 -0.0738 -0.9965
vn -0.6363 0.0118 -0.7714
vn -0.0937 0.7271 -0.6801
vn 0.0402 0.6023 -0.7973
vn -0.5780 0.6111 -0.5409
vn 0.5384 0.3255 0.7773
vn 0.3372 0.0410 0.9405
vn 0.7833 0.3263 0.5291
vn -0.9577 -0.1125 0.2647
vn -0.8904 -0.4466 -0.0875
vn -0.8682 -0.0081 -0.4961
vn 0.9577 0.1125 0.2647
vn 0.8891 0.4466 -0.1003
vn 0.8871 0.4605 -0.0309
vn -0.5845 -0.3428 0.7354
vn -0.3391 -0.0433 0.9397
vn -0.7757 -0.3326 0.5363
vn 0.8962 -0.4427 -0.0277
vn 0.7668 -0.2172 0.6041
vn 0.9227 -0.3107 -0.2282
vn 0.1165 0.9504 -0.2885
vn 0.0102 0.7266 0.6870
vn -0.0563 0.7318 0.6792
vn -0.7472 0.5921 -0.3020
vn 0.5114 0.2878 0.8097
vn -0.4799 0.5216 0.7054
vn 0.4206 0.4457 0.7902
vn -0.9160 0.0171 -0.4007
vn -0.7786 0.6116 -0.1404
vn 0.9153 -0.0154 -0.4025
vn 0.7859 -0.5985 0.1555
vn 0.8790 -0.4541 -0.1456
vn -0.0224 0.7055 0.7084
vn -0.3557 0.7846 0.5078
vn -0.8788 0.4593 -0.1297
vn 0.7462 -0.6638 -0.0501
vn 0.3414 -0.7947 0.5018
vn 0.0141 -0.7053 0.7088
vn 0.3669 -0.3588 0.8583
vn 0.4808 -0.5577 0.6766
vn -0.2700 -0.8495 0.4533
vn -0.8962 0.4427 -0.0277
vn -0.7703 0.4141 0.4848
vn -0.9227 0.3107 -0.2282
vn -0.0102 -0.7266 0.6870
vn -0.1165 -0.9504 -0.2885
vn -0.0580 -0.9579 -0.2810
vn 0.3059 -0.6172 0.7250
vn -0.1422 -0.4390 0.8871
vn -0.5785 -0.7757 0.2521
vn 0.0619 0.1294 0.9897
vn -0.1334 0.3616 0.9227
vn -0.6328 -0.3546 0.6884
vn 0.0557 0.8611 0.5054
vn -0.6022 0.6153 0.5087
vn -0.6437 0.3380 0.6866
vn 0.5771 0.7727 0.2644
vn 0.1758 0.7815 0.5986
vn -0.1834 0.5925 0.7844
vn -0.5207 0.0149 -0.8536
vn -0.9325 0.1567 -0.3253
vn -0.8107 -0.1857 -0.5553
vn -0.9497 -0.3056 -0.0681
vn -0.6278 -0.4392 -0.6427
vn -0.4754 -0.7287 -0.4930
vn 0.7532 -0.2418 -0.6117
vn 0.3447 -0.3814 -0.8577
vn 0.9221 -0.2119 -0.3239
vn -0.3364 -0.3812 -0.8611
vn -0.9223 -0.0430 -0.3842
vn 0.7805 0.1667 -0.6026
vn 0.3631 0.4933 -0.7904
vn 0.6278 0.4391 -0.6427
vn 0.4782 0.7335 -0.4831
vn 0.9359 -0.1579 -0.3149
vn -0.8634 -0.4683 0.1876
vn -0.8117 0.1548 -0.5632
vn -0.9342 -0.2827 0.2177
vn 0.9207 -0.2142 -0.3262
vn 0.8422 -0.1226 -0.5250
vn 0.9320 -0.2834 0.2259
vn -0.4542 0.8312 -0.3206
vn 0.1829 0.9697 0.1620
vn -0.1021 0.7341 -0.6713
vn -0.9229 0.0734 0.3780
vn -0.9300 -0.3664 0.0302
vn 0.7767 -0.4419 -0.4488
vn 0.9116 -0.2164 0.3494
vn -0.3867 0.5651 -0.7288
vn 0.0636 0.8832 -0.4647
vn 0.3246 0.4493 -0.8323
vn -0.9133 0.1649 0.3724
vn -0.7648 -0.6340 0.1146
vn 0.7647 -0.6348 0.1107
vn 0.9143 0.1822 0.3617
vn -0.3754 -0.0252 -0.9265
vn 0.2854 0.2372 -0.9286
vn 0.3617 -0.0604 -0.9304
vn -0.7731 -0.3270 0.5435
vn -0.9307 0.2819 0.2331
vn 0.8054 0.1662 -0.5689
vn 0.9298 0.3668 0.0323
vn -0.2858 -0.7805 -0.5561
vn 0.2070 -0.3336 -0.9197
vn 0.2189 -0.8087 -0.5460
vn -0.9207 0.2141 -0.3262
vn -0.8446 0.1370 -0.5176
vn 0.8634 0.4683 0.1877
vn 0.9342 0.2827 0.2177
vn -0.1911 -0.9690 0.1565
vn 0.4542 -0.8312 -0.3205
vn 0.3117 -0.9501 0.0118
vn 0.1340 0.6050 -0.7849
vn 0.4722 -0.1527 -0.8681
vn 0.4968 -0.0026 -0.8678
vn -0.7643 0.2238 0.6047
vn -0.8840 0.4498 0.1273
vn -0.8840 0.4498 -0.1276
vn 0.3429 -0.5420 0.7672
vn 0.4722 -0.1525 0.8682
vn 0.5972 0.2447 0.7638
vn 0.5596 -0.7843 -0.2677
vn 0.9481 -0.3072 -0.0825
vn 0.9476 -0.3084 0.0831
vn 0.2559 -0.8894 0.3788
vn -0.1263 -0.9133 0.3872
vn 0.0234 -0.0234 0.9995
vn 0.0234 -0.0234 -0.9995
vn -0.7251 0.5338 -0.4350
vn -0.7872 -0.4578 -0.4133
vn -0.7872 0.4578 0.4133
vn 0.0234 0.0234 0.9995
vn -0.7251 -0.5338 0.4350
vn 0.0234 0.0234 -0.9995
vn 0.2559 0.8894 -0.3788
vn -0.1263 0.9133 -0.3872
vn 0.0354 0.8466 -0.5311
vn -0.5515 0.7798 0.2961
vn 0.4971 0.8674 0.0242
vn -0.1769 0.6055 -0.7759
vn 0.0424 -0.5298 -0.8471
vn -0.2749 -0.5202 -0.8086
vn -0.6304 -0.7758 -0.0269
vn 0.0354 -0.8466 0.5311
vn -0.5713 -0.8055 0.1576
vn 0.0424 0.5298 0.8471
vn -0.6372 -0.1354 0.7587
vn 0.4986 -0.0304 0.8663
vn 0.7934 0.0644 -0.6053
vn 0.7934 -0.3203 0.5176
vn 0.7798 -0.6041 -0.1645
vn -0.6304 -0.7758 0.0269
vn 0.0354 -0.8466 -0.5311
vn 0.4970 -0.8674 0.0242
vn 0.0424 0.5298 -0.8471
vn -0.2020 -0.5987 -0.7751
vn -0.0229 0.6009 -0.7990
vn 0.0354 0.8466 0.5311
vn -0.6309 0.7753 0.0289
vn -0.5642 0.8055 0.1812
vn -0.1769 0.6055 0.7759
vn 0.0424 -0.5298 0.8471
vn 0.4986 0.0304 0.8663
vn 0.7934 0.0644 0.6053
vn 0.7934 -0.0107 -0.6086
vn 0.7798 0.1399 -0.6102
vn -0.1016 0.5289 -0.8426
vn 0.4543 -0.3967 -0.7976
vn -0.5445 -0.0007 -0.8388
vn 0.7097 -0.6998 -0.0808
vn 0.5691 -0.8091 0.1468
vn 0.8374 -0.4507 0.3092
vn -0.0012 -0.6022 0.7983
vn -0.0907 0.5367 0.8389
vn -0.1311 0.5257 0.8405
vn -0.3558 0.9278 0.1120
vn -0.6728 0.6838 -0.2826
vn -0.7968 0.3557 0.4885
vn 0.2125 0.4952 -0.8424
vn -0.3774 -0.4639 -0.8015
vn 0.3516 -0.8642 -0.3600
vn 0.0480 -0.9902 0.1314
vn 0.1466 0.9864 0.0742
vn -0.0683 0.9918 -0.1077
vn 0.3514 0.4207 0.8364
vn -0.5139 -0.3087 0.8004
vn 0.2419 -0.5365 0.8085
vn 0.1410 0.6719 -0.7271
vn -0.5648 -0.1973 -0.8013
vn -0.2008 -0.9682 -0.1492
vn 0.8595 -0.4701 0.2009
vn 0.6539 -0.3073 0.6914
vn 0.3598 0.4839 0.7978
vn -0.5125 -0.2289 0.8276
vn 0.3062 0.6242 -0.7188
vn 0.1998 0.8069 0.5559
vn 0.6873 0.5177 0.5095
vn -0.9147 -0.3775 0.1442
vn -0.2017 -0.7867 -0.5834
vn 0.1666 -0.9122 0.3744
vn 0.5693 0.1962 0.7984
vn -0.5400 0.1925 0.8194
vn -0.5596 0.0002 -0.8288
vn 0.4886 -0.3475 -0.8003
vn 0.5012 -0.3338 -0.7983
vn 0.9558 0.0905 -0.2799
vn 0.4827 0.7679 0.4211
vn 0.9936 0.0539 0.0990
vn -0.9349 0.0511 0.3513
vn -0.5034 -0.6635 -0.5534
vn -0.7824 -0.2789 -0.5569
vn 0.6084 0.5513 0.5708
vn 0.5928 -0.4861 -0.6421
vn 0.4191 0.8969 0.1410
vn 0.2647 0.9380 -0.2237
vn -0.7982 -0.1646 0.5795
vn -0.5634 0.6626 -0.4935
vn -0.8168 -0.1879 -0.5455
vn -0.6924 -0.7192 -0.0583
vn -0.7990 0.3851 0.4619
vn -0.8104 0.5783 -0.0936
vn -0.7039 0.3396 0.6238
vn -0.8231 -0.0884 0.5610
vn -0.4559 -0.6222 0.6363
vn -0.5122 0.6933 0.5069
vn -0.5527 0.1773 0.8143
vn 0.9050 0.0476 0.4227
vn 0.9748 0.1483 0.1664
vn 0.6431 0.3270 0.6925
vn 0.2262 -0.7251 0.6504
vn -0.1116 0.0936 -0.9893
vn 0.1008 0.6717 -0.7339
vn 0.0460 -0.7143 -0.6983
vn 0.6292 0.5122 -0.5846
vn -0.2512 0.9335 0.2560
vn 0.5657 0.4846 -0.6672
vn 0.5921 -0.5342 0.6033
vn -0.2631 -0.9139 -0.3090
vn 0.7066 -0.3684 -0.6042
vn -0.3851 0.4341 0.8144
vn 0.5141 0.6713 0.5339
vn 0.4794 0.5509 0.6832
vn 0.4717 0.8672 0.1593
vn -0.9079 0.4191 0.0001
vn 0.4723 -0.8671 0.1583
vn 0.2245 -0.5085 0.8313
vn -0.0121 0.6111 0.7915
vn -0.5002 0.2272 0.8356
vn 0.1647 0.5611 0.8112
vn -0.6998 0.4633 0.5437
vn 0.0571 -0.9811 0.1849
vn -0.6230 -0.5373 -0.5685
vn -0.3608 -0.6630 -0.6559
vn -0.6483 -0.6681 0.3651
vn -0.8535 0.0326 -0.5201
vn -0.5854 -0.7737 -0.2421
vn -0.7628 0.0854 -0.6409
vn 0.5083 0.3516 -0.7862
vn 0.3539 0.4849 -0.7998
vn 0.4195 0.9000 0.1183
vn 0.9131 -0.1541 -0.3775
vn 0.4472 0.7375 -0.5061
vn -0.1184 -0.6457 0.7544
vn 0.5316 -0.7990 -0.2811
vn 0.3204 -0.7771 0.5417
vn 0.8426 0.2907 0.4533
vn 0.2674 0.9623 -0.0501
vn 0.5457 0.7236 0.4226
vn 0.9173 0.2851 -0.2780
vn -0.1359 -0.5583 -0.8184
vn -0.5169 0.3866 -0.7637
vn -0.1639 -0.5439 0.8230
vn -0.5081 -0.2963 0.8087
vn -0.6640 -0.0701 0.7444
vn 0.0331 -0.5475 0.8361
vn -0.4889 0.3310 0.8071
vn 0.9068 0.3079 -0.2881
vn 0.9964 0.0833 0.0148
vn 0.9392 -0.0643 -0.3372
vn 0.5385 -0.5305 0.6546
vn 0.3850 -0.6567 -0.6485
vn -0.0800 -0.5367 -0.8400
vn -0.1440 -0.5758 -0.8048
vn 0.4919 0.5765 -0.6525
vn -0.5861 0.7999 -0.1291
vn -0.5151 0.5071 0.6910
vn -0.4307 0.8564 -0.2846
vn -0.3062 -0.7949 -0.5238
vn 0.6663 -0.6868 0.2905
vn -0.0416 -0.7818 0.6222
vn -0.3371 0.9297 0.1483
vn -0.6090 0.5438 -0.5775
vn -0.2568 0.9565 -0.1385
vn -0.3293 -0.4829 0.8114
vn -0.6032 -0.7965 -0.0416
vn 0.6787 -0.7344 0.0039
vn -0.1686 -0.7635 0.6234
vn -0.4641 0.2901 0.8370
vn -0.0620 -0.6109 0.7892
vn 0.5394 0.0912 0.8371
vn 0.4370 -0.8947 -0.0929
vn -0.8458 -0.3779 0.3767
vn -0.0895 -0.8055 0.5858
vn 0.5362 0.1148 -0.8362
vn -0.5352 0.3017 -0.7890
vn 0.4260 -0.4472 -0.7865
vn 0.9327 0.2981 0.2028
vn 0.0996 0.9114 -0.3993
vn -0.0133 0.9727 0.2315
vn -0.4291 0.4298 0.7944
vn 0.5347 -0.1800 0.8257
vn 0.4434 0.2975 -0.8455
vn -0.8601 -0.3429 -0.3778
vn -0.7020 -0.4382 0.5614
vn -0.0320 0.5462 0.8370
vn 0.5798 -0.0191 0.8146
vn 0.2748 -0.5232 0.8067
vn -0.3826 0.9168 0.1144
vn -0.9699 -0.2409 -0.0368
vn -0.8799 -0.0557 0.4718
vn 0.2167 0.5007 -0.8380
vn -0.3571 -0.4714 -0.8064
vn -0.5164 -0.1812 -0.8370
vn 0.4929 -0.8537 -0.1678
vn 0.0804 -0.9858 0.1473
vn 0.9201 0.1010 0.3784
vn -0.4141 0.7432 0.5255
vn -0.5462 0.6661 -0.5079
vn -0.2285 0.5030 -0.8335
vn 0.3327 -0.4773 -0.8133
vn 0.5989 -0.5626 -0.5699
vn 0.3144 -0.7571 0.5726
vn -0.4296 -0.3936 0.8127
vn -0.1871 0.5190 0.8341
vn 0.0604 0.5444 -0.8366
vn 0.2644 -0.7729 -0.5768
vn 0.1282 0.8044 0.5801
vn 0.1290 0.9469 -0.2944
vn -0.4246 -0.4037 0.8104
vn 0.6473 -0.5154 0.5616
vn -0.2563 -0.5294 -0.8087
vn -0.4416 -0.7010 -0.5600
vn -0.9134 0.1056 -0.3932
vn 0.8629 -0.1227 0.4903
vn 0.9156 -0.1828 -0.3582
vn 0.7144 0.3844 0.5847
vn -0.3905 -0.7311 0.5595
vn 0.2485 -0.5267 -0.8129
vn -0.5872 -0.5930 -0.5509
vn 0.4998 -0.3837 -0.7765
vn -0.4728 0.8157 0.3332
vn 0.5767 0.5485 -0.6055
vn -0.3234 0.8230 -0.4669
vn -0.7992 0.5318 -0.2802
vn 0.4491 0.8234 0.3468
vn -0.0005 0.8189 -0.5739
vn 0.5668 0.8180 0.0978
vn -0.2751 0.8180 -0.5052
vn -0.4514 0.8295 0.3290
vn -0.3666 0.0024 -0.9304
vn -0.9990 -0.0024 0.0435
vn -0.6956 0.5677 -0.4402
vn 0.9304 0.0024 -0.3666
vn -0.0435 -0.0024 -0.9990
vn 0.4402 0.5677 -0.6956
vn 0.3666 0.0024 0.9304
vn 0.9990 -0.0024 -0.0435
vn 0.6956 0.5677 0.4402
vn -0.9304 0.0024 0.3666
vn 0.0435 -0.0024 0.9990
vn -0.4402 0.5677 0.6956
vn -0.4562 0.1782 0.8719
vn -0.9459 -0.2617 0.1918
vn -0.1123 -0.4660 0.8776
vn -0.9651 0.1279 0.2284
vn -0.6909 -0.5024 -0.5198
vn -0.4319 -0.5662 0.7020
vn -0.8037 0.0617 -0.5919
vn -0.1673 -0.5569 -0.8135
vn -0.8171 -0.5656 0.1117
vn -0.0408 0.1782 -0.9831
vn 0.7233 -0.2616 -0.6391
vn -0.3416 -0.4659 -0.8162
vn 0.6998 0.1724 -0.6932
vn 0.8147 -0.4729 0.3356
vn 0.0230 -0.5663 -0.8239
vn 0.9499 0.1237 0.2871
vn 0.2741 -0.6011 0.7507
vn 0.5145 -0.4774 -0.7123
vn 0.4000 0.0617 0.9144
vn -0.2619 -0.5570 0.7882
vn 0.7726 -0.5800 0.2583
vn 0.4205 0.3383 0.8419
vn -0.5653 0.2773 0.7769
vn 0.5040 -0.1747 0.8459
vn -0.8125 0.3977 -0.4262
vn 0.1862 0.9229 0.3369
vn -0.3477 0.9325 0.0976
vn -0.3251 -0.4332 0.8406
vn 0.2539 -0.7070 0.6601
vn 0.3653 -0.7352 -0.5710
vn 0.9331 -0.3079 0.1855
vn 0.0004 0.5857 0.8106
vn -0.4056 -0.5599 -0.7225
vn -0.5724 -0.2542 -0.7796
vn -0.1928 -0.4966 -0.8463
vn 0.4197 0.8320 -0.3628
vn -0.6051 0.7819 0.1500
vn 0.0587 -0.5439 -0.8371
vn 0.3486 0.5329 -0.7710
vn 0.5753 -0.0184 -0.8177
vn -0.8973 -0.0843 0.4332
vn -0.9800 -0.1042 -0.1694
vn -0.3880 -0.7953 0.4658
vn -0.4873 0.5145 -0.7056
vn 0.5106 0.6629 -0.5476
vn 0.5137 0.5908 0.6221
vn 0.2787 0.9371 0.2102
vn -0.6530 0.5996 0.4627
vn -0.6525 0.7483 -0.1196
vn -0.8434 -0.2469 0.4771
vn 0.0399 0.9958 0.0819
vn -0.4583 0.5997 -0.6560
vn -0.8195 0.3271 0.4706
vn -0.6109 -0.0750 -0.7882
vn 0.2335 0.4878 -0.8412
vn 0.7147 -0.0469 -0.6978
vn 0.1133 -0.8254 -0.5531
vn -0.0691 -0.7034 0.7074
vn -0.2531 -0.8649 0.4335
vn 0.4772 -0.2664 -0.8374
vn -0.5387 0.1906 -0.8206
vn -0.3667 0.6721 -0.6433
vn -0.9984 0.0569 0.0042
vn -0.9706 0.1214 0.2079
vn -0.6435 -0.2667 0.7175
vn 0.8895 0.0445 0.4548
vn 0.9950 0.0858 -0.0516
vn 0.5022 0.6875 0.5245
vn 0.4909 0.2120 0.8450
vn -0.1036 0.6144 0.7822
vn -0.7481 -0.3296 -0.5759
vn -0.7915 0.4882 0.3677
vn 0.7522 -0.3002 0.5866
vn 0.7902 0.0767 -0.6081
vn 0.8537 0.2988 0.4265
vn -0.4453 -0.4448 -0.7771
vn 0.3869 -0.3817 -0.8394
vn -0.0747 -0.5292 -0.8452
vn -0.9120 -0.3554 -0.2048
vn -0.6918 -0.4354 0.5761
vn -0.5111 0.7267 -0.4590
vn -0.7437 -0.6558 0.1293
vn -0.5952 -0.7667 -0.2408
vn 0.4694 -0.8826 0.0257
vn 0.1062 0.9941 -0.0232
vn -0.3110 -0.4483 0.8380
vn 0.5453 -0.2474 0.8009
vn 0.3396 -0.5368 0.7724
vn -0.1054 -0.8369 -0.5372
vn 0.9609 -0.0223 -0.2761
vn -0.4327 -0.6903 -0.5799
vn 0.4280 -0.3873 0.8166
vn 0.4599 0.6696 0.5833
vn -0.0955 0.5325 0.8411
vn 0.6081 -0.7877 -0.0991
vn 0.1326 0.7715 0.6223
vn 0.3842 0.7704 -0.5088
vn 0.0335 0.7915 0.6102
vn 0.7829 -0.2341 0.5765
vn 0.2953 -0.6777 -0.6734
vn 0.8196 -0.1904 -0.5404
vn -0.6347 0.0081 -0.7727
vn -0.5302 0.7668 0.3618
vn -0.4526 0.8746 -0.1737
vn 0.6195 -0.3153 -0.7189
vn 0.5107 -0.8190 0.2616
vn 0.6740 -0.3787 -0.6343
vn -0.9566 -0.0814 -0.2799
vn -0.3117 0.9495 0.0351
vn -0.4656 0.3505 -0.8126
vn 0.9285 0.3586 -0.0967
vn -0.1290 0.0008 -0.9916
vn -0.0281 0.4694 -0.8826
vn -0.0019 0.6993 0.7148
vn -0.4830 0.8094 -0.3341
vn 0.2169 0.6101 0.7620
vn -0.3554 -0.5074 0.7850
vn 0.7467 0.5343 0.3963
vn 0.0352 0.3066 0.9512
vn -0.2109 -0.4849 0.8488
vn -0.6499 -0.3572 -0.6708
vn 0.2484 -0.7605 -0.6000
vn 0.8839 0.3717 -0.2837
vn 0.2262 -0.9728 0.0508
vn 0.1825 -0.7706 -0.6106
vn -0.4122 -0.5161 0.7508
vn 0.5812 0.2048 0.7876
vn -0.5125 -0.5903 0.6236
vn -0.4768 -0.4996 0.7232
vn -0.7358 0.3523 0.5783
vn -0.7085 0.1930 -0.6788
vn 0.2984 -0.9081 0.2938
vn 0.9223 0.2980 -0.2459
vn -0.3531 0.8934 -0.2778
vn 0.6760 0.2881 -0.6783
vn -0.4791 -0.6338 -0.6073
vn -0.4729 0.7071 -0.5258
vn 0.5353 -0.3519 -0.7678
vn 0.0005 -0.0003 -1.0000
vn 0.3434 -0.5364 -0.7709
vn -0.5571 0.4412 0.7036
vn 0.4413 -0.3136 0.8408
vn -0.2005 -0.5938 0.7792
vn 0.3599 -0.5031 0.7858
vn 0.4414 0.3003 -0.8456
vn -0.5954 0.2039 -0.7771
vn -0.1928 0.4966 -0.8463
vn 0.1862 -0.9229 0.3369
vn -0.9562 -0.2755 -0.0986
vn -0.6860 -0.4633 0.5610
vn -0.4442 0.3099 0.8406
vn 0.5260 -0.1087 0.8435
vn 0.2431 0.8546 -0.4588
vn -0.1451 0.9769 0.1568
vn 0.8984 0.3279 0.2922
vn -0.2280 -0.7622 0.6059
vn 0.5286 -0.8350 -0.1524
vn -0.7208 0.3786 -0.5806
vn -0.9928 -0.0156 0.1189
vn -0.2619 0.9616 0.0821
vn -0.5075 -0.5690 0.6470
vn -0.0269 -0.6346 0.7724
vn -0.1098 0.5345 0.8380
vn 0.6199 -0.4471 0.6448
vn 0.3711 -0.8481 -0.3783
vn 0.3413 -0.8613 0.3763
vn -0.6541 -0.7554 -0.0389
vn -0.6920 -0.4202 0.5870
vn -0.7803 -0.1061 0.6164
vn -0.3863 -0.6431 -0.6612
vn -0.0331 -0.9406 0.3378
vn -0.9194 -0.2582 0.2967
vn 0.4975 -0.2125 0.8411
vn 0.6154 0.0320 0.7876
vn 0.1446 -0.5738 0.8061
vn -0.0822 -0.5343 -0.8413
vn -0.4295 0.4410 -0.7881
vn 0.7095 -0.0978 -0.6978
vn 0.1148 0.7299 0.6739
vn -0.6065 0.7873 -0.1107
vn 0.1291 0.8097 0.5725
vn -0.7705 0.3012 0.5619
vn -0.2791 0.9499 -0.1407
vn -0.9933 -0.0154 0.1145
vn -0.6078 -0.1112 0.7863
vn -0.1083 -0.5342 0.8384
vn 0.3057 0.4465 0.8409
vn 0.9248 -0.1663 -0.3422
vn 0.8220 -0.1374 0.5526
vn 0.3384 -0.9373 0.0835
vn 0.5056 -0.1897 -0.8417
vn -0.3815 0.4818 -0.7888
vn 0.3838 0.3817 -0.8408
vn -0.7902 -0.4977 0.3576
vn -0.8921 -0.4400 -0.1028
vn 0.8056 -0.3307 -0.4916
vn 0.7415 0.3940 0.5430
vn 0.8644 -0.4089 0.2925
vn -0.9538 0.2211 -0.2035
vn -0.8023 0.1402 0.5802
vn 0.0004 -0.5857 0.8106
vn -0.2369 -0.6717 -0.7019
vn -0.5952 0.7667 -0.2407
vn -0.6156 0.6822 0.3945
vn -0.1132 0.7851 0.6089
vn -0.4796 -0.6064 0.6342
vn -0.6068 -0.1168 0.7862
vn -0.5654 0.3772 -0.7335
vn 0.3281 -0.7582 -0.5635
vn 0.4359 -0.4105 0.8009
vn -0.1348 0.8109 0.5695
vn 0.9604 0.0236 -0.2777
vn -0.1474 0.9731 -0.1768
vn 0.6937 -0.4225 0.5833
vn 0.3141 0.4843 0.8166
vn 0.4678 0.7563 -0.4573
vn 0.4840 -0.7566 -0.4396
vn 0.6650 -0.6830 0.3022
vn -0.2090 -0.8315 0.5148
vn 0.1863 0.9031 -0.3869
vn 0.8963 -0.0060 0.4435
vn 0.8196 0.1904 -0.5404
vn -0.7061 -0.4179 0.5717
vn -0.6342 -0.0060 -0.7731
vn -0.6330 -0.5177 -0.5755
vn 0.7239 0.4100 0.5548
vn 0.8988 -0.3798 -0.2188
vn 0.4467 0.8419 -0.3028
vn -0.3262 -0.9207 0.2144
vn -0.9244 0.0195 -0.3809
vn -0.2980 -0.6773 -0.6727
vn -0.1365 -0.0334 -0.9901
vn 0.7416 -0.5509 -0.3829
vn 0.7210 -0.5551 -0.4148
vn 0.6755 -0.3250 0.6619
vn 0.1607 -0.5047 -0.8482
vn -0.4510 -0.8483 -0.2776
vn 0.9290 -0.3502 0.1198
vn -0.2593 -0.0633 0.9637
vn 0.1938 -0.5792 0.7918
vn -0.9324 0.0909 -0.3499
vn 0.2432 0.7575 0.6058
vn -0.1927 0.5132 -0.8364
vn 0.2056 0.9783 0.0248
vn 0.7362 -0.3110 -0.6011
vn 0.0807 0.9953 -0.0534
vn 0.5679 0.1664 0.8061
vn -0.4205 0.7311 0.5373
vn -0.5050 -0.6689 0.5455
vn -0.3681 0.9270 -0.0727
vn -0.1457 0.7518 0.6431
vn 0.3165 0.8577 0.4051
vn 0.8493 -0.2757 -0.4502
vn -0.7368 -0.2969 -0.6074
vn 0.6714 -0.4006 -0.6235
vn -0.7208 -0.4081 -0.5603
vn 0.6207 -0.1580 -0.7680
vn 0.0005 0.0005 -1.0000
vn -0.4777 -0.4635 -0.7463
vn 0.6087 0.0949 -0.7877
vn 0.1056 0.6280 -0.7710
vn -0.5578 0.3537 0.7508
vn 0.4817 0.4141 0.7724
vn 0.8312 -0.2640 0.4893
vn 0.2148 0.6249 0.7506
vn -0.0943 -0.5955 0.7978
vn 0.2334 -0.6698 -0.7049
vn -0.8557 -0.5090 0.0937
vn -0.2001 -0.6085 -0.7679
vn -0.3648 0.9264 0.0929
vn -0.5848 0.7606 0.2818
vn 0.9082 0.3883 -0.1563
vn -0.5604 0.3407 -0.7549
vn -0.7272 -0.1899 -0.6597
vn 0.0972 0.7759 -0.6234
vn 0.0318 -0.7247 -0.6884
vn 0.2282 0.7005 -0.6762
vn -0.6403 0.0089 -0.7680
vn 0.0691 -0.8057 0.5883
vn -0.9148 0.0598 0.3994
vn -0.0926 0.9117 0.4003
vn 0.2395 0.8029 0.5459
vn -0.3556 -0.8323 0.4252
vn 0.0665 0.8304 0.5532
vn 0.9537 0.2994 -0.0273
vn 0.2379 0.6782 0.6953
vn 0.9070 0.4050 0.1154
vn -0.6799 0.0985 0.7266
vn 0.0634 0.8428 0.5345
vn 0.3356 -0.9420 0.0050
vn -0.9399 -0.1959 -0.2796
vn 0.7309 -0.3835 -0.5646
vn -0.6026 -0.0482 -0.7966
vn -0.6514 0.2586 -0.7133
vn 0.6610 -0.6364 0.3976
vn 0.7644 -0.1525 -0.6265
vn 0.8224 -0.0100 0.5688
vn 0.5227 0.6956 0.4928
vn 0.9349 -0.2134 -0.2837
vn 0.5503 0.7489 -0.3692
vn 0.6603 0.6360 -0.3994
vn 0.8613 -0.2571 0.4382
vn 0.8260 0.0149 -0.5635
vn 0.6613 -0.3387 0.6692
vn 0.5226 -0.6965 -0.4916
vn 0.9965 -0.0508 -0.0667
vn -0.6231 0.1245 0.7722
vn -0.6394 0.0181 -0.7687
vn -0.6405 -0.1388 0.7553
vn 0.4209 0.6475 -0.6353
vn 0.7232 -0.6874 0.0670
vn 0.2290 -0.8250 -0.5166
vn -0.5859 0.0776 -0.8067
vn -0.5890 -0.4537 -0.6687
vn 0.0534 -0.6601 -0.7493
vn -0.5082 0.8488 0.1458
vn -0.6407 -0.3091 -0.7028
vn -0.7117 0.1057 0.6945
vn -0.4920 -0.0986 0.8650
vn -0.7870 -0.4153 0.4562
vn 0.9346 -0.3344 0.1215
vn 0.1654 -0.7910 -0.5890
vn 0.9675 -0.2424 -0.0718
vn 0.5552 0.7332 -0.3926
vn 0.8025 -0.4108 0.4326
vn 0.6547 0.5792 0.4857
vn -0.4310 -0.7943 0.4283
vn -0.5511 -0.4973 0.6700
vn 0.5459 -0.6738 0.4980
vn -0.8510 0.4798 0.2134
vn -0.6301 -0.7354 -0.2493
vn -0.5662 -0.6445 0.5139
vn -0.1667 -0.6421 -0.7483
vn 0.3997 0.5301 -0.7479
vn -0.6587 0.7372 0.1502
vn -0.7728 0.0798 -0.6296
vn -0.8510 -0.4417 0.2840
vn 0.6853 0.4182 -0.5963
vn -0.1877 0.6941 0.6949
vn 0.5641 0.7414 0.3634
vn 0.6985 -0.6690 0.2540
vn -0.5861 -0.8100 -0.0194
vn 0.7165 -0.6210 -0.3179
vn 0.7149 -0.2371 -0.6579
vn 0.6896 0.6759 0.2600
vn 0.6226 -0.3233 0.7127
vn -0.4384 0.7865 0.4350
vn 0.5964 0.8026 -0.0136
vn -0.5819 0.7991 -0.1513
vn -0.6376 0.4096 0.6524
vn -0.0815 0.9649 -0.2498
vn -0.8486 0.2370 -0.4729
vn -0.0812 0.8486 0.5227
vn 0.8530 0.4609 -0.2450
vn -0.1562 0.7549 -0.6370
vn -0.1489 -0.6592 -0.7371
vn 0.5334 -0.3156 -0.7848
vn -0.3766 -0.4724 -0.7968
vn 0.0430 -0.7358 -0.6758
vn -0.0632 -0.5975 0.7994
vn -0.0740 -0.6028 0.7945
vn 0.5754 -0.2809 0.7681
vn -0.5626 -0.6144 0.5532
vn -0.1545 0.6490 0.7449
vn -0.4312 -0.4972 0.7529
vn -0.6605 0.3120 0.6829
vn -0.8564 0.4644 -0.2254
vn -0.4433 0.7906 0.4225
vn 0.6861 0.6010 -0.4100
vn 0.7370 0.5565 -0.3836
vn 0.9072 0.4208 -0.0000
vn 0.8714 0.2223 -0.4374
vn 0.3697 0.4759 0.7981
vn -0.5083 -0.3580 0.7833
vn 0.3407 -0.4602 0.8199
vn 0.5257 0.2520 -0.8125
vn -0.0679 0.6151 -0.7855
vn 0.4881 -0.2762 -0.8279
vn -0.8425 -0.2606 0.4714
vn -0.6897 -0.5854 -0.4261
vn -0.6929 0.5969 -0.4044
vn 0.5613 -0.7302 0.3896
vn -0.5395 -0.7822 -0.3115
vn 0.1246 -0.8068 -0.5776
vn -0.0931 0.6031 0.7922
vn -0.6327 -0.0000 0.7744
vn 0.1412 -0.5416 0.8287
vn 0.7822 0.3115 -0.5395
vn 0.7836 -0.1608 0.6001
vn 0.7744 -0.6327 -0.0000
vn -0.6121 0.1629 -0.7738
vn 0.4755 -0.3706 -0.7979
vn -0.1608 -0.6001 -0.7836
vn -0.0000 0.7744 -0.6327
vn -0.5872 0.6868 0.4284
vn -0.1888 0.7872 -0.5871
vn -0.5410 0.7822 -0.3089
vn -0.4580 0.8890 -0.0000
vn -0.2661 0.8596 -0.4362
vn -0.0000 0.6327 0.7744
vn 0.3749 -0.4926 0.7853
vn -0.2771 0.4878 0.8278
vn 0.7836 0.1079 0.6118
vn 0.7822 -0.3089 -0.5410
vn 0.7744 -0.0000 -0.6327
vn 0.4756 0.3713 -0.7974
vn -0.1639 -0.6118 -0.7738
vn -0.1079 0.6118 -0.7836
vn -0.5842 -0.6899 0.4275
vn -0.6327 -0.7744 -0.0000
vn 0.2728 -0.8562 -0.4388
vn -0.8081 -0.4325 0.3999
vn 0.5427 0.1668 0.8232
vn 0.7946 0.4932 -0.3542
vn -0.8082 -0.4320 -0.4002
vn -0.9186 -0.0123 0.3949
vn -0.5150 -0.3269 0.7924
vn 0.5496 -0.1049 0.8288
vn -0.0176 0.9800 0.1982
vn 0.7055 0.4388 -0.5566
vn -0.9189 -0.0128 -0.3944
vn -0.8564 0.2718 0.4390
vn -0.2893 -0.5486 0.7844
vn 0.4412 0.8762 0.1939
vn -0.4132 0.6789 0.6069
vn -0.8082 0.4373 -0.3944
vn -0.5571 0.2935 -0.7769
vn 0.2905 -0.4772 -0.8294
vn -0.6611 0.4313 0.6139
vn -0.9139 0.0431 -0.4036
vn 0.1751 0.5822 -0.7940
vn 0.4785 -0.3122 -0.8207
vn 0.4095 -0.8894 -0.2034
vn 0.9999 0.0147 -0.0000
vn -0.0000 -0.6273 -0.7787
vn 0.8120 0.5835 -0.0117
vn 0.0117 0.5835 0.8120
vn -0.5604 0.6713 0.4851
vn 0.4298 0.7937 -0.4305
vn -0.4348 0.7887 -0.4347
vn -0.0439 0.8055 -0.5910
vn -0.0290 0.9994 0.0167
vn -0.0183 0.8010 -0.5984
vn 0.4547 0.7489 -0.4821
vn -0.4161 0.7394 -0.5293
vn -0.1042 0.9222 0.3724
vn -0.2644 0.9486 -0.1737
vn 0.0819 0.9108 -0.4046
vn 0.6289 -0.7746 0.0666
vn -0.4839 -0.7933 -0.3696
vn -0.4547 -0.7488 -0.4821
vn 0.5352 -0.6421 0.5489
vn 0.1042 -0.9222 0.3724
vn 0.0441 -0.8055 -0.5909
vn 0.0290 -0.9994 0.0167
vn 0.5025 -0.7725 -0.3883
vn 0.2628 -0.9491 -0.1736
vn -0.0819 -0.9108 -0.4046
vn -0.8342 0.5465 0.0742
vn -0.6713 -0.3399 -0.6587
vn -0.8573 -0.2467 0.4519
vn -0.3399 -0.6587 -0.6713
vn 0.3361 0.6585 -0.6733
vn 0.6233 -0.3028 -0.7210
vn 0.6733 0.3361 -0.6585
vn 0.8342 -0.5465 0.0741
vn 0.7210 -0.6233 -0.3028
vn 0.7933 0.5859 -0.1653
vn 0.7940 0.5172 -0.3195
vn 0.7887 -0.6148 -0.0041
vn -0.7940 -0.5173 -0.3194
vn -0.7937 -0.6083 -0.0031
vn -0.8840 -0.2333 0.4051
vn 0.2342 0.3548 -0.9051
vn 0.2914 -0.3699 -0.8822
vn -0.1337 -0.2031 -0.9700
vn 0.6083 -0.0034 0.7937
vn -0.5865 0.1636 0.7933
vn -0.6148 -0.0044 0.7887
vn -0.2914 0.3701 -0.8821
vn -0.2329 -0.3556 -0.9052
vn -0.3703 0.2670 -0.8897
vn -0.9256 -0.2978 0.2336
vn 0.0656 -0.4976 -0.8649
vn -0.4159 0.0087 -0.9094
vn 0.9955 0.0086 -0.0945
vn -0.0681 0.1910 0.9792
vn 0.2605 -0.2979 0.9184
vn -0.4994 0.8278 -0.2558
vn -0.3685 0.6759 0.6383
vn 0.4712 0.8278 0.3046
vn -0.8408 0.5312 0.1047
vn -0.4159 -0.0086 -0.9094
vn 0.0659 0.4965 -0.8655
vn 0.9955 -0.0086 -0.0945
vn 0.2393 0.0239 0.9707
vn -0.0679 -0.1922 0.9790
vn -0.3829 -0.6759 0.6298
vn -0.4994 -0.8278 -0.2558
vn 0.4712 -0.8278 0.3045
vn -0.9711 0.0701 0.2280
vn -0.1537 0.4691 0.8697
vn -0.7843 0.5222 0.3349
vn -0.0904 0.0694 0.9935
vn 0.9301 -0.0311 0.3660
vn 0.4715 0.3860 0.7929
vn 0.6603 -0.5542 0.5069
vn 0.5472 0.7836 0.2942
vn 0.5202 0.5898 0.6177
vn 0.4547 0.5107 0.7297
vn -0.4092 -0.4162 -0.8120
vn 0.2756 0.7350 -0.6195
vn 0.2678 -0.5466 -0.7935
vn -0.6474 -0.7304 0.2179
vn 0.4093 -0.8569 -0.3133
vn 0.6011 -0.7406 0.3004
vn -0.0143 -0.6807 0.7324
vn -0.1713 0.5669 0.8057
vn -0.4778 -0.1999 0.8554
vn -0.7915 -0.5956 0.1368
vn 0.6249 -0.7018 -0.3420
vn 0.7501 -0.6173 0.2373
vn 0.5340 0.7973 0.2812
vn -0.2743 0.7657 -0.5818
vn -0.4654 0.8415 0.2745
vn -0.0776 0.9726 0.2190
vn 0.3393 0.6835 0.6464
vn 0.7479 0.5465 -0.3768
vn 0.1080 0.5764 0.8100
vn 0.9651 -0.0621 0.2543
vn 0.4600 0.5215 0.7186
vn -0.5843 -0.7831 0.2127
vn 0.5467 -0.8369 0.0264
vn 0.2785 -0.7039 0.6534
vn -0.7410 -0.6060 0.2893
vn 0.1205 -0.6993 -0.7046
vn 0.3914 -0.6474 0.6540
vn -0.0547 -0.1770 0.9827
vn -0.9614 0.0107 0.2749
vn -0.4533 -0.5044 0.7349
vn 0.2591 0.8446 -0.4685
vn -0.6204 0.7335 0.2778
vn 0.2231 0.7636 0.6059
vn 0.3863 0.8401 0.3808
vn -0.4654 0.4299 0.7736
vn 0.5068 0.4854 0.7124
vn 0.4213 0.7391 -0.5256
vn -0.7716 0.6356 0.0266
vn 0.8283 0.5602 0.0111
vn 0.6480 0.3964 -0.6504
vn -0.0199 -0.7716 -0.6358
vn -0.2807 0.7421 -0.6087
vn -0.1217 0.6073 0.7851
vn 0.1767 -0.5953 0.7838
vn 0.1234 0.3993 0.9085
vn -0.9231 0.2966 0.2446
vn -0.0524 -0.2222 0.9736
vn 0.1230 -0.5365 0.8349
vn 0.5562 -0.5590 0.6150
vn -0.0684 0.0457 -0.9966
vn -0.9701 0.2095 -0.1226
vn -0.6497 0.7323 -0.2038
vn -0.4437 -0.0770 -0.8929
vn 0.0328 -0.3384 -0.9404
vn 0.0010 0.3887 -0.9214
vn 0.4684 0.3766 -0.7993
vn 0.0189 0.1043 -0.9944
vn -0.4654 0.4560 -0.7586
vn -0.3871 -0.0296 -0.9215
vn -0.4331 0.3995 -0.8080
vn 0.0422 -0.0165 -0.9990
vn 0.3273 0.0075 -0.9449
vn 0.0064 -0.0272 -0.9996
vn 0.2891 0.0577 -0.9555
vn 0.3531 -0.8891 0.2912
vn 0.8188 -0.2118 0.5335
vn 0.3529 0.8893 0.2909
vn -0.3736 -0.4542 -0.8088
vn -0.9236 0.1937 -0.3308
vn -0.8499 0.5254 -0.0393
vn -0.9569 0.0448 0.2869
vn -0.1853 0.9827 0.0043
vn -0.2298 0.9724 -0.0405
vn 0.1427 0.9116 -0.3855
vn 0.5451 0.8368 -0.0510
vn 0.9923 0.0851 -0.0900
vn 0.7333 0.6784 0.0449
vn 0.6828 -0.5287 -0.5043
vn 0.9520 -0.3047 -0.0294
vn 0.7572 -0.6306 0.1701
vn -0.2158 -0.8766 -0.4301
vn 0.2232 -0.9738 -0.0443
vn -0.1661 -0.9436 0.2863
vn -0.7947 -0.4695 -0.3848
vn -0.5847 -0.8111 -0.0147
vn -0.7687 -0.5506 0.3256
vn 0.9631 -0.0111 -0.2690
vn 0.9661 0.1655 -0.1981
vn 0.9896 0.1407 -0.0290
vn 0.5580 0.6361 -0.5329
vn 0.1523 0.8944 -0.4205
vn 0.7316 0.6215 -0.2803
vn -0.4092 0.7323 -0.5443
vn -0.6759 0.4530 -0.5813
vn -0.6482 0.6915 -0.3190
vn -0.4906 0.7014 -0.5171
vn -0.7821 -0.1505 -0.6048
vn -0.9042 -0.3622 -0.2265
vn -0.6166 -0.7753 -0.1369
vn -0.7788 -0.5115 -0.3632
vn -0.2341 -0.9307 -0.2810
vn -0.1938 -0.9211 -0.3378
vn 0.3539 -0.9007 -0.2520
vn 0.0799 -0.8932 -0.4425
vn 0.7963 -0.5511 -0.2494
vn -0.4086 -0.6610 -0.6294
vn 0.5002 -0.7413 -0.4474
vn 0.2825 -0.7550 -0.5917
vn 0.5357 -0.7989 -0.2736
vn 0.6735 0.4425 -0.5921
vn 0.0250 0.8456 -0.5332
vn 0.3000 0.8408 -0.4505
vn 0.0885 0.9800 0.1780
vn -0.1536 0.7992 -0.5811
vn -0.1944 0.9536 0.2301
vn -0.5715 0.4473 -0.6880
vn -0.6626 0.2554 -0.7041
vn -0.9914 0.0340 0.1267
vn -0.7006 -0.7041 -0.1155
vn -0.9065 -0.1703 0.3864
vn -0.1537 0.5559 0.8169
vn 0.4408 -0.5568 0.7041
vn 0.2277 0.5179 0.8246
vn -0.4768 -0.3172 0.8198
vn -0.1911 -0.5764 0.7945
vn -0.6038 0.4216 0.6765
vn 0.5593 -0.4522 0.6948
vn 0.4676 -0.3307 0.8197
vn -0.4693 -0.3128 0.8257
vn 0.5596 0.0389 0.8278
vn -0.6881 -0.2234 0.6904
vn -0.5731 -0.3472 0.7424
vn 0.0688 0.5707 0.8183
vn 0.5667 -0.0969 0.8182
vn -0.3698 -0.5684 0.7350
vn 0.1125 0.8251 -0.5537
vn 0.8340 0.5514 0.0213
vn 0.8250 0.2932 -0.4830
vn -0.6835 0.5419 -0.4892
vn 0.1306 0.9721 0.1949
vn 0.3891 0.8229 -0.4140
vn -0.6863 -0.4480 -0.5730
vn -0.9761 -0.0232 0.2160
vn -0.4284 0.8052 -0.4099
vn 0.1969 -0.9260 -0.3220
vn -0.5346 -0.7945 0.2880
vn -0.9369 -0.1001 -0.3350
vn 0.9129 -0.1917 -0.3604
vn 0.1516 -0.9655 0.2119
vn -0.1674 -0.7484 -0.6418
vn 0.6368 0.5705 -0.5186
vn 0.9682 0.0410 0.2467
vn 0.6936 -0.3048 -0.6526
vn -0.0356 0.9437 0.3288
vn 0.0996 0.3444 0.9335
vn -0.4347 0.4825 0.7604
vn -0.9660 0.2584 0.0046
vn -0.2714 0.4553 0.8480
vn -0.4907 0.8524 0.1808
vn -0.9647 -0.2361 0.1169
vn -0.4022 -0.3606 0.8415
vn -0.5646 0.0678 0.8226
vn -0.5278 -0.8172 0.2314
vn 0.2831 -0.5458 0.7886
vn 0.6970 -0.6509 0.3008
vn 0.8578 -0.3527 0.3738
vn 0.1354 -0.5281 0.8383
vn 0.7221 0.6609 -0.2043
vn -0.9209 0.0752 -0.3825
vn -0.8552 0.1018 0.5082
vn -0.4616 0.8107 -0.3601
vn -0.5897 -0.7575 -0.2800
vn -0.6298 -0.6689 0.3948
vn -0.9301 -0.0246 -0.3665
vn 0.3274 -0.8752 -0.3561
vn 0.0356 -0.8655 0.4997
vn -0.4510 -0.7908 -0.4137
vn 0.8948 -0.3098 -0.3216
vn 0.8080 -0.0450 0.5875
vn 0.2891 -0.8854 -0.3641
vn 0.4814 -0.2146 0.8498
vn -0.3159 0.8592 -0.4025
vn -0.1699 0.5629 0.8089
vn 0.5633 0.7744 -0.2881
vn -0.8152 0.4698 -0.3386
vn -0.9947 -0.1008 0.0198
vn -0.9285 0.1900 0.3192
vn -0.7199 0.6180 -0.3159
vn -0.6243 0.7745 -0.1024
vn -0.3748 0.8450 0.3815
vn 0.7735 0.5295 -0.3483
vn 0.2758 0.9574 0.0856
vn 0.4180 0.8296 0.3702
vn 0.8644 -0.1046 -0.4918
vn 0.9812 -0.1911 -0.0261
vn 0.9684 0.1331 0.2107
vn 0.9120 -0.0421 -0.4080
vn 0.8423 -0.4687 0.2662
vn 0.0580 -0.8997 -0.4326
vn -0.0333 -0.9677 0.2501
vn -0.3889 -0.9209 0.0269
vn -0.5985 -0.7691 -0.2245
vn -0.7828 -0.6113 -0.1163
vn -0.9959 -0.0816 0.0400
vn 0.8685 0.0944 -0.4866
vn 0.6446 -0.6525 -0.3985
vn 0.8446 -0.4986 -0.1950
vn 0.3245 0.8845 -0.3352
vn 0.7298 0.6638 -0.1639
vn 0.3040 0.8423 -0.4451
vn -0.6108 0.7912 -0.0292
vn -0.2377 0.9520 -0.1929
vn -0.3641 0.9187 -0.1528
vn -0.8434 -0.2037 -0.4972
vn -0.9768 -0.0668 -0.2035
vn -0.9797 0.0612 -0.1908
vn -0.6477 -0.7481 -0.1442
vn -0.4022 -0.8860 -0.2305
vn -0.4587 -0.6661 -0.5881
vn 0.1912 -0.9440 -0.2689
vn 0.3954 -0.7843 -0.4781
vn 0.3652 -0.9305 0.0273
vn 0.7683 -0.3566 -0.5316
vn 0.8163 0.1794 -0.5491
vn 0.3780 0.6187 -0.6887
vn 0.5204 0.5611 -0.6437
vn -0.2991 0.7913 -0.5333
vn -0.7062 0.4621 -0.5363
vn -0.5972 0.5463 -0.5873
vn -0.8657 0.2554 -0.4305
vn -0.9919 0.0316 0.1234
vn -0.7040 -0.6859 -0.1842
vn -0.9253 -0.1081 0.3636
vn -0.4804 0.3564 0.8013
vn 0.5350 -0.3840 0.7525
vn -0.4539 0.3883 0.8020
vn -0.3767 -0.4688 0.7989
vn 0.5804 0.3582 0.7313
vn -0.3753 0.5705 0.7305
vn -0.5713 0.3701 0.7326
vn 0.0201 -0.6047 0.7962
vn 0.0665 -0.5876 0.8064
vn -0.6075 -0.3377 0.7190
vn -0.1882 -0.5707 0.7993
vn 0.5653 -0.1072 0.8179
vn -0.1251 0.5579 0.8204
vn -0.4066 0.5325 0.7424
vn 0.5541 -0.0944 0.8271
vn -0.3688 -0.5658 0.7375
vn 0.0145 0.8656 -0.5005
vn 0.8671 0.4496 0.2143
vn 0.9621 0.2121 -0.1715
vn -0.7145 0.5975 -0.3640
vn -0.2096 0.9399 0.2696
vn 0.4550 0.7661 -0.4538
vn -0.9417 -0.1227 -0.3133
vn -0.5154 0.6929 0.5043
vn -0.4240 0.7109 -0.5611
vn -0.4636 -0.8653 -0.1907
vn -0.8255 -0.3706 0.4258
vn -0.7467 0.4212 -0.5148
vn 0.4137 -0.8434 -0.3429
vn -0.1312 -0.9559 0.2628
vn -0.5122 -0.5554 -0.6551
vn 0.9389 -0.1718 -0.2983
vn 0.5859 -0.7688 0.2563
vn -0.0055 -0.8150 -0.5794
vn 0.6978 0.2181 -0.6823
vn 0.9641 0.0395 0.2627
vn 0.7242 -0.2534 -0.6413
vn 0.4895 0.8203 0.2958
vn 0.6775 0.5474 0.4913
vn 0.8321 0.5449 0.1033
vn -0.4426 0.3056 0.8430
vn -0.9503 0.3083 0.0438
vn -0.5042 -0.2754 0.8185
vn -0.2753 0.4745 0.8361
vn -0.6556 -0.6875 0.3122
vn -0.5244 -0.0839 0.8473
vn -0.0208 -0.4384 0.8985
vn 0.1366 -0.9715 0.1939
vn -0.2103 -0.6440 0.7356
vn -0.1819 -0.9480 0.2611
vn 0.7858 -0.1883 0.5891
vn 0.3551 0.0631 0.9327
vn 0.7672 -0.6051 0.2126
vn 0.2555 0.0850 0.9631
vn -0.9031 -0.1817 -0.3890
vn -0.4515 0.2308 0.8619
vn -0.6748 0.6099 -0.4155
vn -0.0590 -0.9495 -0.3081
vn -0.3007 -0.7217 0.6235
vn -0.8185 -0.3709 -0.4388
vn 0.6123 -0.4827 -0.6262
vn 0.0533 -0.8824 0.4674
vn 0.1066 -0.8489 -0.5177
vn 0.5905 0.7826 -0.1970
vn 0.7170 -0.2924 0.6328
vn 0.8642 -0.4851 -0.1337
vn -0.4627 0.7186 -0.5192
vn -0.8196 0.5724 0.0259
vn -0.0202 0.8578 -0.5136
vn -0.9762 -0.0726 0.2046
vn -0.9109 0.0945 -0.4016
vn -0.9518 -0.0319 0.3052
vn -0.8157 -0.5687 -0.1061
vn -0.8108 -0.4197 -0.4080
vn -0.4212 -0.9067 0.0201
vn -0.1789 -0.9833 0.0320
vn 0.5429 -0.7994 -0.2574
vn 0.0642 -0.9355 0.3474
vn 0.5763 -0.8172 0.0019
vn 0.8110 -0.3956 -0.4310
vn 0.7832 -0.5370 0.3135
vn 0.9833 -0.1817 -0.0104
vn 0.8101 0.4281 -0.4006
vn 0.9185 0.2302 0.3216
vn 0.4734 0.8800 -0.0394
vn 0.0711 0.9191 -0.3876
vn 0.3527 0.8631 0.3616
vn -0.5173 0.8539 -0.0573
vn -0.7191 0.5651 -0.4043
vn -0.7800 0.5510 0.2967
vn 0.8105 0.3908 -0.4362
vn 0.9769 -0.0716 -0.2014
vn 0.9507 -0.1073 -0.2908
vn 0.9342 -0.0950 -0.3439
vn 0.7143 -0.6970 -0.0621
vn 0.7101 -0.2807 -0.6457
vn 0.4929 -0.8318 -0.2554
vn 0.1357 -0.9844 -0.1117
vn -0.1133 -0.9387 -0.3257
vn -0.8863 -0.4269 -0.1795
vn -0.5198 -0.4984 -0.6939
vn -0.5235 -0.7679 -0.3691
vn -0.8366 0.1988 -0.5104
vn -0.9456 0.0997 -0.3096
vn -0.8286 0.4977 -0.2563
vn -0.6879 0.7190 -0.0988
vn -0.1099 0.8207 -0.5606
vn -0.7538 0.4882 -0.4398
vn -0.1924 0.5656 -0.8019
vn 0.2966 0.9366 -0.1868
vn 0.6416 0.7656 0.0479
vn 0.2697 0.9543 -0.1287
vn -0.9390 0.2014 -0.2786
vn 0.2466 0.9125 -0.3264
vn -0.4805 0.8686 0.1214
vn -0.2271 0.8916 0.3918
vn 0.4994 0.5953 -0.6295
vn 0.8983 -0.4006 -0.1805
vn 0.5911 -0.4705 -0.6551
vn 0.3805 -0.5727 -0.7261
vn -0.1621 -0.6541 -0.7388
vn -0.6033 -0.4703 -0.6441
vn -0.7298 0.6105 -0.3077
vn -1.0000 -0.0016 -0.0096
vn -0.9242 0.1227 0.3618
vn 0.2749 -0.5242 0.8060
vn -0.0580 0.7264 0.6848
vn -0.5523 0.1906 0.8116
vn -0.4981 -0.3203 0.8058
vn 0.6173 -0.3522 0.7035
vn -0.0840 0.6025 0.7937
vn 0.4569 -0.5079 0.7303
vn -0.3076 0.4749 0.8245
vn 0.1182 0.5608 0.8195
vn 0.4763 0.3179 0.8198
vn 0.4040 -0.5307 0.7451
vn -0.5944 -0.2758 0.7554
vn -0.6197 -0.2010 0.7587
vn 0.3594 -0.4685 0.8070
vn 0.5607 -0.1229 0.8188
vn 0.8336 -0.5022 0.2301
vn -0.0718 -0.9510 -0.3008
vn 0.9224 -0.2541 -0.2910
vn 0.0597 -0.9624 0.2649
vn -0.5732 -0.5395 -0.6167
vn 0.1729 -0.7702 -0.6140
vn -0.8145 -0.5568 0.1628
vn -0.7503 0.4978 -0.4350
vn -0.4219 -0.8440 -0.3311
vn -0.8973 0.4394 -0.0425
vn -0.0414 0.8310 -0.5547
vn -0.8613 0.0930 -0.4995
vn 0.1246 0.9874 -0.0973
vn 0.5647 0.5806 -0.5865
vn -0.4811 0.7625 -0.4326
vn 0.7949 0.5389 0.2788
vn 0.7588 0.2630 -0.5958
vn 0.1150 0.9677 -0.2245
vn 0.9591 -0.0225 0.2820
vn 0.6901 -0.3862 -0.6120
vn 0.6759 -0.5499 0.4907
vn 0.0767 -0.9847 0.1564
vn -0.0469 -0.4256 0.9037
vn -0.4190 -0.9061 0.0585
vn -0.2913 -0.7508 0.5929
vn -0.8102 0.0107 0.5861
vn -0.4440 -0.5981 0.6672
vn -0.9968 0.0208 -0.0775
vn -0.6411 -0.1469 0.7533
vn -0.5181 0.5981 0.6115
vn -0.7390 0.3724 0.5614
vn -0.4359 0.7151 0.5465
vn 0.3752 0.7197 0.5841
vn 0.2576 0.7794 0.5712
vn 0.3419 0.3039 0.8892
vn 0.4615 0.1662 0.8714
vn 0.3032 -0.1155 0.9459
vn 0.7676 -0.5889 0.2531
vn -0.4446 -0.7454 0.4968
vn -0.9358 -0.0426 -0.3500
vn -0.6775 -0.5587 -0.4785
vn -0.5275 0.3704 0.7645
vn -0.5901 0.8041 -0.0721
vn -0.9220 0.1559 -0.3545
vn -0.7045 0.7071 0.0602
vn -0.0413 0.9314 -0.3616
vn -0.2232 0.8116 -0.5398
vn 0.6278 0.1744 -0.7585
vn 0.9046 0.2279 -0.3602
vn 0.3200 0.9241 -0.2089
vn 0.8018 -0.0619 0.5944
vn 0.5658 -0.8077 -0.1655
vn 0.9240 0.1541 -0.3499
vn 0.3509 -0.8681 0.3511
vn -0.4994 -0.8335 -0.2363
vn 0.0461 -0.8457 -0.5316
vn -0.9947 0.1008 0.0198
vn -0.8067 -0.5029 -0.3105
vn -0.9285 -0.1899 0.3191
vn -0.6243 -0.7745 -0.1024
vn -0.6604 -0.6449 -0.3847
vn -0.3748 -0.8450 0.3815
vn 0.2758 -0.9574 0.0856
vn 0.8207 -0.4927 -0.2892
vn 0.4180 -0.8296 0.3702
vn 0.9812 0.1911 -0.0261
vn 0.8553 0.2024 -0.4769
vn 0.9684 -0.1331 0.2107
vn 0.8423 0.4687 0.2662
vn 0.8756 0.1344 -0.4639
vn -0.0333 0.9677 0.2501
vn -0.0483 0.8996 -0.4340
vn -0.3889 0.9209 0.0269
vn -0.7828 0.6112 -0.1164
vn -0.6172 0.7398 -0.2680
vn -0.9959 0.0816 0.0400
vn 0.6965 0.6370 -0.3303
vn 0.8000 0.0102 -0.5999
vn 0.6830 0.2473 -0.6872
vn 0.6841 -0.5994 -0.4157
vn 0.7045 -0.7083 -0.0451
vn 0.6022 -0.7482 -0.2786
vn 0.6548 -0.7498 -0.0956
vn 0.4210 -0.8525 -0.3099
vn -0.3396 -0.9293 -0.1451
vn -0.7184 -0.6822 -0.1362
vn -0.2934 -0.7754 -0.5592
vn -0.8545 0.1999 -0.4795
vn -0.9506 0.1499 -0.2719
vn -0.9236 -0.3520 0.1517
vn -0.9864 0.0648 -0.1511
vn -0.4549 0.7613 -0.4621
vn -0.4209 0.8760 -0.2354
vn 0.1820 0.7748 -0.6055
vn 0.1714 0.9446 -0.2800
vn 0.4896 0.8639 0.1185
vn 0.2103 0.9766 -0.0441
vn -0.0371 0.9914 -0.1256
vn 0.0029 0.7465 -0.6653
vn 0.3845 0.5759 -0.7215
vn 0.7465 0.0819 -0.6603
vn 0.5626 -0.2721 -0.7806
vn 0.1168 -0.6869 -0.7173
vn -0.4861 -0.5921 -0.6427
vn -0.5439 -0.7912 -0.2797
vn -0.7506 0.5750 -0.3256
vn -0.9670 0.0217 0.2537
vn -0.9294 0.1039 0.3541
vn -0.1353 -0.5827 0.8013
vn -0.4072 0.5176 0.7525
vn 0.5804 -0.3582 0.7313
vn -0.3591 -0.4824 0.7989
vn 0.2726 -0.6261 0.7305
vn -0.4825 0.3104 0.8190
vn -0.4640 0.3884 0.7962
vn 0.0898 -0.6747 0.7326
vn -0.3216 0.4962 0.8064
vn -0.6874 0.1029 0.7190
vn 0.5805 0.1555 0.7993
vn 0.3296 0.4717 0.8179
vn 0.4201 0.5219 0.7424
vn 0.3085 -0.4814 0.8204
vn 0.0156 -0.5619 0.8271
vn -0.6490 0.1868 0.7375
vn 0.0364 -0.5962 0.8020
vn 0.7812 -0.5230 0.3409
vn 0.1030 -0.7921 -0.6017
vn 0.5356 -0.4906 -0.6873
vn -0.2178 -0.9336 0.2845
vn -0.5676 -0.5864 -0.5779
vn 0.5779 -0.7684 -0.2749
vn -0.6842 -0.5446 0.4851
vn -0.9417 0.1227 -0.3133
vn -0.1203 -0.9686 -0.2177
vn -0.8046 0.4275 0.4122
vn -0.4992 0.7606 -0.4150
vn -0.7468 -0.4212 -0.5148
vn -0.2946 0.9480 -0.1207
vn 0.3526 0.7863 -0.5073
vn -0.6894 0.4832 -0.5397
vn 0.2823 0.9593 0.0073
vn 0.9106 0.1860 -0.3690
vn -0.0961 0.9065 -0.4111
vn 0.9686 -0.0262 0.2473
vn 0.6196 -0.7768 -0.1129
vn 0.7151 0.3470 -0.6069
vn 0.6484 -0.4925 0.5805
vn 0.4297 -0.7185 0.5469
vn 0.8696 -0.4578 0.1850
vn -0.5887 -0.3639 0.7219
vn -0.8876 -0.4408 0.1333
vn -0.6426 0.3993 0.6539
vn -0.9945 -0.0206 0.1024
vn -0.3005 0.2113 0.9301
vn -0.6535 0.6815 0.3294
vn 0.0805 0.8458 0.5273
vn 0.2677 0.3147 0.9107
vn 0.5118 0.6651 0.5438
vn -0.1187 0.8362 0.5353
vn 0.1974 0.2853 0.9379
vn 0.7118 0.6881 0.1408
vn 0.6806 0.4932 0.5418
vn 0.6753 0.3848 0.6292
vn 0.2484 -0.1708 0.9535
vn 0.7814 -0.5959 0.1852
vn -0.8856 -0.0628 0.4601
vn -0.8113 0.2593 -0.5240
vn -0.5841 -0.7320 -0.3506
vn -0.6474 0.5008 0.5745
vn -0.1823 0.7334 -0.6549
vn -0.9082 0.2679 -0.3215
vn 0.0449 0.8146 0.5783
vn 0.8987 0.3888 -0.2030
vn -0.2109 0.9774 -0.0157
vn 0.8102 0.2395 0.5350
vn 0.5859 -0.7660 -0.2646
vn 0.8590 -0.0746 -0.5065
vn 0.4010 -0.8938 0.2007
vn -0.4790 -0.6688 -0.5685
vn 0.1220 -0.8047 -0.5810
vn -0.0275 -0.0172 -0.9995
vn 0.2785 0.4819 -0.8308
vn 0.5726 0.3506 -0.7411
vn 0.2785 0.4819 0.8308
vn -0.0275 -0.0172 0.9995
vn 0.5726 0.3506 0.7411
vn -0.7483 0.6633 -0.0000
vn 0.3444 0.8177 -0.4612
vn 0.3444 0.8177 0.4612
vn 0.3755 0.4965 -0.7826
vn -0.4296 -0.3803 -0.8190
vn -0.1266 0.5548 -0.8223
vn 0.8011 0.4474 0.3976
vn 0.7391 -0.2966 -0.6048
vn 0.4867 -0.8211 0.2983
vn -0.5341 -0.1979 -0.8220
vn 0.5759 0.1405 -0.8053
vn 0.1363 -0.6884 -0.7125
vn -0.8718 -0.4561 -0.1787
vn -0.0009 -0.8486 0.5291
vn -0.9480 -0.3067 0.0847
vn 0.8737 0.4394 0.2086
vn -0.0963 0.8917 -0.4422
vn 0.0462 0.8714 0.4883
vn -0.5203 0.2297 -0.8225
vn 0.4133 -0.4611 -0.7853
vn -0.9923 -0.0208 -0.1218
vn -0.9476 0.2847 0.1451
vn 0.9643 0.0787 0.2530
vn 0.7096 0.3590 -0.6063
vn 0.9267 -0.1453 0.3467
vn -0.6461 0.7402 -0.1865
vn -0.8966 -0.3087 0.3175
vn -0.5282 0.2107 0.8225
vn 0.3838 -0.4859 0.7853
vn 0.1583 0.5471 0.8220
vn 0.7102 -0.4190 -0.5658
vn 0.7985 -0.3137 0.5138
vn -0.7774 -0.6285 -0.0231
vn -0.6048 0.3860 0.6966
vn -0.7407 0.4492 -0.4995
vn 0.3755 -0.4965 0.7826
vn -0.4296 0.3803 0.8190
vn -0.5067 -0.2590 0.8223
vn 0.8011 -0.4474 -0.3976
vn -0.3308 0.9318 0.1494
vn -0.7827 0.5552 0.2812
vn -0.6048 -0.3860 -0.6966
vn -0.7285 -0.1790 0.6612
vn -0.5051 0.6410 -0.5779
vn 0.0912 0.9931 0.0742
vn 0.5656 0.1776 0.8053
vn 0.3728 0.5945 0.7125
vn -0.2392 0.7620 -0.6018
vn 0.1867 0.8789 0.4389
vn -0.2371 -0.9421 0.2370
vn 0.7208 -0.4969 -0.4832
vn 0.8535 -0.3605 0.3763
vn 0.9925 0.0446 0.1139
vn 0.2501 -0.9461 -0.2060
vn 0.8795 -0.1165 -0.4615
vn -0.3087 -0.4889 -0.8159
vn 0.5732 0.2468 -0.7813
vn 0.5517 -0.0810 -0.8301
vn 0.7960 0.2673 -0.5430
vn 0.4714 -0.4561 0.7548
vn 0.6581 -0.5264 -0.5383
vn 0.7960 -0.2673 0.5430
vn 0.4714 0.4561 -0.7548
vn 0.6581 0.5264 0.5383
vn -0.3585 -0.7237 -0.5897
vn -0.6907 -0.4803 0.5407
vn -0.8211 -0.4633 -0.3333
vn 0.2721 0.5101 0.8159
vn 0.5732 -0.2468 0.7813
vn 0.5517 0.0810 0.8301
vn 0.2468 0.7394 0.6264
vn 0.3240 0.6956 -0.6412
vn 0.2135 0.7947 -0.5682
vn -0.8612 -0.3444 -0.3738
vn -0.4841 -0.6582 0.5765
vn 0.2294 0.9731 0.0207
vn 0.9778 -0.0247 -0.2081
vn 0.2510 0.9680 0.0001
vn -0.5109 -0.8543 -0.0960
vn -0.7064 -0.3980 0.5853
vn -0.7636 0.2906 -0.5766
vn -0.8097 -0.0036 0.5868
vn 0.5598 0.1181 0.8202
vn 0.2673 0.5708 0.7763
vn -0.1392 -0.5468 0.8256
vn 0.0217 0.9256 -0.3778
vn -0.8612 0.3444 0.3738
vn -0.9458 0.0782 -0.3153
vn -0.3094 0.5126 0.8010
vn -0.4541 -0.6289 0.6311
vn 0.1127 -0.8324 0.5426
vn -0.2747 -0.9254 -0.2611
vn 0.4339 -0.6735 -0.5984
vn -0.6907 0.4803 -0.5407
vn 0.2528 0.9065 0.3382
vn -0.9715 -0.2183 0.0927
vn 0.3436 0.4475 -0.8256
vn -0.3094 -0.5126 -0.8010
vn -0.4541 0.6289 -0.6311
vn 0.5057 0.2676 -0.8202
vn 0.5825 -0.2408 -0.7763
vn 0.7676 -0.0905 0.6346
vn 0.7331 -0.4911 -0.4704
vn 0.7684 0.1897 -0.6112
vn -0.1880 0.6443 -0.7413
vn -0.0935 0.7903 -0.6056
vn -0.1578 0.7943 0.5867
vn -0.2074 -0.7940 -0.5714
vn 0.3224 -0.6532 -0.6852
vn -0.0931 -0.7923 0.6029
vn 0.0692 -0.6474 -0.7590
vn 0.6104 -0.7907 -0.0458
vn -0.6764 -0.6347 -0.3738
vn -0.4703 0.5934 0.6532
vn 0.7005 -0.2318 0.6750
vn 0.0822 0.7403 0.6672
vn 0.7245 0.2688 -0.6347
vn -0.7382 -0.1565 -0.6562
vn -0.7618 0.0231 -0.6474
vn 0.4426 0.6562 -0.6112
vn 0.5965 0.7933 -0.1223
vn 0.6672 0.0822 0.7403
vn 0.6245 -0.1140 -0.7726
vn 0.6347 0.7245 -0.2688
vn 0.0160 0.6382 -0.7697
vn -0.5806 -0.1939 -0.7907
vn -0.5924 0.0468 -0.8043
vn -0.6038 0.6750 0.4241
vn 0.0080 0.7886 0.6148
vn 0.0816 -0.6304 0.7720
vn -0.5637 0.2453 0.7888
vn -0.5950 -0.0472 0.8023
vn -0.6474 0.7618 -0.0231
vn -0.6443 -0.3263 0.6917
vn -0.6532 0.4703 0.5934
vn 0.7043 -0.6672 -0.2426
vn 0.7653 -0.6413 -0.0556
vn 0.7675 0.6387 0.0554
vn 0.8228 -0.5392 0.1796
vn -0.7901 0.0858 -0.6070
vn -0.7629 -0.6457 -0.0330
vn -0.7989 0.0115 0.6014
vn 0.6246 -0.1140 -0.7726
vn -0.5659 0.7843 0.2541
vn 0.5363 0.7837 -0.3133
vn -0.5418 0.7806 -0.3116
vn -0.3126 -0.5447 0.7782
vn 0.0836 0.6117 0.7866
vn -0.5360 0.3716 0.7580
vn 0.6065 -0.7920 -0.0699
vn -0.1535 -0.5261 0.8364
vn -0.3798 -0.7684 -0.5150
vn -0.0608 -0.8436 0.5335
vn -0.8758 -0.0811 0.4759
vn -0.8425 -0.4642 -0.2732
vn -0.7880 -0.3118 -0.5309
vn -0.7784 -0.6174 0.1136
vn 0.7754 -0.3146 -0.5475
vn 0.5665 -0.6503 -0.5061
vn 0.7800 -0.2596 0.5694
vn -0.9763 -0.1901 -0.1034
vn -0.7734 0.5293 0.3489
vn -0.9326 -0.2429 -0.2669
vn -0.9808 -0.0952 0.1701
vn -0.9119 0.1458 -0.3836
vn -0.7139 0.0887 0.6946
vn 0.4855 0.7884 0.3778
vn -0.5853 0.7094 0.3927
vn -0.2145 0.8178 0.5340
vn 0.0172 0.7681 -0.6401
vn 0.1991 0.6621 0.7224
vn -0.2436 0.6688 0.7024
vn 0.4859 -0.0928 -0.8691
vn 0.8376 0.2944 -0.4601
vn -0.1511 0.0423 -0.9876
vn -0.1181 -0.3781 -0.9182
vn -0.1641 0.5620 -0.8107
vn 0.1768 -0.2165 -0.9601
vn -0.4595 -0.2430 0.8543
vn 0.0136 0.4708 0.8821
vn -0.4506 -0.0692 0.8901
vn -0.2420 -0.1148 0.9635
vn -0.7761 0.3226 0.5419
vn 0.4402 0.3235 0.8376
vn -0.8490 -0.1862 -0.4945
vn -0.0767 0.0404 -0.9962
vn -0.8175 -0.3665 -0.4443
vn 0.1189 0.7860 -0.6067
vn -0.7126 0.6976 -0.0749
vn 0.7047 -0.6446 0.2963
vn 0.7251 0.5279 0.4422
vn 0.6118 -0.0570 0.7890
vn 0.9373 -0.0214 0.3478
vn 0.4016 0.4560 0.7942
vn 0.9162 0.2919 -0.2745
vn 0.7124 0.6927 -0.1125
vn -0.6213 0.7794 0.0807
vn 0.8929 -0.4018 -0.2033
vn 0.7918 0.5666 -0.2280
vn 0.9866 -0.0605 -0.1514
vn -0.0695 -0.7870 0.6130
vn -0.3376 -0.6868 0.6437
vn -0.0748 -0.6976 -0.7126
vn -0.3492 -0.7512 -0.5601
vn -0.5781 -0.1223 0.8067
vn -0.8926 0.2581 -0.3696
vn -0.9718 -0.1924 0.1362
vn -0.2792 -0.8007 0.5300
vn 0.3851 -0.7017 -0.5994
vn 0.5837 -0.8107 0.0457
vn 0.1069 -0.5372 -0.8366
vn -0.2033 0.4019 0.8928
vn -0.2280 -0.5666 0.7918
vn -0.1514 0.0606 0.9866
vn 0.3616 0.0648 0.9301
vn 0.8303 -0.3941 0.3941
vn -0.3322 -0.3927 0.8576
vn -0.1074 -0.7980 -0.5931
vn 0.6765 -0.6970 -0.2380
vn 0.6053 0.6830 -0.4089
vn 0.8906 -0.4455 -0.0913
vn 0.8191 -0.2076 -0.5348
vn 0.9318 0.0922 -0.3512
vn 0.5943 -0.2151 -0.7749
vn 0.9615 -0.0754 0.2644
vn 0.9556 0.2334 -0.1798
vn 0.4441 -0.8913 -0.0912
vn -0.5084 -0.2914 -0.8103
vn -0.6460 0.4923 0.5833
vn -0.4082 -0.1389 -0.9023
vn -0.4805 0.6803 -0.5535
vn -0.3396 0.2674 -0.9017
vn 0.4879 0.1861 -0.8528
vn -0.4377 -0.0750 -0.8960
vn 0.7476 -0.0203 -0.6638
vn -0.5520 0.5566 -0.6209
vn 0.1249 -0.7349 -0.6666
vn -0.9602 0.2165 0.1767
vn 0.2971 0.6523 0.6973
vn 0.4422 -0.5277 0.7252
vn 0.7974 0.1203 0.5913
vn 0.8826 0.1071 0.4578
vn -0.1360 0.7791 -0.6120
vn 0.0274 0.7984 0.6015
vn 0.6156 -0.7820 -0.0980
vn -0.0032 -0.7872 0.6167
vn -0.3134 -0.7822 -0.5386
vn 0.2270 -0.5783 0.7836
vn -0.5416 0.3154 0.7792
vn -0.6229 -0.1495 0.7679
vn 0.5810 0.7870 -0.2074
vn 0.2952 0.5593 0.7747
vn -0.7801 0.1076 -0.6163
vn -0.6048 0.2425 -0.7586
vn -0.7701 0.2443 0.5893
vn 0.7966 0.5189 -0.3102
vn 0.7837 0.5358 -0.3143
vn 0.7893 0.6140 -0.0009
vn -0.2541 -0.5660 -0.7843
vn 0.2427 0.5827 -0.7756
vn 0.6205 -0.1140 -0.7758
vn 0.8623 -0.4980 0.0912
vn -0.8692 0.4828 0.1067
vn -0.7486 -0.1665 0.6418
vn -0.3200 -0.1280 0.9387
vn -0.4258 0.8229 0.3762
vn -0.4852 -0.8237 -0.2935
vn 0.4398 -0.4783 -0.7601
vn 0.6186 0.7285 -0.2943
vn 0.9594 -0.2819 -0.0108
vn 0.1667 0.2822 -0.9447
vn -0.6846 -0.6110 -0.3975
vn -0.9327 0.0360 -0.3590
vn 0.9654 0.2114 0.1529
vn 0.7584 -0.5391 -0.3664
vn -0.1942 0.2760 -0.9413
vn 0.6422 -0.0256 0.7661
vn -0.6173 0.1949 0.7622
vn -0.1846 -0.7591 0.6242
vn 0.8382 -0.3102 -0.4485
vn 0.5986 -0.0233 0.8007
vn 0.7107 0.4904 0.5044
vn 0.9041 0.2956 -0.3085
vn 0.3909 -0.6526 -0.6490
vn 0.3445 0.5518 -0.7595
vn -0.9556 -0.2781 0.0969
vn -0.1923 0.0033 -0.9813
vn 0.0123 -0.2813 -0.9595
vn -0.7697 0.0274 -0.6378
vn -0.7144 0.0082 0.6997
vn -0.6574 0.6697 0.3455
vn -0.1446 -0.4310 -0.8907
vn -0.4908 0.0171 -0.8711
vn -0.3137 -0.3980 -0.8621
vn 0.3292 -0.0432 0.9433
vn -0.4642 -0.7005 0.5420
vn -0.7917 0.5447 0.2767
vn -0.8296 -0.1584 -0.5354
vn 0.4586 0.2827 -0.8425
vn 0.8100 -0.4711 0.3493
vn 0.8923 -0.0265 -0.4507
vn 0.8660 0.3370 0.3693
vn -0.0841 -0.0677 0.9942
vn 0.8441 -0.4205 0.3327
vn -0.7389 -0.5867 0.3312
vn -0.2055 0.0504 0.9774
vn -0.9385 0.3368 0.0760
vn 0.4086 -0.1926 -0.8922
vn 0.4742 0.5739 -0.6676
vn -0.4156 0.4331 -0.7998
vn 0.7471 -0.3545 -0.5623
vn -0.8274 -0.3327 -0.4525
vn -0.8976 -0.2668 -0.3508
vn -0.6635 0.7454 -0.0649
vn 0.3576 0.5970 -0.7181
vn 0.5341 0.7538 -0.3828
vn 0.3640 0.5292 -0.7664
vn -0.4116 -0.5282 -0.7427
vn -0.3995 -0.5655 -0.7215
vn 0.8339 -0.3040 0.4607
vn 0.4058 0.7347 -0.5436
vn 0.4756 0.3638 0.8009
vn -0.4824 0.7159 -0.5047
vn -0.8515 -0.0794 -0.5182
vn -0.8293 0.3213 0.4572
vn -0.2797 -0.5959 0.7528
vn 0.5664 0.0315 0.8236
vn -0.6080 -0.0299 0.7934
vn -0.4861 -0.6197 -0.6162
vn 0.6234 -0.7625 0.1732
vn 0.4790 -0.8098 0.3389
vn 0.5553 -0.8031 0.2162
vn 0.4889 -0.6719 -0.5563
vn 0.0059 -0.7892 0.6140
vn 0.6185 -0.7549 0.2182
vn -0.5006 -0.7055 0.5016
vn 0.8132 -0.5811 -0.0322
vn -0.1469 -0.7183 0.6801
vn -0.4314 0.8694 0.2409
vn -0.9560 0.2737 -0.1059
vn -0.1938 0.2933 0.9362
vn 0.1319 -0.8188 -0.5588
vn 0.0788 -0.7888 -0.6095
vn 0.3028 -0.8105 -0.5014
vn 0.4415 -0.5597 0.7013
vn -0.6299 -0.6874 0.3614
vn 0.5636 0.8170 0.1221
vn 0.1514 0.6668 -0.7297
vn -0.6890 0.7131 0.1293
vn 0.6819 0.7291 -0.0585
vn -0.5559 0.7811 -0.2843
vn 0.1135 0.6753 -0.7288
vn 0.3084 0.8136 0.4929
vn -0.6504 0.7282 -0.2162
vn 0.1283 0.7478 0.6515
vn -0.5537 -0.8051 0.2125
vn 0.1866 -0.7712 0.6086
vn 0.2855 0.7401 -0.6089
vn 0.2335 0.7915 -0.5648
vn -0.5872 0.7919 -0.1674
vn -0.6309 0.7678 -0.1115
vn 0.5538 0.6290 -0.5456
vn -0.7961 0.5829 -0.1627
vn -0.4482 0.8378 0.3118
vn -0.5261 0.7827 -0.3326
vn -0.7840 0.6198 -0.0355
vn 0.3314 0.6753 0.6590
vn -0.5738 -0.7963 -0.1916
vn -0.1966 -0.7815 0.5921
vn 0.3749 0.6160 -0.6929
vn 0.0060 0.7291 -0.6844
vn -0.6577 -0.7524 0.0361
vn 0.6005 -0.7996 0.0013
vn -0.6189 -0.7855 0.0012
vn 0.0011 -0.8000 -0.6000
vn -0.7597 0.6503 -0.0007
vn -0.5284 -0.8489 0.0094
vn -0.7989 0.0512 0.5992
vn 0.5469 0.0377 -0.8363
vn 0.4729 0.0254 0.8808
vn 0.6625 -0.7485 0.0288
vn 0.0008 0.5899 -0.8075
vn -0.0005 0.5465 0.8375
vn 0.8368 0.5475 -0.0009
vn -0.5315 0.8470 -0.0006
vn -0.5359 -0.8442 0.0087
vn -0.4539 0.0341 0.8904
vn 0.4727 0.0212 0.8810
vn 0.7840 0.0467 -0.6189
vn 0.7859 0.6183 0.0005
vn 0.6006 -0.7995 0.0012
vn -0.6190 -0.7854 0.0012
vn 0.0011 -0.8000 -0.6001
vn -0.5282 -0.8491 0.0092
vn -0.7989 0.0512 0.5993
vn 0.5470 0.0378 -0.8363
vn 0.4726 0.0255 0.8809
vn 0.6625 -0.7485 0.0281
vn 0.0007 0.5901 -0.8073
vn -0.0005 0.5467 0.8374
vn 0.8367 0.5476 -0.0008
vn -0.5318 0.8469 -0.0006
vn -0.5357 -0.8444 0.0086
vn 0.4725 0.0212 0.8811
vn 0.7839 0.0467 -0.6191
vn 0.7860 0.6183 0.0005
vn 0.0007 0.5902 -0.8073
vn -0.5357 -0.8444 0.0085
vn 0.4725 0.0213 0.8811
vn -0.9889 -0.1487 -0.0000
vn -0.1467 -0.9892 -0.0001
vn -0.9693 0.2458 0.0002
vn -0.6771 0.7359 -0.0000
vn 0.1908 0.8699 -0.4549
vn -0.5441 0.5915 -0.5951
vn 0.7710 -0.6368 0.0021
vn -0.5175 -0.6485 -0.5583
vn 0.6468 0.7620 0.0335
vn 0.3739 0.3737 -0.8488
vn 0.3735 0.3733 0.8492
vn 0.9729 -0.2313 -0.0000
vn -0.6717 0.7408 -0.0000
vn -0.3526 0.3889 0.8511
vn 0.2738 0.9618 -0.0000
vn 0.7634 -0.6460 0.0021
vn -0.5210 -0.6388 -0.5662
vn 0.6555 0.7547 0.0293
vn -0.0000 0.5568 -0.8306
vn -0.0000 0.5350 0.8448
vn 0.8477 0.5304 -0.0000
vn 0.9982 0.0594 -0.0000
vn 0.5295 0.0315 -0.8477
vn 0.4838 0.8752 -0.0000
vn 0.7463 0.6656 -0.0000
vn 0.4787 0.0350 -0.8773
vn 0.7951 0.0621 -0.6032
vn -0.7454 -0.6667 -0.0005
vn -0.6032 -0.7976 -0.0000
vn 0.3047 -0.8233 -0.4789
vn -0.9986 0.0520 -0.0000
vn -0.6328 0.6672 -0.3929
vn -0.7973 0.5211 -0.3047
vn -0.5561 -0.8311 -0.0024
vn -0.5589 0.0499 0.8277
vn -0.4807 0.8769 -0.0000
vn 0.8478 0.5304 -0.0000
vn 0.5294 0.0315 -0.8478
vn 0.4839 0.8751 -0.0000
vn 0.2240 -0.8233 -0.5215
vn -0.7950 0.5637 -0.2240
vn -0.5818 -0.8087 0.0861
vn 0.5798 -0.8098 -0.0891
vn -0.3267 -0.8226 0.4655
vn 0.6738 0.5687 0.4718
vn 0.3954 0.5192 0.7577
vn 0.9950 -0.0992 -0.0105
vn 0.2303 0.7585 0.6096
vn 0.5832 0.8077 -0.0871
vn 0.3261 0.8226 -0.4658
vn -0.6738 -0.5686 -0.4718
vn 0.0607 -0.2864 -0.9562
vn -0.4617 0.8260 -0.3233
vn 0.4737 0.5637 -0.6767
vn -0.4736 0.5643 0.6762
vn -0.8663 0.4990 -0.0241
vn -0.0600 -0.2854 0.9565
vn 0.6747 -0.5672 0.4723
vn 0.9947 0.1025 -0.0123
vn -0.5827 0.8079 0.0883
vn -0.2298 0.7583 -0.6100
vn 0.2056 0.8049 0.5567
vn -0.3964 0.5187 -0.7575
vn -0.6755 0.5664 -0.4721
vn -0.4989 0.5213 -0.6923
vn 0.5569 0.8022 -0.2152
vn -0.5593 0.8011 0.2132
vn -0.2403 0.8236 0.5137
vn 0.7465 -0.5671 0.3481
vn 0.5584 -0.5887 0.5845
vn 0.5794 -0.4233 0.6965
vn 0.1783 -0.7531 0.6333
vn 0.5607 -0.7998 -0.2144
vn -0.3527 -0.8195 -0.4517
vn -0.0695 0.4881 -0.8700
vn -0.7465 0.5671 -0.3481
vn -0.4942 -0.8383 -0.2303
vn 0.3543 -0.5452 -0.7597
vn -0.3555 -0.5459 0.7587
vn 0.8527 -0.4308 -0.2955
vn 0.0706 0.4875 0.8703
vn 0.7476 0.5656 0.3482
vn 0.4941 -0.8386 0.2293
vn -0.5602 -0.7999 0.2152
vn -0.1776 -0.7529 -0.6337
vn -0.2395 -0.8239 0.5136
vn -0.7479 -0.5648 -0.3486
vn -0.5595 -0.5881 -0.5840
vn -0.5798 -0.4223 -0.6967
vn -0.5973 -0.0000 -0.8020
vn 0.5951 -0.0000 -0.8036
vn 0.8671 0.0005 -0.4982
vn 0.7292 -0.0000 0.6842
vn -0.7297 -0.0000 0.6838
vn -0.6456 -0.6305 0.4309
vn -0.0802 0.5389 -0.8386
vn -0.9967 -0.0012 0.0814
vn 0.0708 -0.0172 0.9973
vn 0.4660 0.4491 0.7623
vn 0.9991 -0.0000 0.0419
vn 0.8018 0.5967 0.0337
vn -0.0916 0.5345 -0.8402
vn -0.9955 -0.0012 0.0948
vn 0.0837 -0.0194 0.9963
vn 0.6833 -0.7294 0.0332
vn 0.9988 -0.0000 0.0485
vn 0.3904 0.3351 0.8575
vn -0.8208 0.5711 0.0006
vn -0.8314 -0.0174 -0.5554
vn 0.8209 0.5711 -0.0000
vn 0.8315 0.3928 0.3929
vn 0.0006 -0.8208 0.5711
vn -0.0000 -0.8209 -0.5711
vn 0.5555 -0.8314 0.0091
vn -0.8211 0.5708 -0.0003
vn -0.8287 -0.0004 -0.5596
vn 0.8211 0.5708 0.0003
vn 0.8287 -0.0004 0.5596
vn 0.5596 -0.8287 0.0004
vn -0.5596 -0.8287 -0.0004
vn 0.0003 -0.8211 -0.5708
vn 0.6484 0.4247 0.6319
vn 0.9970 -0.0145 -0.0764
vn 0.9017 0.3974 0.1704
vn -0.9970 -0.0146 -0.0764
vn -0.6484 0.4247 0.6318
vn -0.8820 0.4308 0.1912
vn 0.7198 0.4156 0.5559
vn 0.4472 -0.2513 -0.8584
vn -0.8057 -0.0187 -0.5920
vn -0.4138 -0.2325 -0.8802
vn -0.5951 -0.0000 0.8036
vn -0.6802 -0.0000 -0.7330
vn 0.5168 -0.7199 0.4634
vn 0.6802 -0.0022 -0.7330
vn -0.7648 -0.1767 0.6195
vn 0.5384 -0.8427 0.0002
vn 0.5600 0.8285 -0.0000
vn 0.5302 -0.0000 0.8479
vn 0.0315 0.8479 0.5292
vn 0.0594 -0.0000 0.9982
vn 0.8732 -0.0002 0.4873
vn 0.0372 0.8787 0.4759
vn 0.6663 -0.0000 0.7457
vn 0.0621 0.6048 0.7940
vn -0.7964 -0.0000 -0.6048
vn -0.6607 0.0005 -0.7507
vn -0.8233 0.3378 0.4561
vn 0.6756 0.3889 -0.6264
vn 0.0520 -0.0000 -0.9986
vn 0.3802 0.4561 -0.8046
vn 0.0501 -0.8267 -0.5605
vn -0.8328 -0.0000 -0.5536
vn 0.8750 -0.0000 -0.4840
vn 0.5383 -0.8428 -0.0000
vn 0.5599 0.8285 -0.0000
vn 0.8733 -0.0000 0.4873
vn 0.8751 -0.0000 -0.4840
vn -0.0000 0.8718 0.4899
vn 0.0042 -0.8340 -0.5517
vn -0.0000 0.8737 -0.4865
vn -0.8411 -0.5409 -0.0000
vn -0.0000 -0.8717 0.4900
vn 0.8798 -0.0370 0.4739
vn -0.0000 -0.6669 0.7452
vn 0.6059 -0.0620 0.7931
vn -0.0000 0.7955 -0.6059
vn 0.0004 0.6560 -0.7547
vn 0.4867 0.8233 0.2921
vn 0.3855 -0.6821 -0.6214
vn -0.0000 -0.0520 -0.9986
vn 0.2921 -0.5289 -0.7969
vn -0.8258 -0.0504 -0.5617
vn -0.0000 -0.8737 -0.4866
vn 0.3143 -0.7780 0.5440
vn 0.7991 0.0109 0.6011
vn -0.0783 -0.9263 0.3685
vn -0.6669 -0.1723 0.7249
vn 0.5030 0.5789 0.6417
vn -0.6781 0.0269 0.7345
vn 0.2974 0.7517 -0.5887
vn -0.9528 -0.0168 -0.3031
vn -0.2277 0.8411 -0.4907
vn 0.4491 0.5460 -0.7073
vn 0.4536 -0.0074 -0.8912
vn -0.6690 0.3642 -0.6479
vn 0.7980 -0.6024 -0.0166
vn -0.1143 -0.7402 0.6626
vn -0.3435 -0.8134 -0.4695
vn -0.7755 0.0045 -0.6313
vn -0.6121 0.4645 0.6399
vn -0.7747 0.6104 -0.1650
vn 0.7889 0.6139 -0.0269
vn 0.5600 -0.2945 0.7743
vn 0.7785 -0.6035 -0.1723
vn 0.5038 -0.4939 0.7087
vn 0.4925 0.8477 -0.1972
vn -0.0902 0.4300 -0.8983
vn 0.7737 -0.2168 -0.5953
vn -0.8242 -0.5002 -0.2656
vn 0.6906 -0.7220 -0.0415
vn -0.0864 -0.5009 0.8612
vn 0.0532 -0.7872 -0.6144
vn -0.4222 0.5910 0.6873
vn 0.2433 0.8156 -0.5249
vn 0.0075 0.7816 -0.6237
vn -0.3755 -0.7719 -0.5130
vn -0.3757 -0.4914 -0.7858
vn -0.9995 -0.0234 -0.0234
vn 0.9995 -0.0234 -0.0234
vn 0.4308 0.1982 0.8804
vn 0.4303 0.8859 0.1730
vn 0.1679 0.4302 -0.8870
vn 0.8842 0.4305 -0.1814
vn -0.0234 0.9995 0.0234
vn -0.0234 -0.9995 0.0234
vn -0.7766 -0.3756 0.5058
vn -0.5174 -0.3755 0.7690
vn -0.5322 -0.0672 -0.8439
vn -0.1036 -0.0909 -0.9905
vn -0.5009 0.1152 -0.8578
vn -0.7069 -0.3087 -0.6364
vn 0.5315 0.5080 -0.6779
vn 0.4167 -0.5662 -0.7112
vn 0.5425 0.1667 -0.8234
vn 0.6206 -0.0000 -0.7841
vn 0.2240 -0.5668 -0.7929
vn 0.4583 -0.4006 -0.7934
vn 0.5499 -0.1049 -0.8286
vn 0.1155 -0.9021 0.4157
vn 0.5358 -0.1605 0.8290
vn -0.0137 -0.9804 -0.1966
vn 0.5639 0.0935 0.8205
vn 0.4572 0.4027 0.7930
vn 0.2145 0.5644 0.7972
vn -0.1235 -0.6012 0.7895
vn -0.3581 -0.4605 0.8122
vn 0.6140 0.0329 0.7886
vn 0.5687 -0.2303 0.7897
vn 0.1850 -0.5852 -0.7895
vn 0.0139 0.5832 -0.8122
vn 0.4901 -0.3713 -0.7886
vn -0.5571 -0.2571 -0.7897
vn -0.2634 -0.5891 -0.7639
vn 0.4047 0.3627 -0.8394
vn -0.4556 -0.6985 -0.5519
vn -0.5694 0.0631 -0.8197
vn -0.4556 0.6985 0.5519
vn -0.5656 0.0910 0.8197
vn -0.4627 0.4498 0.7639
vn 0.0251 0.5429 0.8394
vn 0.5254 -0.2092 0.8247
vn -0.6111 0.2098 0.7632
vn 0.5655 -0.0048 -0.8247
vn -0.0843 -0.6406 -0.7632
vn 0.0032 1.0000 -0.0002
vn -0.3639 0.6756 -0.6412
vn -0.6059 0.6090 -0.5119
vn -0.6133 0.5518 -0.5652
vn -0.8218 0.4229 -0.3819
vn -0.0233 -0.0730 -0.9971
vn -0.5666 0.0651 -0.8214
vn -0.2711 0.6285 -0.7290
vn 0.5735 0.5914 -0.5669
vn -0.5991 -0.5725 -0.5598
vn 0.0183 -0.0183 -0.9997
vn 0.0705 0.0192 -0.9973
vn -0.6359 0.2595 -0.7268
vn 0.0115 0.6174 -0.7866
vn -0.0241 -0.0709 0.9972
vn -0.2440 0.6397 0.7288
vn -0.1775 -0.5981 0.7815
vn 0.0716 0.0225 0.9972
vn -0.0644 0.5626 0.8242
vn -0.6304 0.2745 0.7261
vn 0.5218 -0.6614 0.5388
vn 0.6476 -0.5314 0.5461
vn 0.0173 -0.0173 0.9997
vn -0.0062 -0.0067 1.0000
vn -0.0024 -0.0037 1.0000
vn -0.0086 -0.0086 0.9999
vn -0.5759 -0.8175 -0.0000
vn -0.4278 -0.9039 -0.0000
vn -0.8160 -0.5780 -0.0000
vn -0.9016 -0.4325 -0.0000
vn 0.4618 0.4194 0.7816
vn 0.5225 0.2701 -0.8087
vn 0.7071 0.7071 -0.0000
vn -0.0420 -0.0420 -0.9982
vn -0.7201 -0.1225 0.6830
vn 0.0723 0.0437 0.9964
vn 0.6223 0.6100 0.4905
vn 0.9784 0.1474 -0.1446
vn 0.1993 -0.9799 -0.0000
vn -0.5420 0.7624 0.3535
vn 0.1652 -0.7963 -0.5818
vn 0.0219 -0.0031 -0.9998
vn -0.0559 -0.9896 -0.1326
vn 0.8040 0.5932 0.0413
vn 0.8080 0.0245 -0.5887
vn -0.0469 0.7284 -0.6836
vn 0.9831 0.1832 -0.0000
vn 0.4658 0.6996 0.5418
vn 0.5887 0.5887 0.5540
vn -0.5891 0.5771 -0.5656
vn -0.1899 0.6364 0.7476
vn 0.4125 -0.8991 -0.1464
vn -0.7143 0.6998 -0.0102
vn 0.2080 0.7978 0.5659
vn 0.1441 0.9748 -0.1702
vn 0.0062 0.0067 1.0000
vn 0.0024 0.0037 1.0000
vn 0.0086 0.0086 0.9999
vn 0.5759 0.8175 -0.0000
vn 0.4278 0.9039 -0.0000
vn 0.8160 0.5780 -0.0000
vn 0.9016 0.4325 -0.0000
vn -0.4524 -0.4125 0.7907
vn -0.5149 -0.2597 -0.8169
vn -0.7071 -0.7071 -0.0000
vn 0.6236 0.7371 -0.2606
vn 0.0629 0.0629 -0.9960
vn 0.7425 0.1340 0.6563
vn -0.0541 -0.0254 0.9982
vn -0.6189 -0.6060 0.4998
vn -0.0024 0.0037 1.0000
vn -0.0062 0.0067 1.0000
vn -0.0086 0.0086 0.9999
vn -0.4278 0.9039 -0.0000
vn -0.5759 0.8175 -0.0000
vn -0.9016 0.4325 -0.0000
vn -0.8160 0.5780 -0.0000
vn 0.5224 -0.2702 -0.8088
vn 0.4618 -0.4194 0.7816
vn 0.7071 -0.7071 -0.0000
vn -0.0835 0.0965 -0.9918
vn -0.3517 -0.9316 -0.0919
vn -0.6423 0.7605 0.0953
vn 0.0723 -0.0437 0.9964
vn -0.7201 0.1225 0.6830
vn 0.6222 -0.6101 0.4905
vn -0.5604 0.6713 0.4850
vn -0.0442 0.8055 -0.5910
vn -0.0184 0.8010 -0.5983
vn 0.4547 0.7488 -0.4821
vn -0.4161 0.7395 -0.5292
vn -0.1040 0.9222 0.3724
vn -0.2643 0.9487 -0.1738
vn 0.0818 0.9108 -0.4047
vn -0.4548 -0.7488 -0.4821
vn 0.1037 -0.9222 0.3725
vn 0.0442 -0.8055 -0.5909
vn 0.2641 -0.9487 -0.1738
vn -0.0817 -0.9108 -0.4046
vn -0.8342 0.5465 0.0739
vn -0.6713 -0.3398 -0.6587
vn -0.8573 -0.2466 0.4519
vn -0.3398 -0.6587 -0.6713
vn 0.7940 0.5173 -0.3194
vn 0.2341 0.3549 -0.9051
vn 0.2913 -0.3699 -0.8822
vn -0.1338 -0.2030 -0.9700
vn -0.2914 0.3699 -0.8822
vn -0.2340 -0.3549 -0.9051
vn -0.3715 0.2653 -0.8897
vn -0.5234 0.1641 -0.8362
vn 0.5941 -0.3358 -0.7309
vn -0.5258 -0.2039 -0.8258
vn -0.6969 -0.7143 0.0639
vn -0.8376 0.1842 0.5142
vn -0.9137 0.3914 -0.1090
vn -0.5981 -0.3247 0.7327
vn 0.5234 0.1636 0.8362
vn -0.1223 0.3669 0.9222
vn 0.7094 -0.6408 0.2936
vn 0.8376 0.1842 -0.5142
vn 0.9138 0.3912 0.1094
vn 0.0388 0.7847 -0.6186
vn -0.3525 0.7847 0.5099
vn 0.1927 0.7688 0.6097
vn 0.2785 -0.4819 -0.8308
vn -0.0275 0.0172 -0.9995
vn 0.5726 -0.3506 -0.7411
vn -0.0275 0.0172 0.9995
vn 0.2785 -0.4819 0.8308
vn 0.5726 -0.3506 0.7411
vn 0.3444 -0.8177 -0.4612
vn -0.7483 -0.6633 -0.0000
vn 0.3444 -0.8177 0.4612
vn -0.0110 0.5855 -0.8106
vn -0.0428 -0.7050 -0.7079
vn -0.4841 -0.2938 -0.8242
vn -0.3816 0.3258 0.8650
vn -0.5861 -0.0749 0.8068
vn 0.5799 0.4114 0.7032
vn 0.6433 -0.1521 -0.7504
vn 0.3574 0.5498 -0.7550
vn -0.3640 0.8941 0.2610
vn 0.8597 0.3005 0.4131
vn 0.6932 0.4289 0.5793
vn 0.6649 -0.3655 -0.6513
vn -0.2071 0.7933 -0.5725
vn 0.2919 -0.5572 -0.7774
vn 0.6083 -0.2962 0.7363
vn -0.3256 -0.7635 0.5577
vn -0.3482 -0.5924 0.7265
vn 0.5060 -0.6771 0.5343
vn -0.5570 -0.1023 0.8242
vn -0.6024 -0.2690 0.7515
vn 0.1250 0.5992 0.7908
vn 0.2422 0.7033 0.6683
vn -0.4419 0.4877 0.7529
vn 0.0115 0.8378 0.5459
vn -0.6862 -0.2745 -0.6736
vn -0.0704 0.6027 -0.7948
vn 0.8267 -0.5623 0.0196
vn 0.8167 -0.0638 0.5735
vn 0.8483 -0.0140 0.5293
vn -0.5103 -0.8599 -0.0101
vn 0.5061 -0.8213 -0.2632
vn 0.1644 -0.9456 0.2807
vn -0.8557 0.4616 0.2339
vn -0.8305 -0.5469 -0.1060
vn -0.9007 -0.0978 0.4233
vn 0.5285 0.8381 0.1352
vn 0.0206 0.8257 -0.5637
vn -0.5557 0.8312 -0.0165
vn 0.6261 0.1553 0.7641
vn -0.5926 -0.2499 0.7658
vn -0.6353 0.2353 0.7356
vn 0.9436 0.0971 -0.3166
vn 0.0283 0.9760 0.2161
vn 0.8649 0.2483 0.4363
vn -0.9773 -0.0660 -0.2013
vn -0.0251 -0.9759 0.2169
vn -0.8648 -0.2598 0.4296
vn 0.5012 -0.4940 -0.7105
vn -0.4995 0.4973 -0.7094
vn -0.5700 -0.2362 -0.7869
vn 0.8221 -0.0000 0.5693
vn 0.7356 0.3166 -0.5989
vn 0.7869 0.4363 0.4363
vn 0.0007 -0.5556 0.8315
vn -0.0017 -0.8296 -0.5584
vn -0.2184 -0.7089 0.6706
vn -0.5930 -0.7629 -0.2577
vn -0.0000 0.5458 -0.8379
vn 0.5584 -0.0012 0.8296
vn -0.5679 0.8231 0.0042
vn 0.2144 0.7110 0.6697
vn 0.5706 0.7671 -0.2932
vn -0.8156 0.0006 0.5786
vn -0.7363 -0.2007 -0.6461
vn -0.7946 -0.4290 0.4297
vn 0.5612 0.2329 -0.7942
vn -0.0006 -0.5557 -0.8314
vn 0.4637 -0.4929 0.7362
vn 0.0036 -0.5660 0.8244
vn -0.9350 -0.3546 -0.0000
vn -0.9455 0.3256 -0.0000
vn -0.9341 0.0205 -0.3564
vn -0.8982 0.3768 0.2265
vn -0.3028 0.9510 0.0631
vn -0.6989 0.6558 -0.2854
vn 0.2495 0.9318 0.2638
vn 0.9318 0.2494 -0.2638
vn 0.5616 0.7876 -0.2534
vn 0.9511 -0.3025 -0.0630
vn 0.3771 -0.8981 -0.2264
vn 0.7168 -0.6003 -0.3547
vn 0.3256 -0.9455 -0.0000
vn -0.3547 -0.9350 -0.0000
vn -0.0000 -0.9458 -0.3247
vn -0.4391 -0.8984 -0.0000
vn -0.8984 -0.4392 -0.0000
vn -0.6686 -0.6686 -0.3256
vn -0.0001 -0.8225 -0.5687
vn -0.0001 0.8225 0.5687
vn 0.8225 0.5687 -0.0001
vn 0.8225 -0.5687 0.0001
vn -0.8660 -0.0320 0.4989
vn 0.0457 0.5400 0.8404
vn -0.5985 -0.1605 0.7849
vn -0.4404 0.7679 -0.4653
vn -0.2580 0.6875 -0.6788
vn -0.6797 0.3766 0.6294
vn -0.2613 -0.6787 0.6863
vn -0.4322 -0.4655 0.7723
vn -0.6791 0.6307 0.3755
vn 0.8412 -0.5408 -0.0000
vn 0.7245 0.6889 -0.0222
vn 0.9999 -0.0100 0.0014
vn -0.4989 -0.0507 0.8652
vn -0.6685 0.5247 0.5270
vn 0.8395 -0.0531 -0.5407
vn 0.7676 -0.6341 -0.0932
vn -0.0453 0.5403 0.8403
vn 0.8315 -0.0574 0.5525
vn 0.6044 -0.0901 0.7916
vn -0.1867 -0.6933 0.6961
vn -0.0000 0.0957 0.9954
vn -0.2425 0.5868 0.7726
vn 0.0330 0.5779 0.8154
vn 0.5596 0.7763 -0.2902
vn 0.6453 0.3873 0.6585
vn 0.5779 -0.0545 0.8143
vn -0.7214 0.0966 0.6857
vn -0.5643 -0.0252 0.8252
vn -0.6785 0.6265 -0.3836
vn -0.7277 -0.1405 -0.6713
vn -0.8880 -0.4456 -0.1133
vn 0.8755 -0.0540 0.4802
vn 0.6857 0.6739 -0.2750
vn -0.8398 -0.0515 -0.5405
vn -0.9999 -0.0103 0.0028
vn -0.8403 0.5403 -0.0451
vn -0.5525 -0.0573 0.8315
vn -0.7916 -0.0901 0.6044
vn -0.8146 -0.5410 -0.2091
vn -0.8413 0.1869 0.5072
vn -0.8209 0.2917 -0.4910
vn -0.8154 0.5780 0.0330
vn 0.2903 0.7763 0.5595
vn -0.6585 0.3873 0.6453
vn -0.6857 0.0966 -0.7214
vn -0.0000 0.2047 -0.9788
vn 0.6713 -0.1405 -0.7277
vn 0.2696 -0.3488 -0.8976
vn -0.0000 0.2047 0.9788
vn 0.2750 0.6739 0.6857
vn 0.3247 -0.1138 0.9389
vn -0.4483 0.3583 0.8189
vn 0.5405 -0.0513 -0.8398
vn -0.0028 -0.0104 -0.9999
vn 0.1985 -0.4494 -0.8710
vn -0.3996 -0.6061 -0.6877
vn -0.3638 0.4081 -0.8373
vn 0.5525 -0.0575 0.8315
vn 0.8403 0.5403 -0.0451
vn 0.7916 -0.0901 0.6044
vn 0.8146 -0.5410 -0.2091
vn 0.8209 0.4883 -0.2960
vn -0.2902 0.7763 0.5596
vn -0.4841 0.7748 0.4065
vn 0.6586 0.3873 0.6452
vn 0.7441 -0.6167 0.2571
vn -0.0207 0.6845 -0.7287
vn 0.0028 -0.0104 -0.9999
vn 0.4952 0.4485 0.7440
vn -0.0933 -0.4323 0.8969
vn -0.3247 -0.1138 0.9390
vn 0.4483 0.3593 0.8185
vn 0.8318 -0.0530 0.5525
vn -0.5405 -0.0513 -0.8398
vn -0.0151 -0.6327 -0.7743
vn 0.0460 0.5400 0.8404
vn -0.6686 0.5247 0.5270
vn 0.8395 -0.0534 -0.5407
vn 0.9858 0.1679 -0.0089
vn 0.1679 0.9858 0.0089
vn 0.8588 0.3048 0.4119
vn -0.9749 -0.2223 0.0112
vn -0.2222 -0.9749 -0.0112
vn -0.6158 -0.6139 0.4939
vn -0.2970 0.9545 0.0252
vn -0.6371 0.5239 -0.5654
vn -0.8878 0.2415 0.3917
vn 0.5239 -0.6371 0.5654
vn 0.9545 -0.2970 -0.0252
vn 0.5727 -0.6549 0.4931
vn 0.9986 0.0373 0.0373
vn 0.4653 -0.7294 -0.5014
vn 0.4305 -0.7698 0.4712
vn -0.3908 -0.1468 0.9087
vn -0.9986 0.0374 0.0373
vn -0.3766 0.2491 0.8923
vn -0.3755 0.7719 -0.5129
vn -0.9995 0.0234 -0.0234
vn -0.3757 0.4915 -0.7857
vn 0.9995 0.0234 -0.0234
vn 0.4303 -0.8859 0.1731
vn 0.4308 -0.1981 0.8805
vn 0.1676 -0.4302 -0.8870
vn 0.8842 -0.4305 -0.1814
vn -0.5176 0.3755 0.7688
vn -0.7766 0.3756 0.5059
vn -0.6241 0.1551 0.7658
vn -0.6244 -0.1621 0.7641
vn -0.4767 -0.4813 0.7356
vn 0.0270 -0.9773 0.2102
vn 0.9760 -0.0648 -0.2081
vn 0.7551 -0.3580 0.5492
vn -0.0236 0.9774 0.2102
vn -0.5193 0.5218 -0.6768
vn -0.7566 0.3675 0.5408
vn -0.5117 -0.4847 -0.7094
vn 0.5119 0.4829 -0.7105
vn -0.2386 0.5690 -0.7869
vn 0.7356 -0.2081 -0.6447
vn 0.7869 -0.5492 0.2812
vn 0.5584 0.0012 0.8296
vn -0.2117 0.7090 0.6727
vn -0.0017 0.8296 -0.5584
vn -0.0666 0.7640 -0.6418
vn 0.0008 -0.5458 -0.8379
vn 0.2085 -0.7110 0.6716
vn -0.5679 -0.8231 -0.0000
vn 0.5877 -0.7672 -0.2571
vn -0.7367 0.6762 -0.0000
vn -0.8156 -0.0006 0.5786
vn -0.7947 0.5401 0.2771
vn 0.2349 -0.5604 -0.7942
vn 0.0034 0.5557 -0.8314
vn -0.4797 -0.4774 0.7362
vn -0.0006 0.5660 0.8244
vn 0.5630 0.8140 0.1431
vn -0.3847 0.7882 -0.4803
vn -0.2028 0.8047 0.5579
vn 0.7827 -0.5775 0.2320
vn 0.7860 0.3863 -0.4827
vn 0.8013 0.2180 0.5572
vn -0.5534 -0.7983 0.2375
vn 0.4487 -0.7841 -0.4288
vn 0.5305 -0.8411 0.1052
vn -0.2259 0.5658 -0.7930
vn 0.7726 -0.1150 -0.6244
vn 0.7060 -0.0133 -0.7081
vn -0.5712 -0.2126 -0.7928
vn 0.0132 0.7056 -0.7085
vn 0.2877 -0.4730 -0.8328
vn 0.5581 0.5904 -0.5830
vn 0.4525 -0.7861 0.4211
vn -0.4858 -0.7959 -0.3612
vn 0.5579 -0.8013 -0.2162
vn 0.2308 0.5777 0.7829
vn -0.4812 -0.3844 0.7879
vn 0.5574 -0.2160 0.8016
vn -0.4930 0.8002 0.3415
vn 0.2280 0.7850 -0.5759
vn -0.3663 0.8149 -0.4492
vn -0.7929 0.4119 0.4491
vn -0.7070 0.2161 0.6734
vn -0.7070 -0.0135 -0.7071
vn -0.7926 0.2191 -0.5690
vn -0.7070 0.6734 -0.2161
vn 0.2874 -0.6407 -0.7120
vn -0.1459 0.6863 -0.7126
vn 0.6476 0.2942 -0.7029
vn 0.6099 0.3531 0.7094
vn -0.2122 -0.6371 0.7410
vn 0.0014 -0.7141 0.7000
vn -0.7936 -0.0000 0.6085
vn -0.7070 -0.0070 0.7072
vn -0.7930 -0.5685 -0.2188
vn 0.7075 -0.7067 -0.0066
vn -0.1458 -0.7130 -0.6858
vn 0.6476 -0.7029 -0.2942
vn 0.2874 0.7120 -0.6407
vn -0.2126 0.7399 0.6382
vn 0.3605 0.7003 0.6162
vn 0.7936 0.3739 -0.4800
vn 0.7349 0.3884 -0.5560
vn 0.7070 -0.4157 -0.5721
vn 0.8107 -0.4166 0.4114
vn 0.7075 -0.5717 0.4155
vn 0.7360 0.5550 0.3877
vn 0.7137 0.6752 -0.1864
vn 0.5881 -0.6360 0.4996
vn 0.7011 -0.7131 -0.0012
vn -0.0066 -0.7077 -0.7064
vn -0.3522 -0.7110 0.6086
vn -0.7131 -0.7011 -0.0012
vn -0.6752 0.7137 -0.1865
vn 0.0898 0.6248 0.7756
vn 0.1934 0.7050 -0.6823
vn -0.7077 0.0066 -0.7064
vn -0.7106 0.3524 0.6089
vn -0.7050 0.1934 -0.6823
vn -0.3846 0.4742 0.7920
vn -0.0070 -0.7061 0.7081
vn 0.5101 0.4883 0.7081
vn 0.4240 0.4394 0.7919
vn 0.4884 -0.5100 0.7081
vn 0.6098 0.0001 0.7926
vn 0.7061 -0.0070 0.7081
vn -0.4738 -0.3844 0.7923
vn 0.7935 -0.4698 -0.3870
vn 0.5031 -0.5715 0.6483
vn 0.9615 0.0746 -0.2645
vn 0.8711 -0.4811 0.0991
vn -0.6253 -0.6866 -0.3709
vn -0.5219 -0.8509 0.0591
vn -0.4561 0.6593 -0.5978
vn 0.0933 0.3170 0.9438
vn 0.9275 -0.3736 0.0108
vn 0.8693 0.4889 -0.0732
vn -0.7788 0.4910 -0.3904
vn -0.5794 -0.6725 -0.4606
vn -0.9043 0.3723 0.2089
vn 0.1938 -0.7824 -0.5918
vn 0.3019 -0.6809 -0.6673
vn -0.5876 -0.7950 0.1505
vn -0.9495 -0.2592 -0.1769
vn -0.4154 0.6213 -0.6644
vn -0.0525 -0.4263 -0.9031
vn 0.6039 0.6525 -0.4578
vn 0.1368 0.7850 -0.6042
vn -0.5998 0.8001 0.0118
vn 0.2934 0.6019 0.7427
vn 0.7843 -0.4443 0.4331
vn 0.7487 0.4701 0.4674
vn 0.4402 -0.8088 -0.3900
vn 0.8084 0.3394 -0.4808
vn 0.7894 0.1503 -0.5952
vn 0.8469 0.5126 0.1414
vn -0.4783 0.8620 0.1678
vn -0.6762 0.7264 -0.1230
vn -0.8286 0.1678 -0.5340
vn -0.8596 0.1000 0.5010
vn -0.6394 -0.6929 0.3333
vn -0.4399 -0.4352 0.7856
vn -0.3439 -0.0094 0.9390
vn -0.7102 0.6726 0.2079
vn -0.8992 -0.4352 0.0456
vn -0.9745 0.0388 -0.2210
vn -0.9186 0.3948 0.0163
vn -0.9984 0.0016 0.0560
vn -0.2480 0.6948 -0.6750
vn -0.3628 -0.7069 -0.6072
vn 0.5140 0.7022 -0.4926
vn -0.7442 0.4815 0.4630
vn 0.6965 0.7175 -0.0043
vn 0.6897 0.5908 0.4185
vn -0.1638 -0.6701 0.7239
vn 0.7225 -0.5732 0.3867
vn -0.2935 -0.5267 0.7978
vn 0.5915 -0.7094 -0.3832
vn 0.7016 -0.7112 0.0445
vn 0.0605 -0.8779 0.4750
vn -0.4877 -0.7766 -0.3989
vn 0.1812 -0.9736 -0.1390
vn -0.1306 -0.7792 -0.6130
vn -0.3820 -0.8756 -0.2956
vn 0.0386 -0.7821 -0.6220
vn -0.7407 0.1361 -0.6579
vn -0.6117 0.6189 -0.4927
vn -0.3980 -0.3656 -0.8414
vn -0.3796 0.8751 -0.3002
vn -0.2820 0.7816 -0.5564
vn 0.0381 0.7827 -0.6212
vn 0.8189 -0.2108 0.5338
vn 0.9472 -0.3199 -0.0218
vn 0.8981 0.4341 0.0703
vn -0.9780 0.0395 0.2049
vn -0.7949 0.4378 0.4201
vn -0.6920 -0.5344 0.4853
vn -0.9718 0.0822 0.2210
vn 0.0854 0.0719 0.9937
vn -0.1172 -0.4909 0.8633
vn -0.4485 0.6981 0.5581
vn -0.5719 0.6957 -0.4346
vn -0.4837 0.4670 0.7402
vn 0.6983 0.7129 0.0646
vn 0.9373 0.3240 -0.1280
vn -0.0482 0.0008 0.9988
vn 0.7983 -0.5975 0.0760
vn 0.7224 -0.5068 0.4704
vn 0.3768 -0.7051 -0.6007
vn 0.6377 -0.7112 -0.2961
vn -0.8736 0.0018 0.4866
vn -0.1898 0.0507 -0.9805
vn -0.5812 -0.7113 -0.3954
vn 0.3529 -0.8893 0.2908
vn -0.7417 -0.1372 -0.6565
vn -0.3767 -0.4467 -0.8115
vn -0.3735 0.4541 -0.8089
vn -0.3574 -0.7887 -0.5001
vn -0.0235 -0.8109 -0.5848
vn -0.4500 -0.8140 0.3673
vn 0.7866 -0.3581 -0.5031
vn 0.7869 0.3854 0.4819
vn 0.8074 -0.5871 0.0588
vn 0.4258 0.7847 -0.4505
vn -0.0511 0.7917 0.6088
vn 0.5305 0.8411 0.1052
vn 0.8402 0.0323 -0.5413
vn -0.5942 -0.1345 -0.7930
vn -0.7061 0.0070 -0.7081
vn -0.3873 0.4706 -0.7928
vn 0.6856 0.1671 -0.7085
vn -0.7019 -0.0731 -0.7085
vn 0.8116 -0.3257 -0.4850
vn 0.4920 0.8296 0.2640
vn 0.7133 -0.6395 -0.2869
vn 0.7054 0.1528 -0.6921
vn -0.6274 0.7135 0.3118
vn 0.6850 0.7138 -0.1458
vn -0.1528 0.7054 -0.6921
vn 0.4411 -0.5446 0.7133
vn -0.6395 -0.7133 -0.2869
vn 0.2937 -0.7041 -0.6465
vn -0.7141 -0.7000 0.0010
vn -0.7138 0.6850 -0.1458
vn -0.7041 -0.2937 -0.6465
vn -0.5708 -0.4157 0.7081
vn -0.3572 -0.4952 0.7919
vn 0.6724 -0.2156 0.7081
vn 0.4462 -0.4168 0.7919
vn 0.2156 0.6724 0.7081
vn 0.5841 0.1752 0.7926
vn -0.4157 0.5708 0.7081
vn -0.4942 0.3578 0.7923
vn -0.2152 -0.4873 -0.8463
vn -0.8276 0.1486 -0.5413
vn 0.8107 0.2184 -0.5433
vn -0.3761 0.4477 -0.8113
vn -0.3841 -0.4373 -0.8132
vn 0.7156 0.4656 -0.5207
vn -0.5675 -0.3362 0.7516
vn -0.7882 0.5881 -0.1812
vn -0.8109 -0.4281 -0.3990
vn -0.1403 0.8632 -0.4850
vn -0.5088 0.7955 -0.3291
vn 0.5841 0.7920 0.1776
vn 0.3671 0.8060 -0.4644
vn -0.5047 0.3516 0.7885
vn 0.4819 -0.3852 0.7870
vn 0.3668 0.4640 0.8063
vn 0.4792 -0.7895 -0.3834
vn -0.5786 -0.8075 0.1148
vn -0.3339 -0.8157 -0.4724
vn -0.7070 -0.1481 0.6915
vn -0.7929 -0.1692 0.5854
vn -0.7070 0.0070 0.7072
vn -0.7070 -0.6915 -0.1481
vn -0.7926 -0.4734 -0.3843
vn -0.1909 -0.6753 -0.7124
vn 0.3087 0.6308 -0.7119
vn 0.6378 -0.3155 -0.7027
vn -0.2539 0.6218 0.7409
vn 0.0011 -0.7013 0.7129
vn 0.6934 0.1530 0.7042
vn -0.7936 0.1748 0.5828
vn -0.7070 0.5721 -0.4157
vn -0.7930 0.3840 -0.4729
vn -0.1908 0.7129 -0.6749
vn 0.1459 0.7126 0.6863
vn 0.6378 0.7027 -0.3155
vn -0.2543 -0.7397 0.6230
vn 0.3087 -0.7119 -0.6308
vn 0.7086 -0.7056 0.0084
vn 0.7349 -0.2723 -0.6211
vn 0.7936 -0.3414 -0.5037
vn 0.7070 0.5195 -0.4799
vn 0.7075 0.4796 0.5191
vn 0.8107 0.1495 0.5661
vn 0.7360 -0.6200 0.2718
vn 0.7935 0.4945 -0.3549
vn 0.7813 -0.5098 0.3602
vn 0.8098 -0.5160 -0.2792
vn 0.7873 0.4979 0.3637
vn -0.0784 -0.4451 -0.8920
vn 0.1797 0.5854 -0.7906
vn 0.1450 -0.5615 -0.8147
vn -0.3080 0.7671 -0.5628
vn -0.5403 0.8066 0.2400
vn 0.8468 -0.2109 0.4884
vn 0.4889 0.5241 0.6973
vn 0.8466 0.2118 0.4883
vn -0.2956 -0.7524 -0.5887
vn -0.3986 -0.8919 -0.2138
vn -0.5227 -0.8460 0.1049
vn -0.9302 0.1409 -0.3390
vn -0.5200 0.3101 -0.7958
vn -0.9314 -0.1391 -0.3363
vn -0.5902 0.8073 0.0001
vn 0.5902 0.8073 -0.0002
vn -0.0052 0.8114 -0.5845
vn 0.8072 0.5902 0.0001
vn 0.8072 -0.5902 -0.0001
vn 0.8114 0.0053 -0.5845
vn 0.5902 -0.8073 0.0002
vn -0.5902 -0.8073 -0.0001
vn 0.0052 -0.8114 -0.5845
vn -0.8073 -0.5902 0.0001
vn -0.8072 0.5902 -0.0001
vn -0.8114 -0.0053 -0.5845
vn 0.0002 0.8093 0.5874
vn -0.0002 0.8093 -0.5874
vn -0.5816 0.8134 0.0049
vn 0.0002 0.5874 -0.8093
vn -0.0002 -0.5874 -0.8093
vn -0.5816 0.0049 -0.8134
vn 0.0002 -0.8093 -0.5874
vn -0.0002 -0.8093 0.5874
vn -0.5816 -0.8134 -0.0049
vn 0.0002 -0.5874 0.8093
vn -0.0002 0.5874 0.8093
vn -0.5816 -0.0049 0.8134
vn -0.9080 -0.4190 0.0002
vn -0.5309 -0.2209 -0.8181
vn -0.9079 0.4191 -0.0000
vn 0.4723 0.8671 0.1583
vn 0.1330 -0.6052 -0.7849
vn 0.4722 0.1526 -0.8682
vn 0.5972 -0.2447 -0.7639
vn -0.8840 -0.4498 0.1273
vn -0.7648 -0.2229 0.6045
vn -0.8840 -0.4498 -0.1276
vn 0.3430 0.5420 0.7672
vn 0.4722 0.1527 0.8682
vn 0.5150 -0.0863 0.8528
vn 0.9481 0.3072 -0.0826
vn 0.5596 0.7843 -0.2678
vn 0.9476 0.3085 0.0831
vn -0.5527 -0.1773 -0.8143
vn 0.5649 0.8078 0.1686
vn 0.9050 -0.0476 -0.4228
vn 0.6834 0.6288 -0.3708
vn 0.8449 -0.4097 0.3439
vn 0.7810 -0.0621 -0.6215
vn -0.8128 -0.2134 0.5420
vn -0.6521 0.4609 -0.6020
vn -0.8191 0.0209 -0.5732
vn -0.6550 0.6487 0.3876
vn -0.7317 -0.5274 -0.4319
vn -0.5699 -0.0122 0.8216
vn 0.6214 0.2859 0.7294
vn 0.6653 -0.4132 -0.6218
vn 0.6327 0.3628 -0.6842
vn 0.9831 0.1794 -0.0353
vn 0.1843 0.9759 0.1168
vn 0.8610 0.3052 0.4069
vn 0.0496 0.5925 -0.8041
vn -0.2307 -0.5305 -0.8157
vn -0.1420 -0.5423 -0.8281
vn 0.6026 0.0561 0.7961
vn -0.4767 -0.2935 0.8286
vn -0.5479 -0.0403 0.8356
vn -0.5178 0.6504 0.5558
vn -0.6072 0.5784 -0.5448
vn -0.7028 0.4577 0.5446
vn -0.5929 0.0436 -0.8041
vn 0.4905 0.2715 -0.8281
vn -0.1637 -0.5549 -0.8157
vn -0.0500 0.6031 0.7961
vn -0.3766 -0.3999 0.8356
vn 0.5583 0.0403 0.8287
vn 0.2007 0.5922 -0.7804
vn 0.5989 0.1592 0.7848
vn -0.8478 -0.4595 -0.2649
vn -0.7725 0.2142 0.5978
vn -0.7618 0.6264 -0.1652
vn 0.1626 -0.7846 -0.5983
vn -0.0447 -0.8047 0.5920
vn -0.6067 -0.7932 -0.0519
vn -0.5939 -0.1937 -0.7808
vn -0.2006 0.5922 -0.7804
vn -0.5989 0.1594 0.7848
vn 0.8412 -0.3134 -0.4407
vn 0.7725 0.2142 0.5978
vn 0.8383 -0.0767 0.5397
vn -0.1629 -0.7846 -0.5983
vn 0.5935 -0.8033 0.0488
vn -0.6010 -0.7808 0.1710
vn 0.4013 -0.4437 -0.8013
vn 0.5939 -0.1937 -0.7808
vn -0.6663 0.0003 0.7457
vn -0.0372 0.8787 0.4759
vn -0.0621 0.6047 0.7940
vn -0.6757 0.3887 -0.6264
vn -0.4436 0.4014 -0.8013
vn 0.6607 0.0004 -0.7506
vn 0.7964 -0.0000 -0.6047
vn 0.8233 0.4013 0.4014
vn -0.9831 -0.1794 -0.0354
vn -0.1844 -0.9759 0.1168
vn -0.8612 -0.3049 0.4067
vn -0.0494 -0.5925 -0.8041
vn 0.2314 0.5302 -0.8157
vn 0.1420 0.5423 -0.8281
vn -0.6026 -0.0561 0.7961
vn 0.4767 0.2935 0.8286
vn 0.5479 0.0404 0.8356
vn -0.0368 0.6085 -0.7927
vn 0.6756 0.3888 -0.6264
vn 0.6097 -0.0005 -0.7926
vn 0.2006 -0.5922 -0.7804
vn -0.5938 0.1939 -0.7809
vn 0.8346 0.2655 -0.4826
vn -0.3608 -0.3808 -0.8514
vn -0.1490 0.5990 -0.7868
vn 0.1319 -0.5579 0.8193
vn 0.8226 0.2575 0.5070
vn -0.4517 0.0531 0.8906
vn -0.8084 0.5605 -0.1800
vn -0.1985 0.6031 0.7726
vn 0.4987 0.8568 -0.1313
vn 0.5876 0.7682 0.2542
vn 0.6898 -0.4339 0.5796
vn 0.9879 0.1342 -0.0783
vn 0.9109 -0.3817 0.1569
vn 0.2693 -0.7616 -0.5894
vn 0.1965 -0.6084 -0.7690
vn 0.7159 -0.3492 0.6046
vn 0.0267 -0.9526 0.3032
vn 0.8608 -0.3128 -0.4016
vn 0.3069 0.7943 -0.5243
vn 0.6100 0.3832 -0.6936
vn 0.7150 0.0487 -0.6974
vn -0.0401 -0.9947 0.0946
vn -0.9222 0.0027 0.3867
vn -0.7220 -0.5727 -0.3884
vn -0.9541 0.0466 0.2957
vn -0.1254 0.9849 0.1195
vn -0.8656 0.3008 -0.4003
vn 0.5750 -0.4368 -0.6918
vn 0.5556 -0.6025 -0.5729
vn 0.6300 0.1020 -0.7699
vn 0.0086 0.9078 0.4193
vn 0.5980 0.2678 0.7554
vn 0.9216 0.3262 -0.2104
vn 0.5838 -0.3133 -0.7491
vn -0.1611 -0.5571 -0.8147
vn -0.0233 0.7481 -0.6632
vn 0.8241 -0.4313 -0.3673
vn 0.6226 -0.4080 0.6678
vn -0.0418 -0.9968 0.0687
vn -0.0894 -0.8955 0.4361
vn -0.6469 -0.2211 0.7298
vn -0.8373 -0.4111 -0.3605
vn -0.1477 -0.4409 0.8853
vn -0.9724 0.0039 0.2334
vn -0.4562 -0.5393 0.7078
vn -0.5408 0.5888 0.6007
vn 0.4010 0.3494 0.8468
vn 0.0902 -0.1717 0.9810
vn 0.9127 -0.0788 0.4010
vn -0.0289 -0.3263 0.9448
vn 0.8036 -0.4073 0.4340
vn 0.7697 -0.1546 -0.6194
vn -0.4106 0.4080 -0.8155
vn 0.4992 0.3041 -0.8114
vn 0.2591 0.8422 -0.4728
vn -0.6806 0.6803 0.2719
vn 0.0173 0.7812 0.6241
vn -0.1217 0.5685 0.8136
vn 0.1796 -0.6007 0.7790
vn 0.5483 -0.0346 0.8356
vn 0.3951 0.8416 0.3683
vn 0.1873 0.9477 0.2583
vn 0.5111 0.4876 0.7079
vn 0.6011 0.7112 -0.3646
vn -0.7912 0.5957 0.1384
vn 0.1481 0.6124 0.7765
vn 0.3581 -0.8235 0.4400
vn -0.1434 -0.7701 -0.6216
vn -0.0023 -0.8159 -0.5781
vn 0.4333 -0.6433 0.6312
vn 0.3862 -0.8075 -0.4458
vn 0.8487 -0.4432 -0.2887
vn 0.1020 -0.5730 0.8132
vn 0.6996 -0.5304 0.4788
vn 0.9463 0.1622 0.2796
vn 0.4260 0.8582 -0.2865
vn -0.5841 0.7831 0.2132
vn 0.2786 0.7040 0.6533
vn 0.6858 0.6981 -0.2059
vn -0.7403 0.6063 0.2905
vn 0.6669 0.6487 0.3666
vn -0.0728 0.2617 0.9624
vn -0.6977 0.5129 0.5002
vn -0.9498 -0.1157 0.2908
vn -0.6205 -0.7335 0.2773
vn 0.4663 -0.8456 -0.2600
vn 0.2231 -0.7636 0.6059
vn -0.1119 -0.2411 0.9640
vn 0.4453 -0.7680 0.4604
vn 0.4274 -0.3778 0.8213
vn -0.7716 -0.6356 0.0249
vn 0.4688 -0.7366 -0.4875
vn 0.7102 -0.5582 0.4290
vn -0.0183 0.7717 -0.6358
vn 0.3611 -0.6683 -0.6504
vn -0.2818 -0.7414 -0.6090
vn 0.0801 0.6133 0.7858
vn -0.0243 -0.6142 0.7888
vn 0.3599 -0.2777 0.8907
vn -0.7970 -0.4756 0.3723
vn 0.1272 0.5390 0.8326
vn 0.8481 0.4097 0.3361
vn 0.6702 -0.5573 -0.4901
vn 0.8448 0.5032 -0.1822
vn -0.6620 -0.4267 -0.6162
vn -0.8538 0.4768 0.2087
vn -0.8417 0.4760 -0.2548
vn -0.7287 0.4891 -0.4794
vn -0.6582 -0.3632 0.6594
vn -0.5685 0.4257 0.7039
vn 0.6668 0.4092 -0.6228
vn 0.6217 -0.2871 0.7287
vn 0.6307 -0.3681 -0.6832
vn 0.0235 0.9531 0.3018
vn 0.7163 0.3487 0.6044
vn 0.7630 0.4303 -0.4823
vn 0.6100 -0.3833 -0.6936
vn 0.3288 -0.7860 -0.5236
vn 0.5446 0.3492 -0.7625
vn -0.9222 -0.0027 0.3867
vn -0.0581 0.8680 0.4931
vn -0.8169 0.4568 -0.3522
vn -0.1247 -0.9812 0.1474
vn -0.9542 -0.0466 0.2957
vn -0.7635 -0.4236 -0.4875
vn 0.5423 0.6153 -0.5721
vn 0.5750 0.4368 -0.6918
vn 0.6191 -0.1345 -0.7737
vn 0.5976 -0.2682 0.7556
vn 0.0109 -0.9071 0.4208
vn 0.8982 -0.3632 -0.2477
vn -0.4376 -0.6934 -0.5724
vn 0.2383 -0.8041 -0.5446
vn -0.6655 0.0903 -0.7409
vn 0.7294 0.6032 -0.3226
vn -0.0971 0.9530 0.2869
vn 0.4980 0.3211 0.8055
vn -0.9964 -0.0130 0.0842
vn -0.1466 0.9554 0.2565
vn -0.8721 0.2665 -0.4103
vn -0.5079 0.2456 0.8256
vn -0.0099 -0.0031 0.9999
vn 0.7749 -0.1203 0.6205
vn -0.3972 -0.6961 0.5981
vn 0.4503 0.3595 0.8173
vn -0.0000 -0.3888 0.9213
vn -0.5300 0.1919 0.8260
vn -0.3507 0.4325 0.8306
vn -0.5848 -0.1819 0.7905
vn 0.5965 0.2516 0.7622
vn 0.7120 0.0675 0.6989
vn -0.8918 -0.0967 -0.4421
vn -0.0251 -0.9759 0.2168
vn -0.5369 -0.5369 0.6508
vn 0.9762 0.0881 -0.1984
vn 0.0679 0.9760 0.2070
vn 0.8658 0.2705 0.4210
vn -0.5035 0.4955 -0.7078
vn 0.4812 -0.4729 -0.7381
vn -0.4602 0.4602 -0.7593
vn -0.8218 0.5698 -0.0011
vn -0.6994 -0.4413 -0.5622
vn -0.7600 -0.6500 -0.0000
vn 0.5622 -0.0001 0.8270
vn 0.0066 -0.5677 0.8232
vn -0.5706 0.8212 0.0087
vn 0.2043 0.7389 0.6421
vn 0.5527 0.7925 -0.2577
vn 0.5689 -0.0011 -0.8224
vn -0.0020 -0.5572 -0.8304
vn 0.5682 -0.8229 0.0059
vn -0.2146 -0.7085 0.6723
vn -0.5738 -0.7639 -0.2952
vn -0.5498 -0.2283 -0.8035
vn 0.0009 0.5567 -0.8307
vn -0.4567 0.4744 0.7525
vn -0.0051 0.5657 0.8246
vn 0.8233 0.0013 0.5676
vn 0.7522 0.1996 -0.6279
vn 0.8028 0.4223 0.4209
vn 0.5942 0.0010 -0.8043
vn -0.5942 -0.0010 -0.8043
vn -0.0115 0.5818 -0.8133
vn 0.8043 0.0010 0.5942
vn 0.8043 -0.0010 -0.5942
vn 0.8133 0.5818 -0.0115
vn -0.5942 0.0010 0.8043
vn 0.5942 -0.0010 0.8043
vn 0.0115 0.5818 0.8133
vn -0.8043 0.0010 -0.5942
vn -0.8043 -0.0010 0.5942
vn -0.8133 0.5818 0.0115
vn 0.7813 0.5097 0.3603
vn 0.8098 0.5819 -0.0751
vn 0.7873 -0.4979 0.3637
vn 0.0031 -0.6157 -0.7879
vn -0.0783 0.4451 -0.8920
vn 0.3930 0.4295 -0.8131
vn -0.4881 -0.3530 -0.7982
vn -0.2152 0.4874 -0.8463
vn 0.6070 -0.4685 -0.6419
vn -0.1978 -0.5171 -0.8328
vn -0.8117 0.0346 -0.5830
vn 0.7154 -0.4659 -0.5208
vn -0.7858 -0.6184 -0.0045
vn -0.5286 -0.2493 0.8114
vn -0.8104 0.4061 -0.4223
vn 0.4368 0.2323 -0.8690
vn -0.7094 0.3270 -0.6244
vn -0.1626 -0.5987 0.7843
vn 0.5135 0.8581 -0.0006
vn -0.2065 0.7730 0.5999
vn 0.5045 0.8428 0.1876
vn 0.7843 -0.1669 -0.5976
vn 0.8041 0.5930 0.0431
vn 0.7808 -0.6015 0.1688
vn -0.0010 -0.6667 0.7453
vn 0.6056 -0.0643 0.7932
vn 0.0023 0.7958 -0.6056
vn 0.4014 0.8233 0.4013
vn 0.1626 -0.5987 0.7843
vn 0.2065 0.7730 0.5999
vn -0.0057 0.8359 -0.5489
vn -0.3668 0.8366 0.4068
vn -0.7843 -0.1669 -0.5976
vn -0.8041 0.0483 0.5926
vn -0.7961 0.6028 -0.0537
vn 0.8798 0.0329 0.4742
vn 0.6056 0.0620 0.7933
vn -0.0000 -0.7959 -0.6055
vn 0.5664 -0.8233 -0.0366
vn 0.0623 0.6047 0.7940
vn -0.7964 -0.0001 -0.6047
vn -0.6607 0.0004 -0.7506
vn -0.8233 0.5676 -0.0011
vn 0.5989 -0.1594 0.7848
vn -0.8412 0.3134 -0.4407
vn -0.7725 -0.2141 0.5979
vn -0.8384 0.0766 0.5397
vn 0.1628 0.7845 -0.5983
vn -0.5937 0.8032 0.0486
vn 0.6007 0.7810 0.1708
vn -0.1626 0.5987 0.7843
vn -0.2068 -0.7729 0.5999
vn 0.0057 -0.8359 -0.5488
vn 0.3662 -0.8368 0.4071
vn 0.7843 0.1667 -0.5976
vn 0.8041 -0.0482 0.5926
vn 0.7961 -0.6028 -0.0537
vn -0.3252 0.8232 -0.4655
vn -0.4984 -0.5222 0.6921
vn 0.2057 -0.8052 -0.5562
vn 0.9949 -0.0999 0.0127
vn -0.8664 -0.4989 0.0232
vn -0.4609 -0.8263 0.3237
vn 0.3262 -0.8228 0.4654
vn 0.9946 0.1032 0.0094
vn -0.2390 -0.8242 -0.5134
vn -0.9590 -0.2341 -0.1601
vn -0.2397 0.8237 -0.5140
vn 0.9583 0.2351 0.1626
vn 0.8528 0.4309 0.2951
vn -0.9579 0.2371 -0.1621
vn -0.3527 0.8192 0.4522
vn 0.9584 -0.2371 0.1589
vn -0.8277 -0.5611 -0.0000
vn 0.9930 -0.1183 0.0024
vn -0.0997 -0.9946 0.0296
vn 0.1176 0.8254 -0.5521
vn 0.6721 0.7405 -0.0000
vn -0.0001 0.7959 0.6054
vn -0.9946 -0.1036 -0.0024
vn 0.0859 -0.9960 -0.0260
vn -0.1058 0.8222 0.5592
vn -0.6099 -0.0545 0.7906
vn 0.9930 -0.1182 0.0024
vn -0.0000 0.7959 0.6054
vn -0.9946 -0.1037 -0.0024
vn -0.0000 -0.5639 -0.8258
vn -0.0009 -0.1182 0.9930
vn -0.0114 -0.9946 -0.1036
vn 0.5202 0.8461 0.1158
vn -0.7906 -0.0545 -0.6099
vn -0.9458 0.0002 0.3247
vn -0.6005 -0.7167 0.3546
vn 0.7877 -0.5616 0.2533
vn 0.6560 0.6987 0.2855
vn 0.0205 0.9341 0.3565
vn -0.6686 0.6686 0.3256
vn -0.0000 0.5639 -0.8258
vn 0.5204 -0.8461 0.1157
vn -0.0115 0.9946 -0.1036
vn -0.0009 0.1182 0.9930
vn -0.0020 -0.7405 0.6721
vn -0.6068 -0.7949 -0.0000
vn -0.5233 -0.8459 -0.1034
vn 0.0101 0.9960 0.0893
vn 0.0009 0.1036 -0.9946
vn -0.7906 0.0524 -0.6101
vn -0.0000 -0.5871 0.8095
vn 0.8095 -0.5871 -0.0000
vn -0.0000 -0.5871 -0.8095
vn -0.8095 -0.5871 -0.0000
vn 0.6238 -0.7816 0.0046
vn 0.7894 0.5920 -0.1623
vn 0.7894 0.4327 0.4354
vn -0.0000 -0.7779 -0.6284
vn -0.7816 0.0037 0.6237
vn -0.0000 -0.0018 1.0000
vn -0.4584 0.7239 -0.5156
vn -0.8518 -0.3678 0.3730
vn -0.8530 -0.2146 0.4758
vn 0.0551 -0.0551 0.9970
vn -0.7989 -0.0515 0.5993
vn 0.4842 -0.8749 -0.0025
vn -0.8907 -0.4546 -0.0020
vn -0.4539 -0.0328 0.8904
vn 0.7859 -0.6183 -0.0013
vn 0.0018 0.8212 0.5707
vn -0.7989 -0.0516 0.5992
vn 0.4840 -0.8750 -0.0025
vn -0.8907 -0.4546 -0.0021
vn -0.4540 -0.0327 0.8904
vn 0.7859 -0.6183 -0.0011
vn 0.4842 -0.8749 -0.0023
vn 0.7859 -0.6183 -0.0012
vn 0.2466 0.9691 0.0002
vn -0.6460 -0.7633 -0.0021
vn 0.7547 -0.6554 -0.0291
vn -0.6386 0.5212 0.5661
vn 0.7400 0.6726 -0.0000
vn 0.9619 -0.2733 -0.0000
vn 0.3882 0.3528 -0.8514
vn -0.2304 -0.9731 -0.0000
vn -0.6358 -0.7718 -0.0021
vn 0.7627 -0.6459 -0.0332
vn -0.6494 0.5166 0.5580
vn 0.7359 0.6771 -0.0000
vn 0.5916 0.5443 0.5947
vn 0.8700 -0.1899 0.4551
vn -0.5627 -0.0000 -0.8267
vn 0.8372 0.5344 0.1165
vn -0.9946 -0.0196 -0.1019
vn -0.1182 -0.0016 0.9930
vn 0.7405 -0.0022 0.6721
vn 0.7953 -0.6062 -0.0000
vn 0.8357 -0.5392 -0.1044
vn -0.9960 0.0171 0.0878
vn -0.1036 0.0016 -0.9946
vn -0.0523 -0.7906 -0.6101
vn 0.8370 0.5347 0.1165
vn -0.0621 -0.7906 -0.6092
vn 0.6794 0.5110 0.5265
vn -0.1844 0.7761 0.6030
vn 0.0717 -0.8289 0.5548
vn -0.6948 -0.0634 0.7164
vn -0.7209 -0.3361 -0.6060
vn 0.0785 -0.5825 -0.8090
vn 0.0476 -0.7526 -0.6568
vn 0.0937 0.8021 -0.5898
vn -0.7980 -0.6024 -0.0166
vn 0.3435 -0.8134 -0.4694
vn 0.1142 -0.7402 0.6626
vn 0.7755 0.0045 -0.6314
vn 0.7747 0.6104 -0.1650
vn 0.6122 0.4676 0.6376
vn -0.4409 0.4044 0.8013
vn 0.1016 0.4391 -0.8927
vn 0.0120 0.6411 0.7673
vn -0.0075 0.7816 -0.6237
vn -0.2433 0.8156 -0.5249
vn 0.9800 0.1653 0.1108
vn 0.7143 -0.0903 -0.6940
vn 0.2581 0.8926 0.3697
vn 0.9714 -0.0887 0.2204
vn -0.8931 -0.0781 -0.4430
vn -0.7903 -0.4576 0.4074
vn 0.0038 -0.9131 -0.4076
vn 0.7543 -0.6177 -0.2226
vn -0.0594 0.9701 -0.2352
vn 0.6173 0.7543 -0.2236
vn 0.9714 0.0887 0.2203
vn -0.8931 0.0781 -0.4430
vn -0.7900 0.4582 0.4074
vn 0.0038 0.9131 -0.4076
vn 0.7543 0.6176 -0.2226
vn -0.0594 -0.9702 -0.2351
vn 0.6173 -0.7543 -0.2237
vn 0.8669 -0.0003 -0.4986
vn -0.8885 0.1553 0.4317
vn 0.4692 -0.4484 0.7608
vn 0.8025 -0.5958 0.0321
vn 0.9992 -0.0000 0.0400
vn 0.8664 -0.4978 0.0402
vn 0.0229 0.8795 -0.4753
vn -0.9485 -0.1100 -0.2971
vn 0.0924 -0.9026 -0.4205
vn -0.0823 -0.5390 -0.8383
vn 0.0729 0.0172 0.9972
vn -0.9965 0.0012 0.0837
vn 0.6831 0.7296 0.0326
vn 0.4006 -0.6456 0.6502
vn 0.9989 -0.0000 0.0476
vn -0.0918 -0.5346 -0.8401
vn 0.0844 0.0194 0.9962
vn -0.9954 0.0012 0.0954
vn 0.8224 -0.0000 0.5689
vn -0.4002 -0.5803 -0.7093
vn -0.6721 -0.0000 -0.7405
vn -0.9970 -0.0000 0.0779
vn 0.9970 -0.0000 0.0779
vn 0.6721 -0.0020 -0.7405
vn 0.4002 -0.5803 -0.7093
vn 0.6655 -0.7189 0.2004
vn 0.9342 0.2271 0.2752
vn -0.0551 0.1022 0.9932
vn -0.2066 0.8473 -0.4892
vn -0.1116 -0.7147 -0.6905
vn -0.9848 -0.1681 0.0446
vn 0.0543 0.5793 -0.8133
vn 0.5684 -0.2546 0.7824
vn 0.0548 0.1027 0.9932
vn -0.9252 0.2600 0.2764
vn -0.3682 -0.8508 0.3751
vn 0.9831 -0.1750 0.0537
vn -0.2748 -0.2966 -0.9146
vn 0.1133 0.8647 -0.4894
vn -0.6662 -0.3543 0.6562
vn 0.7052 -0.0739 0.7052
vn -0.1993 0.6126 0.7649
vn -0.7828 -0.2540 -0.5680
vn -0.8154 -0.5271 -0.2395
vn 0.5391 0.7153 0.4447
vn -0.7430 0.5966 0.3033
vn -0.1156 -0.3974 0.9103
vn -0.6378 0.0823 -0.7658
vn 0.2975 0.3946 -0.8693
vn 0.3787 -0.9233 -0.0634
vn -0.7746 0.2732 0.5704
vn 0.0462 -0.8556 -0.5156
vn 0.5176 -0.0000 -0.8556
vn -0.4358 0.3507 0.8289
vn -0.3052 -0.2994 0.9040
vn -0.5754 -0.5223 0.6293
vn 0.5431 0.8393 -0.0238
vn -0.6066 0.7840 -0.1316
vn -0.4731 -0.7872 0.3956
vn -0.6483 0.7613 -0.0028
vn 0.7900 0.5908 -0.1639
vn 0.5106 -0.8569 -0.0703
vn -0.6063 -0.7847 0.1290
vn -0.6124 0.4136 0.6737
vn -0.9016 0.4309 -0.0386
vn -0.8431 -0.5370 -0.0292
vn -0.3351 -0.9393 0.0729
vn -0.5815 -0.2910 -0.7597
vn -0.4212 -0.4953 -0.7598
vn -0.8102 -0.5860 -0.0120
vn 0.0120 -0.5860 -0.8102
vn 0.8102 -0.5860 0.0120
vn -0.0120 -0.5860 0.8102
vn 0.3830 -0.0543 -0.9222
vn 0.0572 0.4966 -0.8661
vn -0.1241 0.2025 -0.9714
vn 0.7389 0.6632 0.1191
vn 0.9843 -0.1720 0.0397
vn 0.5713 -0.6753 0.4665
vn 0.8499 -0.4965 -0.1765
vn 0.7185 0.4453 -0.5342
vn -0.1370 0.0869 -0.9868
vn -0.8444 -0.4564 -0.2806
vn -0.9110 0.4100 0.0455
vn -0.4096 0.7097 -0.5732
vn -0.1070 -0.6483 -0.7539
vn 0.4664 -0.3992 0.7894
vn -0.7236 0.3224 0.6103
vn 0.7104 -0.5762 0.4041
vn 0.0315 0.4378 0.8985
vn 0.3967 -0.5504 0.7346
vn 0.9612 0.0298 0.2742
vn -0.3723 -0.1994 0.9064
vn -0.1695 0.5566 0.8133
vn -0.9811 0.1929 -0.0128
vn 0.3658 0.3265 -0.8715
vn 0.7675 -0.5602 -0.3117
vn -0.4864 -0.7933 -0.3662
vn 0.3544 -0.2315 0.9060
vn 0.9104 0.3620 -0.2005
vn 0.0016 0.7339 0.6793
vn -0.5877 0.8035 -0.0943
vn -0.2154 0.3177 -0.9234
vn -0.9812 0.1905 -0.0319
vn -0.2094 0.7234 0.6580
vn 0.4916 0.7892 0.3680
vn 0.8662 0.0505 -0.4972
vn 0.0905 0.9959 -0.0000
vn 0.8680 0.1209 -0.4816
vn 0.3532 0.7006 -0.6201
vn -0.8662 0.0505 -0.4972
vn -0.0905 0.9959 -0.0000
vn -0.8717 0.1223 -0.4746
vn -0.0663 0.7988 0.5979
vn 0.8662 -0.0505 -0.4972
vn 0.0905 -0.9959 -0.0000
vn 0.8772 -0.1225 -0.4642
vn 0.6236 -0.7566 -0.1968
vn -0.8680 0.1209 -0.4816
vn -0.4426 0.6716 -0.5942
vn -0.8662 -0.0505 -0.4972
vn -0.0905 -0.9959 -0.0000
vn -0.8747 -0.1211 -0.4693
vn -0.2352 -0.4515 0.8607
vn -0.3849 -0.7238 0.5727
vn -0.0287 -0.7849 -0.6190
vn -0.0266 0.6151 0.7880
vn -0.5727 -0.3849 0.7238
vn 0.6542 0.6068 0.4515
vn -0.4989 0.0508 0.8651
vn 0.7676 0.6341 -0.0932
vn -0.8687 -0.4943 -0.0315
vn -0.0000 -0.8412 0.5408
vn -0.5963 -0.7880 -0.1534
vn -0.3463 0.7315 -0.5873
vn 0.5074 -0.6106 -0.6081
vn -0.8264 -0.5631 0.0011
vn -0.5601 -0.8284 -0.0085
vn 0.5592 0.8290 -0.0051
vn 0.8315 -0.0014 -0.5556
vn 0.0010 0.5676 -0.8233
vn 0.0009 0.5556 0.8315
vn -0.6556 -0.5187 -0.5487
vn 0.7123 -0.6999 -0.0528
vn 0.6108 0.4059 -0.6798
vn 0.6098 0.2981 0.7344
vn 0.7158 -0.1418 -0.6838
vn 0.9929 -0.0334 0.1144
vn -0.3181 -0.9323 -0.1723
vn -0.7040 0.7102 -0.0000
vn -0.2785 0.8782 0.3888
vn -0.1907 0.9802 0.0526
vn -0.8785 -0.0476 0.4754
vn 0.3004 0.8664 0.3988
vn 0.1490 0.8716 -0.4670
vn 0.3904 0.8041 0.4484
vn 0.0220 0.0031 -0.9998
vn 0.7061 -0.7062 0.0520
vn -0.0685 -0.5449 -0.8357
vn 0.7800 0.0105 -0.6257
vn 0.5936 -0.5936 -0.5434
vn -0.4320 -0.4040 0.8063
vn -0.8041 -0.3904 0.4482
vn -0.7661 -0.1849 -0.6156
vn -0.5401 0.1866 0.8207
vn 0.4299 0.5938 0.6801
vn -0.6346 0.4303 0.6419
vn 0.0081 -0.7916 -0.6110
vn 0.0073 -0.7273 0.6863
vn 0.1667 -0.5575 0.8133
vn -0.4051 0.7247 0.5575
vn 0.6863 -0.0073 0.7273
vn -0.0079 -0.6012 0.7991
vn -0.7774 -0.0106 0.6290
vn -0.8826 0.4701 -0.0000
vn 0.6437 -0.3217 -0.6944
vn -0.7916 0.1616 -0.5893
vn -0.3713 -0.7569 -0.5378
vn -0.6486 -0.0763 -0.7573
vn 0.0861 -0.6990 -0.7099
vn 0.0002 -0.8939 -0.4483
vn 0.5113 -0.8146 -0.2738
vn 0.6110 -0.7916 0.0081
vn -0.6863 -0.7273 0.0073
vn -0.8133 -0.5575 0.1667
vn -0.5575 0.7247 -0.4051
vn -0.7273 -0.0073 0.6863
vn -0.8347 -0.5188 -0.1846
vn -0.5921 -0.1639 -0.7890
vn 0.0719 -0.9320 -0.3552
vn 0.4300 0.5938 -0.6801
vn 0.6486 -0.0763 -0.7573
vn 0.3713 -0.7568 -0.5378
vn 0.6971 -0.7162 0.0329
vn -0.5114 -0.8146 -0.2737
vn 0.0006 -0.8939 -0.4483
vn -0.0861 -0.6990 -0.7099
vn 0.4492 -0.6857 -0.5727
vn 0.5698 -0.7273 0.3826
vn -0.6110 -0.7916 0.0081
vn 0.7273 -0.3826 0.5698
vn -0.0719 -0.9320 -0.3552
vn -0.4031 0.2916 0.8675
vn 0.8318 0.0531 0.5525
vn -0.0151 0.6327 -0.7743
vn 0.5555 0.8314 0.0094
vn -0.0000 0.8211 0.5708
vn -0.4517 -0.7676 0.4546
vn -0.1839 0.7815 0.5962
vn 0.5955 0.7952 0.1144
vn -0.7417 0.1372 -0.6565
vn 0.5530 -0.7906 0.2630
vn 0.5289 0.7976 0.2900
vn -0.6049 -0.6608 -0.4444
vn 0.4472 -0.7923 0.4150
vn 0.0864 0.4511 0.8883
vn -0.4882 0.7770 -0.3974
vn 0.8480 -0.3417 0.4051
vn 0.0936 -0.8542 0.5114
vn 0.6218 -0.4262 -0.6570
vn 0.3289 -0.0066 -0.9444
vn 0.1436 -0.2889 -0.9465
vn 0.4461 -0.7142 -0.5394
vn 0.9798 0.0018 -0.2001
vn -0.7429 0.4640 -0.4825
vn -0.3236 -0.9225 -0.2103
vn -0.2046 -0.9225 -0.3273
vn 0.6021 -0.7169 0.3514
vn 0.3796 0.7037 0.6005
vn -0.4655 0.4788 -0.7444
vn 0.2965 -0.8670 -0.4005
vn -0.6138 0.6158 -0.4939
vn -0.6548 -0.5727 -0.4931
vn 0.2499 0.8803 -0.4034
vn 0.4901 -0.7894 -0.3697
vn -0.4511 -0.6876 -0.5690
vn -0.0584 -0.7702 0.6351
vn -0.2262 0.8248 -0.5182
vn 0.1665 0.6829 -0.7113
vn -0.6222 0.5415 -0.5654
vn -0.0295 -0.1312 0.9909
vn -0.9911 0.0577 0.1201
vn -0.1043 -0.1397 0.9847
vn -0.4087 0.8005 0.4384
vn -0.4479 0.7859 0.4263
vn 0.7059 -0.5235 -0.4771
vn 0.9754 0.1546 -0.1569
vn 0.1182 -0.2427 -0.9629
vn 0.3417 0.8530 -0.3944
vn -0.3361 0.7958 0.5038
vn 0.4203 0.4470 -0.7897
vn 0.1812 0.5362 0.8244
vn 0.1223 -0.3669 -0.9222
vn -0.8558 0.4498 0.2556
vn 0.5258 0.2039 0.8258
vn 0.7921 0.0183 -0.6101
vn 0.1824 -0.7688 0.6129
vn 0.5822 0.6798 0.4460
vn -0.6615 -0.0000 0.7499
vn 0.8680 -0.1209 -0.4816
vn 0.4426 -0.6716 -0.5942
vn 0.8772 0.1225 -0.4642
vn 0.6236 0.7566 -0.1968
vn -0.8717 -0.1223 -0.4746
vn -0.0664 -0.7988 0.5979
vn -0.8680 -0.1209 -0.4816
vn -0.3532 -0.7006 -0.6201
vn -0.8747 0.1211 -0.4693
vn 0.5275 -0.1063 0.8429
vn -0.2930 0.4929 0.8193
vn -0.0000 -0.5548 -0.8320
vn 0.1163 -0.2690 0.9561
vn 0.3878 0.8513 0.3534
vn -0.4575 0.7906 0.4071
vn -0.3816 -0.9230 -0.0504
vn -0.7500 0.0480 -0.6597
vn 0.4952 -0.1160 -0.8610
vn -0.4807 -0.8769 -0.0001
vn -0.6007 -0.5685 -0.5621
vn 0.1464 -0.7425 -0.6537
vn -0.5112 0.0420 -0.8585
vn -0.3944 0.3930 0.8307
vn -0.5559 -0.1412 0.8192
vn -0.7143 -0.0662 0.6968
vn 0.8722 -0.0462 0.4870
vn -0.0000 -0.0949 0.9955
vn -0.0551 -0.1022 0.9932
vn 0.6374 -0.5999 0.4835
vn 0.6655 0.7190 0.2005
vn -0.8670 -0.4890 -0.0964
vn -0.9848 0.1682 0.0446
vn -0.1116 0.7147 -0.6905
vn -0.2066 -0.8473 -0.4892
vn 0.6691 0.3391 0.6613
vn -0.3682 0.8507 0.3751
vn -0.7281 -0.5472 0.4127
vn 0.0548 -0.1027 0.9932
vn 0.1132 -0.8647 -0.4894
vn -0.2748 0.2966 -0.9146
vn 0.9831 0.1750 0.0537
vn 0.0015 -0.5235 -0.8520
vn 0.4987 0.0738 0.8637
vn -0.5736 -0.2384 0.7837
vn -0.7828 0.2540 -0.5680
vn -0.1393 0.2634 0.9546
vn -0.4913 -0.7515 0.4404
vn 0.4929 -0.7593 0.4250
vn 0.3797 0.9225 -0.0691
vn 0.3935 -0.4038 -0.8259
vn -0.4943 0.1171 -0.8614
vn -0.7447 -0.2409 0.6223
vn -0.2172 -0.7822 -0.5840
vn -0.6554 0.5190 -0.5487
vn 0.0851 0.5468 -0.8329
vn -0.7807 -0.0145 -0.6248
vn -0.7070 0.6972 0.1181
vn 0.6098 -0.2981 0.7344
vn 0.6108 -0.4059 -0.6798
vn 0.7123 0.6999 -0.0528
vn -0.3210 0.9295 -0.1818
vn 0.6141 0.6275 0.4788
vn 0.7157 0.1418 -0.6838
vn -0.1907 -0.9803 0.0523
vn -0.2785 -0.8782 0.3888
vn -0.7040 -0.7102 -0.0000
vn 0.1317 -0.9833 -0.1255
vn -0.2423 -0.6557 0.7151
vn -0.0573 -0.5558 0.8293
vn 0.8225 0.3935 -0.4108
vn -0.5464 -0.6951 0.4672
vn 0.7383 -0.5781 0.3473
vn 0.1192 0.3860 0.9148
vn 0.6364 -0.0476 -0.7699
vn -0.8093 0.1877 -0.5566
vn -0.3888 0.9200 -0.0489
vn 0.1464 0.7425 -0.6537
vn -0.5112 -0.0420 -0.8585
vn -0.8315 0.3929 0.3928
vn -0.4389 -0.7500 -0.4949
vn -0.5518 0.1408 0.8220
vn -0.0005 0.0725 0.9974
vn -0.3116 0.7727 0.5530
vn 0.9982 -0.0007 0.0597
vn 0.7425 0.1587 0.6508
vn -0.9547 0.0928 0.2826
vn 0.7285 0.5709 0.3786
vn 0.7251 0.6132 -0.3135
vn 0.7438 0.2996 0.5975
vn 0.0565 -0.0815 0.9951
vn 0.3900 0.7608 0.5187
vn -0.0968 0.6904 0.7169
vn -0.2691 -0.6329 -0.7259
vn -0.2078 -0.5682 -0.7962
vn 0.0292 -0.0292 -0.9991
vn -0.1165 0.7800 0.6148
vn 0.6250 -0.0491 0.7791
vn -0.4298 -0.5353 0.7271
vn -0.0000 -0.0747 0.9972
vn -0.0118 0.0118 -0.9999
vn 0.5334 0.5672 -0.6275
vn -0.0426 0.9276 -0.3711
vn -0.0000 -0.5184 0.8551
vn -0.9870 -0.0442 -0.1545
vn 0.8551 -0.0468 0.5163
vn -0.0000 -0.0903 0.9959
vn -0.0125 0.0125 -0.9998
vn 0.6213 0.4726 -0.6250
vn 0.0811 -0.9126 -0.4008
vn -0.7360 0.6141 -0.2850
vn 0.2531 0.6223 0.7407
vn 0.7519 0.3408 -0.5643
vn 0.7507 0.3465 0.5625
vn 0.4967 -0.8679 -0.0096
vn 0.0384 0.6686 -0.7427
vn -0.0739 0.7052 0.7052
vn 0.0376 0.6901 0.7227
vn 0.7313 0.3753 -0.5695
vn 0.6564 0.0370 0.7535
vn 0.5011 -0.8653 0.0085
vn 0.0516 0.7623 -0.6452
vn -0.6506 0.6307 0.4231
vn 0.7535 0.6564 0.0373
vn -0.4236 0.6294 -0.6514
vn 0.2039 0.7870 -0.5822
vn 0.3868 -0.6478 -0.6563
vn 0.3734 -0.4009 -0.8366
vn -0.4889 0.8466 -0.2103
vn -0.1682 0.7854 -0.5957
vn 0.8114 0.5845 -0.0013
vn 0.5678 0.7313 -0.3779
vn -0.3794 -0.6441 -0.6642
vn -0.8150 0.5791 -0.0202
vn 0.5441 0.7507 0.3748
vn 0.5462 0.7519 -0.3692
vn 0.7806 0.4596 0.4236
vn 0.0099 -0.6223 0.7827
vn 0.2664 0.5655 0.7806
vn -0.6380 -0.0751 -0.7664
vn -0.6278 -0.0089 0.7783
vn -0.5918 0.8061 0.0042
vn -0.0469 -0.0040 -0.9989
vn 0.6458 0.4393 -0.6245
vn -0.0289 -0.7808 -0.6241
vn 0.1499 -0.7157 0.6821
vn -0.3893 -0.9088 -0.1499
vn -0.6230 0.1392 0.7697
vn -0.1820 -0.7607 -0.6230
vn -0.7643 -0.1722 0.6215
vn -0.0000 -0.5676 -0.8233
vn 0.0019 -0.0713 -0.9975
vn -0.4669 0.4891 -0.7367
vn -0.9306 -0.0528 -0.3623
vn 0.0001 -0.4892 0.8722
vn 0.3784 -0.6336 0.6748
vn -0.6679 -0.3696 0.6460
vn -0.6676 -0.3633 -0.6499
vn 0.6864 -0.6992 0.1999
vn 0.0005 -0.0612 -0.9981
vn 0.2042 0.7294 -0.6529
vn 0.9981 0.0132 -0.0597
vn 0.0004 0.4939 -0.8695
vn 0.7510 -0.2504 0.6110
vn -0.9548 -0.0928 0.2825
vn -0.6550 0.1490 0.7407
vn 0.0536 0.0773 -0.9956
vn -0.4906 -0.6564 -0.5731
vn 0.7276 -0.5764 -0.3719
vn 0.7438 -0.2996 0.5975
vn 0.7409 -0.5937 0.3141
vn 0.7930 0.2936 0.5338
vn -0.4778 -0.5512 -0.6841
vn -0.1165 -0.7800 0.6148
vn -0.0118 -0.0118 0.9999
vn 0.4510 -0.6262 0.6360
vn 0.0718 0.9162 0.3943
vn -0.0426 -0.9276 -0.3711
vn 0.5335 -0.5671 -0.6275
vn -0.0118 -0.0118 -0.9999
vn -0.0000 0.5184 0.8551
vn -0.0125 -0.0125 0.9998
vn -0.2396 -0.8043 0.5438
vn -0.0328 -0.9259 0.3764
vn 0.0812 0.9125 -0.4008
vn -0.5374 -0.4683 -0.7013
vn -0.0125 -0.0125 -0.9998
vn -0.7360 -0.6141 -0.2849
vn 0.0269 -0.6670 0.7446
vn 0.4967 0.8679 -0.0026
vn 0.7507 -0.3465 0.5625
vn 0.7519 -0.3408 -0.5643
vn 0.0384 -0.6686 -0.7427
vn -0.0739 -0.8637 0.4986
vn 0.0376 -0.6901 0.7227
vn 0.5011 0.8654 -0.0064
vn -0.1065 0.2644 -0.9585
vn 0.7313 -0.3753 -0.5695
vn -0.3415 -0.5846 -0.7360
vn -0.7650 -0.6352 0.1065
vn 0.3868 0.6478 -0.6563
vn 0.8114 -0.5845 -0.0013
vn -0.4929 -0.8485 0.1927
vn -0.4892 -0.8466 -0.2099
vn -0.3793 0.6441 -0.6642
vn 0.5462 -0.7519 -0.3691
vn 0.5440 -0.7507 0.3748
vn -0.8150 -0.5791 -0.0202
vn 0.7806 -0.4594 0.4239
vn -0.1234 0.0118 0.9923
vn 0.7095 -0.1564 0.6872
vn -0.0746 0.7775 0.6244
vn -0.5919 -0.8060 0.0042
vn -0.6278 0.0089 0.7783
vn -0.6380 0.0750 -0.7664
vn -0.0509 -0.9819 0.1823
vn -0.2174 0.9645 0.1500
vn 0.1499 0.7157 0.6821
vn 0.0319 0.8301 0.5567
vn -0.7138 0.6222 0.3216
vn -0.7643 0.1722 0.6215
vn 0.8233 0.4561 -0.3379
vn -0.8656 -0.0000 -0.5008
vn -0.0000 0.4891 0.8722
vn 0.0014 0.0628 0.9980
vn -0.5392 -0.4235 0.7279
vn -0.9281 0.0550 0.3682
vn 0.9981 -0.0132 -0.0595
vn 0.7312 -0.2737 -0.6248
vn 0.0005 0.0611 -0.9981
vn 0.0007 -0.4938 -0.8696
vn 0.8301 -0.0417 -0.5560
vn 0.7304 -0.6831 0.0021
vn 0.6868 -0.6868 0.2377
vn -0.5490 -0.8349 0.0390
vn 0.7303 -0.6819 -0.0412
vn 0.7550 -0.6296 0.1831
vn -0.4973 0.8672 0.0231
vn -0.7944 -0.3990 0.4579
vn -0.0696 -0.6943 -0.7164
vn -0.3827 0.9235 0.0260
vn -0.4966 0.8659 0.0593
vn -0.8655 0.4974 0.0595
vn 0.0262 0.3827 -0.9235
vn 0.6917 0.0696 -0.7188
vn -0.6728 0.0931 -0.7340
vn -0.6017 0.3145 -0.7342
vn -0.6047 0.7039 -0.3728
vn 0.9889 0.1203 -0.0868
vn 0.1288 -0.0500 0.9904
vn 0.2650 0.4317 0.8622
vn 0.3948 0.7925 0.4649
vn -0.8725 -0.4879 -0.0260
vn 0.6389 -0.6132 -0.4645
vn -0.7848 -0.6097 0.1112
vn 0.8260 -0.3009 -0.4767
vn 0.7895 0.5928 0.1588
vn 0.7340 -0.0719 -0.6754
vn 0.5510 -0.5987 0.5813
vn 0.1486 -0.8068 0.5718
vn -0.2137 -0.7970 -0.5650
vn -0.0106 -0.6286 0.7776
vn 0.7899 0.5996 0.1286
vn 0.5252 -0.5593 -0.6414
vn 0.5700 0.6195 -0.5397
vn -0.5121 0.6690 0.5387
vn 0.6033 0.5188 0.6057
vn -0.2116 0.9606 0.1801
vn 0.7466 -0.6381 0.1881
vn 0.5251 0.5593 -0.6414
vn 0.4788 -0.6253 -0.6163
vn 0.3367 -0.5211 -0.7843
vn -0.6594 0.2057 0.7231
vn -0.5402 -0.8066 0.2400
vn -0.5228 0.8460 0.1049
vn -0.5310 0.2210 -0.8181
vn 0.0054 -0.8114 0.5845
vn 0.8114 0.0054 0.5845
vn -0.0054 0.8114 0.5845
vn -0.8114 -0.0054 0.5845
vn 0.5816 -0.8134 -0.0052
vn 0.5816 0.0052 -0.8134
vn 0.5816 0.8134 0.0052
vn 0.5816 -0.0052 0.8134
vn 0.0117 -0.5835 -0.8120
vn 0.8120 -0.5835 0.0118
vn -0.0117 -0.5835 0.8120
vn -0.8120 -0.5835 -0.0117
vn -0.1676 0.9021 -0.3976
vn 0.8125 -0.5819 0.0364
vn 0.8063 0.5137 0.2933
vn 0.4802 0.0851 0.8730
vn -0.7472 0.5837 0.3177
vn 0.6849 -0.7280 0.0301
vn 0.7140 0.1610 0.6813
vn 0.9207 0.3776 -0.0981
vn 0.0755 0.9584 0.2752
vn 0.8784 -0.4211 0.2261
vn -0.5659 0.8209 -0.0771
vn 0.4909 0.8087 -0.3241
vn -0.5140 0.5279 -0.6761
vn -0.0444 -0.9490 0.3120
vn -0.8575 0.3214 0.4018
vn -0.6402 0.1946 0.7432
vn -0.3794 -0.4357 -0.8162
vn 0.3954 -0.4206 0.8166
vn -0.0453 -0.9872 -0.1527
vn 0.5059 -0.1953 0.8402
vn 0.8310 -0.5017 0.2402
vn 0.7157 0.6628 0.2201
vn -0.6580 0.4277 -0.6198
vn 0.3277 0.7095 0.6239
vn 0.0783 -0.9610 0.2651
vn 0.9384 -0.3402 -0.0602
vn 0.7080 -0.1640 0.6869
vn 0.9436 0.3307 0.0154
vn -0.4350 -0.4992 -0.7494
vn 0.4909 -0.8087 -0.3241
vn -0.5676 -0.8194 -0.0798
vn 0.1409 0.9887 0.0513
vn -0.7836 0.0277 0.6207
vn 0.3033 0.5023 0.8097
vn 0.2867 -0.5074 0.8127
vn 0.3968 -0.5440 -0.7394
vn -0.3729 0.4413 -0.8162
vn 0.3059 0.4896 0.8166
vn 0.6211 -0.6351 -0.4592
vn 0.6674 -0.1037 -0.7375
vn 0.6585 0.5401 -0.5241
vn -0.1901 0.8139 -0.5490
vn -0.8850 0.0836 0.4579
vn 0.5036 -0.3600 0.7853
vn -0.5025 0.3597 0.7862
vn 0.9065 -0.1140 0.4066
vn -0.9103 -0.4136 -0.0135
vn 0.0141 0.9585 -0.2849
vn -0.3653 0.3662 0.8559
vn -0.4206 -0.4457 0.7902
vn 0.9104 0.4136 -0.0134
vn 0.0685 -0.7295 0.6805
vn -0.1758 -0.7815 0.5986
vn 0.5386 -0.7081 0.4567
vn 0.6555 0.1421 0.7417
vn 0.6432 0.6489 0.4064
vn -0.5390 0.8114 -0.2261
vn -0.8096 0.1983 -0.5525
vn 0.5385 -0.8108 -0.2292
vn 0.8096 -0.1984 -0.5525
vn 0.0065 0.9839 0.1785
vn -0.0091 0.8720 -0.4894
vn -0.2186 0.2626 -0.9398
vn -0.3199 -0.4496 -0.8340
vn 0.1022 -0.7341 -0.6713
vn 0.5973 0.2446 -0.7638
vn 0.5151 0.0863 0.8528
vn 0.5649 -0.8077 0.1687
vn -0.1243 0.7937 -0.5955
vn 0.4986 0.0304 -0.8663
vn 0.4970 -0.8674 -0.0242
vn -0.0229 0.6009 0.7990
vn 0.7798 0.1399 0.6102
vn -0.5713 -0.8055 -0.1576
vn 0.4986 -0.0304 -0.8663
vn 0.4970 0.8674 -0.0242
vn 0.0297 -0.6034 0.7969
vn 0.7798 -0.1645 0.6041
vn 0.5812 -0.0983 0.8078
vn 0.0445 0.8794 -0.4741
vn 0.5601 0.6125 -0.5578
vn 0.8787 -0.4490 -0.1623
vn 0.1744 -0.5763 -0.7984
vn -0.7506 0.1939 0.6317
vn -0.7239 -0.4961 0.4795
vn -0.9028 0.0167 0.4296
vn -0.5527 0.1772 -0.8143
vn 0.9051 0.0477 -0.4226
vn 0.9797 -0.1578 0.1239
vn -0.3829 0.9059 -0.1807
vn -0.2316 -0.9393 0.2530
vn 0.5497 -0.5540 0.6253
vn -0.9080 -0.4190 0.0001
vn -0.7694 -0.4188 0.4823
vn -0.8990 0.3215 0.2974
vn -0.2420 -0.4866 -0.8394
vn 0.5932 -0.2709 0.7581
vn -0.4974 -0.5518 -0.6694
vn 0.7978 0.2606 0.5437
vn 0.8992 0.4375 -0.0000
vn -0.6213 0.0331 -0.7829
vn -0.4531 -0.4702 -0.7574
vn 0.2749 -0.5391 -0.7961
vn -0.6253 0.5435 0.5600
vn -0.3909 -0.4164 0.8208
vn -0.3035 -0.4818 -0.8220
vn 0.6922 -0.6982 -0.1828
vn 0.9526 0.2838 -0.1100
vn 0.6935 0.3883 -0.6068
vn -0.4110 0.3602 0.8375
vn 0.3637 0.8055 -0.4679
vn 0.3079 -0.7788 -0.5465
vn -0.5056 -0.2831 0.8150
vn 0.4542 -0.6199 0.6398
vn 0.8222 0.5358 0.1924
vn -0.6515 0.5370 0.5359
vn 0.5771 0.8114 -0.0927
vn -0.6850 -0.5677 -0.4565
vn 0.4565 -0.5677 -0.6850
vn 0.6850 -0.5677 0.4565
vn -0.4565 -0.5677 0.6850
vn -0.1673 0.5570 0.8135
vn -0.8171 0.5656 -0.1117
vn -0.8037 -0.0617 0.5919
vn -0.6909 0.5024 0.5198
vn -0.4319 0.5662 -0.7020
vn -0.9651 -0.1279 -0.2284
vn -0.9459 0.2617 -0.1917
vn -0.1123 0.4660 -0.8776
vn -0.4562 -0.1781 -0.8719
vn -0.2619 0.5570 -0.7882
vn 0.7726 0.5800 -0.2583
vn 0.4000 -0.0617 -0.9144
vn 0.2741 0.6011 -0.7507
vn 0.5145 0.4774 0.7123
vn 0.9499 -0.1237 -0.2871
vn 0.8147 0.4729 -0.3356
vn 0.0230 0.5663 0.8239
vn 0.6998 -0.1724 0.6932
vn 0.7233 0.2616 0.6391
vn -0.3416 0.4659 0.8162
vn -0.0408 -0.1782 0.9831
vn -0.5054 -0.3994 0.7649
vn 0.9673 -0.0452 -0.2496
vn 0.5357 -0.7868 -0.3064
vn 0.5657 0.5027 -0.6537
vn -0.7635 -0.1292 -0.6328
vn -0.2358 0.7490 -0.6192
vn 0.6554 0.2176 0.7232
vn 0.3249 -0.5236 0.7876
vn 0.3960 -0.6113 0.6852
vn -0.4910 0.8581 -0.1504
vn 0.3357 0.6271 0.7029
vn -0.5954 -0.1524 -0.7888
vn 0.7826 -0.1868 -0.5939
vn 0.1160 0.5848 -0.8029
vn -0.2945 -0.5445 0.7853
vn -0.1358 -0.8098 0.5708
vn 0.9488 -0.0347 0.3138
vn 0.6071 -0.1039 -0.7878
vn 0.5883 -0.4796 0.6511
vn -0.6208 -0.0400 0.7829
vn 0.8956 0.3648 0.2547
vn -0.9774 -0.2112 0.0025
vn 0.5117 -0.8583 -0.0381
vn 0.7928 -0.6057 -0.0673
vn -0.7242 -0.1606 0.6706
vn 0.7818 0.4781 0.4001
vn -0.0858 -0.7054 0.7036
vn -0.0224 -0.7604 0.6491
vn -0.8852 -0.4178 0.2046
vn 0.8905 0.2788 0.3595
vn 0.5803 0.0565 -0.8125
vn 0.0093 -0.7090 -0.7051
vn -0.7878 -0.1021 -0.6074
vn 0.6257 0.4316 -0.6498
vn 0.6051 -0.1616 -0.7796
vn -0.6610 0.2029 -0.7225
vn 0.4401 0.7790 -0.4466
vn -0.0901 0.5396 -0.8371
vn 0.3237 -0.4760 -0.8177
vn 0.4381 -0.6691 -0.6003
vn -0.8221 0.4900 -0.2900
vn -0.2358 -0.7490 -0.6192
vn -0.4910 -0.8581 -0.1504
vn 0.2235 -0.6894 -0.6890
vn -0.3174 0.4737 -0.8215
vn 0.7750 0.6319 -0.0014
vn -0.2183 -0.5547 -0.8029
vn 0.2565 0.8035 -0.5372
vn 0.7571 -0.1074 0.6444
vn 0.0861 0.6099 -0.7878
vn 0.4001 0.8707 0.2859
vn -0.7689 0.3355 0.5443
vn 0.6886 0.1810 0.7021
vn -0.8377 -0.0736 0.5411
vn 0.0930 0.9286 -0.3592
vn 0.2444 -0.5789 0.7779
vn 0.7818 0.5988 -0.1736
vn -0.7950 0.2252 -0.5632
vn 0.5075 0.2586 0.8219
vn -0.5428 -0.3614 0.7581
vn 0.1173 0.7534 0.6470
vn -0.7120 0.4521 0.5373
vn -0.7807 0.0315 -0.6241
vn -0.2231 0.7615 -0.6086
vn 0.9334 -0.3044 0.1901
vn -0.1457 0.6500 -0.7459
vn 0.9591 -0.0898 0.2683
vn 0.3064 -0.3163 -0.8978
vn 0.4219 0.1512 -0.8939
vn 0.1642 -0.0867 -0.9826
vn 0.0572 -0.9150 0.3995
vn -0.7634 -0.4765 -0.4362
vn -0.3101 0.8429 -0.4397
vn -0.4392 0.8501 -0.2907
vn 0.0614 0.6704 0.7395
vn -0.0670 0.8617 -0.5030
vn 0.4057 -0.9127 0.0496
vn -0.8791 -0.4658 0.1010
vn -0.8566 -0.2713 -0.4388
vn 0.7554 -0.5634 -0.3345
vn 0.9956 -0.0904 0.0264
vn 0.7090 0.6953 0.1173
vn 0.6699 -0.5422 0.5072
vn -0.5458 0.0723 -0.8348
vn 0.7347 0.3094 0.6037
vn -0.5914 0.7959 -0.1297
vn 0.8897 0.0190 0.4562
vn -0.2577 -0.9647 0.0548
vn 0.5242 0.6372 0.5649
vn -0.3592 -0.6752 -0.6443
vn -0.6725 0.2169 -0.7075
vn -0.6905 0.5426 -0.4783
vn -0.0741 0.7260 -0.6837
vn -0.5575 -0.8157 0.1545
vn 0.5907 0.3974 -0.7023
vn 0.2782 0.8033 0.5266
vn -0.0320 0.9090 0.4157
vn 0.5705 0.4010 0.7167
vn -0.5428 0.4627 0.7010
vn 0.8889 -0.4544 0.0586
vn -0.1629 -0.7738 0.6121
vn -0.3115 0.5395 0.7822
vn 0.7738 0.6121 0.1629
vn -0.6001 0.7836 0.1608
vn -0.6118 0.7738 0.1639
vn -0.3089 -0.5410 0.7822
vn 0.7738 -0.1639 0.6118
vn -0.6118 -0.7836 0.1079
vn -0.6080 -0.0094 0.7939
vn -0.2196 -0.5619 -0.7975
vn 0.8120 -0.5835 0.0117
vn -0.0723 0.7210 0.6892
vn -0.0123 0.9669 -0.2547
vn 0.4209 0.7533 -0.5053
vn 0.1884 0.6845 -0.7042
vn 0.0179 0.8059 -0.5918
vn 0.4641 0.5833 -0.6666
vn 0.3685 0.9073 -0.2027
vn 0.5621 -0.6733 0.4802
vn -0.7692 -0.6390 0.0012
vn -0.0985 -0.8037 -0.5868
vn 0.0123 -0.9669 -0.2547
vn -0.4164 -0.7514 -0.5118
vn -0.1885 -0.6866 -0.7022
vn -0.4632 -0.5829 -0.6676
vn -0.3685 -0.9072 -0.2027
vn -0.6390 0.0091 -0.7691
vn -0.0091 0.7691 -0.6390
vn 0.8573 0.2435 0.4536
vn 0.8840 0.2333 0.4051
vn -0.7749 -0.0644 -0.6288
vn 0.3703 -0.2670 -0.8897
vn -0.0516 0.6303 0.7746
vn 0.1342 0.2023 -0.9701
vn -0.5489 -0.6570 0.5168
vn 0.3411 -0.5914 0.7307
vn -0.1742 0.7836 -0.5963
vn -0.2554 -0.8635 -0.4348
vn 0.3861 0.2647 0.8836
vn -0.4747 -0.5047 0.7211
vn -0.3620 -0.8441 0.3955
vn -0.4925 -0.7717 0.4024
vn -0.3765 -0.7187 -0.5845
vn 0.5925 0.8010 -0.0856
vn -0.2512 -0.8485 -0.4658
vn -0.5016 -0.4921 0.7115
vn -0.4248 -0.8011 0.4216
vn 0.5387 -0.6650 0.5173
vn -0.6745 -0.6474 -0.3549
vn 0.0174 0.8978 -0.4400
vn -0.6083 0.6804 -0.4088
vn 0.0084 -0.8283 -0.5602
vn -0.5218 0.0691 0.8502
vn -0.1934 0.9616 0.1945
vn 0.0421 0.0168 -0.9990
vn 0.1805 0.9735 -0.1403
vn 0.9833 0.1740 0.0533
vn 0.2900 -0.0572 -0.9553
vn 0.0335 0.3368 -0.9410
vn 0.6225 0.4255 -0.6568
vn -0.0669 -0.0476 -0.9966
vn -0.4436 0.0770 -0.8929
vn -0.3767 0.4465 -0.8116
vn 0.8425 0.5356 0.0579
vn 0.8537 -0.5190 -0.0416
vn 0.1585 -0.9829 -0.0933
vn -0.5976 -0.7453 -0.2956
vn -0.9682 0.1637 -0.1894
vn 0.9790 -0.1785 -0.0986
vn -0.3601 0.8978 -0.2537
vn -0.9221 0.2851 -0.2616
vn -0.8132 -0.4893 -0.3150
vn -0.3601 -0.9262 0.1115
vn 0.9839 -0.0072 -0.1784
vn 0.8823 0.4665 -0.0621
vn 0.2799 0.9505 -0.1348
vn -0.8151 0.3231 0.4809
vn -0.4361 0.8966 0.0767
vn -0.9934 -0.0408 0.1076
vn -0.9331 0.3557 -0.0525
vn -0.4203 0.8156 0.3976
vn -0.5225 0.6511 -0.5505
vn -0.8321 -0.0718 -0.5500
vn -0.8203 0.3180 0.4753
vn -0.3782 -0.9176 0.1220
vn 0.1427 -0.8098 -0.5690
vn 0.4089 -0.8125 0.4155
vn 0.7610 -0.6238 0.1782
vn 0.7712 0.4690 0.4305
vn -0.6219 0.7502 0.2248
vn -0.6204 -0.0376 0.7833
vn 0.2540 -0.9629 0.0907
vn 0.6911 0.6393 0.3372
vn -0.9686 -0.2486 0.0092
vn -0.1718 -0.9816 0.0834
vn 0.2768 -0.9140 -0.2967
vn 0.9646 -0.1906 0.1822
vn -0.1675 -0.7130 0.6809
vn 0.3034 0.9528 0.0064
vn -0.7231 0.6907 -0.0022
vn -0.9266 -0.0959 -0.3636
vn -0.1170 0.9657 -0.2320
vn 0.1243 0.9920 -0.0231
vn -0.2792 -0.9386 -0.2029
vn -0.9784 -0.2064 -0.0132
vn 0.9627 0.1442 -0.2289
vn 0.7826 0.6208 -0.0467
vn -0.7097 0.6829 -0.1734
vn 0.0966 -0.9072 -0.4094
vn 0.0775 -0.9931 -0.0876
vn -0.8637 -0.4818 -0.1477
vn -0.3753 -0.9099 -0.1766
vn 0.1466 -0.9390 -0.3111
vn 0.7039 -0.0333 -0.7095
vn 0.7729 0.4788 0.4164
vn 0.9634 -0.2578 -0.0738
vn 0.6010 0.7967 0.0633
vn 0.6760 0.6694 0.3080
vn 0.9051 0.3755 -0.1997
vn 0.0300 0.9960 0.0841
vn 0.5561 0.7704 -0.3117
vn 0.1145 0.9686 -0.2207
vn -0.9456 0.0996 -0.3098
vn -0.9386 0.3415 -0.0492
vn -0.0380 -0.5725 0.8190
vn 0.3899 0.9092 0.1459
vn -0.8370 0.0261 -0.5466
vn -0.9928 -0.0167 0.1183
vn 0.3101 -0.7601 -0.5710
vn 0.7339 -0.5846 0.3459
vn 0.7322 0.5107 0.4507
vn 0.8396 -0.4641 0.2824
vn 0.6908 0.6658 0.2820
vn -0.8570 -0.5108 -0.0685
vn -0.0339 -0.9994 0.0100
vn 0.1536 -0.7790 0.6079
vn 0.7496 -0.6582 -0.0698
vn 0.8602 0.5000 -0.1001
vn -0.4649 -0.8840 -0.0485
vn -0.2923 -0.9505 -0.1051
vn 0.5575 -0.7954 -0.2377
vn 0.9326 -0.0775 -0.3524
vn 0.2135 0.9524 -0.2178
vn 0.1477 0.9889 0.0149
vn -0.6324 0.6981 -0.3359
vn -0.9698 -0.1991 -0.1406
vn 0.8128 0.5259 -0.2506
vn 0.7112 -0.6853 -0.1564
vn 0.4159 -0.8925 -0.1745
vn -0.3739 0.8931 -0.2502
vn 0.7041 0.6393 -0.3092
vn -0.2875 0.9577 -0.0123
vn -0.6930 0.7141 -0.0989
vn 0.3172 0.8261 -0.4658
vn 0.7132 0.6948 -0.0933
vn 0.5758 -0.3650 -0.7316
vn -0.1311 -0.9913 0.0065
vn 0.8852 -0.4591 0.0754
vn 0.5358 -0.6916 0.4843
vn -0.6889 -0.7244 -0.0257
vn 0.3603 -0.9247 0.1234
vn -0.4734 -0.7519 0.4589
vn -0.9999 -0.0112 -0.0017
vn -0.3968 -0.9070 0.1412
vn -0.8561 -0.2872 0.4297
vn -0.6967 0.0591 -0.7149
vn 0.4011 0.5390 0.7407
vn -0.6668 -0.7428 0.0603
vn -0.4253 -0.7534 -0.5016
vn -0.7782 0.3324 -0.5329
vn -0.3344 0.9423 0.0140
vn 0.7500 -0.5586 0.3543
vn -0.5357 -0.0148 0.8443
vn -0.9508 -0.3097 -0.0042
vn -0.2679 0.8787 -0.3951
vn 0.7551 -0.6538 0.0482
vn 0.5861 -0.5037 0.6347
vn 0.9547 0.1013 -0.2797
vn 0.9001 -0.4115 0.1435
vn -0.2191 -0.9752 -0.0315
vn -0.9063 0.0106 -0.4225
vn -0.0683 -0.9853 -0.1569
vn 0.1421 -0.9857 -0.0905
vn -0.3214 0.9374 -0.1342
vn -0.9794 0.1924 0.0621
vn 0.9336 -0.2097 -0.2904
vn -0.7497 -0.6238 -0.2210
vn -0.9050 0.4252 -0.0092
vn -0.4517 0.8920 -0.0158
vn 0.0599 0.9927 -0.1048
vn 0.5946 0.7445 -0.3037
vn 0.7253 -0.6263 -0.2858
vn 0.9542 0.2981 0.0262
vn 0.8701 -0.1072 0.4812
vn 0.0696 -0.9961 -0.0547
vn 0.9522 -0.3041 -0.0299
vn 0.4847 -0.8078 0.3354
vn 0.6538 -0.7490 -0.1072
vn -0.3157 -0.6134 -0.7240
vn -0.9934 0.1130 -0.0170
vn -0.8940 -0.0021 -0.4481
vn 0.3278 -0.9447 0.0111
vn -0.8370 -0.0261 -0.5466
vn 0.1143 0.7903 -0.6020
vn 0.8972 0.4396 0.0427
vn 0.7078 -0.6125 0.3518
vn -0.2701 -0.3310 0.9041
vn -0.7558 -0.2541 0.6035
vn -0.2668 0.6909 0.6719
vn -0.9375 0.1128 -0.3293
vn -0.6520 0.7076 0.2726
vn 0.6926 0.7213 0.0076
vn 0.8646 -0.4937 -0.0931
vn -0.2769 -0.9570 -0.0870
vn -0.9517 -0.1505 0.2676
vn -0.4832 -0.7486 -0.4540
vn -0.2470 -0.4721 -0.8463
vn -0.4950 -0.5078 -0.7051
vn 0.0499 0.0312 -0.9983
vn 0.0499 0.0312 0.9983
vn -0.4950 -0.5078 0.7051
vn -0.2470 -0.4721 0.8463
vn -0.3302 -0.8144 -0.4772
vn -0.3302 -0.8144 0.4772
vn 0.6951 -0.7189 -0.0000
vn -0.0615 -0.8020 -0.5942
vn 0.8535 0.3605 -0.3763
vn 0.9125 0.1662 -0.3738
vn -0.8966 0.3087 -0.3175
vn -0.7953 -0.4234 0.4338
vn -0.3281 -0.5269 -0.7841
vn -0.7973 0.5775 -0.1756
vn 0.3757 -0.4940 0.7841
vn -0.2296 -0.9682 -0.0993
vn 0.2510 -0.9680 -0.0001
vn 0.3240 -0.6956 0.6412
vn 0.9335 0.3152 0.1708
vn -0.8211 0.4633 0.3333
vn 0.9372 -0.3429 -0.0642
vn 0.7177 0.3249 0.6159
vn 0.7340 0.6411 0.2243
vn -0.2747 0.9254 0.2611
vn -0.3263 -0.6917 0.6443
vn 0.1140 -0.7726 -0.6245
vn 0.7068 0.6245 0.3322
vn 0.6750 -0.7005 0.2318
vn 0.6031 0.0353 -0.7968
vn 0.0706 0.5682 0.8199
vn -0.6562 -0.7382 -0.1565
vn 0.6078 -0.7919 0.0599
vn 0.8221 0.5221 -0.2271
vn -0.8031 -0.0723 -0.5914
vn 0.1140 -0.7726 -0.6246
vn 0.7068 0.6246 0.3322
vn 0.1155 0.7769 0.6190
vn 0.3102 -0.5347 0.7861
vn -0.7926 0.0847 -0.6039
vn 0.7482 0.5343 -0.3935
vn -0.2093 -0.7104 0.6719
vn -0.2860 -0.6053 0.7429
vn 0.8167 -0.5534 0.1637
vn -0.2165 -0.8743 0.4344
vn 0.6573 -0.2274 -0.7185
vn -0.1476 0.1280 -0.9807
vn 0.5940 -0.4763 -0.6484
vn -0.6290 -0.7764 -0.0409
vn 0.8608 -0.2489 0.4440
vn -0.5568 -0.7650 -0.3237
vn -0.8688 -0.4947 0.0209
vn -0.2225 -0.8102 -0.5422
vn 0.6523 -0.5326 0.5393
vn 0.5159 -0.6161 -0.5952
vn 0.4393 -0.8688 0.2283
vn -0.8162 -0.5752 0.0546
vn -0.0748 -0.5526 0.8301
vn -0.0848 -0.8324 0.5477
vn 0.7246 -0.6013 -0.3368
vn -0.1090 -0.6439 -0.7573
vn 0.4705 0.5747 0.6696
vn -0.2040 0.7889 0.5796
vn 0.1530 0.8674 0.4735
vn -0.9605 0.1904 -0.2030
vn 0.6214 -0.5372 0.5703
vn 0.4917 0.2623 0.8303
vn -0.4382 0.2746 -0.8559
vn 0.9655 0.1857 -0.1824
vn -0.3649 -0.5205 -0.7719
vn 0.6543 0.6383 -0.4055
vn 0.2334 0.6147 0.7534
vn 0.0489 0.9196 0.3898
vn -0.9178 -0.2138 0.3346
vn -0.3625 -0.1281 -0.9231
vn 0.3202 0.7651 -0.5587
vn 0.7725 0.5417 -0.3315
vn -0.1997 0.6929 -0.6929
vn -0.6207 0.6218 -0.4777
vn -0.3369 0.6014 0.7245
vn 0.5804 -0.7784 0.2394
vn 0.0964 0.6146 0.7830
vn -0.7690 -0.2184 -0.6007
vn 0.7682 -0.6242 -0.1425
vn -0.6139 0.0041 -0.7894
vn 0.6780 0.3140 0.6646
vn 0.3831 -0.8424 0.3789
vn 0.4946 0.8321 -0.2511
vn 0.2091 0.1362 0.9684
vn 0.3872 0.0853 -0.9180
vn 0.0494 -0.5069 -0.8606
vn 0.9849 0.1677 0.0427
vn 0.9467 -0.2810 0.1573
vn -0.1337 -0.2448 -0.9603
vn 0.5738 0.6724 0.4675
vn 0.8099 0.5714 0.1326
vn 0.7185 -0.4454 -0.5343
vn -0.9109 -0.4100 0.0455
vn -0.8386 0.4612 -0.2899
vn -0.1370 -0.0869 -0.9868
vn -0.4105 -0.7074 -0.5754
vn -0.1037 0.6505 -0.7524
vn 0.3666 0.1215 0.9224
vn -0.7236 -0.3224 0.6103
vn 0.7104 0.5762 0.4041
vn 0.9612 -0.0298 0.2742
vn 0.3703 0.5461 0.7514
vn 0.0316 -0.4377 0.8985
vn -0.9811 -0.1929 -0.0129
vn -0.1375 -0.3387 0.9308
vn -0.3724 0.1994 0.9064
vn -0.4864 0.7933 -0.3661
vn 0.7664 0.5622 -0.3106
vn 0.3695 -0.3249 -0.8705
vn 0.0024 -0.7367 0.6763
vn 0.7469 -0.6319 -0.2069
vn 0.3599 0.2358 0.9027
vn -0.9832 0.0063 -0.1825
vn -0.2154 -0.3177 -0.9234
vn -0.7005 -0.7133 -0.0241
vn -0.2095 -0.7233 0.6580
vn 0.5928 0.7943 -0.1329
vn -0.1863 0.7676 0.6132
vn 0.3479 0.7662 0.5402
vn 0.0002 -0.8212 0.5707
vn -0.6039 0.0653 -0.7944
vn 0.4840 0.8751 0.0004
vn -0.8907 0.4546 -0.0007
vn -0.6032 0.0690 -0.7946
vn 0.6544 -0.7557 0.0271
vn -0.6039 0.0647 -0.7944
vn 0.4842 0.8749 0.0003
vn -0.6032 0.0684 -0.7946
vn 0.6544 -0.7557 0.0264
vn 0.2466 -0.9691 0.0002
vn -0.6385 -0.5211 0.5664
vn 0.7547 0.6554 -0.0293
vn -0.6460 0.7633 -0.0021
vn 0.3882 -0.3528 -0.8514
vn 0.9619 0.2733 -0.0000
vn 0.7400 -0.6726 -0.0000
vn -0.2304 0.9731 -0.0000
vn -0.6492 -0.5165 0.5583
vn 0.7627 0.6460 -0.0333
vn -0.6358 0.7718 -0.0021
vn 0.8700 0.1900 0.4551
vn 0.5916 -0.5443 0.5947
vn 0.7359 -0.6771 -0.0000
vn -0.8277 0.5611 -0.0000
vn 0.1177 -0.8255 -0.5519
vn -0.0997 0.9946 0.0296
vn 0.9930 0.1183 0.0024
vn 0.6721 -0.7405 0.0022
vn -0.0000 -0.7959 0.6054
vn -0.1058 -0.8222 0.5592
vn 0.0859 0.9960 -0.0259
vn -0.9946 0.1036 -0.0024
vn -0.6101 0.0523 0.7906
vn 0.1177 -0.8257 -0.5518
vn 0.9930 0.1182 0.0024
vn 0.6721 -0.7405 0.0020
vn 0.0859 0.9960 -0.0257
vn -0.9946 0.1037 -0.0024
vn -0.6101 0.0524 0.7906
vn 0.3252 -0.8232 -0.4655
vn 0.4984 0.5222 0.6921
vn -0.2057 0.8052 -0.5562
vn -0.9949 0.0999 0.0127
vn 0.8664 0.4989 0.0232
vn 0.4609 0.8263 0.3237
vn -0.3262 0.8228 0.4654
vn -0.9946 -0.1032 0.0094
vn 0.2390 0.8242 -0.5134
vn 0.9590 0.2341 -0.1601
vn 0.2397 -0.8237 -0.5140
vn -0.9583 -0.2352 0.1626
vn -0.8528 -0.4309 0.2951
vn 0.9579 -0.2372 -0.1621
vn 0.3528 -0.8192 0.4521
vn -0.9584 0.2371 0.1589
vn -0.8669 -0.0003 -0.4986
vn 0.3350 0.8376 0.4316
vn -0.9992 -0.0000 0.0400
vn -0.8025 -0.5958 0.0321
vn -0.4692 -0.4484 0.7607
vn 0.9965 0.0012 0.0837
vn -0.0729 0.0172 0.9972
vn 0.0823 -0.5390 -0.8383
vn -0.9989 -0.0000 0.0476
vn -0.4006 -0.6455 0.6503
vn -0.6831 0.7296 0.0326
vn 0.9954 0.0012 0.0954
vn -0.0844 0.0193 0.9962
vn 0.0919 -0.5345 -0.8402
vn -0.3929 -0.8315 0.3928
vn -0.0003 -0.8211 0.5708
vn 0.6105 -0.7906 0.0477
vn -0.6106 -0.7906 0.0455
vn -0.5736 0.6143 0.5418
vn 0.6615 -0.0000 0.7499
vn 0.5627 -0.0000 -0.8267
vn 0.1182 -0.0016 0.9930
vn 0.9946 -0.0193 -0.1019
vn -0.8373 0.5342 0.1166
vn -0.7405 -0.0000 0.6721
vn -0.7953 -0.6062 -0.0000
vn 0.1036 0.0016 -0.9946
vn 0.9960 0.0170 0.0878
vn -0.8359 -0.5389 -0.1045
vn 0.0545 -0.7906 -0.6099
vn 0.9946 -0.0194 -0.1019
vn -0.8370 0.5347 0.1165
vn 0.5201 -0.8462 0.1158
vn -0.0002 -0.5639 -0.8258
vn 0.5202 0.8462 0.1157
vn -0.0000 0.7405 0.6721
vn -0.6068 0.7949 -0.0000
vn 0.0009 -0.1036 -0.9946
vn 0.0100 -0.9960 0.0893
vn -0.5231 0.8460 -0.1034
vn -0.0717 -0.8289 0.5548
vn 0.7001 0.2411 0.6721
vn -0.6781 0.5127 0.5266
vn 0.4624 -0.5484 0.6968
vn 0.7209 -0.3361 -0.6060
vn -0.0937 0.8021 -0.5898
vn 0.4349 -0.5138 -0.7395
vn -0.0786 -0.5825 -0.8090
vn 0.8203 -0.3221 -0.4725
vn 0.7504 0.6606 0.0217
vn -0.4470 0.8078 -0.3844
vn -0.5896 0.8015 0.0997
vn -0.8556 -0.4768 0.2018
vn -0.4155 0.6094 0.6753
vn -0.7082 -0.0031 0.7060
vn 0.3755 -0.9199 0.1131
vn -0.9889 -0.0713 0.1300
vn -0.2084 -0.0543 -0.9765
vn -0.2959 -0.9513 0.0867
vn -0.1855 0.9286 0.3214
vn -0.7144 -0.0904 -0.6939
vn -0.6026 -0.4803 -0.6373
vn -0.6017 0.2146 -0.7693
vn -0.6015 -0.2149 -0.7694
vn 0.4389 0.3965 -0.8063
vn 0.3162 -0.7264 0.6102
vn 0.3162 0.7264 -0.6102
vn 0.1526 0.8234 0.5465
vn -0.6097 0.6089 -0.5075
vn -0.0835 -0.0965 -0.9918
vn -0.6423 -0.7605 0.0953
vn -0.3517 0.9316 -0.0919
vn -0.0862 -0.0732 0.9936
vn -0.7558 -0.6495 -0.0827
vn 0.9245 -0.3715 0.0856
vn 0.1866 -0.9708 0.1505
vn 0.1941 -0.3882 0.9009
vn 0.5936 0.5936 -0.5434
vn -0.9824 0.1869 -0.0000
vn -0.7455 0.2050 -0.6341
vn -0.2534 0.8996 0.3557
vn -0.4320 0.4039 0.8064
vn -0.0000 0.0018 1.0000
vn -0.4584 -0.7239 -0.5156
vn 0.0551 0.0551 0.9970
vn -0.8530 0.2146 0.4758
vn -0.8519 0.3677 0.3730
vn -0.0420 0.0420 -0.9982
vn 0.9244 0.3716 0.0856
vn -0.7558 0.6496 -0.0827
vn -0.0862 0.0732 0.9936
vn -0.0124 0.9670 -0.2545
vn 0.4207 0.7533 -0.5056
vn 0.1883 0.6845 -0.7042
vn 0.4633 0.5829 -0.6675
vn 0.3665 0.9082 -0.2023
vn 0.0123 -0.9670 -0.2545
vn -0.4185 -0.7523 -0.5088
vn -0.4633 -0.5829 -0.6675
vn -0.3685 -0.9072 -0.2028
vn 0.8573 0.2450 0.4528
vn 0.3703 -0.2669 -0.8898
vn 0.1338 0.2029 -0.9700
vn 0.1223 0.3669 -0.9222
vn -0.8552 -0.4457 0.2644
vn 0.6130 0.0848 0.7855
vn 0.8558 -0.4498 -0.2556
vn -0.1824 0.7688 -0.6129
vn 0.0499 -0.0312 -0.9983
vn -0.4950 0.5078 -0.7051
vn -0.2470 0.4721 -0.8463
vn -0.2470 0.4721 0.8463
vn -0.4950 0.5078 0.7051
vn 0.0499 -0.0312 0.9983
vn 0.6951 0.7189 -0.0000
vn -0.3302 0.8144 0.4772
vn -0.3302 0.8144 -0.4772
vn 0.6514 -0.6451 0.3994
vn -0.5006 -0.5502 0.6684
vn 0.8664 0.4978 0.0402
vn 0.0229 -0.8795 -0.4753
vn -0.9485 0.1100 -0.2971
vn 0.0924 0.9026 -0.4205
vn 0.3338 0.7489 -0.5724
vn -0.3564 -0.7234 -0.5914
vn 0.8315 0.0007 -0.5556
vn 0.5441 -0.8391 -0.0000
vn -0.0000 -0.5693 -0.8221
vn -0.5576 0.8301 -0.0000
vn -0.8310 0.5562 -0.0000
vn 0.0005 0.5786 -0.8156
vn 0.5556 -0.0000 0.8315
vn -0.9458 -0.0000 0.3247
vn -0.6005 0.7167 0.3546
vn 0.7876 0.5616 0.2534
vn 0.6560 -0.6987 0.2855
vn 0.0205 -0.9341 0.3565
vn -0.6686 -0.6686 0.3256
vn -0.0286 0.7849 -0.6190
vn -0.0076 0.7238 0.6899
vn -0.2354 0.4515 0.8607
vn 0.6541 -0.6069 0.4515
vn -0.6899 0.0076 0.7238
vn -0.0266 -0.6151 0.7880
vn 0.7880 -0.0865 -0.6096
vn -0.4943 0.8679 -0.0491
vn -0.5963 0.7880 -0.1533
vn -0.0000 0.8412 0.5408
vn -0.8687 0.4943 -0.0313
vn -0.7324 -0.2055 0.6492
vn 0.7838 0.0280 0.6204
vn 0.2454 0.6015 0.7602
vn -0.5727 0.6857 0.4492
vn 0.3826 0.7273 0.5698
vn 0.0081 0.7916 -0.6110
vn 0.5698 0.3826 0.7273
vn -0.8815 -0.4676 0.0660
vn 0.8989 -0.4350 -0.0525
vn 0.8864 -0.4629 0.0029
vn 0.5525 -0.0531 0.8318
vn -0.7743 -0.6327 -0.0151
vn -0.6486 0.0763 -0.7573
vn -0.3713 0.7568 -0.5379
vn -0.6971 0.7163 0.0328
vn 0.5113 0.8146 -0.2737
vn -0.0006 0.8939 -0.4483
vn 0.0862 0.6990 -0.7099
vn -0.4492 0.6857 -0.5727
vn -0.5698 0.7273 0.3826
vn 0.6110 0.7916 0.0081
vn -0.7273 0.3826 0.5698
vn 0.0719 0.9320 -0.3552
vn 0.4031 -0.2916 0.8675
vn -0.8318 -0.0531 0.5525
vn 0.0151 -0.6327 -0.7743
vn -0.2841 -0.6685 -0.6873
vn 0.7916 -0.1616 -0.5893
vn 0.3714 0.7569 -0.5378
vn 0.6486 0.0763 -0.7573
vn -0.0861 0.6990 -0.7099
vn -0.0005 0.8939 -0.4483
vn -0.5113 0.8146 -0.2737
vn -0.6110 0.7916 0.0081
vn 0.6863 0.7273 0.0073
vn 0.8133 0.5575 0.1667
vn 0.5575 -0.7247 -0.4051
vn 0.7273 0.0073 0.6863
vn 0.8347 0.5188 -0.1846
vn 0.5921 0.1639 -0.7890
vn -0.0719 0.9320 -0.3552
vn 0.2702 0.8933 -0.3593
vn -0.6138 -0.6159 -0.4939
vn -0.6548 0.5727 -0.4931
vn 0.2806 -0.8527 -0.4405
vn 0.3594 -0.7234 -0.5895
vn -0.0841 0.9943 -0.0650
vn 0.8315 -0.0000 -0.5556
vn -0.0000 0.5556 0.8315
vn 0.5440 0.8391 0.0008
vn -0.0000 0.5693 -0.8221
vn -0.5576 -0.8301 -0.0040
vn -0.8310 -0.5562 0.0006
vn 0.0005 -0.5786 -0.8156
vn 0.5556 0.0006 0.8315
vn 0.0040 0.7981 -0.6025
vn 0.8054 -0.4648 -0.3679
vn -0.4652 -0.8050 -0.3681
vn 0.2879 0.4483 -0.8463
vn -0.1791 -0.8041 0.5668
vn -0.3658 0.4638 0.8069
vn 0.6001 0.7999 0.0052
vn -0.6929 -0.1529 -0.7046
vn -0.6455 0.2197 0.7315
vn -0.6443 -0.7326 0.2193
vn -0.6934 0.7042 -0.1530
vn 0.6165 0.7814 0.0969
vn 0.5052 -0.5769 0.6419
vn -0.6153 0.7014 0.3598
vn -0.7018 -0.6150 0.3595
vn 0.3293 -0.2393 0.9134
vn 0.6601 -0.6655 0.3484
vn 0.8457 0.5271 -0.0841
vn -0.3591 -0.3238 -0.8753
vn -0.6643 -0.6165 -0.4227
vn -0.7943 -0.5503 -0.2573
vn 0.3308 0.7319 0.5958
vn 0.5259 -0.6509 0.5475
vn 0.9963 -0.0463 -0.0718
vn -0.9511 0.3074 -0.0288
vn -0.3546 -0.3024 -0.8848
vn -0.9341 -0.3567 -0.0158
vn 0.5141 -0.7898 -0.3345
vn -0.9740 0.1113 -0.1974
vn 0.5958 0.7917 0.1350
vn 0.2273 -0.5491 0.8043
vn 0.8001 -0.2265 -0.5554
vn 0.1027 0.8544 0.5094
vn -0.6612 -0.7079 -0.2483
vn -0.9022 -0.4147 -0.1188
vn -0.1927 0.9224 -0.3347
vn -0.7745 0.3884 0.4994
vn 0.2534 0.8780 0.4062
vn -0.4655 -0.4788 -0.7444
vn -0.9710 -0.2119 -0.1107
vn 0.8871 0.0911 0.4526
vn 0.3920 -0.7878 -0.4750
vn 0.6112 0.7900 -0.0488
vn 0.8188 0.2118 0.5335
vn -0.2502 0.7036 0.6651
vn -0.0310 0.3900 0.9203
vn 0.3887 0.8858 0.2534
vn -0.7429 -0.4640 -0.4825
vn -0.0644 0.7895 -0.6103
vn 0.3531 0.8891 0.2912
vn 0.1767 -0.8019 -0.5707
vn 0.8057 0.4844 -0.3409
vn -0.4854 0.8054 -0.3403
vn 0.2879 -0.4483 -0.8463
vn -0.6092 0.0002 -0.7930
vn -0.3989 0.4238 -0.8132
vn 0.5334 -0.7182 0.4469
vn 0.2692 0.4809 0.8344
vn -0.0082 -0.7068 0.7073
vn -0.7043 0.3186 0.6344
vn -0.7849 0.3425 0.5163
vn -0.3258 -0.4337 0.8401
vn -0.4271 -0.9027 -0.0531
vn 0.4368 -0.2323 -0.8690
vn -0.0193 0.8042 0.5940
vn -0.3340 -0.4866 0.8072
vn 0.5681 -0.8037 0.1771
vn -0.6819 0.1978 -0.7042
vn -0.6302 -0.2614 0.7311
vn -0.6291 0.7322 0.2609
vn -0.6823 -0.7037 -0.1979
vn -0.0868 0.4729 -0.8768
vn -0.0891 0.1089 -0.9900
vn -0.5800 0.3970 -0.7114
vn -0.4990 0.8662 0.0274
vn 0.4794 -0.5510 0.6831
vn -0.5396 -0.8066 0.2414
vn 0.0052 0.8114 0.5845
vn 0.8114 -0.0053 0.5845
vn -0.0052 -0.8114 0.5845
vn -0.8114 0.0053 0.5845
vn 0.5816 0.8134 -0.0049
vn 0.5816 -0.0049 -0.8134
vn 0.5816 -0.8134 0.0049
vn 0.5816 0.0049 0.8134
vn 0.4718 -0.8672 0.1593
vn 0.4968 0.0027 -0.8678
vn -0.5122 -0.6933 0.5069
vn 0.5972 -0.2447 0.7639
vn -0.5527 -0.1772 0.8143
vn 0.9051 -0.0477 0.4226
vn 0.5992 0.1711 0.7821
vn -0.6160 0.2819 0.7356
vn -0.6946 0.7106 -0.1123
vn 0.6493 -0.0276 0.7600
vn 0.3059 0.8886 -0.3418
vn -0.4234 0.7658 -0.4841
vn -0.8603 -0.5022 0.0874
vn 0.6007 -0.7810 0.1710
vn 0.7618 0.6264 -0.1652
vn 0.0570 -0.7945 -0.6046
vn 0.7405 0.0072 0.6721
vn 0.8356 -0.5393 -0.1044
vn -0.9960 0.0173 0.0878
vn 0.7954 -0.6061 -0.0000
vn -0.3059 -0.8886 -0.3418
vn 0.0098 0.9960 0.0893
vn 0.1037 0.0016 -0.9946
vn 0.9960 0.0171 0.0878
vn -0.8357 -0.5392 -0.1045
vn -0.6938 0.5684 0.4423
vn 0.3019 0.2089 0.9302
vn -0.3997 -0.9164 -0.0188
vn -0.6334 -0.3600 -0.6850
vn 0.1129 0.6899 -0.7151
vn 0.2777 0.6798 -0.6788
vn 0.1618 -0.7219 -0.6728
vn 0.1202 -0.7360 -0.6663
vn -0.6334 0.2844 -0.7196
vn -0.3382 0.7657 -0.5471
vn -0.6735 -0.0250 -0.7388
vn 0.2145 0.7906 -0.5735
vn -0.2057 -0.0140 0.9785
vn -0.5136 -0.5050 0.6937
vn -0.3836 -0.8143 0.4355
vn 0.4178 -0.3396 0.8427
vn -0.1757 -0.7832 -0.5964
vn -0.4415 0.8806 -0.1721
vn -0.2972 -0.2875 0.9105
vn -0.4884 0.7065 -0.5122
vn -0.4523 -0.8563 0.2493
vn -0.4993 -0.5493 0.6700
vn -0.8520 -0.4300 -0.2985
vn -0.3546 -0.8607 -0.3652
vn -0.4582 0.8495 -0.2616
vn -0.4115 0.8477 0.3347
vn -0.4681 0.7248 0.5054
vn -0.4238 0.3852 0.8197
vn -0.6736 0.6454 -0.3601
vn -0.1078 -0.8966 -0.4294
vn -0.6092 -0.6819 -0.4048
vn 0.4235 0.7119 -0.5602
vn -0.5020 0.0272 0.8644
vn -0.3307 -0.6524 0.6819
vn 0.6210 0.5638 0.5445
vn 0.5992 -0.1726 0.7818
vn -0.5613 -0.8143 0.1479
vn -0.6888 -0.2101 -0.6939
vn 0.6493 0.0260 0.7601
vn 0.2800 -0.6787 -0.6789
vn 0.1120 -0.6900 -0.7150
vn -0.6364 0.3589 -0.6828
vn -0.6311 -0.2852 -0.7214
vn 0.1210 0.7358 -0.6663
vn 0.1592 0.7226 -0.6727
vn 0.5868 0.2917 -0.7553
vn 0.6264 -0.1076 -0.7720
vn -0.2119 0.5735 -0.7913
vn -0.3302 -0.7477 -0.5762
vn 0.3768 0.7412 -0.5555
vn -0.8264 0.5631 -0.0000
vn -0.5602 0.8284 -0.0000
vn 0.5592 -0.8290 -0.0000
vn 0.8315 0.0014 -0.5556
vn 0.0009 -0.5676 -0.8233
vn 0.0009 -0.5556 0.8315
vn 0.0115 -0.5818 -0.8133
vn 0.8133 -0.5818 0.0115
vn -0.0115 -0.5818 0.8133
vn -0.8133 -0.5818 -0.0115
vn -0.3097 -0.0335 -0.9503
vn -0.0869 -0.4729 -0.8768
vn -0.5523 -0.2610 -0.7917
vn -0.7849 -0.3425 0.5164
vn -0.8041 0.2765 0.5262
vn -0.3258 0.4340 0.8399
vn -0.6290 0.7593 -0.1669
vn 0.7961 0.0514 -0.6030
vn -0.6066 0.7950 -0.0010
vn 0.6290 0.7593 -0.1669
vn -0.7808 -0.6015 0.1688
vn -0.7618 -0.6264 -0.1652
vn -0.0570 0.7945 -0.6046
vn -0.6290 -0.7593 -0.1667
vn 0.7809 0.6015 0.1688
vt -0.866563 0.453496
vt -0.255017 0.427330
vt -0.229840 0.453495
vt -0.866599 0.470843
vt -0.231991 0.473027
vt -0.868711 0.473027
vt -0.232025 0.488317
vt -0.868745 0.488318
vt -0.253119 0.510140
vt -0.889839 0.510140
vt -0.889585 0.392541
vt -0.252911 0.407836
vt -0.889638 0.407836
vt -0.255006 0.410003
vt -0.891733 0.410004
vt -0.891743 0.427330
vt -0.293733 0.453528
vt -0.827852 0.427362
vt -0.277722 0.427362
vt -0.827889 0.410016
vt -0.277758 0.410016
vt -0.279104 0.407831
vt -0.279137 0.392541
vt -0.829234 0.407832
vt -0.829268 0.392541
vt -0.829014 0.510140
vt -0.292333 0.488316
vt -0.278887 0.510139
vt -0.842460 0.488317
vt -0.292379 0.473020
vt -0.842506 0.473021
vt -0.293714 0.470853
vt -0.843861 0.453528
vt -0.843841 0.470854
vt -0.370602 0.484535
vt -0.750984 0.510140
vt -0.750984 0.484535
vt -0.370601 0.470467
vt -0.750980 0.407004
vt -0.370599 0.423364
vt -0.750981 0.423364
vt -0.370600 0.453712
vt -0.750982 0.453712
vt -0.750983 0.469677
vt -0.370598 0.392541
vt -0.750980 0.392541
vt -0.750984 0.484536
vt -0.370601 0.453712
vt -0.136670 0.510121
vt -0.984910 0.484544
vt -0.984910 0.510140
vt -0.984912 0.392541
vt -0.136670 0.406622
vt -0.136670 0.392558
vt -0.136670 0.484524
vt -0.984911 0.470085
vt 0.731252 0.340290
vt 0.726024 0.341931
vt 0.726024 0.340289
vt 0.721173 0.341932
vt 0.720569 0.340290
vt 0.694607 0.341942
vt 0.694606 0.340300
vt 0.762586 0.340293
vt 0.757737 0.341934
vt 0.757737 0.340293
vt 0.752509 0.341934
vt 0.752509 0.340292
vt 0.731251 0.341931
vt -0.984912 0.484540
vt -0.136670 0.510138
vt -0.984912 0.510140
vt -0.136670 0.406625
vt -0.984910 0.392541
vt -0.136670 0.392559
vt -0.136670 0.453720
vt -0.984912 0.470079
vt -0.984912 0.453715
vt -0.136670 0.423377
vt -0.984910 0.423358
vt -0.984910 0.407396
vt -0.136670 0.484537
vt 0.620938 0.105999
vt 0.029061 0.097405
vt 0.620938 0.097405
vt 0.620939 0.114261
vt 0.029061 0.106000
vt 0.620939 0.122856
vt 0.029061 0.114264
vt 0.029061 0.089142
vt 0.620938 0.089141
vt 0.464451 0.804469
vt 0.656961 0.807738
vt 0.464451 0.807738
vt 0.655359 0.991764
vt -0.535550 0.807738
vt -0.344641 0.990103
vt -0.344641 0.807738
vt -0.326433 0.356322
vt -0.323065 0.311853
vt -0.323086 0.356322
vt -0.396933 0.381824
vt -0.352137 0.385147
vt -0.396935 0.385147
vt 0.271657 0.775502
vt 0.289996 0.777559
vt 0.269561 0.777559
vt 0.289996 0.805330
vt 0.271657 0.807388
vt 0.269561 0.805330
vt 0.143946 0.807497
vt 0.125027 0.805579
vt 0.146040 0.805406
vt 0.125009 0.777416
vt 0.143927 0.775475
vt 0.146023 0.777563
vt 0.160683 0.819635
vt 0.184793 0.813973
vt 0.161532 0.822005
vt 0.254100 0.821959
vt 0.230728 0.811435
vt 0.254935 0.819582
vt 0.230425 0.813945
vt -0.856441 0.777087
vt -0.728988 0.774539
vt -0.728988 0.777111
vt 0.254890 0.761873
vt -0.839711 0.758079
vt -0.856441 0.807461
vt -0.728988 0.804888
vt -0.728988 0.807461
vt -0.401130 0.453636
vt -0.720436 0.427244
vt -0.401087 0.427534
vt -0.720480 0.453346
vt -0.401173 0.472029
vt -0.720523 0.471740
vt -0.720514 0.488082
vt -0.401164 0.488371
vt -0.720517 0.509851
vt -0.720409 0.392541
vt -0.401095 0.409170
vt -0.720445 0.408879
vt -0.716240 0.428834
vt -0.405369 0.453204
vt -0.716227 0.453563
vt -0.405370 0.472152
vt -0.716228 0.472511
vt -0.716179 0.489516
vt -0.405322 0.489157
vt -0.716136 0.510140
vt -0.716298 0.392898
vt -0.405452 0.409548
vt -0.716294 0.409906
vt -0.720437 0.427244
vt -0.720518 0.509851
vt -0.401095 0.409169
vt -0.734697 0.453521
vt -0.386886 0.427383
vt -0.386886 0.453521
vt -0.734696 0.471693
vt -0.386886 0.472419
vt -0.734697 0.488380
vt -0.386886 0.488380
vt -0.734697 0.510140
vt -0.386886 0.392541
vt -0.734697 0.408506
vt -0.734697 0.392541
vt -0.386886 0.409232
vt -0.734697 0.427383
vt -0.136675 0.484538
vt -0.984900 0.510140
vt -0.136672 0.510140
vt -0.984909 0.406607
vt -0.136683 0.392553
vt -0.984906 0.453714
vt -0.136676 0.470077
vt -0.136678 0.453718
vt -0.984908 0.423360
vt -0.136681 0.423373
vt -0.136682 0.407410
vt -0.984903 0.484538
vt -0.136676 0.484531
vt -0.984911 0.510140
vt -0.136677 0.510134
vt -0.984906 0.406608
vt -0.136671 0.392541
vt -0.984905 0.392541
vt -0.136675 0.470068
vt -0.984910 0.484537
vt 0.029438 0.084864
vt 0.619735 0.073401
vt 0.620818 0.084875
vt 0.015147 0.027896
vt 0.634856 0.041821
vt 0.015150 0.041875
vt 0.617568 0.059060
vt 0.031570 0.072665
vt 0.032631 0.059112
vt 0.634855 0.015251
vt 0.015145 0.014829
vt -0.307176 0.280784
vt -0.308981 0.293100
vt -0.306273 0.295554
vt 0.665743 0.280784
vt 0.667953 0.293100
vt 0.664459 0.295554
vt 0.029424 0.003176
vt 0.620816 0.003125
vt 0.634856 0.047170
vt 0.015151 0.047224
vt -0.329086 0.295554
vt -0.331465 0.293100
vt -0.335541 0.295554
vt -0.736976 0.994402
vt -0.550504 0.994004
vt -0.737649 0.994231
vt -0.677873 0.794777
vt -0.544852 0.795478
vt -0.744223 0.834866
vt -0.743055 0.988203
vt -0.742768 0.989165
vt -0.544449 0.795898
vt -0.544564 0.987660
vt -0.544728 0.988362
vt -0.549582 0.993705
vt -0.852981 0.427330
vt -0.268602 0.453496
vt -0.852981 0.453496
vt -0.268601 0.488318
vt -0.852981 0.510140
vt -0.852981 0.488318
vt -0.268603 0.427330
vt -0.852981 0.409282
vt -0.268604 0.408558
vt 0.334554 0.273861
vt 0.343121 0.297146
vt 0.335987 0.298574
vt 0.256315 0.265292
vt 0.252799 0.274509
vt 0.244879 0.297131
vt 0.252342 0.298892
vt 0.334559 0.305708
vt -0.268602 0.471571
vt -0.852981 0.472299
vt -0.852981 0.392541
vt -0.268604 0.392541
vt -0.990944 0.710134
vt -0.961056 0.698031
vt -0.961056 0.710134
vt -0.961409 0.733703
vt -0.990944 0.745807
vt -0.990944 0.733703
vt -0.653945 0.407003
vt -0.467636 0.423362
vt -0.653945 0.425711
vt -0.467636 0.453710
vt -0.653945 0.470070
vt -0.653945 0.451362
vt 0.940452 0.197100
vt 0.953710 0.169928
vt 0.953710 0.192632
vt 0.940452 0.213814
vt 0.953710 0.202744
vt 0.953710 0.221702
vt 0.499783 0.144314
vt 0.940452 0.179019
vt 0.272799 0.242939
vt 0.986407 0.243179
vt 0.972582 0.192632
vt 0.045759 0.170511
vt 0.059214 0.197967
vt 0.045759 0.192530
vt 0.045759 0.202180
vt 0.059334 0.213814
vt 0.045759 0.222373
vt 0.059343 0.179019
vt 0.027142 0.192530
vt 0.008242 0.170511
vt 0.009553 0.222373
vt 0.897199 0.047886
vt 0.911174 0.041216
vt 0.911174 0.056639
vt 0.897199 0.041591
vt 0.911174 0.027272
vt 0.906514 0.007083
vt 0.897199 0.036025
vt 0.967861 0.041216
vt 0.987885 0.056639
vt 0.986665 0.007083
vt 0.906514 0.111053
vt 0.966551 0.098243
vt 0.983178 0.111053
vt 0.966681 0.096016
vt 0.785269 0.096016
vt 0.663581 0.970237
vt 0.666652 0.949391
vt 0.666707 0.970657
vt 0.928108 0.988424
vt 0.669278 0.992426
vt 0.669242 0.989403
vt 0.666603 0.989277
vt 0.932508 0.970410
vt 0.932030 0.988148
vt 0.666677 0.930700
vt 0.663492 0.949617
vt 0.663963 0.931902
vt 0.929343 0.970636
vt 0.932421 0.949760
vt 0.929291 0.949340
vt 0.929393 0.930693
vt 0.926720 0.927552
vt 0.669167 0.930618
vt 0.666929 0.925814
vt 0.664113 0.991596
vt 0.664031 0.988226
vt 0.863640 0.610564
vt 0.008650 0.589965
vt 0.008647 0.610564
vt 0.863642 0.589601
vt 0.008651 0.566857
vt 0.863645 0.566509
vt 0.008651 0.543728
vt 0.863648 0.543364
vt 0.008651 0.520597
vt 0.977654 0.341879
vt 0.952251 0.339440
vt 0.977654 0.339438
vt 0.934392 0.342804
vt 0.872441 0.339411
vt 0.934928 0.340559
vt 0.829086 0.339917
vt 0.860604 0.342303
vt 0.826881 0.342299
vt 0.890069 0.342314
vt 0.869439 0.339921
vt 0.890070 0.339931
vt 0.770230 0.342516
vt 0.760504 0.340009
vt 0.768698 0.339986
vt 0.879718 0.339697
vt 0.911079 0.342332
vt 0.879704 0.342274
vt 0.953854 0.342573
vt 0.911657 0.339666
vt 0.953871 0.339853
vt 0.794170 0.339931
vt 0.820469 0.342299
vt 0.793671 0.342312
vt 0.857712 0.339347
vt 0.872086 0.341664
vt 0.857713 0.341613
vt 0.864317 0.339923
vt 0.693809 0.342325
vt 0.693809 0.339906
vt 0.849156 0.339534
vt 0.711173 0.342799
vt 0.715075 0.340478
vt 0.849522 0.341886
vt 0.986191 0.339966
vt 0.864654 0.342286
vt 0.747031 0.342712
vt 0.748984 0.340404
vt 0.822672 0.339917
vt 0.712522 0.340493
vt 0.706496 0.340489
vt 0.863046 0.339920
vt 0.866996 0.342303
vt 0.740826 0.342850
vt 0.742759 0.340537
vt 0.730384 0.342567
vt 0.760494 0.342527
vt 0.876398 0.777145
vt 0.899858 0.727856
vt 0.871652 0.776011
vt 0.818301 0.800202
vt 0.904168 0.826856
vt 0.876511 0.798860
vt 0.899866 0.839054
vt 0.851826 0.796056
vt 0.854298 0.800235
vt -0.327047 0.825271
vt -0.328214 0.803207
vt -0.324301 0.800599
vt 0.732084 0.340055
vt 0.725892 0.340063
vt 0.860102 0.827689
vt 0.680025 0.827182
vt 0.672789 0.802325
vt 0.672872 0.825318
vt 0.739803 0.833736
vt 0.740579 0.828556
vt -0.126347 0.775948
vt -0.101855 0.727822
vt -0.097120 0.729176
vt -0.122291 0.778654
vt -0.321201 0.826890
vt -0.790510 0.872905
vt -0.803790 0.843095
vt -0.805889 0.872905
vt -0.767821 0.872905
vt -0.790653 0.843095
vt -0.759120 0.872905
vt -0.766910 0.843095
vt -0.834973 0.872905
vt -0.842880 0.843095
vt -0.842880 0.872905
vt -0.817390 0.872905
vt -0.834066 0.843095
vt -0.817390 0.843095
vt -0.799286 0.872905
vt -0.812638 0.872905
vt -0.789358 0.872905
vt -0.767821 0.872906
vt -0.790510 0.872906
vt -0.759120 0.872906
vt -0.834974 0.872906
vt -0.842880 0.872906
vt -0.834067 0.843095
vt -0.809985 0.872906
vt -0.805890 0.872905
vt -0.805889 0.872906
vt -0.790653 0.843094
vt -0.766910 0.843094
vt -0.834973 0.872906
vt -0.817390 0.872906
vt -0.817390 0.834766
vt -0.817390 0.881234
vt -0.790502 0.843095
vt -0.788057 0.872905
vt -0.811293 0.872905
vt -0.799286 0.843095
vt -0.832555 0.872905
vt -0.809955 0.843095
vt -0.832555 0.843095
vt -0.766910 0.872905
vt -0.759120 0.843095
vt -0.767821 0.843095
vt -0.799286 0.872906
vt -0.790402 0.881234
vt -0.810111 0.843095
vt -0.790402 0.834766
vt -0.621131 0.383828
vt -0.619071 0.363545
vt -0.619071 0.383828
vt -0.585162 0.366308
vt -0.551053 0.383828
vt -0.548921 0.366308
vt -0.551053 0.386585
vt -0.585162 0.383828
vt -0.551053 0.363545
vt -0.585162 0.363531
vt -0.619071 0.386585
vt -0.585162 0.386585
vt -0.513264 0.706451
vt -0.695755 0.740780
vt -0.695755 0.706451
vt 0.486736 0.706451
vt 0.304245 0.697582
vt 0.304245 0.706451
vt 0.304245 0.740780
vt 0.496256 0.748823
vt 0.498910 0.740780
vt 0.291658 0.695265
vt -0.708342 0.695265
vt -0.708342 0.754646
vt 0.295500 0.758500
vt 0.304245 0.748823
vt 0.291658 0.754646
vt -0.738033 0.725545
vt 0.261968 0.725545
vt 0.494568 0.689270
vt 0.486736 0.697582
vt 0.498910 0.693726
vt -0.501090 0.740780
vt -0.501090 0.693726
vt 0.510330 0.752125
vt 0.533877 0.728578
vt -0.466123 0.728578
vt 0.761640 0.326721
vt 0.758719 0.307676
vt 0.761640 0.307676
vt 0.766523 0.300244
vt 0.991843 0.326721
vt 0.985918 0.301591
vt 0.992908 0.307676
vt 0.990778 0.294105
vt 0.761640 0.275027
vt 0.990778 0.275027
vt 0.761640 0.294105
vt 0.013338 0.885776
vt 0.136708 0.870129
vt 0.136721 0.885776
vt 0.013337 0.870129
vt 0.133902 0.864588
vt 0.010941 0.859991
vt 0.013313 0.844288
vt 0.013381 0.859991
vt 0.137861 0.859991
vt 0.137882 0.844288
vt 0.524108 0.364157
vt 0.524119 0.381756
vt 0.521990 0.381756
vt 0.492577 0.381756
vt 0.481454 0.368341
vt 0.492577 0.361484
vt 0.505994 0.364157
vt 0.492577 0.384498
vt 0.505994 0.381756
vt 0.505994 0.384498
vt 0.521990 0.361444
vt 0.505994 0.361431
vt 0.521990 0.384498
vt -0.475892 0.364157
vt -0.475881 0.381756
vt -0.478010 0.381756
vt -0.507423 0.381756
vt -0.518125 0.369292
vt -0.507423 0.364157
vt -0.494006 0.364157
vt -0.507423 0.384498
vt -0.494006 0.381756
vt -0.494006 0.384498
vt -0.507423 0.361431
vt -0.508233 0.361684
vt -0.518966 0.367390
vt -0.478010 0.361444
vt -0.494006 0.361431
vt -0.478010 0.384498
vt 0.468902 0.381457
vt 0.468902 0.364624
vt -0.475881 0.364157
vt -0.478010 0.384485
vt -0.478010 0.364157
vt -0.518125 0.376685
vt -0.508190 0.384213
vt -0.518940 0.378558
vt -0.478010 0.361431
vt 0.451090 0.366308
vt 0.448948 0.386571
vt 0.448948 0.366308
vt 0.414838 0.383828
vt 0.380929 0.366308
vt 0.378879 0.383828
vt 0.380929 0.363531
vt 0.414838 0.366308
vt 0.380929 0.386571
vt 0.414838 0.386585
vt 0.448948 0.363531
vt 0.414838 0.363531
vt 0.009056 0.710134
vt 0.038944 0.698031
vt 0.038944 0.710134
vt 0.038591 0.733703
vt 0.009056 0.745807
vt 0.009056 0.733703
vt -0.095832 0.826856
vt -0.123775 0.799145
vt -0.100154 0.838782
vt 0.907468 0.899069
vt 0.927102 0.886984
vt -0.181437 0.800100
vt -0.092489 0.898986
vt -0.140155 0.827547
vt -0.147017 0.799008
vt -0.148044 0.794266
vt -0.246650 0.872427
vt -0.260551 0.831872
vt -0.234055 0.852912
vt 0.753346 0.872520
vt -0.319841 0.827141
vt -0.258855 0.827453
vt -0.324293 0.800597
vt -0.256698 0.826889
vt -0.587467 0.589673
vt -0.991353 0.566832
vt -0.539909 0.566702
vt -0.991353 0.589948
vt -0.589704 0.610563
vt -0.991353 0.610564
vt -0.991352 0.543453
vt -0.587467 0.520512
vt -0.539909 0.543483
vt -0.537752 0.564331
vt -0.734287 0.589918
vt -0.723472 0.610519
vt -0.991353 0.589637
vt -0.734166 0.566613
vt -0.991353 0.566763
vt -0.991353 0.543671
vt -0.722531 0.543468
vt -0.722890 0.520739
vt -0.991353 0.520287
vt -0.747537 0.610564
vt -0.978364 0.589913
vt -0.989596 0.610503
vt -0.747537 0.541250
vt -0.990737 0.520721
vt -0.990680 0.543445
vt -0.978364 0.566611
vt -0.747537 0.543926
vt -0.747537 0.569106
vt -0.747537 0.588541
vt 0.792474 0.360029
vt 0.793658 0.380194
vt 0.792433 0.380874
vt 0.813667 0.360191
vt 0.795252 0.359718
vt 0.814410 0.358995
vt -0.129701 0.568530
vt -0.127745 0.588140
vt -0.129701 0.588123
vt -0.127745 0.549121
vt -0.127745 0.568605
vt -0.129701 0.530404
vt -0.129701 0.549079
vt -0.127745 0.608204
vt -0.129701 0.608185
vt -0.050299 0.549249
vt -0.050299 0.568678
vt -0.050299 0.530404
vt -0.050299 0.608202
vt -0.050299 0.588010
vt 0.870299 0.568608
vt 0.872255 0.549249
vt 0.870299 0.549292
vt 0.870299 0.588028
vt 0.872255 0.568605
vt 0.870299 0.608271
vt 0.872255 0.588009
vt 0.870299 0.530404
vt 0.872255 0.530404
vt 0.872255 0.608125
vt 0.949701 0.588140
vt 0.949701 0.549121
vt 0.949701 0.530404
vt 0.949701 0.568698
vt 0.283132 0.342183
vt 0.308879 0.317817
vt 0.308879 0.342183
vt 0.326832 0.317817
vt 0.348915 0.342183
vt 0.325521 0.342183
vt 0.350226 0.317817
vt 0.366867 0.342182
vt 0.049017 0.311469
vt 0.030984 0.338530
vt 0.030976 0.311474
vt -0.969024 0.311474
vt -0.950975 0.338525
vt -0.969016 0.338530
vt 0.742723 0.339996
vt 0.759739 0.342236
vt 0.742640 0.342236
vt 0.719541 0.340926
vt 0.700316 0.342254
vt 0.698076 0.339977
vt 0.717614 0.342235
vt 0.698075 0.339977
vt 0.719168 0.341305
vt 0.700315 0.342254
vt 0.742718 0.339994
vt 0.759738 0.342240
vt 0.742633 0.342235
vt 0.717612 0.342231
vt 0.717194 0.339991
vt 0.738325 0.372410
vt 0.745412 0.360239
vt 0.745412 0.384581
vt 0.752500 0.372410
vt -0.266874 0.360416
vt -0.267181 0.379277
vt -0.285735 0.360723
vt -0.286042 0.379584
vt 0.929062 0.994245
vt 0.667091 0.994182
vt 0.928907 0.925791
vt 0.750978 0.282840
vt 0.753235 0.316383
vt 0.750983 0.316816
vt 0.747052 0.279231
vt 0.724017 0.282185
vt 0.728540 0.279231
vt 0.721766 0.282618
vt 0.724023 0.316161
vt 0.721772 0.316698
vt 0.727949 0.319770
vt 0.746461 0.319770
vt -0.467638 0.510137
vt -0.653945 0.484533
vt -0.467637 0.484533
vt -0.467636 0.451339
vt -0.467636 0.392541
vt -0.467636 0.407003
vt -0.467637 0.470070
vt -0.669317 0.510140
vt -0.653945 0.510137
vt -0.452264 0.484535
vt -0.669319 0.451339
vt -0.452263 0.425734
vt -0.467636 0.425734
vt 0.209490 0.872906
vt 0.196210 0.843095
vt 0.194111 0.872906
vt 0.232179 0.872906
vt 0.209347 0.843094
vt 0.240880 0.872906
vt 0.233090 0.843094
vt 0.165027 0.872906
vt 0.157120 0.843095
vt 0.157120 0.872906
vt 0.182610 0.872906
vt 0.165934 0.843095
vt 0.182610 0.843095
vt 0.209599 0.834766
vt 0.182610 0.834766
vt 0.182610 0.881234
vt 0.209599 0.881234
vt 0.666351 0.098243
vt 0.666351 0.111053
vt 0.666351 0.040089
vt 0.666351 0.047886
vt 0.003500 0.955842
vt 0.213170 0.973336
vt 0.202201 0.973336
vt 0.213170 0.994728
vt 0.202201 0.995422
vt 0.202201 0.993341
vt 0.213170 0.913227
vt 0.202201 0.894579
vt 0.213170 0.894579
vt 0.248500 0.913227
vt 0.003500 0.973336
vt 0.248500 0.942339
vt 0.003500 0.939430
vt 0.248500 0.939430
vt -0.949363 0.392541
vt -0.179438 0.409281
vt -0.949364 0.408920
vt -0.046290 0.169928
vt -0.059548 0.197100
vt -0.046290 0.192632
vt -0.046290 0.202744
vt -0.059548 0.213814
vt -0.046290 0.221702
vt -0.500217 0.144314
vt -0.059548 0.179019
vt -0.727201 0.242939
vt -0.027419 0.192632
vt -0.008719 0.169928
vt -0.940786 0.197967
vt -0.954241 0.170511
vt -0.954241 0.192530
vt -0.940666 0.213814
vt -0.954241 0.202180
vt -0.954241 0.222373
vt -0.940657 0.179019
vt -0.972858 0.192530
vt -0.990447 0.222373
vt -0.214731 0.082050
vt -0.088826 0.056639
vt -0.102801 0.047886
vt -0.088826 0.041216
vt -0.102801 0.040089
vt -0.102801 0.042342
vt -0.088826 0.027272
vt -0.098809 0.007083
vt -0.102801 0.036025
vt -0.032139 0.041216
vt -0.012115 0.056639
vt -0.013737 0.027272
vt -0.013335 0.007083
vt -0.033449 0.098243
vt -0.098809 0.111053
vt -0.016822 0.111053
vt -0.241281 0.307676
vt -0.238360 0.326721
vt -0.238360 0.307676
vt -0.008157 0.326721
vt -0.014083 0.301591
vt -0.007092 0.307676
vt -0.238360 0.275027
vt -0.009222 0.294105
vt -0.009222 0.275027
vt -0.233477 0.300244
vt -0.238360 0.294105
vt -0.333649 0.036025
vt -0.786830 0.973336
vt -0.751500 0.955842
vt -0.797799 0.973336
vt -0.786830 0.994728
vt -0.797799 0.894579
vt -0.786830 0.913227
vt -0.786830 0.894579
vt -0.751500 0.926770
vt -0.797799 0.907047
vt -0.751500 0.913227
vt -0.996500 0.942339
vt -0.751500 0.942339
vt -0.996500 0.926770
vt -0.751500 0.939430
vt -0.996500 0.907047
vt -0.996500 0.894579
vt -0.996500 0.993341
vt -0.797799 0.994381
vt -0.173128 0.392711
vt 0.248500 0.994035
vt 0.248500 0.973336
vt -0.829311 0.474842
vt -0.744689 0.448589
vt -0.744689 0.474842
vt -0.829311 0.448590
vt -0.751832 0.431208
vt -0.822169 0.429905
vt -0.751832 0.428603
vt -0.828400 0.413437
vt -0.745600 0.392541
vt -0.745600 0.413438
vt -0.828400 0.510140
vt -0.751832 0.494974
vt -0.745600 0.510139
vt -0.822168 0.493599
vt -0.751832 0.492223
vt -0.700464 0.474988
vt -0.873536 0.448736
vt -0.873536 0.474988
vt -0.852753 0.493672
vt -0.721247 0.492370
vt -0.721247 0.494975
vt -0.703115 0.510140
vt -0.870886 0.510140
vt -0.870886 0.392541
vt -0.703115 0.413437
vt -0.703115 0.392541
vt -0.852753 0.429978
vt -0.721247 0.428602
vt -0.721247 0.431353
vt -0.700464 0.448736
vt -0.856854 0.474647
vt -0.717146 0.448395
vt -0.717146 0.474648
vt -0.734702 0.492370
vt -0.849582 0.493672
vt -0.855927 0.510139
vt -0.734702 0.494975
vt -0.719387 0.510140
vt -0.719387 0.392541
vt -0.855926 0.413436
vt -0.855926 0.392541
vt -0.734701 0.428603
vt -0.719387 0.413437
vt -0.856854 0.448395
vt -0.734701 0.431353
vt 0.991281 0.144383
vt 0.991281 0.169928
vt 0.967928 0.126938
vt 0.986674 0.221702
vt 0.970890 0.203975
vt 0.008242 0.144254
vt 0.031538 0.126938
vt 0.026576 0.258261
vt 0.009553 0.242939
vt 0.026576 0.203477
vt -0.672421 0.448735
vt -0.901579 0.474988
vt -0.901579 0.448736
vt -0.692473 0.492370
vt -0.881527 0.494324
vt -0.899022 0.510140
vt -0.692473 0.494975
vt -0.674978 0.510140
vt -0.674978 0.392541
vt -0.899022 0.413437
vt -0.899022 0.392541
vt -0.692473 0.428602
vt -0.881527 0.428602
vt -0.881527 0.431353
vt -0.692473 0.431353
vt 0.987494 0.082050
vt 0.785269 0.082050
vt 0.248500 0.955842
vt -0.949377 0.488318
vt -0.179440 0.473488
vt -0.173139 0.488626
vt -0.949375 0.510140
vt -0.949365 0.453496
vt -0.179439 0.470889
vt -0.949369 0.471935
vt -0.949365 0.427330
vt -0.172206 0.427345
vt -0.172206 0.453543
vt -0.751500 0.994035
vt -0.751500 0.973336
vt -0.870886 0.413437
vt -0.849582 0.429977
vt -0.008719 0.144383
vt -0.032072 0.126938
vt -0.029315 0.260998
vt -0.029315 0.258261
vt -0.973424 0.260998
vt -0.013593 0.243179
vt -0.013326 0.221702
vt -0.029111 0.203975
vt -0.991758 0.144254
vt -0.991758 0.170511
vt -0.968462 0.126938
vt -0.973424 0.258261
vt -0.973424 0.203477
vt -0.672421 0.474988
vt -0.674978 0.413437
vt -0.012506 0.082050
vt -0.033319 0.096016
vt -0.042818 0.400436
vt -0.035995 0.383255
vt -0.040130 0.401358
vt -0.044459 0.369114
vt -0.058567 0.356378
vt -0.042177 0.367570
vt -0.125730 0.482926
vt -0.180259 0.353881
vt -0.059235 0.358888
vt -0.038780 0.383520
vt -0.091400 0.395000
vt 0.957182 0.400436
vt 0.962612 0.383388
vt 0.959870 0.401358
vt 0.819741 0.355660
vt 0.941434 0.356378
vt 0.940765 0.358888
vt -0.043060 0.400722
vt -0.127620 0.480958
vt -0.180259 0.356563
vt -0.058860 0.358952
vt 0.532820 0.272839
vt 0.553578 0.269701
vt 0.556157 0.272839
vt 0.535953 0.362228
vt -0.443843 0.272839
vt -0.464047 0.362228
vt -0.443843 0.382299
vt 0.874288 0.482945
vt -0.406805 0.382299
vt 0.593195 0.382299
vt 0.593195 0.272839
vt -0.916477 0.371504
vt -0.923824 0.362506
vt -0.908816 0.358100
vt -0.918272 0.350070
vt -0.907322 0.349918
vt -0.861936 0.295412
vt -0.872418 0.268188
vt -0.860881 0.268188
vt -0.873473 0.295412
vt -0.887201 0.268187
vt 0.090050 0.360615
vt 0.081711 0.350162
vt 0.076846 0.361770
vt 0.796995 0.786144
vt 0.788090 0.759480
vt 0.796958 0.759470
vt 0.734523 0.785383
vt 0.728779 0.762868
vt 0.735157 0.760141
vt -0.898959 0.295413
vt -0.887102 0.295413
vt 0.764759 0.786186
vt 0.737627 0.786205
vt 0.771397 0.786179
vt 0.771543 0.759498
vt 0.785181 0.786162
vt 0.083422 0.371636
vt 0.067888 0.367620
vt -0.967164 0.358093
vt -0.957701 0.350071
vt -0.952161 0.362510
vt -0.838782 0.268188
vt -0.849790 0.295412
vt -0.849790 0.268188
vt -0.823999 0.268188
vt -0.837726 0.295412
vt 0.033967 0.360610
vt 0.042316 0.350164
vt 0.031349 0.349910
vt 0.558184 0.759478
vt 0.549295 0.786134
vt 0.549320 0.759470
vt -0.959421 0.371645
vt -0.943393 0.367758
vt 0.617438 0.762841
vt 0.611698 0.785347
vt 0.611032 0.760120
vt -0.812241 0.295411
vt -0.824098 0.295412
vt 0.581061 0.786156
vt 0.608601 0.786169
vt 0.574902 0.759496
vt 0.574831 0.786157
vt 0.561101 0.786145
vt 0.040562 0.371603
vt 0.047169 0.361775
vt 0.728776 0.782869
vt -0.991000 0.588484
vt -0.615207 0.610564
vt -0.979388 0.610156
vt -0.579314 0.569193
vt -0.579314 0.587590
vt -0.990998 0.567367
vt -0.618553 0.543928
vt -0.581026 0.566825
vt -0.977987 0.542338
vt -0.620335 0.523118
vt -0.620335 0.541514
vt -0.659121 0.543491
vt -0.991352 0.520463
vt -0.991353 0.543580
vt -0.659119 0.610560
vt -0.991352 0.589813
vt -0.991352 0.610564
vt -0.659119 0.589715
vt -0.991352 0.566697
vt -0.659120 0.566599
vt -0.773724 0.589813
vt -0.773740 0.610564
vt -0.991320 0.589719
vt -0.773706 0.566696
vt -0.991287 0.566602
vt -0.773685 0.543580
vt -0.991254 0.543486
vt -0.773664 0.520463
vt -0.991352 0.589584
vt -0.659120 0.566829
vt -0.659119 0.589944
vt -0.991352 0.566467
vt -0.659121 0.543721
vt -0.991353 0.543351
vt -0.659121 0.520611
vt -0.245690 0.895373
vt -0.180762 0.872194
vt -0.179223 0.874012
vt -0.161619 0.837906
vt -0.165693 0.836852
vt -0.165423 0.894759
vt -0.133301 0.905490
vt -0.131111 0.904491
vt -0.128868 0.902090
vt -0.241216 0.911894
vt -0.240105 0.913665
vt -0.248972 0.906604
vt -0.157417 0.835248
vt -0.155982 0.838557
vt -0.126364 0.899483
vt -0.165794 0.894745
vt -0.246134 0.894297
vt -0.248367 0.905255
vt 0.819238 0.872194
vt 0.754310 0.895373
vt 0.820777 0.874012
vt 0.838381 0.837906
vt 0.866699 0.905490
vt 0.834440 0.897206
vt 0.870098 0.906811
vt 0.871132 0.902090
vt 0.759303 0.915018
vt 0.758784 0.911894
vt 0.749477 0.906558
vt 0.834307 0.836852
vt 0.842583 0.835248
vt 0.874731 0.899601
vt 0.844018 0.838557
vt 0.834206 0.894745
vt 0.752359 0.893366
vt 0.751633 0.905255
vt -0.240194 0.912319
vt -0.179233 0.873939
vt -0.163613 0.838718
vt -0.128035 0.899851
vt -0.839900 0.295413
vt -0.832759 0.268187
vt -0.832759 0.295413
vt -0.852427 0.295413
vt -0.843545 0.268187
vt -0.867655 0.295413
vt -0.858773 0.268187
vt -0.878441 0.295413
vt -0.871300 0.268187
vt -0.745600 0.330371
vt -0.757757 0.332333
vt -0.757184 0.335377
vt -0.737349 0.323947
vt -0.735468 0.313398
vt -0.780558 0.313376
vt -0.769507 0.318614
vt -0.771687 0.312632
vt -0.878797 0.268187
vt -0.889346 0.295412
vt -0.889346 0.268187
vt -0.748333 0.320956
vt -0.866849 0.268187
vt -0.877842 0.295412
vt -0.760519 0.324542
vt -0.769794 0.331459
vt -0.856127 0.268187
vt -0.866849 0.295413
vt -0.844351 0.268187
vt -0.855073 0.295413
vt -0.833358 0.268187
vt -0.844351 0.295413
vt -0.821854 0.268187
vt -0.832403 0.295413
vt -0.840846 0.295413
vt -0.844974 0.268187
vt -0.832736 0.268187
vt -0.853698 0.295413
vt -0.857502 0.268187
vt -0.866226 0.295413
vt -0.870354 0.268187
vt -0.878464 0.295413
vt -0.878441 0.268187
vt 0.249636 0.330943
vt 0.262489 0.324191
vt 0.250279 0.333931
vt 0.222174 0.325170
vt 0.218573 0.313568
vt 0.224521 0.323053
vt -0.764859 0.334421
vt -0.750977 0.331156
vt -0.749448 0.333835
vt 0.235420 0.331276
vt 0.234965 0.334363
vt -0.777826 0.325170
vt -0.765201 0.331072
vt -0.781427 0.313568
vt -0.775479 0.323053
vt -0.737511 0.324191
vt 0.265366 0.313574
vt 0.253401 0.319341
vt 0.255995 0.312798
vt -0.771692 0.312612
vt -0.821854 0.295413
vt -0.832681 0.268187
vt 0.259698 0.322902
vt -0.766522 0.321998
vt -0.833525 0.295413
vt -0.847847 0.268187
vt 0.243884 0.324714
vt -0.756116 0.324714
vt -0.848801 0.295413
vt -0.862572 0.268187
vt 0.233478 0.321998
vt -0.746599 0.319341
vt -0.740302 0.322902
vt -0.863626 0.295413
vt -0.877675 0.268187
vt 0.228308 0.312612
vt -0.734634 0.313574
vt -0.744005 0.312798
vt -0.878519 0.295413
vt -0.991073 0.544168
vt -0.780923 0.520618
vt -0.979818 0.520016
vt -0.736791 0.564357
vt -0.736791 0.546185
vt -0.991072 0.566378
vt -0.780923 0.589873
vt -0.738040 0.566856
vt -0.979817 0.590480
vt -0.782210 0.610564
vt -0.782210 0.592393
vt 0.680126 0.358794
vt 0.680127 0.384206
vt 0.680307 0.384569
vt 0.706693 0.384569
vt 0.706873 0.358794
vt 0.706873 0.384206
vt 0.706693 0.358431
vt 0.680307 0.358431
vt -0.293127 0.384206
vt -0.293127 0.358794
vt -0.293307 0.384569
vt -0.319693 0.384569
vt -0.319874 0.384206
vt -0.319874 0.358794
vt -0.293307 0.358431
vt -0.319693 0.358431
vt 0.097339 0.330641
vt 0.106298 0.321548
vt 0.117203 0.330999
vt -0.851237 0.268187
vt -0.845232 0.295413
vt -0.863872 0.295413
vt -0.885948 0.320577
vt -0.872340 0.325951
vt -0.886866 0.332321
vt -0.842338 0.268187
vt -0.849299 0.295413
vt -0.853183 0.268187
vt 0.084508 0.321363
vt 0.096785 0.317907
vt -0.836551 0.268187
vt -0.830545 0.295413
vt -0.831492 0.268187
vt -0.835926 0.295413
vt -0.863256 0.313913
vt -0.875686 0.313648
vt -0.871880 0.303239
vt 0.077623 0.303542
vt 0.090384 0.310041
vt -0.822534 0.268187
vt -0.812685 0.295413
vt -0.922413 0.303266
vt -0.906938 0.314391
vt -0.915492 0.321363
vt -0.898770 0.268187
vt -0.881993 0.295413
vt -0.898678 0.295413
vt -0.875110 0.268187
vt -0.887057 0.295413
vt -0.887277 0.268187
vt -0.898701 0.320348
vt -0.902661 0.330641
vt 0.133188 0.320206
vt 0.116374 0.319989
vt 0.124313 0.313648
vt -0.880655 0.268187
vt -0.864028 0.268187
vt -0.874049 0.295413
vt -0.863040 0.295413
vt -0.860759 0.303062
vt -0.812241 0.268187
vt -0.823844 0.268187
vt -0.824033 0.295413
vt -0.812241 0.295413
vt -0.990012 0.378768
vt -0.915360 0.375968
vt -0.885961 0.378760
vt -0.990154 0.383776
vt -0.885847 0.383749
vt 0.111431 0.380685
vt 0.009883 0.383629
vt 0.114136 0.383682
vt 0.766269 0.759503
vt 0.580284 0.759502
vt -0.960891 0.376101
vt -0.581026 0.589953
vt -0.961452 0.368616
vt -0.953553 0.360419
vt -0.967164 0.358094
vt -0.957729 0.349918
vt -0.968651 0.349910
vt -0.849308 0.268187
vt -0.836230 0.295412
vt -0.850356 0.295412
vt -0.834729 0.268188
vt -0.824059 0.295412
vt -0.968642 0.349982
vt -0.954302 0.359222
vt -0.803218 0.295413
vt -0.812632 0.268188
vt -0.803135 0.268188
vt -0.810129 0.268188
vt -0.824059 0.268188
vt -0.834851 0.295412
vt -0.826372 0.268188
vt -0.818960 0.295412
vt -0.835998 0.268187
vt -0.960069 0.374815
vt -0.943874 0.367622
vt -0.914538 0.368613
vt -0.920667 0.358139
vt -0.930194 0.366566
vt -0.918243 0.349916
vt -0.887141 0.295413
vt -0.879074 0.268187
vt -0.878026 0.295412
vt -0.864274 0.268187
vt -0.864202 0.295412
vt -0.914244 0.368227
vt -0.920224 0.357248
vt -0.907379 0.350231
vt -0.898568 0.268188
vt -0.907701 0.295413
vt -0.908065 0.268188
vt -0.901071 0.268188
vt -0.887141 0.268187
vt -0.885402 0.295412
vt -0.875202 0.268187
vt -0.884829 0.268188
vt -0.915984 0.375657
vt -0.885908 0.320514
vt -0.872340 0.325952
vt 0.138923 0.295413
vt 0.122083 0.268187
vt 0.140611 0.268187
vt -0.873508 0.326839
vt -0.875088 0.312321
vt -0.887190 0.320906
vt -0.876528 0.295413
vt -0.861734 0.268188
vt -0.860326 0.295413
vt -0.863256 0.313914
vt 0.120394 0.295413
vt 0.102710 0.268188
vt -0.919662 0.314587
vt -0.911307 0.303339
vt -0.906938 0.314392
vt -0.836206 0.295413
vt -0.824466 0.268187
vt -0.824248 0.295413
vt -0.910860 0.325951
vt -0.907513 0.313649
vt -0.920225 0.313240
vt 0.185246 0.295413
vt 0.168405 0.268187
vt 0.186934 0.268187
vt -0.847007 0.295413
vt -0.837190 0.268187
vt -0.899609 0.331894
vt -0.899574 0.319989
vt 0.166717 0.295413
vt 0.153665 0.268187
vt -0.888325 0.332511
vt 0.153665 0.295413
vt -0.847991 0.268187
vt -0.871880 0.303236
vt -0.871857 0.303062
vt 0.089723 0.295413
vt 0.102710 0.295413
vt -0.887028 0.295413
vt -0.886843 0.268187
vt -0.922441 0.303062
vt -0.911334 0.303133
vt 0.199077 0.295413
vt -0.900994 0.268187
vt -0.810206 0.268187
vt -0.875202 0.295412
vt -0.991346 0.589964
vt -0.925041 0.610564
vt -0.925042 0.589600
vt -0.991344 0.520597
vt -0.925041 0.542951
vt -0.925041 0.520232
vt -0.991344 0.543134
vt -0.925041 0.566489
vt -0.991344 0.566857
vt 0.081283 0.691541
vt 0.069036 0.687664
vt 0.083922 0.690675
vt 0.065031 0.692297
vt 0.058561 0.695909
vt 0.057740 0.701576
vt 0.057693 0.714227
vt 0.060413 0.714788
vt 0.069107 0.724242
vt 0.074896 0.722217
vt 0.082371 0.722427
vt 0.088535 0.713413
vt 0.092298 0.706988
vt 0.090173 0.701676
vt -0.820080 0.329970
vt -0.835955 0.314170
vt -0.837901 0.328638
vt -0.868341 0.295412
vt -0.878552 0.268187
vt -0.858843 0.268187
vt -0.850638 0.316654
vt -0.872096 0.295413
vt -0.866812 0.268187
vt -0.857130 0.295412
vt -0.841864 0.303582
vt -0.854857 0.303890
vt -0.839353 0.310759
vt -0.845550 0.323145
vt -0.887628 0.295412
vt -0.902256 0.268187
vt -0.799982 0.347881
vt -0.817603 0.349169
vt -0.811426 0.337984
vt -0.869873 0.295413
vt -0.880291 0.268187
vt -0.812213 0.362697
vt -0.899022 0.268288
vt -0.883714 0.295504
vt -0.900214 0.295512
vt -0.853826 0.268187
vt -0.852883 0.295413
vt -0.841327 0.268187
vt -0.839462 0.347162
vt -0.850951 0.355209
vt -0.857190 0.338123
vt -0.811582 0.268288
vt -0.802520 0.295513
vt -0.818125 0.295512
vt -0.803528 0.319428
vt -0.811063 0.303862
vt -0.797974 0.303725
vt -0.808666 0.295412
vt -0.826877 0.268187
vt -0.808717 0.268187
vt -0.844632 0.295412
vt -0.831374 0.295412
vt -0.804356 0.320507
vt -0.814971 0.312243
vt -0.828382 0.295413
vt -0.842860 0.268187
vt -0.827789 0.317552
vt -0.814952 0.328638
vt -0.829451 0.330902
vt -0.848631 0.295413
vt -0.854916 0.303442
vt -0.902789 0.295412
vt -0.880353 0.295412
vt -0.880131 0.268187
vt -0.830847 0.268187
vt -0.800532 0.349187
vt -0.811425 0.337922
vt -0.815602 0.347161
vt -0.797841 0.337922
vt -0.908850 0.268288
vt -0.880429 0.295413
vt -0.843633 0.337985
vt -0.857216 0.337922
vt -0.854805 0.348533
vt -0.802350 0.268288
vt -0.830772 0.268187
vt -0.830909 0.295413
vt -0.893914 0.268187
vt -0.894064 0.295413
vt -0.817212 0.268187
vt -0.817136 0.268187
vt -0.817210 0.295412
vt -0.842418 0.374709
vt -0.812557 0.383233
vt -0.842501 0.383233
vt -0.873427 0.295503
vt -0.868169 0.274047
vt -0.868233 0.289743
vt -0.812563 0.383227
vt -0.842420 0.374703
vt -0.842503 0.383227
vt -0.837773 0.295503
vt -0.842966 0.274047
vt -0.837773 0.268288
vt -0.842847 0.362693
vt -0.830163 0.352531
vt -0.840509 0.346708
vt -0.812646 0.374703
vt -0.842418 0.363025
vt -0.827939 0.295503
vt -0.883273 0.268287
vt -0.873427 0.268287
vt -0.812640 0.374709
vt -0.829243 0.353212
vt -0.812634 0.363012
vt -0.823402 0.330902
vt -0.824781 0.318050
vt 0.170549 0.330902
vt 0.172211 0.317552
vt 0.154450 0.323145
vt -0.890388 0.295404
vt -0.909155 0.268188
vt -0.910764 0.295412
vt -0.841326 0.268187
vt 0.149049 0.355209
vt 0.160538 0.347162
vt 0.142810 0.338123
vt -0.790117 0.295413
vt -0.801171 0.268188
vt -0.809389 0.295412
vt -0.820390 0.295412
vt -0.800503 0.314188
vt -0.809713 0.325613
vt 0.196472 0.319428
vt 0.183254 0.314722
vt 0.185047 0.328638
vt -0.836374 0.295413
vt -0.852357 0.295413
vt -0.797937 0.303442
vt -0.810970 0.303442
vt -0.808460 0.295412
vt -0.797850 0.337922
vt -0.921293 0.268188
vt -0.843633 0.337984
vt -0.789770 0.268188
vt -0.830771 0.268187
vt 0.187443 0.383233
vt 0.157582 0.374709
vt 0.157499 0.383233
vt -0.877684 0.295403
vt -0.871123 0.273947
vt -0.877547 0.268187
vt -0.839998 0.273947
vt -0.833653 0.295403
vt -0.833516 0.268188
vt -0.871201 0.289643
vt -0.820812 0.268188
vt -0.821509 0.295403
vt -0.889707 0.268187
vt 0.187360 0.374709
vt 0.157582 0.363025
vt 0.170757 0.353212
vt 0.187787 0.362697
vt 0.182397 0.349169
vt 0.239009 0.685950
vt 0.226900 0.751222
vt 0.226373 0.749360
vt -0.760999 0.687242
vt -0.774902 0.749366
vt -0.786396 0.687242
vt 0.212350 0.687451
vt 0.621309 0.700986
vt 0.589321 0.700509
vt 0.563109 0.686426
vt 0.803891 0.687324
vt 0.777228 0.701129
vt 0.745440 0.701515
vt -0.196109 0.687324
vt -0.254604 0.701721
vt -0.221938 0.702486
vt -0.436891 0.686426
vt -0.408573 0.699268
vt -0.378379 0.701296
vt 0.909898 0.342905
vt 0.840337 0.339323
vt 0.910311 0.339322
vt -0.216723 0.742044
vt -0.230227 0.729087
vt 0.796240 0.342892
vt 0.766782 0.339340
vt 0.800186 0.339340
vt 0.783894 0.741091
vt 0.779568 0.705530
vt 0.824272 0.339323
vt 0.727120 0.342909
vt 0.727194 0.339330
vt 0.838949 0.342902
vt 0.824457 0.342902
vt 0.805695 0.343013
vt 0.916627 0.339137
vt 0.916540 0.343091
vt 0.791351 0.339528
vt 0.789978 0.343027
vt 0.704456 0.343027
vt 0.943070 0.339205
vt 0.943544 0.343027
vt 0.838991 0.339340
vt 0.802164 0.342892
vt 0.773046 0.747450
vt 0.745005 0.723905
vt 0.769695 0.729244
vt 0.740767 0.342892
vt 0.766753 0.342892
vt -0.417253 0.740372
vt -0.412132 0.702469
vt 0.721627 0.339644
vt 0.721633 0.343131
vt 0.804649 0.342811
vt 0.839213 0.339434
vt 0.839749 0.342812
vt 0.866301 0.339434
vt 0.765859 0.339427
vt 0.739382 0.342797
vt 0.739383 0.339420
vt 0.671017 0.711585
vt 0.621848 0.723353
vt 0.772248 0.339467
vt 0.763738 0.342722
vt 0.763842 0.339461
vt 0.865309 0.342892
vt 0.838777 0.342892
vt 0.809752 0.339489
vt 0.838103 0.342770
vt 0.809474 0.342756
vt 0.788182 0.339481
vt 0.752609 0.339461
vt 0.752609 0.342721
vt 0.778579 0.342738
vt 0.772312 0.342731
vt 0.779344 0.339473
vt 0.787374 0.342746
vt 0.674755 0.716318
vt 0.681943 0.717861
vt 0.682019 0.728873
vt 0.674285 0.704997
vt -0.317985 0.728945
vt -0.318037 0.717964
vt -0.325304 0.716301
vt -0.378415 0.723672
vt -0.328825 0.712258
vt -0.326358 0.705333
vt 0.766407 0.342804
vt 0.796071 0.339433
vt 0.798844 0.342811
vt 0.960455 0.852055
vt 0.978863 0.901418
vt 0.960455 0.901424
vt 0.943203 0.764495
vt 0.950797 0.986505
vt 0.943203 0.986500
vt -0.056797 0.764495
vt -0.049203 0.986505
vt -0.056797 0.986500
vt -0.021137 0.852047
vt -0.039545 0.901424
vt -0.039545 0.852055
vt 0.978863 0.905349
vt 0.960455 0.990856
vt 0.960455 0.905366
vt -0.003971 0.753238
vt -0.014781 0.996762
vt -0.014797 0.753238
vt 0.978863 0.991505
vt 0.960455 0.991512
vt 0.985219 0.996762
vt 0.996029 0.753238
vt 0.996045 0.996762
vt -0.039545 0.760991
vt -0.021137 0.848023
vt -0.039545 0.848005
vt 0.960455 0.760991
vt 0.978863 0.848023
vt 0.960455 0.848005
vt -0.003955 0.996762
vt 0.978863 0.760333
vt 0.960455 0.760313
vt -0.021137 0.905349
vt -0.039545 0.990856
vt -0.039545 0.905366
vt -0.021137 0.904121
vt -0.079615 0.785540
vt -0.081766 0.768875
vt -0.087183 0.785469
vt 0.960455 0.849341
vt -0.039545 0.904128
vt -0.021137 0.902782
vt -0.064389 0.761636
vt -0.068110 0.755468
vt 0.978863 0.849355
vt 0.960455 0.850722
vt -0.039545 0.902785
vt -0.021137 0.901418
vt -0.049568 0.755952
vt -0.049575 0.748278
vt 0.978863 0.850732
vt -0.021137 0.849355
vt -0.039545 0.849341
vt 0.920385 0.785540
vt 0.918234 0.768875
vt 0.912817 0.785469
vt -0.021137 0.850732
vt -0.039545 0.850722
vt 0.924707 0.772309
vt 0.931890 0.755468
vt 0.960455 0.902785
vt 0.978863 0.902782
vt 0.950432 0.755952
vt 0.950425 0.748278
vt -0.659119 0.589579
vt -0.991352 0.566832
vt -0.991352 0.589949
vt -0.659120 0.566464
vt -0.991353 0.543715
vt -0.659121 0.543356
vt -0.991352 0.520599
vt -0.887394 0.366552
vt -0.863980 0.371219
vt -0.892018 0.371219
vt -0.892018 0.357123
vt -0.863980 0.357123
vt -0.868605 0.366552
vt -0.868605 0.357047
vt -0.868605 0.348187
vt -0.863964 0.345959
vt -0.892020 0.371219
vt -0.863982 0.371219
vt -0.863982 0.357123
vt -0.892020 0.357123
vt -0.863965 0.345959
vt 0.506974 0.272485
vt 0.515909 0.351515
vt 0.506974 0.351515
vt 0.384091 0.351515
vt 0.401702 0.272485
vt 0.401702 0.351515
vt 0.410636 0.351515
vt 0.471959 0.272485
vt 0.485238 0.351515
vt 0.471958 0.351515
vt 0.432373 0.272485
vt 0.445652 0.351515
vt 0.432373 0.351515
vt 0.419314 0.281239
vt 0.423662 0.342761
vt 0.419314 0.342761
vt 0.493949 0.281239
vt 0.498297 0.342761
vt 0.493949 0.342761
vt -0.267152 0.379225
vt -0.285608 0.360769
vt -0.266817 0.360508
vt -0.266817 0.378865
vt -0.285175 0.360509
vt -0.265959 0.360508
vt -0.021911 0.432951
vt -0.032716 0.444196
vt -0.036372 0.437304
vt 0.967299 0.443823
vt 0.966321 0.433190
vt 0.962716 0.438698
vt 0.980850 0.437083
vt -0.006887 0.656114
vt -0.995314 0.652797
vt -0.003442 0.651608
vt -0.999656 0.634692
vt -0.000033 0.626137
vt -0.000023 0.634729
vt -0.996353 0.674800
vt -0.004317 0.669518
vt -0.003329 0.674791
vt -0.992790 0.666153
vt -0.999645 0.626100
vt -0.000037 0.617299
vt 0.977815 0.442752
vt 0.980261 0.454235
vt 0.979865 0.410271
vt 0.979026 0.398564
vt 0.975233 0.404157
vt 0.003332 0.674818
vt 0.995687 0.669542
vt 0.996670 0.674810
vt 0.000038 0.626102
vt 0.999964 0.617299
vt 0.999967 0.626140
vt -0.009910 0.409867
vt -0.009029 0.398563
vt -0.005237 0.404152
vt 0.996556 0.651618
vt 0.003333 0.647462
vt 0.996670 0.647500
vt 0.993110 0.656127
vt 0.004386 0.652828
vt 0.999994 0.643575
vt 0.000027 0.634697
vt 0.999977 0.634735
vt 0.006896 0.666168
vt -0.023841 0.402763
vt -0.020101 0.410010
vt 0.990114 0.410141
vt 0.993762 0.402646
vt 0.814744 0.361785
vt -0.747537 0.565454
vt 0.793656 0.360804
vt -0.206342 0.380194
vt -0.207526 0.360029
vt -0.207567 0.380874
vt -0.204748 0.359718
vt -0.186333 0.360191
vt -0.185590 0.358995
vt -0.185237 0.379224
vt -0.186349 0.380835
vt -0.185617 0.382050
vt -0.204748 0.381275
vt -0.537752 0.545853
vt -0.991352 0.520361
vt -0.589704 0.518099
vt 0.962971 0.537169
vt 0.965075 0.531237
vt 0.959884 0.531237
vt 0.968162 0.537169
vt 0.970265 0.531237
vt 0.973275 0.537169
vt 0.975456 0.531237
vt 0.978425 0.537169
vt 0.981804 0.531237
vt 0.985116 0.537169
vt 0.989591 0.531237
vt 0.991443 0.537169
vt 0.996220 0.531237
vt 0.956237 0.537169
vt 0.956237 0.531237
vt 0.982191 0.543101
vt 0.978466 0.543101
vt 0.973234 0.543101
vt 0.969214 0.543101
vt 0.965489 0.543101
vt 0.961427 0.543101
vt 0.958832 0.537169
vt 0.957703 0.543101
vt 0.993998 0.543101
vt 0.996517 0.537169
vt 0.989977 0.543101
vt 0.986252 0.543101
vt 0.997764 0.549034
vt 0.997764 0.543101
vt 0.993624 0.549034
vt 0.988433 0.549034
vt 0.984786 0.549034
vt 0.980647 0.549034
vt 0.977000 0.549034
vt 0.972861 0.549034
vt 0.967670 0.549034
vt 0.962479 0.549034
vt 0.987707 0.554966
vt 0.972135 0.554966
vt 0.979921 0.554966
vt 0.964349 0.554966
vt 0.957780 0.554966
vt 0.997764 0.554966
vt 0.994116 0.554966
vt 0.997764 0.560899
vt 0.993742 0.560899
vt 0.983361 0.560899
vt 0.978129 0.560899
vt 0.970266 0.560899
vt 0.961427 0.560899
vt 0.996096 0.566831
vt 0.988807 0.566831
vt 0.988511 0.560899
vt 0.975948 0.566831
vt 0.982459 0.566831
vt 0.974405 0.560899
vt 0.969543 0.566831
vt 0.965152 0.560899
vt 0.962971 0.566831
vt 0.957662 0.566831
vt 0.987056 0.572764
vt 0.980647 0.572764
vt 0.974079 0.572764
vt 0.964913 0.572763
vt 0.995565 0.572764
vt -0.016680 0.537169
vt -0.022614 0.531237
vt -0.017809 0.531237
vt -0.028574 0.537169
vt -0.029243 0.531237
vt -0.034433 0.531237
vt -0.036307 0.537169
vt -0.039624 0.531237
vt -0.042634 0.537169
vt -0.043763 0.531237
vt -0.010352 0.537169
vt -0.012292 0.531237
vt -0.004506 0.531237
vt -0.042593 0.543101
vt -0.037443 0.543101
vt -0.032212 0.543101
vt -0.026944 0.543101
vt -0.021830 0.537169
vt -0.021871 0.543101
vt -0.017809 0.543101
vt -0.014084 0.543101
vt -0.010023 0.543101
vt -0.013670 0.549034
vt -0.006375 0.543101
vt -0.008479 0.549034
vt -0.002237 0.543101
vt -0.004832 0.549034
vt -0.042220 0.549034
vt -0.034434 0.549034
vt -0.030786 0.549034
vt -0.026647 0.549034
vt -0.018861 0.549034
vt -0.002237 0.549034
vt -0.003780 0.554966
vt -0.038573 0.549034
vt -0.040116 0.554966
vt -0.033768 0.554966
vt -0.027139 0.554966
vt -0.020791 0.554966
vt -0.023000 0.549034
vt -0.014162 0.554966
vt -0.008971 0.554966
vt -0.013747 0.560899
vt -0.005961 0.560899
vt -0.042338 0.560899
vt -0.043763 0.554966
vt -0.037106 0.560899
vt -0.029320 0.560899
vt -0.025595 0.560899
vt -0.017809 0.560899
vt -0.010023 0.560899
vt -0.011738 0.566831
vt -0.003253 0.566831
vt -0.002237 0.560899
vt -0.036307 0.566831
vt -0.042635 0.566831
vt -0.033382 0.560899
vt -0.028520 0.566831
vt -0.020734 0.566831
vt -0.021534 0.560899
vt -0.042220 0.572763
vt -0.035591 0.572764
vt -0.022674 0.572764
vt -0.013508 0.572764
vt -0.003946 0.572764
vt -0.011075 0.572764
vt -0.008971 0.566831
vt -0.005884 0.572764
vt -0.016265 0.572764
vt -0.015481 0.566831
vt -0.021456 0.572764
vt -0.026647 0.572764
vt -0.021830 0.566831
vt -0.033056 0.572764
vt -0.027061 0.566831
vt -0.040842 0.572764
vt -0.037443 0.566831
vt -0.002237 0.566831
vt -0.002237 0.572764
vt -0.027021 0.560899
vt -0.032212 0.566831
vt -0.032252 0.560899
vt -0.021871 0.560899
vt -0.016639 0.560899
vt -0.011489 0.560899
vt -0.007427 0.560899
vt -0.004832 0.566831
vt -0.003702 0.560899
vt -0.041168 0.560899
vt -0.042517 0.566831
vt -0.043763 0.560899
vt -0.037402 0.560899
vt -0.042220 0.554966
vt -0.037029 0.554966
vt -0.031838 0.554966
vt -0.026647 0.554966
vt -0.018861 0.554966
vt -0.013670 0.554966
vt -0.008479 0.554966
vt -0.033707 0.549034
vt -0.025921 0.549034
vt -0.023000 0.554966
vt -0.019353 0.549034
vt -0.014162 0.549034
vt -0.008971 0.549034
vt -0.003780 0.549034
vt -0.004832 0.554966
vt -0.002237 0.554966
vt -0.043763 0.543101
vt -0.040116 0.549034
vt -0.043763 0.549034
vt -0.039742 0.543101
vt -0.029361 0.543101
vt -0.024129 0.543101
vt -0.016266 0.543101
vt -0.011152 0.543101
vt -0.007427 0.543101
vt -0.042096 0.537169
vt -0.034807 0.537169
vt -0.034511 0.543101
vt -0.028459 0.537169
vt -0.021948 0.537169
vt -0.020405 0.543101
vt -0.015543 0.537169
vt -0.008971 0.537169
vt -0.003662 0.537169
vt -0.003366 0.543101
vt -0.030461 0.531237
vt -0.021294 0.531237
vt -0.012293 0.531237
vt -0.003946 0.531237
vt -0.037029 0.531237
vt -0.022614 0.572764
vt -0.016680 0.566831
vt -0.017809 0.572764
vt -0.029243 0.572764
vt -0.028574 0.566831
vt -0.034433 0.572764
vt -0.039624 0.572764
vt -0.043763 0.572764
vt -0.042634 0.566831
vt -0.012292 0.572764
vt -0.010352 0.566831
vt -0.004506 0.572764
vt -0.042593 0.560899
vt -0.037443 0.560899
vt -0.032212 0.560899
vt -0.026944 0.560899
vt -0.014084 0.560899
vt -0.006375 0.560899
vt -0.034434 0.554966
vt -0.030786 0.554966
vt -0.038573 0.554966
vt -0.033768 0.549034
vt -0.027139 0.549034
vt -0.020791 0.549034
vt -0.013747 0.543101
vt -0.005961 0.543101
vt -0.042338 0.543101
vt -0.037106 0.543101
vt -0.029320 0.543101
vt -0.025595 0.543101
vt -0.011738 0.537169
vt -0.003253 0.537169
vt -0.033382 0.543101
vt -0.028520 0.537169
vt -0.020734 0.537169
vt -0.021534 0.543101
vt -0.040842 0.531237
vt -0.042635 0.537169
vt -0.031676 0.531237
vt -0.022674 0.531237
vt -0.013508 0.531237
vt -0.005884 0.531237
vt -0.991352 0.589948
vt -0.013695 0.482321
vt -0.060003 0.511268
vt -0.061452 0.458732
vt -0.062897 0.511268
vt -0.109205 0.482327
vt -0.012242 0.511261
vt -0.010801 0.482320
vt 0.235717 0.341642
vt 0.241398 0.346607
vt 0.228479 0.343779
vt -0.856245 0.268218
vt -0.869112 0.295395
vt -0.870399 0.268225
vt 0.267390 0.334571
vt 0.270986 0.315539
vt 0.275223 0.315835
vt -0.886562 0.295401
vt -0.901128 0.268187
vt -0.882211 0.268188
vt -0.802682 0.268188
vt -0.822816 0.295371
vt -0.824647 0.268201
vt 0.254410 0.344244
vt 0.264123 0.331841
vt -0.874399 0.295402
vt -0.863963 0.268189
vt -0.840804 0.295381
vt -0.842092 0.268211
vt -0.847238 0.295406
vt -0.848968 0.268192
vt -0.770412 0.344243
vt -0.780126 0.331842
vt -0.783394 0.334571
vt -0.886557 0.295403
vt -0.888385 0.268232
vt -0.810076 0.295412
vt -0.805515 0.268199
vt -0.805519 0.295413
vt -0.751719 0.341643
vt -0.757401 0.346607
vt -0.744481 0.343780
vt -0.854958 0.295389
vt -0.836801 0.268194
vt -0.905685 0.295401
vt -0.905685 0.268187
vt -0.828992 0.295409
vt -0.824639 0.268196
vt -0.786986 0.315539
vt -0.791223 0.315834
vt -0.810133 0.268198
vt -0.908523 0.295412
vt -0.908773 0.268241
vt -0.865211 0.295392
vt -0.884051 0.268195
vt -0.866541 0.268201
vt 0.273617 0.323610
vt 0.264359 0.332259
vt 0.267708 0.334952
vt -0.902191 0.268189
vt -0.906775 0.295377
vt -0.906766 0.268187
vt -0.809010 0.295411
vt -0.804425 0.268223
vt -0.804434 0.295413
vt -0.810817 0.295374
vt -0.801573 0.268188
vt -0.801291 0.295369
vt -0.726383 0.323619
vt -0.735641 0.332268
vt -0.732293 0.334961
vt -0.827151 0.295406
vt -0.828805 0.268216
vt -0.809777 0.268221
vt -0.824431 0.295380
vt -0.818879 0.268196
vt -0.845991 0.268209
vt -0.841167 0.295388
vt -0.832455 0.268203
vt -0.861537 0.295397
vt -0.849666 0.268210
vt -0.778312 0.340252
vt -0.781142 0.330877
vt -0.786654 0.330609
vt -0.892324 0.295407
vt -0.886768 0.268223
vt -0.878748 0.295403
vt -0.786739 0.314785
vt -0.791019 0.314983
vt -0.901423 0.295379
vt -0.909631 0.295413
vt -0.900383 0.268228
vt -0.870034 0.268218
vt 0.213348 0.330622
vt 0.213262 0.314798
vt 0.208982 0.314996
vt 0.221692 0.340264
vt 0.218860 0.330890
vt 0.366521 0.766902
vt 0.409977 0.772621
vt 0.358578 0.772621
vt 0.410344 0.781196
vt 0.366201 0.787099
vt 0.358897 0.781196
vt 0.413710 0.787099
vt 0.442671 0.781196
vt 0.439113 0.787099
vt -0.618602 0.772772
vt -0.640935 0.781055
vt -0.640935 0.772772
vt -0.560536 0.772772
vt -0.582869 0.781055
vt -0.582869 0.772772
vt 0.413710 0.766902
vt 0.442324 0.772621
vt -0.524803 0.772772
vt -0.560536 0.781055
vt 0.332277 0.781196
vt 0.483748 0.766902
vt 0.488489 0.772621
vt -0.618602 0.781055
vt 0.483748 0.787099
vt 0.445823 0.787099
vt 0.488489 0.781196
vt 0.334680 0.766902
vt 0.331990 0.772621
vt 0.334680 0.787099
vt 0.355179 0.787099
vt -0.633479 0.766902
vt -0.590023 0.772621
vt -0.641422 0.772621
vt -0.589656 0.781196
vt -0.633799 0.787099
vt -0.641103 0.781196
vt -0.586290 0.787099
vt -0.557329 0.781196
vt -0.560887 0.787099
vt -0.586290 0.766902
vt -0.557676 0.772621
vt -0.667723 0.781196
vt -0.516252 0.766902
vt -0.511511 0.772621
vt -0.516252 0.787099
vt -0.554177 0.787099
vt -0.511511 0.781196
vt -0.665320 0.766902
vt -0.668010 0.772621
vt -0.665320 0.787099
vt -0.644821 0.787099
vt 0.958685 0.700801
vt 0.982411 0.687672
vt 0.982314 0.700801
vt -0.033775 0.687598
vt -0.058140 0.700727
vt -0.058401 0.687598
vt -0.070381 0.688321
vt -0.070552 0.700727
vt -0.070293 0.698558
vt -0.066292 0.718924
vt -0.037706 0.741363
vt -0.037674 0.704669
vt 0.841641 0.741418
vt 0.870364 0.718942
vt 0.841714 0.704619
vt 0.061105 0.736042
vt 0.057468 0.739416
vt 0.059440 0.735357
vt 0.047763 0.736268
vt 0.050757 0.731816
vt 0.049755 0.738446
vt 0.052214 0.739819
vt 0.055004 0.742619
vt 0.058441 0.730124
vt 0.056156 0.730940
vt 0.062232 0.741938
vt 0.061869 0.738435
vt 0.055431 0.732499
vt 0.057420 0.741180
vt 0.053766 0.738979
vt 0.053571 0.727724
vt 0.053961 0.744369
vt 0.050788 0.734633
vt 0.052294 0.735555
vt 0.062988 0.731634
vt -0.939832 0.730748
vt -0.938950 0.736152
vt -0.942643 0.730787
vt -0.938130 0.738435
vt -0.949945 0.742244
vt -0.949402 0.739547
vt -0.944995 0.742619
vt -0.946453 0.729762
vt -0.947835 0.732212
vt -0.950630 0.734994
vt -0.940511 0.735427
vt -0.943567 0.732290
vt -0.939648 0.742980
vt -0.942580 0.741180
vt -0.946992 0.733763
vt -0.947428 0.737463
vt -0.937012 0.731634
vt -0.943369 0.739436
vt -0.952386 0.733961
vt -0.946430 0.727725
vt -0.131855 0.689746
vt -0.143283 0.687598
vt -0.131536 0.687598
vt 0.823601 0.687672
vt 0.847344 0.700801
vt 0.823698 0.700801
vt -0.143399 0.700727
vt -0.167040 0.687598
vt -0.131860 0.699930
vt -0.158304 0.741363
vt -0.129697 0.718924
vt -0.158329 0.704590
vt 0.933638 0.718978
vt 0.962359 0.741418
vt 0.962306 0.704636
vt 0.847240 0.687672
vt 0.959056 0.687672
vt 0.872442 0.339411
vt 0.934927 0.340559
vt 0.770229 0.342516
vt -0.128348 0.776011
vt -0.181699 0.800202
vt -0.100142 0.727857
vt -0.123602 0.777145
vt -0.095931 0.730407
vt -0.123489 0.798860
vt -0.100134 0.839054
vt -0.148174 0.796056
vt -0.145702 0.800235
vt -0.319975 0.827182
vt -0.327128 0.825318
vt -0.327211 0.802325
vt -0.259421 0.828556
vt -0.260197 0.833736
vt -0.092532 0.899069
vt -0.072898 0.886984
vt -0.246654 0.872520
vt -0.233971 0.853309
vt -0.139898 0.827689
vt -0.405473 0.392541
vt -0.405382 0.428475
vt -0.401059 0.392831
vt 0.015090 0.484544
vt 0.863330 0.510121
vt 0.015090 0.510140
vt 0.863330 0.406622
vt 0.015088 0.392541
vt 0.863330 0.392558
vt 0.015089 0.470085
vt 0.863330 0.484524
vt -0.380265 0.073401
vt -0.970562 0.084864
vt -0.379182 0.084875
vt -0.365145 0.041821
vt -0.984853 0.027896
vt -0.984850 0.041875
vt -0.968430 0.072665
vt -0.382432 0.059060
vt -0.967369 0.059112
vt -0.365145 0.015251
vt -0.984855 0.014829
vt -0.334257 0.280784
vt -0.970576 0.003176
vt -0.365144 0.047170
vt -0.984849 0.047224
vt -0.332047 0.293100
vt 0.714265 0.360723
vt 0.732819 0.379277
vt 0.713958 0.379584
vt 0.733126 0.360416
vt 0.114709 0.379149
vt 0.012569 0.380708
vt 0.009289 0.379172
vt 0.085939 0.376616
vt 0.038435 0.376437
vt 0.139200 0.303365
vt -0.075293 0.772309
vt 0.978863 0.904121
vt 0.960455 0.904128
vt -0.765825 0.341038
vt -0.731588 0.333203
vt -0.729023 0.315596
vt -0.733286 0.328621
vt 0.249823 0.341038
vt 0.215585 0.333203
vt 0.213023 0.315596
vt 0.217283 0.328621
vt 0.250873 0.340959
vt 0.255166 0.344238
vt 0.275044 0.314726
vt 0.270614 0.315514
vt -0.724955 0.314735
vt -0.729386 0.315523
vt -0.749131 0.340962
vt -0.744839 0.344243
vt -0.763541 0.346512
vt -0.768159 0.340852
vt 0.236468 0.346516
vt 0.231846 0.340859
vt 0.556157 0.271747
vt -0.443843 0.271747
vt -0.406805 0.272111
vt -0.408699 0.271747
vt 0.908600 0.395000
vt 0.956682 0.368342
vt -0.710004 0.777559
vt -0.728343 0.775502
vt -0.730439 0.777559
vt -0.728343 0.807388
vt -0.710004 0.805330
vt -0.730439 0.805330
vt -0.874973 0.805579
vt -0.856054 0.807497
vt -0.853960 0.805406
vt -0.856073 0.775475
vt -0.874991 0.777416
vt -0.853977 0.777563
vt -0.815207 0.813973
vt -0.839317 0.819635
vt -0.838468 0.822005
vt -0.769272 0.811435
vt -0.745900 0.821959
vt -0.745065 0.819582
vt -0.769575 0.813945
vt -0.839306 0.762305
vt -0.863292 0.870129
vt -0.986662 0.885776
vt -0.863279 0.885776
vt -0.986663 0.870129
vt -0.867281 0.864992
vt -0.982683 0.864992
vt -0.986619 0.859991
vt -0.989059 0.859991
vt -0.986687 0.844288
vt -0.862139 0.859991
vt -0.862118 0.844288
vt -0.745110 0.761873
vt -0.745110 0.761444
vt 0.676934 0.311853
vt 0.673567 0.356322
vt 0.676915 0.356322
vt 0.647863 0.385147
vt 0.603067 0.381824
vt 0.603065 0.385147
vt -0.970939 0.097405
vt -0.379062 0.105999
vt -0.379062 0.097405
vt -0.970939 0.106000
vt -0.379061 0.114261
vt -0.970939 0.114264
vt -0.379061 0.122856
vt -0.970939 0.089142
vt -0.379062 0.089141
vt -0.863964 0.345958
vt 0.107980 0.371219
vt 0.131395 0.366552
vt 0.136018 0.371219
vt 0.136018 0.357123
vt 0.131395 0.357047
vt 0.107980 0.357123
vt 0.112606 0.366552
vt 0.131395 0.348187
vt 0.136035 0.345959
vt -0.493026 0.272485
vt -0.484091 0.351515
vt -0.493026 0.351515
vt -0.615909 0.351515
vt -0.598298 0.272485
vt -0.598298 0.351515
vt -0.589363 0.351515
vt -0.528041 0.272485
vt -0.514762 0.351515
vt -0.528041 0.351515
vt -0.567627 0.272485
vt -0.554348 0.351515
vt -0.567627 0.351515
vt -0.580685 0.281239
vt -0.576338 0.342761
vt -0.580686 0.342761
vt -0.506051 0.281239
vt -0.501703 0.342761
vt -0.506051 0.342761
vt -0.246765 0.316383
vt -0.249022 0.282840
vt -0.250612 0.316091
vt -0.275983 0.282185
vt -0.252948 0.279231
vt -0.271460 0.279231
vt -0.275977 0.316161
vt -0.278234 0.282618
vt -0.278229 0.316698
vt -0.272051 0.319770
vt -0.253539 0.319770
vt 0.939997 0.511268
vt 0.986305 0.482321
vt 0.938548 0.458732
vt 0.890795 0.482327
vt 0.937103 0.511268
vt 0.987757 0.511261
vt 0.989199 0.482320
vt 0.583367 0.741347
vt 0.597150 0.728713
vt 0.593366 0.746779
vt -0.406483 0.746783
vt -0.403248 0.728489
vt 0.587315 0.704815
vt 0.801876 0.339434
vt -0.226803 0.747447
vt -0.254988 0.724042
vt -0.304697 0.731211
vt -0.306710 0.704383
vt 0.693463 0.704551
vt 0.695307 0.731284
vt -0.656879 0.297146
vt -0.665446 0.273861
vt -0.664013 0.298574
vt -0.743685 0.265292
vt -0.747202 0.274509
vt -0.755121 0.297131
vt -0.747658 0.298892
vt -0.665441 0.305708
vt -0.929064 0.805299
vt -0.875271 0.702163
vt -0.975195 0.802632
vt 0.021181 0.793993
vt 0.124729 0.702163
vt 0.024805 0.802632
vt 0.162270 0.725449
vt 0.070936 0.805299
vt 0.158640 0.716810
vt 0.005597 0.802632
vt -0.994403 0.824455
vt -0.994403 0.802632
vt 0.079640 0.824455
vt 0.079609 0.808849
vt 0.005597 0.824455
vt 0.070965 0.824455
vt -0.929035 0.824455
vt 0.116058 0.683545
vt 0.116058 0.698619
vt 0.200452 0.716810
vt 0.124729 0.683545
vt 0.200452 0.683545
vt -0.841360 0.716810
vt -0.875271 0.683545
vt -0.799548 0.683545
vt -0.621082 0.366172
vt -0.621093 0.383692
vt -0.618951 0.383692
vt -0.584857 0.366172
vt -0.550933 0.383692
vt -0.550933 0.363429
vt -0.550933 0.386468
vt -0.584857 0.383692
vt -0.584857 0.386468
vt -0.618951 0.363429
vt -0.584857 0.363415
vt -0.618951 0.386468
vt -0.518546 0.368341
vt -0.531098 0.381457
vt -0.531098 0.364624
vt -0.475892 0.381756
vt -0.548921 0.383828
vt -0.548910 0.366308
vt -0.551053 0.366308
vt -0.619071 0.366308
vt -0.619071 0.386571
vt -0.619071 0.363531
vt -0.551053 0.386571
vt -0.551053 0.363531
vt -0.691121 0.317817
vt -0.716868 0.342183
vt -0.691121 0.342183
vt -0.651085 0.342183
vt -0.673169 0.317817
vt -0.674479 0.342183
vt -0.633133 0.342182
vt -0.649775 0.317817
vt -0.261675 0.372410
vt -0.254588 0.384581
vt -0.254588 0.360239
vt -0.247500 0.372410
vt -0.978819 0.793993
vt -0.837730 0.725449
vt -0.920360 0.824455
vt -0.920391 0.808849
vt -0.883942 0.683545
vt -0.883942 0.698619
vt -0.799548 0.716810
vt -0.883971 0.590452
vt -0.987886 0.567718
vt -0.883971 0.567417
vt -0.987886 0.543910
vt -0.883971 0.543591
vt -0.987886 0.520425
vt -0.883971 0.520950
vt -0.880536 0.520425
vt -0.880536 0.543910
vt -0.880536 0.567718
vt -0.880536 0.591364
vt -0.987886 0.543591
vt -0.883971 0.520425
vt -0.987886 0.520106
vt -0.987886 0.610564
vt -0.883971 0.591364
vt -0.987886 0.591029
vt -0.883971 0.568237
vt -0.991353 0.520425
vt -0.991353 0.543910
vt -0.991353 0.591364
vt -0.127745 0.549087
vt -0.127745 0.530404
vt -0.127745 0.587973
vt -0.050299 0.568745
vt -0.127745 0.568538
vt -0.987886 0.567417
vt -0.991353 0.567717
vt -0.050299 0.549285
vt -0.127745 0.608035
vt -0.050299 0.588176
vt -0.880536 0.543592
vt -0.880536 0.520107
vt -0.880536 0.591029
vt -0.880536 0.567417
vt -0.050299 0.549087
vt -0.127745 0.549285
vt -0.050299 0.568538
vt -0.127745 0.568745
vt -0.127745 0.588176
vt -0.050299 0.608035
vt -0.127745 0.608254
vt -0.050299 0.587974
vt -0.991353 0.567417
vt -0.991353 0.543591
vt -0.991353 0.520106
vt -0.987886 0.591364
vt -0.991353 0.591029
vt -0.880536 0.610564
vt 0.065198 0.313153
vt 0.049025 0.338525
vt -0.934454 0.313247
vt -0.950983 0.311469
vt -0.985433 0.313048
vt 0.014718 0.312992
vt -0.747537 0.520698
vt -0.747537 0.588540
vt -0.127745 0.549249
vt -0.129701 0.568608
vt -0.129701 0.549292
vt -0.129701 0.588028
vt -0.127745 0.588009
vt -0.129701 0.608271
vt -0.050299 0.588140
vt -0.127745 0.608125
vt -0.050299 0.549121
vt -0.050299 0.568698
vt -0.747537 0.518145
vt -0.747537 0.592210
vt -0.050299 0.608125
vt -0.589704 0.592085
vt -0.883971 0.518097
vt -0.883971 0.593485
vt -0.883971 0.610564
vt -0.883971 0.543062
vt -0.977990 0.521484
vt -0.618554 0.520708
vt -0.738040 0.543685
vt -0.782209 0.518097
vt -0.018318 0.454078
vt -0.019773 0.440277
vt -0.020184 0.421435
vt -0.009811 0.421437
vt 0.979809 0.421433
vt 0.685173 0.891034
vt 0.713844 0.884242
vt 0.713844 0.891015
vt 0.713844 0.917283
vt 0.724074 0.902188
vt 0.728741 0.906708
vt 0.685173 0.917283
vt 0.670066 0.907335
vt 0.674989 0.902169
vt -0.286156 0.884242
vt -0.314827 0.891034
vt -0.286156 0.891015
vt -0.286156 0.917283
vt -0.271259 0.906708
vt -0.275926 0.902188
vt -0.314827 0.917283
vt -0.325011 0.902169
vt -0.329934 0.907335
vt -0.270321 0.917283
vt -0.330676 0.917283
vt -0.314827 0.883540
vt -0.286156 0.873538
vt -0.314827 0.873538
vt -0.286156 0.857695
vt -0.314827 0.857695
vt -0.286156 0.901337
vt 0.729679 0.917283
vt 0.669324 0.917283
vt 0.685173 0.883540
vt 0.713844 0.873538
vt 0.685173 0.873538
vt 0.713844 0.857695
vt -0.136670 0.423371
vt -0.984912 0.407395
vt -0.984913 0.423368
vt 0.713844 0.901337
vt -0.984909 0.453713
vt -0.136675 0.453709
vt -0.136672 0.407398
vt -0.984907 0.423362
vt -0.136673 0.423362
vt 0.015088 0.407395
vt 0.863330 0.423371
vt 0.015088 0.423368
vt -0.787650 0.687451
vt -0.775469 0.751219
vt -0.774914 0.749360
vt -0.769106 0.748814
vt -0.760991 0.685950
vt -0.771513 0.748246
vt -0.777012 0.748246
vt 0.973808 0.408989
vt 0.000000 0.678738
vt 1.000000 0.678729
vt -0.026192 0.409012
vt -0.003808 0.408982
vt 0.000010 0.643538
vt 0.996193 0.409018
vt 0.000000 0.678710
vt 0.961573 0.443438
vt -0.038427 0.443438
vt -0.033679 0.433190
vt -0.037284 0.438698
vt -0.019208 0.436997
vt -0.018138 0.438599
vt -0.022185 0.442752
vt -0.032701 0.443823
vt -0.036282 0.437168
vt -0.003446 0.670661
vt -0.992792 0.656101
vt -0.006888 0.666144
vt -0.004420 0.652886
vt -0.995278 0.669415
vt -0.996239 0.651585
vt -0.019739 0.454235
vt -0.020135 0.410271
vt -0.024767 0.404157
vt -0.020974 0.398564
vt -0.004313 0.669542
vt -0.996668 0.674818
vt -0.003330 0.674810
vt -0.999962 0.626102
vt -0.000033 0.626140
vt -0.996667 0.647462
vt -0.003444 0.651618
vt -0.003330 0.647500
vt -0.995614 0.652828
vt -0.006890 0.656127
vt -0.999973 0.634697
vt -0.000006 0.643575
vt -0.000023 0.634735
vt -0.993104 0.666168
vt -0.009886 0.410141
vt -0.020192 0.421433
vt -0.026193 0.408989
vt -1.000000 0.678738
vt 0.000000 0.678729
vt -0.999990 0.643538
vt -0.003807 0.409018
vt -0.006238 0.402646
vt -0.999683 0.678719
vt 0.818795 0.358506
vt 0.870347 0.480098
vt -0.695755 0.697582
vt -0.503744 0.748823
vt -0.704500 0.758500
vt -0.695755 0.748823
vt -0.505432 0.689270
vt -0.513264 0.697582
vt -0.489670 0.752125
vt -0.743224 0.589584
vt -0.991287 0.566832
vt -0.991321 0.589949
vt -0.743205 0.566467
vt -0.991254 0.543715
vt -0.743185 0.543350
vt -0.991223 0.520599
vt -0.743240 0.610564
vt -0.883971 0.565508
vt -0.883971 0.545931
vt -0.314827 0.901337
vt -0.136670 0.453710
vt -0.984912 0.453730
vt 0.685173 0.901337
vt 0.863330 0.453710
vt 0.015088 0.453730
vt -0.229879 0.470842
vt -0.252857 0.392541
vt -0.370603 0.510140
vt -0.370598 0.407004
vt -0.136671 0.470065
vt 0.763189 0.341934
vt -0.136671 0.470077
vt 0.029061 0.122859
vt 0.462818 0.990103
vt 0.461185 0.807738
vt -0.535550 0.990103
vt -0.326413 0.311853
vt -0.352135 0.381824
vt 0.292091 0.775501
vt 0.292091 0.807387
vt 0.122929 0.807709
vt 0.122909 0.775288
vt 0.184486 0.811463
vt 0.160694 0.761876
vt -0.745719 0.758078
vt -0.856441 0.804888
vt -0.401167 0.510140
vt -0.405278 0.509782
vt -0.401168 0.510140
vt -0.386886 0.510140
vt -0.984904 0.470076
vt -0.984909 0.470074
vt 0.634856 0.027843
vt 0.670914 0.295554
vt 0.692711 0.294633
vt -0.268601 0.510140
vt 0.343116 0.276713
vt 0.331699 0.265301
vt 0.244894 0.276699
vt 0.253440 0.305697
vt -0.990944 0.698031
vt -0.961409 0.745807
vt 0.970685 0.258261
vt 0.986263 0.027272
vt 0.931969 0.931745
vt 0.926754 0.930568
vt 0.931887 0.928369
vt 0.863646 0.520232
vt 0.952237 0.341856
vt 0.986191 0.342277
vt 0.704198 0.342781
vt 0.904069 0.730407
vt -0.548910 0.383828
vt 0.296818 0.690695
vt 0.505083 0.757372
vt 0.758719 0.326657
vt 0.016133 0.864634
vt 0.010941 0.844288
vt 0.480775 0.376685
vt 0.491810 0.384213
vt -0.520315 0.376685
vt -0.520325 0.369292
vt -0.518936 0.378548
vt -0.520315 0.369292
vt -0.520325 0.376685
vt -0.518962 0.367399
vt 0.378869 0.366308
vt 0.009056 0.698031
vt 0.038591 0.745807
vt -0.072807 0.886591
vt 0.766029 0.853309
vt 0.795252 0.381275
vt 0.813651 0.380835
vt 0.814383 0.382050
vt 0.949702 0.608126
vt 0.283132 0.317817
vt 0.366866 0.317817
vt 0.762017 0.339996
vt 0.698932 0.340924
vt 0.717197 0.339995
vt 0.762017 0.340000
vt 0.699312 0.341302
vt 0.753230 0.282303
vt -0.653945 0.392541
vt -0.669320 0.484534
vt -0.452267 0.510140
vt -0.669319 0.425734
vt -0.452263 0.451339
vt 0.240880 0.843095
vt 0.666351 0.007083
vt 0.666351 0.042342
vt 0.202201 0.907047
vt 0.248500 0.926770
vt 0.248500 0.894579
vt -0.990447 0.242939
vt -0.241281 0.326657
vt -0.751500 0.894579
vt -0.996500 0.995422
vt -0.828400 0.392541
vt 0.970685 0.260998
vt 0.026576 0.260998
vt 0.970890 0.201514
vt 0.026576 0.200883
vt -0.173133 0.510048
vt -0.029111 0.201514
vt -0.973424 0.200883
vt -0.464047 0.269717
vt -0.446421 0.269701
vt 0.532805 0.362228
vt -0.467180 0.272839
vt -0.467195 0.362228
vt 0.556157 0.382299
vt 0.092678 0.349918
vt -0.933074 0.367893
vt -0.898959 0.268187
vt 0.617434 0.782842
vt 0.056607 0.367758
vt -0.659121 0.520382
vt -0.991223 0.520369
vt -0.991352 0.520234
vt -0.245663 0.895256
vt -0.247946 0.905749
vt -0.158220 0.837721
vt -0.777927 0.325022
vt -0.979560 0.610564
vt -0.911306 0.303342
vt -0.865968 0.268187
vt 0.088656 0.303062
vt -0.965047 0.363212
vt -0.942912 0.367894
vt -0.810129 0.295413
vt -0.930156 0.366486
vt -0.901071 0.295413
vt -0.960017 0.375664
vt -0.874995 0.268187
vt -0.909692 0.326839
vt 0.089723 0.268188
vt 0.199077 0.268187
vt -0.900994 0.295413
vt -0.810206 0.295413
vt -0.991344 0.610564
vt -0.840383 0.295413
vt -0.827486 0.268288
vt -0.797962 0.303633
vt -0.816746 0.314722
vt -0.841883 0.303443
vt -0.908850 0.295513
vt -0.843640 0.337922
vt -0.893988 0.295412
vt -0.893990 0.268187
vt -0.817286 0.295412
vt -0.843031 0.289744
vt 0.160647 0.310759
vt 0.145143 0.303890
vt 0.200018 0.347881
vt 0.188574 0.337984
vt 0.202026 0.303725
vt 0.188937 0.303862
vt 0.158118 0.303443
vt 0.202159 0.337922
vt -0.921430 0.295413
vt 0.156360 0.337922
vt -0.840077 0.289643
vt 0.221781 0.748522
vt 0.805507 0.339496
vt 0.704456 0.339206
vt 0.740610 0.339340
vt 0.866796 0.342812
vt 0.865444 0.339340
vt 0.838104 0.339500
vt 0.978863 0.852047
vt 0.950797 0.764498
vt -0.049203 0.764498
vt 0.978863 0.990841
vt 0.985203 0.753238
vt -0.021137 0.761007
vt 0.978863 0.761007
vt -0.021137 0.990841
vt 0.935611 0.761636
vt -0.659121 0.520246
vt -0.887394 0.357047
vt -0.887394 0.347674
vt -0.892034 0.346350
vt -0.892036 0.346350
vt 0.515909 0.272485
vt 0.384091 0.272485
vt 0.410637 0.272485
vt 0.485238 0.272485
vt 0.445652 0.272485
vt 0.423662 0.281239
vt 0.498297 0.281239
vt -0.996234 0.670670
vt -0.999641 0.617262
vt 0.003450 0.670687
vt 0.000042 0.617262
vt 0.814764 0.379230
vt -0.206344 0.360804
vt -0.185256 0.361785
vt 0.957288 0.549034
vt 0.957366 0.560899
vt 0.957288 0.572764
vt -0.029242 0.572764
vt -0.042220 0.531237
vt -0.002237 0.531237
vt -0.659121 0.520247
vt -0.109204 0.511268
vt -0.901067 0.295401
vt -0.802426 0.295359
vt -0.862233 0.295404
vt 0.225162 0.337006
vt -0.741165 0.337006
vt -0.882396 0.295385
vt -0.909909 0.268231
vt -0.844661 0.295400
vt 0.406617 0.766902
vt 0.406617 0.787099
vt 0.439113 0.766902
vt -0.524803 0.781055
vt 0.445823 0.766902
vt 0.355179 0.766902
vt -0.593383 0.766902
vt -0.593383 0.787099
vt -0.560887 0.766902
vt -0.554177 0.766902
vt -0.644821 0.766902
vt -0.033635 0.700727
vt -0.066325 0.741336
vt 0.870330 0.741330
vt -0.167040 0.700727
vt -0.129684 0.741336
vt 0.933670 0.741330
vt 0.863329 0.470065
vt -0.365145 0.027843
vt -0.379184 0.003125
vt -0.307289 0.294633
vt 0.111529 0.377429
vt 0.012469 0.377451
vt 0.128134 0.303136
vt -0.724743 0.315612
vt 0.208743 0.315611
vt 0.591305 0.271747
vt -0.707909 0.775501
vt -0.707909 0.807387
vt -0.877071 0.807709
vt -0.877091 0.775288
vt -0.815514 0.811463
vt -0.989059 0.844288
vt -0.839306 0.761876
vt 0.673587 0.311853
vt 0.647865 0.381824
vt -0.970939 0.122859
vt 0.112606 0.357047
vt 0.112606 0.347674
vt 0.107964 0.346350
vt -0.484091 0.272485
vt -0.615909 0.272485
vt -0.589363 0.272485
vt -0.514762 0.272485
vt -0.554347 0.272485
vt -0.576338 0.281239
vt -0.501703 0.281239
vt -0.246770 0.282303
vt 0.890796 0.511268
vt -0.656884 0.276713
vt -0.668301 0.265301
vt -0.755106 0.276699
vt -0.746560 0.305697
vt 0.005597 0.793993
vt 0.200452 0.725449
vt -0.548869 0.383692
vt -0.548886 0.366172
vt -0.519225 0.376685
vt -0.520314 0.376685
vt -0.621131 0.366308
vt -0.621121 0.383828
vt -0.716868 0.317817
vt -0.633134 0.317817
vt -0.994403 0.793993
vt -0.799548 0.725449
vt -0.050299 0.608254
vt 0.065282 0.337008
vt -0.934567 0.336953
vt -0.985544 0.336753
vt 0.014804 0.336847
vt -0.050299 0.608126
vt 0.968162 0.455081
vt -0.031838 0.455081
vt 0.990178 0.421436
vt 0.685173 0.857695
vt -0.773652 0.751092
vt -0.996550 0.670687
vt -0.999958 0.617262
vt -0.009822 0.421436
vt -0.703182 0.690695
vt -0.494917 0.757372
vt -0.743163 0.520234
s 1
f 2342/1/1 5814/2/2 7120/3/3
f 2343/3/4 2/4/5 7119/1/6
f 6382/4/7 813/5/8 6555/6/9
f 2593/6/10 5228/7/11 5229/8/12
f 815/8/13 5115/9/14 816/10/15
f 5116/11/16 6121/12/17 3/13/18
f 6120/13/19 2803/14/20 2802/15/21
f 2020/14/22 5813/16/23 2019/15/24
f 3243/17/25 4973/18/26 4972/19/27
f 2086/19/28 888/20/29 4097/21/30
f 4098/20/31 7090/22/32 817/21/33
f 2804/23/34 7089/24/35 2805/25/36
f 2672/26/37 5/27/38 2671/28/39
f 6558/29/40 7140/30/41 6557/27/42
f 7139/31/43 6/32/44 818/30/45
f 819/33/46 3763/32/47 3764/34/48
f 5230/35/49 2533/36/50 5232/37/51
f 2619/37/52 820/38/53 822/35/54
f 7/39/55 4847/40/56 8/41/57
f 4846/41/58 6124/42/59 6122/43/60
f 2088/42/61 6913/44/62 2089/43/63
f 2807/45/64 7091/39/65 2806/46/66
f 4099/35/49 1613/36/50 4100/47/67
f 824/47/68 827/38/53 823/35/69
f 2705/39/55 2703/40/70 6914/41/57
f 825/41/58 4395/48/59 4394/43/71
f 4396/48/61 5234/44/62 1964/43/72
f 2809/45/64 4578/39/65 2808/46/66
f 5235/49/73 11/50/74 2811/51/75
f 2810/52/76 2812/53/77 1615/54/78
f 1760/55/79 6824/56/80 6125/50/81
f 828/57/82 6128/58/83 2756/59/84
f 6127/59/85 3405/60/86 3404/61/87
f 829/61/88 5237/62/89 5236/63/90
f 2345/64/91 3600/65/92 14/66/93
f 3599/66/94 6971/67/95 13/68/96
f 6972/68/97 2815/69/98 2814/57/99
f 1470/70/100 833/71/101 2817/72/102
f 2818/73/103 2816/74/104 4974/75/105
f 3407/76/106 17/77/107 3406/78/108
f 3766/79/109 835/78/110 15/80/111
f 4102/81/112 3767/79/113 3765/80/114
f 7095/77/115 7094/82/116 7093/70/117
f 6560/83/118 6386/84/119 6387/85/120
f 3948/86/121 6559/87/122 1929/83/123
f 837/88/124 20/89/125 2535/86/126
f 2674/85/127 4290/90/128 4291/91/129
f 4848/92/130 5239/93/131 4850/94/132
f 5117/95/133 4851/94/134 5238/93/135
f 22/96/136 23/97/137 1867/98/138
f 28/99/139 24/100/139 25/101/139
f 842/102/140 27/103/140 26/104/140
f 5242/105/141 844/106/142 34/107/143
f 33/108/144 36/109/144 35/110/144
f 37/111/144 845/112/144 29/113/144
f 843/114/145 38/115/145 30/116/145
f 31/117/146 40/118/147 32/119/146
f 855/120/148 850/121/149 849/122/148
f 40/118/147 850/121/149 854/123/149
f 5243/124/150 5240/125/151 38/126/152
f 30/116/153 5121/127/154 34/107/153
f 5122/128/155 5241/125/156 1567/124/157
f 852/129/152 37/130/152 853/131/152
f 4580/132/158 1569/133/159 3601/134/160
f 1930/135/161 44/136/162 7121/137/163
f 7122/136/164 6561/138/165 2062/137/166
f 45/139/167 1841/140/168 856/138/169
f 6916/141/170 5245/142/171 43/143/172
f 2091/142/173 3602/133/174 5244/143/175
f 4581/144/176 4976/145/177 4975/146/178
f 2346/146/179 6130/147/180 858/148/181
f 1393/147/182 3949/149/183 6129/148/184
f 3950/150/185 2706/151/186 859/149/187
f 6918/152/188 3768/153/189 3769/154/190
f 2092/153/191 59/144/192 2093/154/193
f 6389/155/194 2821/132/158 2820/135/195
f 862/135/161 48/136/162 863/137/163
f 6132/136/164 46/138/165 6131/137/166
f 49/139/196 6726/156/168 6973/138/169
f 864/141/197 6975/157/171 6976/143/172
f 1394/157/198 866/155/199 867/143/175
f 6133/158/200 6390/159/201 6135/160/202
f 42/160/203 6827/161/204 1868/158/205
f 5247/162/206 5248/163/207 6826/161/208
f 7097/164/209 1570/165/210 5249/163/211
f 4105/166/212 4978/167/213 4104/168/214
f 3410/169/215 3408/170/216 4977/167/217
f 54/171/218 3094/172/219 3095/173/220
f 51/174/221 3096/175/222 1787/74/223
f 3015/176/224 5816/177/225 3016/178/226
f 50/179/227 2597/178/228 6136/180/229
f 4399/181/230 4397/179/231 2348/180/232
f 2002/177/233 3771/182/234 3770/171/235
f 1396/183/236 2620/184/237 6978/185/220
f 7123/186/221 6979/187/222 6977/188/223
f 5817/189/238 6138/190/234 6137/183/239
f 6392/191/240 4855/192/241 3961/193/242
f 6563/194/243 5250/195/244 3019/196/245
f 3959/197/246 2098/198/247 3098/199/248
f 3954/200/249 6564/194/250 4979/201/251
f 4857/202/252 6393/203/253 2099/204/254
f 3951/205/255 3953/206/256 5251/207/257
f 3956/200/258 6394/208/259 3962/209/260
f 5819/210/261 3018/196/262 5252/195/263
f 5819/210/261 3097/199/264 3021/211/265
f 3022/212/266 6391/203/267 4980/213/268
f 3020/212/269 4981/213/270 3017/214/271
f 3412/215/272 4293/216/273 3413/217/274
f 878/218/275 2021/219/276 3772/218/277
f 62/218/278 6396/220/279 3773/218/280
f 64/221/281 2748/220/282 2757/222/283
f 65/217/284 4859/222/285 61/215/286
f 3023/223/287 876/224/288 3024/219/289
f 2758/225/290 4292/226/291 6920/224/292
f 7035/216/293 3774/215/294 3775/217/295
f 2784/219/296 4729/218/297 4728/218/298
f 3604/220/299 2536/218/300 2537/218/301
f 879/220/302 2759/221/303 7036/222/304
f 69/222/305 2103/217/306 2102/215/307
f 70/224/308 3025/223/309 3026/219/310
f 7034/226/311 2760/225/312 7061/224/313
f 884/227/314 4109/228/315 4107/229/316
f 5825/230/317 5822/231/318 5824/232/319
f 5253/233/320 2822/234/321 2824/235/322
f 6729/236/323 2762/237/324 6828/238/325
f 887/239/326 1692/236/327 3964/240/328
f 6731/241/329 2474/240/330 68/242/331
f 6829/243/332 6730/242/333 2761/238/334
f 6140/244/335 883/229/336 2104/228/337
f 5826/230/338 2675/245/339 6139/244/340
f 2825/235/341 5823/246/342 2105/247/343
f 6567/248/344 73/249/140 6566/250/345
f 3776/251/346 75/252/347 3777/253/348
f 2350/253/349 76/250/350 2349/251/351
f 3122/254/352 5255/255/353 2622/256/354
f 2860/257/355 4584/258/356 2859/259/357
f 5125/260/358 6144/261/359 5258/262/360
f 890/263/361 5259/264/362 3818/265/363
f 5362/266/364 6143/261/365 5828/267/366
f 4586/268/367 3817/265/368 4587/269/369
f 6145/261/370 5262/270/371 5257/262/372
f 3414/271/373 3417/272/374 6568/273/375
f 6571/274/376 3426/275/377 6574/276/378
f 3415/271/379 5362/266/364 4294/277/380
f 4586/268/367 6573/276/381 3425/275/382
f 3416/271/383 5885/278/384 2870/279/385
f 4586/268/367 6594/280/386 6573/276/381
f 5362/266/364 5828/267/366 4294/277/380
f 4295/277/387 5126/260/388 3418/272/389
f 3419/272/390 3421/263/391 3424/275/392
f 6147/281/393 3429/282/394 4403/283/395
f 3431/284/396 3778/285/397 3427/282/398
f 4598/286/399 3780/285/400 2867/287/401
f 4402/283/402 85/288/403 4401/289/404
f 3779/285/405 5263/288/406 3428/282/407
f 6575/290/408 3780/285/400 4598/286/399
f 1870/291/409 2129/292/410 87/293/411
f 4404/294/412 7042/292/413 4405/295/414
f 3099/296/140 3436/297/415 3101/298/416
f 6733/299/417 4110/300/418 4113/301/419
f 4115/302/420 3100/296/421 3103/298/422
f 6732/299/423 6922/303/424 6843/304/425
f 3443/305/426 91/306/427 3782/307/428
f 3438/297/429 5322/308/430 3102/298/431
f 4406/309/347 5323/308/432 5831/310/433
f 4408/311/434 4407/309/435 5832/310/436
f 3439/312/437 3442/313/438 3781/314/439
f 4114/302/440 4111/315/441 4117/316/442
f 4590/317/443 2353/318/444 4589/319/445
f 4120/320/446 4860/321/447 4119/318/448
f 2628/322/449 966/323/450 2627/321/451
f 3965/324/452 2548/325/453 3966/323/454
f 3027/326/455 3031/327/456 5264/328/457
f 5265/329/458 5834/330/459 1402/331/460
f 2355/332/461 5279/333/462 4126/334/463
f 2828/335/464 5266/336/465 2826/337/466
f 2541/338/467 897/339/468 6411/340/469
f 4983/341/470 3783/342/471 3785/343/472
f 7040/344/473 5311/345/474 5314/346/475
f 2827/347/476 2831/348/477 2109/349/478
f 1622/350/479 2111/351/480 928/352/481
f 894/341/482 2541/338/467 6411/340/469
f 5271/353/483 4732/354/484 5268/355/485
f 4121/356/486 5273/357/487 4123/358/488
f 3032/327/489 6830/359/490 4122/356/491
f 4300/360/492 2842/361/493 5272/353/494
f 1622/350/479 4297/362/495 6400/363/496
f 3981/332/497 4125/334/498 2833/364/499
f 2830/348/500 2832/364/501 4124/334/502
f 4123/358/488 5273/357/487 5277/365/503
f 931/365/504 5275/357/505 5315/366/506
f 5278/333/507 3978/367/508 5281/368/509
f 2840/369/510 4299/370/511 4296/362/512
f 2130/371/513 5285/339/514 5839/372/515
f 5282/373/516 4302/374/517 5280/375/518
f 2131/376/519 5280/375/518 4302/374/517
f 6401/377/520 5282/373/516 2829/378/521
f 6401/377/520 2829/378/521 5835/379/522
f 1842/380/523 2131/376/519 1966/381/524
f 5284/382/525 5286/383/526 4731/384/527
f 5287/385/528 5269/371/529 2122/386/530
f 6831/387/531 1966/381/524 2131/376/519
f 5840/388/532 5270/389/533 5838/390/534
f 5840/388/532 7038/391/535 5274/392/536
f 3976/393/537 2839/394/538 4298/395/539
f 3976/393/537 4298/395/539 5267/396/540
f 4731/384/527 2356/397/541 5284/382/525
f 96/398/542 3244/399/543 3246/400/544
f 1789/401/545 1577/402/546 96/398/542
f 95/403/547 6834/404/548 6833/401/549
f 6735/405/550 104/406/551 99/407/552
f 2357/408/553 1791/409/554 1790/405/555
f 3247/400/556 899/410/557 2357/408/553
f 1726/399/558 107/411/559 108/412/560
f 1726/399/558 106/413/561 107/411/559
f 6838/402/562 1967/401/563 106/413/561
f 4127/404/564 105/403/565 4128/401/566
f 115/406/567 3249/405/568 110/407/569
f 1873/409/570 108/412/560 109/405/571
f 2652/402/572 117/414/573 2358/415/574
f 3968/404/575 116/416/576 3967/414/577
f 126/406/578 5289/417/579 121/418/580
f 5288/419/581 4130/420/582 119/417/583
f 6837/398/542 6403/399/543 1792/421/584
f 3606/401/545 6578/402/546 6837/398/542
f 128/403/547 3607/404/585 129/401/549
f 1404/405/550 138/406/586 132/407/552
f 5295/408/553 139/409/554 6835/405/555
f 5294/421/556 2710/410/587 5295/408/553
f 3971/399/588 6579/415/589 142/422/590
f 3969/423/591 3251/414/592 6579/415/589
f 148/424/564 140/416/565 141/414/593
f 152/406/594 6980/425/595 147/418/569
f 6981/409/596 3789/426/597 145/425/598
f 153/410/599 3787/422/600 3789/426/597
f 3245/399/601 103/427/145 3248/410/602
f 98/428/144 901/400/603 6149/408/604
f 156/411/605 7142/429/606 157/430/607
f 155/431/608 160/432/609 156/411/605
f 1793/433/610 904/434/611 155/431/608
f 154/407/612 5290/435/613 5291/433/614
f 6576/436/615 164/437/616 159/403/617
f 157/430/607 6577/438/618 158/436/619
f 4131/439/620 120/428/144 4129/420/621
f 118/440/144 120/428/144 4131/439/620
f 118/440/144 4131/439/620 6982/415/622
f 1695/432/623 2358/415/574 2359/439/624
f 3105/441/625 2359/439/624 900/420/626
f 901/400/603 97/440/144 5292/398/627
f 97/440/144 901/400/603 98/428/144
f 3106/432/628 125/427/145 124/442/145
f 125/427/145 3106/432/628 3104/441/629
f 124/442/145 3445/402/630 3106/432/628
f 102/442/145 3245/399/601 6983/402/631
f 103/427/145 3245/399/601 102/442/145
f 5293/421/603 131/428/144 130/440/144
f 131/428/144 5293/421/603 902/408/604
f 130/440/144 2624/398/627 5293/421/603
f 6402/399/632 137/427/145 6404/410/633
f 136/442/145 137/427/145 6402/399/632
f 136/442/145 6402/399/632 1624/402/631
f 3970/399/634 151/427/145 150/442/145
f 151/427/145 3970/399/634 6923/410/635
f 150/442/145 2360/423/636 3970/399/634
f 3788/422/637 146/428/144 144/426/638
f 143/440/144 146/428/144 3788/422/637
f 143/440/144 3788/422/637 1874/415/639
f 6839/399/640 114/427/145 113/442/145
f 114/427/145 6839/399/640 903/410/641
f 113/442/145 2476/402/642 6839/399/640
f 4985/432/643 163/442/145 2362/429/644
f 162/427/145 163/442/145 4985/432/643
f 162/427/145 4985/432/643 4986/434/645
f 166/443/646 5299/444/647 5296/445/648
f 6151/446/649 5298/445/650 5300/444/651
f 3608/447/652 6150/446/653 3611/448/654
f 6739/449/655 6737/450/656 3609/447/657
f 906/451/658 6153/446/659 165/452/660
f 5841/453/661 6737/450/656 167/454/662
f 4415/455/663 3255/456/664 6155/457/665
f 909/458/666 6154/459/667 1727/460/668
f 5303/461/669 3254/462/670 5301/463/671
f 1795/461/672 4413/458/673 3792/460/674
f 1728/459/675 3790/464/676 3791/460/677
f 168/465/678 3255/456/664 169/466/679
f 5304/461/680 6840/467/681 3256/468/682
f 1795/461/672 908/464/683 907/469/684
f 168/465/678 169/466/679 170/470/145
f 907/469/684 908/464/683 171/471/144
f 4412/458/685 2118/472/686 4414/473/687
f 4413/458/673 2272/463/688 4591/474/689
f 3253/475/690 4415/455/663 6985/476/691
f 2478/462/692 172/477/693 5302/463/694
f 2272/463/688 174/478/144 4591/474/689
f 173/479/145 3253/475/690 6985/476/691
f 6156/480/695 4139/481/696 6157/482/697
f 4140/481/698 4595/483/699 6159/482/700
f 6160/482/701 4133/484/702 1507/480/703
f 6158/482/704 4593/485/705 4136/486/706
f 4134/487/707 6925/488/708 4132/489/709
f 4135/487/710 2481/483/711 4138/490/712
f 5842/491/713 4416/492/714 4418/493/715
f 5309/494/716 4419/495/717 4417/492/718
f 5306/496/719 5129/497/720 5130/498/721
f 2022/499/722 177/497/723 2482/500/724
f 4421/495/725 5131/498/726 2022/499/722
f 3112/501/727 6162/502/728 6163/503/729
f 3618/504/730 914/505/731 915/506/732
f 6165/503/733 3107/507/734 3111/501/735
f 3109/507/736 2367/504/737 5844/506/738
f 913/508/739 3258/509/740 180/510/741
f 2365/511/742 3110/507/743 179/512/139
f 917/513/744 3258/509/740 6164/503/745
f 6166/514/746 3796/515/747 3793/516/748
f 3623/517/660 5848/518/749 185/519/750
f 3795/516/751 4426/520/752 6167/514/753
f 4423/520/754 3623/517/660 185/519/750
f 184/521/755 3620/522/756 182/523/757
f 186/524/758 4424/520/759 4422/519/760
f 186/525/758 5847/518/761 5849/526/762
f 2369/527/763 4424/520/759 181/528/145
f 919/529/764 3620/522/756 3794/516/765
f 6926/505/766 6740/530/767 5845/531/768
f 2712/532/769 3116/533/770 3113/534/771
f 2836/535/772 1510/519/773 2835/517/774
f 3799/522/775 3114/534/776 3117/533/777
f 1510/519/773 3797/522/778 2835/517/774
f 920/524/755 5850/520/779 4865/519/780
f 190/521/758 921/522/781 188/523/145
f 2838/535/782 190/536/758 6580/537/783
f 6986/538/784 5850/520/779 189/528/785
f 2599/539/786 2373/540/647 3624/541/648
f 5856/542/649 3626/541/650 5859/540/651
f 3974/543/652 5857/542/653 4304/544/654
f 195/545/655 5853/546/656 3973/543/657
f 196/547/658 5854/542/787 192/548/660
f 3627/549/788 5853/546/656 193/550/662
f 6581/551/789 198/552/660 6582/553/790
f 6169/554/791 200/555/139 6168/556/792
f 925/551/793 927/554/794 201/556/795
f 206/248/796 203/249/660 7148/250/797
f 3446/251/798 205/252/139 3447/253/799
f 2726/253/800 1968/250/801 2725/251/802
f 6987/557/803 5267/396/540 4298/395/539
f 929/558/804 6987/557/803 5837/559/805
f 5835/379/522 2829/378/521 3029/560/806
f 3029/560/806 3028/561/807 5835/379/522
f 3976/393/537 2841/562/808 2839/394/538
f 5837/559/805 3033/563/809 1620/564/810
f 1620/564/810 2834/565/811 929/558/804
f 2841/562/808 3980/566/812 2834/565/811
f 2834/565/811 1620/564/810 2841/562/808
f 4984/567/813 5313/568/814 5310/569/815
f 3786/570/816 7038/391/535 5840/388/532
f 5313/568/814 6410/571/817 5276/572/818
f 4730/573/819 2841/562/808 1621/574/820
f 5270/389/533 5840/388/532 5274/392/536
f 7041/575/821 6741/576/822 2374/577/823
f 4141/578/824 1108/579/825 3538/580/826
f 5556/581/827 2733/582/828 1107/583/829
f 5557/581/830 210/584/831 6742/576/832
f 5136/585/833 4988/580/834 4992/586/835
f 6583/587/836 5137/588/837 6173/589/838
f 4990/590/839 1106/588/840 5317/591/841
f 4989/590/842 4991/592/843 4987/593/844
f 4045/594/845 5136/595/833 4992/596/835
f 6412/597/846 1105/598/847 5316/599/848
f 1106/600/840 5321/601/849 5317/599/841
f 6171/602/850 212/595/851 5550/603/852
f 5318/604/853 216/605/854 5320/606/855
f 214/607/856 6170/608/857 5549/609/858
f 1233/610/859 1232/611/860 207/612/861
f 1233/610/859 4735/613/862 6841/614/863
f 3539/615/864 4735/613/862 4142/616/865
f 207/612/861 3451/617/866 3539/618/864
f 1511/614/867 218/619/868 6988/620/869
f 4734/613/870 6989/621/871 4733/619/872
f 3448/611/873 2727/622/874 3450/617/875
f 6842/614/876 5139/623/877 3449/611/878
f 6172/624/879 3034/625/880 932/626/881
f 2375/627/882 3454/628/883 6172/624/879
f 934/629/884 3802/630/885 2375/627/882
f 934/631/884 3034/625/880 3036/632/886
f 1231/633/887 3800/634/888 3801/630/889
f 3037/632/890 1696/635/891 4143/636/892
f 3035/625/893 221/637/894 5860/635/895
f 2063/630/896 3452/637/897 3453/628/898
f 7099/638/899 4993/639/900 4994/640/901
f 5861/641/902 936/642/903 5862/643/904
f 1512/639/905 2027/643/906 1513/640/907
f 3118/644/908 2600/645/909 3119/642/910
f 6585/646/911 3263/647/912 2846/648/913
f 2850/649/914 2854/650/915 2844/651/916
f 3259/652/917 2851/653/918 6174/654/919
f 4427/655/920 2852/656/921 3262/657/922
f 3985/658/923 3260/652/924 6175/654/925
f 6587/659/926 2849/660/927 2857/661/928
f 4707/662/929 2855/663/930 5867/664/931
f 4706/662/932 5863/665/933 4709/666/934
f 227/667/935 7064/668/936 2542/669/937
f 7063/669/938 938/668/939 228/670/940
f 230/671/941 3803/672/942 3804/673/943
f 937/673/944 231/672/945 229/674/946
f 4112/300/947 6844/675/948 2108/676/949
f 3441/312/950 939/314/951 5128/677/952
f 940/308/953 4116/302/954 2107/298/955
f 1766/305/956 5833/310/957 3437/297/958
f 3805/678/959 232/679/960 3807/680/961
f 6928/681/962 6743/682/963 6745/683/964
f 233/684/965 3038/685/966 3040/686/967
f 236/687/968 1768/680/969 6990/688/970
f 6744/682/971 3808/680/972 3039/685/973
f 2485/689/974 4866/690/975 4867/691/976
f 2861/257/977 1626/259/978 237/692/144
f 5868/256/979 237/692/144 1626/259/978
f 3121/254/980 5141/693/981 3120/694/982
f 2125/691/983 4583/258/984 4585/695/985
f 239/696/145 4866/690/975 79/697/986
f 241/698/145 2485/689/974 4867/691/976
f 243/699/144 5868/256/979 1626/259/978
f 245/700/144 237/692/144 238/701/144
f 4870/399/987 2864/398/988 2862/400/989
f 945/402/990 5142/401/573 2864/398/988
f 253/404/575 247/403/991 248/401/992
f 257/406/578 6846/405/993 252/407/580
f 6845/409/994 1630/408/995 250/405/996
f 6414/410/997 1631/400/998 1630/408/995
f 1405/414/545 265/402/999 260/415/1000
f 259/416/547 6178/404/548 6177/414/549
f 6415/425/1001 270/406/551 264/418/552
f 1797/420/1002 6416/409/1003 262/425/1004
f 4151/399/987 273/398/1005 4434/421/1006
f 277/402/990 272/401/573 273/398/1005
f 4306/404/575 271/403/991 4305/401/577
f 282/406/1007 1628/405/993 276/407/580
f 4145/409/994 4435/408/995 4144/405/996
f 2764/410/997 4433/421/998 4435/408/995
f 4869/399/1008 944/410/1009 256/427/145
f 251/428/144 4736/408/1010 2863/400/1011
f 4737/439/1012 4738/420/1013 263/428/144
f 261/440/144 4737/439/1012 263/428/144
f 261/440/144 4740/415/1014 4737/439/1012
f 260/415/1000 2128/432/1015 1796/439/1016
f 1796/439/1016 4148/441/1017 4739/420/1018
f 2863/400/1011 2376/398/1019 249/440/144
f 249/440/144 251/428/144 2863/400/1011
f 4146/432/1020 268/442/145 269/427/145
f 269/427/145 4147/441/1021 4146/432/1020
f 268/442/145 4146/432/1020 4149/402/1022
f 255/442/145 4868/402/1023 4869/399/1008
f 256/427/145 255/442/145 4869/399/1008
f 1407/421/1011 274/440/144 275/428/144
f 275/428/144 1408/408/1010 1407/421/1011
f 274/440/144 1407/421/1011 7065/398/1019
f 4150/399/1008 4152/410/1009 281/427/145
f 280/442/145 4150/399/1008 281/427/145
f 280/442/145 4153/402/1023 4150/399/1008
f 285/411/1024 4872/399/1025 286/412/1026
f 284/413/1027 4872/399/1025 285/411/1024
f 1798/401/610 4871/402/1028 284/413/1027
f 283/403/612 1799/404/613 6848/401/614
f 5869/405/615 292/406/616 288/407/617
f 286/412/1026 5870/409/1029 287/405/619
f 1516/702/1030 3630/703/1031 4438/704/1032
f 1800/705/1033 6929/706/1034 1516/702/1030
f 294/707/1035 4155/708/613 4154/705/1036
f 1802/709/1037 302/710/1038 298/711/617
f 4741/712/1039 1803/713/1040 7151/709/1041
f 1517/704/1042 946/714/1043 4741/712/1039
f 5145/429/1044 306/411/1045 307/430/1046
f 5144/432/1047 305/431/1048 306/411/1045
f 5146/434/1049 3266/433/563 305/431/1048
f 1970/435/564 303/407/1050 304/433/1051
f 313/437/567 4596/436/568 309/403/569
f 1875/438/1052 307/430/1046 308/436/1053
f 3629/703/1054 300/715/145 301/716/145
f 301/716/145 3628/714/1055 3629/703/1054
f 300/715/145 3629/703/1054 2486/706/1056
f 4437/704/1057 296/712/1058 297/717/144
f 295/718/144 4437/704/1057 297/717/144
f 295/718/144 4436/702/1059 4437/704/1057
f 1409/399/1060 290/442/145 291/427/145
f 291/427/145 5871/410/1061 1409/399/1060
f 290/442/145 1409/399/1060 948/402/1062
f 949/432/1063 2274/429/1064 312/442/145
f 311/427/145 949/432/1063 312/442/145
f 311/427/145 2487/434/1065 949/432/1063
f 7043/719/1066 4405/295/414 7042/292/413
f 2029/720/1067 2129/292/410 1870/291/409
f 961/721/1068 2868/287/1069 3434/284/1070
f 5874/722/1071 3432/284/1072 6148/281/1073
f 6417/723/1074 5326/724/1075 4873/725/1076
f 4440/726/1077 4875/725/1078 5325/724/1079
f 4439/726/1080 4444/727/1081 6746/728/1082
f 3271/729/1083 4446/730/1084 4442/731/1085
f 4441/731/1086 3268/732/1087 3270/729/1088
f 4876/733/1089 6417/723/1074 4873/725/1076
f 979/734/1090 965/735/1091 6180/736/1092
f 4742/737/1093 4744/738/1094 57/739/1095
f 2829/378/521 6831/387/531 3029/560/806
f 2829/378/521 1966/381/524 6831/387/531
f 6831/387/531 2131/376/519 5274/392/536
f 5270/389/533 5274/392/536 2131/376/519
f 3830/740/1096 5328/741/1097 6419/742/1098
f 6421/743/1099 4449/744/1100 4447/745/1101
f 3829/740/1102 4457/746/1103 6181/747/1104
f 954/748/1105 4448/745/1106 2133/744/1107
f 3828/740/1108 7047/749/1109 3824/750/1110
f 5333/751/1111 4602/752/1112 5877/753/1113
f 5337/754/1114 5879/755/1115 6590/756/1116
f 4457/746/1103 4601/752/1117 4599/757/1118
f 4603/752/1119 4618/758/1120 5878/753/1121
f 320/759/1122 954/748/1105 6589/756/1123
f 6181/747/1104 4457/746/1103 4599/757/1118
f 5327/741/1124 4600/757/1125 5331/751/1126
f 4450/744/1127 5332/751/1128 5335/754/1129
f 6194/760/1130 6184/761/1131 5875/762/1132
f 3813/763/1133 5876/762/1134 6183/761/1135
f 3812/763/1136 3809/764/1137 5872/765/1138
f 3125/766/1139 3811/764/1140 3815/763/1141
f 3123/766/1142 4157/767/1143 2865/768/1144
f 6748/769/1145 956/761/1146 7109/770/1147
f 3124/766/1148 1772/769/1149 3272/771/1150
f 3123/766/1142 4156/772/1151 4157/767/1143
f 960/773/1152 2029/774/1067 2028/775/1153
f 4880/776/1154 5338/777/1155 4883/778/1156
f 6850/779/1157 4885/778/1158 1637/777/1159
f 4308/780/1160 4884/778/1161 5342/781/1162
f 5339/782/1163 5341/783/1164 6849/784/1165
f 4310/785/1166 5343/783/1167 4881/786/1168
f 4157/767/1143 2867/787/401 2865/768/1144
f 1807/788/1169 6417/789/1074 4876/790/1089
f 4877/790/1170 4610/791/1171 4615/788/1172
f 5347/792/1173 3456/793/1174 4612/794/1175
f 964/795/1176 3455/793/1177 3458/796/1178
f 7100/797/1179 4611/794/1180 3457/793/1181
f 6426/798/1182 327/789/1183 6425/799/1184
f 951/800/1185 6179/801/1186 6428/795/1187
f 5883/802/1188 964/795/1176 3458/796/1178
f 2545/803/1189 3459/796/1190 5346/792/1191
f 4878/790/1192 2547/804/1193 5348/805/1194
f 6437/737/1195 4167/738/1196 6438/806/1197
f 967/807/1198 950/724/1199 6591/808/1200
f 3993/809/1201 2492/810/1202 3635/811/1203
f 5147/812/1204 5371/813/145 5151/810/1205
f 6185/814/1206 3286/815/1207 5373/813/1208
f 4607/816/1209 3287/815/1210 6187/814/1211
f 4604/816/1212 316/817/1213 4608/818/1214
f 5358/819/1215 3277/820/145 6750/821/1216
f 3273/822/1217 4747/823/1218 3276/820/1219
f 3994/809/1220 4748/823/1221 3275/822/1222
f 3043/824/1223 2139/825/1224 4312/826/1225
f 3042/824/1226 3126/827/1227 7103/828/1228
f 3129/827/1229 7105/829/1230 7102/828/1231
f 5351/830/1232 3128/827/1233 6592/831/1234
f 2550/832/1235 3988/833/1236 5353/834/1237
f 3989/833/1238 4453/835/1239 3280/836/1240
f 4454/835/1241 3281/837/1242 3278/836/1243
f 6752/838/1244 4455/835/1245 6755/825/1246
f 5150/839/1247 2871/840/1248 2869/841/1249
f 5148/839/1250 5886/842/1251 6186/843/1252
f 4605/844/1253 5887/845/1254 6593/846/1255
f 83/847/1256 5357/848/1257 4606/849/1258
f 5359/850/1259 5355/848/1260 5829/851/1261
f 3992/852/1262 4888/853/1263 2872/840/1264
f 6143/261/365 5365/854/1265 3046/855/1266
f 2382/266/1267 4891/856/1268 5363/854/1269
f 3820/857/1270 4587/269/369 3817/265/368
f 3819/265/1271 5366/858/1272 3821/857/1273
f 2489/859/1274 3415/271/379 2004/279/1275
f 4888/860/1263 2382/266/1267 2872/859/1264
f 892/268/1276 5359/861/1259 5829/862/1261
f 5887/863/1254 2676/276/1277 6593/280/1255
f 6753/864/1278 3045/865/1279 1806/866/1280
f 3048/865/1281 7101/867/1282 5369/868/1283
f 3822/869/1284 7106/870/144 5352/871/1285
f 5354/872/1286 4588/873/1287 2141/874/1288
f 971/873/1289 3279/875/1290 4158/876/1291
f 975/875/1292 4892/877/1293 973/876/1294
f 5364/866/1295 3282/878/144 6754/864/1296
f 1401/283/1297 6757/879/1298 6194/880/1130
f 2143/880/1299 978/294/1300 2352/295/1301
f 5326/724/1075 2749/881/1302 332/808/1303
f 7067/882/1304 3288/883/1305 2488/884/1306
f 4609/884/1307 1935/885/1308 56/882/1309
f 5376/886/1310 5372/887/1311 3290/888/1312
f 3631/889/1313 4746/738/1314 3633/890/1315
f 5375/886/1316 3634/890/1317 5152/891/1318
f 4614/788/1319 4616/892/1320 333/893/1321
f 2873/810/1322 4161/809/1323 2875/811/1324
f 4175/812/1325 5378/813/1326 4620/814/1327
f 4462/815/1328 4621/814/1329 5377/813/1330
f 2030/816/1331 4461/815/1332 5398/818/1333
f 7143/817/1334 5388/816/1335 1582/818/1336
f 5891/819/1337 6596/820/1338 6430/822/1339
f 4166/823/1340 6432/822/1341 6595/820/1342
f 4160/809/1343 4164/823/1344 2876/811/1345
f 983/825/1346 3460/824/1347 3464/826/1348
f 3462/824/1349 6597/827/1350 2553/826/1351
f 5898/829/1352 6598/827/1353 3471/828/1354
f 6599/827/1355 5383/830/1356 2554/831/1357
f 4893/833/1358 5381/832/1359 5384/834/1360
f 4894/833/1361 3467/835/1362 2678/894/1363
f 4996/837/1364 3466/835/1365 6188/836/1366
f 3465/835/1367 3131/838/1368 6196/825/1369
f 6193/840/1370 4172/839/1371 4170/841/1372
f 4173/839/1373 4618/842/1120 984/841/1374
f 7044/845/1375 5389/844/1376 5387/846/1377
f 5890/848/1378 5386/847/1379 5391/849/1380
f 5892/848/1381 6433/850/1382 5895/851/1383
f 4163/852/1384 6602/853/1385 6431/895/1386
f 2556/896/1387 3829/740/1102 3826/750/1388
f 5157/897/1389 4456/746/1390 3135/896/1391
f 2493/898/1392 6851/899/1393 6601/900/1394
f 6854/901/1395 5394/902/1396 4448/745/1106
f 5155/903/1397 2132/745/1398 5395/902/1399
f 4601/752/1117 6192/904/1400 4171/905/1401
f 2555/746/1402 6603/906/144 987/904/1403
f 6601/900/1394 6851/899/1393 6435/907/1404
f 6424/748/1405 6433/907/1382 6852/899/1406
f 2134/756/1407 7044/908/1375 5387/759/1377
f 3827/865/1408 3130/864/1409 3134/866/1410
f 3825/865/1411 3469/867/1412 3461/909/1413
f 5393/869/1414 5896/870/1415 5154/868/1416
f 6853/873/1417 5382/872/1418 5392/874/1419
f 6855/873/1420 6190/875/145 4895/910/1421
f 5158/877/1422 6189/875/1423 2149/876/1424
f 4995/878/1425 3135/866/1391 3132/864/1426
f 6195/911/1298 6184/761/1131 6194/760/1130
f 2143/760/1299 2352/912/1301 6197/911/1427
f 5397/882/1428 4460/883/1429 4458/888/1430
f 6436/885/1431 5399/884/1432 5396/882/1433
f 6198/886/1434 5379/887/145 2874/891/1435
f 5380/887/1436 1411/888/1437 4463/883/1438
f 4165/738/1439 4998/889/1440 2877/890/1441
f 1733/890/1442 6199/886/1443 1732/891/1444
f 4754/913/1445 6759/914/1446 6200/915/1447
f 336/916/1448 6991/917/1449 6856/918/1450
f 4755/919/1451 4753/913/1452 337/915/1453
f 2728/920/1454 2152/917/1455 2882/921/1456
f 339/918/1457 5406/922/1458 2879/916/1459
f 4751/923/1460 5000/920/1461 2881/921/1462
f 4752/913/1463 2785/919/1464 340/923/1465
f 4464/924/1466 3831/925/1467 3835/926/1468
f 3473/927/1469 5002/928/1470 3478/929/1471
f 5001/930/1472 3476/931/1473 5004/923/1474
f 5007/923/1475 5402/932/1476 3836/933/1477
f 342/934/1478 4756/935/140 4757/936/1479
f 4760/936/1480 4900/937/1481 6930/934/1482
f 3638/938/1483 4901/939/144 5400/940/1484
f 5405/941/1485 4467/924/1486 2153/926/1487
f 5005/942/1488 3640/938/1489 5401/940/1490
f 5009/943/1491 4758/936/1492 5403/944/1493
f 4750/923/145 994/922/1494 1639/913/1495
f 4750/923/145 2880/921/1496 2878/916/1497
f 2878/916/1497 994/922/1494 4750/923/145
f 4006/945/1498 2157/946/1499 6605/947/1500
f 6605/947/1500 5408/948/1501 6440/949/1502
f 3644/950/1503 5411/951/1504 6439/952/1505
f 3643/953/1506 5409/954/1507 5410/951/1508
f 4315/955/1509 5412/956/1510 3642/957/1511
f 5902/958/1512 2031/959/1513 6441/960/1514
f 3300/961/1515 5417/962/1516 3299/963/1517
f 5901/964/1518 1939/954/1519 5413/965/1520
f 3298/963/1521 6219/966/1522 347/967/1523
f 4313/968/1524 996/969/1525 1940/970/1526
f 4314/971/1527 3642/957/1511 2384/972/1528
f 350/973/1529 3840/974/1530 3838/975/1531
f 349/976/1532 5017/977/1533 2656/978/1534
f 3841/979/1535 3842/980/1536 3839/976/1537
f 5012/981/1538 3844/982/1539 3846/983/1540
f 5905/984/1541 3847/985/1542 5903/986/1543
f 5457/987/1544 3838/975/1531 6454/988/1545
f 5421/989/1546 4178/990/1547 4180/991/1548
f 997/979/1549 2158/992/1550 3845/993/1551
f 5455/994/1552 4181/991/1553 1029/995/1554
f 5458/996/1555 5414/997/1556 1000/998/1557
f 5415/999/1558 3843/1000/1559 5012/981/1538
f 5418/1001/1560 5420/989/1561 5416/962/1562
f 4903/1002/1563 3137/1003/1564 3136/1004/1565
f 355/1002/1566 353/1005/1567 352/1006/1568
f 5461/1007/1569 1032/1008/1570 1031/1009/1571
f 3139/1010/1572 354/1011/1573 1033/1012/1574
f 360/1013/1575 6606/1014/1576 7068/1015/1577
f 6607/1016/1578 1527/1017/1579 358/1018/1580
f 3482/1019/1581 6201/1020/1582 3481/1017/1583
f 6202/1021/1584 1979/1015/1585 359/1020/1586
f 3999/580/1587 6443/1022/1588 2163/1023/1589
f 363/1024/1590 362/1025/1591 2731/1022/1592
f 2884/1026/1593 6933/1027/1594 2883/1025/1595
f 6932/1028/1596 3998/1029/1597 1028/1027/1598
f 4469/1030/1599 4624/1031/1600 4468/1032/1601
f 4623/1033/1602 1525/1034/1603 1027/1031/1604
f 2886/1035/1605 1026/1036/1606 2885/1034/1607
f 366/1018/1608 364/1032/1609 3050/1016/1610
f 4625/1037/1611 4316/1038/1612 5428/1039/1613
f 1877/1040/1614 369/1038/1615 6992/1041/1616
f 1007/1042/1617 4470/1043/1618 3484/1044/1619
f 3483/1044/1620 4471/1043/1621 3486/1045/1622
f 3293/1046/1623 3291/1047/1624 5426/1048/1625
f 4324/1040/1626 6993/1041/1627 5160/1049/1628
f 4322/1050/1629 5422/1051/1630 3487/1045/1631
f 3292/1047/1632 3645/1052/1633 3647/1042/1634
f 4626/1037/1635 5425/1048/1636 4319/1053/1637
f 6934/1054/1638 1004/1037/1639 3294/1046/1640
f 4318/1053/1641 1006/1048/1642 367/1047/1643
f 367/1047/1643 4317/1038/1644 4318/1053/1641
f 3294/1046/1640 5427/1039/1645 3646/1052/1646
f 4325/1040/1647 3488/1045/1648 1008/1043/1649
f 1008/1043/1649 5427/1039/1645 4325/1040/1647
f 4317/1038/1644 3485/1044/1650 1009/1041/1651
f 5424/1051/1652 1009/1041/1651 3485/1044/1650
f 6609/1055/1653 5013/1056/1654 5015/1057/1655
f 2280/1058/1656 2068/1055/1657 2388/1057/1658
f 5435/1059/1659 5909/1060/1660 3491/1061/1661
f 5434/1059/1662 3489/1061/1663 3492/1062/1664
f 6611/1063/1665 6204/1064/1666 2890/1065/1667
f 5429/1066/1668 3653/1058/1669 5431/1067/1670
f 6444/1068/1671 3650/1069/1672 3493/1062/1673
f 6612/1070/1674 6610/1063/1675 2069/1060/1676
f 2889/1065/1677 5014/1056/1678 2887/1071/1679
f 2387/1056/1680 5907/1072/1681 6203/1064/1682
f 2389/1073/1683 6608/1074/1684 5908/1042/1685
f 6203/1064/1682 5016/1057/1686 2387/1056/1680
f 3494/1062/1687 3654/1058/1688 2495/1059/1689
f 5016/1057/1686 2495/1059/1689 3654/1058/1688
f 3490/1044/1690 6608/1074/1684 5430/1075/1691
f 5430/1075/1691 6446/1076/1692 3490/1044/1690
f 3496/1077/1693 5162/1078/1694 3495/1079/1695
f 6615/1080/1696 2654/1081/1697 3497/1077/1698
f 5911/1082/1699 3849/1083/1700 6614/1080/1701
f 7152/1084/1702 5913/1085/1703 1480/1082/1704
f 2891/1086/1705 376/1087/1706 2893/1088/1707
f 6995/1089/1708 371/1090/1709 6617/1086/1710
f 5915/1089/1711 5914/1090/1712 2892/1086/1713
f 6616/1086/1714 1735/1087/1715 5439/1088/1716
f 374/1091/1717 1479/1092/1718 370/1093/1719
f 6994/1094/1720 6447/1095/1721 7070/1096/1722
f 371/1090/1709 3850/1097/1723 6617/1086/1710
f 1878/1098/1724 6449/1099/1725 1879/1094/1726
f 7125/1087/1727 3850/1097/1723 3848/1100/1728
f 6996/1087/1729 1013/1100/1730 6937/1101/1731
f 1848/1102/1732 6936/1103/1733 1878/1098/1724
f 7125/1087/1727 3848/1100/1728 5437/1101/1734
f 6996/1087/1729 5910/1097/1735 1013/1100/1730
f 5436/1104/1736 2894/1105/1737 5438/1102/1738
f 5440/1106/1739 1415/1107/1740 5436/1104/1736
f 5914/1090/1712 5910/1097/1735 2892/1086/1713
f 6205/1091/1741 5912/1092/1742 6997/1093/1743
f 373/1108/1744 5916/1109/1745 5441/1106/1746
f 3051/1110/1747 2900/1111/1748 378/1112/1749
f 2895/1113/1750 2897/1114/1751 2899/1111/1752
f 2655/1115/1753 2161/1116/1754 2160/1114/1755
f 2777/1117/1756 6618/1118/1757 6619/1116/1758
f 1520/1119/1759 4762/1120/1760 4764/1121/1761
f 3500/1122/1762 3498/1123/1763 1521/1124/1764
f 6210/1125/1765 5917/1126/1766 6452/1127/1767
f 3500/1122/1762 5444/1128/1768 5442/1129/1769
f 6208/1130/1770 1644/1131/1771 6210/1125/1765
f 5444/1128/1768 4764/1121/1761 5442/1129/1769
f 6208/1130/1770 6207/1132/1772 383/1133/1773
f 5917/1126/1766 4328/1134/1774 6452/1127/1767
f 6939/1135/1775 1942/1136/1776 6450/1137/1777
f 382/1132/1778 6451/1138/1779 4472/1133/1780
f 6206/1139/1781 4763/1140/1782 6938/1108/1783
f 7111/1119/1784 1942/1136/1776 379/1141/1785
f 1808/1142/1786 4473/1131/1787 4472/1133/1780
f 6209/1143/1788 1643/1144/1789 1642/1140/1790
f 380/1128/1791 1943/1145/1792 7111/1119/1784
f 2898/1146/1793 385/1126/1794 4473/1131/1787
f 6211/1147/1795 1016/1148/1796 4765/1144/1797
f 3295/1149/1798 380/1128/1791 5445/1124/1799
f 385/1126/1794 6620/1150/1800 5918/1151/1801
f 6453/1152/1802 1017/1153/1803 5443/1148/1804
f 3499/1123/1805 3297/1154/1806 5445/1124/1799
f 1702/1155/1807 6620/1150/1800 2162/1156/1808
f 4329/1157/1809 381/1096/1810 3501/1153/1811
f 387/1158/1812 5926/1159/1813 2284/1160/1814
f 4003/1158/1815 1037/1161/1816 1036/1162/1817
f 6999/1163/1818 2786/1164/1819 2766/1165/1820
f 5022/1166/1821 389/1167/1822 388/1168/1823
f 6622/673/1824 393/672/1825 392/674/1826
f 391/671/1827 6621/672/1828 390/673/1829
f 2680/673/1830 395/671/1831 7072/672/1832
f 394/674/1833 7071/673/1834 2681/672/1835
f 6439/952/1505 5017/977/1533 3644/950/1503
f 6454/988/1545 4006/945/1498 5457/987/1544
f 2384/972/1528 5415/999/1558 4314/971/1527
f 7126/1169/1836 2902/1170/1837 5446/1171/1838
f 2903/1172/1839 399/1171/1840 2901/1170/1841
f 4001/1173/1842 5919/1174/1843 2904/1172/1844
f 401/1175/1845 6623/1176/1846 396/1169/1847
f 4002/1173/1848 398/1170/1849 6624/1176/1850
f 6213/1177/1851 6760/1178/1852 6214/1179/1853
f 402/1179/1854 6215/1180/1855 2602/1177/1856
f 6761/1181/1857 5921/1182/1858 6216/1180/1859
f 5923/1183/1860 403/1184/1861 2392/1178/1862
f 6212/1177/1863 5920/1182/1864 5922/1183/1865
f 4177/1185/1866 5447/1186/1867 1850/1187/1868
f 6762/1188/1869 2561/1189/1870 5166/1190/1871
f 4628/1191/1872 5925/1192/1873 1524/1193/1874
f 4767/1194/1875 2282/1195/1876 1647/1196/1877
f 4176/1197/1878 2603/1198/1879 4177/1185/1866
f 1018/1199/1880 404/1200/1881 2561/1189/1870
f 4766/1201/1882 4627/1202/1883 4767/1194/1875
f 5449/1203/1884 2281/1204/1885 6217/1205/1886
f 3655/1206/1887 2562/1207/1888 4176/1197/1878
f 1019/1208/1889 3656/1209/1890 404/1200/1881
f 1020/1210/1891 4906/1211/1892 6625/1212/1893
f 5021/1213/1894 4553/1214/1895 3353/1215/1896
f 3351/1216/1897 406/1217/1898 3349/1218/1899
f 6625/1212/1893 4905/1219/1900 5164/1220/1901
f 4552/1221/1902 5448/1222/1903 1646/1223/1904
f 6626/1224/1905 5165/1190/1906 405/1214/1907
f 1021/1225/1908 2657/1226/1909 3351/1216/1897
f 5164/1220/1901 4628/1191/1872 1524/1193/1874
f 1850/1187/1868 5447/1186/1867 5448/1222/1903
f 1647/1196/1877 1022/1227/1910 1021/1225/1908
f 6217/1205/1886 5450/1228/1911 5449/1203/1884
f 5451/1229/1912 3656/1209/1890 1019/1208/1889
f 3658/1230/1913 6218/1231/1914 4766/1201/1882
f 2070/1230/1915 1481/1232/1916 2283/1231/1917
f 5020/964/1918 3350/1218/1919 5018/1217/1920
f 1811/1233/1921 4008/1234/1922 348/1235/1923
f 2765/1163/1924 6998/1165/1925 1037/1161/1816
f 5022/1166/1821 388/1168/1823 5023/1164/1926
f 4181/991/1553 1810/990/1927 1029/995/1554
f 1881/1236/1928 348/1235/1923 1737/1237/1929
f 346/1238/1930 6691/1239/1931 5419/1240/1932
f 4007/1241/1933 1498/968/1934 6220/966/1935
f 5456/994/1936 5459/996/1937 5452/1242/1938
f 2385/987/1939 4009/1234/145 5453/1243/1940
f 356/1007/1941 5460/1009/1942 353/1005/1567
f 3139/1010/1572 1033/1012/1574 3138/1008/1943
f 2788/1244/1944 355/1002/1566 352/1006/1568
f 6857/1245/1945 410/1246/1946 4474/1247/1947
f 4474/1247/1947 5465/1248/1948 4475/1249/1949
f 409/1250/1950 5463/1251/1951 5929/1252/1952
f 5170/1253/1953 5464/1254/1954 5462/1251/1955
f 4012/1255/1956 4182/1248/1957 5169/1256/1958
f 4013/1257/1959 1039/1258/1960 4476/1259/1961
f 1585/1260/1962 1774/1254/1963 4183/1261/1964
f 5470/1262/1965 2166/1263/1966 1584/1264/1967
f 5470/1262/1965 5469/1265/1968 2166/1263/1966
f 5471/1266/1969 5169/1256/1958 5167/1267/1970
f 4768/1268/1971 3502/1269/1972 3503/1270/1973
f 4907/947/1974 5933/1271/1975 3502/1269/1972
f 1417/1272/1976 1040/1273/1977 1416/1274/1978
f 1416/1274/1978 6940/1275/1979 2393/1276/1980
f 4629/1277/1981 6765/1278/1982 1041/1279/1983
f 2563/1280/1984 5935/1281/1985 5930/1282/1986
f 5932/1272/1987 5934/1283/1988 6763/1284/1989
f 2563/1280/1984 1042/1285/1990 5935/1281/1985
f 4770/1286/1991 1042/1285/1990 1043/1287/1992
f 6857/1245/1945 4769/1288/1993 4768/1268/1971
f 2167/1252/1994 2286/1275/1995 5168/1250/1996
f 3503/1270/1973 6857/1245/1945 4768/1268/1971
f 5167/1267/1970 4629/1277/1981 5471/1266/1969
f 3141/1193/1997 4331/1289/1998 3505/1290/1999
f 2395/1291/2000 1048/1292/2001 4909/1293/2002
f 4908/1294/2003 5466/1295/2004 1046/1296/2005
f 5467/1297/2006 4330/1298/2007 4188/1299/2008
f 3505/1290/1999 5937/1204/2009 2566/1300/2010
f 5466/1295/2004 4908/1294/2003 1049/1300/2011
f 2564/1301/2012 7127/1302/2013 1048/1292/2001
f 1051/1303/2014 4477/1304/2015 1054/1305/2016
f 4014/1306/2017 4478/1307/2018 4015/1308/2019
f 1053/1309/2020 1052/1310/2021 411/1311/2022
f 6627/1312/2023 4185/1313/2024 4184/1314/2025
f 4189/1315/2026 6221/1316/2027 4014/1306/2017
f 4186/1317/2028 2287/1318/2029 1053/1309/2020
f 1055/1319/2030 1056/1320/2031 4185/1313/2024
f 6455/1219/2032 3141/1193/1997 3140/1317/2033
f 1057/1321/2034 2287/1318/2029 4186/1317/2028
f 1775/1322/2035 4909/1293/2002 1056/1320/2031
f 4187/1299/2036 2288/1323/2037 4189/1315/2026
f 2566/1300/2010 3852/1324/2038 3854/1228/2039
f 1049/1300/2011 4019/1325/2040 5466/1295/2004
f 3855/1326/2041 7127/1302/2013 6766/1327/2042
f 4020/1328/2043 3853/1329/2044 2565/1297/2045
f 4477/1304/2015 1051/1303/2014 4479/1330/2046
f 411/1311/2022 4016/1331/2047 4332/1330/2048
f 4184/1314/2025 1059/1332/2049 6627/1312/2023
f 1650/1328/2050 1651/1333/2051 1649/1329/2052
f 4480/1334/2053 1738/1308/2054 412/1307/2055
f 4631/1335/2056 5468/1265/2057 2396/1262/2058
f 1983/1336/2059 413/1337/2060 1982/1338/2061
f 5473/1339/2062 6858/1340/2063 5472/1341/2064
f 6859/1342/2065 1652/1343/2066 1739/1340/2067
f 2906/1344/2068 4021/1338/2069 2905/1343/2070
f 4025/1345/2071 5474/1346/2072 4023/1347/2073
f 4634/1348/2074 4632/1349/2075 5475/1346/2076
f 4914/1350/2077 4911/1351/2078 4633/1349/2079
f 4916/1352/2080 7074/1353/2081 4912/1351/2082
f 5939/1354/2083 3662/1355/2084 7073/1353/2085
f 3659/1356/2086 3507/1357/2087 3661/1355/2088
f 3508/1358/2089 4024/1347/2090 3506/1357/2091
f 4190/1359/2092 5940/1360/2093 4191/1361/2094
f 1945/1362/2095 4771/1363/2096 2683/1364/2097
f 5940/1360/2093 5024/1365/2098 4191/1361/2094
f 3304/1366/2099 5941/1367/2100 3302/1368/2101
f 5024/1365/2098 5940/1360/2093 6457/1369/2102
f 4921/1370/2103 3305/1371/2104 1063/1372/2105
f 1064/1373/2106 4922/1374/2107 4771/1363/2096
f 4772/1375/2108 5479/1376/2109 5477/1377/2110
f 5480/1367/2111 5945/1378/2112 5476/1379/2113
f 4774/1380/2114 5479/1376/2109 4772/1375/2108
f 2658/1381/2115 4775/1382/2116 1882/1383/2117
f 420/1384/2118 5947/1385/2119 5478/1367/2120
f 3514/1386/2121 1587/1385/2122 3513/1384/2123
f 2172/1387/2124 4029/1388/2125 6222/1389/2126
f 1589/1390/2127 6223/1391/2128 1075/1392/2129
f 2568/1393/2130 5484/1394/2131 5481/1395/2132
f 1066/1396/2133 3510/1397/2134 5482/1398/2135
f 3856/1399/2136 3858/1386/2137 1068/1400/2138
f 1067/1401/2139 3859/1402/2140 4190/1359/2092
f 6461/1403/2141 3511/1404/2142 3510/1397/2134
f 2168/1368/2143 2500/1386/2144 2290/1399/2145
f 3303/1405/2146 2716/1406/2147 3860/1407/2148
f 1069/1408/2149 2683/1364/2097 3511/1404/2142
f 6457/1369/2102 6224/1409/2150 5024/1365/2098
f 6225/1410/2151 4922/1374/2107 1064/1373/2106
f 4924/1411/2152 6456/1412/2153 2169/1366/2154
f 5485/1413/2155 1068/1400/2138 3858/1386/2137
f 6630/1414/2156 6628/1415/2157 5946/1416/2158
f 4772/1375/2108 5477/1377/2110 4777/1417/2159
f 1882/1383/2117 6631/1418/2160 2658/1381/2115
f 1777/1419/2161 5476/1379/2113 5945/1378/2112
f 4481/1420/2162 2908/1421/2163 2907/1422/2164
f 2909/1423/2165 6223/1391/2128 1589/1390/2127
f 4027/1424/2166 4482/1425/2167 3515/1386/2168
f 1072/1411/2169 1530/1426/2170 1529/1412/2171
f 6632/1427/2172 2171/1379/2173 6629/1419/2174
f 5951/1428/2175 5483/1400/2176 5486/1413/2177
f 2569/1425/2178 421/1429/2179 2173/1430/2180
f 5953/1431/2181 4637/1432/2182 3666/1433/2183
f 6942/1434/2184 6229/1435/2185 1073/1436/2186
f 6228/1437/2187 6226/1438/2188 422/1439/2189
f 5954/1440/2190 3664/1441/2191 6227/1442/2192
f 3663/1441/2193 4636/1436/2194 2033/1435/2195
f 4920/1443/145 5948/1444/2196 6459/1445/2197
f 6767/1446/2198 4917/1443/2199 2570/1438/2200
f 4029/1388/2125 2172/1387/2124 4030/1447/2201
f 6227/1442/2192 4031/1448/2202 5954/1440/2190
f 6942/1434/2184 5942/1449/2203 6768/1450/2204
f 4033/1447/2205 6943/1451/2206 1076/1431/2207
f 3512/1452/2208 4773/1380/2209 4030/1447/2201
f 4030/1447/2201 2172/1387/2124 3512/1452/2208
f 4773/1380/2209 3512/1452/2208 1065/1376/2210
f 5948/1444/2196 5944/1453/2211 5946/1416/2158
f 5944/1453/2211 5948/1444/2196 4920/1443/145
f 4335/1454/2212 3518/1360/2213 3516/1455/2214
f 3520/1456/2215 3145/1457/2216 3521/1458/2217
f 1655/1363/2218 423/1362/2219 1654/1364/2220
f 4336/1365/2221 3518/1360/2213 4334/1361/2222
f 3519/1367/2223 3142/1366/2224 3144/1368/2225
f 5171/1374/2226 424/1373/2227 1655/1363/2218
f 4640/1378/2228 2631/1367/2229 3670/1379/2230
f 4779/1453/2231 4641/1416/2232 2912/1414/2233
f 5956/1459/2234 2686/1460/2235 5955/1461/2236
f 5963/1385/2237 3867/1384/2238 5489/1367/2239
f 5964/1385/2240 3863/1462/2241 3866/1384/2242
f 425/1422/2243 3053/1445/2244 4483/1443/2245
f 2179/1463/2246 3865/1464/2247 6769/1465/2248
f 6770/1466/2249 6860/1467/2250 6861/1468/2251
f 1077/1397/2252 4338/1469/2253 5959/1398/2254
f 3147/1402/2255 2659/1470/2256 4337/1471/2257
f 3146/1386/2258 3148/1399/2259 3150/1400/2260
f 3861/1472/2261 3149/1473/2262 3862/1474/2263
f 1079/1404/2264 1078/1475/2265 1077/1397/2252
f 3516/1455/2214 4337/1471/2257 4335/1454/2212
f 1592/1386/2266 429/1368/2267 2175/1399/2268
f 3862/1474/2263 3145/1457/2216 3520/1456/2215
f 1654/1364/2220 2072/1476/2269 1079/1404/2264
f 5174/1409/2270 3525/1369/2271 4336/1365/2221
f 5171/1374/2226 5173/1410/2272 424/1373/2227
f 3524/1412/2273 3522/1411/2274 3143/1366/2275
f 5961/1477/2276 3147/1402/2255 5487/1478/2277
f 5962/1479/2278 5959/1398/2254 4338/1469/2253
f 3150/1400/2260 5488/1413/2279 3146/1386/2258
f 2912/1414/2233 4639/1415/2280 2910/1480/2281
f 2911/1481/2282 5955/1461/2236 2686/1460/2235
f 3670/1379/2230 4638/1419/2283 4640/1378/2228
f 4192/1421/2284 3055/1482/2285 425/1422/2243
f 6770/1466/2249 4193/1483/2286 6860/1467/2250
f 3056/1425/2287 4034/1484/2288 3864/1462/2289
f 430/1426/2290 3523/1411/2291 2398/1412/2292
f 2399/1379/2293 431/1427/2294 1884/1419/2295
f 2174/1400/2296 1081/1428/2297 2177/1413/2298
f 2501/1429/2299 2400/1425/2300 1812/1430/2301
f 4194/1485/2302 1658/1486/2303 4196/1487/2304
f 6463/1488/2305 6465/1489/2306 4488/1490/2307
f 4198/1438/2308 6464/1437/2309 4200/1439/2310
f 4201/1491/2311 2913/1492/2312 4199/1493/2313
f 4195/1494/2314 1420/1491/2315 1813/1489/2316
f 4484/1443/2317 4487/1446/2318 433/1438/2319
f 4485/1495/2320 2916/1496/2321 6861/1468/2251
f 2915/1496/2322 4199/1493/2313 2913/1492/2312
f 4781/1497/2323 6463/1488/2305 4488/1490/2307
f 6462/1498/2324 2917/1499/2325 2914/1486/2326
f 2572/1500/2327 2918/1499/2328 5958/1501/2329
f 2918/1499/2328 2572/1500/2327 428/1464/2330
f 5958/1501/2329 5490/1502/2331 2572/1500/2327
f 1084/1444/2332 4642/1416/2333 4780/1453/145
f 4780/1453/145 4483/1443/2245 1084/1444/2332
f 3530/1503/2334 5492/1504/2335 5495/1505/2336
f 3526/1506/2337 5491/1507/2338 3529/1508/2339
f 5494/1505/2340 3528/1509/2341 2502/1503/2342
f 5510/1510/2343 3207/1511/2344 1085/1512/2345
f 5497/1513/2346 5501/1514/2347 3359/1515/2348
f 3210/1516/2349 3868/1517/2350 3872/1518/2351
f 3213/1519/2352 5508/1520/2353 5025/1521/2354
f 3211/1522/2355 5499/1523/2356 5498/1524/2357
f 5029/1525/2358 3872/1518/2351 5032/1526/2359
f 6231/1527/2360 5035/1528/2361 3874/1529/2362
f 5500/1530/2363 6230/1531/2364 5497/1513/2346
f 3152/1532/2365 4491/1533/2366 3154/1534/2367
f 3153/1532/2368 5031/1535/2369 5175/1536/2370
f 4339/1537/2371 3307/1538/2372 5516/1539/2373
f 4036/1540/2374 435/1537/2375 4038/1541/2376
f 5506/1542/2377 1854/1543/2378 443/1544/2379
f 3871/1545/2380 5502/1546/2381 3873/1529/2382
f 442/1547/2383 3361/1548/2384 5503/1549/2385
f 2402/1550/2386 5033/1528/2387 5504/1551/2388
f 4039/1552/2389 6336/1553/2390 3213/1519/2352
f 5505/1554/2391 2035/1541/2392 3214/1555/2393
f 5507/1556/2394 5509/1557/2395 5028/1558/2396
f 1826/1559/2397 1422/1558/2398 1310/1557/2399
f 5967/1560/2400 6339/1561/2401 6634/1562/2402
f 5965/1563/2403 6633/1564/2404 5510/1510/2343
f 5512/1565/2405 3532/1566/2406 5513/1567/2407
f 3870/1545/2408 3360/1568/2409 3358/1569/2410
f 1532/1570/2411 4490/1571/2412 4492/1572/2413
f 4493/1572/2414 6635/1573/2415 6638/1570/2416
f 1501/1574/2417 438/1566/2418 5515/1575/2419
f 2403/1565/2420 4821/1576/2421 3534/1577/2422
f 5966/1578/2423 6233/1579/2424 2184/1576/2425
f 5511/1580/2426 5514/1581/2427 3306/1582/2428
f 6633/1564/2404 5965/1563/2403 5511/1580/2426
f 6636/1583/2429 5965/1563/2403 5510/1510/2343
f 1308/1584/2430 3531/1585/2431 3533/1586/2432
f 5026/1521/2433 6340/1587/2434 4822/1588/2435
f 6234/1589/2436 5026/1521/2433 4822/1588/2435
f 5497/1513/2346 5510/1510/2343 1085/1512/2345
f 436/1590/2437 3206/1591/2438 6335/1592/2439
f 4202/1593/2440 4341/1594/2441 1086/1595/2442
f 5036/1596/2443 3894/1597/2444 4686/1598/2445
f 4820/1599/2446 1705/1600/2447 5517/1601/2448
f 1088/1602/2449 2632/1603/2450 1230/1604/2451
f 3059/1605/2452 5970/1606/2453 444/1607/2454
f 7048/1608/2455 3536/1609/2456 3535/1610/2457
f 5969/1606/2458 6235/1611/2459 3537/1612/2460
f 3058/1613/2461 4644/1614/2462 6236/1615/2463
f 2186/1616/2464 2573/1617/2465 2185/1618/2466
f 3064/1619/2467 5971/1620/2468 4783/1621/2469
f 6237/1622/2470 1089/1610/2471 2506/1608/2472
f 3063/1623/2473 3065/1619/2474 6238/1624/2475
f 5518/1610/2476 3060/1622/2477 3062/1609/2478
f 1226/1625/2479 1855/1626/2480 4926/1627/2481
f 4926/1627/2481 4495/1628/2482 1226/1625/2479
f 1089/1629/2471 1595/1630/2483 2506/1631/2472
f 5971/1620/2468 2919/1632/2484 4783/1621/2469
f 4925/1633/2485 4496/1634/2486 4495/1628/2482
f 1595/1630/2483 2190/1635/2487 5037/1636/2488
f 2523/1637/2489 2920/1638/2490 2919/1632/2484
f 1596/1639/2491 1946/1640/2492 4496/1634/2486
f 5037/1636/2488 1484/1641/2493 5036/1642/2443
f 445/1643/2494 4202/1593/2440 2920/1638/2490
f 2185/1618/2466 4643/1644/2495 6862/1645/2496
f 2504/1646/2497 1091/1647/2498 4644/1648/2462
f 6862/1645/2496 1092/1649/2499 1228/1650/2500
f 1227/1651/2501 4645/1652/2502 1091/1647/2498
f 2218/1653/2503 4341/1594/2441 4042/1654/2504
f 4645/1652/2502 1087/1655/2505 4820/1656/2446
f 5520/1657/1599 1102/1658/1600 2688/1659/1601
f 4498/1660/1602 1533/1661/1603 4497/1658/2506
f 447/1662/1605 2574/1663/1606 6772/1661/2507
f 6863/1016/1608 5519/1659/1609 6864/1018/1610
f 6467/1664/2508 5522/1665/2509 5524/1666/2510
f 5528/1667/2511 6468/1664/2512 5525/1666/2513
f 7000/1668/2514 5974/1669/2515 1099/1670/2516
f 6865/1671/2517 2405/1672/2518 7000/1668/2514
f 4203/1673/2519 4207/1669/347 6640/1674/2520
f 6945/1675/2521 4208/1669/2522 1093/1670/2523
f 4211/1676/2524 1094/1664/2525 4204/1673/2526
f 6239/1671/2527 6240/1677/2528 6945/1675/2521
f 5975/1678/2529 6466/1679/2530 2634/1680/2531
f 6469/1681/2532 4650/1682/2533 5973/1683/2534
f 4647/1682/2535 7128/1684/2536 2635/1683/2537
f 6641/1685/2538 1096/1686/2539 5526/1687/2540
f 2717/1688/2541 5523/1689/2542 1095/1690/2543
f 1485/1691/2544 6866/1692/2545 1097/1693/2546
f 5521/1689/2547 6639/1685/2548 2633/1687/2549
f 1098/1694/2550 1101/1695/2551 2789/1696/2552
f 5039/1697/2553 450/1698/2554 2406/1699/2555
f 2689/1699/2556 7129/1700/2557 5038/1701/2558
f 5040/1702/2559 1104/1697/2560 5041/1699/2561
f 3876/1697/2562 3875/1699/2563 7001/1698/2564
f 5529/1699/2565 3877/1697/2566 451/1698/2567
f 1743/1697/2568 2192/1702/2569 1742/1699/2570
f 5530/1703/2571 5532/1704/2572 3676/1705/2573
f 6544/1706/2574 5976/1707/2575 3681/1708/2576
f 6544/1706/2574 5539/1709/2577 5976/1707/2575
f 5531/1710/2578 5540/1711/2579 7002/1712/2580
f 5543/1713/2581 6643/1714/2582 7006/1715/2583
f 4786/1716/2584 3675/1717/2585 4784/1718/2586
f 1661/1710/2587 5977/1719/2588 1886/1711/2589
f 6644/1720/2590 5534/1721/2591 6642/1714/2592
f 1707/1715/2593 5537/1711/2594 5541/1713/2595
f 6241/1722/2596 5542/1723/2597 5538/1709/2598
f 4499/1724/2599 3311/1725/2600 4504/1726/2601
f 6103/1727/2602 3313/1728/2603 5763/1729/2604
f 5979/1730/2605 4213/1731/2606 4217/1732/2607
f 5545/1733/2608 4934/1734/2609 6243/1735/2610
f 6244/1736/2611 3383/1737/2612 3380/1738/2613
f 4933/1739/2614 4929/1740/2615 6245/1736/2616
f 5544/1741/2617 3158/1742/2618 3156/1743/2619
f 4218/1732/2620 3159/1742/2621 458/1730/2622
f 3310/1744/2623 2300/1739/2624 3312/1728/2625
f 3314/1745/2626 5545/1733/2608 4215/1746/2627
f 3311/1725/2600 6371/1747/2628 4930/1748/2629
f 1534/1749/2630 214/607/856 5549/609/858
f 5319/1750/2631 5138/600/2632 6171/602/850
f 2026/608/2633 215/1751/2634 5318/604/853
f 462/1752/2635 5224/1753/2636 5553/1754/2637
f 5227/1755/2638 460/1756/2639 3223/1757/2640
f 1346/1758/2641 459/1759/2642 4279/1760/2643
f 5552/1761/2644 462/1752/2635 5553/1754/2637
f 5557/581/830 5555/583/2645 209/1762/2646
f 7075/577/2647 6742/576/832 210/584/831
f 3538/1763/826 1108/1764/825 3540/582/2648
f 7113/1765/2649 465/1766/2650 2690/1767/2651
f 1487/1768/2652 1109/1769/2653 465/1766/2650
f 5560/1770/2654 466/1771/2655 1109/1769/2653
f 1663/1772/2656 6470/1773/2657 466/1771/2655
f 4791/1774/2658 1425/1775/2659 2734/1773/2660
f 3878/1776/2661 4344/1777/2662 3880/1775/2663
f 4343/1778/2664 7112/1767/2665 2576/1779/2666
f 471/1780/2667 4220/1772/2668 4219/1781/2669
f 5559/1782/2670 4221/1772/2671 5561/1770/2672
f 5558/1782/2673 5980/1768/2674 469/1783/2675
f 469/1783/2675 5980/1768/2674 3319/1784/2676
f 2923/1785/2677 6867/1786/2678 2924/1787/2679
f 2924/1787/2679 6867/1786/2678 4342/1778/2680
f 474/1788/2681 4342/1789/2680 3879/1776/2682
f 474/1788/2681 3879/1776/2682 473/1790/2683
f 473/1790/2683 4789/1774/2684 472/1791/2685
f 474/1788/2681 6471/1792/2686 2924/1793/2679
f 473/1790/2683 2921/1794/2687 474/1788/2681
f 472/1791/2685 3683/1795/2688 473/1790/2683
f 471/1780/2667 5177/1796/2689 472/1791/2685
f 4219/1781/2669 3318/1797/2690 471/1780/2667
f 5559/1782/2670 3317/1798/2691 470/1781/2692
f 6646/1783/2693 5981/1799/2694 1426/1782/2695
f 3319/1784/2676 3320/1800/2696 469/1783/2675
f 2923/1785/2677 5563/1801/2697 3319/1784/2676
f 475/1787/2698 5564/1801/2699 467/1785/2700
f 2735/1796/2701 5179/1802/2702 1427/1795/2703
f 2660/1797/2704 5179/1802/2702 2735/1796/2701
f 1110/1798/2705 4049/1803/2706 5042/1804/2707
f 3321/1800/2708 4049/1803/2706 5982/1799/2709
f 5562/1801/2710 4046/1805/2711 3321/1800/2708
f 5562/1801/2710 476/1806/2712 4046/1805/2711
f 2922/1794/2713 476/1807/2712 6472/1792/2714
f 2922/1794/2713 5179/1802/2702 1537/1808/2715
f 5182/1808/2716 5983/1809/2717 5566/1807/2718
f 5180/1802/2719 480/1810/2720 5183/1808/2721
f 5043/1804/2722 5986/1811/2723 5178/1802/2724
f 4050/1803/2725 479/1812/2726 5044/1804/2727
f 4047/1805/2728 3684/1813/2729 4048/1803/2730
f 5565/1806/2731 477/1814/2732 1889/1805/2733
f 5181/1810/2734 5992/1815/2735 5983/1809/2717
f 5181/1810/2734 6869/1816/2736 5992/1815/2735
f 5985/1811/2737 6870/1816/2738 7007/1817/2739
f 6947/1812/2740 6246/1818/2741 3689/1819/2742
f 6946/1820/2743 6246/1818/2741 6947/1812/2740
f 6946/1820/2743 5987/1821/2744 6246/1818/2741
f 3686/1822/2745 481/1823/2746 5988/1821/2747
f 477/1814/2732 481/1823/2746 3686/1822/2745
f 477/1814/2732 5991/1824/2748 481/1823/2746
f 1749/1819/2749 7076/1825/2750 6871/1816/2751
f 6247/1818/2752 3690/1826/2753 3687/1819/2754
f 5989/1821/2755 6775/1827/2756 1538/1818/2757
f 3160/1823/2758 3161/1828/2759 5990/1821/2760
f 5991/1824/2748 3162/1828/2761 481/1823/2746
f 1428/1816/2762 5993/1829/2763 483/1815/2764
f 6473/1830/2765 6948/1831/2766 6647/1832/2767
f 2926/1833/2768 2925/1834/2769 1236/1831/2770
f 2927/1833/2771 4651/1835/2772 486/1834/2773
f 3692/1836/2774 1234/1837/2775 1750/1835/2776
f 6475/1838/2777 487/1839/2778 1234/1837/2775
f 2929/1840/2779 2931/1841/2780 6776/1842/2781
f 6474/1830/2782 1235/1832/2783 1539/1841/2784
f 493/1843/2785 3693/1836/2786 5997/1844/2787
f 5184/1845/2788 2928/1833/2789 490/1846/2790
f 6248/1846/2791 1893/1847/2792 6949/1848/2793
f 7010/1849/2794 5995/1847/2795 485/1830/2796
f 7010/1849/2794 485/1830/2796 7009/1850/2797
f 495/1851/2798 6000/1852/2799 7009/1850/2797
f 494/1853/2800 4051/1854/2801 495/1851/2798
f 5567/1855/2802 3694/1856/2803 494/1853/2800
f 5997/1844/2787 4795/1857/2804 493/1843/2785
f 5184/1845/2788 4653/1858/2805 5998/1844/2806
f 490/1846/2790 4656/1859/2807 5184/1845/2788
f 6949/1848/2793 6651/1860/2808 6248/1846/2791
f 7010/1849/2794 1950/1861/2809 489/1848/2810
f 1751/1850/2811 6002/1861/2812 488/1849/2813
f 4794/1862/2814 1432/1863/2815 3695/1856/2816
f 4792/1864/2817 6249/1865/2818 4794/1857/2814
f 4792/1864/2817 2508/1866/2819 6249/1865/2818
f 5572/1867/2820 1113/1859/2821 6650/1860/2822
f 1894/1868/2823 6650/1860/2822 6648/1869/2824
f 1894/1868/2823 6648/1869/2824 6001/1861/2825
f 4052/1854/2826 5574/1870/2827 5999/1852/2828
f 3695/1856/2816 499/1871/2829 4052/1854/2826
f 4657/1871/2830 4936/1872/2831 1752/1870/2832
f 4661/1863/2833 505/1873/2834 4658/1871/2835
f 6250/1865/2836 6478/1874/2837 4660/1875/2838
f 3696/1866/2839 6872/1876/2840 6251/1865/2841
f 5571/1867/2842 6252/1877/2843 3697/1866/2844
f 5569/1868/2845 5573/1878/2846 5570/1867/2847
f 5575/1870/2848 500/1879/2849 5568/1868/2850
f 506/1880/2851 5581/1881/2852 4937/1872/2853
f 505/1873/2834 3166/1882/2854 5581/1881/2852
f 6478/1883/2837 3166/1882/2854 505/1873/2834
f 504/1874/2855 4511/1884/2856 3165/1885/2857
f 503/1886/2858 4510/1884/2859 6872/1876/2840
f 503/1886/2858 4507/1887/2860 4510/1884/2859
f 502/1878/2861 4508/1887/2862 1540/1877/2863
f 502/1878/2861 1895/1888/2864 4508/1887/2862
f 500/1879/2849 5576/1888/2865 6004/1889/2866
f 500/1879/2849 5579/1881/2867 5576/1888/2865
f 4512/1884/2868 3163/1890/2869 3164/1885/2870
f 4509/1887/2871 509/1891/2872 1666/1884/2873
f 5578/1888/2874 6005/1892/2875 1436/1887/2876
f 5580/1881/2877 6006/1893/2878 5577/1888/2879
f 1434/1882/2880 1238/1894/2881 1435/1881/2882
f 6007/1895/2883 1952/1896/2884 7157/1897/2885
f 511/1898/2886 3698/1899/2887 1118/1895/2888
f 6652/1900/2889 3699/1899/2890 6253/1898/2891
f 512/1901/2892 6009/1902/2893 2577/1900/2894
f 2767/1903/2895 3542/1904/2896 3541/1901/2897
f 7130/1905/2898 3066/1906/2899 7049/1903/2900
f 510/1897/2901 1599/1907/2902 1119/1908/2903
f 5189/1909/2904 2933/1910/2905 2932/1911/2906
f 6010/1902/2907 514/1909/2908 4797/1912/2909
f 5045/1913/2910 1598/1902/2911 4796/1912/2912
f 3700/1899/2913 5046/1913/2914 5586/1914/2915
f 2936/1915/2916 3701/1896/2917 5586/1914/2915
f 6011/1916/2918 2936/1915/2916 5582/1917/2919
f 6256/1918/2920 3069/1919/2921 5582/1920/2919
f 1438/1921/2922 3069/1919/2921 6256/1918/2920
f 2934/1910/2923 6254/1921/2924 515/1911/2925
f 2941/1922/2926 6256/1918/2920 5582/1920/2919
f 518/1922/2927 6255/1921/2928 516/1918/2929
f 6479/1923/2930 515/1911/2925 6254/1921/2924
f 5187/1924/2931 5189/1909/2904 2932/1911/2906
f 5186/1925/2932 4797/1912/2909 514/1909/2908
f 4798/1926/2933 5045/1913/2910 4796/1912/2912
f 5583/1927/2934 5586/1914/2915 5046/1913/2914
f 2937/1928/2935 2936/1915/2916 5586/1914/2915
f 1897/1928/2936 517/1917/2937 1896/1915/2938
f 1439/1923/2939 6016/1929/2940 5188/1924/2941
f 1120/1925/2942 6016/1929/2940 4802/1930/2943
f 1120/1925/2942 4802/1930/2943 6013/1931/2944
f 6013/1931/2944 3171/1932/2945 4799/1926/2946
f 3171/1932/2945 5585/1927/2947 4799/1926/2946
f 2939/1928/2948 1492/1933/2949 1985/1934/2950
f 2939/1928/2948 1859/1935/2951 2942/1936/2952
f 2942/1936/2952 1859/1935/2951 2940/1937/2953
f 3704/1938/2954 1121/1939/2955 3706/1940/2956
f 525/1941/2957 6015/1929/2958 6259/1939/2959
f 6874/1942/2960 4803/1930/2961 6017/1929/2962
f 523/1943/2963 519/1932/2964 4801/1930/2965
f 3167/1944/2966 3168/1933/2967 3170/1932/2968
f 521/1945/2969 5047/1934/2970 3169/1933/2971
f 520/1946/2972 3705/1935/2973 5047/1934/2970
f 5589/1947/2974 6257/1941/2975 3704/1938/2954
f 6257/1941/2975 5050/1948/2976 5587/1949/2977
f 528/1948/2978 1898/1942/2979 524/1949/2980
f 6873/1942/2981 4224/1950/2982 4663/1943/2983
f 1541/1951/2984 4662/1952/2985 4663/1943/2983
f 4662/1952/2985 6261/1953/2986 3167/1944/2966
f 1443/1944/2987 6260/1953/2988 521/1945/2969
f 5596/1954/2989 520/1946/2972 521/1945/2969
f 520/1946/2972 1444/1955/2990 3703/1956/2991
f 4225/1957/2992 4222/1950/2993 5048/1948/2994
f 7077/1958/2995 6779/1951/2996 4223/1950/2997
f 529/1958/2998 6262/1953/2999 6778/1951/3000
f 6263/1959/3001 5595/1954/3002 527/1953/3003
f 5592/1960/3004 5591/1955/3005 5594/1954/3006
f 1122/1961/3007 5049/1948/3008 5590/1947/3009
f 3326/1962/3010 1781/1963/3011 532/1964/3012
f 4226/1965/3013 4227/1966/3014 1986/1962/3015
f 534/1967/3016 4229/1966/3017 533/1965/3018
f 535/1968/3019 3547/1884/3020 6018/1967/3021
f 4053/1969/3022 4054/1970/3023 535/1968/3019
f 3329/1971/3024 3327/1972/3025 1239/1973/3026
f 6653/1964/3027 6482/1963/3028 2414/1971/3029
f 3546/1884/3030 537/1974/3031 3549/1975/3032
f 3174/1976/3033 3545/1884/3034 3548/1975/3035
f 4228/1966/3036 3174/1976/3033 536/1977/3037
f 3324/1902/3038 6265/1977/3039 1987/1912/3040
f 3881/1879/3041 3325/1902/3042 5597/1912/3043
f 6481/1963/3044 3881/1879/3041 3882/1978/3045
f 539/1880/3046 531/1972/3047 3882/1978/3045
f 538/1979/3048 531/1972/3047 539/1880/3046
f 4345/1883/3049 4055/1882/3050 538/1979/3048
f 5676/1927/3051 539/1880/3046 3882/1978/3045
f 4804/1928/3052 538/1979/3048 539/1880/3046
f 6655/1936/3053 4345/1883/3049 538/1979/3048
f 4346/1922/3054 3549/1975/3032 537/1974/3031
f 3333/1980/3055 3174/1976/3033 3548/1975/3035
f 3172/1981/3056 536/1977/3037 3174/1976/3033
f 6267/1925/3057 1987/1912/3040 6265/1977/3039
f 3883/1926/3058 3881/1879/3041 5597/1912/3043
f 1902/1926/3059 1901/1978/3060 1900/1879/3061
f 4347/1922/3062 1125/1940/3063 5600/1939/3064
f 3330/1982/3065 1601/1983/3066 3332/1980/3067
f 3332/1980/3067 1601/1983/3066 3173/1981/3068
f 3173/1981/3068 5604/1984/3069 6266/1925/3070
f 6266/1925/3070 6810/1985/3071 5598/1931/3072
f 5598/1931/3072 6810/1985/3071 3884/1926/3073
f 5194/1933/3074 4805/1928/3075 5675/1927/3076
f 5191/1934/3077 6654/1936/3078 4805/1928/3075
f 4807/1986/3079 5192/1934/3080 5193/1933/3081
f 548/1987/3082 4665/1935/3083 1124/1934/3084
f 4230/1988/3085 5602/1939/3086 4664/1940/3087
f 6875/1989/3088 3708/1983/3089 5601/1939/3090
f 3175/1990/3091 5606/1984/3092 3707/1983/3093
f 5603/1991/3094 541/1985/3095 5605/1984/3096
f 542/1849/3097 1126/1933/3098 6809/1985/3099
f 4666/1992/3100 7011/1851/3101 4808/1986/3102
f 7011/1851/3101 4666/1992/3100 548/1987/3082
f 4231/1993/3103 4230/1855/3085 548/1987/3082
f 547/1988/3104 3338/1836/3105 546/1989/3106
f 3336/1836/3107 545/1994/3108 6875/1989/3088
f 545/1994/3108 3176/1995/3109 3175/1990/3091
f 550/1995/3110 2037/1991/3111 544/1990/3112
f 2037/1991/3111 2946/1996/3113 6268/1997/3114
f 549/1996/3115 542/1849/3097 543/1997/3116
f 542/1849/3097 1448/1992/3117 4806/1986/3118
f 6780/1998/3119 3337/1836/3120 4233/1999/3121
f 5607/2000/3122 3177/1995/3123 3335/1836/3124
f 2947/2001/3125 2944/1996/3126 3178/1995/3127
f 1240/2002/3128 4668/1992/3129 2945/1996/3130
f 6950/2003/3131 4232/1993/3132 4667/1992/3133
f 3551/1657/1599 4939/1658/1600 3550/2004/1601
f 1128/1660/1602 2637/1661/1603 2791/1658/2506
f 6483/1662/1605 4348/1663/1606 6484/1661/2507
f 1129/1016/1608 2199/2004/1609 1127/1018/1610
f 6782/2005/3134 3554/2006/3135 3552/2007/3136
f 4513/2008/3137 3071/2009/3138 3553/2007/3139
f 3072/2010/3140 6783/2005/3141 3070/2011/3142
f 554/2012/3143 1131/2013/3144 6656/2014/3145
f 4809/2015/3146 5615/2016/3147 2418/2017/3148
f 5609/2018/3149 6270/2019/3150 5611/2020/3151
f 6786/2021/3152 6271/2022/3153 4515/2023/3154
f 5612/2024/3155 6517/2025/3156 5610/2026/3157
f 2579/2027/3158 2417/2028/3159 5609/2018/3149
f 2305/2029/3160 4515/2023/3154 2949/2030/3161
f 2415/2026/3162 6785/2031/3163 4810/2032/3164
f 5195/2033/3165 2949/2030/3161 2948/2034/3166
f 1132/2035/3167 5196/2036/3168 5613/2037/3169
f 2418/2017/3148 5614/2038/3170 6658/2039/3171
f 2041/2040/3172 4518/2041/3173 4516/2042/3174
f 4057/2043/3175 6784/2044/3176 2510/2045/3177
f 4810/2032/3164 2511/2046/3178 4809/2015/3146
f 5195/2033/3165 2948/2034/3166 3075/2047/3179
f 2416/2022/3180 6515/2048/3181 1130/2049/3182
f 2006/2050/3183 3075/2047/3179 3074/2051/3184
f 5613/2037/3169 6661/2052/3185 4517/2053/3186
f 6662/2040/3187 3074/2051/3184 6659/2054/3188
f 1133/2039/3189 555/2055/3190 4519/2056/3191
f 3354/2057/3192 6019/2058/3193 5622/2059/3194
f 4669/2060/3195 3357/2061/3196 4351/2062/3197
f 5619/2063/3198 4941/2064/3199 3180/2065/3200
f 7078/2066/3201 5052/2067/3202 1140/2068/3203
f 2445/2069/3204 4670/2070/3205 5051/2071/3206
f 3885/2072/3207 4238/2073/3208 3886/2074/3209
f 6485/2075/3210 2605/2076/3211 5616/2077/3212
f 2446/2078/3213 4672/2079/3214 2445/2069/3204
f 1242/2075/3215 4235/2080/3216 4237/2076/3217
f 3887/2081/3218 4673/2082/3219 2446/2078/3213
f 6693/2083/3220 1136/2084/3221 3887/2081/3218
f 2419/2085/3222 556/2086/3223 3181/2087/3224
f 2580/2088/3225 559/2089/3226 6663/2090/3227
f 3181/2087/3224 5618/2091/3228 3179/2092/3229
f 5620/2093/3230 1672/2063/3231 6020/2058/3232
f 1137/2094/3233 560/2095/3234 2580/2088/3225
f 6663/2090/3227 4350/2096/3235 6693/2083/3220
f 1241/2097/3236 7079/2098/3237 4671/2099/3238
f 2513/2100/3239 6486/2101/3240 1241/2097/3236
f 2420/2057/3241 2306/2059/3242 1139/2080/3243
f 3341/2102/3244 5624/2103/3245 2952/2104/3246
f 5199/2105/3247 4241/2106/3248 562/2107/3249
f 4352/2108/3250 5197/2109/3251 5627/2110/3252
f 4242/2111/3253 1141/2112/3254 4240/2113/3255
f 1450/2114/3256 3340/2115/3257 1449/2116/3258
f 3339/2117/3259 5628/2118/3260 5624/2103/3245
f 2007/2119/3261 4063/2120/3262 5626/2114/3263
f 1542/2121/3264 2953/2104/3265 6490/2107/3266
f 5628/2118/3260 4062/2122/3267 2950/2123/3268
f 5629/2118/3269 5200/2105/3270 2310/2103/3271
f 4353/2116/3272 3342/2124/3273 2308/2111/3274
f 5197/2109/3251 4239/2125/3275 5627/2126/3252
f 5625/2103/3276 6491/2107/3277 2514/2104/3278
f 5198/2109/3279 2951/2123/3280 6488/2127/3281
f 4062/2128/3267 2952/2104/3246 2950/2129/3268
f 4239/2130/3275 562/2107/3249 4241/2131/3248
f 1146/2132/3244 6789/2133/3245 6952/2134/3246
f 6272/2135/3247 6024/2136/3248 3081/2137/3249
f 2956/2138/3250 3079/2139/3251 2954/2140/3252
f 2311/2111/3253 6025/2112/3254 6493/2113/3255
f 2955/2114/3256 6787/2115/3257 1145/2116/3258
f 6788/2141/3259 4520/2142/3260 6789/2133/3245
f 2312/2119/3261 6495/2120/3282 1143/2114/3263
f 3077/2143/3264 6951/2134/3265 3080/2137/3266
f 4520/2142/3260 1144/2144/3267 4522/2145/3268
f 4521/2142/3269 6273/2135/3270 6790/2133/3271
f 2957/2116/3272 6021/2124/3273 6023/2111/3274
f 3079/2139/3251 6492/2146/3275 2954/2147/3252
f 2043/2133/3276 564/2137/3277 2042/2134/3278
f 3078/2139/3279 4523/2145/3280 3076/2148/3281
f 1144/2149/3267 6952/2134/3246 4522/2150/3268
f 6492/2151/3275 3081/2137/3249 6024/2152/3248
f 1711/2153/3283 6027/2154/3284 3559/2155/3285
f 3558/2156/3286 4524/2157/3287 3556/2158/3288
f 4525/2157/3289 6498/2159/3290 3557/2158/3291
f 4525/2157/3289 4527/2160/3292 6274/2161/3293
f 1155/2162/3294 566/2163/3295 5645/2164/3296
f 1674/2165/3297 6497/2166/3298 5059/2167/3299
f 5631/2168/3300 5203/2169/3301 5630/2170/3302
f 5636/2171/3303 5634/2172/3304 4677/2173/3305
f 4678/2173/3306 2045/2174/3307 6031/2175/3308
f 6278/2176/3309 5632/2168/3310 5640/2177/3311
f 4243/2178/3312 6029/2175/3313 4245/2179/3314
f 5639/2177/3315 1822/2170/3316 5638/2180/3317
f 5201/2181/3318 567/2182/3319 2768/2169/3320
f 6664/2183/3321 6277/2176/3322 5635/2172/3323
f 4674/2184/3324 4676/2173/3325 6030/2175/3326
f 5633/2172/3327 5640/2177/3311 6791/2185/3328
f 6791/2185/3328 4678/2173/3306 5633/2172/3327
f 4355/2174/3329 568/2186/3330 4354/2182/3331
f 6279/2187/3332 4246/2179/3333 6276/2176/3334
f 5640/2177/3311 5633/2172/3327 6278/2176/3309
f 6031/2175/3308 2313/2181/3335 4247/2179/3336
f 4247/2179/3336 5632/2168/3310 6278/2176/3309
f 6792/2185/3337 1907/2180/3338 7153/2186/3339
f 3710/2188/3340 4944/2189/3341 4066/2190/3342
f 4944/2189/3341 3710/2188/3340 5053/2191/3343
f 6666/2192/3344 4361/2193/3345 5058/2194/3346
f 6282/2195/3347 4357/2196/3348 1152/2197/3349
f 1152/2197/3349 4357/2196/3348 4360/2193/3350
f 4065/2190/3351 573/2198/3352 4067/2199/3353
f 5641/2200/3354 5057/2194/3355 5054/2191/3356
f 5056/2194/3357 4942/2201/3358 5053/2191/3343
f 4359/2193/3359 4364/2202/3360 6281/2203/3361
f 4066/2190/3342 6282/2195/3347 3710/2188/3340
f 6793/2204/3362 5055/2191/3363 3711/2188/3364
f 4363/2193/3365 2769/2203/3366 6668/2205/3367
f 6666/2192/3344 5205/2197/3368 4361/2193/3345
f 572/2206/3369 6283/2195/3370 5206/2197/3371
f 3712/2207/3372 3709/2188/3373 1154/2195/3374
f 4945/2189/3375 6667/2205/3376 5643/2198/3377
f 4358/2196/3378 571/2199/3379 2792/2202/3380
f 6286/2208/3381 4249/2209/3382 6285/2210/3383
f 6035/2211/3384 5062/2212/3385 4251/2213/3386
f 6796/2214/3387 4250/2215/3388 4248/2209/3389
f 6795/2214/3390 6286/2208/3381 4530/2216/3391
f 6034/2217/3392 4529/2218/3393 6033/2219/3394
f 6284/2220/3395 1824/2221/3396 5061/2222/3397
f 5060/2153/3398 6032/2223/3399 5644/2224/3400
f 5059/2167/3299 6284/2220/3395 5061/2222/3397
f 6033/2219/3394 1155/2162/3294 5645/2164/3296
f 6275/2161/3401 6287/2208/3402 6496/2159/3403
f 4526/2160/3404 4528/2216/3405 1911/2161/3406
f 4532/327/3407 6954/326/3408 6499/328/3409
f 6297/2225/3410 6500/329/3411 576/2226/3412
f 5646/333/3413 2961/332/3414 2958/334/3415
f 5649/336/3416 6955/335/3417 4366/337/3418
f 581/339/3419 3716/2227/3420 5653/340/3421
f 6036/342/3422 6798/341/3423 582/343/3424
f 6039/345/3425 3561/344/3426 6671/346/3427
f 1168/348/3428 1163/347/3429 1675/349/3430
f 4252/351/3431 2639/350/3432 4254/352/3433
f 3716/2227/3420 6797/341/3434 5653/340/3421
f 5657/354/3435 2424/353/3436 6302/355/3437
f 3564/357/3438 4813/356/3439 4811/358/3440
f 4534/359/3441 4531/327/3442 2209/356/3443
f 3182/361/3444 4075/360/3445 3185/353/3446
f 4068/362/3447 2639/350/3432 4071/363/3448
f 2959/334/3449 2962/332/3450 4368/364/3451
f 4369/364/3452 6300/348/3453 2960/334/3454
f 3564/357/3438 4811/358/3440 6288/365/3455
f 3565/357/3456 6289/365/3457 6669/366/3458
f 6293/367/3459 5648/333/3460 6290/368/3461
f 4074/370/3462 4371/369/3463 4069/362/3464
f 3082/339/3465 6303/371/3466 5652/372/3467
f 5647/2228/3468 3186/2229/3469 4076/2230/3470
f 6298/557/3471 6291/2231/3472 2518/2232/3473
f 6956/2233/3474 6298/557/3471 6296/2234/3475
f 3186/2229/3469 1157/2235/3476 6299/2236/3477
f 1161/371/3478 3085/385/3479 2315/386/3480
f 2212/2237/3481 5651/2238/3482 6301/2239/3483
f 2212/2237/3481 3563/2240/3484 3560/2241/3485
f 4070/395/3486 6294/393/3487 5650/396/3488
f 5656/384/3489 3083/382/3490 5654/397/3491
f 5650/396/3488 2517/557/3492 4070/395/3486
f 2517/557/3492 4365/558/3493 4253/559/3494
f 6956/2233/3474 6296/2234/3475 4679/2242/3495
f 4679/2242/3495 6296/2234/3475 6953/2243/3496
f 3183/562/3497 6294/393/3487 4370/394/3498
f 4533/563/3499 4253/559/3494 4812/564/3500
f 4812/564/3500 4253/559/3494 4365/558/3493
f 4367/565/3501 4812/564/3500 4365/558/3493
f 3183/562/3497 4367/565/3501 2963/566/3502
f 4812/564/3500 3183/562/3497 580/574/3503
f 4812/564/3500 4367/565/3501 3183/562/3497
f 579/567/3504 6670/568/3505 1167/571/3506
f 3715/2244/3507 3560/2241/3485 6037/2245/3508
f 1167/571/3506 6670/568/3505 1549/572/3509
f 5655/573/3510 580/574/3503 3183/562/3497
f 6956/2233/3474 4679/2242/3495 4535/2246/3511
f 6956/2233/3474 4535/2246/3511 6299/2236/3477
f 4535/2246/3511 3563/2240/3484 3186/2229/3469
f 6301/2239/3483 3186/2229/3469 3563/2240/3484
f 5064/145/3512 2049/144/3513 5063/146/3514
f 1169/146/3515 1171/147/3516 2426/145/3517
f 2047/149/3518 5659/147/3519 5658/148/3520
f 7080/151/3521 2965/150/3522 2964/149/3523
f 2427/152/3524 1173/153/3525 7081/2247/3526
f 6041/153/3527 6672/144/3528 1172/2248/3529
f 1174/132/3530 2050/133/3531 5660/135/3532
f 1551/135/3515 6799/136/3533 5661/132/3534
f 2718/138/3535 1175/136/3536 6800/137/3537
f 7051/140/3538 4077/139/3539 4078/138/3540
f 2429/141/3541 4682/142/3542 7050/2249/3526
f 2754/142/3543 4255/133/3544 4256/134/3545
f 4815/132/3530 4079/155/3531 4814/135/3532
f 1552/135/3515 1178/136/3533 1553/132/3534
f 589/138/3535 6043/136/3536 6044/137/3537
f 1179/156/3546 6877/139/3539 6876/138/3540
f 3343/141/3541 6046/157/3547 3344/2249/3526
f 590/157/3548 1181/155/3544 4080/134/3529
f 6047/159/3549 584/158/3550 5663/160/3551
f 6305/161/3552 5664/160/3553 5662/158/3554
f 3717/163/3555 6306/162/3556 6304/161/3557
f 1183/165/3558 3719/164/3559 3718/163/3560
f 6675/167/3561 4947/166/3562 4946/168/3563
f 2966/170/3564 2968/169/3565 6674/167/3566
f 6677/36/3567 592/35/3568 6309/37/3569
f 591/38/3570 6310/37/3571 6308/35/3572
f 6878/40/3573 2779/39/3574 2793/41/3575
f 6881/42/3576 6879/41/3577 1190/43/3578
f 6051/44/3579 1189/42/3580 6880/43/3581
f 6053/39/3582 6676/45/3583 2737/46/3584
f 1192/36/3567 2970/35/3568 2971/47/3585
f 6678/38/3570 2972/47/3586 2432/35/3587
f 7014/40/3573 2781/39/3574 2794/41/3575
f 4538/48/3576 7013/41/3577 6680/43/3588
f 4539/44/3579 4537/48/3580 2434/43/3589
f 6501/39/3582 2738/45/3583 7052/46/3584
f 5065/1/3590 6055/2/3591 5066/3/3592
f 1195/3/3593 3086/4/3594 595/1/3595
f 596/4/3596 4949/5/3597 2693/6/3598
f 4950/6/3599 4817/7/3600 4816/8/3601
f 2739/8/3602 6802/9/3603 6801/10/3604
f 2521/11/3605 5208/12/3606 2664/13/3607
f 5207/13/3608 1196/14/3609 6884/15/3610
f 6883/14/3611 6054/16/3612 1194/15/3613
f 6503/17/3614 6057/18/3615 1604/19/3616
f 6056/19/3617 1205/20/3618 6312/21/3619
f 6311/20/3620 7054/22/3621 1201/21/3622
f 1204/23/3623 2721/24/3624 5067/25/3625
f 600/26/3626 1203/27/3627 5068/28/3628
f 4081/29/3629 599/30/3630 4082/27/3631
f 4819/31/3632 4683/32/3633 4818/30/3634
f 2608/33/3635 2316/32/3636 2317/34/3637
f 6885/228/3638 1208/227/3639 1207/229/3640
f 6058/231/3641 6682/230/3642 6681/232/3643
f 3888/234/3644 5666/233/3645 3890/235/3646
f 3893/229/3647 3723/244/3648 2435/228/3649
f 3721/245/3650 6683/230/3651 3722/244/3652
f 6059/246/3653 3891/235/3654 6060/247/3655
f 606/249/660 6684/248/3656 2437/250/3657
f 608/252/139 1211/251/3658 6804/253/3659
f 2436/248/3660 6805/251/3661 6685/250/3662
f 610/249/660 3188/248/3663 3187/250/3664
f 612/252/139 7082/251/3665 613/253/3666
f 2012/250/3667 7083/253/3668 1912/251/3669
f 2973/255/3670 2975/254/3671 2053/256/3672
f 6507/258/3673 6315/257/3674 619/259/3675
f 3726/690/975 616/689/974 615/691/3676
f 6313/259/3677 6314/257/3678 618/692/144
f 618/692/144 6686/256/3679 6313/259/3677
f 6957/693/3680 2976/254/984 2438/694/3681
f 6506/258/980 3725/691/3682 6505/695/3683
f 3726/690/975 621/696/145 6958/697/3684
f 616/689/974 623/698/145 615/691/3676
f 6686/256/3679 625/699/144 6313/259/3677
f 618/692/144 627/700/144 620/701/144
f 1212/172/3685 6319/171/3686 6316/173/3687
f 2215/175/3688 6508/174/3689 6318/74/3690
f 4951/177/3691 6687/176/3692 631/178/3693
f 6688/178/3694 4258/179/3695 7015/180/3696
f 4257/179/3697 4259/181/3698 1913/180/3699
f 6320/182/3700 1214/177/3701 1213/171/3702
f 2440/184/3703 6322/183/3704 7131/185/3687
f 7132/187/3688 3345/186/3689 7133/188/3705
f 6321/190/3700 2522/189/3701 2318/183/3706
f 6806/2250/100 3193/2251/101 3190/2252/102
f 3191/2253/103 3189/2254/104 634/2255/3707
f 7056/2256/3708 6807/2257/116 1216/2250/3709
f 4261/71/3710 6062/70/74 4262/72/75
f 4263/74/76 2667/73/77 1217/75/3711
f 6513/77/3712 4542/76/3713 4541/78/3714
f 1218/78/3715 2978/79/3716 5667/80/3717
f 2977/79/3718 2979/81/3719 1219/80/3720
f 6061/82/3721 1221/77/80 2611/70/3722
f 4083/2258/3723 3568/2259/3724 4085/2260/3725
f 6886/2261/3726 4550/2262/3727 5668/2263/3728
f 4954/2264/3729 4088/2265/3730 6323/2266/3731
f 4549/2262/3732 4543/2267/3733 5674/2268/3734
f 2444/2269/3735 5671/213/3736 5669/214/3737
f 4544/2267/3738 3569/2270/3739 5673/2268/3740
f 639/2263/3741 6961/2271/3742 6887/2261/3743
f 6324/2266/3744 6961/2271/3742 3573/2272/3745
f 3571/212/3746 3566/203/3747 2443/204/3748
f 5672/213/3749 3572/212/3750 5670/214/3751
f 6962/212/3752 4547/2273/3753 6888/214/3754
f 642/2274/3755 6890/2275/3756 640/2276/3757
f 641/2277/3758 1224/2275/3759 6889/2274/3760
f 1918/672/3761 6689/673/3762 644/671/3763
f 643/674/3764 1917/673/3765 6690/672/3766
f 2319/2278/3767 346/1238/1930 5419/1240/1932
f 351/2279/3768 4179/2280/3769 6691/1239/1931
f 1497/2281/3770 5415/999/1558 2165/2282/3771
f 1646/1223/1904 1225/2283/3772 4552/1221/1902
f 2187/1630/3773 1706/1629/3774 5518/1631/2476
f 2187/1630/3773 3194/1635/3775 3195/2284/3776
f 2188/1636/3777 1705/1641/2447 3194/1635/3775
f 444/1607/2454 4041/2285/3778 3059/1605/2452
f 1679/1630/3779 7048/1629/2455 3535/1631/2457
f 7058/2286/3780 4042/1654/2504 4041/2285/3778
f 4685/1636/3781 1229/2284/3782 1679/1630/3779
f 4685/1636/3781 3894/1641/2444 3895/1635/3783
f 1088/1602/2449 1228/1650/2500 1092/1649/2499
f 5574/1870/2827 6001/1861/2825 5999/1852/2828
f 3884/1926/3073 5194/1933/3074 5675/1927/3076
f 6784/2044/3176 553/2287/3784 1132/2035/3167
f 6516/2288/3785 2303/2289/3786 2302/2290/3787
f 1131/2013/3144 2509/2291/3788 2579/2027/3158
f 6657/2292/3789 2040/2293/3790 1134/2294/3791
f 4351/2062/3197 3355/2295/3792 558/2296/3793
f 4940/2297/3794 5621/2298/3795 4669/2060/3195
f 561/2299/3796 5617/2300/3797 3885/2072/3207
f 3886/2074/3209 4236/2301/3798 1138/2302/3799
f 1243/2303/3800 5623/2304/3801 2419/2085/3222
f 6487/2305/3802 4059/2306/3803 2513/2100/3239
f 344/2307/3804 993/944/3805 4761/936/3806
f 3636/2308/660 3475/2309/3807 5794/2310/3808
f 5006/923/3809 3837/933/3810 3832/916/3811
f 3833/916/3812 4270/922/3813 5008/923/3814
f 5011/923/3815 4271/922/3816 5003/930/3817
f 4267/2311/3818 3834/925/3819 4466/924/3820
f 4264/2311/3821 3479/929/3822 4269/2312/3823
f 2640/2312/3824 2054/925/3825 343/2311/3826
f 1246/2313/3827 2984/2314/3828 7135/2315/3829
f 1249/2316/144 652/2317/144 1245/2318/144
f 645/2319/144 654/2320/144 1251/2321/144
f 1244/2322/145 646/2323/145 647/2324/145
f 1255/2325/3830 648/2326/3831 649/2327/3831
f 657/2328/3832 651/2329/3833 650/2330/3833
f 657/2328/3832 1255/2325/3830 1254/2331/3832
f 2981/125/3834 2983/124/3835 1244/126/3836
f 7134/2315/3837 6521/2332/3837 647/2324/3837
f 1248/125/3838 6523/128/3839 1919/124/3840
f 654/130/3836 1253/129/3836 1256/131/3836
f 659/2333/3841 4372/2334/3842 660/2335/3843
f 4375/2336/3844 3201/2337/3845 6694/2338/3846
f 6695/2338/3847 3198/2339/3848 4374/2340/3849
f 4089/2341/3850 2447/2340/3851 3197/2339/3852
f 1257/2341/3853 6327/2342/3854 7136/2343/3855
f 3196/2339/3856 3200/2337/3857 6326/2342/3858
f 1262/2313/3859 6892/2314/3860 667/2315/3861
f 1268/2316/144 1261/2317/144 1260/2318/144
f 1258/2319/144 1264/2320/144 1259/2321/144
f 1266/2322/145 661/2323/145 662/2324/145
f 1273/2325/3862 664/2326/3863 1274/2327/3863
f 670/2328/3864 1271/2329/3865 665/2330/3865
f 670/2328/3864 1273/2325/3862 1272/2331/3864
f 2796/125/3866 6891/124/3867 1266/126/3868
f 4687/2344/3869 662/2324/3870 667/2315/3870
f 6697/125/3871 4688/128/3872 2795/124/3873
f 1264/130/3868 1270/129/3868 663/131/3868
f 3897/2314/3874 676/2313/3875 6699/2315/3876
f 675/2317/144 1281/2316/144 677/2318/144
f 1279/2320/144 671/2319/144 1276/2321/144
f 672/2323/145 1283/2322/145 1275/2324/145
f 1287/2326/3877 681/2325/3878 674/2327/3877
f 1289/2329/3879 1285/2328/3880 1284/2330/3879
f 681/2325/3878 1285/2328/3880 1288/2331/3880
f 3896/124/3881 3898/125/3882 1283/126/3883
f 1277/2315/3884 1278/2332/3885 7016/2345/3886
f 7017/128/3887 2798/125/3888 2797/124/3889
f 678/129/3883 1279/130/3883 673/131/3883
f 682/2346/660 1291/2347/660 683/2348/660
f 685/2349/140 1290/2350/140 684/2351/140
f 688/100/139 693/99/139 689/101/139
f 691/103/347 1292/102/347 690/104/347
f 1294/99/660 695/100/660 696/101/660
f 699/102/347 698/103/347 697/104/347
f 3203/2352/118 5210/2353/119 3204/2354/120
f 1296/2355/127 701/2356/128 2741/2353/129
f 4956/2357/124 1605/2358/125 4955/2356/126
f 6328/2359/121 1989/2354/122 6329/2360/123
f 3734/1664/3890 4275/1665/2509 3577/1666/2510
f 3574/1667/3891 3736/1664/2512 3576/1666/3892
f 1299/1668/3893 6066/1669/3894 1302/1670/3895
f 5069/1671/3896 5070/2361/3897 1299/1668/3893
f 3904/2362/2519 3731/2363/347 5679/2364/2520
f 1300/2365/3898 3730/2363/2522 1297/2366/3899
f 3901/2367/3900 703/2368/2525 3902/2362/2526
f 7138/2369/3901 1716/2370/3902 1300/2365/3898
f 6330/2371/3903 3733/2372/3904 2722/2373/3905
f 3735/2374/3906 6703/2375/2533 6065/2376/2534
f 6702/2375/2535 6893/2377/2536 2449/2376/2537
f 5677/2378/2538 3575/2379/3907 3578/2380/2540
f 2696/2381/2541 4274/2382/2542 4273/2383/2543
f 1303/2384/3908 2220/2385/3909 2219/2386/3910
f 4276/2382/2547 1301/2378/2548 2451/2380/2549
f 7137/2387/3911 3088/2388/3912 3089/2389/3913
f 6895/2390/3914 6331/2391/3915 6333/2392/3916
f 3738/2393/3917 6525/2394/3918 5680/2395/3919
f 3739/2396/3920 704/2397/3921 3906/2398/3922
f 6334/2392/3923 2581/2399/3924 2774/2400/3925
f 1305/2393/3926 2615/2392/3927 6332/2391/3928
f 6896/2401/3929 4278/2402/3930 3580/2403/3931
f 2986/2404/3932 3581/2405/3933 3579/2403/3934
f 4277/2402/3935 2987/2406/3936 2985/2407/3937
f 4822/1588/2435 6340/1587/2434 3533/1586/2432
f 2034/2408/3938 5968/2409/3939 3308/2410/3940
f 4040/1552/3941 4340/2411/3942 6341/2412/3943
f 3205/2413/3944 1085/1512/2345 3207/1511/2344
f 3213/1519/2352 6336/1553/2390 5508/1520/2353
f 6337/1592/3945 1309/1591/3946 3209/2414/3947
f 3208/2414/3948 2181/1556/3949 6338/1592/3950
f 5497/1513/2346 6230/1531/2364 5501/1514/2347
f 2182/1529/3951 1306/1546/3952 2455/1527/3953
f 5500/1530/2363 442/1547/2383 5503/1549/2385
f 1853/1525/3954 5034/1526/3955 5176/2415/3956
f 2034/2408/3938 3205/2413/3944 5968/2409/3939
f 3308/2410/3940 6633/1564/2404 3306/1582/2428
f 4340/2411/3942 6340/1587/2434 6341/2412/3943
f 5176/2415/3956 6963/2416/3957 439/2417/3958
f 6963/2416/3957 4494/2418/3959 439/2417/3958
f 5027/1521/3960 3210/1516/2349 3212/1519/3961
f 6234/1589/2436 3869/1517/145 5026/1521/2433
f 6637/2419/3962 3361/1548/2384 3155/2420/3963
f 6633/1564/2404 5511/1580/2426 3306/1582/2428
f 3533/1586/2432 6340/1587/2434 1308/1584/2430
f 3359/1515/2348 6636/1583/2429 5510/1510/2343
f 4554/2421/3964 7059/2422/3965 4555/2423/3966
f 2641/2422/3967 4824/2424/3968 4823/2425/3969
f 1312/2425/3970 7019/2426/3971 7018/2427/3972
f 707/2427/3973 1311/2428/3974 2799/2423/3975
f 5685/2429/3976 3362/2430/3977 3364/2431/3978
f 3365/2432/3979 3367/2433/3980 4825/2434/3981
f 1721/2435/3982 5072/2436/3983 5681/2437/3984
f 2642/2433/3985 5071/2436/3986 712/2434/3987
f 709/2438/3988 1680/2432/3989 4826/2434/3990
f 710/2439/145 3364/2431/3978 7084/2440/3991
f 1830/2441/3992 2221/2436/3993 5684/2442/3994
f 711/2443/144 712/2434/3987 5073/2444/3995
f 5685/2429/3976 3364/2431/3978 5683/2445/3996
f 5071/2436/3986 5073/2444/3995 712/2434/3987
f 713/2446/3997 3366/2433/3998 3363/2447/3999
f 6812/2448/4000 6527/2435/4001 5682/2437/4002
f 2456/2437/4003 2642/2433/3985 7020/2449/4004
f 716/2450/144 2456/2437/4003 7020/2449/4004
f 6526/2451/4005 6898/2452/4006 3362/2430/3977
f 6526/2451/4005 715/2453/145 6898/2452/4006
f 5211/58/4007 6706/57/4008 5212/59/4009
f 5213/60/4010 2699/59/4011 5214/61/4012
f 4692/62/4013 1315/61/4014 2800/63/4015
f 2458/65/4016 4693/64/4017 6344/66/4018
f 4556/67/4019 1314/66/4020 4557/68/4021
f 6707/69/4022 1455/68/4023 1316/57/4024
f 719/249/347 6900/248/346 1318/250/4025
f 721/252/140 722/251/344 6346/253/4026
f 6899/250/4027 1992/253/4028 6345/251/351
f 6350/2454/4029 725/2455/4030 6347/2456/4031
f 6349/2456/4032 3745/2457/4033 6351/2454/4034
f 3743/2457/4035 5218/2458/4036 3741/2459/4037
f 6067/2460/4038 5216/2461/4039 726/2462/4040
f 723/2463/4041 3744/2457/4042 724/2464/660
f 6352/2465/4043 5216/2461/4039 6348/2456/4044
f 4827/515/4045 5074/527/4046 4828/516/4047
f 4958/2466/4048 4835/517/4049 5686/519/4050
f 5689/520/4051 4829/516/4052 5075/527/4053
f 2229/517/4054 2227/520/4055 5687/519/4056
f 7144/521/4057 4831/522/4058 4833/517/4059
f 4960/524/4060 5688/520/4061 728/528/139
f 2223/529/4062 4831/522/4058 729/523/4063
f 2230/515/4064 5691/527/4065 3747/516/4066
f 4695/518/4067 4092/517/4068 1325/519/4069
f 4096/520/4070 3748/516/4071 5692/527/4072
f 4092/517/4068 4094/520/4073 1325/519/4069
f 733/521/4074 4090/522/4075 4093/517/4076
f 1327/524/4077 2233/520/4078 731/528/145
f 4696/518/4079 1327/525/4077 1326/526/4080
f 3750/529/4081 4090/522/4075 732/523/4082
f 730/2467/4083 4957/2466/4084 1322/2468/4085
f 5693/2469/4086 7154/532/4087 3216/534/4088
f 3910/519/139 3907/535/4089 736/517/4090
f 3217/534/4091 3914/522/4092 5694/2469/4093
f 3913/522/4094 3910/519/139 736/517/4090
f 1328/524/4074 3218/520/4095 735/528/4096
f 737/521/4077 3916/522/4097 6708/517/4098
f 737/536/4077 3908/535/4099 7021/537/4100
f 1329/533/4101 3916/522/4097 734/523/145
f 1456/538/4102 3218/520/4095 3215/534/4103
f 5699/2470/4029 1330/2471/4104 5695/2472/4031
f 5696/2472/4032 5700/450/4033 740/2470/4034
f 5701/450/4035 3369/2473/4036 5705/2474/4037
f 2525/2475/4038 3371/446/4039 742/452/4040
f 5698/2476/4041 5703/450/4105 741/454/660
f 6353/2477/4106 3371/446/4039 5697/2472/4044
f 2582/2478/4107 743/2479/4108 7023/2480/4109
f 5706/2481/4110 7085/2482/4111 744/2483/4112
f 7086/2483/4113 7022/2478/4114 2583/2480/4115
f 4961/2484/4116 5707/2485/4117 2775/2481/4118
f 745/2486/940 5708/2487/938 747/2488/939
f 1555/2487/937 746/2489/935 5709/2488/936
f 750/671/4119 748/673/4120 5710/672/4121
f 5711/673/4122 749/674/4123 751/672/4124
f 1333/673/4125 753/674/4126 755/672/4127
f 754/671/4128 4559/673/4129 4558/672/4130
f 3220/672/4131 757/671/3764 3221/673/4132
f 756/674/3763 752/672/4133 1683/673/4134
f 6356/2430/4135 6071/2429/4136 6077/2431/4137
f 4838/2430/4138 6078/2490/4139 4836/2431/4140
f 1607/2429/4141 2327/2491/4142 6075/2451/4143
f 5712/2429/4144 4839/2430/4145 1756/2431/4146
f 1335/2490/4147 758/2440/3988 4837/2431/4148
f 759/2439/145 6077/2431/4137 761/2445/4149
f 5713/2429/4150 7087/2492/4151 6070/2493/4152
f 1756/2431/4146 760/2439/144 1336/2445/4153
f 6071/2429/4136 761/2445/4149 6077/2431/4137
f 5712/2429/4144 1756/2431/4146 1336/2445/4153
f 2238/2430/4154 2700/2494/4155 6355/2495/4156
f 6072/2491/4157 6709/2496/4158 1608/2451/4159
f 6074/2451/4160 7145/2452/4161 4839/2430/4145
f 6074/2451/4160 764/2453/144 7145/2452/4161
f 6073/2451/4162 6356/2430/4135 6354/2452/4163
f 763/2453/145 6073/2451/4162 6354/2452/4163
f 6902/2497/4164 4700/2498/4165 2460/2499/4166
f 7024/2499/4167 4377/2500/4168 5715/2501/4169
f 1341/2501/4170 4378/2502/4171 7032/2503/4172
f 5716/2501/4173 5100/2504/4174 5222/2505/4175
f 7025/2499/4176 5222/2505/4175 5220/2506/4177
f 6901/2497/4178 5220/2506/4177 6536/2507/4179
f 6530/2508/4180 4704/2509/4181 4702/2510/4182
f 4703/2511/4183 1722/2512/4184 1610/2513/4185
f 5799/2514/4186 6080/2513/4187 6711/2512/4188
f 1387/2508/4189 5717/2515/4190 3586/2516/4191
f 1609/2511/4192 5719/2517/4193 5717/580/4190
f 2056/2518/4194 3091/621/4195 5718/2519/4196
f 3585/2520/4197 3590/2521/4198 3583/2522/4199
f 6082/2523/4200 3586/2516/4191 3584/2524/4201
f 6079/2513/4202 3584/2524/4201 5719/2517/4193
f 2459/2522/4203 3588/2525/4204 5720/2518/4205
f 2055/2526/4206 3093/2527/4207 2644/2520/4208
f 1723/2509/4209 3092/2528/4210 3090/2529/4211
f 5798/2514/4212 3587/2530/4213 3589/2531/4214
f 5724/2519/4215 6535/2532/4216 5722/2533/4217
f 5721/2533/4218 5221/2534/4219 5725/2535/4220
f 6713/2536/4221 5101/2537/4222 2646/2538/4223
f 5726/2535/4224 5223/2539/4225 6712/2536/4226
f 766/2500/4227 1340/2540/4228 765/2541/4229
f 4379/2502/4230 765/2541/4229 5723/2542/4231
f 2239/2543/4232 5723/580/4231 2645/2544/4233
f 4701/2498/4234 2645/2544/4233 1340/2540/4228
f 6710/2512/4235 3090/2545/4211 3587/2530/4213
f 4708/2546/4236 4429/2547/4237 6586/646/4238
f 5864/2548/4239 2856/650/4240 4428/2549/4241
f 2848/651/4242 6176/2550/4243 2853/649/4244
f 3264/647/4245 3983/2551/4246 2847/648/4247
f 2243/580/4248 4381/585/4249 4282/586/4250
f 4382/588/4251 2242/587/4252 3754/589/4253
f 4383/588/4254 3752/590/4255 6715/591/4256
f 1503/592/4257 1347/590/4258 5079/593/4259
f 4381/595/4249 4281/594/4260 4282/596/4250
f 5551/597/4261 4283/598/4262 4280/2552/4263
f 5554/601/4264 4383/600/4254 6715/599/4256
f 1345/595/4265 1833/602/4266 770/2553/4267
f 771/2554/4268 3753/2555/4269 5076/2556/4270
f 1558/614/4271 3751/2557/4272 3753/2555/4269
f 6083/2558/4273 5078/2559/4274 3751/2557/4272
f 5078/615/4274 771/2554/4268 5076/2556/4270
f 6087/2560/4275 6086/2561/4276 1863/2558/4277
f 1922/2519/4278 2083/2562/4279 3592/2554/4280
f 3591/2554/4281 2989/2563/4282 2990/614/4283
f 1557/2563/4284 6084/2558/4285 2991/614/4286
f 768/2552/4287 4282/598/4250 4281/2564/4260
f 3224/2565/4288 4381/595/4249 3222/2553/4289
f 6718/576/4290 4965/575/4291 6716/577/4292
f 1353/579/4293 4963/578/4294 3373/580/4295
f 775/582/4296 3377/581/4297 4284/583/4298
f 1351/584/4299 1349/581/4300 1834/576/4301
f 2245/611/4302 6717/610/4303 3376/612/4304
f 6717/610/4303 6720/613/4305 4964/616/4306
f 6720/613/4305 3374/615/4307 4964/616/4306
f 5082/617/4308 3376/612/4304 3374/618/4307
f 3594/614/4309 6719/619/4310 6721/613/4311
f 1354/613/4312 5080/621/4313 5081/2519/4314
f 778/2566/4315 2994/611/4316 779/617/4317
f 2992/623/4318 3593/614/4319 2993/611/4320
f 1834/576/4301 774/577/4321 1351/584/4299
f 4963/578/4294 1352/2567/4322 2647/575/4323
f 1353/1764/4293 3373/1763/4295 3375/582/4324
f 4714/2498/4325 5729/2497/4326 5728/2499/4327
f 6815/2500/4328 2249/2499/4329 5084/2501/4330
f 4285/2502/4331 5083/2501/4332 4287/2503/4333
f 3225/2504/4334 5085/2501/4335 3229/2505/4336
f 3229/2505/4336 5727/2499/4337 3917/2506/4338
f 3918/2506/4339 5730/2497/144 5733/2507/4340
f 5734/2532/4341 3920/2519/4342 3922/2533/4343
f 3919/2534/4344 3923/2533/4345 6357/2535/4346
f 3227/2537/4347 6722/2536/4348 3921/2538/4349
f 3230/2539/4350 1356/2535/4351 6723/2536/4352
f 6358/2540/4353 6816/2500/4354 1686/2541/4355
f 1686/2541/4355 4286/2502/4356 1685/2542/4357
f 1685/580/4357 2330/2543/4358 2250/2544/4359
f 2250/2544/4359 4715/2498/4360 6358/2540/4353
f 4288/2503/4361 3226/2504/4362 5737/2568/4363
f 5736/2507/4364 5731/2497/4365 2335/2569/4366
f 5739/2570/4367 4713/2543/4368 1357/2511/4369
f 5735/2507/4370 5737/2570/4363 3226/2545/4362
f 2995/2509/4371 4726/2508/4372 2997/2510/4373
f 2336/2512/4374 2016/2511/4375 4719/2513/4376
f 4718/2513/4377 4722/2514/4378 4720/2512/4379
f 4561/2515/4380 4727/2508/4381 2587/2516/4382
f 5087/2517/4383 2998/2511/4384 4561/580/4380
f 4562/621/4385 2058/2518/4386 4560/2519/4387
f 6541/2521/4388 4842/2520/4389 4840/2522/4390
f 2587/2516/4382 2017/2523/4391 4841/2524/4392
f 4841/2524/4392 2252/2513/4393 5087/2517/4383
f 5088/2525/4394 1359/2522/4395 5086/2518/4396
f 6539/2527/4397 2057/2526/4398 4843/2520/4399
f 6538/2528/4400 2996/2509/4401 4563/2529/4402
f 5089/2530/4403 4723/2514/4404 6540/2531/4405
f 4563/2545/4402 4721/2512/4406 5089/2530/4403
f 6540/2531/4405 4723/2514/4404 6090/2569/4407
f 4725/2571/4408 6538/2528/4400 5740/2568/4409
f 5738/2568/4410 4717/2523/4411 1784/2508/4412
f 6540/2531/4405 5740/2568/4409 6538/2528/4400
f 6906/1002/4413 1838/1003/1570 1363/1244/4414
f 783/1005/4415 2590/1002/4416 782/1006/4417
f 786/1007/4418 4565/1008/4419 4564/1010/4420
f 785/1011/4421 2588/1010/4422 1364/1012/4423
f 787/1014/4424 4844/1013/4425 4845/1015/4426
f 788/1017/4427 5091/1016/4428 5090/1018/4429
f 6359/1020/4430 3000/1019/4431 2999/1017/4432
f 2462/1015/4433 789/1021/4434 2801/1020/4435
f 2256/1022/4436 6905/580/4437 1757/1023/4438
f 1996/1025/4439 3756/1024/4440 3757/1022/4441
f 4384/1027/4442 4567/1026/4443 4566/1025/4444
f 6904/1029/4445 4385/1028/4446 790/1027/4447
f 1364/1012/4423 2588/1010/4422 2589/1008/4448
f 1837/2572/4449 785/1011/4421 6091/2573/4450
f 2590/1002/4416 6907/1244/4451 782/1006/4417
f 2257/1158/4452 7146/1159/4453 5742/2574/4454
f 792/1161/4455 5741/1158/4456 791/1162/4457
f 1367/1163/4458 1369/1164/4459 793/1166/4460
f 1365/1167/4461 6970/1166/4462 1368/1168/4463
f 5741/1158/4456 2258/2574/4464 791/1162/4457
f 7147/1160/4465 1365/2575/4461 794/1159/4466
f 6543/1706/4467 1947/1723/4468 6242/1722/4469
f 7005/2576/4470 5535/1704/4471 7003/2577/4472
f 1887/2578/4473 1747/1733/4474 3157/2579/4475
f 5978/2580/4476 6369/1747/4477 4501/1724/4478
f 5809/2581/4479 6363/2582/4480 6361/2583/4481
f 5812/2584/4482 6362/2585/4483 6364/2586/4484
f 5107/2587/4485 6817/2588/4486 5810/2589/4487
f 6093/2590/4488 6381/2591/4489 6366/2592/4490
f 5807/2593/4491 6094/2594/4492 6365/2595/4493
f 5743/2596/4494 6380/2597/4495 6095/2598/4496
f 5807/2593/4491 6097/2599/4497 6094/2594/4492
f 6095/2598/4496 5746/2600/4498 5743/2596/4494
f 2527/2601/4499 6101/2602/4500 2471/2603/4501
f 5747/2603/4502 5808/2604/4503 5744/2605/4504
f 6365/2595/4493 5804/2606/4505 5807/2593/4491
f 5812/2584/4482 6364/2586/4484 3005/2607/4506
f 6817/2588/4486 5107/2587/4485 5751/2608/4507
f 6818/2609/4508 3004/2610/4509 1370/2582/4510
f 5753/2611/4511 2018/2612/4512 2261/2610/4513
f 6108/2613/3718 7155/2614/3719 5803/2615/4514
f 6362/2585/4483 5812/2584/4482 6107/2616/4515
f 5750/2617/4516 1573/189/4517 2618/2618/4518
f 3001/2619/230 3003/2620/4519 2260/2621/4520
f 3006/2620/4521 5749/2618/4522 7088/2621/4523
f 5754/2591/4524 3010/2590/4525 3008/2592/4526
f 4392/2593/4527 3009/2595/4528 3011/2594/4529
f 5114/2596/4530 6367/2598/4531 5755/2597/4532
f 3728/2622/112 5756/2623/113 4389/2624/4533
f 6098/2620/4534 3348/2619/3698 5759/2621/4535
f 4392/2593/4527 3011/2594/4529 5758/2599/4536
f 3009/2595/4528 4392/2593/4527 4388/2606/4537
f 4971/2625/4538 4967/2626/4539 7026/2627/4540
f 2466/2628/4541 3231/2629/4542 3233/2630/4543
f 4968/2631/4544 4970/1506/4545 3232/1508/4546
f 2467/2630/4547 4966/2626/4548 4969/2628/4549
f 1464/2625/4550 3234/2630/4551 2338/2629/4552
f 6102/2632/4553 4502/1724/4554 4506/1726/4555
f 4500/2633/4556 5762/1729/4557 4214/2634/4558
f 4216/1746/4559 5764/2635/4560 2409/1745/4561
f 3381/2636/4562 5546/1733/4563 1984/1735/4564
f 3382/1738/4565 6370/2637/4566 5547/1741/4567
f 6373/1747/4568 3384/2638/4569 4931/1748/4570
f 5533/2639/4571 4788/1716/4572 4785/1718/4573
f 3680/1708/4574 4787/2640/4575 6545/1706/4576
f 5536/1704/4577 1744/2641/4578 452/1705/4579
f 5095/1704/4580 5768/2642/4581 5765/2643/4582
f 5095/1704/4580 3390/2644/4583 5768/2642/4581
f 3928/2645/4584 5772/2646/4585 5770/1703/4586
f 5770/1703/4586 4571/2647/4587 6547/2648/4588
f 5093/1714/4589 3925/1713/4590 3389/1715/4591
f 5766/2649/4592 4573/1716/4593 5793/1718/4594
f 5771/2650/4595 5769/2651/4596 3392/2652/4597
f 2469/2651/4598 6546/2653/4599 5767/2649/4600
f 5094/1721/4601 6104/1720/4602 5092/1714/4603
f 3388/1715/4604 3929/2654/4605 3391/2652/4606
f 3924/2655/4607 1563/2646/4608 3927/2645/4609
f 3933/2656/4610 3938/2657/4611 5784/2658/4612
f 5786/2659/4613 3931/2660/4614 5790/2661/4615
f 3395/1721/4616 5781/2662/4617 3402/2663/4618
f 3398/1733/4619 5779/1735/4620 6551/1734/4621
f 3241/2664/4622 5780/2665/4623 6374/2666/4624
f 5774/2667/4625 2648/2668/4626 5778/2665/4627
f 6553/2669/4628 3399/2670/4629 3595/2671/4630
f 6552/2669/4631 1611/2663/4632 2649/2662/4633
f 6550/2668/4634 5783/2672/4635 5785/2659/4636
f 5787/1745/4637 3398/1733/4619 6551/1734/4621
f 5784/2658/4612 3236/2673/4638 3933/2656/4610
f 3926/2655/4639 4570/2647/4640 5773/2646/4641
f 5097/1704/4642 3387/2576/4643 3385/2646/4644
f 3400/1733/4645 3403/2578/4646 3596/2579/4647
f 3237/2673/4648 5782/2674/4649 3935/2656/4650
f 3932/2656/4651 3930/2675/4652 3937/2657/4653
f 5789/2661/4654 3934/2676/4655 3396/2677/4656
f 5791/2635/4657 3397/1746/4658 5788/1745/4659
f 1839/1733/4660 6375/2636/4661 2000/1735/4662
f 3239/2678/4663 6376/2666/4664 3401/2670/4665
f 3240/2679/4666 3235/2673/4667 5775/2680/4668
f 5098/2639/4669 4572/1716/4670 4568/2681/4671
f 6548/2648/4672 801/2647/4673 4574/2641/4674
f 5792/2641/4675 5096/1704/4676 798/2643/4677
f 3480/929/4678 4265/2311/4679 3474/927/4680
f 2695/2682/4681 1699/927/4682 4266/2311/4683
f 4465/924/4684 6725/2683/4685 4268/2311/145
f 3760/456/4686 3014/455/4687 3941/457/4688
f 3940/2684/4689 3945/455/4690 3942/457/4691
f 803/2685/4692 6909/456/4693 5796/475/4694
f 3944/455/4695 6908/456/4696 3943/457/4697
f 6554/465/4698 1380/2684/4699 1465/457/4700
f 3760/456/4686 6819/465/4701 2743/466/4702
f 6377/2686/4703 804/456/4704 3761/2687/4705
f 1382/465/4706 6908/456/4696 806/466/4707
f 6819/465/4701 807/470/145 2743/466/4702
f 806/466/4707 808/470/144 1382/465/4706
f 3012/2688/4708 1466/455/4709 3013/2689/4710
f 1381/475/4711 3944/455/4695 3946/476/4712
f 3014/455/4687 3758/475/4713 809/476/4714
f 2670/2690/4715 3759/2685/4716 5795/475/4717
f 811/479/144 1381/475/4711 3946/476/4712
f 3758/475/4713 810/479/145 809/476/4714
f 6379/2691/4718 2744/2692/4719 1385/2693/4720
f 3598/2694/4721 812/2695/4722 3597/2692/4723
f 4576/2696/4724 7029/2697/4725 4575/2695/4726
f 7030/2698/4727 6378/2693/4728 1384/580/4729
f 5798/2514/4212 3589/2531/4214 5800/2699/4730
f 3092/2528/4210 6533/2571/4731 2592/2700/4732
f 2265/2523/4733 5105/2700/4734 6531/2508/4735
f 2592/2700/4732 3589/2531/4214 3092/2528/4210
f 5099/2504/4736 7031/2503/4737 5103/2568/4738
f 6903/2497/4739 6534/2507/4740 2340/2569/4741
f 4699/2543/4742 5104/2570/4743 1502/2511/4744
f 5106/2570/4745 6534/2507/4740 5102/2545/4746
f 5743/2596/4494 6821/2701/4747 6380/2597/4495
f 796/2591/4748 5805/2606/4749 1926/2592/4750
f 6823/2701/4751 1961/2593/4752 2465/2606/4753
f 1840/56/3712 5111/2702/4754 6820/2703/4755
f 6822/2703/4756 6109/2613/3716 5806/2615/4757
f 5107/2587/4485 5810/2589/4487 5109/2704/4758
f 6106/2616/4759 1688/2581/4760 795/2583/4761
f 5112/2704/4762 5811/2584/4763 5108/2587/4764
f 6111/2705/106 2755/2256/4765 6112/2706/4766
f 5757/2623/109 6114/2706/4767 1391/2624/4768
f 7118/189/3691 5745/2617/3692 6116/2618/4769
f 6119/2618/4770 1371/2620/4771 2531/2621/4772
f 6367/2598/4531 5114/2596/4530 6117/2600/4773
f 6368/2601/4774 5761/2602/4775 2263/2590/4776
f 6118/2603/4777 1927/2604/4778 5760/2602/4779
f 5114/2596/4530 5755/2597/4532 6113/2701/4780
f 4390/2606/4781 2528/2591/4782 2262/2592/4783
f 1390/2701/4784 4393/2593/4785 5113/2596/4786
f 2342/1/1 1/16/4787 5814/2/2
f 2343/3/4 6383/2707/4788 2/4/5
f 6382/4/7 2266/2707/4789 813/5/8
f 2593/6/10 6556/5/4790 5228/7/11
f 815/8/13 814/7/4791 5115/9/14
f 5116/11/16 4/2708/4792 6121/12/17
f 6120/13/19 1963/12/4793 2803/14/20
f 2020/14/22 1468/2/4794 5813/16/23
f 3243/17/25 3242/33/4795 4973/18/26
f 2086/19/28 2087/18/4796 888/20/29
f 4098/20/31 2595/24/4797 7090/22/32
f 2804/23/34 2594/22/4798 7089/24/35
f 2672/26/37 2747/29/4799 5/27/38
f 6558/29/40 1392/31/4800 7140/30/41
f 7139/31/43 2532/34/4801 6/32/44
f 819/33/46 2473/17/4802 3763/32/47
f 5230/35/49 2534/2709/4803 2533/36/50
f 5231/37/4804 6912/44/4805 6911/38/4806
f 7/39/55 821/2710/4807 4847/40/56
f 4846/41/58 2702/40/4808 6124/42/59
f 6123/42/4809 6910/38/4810 1469/44/4811
f 2807/45/64 7092/2710/4812 7091/39/65
f 4099/35/49 1614/2709/4803 1613/36/50
f 4101/47/4813 5233/44/4805 6385/38/4806
f 2705/39/55 2704/2710/4807 2703/40/70
f 825/41/58 6915/40/4814 4395/48/59
f 1965/48/4815 6384/38/4810 826/44/4811
f 2809/45/64 4577/2710/4812 4578/39/65
f 5235/49/73 6126/55/4816 11/50/74
f 10/52/4817 7156/2614/4818 2267/53/4819
f 1760/55/79 6825/2711/4820 6824/56/80
f 828/57/82 2783/69/4821 6128/58/83
f 6127/59/85 832/58/4822 3405/60/86
f 829/61/88 831/60/4823 5237/62/89
f 2345/64/91 2344/2712/4824 3600/65/92
f 3599/66/94 830/65/4825 6971/67/95
f 6972/68/97 1616/67/4826 2815/69/98
f 1470/70/100 18/82/4827 833/71/101
f 2819/73/4828 4103/81/4829 834/74/4830
f 3407/76/106 7096/2713/4831 17/77/107
f 3766/79/109 2001/76/4832 835/78/110
f 16/81/4833 836/73/4834 2090/79/4835
f 7095/77/115 1565/2713/4836 7094/82/116
f 6560/83/118 19/87/4837 6386/84/119
f 3948/86/121 3947/89/4838 6559/87/122
f 837/88/124 21/2714/4839 20/89/125
f 2674/85/127 2673/84/4840 4290/90/128
f 5119/2715/4841 4849/2716/4842 838/94/4843
f 5117/95/133 5118/2715/4844 4851/94/134
f 22/96/136 839/2717/4845 23/97/137
f 28/99/139 840/2718/139 24/100/139
f 842/102/140 841/2719/140 27/103/140
f 5242/105/141 848/2720/4846 844/106/142
f 33/108/144 847/2721/144 36/109/144
f 37/111/144 846/2722/144 845/112/144
f 843/114/145 39/2723/145 38/115/145
f 31/117/146 851/2724/147 40/118/147
f 855/120/148 854/123/149 850/121/149
f 40/118/147 851/2724/147 850/121/149
f 30/116/153 5120/2725/4847 5121/127/154
f 1786/128/4848 1785/2726/4849 1566/125/4850
f 852/129/152 36/2727/152 37/130/152
f 4580/132/158 4579/135/195 1569/133/159
f 1930/135/161 1931/132/4851 44/136/162
f 7122/136/164 6562/139/4852 6561/138/165
f 45/139/167 857/2728/4853 1841/140/168
f 6916/141/170 6917/2249/4854 5245/142/171
f 2091/142/173 1568/134/4855 3602/133/174
f 4581/144/176 4582/2248/4856 4976/145/177
f 2346/146/179 2347/145/4857 6130/147/180
f 1393/147/182 860/150/4858 3949/149/183
f 3950/150/185 2707/2729/4859 2706/151/186
f 6918/152/188 6919/2247/4860 3768/153/189
f 2092/153/191 861/2248/4861 59/144/192
f 6389/155/194 47/134/160 2821/132/158
f 862/135/161 2708/132/4851 48/136/162
f 6132/136/164 6974/139/4862 46/138/165
f 49/139/196 865/2730/4853 6726/156/168
f 864/141/197 6727/2249/4854 6975/157/171
f 1394/157/198 6388/134/4863 866/155/199
f 6133/158/200 3409/170/4864 6390/159/201
f 6134/160/4865 5246/162/4866 1395/161/4867
f 868/162/4868 1472/164/4869 1471/163/4870
f 7097/164/209 1571/2731/4871 1570/165/210
f 4106/166/4872 2095/169/4873 2094/167/4874
f 3411/169/4875 869/159/4876 41/170/4877
f 54/171/218 2096/182/4878 3094/172/219
f 4853/174/4879 4400/181/4880 1788/175/4881
f 3015/176/224 52/2732/4882 5816/177/225
f 50/179/227 2596/176/4883 2597/178/228
f 53/181/4884 4852/174/4885 4398/179/4886
f 2002/177/233 5815/2732/4887 3771/182/234
f 1396/183/236 872/190/4878 2620/184/237
f 7124/186/4888 3002/2619/4880 870/187/4881
f 5817/189/238 5818/2733/4889 6138/190/234
f 2097/191/4890 4856/198/4891 4854/192/4892
f 6563/194/243 3952/2734/4893 5250/195/244
f 3959/197/246 874/192/4894 2098/198/247
f 3957/200/4895 873/2734/4896 2621/194/4897
f 6565/2269/4898 875/214/4899 4982/213/4900
f 3958/200/4901 1933/201/4902 6395/208/4903
f 5819/210/261 3021/211/265 3018/196/262
f 5819/210/261 3960/197/4904 3097/199/264
f 2101/212/4905 2099/204/254 6393/203/253
f 5820/2735/4906 2100/207/4907 3955/206/4908
f 1398/2735/4909 1932/206/4910 1397/2736/4911
f 3412/215/272 63/226/4912 4293/216/273
f 878/218/275 66/223/4913 2021/219/276
f 62/218/278 6397/220/4914 6396/220/279
f 64/221/281 67/220/4915 2748/220/282
f 65/217/284 4858/221/4916 4859/222/285
f 3023/223/287 6921/225/4917 876/224/288
f 2758/225/290 877/216/4918 4292/226/291
f 7035/216/293 880/226/4919 3774/215/294
f 2784/219/296 882/223/4920 4729/218/297
f 3604/220/299 3603/220/4921 2536/218/300
f 879/220/302 881/220/4922 2759/221/303
f 69/222/305 7037/221/4923 2103/217/306
f 70/224/308 7062/225/4924 3025/223/309
f 7034/226/311 2650/216/4925 2760/225/312
f 884/227/314 5254/233/4926 4109/228/315
f 5825/230/317 5821/2737/4927 5822/231/318
f 885/233/4928 7141/227/4929 2823/234/4930
f 6729/236/323 6728/2738/4931 2762/237/324
f 887/239/326 1693/2739/4932 1692/236/327
f 6731/241/329 3963/2740/4933 2474/240/330
f 6829/243/332 1869/2741/4934 6730/242/333
f 886/244/4935 6141/245/4936 4108/229/4937
f 1399/230/4938 71/232/4939 6142/245/4940
f 1618/235/4941 1617/234/4942 2106/246/4943
f 6567/248/344 74/2742/140 73/249/140
f 3776/251/346 72/2743/347 75/252/347
f 2350/253/349 1619/248/4944 76/250/350
f 2127/254/4945 2126/694/4946 5256/255/4947
f 1627/257/4948 889/695/4949 77/258/4950
f 5124/260/4951 5827/267/4952 1473/261/4953
f 4158/2744/1291 892/268/1276 971/269/1289
f 3422/263/4954 5123/260/4955 5261/264/4956
f 4586/268/367 3423/263/4957 3817/265/368
f 6145/261/370 3047/855/4958 5262/270/371
f 972/271/4959 891/277/4960 3420/272/4961
f 6572/274/4962 2351/272/4963 2623/275/4964
f 3416/271/383 6569/273/4965 5885/278/384
f 4586/268/367 5830/862/4966 6594/280/386
f 3425/275/382 3423/263/4957 4586/268/367
f 4295/277/387 2268/267/4967 5126/260/388
f 3419/272/390 82/260/4968 3421/263/391
f 6194/880/1130 6146/281/4969 1401/283/1297
f 2475/281/4970 2539/284/4971 3430/282/4972
f 3435/284/4973 2136/287/4974 893/285/4975
f 4402/283/402 2538/282/4976 85/288/403
f 3779/285/405 6398/2745/4977 5263/288/406
f 6575/290/408 86/2745/4978 3780/285/400
f 3099/296/140 3605/306/140 3436/297/415
f 6734/299/4979 1765/675/4980 1764/300/4981
f 2544/302/4982 4118/316/4983 90/296/421
f 6732/299/423 5324/308/4984 6922/303/424
f 3443/305/426 1969/297/4985 91/306/427
f 3438/297/429 941/310/4986 5322/308/430
f 4406/309/347 88/303/347 5323/308/432
f 4409/311/4987 5127/2746/4988 89/309/435
f 3440/312/4989 4410/2747/4990 3444/313/4991
f 1576/2748/4992 1575/2746/4993 4411/311/4994
f 4590/317/443 2354/320/4995 2353/318/444
f 4120/320/446 4861/322/4996 4860/321/447
f 2628/322/449 92/324/4997 966/323/450
f 3965/324/452 2549/2749/4998 2548/325/453
f 3027/326/455 3030/2750/4999 3031/327/456
f 5265/329/458 5836/351/5000 5834/330/459
f 3979/332/5001 3977/367/5002 1843/333/5003
f 2828/335/464 5283/368/5004 5266/336/465
f 2541/338/467 895/372/5005 897/339/468
f 4983/341/470 5312/345/5006 3783/342/471
f 7039/344/5007 3784/342/5008 2121/345/5009
f 2827/347/476 2110/364/5010 2831/348/477
f 1622/350/479 930/330/5011 2111/351/480
f 894/341/482 2115/343/5012 2541/338/467
f 5271/353/483 2120/361/5013 4732/354/484
f 4121/356/486 1633/359/5014 5273/357/487
f 2116/327/5015 2651/2750/5016 6832/359/5017
f 2540/360/5018 1403/2751/5019 2843/361/5020
f 1622/350/479 928/352/481 4297/362/495
f 2113/366/5021 1634/357/5022 2112/2752/5023
f 1871/368/5024 1872/367/5025 2269/336/5026
f 94/362/5027 4301/370/5028 6399/363/5029
f 2130/371/513 896/385/5030 5285/339/514
f 2598/2753/5031 4302/374/517 5282/373/516
f 2131/376/519 1842/380/523 5280/375/518
f 6401/377/520 2598/2753/5031 5282/373/516
f 96/398/542 1577/402/546 3244/399/543
f 1789/401/545 100/404/5032 1577/402/546
f 95/403/547 101/437/5033 6834/404/548
f 6735/405/550 6736/409/5034 104/406/551
f 2357/408/553 899/410/557 1791/409/554
f 3247/400/556 898/399/5035 899/410/557
f 1726/399/558 6838/402/562 106/413/561
f 6838/402/562 111/404/5036 1967/401/563
f 4127/404/564 112/437/5037 105/403/565
f 115/406/567 3250/409/5038 3249/405/568
f 1873/409/570 6984/410/5039 108/412/560
f 6984/410/5039 1726/399/558 108/412/560
f 2652/402/572 122/404/5040 117/414/573
f 3968/404/575 123/437/5041 116/416/576
f 126/406/578 127/419/5042 5289/417/579
f 5288/419/581 1694/441/5043 4130/420/582
f 6837/398/542 6578/402/546 6403/399/543
f 3606/401/545 134/404/5032 6578/402/546
f 128/403/547 135/437/5033 3607/404/585
f 1404/405/550 6836/409/5034 138/406/586
f 5295/408/553 2710/410/587 139/409/554
f 5294/421/556 133/399/5035 2710/410/587
f 3971/399/588 3969/423/591 6579/415/589
f 3969/423/591 3252/424/5036 3251/414/592
f 148/424/564 149/437/5037 140/416/565
f 152/406/594 1623/409/5044 6980/425/595
f 6981/409/596 153/410/599 3789/426/597
f 153/410/599 2361/399/5045 3787/422/600
f 156/411/605 160/432/609 7142/429/606
f 155/431/608 904/434/611 160/432/609
f 1793/433/610 1794/435/5046 904/434/611
f 154/407/612 161/406/5047 5290/435/613
f 6576/436/615 1725/438/5048 164/437/616
f 157/430/607 7142/429/606 6577/438/618
f 1695/432/623 2652/402/572 2358/415/574
f 3105/441/625 1695/432/623 2359/439/624
f 6152/446/5049 6738/450/5050 5297/445/5051
f 905/447/5052 2270/450/5053 2271/446/5054
f 6739/449/655 167/454/662 6737/450/656
f 2763/444/5055 165/452/660 6153/446/659
f 5841/453/661 2477/445/5056 6737/450/656
f 3612/448/5057 2677/2754/5058 3610/447/5059
f 4415/455/663 3253/475/690 3255/456/664
f 909/458/666 2117/473/5060 6154/459/667
f 5303/461/669 2479/468/5061 3254/462/670
f 1795/461/672 2272/463/688 4413/458/673
f 1728/459/675 6405/2755/5062 3790/464/676
f 168/465/678 6155/457/665 3255/456/664
f 5304/461/680 6406/469/5063 6840/467/681
f 1795/461/672 3792/460/674 908/464/683
f 4412/458/685 910/474/5064 2118/472/686
f 2478/462/692 6407/2756/5065 172/477/693
f 2272/463/688 5305/477/5066 174/478/144
f 173/479/145 911/2690/5067 3253/475/690
f 6156/480/695 6924/2757/5068 4139/481/696
f 6161/482/5069 4137/486/5070 175/484/5071
f 1508/482/5072 4594/483/5073 4592/485/5074
f 912/487/5075 2653/490/5076 176/488/5077
f 4135/487/710 2480/485/5078 2481/483/711
f 5842/491/713 5307/494/5079 4416/492/714
f 5308/494/5080 6408/2758/5081 4420/495/5082
f 6409/2758/5083 2364/496/5084 5132/498/5085
f 5306/496/719 178/2759/5086 5129/497/720
f 2022/499/722 5131/498/726 177/497/723
f 2023/495/5087 2273/2758/5088 2363/498/5089
f 3615/504/5090 3613/2760/5091 6927/505/5092
f 2119/503/5093 3257/509/5094 3108/507/5095
f 916/507/5096 2368/509/5097 3617/504/5098
f 3616/504/5099 913/2761/739 3614/2760/5100
f 913/508/739 3616/504/5099 3258/509/740
f 5843/506/5101 179/512/139 3110/507/743
f 917/513/744 180/510/741 3258/509/740
f 3622/517/5102 5133/2762/5103 5846/518/5104
f 5134/2762/5105 2370/2763/5106 187/518/5107
f 918/516/5108 183/522/5109 4425/520/5110
f 1762/520/5111 3619/522/5112 3621/517/5113
f 1934/517/5114 184/536/755 1578/2764/5115
f 184/521/755 1934/517/5114 3620/522/756
f 186/524/758 181/528/145 4424/520/759
f 186/525/758 4422/519/760 5847/518/761
f 919/529/764 182/523/757 3620/522/756
f 6926/505/766 2366/2760/5116 6740/530/767
f 2837/535/5117 4862/2765/5118 4864/519/5119
f 2025/535/5120 2711/2766/5121 191/2765/5122
f 3798/522/5123 5851/520/5124 3115/534/5125
f 1510/519/773 1509/520/5126 3797/522/778
f 4863/2767/5127 920/525/755 4865/519/780
f 920/524/755 189/528/785 5850/520/779
f 190/521/758 2024/517/5128 921/522/781
f 2838/535/782 2024/517/5128 190/536/758
f 2372/533/5129 188/523/145 921/522/781
f 6986/538/784 2371/534/5130 5850/520/779
f 5855/542/5049 5852/546/5050 3625/541/5051
f 924/543/5052 923/546/5053 922/542/5054
f 195/545/655 193/550/662 5853/546/656
f 5858/540/5055 192/548/660 5854/542/787
f 3627/549/788 194/541/5056 5853/546/656
f 4303/544/5057 3972/2768/5058 3975/543/5059
f 6581/551/789 199/2769/660 198/552/660
f 6169/554/791 197/2770/139 200/555/139
f 925/551/793 926/553/5131 927/554/794
f 206/248/796 204/2742/660 203/249/660
f 3446/251/798 202/2743/139 205/252/139
f 2726/253/800 7149/248/5132 1968/250/801
f 6987/557/803 929/558/804 5267/396/540
f 3976/393/537 3980/566/812 2841/562/808
f 5837/559/805 93/2771/5133 3033/563/809
f 1620/564/810 929/558/804 5837/559/805
f 1620/564/810 1621/574/820 2841/562/808
f 4984/567/813 6410/571/817 5313/568/814
f 3786/570/816 2114/2772/5134 7038/391/535
f 7041/575/821 2483/578/5135 6741/576/822
f 4141/578/824 208/2567/5136 1108/579/825
f 5556/581/827 2625/1763/5137 2733/582/828
f 5557/581/830 209/1762/2646 210/584/831
f 5136/585/833 6584/587/5138 4988/580/834
f 6583/587/836 5135/585/5139 5137/588/837
f 4990/590/839 933/589/5140 1106/588/840
f 4989/590/842 1888/591/5141 4991/592/843
f 4045/594/845 5548/2565/5142 5136/595/833
f 6412/597/846 4044/2552/5143 1105/598/847
f 1106/600/840 211/1750/5144 5321/601/849
f 6171/602/850 5138/600/2632 212/595/851
f 5318/604/853 215/1751/2634 216/605/854
f 6413/2773/5145 213/2774/5146 1729/2775/5147
f 1233/610/859 6841/614/863 1232/611/860
f 1233/610/859 4142/616/865 4735/613/862
f 3539/615/864 3451/2519/866 4735/613/862
f 207/612/861 1232/611/860 3451/617/866
f 1511/614/867 1625/613/5148 218/619/868
f 4734/613/870 2484/2519/5149 6989/621/871
f 3448/611/873 219/623/5150 2727/622/874
f 6842/614/876 217/620/5151 5139/623/877
f 6172/624/879 3454/628/883 3034/625/880
f 2375/627/882 3802/630/885 3454/628/883
f 934/629/884 3036/633/886 3802/630/885
f 934/631/884 932/626/881 3034/625/880
f 1231/633/887 223/2776/5152 3800/634/888
f 3037/632/890 220/625/5153 1696/635/891
f 3035/625/893 1763/628/5154 221/637/894
f 2063/630/896 222/634/5155 3452/637/897
f 7099/638/899 224/2777/5156 4993/639/900
f 5861/641/902 935/644/5157 936/642/903
f 1512/639/905 225/641/5158 2027/643/906
f 3118/644/908 7098/2778/5159 2600/645/909
f 2240/646/5160 4432/2547/5161 1579/647/5162
f 2241/649/5163 4431/2549/5164 2858/650/5165
f 3259/652/917 3261/2779/5166 2851/653/918
f 4710/666/5167 1832/665/5168 4430/2780/5169
f 3985/658/923 3982/2781/5170 3260/652/924
f 4707/662/929 6588/2782/5171 2855/663/930
f 3984/2781/5172 3986/658/5173 2845/2783/5174
f 4706/662/932 5866/664/5175 5863/665/933
f 940/308/953 2543/299/5176 4116/302/954
f 1766/305/956 1474/311/5177 5833/310/957
f 3805/678/959 234/2784/5178 232/679/960
f 6928/681/962 3806/678/5179 6743/682/963
f 233/684/965 942/682/5180 3038/685/966
f 236/687/968 235/685/5181 1768/680/969
f 6744/682/971 1767/678/5182 3808/680/972
f 2485/689/974 79/697/986 4866/690/975
f 5868/256/979 943/255/3678 238/701/144
f 5868/256/979 238/701/144 237/692/144
f 3121/254/980 5140/2785/5183 5141/693/981
f 2125/691/983 78/690/5184 4583/258/984
f 239/696/145 240/2786/145 4866/690/975
f 241/698/145 242/2787/145 2485/689/974
f 243/699/144 244/2788/144 5868/256/979
f 245/700/144 246/2789/144 237/692/144
f 4870/399/987 945/402/990 2864/398/988
f 945/402/990 5143/404/5040 5142/401/573
f 253/404/575 254/437/5041 247/403/991
f 257/406/578 258/409/5185 6846/405/993
f 6845/409/994 6414/410/997 1630/408/995
f 6414/410/997 1632/399/5186 1631/400/998
f 1405/414/545 266/404/5032 265/402/999
f 259/416/547 267/437/5033 6178/404/548
f 6415/425/1001 1406/409/5187 270/406/551
f 1797/420/1002 2713/441/5188 6416/409/1003
f 4151/399/987 277/402/990 273/398/1005
f 277/402/990 278/404/5040 272/401/573
f 4306/404/575 279/437/5041 271/403/991
f 282/406/1007 1629/409/5185 1628/405/993
f 4145/409/994 2764/410/997 4435/408/995
f 2764/410/997 2626/399/5186 4433/421/998
f 260/415/1000 265/402/999 2128/432/1015
f 1796/439/1016 2128/432/1015 4148/441/1017
f 284/413/1027 4871/402/1028 4872/399/1025
f 1798/401/610 6847/404/5046 4871/402/1028
f 283/403/612 289/437/5047 1799/404/613
f 5869/405/615 1731/409/5189 292/406/616
f 286/412/1026 293/410/5190 5870/409/1029
f 286/412/1026 4872/399/1025 293/410/5190
f 1516/702/1030 6929/706/1034 3630/703/1031
f 1800/705/1033 1801/708/5046 6929/706/1034
f 294/707/1035 299/2790/5047 4155/708/613
f 1802/709/1037 7150/713/5191 302/710/1038
f 4741/712/1039 946/714/1043 1803/713/1040
f 1517/704/1042 947/703/5192 946/714/1043
f 5145/429/1044 5144/432/1047 306/411/1045
f 5144/432/1047 5146/434/1049 305/431/1048
f 5146/434/1049 3267/435/5036 3266/433/563
f 1970/435/564 310/406/5037 303/407/1050
f 313/437/567 4597/438/5193 4596/436/568
f 1875/438/1052 5145/429/1044 307/430/1046
f 6194/880/1130 5875/722/1132 6146/281/4969
f 2029/720/1067 960/719/1152 2129/292/410
f 2867/287/401 4157/2791/1143 4598/286/399
f 5872/2792/1138 3809/721/1137 3433/284/5194
f 5874/722/1071 5873/2792/5195 3432/284/1072
f 6418/881/5196 327/723/1183 6426/734/1182
f 6417/723/1074 2749/881/1302 5326/724/1075
f 1475/726/5197 6747/728/5198 4874/725/5199
f 2377/729/5200 5882/2793/5201 4445/730/5202
f 6427/2794/5203 5883/2793/1188 3269/729/5204
f 4441/731/1086 6749/2795/5205 3268/732/1087
f 3269/729/5204 315/732/5206 6427/2794/5203
f 1876/736/5207 6179/735/1186 951/2794/1185
f 2547/728/1193 4878/733/1192 952/725/5208
f 4743/737/5209 4879/806/5210 4745/738/5211
f 1635/740/5212 6182/747/5213 5330/741/5214
f 322/901/5215 6424/748/1405 6852/899/1406
f 6423/743/5216 5329/741/5217 4451/744/5218
f 954/748/1105 6854/901/1395 4448/745/1106
f 3828/740/1108 6422/742/5219 7047/749/1109
f 5334/751/5220 323/757/5221 1770/752/5222
f 955/754/5223 2546/751/5224 1977/755/5225
f 954/748/1105 5336/754/5226 6589/756/1123
f 4603/752/1119 984/905/1374 4618/758/1120
f 320/759/1122 5894/2796/5227 954/748/1105
f 954/748/1105 2133/744/1107 5336/754/5226
f 5327/741/1124 953/747/5228 4600/757/1125
f 4450/744/1127 321/741/5229 5332/751/1128
f 1771/763/5230 962/765/5231 1636/762/5232
f 324/766/5233 2866/768/5234 3810/764/5235
f 6748/769/1145 3814/763/5236 956/761/1146
f 3124/766/1148 3816/763/5237 1772/769/1149
f 3123/766/1142 957/771/4978 4156/772/1151
f 4880/776/1154 5340/2797/5238 5338/777/1155
f 4882/776/5239 4886/778/5240 4311/785/5241
f 2135/779/5242 959/781/5243 1410/778/5244
f 4307/780/5245 4309/785/5246 4887/778/5247
f 958/782/5248 326/786/5249 5345/783/5250
f 1845/785/5251 325/780/5252 5344/783/5253
f 1972/768/5254 2868/787/1069 961/764/1068
f 1844/790/5255 2380/805/5256 963/791/5257
f 5349/792/5258 2379/796/5259 2137/793/5260
f 7100/797/1179 2750/2798/5261 4611/794/1180
f 964/795/1176 2138/797/5262 3455/793/1177
f 965/801/1091 979/798/1090 334/799/5263
f 5883/802/1188 6427/800/5203 964/795/1176
f 2545/803/1189 314/802/5264 3459/796/1190
f 6746/804/1082 4444/2799/1081 5350/805/5265
f 319/737/5266 6758/739/5267 4168/738/5268
f 967/807/1198 4443/726/5269 950/724/1199
f 3993/809/1201 5149/812/5270 2492/810/1202
f 5148/812/1250 6186/814/1252 1518/813/5271
f 1974/816/5272 2488/818/1306 3288/815/1305
f 4604/816/1212 2140/2800/5273 316/817/1213
f 5356/819/5274 3274/822/5275 968/820/5276
f 330/809/5277 981/811/5278 1971/823/5279
f 3043/824/1223 6751/838/5280 2139/825/1224
f 2381/824/5281 969/826/5282 3127/827/5283
f 2142/830/5284 7108/829/5285 1973/827/5286
f 2550/832/1235 3987/894/5287 3988/833/1236
f 2491/833/5288 81/894/5289 4452/835/5290
f 976/838/5291 977/837/5292 2601/835/5293
f 5150/839/1247 3995/852/5294 2871/840/1248
f 2003/839/5295 2870/841/385 5885/842/384
f 5884/842/5296 5888/845/5297 2551/843/5298
f 4607/844/1209 6187/843/1211 5889/845/5299
f 83/847/1256 2709/851/5300 5357/848/1257
f 5361/850/5301 3274/895/5275 5356/848/5274
f 2490/850/5302 4890/853/5303 80/895/5304
f 3994/852/1220 3275/895/1222 1697/853/5305
f 6143/261/365 5362/266/364 5365/854/1265
f 2382/266/1267 4888/860/1263 4891/856/1268
f 1698/2801/5306 4889/2802/5307 4159/2744/5308
f 1761/265/5309 5260/264/5310 5367/858/5311
f 1805/2803/5312 5368/858/5313 1804/264/5314
f 2489/859/1274 5362/266/364 3415/271/379
f 4889/2802/5307 5360/861/5315 4159/2744/5308
f 892/268/1276 4158/2744/1291 5359/861/1259
f 5887/863/1254 6570/274/5316 2676/276/1277
f 1574/274/5317 2275/863/5318 2552/2804/5319
f 6753/864/1278 3041/909/5320 3045/865/1279
f 2751/865/5321 3044/909/5322 7104/867/145
f 970/867/5323 7107/870/5324 5370/868/5325
f 3823/869/5326 84/868/5327 974/870/5328
f 5354/872/1286 3990/910/5329 4588/873/1287
f 971/873/1289 3991/910/5330 3279/875/1290
f 975/875/1292 3283/878/5331 4892/877/1293
f 5363/866/1269 4891/877/1268 3284/878/5332
f 1401/283/1297 1400/289/5333 6757/879/1298
f 2143/880/1299 6756/879/5334 978/294/1300
f 7066/882/5335 3289/888/5336 3285/883/5337
f 4609/884/1307 1936/2805/5338 1935/885/1308
f 55/886/5339 5151/891/1205 5371/887/145
f 5374/887/5340 329/883/5341 980/888/5342
f 58/889/5343 6429/739/5344 4749/738/5345
f 5375/886/1316 3632/889/5346 3634/890/1317
f 4614/788/1319 4613/791/5347 4616/892/1320
f 2873/810/1322 4174/812/5348 4161/809/1323
f 1847/812/5349 2874/810/1435 5379/813/145
f 5390/816/5350 4622/814/5351 1412/815/5352
f 7143/817/1334 5893/2800/5353 5388/816/1335
f 331/819/5354 1580/821/5355 328/820/145
f 4163/809/1384 6431/822/1386 4169/823/5356
f 983/825/1346 3133/838/5357 3460/824/1347
f 2065/824/5358 3472/828/5359 6600/827/5360
f 982/827/5361 5897/829/5362 5385/830/5363
f 4893/833/1358 4897/894/5364 5381/832/1359
f 4896/833/5365 6191/836/5366 1476/835/5367
f 3468/835/5368 335/837/5369 2146/838/5370
f 6193/840/1370 4162/852/5371 4172/839/1371
f 4175/839/1325 4620/843/1327 4617/842/5372
f 986/843/5373 7045/845/5374 4619/842/5375
f 2276/845/5376 4622/843/5351 5390/844/5350
f 5890/848/1378 990/851/5377 5386/847/1379
f 5891/848/1337 6430/895/1339 6434/850/5378
f 1976/895/5379 1975/853/5380 2557/850/5381
f 1846/852/5382 987/840/1403 6603/853/144
f 2556/896/1387 4457/746/1103 3829/740/1102
f 5157/897/1389 6604/906/5383 4456/746/1390
f 5155/903/1397 6420/743/5384 2132/745/1398
f 1769/743/5385 5156/903/5386 989/2806/5387
f 4601/752/1117 4457/746/1103 6192/904/1400
f 6424/748/1405 5895/2796/1383 6433/907/1382
f 2134/756/1407 5880/755/5388 7044/908/1375
f 985/2807/5389 7046/908/5390 5881/755/5391
f 3827/865/1408 3463/909/5392 3130/864/1409
f 988/865/5393 5153/868/5394 3470/867/5395
f 2064/868/5396 5899/870/5397 2145/867/5398
f 2147/869/5399 2148/871/5400 2144/870/144
f 6853/873/1417 1581/910/5401 5382/872/1418
f 322/873/5215 6852/876/1406 2150/875/5402
f 5158/877/1422 4997/878/5403 6189/875/1423
f 4995/878/1425 5157/877/1389 3135/866/1391
f 6195/911/1298 2378/770/5404 6184/761/1131
f 1807/788/1169 5900/893/5405 6417/789/1074
f 318/882/5406 5398/884/1333 4461/883/1332
f 6436/885/1431 1638/2805/5407 5399/884/1432
f 317/886/5408 4459/888/5409 2383/887/5410
f 2278/738/5411 2277/739/5412 4999/889/5413
f 1733/890/1442 2714/889/5414 6199/886/1443
f 4754/913/1445 5407/922/5415 6759/914/1446
f 336/916/1448 2151/921/5416 6991/917/1449
f 339/918/1457 338/914/5417 5406/922/1458
f 4272/2312/5418 2154/929/5419 1700/928/5420
f 3996/2808/5421 3637/938/5422 341/2809/660
f 4898/937/5423 4902/2810/5424 6931/934/5425
f 3997/2811/5426 2066/2812/5427 4899/939/5428
f 4759/936/5429 5400/2813/1484 4901/937/144
f 992/938/5430 2729/2808/5431 991/939/5432
f 5404/941/5433 1379/2683/5434 1937/924/5435
f 5010/942/5436 3477/2309/5437 3639/938/5438
f 1978/943/5439 2279/2813/5440 2155/936/5441
f 6605/947/1500 2157/946/1499 5408/948/1501
f 3644/950/1503 345/953/5442 5411/951/1504
f 3643/953/1506 1938/965/5443 5409/954/1507
f 4315/955/1509 1941/2814/5444 5412/956/1510
f 5902/958/1512 1940/970/1526 2031/959/1513
f 4006/945/1498 2156/2815/5445 2157/946/1499
f 3300/961/1515 408/1001/5446 5417/962/1516
f 5901/964/1518 995/2816/5447 1939/954/1519
f 3298/963/1521 4010/1241/5448 6219/966/1522
f 1940/970/1526 996/969/1525 2031/959/1513
f 4314/971/1527 4315/955/1509 3642/957/1511
f 5457/987/1544 350/973/1529 3838/975/1531
f 350/973/1529 5904/1249/5449 3840/974/1530
f 349/976/1532 998/980/5450 5017/977/1533
f 3841/979/1535 1583/993/5451 3842/980/1536
f 5012/981/1538 3843/1000/1559 3844/982/1539
f 5905/984/1541 1000/998/1557 3847/985/1542
f 5421/989/1546 6692/2817/5452 4178/990/1547
f 997/979/1549 999/1229/5453 2158/992/1550
f 5455/994/1552 5454/1242/5454 4181/991/1553
f 5905/984/1541 5458/996/1555 1000/998/1557
f 5415/999/1558 2559/2818/5455 3843/1000/1559
f 5418/1001/1560 1030/2817/5456 5420/989/1561
f 4903/1002/1563 4904/1244/5457 3137/1003/1564
f 355/1002/1566 356/1007/1941 353/1005/1567
f 5461/1007/1569 2787/1010/5458 1032/1008/1570
f 3139/1010/1572 357/2572/5459 354/1011/1573
f 360/1013/1575 361/2819/5460 6606/1014/1576
f 6607/1016/1578 1528/1019/5461 1527/1017/1579
f 3482/1019/1581 1809/1021/5462 6201/1020/1582
f 6202/1021/1584 7069/1013/5463 1979/1015/1585
f 3999/580/1587 6442/1024/5464 6443/1022/1588
f 363/1024/1590 1734/1026/5465 362/1025/1591
f 2884/1026/1593 2682/1028/5466 6933/1027/1594
f 6932/1028/1596 2164/2820/5467 3998/1029/1597
f 4469/1030/1599 1025/1033/5468 4624/1031/1600
f 4623/1033/1602 1526/1035/5469 1525/1034/1603
f 2886/1035/1605 3049/2821/5470 1026/1036/1606
f 366/1018/1608 365/1030/5471 364/1032/1609
f 4625/1037/1611 1005/1053/5472 4316/1038/1612
f 1640/1051/5473 1701/1044/5474 2386/1045/5475
f 1877/1040/1614 1002/1039/5476 369/1038/1615
f 1007/1042/1617 368/1052/5477 4470/1043/1618
f 4321/1050/5478 5159/1049/5479 5423/1051/5480
f 3292/1047/1632 1003/1046/5481 3645/1052/1633
f 4320/1050/5482 4323/1040/5483 5161/1049/5484
f 6935/1054/5485 3293/1046/1623 5426/1048/1625
f 4626/1037/1635 2629/1054/5486 5425/1048/1636
f 367/1047/1643 3648/1042/5487 4317/1038/1644
f 3294/1046/1640 1004/1037/1639 5427/1039/1645
f 4325/1040/1647 1641/1050/5488 3488/1045/1648
f 1008/1043/1649 3646/1052/1646 5427/1039/1645
f 4317/1038/1644 3648/1042/5487 3485/1044/1650
f 5424/1051/1652 1010/1049/5489 1009/1041/1651
f 6609/1055/1653 2067/1071/5490 5013/1056/1654
f 2730/1062/5491 1478/1061/5492 1477/1068/5493
f 2280/1058/1656 1012/1066/5494 2068/1055/1657
f 5435/1059/1659 2494/1070/5495 5909/1060/1660
f 6445/1068/5496 5432/1067/5497 3651/1069/5498
f 6612/1070/1674 1011/1064/5499 6610/1063/1675
f 5433/1067/5500 3652/1058/5501 3649/1069/5502
f 2890/1065/1667 6204/1064/1666 5906/1072/5503
f 2889/1065/1677 2630/1072/5504 5014/1056/1678
f 2888/2822/5505 2389/1073/1683 2679/2823/5506
f 2389/1073/1683 2888/2822/5505 6608/1074/1684
f 6203/1064/1682 6613/1070/5507 5016/1057/1686
f 3494/1062/1687 1413/1069/5508 3654/1058/1688
f 5016/1057/1686 6613/1070/5507 2495/1059/1689
f 3490/1044/1690 5908/1042/1685 6608/1074/1684
f 5430/1075/1691 1414/2824/5509 6446/1076/1692
f 3496/1077/1693 3851/1081/5510 5162/1078/1694
f 6615/1080/1696 2496/1083/5511 2654/1081/1697
f 5911/1082/1699 2497/1085/5512 3849/1083/1700
f 7152/1084/1702 2752/1118/5513 5913/1085/1703
f 1014/2825/5514 5437/1101/1734 6205/1091/1741
f 375/1101/5515 2893/1088/1707 376/1087/1706
f 372/1101/5516 5439/1088/1716 1735/1087/1715
f 6448/2825/5517 6937/1101/1731 374/1091/1717
f 371/1090/1709 2776/1156/5518 3850/1097/1723
f 6994/1094/1720 2159/1099/5519 6447/1095/1721
f 374/1091/1717 6937/1101/1731 1479/1092/1718
f 6937/1101/1731 1013/1100/1730 1479/1092/1718
f 1878/1098/1724 6936/1103/1733 6449/1099/1725
f 7125/1087/1727 6617/1086/1710 3850/1097/1723
f 1848/1102/1732 1849/1105/5520 6936/1103/1733
f 6996/1087/1729 2892/1086/1713 5910/1097/1735
f 5436/1104/1736 1415/1107/1740 2894/1105/1737
f 5437/1101/1734 3848/1100/1728 5912/1092/1742
f 5440/1106/1739 377/1109/5521 1415/1107/1740
f 6205/1091/1741 5437/1101/1734 5912/1092/1742
f 5914/1090/1712 1015/1156/5522 5910/1097/1735
f 373/1108/1744 2715/1139/5523 5916/1109/1745
f 1980/1079/5524 3051/1110/1747 378/1112/1749
f 3052/1110/5525 2895/1113/1750 2899/1111/1752
f 2896/1113/5526 2655/1115/1753 2160/1114/1755
f 3296/1115/5527 2777/1117/1756 6619/1116/1758
f 1520/1119/1759 7110/1141/5528 4762/1120/1760
f 6210/1125/1765 1644/1131/1771 5917/1126/1766
f 4762/1120/1760 7110/1141/5528 2558/1135/5529
f 3500/1122/1762 1521/1124/1764 5444/1128/1768
f 6208/1130/1770 383/1133/1773 1644/1131/1771
f 4328/1134/1774 386/1151/5530 4326/1155/5531
f 5444/1128/1768 1520/1119/1759 4764/1121/1761
f 5917/1126/1766 386/1151/5530 4328/1134/1774
f 6939/1135/1775 379/1141/1785 1942/1136/1776
f 6206/1139/1781 1519/1143/5532 4763/1140/1782
f 4472/1133/1780 6451/1138/1779 1808/1142/1786
f 7111/1119/1784 1943/1145/1792 1942/1136/1776
f 6209/1143/1788 384/1147/5533 1643/1144/1789
f 4473/1131/1787 1808/1142/1786 2898/1146/1793
f 6211/1147/1795 1645/1152/5534 1016/1148/1796
f 380/1128/1791 3295/1149/1798 1943/1145/1792
f 385/1126/1794 2898/1146/1793 6620/1150/1800
f 6453/1152/1802 2390/1157/5535 1017/1153/1803
f 5445/1124/1799 3297/1154/1806 3295/1149/1798
f 1702/1155/1807 5918/1151/1801 6620/1150/1800
f 4329/1157/1809 4327/1095/5536 381/1096/1810
f 387/1158/1812 1035/2574/5537 5926/1159/1813
f 4003/1158/1815 2765/1163/1924 1037/1161/1816
f 6999/1163/1818 1034/1166/5538 2786/1164/1819
f 5022/1166/1821 5927/2826/5539 389/1167/1822
f 6439/952/1505 2656/978/1534 5017/977/1533
f 6454/988/1545 2156/2815/5445 4006/945/1498
f 2384/972/1528 2559/2818/5455 5415/999/1558
f 7126/1169/1836 397/1176/5540 2902/1170/1837
f 2903/1172/1839 400/1174/5541 399/1171/1840
f 4001/1173/1842 4000/1175/5542 5919/1174/1843
f 401/1175/1845 2560/1173/5543 6623/1176/1846
f 4002/1173/1848 2391/1172/5544 398/1170/1849
f 6213/1177/1851 1981/1183/5545 6760/1178/1852
f 402/1179/1854 1523/1181/5546 6215/1180/1855
f 6761/1181/1857 5924/1184/5547 5921/1182/1858
f 5923/1183/1860 1880/1182/5548 403/1184/1861
f 6212/1177/1863 1522/1180/5549 5920/1182/1864
f 4177/1185/1866 2603/1198/1879 5447/1186/1867
f 6762/1188/1869 1018/1199/1880 2561/1189/1870
f 4628/1191/1872 2281/1204/1885 5925/1192/1873
f 4767/1194/1875 4627/1202/1883 2282/1195/1876
f 5449/1203/1884 5925/1192/1873 2281/1204/1885
f 4176/1197/1878 2562/1207/1888 2603/1198/1879
f 1018/1199/1880 1019/1208/1889 404/1200/1881
f 4766/1201/1882 6218/1231/1914 4627/1202/1883
f 1020/1210/1891 5019/2827/5550 4906/1211/1892
f 5021/1213/1894 1736/1224/5551 4553/1214/1895
f 3351/1216/1897 2657/1226/1909 406/1217/1898
f 6625/1212/1893 4906/1211/1892 4905/1219/1900
f 4552/1221/1902 1850/1187/1868 5448/1222/1903
f 6626/1224/1905 5163/2828/5552 5165/1190/1906
f 1021/1225/1908 1022/1227/1910 2657/1226/1909
f 5164/1220/1901 4905/1219/1900 4628/1191/1872
f 1023/2828/5553 6762/1188/1869 5166/1190/1871
f 1647/1196/1877 2282/1195/1876 1022/1227/1910
f 3655/1206/1887 3657/2829/5554 2562/1207/1888
f 2070/1230/1915 1024/1229/5555 1481/1232/1916
f 5020/964/1918 3352/2816/5556 3350/1218/1919
f 1811/1233/1921 2071/1243/5557 4008/1234/1922
f 4003/1158/1815 1036/1162/1817 4004/2574/5558
f 5927/1160/5539 2285/1159/5559 389/2575/1822
f 3298/963/1521 347/967/1523 3301/961/5560
f 1881/1236/1928 1811/1233/1921 348/1235/1923
f 346/1238/1930 351/2279/3768 6691/1239/1931
f 4007/1241/1933 4005/969/5561 1498/968/1934
f 5456/994/1936 1001/997/5562 5459/996/1937
f 5457/987/1544 4006/945/1498 2604/1234/5563
f 357/2572/5459 2498/2573/5564 354/1011/1573
f 4474/1247/1947 410/1246/1946 5465/1248/1948
f 409/1250/1950 1038/1253/5565 5463/1251/1951
f 5170/1253/1953 1944/1261/5566 5464/1254/1954
f 4011/2830/5567 4012/1255/1956 5169/1256/1958
f 4013/1257/1959 1584/1264/1967 1039/1258/1960
f 6857/1245/1945 5928/2831/5568 410/1246/1946
f 1585/1260/1962 1773/2832/5569 1774/1254/1963
f 1584/1264/1967 2166/1263/1966 1039/1258/1960
f 5471/1266/1969 4011/2830/5567 5169/1256/1958
f 4768/1268/1971 4907/947/1974 3502/1269/1972
f 4907/947/1974 5931/949/5570 5933/1271/1975
f 1417/1272/1976 6764/1284/5571 1040/1273/1977
f 1416/1274/1978 1040/1273/1977 6940/1275/1979
f 1041/1279/1983 6765/1278/1982 2394/1271/5572
f 4629/1277/1981 6941/2833/5573 6765/1278/1982
f 5932/1272/1987 1703/2834/5574 5934/1283/1988
f 2563/1280/1984 1043/1287/1992 1042/1285/1990
f 4770/1286/1991 4630/1335/5575 1042/1285/1990
f 6857/1245/1945 1044/2835/5576 4769/1288/1993
f 4629/1277/1981 1045/1288/5577 5471/1266/1969
f 2167/1252/1994 3504/1276/5578 2286/1275/1995
f 3503/1270/1973 5928/2831/5568 6857/1245/1945
f 5167/1267/1970 6941/2833/5573 4629/1277/1981
f 1057/1321/2034 4908/1294/2003 1046/1296/2005
f 2395/1291/2000 2564/1301/2012 1048/1292/2001
f 3505/1290/1999 4331/1289/1998 5937/1204/2009
f 5467/1297/2006 5936/2836/5579 4330/1298/2007
f 2564/1301/2012 6766/1327/2042 7127/1302/2013
f 2566/1300/2010 5937/1204/2009 3852/1324/2038
f 2565/1297/2045 3853/1329/2044 1050/2836/5580
f 411/1311/2022 1052/1310/2021 4016/1331/2047
f 4014/1306/2017 6221/1316/2027 4478/1307/2018
f 4910/2837/5581 1051/1303/2014 1054/1305/2016
f 6627/1312/2023 1055/1319/2030 4185/1313/2024
f 1054/1305/2016 6455/1219/2032 4910/2837/5581
f 1053/1309/2020 2287/1318/2029 1052/1310/2021
f 4189/1315/2026 2288/1323/2037 6221/1316/2027
f 3140/1317/2033 4910/2837/5581 6455/1219/2032
f 1055/1319/2030 1775/1322/2035 1056/1320/2031
f 6455/1219/2032 4331/1289/1998 3141/1193/1997
f 1057/1321/2034 1046/1296/2005 2287/1318/2029
f 1775/1322/2035 2395/1291/2000 4909/1293/2002
f 4187/1299/2036 1047/1298/5582 2288/1323/2037
f 1049/1300/2011 4017/1228/5583 4019/1325/2040
f 3855/1326/2041 4018/2838/5584 7127/1302/2013
f 4184/1314/2025 4333/2839/5585 1059/1332/2049
f 1650/1328/2050 1058/2840/5586 1651/1333/2051
f 4480/1334/2053 1648/2841/5587 1738/1308/2054
f 4631/1335/2056 1482/1286/5588 5468/1265/2057
f 1983/1336/2059 2032/2842/5589 413/1337/2060
f 5473/1339/2062 1740/1342/5590 6858/1340/2063
f 6859/1342/2065 1653/1344/5591 1652/1343/2066
f 2906/1344/2068 4022/1336/5592 4021/1338/2069
f 4026/1345/5593 1060/1348/5594 416/1346/5595
f 4635/1348/5596 2732/1350/5597 417/1349/5598
f 4913/1350/5599 4915/1352/5600 418/1351/5601
f 1061/1352/5602 5938/1354/5603 1418/1353/5604
f 1419/1354/5605 3660/1356/5606 419/1355/5607
f 414/1356/5608 1852/1358/5609 1851/1357/5610
f 3509/1358/5611 1062/1345/5612 415/1347/5613
f 4190/1359/2092 5949/1455/5614 5940/1360/2093
f 1069/1408/2149 1945/1362/2095 2683/1364/2097
f 3302/1368/2101 5941/1367/2100 5950/1384/5615
f 3860/1407/2148 1063/1372/2105 3303/1405/2146
f 1063/1372/2105 3305/1371/2104 3303/1405/2146
f 1945/1362/2095 1064/1373/2106 4771/1363/2096
f 2169/1366/2154 6456/1412/2153 2170/1367/5616
f 5944/1453/2211 6630/1414/2156 5946/1416/2158
f 2658/1381/2115 5943/1449/5617 4775/1382/2116
f 5478/1367/2120 5947/1385/2119 1586/1378/5618
f 3514/1386/2121 6460/2843/5619 1587/1385/2122
f 2907/1422/2164 4918/1443/5620 6458/1445/5621
f 4919/2844/5622 1589/1390/2127 1075/1392/2129
f 2907/1422/2164 6458/1445/5621 4481/1420/2162
f 3515/1386/2168 4482/1425/2167 2499/2843/5623
f 1067/1401/2139 5952/2845/5624 3859/1402/2140
f 1066/1396/2133 6461/1403/2141 3510/1397/2134
f 3857/2846/5625 5484/1394/2131 2568/1393/2130
f 2568/1393/2130 2716/1406/2147 3857/2846/5625
f 6461/1403/2141 1069/1408/2149 3511/1404/2142
f 4190/1359/2092 3859/1402/2140 5949/1455/5614
f 3303/1405/2146 3857/2846/5625 2716/1406/2147
f 2168/1368/2143 2289/1384/5626 2500/1386/2144
f 4921/1370/2103 4923/2847/5627 3305/1371/2104
f 5952/2845/5624 1071/1478/5628 3859/1402/2140
f 6630/1414/2156 1776/1480/5629 6628/1415/2157
f 1882/1383/2117 4778/2848/5630 6631/1418/2160
f 6222/1389/2126 4028/2849/5631 2172/1387/2124
f 1072/1411/2169 1070/2850/5632 1530/1426/2170
f 6632/1427/2172 2291/2851/5633 2171/1379/2173
f 5951/1428/2175 2567/2852/5634 5483/1400/2176
f 2569/1425/2178 1590/1424/5635 421/1429/2179
f 5953/1431/2181 2684/1451/5636 4637/1432/2182
f 6942/1434/2184 6768/1450/2204 6229/1435/2185
f 6228/1437/2187 2292/1446/5637 6226/1438/2188
f 5954/1440/2190 3665/2853/5638 3664/1441/2191
f 3663/1441/2193 1074/2853/5639 4636/1436/2194
f 6767/1446/2198 2397/1453/5640 4917/1443/2199
f 4919/2844/5622 1075/1392/2129 4032/1448/5641
f 6227/1442/2192 1588/2844/5642 4031/1448/2202
f 6942/1434/2184 4776/1382/5643 5942/1449/2203
f 1591/1447/5644 1883/1380/5645 6944/1451/5646
f 4335/1454/2212 4334/1361/2222 3518/1360/2213
f 1654/1364/2220 423/1362/2219 2072/1476/2269
f 3517/1384/5647 3519/1367/2223 3144/1368/2225
f 3145/1457/2216 427/2854/5648 3521/1458/2217
f 1655/1363/2218 424/1373/2227 423/1362/2219
f 4336/1365/2221 3525/1369/2271 3518/1360/2213
f 5172/2855/5649 3521/1458/2217 427/2854/5648
f 2073/1367/5650 3524/1412/2273 3143/1366/2275
f 2571/2856/5651 3669/2857/5652 5490/1502/2331
f 5958/1501/2329 2571/2856/5651 5490/1502/2331
f 5956/1459/2234 4782/1497/5653 2686/1460/2235
f 2178/1378/5654 5963/1385/2237 5489/1367/2239
f 5964/1385/2240 3054/2843/5655 3863/1462/2241
f 6861/1468/2251 6860/1467/2250 4485/1495/2320
f 3055/1482/2285 3053/1445/2244 425/1422/2243
f 2293/2843/5656 3056/1425/2287 3864/1462/2289
f 3861/1472/2261 5960/2858/5657 3151/2859/5658
f 3861/1472/2261 3151/2859/5658 3149/1473/2262
f 1077/1397/2252 1078/1475/2265 4338/1469/2253
f 3516/1455/2214 3147/1402/2255 4337/1471/2257
f 3862/1474/2263 3149/1473/2262 3145/1457/2216
f 1079/1404/2264 2072/1476/2269 1078/1475/2265
f 1592/1386/2266 1593/1384/5659 429/1368/2267
f 427/2854/5648 2176/2860/5660 5172/2855/5649
f 5961/1477/2276 2659/1470/2256 3147/1402/2255
f 2912/1414/2233 4641/1416/2232 4639/1415/2280
f 2571/2856/5651 3667/2861/5661 3669/2857/5652
f 2911/1481/2282 3668/2862/5662 5955/1461/2236
f 3865/1464/2247 4035/2863/5663 6769/1465/2248
f 430/1426/2290 426/2850/5664 3523/1411/2291
f 2399/1379/2293 1080/2851/5665 431/1427/2294
f 2174/1400/2296 2685/2852/5666 1081/1428/2297
f 2501/1429/2299 1704/1484/5667 2400/1425/2300
f 4194/1485/2302 432/1498/5668 1658/1486/2303
f 6463/1488/2305 1656/1494/5669 6465/1489/2306
f 4198/1438/2308 4489/1446/5670 6464/1437/2309
f 4201/1491/2311 4197/2864/5671 2913/1492/2312
f 4195/1494/2314 1657/2864/5672 1420/1491/2315
f 4483/1443/2245 3053/1445/2244 1084/1444/2332
f 1421/1443/5673 1083/1453/5674 1483/1446/5675
f 2179/1463/2246 1659/1499/5676 3865/1464/2247
f 2915/1496/2322 4486/1495/5677 4199/1493/2313
f 4781/1497/2323 5957/1459/5678 6463/1488/2305
f 6462/1498/2324 1082/1501/5679 2917/1499/2325
f 3672/2865/5680 5496/1505/5681 5493/1504/5682
f 3527/1506/5683 3671/2630/5684 2294/1507/5685
f 434/1505/5686 2180/2865/5687 2401/1509/5688
f 3211/1522/2355 5030/1535/5689 5499/1523/2356
f 5029/1525/2358 3210/1516/2349 3872/1518/2351
f 6232/1527/5690 441/1551/5691 2322/1528/5692
f 5500/1530/2363 5503/1549/2385 6230/1531/2364
f 3152/1532/2365 440/1536/5693 4491/1533/2366
f 3153/1532/2368 1885/1523/5694 5031/1535/2369
f 4339/1537/2371 3309/2866/5695 3307/1538/2372
f 4036/1540/2374 2503/2866/5696 435/1537/2375
f 5506/1542/2377 2183/2867/5697 1854/1543/2378
f 3871/1545/2380 1827/1569/5698 5502/1546/2381
f 442/1547/2383 3155/2420/3963 3361/1548/2384
f 2402/1550/2386 2323/2868/5699 5033/1528/2387
f 4040/1552/3941 6341/2412/3943 706/1553/5700
f 5505/1554/2391 4037/1540/5701 2035/1541/2392
f 5507/1556/2394 2454/2414/5702 5509/1557/2395
f 1826/1559/2397 1423/2869/5703 1422/1558/2398
f 5967/1560/2400 6342/1590/5704 6339/1561/2401
f 5512/1565/2405 2687/1577/5705 3532/1566/2406
f 3870/1545/2408 6964/2870/5706 3360/1568/2409
f 1532/1570/2411 1741/2871/5707 4490/1571/2412
f 4493/1572/2414 1594/1579/5708 6635/1573/2415
f 1501/1574/2417 1307/1567/5709 438/1566/2418
f 2403/1565/2420 437/1578/5710 4821/1576/2421
f 5966/1578/2423 1531/1573/5711 6233/1579/2424
f 5497/1513/2346 3359/1515/2348 5510/1510/2343
f 436/1590/2437 2321/1560/5712 3206/1591/2438
f 4202/1593/2440 6325/2872/5713 4341/1594/2441
f 5036/1596/2443 1484/2873/2493 3894/1597/2444
f 4820/1599/2446 1087/2874/2505 1705/1600/2447
f 1088/1602/2449 1946/1640/2492 2632/1603/2450
f 3059/1605/2452 3057/2875/5714 5970/1606/2453
f 7048/1608/2455 2295/1622/5715 3536/1609/2456
f 5969/1606/2458 2296/2875/5716 6235/1611/2459
f 3058/1613/2461 2504/2876/2497 4644/1614/2462
f 2186/1616/2464 2505/2877/5717 2573/1617/2465
f 3064/1619/2467 3061/2878/5718 5971/1620/2468
f 6237/1622/2470 1856/1609/5719 1089/1610/2471
f 3063/1623/2473 1090/2878/5720 3065/1619/2474
f 5518/1610/2476 1706/1608/3774 3060/1622/2477
f 1226/1625/2479 2404/2879/5721 1855/1626/2480
f 4926/1627/2481 4925/1633/2485 4495/1628/2482
f 1089/1629/2471 2189/2284/5722 1595/1630/2483
f 5971/1620/2468 2523/1637/2489 2919/1632/2484
f 4925/1633/2485 1596/1639/2491 4496/1634/2486
f 1595/1630/2483 2189/2284/5722 2190/1635/2487
f 2523/1637/2489 445/1643/2494 2920/1638/2490
f 1596/1639/2491 2632/1603/2450 1946/1640/2492
f 5037/1636/2488 2190/1635/2487 1484/1641/2493
f 445/1643/2494 6325/2872/5713 4202/1593/2440
f 2185/1618/2466 2573/1617/2465 4643/1644/2495
f 2504/1646/2497 1227/1651/2501 1091/1647/2498
f 6862/1645/2496 4643/1644/2495 1092/1649/2499
f 1227/1651/2501 2217/2880/5723 4645/1652/2502
f 2218/1653/2503 1086/1595/2442 4341/1594/2441
f 4645/1652/2502 2217/2880/5723 1087/1655/2505
f 5520/1657/1599 2636/1660/5468 1102/1658/1600
f 4498/1660/1602 6771/1662/5724 1533/1661/1603
f 447/1662/1605 2575/2881/5470 2574/1663/1606
f 6863/1016/1608 1103/1657/5471 5519/1659/1609
f 6467/1664/2508 5972/1669/5725 5522/1665/2509
f 5527/1667/5726 6773/2882/5727 2297/1664/5728
f 7000/1668/2514 446/1665/5729 5974/1669/2515
f 3673/2883/5730 5527/1667/5726 3674/2884/5731
f 5527/1667/5726 3673/2883/5730 6773/2882/5727
f 1099/1670/2516 6865/1671/2517 7000/1668/2514
f 4206/1673/347 4649/1664/5732 4210/1669/5733
f 6945/1675/2521 448/1674/5734 4208/1669/2522
f 4212/1676/5735 4646/2882/5736 4648/1664/5737
f 1093/1670/2523 6239/1671/2527 6945/1675/2521
f 4927/2883/5738 4212/1676/5735 4928/2885/5739
f 4212/1676/5735 4927/2883/5738 4646/2882/5736
f 5975/1678/2529 4209/2886/5740 6466/1679/2530
f 6469/1681/2532 2298/2887/5741 4650/1682/2533
f 4647/1682/2535 449/2888/5742 7128/1684/2536
f 6641/1685/2538 2299/2889/5743 1096/1686/2539
f 2717/1688/2541 4205/2890/5744 5523/1689/2542
f 1485/1691/2544 1486/2891/5745 6866/1692/2545
f 5521/1689/2547 2191/2890/5746 6639/1685/2548
f 1098/1694/2550 1100/2892/5747 1101/1695/2551
f 5530/1703/2571 7004/2577/5748 5532/1704/2572
f 6544/1706/2574 456/1722/5749 5539/1709/2577
f 5543/1713/2581 6645/1720/5750 6643/1714/2582
f 4786/1716/2584 3679/2893/5751 3675/1717/2585
f 1661/1710/2587 3677/1717/5752 5977/1719/2588
f 453/2893/5753 2407/1719/5754 3678/1717/5755
f 6644/1720/2590 6542/2894/5756 5534/1721/2591
f 1707/1715/2593 1660/1712/5757 5537/1711/2594
f 6103/1727/2602 4505/2895/5758 3313/1728/2603
f 2193/2895/5759 457/1744/5760 3315/1728/5761
f 5979/1730/2605 4503/2896/5762 4213/1731/2606
f 6244/1736/2611 1662/1740/5763 3383/1737/2612
f 5544/1741/2617 6372/2637/5764 3158/1742/2618
f 4218/1732/2620 2410/1743/5765 3159/1742/2621
f 3310/1744/2623 4932/1740/5766 2300/1739/2624
f 3314/1745/2626 4934/1734/2609 5545/1733/2608
f 3311/1725/2600 4499/1724/2599 6371/1747/2628
f 4043/2552/5767 4045/2564/845 4992/598/835
f 1779/2897/5768 1729/2775/5147 213/2774/5146
f 5548/2565/5142 1535/603/5769 5136/595/833
f 5316/599/848 1815/601/5770 6412/597/846
f 1730/2773/5771 5320/606/855 216/605/854
f 462/1752/2635 461/2898/5772 5224/1753/2636
f 4279/1760/2643 459/1759/2642 1462/1761/5773
f 1995/2899/5774 3223/1757/2640 460/1756/2639
f 5226/1755/5775 5224/1753/2636 461/2898/5772
f 4141/578/824 463/575/5776 208/2567/5136
f 7113/1765/2649 1487/1768/2652 465/1766/2650
f 1487/1768/2652 5560/1770/2654 1109/1769/2653
f 5560/1770/2654 1663/1772/2656 466/1771/2655
f 1663/1772/2656 4790/1774/5777 6470/1773/2657
f 4791/1774/2658 1424/1776/5778 1425/1775/2659
f 3878/1776/2661 464/1789/5779 4344/1777/2662
f 4343/1778/2664 6868/1786/5780 7112/1767/2665
f 1858/1786/5781 7113/1765/2649 2690/1767/2651
f 471/1780/2667 472/1791/2685 1857/1774/5782
f 471/1780/2667 1857/1774/5782 4220/1772/2668
f 5559/1782/2670 470/1781/2692 4221/1772/2671
f 5558/1782/2673 1488/1770/5783 5980/1768/2674
f 3319/1784/2676 5980/1768/2674 1948/1765/5784
f 2923/1785/2677 3319/1784/2676 1948/1765/5784
f 2923/1785/2677 1948/1765/5784 6867/1786/2678
f 474/1788/2681 2924/1793/2679 4342/1789/2680
f 473/1790/2683 3879/1776/2682 4789/1774/2684
f 474/1788/2681 1489/1794/5785 6471/1792/2686
f 473/1790/2683 3682/1795/5786 2921/1794/2687
f 472/1791/2685 5177/1796/2689 3683/1795/2688
f 471/1780/2667 3318/1797/2690 5177/1796/2689
f 4219/1781/2669 3316/1798/5787 3318/1797/2690
f 5559/1782/2670 1536/1799/5788 3317/1798/2691
f 6646/1783/2693 1111/1800/5789 5981/1799/2694
f 468/1784/5790 2507/1801/5791 3322/1800/5792
f 475/1787/2698 1890/2900/5793 5564/1801/2699
f 2660/1797/2704 5042/1804/2707 5179/1802/2702
f 2660/1797/2704 1110/1798/2705 5042/1804/2707
f 1110/1798/2705 5982/1799/2709 4049/1803/2706
f 3321/1800/2708 4046/1805/2711 4049/1803/2706
f 5562/1801/2710 6472/2900/2714 476/1806/2712
f 2922/1794/2713 1537/1808/2715 476/1807/2712
f 2922/1794/2713 1427/1795/2703 5179/1802/2702
f 5182/1808/2716 5181/1810/2734 5983/1809/2717
f 5180/1802/2719 7008/1817/5794 480/1810/2720
f 2005/1802/5795 5985/1811/2737 7007/1817/2739
f 1748/1804/5796 6947/1812/2740 1891/1811/5797
f 4050/1803/2725 1664/1820/5798 479/1812/2726
f 2075/1803/5799 3685/1813/5800 6946/1820/2743
f 4047/1805/2728 2076/1822/5801 3684/1813/2729
f 1889/1805/2733 477/1814/2732 3686/1822/2745
f 5565/1806/2731 5984/2901/5802 477/1814/2732
f 5181/1810/2734 1490/1817/5803 6869/1816/2736
f 5985/1811/2737 3688/1819/5804 6870/1816/2738
f 1891/1811/5797 6947/1812/2740 3689/1819/2742
f 6946/1820/2743 3685/1813/5800 5987/1821/2744
f 478/1813/5805 3686/1822/2745 5988/1821/2747
f 477/1814/2732 1816/2901/5806 5991/1824/2748
f 1749/1819/2749 2691/1826/5807 7076/1825/2750
f 6247/1818/2752 6774/1827/5808 3690/1826/2753
f 482/1821/5809 1892/1828/5810 1429/1827/5811
f 5991/1824/2748 1112/2902/5812 3162/1828/2761
f 1428/1816/2762 484/1825/5813 5993/1829/2763
f 6473/1830/2765 5996/1847/5814 6948/1831/2766
f 5994/1847/5815 2926/1833/2768 1236/1831/2770
f 2927/1833/2771 3691/1836/5816 4651/1835/2772
f 3692/1836/2774 6475/1838/2777 1234/1837/2775
f 1431/1993/5817 2929/1840/2779 6776/1842/2781
f 1491/1840/5818 6474/1830/2782 1539/1841/2784
f 493/1843/2785 6476/1838/5819 3693/1836/2786
f 5184/1845/2788 5998/1844/2806 1708/1836/5820
f 5184/1845/2788 1708/1836/5820 2928/1833/2789
f 6248/1846/2791 1430/1833/5821 1893/1847/2792
f 7010/1849/2794 489/1848/2810 5995/1847/2795
f 7009/1850/2797 485/1830/2796 2930/1840/5822
f 495/1851/2798 7009/1850/2797 2930/1840/5822
f 494/1853/2800 495/1851/2798 2930/1840/5822
f 494/1853/2800 2930/1840/5822 6477/1993/5823
f 5567/1855/2802 494/1853/2800 6477/1993/5823
f 495/1851/2798 1116/1854/5824 6000/1852/2799
f 494/1853/2800 1117/1856/5825 4051/1854/2801
f 5567/1855/2802 1949/1862/5826 3694/1856/2803
f 5997/1844/2787 4793/1864/5827 4795/1857/2804
f 492/1844/5828 4654/1858/5829 497/1864/5830
f 491/1845/5831 4655/1859/5832 4652/1858/5833
f 490/1846/2790 1115/1860/5834 4656/1859/2807
f 6949/1848/2793 6649/1869/5835 6651/1860/2808
f 489/1848/2810 1950/1861/2809 1114/1869/5836
f 1751/1850/2811 498/1852/5837 6002/1861/2812
f 4794/1857/2814 6249/1865/2818 1432/1875/2815
f 4792/1864/2817 496/1858/5838 2508/1866/2819
f 496/1858/5838 1113/1859/2821 2508/1866/2819
f 5572/1867/2820 2508/1866/2819 1113/1859/2821
f 1894/1868/2823 5572/1867/2820 6650/1860/2822
f 4052/1854/2826 499/1871/2829 5574/1870/2827
f 3695/1856/2816 1432/1863/2815 499/1871/2829
f 4657/1871/2830 4659/1880/5839 4936/1872/2831
f 4658/1871/2835 505/1873/2834 506/1880/2851
f 4660/1863/2838 6478/1883/2837 505/1873/2834
f 1433/1865/5840 1817/1876/5841 504/1874/2855
f 3696/1866/2839 503/1886/2858 6872/1876/2840
f 3697/1866/2844 6252/1877/2843 503/1886/2858
f 2077/1867/5842 502/1878/2861 1540/1877/2863
f 5569/1868/2845 6003/1889/5843 5573/1878/2846
f 5568/1868/2850 500/1879/2849 6004/1889/2866
f 5575/1870/2848 4935/1872/5844 500/1879/2849
f 506/1880/2851 505/1873/2834 5581/1881/2852
f 504/1874/2855 1817/1876/5841 4511/1884/2856
f 503/1886/2858 6252/1877/2843 4507/1887/2860
f 502/1878/2861 501/1889/5845 1895/1888/2864
f 500/1879/2849 1665/1872/5846 5579/1881/2867
f 4512/1884/2868 6777/1891/5847 3163/1890/2869
f 4509/1887/2871 7114/2903/5848 509/1891/2872
f 1436/1887/2876 6005/1892/2875 508/2903/5849
f 5577/1888/2879 6006/1893/2878 507/1892/5850
f 1435/1881/2882 1238/1894/2881 1237/1893/5851
f 1118/1895/2888 3698/1899/2887 3702/1896/5852
f 6652/1900/2889 6008/1902/5853 3699/1899/2890
f 512/1901/2892 3543/1904/5854 6009/1902/2893
f 2767/1903/2895 2935/1910/5855 3542/1904/2896
f 7049/1903/2900 3066/1906/2899 1951/1910/5856
f 7130/1905/2898 3068/1919/5857 3066/1906/2899
f 510/1897/2901 1818/1916/5858 1599/1907/2902
f 7157/1897/2885 1952/1896/2884 6012/1916/5859
f 5189/1909/2904 3544/1904/5860 2933/1910/2905
f 6010/1902/2907 1780/1904/5861 514/1909/2908
f 5045/1913/2910 1597/1899/5862 1598/1902/2911
f 3701/1896/2917 3700/1899/2913 5586/1914/2915
f 6011/1916/2918 3701/1896/2917 2936/1915/2916
f 5582/1917/2919 3069/1907/2921 6011/1916/2918
f 1438/1921/2922 3067/1906/5863 3069/1919/2921
f 2934/1910/2923 1437/1906/5864 6254/1921/2924
f 2943/1936/5865 2941/1937/2926 5582/1917/2919
f 518/1922/2927 6480/1923/5866 6255/1921/2928
f 6479/1923/2930 2412/1924/5867 515/1911/2925
f 5187/1924/2931 5185/1925/5868 5189/1909/2904
f 5186/1925/2932 6014/1931/5869 4797/1912/2909
f 1668/1931/5870 4800/1926/5871 1667/1912/5872
f 2194/1926/5873 1441/1927/5874 1440/1913/5875
f 5584/1927/5876 2938/1928/5877 513/1914/5878
f 1897/1928/2936 2413/1936/5879 517/1917/2937
f 1120/1925/2942 5188/1924/2941 6016/1929/2940
f 6013/1931/2944 4802/1930/2943 3171/1932/2945
f 3171/1932/2945 1492/1933/2949 5585/1927/2947
f 2939/1928/2948 5585/1927/2947 1492/1933/2949
f 2939/1928/2948 1985/1934/2950 1859/1935/2951
f 1859/1940/2951 6258/1939/5880 2940/1922/2953
f 1439/1923/2939 2940/1922/2953 6258/1939/5880
f 1439/1923/2939 6258/1939/5880 6016/1929/2940
f 3704/1938/2954 6257/1941/2975 1121/1939/2955
f 525/1941/2957 5588/1949/5881 6015/1929/2958
f 524/1949/2980 1898/1942/2979 1442/1929/5882
f 6873/1942/2981 4663/1943/2983 1819/1930/5883
f 523/1943/2963 522/1952/5884 519/1932/2964
f 4662/1952/2985 3167/1944/2966 3170/1932/2968
f 1443/1944/2987 521/1945/2969 3169/1933/2971
f 521/1945/2969 520/1946/2972 5047/1934/2970
f 520/1946/2972 526/1956/5885 3705/1935/2973
f 6257/1941/2975 5589/1947/2974 5050/1948/2976
f 528/1948/2978 1753/1950/5886 1898/1942/2979
f 4663/1943/2983 4224/1950/2982 1541/1951/2984
f 4662/1952/2985 1541/1951/2984 6261/1953/2986
f 521/1945/2969 6260/1953/2988 5596/1954/2989
f 520/1946/2972 5596/1954/2989 1444/1955/2990
f 1820/1957/5887 7077/1958/2995 4223/1950/2997
f 529/1958/2998 6264/1959/5888 6262/1953/2999
f 2036/1959/5889 530/1960/5890 1899/1954/5891
f 5593/2904/5892 1122/1961/3007 5590/1947/3009
f 5190/1961/5893 4225/1957/2992 5048/1948/2994
f 3326/1962/3010 3323/1902/5894 1781/1963/3011
f 1986/1962/3015 4227/1966/3014 1953/1902/5895
f 534/1967/3016 1709/1884/5896 4229/1966/3017
f 535/1968/3019 4054/1970/3023 3547/1884/3020
f 1239/1973/3026 3327/1972/3025 4056/1882/5897
f 2414/1971/3029 6482/1963/3028 3328/1972/5898
f 3546/1884/3030 1493/1970/5899 537/1974/3031
f 4228/1966/3036 3545/1884/3034 3174/1976/3033
f 3324/1902/3038 1445/1966/5900 6265/1977/3039
f 3881/1879/3041 6481/1963/3044 3325/1902/3042
f 531/1972/3047 6481/1963/3044 3882/1978/3045
f 4055/1882/3050 531/1972/3047 538/1979/3048
f 5676/1927/3051 2301/1928/5901 539/1880/3046
f 4804/1928/3052 2195/1936/5902 538/1979/3048
f 6655/1936/3053 1954/1937/5903 4345/1883/3049
f 4346/1922/3054 3331/1982/5904 3549/1975/3032
f 540/1982/5905 2197/1980/5906 1821/1975/5907
f 3334/1980/5908 2198/1981/5909 2578/1976/5910
f 3172/1981/3056 2196/1925/5911 536/1977/3037
f 6267/1925/3057 5599/1931/5912 1987/1912/3040
f 2692/1931/5913 3883/1926/3058 5597/1912/3043
f 1902/1926/3059 1123/1927/5914 1901/1978/3060
f 4347/1937/3062 6654/1936/3078 1125/1935/3063
f 3330/1982/3065 4347/1922/3062 5600/1939/3064
f 3330/1982/3065 5600/1939/3064 1601/1983/3066
f 3173/1981/3068 1601/1983/3066 5604/1984/3069
f 6266/1925/3070 5604/1984/3069 6810/1985/3071
f 5194/1933/3074 5191/1934/3077 4805/1928/3075
f 5191/1934/3077 1125/1935/3063 6654/1936/3078
f 4807/1986/3079 1669/1851/5915 5192/1934/3080
f 7011/1851/3101 548/1987/3082 1124/1934/3084
f 548/1987/3082 4230/1855/3085 4664/1935/3087
f 547/1988/3104 546/1989/3106 1955/1939/5916
f 6875/1989/3088 545/1994/3108 3708/1983/3089
f 545/1994/3108 3175/1990/3091 3707/1983/3093
f 544/1990/3112 2037/1991/3111 1600/1984/5917
f 5603/1991/3094 6269/1997/5918 541/1985/3095
f 543/1997/3116 542/1849/3097 6809/1985/3099
f 542/1849/3097 1670/1986/5919 1126/1933/3098
f 548/1987/3082 4666/1992/3100 4231/1993/3103
f 547/1988/3104 4234/1999/5920 3338/1836/3105
f 545/1994/3108 3336/1836/3107 3176/1995/3109
f 2037/1991/3111 550/1995/3110 2946/1996/3113
f 542/1849/3097 549/1996/3115 1448/1992/3117
f 6781/1998/5921 1446/2000/5922 1671/1836/5923
f 5608/2000/5924 2947/2001/3125 3178/1995/3127
f 2736/2001/5925 1240/2002/3128 2945/1996/3130
f 7012/2002/5926 6950/2003/3131 4667/1992/3133
f 2790/2003/5927 551/2905/5928 1447/1993/5929
f 3551/1657/1599 4938/1660/5468 4939/1658/1600
f 1128/1660/1602 2638/1662/5724 2637/1661/1603
f 6483/1662/1605 4349/2906/5470 4348/1663/1606
f 1129/1016/1608 2200/1657/5471 2199/2004/1609
f 552/2005/5930 2662/2010/5931 1904/2006/5932
f 4514/2008/5933 3073/2907/5934 2661/2009/5935
f 3555/2006/5936 2038/2008/5937 1903/2007/5938
f 4809/2015/3146 2511/2046/3178 5615/2016/3147
f 5609/2018/3149 2417/2028/3159 6270/2019/3150
f 6786/2021/3152 6519/2908/5939 6271/2022/3153
f 5612/2024/3155 6514/2909/5940 6517/2025/3156
f 2579/2027/3158 2509/2291/3788 2417/2028/3159
f 2415/2026/3162 2081/2025/5941 6785/2031/3163
f 4057/2043/3175 553/2287/3784 6784/2044/3176
f 554/2012/3143 2509/2291/3788 1131/2013/3144
f 5195/2033/3165 2304/2910/5942 2949/2030/3161
f 1132/2035/3167 553/2287/3784 5196/2036/3168
f 2006/2050/3183 5195/2033/3165 3075/2047/3179
f 2418/2017/3148 5615/2016/3147 5614/2038/3170
f 2041/2040/3172 6660/2054/5943 4518/2041/3173
f 4810/2032/3164 6785/2031/3163 2511/2046/3178
f 6656/2014/3145 2512/2911/5944 554/2012/3143
f 2416/2022/3180 6518/2908/5945 6515/2048/3181
f 6516/2288/3785 2302/2290/3787 4058/2912/5946
f 2305/2029/3160 6786/2021/3152 4515/2023/3154
f 6657/2292/3789 1134/2294/3791 2512/2911/5944
f 2510/2045/3177 4058/2912/5946 4057/2043/3175
f 2304/2910/5942 2305/2029/3160 2949/2030/3161
f 5613/2037/3169 5196/2036/3168 6661/2052/3185
f 6662/2040/3187 2006/2050/3183 3074/2051/3184
f 1133/2039/3189 2039/2038/5947 555/2055/3190
f 5623/2304/3801 556/2086/3223 2419/2085/3222
f 3354/2057/3192 3356/2913/5948 6019/2058/3193
f 6663/2090/3227 559/2089/3226 4350/2096/3235
f 4669/2060/3195 5621/2298/3795 3357/2061/3196
f 2663/2913/5949 5620/2093/3230 6020/2058/3232
f 2580/2088/3225 560/2095/3234 559/2089/3226
f 5619/2063/3198 557/2093/5950 4941/2064/3199
f 1137/2094/3233 1135/2914/5951 560/2095/3234
f 7078/2066/3201 1906/2077/5952 5052/2067/3202
f 3885/2072/3207 5617/2300/3797 4238/2073/3208
f 4059/2306/3803 6486/2101/3240 2513/2100/3239
f 1242/2075/3215 4060/2915/5953 4235/2080/3216
f 6487/2305/3802 3355/2295/3792 4059/2306/3803
f 1956/2915/5954 2420/2057/3241 1139/2080/3243
f 3181/2087/3224 556/2086/3223 5618/2091/3228
f 3887/2081/3218 1136/2084/3221 4673/2082/3219
f 1241/2097/3236 6486/2101/3240 7079/2098/3237
f 1905/2066/5955 6485/2075/3210 5616/2077/3212
f 2445/2069/3204 4672/2079/3214 4670/2070/3205
f 2446/2078/3213 4673/2082/3219 4672/2079/3214
f 1243/2303/3800 4236/2301/3798 5623/2304/3801
f 6693/2083/3220 4350/2096/3235 1136/2084/3221
f 3341/2102/3244 3339/2916/3259 5624/2103/3245
f 5199/2105/3247 4352/2917/3250 4241/2106/3248
f 4352/2108/3250 5199/2105/3247 5197/2109/3251
f 4242/2111/3253 2307/2124/5956 1141/2112/3254
f 1450/2114/3256 4064/2120/5957 3340/2115/3257
f 3339/2117/3259 2515/2918/5958 5628/2118/3260
f 2007/2119/3261 4061/2919/5959 4063/2120/3262
f 1542/2121/3264 1543/2129/5960 2953/2104/3265
f 5628/2118/3260 2515/2920/5958 4062/2122/3267
f 5629/2118/3269 2202/2109/5961 5200/2105/3270
f 4353/2116/3272 1451/2115/5962 3342/2124/3273
f 5197/2109/3251 6489/2127/5963 4239/2125/3275
f 5625/2103/3276 2309/2105/5964 6491/2107/3277
f 5198/2109/3279 1142/2118/5965 2951/2123/3280
f 4062/2128/3267 3341/2921/3244 2952/2104/3246
f 4239/2130/3275 6489/2121/5963 562/2107/3249
f 1146/2132/3244 6788/2922/3259 6789/2133/3245
f 6272/2135/3247 2956/2923/3250 6024/2136/3248
f 2956/2138/3250 6272/2135/3247 3079/2139/3251
f 2311/2111/3253 6022/2124/5956 6025/2112/3254
f 2955/2114/3256 1710/2120/5966 6787/2115/3257
f 6788/2141/3259 6494/2924/5967 4520/2142/3260
f 2312/2119/3261 6026/2919/5959 6495/2120/3282
f 3077/2143/3264 1958/2150/5960 6951/2134/3265
f 4520/2142/3260 6494/2925/5967 1144/2144/3267
f 4521/2142/3269 2421/2139/5961 6273/2135/3270
f 2957/2116/3272 565/2115/5962 6021/2124/3273
f 3079/2139/3251 563/2148/5963 6492/2146/3275
f 2043/2133/3276 1602/2135/5964 564/2137/3277
f 3078/2139/3279 1957/2142/5965 4523/2145/3280
f 1144/2149/3267 1146/2926/3244 6952/2134/3246
f 6492/2151/3275 563/2143/5963 3081/2137/3249
f 1711/2153/3283 1547/2224/5968 6027/2154/3284
f 3558/2156/3286 6028/2927/5969 4524/2157/3287
f 4525/2157/3289 6274/2161/3293 6498/2159/3290
f 1155/2162/3294 1544/2928/5970 566/2163/3295
f 1674/2165/3297 1673/2929/5971 6497/2166/3298
f 5631/2168/3300 5202/2181/5972 5203/2169/3301
f 6665/2183/5973 6280/2187/5974 2203/2176/5975
f 4244/2178/5976 4675/2184/5977 1149/2175/5978
f 5639/2177/3315 1823/2168/5979 1822/2170/3316
f 5201/2181/3318 4356/2174/5980 567/2182/3319
f 1147/2184/5981 5637/2171/5982 1148/2173/5983
f 1151/2187/5984 1150/2178/5985 2204/2179/5986
f 2045/2174/3307 2313/2181/3335 6031/2175/3308
f 2422/2171/5987 1495/2183/5988 1494/2172/5989
f 4355/2174/3329 2008/2185/5990 568/2186/3330
f 4678/2173/3306 6791/2185/3328 2045/2174/3307
f 4247/2179/3336 2313/2181/3335 5632/2168/3310
f 6792/2185/3337 1908/2177/5991 1907/2180/3338
f 6282/2195/3347 4066/2190/3342 4357/2196/3348
f 2423/2200/5992 2206/2192/5993 2205/2194/5994
f 4065/2190/3351 1860/2189/5995 573/2198/3352
f 5056/2194/3357 4362/2193/5996 4942/2201/3358
f 4359/2193/3359 570/2196/5997 4364/2202/3360
f 4943/2201/5998 1783/2193/5999 1909/2205/6000
f 5053/2191/3343 4942/2201/3358 4944/2189/3341
f 6794/2204/6001 5642/2200/6002 1496/2191/6003
f 6666/2192/3344 5204/2206/6004 5205/2197/3368
f 572/2206/3369 3713/2207/6005 6283/2195/3370
f 2207/2207/6006 574/2204/6007 1153/2188/6008
f 4945/2189/3375 1782/2201/6009 6667/2205/3376
f 4358/2196/3378 569/2190/6010 571/2199/3379
f 6035/2211/3384 1548/2223/6011 5062/2212/3385
f 6796/2214/3387 575/2930/6012 4250/2215/3388
f 6795/2214/3390 4249/2209/3382 6286/2208/3381
f 6034/2217/3392 1754/2931/6013 4529/2218/3393
f 6284/2220/3395 1546/2932/6014 1824/2221/3396
f 5060/2153/3398 1712/2212/6015 6032/2223/3399
f 5059/2167/3299 6497/2166/3298 6284/2220/3395
f 6033/2219/3394 4529/2218/3393 1155/2162/3294
f 6275/2161/3401 1910/2216/6016 6287/2208/3402
f 2044/2159/6017 2516/2208/6018 1545/2210/6019
f 4532/327/3407 4680/2750/6020 6954/326/3408
f 6297/2225/3410 2211/351/6021 6500/329/3411
f 577/333/6022 6295/367/6023 1165/332/6024
f 5649/336/3416 6292/368/6025 6955/335/3417
f 581/339/3419 2213/372/6026 3716/2227/3420
f 6036/342/3422 6038/345/6027 6798/341/3423
f 6040/345/6028 1162/342/6029 2009/344/6030
f 1168/348/3428 1164/364/6031 1163/347/3429
f 4252/351/3431 1158/2225/6032 2639/350/3432
f 3716/2227/3420 3714/343/6033 6797/341/3434
f 5657/354/3435 3184/361/6034 2424/353/3436
f 3564/357/3438 4536/359/6035 4813/356/3439
f 2210/359/6036 1159/2750/6037 1603/327/6038
f 2314/361/6039 583/2751/6040 2425/360/6041
f 4068/362/3447 4254/352/3433 2639/350/3432
f 3562/2752/6042 2010/357/6043 1166/366/6044
f 2208/336/6045 2214/367/6046 1550/368/6047
f 4072/363/6048 4073/370/6049 578/362/6050
f 3082/339/3465 3084/385/6051 6303/371/3466
f 6291/2231/3472 4076/2230/3470 2518/2232/3473
f 6291/2231/3472 5647/2228/3468 4076/2230/3470
f 5647/2228/3468 1157/2235/3476 3186/2229/3469
f 6298/557/3471 6956/2233/3474 6291/2231/3472
f 3083/382/3490 5656/384/3489 1160/383/6052
f 4535/2246/3511 3186/2229/3469 6299/2236/3477
f 6294/393/3487 4070/395/3486 4370/394/3498
f 5650/396/3488 4365/558/3493 2517/557/3492
f 3183/562/3497 2963/566/3502 6294/393/3487
f 4533/563/3499 2046/2771/6053 4253/559/3494
f 579/567/3504 1156/569/6054 6670/568/3505
f 3715/2244/3507 2212/2237/3481 3560/2241/3485
f 6301/2239/3483 3563/2240/3484 2212/2237/3481
f 5064/145/3512 6673/2248/6055 2049/144/3513
f 1169/146/3515 1170/148/6056 1171/147/3516
f 2047/149/3518 2048/150/6057 5659/147/3519
f 7080/151/3521 2428/2729/6058 2965/150/3522
f 2427/152/3524 6042/154/6059 1173/153/3525
f 6041/153/3527 2753/154/6060 6672/144/3528
f 1174/132/3530 2051/134/6055 2050/133/3531
f 1551/135/3515 587/137/6061 6799/136/3533
f 2718/138/3535 1176/139/6062 1175/136/3536
f 7051/140/3538 2430/2728/6058 4077/139/3539
f 2429/141/3541 4681/143/6063 4682/142/3542
f 2754/142/3543 1177/143/6064 4255/133/3544
f 4815/132/3530 1182/134/6055 4079/155/3531
f 1552/135/3515 588/137/6061 1178/136/3533
f 589/138/3535 1861/139/6062 6043/136/3536
f 1179/156/3546 1180/2730/6058 6877/139/3539
f 3343/141/3541 6045/143/6063 6046/157/3547
f 590/157/3548 2078/143/6064 1181/155/3544
f 6047/159/3549 2967/170/6065 584/158/3550
f 585/161/6066 6307/162/6067 1554/160/6068
f 2719/163/6069 2720/164/6070 1186/162/6071
f 1183/165/3558 4948/2731/6072 3719/164/3559
f 586/167/6073 1187/169/6074 1184/166/6075
f 1185/170/6076 2011/159/6077 2969/169/6078
f 6677/36/3567 593/2709/6079 592/35/3568
f 6048/38/6080 6050/44/6081 2431/37/6082
f 6878/40/3573 6052/2710/6083 2779/39/3574
f 6881/42/3576 594/40/6084 6879/41/3577
f 1188/44/6085 6049/38/6086 6882/42/6087
f 6053/39/3582 2778/2710/6088 6676/45/3583
f 1192/36/3567 7053/2709/6079 2970/35/3568
f 6679/38/6089 4540/44/6081 2433/47/6090
f 7014/40/3573 6502/2710/6091 2781/39/3574
f 4538/48/3576 1193/40/6084 7013/41/3577
f 2607/44/6085 2606/38/6092 1191/48/6093
f 6501/39/3582 2780/2710/6094 2738/45/3583
f 5065/1/3590 2519/16/6095 6055/2/3591
f 1195/3/3593 3087/2707/6096 3086/4/3594
f 596/4/3596 1199/2707/6097 4949/5/3597
f 4950/6/3599 1198/5/6098 4817/7/3600
f 2739/8/3602 2740/7/6099 6802/9/3603
f 2521/11/3605 1197/2708/6100 5208/12/3606
f 5207/13/3608 2665/12/6101 1196/14/3609
f 6883/14/3611 2520/2/6102 6054/16/3612
f 6503/17/3614 6504/33/6103 6057/18/3615
f 6056/19/3617 1200/18/6104 1205/20/3618
f 6311/20/3620 7055/24/6105 7054/22/3621
f 1204/23/3623 598/22/6106 2721/24/3624
f 600/26/3626 1202/29/6107 1203/27/3627
f 4081/29/3629 601/31/6108 599/30/3630
f 4819/31/3632 4684/34/6109 4683/32/3633
f 2608/33/3635 597/17/6110 2316/32/3636
f 6885/228/3638 5665/233/6111 1208/227/3639
f 6058/231/3641 604/2737/6112 6682/230/3642
f 3889/234/6113 6803/227/6114 1206/233/6115
f 3892/229/6116 3720/245/6117 1209/244/6118
f 602/245/6119 603/232/6120 1825/230/6121
f 1210/246/6122 2770/234/6123 2771/235/6124
f 606/249/660 607/2742/660 6684/248/3656
f 608/252/139 605/2743/139 1211/251/3658
f 2436/248/3660 1713/253/6125 6805/251/3661
f 610/249/660 611/2742/660 3188/248/3663
f 612/252/139 609/2743/139 7082/251/3665
f 2012/250/3667 2013/248/6126 7083/253/3668
f 2974/255/4948 3724/694/6127 2439/254/4950
f 1714/258/4945 614/695/6128 1676/257/4947
f 3726/690/975 6958/697/3684 616/689/974
f 620/701/144 2052/255/977 6686/256/3679
f 618/692/144 620/701/144 6686/256/3679
f 6957/693/3680 2609/2785/6129 2976/254/984
f 6506/258/980 617/690/6130 3725/691/3682
f 3726/690/975 622/2786/145 621/696/145
f 616/689/974 624/2787/145 623/698/145
f 6686/256/3679 626/2788/144 625/699/144
f 618/692/144 628/2789/144 627/700/144
f 1212/172/3685 1914/182/6131 6319/171/3686
f 6317/175/6132 4260/181/6133 6509/174/6134
f 4951/177/3691 4952/2732/6135 6687/176/3692
f 6688/178/3694 1755/176/6136 4258/179/3695
f 629/179/6137 630/174/6138 2666/181/6139
f 6320/182/3700 2610/2732/6140 1214/177/3701
f 2440/184/3703 632/190/6131 6322/183/3704
f 2441/187/6132 3347/2619/6141 3346/186/6142
f 6321/190/3700 7117/2733/6140 2522/189/3701
f 6806/2250/100 635/2257/4827 3193/2251/101
f 3192/2253/6143 3727/2622/4829 633/2254/4830
f 7056/2256/3708 636/2933/4836 6807/2257/116
f 4261/71/3710 2612/82/6144 6062/70/74
f 2442/74/4817 2980/81/4818 6511/73/6145
f 6513/77/3712 1220/2713/6146 4542/76/3713
f 1218/78/3715 2694/76/6147 2978/79/3716
f 637/79/6148 6510/73/6149 2668/81/6150
f 6061/82/3721 6512/2713/4820 1221/77/80
f 4084/2258/6151 4953/2264/6152 3567/2259/6153
f 6886/2261/3726 6959/2934/6154 4550/2262/3727
f 4954/2264/3729 1222/2258/6155 4088/2265/3730
f 4551/2262/6156 6960/2934/6157 4545/2267/6158
f 638/202/6159 2443/204/3748 3566/203/3747
f 1915/2269/6160 1223/214/6161 1916/2273/6162
f 4546/2267/6163 4087/2935/6164 1678/2270/6165
f 639/2263/3741 3573/2272/3745 6961/2271/3742
f 6324/2266/3744 4086/2265/6166 6961/2271/3742
f 2080/212/6167 2079/213/6168 3570/203/6169
f 1677/2936/6170 4548/2273/6171 2216/212/6172
f 2319/2278/3767 6063/2937/6173 346/1238/1930
f 351/2279/3768 6808/2938/6174 4179/2280/3769
f 1497/2281/3770 4314/971/1527 5415/999/1558
f 1646/1223/1904 407/2939/6175 1225/2283/3772
f 2187/1630/3773 3195/2284/3776 1706/1629/3774
f 2187/1630/3773 2188/1636/3777 3194/1635/3775
f 2188/1636/3777 5517/1642/2448 1705/1641/2447
f 444/1607/2454 7058/2286/3780 4041/2285/3778
f 1679/1630/3779 1229/2284/3782 7048/1629/2455
f 7058/2286/3780 2218/1653/2503 4042/1654/2504
f 4685/1636/3781 3895/1635/3783 1229/2284/3782
f 4685/1636/3781 4686/1642/2445 3894/1641/2444
f 1088/1602/2449 1230/1604/2451 1228/1650/2500
f 5574/1870/2827 1894/1868/2823 6001/1861/2825
f 3884/1926/3073 6810/1985/3071 5194/1933/3074
f 6516/2288/3785 2082/2940/6176 2303/2289/3786
f 2510/2045/3177 6516/2288/3785 4058/2912/5946
f 6656/2014/3145 6657/2292/3789 2512/2911/5944
f 6657/2292/3789 2201/2941/6177 2040/2293/3790
f 4351/2062/3197 3357/2061/3196 3355/2295/3792
f 3886/2074/3209 4238/2073/3208 4236/2301/3798
f 1243/2303/3800 1138/2302/3799 4236/2301/3798
f 6487/2305/3802 558/2296/3793 3355/2295/3792
f 344/2307/3804 6724/2942/6178 993/944/3805
f 3636/2308/660 3641/938/6179 3475/2309/3807
f 1246/2313/3827 656/2943/4846 2984/2314/3828
f 1249/2316/144 653/2944/144 652/2317/144
f 645/2319/144 655/2945/144 654/2320/144
f 1244/2322/145 1250/2946/145 646/2323/145
f 1255/2325/3830 1252/2947/3830 648/2326/3831
f 657/2328/3832 1254/2331/3832 651/2329/3833
f 657/2328/3832 1252/2947/3830 1255/2325/3830
f 1247/2315/6180 6522/2345/6181 2772/2332/6182
f 2982/125/6183 6520/2726/6184 2773/128/6185
f 654/130/3836 1249/2727/3836 1253/129/3836
f 659/2333/3841 4373/2336/6186 4372/2334/3842
f 4373/2336/6186 659/2333/3841 1920/2337/6187
f 4089/2341/3850 658/2948/6188 2447/2340/3851
f 1257/2341/3853 1715/2339/6189 6327/2342/3854
f 3199/2339/6190 2448/2338/6191 3202/2337/6192
f 1262/2313/3859 1267/2943/6193 6892/2314/3860
f 1268/2316/144 668/2944/144 1261/2317/144
f 1258/2319/144 669/2945/144 1264/2320/144
f 1266/2322/145 1265/2946/145 661/2323/145
f 1273/2325/3862 1269/2947/3862 664/2326/3863
f 670/2328/3864 1272/2331/3864 1271/2329/3865
f 670/2328/3864 1269/2947/3862 1273/2325/3862
f 4687/2344/3869 4689/2949/6194 662/2324/3870
f 6696/125/6195 1263/2726/6196 666/128/6197
f 1264/130/3868 1268/2727/3868 1270/129/3868
f 3897/2314/3874 1282/2943/6193 676/2313/3875
f 675/2317/144 679/2944/144 1281/2316/144
f 1279/2320/144 1280/2945/144 671/2319/144
f 672/2323/145 680/2946/145 1283/2322/145
f 1287/2326/3877 1286/2947/3878 681/2325/3878
f 1289/2329/3879 1288/2331/3880 1285/2328/3880
f 681/2325/3878 1286/2947/3878 1285/2328/3880
f 6698/2315/6198 1275/2324/6198 6701/2332/6198
f 1499/128/6199 6700/2726/6200 3899/125/6201
f 678/129/3883 1281/2727/3883 1279/130/3883
f 682/2346/660 687/2950/660 1291/2347/660
f 685/2349/140 686/2951/140 1290/2350/140
f 688/100/139 694/2718/139 693/99/139
f 691/103/347 692/2719/347 1292/102/347
f 1294/99/660 1293/2718/660 695/100/660
f 699/102/347 1295/2719/347 698/103/347
f 3203/2352/118 5209/2355/4837 5210/2353/119
f 1296/2355/127 1500/2357/4840 701/2356/128
f 4956/2357/124 700/2952/4839 1605/2358/125
f 6328/2359/121 1988/2352/4838 1989/2354/122
f 3734/1664/3890 6064/1669/5725 4275/1665/2509
f 702/1667/6202 6894/2882/6203 2450/1664/6204
f 1299/1668/3893 2320/1665/5729 6066/1669/3894
f 1304/2883/6205 702/1667/6202 2452/2884/6206
f 702/1667/6202 1304/2883/6205 6894/2882/6203
f 1302/1670/3895 5069/1671/3896 1299/1668/3893
f 3905/2362/347 6704/2368/5732 3732/2363/5733
f 1300/2365/3898 5678/2364/5734 3730/2363/2522
f 3900/2367/6207 7115/2953/6208 6705/2368/5737
f 1297/2366/3899 7138/2369/3901 1300/2365/3898
f 4690/2954/6209 3900/2367/6207 4691/2955/6210
f 3900/2367/6207 4690/2954/6209 7115/2953/6208
f 6330/2371/3903 3729/2956/5740 3733/2372/3904
f 3735/2374/3906 1298/2957/5741 6703/2375/2533
f 6702/2375/2535 2613/2958/6211 6893/2377/2536
f 5677/2378/2538 6524/2959/5743 3575/2379/3907
f 2696/2381/2541 3903/2960/5744 4274/2382/2542
f 1303/2384/3908 2614/2961/6212 2220/2385/3909
f 4276/2382/2547 2697/2960/5746 1301/2378/2548
f 7137/2387/3911 1717/2962/6213 3088/2388/3912
f 6895/2390/3914 2782/2963/6214 6331/2391/3915
f 3738/2393/3917 2453/2391/6215 6525/2394/3918
f 3739/2396/3920 3737/2393/6216 704/2397/3921
f 6334/2392/3923 3740/2396/6217 2581/2399/3924
f 1305/2393/3926 2524/2396/6218 2615/2392/3927
f 1990/2401/6219 1719/2406/6220 1718/2402/6221
f 705/2404/6222 2988/2964/6223 3582/2405/6224
f 1452/2403/6225 1453/2405/6226 6897/2401/6227
f 2034/2408/3938 1085/1512/2345 3205/2413/3944
f 3308/2410/3940 5968/2409/3939 6633/1564/2404
f 4340/2411/3942 1308/1584/2430 6340/1587/2434
f 5176/2415/3956 5034/1526/3955 6963/2416/3957
f 6963/2416/3957 1828/1517/6228 4494/2418/3959
f 5027/1521/3960 3868/1517/2350 3210/1516/2349
f 6234/1589/2436 1778/2418/6229 3869/1517/145
f 6637/2419/3962 3359/1515/2348 3361/1548/2384
f 3359/1515/2348 6637/2419/3962 6636/1583/2429
f 4554/2421/3964 708/2965/6230 7059/2422/3965
f 2641/2422/3967 7060/2966/6231 4824/2424/3968
f 1312/2425/3970 2616/2967/6232 7019/2426/3971
f 707/2427/3973 1991/2968/6233 1311/2428/3974
f 5685/2429/3976 6526/2451/4005 3362/2430/3977
f 3365/2432/3979 1313/2447/6234 3367/2433/3980
f 1721/2435/3982 1829/2442/6235 5072/2436/3983
f 2642/2433/3985 2456/2437/4003 5071/2436/3986
f 709/2438/3988 1681/2969/6236 1680/2432/3989
f 710/2439/145 5683/2445/3996 3364/2431/3978
f 1830/2441/3992 2222/2444/6237 2221/2436/3993
f 711/2443/144 6811/2438/6238 712/2434/3987
f 713/2446/3997 714/2449/6239 3366/2433/3998
f 6812/2448/4000 6528/2970/6240 6527/2435/4001
f 716/2450/144 2457/2448/6241 2456/2437/4003
f 6526/2451/4005 1720/2496/6242 715/2453/145
f 5211/58/4007 2742/69/6243 6706/57/4008
f 5213/60/4010 2698/58/6244 2699/59/4011
f 4692/62/4013 717/60/6245 1315/61/4014
f 2458/65/4016 1317/2712/6246 4693/64/4017
f 4556/67/4019 6343/65/6247 1314/66/4020
f 6707/69/4022 1454/67/6248 1455/68/4023
f 719/249/347 720/2742/347 6900/248/346
f 721/252/140 718/2743/140 722/251/344
f 6899/250/4027 1606/248/4944 1992/253/4028
f 1319/2456/6249 727/2461/6250 3746/2457/6251
f 2324/2457/6252 5215/2461/6253 5217/2458/6254
f 6067/2460/4038 5219/2458/6255 5216/2461/4039
f 3742/2459/6256 724/2464/660 3744/2457/4042
f 6352/2465/4043 726/2462/4040 5216/2461/4039
f 2325/2458/6257 2669/2971/6258 1320/2972/6259
f 4959/2466/6260 6068/2973/6261 4834/517/6262
f 5690/520/6263 4832/522/6264 4830/516/6265
f 2229/517/4054 2228/522/6266 2227/520/4055
f 6069/2973/6267 7144/536/4057 4833/517/4059
f 7144/521/4057 729/523/4063 4831/522/4058
f 4960/524/4060 2225/519/6268 5688/520/4061
f 1321/2466/6269 2225/519/6268 4960/525/4060
f 2226/527/6270 728/528/139 5688/520/4061
f 2223/529/4062 2224/516/6271 4831/522/4058
f 4697/518/6272 6966/2974/6273 2014/517/6274
f 2231/518/6275 7116/2763/6276 2643/2974/6277
f 4095/520/6278 4091/522/6279 3749/516/6280
f 4092/517/4068 1324/522/6281 4094/520/4073
f 6965/2764/6282 733/536/4074 4093/517/4076
f 733/521/4074 732/523/4082 4090/522/4075
f 1327/524/4077 4694/519/6283 2233/520/4078
f 4696/518/4079 4694/519/6283 1327/525/4077
f 2232/527/6284 731/528/145 2233/520/4078
f 3750/529/4081 1323/516/6285 4090/522/4075
f 730/2467/4083 2326/2973/6286 4957/2466/4084
f 2235/519/6287 6968/2765/6288 3909/535/6289
f 738/2765/6290 739/2766/6291 2234/535/6292
f 1457/534/6293 3219/520/6294 3915/522/6295
f 1458/522/6296 2236/520/6297 3912/519/6298
f 3911/519/6299 1328/525/4074 6967/2767/6300
f 1328/524/4074 3911/519/6299 3218/520/4095
f 737/521/4077 734/523/145 3916/522/4097
f 737/536/4077 6708/517/4098 3908/535/4099
f 1456/538/4102 735/528/4096 3218/520/4095
f 1682/2472/6249 2723/446/6250 5702/450/6251
f 2237/450/6252 3372/446/6253 3368/2473/6254
f 2525/2475/4038 3370/2473/6255 3371/446/4039
f 1994/2474/6256 741/454/660 5703/450/4105
f 6353/2477/4106 742/452/4040 3371/446/4039
f 1993/2473/6257 6813/2975/6258 5704/2976/6259
f 2582/2478/4107 1332/2977/6301 743/2479/4108
f 5706/2481/4110 1331/2485/6302 7085/2482/4111
f 7086/2483/4113 1459/2482/6303 7022/2478/4114
f 4961/2484/4116 4962/2978/6304 5707/2485/4117
f 6356/2430/4135 6073/2451/4162 6071/2429/4136
f 4838/2430/4138 2584/2495/6305 6078/2490/4139
f 1607/2429/4141 1334/2493/6306 2327/2491/4142
f 5712/2429/4144 6074/2451/4160 4839/2430/4145
f 1335/2490/4147 2015/2979/6307 758/2440/3988
f 759/2439/145 6076/2440/6308 6077/2431/4137
f 5713/2429/4150 5714/2445/6309 7087/2492/4151
f 1756/2431/4146 6529/2440/6310 760/2439/144
f 2238/2430/4154 762/2452/6311 2700/2494/4155
f 6072/2491/4157 2328/2980/6312 6709/2496/4158
f 6074/2451/4160 1337/2496/6313 764/2453/144
f 763/2453/145 6814/2496/6314 6073/2451/4162
f 6902/2497/4164 4698/2543/6315 4700/2498/4165
f 7024/2499/4167 2329/2498/6316 4377/2500/4168
f 1341/2501/4170 4376/2500/6317 4378/2502/4171
f 5716/2501/4173 1388/2503/6318 5100/2504/4174
f 7025/2499/4176 5716/2501/4173 5222/2505/4175
f 6901/2497/4178 7025/2499/4176 5220/2506/4177
f 6530/2508/4180 6532/2571/6319 4704/2509/4181
f 4703/2511/4183 4705/2570/6320 1722/2512/4184
f 5799/2514/4186 6081/2523/6321 6080/2513/4187
f 1387/2508/4189 1609/2510/4192 5717/2515/4190
f 1609/2511/4192 6079/2513/4202 5719/2517/4193
f 2056/2518/4194 1556/2525/6322 3091/621/4195
f 3585/2520/4197 2724/2527/6323 3590/2521/4198
f 6082/2523/4200 1387/2508/4189 3586/2516/4191
f 6079/2513/4202 6082/2523/4200 3584/2524/4201
f 2459/2522/4203 1862/2521/6324 3588/2525/4204
f 2055/2526/4206 767/2981/6325 3093/2527/4207
f 1723/2509/4209 6533/2571/4731 3092/2528/4210
f 5798/2514/4212 6710/2512/4235 3587/2530/4213
f 5724/2519/4215 1460/621/6326 6535/2532/4216
f 5721/2533/4218 1389/2532/6327 5221/2534/4219
f 6713/2536/4221 1461/2539/6328 5101/2537/4222
f 5726/2535/4224 1339/2534/6329 5223/2539/4225
f 766/2500/4227 4701/2498/4234 1340/2540/4228
f 4379/2502/4230 766/2500/4227 765/2541/4229
f 2239/2543/4232 4379/2511/4230 5723/580/4231
f 4701/2498/4234 2239/2543/4232 2645/2544/4233
f 6710/2512/4235 1723/2570/4209 3090/2545/4211
f 1342/2546/6330 1343/2982/6331 1831/2547/6332
f 5865/2548/6333 1344/2983/6334 2124/650/6335
f 2123/651/6336 2526/2984/6337 1515/2550/6338
f 3265/647/6339 1514/2985/6340 226/2551/6341
f 2243/580/4248 5077/587/6342 4381/585/4249
f 4382/588/4251 4380/585/6343 2242/587/4252
f 4383/588/4254 1348/589/6344 3752/590/4255
f 1503/592/4257 1684/591/6345 1347/590/4258
f 4381/595/4249 3224/2565/4288 4281/594/4260
f 5551/597/4261 6714/599/6346 4283/598/4262
f 5554/601/4264 5225/1750/6347 4383/600/4254
f 1345/595/4265 2586/600/6348 1833/602/4266
f 771/2554/4268 1558/614/4271 3753/2555/4269
f 1558/614/4271 6083/2558/4273 3751/2557/4272
f 6083/2558/4273 6085/2561/6349 5078/2559/4274
f 5078/615/4274 6085/2519/6349 771/2554/4268
f 6087/2560/4275 6537/2986/6350 6086/2561/4276
f 1922/2519/4278 1921/621/6351 2083/2562/4279
f 3591/2554/4281 3755/2562/6352 2989/2563/4282
f 1557/2563/4284 772/2560/6353 6084/2558/4285
f 769/1750/6354 1833/602/4266 2586/600/6348
f 5551/597/4261 1559/601/6355 6714/599/6346
f 6718/576/4290 1355/578/6356 4965/575/4291
f 1353/579/4293 1352/2567/4322 4963/578/4294
f 775/582/4296 773/1763/6357 3377/581/4297
f 1351/584/4299 1350/1762/6358 1349/581/4300
f 2245/611/4302 2246/614/6359 6717/610/4303
f 6717/610/4303 2246/614/6359 6720/613/4305
f 6720/613/4305 5082/2519/4308 3374/615/4307
f 5082/617/4308 2245/611/4302 3376/612/4304
f 3594/614/4309 776/620/6360 6719/619/4310
f 1354/613/4312 777/619/6361 5080/621/4313
f 778/2566/4315 2244/623/6362 2994/611/4316
f 2992/623/4318 4711/620/6363 3593/614/4319
f 1349/581/4300 1350/1762/6358 2247/583/6364
f 4714/2498/4325 4712/2543/6365 5729/2497/4326
f 6815/2500/4328 2331/2498/6366 2249/2499/4329
f 4285/2502/4331 2333/2500/6367 5083/2501/4332
f 3228/2504/144 4289/2503/6368 2248/2501/6369
f 3229/2505/4336 5085/2501/4335 5727/2499/4337
f 3917/2506/4338 5727/2499/4337 5732/2497/6370
f 5734/2532/4341 1835/621/6371 3920/2519/4342
f 3919/2534/4344 1358/2532/6372 3923/2533/4345
f 3227/2537/4347 1836/2539/6373 6722/2536/4348
f 3230/2539/4350 2332/2534/6374 1356/2535/4351
f 6358/2540/4353 4715/2498/4360 6816/2500/4354
f 1686/2541/4355 6816/2500/4354 4286/2502/4356
f 1685/580/4357 4286/2511/4356 2330/2543/4358
f 2250/2544/4359 2330/2543/4358 4715/2498/4360
f 1357/2502/4369 2251/2503/6375 5739/2568/4367
f 4713/2543/4368 6088/2569/6376 780/2497/6377
f 5739/2570/4367 6088/2569/6376 4713/2543/4368
f 5736/2507/4364 2335/2569/4366 2334/2570/6378
f 2995/2509/4371 4724/2571/6379 4726/2508/4372
f 2336/2512/4374 1724/2570/6380 2016/2511/4375
f 4718/2513/4377 4716/2523/6381 4722/2514/4378
f 4561/2515/4380 2998/2510/4384 4727/2508/4381
f 5087/2517/4383 2252/2513/4393 2998/2511/4384
f 4562/621/4385 2254/2525/6382 2058/2518/4386
f 6541/2521/4388 2255/2527/6383 4842/2520/4389
f 2587/2516/4382 4727/2508/4381 2017/2523/4391
f 4841/2524/4392 2017/2523/4391 2252/2513/4393
f 5088/2525/4394 2253/2521/6384 1359/2522/4395
f 6539/2527/4397 2461/2981/6385 2057/2526/4398
f 6538/2528/4400 4725/2571/4408 2996/2509/4401
f 5089/2530/4403 4721/2512/4406 4723/2514/4404
f 4563/2545/4402 2996/2570/4401 4721/2512/4406
f 4717/2523/4411 6089/2569/6386 2617/2514/6387
f 1784/2508/4412 781/2571/6388 5738/2568/4410
f 5738/2568/4410 6089/2569/6386 4717/2523/4411
f 6540/2531/4405 6090/2569/4407 5740/2568/4409
f 6906/1002/4413 6092/1004/6389 1838/1003/1570
f 783/1005/4415 4387/1007/6390 2590/1002/4416
f 786/1007/4418 784/1009/6391 4565/1008/4419
f 785/1011/4421 1837/2572/4449 2588/1010/4422
f 787/1014/4424 1463/2819/6392 4844/1013/4425
f 788/1017/4427 1361/1019/6393 5091/1016/4428
f 6359/1020/4430 6360/1021/6394 3000/1019/4431
f 2462/1015/4433 1362/1013/6395 789/1021/4434
f 2256/1022/4436 1360/1024/6396 6905/580/4437
f 1996/1025/4439 1997/1026/6397 3756/1024/4440
f 4384/1027/4442 2059/1028/6398 4567/1026/4443
f 6904/1029/4445 1758/2820/6399 4385/1028/4446
f 4387/1007/6390 783/1005/4415 4386/1009/6400
f 2257/1158/4452 1366/1160/6401 7146/1159/4453
f 792/1161/4455 3378/1163/6402 5741/1158/4456
f 1367/1163/4458 3379/1165/6403 1369/1164/4459
f 1365/1167/4461 7147/2826/4465 6970/1166/4462
f 3378/1163/6402 792/1161/4455 2463/1165/6404
f 6970/1166/4462 6969/1164/6405 1368/1168/4463
f 6543/1706/4467 455/2987/6406 1947/1723/4468
f 7005/2576/4470 2074/2988/6407 5535/1704/4471
f 1887/2578/4473 1746/1746/6408 1747/1733/4474
f 5978/2580/4476 2411/2989/6409 6369/1747/4477
f 5809/2581/4479 1687/2609/6410 6363/2582/4480
f 6093/2590/4488 6096/2601/6411 6381/2591/4489
f 2527/2601/4499 2259/2590/6412 6101/2602/4500
f 5747/2603/4502 6099/2602/6413 5808/2604/4503
f 6818/2609/4508 5752/2611/6414 3004/2610/4509
f 5753/2611/4511 1962/2990/6415 2018/2612/4512
f 6110/2613/6148 2813/53/6149 9/2614/6150
f 5750/2617/4516 871/2733/6416 1573/189/4517
f 60/2619/6417 1572/186/6418 3007/2620/4886
f 3006/2620/4521 1923/2617/6419 5749/2618/4522
f 5754/2591/4524 2529/2601/6420 3010/2590/4525
f 2337/2622/4833 1372/2253/6421 2060/2623/4835
f 6100/2620/6422 1959/186/6423 1960/2619/6424
f 4968/2631/4544 797/2991/6425 4970/1506/4545
f 2467/2630/4547 7027/2627/6426 4966/2626/4548
f 1464/2625/4550 1373/2627/6427 3234/2630/4551
f 1560/2633/6428 1374/1727/6429 2408/1729/6430
f 1375/1738/6431 1376/1737/6432 1561/2637/6433
f 1814/2639/6434 454/2681/6435 1745/1716/6436
f 5095/1704/4580 3386/2646/6437 3390/2644/4583
f 5770/1703/4586 5772/2646/4585 4571/2647/4587
f 1865/2654/6438 2468/2650/6439 1759/2652/6440
f 5093/1714/4589 6105/1720/6441 3925/1713/4590
f 5766/2649/4592 6549/2653/6442 4573/1716/4593
f 5771/2650/4595 1377/2653/6443 5769/2651/4596
f 5094/1721/4601 4569/2894/6444 6104/1720/4602
f 3388/1715/4604 1864/1713/6445 3929/2654/4605
f 800/2576/6446 3393/2644/6447 799/2646/6448
f 5786/2659/4613 3939/2992/6449 3931/2660/4614
f 2591/2659/6450 2470/2672/6451 1505/2992/6452
f 3395/1721/4616 3936/2993/6453 5781/2662/4617
f 3241/2664/4622 1925/2667/6454 5780/2665/4623
f 6553/2669/4628 3238/2678/6455 3399/2670/4629
f 6552/2669/4631 2061/2671/6456 1611/2663/4632
f 6550/2668/4634 5776/2667/6457 5783/2672/4635
f 5787/1745/4637 3394/1746/6458 3398/1733/4619
f 5784/2658/4612 5777/2680/6459 3236/2673/4638
f 3926/2655/4639 1378/2988/6460 4570/2647/4640
f 5097/1704/4642 1562/2988/6461 3387/2576/4643
f 3400/1733/4645 802/1746/6462 3403/2578/4646
f 3237/2673/4648 2339/2994/6463 5782/2674/4649
f 1689/2661/6464 1504/2660/6465 1690/2676/6466
f 1691/2678/6467 1999/2664/6468 1998/2666/6469
f 1924/2639/6470 2701/1718/6471 2084/1716/6472
f 3760/456/4686 3758/475/4713 3014/455/4687
f 3940/2684/4689 1866/2689/6473 3945/455/4690
f 803/2685/4692 1612/2687/6474 6909/456/4693
f 3944/455/4695 1381/475/4711 6908/456/4696
f 6554/465/4698 805/2995/6475 1380/2684/4699
f 3760/456/4686 3941/457/4688 6819/465/4701
f 6377/2686/4703 7028/466/6476 804/456/4704
f 1382/465/4706 3943/457/4697 6908/456/4696
f 3012/2688/4708 2264/476/6477 1466/455/4709
f 2670/2690/4715 2530/2996/6478 3759/2685/4716
f 811/479/144 5797/2690/6479 1381/475/4711
f 3758/475/4713 3762/2690/6480 810/479/145
f 6379/2691/4718 2745/2694/6481 2744/2692/4719
f 3598/2694/4721 1383/2696/6482 812/2695/4722
f 4576/2696/4724 2746/2997/6483 7029/2697/4725
f 7030/2698/4727 1564/2691/6484 6378/2693/4728
f 1386/2514/6485 5802/2699/6486 2265/2523/4733
f 5105/2700/4734 2585/2571/6487 6531/2508/4735
f 2265/2523/4733 5802/2699/6486 5105/2700/4734
f 2592/2700/4732 5800/2699/4730 3589/2531/4214
f 5104/2568/4743 7033/2503/6488 1502/2502/4744
f 1338/2497/6489 5801/2569/6490 4699/2543/4742
f 4699/2543/4742 5801/2569/6490 5104/2570/4743
f 5106/2570/4745 2340/2569/4741 6534/2507/4740
f 796/2591/4748 1467/2701/6491 5805/2606/4749
f 6823/2701/4751 1506/2596/6492 1961/2593/4752
f 1840/56/3712 12/2711/6146 5111/2702/4754
f 6822/2703/4756 2341/2702/6493 6109/2613/3716
f 6106/2616/4759 5110/2704/6494 1688/2581/4760
f 5112/2704/4762 2464/2616/6495 5811/2584/4763
f 6111/2705/106 7057/2933/4831 2755/2256/4765
f 5757/2623/109 2085/2705/4832 6114/2706/4767
f 7118/189/3691 1215/2733/6135 5745/2617/3692
f 6119/2618/4770 5748/2617/6136 1371/2620/4771
f 6368/2601/4774 2472/2603/6496 5761/2602/4775
f 6118/2603/4777 1928/2605/6497 1927/2604/4778
f 4390/2606/4781 6115/2701/6498 2528/2591/4782
f 1390/2701/4784 4391/2606/6499 4393/2593/4785
