# Blender 4.5.3 LTS
# www.blender.org
o FramePhy
v -1.580000 -0.810000 -0.670000
v -1.580000 -0.900000 0.300000
v -1.580000 -0.900000 -0.660000
v -1.730000 -0.810000 -0.660000
v -1.730000 -0.810000 0.300000
v -1.580000 -0.837817 -0.669510
v -1.580000 -0.862892 0.291909
v -1.580000 -0.862892 -0.668091
v -1.626361 -0.810000 -0.669510
v -1.627590 -0.838715 -0.668930
v -1.626039 -0.861673 0.292409
v -1.626039 -0.861673 -0.667590
v -1.668153 -0.810000 -0.668091
v -1.666198 -0.837695 -0.667583
v -1.659368 -0.857621 -0.666634
v -1.659368 -0.857621 0.293366
v -1.626361 -0.895593 0.300000
v -1.626361 -0.895593 -0.660000
v -1.668153 -0.882818 -0.660000
v -1.668153 -0.882818 0.300000
v -1.580000 -0.895593 -0.663091
v -1.580000 -0.895593 0.296909
v -1.627858 -0.890375 0.296827
v -1.627858 -0.890375 -0.663173
v -1.666122 -0.878314 0.296931
v -1.666122 -0.878314 -0.663069
v -1.580000 -0.882818 -0.665877
v -1.580000 -0.882818 0.294123
v -1.626158 -0.878250 0.294253
v -1.626158 -0.878250 -0.665747
v -1.659368 -0.869704 -0.665291
v -1.659368 -0.869704 0.294709
v -1.722656 -0.810000 -0.663091
v -1.722656 -0.810000 0.296909
v -1.701363 -0.810000 0.294123
v -1.701363 -0.810000 -0.665877
v -1.722656 -0.837817 0.300000
v -1.722656 -0.837817 -0.660000
v -1.713958 -0.838554 -0.663191
v -1.713958 -0.838554 0.296809
v -1.693857 -0.837623 0.294258
v -1.693857 -0.837623 -0.665741
v -1.701363 -0.862892 0.300000
v -1.701363 -0.862892 -0.660000
v -1.693751 -0.861719 0.296923
v -1.693751 -0.861719 -0.663077
v -1.679506 -0.857621 0.294709
v -1.679506 -0.857621 -0.665291
v -1.580000 -0.900000 -0.480000
v -1.580000 -0.900000 0.480000
v -1.580000 -0.810000 0.490000
v -1.730000 -0.810000 0.480000
v -1.730000 -0.810000 -0.480000
v -1.580000 -0.895593 0.483091
v -1.580000 -0.895593 -0.476909
v -1.580000 -0.882818 -0.474123
v -1.580000 -0.882818 0.485877
v -1.626361 -0.895593 0.480000
v -1.626361 -0.895593 -0.480000
v -1.627590 -0.890375 0.483190
v -1.627590 -0.890375 -0.476809
v -1.626039 -0.878314 -0.474259
v -1.626039 -0.878314 0.485741
v -1.668153 -0.882818 -0.480000
v -1.668153 -0.882818 0.480000
v -1.666198 -0.878250 0.483077
v -1.666198 -0.878250 -0.476923
v -1.659368 -0.869704 0.485291
v -1.659368 -0.869704 -0.474709
v -1.626361 -0.810000 0.489510
v -1.668153 -0.810000 0.488091
v -1.580000 -0.837817 0.489510
v -1.627858 -0.838554 0.488930
v -1.666122 -0.837623 0.487590
v -1.580000 -0.862892 -0.471909
v -1.580000 -0.862892 0.488091
v -1.626158 -0.861719 -0.472417
v -1.626158 -0.861719 0.487583
v -1.659368 -0.857621 -0.473366
v -1.659368 -0.857621 0.486634
v -1.722656 -0.837817 0.480000
v -1.722656 -0.837817 -0.480000
v -1.701363 -0.862892 0.480000
v -1.701363 -0.862892 -0.480000
v -1.722656 -0.810000 0.483091
v -1.722656 -0.810000 -0.476909
v -1.713958 -0.838715 0.483173
v -1.713958 -0.838715 -0.476827
v -1.693857 -0.861673 0.483069
v -1.693857 -0.861673 -0.476931
v -1.701363 -0.810000 -0.474123
v -1.701363 -0.810000 0.485877
v -1.693751 -0.837695 -0.474253
v -1.693751 -0.837695 0.485746
v -1.679506 -0.857621 -0.474709
v -1.679506 -0.857621 0.485291
v -1.580000 0.810000 -0.670000
v -1.730000 0.810000 -0.660000
v -1.730000 0.810000 0.300000
v -1.580000 0.900000 0.300000
v -1.580000 0.900000 -0.660000
v -1.626361 0.810000 -0.669510
v -1.668153 0.810000 -0.668091
v -1.580000 0.837817 -0.669510
v -1.627858 0.838554 -0.668930
v -1.666122 0.837623 -0.667590
v -1.580000 0.862892 0.291909
v -1.580000 0.862892 -0.668091
v -1.626158 0.861719 -0.667583
v -1.626158 0.861719 0.292417
v -1.659368 0.857621 -0.666634
v -1.659368 0.857621 0.293366
v -1.722656 0.837817 -0.660000
v -1.722656 0.837817 0.300000
v -1.701363 0.862892 0.300000
v -1.701363 0.862892 -0.660000
v -1.722656 0.810000 -0.663091
v -1.722656 0.810000 0.296909
v -1.713958 0.838715 0.296827
v -1.713958 0.838715 -0.663173
v -1.693857 0.861673 -0.663069
v -1.693857 0.861673 0.296931
v -1.701363 0.810000 0.294123
v -1.701363 0.810000 -0.665877
v -1.693751 0.837695 -0.665746
v -1.693751 0.837695 0.294253
v -1.679506 0.857621 0.294709
v -1.679506 0.857621 -0.665291
v -1.580000 0.895593 -0.663091
v -1.580000 0.895593 0.296909
v -1.580000 0.882818 0.294123
v -1.580000 0.882818 -0.665877
v -1.626361 0.895593 0.300000
v -1.626361 0.895593 -0.660000
v -1.627590 0.890375 0.296809
v -1.627590 0.890375 -0.663190
v -1.626039 0.878314 0.294259
v -1.626039 0.878314 -0.665741
v -1.668153 0.882818 -0.660000
v -1.668153 0.882818 0.300000
v -1.666198 0.878250 0.296923
v -1.666198 0.878250 -0.663077
v -1.659368 0.869704 0.294709
v -1.659368 0.869704 -0.665291
v -1.580000 0.810000 0.490000
v -1.580000 0.900000 -0.480000
v -1.580000 0.900000 0.480000
v -1.730000 0.810000 0.480000
v -1.730000 0.810000 -0.480000
v -1.580000 0.837817 0.489510
v -1.580000 0.862892 0.488091
v -1.580000 0.862892 -0.471909
v -1.626361 0.810000 0.489510
v -1.627590 0.838715 0.488930
v -1.626039 0.861673 -0.472409
v -1.626039 0.861673 0.487590
v -1.668153 0.810000 0.488091
v -1.666198 0.837695 0.487583
v -1.659368 0.857621 0.486634
v -1.659368 0.857621 -0.473366
v -1.626361 0.895593 0.480000
v -1.626361 0.895593 -0.480000
v -1.668153 0.882818 0.480000
v -1.668153 0.882818 -0.480000
v -1.580000 0.895593 -0.476909
v -1.580000 0.895593 0.483091
v -1.627858 0.890375 0.483173
v -1.627858 0.890375 -0.476827
v -1.666122 0.878314 -0.476931
v -1.666122 0.878314 0.483069
v -1.580000 0.882818 -0.474123
v -1.580000 0.882818 0.485877
v -1.626158 0.878250 -0.474253
v -1.626158 0.878250 0.485746
v -1.659368 0.869704 -0.474709
v -1.659368 0.869704 0.485291
v -1.722656 0.810000 -0.476909
v -1.722656 0.810000 0.483091
v -1.701363 0.810000 -0.474123
v -1.701363 0.810000 0.485877
v -1.722656 0.837817 -0.480000
v -1.722656 0.837817 0.480000
v -1.713958 0.838554 0.483190
v -1.713958 0.838554 -0.476809
v -1.693857 0.837623 0.485741
v -1.693857 0.837623 -0.474258
v -1.701363 0.862892 -0.480000
v -1.701363 0.862892 0.480000
v -1.693751 0.861719 -0.476923
v -1.693751 0.861719 0.483077
v -1.679506 0.857621 0.485291
v -1.679506 0.857621 -0.474709
v 1.120000 -0.810000 -0.670000
v 1.270000 -0.810000 -0.660000
v 1.270000 -0.810000 0.300000
v 1.120000 -0.900000 0.300000
v 1.120000 -0.900000 -0.660000
v 1.166361 -0.810000 -0.669510
v 1.208153 -0.810000 -0.668091
v 1.120000 -0.837817 -0.669510
v 1.167858 -0.838554 -0.668930
v 1.206122 -0.837623 -0.667590
v 1.120000 -0.862892 -0.668091
v 1.120000 -0.862892 0.291909
v 1.166158 -0.861719 -0.667583
v 1.166158 -0.861719 0.292416
v 1.199368 -0.857621 0.293366
v 1.199368 -0.857621 -0.666634
v 1.262655 -0.837817 0.300000
v 1.262655 -0.837817 -0.660000
v 1.241363 -0.862892 -0.660000
v 1.241363 -0.862892 0.300000
v 1.262655 -0.810000 -0.663091
v 1.262655 -0.810000 0.296909
v 1.253958 -0.838715 -0.663173
v 1.253958 -0.838715 0.296827
v 1.233857 -0.861673 0.296931
v 1.233857 -0.861673 -0.663069
v 1.241363 -0.810000 0.294123
v 1.241363 -0.810000 -0.665877
v 1.233751 -0.837695 -0.665747
v 1.233751 -0.837695 0.294253
v 1.219506 -0.857621 0.294709
v 1.219506 -0.857621 -0.665291
v 1.120000 -0.895593 -0.663091
v 1.120000 -0.895593 0.296909
v 1.120000 -0.882818 0.294123
v 1.120000 -0.882818 -0.665877
v 1.166361 -0.895593 0.300000
v 1.166361 -0.895593 -0.660000
v 1.167590 -0.890375 0.296809
v 1.167590 -0.890375 -0.663191
v 1.166039 -0.878314 0.294258
v 1.166039 -0.878314 -0.665741
v 1.208153 -0.882818 0.300000
v 1.208153 -0.882818 -0.660000
v 1.206198 -0.878250 -0.663077
v 1.206198 -0.878250 0.296923
v 1.199368 -0.869704 0.294709
v 1.199368 -0.869704 -0.665291
v 1.120000 -0.810000 0.490000
v 1.120000 -0.900000 -0.480000
v 1.120000 -0.900000 0.480000
v 1.270000 -0.810000 0.480000
v 1.270000 -0.810000 -0.480000
v 1.120000 -0.837817 0.489510
v 1.120000 -0.862892 -0.471909
v 1.120000 -0.862892 0.488091
v 1.166361 -0.810000 0.489510
v 1.167590 -0.838715 0.488930
v 1.166039 -0.861673 0.487590
v 1.166039 -0.861673 -0.472409
v 1.208153 -0.810000 0.488091
v 1.206198 -0.837695 0.487583
v 1.199368 -0.857621 0.486634
v 1.199368 -0.857621 -0.473366
v 1.166361 -0.895593 0.480000
v 1.166361 -0.895593 -0.480000
v 1.208153 -0.882818 0.480000
v 1.208153 -0.882818 -0.480000
v 1.120000 -0.895593 0.483091
v 1.120000 -0.895593 -0.476909
v 1.167858 -0.890375 0.483173
v 1.167858 -0.890375 -0.476827
v 1.206122 -0.878314 0.483069
v 1.206122 -0.878314 -0.476931
v 1.120000 -0.882818 0.485877
v 1.120000 -0.882818 -0.474123
v 1.166158 -0.878250 0.485746
v 1.166158 -0.878250 -0.474253
v 1.199368 -0.869704 0.485291
v 1.199368 -0.869704 -0.474709
v 1.262655 -0.810000 0.483091
v 1.262655 -0.810000 -0.476909
v 1.241363 -0.810000 -0.474123
v 1.241363 -0.810000 0.485877
v 1.262655 -0.837817 -0.480000
v 1.262655 -0.837817 0.480000
v 1.253958 -0.838554 -0.476809
v 1.253958 -0.838554 0.483190
v 1.233857 -0.837623 -0.474259
v 1.233857 -0.837623 0.485741
v 1.241363 -0.862892 0.480000
v 1.241363 -0.862892 -0.480000
v 1.233751 -0.861719 0.483077
v 1.233751 -0.861719 -0.476923
v 1.219506 -0.857621 0.485291
v 1.219506 -0.857621 -0.474709
v 1.120000 0.810000 -0.670000
v 1.120000 0.900000 0.300000
v 1.120000 0.900000 -0.660000
v 1.270000 0.810000 -0.660000
v 1.270000 0.810000 0.300000
v 1.120000 0.837817 -0.669510
v 1.120000 0.862892 -0.668091
v 1.120000 0.862892 0.291909
v 1.166361 0.810000 -0.669510
v 1.167590 0.838715 -0.668930
v 1.166039 0.861673 -0.667590
v 1.166039 0.861673 0.292409
v 1.208153 0.810000 -0.668091
v 1.206198 0.837695 -0.667583
v 1.199368 0.857621 0.293366
v 1.199368 0.857621 -0.666634
v 1.166361 0.895593 0.300000
v 1.166361 0.895593 -0.660000
v 1.208153 0.882818 0.300000
v 1.208153 0.882818 -0.660000
v 1.120000 0.895593 0.296909
v 1.120000 0.895593 -0.663091
v 1.167858 0.890375 0.296827
v 1.167858 0.890375 -0.663173
v 1.206122 0.878314 0.296931
v 1.206122 0.878314 -0.663069
v 1.120000 0.882818 -0.665877
v 1.120000 0.882818 0.294123
v 1.166158 0.878250 0.294253
v 1.166158 0.878250 -0.665746
v 1.199368 0.869704 -0.665291
v 1.199368 0.869704 0.294709
v 1.262655 0.810000 0.296909
v 1.262655 0.810000 -0.663091
v 1.241363 0.810000 -0.665877
v 1.241363 0.810000 0.294123
v 1.262655 0.837817 0.300000
v 1.262655 0.837817 -0.660000
v 1.253958 0.838554 0.296809
v 1.253958 0.838554 -0.663190
v 1.233857 0.837623 0.294259
v 1.233857 0.837623 -0.665741
v 1.241363 0.862892 0.300000
v 1.241363 0.862892 -0.660000
v 1.233751 0.861719 0.296923
v 1.233751 0.861719 -0.663077
v 1.219506 0.857621 0.294709
v 1.219506 0.857621 -0.665291
v 1.120000 0.810000 0.490000
v 1.270000 0.810000 0.480000
v 1.270000 0.810000 -0.480000
v 1.120000 0.900000 -0.480000
v 1.120000 0.900000 0.480000
v 1.166361 0.810000 0.489510
v 1.208153 0.810000 0.488091
v 1.120000 0.837817 0.489510
v 1.167858 0.838554 0.488930
v 1.206122 0.837623 0.487590
v 1.120000 0.862892 -0.471909
v 1.120000 0.862892 0.488091
v 1.166158 0.861719 -0.472416
v 1.166158 0.861719 0.487583
v 1.199368 0.857621 0.486634
v 1.199368 0.857621 -0.473366
v 1.262655 0.837817 -0.480000
v 1.262655 0.837817 0.480000
v 1.241363 0.862892 -0.480000
v 1.241363 0.862892 0.480000
v 1.262655 0.810000 0.483091
v 1.262655 0.810000 -0.476909
v 1.253958 0.838715 0.483173
v 1.253958 0.838715 -0.476827
v 1.233857 0.861673 0.483069
v 1.233857 0.861673 -0.476931
v 1.241363 0.810000 0.485877
v 1.241363 0.810000 -0.474123
v 1.233751 0.837695 0.485746
v 1.233751 0.837695 -0.474253
v 1.219506 0.857621 0.485291
v 1.219506 0.857621 -0.474709
v 1.120000 0.895593 -0.476909
v 1.120000 0.895593 0.483091
v 1.120000 0.882818 -0.474123
v 1.120000 0.882818 0.485877
v 1.166361 0.895593 -0.480000
v 1.166361 0.895593 0.480000
v 1.167590 0.890375 0.483190
v 1.167590 0.890375 -0.476809
v 1.166039 0.878314 0.485741
v 1.166039 0.878314 -0.474258
v 1.208153 0.882818 0.480000
v 1.208153 0.882818 -0.480000
v 1.206198 0.878250 -0.476923
v 1.206198 0.878250 0.483077
v 1.199368 0.869704 -0.474709
v 1.199368 0.869704 0.485291
v -1.400000 0.320000 -0.470000
v -1.400000 0.320000 0.290000
v -1.440180 0.319804 -0.470000
v -1.440180 0.319804 0.290000
v -1.476399 0.319236 -0.470000
v -1.476399 0.319236 0.290000
v -1.505181 0.318351 -0.470000
v -1.505181 0.318351 0.290000
v -1.523635 0.317236 -0.470000
v -1.523635 0.317236 0.290000
v -1.530000 0.316000 -0.470000
v -1.530000 0.316000 0.290000
v -1.400000 0.240000 -0.470000
v -1.400000 0.240000 0.290000
v -1.440180 0.240196 -0.470000
v -1.440180 0.240196 0.290000
v -1.476399 0.240764 -0.470000
v -1.476399 0.240764 0.290000
v -1.505181 0.241649 0.290000
v -1.505181 0.241649 -0.470000
v -1.523635 0.242764 0.290000
v -1.523635 0.242764 -0.470000
v -1.530000 0.244000 0.290000
v -1.530000 0.244000 -0.470000
v 0.940000 0.320000 -0.470000
v 0.940000 0.320000 0.290000
v 0.980180 0.319804 -0.470000
v 0.980180 0.319804 0.290000
v 1.016399 0.319236 -0.470000
v 1.016399 0.319236 0.290000
v 1.045181 0.318351 0.290000
v 1.045181 0.318351 -0.470000
v 1.063635 0.317236 0.290000
v 1.063635 0.317236 -0.470000
v 1.070000 0.316000 0.290000
v 1.070000 0.316000 -0.470000
v 0.940000 0.240000 -0.470000
v 0.940000 0.240000 0.290000
v 0.980180 0.240196 -0.470000
v 0.980180 0.240196 0.290000
v 1.016399 0.240764 -0.470000
v 1.016399 0.240764 0.290000
v 1.045181 0.241649 -0.470000
v 1.045181 0.241649 0.290000
v 1.063635 0.242764 -0.470000
v 1.063635 0.242764 0.290000
v 1.070000 0.244000 -0.470000
v 1.070000 0.244000 0.290000
v -1.580000 -0.854727 0.291447
v -1.626577 -0.853709 0.291945
v -1.620214 -0.853950 0.291888
v -1.661272 -0.852066 0.293101
v -1.652318 -0.852732 0.292815
v -1.680000 -0.810000 0.292699
v -1.680000 -0.837659 0.293336
v -1.680000 -0.849500 0.294170
v -1.672900 -0.851200 0.293817
v -1.680000 0.810000 0.292699
v -1.680000 0.837659 0.293336
v -1.620215 0.849045 0.291602
v -1.627105 0.848808 0.291666
v -1.580000 0.849752 0.291165
v -1.652318 0.847938 0.292526
v -1.662879 0.847224 0.292869
v -1.680000 0.845000 0.293853
v -1.672900 0.846545 0.293489
v 1.220000 -0.810000 0.292699
v 1.220000 -0.837659 0.293336
v 1.166746 -0.853702 0.291950
v 1.160215 -0.853950 0.291892
v 1.120000 -0.854727 0.291447
v 1.201243 -0.852068 0.293100
v 1.192318 -0.852732 0.292815
v 1.220000 -0.849500 0.294170
v 1.212900 -0.851200 0.293817
v 1.120000 0.849752 0.291165
v 1.160214 0.849045 0.291598
v 1.166908 0.848815 0.291659
v 1.192318 0.847938 0.292526
v 1.202933 0.847220 0.292870
v 1.220000 0.810000 0.292699
v 1.220000 0.837659 0.293336
v 1.212900 0.846545 0.293489
v 1.220000 0.845000 0.293854
v -1.620215 -0.746050 0.290425
v -1.580000 0.750248 0.290000
v -1.580000 -0.745273 0.290000
v -1.620214 0.750954 0.290425
v -1.626361 0.751166 0.290490
v -1.626361 -0.746283 0.290489
v -1.652318 -0.747268 0.291371
v -1.652318 0.752061 0.291371
v -1.668153 0.753133 0.291909
v -1.668153 -0.748447 0.291909
v -1.680000 -0.750500 0.292699
v -1.672900 -0.748800 0.292225
v -1.680000 0.755000 0.292699
v -1.672900 0.753455 0.292226
v -1.579816 0.849755 0.291165
v -1.535000 0.850000 0.291179
v 1.119816 0.849755 0.291165
v 1.075000 0.850000 0.291179
v 1.120000 -0.745273 0.290000
v 1.160215 0.750954 0.290425
v 1.120000 0.750248 0.290000
v 1.166361 0.751166 0.290490
v 1.160214 -0.746050 0.290425
v 1.166361 -0.746283 0.290489
v 1.192318 0.752061 0.291371
v 1.208153 0.753133 0.291909
v 1.192318 -0.747268 0.291371
v 1.208153 -0.748447 0.291909
v 1.220000 0.755000 0.292699
v 1.212900 0.753455 0.292226
v 1.212900 -0.748800 0.292225
v 1.220000 -0.750500 0.292699
v 1.119816 -0.854731 0.291447
v 1.075000 -0.855000 0.291462
v -1.579816 -0.854731 0.291447
v -1.535000 -0.855000 0.291462
v 0.940000 -0.240000 0.290000
v -1.480000 0.750000 0.290000
v 0.936682 0.750000 0.290000
v 0.980180 -0.240196 0.290000
v 1.016399 -0.240764 0.290000
v 1.016399 -0.319236 0.290000
v 0.980180 -0.319804 0.290000
v 0.940000 -0.320000 0.290000
v 1.011667 -0.745000 0.290000
v 1.045181 -0.241649 0.290000
v 1.063635 -0.242764 0.290000
v 1.063635 -0.317236 0.290000
v 1.070000 -0.244000 0.290000
v 1.119816 0.750245 0.290000
v 1.119816 -0.745269 0.290000
v 1.070000 -0.316000 0.290000
v 1.045181 -0.318351 0.290000
v 1.075000 0.750000 0.290000
v 1.075000 -0.745000 0.290000
v -1.579816 0.750245 0.290000
v -1.579816 -0.745269 0.290000
v -1.530000 -0.244000 0.290000
v -1.530000 -0.316000 0.290000
v -1.523635 -0.242764 0.290000
v -1.505181 -0.241649 0.290000
v -1.523635 -0.317236 0.290000
v -1.505181 -0.318351 0.290000
v -1.476399 -0.240764 0.290000
v -1.440180 -0.240196 0.290000
v -1.476399 -0.319236 0.290000
v -1.400000 -0.240000 0.290000
v -1.396682 -0.745000 0.290000
v -1.400000 -0.320000 0.290000
v -1.440180 -0.319804 0.290000
v -1.535000 0.750000 0.290000
v -1.535000 -0.745000 0.290000
v -1.535000 -0.745000 -0.470000
v -1.579816 -0.745269 -0.470000
v -1.580000 -0.745273 -0.470000
v -1.620214 -0.746050 -0.470425
v -1.626361 -0.746283 -0.470490
v -1.652318 -0.747268 -0.471371
v -1.668153 -0.748447 -0.471909
v -1.672900 -0.748800 -0.472226
v -1.680000 -0.750500 -0.472699
v -1.535000 -0.855000 -0.471462
v -1.579816 -0.854731 -0.471447
v -1.580000 -0.854727 -0.471447
v -1.620215 -0.853950 -0.471892
v -1.652318 -0.852732 -0.472815
v -1.626746 -0.853702 -0.471950
v -1.672900 -0.851200 -0.473817
v -1.661243 -0.852068 -0.473101
v -1.680000 -0.849500 -0.474170
v 1.075000 -0.745000 -0.470000
v 1.119816 -0.745269 -0.470000
v 1.120000 -0.745273 -0.470000
v 1.160215 -0.746050 -0.470425
v 1.166361 -0.746283 -0.470490
v 1.192318 -0.747268 -0.471371
v 1.208153 -0.748447 -0.471909
v 1.212900 -0.748800 -0.472226
v 1.220000 -0.750500 -0.472699
v 1.075000 -0.855000 -0.471462
v 1.119816 -0.854731 -0.471447
v 1.120000 -0.854727 -0.471447
v 1.160214 -0.853950 -0.471888
v 1.166577 -0.853709 -0.471945
v 1.192318 -0.852732 -0.472815
v 1.201272 -0.852066 -0.473101
v 1.212900 -0.851200 -0.473817
v 1.220000 -0.849500 -0.474170
v 1.052206 -0.745000 -0.470000
v -1.471667 -0.745000 -0.470000
v -1.680000 -0.837659 -0.473336
v -1.680000 -0.810000 -0.472699
v 1.220000 -0.837659 -0.473336
v 1.220000 -0.810000 -0.472699
v -1.580000 0.849752 -0.471165
v -1.620214 0.849045 -0.471598
v -1.626908 0.848815 -0.471659
v -1.652318 0.847938 -0.472526
v -1.662933 0.847220 -0.472870
v -1.680000 0.810000 -0.472699
v -1.680000 0.837659 -0.473336
v -1.680000 0.845000 -0.473853
v -1.672900 0.846545 -0.473488
v 1.220000 0.810000 -0.472699
v 1.220000 0.837659 -0.473336
v 1.167105 0.848808 -0.471666
v 1.160215 0.849045 -0.471602
v 1.120000 0.849752 -0.471165
v 1.202879 0.847224 -0.472869
v 1.192318 0.847938 -0.472526
v 1.212900 0.846545 -0.473489
v 1.220000 0.845000 -0.473853
v -1.620215 0.750955 -0.470425
v -1.580000 0.750248 -0.470000
v -1.626361 0.751166 -0.470489
v -1.652318 0.752061 -0.471371
v -1.668153 0.753133 -0.471909
v -1.680000 0.755000 -0.472699
v -1.672900 0.753455 -0.472225
v 1.119816 0.849755 -0.471165
v 1.075000 0.850000 -0.471179
v -1.579816 0.849755 -0.471165
v -1.535000 0.850000 -0.471179
v 1.120000 0.750248 -0.470000
v 1.166361 0.751166 -0.470489
v 1.160214 0.750955 -0.470425
v 1.208153 0.753133 -0.471909
v 1.192318 0.752061 -0.471371
v 1.212900 0.753455 -0.472225
v 1.220000 0.755000 -0.472699
v -1.579816 0.750245 -0.470000
v -1.530000 -0.244000 -0.470000
v -1.530000 -0.316000 -0.470000
v -1.523635 -0.242764 -0.470000
v -1.505181 -0.241649 -0.470000
v -1.523635 -0.317236 -0.470000
v -1.512206 0.750000 -0.470000
v -1.535000 0.750000 -0.470000
v -1.505181 -0.318351 -0.470000
v -1.476399 -0.240764 -0.470000
v -1.476399 -0.319236 -0.470000
v -1.400000 -0.240000 -0.470000
v -1.400000 -0.320000 -0.470000
v -1.440180 -0.240196 -0.470000
v -1.440180 -0.319804 -0.470000
v 1.020000 0.750000 -0.470000
v 0.940000 -0.240000 -0.470000
v 0.980180 -0.240196 -0.470000
v 1.016399 -0.240764 -0.470000
v 1.016399 -0.319236 -0.470000
v 0.980180 -0.319804 -0.470000
v 1.045181 -0.241649 -0.470000
v 1.063635 -0.242764 -0.470000
v 1.070000 -0.316000 -0.470000
v 1.119816 0.750245 -0.470000
v 1.075000 0.750000 -0.470000
v 1.070000 -0.244000 -0.470000
v 1.063635 -0.317236 -0.470000
v 1.045181 -0.318351 -0.470000
v 0.940000 -0.320000 -0.470000
v -0.230000 -0.855000 0.291462
v -0.230000 -0.855000 -0.471462
v -0.230000 0.850000 0.291179
v -0.230000 0.850000 -0.471179
v -1.440180 -0.240196 -0.090000
v -1.400000 -0.240000 -0.090000
v -1.476399 -0.240764 -0.090000
v -1.505181 -0.241649 -0.090000
v -1.523635 -0.242764 -0.090000
v -1.530000 -0.244000 -0.090000
v -1.400000 -0.320000 -0.090000
v -1.440180 -0.319804 -0.090000
v -1.476399 -0.319236 -0.090000
v -1.505181 -0.318351 -0.090000
v -1.523635 -0.317236 -0.090000
v -1.530000 -0.316000 -0.090000
v 0.940000 -0.240000 -0.090000
v 0.980180 -0.240196 -0.090000
v 1.016399 -0.240764 -0.090000
v 1.045181 -0.241649 -0.090000
v 1.063635 -0.242764 -0.090000
v 1.070000 -0.244000 -0.090000
v 0.980180 -0.319804 -0.090000
v 0.940000 -0.320000 -0.090000
v 1.016399 -0.319236 -0.090000
v 1.045181 -0.318351 -0.090000
v 1.063635 -0.317236 -0.090000
v 1.070000 -0.316000 -0.090000
v -1.400000 0.320000 -0.090000
v -1.440180 0.319804 -0.090000
v -1.476399 0.319236 -0.090000
v -1.505181 0.318351 -0.090000
v -1.523635 0.317236 -0.090000
v -1.530000 0.316000 -0.090000
v -1.400000 0.240000 -0.090000
v -1.440180 0.240196 -0.090000
v -1.476399 0.240764 -0.090000
v -1.505181 0.241649 -0.090000
v -1.523635 0.242764 -0.090000
v -1.530000 0.244000 -0.090000
v 0.940000 0.320000 -0.090000
v 0.980180 0.319804 -0.090000
v 1.016399 0.319236 -0.090000
v 1.045181 0.318351 -0.090000
v 1.063635 0.317236 -0.090000
v 1.070000 0.316000 -0.090000
v 0.940000 0.240000 -0.090000
v 0.980180 0.240196 -0.090000
v 1.016399 0.240764 -0.090000
v 1.045181 0.241649 -0.090000
v 1.063635 0.242764 -0.090000
v 1.070000 0.244000 -0.090000
v -1.579816 0.849755 -0.090000
v -1.535000 0.850000 -0.090000
v 1.075000 0.850000 -0.090000
v 1.119816 0.849755 -0.090000
v -0.230000 0.850000 -0.090000
v -0.230000 -0.240000 0.290000
v -0.230000 -0.240000 -0.470000
v -0.230000 -0.240000 -0.090000
v -0.230000 0.240000 0.290000
v -0.230000 0.240000 -0.470000
v -0.230000 0.240000 -0.090000
v -0.230000 -0.320000 0.290000
v -0.192508 -0.745000 0.290000
v -0.209730 -0.745000 -0.470000
v -0.230000 -0.320000 -0.470000
v -0.230000 -0.320000 -0.090000
v -0.230000 0.320000 -0.470000
v -0.230000 0.320000 0.290000
v -0.271659 0.750000 0.290000
v -0.246103 0.750000 -0.470000
v -0.230000 0.320000 -0.090000
v -0.230000 0.810000 -0.670000
v -0.230000 0.837817 -0.669510
v -0.230000 0.862892 -0.668091
v -0.230000 0.882818 -0.665877
v -0.230000 0.895593 -0.663091
v -0.230000 0.900000 -0.660000
v -0.230000 0.862892 -0.471909
v -0.230000 0.882818 -0.474123
v -0.230000 0.895593 -0.476909
v -0.230000 0.900000 -0.480000
v -0.230000 -0.810000 -0.670000
v -0.230000 -0.837817 -0.669510
v -0.230000 -0.862892 -0.668091
v -0.230000 -0.882818 -0.665877
v -0.230000 -0.895593 -0.663091
v -0.230000 -0.900000 -0.660000
v -0.230000 -0.862892 -0.471909
v -0.230000 -0.882818 -0.474123
v -0.230000 -0.895593 -0.476909
v -0.230000 -0.900000 -0.480000
v -0.230000 0.862892 0.291909
v -0.230000 0.882818 0.294123
v -0.230000 0.895593 0.296909
v -0.230000 0.900000 0.300000
v -0.230000 0.810000 0.490000
v -0.230000 0.837817 0.489510
v -0.230000 0.862892 0.488091
v -0.230000 0.882818 0.485877
v -0.230000 0.895593 0.483091
v -0.230000 0.900000 0.480000
v -0.230000 -0.862892 0.291909
v -0.230000 -0.882818 0.294123
v -0.230000 -0.895593 0.296909
v -0.230000 -0.900000 0.300000
v -0.230000 -0.810000 0.490000
v -0.230000 -0.837817 0.489510
v -0.230000 -0.862892 0.488091
v -0.230000 -0.882818 0.485877
v -0.230000 -0.895593 0.483091
v -0.230000 -0.900000 0.480000
v -1.701363 -0.000000 0.294123
v -1.722656 -0.000000 0.296909
v -1.730000 -0.000000 0.300000
v -1.580000 -0.000000 0.490000
v -1.626361 -0.000000 0.489510
v -1.668153 -0.000000 0.488091
v -1.701363 -0.000000 0.485877
v -1.722656 -0.000000 0.483091
v -1.730000 -0.000000 0.480000
v 1.241363 -0.000000 0.294123
v 1.262655 -0.000000 0.296909
v 1.270000 -0.000000 0.300000
v 1.120000 -0.000000 0.490000
v 1.166361 -0.000000 0.489510
v 1.208153 -0.000000 0.488091
v 1.241363 -0.000000 0.485877
v 1.262655 -0.000000 0.483091
v 1.270000 -0.000000 0.480000
v -0.230000 -0.000000 0.490000
v -1.580000 0.000000 -0.670000
v -1.626361 0.000000 -0.669510
v -1.668153 0.000000 -0.668091
v -1.701363 0.000000 -0.665877
v -1.722656 0.000000 -0.663091
v -1.730000 0.000000 -0.660000
v -1.701363 0.000000 -0.474123
v -1.722656 0.000000 -0.476909
v -1.730000 0.000000 -0.480000
v 1.120000 0.000000 -0.670000
v 1.166361 0.000000 -0.669510
v 1.208153 0.000000 -0.668091
v 1.241363 0.000000 -0.665877
v 1.262655 0.000000 -0.663091
v 1.270000 0.000000 -0.660000
v 1.241363 0.000000 -0.474123
v 1.262655 0.000000 -0.476909
v 1.270000 0.000000 -0.480000
v -0.230000 0.000000 -0.670000
v -1.535000 -0.855000 -0.090000
v -1.579816 -0.854731 -0.090000
v 1.119816 -0.854731 -0.090000
v 1.075000 -0.855000 -0.090000
v -0.230000 -0.855000 -0.090000
v 0.445000 0.862892 0.291909
v 0.445000 0.882818 0.294123
v 0.445000 0.895593 0.296909
v 0.445000 0.900000 0.300000
v 0.445000 0.810000 0.490000
v 0.445000 0.837817 0.489510
v 0.445000 0.862892 0.488091
v 0.445000 0.882818 0.485877
v 0.445000 0.895593 0.483091
v 0.445000 0.900000 0.480000
v 0.445000 -0.862892 0.291909
v 0.445000 -0.882818 0.294123
v 0.445000 -0.895593 0.296909
v 0.445000 -0.900000 0.300000
v 0.445000 -0.810000 0.490000
v 0.445000 -0.837817 0.489510
v 0.445000 -0.862892 0.488091
v 0.445000 -0.882818 0.485877
v 0.445000 -0.895593 0.483091
v 0.445000 -0.900000 0.480000
v 0.445000 -0.000000 0.490000
v -0.905000 0.862892 0.291909
v -0.905000 0.882818 0.294123
v -0.905000 0.895593 0.296909
v -0.905000 0.900000 0.300000
v -0.905000 0.810000 0.490000
v -0.905000 0.837817 0.489510
v -0.905000 0.862892 0.488091
v -0.905000 0.882818 0.485877
v -0.905000 0.895593 0.483091
v -0.905000 0.900000 0.480000
v -0.905000 -0.862892 0.291909
v -0.905000 -0.882818 0.294123
v -0.905000 -0.895593 0.296909
v -0.905000 -0.900000 0.300000
v -0.905000 -0.810000 0.490000
v -0.905000 -0.837817 0.489510
v -0.905000 -0.862892 0.488091
v -0.905000 -0.882818 0.485877
v -0.905000 -0.895593 0.483091
v -0.905000 -0.900000 0.480000
v -0.905000 -0.000000 0.490000
v -0.905000 0.810000 -0.670000
v -0.905000 0.837817 -0.669510
v -0.905000 0.862892 -0.668091
v -0.905000 0.882818 -0.665877
v -0.905000 0.895593 -0.663091
v -0.905000 0.900000 -0.660000
v -0.905000 0.862892 -0.471909
v -0.905000 0.882818 -0.474123
v -0.905000 0.895593 -0.476909
v -0.905000 0.900000 -0.480000
v -0.905000 -0.810000 -0.670000
v -0.905000 -0.837817 -0.669510
v -0.905000 -0.862892 -0.668091
v -0.905000 -0.882818 -0.665877
v -0.905000 -0.895593 -0.663091
v -0.905000 -0.900000 -0.660000
v -0.905000 -0.862892 -0.471909
v -0.905000 -0.882818 -0.474123
v -0.905000 -0.895593 -0.476909
v -0.905000 -0.900000 -0.480000
v -0.905000 0.000000 -0.670000
v 0.445000 0.810000 -0.670000
v 0.445000 0.837817 -0.669510
v 0.445000 0.862892 -0.668091
v 0.445000 0.882818 -0.665877
v 0.445000 0.895593 -0.663091
v 0.445000 0.900000 -0.660000
v 0.445000 0.862892 -0.471909
v 0.445000 0.882818 -0.474123
v 0.445000 0.895593 -0.476909
v 0.445000 0.900000 -0.480000
v 0.445000 -0.810000 -0.670000
v 0.445000 -0.837817 -0.669510
v 0.445000 -0.862892 -0.668091
v 0.445000 -0.882818 -0.665877
v 0.445000 -0.895593 -0.663091
v 0.445000 -0.900000 -0.660000
v 0.445000 -0.862892 -0.471909
v 0.445000 -0.882818 -0.474123
v 0.445000 -0.895593 -0.476909
v 0.445000 -0.900000 -0.480000
v 0.445000 0.000000 -0.670000
vn -0.0049 1.0000 -0.0000
vn -0.0157 0.9999 -0.0000
vn -0.0308 0.9995 -0.0000
vn -0.0603 0.9982 -0.0000
vn -0.1907 0.9817 -0.0000
vn -0.0049 -1.0000 -0.0000
vn -0.0157 -0.9999 -0.0000
vn -0.0308 -0.9995 -0.0000
vn -0.0603 -0.9982 -0.0000
vn -0.1907 -0.9817 -0.0000
vn 0.0049 1.0000 -0.0000
vn 0.0157 0.9999 -0.0000
vn 0.0308 0.9995 -0.0000
vn 0.0603 0.9982 -0.0000
vn 0.1907 0.9817 -0.0000
vn 0.0049 -1.0000 -0.0000
vn 0.0157 -0.9999 -0.0000
vn 0.0308 -0.9995 -0.0000
vn 0.0603 -0.9982 -0.0000
vn 0.1907 -0.9817 -0.0000
vn -0.0000 1.0000 -0.0000
vn -1.0000 -0.0000 -0.0000
vn -0.0000 -1.0000 -0.0000
vn 1.0000 -0.0000 -0.0000
vn -0.0111 -0.0590 -0.9982
vn -0.0137 -0.1104 -0.9938
vn -0.0364 -0.0600 -0.9975
vn -0.0419 -0.1103 -0.9930
vn -0.0545 -0.5734 -0.8175
vn -0.1671 -0.5467 -0.8204
vn -0.2728 -0.4547 -0.8478
vn -0.0216 -0.2130 -0.9768
vn -0.0652 -0.1985 -0.9779
vn -0.1030 -0.1720 -0.9797
vn -0.3859 -0.1019 -0.9169
vn -0.1243 -0.0344 -0.9917
vn -0.0665 -0.0230 -0.9975
vn -0.3237 -0.2748 -0.9054
vn -0.1214 -0.1108 -0.9864
vn -0.0664 -0.0700 -0.9953
vn -0.0661 -0.1102 -0.9917
vn -0.0545 -0.5734 0.8175
vn -0.0213 -0.2130 0.9768
vn -0.0137 -0.1104 0.9938
vn -0.1658 -0.5425 0.8235
vn -0.0652 -0.1985 0.9779
vn -0.0420 -0.1105 0.9930
vn -0.0106 -0.0176 0.9998
vn -0.0354 -0.0184 0.9992
vn -0.0665 -0.0230 0.9975
vn -0.0124 -0.0565 0.9983
vn -0.0360 -0.0607 0.9975
vn -0.0662 -0.0700 0.9953
vn -0.3859 -0.1019 0.9169
vn -0.3538 -0.3138 0.8811
vn -0.2728 -0.4548 0.8478
vn -0.1296 -0.0403 0.9907
vn -0.1202 -0.1085 0.9868
vn -0.1031 -0.1719 0.9797
vn -0.0661 -0.1102 0.9917
vn -0.0665 0.0230 -0.9975
vn -0.0119 0.0585 -0.9982
vn -0.0361 0.0602 -0.9975
vn -0.0662 0.0701 -0.9953
vn -0.3859 0.1019 -0.9169
vn -0.3538 0.3138 -0.8811
vn -0.2728 0.4548 -0.8478
vn -0.1296 0.0403 -0.9907
vn -0.1202 0.1085 -0.9868
vn -0.1031 0.1719 -0.9797
vn -0.0545 0.5734 -0.8175
vn -0.0213 0.2130 -0.9768
vn -0.0137 0.1104 -0.9938
vn -0.1659 0.5425 -0.8235
vn -0.0652 0.1985 -0.9779
vn -0.0420 0.1105 -0.9930
vn -0.0661 0.1102 -0.9917
vn -0.0106 0.0176 0.9998
vn -0.0110 0.0590 0.9982
vn -0.0137 0.1104 0.9938
vn -0.0339 0.0207 0.9992
vn -0.0364 0.0600 0.9975
vn -0.0419 0.1103 0.9930
vn -0.0545 0.5734 0.8175
vn -0.1671 0.5468 0.8204
vn -0.2728 0.4547 0.8478
vn -0.0216 0.2130 0.9768
vn -0.0652 0.1985 0.9779
vn -0.1030 0.1720 0.9797
vn -0.3859 0.1019 0.9169
vn -0.1243 0.0344 0.9917
vn -0.0665 0.0230 0.9975
vn -0.3237 0.2748 0.9054
vn -0.1214 0.1108 0.9864
vn -0.0665 0.0701 0.9953
vn -0.0661 0.1102 0.9917
vn 0.0665 -0.0230 -0.9975
vn 0.0122 -0.0581 -0.9982
vn 0.0360 -0.0605 -0.9975
vn 0.0663 -0.0701 -0.9953
vn 0.3859 -0.1019 -0.9169
vn 0.3538 -0.3138 -0.8811
vn 0.2728 -0.4548 -0.8478
vn 0.1296 -0.0403 -0.9907
vn 0.1202 -0.1085 -0.9868
vn 0.1031 -0.1719 -0.9797
vn 0.0545 -0.5734 -0.8175
vn 0.0213 -0.2130 -0.9768
vn 0.0137 -0.1104 -0.9938
vn 0.1658 -0.5425 -0.8235
vn 0.0652 -0.1985 -0.9779
vn 0.0420 -0.1105 -0.9930
vn 0.0661 -0.1102 -0.9917
vn 0.0106 -0.0176 0.9998
vn 0.0110 -0.0590 0.9982
vn 0.0137 -0.1104 0.9938
vn 0.0339 -0.0207 0.9992
vn 0.0364 -0.0600 0.9975
vn 0.0419 -0.1103 0.9930
vn 0.0545 -0.5734 0.8175
vn 0.1671 -0.5468 0.8204
vn 0.2728 -0.4547 0.8478
vn 0.0216 -0.2130 0.9768
vn 0.0652 -0.1985 0.9779
vn 0.1030 -0.1720 0.9797
vn 0.3859 -0.1019 0.9169
vn 0.1243 -0.0344 0.9917
vn 0.0665 -0.0230 0.9975
vn 0.3237 -0.2748 0.9054
vn 0.1214 -0.1108 0.9864
vn 0.0665 -0.0701 0.9953
vn 0.0661 -0.1102 0.9917
vn 0.0110 0.0590 -0.9982
vn 0.0137 0.1104 -0.9938
vn 0.0364 0.0600 -0.9975
vn 0.0419 0.1103 -0.9930
vn 0.0545 0.5734 -0.8175
vn 0.1671 0.5467 -0.8204
vn 0.2728 0.4547 -0.8478
vn 0.0216 0.2130 -0.9768
vn 0.0652 0.1985 -0.9779
vn 0.1030 0.1720 -0.9797
vn 0.3859 0.1019 -0.9169
vn 0.1243 0.0344 -0.9917
vn 0.0665 0.0230 -0.9975
vn 0.3237 0.2748 -0.9054
vn 0.1214 0.1108 -0.9864
vn 0.0664 0.0700 -0.9953
vn 0.0661 0.1102 -0.9917
vn 0.0106 0.0176 0.9998
vn 0.0354 0.0184 0.9992
vn 0.0665 0.0230 0.9975
vn 0.0124 0.0565 0.9983
vn 0.0360 0.0607 0.9975
vn 0.0662 0.0700 0.9953
vn 0.3859 0.1019 0.9169
vn 0.3538 0.3138 0.8811
vn 0.2728 0.4548 0.8478
vn 0.1296 0.0403 0.9907
vn 0.1202 0.1085 0.9868
vn 0.1031 0.1719 0.9797
vn 0.0545 0.5734 0.8175
vn 0.0213 0.2130 0.9768
vn 0.0137 0.1104 0.9938
vn 0.1658 0.5425 0.8235
vn 0.0652 0.1985 0.9779
vn 0.0420 0.1105 0.9930
vn 0.0661 0.1102 0.9917
vn -0.0106 -0.0000 -0.9999
vn -0.0339 -0.0000 -0.9994
vn -0.0665 -0.0000 -0.9978
vn -0.1297 -0.0000 -0.9915
vn -0.3879 -0.0000 -0.9217
vn -0.0946 -0.9955 -0.0000
vn -0.2923 -0.9563 -0.0000
vn -0.5145 -0.8575 -0.0000
vn -0.7623 -0.6473 -0.0000
vn -0.9669 -0.2553 -0.0000
vn -0.0106 -0.0000 0.9999
vn -0.0339 -0.0000 0.9994
vn -0.0665 -0.0000 0.9978
vn -0.1297 -0.0000 0.9915
vn -0.3879 -0.0000 0.9217
vn -0.0946 0.9955 -0.0000
vn -0.2923 0.9563 -0.0000
vn -0.5145 0.8575 -0.0000
vn -0.7623 0.6473 -0.0000
vn -0.9669 0.2553 -0.0000
vn -0.0000 0.0565 -0.9984
vn -0.0000 0.1104 -0.9939
vn -0.0000 0.2131 -0.9770
vn -0.0000 0.5742 -0.8187
vn -0.0000 0.0176 0.9998
vn -0.0000 0.0565 0.9984
vn -0.0000 0.1104 0.9939
vn -0.0000 0.2131 0.9770
vn -0.0000 0.5742 0.8187
vn 0.9669 0.2553 -0.0000
vn 0.7623 0.6473 -0.0000
vn 0.5145 0.8575 -0.0000
vn 0.2923 0.9563 -0.0000
vn 0.0946 0.9955 -0.0000
vn 0.0106 -0.0000 -0.9999
vn 0.0339 -0.0000 -0.9994
vn 0.0665 -0.0000 -0.9978
vn 0.1297 -0.0000 -0.9915
vn 0.3879 -0.0000 -0.9217
vn 0.0106 -0.0000 0.9999
vn 0.0339 -0.0000 0.9994
vn 0.0665 -0.0000 0.9978
vn 0.1297 -0.0000 0.9915
vn 0.3879 -0.0000 0.9217
vn 0.0946 -0.9955 -0.0000
vn 0.2923 -0.9563 -0.0000
vn 0.5145 -0.8575 -0.0000
vn 0.7623 -0.6473 -0.0000
vn 0.9669 -0.2553 -0.0000
vn -0.0000 -0.0565 -0.9984
vn -0.0000 -0.1104 -0.9939
vn -0.0000 -0.2131 -0.9770
vn -0.0000 -0.5742 -0.8187
vn -0.0000 -0.0176 0.9998
vn -0.0000 -0.0565 0.9984
vn -0.0000 -0.1104 0.9939
vn -0.0000 -0.2131 0.9770
vn -0.0000 -0.5742 0.8187
vn -0.0000 -0.0000 -1.0000
vn -0.0000 -0.0000 1.0000
vn -0.0060 1.0000 -0.0000
vn -0.0196 0.9998 -0.0000
vn -0.0379 0.9993 -0.0000
vn -0.0742 0.9972 -0.0000
vn -0.2329 0.9725 -0.0000
vn -0.0060 -1.0000 -0.0000
vn -0.0193 -0.9998 -0.0000
vn -0.0379 -0.9993 -0.0000
vn -0.0742 -0.9972 -0.0000
vn -0.2328 -0.9725 -0.0000
vn 0.0060 1.0000 -0.0000
vn 0.0193 0.9998 -0.0000
vn 0.0379 0.9993 -0.0000
vn 0.0743 0.9972 -0.0000
vn 0.2329 0.9725 -0.0000
vn 0.0060 -1.0000 -0.0000
vn 0.0194 -0.9998 -0.0000
vn 0.0379 -0.9993 -0.0000
vn 0.0742 -0.9972 -0.0000
vn 0.2329 -0.9725 -0.0000
vn -0.0106 -0.0176 -0.9998
vn -0.0110 -0.0590 -0.9982
vn -0.0339 -0.0207 -0.9992
vn -0.1671 -0.5468 -0.8204
vn -0.0665 -0.0701 -0.9953
vn -0.0122 -0.0581 0.9982
vn -0.0360 -0.0605 0.9975
vn -0.0662 -0.0701 0.9953
vn -0.0106 0.0176 -0.9998
vn -0.0354 0.0184 -0.9992
vn -0.0124 0.0565 -0.9983
vn -0.0360 0.0607 -0.9975
vn -0.0662 0.0700 -0.9953
vn -0.3538 0.3137 -0.8811
vn -0.1658 0.5425 -0.8235
vn -0.0118 0.0587 0.9982
vn -0.0361 0.0602 0.9975
vn -0.1671 0.5467 0.8204
vn -0.0664 0.0701 0.9953
vn 0.0106 -0.0176 -0.9998
vn 0.0354 -0.0184 -0.9992
vn 0.0124 -0.0565 -0.9983
vn 0.0360 -0.0607 -0.9975
vn 0.0662 -0.0700 -0.9953
vn 0.3538 -0.3137 -0.8811
vn 0.0121 -0.0582 0.9982
vn 0.0360 -0.0605 0.9975
vn 0.1671 -0.5467 0.8204
vn 0.0664 -0.0700 0.9953
vn 0.0106 0.0176 -0.9998
vn 0.0339 0.0207 -0.9992
vn 0.1671 0.5468 -0.8204
vn 0.0665 0.0701 -0.9953
vn 0.0119 0.0585 0.9982
vn 0.0361 0.0602 0.9975
vn 0.0662 0.0701 0.9953
vn -0.0000 0.0176 -0.9998
vn -0.0000 -0.0176 -0.9998
vn -0.0055 1.0000 -0.0000
vn -0.0176 0.9998 -0.0000
vn -0.0344 0.9994 -0.0000
vn -0.0675 0.9977 -0.0000
vn -0.2127 0.9771 -0.0000
vn -0.0055 -1.0000 -0.0000
vn -0.0176 -0.9998 -0.0000
vn -0.0345 -0.9994 -0.0000
vn -0.0675 -0.9977 -0.0000
vn -0.2127 -0.9771 -0.0000
vn 0.0055 1.0000 -0.0000
vn 0.0176 0.9998 -0.0000
vn 0.0345 0.9994 -0.0000
vn 0.0675 0.9977 -0.0000
vn 0.2127 0.9771 -0.0000
vn 0.0055 -1.0000 -0.0000
vn 0.0182 -0.9998 -0.0000
vn 0.0345 -0.9994 -0.0000
vn 0.0675 -0.9977 -0.0000
vn 0.2127 -0.9771 -0.0000
vn -0.0121 -0.0582 -0.9982
vn -0.0123 -0.0565 -0.9983
vn -0.0360 -0.0605 -0.9975
vn -0.0360 -0.0607 -0.9975
vn -0.0420 -0.1102 -0.9930
vn -0.0564 -0.5304 -0.8459
vn -0.1615 -0.5050 -0.8479
vn -0.2728 -0.4545 -0.8479
vn -0.0230 -0.2045 -0.9786
vn -0.0652 -0.2011 -0.9774
vn -0.1029 -0.1716 -0.9798
vn -0.3503 -0.1034 -0.9309
vn -0.1296 -0.0401 -0.9908
vn -0.3505 -0.3101 -0.8838
vn -0.1202 -0.1085 -0.9868
vn -0.0664 -0.0702 -0.9953
vn -0.0665 -0.0702 -0.9953
vn -0.0564 -0.5304 0.8459
vn -0.0228 -0.2041 0.9787
vn -0.1606 -0.5033 0.8490
vn -0.0652 -0.2011 0.9774
vn -0.0420 -0.1103 0.9930
vn -0.0118 -0.0197 0.9997
vn -0.0339 -0.0206 0.9992
vn -0.0112 -0.0589 0.9982
vn -0.0364 -0.0600 0.9975
vn -0.0664 -0.0702 0.9953
vn -0.3503 -0.1034 0.9309
vn -0.3250 -0.2760 0.9045
vn -0.2727 -0.4546 0.8479
vn -0.1245 -0.0349 0.9916
vn -0.1214 -0.1108 0.9864
vn -0.1030 -0.1714 0.9798
vn -0.0112 0.0589 -0.9982
vn -0.0364 0.0600 -0.9975
vn -0.0360 0.0606 -0.9975
vn -0.0664 0.0700 -0.9953
vn -0.0663 0.0700 -0.9953
vn -0.3503 0.1034 -0.9309
vn -0.3250 0.2760 -0.9045
vn -0.2727 0.4546 -0.8479
vn -0.1245 0.0349 -0.9916
vn -0.1214 0.1108 -0.9864
vn -0.1030 0.1715 -0.9798
vn -0.0564 0.5304 -0.8459
vn -0.0228 0.2041 -0.9787
vn -0.1606 0.5033 -0.8490
vn -0.0652 0.2011 -0.9774
vn -0.0420 0.1103 -0.9930
vn -0.0118 0.0197 0.9997
vn -0.0123 0.0565 0.9983
vn -0.0354 0.0187 0.9992
vn -0.0360 0.0607 0.9975
vn -0.0420 0.1102 0.9930
vn -0.0564 0.5304 0.8459
vn -0.1615 0.5050 0.8479
vn -0.2728 0.4545 0.8480
vn -0.0230 0.2045 0.9786
vn -0.0652 0.2011 0.9774
vn -0.1029 0.1715 0.9798
vn -0.3503 0.1034 0.9309
vn -0.1296 0.0401 0.9908
vn -0.3505 0.3100 0.8838
vn -0.1202 0.1085 0.9868
vn -0.0664 0.0702 0.9953
vn 0.0112 -0.0589 -0.9982
vn 0.0364 -0.0600 -0.9975
vn 0.0662 -0.0701 -0.9953
vn 0.0664 -0.0700 -0.9953
vn 0.3503 -0.1034 -0.9309
vn 0.3250 -0.2760 -0.9045
vn 0.2727 -0.4546 -0.8479
vn 0.1245 -0.0349 -0.9916
vn 0.1214 -0.1108 -0.9864
vn 0.1030 -0.1715 -0.9798
vn 0.0564 -0.5304 -0.8459
vn 0.0228 -0.2041 -0.9787
vn 0.1606 -0.5033 -0.8490
vn 0.0652 -0.2011 -0.9774
vn 0.0420 -0.1103 -0.9930
vn 0.0118 -0.0197 0.9997
vn 0.0123 -0.0565 0.9983
vn 0.0354 -0.0187 0.9992
vn 0.0360 -0.0607 0.9975
vn 0.0420 -0.1102 0.9930
vn 0.0564 -0.5304 0.8459
vn 0.1615 -0.5050 0.8479
vn 0.2728 -0.4545 0.8480
vn 0.0230 -0.2045 0.9786
vn 0.0652 -0.2011 0.9774
vn 0.1029 -0.1715 0.9798
vn 0.3503 -0.1034 0.9309
vn 0.1296 -0.0401 0.9908
vn 0.3505 -0.3100 0.8838
vn 0.1202 -0.1085 0.9868
vn 0.0664 -0.0702 0.9953
vn 0.0118 0.0587 -0.9982
vn 0.0123 0.0565 -0.9983
vn 0.0361 0.0602 -0.9975
vn 0.0360 0.0607 -0.9975
vn 0.0420 0.1102 -0.9930
vn 0.0564 0.5304 -0.8459
vn 0.1615 0.5050 -0.8479
vn 0.2728 0.4545 -0.8479
vn 0.0230 0.2045 -0.9786
vn 0.0652 0.2011 -0.9774
vn 0.1029 0.1716 -0.9798
vn 0.3503 0.1034 -0.9309
vn 0.1296 0.0401 -0.9908
vn 0.3505 0.3101 -0.8838
vn 0.1202 0.1085 -0.9868
vn 0.0665 0.0700 -0.9953
vn 0.0664 0.0702 -0.9953
vn 0.0665 0.0702 -0.9953
vn 0.0118 0.0197 0.9997
vn 0.0339 0.0206 0.9992
vn 0.0112 0.0589 0.9982
vn 0.0364 0.0600 0.9975
vn 0.0664 0.0702 0.9953
vn 0.3503 0.1034 0.9309
vn 0.3250 0.2760 0.9045
vn 0.2727 0.4546 0.8479
vn 0.1245 0.0349 0.9916
vn 0.1214 0.1108 0.9864
vn 0.1030 0.1714 0.9798
vn 0.0564 0.5304 0.8459
vn 0.0228 0.2041 0.9787
vn 0.1606 0.5033 0.8490
vn 0.0652 0.2011 0.9774
vn 0.0420 0.1103 0.9930
vn 0.0001 -0.0565 -0.9984
vn -0.0001 -0.0565 -0.9984
vn -0.0193 0.9998 -0.0000
vn -0.0186 0.9998 -0.0000
vn -0.0743 0.9972 -0.0000
vn -0.0196 -0.9998 -0.0000
vn -0.0194 -0.9998 -0.0000
vn -0.0743 -0.9972 -0.0000
vn -0.2329 -0.9725 -0.0000
vn 0.0186 0.9998 -0.0000
vn 0.0196 0.9998 -0.0000
vn 0.0742 0.9972 -0.0000
vn 0.0193 -0.9998 -0.0000
vn 0.0196 -0.9998 -0.0000
vn 0.0743 -0.9972 -0.0000
vn -0.0118 -0.0197 -0.9997
vn -0.0354 -0.0187 -0.9992
vn -0.2728 -0.4545 -0.8480
vn -0.3505 -0.3100 -0.8838
vn -0.0664 -0.0700 0.9953
vn -0.0663 -0.0701 0.9953
vn -0.1030 -0.1715 0.9798
vn -0.0118 0.0197 -0.9997
vn -0.0339 0.0206 -0.9992
vn -0.0664 0.0702 -0.9953
vn -0.0420 0.1101 0.9930
vn -0.2728 0.4545 0.8479
vn -0.1029 0.1716 0.9798
vn -0.0665 0.0702 0.9953
vn -0.0665 0.0700 0.9953
vn -0.0664 0.0700 0.9953
vn 0.0118 -0.0197 -0.9997
vn 0.0339 -0.0206 -0.9992
vn 0.0664 -0.0702 -0.9953
vn 0.0111 -0.0590 0.9982
vn 0.0420 -0.1101 0.9930
vn 0.2728 -0.4545 0.8479
vn 0.1029 -0.1716 0.9798
vn 0.0665 -0.0702 0.9953
vn 0.0118 0.0197 -0.9997
vn 0.0354 0.0187 -0.9992
vn 0.2728 0.4545 -0.8480
vn 0.3505 0.3100 -0.8838
vn 0.0664 0.0700 0.9953
vn 0.0663 0.0701 0.9953
vn 0.1030 0.1715 0.9798
vn -0.0001 -0.0565 0.9984
vn 0.0001 -0.0565 0.9984
vn -0.0000 -0.0001 1.0000
vn -0.0000 0.0001 1.0000
vn -0.0175 0.9998 -0.0000
vn -0.0345 0.9994 -0.0000
vn -0.0172 -0.9999 -0.0000
vn -0.0182 -0.9998 -0.0000
vn -0.0344 -0.9994 -0.0000
vn 0.0175 0.9998 -0.0000
vn 0.0344 0.9994 -0.0000
vn 0.0176 -0.9998 -0.0000
vn 0.0172 -0.9999 -0.0000
vt 0.133637 0.629979
vt 0.137500 0.524424
vt 0.137500 0.629979
vt 0.130154 0.629979
vt 0.133637 0.524424
vt 0.125000 0.629979
vt 0.130154 0.524424
vt 0.375000 0.014465
vt 0.383637 0.120021
vt 0.375000 0.120021
vt 0.383637 0.014465
vt 0.387500 0.120021
vt 0.862500 0.524424
vt 0.866363 0.629979
vt 0.862500 0.629980
vt 0.866363 0.524424
vt 0.875000 0.629979
vt 0.625000 0.225576
vt 0.619846 0.120021
vt 0.625000 0.120021
vt 0.619846 0.225576
vt 0.616363 0.120021
vt 0.616363 0.225576
vt 0.612500 0.120021
vt 0.362500 0.524424
vt 0.366363 0.629979
vt 0.362500 0.629980
vt 0.369846 0.629979
vt 0.366363 0.735535
vt 0.380154 0.629979
vt 0.369846 0.735535
vt 0.380154 0.524424
vt 0.383637 0.629980
vt 0.383637 0.524424
vt 0.387500 0.629979
vt 0.637500 0.735535
vt 0.633637 0.629979
vt 0.637500 0.629979
vt 0.633637 0.735535
vt 0.630154 0.629979
vt 0.630154 0.735535
vt 0.619846 0.629979
vt 0.616363 0.629980
vt 0.619846 0.524424
vt 0.612500 0.629980
vt 0.616363 0.524424
vt 0.250000 0.524424
vt 0.250000 0.629979
vt 0.387500 0.014465
vt 0.750000 0.735535
vt 0.750000 0.629979
vt 0.612500 0.735535
vt 0.133663 0.744677
vt 0.133619 0.743571
vt 0.134148 0.743604
vt 0.137500 0.744846
vt 0.133653 0.750000
vt 0.130886 0.744114
vt 0.130727 0.743342
vt 0.131474 0.743435
vt 0.130886 0.750000
vt 0.387500 0.991364
vt 0.383637 0.987500
vt 0.387500 0.987500
vt 0.387500 1.000000
vt 0.383534 0.991488
vt 0.387500 0.005154
vt 0.383663 0.000000
vt 0.387500 0.000000
vt 0.375000 0.987500
vt 0.383663 1.000000
vt 0.375000 0.991346
vt 0.383653 0.005317
vt 0.375000 0.000000
vt 0.383637 0.012500
vt 0.387500 0.008637
vt 0.387500 0.012500
vt 0.375000 0.008663
vt 0.383512 0.008534
vt 0.125000 0.741337
vt 0.128315 0.737500
vt 0.127663 0.741341
vt 0.375000 0.005886
vt 0.125000 0.744114
vt 0.126310 0.742986
vt 0.616363 0.987500
vt 0.612500 0.991363
vt 0.612500 0.987500
vt 0.619846 0.987500
vt 0.616488 0.991466
vt 0.625000 0.987500
vt 0.619677 0.991337
vt 0.612500 1.000000
vt 0.616346 1.000000
vt 0.625000 0.991346
vt 0.619114 1.000000
vt 0.866363 0.737500
vt 0.862500 0.741363
vt 0.862500 0.737500
vt 0.875000 0.741337
vt 0.866488 0.741466
vt 0.619846 0.012500
vt 0.625000 0.008663
vt 0.625000 0.012500
vt 0.866346 0.750000
vt 0.862500 0.750000
vt 0.875000 0.744114
vt 0.619683 0.008653
vt 0.625000 0.005886
vt 0.612500 0.008637
vt 0.616363 0.012500
vt 0.612500 0.012500
vt 0.616337 0.005323
vt 0.616466 0.008512
vt 0.612500 0.005154
vt 0.616346 0.000000
vt 0.619114 0.005886
vt 0.619114 0.000000
vt 0.125000 0.512500
vt 0.127649 0.508658
vt 0.128315 0.512500
vt 0.133653 0.505317
vt 0.137500 0.506979
vt 0.134149 0.507077
vt 0.130886 0.505886
vt 0.133575 0.507110
vt 0.131473 0.507231
vt 0.126879 0.507639
vt 0.125000 0.508654
vt 0.387500 0.241363
vt 0.383637 0.237500
vt 0.387500 0.237500
vt 0.383663 0.244677
vt 0.383534 0.241488
vt 0.387500 0.244846
vt 0.383653 0.255317
vt 0.375000 0.241347
vt 0.375000 0.237500
vt 0.375000 0.244114
vt 0.375000 0.255886
vt 0.383637 0.262500
vt 0.387500 0.258637
vt 0.387500 0.262500
vt 0.375000 0.262500
vt 0.383512 0.258534
vt 0.137500 0.505154
vt 0.133663 0.500000
vt 0.137500 0.500000
vt 0.387500 0.255154
vt 0.375000 0.258663
vt 0.130886 0.500000
vt 0.125000 0.505886
vt 0.862500 0.508637
vt 0.866363 0.512500
vt 0.862500 0.512500
vt 0.866337 0.500000
vt 0.866466 0.508512
vt 0.625000 0.262500
vt 0.619683 0.258653
vt 0.625000 0.258663
vt 0.875000 0.508653
vt 0.875000 0.512500
vt 0.875000 0.505886
vt 0.619114 0.255083
vt 0.625000 0.246690
vt 0.612500 0.258637
vt 0.616363 0.262500
vt 0.612500 0.262500
vt 0.612500 0.255154
vt 0.616466 0.258512
vt 0.612500 0.244846
vt 0.616337 0.255323
vt 0.619846 0.262500
vt 0.616346 0.244683
vt 0.616363 0.237500
vt 0.612500 0.241363
vt 0.612500 0.237500
vt 0.619677 0.241337
vt 0.616488 0.241466
vt 0.625000 0.237500
vt 0.619846 0.237500
vt 0.619114 0.244114
vt 0.625000 0.241346
vt 0.380154 0.737500
vt 0.375021 0.741342
vt 0.373523 0.737500
vt 0.365852 0.743604
vt 0.366347 0.744683
vt 0.362500 0.743712
vt 0.368526 0.743435
vt 0.369114 0.744114
vt 0.366396 0.743570
vt 0.377683 0.742986
vt 0.380083 0.744114
vt 0.374746 0.743222
vt 0.387500 0.741363
vt 0.383637 0.737500
vt 0.387500 0.737500
vt 0.383663 0.744677
vt 0.383534 0.741488
vt 0.387500 0.744846
vt 0.383653 0.755317
vt 0.380317 0.741346
vt 0.372889 0.753775
vt 0.383637 0.762500
vt 0.387500 0.758637
vt 0.387500 0.762500
vt 0.368749 0.756249
vt 0.383512 0.758534
vt 0.362500 0.744846
vt 0.370979 0.754643
vt 0.387500 0.755154
vt 0.637500 0.741363
vt 0.633637 0.737500
vt 0.637500 0.737500
vt 0.629643 0.754021
vt 0.633534 0.741488
vt 0.631249 0.756251
vt 0.619683 0.758653
vt 0.630317 0.741346
vt 0.630154 0.737500
vt 0.628775 0.752111
vt 0.619114 0.755886
vt 0.612500 0.758637
vt 0.616364 0.762500
vt 0.612500 0.762500
vt 0.612500 0.755154
vt 0.616466 0.758512
vt 0.612500 0.744846
vt 0.616337 0.755323
vt 0.619846 0.762500
vt 0.616346 0.744683
vt 0.616363 0.737500
vt 0.612500 0.741364
vt 0.612500 0.737500
vt 0.619677 0.741337
vt 0.616488 0.741466
vt 0.619846 0.737500
vt 0.619114 0.744917
vt 0.366337 0.505323
vt 0.366409 0.507109
vt 0.365851 0.507077
vt 0.362500 0.505154
vt 0.370994 0.495352
vt 0.369114 0.505886
vt 0.369411 0.507331
vt 0.368527 0.507231
vt 0.372889 0.496225
vt 0.387500 0.491363
vt 0.383637 0.487500
vt 0.387500 0.487500
vt 0.387500 0.494846
vt 0.383534 0.491488
vt 0.387500 0.505154
vt 0.383663 0.494677
vt 0.368750 0.493750
vt 0.383653 0.505317
vt 0.383637 0.512500
vt 0.387500 0.508637
vt 0.387500 0.512500
vt 0.380323 0.508663
vt 0.383512 0.508534
vt 0.373524 0.512500
vt 0.374993 0.508658
vt 0.380083 0.505886
vt 0.376552 0.507639
vt 0.373779 0.507424
vt 0.633637 0.512500
vt 0.637500 0.508637
vt 0.637500 0.512500
vt 0.630323 0.508663
vt 0.633512 0.508534
vt 0.619846 0.512500
vt 0.630154 0.512500
vt 0.629648 0.495994
vt 0.631250 0.493750
vt 0.628775 0.497889
vt 0.619683 0.508653
vt 0.612500 0.508637
vt 0.616363 0.512500
vt 0.612500 0.512500
vt 0.616337 0.505323
vt 0.616466 0.508512
vt 0.612500 0.505154
vt 0.616346 0.494683
vt 0.619114 0.505083
vt 0.619114 0.494114
vt 0.616363 0.487500
vt 0.612500 0.491363
vt 0.612500 0.487500
vt 0.619846 0.487500
vt 0.616488 0.491466
vt 0.619677 0.491337
vt 0.612500 0.494846
vt 0.134149 0.728618
vt 0.133637 0.520671
vt 0.134149 0.520701
vt 0.131474 0.728787
vt 0.130154 0.520398
vt 0.131474 0.520547
vt 0.129417 0.520354
vt 0.125000 0.625000
vt 0.375000 0.012500
vt 0.383637 0.125000
vt 0.375000 0.125000
vt 0.387500 0.125000
vt 0.866363 0.625000
vt 0.862500 0.625000
vt 0.875000 0.625000
vt 0.619846 0.125000
vt 0.625000 0.125000
vt 0.616363 0.125000
vt 0.612500 0.125000
vt 0.362485 0.506978
vt 0.358750 0.506944
vt 0.195312 0.498438
vt 0.193750 0.505154
vt 0.383637 0.318750
vt 0.373437 0.320313
vt 0.387500 0.318750
vt 0.693750 0.508637
vt 0.693750 0.512500
vt 0.689062 0.495312
vt 0.619846 0.431250
vt 0.629687 0.435937
vt 0.616363 0.431250
vt 0.612500 0.431250
vt 0.366363 0.520671
vt 0.366363 0.728650
vt 0.365851 0.728618
vt 0.369846 0.520398
vt 0.369846 0.728951
vt 0.368526 0.728787
vt 0.380154 0.625000
vt 0.373523 0.729236
vt 0.371320 0.729000
vt 0.380154 0.512500
vt 0.383637 0.625000
vt 0.387500 0.625000
vt 0.633637 0.625000
vt 0.637500 0.625000
vt 0.630154 0.625000
vt 0.619846 0.625000
vt 0.616363 0.625000
vt 0.612500 0.625000
vt 0.141250 0.743750
vt 0.193750 0.744846
vt 0.310937 0.754687
vt 0.306250 0.744846
vt 0.383637 0.818750
vt 0.370312 0.814062
vt 0.387500 0.818750
vt 0.806250 0.741363
vt 0.806250 0.737500
vt 0.804687 0.751563
vt 0.619846 0.931250
vt 0.626562 0.929688
vt 0.616364 0.931250
vt 0.612500 0.931250
vt 0.246528 0.512500
vt 0.152500 0.512500
vt 0.145833 0.512500
vt 0.250000 0.512500
vt 0.152776 0.512500
vt 0.141667 0.512500
vt 0.142197 0.512500
vt 0.387500 0.931250
vt 0.806250 0.568750
vt 0.387500 0.431250
vt 0.133637 0.735535
vt 0.133637 0.524424
vt 0.133621 0.524424
vt 0.133621 0.735535
vt 0.129167 0.735671
vt 0.125000 0.524043
vt 0.129167 0.524288
vt 0.381644 0.226106
vt 0.375000 0.014084
vt 0.381644 0.013935
vt 0.387500 0.226326
vt 0.383637 0.013847
vt 0.387500 0.013715
vt 0.862500 0.629979
vt 0.866363 0.524022
vt 0.875000 0.736060
vt 0.866403 0.735937
vt 0.623952 0.013923
vt 0.625000 0.013939
vt 0.623978 0.226116
vt 0.618331 0.226438
vt 0.616363 0.013405
vt 0.618336 0.013604
vt 0.616363 0.226636
vt 0.612500 0.013307
vt 0.366363 0.524424
vt 0.362500 0.735535
vt 0.366379 0.735535
vt 0.366379 0.524424
vt 0.369846 0.735653
vt 0.371819 0.524288
vt 0.380154 0.735916
vt 0.371819 0.735671
vt 0.382833 0.523894
vt 0.383637 0.736153
vt 0.382833 0.736065
vt 0.383637 0.523806
vt 0.387500 0.736285
vt 0.633637 0.524022
vt 0.637500 0.629979
vt 0.633637 0.735937
vt 0.633621 0.735937
vt 0.630154 0.523898
vt 0.630154 0.736060
vt 0.628111 0.736075
vt 0.618336 0.523563
vt 0.619846 0.736317
vt 0.618331 0.736396
vt 0.612500 0.523266
vt 0.616363 0.736595
vt 0.612500 0.736693
vt 0.360535 0.735535
vt 0.585589 0.226503
vt 0.522727 0.013715
vt 0.585589 0.013538
vt 0.750000 0.524018
vt 0.750000 0.629979
vt 0.585589 0.523497
vt 0.585589 0.736462
vt 0.522727 0.736285
vt 0.137500 0.741363
vt 0.133637 0.737500
vt 0.137500 0.737500
vt 0.133534 0.741488
vt 0.137500 0.744846
vt 0.130317 0.741346
vt 0.130154 0.737500
vt 0.130886 0.744114
vt 0.387500 0.991364
vt 0.387500 0.987500
vt 0.387500 0.005154
vt 0.387500 0.008637
vt 0.387500 0.012500
vt 0.125000 0.737500
vt 0.616363 0.987500
vt 0.612500 0.991364
vt 0.619846 0.987500
vt 0.616488 0.991466
vt 0.619846 0.012500
vt 0.622329 0.008658
vt 0.623161 0.012500
vt 0.865851 0.747110
vt 0.862500 0.747188
vt 0.872829 0.744210
vt 0.866395 0.747047
vt 0.619114 0.005886
vt 0.620629 0.007014
vt 0.612500 0.008637
vt 0.616466 0.008512
vt 0.612500 0.005154
vt 0.133637 0.512500
vt 0.137500 0.508637
vt 0.137500 0.512500
vt 0.130323 0.508663
vt 0.133512 0.508534
vt 0.130154 0.512500
vt 0.133653 0.505317
vt 0.387500 0.241363
vt 0.387500 0.237500
vt 0.383663 0.244677
vt 0.383534 0.241488
vt 0.387500 0.244846
vt 0.383653 0.255317
vt 0.383637 0.262500
vt 0.865852 0.504697
vt 0.862500 0.504526
vt 0.619683 0.258653
vt 0.872493 0.506563
vt 0.866409 0.504767
vt 0.619114 0.255083
vt 0.625000 0.246690
vt 0.616363 0.262500
vt 0.612500 0.244846
vt 0.616347 0.244683
vt 0.612500 0.241363
vt 0.612500 0.237500
vt 0.619677 0.241337
vt 0.623161 0.237500
vt 0.622344 0.241342
vt 0.621385 0.242702
vt 0.622778 0.243278
vt 0.366363 0.737500
vt 0.362500 0.741363
vt 0.362500 0.737500
vt 0.369677 0.741337
vt 0.366488 0.741466
vt 0.369846 0.737500
vt 0.362500 0.744846
vt 0.380317 0.741346
vt 0.387500 0.741363
vt 0.387500 0.737500
vt 0.383534 0.741488
vt 0.387500 0.744846
vt 0.383653 0.755317
vt 0.372889 0.753775
vt 0.383637 0.762500
vt 0.387500 0.758637
vt 0.387500 0.762500
vt 0.387500 0.755154
vt 0.631306 0.749954
vt 0.633285 0.751403
vt 0.629643 0.754021
vt 0.631249 0.756251
vt 0.619683 0.758653
vt 0.628775 0.752111
vt 0.629677 0.749386
vt 0.630993 0.749673
vt 0.619114 0.755886
vt 0.612500 0.758637
vt 0.612500 0.762500
vt 0.612500 0.755154
vt 0.612500 0.744846
vt 0.616337 0.755323
vt 0.616346 0.744683
vt 0.612500 0.737500
vt 0.619677 0.741337
vt 0.626477 0.737500
vt 0.625007 0.741342
vt 0.619114 0.744917
vt 0.621647 0.744400
vt 0.624243 0.746131
vt 0.362500 0.508637
vt 0.366363 0.512500
vt 0.362500 0.512500
vt 0.366466 0.508512
vt 0.369683 0.508653
vt 0.369846 0.512500
vt 0.369114 0.505886
vt 0.372889 0.496225
vt 0.387500 0.491363
vt 0.383534 0.491488
vt 0.387500 0.512500
vt 0.383512 0.508534
vt 0.380154 0.512500
vt 0.380083 0.505886
vt 0.624978 0.508658
vt 0.626477 0.512500
vt 0.634525 0.501551
vt 0.632183 0.502721
vt 0.631801 0.502984
vt 0.630216 0.503207
vt 0.623006 0.506392
vt 0.619683 0.508654
vt 0.612500 0.512500
vt 0.616337 0.505323
vt 0.616466 0.508512
vt 0.612500 0.505154
vt 0.619114 0.494114
vt 0.612500 0.491363
vt 0.612500 0.487500
vt 0.619846 0.487500
vt 0.631250 0.493750
vt 0.612500 0.494846
vt 0.133637 0.625000
vt 0.137500 0.625000
vt 0.130154 0.625000
vt 0.387500 0.125000
vt 0.865851 0.520701
vt 0.866363 0.520671
vt 0.865851 0.728618
vt 0.871728 0.520547
vt 0.875000 0.520398
vt 0.871727 0.728787
vt 0.624263 0.021000
vt 0.625000 0.021049
vt 0.619846 0.125000
vt 0.612500 0.125000
vt 0.193750 0.508637
vt 0.193750 0.512500
vt 0.193750 0.505154
vt 0.383637 0.318750
vt 0.373437 0.320313
vt 0.638265 0.501455
vt 0.689062 0.495312
vt 0.748482 0.502922
vt 0.619846 0.431250
vt 0.612500 0.431250
vt 0.366363 0.625000
vt 0.362500 0.625000
vt 0.369846 0.625000
vt 0.387500 0.625000
vt 0.634149 0.728618
vt 0.633637 0.520671
vt 0.634149 0.520701
vt 0.631474 0.728787
vt 0.630154 0.520398
vt 0.631473 0.520547
vt 0.626477 0.520139
vt 0.628680 0.520353
vt 0.619846 0.737500
vt 0.612500 0.625000
vt 0.306250 0.741363
vt 0.306250 0.737500
vt 0.306250 0.744846
vt 0.370312 0.814062
vt 0.387500 0.818750
vt 0.637025 0.751507
vt 0.689062 0.754688
vt 0.619846 0.931250
vt 0.626562 0.929688
vt 0.616363 0.931250
vt 0.612500 0.931250
vt 0.306250 0.568750
vt 0.387500 0.931250
vt 0.748311 0.512500
vt 0.652500 0.512500
vt 0.750000 0.512500
vt 0.751342 0.512500
vt 0.847500 0.512500
vt 0.858333 0.512500
vt 0.857803 0.512500
vt 0.862485 0.512500
vt 0.137500 0.629979
vt 0.133637 0.735859
vt 0.133621 0.735859
vt 0.130154 0.735979
vt 0.130154 0.523979
vt 0.129079 0.735996
vt 0.379432 0.226373
vt 0.375000 0.013763
vt 0.379454 0.013668
vt 0.387500 0.226646
vt 0.383637 0.013496
vt 0.387500 0.013395
vt 0.866363 0.735535
vt 0.862500 0.735535
vt 0.866403 0.524424
vt 0.875000 0.735653
vt 0.866403 0.735535
vt 0.624013 0.225712
vt 0.619846 0.014084
vt 0.624013 0.014329
vt 0.617167 0.226106
vt 0.616363 0.013847
vt 0.617167 0.013935
vt 0.616363 0.226194
vt 0.612500 0.013715
vt 0.366363 0.735859
vt 0.362500 0.735863
vt 0.369846 0.735980
vt 0.366379 0.735859
vt 0.366363 0.629979
vt 0.380154 0.523722
vt 0.380154 0.736237
vt 0.372058 0.735998
vt 0.381950 0.523627
vt 0.383637 0.736504
vt 0.381941 0.736332
vt 0.383637 0.523455
vt 0.387500 0.736605
vt 0.633637 0.524424
vt 0.633637 0.735535
vt 0.633621 0.524424
vt 0.633621 0.735535
vt 0.628180 0.524288
vt 0.630154 0.735653
vt 0.628180 0.735671
vt 0.617167 0.523894
vt 0.619846 0.735916
vt 0.617167 0.736065
vt 0.612500 0.523674
vt 0.616363 0.736153
vt 0.612500 0.736285
vt 0.250000 0.735863
vt 0.475000 0.226326
vt 0.405852 0.013538
vt 0.475000 0.013715
vt 0.860535 0.735535
vt 0.475000 0.523674
vt 0.475000 0.736285
vt 0.405852 0.736462
vt 0.133637 0.629979
vt 0.130154 0.735535
vt 0.130154 0.629979
vt 0.125000 0.735535
vt 0.383637 0.225576
vt 0.375000 0.120021
vt 0.387500 0.225576
vt 0.387500 0.120021
vt 0.866364 0.629979
vt 0.866363 0.524424
vt 0.619846 0.120021
vt 0.619846 0.225576
vt 0.616363 0.120021
vt 0.616363 0.225576
vt 0.612500 0.120021
vt 0.366363 0.629979
vt 0.369846 0.629979
vt 0.380154 0.524424
vt 0.383637 0.629979
vt 0.383637 0.524424
vt 0.630154 0.524424
vt 0.630154 0.629979
vt 0.619846 0.524424
vt 0.616363 0.629979
vt 0.612500 0.524424
vt 0.612500 0.629979
vt 0.250000 0.735535
vt 0.612500 0.225576
vt 0.750000 0.524424
vt 0.387500 0.735535
vt 0.637500 0.524018
vt 0.137500 0.735863
vt 0.387500 0.524424
vt 0.612500 0.014465
vt 0.616363 0.735535
vt 0.612500 0.735535
vt 0.619846 0.735535
vt 0.383637 0.735535
vt 0.380154 0.735535
vt 0.369846 0.524424
vt 0.616363 0.014465
vt 0.619846 0.014465
vt 0.625000 0.014465
vt 0.875000 0.735535
vt 0.125000 0.524424
vt 0.637500 0.524424
vt 0.612500 0.225576
vt 0.387500 0.225576
vt 0.633637 0.524424
vt 0.616363 0.014465
vt 0.383637 0.225576
vt 0.375000 0.225576
vt 0.137500 0.735535
vt 0.250000 0.524096
vt 0.137500 0.524096
vt 0.362500 0.524096
vt 0.366363 0.524100
vt 0.133637 0.524100
vt 0.637500 0.524424
vt 0.149424 0.524424
vt 0.251747 0.735535
vt 0.142960 0.735535
vt 0.347500 0.512500
vt 0.253124 0.512500
vt 0.649424 0.524424
vt 0.751388 0.735535
vt 0.642242 0.735535
vt 0.347224 0.512500
vt 0.387500 0.375000
vt 0.387500 0.875000
vt 0.250000 0.625000
vt 0.193750 0.681250
vt 0.616363 0.875000
vt 0.612500 0.818750
vt 0.616364 0.818750
vt 0.619846 0.875000
vt 0.619846 0.818750
vt 0.628125 0.871875
vt 0.629687 0.814063
vt 0.383637 0.875000
vt 0.383637 0.931250
vt 0.371875 0.871875
vt 0.373437 0.929687
vt 0.250000 0.744846
vt 0.195312 0.751562
vt 0.193750 0.744846
vt 0.250000 0.741363
vt 0.193750 0.741363
vt 0.250000 0.737500
vt 0.193750 0.737500
vt 0.616363 0.375000
vt 0.612500 0.318750
vt 0.616363 0.318750
vt 0.619846 0.375000
vt 0.619846 0.318750
vt 0.626562 0.320312
vt 0.383637 0.375000
vt 0.383637 0.431250
vt 0.371875 0.378125
vt 0.370312 0.435938
vt 0.306250 0.505154
vt 0.253125 0.496875
vt 0.310937 0.495313
vt 0.306250 0.508637
vt 0.250000 0.505154
vt 0.306250 0.512500
vt 0.250000 0.508637
vt 0.750000 0.625000
vt 0.693750 0.681250
vt 0.387500 0.875000
vt 0.616364 0.875000
vt 0.612500 0.818750
vt 0.619846 0.875000
vt 0.628125 0.871875
vt 0.750000 0.741363
vt 0.689062 0.754688
vt 0.693750 0.741363
vt 0.750000 0.737500
vt 0.693750 0.737500
vt 0.371875 0.871875
vt 0.373437 0.929687
vt 0.250000 0.744846
vt 0.612500 0.318750
vt 0.619846 0.375000
vt 0.619846 0.318750
vt 0.806250 0.508637
vt 0.746875 0.496875
vt 0.804687 0.498437
vt 0.806250 0.512500
vt 0.750000 0.508637
vt 0.383637 0.375000
vt 0.371875 0.378125
vt 0.875000 0.737500
vt 0.750000 0.735941
vt 0.637500 0.735941
vt 0.862500 0.735941
vt 0.866363 0.735937
vt 0.253125 0.753125
vt 0.612500 0.375000
vt 0.628125 0.378125
vt 0.862500 0.500000
vt 0.137500 0.750000
vt 0.612500 0.875000
vt 0.746875 0.753125
vt 0.612500 0.875000
vt 0.250000 0.512500
vt 0.612500 0.375000
vt 0.628125 0.378125
vt 0.875000 0.524424
vt 0.137500 0.743712
vt 0.375000 0.994114
vt 0.127849 0.743222
vt 0.127664 0.741341
vt 0.625000 1.000000
vt 0.612500 0.000000
vt 0.130593 0.507330
vt 0.128314 0.507424
vt 0.369270 0.743343
vt 0.375022 0.741342
vt 0.362500 0.506979
vt 0.137500 0.520799
vt 0.137500 0.728510
vt 0.133637 0.728651
vt 0.130154 0.728951
vt 0.128315 0.729236
vt 0.128315 0.520139
vt 0.129417 0.729000
vt 0.137515 0.506978
vt 0.141250 0.506944
vt 0.250000 0.506944
vt 0.362500 0.728510
vt 0.365851 0.520701
vt 0.362500 0.520799
vt 0.368527 0.520547
vt 0.373523 0.520139
vt 0.373524 0.737500
vt 0.371320 0.520354
vt 0.362485 0.743713
vt 0.358750 0.743750
vt 0.250000 0.743750
vt 0.137515 0.743713
vt 0.358750 0.512500
vt 0.353472 0.512500
vt 0.350848 0.512500
vt 0.358333 0.512500
vt 0.362485 0.512500
vt 0.353867 0.512500
vt 0.356265 0.512500
vt 0.357803 0.512500
vt 0.149152 0.512500
vt 0.141250 0.512500
vt 0.146133 0.512500
vt 0.137515 0.512500
vt 0.143735 0.512500
vt 0.146133 0.512500
vt 0.130154 0.735653
vt 0.130154 0.524306
vt 0.125000 0.735916
vt 0.383637 0.226194
vt 0.375000 0.225957
vt 0.862500 0.524018
vt 0.866403 0.524022
vt 0.875000 0.523899
vt 0.625000 0.226101
vt 0.619846 0.226358
vt 0.619846 0.013683
vt 0.612500 0.226735
vt 0.369846 0.524306
vt 0.380154 0.524043
vt 0.387500 0.523674
vt 0.633621 0.524022
vt 0.628057 0.523882
vt 0.619846 0.523642
vt 0.616363 0.523364
vt 0.357040 0.524424
vt 0.253232 0.524424
vt 0.522727 0.226326
vt 0.387500 0.013715
vt 0.522727 0.523674
vt 0.875000 0.743343
vt 0.625000 0.006657
vt 0.622111 0.006778
vt 0.622330 0.008658
vt 0.875000 0.507331
vt 0.625000 0.243901
vt 0.629205 0.749110
vt 0.629580 0.503491
vt 0.625536 0.505104
vt 0.866363 0.728650
vt 0.862500 0.728510
vt 0.862500 0.520799
vt 0.875000 0.728951
vt 0.623161 0.229861
vt 0.623161 0.020764
vt 0.625000 0.229602
vt 0.624263 0.229647
vt 0.634540 0.501549
vt 0.746875 0.496875
vt 0.804687 0.498437
vt 0.858698 0.504389
vt 0.862485 0.504524
vt 0.637500 0.520799
vt 0.637500 0.728510
vt 0.633637 0.728651
vt 0.630154 0.728951
vt 0.626477 0.729236
vt 0.626476 0.737500
vt 0.628680 0.729000
vt 0.862484 0.747189
vt 0.858692 0.747340
vt 0.747858 0.749424
vt 0.746875 0.753125
vt 0.633299 0.751405
vt 0.643150 0.512500
vt 0.856850 0.512500
vt 0.637515 0.512500
vt 0.637500 0.737500
vt 0.641667 0.512500
vt 0.641250 0.512500
vt 0.649152 0.512500
vt 0.645833 0.512500
vt 0.649152 0.512500
vt 0.646133 0.512500
vt 0.643735 0.512500
vt 0.642197 0.512500
vt 0.850848 0.512500
vt 0.853867 0.512500
vt 0.856265 0.512500
vt 0.853472 0.512500
vt 0.858750 0.512500
vt 0.862500 0.512500
vt 0.133621 0.524100
vt 0.125000 0.736237
vt 0.129048 0.523961
vt 0.125000 0.523722
vt 0.383637 0.226545
vt 0.375000 0.226278
vt 0.875000 0.524306
vt 0.625000 0.014347
vt 0.625000 0.225694
vt 0.619846 0.225957
vt 0.612500 0.226326
vt 0.366379 0.524100
vt 0.369846 0.523980
vt 0.371995 0.523963
vt 0.387500 0.523353
vt 0.630154 0.524306
vt 0.619846 0.524043
vt 0.616363 0.523806
vt 0.405852 0.226503
vt 0.612500 0.013715
vt 0.857759 0.524424
vt 0.753591 0.524424
vt 0.405852 0.523497
s 0
f 678/1/1 386/2/1 677/3/1
f 679/4/2 388/5/2 678/1/2
f 680/6/3 390/7/3 679/4/3
f 391/8/4 681/9/4 680/10/4
f 393/11/5 682/12/5 681/9/5
f 398/13/6 684/14/6 683/15/6
f 400/16/7 685/17/7 684/14/7
f 402/18/8 686/19/8 685/20/8
f 403/21/9 687/22/9 686/19/9
f 405/23/10 688/24/10 687/22/10
f 410/25/11 690/26/11 689/27/11
f 691/28/12 411/29/12 690/26/12
f 692/30/13 413/31/13 691/28/13
f 415/32/14 693/33/14 692/30/14
f 417/34/15 694/35/15 693/33/15
f 421/36/16 696/37/16 695/38/16
f 423/39/17 697/40/17 696/37/17
f 425/41/18 698/42/18 697/40/18
f 699/43/19 428/44/19 698/42/19
f 700/45/20 430/46/20 699/43/20
f 718/47/21 689/27/21 721/48/21
f 395/49/22 688/24/22 682/12/22
f 710/50/23 695/38/23 711/51/23
f 431/52/24 694/35/24 700/45/24
f 11/53/25 434/54/25 435/55/25
f 7/56/26 29/57/26 11/53/26
f 16/58/27 436/59/27 437/60/27
f 11/53/28 32/61/28 16/58/28
f 17/62/29 22/63/29 2/64/29
f 20/65/30 23/66/30 17/62/30
f 43/67/31 25/68/31 20/69/31
f 23/66/32 28/70/32 22/63/32
f 25/71/33 29/72/33 23/66/33
f 45/73/34 32/74/34 25/68/34
f 34/75/35 37/76/35 5/77/35
f 34/75/36 41/78/36 40/79/36
f 41/80/37 438/81/37 439/82/37
f 37/76/38 45/73/38 43/67/38
f 40/79/39 47/83/39 45/73/39
f 47/84/40 41/80/40 440/85/40
f 47/84/41 16/58/41 32/61/41
f 54/86/42 58/87/42 50/88/42
f 57/89/43 60/90/43 54/86/43
f 76/91/44 63/92/44 57/89/44
f 60/90/45 65/93/45 58/87/45
f 63/92/46 66/94/46 60/90/46
f 78/95/47 68/96/47 63/92/47
f 70/97/48 72/98/48 51/99/48
f 70/97/49 74/100/49 73/101/49
f 92/102/50 74/103/50 71/104/50
f 72/98/51 78/105/51 76/106/51
f 73/101/52 80/107/52 78/105/52
f 94/108/53 80/109/53 74/103/53
f 81/110/54 85/111/54 52/112/54
f 81/110/55 89/113/55 87/114/55
f 83/115/56 66/116/56 89/113/56
f 85/111/57 94/108/57 92/102/57
f 87/114/58 96/117/58 94/108/58
f 89/113/59 68/118/59 96/117/59
f 96/117/60 68/118/60 80/109/60
f 123/119/61 443/120/61 442/121/61
f 110/122/62 446/123/62 444/124/62
f 112/125/63 445/126/63 447/127/63
f 449/128/64 443/120/64 126/129/64
f 114/130/65 118/131/65 99/132/65
f 114/130/66 122/133/66 119/134/66
f 115/135/67 141/136/67 122/133/67
f 118/131/68 126/137/68 123/138/68
f 119/134/69 127/139/69 126/137/69
f 122/133/70 143/140/70 127/139/70
f 130/141/71 133/142/71 100/143/71
f 131/144/72 135/145/72 130/141/72
f 107/146/73 137/147/73 131/148/73
f 135/145/74 140/149/74 133/142/74
f 137/150/75 141/136/75 135/145/75
f 110/122/76 143/151/76 137/147/76
f 127/152/77 143/151/77 112/125/77
f 150/153/78 153/154/78 145/155/78
f 150/153/79 156/156/79 154/157/79
f 151/158/80 174/159/80 156/160/80
f 153/154/81 158/161/81 157/162/81
f 154/157/82 159/163/82 158/161/82
f 156/160/83 176/164/83 159/165/83
f 161/166/84 166/167/84 147/168/84
f 163/169/85 167/170/85 161/166/85
f 188/171/86 170/172/86 163/169/86
f 167/170/87 172/173/87 166/167/87
f 170/172/88 174/159/88 167/170/88
f 190/174/89 176/164/89 170/172/89
f 178/175/90 182/176/90 148/177/90
f 178/175/91 185/178/91 183/179/91
f 157/180/92 185/178/92 180/181/92
f 182/176/93 190/174/93 188/171/93
f 183/179/94 191/182/94 190/174/94
f 158/183/95 191/182/95 185/178/95
f 191/182/96 159/165/96 176/164/96
f 219/184/97 452/185/97 451/186/97
f 454/187/98 206/188/98 455/189/98
f 457/190/99 207/191/99 453/192/99
f 458/193/100 223/194/100 459/195/100
f 209/196/101 214/197/101 195/198/101
f 209/196/102 217/199/102 216/200/102
f 212/201/103 238/202/103 217/199/103
f 214/197/104 222/203/104 219/184/104
f 216/200/105 223/194/105 222/203/105
f 217/199/106 239/204/106 223/194/106
f 226/205/107 229/206/107 196/207/107
f 227/208/108 231/209/108 226/205/108
f 204/210/109 233/211/109 227/208/109
f 231/209/110 235/212/110 229/206/110
f 233/211/111 238/202/111 231/209/111
f 206/188/112 239/204/112 233/211/112
f 239/204/113 207/191/113 223/194/113
f 246/213/114 249/214/114 241/215/114
f 246/213/115 251/216/115 250/217/115
f 248/218/116 269/219/116 251/216/116
f 249/214/117 254/220/117 253/221/117
f 250/217/118 255/222/118 254/220/118
f 251/216/119 271/223/119 255/222/119
f 257/224/120 261/225/120 243/226/120
f 259/227/121 263/228/121 257/224/121
f 283/229/122 265/230/122 259/227/122
f 263/228/123 267/231/123 261/225/123
f 265/230/124 269/219/124 263/228/124
f 285/232/125 271/223/125 265/230/125
f 273/233/126 278/234/126 244/235/126
f 273/233/127 282/236/127 280/237/127
f 253/221/128 282/236/128 276/238/128
f 278/234/129 285/232/129 283/229/129
f 280/237/130 287/239/130 285/232/130
f 254/220/131 287/239/131 282/236/131
f 271/223/132 287/239/132 255/222/132
f 300/240/133 462/241/133 461/242/133
f 296/243/134 317/244/134 300/240/134
f 303/245/135 464/246/135 463/247/135
f 300/240/136 320/248/136 303/245/136
f 305/249/137 309/250/137 290/251/137
f 307/252/138 311/253/138 305/249/138
f 331/254/139 313/255/139 307/252/139
f 311/253/140 316/256/140 309/250/140
f 313/255/141 317/244/141 311/253/141
f 333/257/142 320/248/142 313/255/142
f 321/258/143 325/259/143 293/260/143
f 321/258/144 329/261/144 327/262/144
f 329/261/145 465/263/145 466/264/145
f 325/259/146 333/257/146 331/254/146
f 327/262/147 335/265/147 333/257/147
f 468/266/148 467/267/148 335/265/148
f 303/245/149 320/248/149 335/265/149
f 342/268/150 344/269/150 337/270/150
f 342/268/151 346/271/151 345/272/151
f 363/273/152 346/271/152 343/274/152
f 344/269/153 350/275/153 348/276/153
f 345/272/154 351/277/154 350/275/154
f 365/278/155 351/277/155 346/271/155
f 354/279/156 357/280/156 338/281/156
f 354/279/157 361/282/157 359/283/157
f 356/284/158 382/285/158 361/282/158
f 357/280/159 365/278/159 363/273/159
f 359/283/160 367/286/160 365/278/160
f 361/282/161 384/287/161 367/286/161
f 370/288/162 374/289/162 341/290/162
f 372/291/163 375/292/163 370/288/163
f 348/276/164 377/293/164 372/291/164
f 375/292/165 379/294/165 374/289/165
f 377/293/166 382/285/166 375/292/166
f 350/275/167 384/287/167 377/293/167
f 351/277/168 367/286/168 384/287/168
f 469/295/169 473/296/169 472/297/169
f 475/298/170 477/299/170 476/300/170
f 482/301/171 477/299/171 762/302/171
f 35/303/172 763/304/172 762/305/172
f 34/75/173 764/306/173 763/304/173
f 50/88/174 17/62/174 2/64/174
f 58/87/175 20/65/175 17/62/175
f 20/69/176 83/115/176 43/67/176
f 43/67/177 81/110/177 37/76/177
f 37/76/178 52/112/178 5/77/178
f 145/155/179 766/307/179 765/308/179
f 153/154/180 767/309/180 766/307/180
f 157/180/181 768/310/181 767/311/181
f 180/181/182 769/312/182 768/310/182
f 178/175/183 770/313/183 769/312/183
f 100/143/184 161/166/184 147/168/184
f 133/142/185 163/169/185 161/166/185
f 163/169/186 115/135/186 188/171/186
f 188/171/187 114/130/187 182/176/187
f 182/176/188 99/132/188 148/177/188
f 296/243/189 485/314/189 486/315/189
f 107/146/190 827/316/190 826/317/190
f 131/144/191 828/318/191 827/319/191
f 130/141/192 829/320/192 828/318/192
f 337/270/193 810/321/193 809/322/193
f 344/269/194 811/323/194 810/321/194
f 348/276/195 812/324/195 811/325/195
f 372/291/196 813/326/196 812/324/196
f 370/288/197 814/327/197 813/326/197
f 338/281/198 325/259/198 354/279/198
f 354/279/199 331/254/199 356/284/199
f 356/284/200 307/252/200 379/294/200
f 307/252/201 374/289/201 379/294/201
f 305/249/202 341/290/202 374/289/202
f 490/328/203 492/329/203 491/330/203
f 494/331/204 496/332/204 495/333/204
f 771/334/205 500/335/205 499/336/205
f 324/337/206 772/338/206 771/334/206
f 321/258/207 773/339/207 772/338/207
f 241/215/208 775/340/208 774/341/208
f 249/214/209 776/342/209 775/340/209
f 253/221/210 777/343/210 776/342/210
f 276/238/211 778/344/211 777/343/211
f 273/233/212 779/345/212 778/344/212
f 196/207/213 257/224/213 243/226/213
f 229/206/214 259/227/214 257/224/214
f 259/227/215 212/201/215 283/229/215
f 283/229/216 209/196/216 278/234/216
f 278/234/217 195/198/217 244/235/217
f 504/346/218 836/347/218 7/56/218
f 204/210/219 816/348/219 815/349/219
f 227/208/220 817/350/220 816/351/220
f 226/205/221 818/352/221 817/350/221
f 51/99/222 841/353/222 840/354/222
f 72/98/223 842/355/223 841/353/223
f 76/91/224 843/356/224 842/357/224
f 57/89/225 844/358/225 843/356/225
f 54/86/226 845/359/226 844/358/226
f 719/360/227 386/361/227 506/362/227
f 712/363/227 536/364/227 537/361/227
f 407/365/227 528/366/227 526/365/227
f 770/313/22 99/132/22 764/306/22
f 845/367/23 2/64/23 839/367/23
f 765/155/228 840/368/228 846/368/228
f 814/369/21 290/251/21 808/369/21
f 779/345/24 195/198/24 773/339/24
f 540/2/229 542/370/229 525/371/229
f 471/372/230 542/370/230 543/373/230
f 545/374/231 475/375/231 474/376/231
f 478/377/232 546/378/232 547/379/232
f 479/380/233 548/381/233 549/382/233
f 800/383/234 503/384/234 801/14/234
f 553/385/235 552/386/235 801/14/235
f 555/387/236 553/388/236 434/389/236
f 436/390/237 556/391/237 557/392/237
f 441/393/238 558/394/238 556/391/238
f 519/395/239 559/396/239 523/25/239
f 561/397/240 487/398/240 562/399/240
f 492/400/241 564/401/241 563/402/241
f 496/403/242 566/404/242 565/405/242
f 499/406/243 567/407/243 566/404/243
f 501/408/244 803/409/244 802/37/244
f 802/37/245 569/410/245 570/411/245
f 454/412/246 571/413/246 572/414/246
f 456/415/247 573/416/247 574/417/247
f 458/418/248 575/419/248 576/420/248
f 523/25/21 559/396/21 577/421/21
f 439/422/22 580/423/22 579/424/22
f 649/425/23 800/383/23 804/426/23
f 452/427/24 581/428/24 582/429/24
f 6/430/249 9/431/249 1/432/249
f 6/430/250 12/53/250 10/433/250
f 8/434/26 30/57/26 12/53/26
f 9/431/251 14/435/251 13/436/251
f 10/433/27 15/437/27 14/435/27
f 12/53/28 31/61/28 15/437/28
f 18/438/29 21/63/29 3/439/29
f 19/65/252 24/66/252 18/438/252
f 44/440/31 26/68/31 19/69/31
f 24/66/32 27/70/32 21/63/32
f 26/71/33 30/72/33 24/66/33
f 46/73/34 31/74/34 26/68/34
f 33/75/35 38/441/35 4/442/35
f 33/75/36 42/78/36 39/79/36
f 13/436/37 42/80/37 36/443/37
f 38/441/38 46/73/38 44/440/38
f 39/79/39 48/83/39 46/73/39
f 14/435/253 48/84/253 42/80/253
f 48/84/41 15/437/41 31/61/41
f 55/444/42 59/445/42 49/88/42
f 56/446/43 61/447/43 55/444/43
f 75/91/44 62/92/44 56/446/44
f 61/447/45 64/93/45 59/445/45
f 62/92/46 67/94/46 61/447/46
f 77/95/47 69/96/47 62/92/47
f 91/448/50 579/449/50 580/450/50
f 553/451/254 77/105/254 552/452/254
f 554/453/255 79/107/255 555/454/255
f 93/108/256 95/455/256 558/456/256
f 82/457/54 86/111/54 53/112/54
f 82/457/55 90/113/55 88/458/55
f 84/459/56 67/116/56 90/113/56
f 86/111/57 93/108/57 91/448/57
f 88/458/58 95/455/58 93/108/58
f 90/113/59 69/118/59 95/455/59
f 95/455/60 69/118/60 79/109/60
f 102/460/257 104/461/257 97/462/257
f 102/460/258 106/463/258 105/464/258
f 124/119/61 106/463/61 103/465/61
f 104/461/259 109/466/259 108/146/259
f 105/464/260 111/125/260 109/466/260
f 125/129/261 111/125/261 106/463/261
f 113/467/65 117/131/65 98/468/65
f 113/467/262 121/469/262 120/470/262
f 116/471/67 142/472/67 121/469/67
f 117/131/68 125/137/68 124/138/68
f 120/470/69 128/139/69 125/137/69
f 121/469/70 144/140/70 128/139/70
f 129/473/71 134/142/71 101/143/71
f 132/144/72 136/145/72 129/473/72
f 108/146/73 138/147/73 132/148/73
f 136/145/263 139/149/263 134/142/263
f 138/150/75 142/472/75 136/145/75
f 109/466/76 144/151/76 138/147/76
f 128/152/77 144/151/77 111/125/77
f 155/156/264 584/474/264 583/475/264
f 152/158/80 173/476/80 155/160/80
f 160/163/265 586/477/265 585/478/265
f 155/160/83 175/479/83 160/480/83
f 162/166/84 165/481/84 146/168/84
f 164/169/266 168/170/266 162/166/266
f 187/482/86 169/172/86 164/169/86
f 168/170/87 171/173/87 165/481/87
f 169/172/88 173/476/88 168/170/88
f 189/483/89 175/479/89 169/172/89
f 177/175/90 181/484/90 149/485/90
f 177/175/91 186/486/91 184/179/91
f 186/486/92 588/487/92 589/488/92
f 181/484/93 189/483/93 187/482/93
f 184/179/94 192/182/94 189/483/94
f 192/182/267 590/489/267 591/490/267
f 192/182/96 160/480/96 175/479/96
f 198/491/268 200/492/268 193/493/268
f 198/491/269 202/494/269 201/495/269
f 220/184/97 202/494/97 199/496/97
f 200/492/270 205/188/270 203/497/270
f 201/495/271 208/191/271 205/188/271
f 221/498/272 208/191/272 202/494/272
f 210/499/101 213/197/101 194/500/101
f 210/499/273 218/199/273 215/501/273
f 211/502/103 237/503/103 218/199/103
f 213/197/104 221/498/104 220/184/104
f 215/501/105 224/194/105 221/498/105
f 218/199/106 240/504/106 224/194/106
f 225/505/107 230/506/107 197/507/107
f 228/208/108 232/209/108 225/505/108
f 203/497/109 234/211/109 228/208/109
f 232/209/110 236/508/110 230/506/110
f 234/211/111 237/503/111 232/209/111
f 205/188/112 240/504/112 234/211/112
f 240/504/113 208/191/113 224/194/113
f 571/509/274 570/510/274 252/511/274
f 247/512/116 270/513/116 252/511/116
f 256/514/275 573/515/275 572/516/275
f 252/511/119 272/517/119 256/514/119
f 258/518/120 262/225/120 242/519/120
f 260/520/276 264/228/276 258/518/276
f 284/521/122 266/522/122 260/520/122
f 264/228/123 268/231/123 262/225/123
f 266/522/124 270/513/124 264/228/124
f 286/523/125 272/517/125 266/522/125
f 274/233/126 277/234/126 245/524/126
f 274/233/127 281/525/127 279/237/127
f 281/525/128 582/526/128 581/527/128
f 277/234/129 286/523/129 284/521/129
f 279/237/130 288/528/130 286/523/130
f 288/528/277 576/529/277 575/530/277
f 272/517/132 288/528/132 256/514/132
f 294/531/278 297/532/278 289/533/278
f 294/531/133 299/240/133 298/534/133
f 295/243/134 318/244/134 299/240/134
f 297/532/279 302/535/279 301/536/279
f 298/534/135 304/537/135 302/535/135
f 299/240/136 319/538/136 304/537/136
f 306/539/137 310/250/137 291/251/137
f 308/252/280 312/540/280 306/539/280
f 332/254/139 314/255/139 308/252/139
f 312/540/140 315/256/140 310/250/140
f 314/255/141 318/244/141 312/540/141
f 334/257/142 319/538/142 314/255/142
f 322/258/143 326/259/143 292/541/143
f 322/258/144 330/261/144 328/542/144
f 301/536/145 330/261/145 323/543/145
f 326/259/146 334/257/146 332/254/146
f 328/542/147 336/544/147 334/257/147
f 302/535/281 336/544/281 330/261/281
f 304/537/149 319/538/149 336/544/149
f 364/273/152 593/545/152 592/546/152
f 349/275/282 596/547/282 595/548/282
f 352/277/283 594/549/283 598/550/283
f 600/551/284 593/545/284 366/552/284
f 353/279/156 358/280/156 339/553/156
f 353/279/157 362/554/157 360/555/157
f 355/556/158 381/285/158 362/554/158
f 358/280/159 366/552/159 364/273/159
f 360/555/160 368/286/160 366/552/160
f 362/554/161 383/557/161 368/286/161
f 369/288/162 373/558/162 340/559/162
f 371/560/163 376/292/163 369/288/163
f 347/561/164 378/293/164 371/560/164
f 376/292/165 380/562/165 373/558/165
f 378/293/166 381/285/166 376/292/166
f 349/275/167 383/557/167 378/293/167
f 352/277/168 368/286/168 383/557/168
f 1/432/169 782/563/169 781/564/169
f 9/431/170 783/565/170 782/563/170
f 13/436/171 784/302/171 783/565/171
f 36/303/172 785/304/172 784/305/172
f 33/75/173 786/566/173 785/304/173
f 49/88/174 18/438/174 3/439/174
f 59/445/175 19/65/175 18/438/175
f 19/69/176 84/459/176 44/440/176
f 44/440/177 82/457/177 38/441/177
f 38/441/178 53/112/178 4/442/178
f 601/567/179 603/568/179 544/569/179
f 604/570/180 605/571/180 546/572/180
f 548/573/181 547/574/181 787/575/181
f 179/181/182 788/312/182 787/575/182
f 177/175/183 789/576/183 788/312/183
f 101/143/184 162/166/184 146/168/184
f 134/142/185 164/169/185 162/166/185
f 164/169/186 116/471/186 187/482/186
f 187/482/187 113/467/187 181/484/187
f 181/484/188 98/468/188 149/485/188
f 97/462/285 848/577/285 847/578/285
f 104/461/189 849/579/189 848/577/189
f 108/146/190 850/316/190 849/579/190
f 132/144/191 851/580/191 850/581/191
f 129/473/192 852/320/192 851/580/192
f 609/582/194 874/583/194 652/584/194
f 347/561/195 875/585/195 874/325/195
f 371/560/196 876/326/196 875/585/196
f 369/288/197 877/586/197 876/326/197
f 339/553/198 326/259/198 353/279/198
f 353/279/199 332/254/199 355/556/199
f 355/556/200 308/252/200 380/562/200
f 308/252/201 373/558/201 380/562/201
f 306/539/202 340/559/202 373/558/202
f 289/533/203 791/587/203 790/588/203
f 297/532/204 792/589/204 791/587/204
f 301/536/205 793/334/205 792/589/205
f 323/543/206 794/338/206 793/334/206
f 322/258/207 795/590/207 794/338/207
f 562/591/208 613/592/208 614/593/208
f 564/594/209 615/595/209 616/596/209
f 796/343/210 618/597/210 617/598/210
f 275/599/211 797/344/211 796/343/211
f 274/233/212 798/600/212 797/344/212
f 197/507/213 258/518/213 242/519/213
f 230/506/214 260/520/214 258/518/214
f 260/520/215 211/502/215 284/521/215
f 284/521/216 210/499/216 277/234/216
f 277/234/217 194/500/217 245/524/217
f 193/493/286 879/601/286 878/602/286
f 200/492/218 880/603/218 879/601/218
f 203/497/219 881/348/219 880/603/219
f 228/208/220 882/350/220 881/604/220
f 225/505/221 883/605/221 882/350/221
f 568/606/223 884/607/223 247/512/223
f 75/91/224 864/608/224 863/609/224
f 56/446/225 865/610/225 864/608/225
f 55/444/226 866/611/226 865/610/226
f 790/533/227 878/612/227 888/612/227
f 789/576/22 98/468/22 786/566/22
f 866/613/23 3/439/23 862/613/23
f 714/614/228 648/615/228 715/616/228
f 720/617/228 385/618/228 717/616/228
f 395/619/228 393/620/228 619/621/228
f 877/369/21 291/251/21 873/369/21
f 798/600/24 194/500/24 795/590/24
f 702/622/287 610/623/287 701/1/287
f 583/624/288 584/625/288 701/1/288
f 444/626/289 584/625/289 585/627/289
f 448/628/290 586/629/290 587/630/290
f 449/631/291 591/632/291 590/633/291
f 539/13/292 619/634/292 626/635/292
f 470/636/293 601/637/293 602/638/293
f 473/639/294 604/640/294 603/641/294
f 477/642/295 607/643/295 605/644/295
f 482/645/296 606/646/296 607/643/296
f 703/27/297 608/647/297 609/648/297
f 595/649/298 596/650/298 704/651/298
f 463/652/299 598/653/299 594/654/299
f 464/655/300 599/656/300 597/657/300
f 467/658/301 600/659/301 599/656/301
f 518/660/302 644/36/302 643/661/302
f 489/662/303 643/661/303 612/663/303
f 490/664/304 614/665/304 613/666/304
f 494/667/305 616/668/305 615/669/305
f 497/670/306 617/671/306 618/672/306
f 703/27/21 652/673/21 705/48/21
f 442/674/22 589/675/22 588/676/22
f 539/13/23 626/635/23 625/677/23
f 465/678/24 592/679/24 593/680/24
f 654/3/1 632/370/1 653/681/1
f 653/681/2 628/682/2 655/683/2
f 655/683/3 623/684/3 656/6/3
f 528/685/4 656/686/4 657/9/4
f 526/687/5 657/9/5 658/688/5
f 537/13/6 660/689/6 659/15/6
f 538/690/7 661/17/7 660/689/7
f 534/18/8 662/691/8 661/20/8
f 531/692/9 663/693/9 662/691/9
f 530/694/10 664/695/10 663/693/10
f 666/696/11 635/396/11 665/27/11
f 667/697/12 636/29/12 666/696/12
f 668/30/13 637/31/13 667/697/13
f 514/698/14 669/699/14 668/30/14
f 515/700/15 670/35/15 669/699/15
f 511/660/16 672/409/16 671/37/16
f 510/701/17 671/37/17 673/702/17
f 521/703/18 673/702/18 674/42/18
f 516/46/19 674/42/19 675/704/19
f 520/705/20 675/704/20 676/706/20
f 665/27/21 707/707/21 708/48/21
f 527/708/22 658/688/22 664/695/22
f 712/709/23 659/15/23 716/51/23
f 676/706/24 645/710/24 670/35/24
f 502/711/23 804/426/23 803/409/23
f 705/48/21 611/712/21 702/622/21
f 520/705/24 670/35/24 517/713/24
f 716/51/23 631/635/23 715/50/23
f 664/695/22 620/49/22 621/714/22
f 505/25/21 708/48/21 706/47/21
f 676/706/20 646/715/20 642/716/20
f 675/704/19 647/717/19 646/715/19
f 674/42/18 638/41/18 647/717/18
f 673/702/17 639/661/17 638/41/17
f 671/37/16 648/36/16 639/661/16
f 669/699/15 645/710/15 641/718/15
f 668/30/14 641/718/14 640/719/14
f 514/698/13 667/697/13 509/720/13
f 509/720/12 666/696/12 508/395/12
f 508/395/11 665/27/11 505/25/11
f 663/693/10 621/714/10 624/721/10
f 662/691/9 624/721/9 627/722/9
f 661/20/8 627/722/8 629/723/8
f 660/689/7 629/724/7 633/634/7
f 659/15/6 633/634/6 631/635/6
f 658/688/5 622/11/5 620/49/5
f 657/9/4 623/8/4 622/11/4
f 532/7/3 656/6/3 529/725/3
f 533/371/2 655/683/2 532/7/2
f 535/2/1 653/681/1 533/371/1
f 700/45/24 419/713/24 432/705/24
f 711/51/23 422/726/23 709/709/23
f 682/12/22 407/727/22 396/728/22
f 721/48/21 409/396/21 717/707/21
f 431/52/20 699/43/20 429/715/20
f 429/715/19 698/42/19 427/717/19
f 697/40/18 428/44/18 426/701/18
f 696/37/17 426/701/17 424/729/17
f 695/38/16 424/729/16 422/726/16
f 693/33/15 420/710/15 418/718/15
f 692/30/14 418/718/14 416/719/14
f 415/32/13 691/28/13 414/720/13
f 414/720/12 690/26/12 412/395/12
f 689/27/11 411/29/11 409/396/11
f 687/22/10 408/714/10 406/730/10
f 686/19/9 406/730/9 404/722/9
f 685/20/8 404/722/8 401/723/8
f 684/14/7 401/724/7 399/634/7
f 683/15/6 399/634/6 397/635/6
f 681/9/5 396/728/5 394/731/5
f 680/10/4 394/731/4 392/732/4
f 391/684/3 679/4/3 389/682/3
f 389/682/2 678/1/2 387/370/2
f 387/370/1 677/3/1 385/733/1
f 651/734/21 702/622/21 484/735/21
f 486/736/21 705/48/21 651/734/21
f 485/737/297 703/27/297 486/736/297
f 483/738/287 702/622/287 701/1/287
f 706/47/21 654/3/21 535/2/21
f 708/48/21 630/733/21 654/3/21
f 683/15/23 709/709/23 398/13/23
f 397/635/23 711/51/23 683/15/23
f 672/409/23 715/50/23 648/36/23
f 512/739/23 716/51/23 672/409/23
f 631/618/228 714/614/228 715/616/228
f 536/740/21 714/741/21 578/742/21
f 512/743/227 713/744/227 712/363/227
f 677/3/21 717/707/21 385/733/21
f 507/745/23 720/746/23 634/747/23
f 409/615/228 720/617/228 717/616/228
f 507/748/227 718/363/227 719/360/227
f 386/2/21 721/48/21 677/3/21
f 856/320/21 727/749/21 852/320/21
f 887/605/23 737/750/23 883/605/23
f 799/751/227 857/752/227 867/752/227
f 740/753/226 887/754/226 886/755/226
f 739/756/225 886/755/225 885/757/225
f 738/758/224 885/757/224 884/759/224
f 736/760/221 862/613/221 861/761/221
f 735/762/220 861/761/220 860/763/220
f 734/764/219 860/765/219 859/766/219
f 733/767/218 859/766/218 858/768/218
f 732/769/286 858/768/286 857/770/286
f 730/771/197 856/772/197 855/773/197
f 729/774/196 855/773/196 854/775/196
f 853/776/195 729/774/195 854/775/195
f 726/777/192 873/369/192 872/778/192
f 725/779/191 872/778/191 871/780/191
f 870/781/190 725/782/190 871/783/190
f 869/784/189 724/785/189 870/781/189
f 868/786/285 723/787/285 869/784/285
f 835/320/21 745/749/21 829/320/21
f 780/788/228 819/789/228 825/789/228
f 824/352/23 755/790/23 818/352/23
f 760/791/226 824/792/226 823/755/226
f 759/793/225 823/755/225 822/757/225
f 758/794/224 822/757/224 821/759/224
f 757/795/223 821/796/223 820/797/223
f 756/798/222 820/797/222 819/799/222
f 754/760/221 839/367/221 838/761/221
f 753/800/220 838/761/220 837/801/220
f 752/802/219 837/765/219 836/347/219
f 750/771/197 835/803/197 834/773/197
f 749/804/196 834/773/196 833/805/196
f 832/776/195 749/804/195 833/805/195
f 831/806/194 748/807/194 832/808/194
f 830/809/193 747/810/193 831/806/193
f 744/811/192 808/369/192 807/778/192
f 743/812/191 807/778/191 806/780/191
f 805/781/190 743/782/190 806/783/190
f 746/788/228 825/789/228 809/789/228
f 338/281/24 773/339/24 293/260/24
f 145/155/228 846/368/228 830/368/228
f 52/112/22 764/306/22 5/77/22
f 778/344/212 338/281/212 357/280/212
f 777/343/211 357/280/211 363/273/211
f 776/342/210 363/273/210 343/274/210
f 775/340/209 343/274/209 342/268/209
f 774/341/208 342/268/208 337/270/208
f 772/338/207 195/198/207 214/197/207
f 771/334/206 214/197/206 219/184/206
f 769/312/183 52/112/183 85/111/183
f 768/310/182 85/111/182 92/102/182
f 767/311/181 92/102/181 71/104/181
f 766/307/180 71/813/180 70/97/180
f 765/308/179 70/97/179 51/99/179
f 763/304/173 99/132/173 118/131/173
f 762/305/172 118/131/172 123/138/172
f 722/751/227 867/752/227 847/752/227
f 339/553/24 795/590/24 292/541/24
f 53/112/22 786/566/22 4/442/22
f 289/533/227 888/612/227 868/612/227
f 797/344/212 339/553/212 358/280/212
f 796/343/211 358/280/211 364/273/211
f 794/338/207 194/500/207 213/197/207
f 793/334/206 213/197/206 220/184/206
f 792/589/205 220/184/205 199/496/205
f 791/587/204 199/496/204 198/491/204
f 790/588/203 198/491/203 193/493/203
f 788/312/183 53/112/183 86/111/183
f 787/575/182 86/111/182 91/448/182
f 785/304/173 98/468/173 117/131/173
f 784/305/172 117/131/172 124/138/172
f 783/565/171 124/119/171 103/465/171
f 782/563/170 103/465/170 102/460/170
f 781/564/169 102/460/169 97/462/169
f 803/409/23 650/814/23 568/815/23
f 804/426/23 550/816/23 650/814/23
f 569/410/244 803/409/244 568/815/244
f 800/383/234 551/817/234 550/816/234
f 809/789/228 774/215/228 337/215/228
f 805/781/190 316/256/190 296/243/190
f 806/780/191 309/250/191 316/256/191
f 807/778/192 290/251/192 309/250/192
f 241/215/222 820/797/222 246/213/222
f 246/213/223 821/796/223 248/218/223
f 248/218/224 822/757/224 267/231/224
f 822/757/225 261/225/225 267/231/225
f 823/755/226 243/226/226 261/225/226
f 243/207/23 818/352/23 196/207/23
f 825/789/228 241/215/228 774/215/228
f 751/749/21 808/369/21 745/749/21
f 817/350/221 755/790/221 754/760/221
f 816/351/220 754/760/220 753/800/220
f 815/349/219 753/818/219 752/802/219
f 813/326/197 751/819/197 750/771/197
f 812/324/196 750/771/196 749/804/196
f 748/820/195 812/324/195 749/804/195
f 747/810/194 811/323/194 748/807/194
f 746/616/193 810/321/193 747/810/193
f 830/368/228 780/788/228 746/788/228
f 830/809/193 150/153/193 145/155/193
f 831/806/194 151/821/194 150/153/194
f 832/776/195 172/173/195 151/158/195
f 833/805/196 166/167/196 172/173/196
f 834/773/197 147/168/197 166/167/197
f 7/56/219 837/765/219 28/822/219
f 837/801/220 22/63/220 28/70/220
f 838/761/221 2/64/221 22/63/221
f 147/143/21 829/320/21 100/143/21
f 846/368/228 756/788/228 780/788/228
f 761/790/23 839/367/23 755/790/23
f 844/358/226 761/823/226 760/791/226
f 843/356/225 760/791/225 759/793/225
f 842/357/224 759/793/224 758/794/224
f 841/353/223 758/824/223 757/795/223
f 840/354/222 757/795/222 756/798/222
f 828/318/192 745/749/192 744/811/192
f 827/319/191 744/811/191 743/812/191
f 742/785/190 827/316/190 743/782/190
f 847/752/227 781/432/227 97/432/227
f 853/776/195 171/173/195 152/158/195
f 854/775/196 165/481/196 171/173/196
f 855/773/197 146/168/197 165/481/197
f 1/432/286 858/768/286 6/430/286
f 6/430/218 859/766/218 8/434/218
f 8/434/219 860/765/219 27/822/219
f 860/763/220 21/63/220 27/70/220
f 861/761/221 3/439/221 21/63/221
f 867/752/227 1/432/227 781/432/227
f 146/143/21 852/320/21 101/143/21
f 741/750/23 862/613/23 737/750/23
f 865/610/226 741/825/226 740/753/226
f 864/608/225 740/753/225 739/756/225
f 863/609/224 739/756/224 738/758/224
f 851/580/192 727/749/192 726/777/192
f 850/581/191 726/777/191 725/779/191
f 724/785/190 850/316/190 725/782/190
f 723/787/189 849/579/189 724/785/189
f 722/826/285 848/577/285 723/787/285
f 868/612/227 799/751/227 722/751/227
f 868/786/285 294/531/285 289/533/285
f 869/784/189 295/243/189 294/531/189
f 870/781/190 315/256/190 295/243/190
f 871/780/191 310/250/191 315/256/191
f 872/778/192 291/251/192 310/250/192
f 247/512/224 885/757/224 268/231/224
f 885/757/225 262/225/225 268/231/225
f 886/755/226 242/519/226 262/225/226
f 242/507/23 883/605/23 197/507/23
f 731/749/21 873/369/21 727/749/21
f 888/612/227 732/751/227 799/751/227
f 882/350/221 737/750/221 736/760/221
f 881/604/220 736/760/220 735/762/220
f 880/603/219 735/818/219 734/764/219
f 879/601/218 734/764/218 733/767/218
f 878/602/286 733/767/286 732/769/286
f 876/326/197 731/827/197 730/771/197
f 875/585/196 730/771/196 729/774/196
f 728/828/195 875/585/195 729/774/195
f 678/1/1 388/5/1 386/2/1
f 679/4/2 390/7/2 388/5/2
f 680/6/3 392/725/3 390/7/3
f 391/8/4 393/11/4 681/9/4
f 393/11/5 395/49/5 682/12/5
f 398/13/6 400/16/6 684/14/6
f 400/16/7 402/829/7 685/17/7
f 402/18/8 403/21/8 686/19/8
f 403/21/9 405/23/9 687/22/9
f 405/23/10 407/727/10 688/24/10
f 410/25/11 412/395/11 690/26/11
f 691/28/12 413/31/12 411/29/12
f 692/30/13 416/719/13 413/31/13
f 415/32/14 417/34/14 693/33/14
f 417/34/15 419/713/15 694/35/15
f 421/36/16 423/39/16 696/37/16
f 423/39/17 425/41/17 697/40/17
f 425/41/18 427/717/18 698/42/18
f 699/43/19 430/46/19 428/44/19
f 700/45/20 432/705/20 430/46/20
f 718/47/21 410/25/21 689/27/21
f 395/49/22 408/714/22 688/24/22
f 710/50/23 421/36/23 695/38/23
f 431/52/24 420/710/24 694/35/24
f 435/55/307 433/830/307 11/53/307
f 433/830/308 7/56/308 11/53/308
f 7/56/26 28/822/26 29/57/26
f 437/60/309 434/54/309 16/58/309
f 434/54/310 11/53/310 16/58/310
f 11/53/311 29/57/311 32/61/311
f 17/62/312 23/66/312 22/63/312
f 20/65/313 25/71/313 23/66/313
f 43/67/314 45/73/314 25/68/314
f 23/66/315 29/72/315 28/70/315
f 25/71/316 32/831/316 29/72/316
f 45/73/317 47/83/317 32/74/317
f 34/75/318 40/79/318 37/76/318
f 34/75/319 35/303/319 41/78/319
f 41/80/37 35/443/37 438/81/37
f 37/76/320 40/79/320 45/73/320
f 40/79/321 41/78/321 47/83/321
f 441/832/40 436/59/40 47/84/40
f 436/59/322 16/58/322 47/84/322
f 41/80/323 439/833/323 440/85/323
f 440/85/40 441/832/40 47/84/40
f 54/86/324 60/90/324 58/87/324
f 57/89/325 63/92/325 60/90/325
f 76/91/44 78/95/44 63/92/44
f 60/90/326 66/94/326 65/93/326
f 63/92/327 68/96/327 66/94/327
f 78/95/328 80/834/328 68/96/328
f 70/97/329 73/101/329 72/98/329
f 70/97/330 71/813/330 74/100/330
f 92/102/50 94/108/50 74/103/50
f 72/98/331 73/101/331 78/105/331
f 73/101/332 74/100/332 80/107/332
f 94/108/333 96/117/333 80/109/333
f 81/110/334 87/114/334 85/111/334
f 81/110/335 83/115/335 89/113/335
f 83/115/336 65/835/336 66/116/336
f 85/111/337 87/114/337 94/108/337
f 87/114/338 89/113/338 96/117/338
f 89/113/339 66/116/339 68/118/339
f 123/119/61 126/129/61 443/120/61
f 444/124/340 445/126/340 110/122/340
f 110/122/259 107/146/259 446/123/259
f 447/127/341 448/836/341 112/125/341
f 112/125/342 110/122/342 445/126/342
f 126/129/64 127/152/64 449/128/64
f 127/152/343 112/125/343 448/836/343
f 449/128/64 127/152/64 450/837/64
f 448/836/344 450/837/344 127/152/344
f 114/130/345 119/134/345 118/131/345
f 114/130/346 115/135/346 122/133/346
f 115/135/347 140/149/347 141/136/347
f 118/131/348 119/134/348 126/137/348
f 119/134/349 122/133/349 127/139/349
f 122/133/350 141/136/350 143/140/350
f 130/141/351 135/145/351 133/142/351
f 131/144/352 137/150/352 135/145/352
f 107/146/73 110/122/73 137/147/73
f 135/145/353 141/136/353 140/149/353
f 137/150/354 143/140/354 141/136/354
f 110/122/355 112/125/355 143/151/355
f 150/153/356 154/157/356 153/154/356
f 150/153/357 151/821/357 156/156/357
f 151/158/80 172/173/80 174/159/80
f 153/154/358 154/157/358 158/161/358
f 154/157/359 156/156/359 159/163/359
f 156/160/360 174/159/360 176/164/360
f 161/166/361 167/170/361 166/167/361
f 163/169/362 170/172/362 167/170/362
f 188/171/363 190/174/363 170/172/363
f 167/170/364 174/159/364 172/173/364
f 170/172/365 176/164/365 174/159/365
f 190/174/366 191/182/366 176/164/366
f 178/175/367 183/179/367 182/176/367
f 178/175/368 180/181/368 185/178/368
f 157/180/92 158/183/92 185/178/92
f 182/176/369 183/179/369 190/174/369
f 183/179/370 185/178/370 191/182/370
f 158/183/371 159/165/371 191/182/371
f 219/184/97 222/203/97 452/185/97
f 453/192/372 206/188/372 454/187/372
f 206/188/270 204/210/270 455/189/270
f 456/838/373 207/191/373 457/190/373
f 207/191/271 206/188/271 453/192/271
f 458/193/374 452/839/374 222/203/374
f 223/194/375 207/191/375 456/838/375
f 223/194/375 456/838/375 459/195/375
f 458/193/374 222/203/374 223/194/374
f 209/196/376 216/200/376 214/197/376
f 209/196/377 212/201/377 217/199/377
f 212/201/378 235/212/378 238/202/378
f 214/197/379 216/200/379 222/203/379
f 216/200/380 217/199/380 223/194/380
f 217/199/381 238/202/381 239/204/381
f 226/205/382 231/209/382 229/206/382
f 227/208/383 233/211/383 231/209/383
f 204/210/109 206/188/109 233/211/109
f 231/209/384 238/202/384 235/212/384
f 233/211/385 239/204/385 238/202/385
f 206/188/386 207/191/386 239/204/386
f 246/213/387 250/217/387 249/214/387
f 246/213/388 248/218/388 251/216/388
f 248/218/116 267/231/116 269/219/116
f 249/214/389 250/217/389 254/220/389
f 250/217/390 251/216/390 255/222/390
f 251/216/391 269/219/391 271/223/391
f 257/224/392 263/228/392 261/225/392
f 259/227/393 265/230/393 263/228/393
f 283/229/394 285/232/394 265/230/394
f 263/228/395 269/219/395 267/231/395
f 265/230/396 271/223/396 269/219/396
f 285/232/397 287/239/397 271/223/397
f 273/233/398 280/237/398 278/234/398
f 273/233/399 276/238/399 282/236/399
f 253/221/128 254/220/128 282/236/128
f 278/234/400 280/237/400 285/232/400
f 280/237/401 282/236/401 287/239/401
f 254/220/402 255/222/402 287/239/402
f 461/242/403 460/840/403 300/240/403
f 460/840/404 296/243/404 300/240/404
f 296/243/134 316/256/134 317/244/134
f 463/247/405 462/241/405 303/245/405
f 462/241/406 300/240/406 303/245/406
f 300/240/407 317/244/407 320/248/407
f 305/249/408 311/253/408 309/250/408
f 307/252/409 313/255/409 311/253/409
f 331/254/410 333/257/410 313/255/410
f 311/253/411 317/244/411 316/256/411
f 313/255/412 320/248/412 317/244/412
f 333/257/413 335/265/413 320/248/413
f 321/258/414 327/262/414 325/259/414
f 321/258/415 324/337/415 329/261/415
f 329/261/145 324/337/145 465/263/145
f 325/259/416 327/262/416 333/257/416
f 327/262/417 329/261/417 335/265/417
f 467/267/418 464/246/418 335/265/418
f 464/246/419 303/245/419 335/265/419
f 335/265/148 329/261/148 468/266/148
f 329/261/420 466/264/420 468/266/420
f 342/268/421 345/272/421 344/269/421
f 342/268/422 343/274/422 346/271/422
f 363/273/152 365/278/152 346/271/152
f 344/269/423 345/272/423 350/275/423
f 345/272/424 346/271/424 351/277/424
f 365/278/425 367/286/425 351/277/425
f 354/279/426 359/283/426 357/280/426
f 354/279/427 356/284/427 361/282/427
f 356/284/428 379/294/428 382/285/428
f 357/280/429 359/283/429 365/278/429
f 359/283/430 361/282/430 367/286/430
f 361/282/431 382/285/431 384/287/431
f 370/288/432 375/292/432 374/289/432
f 372/291/433 377/293/433 375/292/433
f 348/276/164 350/275/164 377/293/164
f 375/292/434 382/285/434 379/294/434
f 377/293/435 384/287/435 382/285/435
f 350/275/436 351/277/436 384/287/436
f 472/297/169 470/841/169 471/842/169
f 469/295/169 474/843/169 473/296/169
f 472/297/169 471/842/169 469/295/169
f 476/300/170 473/296/170 474/843/170
f 475/298/170 478/844/170 477/299/170
f 476/300/170 474/843/170 475/298/170
f 438/81/171 35/443/171 479/845/171
f 35/443/171 762/302/171 479/845/171
f 762/302/171 123/119/171 481/846/171
f 123/119/171 442/121/171 481/846/171
f 477/299/171 478/844/171 762/302/171
f 478/844/171 480/847/171 762/302/171
f 480/847/171 479/845/171 762/302/171
f 762/302/171 481/846/171 482/301/171
f 35/303/172 34/75/172 763/304/172
f 34/75/173 5/77/173 764/306/173
f 50/88/174 58/87/174 17/62/174
f 58/87/175 65/93/175 20/65/175
f 20/69/176 65/835/176 83/115/176
f 43/67/177 83/115/177 81/110/177
f 37/76/178 81/110/178 52/112/178
f 145/155/179 153/154/179 766/307/179
f 153/154/180 157/162/180 767/309/180
f 157/180/181 180/181/181 768/310/181
f 180/181/182 178/175/182 769/312/182
f 178/175/183 148/177/183 770/313/183
f 100/143/184 133/142/184 161/166/184
f 133/142/185 140/149/185 163/169/185
f 163/169/186 140/149/186 115/135/186
f 188/171/187 115/135/187 114/130/187
f 182/176/188 114/130/188 99/132/188
f 483/848/189 446/123/189 107/146/189
f 483/848/189 107/146/189 484/849/189
f 107/146/189 826/317/189 484/849/189
f 742/785/189 805/781/189 651/850/189
f 805/781/189 296/243/189 486/315/189
f 484/849/189 826/317/189 651/850/189
f 826/317/189 742/785/189 651/850/189
f 296/243/189 460/840/189 485/314/189
f 486/315/189 651/850/189 805/781/189
f 107/146/190 131/148/190 827/316/190
f 131/144/191 130/141/191 828/318/191
f 130/141/192 100/143/192 829/320/192
f 337/270/193 344/269/193 810/321/193
f 344/269/194 348/276/194 811/323/194
f 348/276/195 372/291/195 812/324/195
f 372/291/196 370/288/196 813/326/196
f 370/288/197 341/290/197 814/327/197
f 338/281/198 293/260/198 325/259/198
f 354/279/199 325/259/199 331/254/199
f 356/284/200 331/254/200 307/252/200
f 307/252/201 305/249/201 374/289/201
f 305/249/202 290/251/202 341/290/202
f 491/330/203 487/851/203 488/852/203
f 487/851/203 489/853/203 488/852/203
f 488/852/203 490/328/203 491/330/203
f 495/333/204 492/329/204 493/854/204
f 492/329/204 490/328/204 493/854/204
f 493/854/204 494/331/204 495/333/204
f 497/855/205 465/263/205 324/337/205
f 771/334/205 219/184/205 500/335/205
f 219/184/205 451/856/205 500/335/205
f 497/855/205 324/337/205 771/334/205
f 496/332/205 494/331/205 771/334/205
f 494/331/205 498/857/205 771/334/205
f 498/857/205 497/855/205 771/334/205
f 499/336/205 496/332/205 771/334/205
f 324/337/206 321/258/206 772/338/206
f 321/258/207 293/260/207 773/339/207
f 241/215/208 249/214/208 775/340/208
f 249/214/209 253/221/209 776/342/209
f 253/221/210 276/238/210 777/343/210
f 276/238/211 273/233/211 778/344/211
f 273/233/212 244/235/212 779/345/212
f 196/207/213 229/206/213 257/224/213
f 229/206/214 235/212/214 259/227/214
f 259/227/215 235/212/215 212/201/215
f 283/229/216 212/201/216 209/196/216
f 278/234/217 209/196/217 195/198/217
f 501/858/437 455/189/437 204/210/437
f 501/858/218 204/210/218 502/859/218
f 204/210/218 815/349/218 502/859/218
f 502/859/218 815/349/218 649/860/218
f 815/349/218 752/802/218 649/860/218
f 649/860/218 752/802/218 836/347/218
f 504/346/218 649/860/218 836/347/218
f 7/56/438 433/830/438 503/861/438
f 503/861/218 504/346/218 7/56/218
f 204/210/219 227/208/219 816/348/219
f 227/208/220 226/205/220 817/350/220
f 226/205/221 196/207/221 818/352/221
f 51/99/222 72/98/222 841/353/222
f 72/98/223 76/106/223 842/355/223
f 76/91/224 57/89/224 843/356/224
f 57/89/225 54/86/225 844/358/225
f 54/86/226 50/88/226 845/359/226
f 719/360/227 718/363/227 386/361/227
f 712/363/227 713/744/227 536/364/227
f 523/862/227 513/863/227 512/743/227
f 523/862/227 512/743/227 511/864/227
f 489/533/227 487/533/227 432/865/227
f 487/533/227 519/866/227 520/865/227
f 432/865/227 487/533/227 517/865/227
f 519/866/227 523/862/227 511/864/227
f 519/866/227 511/864/227 510/867/227
f 518/866/227 489/533/227 419/865/227
f 410/743/227 507/748/227 522/862/227
f 522/862/227 518/866/227 412/864/227
f 489/533/227 432/865/227 419/865/227
f 519/866/227 510/867/227 521/868/227
f 519/866/227 521/868/227 516/869/227
f 412/864/227 410/743/227 522/862/227
f 414/867/227 412/864/227 518/866/227
f 519/866/227 516/869/227 520/865/227
f 520/865/227 517/865/227 487/533/227
f 415/868/227 414/867/227 518/866/227
f 417/869/227 415/868/227 518/866/227
f 419/865/227 417/869/227 518/866/227
f 538/870/227 537/361/227 540/871/227
f 537/361/227 536/364/227 540/871/227
f 534/872/227 538/870/227 525/873/227
f 538/870/227 540/871/227 525/873/227
f 525/873/227 471/432/227 527/365/227
f 471/432/227 470/432/227 407/365/227
f 531/874/227 534/872/227 525/873/227
f 471/432/227 407/365/227 526/365/227
f 470/432/227 524/873/227 396/365/227
f 407/365/227 470/432/227 396/365/227
f 539/871/227 506/362/227 386/361/227
f 524/873/227 539/871/227 388/870/227
f 530/366/227 531/874/227 525/873/227
f 527/365/227 530/366/227 525/873/227
f 539/871/227 386/361/227 388/870/227
f 388/870/227 390/875/227 524/873/227
f 527/365/227 471/432/227 526/365/227
f 390/875/227 392/874/227 524/873/227
f 392/874/227 394/366/227 524/873/227
f 430/869/227 432/865/227 515/869/227
f 432/865/227 517/865/227 515/869/227
f 428/868/227 430/869/227 515/869/227
f 428/868/227 515/869/227 514/868/227
f 426/867/227 428/868/227 514/868/227
f 426/867/227 514/868/227 509/867/227
f 424/864/227 426/867/227 509/867/227
f 424/864/227 509/867/227 508/864/227
f 422/743/227 424/864/227 508/864/227
f 422/743/227 508/864/227 505/743/227
f 709/363/227 422/743/227 505/743/227
f 709/363/227 505/743/227 706/363/227
f 398/361/227 709/363/227 706/363/227
f 398/361/227 706/363/227 535/361/227
f 400/870/227 398/361/227 535/361/227
f 400/870/227 535/361/227 533/870/227
f 402/872/227 400/870/227 533/870/227
f 402/872/227 533/870/227 532/875/227
f 403/874/227 402/872/227 532/875/227
f 403/874/227 532/875/227 529/874/227
f 405/366/227 403/874/227 528/366/227
f 403/874/227 529/874/227 528/366/227
f 407/365/227 405/366/227 528/366/227
f 394/366/227 396/365/227 524/873/227
f 770/313/22 148/177/22 99/132/22
f 845/367/23 50/64/23 2/64/23
f 765/155/228 51/155/228 840/368/228
f 814/369/21 341/251/21 290/251/21
f 779/345/24 244/235/24 195/198/24
f 540/2/229 541/733/229 542/370/229
f 544/876/439 469/877/439 471/372/439
f 471/372/440 525/371/440 542/370/440
f 543/373/439 544/876/439 471/372/439
f 545/374/231 546/878/231 475/375/231
f 474/376/231 469/877/231 545/374/231
f 469/877/231 544/876/231 545/374/231
f 547/379/232 548/381/232 480/879/232
f 478/377/232 475/880/232 546/378/232
f 547/379/441 480/879/441 478/377/441
f 479/380/233 480/879/233 548/381/233
f 800/383/234 504/881/234 503/384/234
f 552/386/442 551/817/442 801/14/442
f 801/14/443 503/384/443 433/882/443
f 433/882/235 435/883/235 801/14/235
f 435/883/235 553/385/235 801/14/235
f 553/388/236 435/884/236 434/389/236
f 434/389/236 437/885/236 555/387/236
f 437/885/236 554/886/236 555/387/236
f 554/886/444 437/885/444 557/392/444
f 437/885/444 436/390/444 557/392/444
f 436/390/444 441/393/444 556/391/444
f 441/393/445 440/887/445 558/394/445
f 519/395/239 560/29/239 559/396/239
f 561/397/446 560/29/446 519/395/446
f 487/398/240 491/888/240 562/399/240
f 561/397/447 519/395/447 487/398/447
f 563/402/241 562/399/241 491/888/241
f 492/400/241 495/889/241 564/401/241
f 563/402/241 491/888/241 492/400/241
f 565/405/448 564/401/448 495/889/448
f 496/403/448 499/406/448 566/404/448
f 565/405/448 495/889/448 496/403/448
f 499/406/243 500/890/243 567/407/243
f 501/408/244 502/711/244 803/409/244
f 570/411/449 571/413/449 802/37/449
f 571/413/449 454/412/449 802/37/449
f 455/891/450 501/408/450 802/37/450
f 454/412/449 455/891/449 802/37/449
f 572/414/246 573/416/246 453/892/246
f 573/416/246 457/893/246 453/892/246
f 453/892/246 454/412/246 572/414/246
f 574/417/451 575/419/451 459/894/451
f 456/415/451 457/893/451 573/416/451
f 574/417/247 459/894/247 456/415/247
f 458/418/248 459/894/248 575/419/248
f 577/421/21 714/741/21 513/895/21
f 714/741/21 713/896/21 513/895/21
f 513/895/21 523/25/21 577/421/21
f 438/897/22 479/380/22 549/898/22
f 438/897/22 549/898/22 580/423/22
f 558/394/22 440/887/22 439/422/22
f 439/422/22 438/897/22 580/423/22
f 579/424/22 558/394/22 439/422/22
f 649/425/23 504/881/23 800/383/23
f 567/407/24 500/890/24 451/899/24
f 452/427/24 458/418/24 581/428/24
f 458/418/24 576/420/24 581/428/24
f 567/407/24 451/899/24 582/429/24
f 451/899/24 452/427/24 582/429/24
f 6/430/452 10/433/452 9/431/452
f 6/430/308 8/434/308 12/53/308
f 8/434/26 27/822/26 30/57/26
f 9/431/453 10/433/453 14/435/453
f 10/433/310 12/53/310 15/437/310
f 12/53/311 30/57/311 31/61/311
f 18/438/312 24/66/312 21/63/312
f 19/65/313 26/71/313 24/66/313
f 44/440/454 46/73/454 26/68/454
f 24/66/315 30/72/315 27/70/315
f 26/71/316 31/831/316 30/72/316
f 46/73/317 48/83/317 31/74/317
f 33/75/318 39/79/318 38/441/318
f 33/75/319 36/303/319 42/78/319
f 13/436/37 14/435/37 42/80/37
f 38/441/455 39/79/455 46/73/455
f 39/79/321 42/78/321 48/83/321
f 14/435/322 15/437/322 48/84/322
f 55/444/324 61/447/324 59/445/324
f 56/446/325 62/92/325 61/447/325
f 75/91/44 77/95/44 62/92/44
f 61/447/326 67/94/326 64/93/326
f 62/92/327 69/96/327 67/94/327
f 77/95/328 79/834/328 69/96/328
f 91/448/50 93/108/50 579/449/50
f 555/454/331 77/105/331 553/451/331
f 77/105/51 75/106/51 552/452/51
f 557/900/332 79/107/332 554/453/332
f 79/107/52 77/105/52 555/454/52
f 95/455/456 79/109/456 557/901/456
f 95/455/456 557/901/456 556/902/456
f 558/456/256 579/903/256 93/108/256
f 95/455/457 556/902/457 558/456/457
f 82/457/334 88/458/334 86/111/334
f 82/457/335 84/459/335 90/113/335
f 84/459/336 64/835/336 67/116/336
f 86/111/337 88/458/337 93/108/337
f 88/458/338 90/113/338 95/455/338
f 90/113/458 67/116/458 69/118/458
f 102/460/459 105/464/459 104/461/459
f 102/460/460 103/465/460 106/463/460
f 124/119/61 125/129/61 106/463/61
f 104/461/340 105/464/340 109/466/340
f 105/464/341 106/463/341 111/125/341
f 125/129/461 128/152/461 111/125/461
f 113/467/345 120/470/345 117/131/345
f 113/467/346 116/471/346 121/469/346
f 116/471/347 139/149/347 142/472/347
f 117/131/348 120/470/348 125/137/348
f 120/470/349 121/469/349 128/139/349
f 121/469/350 142/472/350 144/140/350
f 129/473/351 136/145/351 134/142/351
f 132/144/352 138/150/352 136/145/352
f 108/146/73 109/466/73 138/147/73
f 136/145/353 142/472/353 139/149/353
f 138/150/354 144/140/354 142/472/354
f 109/466/355 111/125/355 144/151/355
f 583/475/357 152/821/357 155/156/357
f 155/156/79 585/478/79 584/474/79
f 152/158/80 171/173/80 173/476/80
f 585/478/359 155/156/359 160/163/359
f 160/163/82 587/904/82 586/477/82
f 155/160/462 173/476/462 175/479/462
f 162/166/361 168/170/361 165/481/361
f 164/169/362 169/172/362 168/170/362
f 187/482/463 189/483/463 169/172/463
f 168/170/364 173/476/364 171/173/364
f 169/172/365 175/479/365 173/476/365
f 189/483/464 192/182/464 175/479/464
f 177/175/367 184/179/367 181/484/367
f 177/175/368 179/181/368 186/486/368
f 186/486/92 179/181/92 588/487/92
f 181/484/369 184/179/369 189/483/369
f 184/179/370 186/486/370 192/182/370
f 587/905/371 160/480/371 192/182/371
f 186/486/465 589/488/465 590/489/465
f 591/490/466 587/905/466 192/182/466
f 192/182/467 186/486/467 590/489/467
f 198/491/468 201/495/468 200/492/468
f 198/491/469 199/496/469 202/494/469
f 220/184/97 221/498/97 202/494/97
f 200/492/372 201/495/372 205/188/372
f 201/495/373 202/494/373 208/191/373
f 221/498/470 224/194/470 208/191/470
f 210/499/376 215/501/376 213/197/376
f 210/499/377 211/502/377 218/199/377
f 211/502/378 236/508/378 237/503/378
f 213/197/379 215/501/379 221/498/379
f 215/501/380 218/199/380 224/194/380
f 218/199/381 237/503/381 240/504/381
f 225/505/382 232/209/382 230/506/382
f 228/208/383 234/211/383 232/209/383
f 203/497/109 205/188/109 234/211/109
f 232/209/384 237/503/384 236/508/384
f 234/211/385 240/504/385 237/503/385
f 205/188/386 208/191/386 240/504/386
f 247/512/388 252/511/388 570/510/388
f 252/511/471 572/516/471 571/509/471
f 247/512/116 268/231/116 270/513/116
f 572/516/390 252/511/390 256/514/390
f 256/514/118 574/906/118 573/515/118
f 252/511/472 270/513/472 272/517/472
f 258/518/392 264/228/392 262/225/392
f 260/520/393 266/522/393 264/228/393
f 284/521/473 286/523/473 266/522/473
f 264/228/395 270/513/395 268/231/395
f 266/522/396 272/517/396 270/513/396
f 286/523/474 288/528/474 272/517/474
f 274/233/398 279/237/398 277/234/398
f 274/233/399 275/599/399 281/525/399
f 281/525/128 275/599/128 582/526/128
f 277/234/400 279/237/400 286/523/400
f 279/237/401 281/525/401 288/528/401
f 574/906/402 256/514/402 288/528/402
f 281/525/475 581/527/475 576/529/475
f 575/530/277 574/906/277 288/528/277
f 288/528/277 281/525/277 576/529/277
f 294/531/476 298/534/476 297/532/476
f 294/531/404 295/243/404 299/240/404
f 295/243/134 315/256/134 318/244/134
f 297/532/477 298/534/477 302/535/477
f 298/534/406 299/240/406 304/537/406
f 299/240/407 318/244/407 319/538/407
f 306/539/408 312/540/408 310/250/408
f 308/252/409 314/255/409 312/540/409
f 332/254/478 334/257/478 314/255/478
f 312/540/411 318/244/411 315/256/411
f 314/255/412 319/538/412 318/244/412
f 334/257/413 336/544/413 319/538/413
f 322/258/414 328/542/414 326/259/414
f 322/258/415 323/543/415 330/261/415
f 301/536/145 302/535/145 330/261/145
f 326/259/479 328/542/479 334/257/479
f 328/542/417 330/261/417 336/544/417
f 302/535/419 304/537/419 336/544/419
f 364/273/152 366/552/152 593/545/152
f 595/548/423 594/549/423 349/275/423
f 349/275/153 347/561/153 596/547/153
f 598/550/424 597/907/424 352/277/424
f 352/277/154 349/275/154 594/549/154
f 366/552/284 368/286/284 600/551/284
f 368/286/480 352/277/480 597/907/480
f 600/551/284 368/286/284 599/908/284
f 597/907/481 599/908/481 368/286/481
f 353/279/426 360/555/426 358/280/426
f 353/279/427 355/556/427 362/554/427
f 355/556/428 380/562/428 381/285/428
f 358/280/429 360/555/429 366/552/429
f 360/555/430 362/554/430 368/286/430
f 362/554/482 381/285/482 383/557/482
f 369/288/432 376/292/432 373/558/432
f 371/560/433 378/293/433 376/292/433
f 347/561/164 349/275/164 378/293/164
f 376/292/434 381/285/434 380/562/434
f 378/293/435 383/557/435 381/285/435
f 349/275/436 352/277/436 383/557/436
f 1/432/169 9/431/169 782/563/169
f 9/431/170 13/436/170 783/565/170
f 13/436/171 36/443/171 784/302/171
f 36/303/172 33/75/172 785/304/172
f 33/75/173 4/442/173 786/566/173
f 49/88/174 59/445/174 18/438/174
f 59/445/175 64/93/175 19/65/175
f 19/69/176 64/835/176 84/459/176
f 44/440/177 84/459/177 82/457/177
f 38/441/178 82/457/178 53/112/178
f 603/568/179 545/909/179 544/569/179
f 544/569/179 543/910/179 601/567/179
f 543/910/179 602/911/179 601/567/179
f 605/571/180 547/912/180 546/572/180
f 546/572/180 545/909/180 604/570/180
f 545/909/180 603/568/180 604/570/180
f 588/487/181 179/181/181 606/913/181
f 179/181/181 787/575/181 606/913/181
f 787/575/181 91/448/181 549/914/181
f 91/448/181 580/450/181 549/914/181
f 547/574/181 605/915/181 787/575/181
f 605/915/181 607/916/181 787/575/181
f 607/916/181 606/913/181 787/575/181
f 787/575/181 549/914/181 548/573/181
f 179/181/182 177/175/182 788/312/182
f 177/175/183 149/485/183 789/576/183
f 101/143/184 134/142/184 162/166/184
f 134/142/185 139/149/185 164/169/185
f 164/169/186 139/149/186 116/471/186
f 187/482/187 116/471/187 113/467/187
f 181/484/188 113/467/188 98/468/188
f 97/462/285 104/461/285 848/577/285
f 104/461/189 108/146/189 849/579/189
f 108/146/190 132/148/190 850/316/190
f 132/144/191 129/473/191 851/580/191
f 129/473/192 101/143/192 852/320/192
f 596/547/194 347/561/194 608/917/194
f 347/561/194 874/583/194 609/582/194
f 608/917/194 347/561/194 609/582/194
f 728/918/194 853/919/194 652/584/194
f 853/919/194 152/821/194 611/920/194
f 652/584/194 853/919/194 611/920/194
f 874/583/194 728/918/194 652/584/194
f 152/821/194 583/475/194 610/921/194
f 152/821/194 610/921/194 611/920/194
f 347/561/195 371/560/195 875/585/195
f 371/560/196 369/288/196 876/326/196
f 369/288/197 340/559/197 877/586/197
f 339/553/198 292/541/198 326/259/198
f 353/279/199 326/259/199 332/254/199
f 355/556/200 332/254/200 308/252/200
f 308/252/201 306/539/201 373/558/201
f 306/539/202 291/251/202 340/559/202
f 289/533/203 297/532/203 791/587/203
f 297/532/204 301/536/204 792/589/204
f 301/536/205 323/543/205 793/334/205
f 323/543/206 322/258/206 794/338/206
f 322/258/207 292/541/207 795/590/207
f 612/922/208 561/923/208 614/593/208
f 561/923/208 562/591/208 614/593/208
f 562/591/208 563/924/208 613/592/208
f 613/592/209 563/924/209 616/596/209
f 563/924/209 564/594/209 616/596/209
f 564/594/209 565/925/209 615/595/209
f 567/926/210 582/927/210 275/599/210
f 796/343/210 364/273/210 618/597/210
f 364/273/210 592/546/210 618/597/210
f 567/926/210 275/599/210 796/343/210
f 615/595/210 565/925/210 796/343/210
f 565/925/210 566/928/210 796/343/210
f 566/928/210 567/926/210 796/343/210
f 617/598/210 615/595/210 796/343/210
f 275/599/211 274/233/211 797/344/211
f 274/233/212 245/524/212 798/600/212
f 197/507/213 230/506/213 258/518/213
f 230/506/214 236/508/214 260/520/214
f 260/520/215 236/508/215 211/502/215
f 284/521/216 211/502/216 210/499/216
f 277/234/217 210/499/217 194/500/217
f 193/493/286 200/492/286 879/601/286
f 200/492/218 203/497/218 880/603/218
f 203/497/219 228/208/219 881/348/219
f 228/208/220 225/505/220 882/350/220
f 225/505/221 197/507/221 883/605/221
f 551/929/483 552/452/483 75/106/483
f 551/929/223 75/106/223 550/930/223
f 75/106/223 863/355/223 550/930/223
f 550/930/223 863/355/223 650/931/223
f 863/355/223 738/932/223 650/931/223
f 650/931/223 738/932/223 884/607/223
f 568/606/223 650/931/223 884/607/223
f 247/512/484 570/510/484 569/933/484
f 569/933/223 568/606/223 247/512/223
f 75/91/224 56/446/224 864/608/224
f 56/446/225 55/444/225 865/610/225
f 55/444/226 49/88/226 866/611/226
f 790/533/227 193/533/227 878/612/227
f 789/576/22 149/485/22 98/468/22
f 866/613/23 49/439/23 3/439/23
f 714/614/228 577/934/228 648/615/228
f 720/617/228 625/935/228 385/618/228
f 560/936/485 561/937/485 642/938/485
f 561/937/228 612/937/228 431/938/228
f 561/937/228 431/938/228 645/938/228
f 612/937/486 643/936/486 420/938/486
f 431/938/228 612/937/228 420/938/228
f 648/615/228 577/934/228 559/939/228
f 559/939/228 560/936/228 639/940/228
f 642/938/228 561/937/228 645/938/228
f 644/939/228 634/941/228 409/615/228
f 643/936/228 644/939/228 411/942/228
f 639/940/228 648/615/228 559/939/228
f 638/943/228 639/940/228 560/936/228
f 644/939/228 409/615/228 411/942/228
f 411/942/228 413/943/228 643/936/228
f 647/944/228 638/943/228 560/936/228
f 646/945/228 647/944/228 560/936/228
f 413/943/228 416/944/228 643/936/228
f 416/944/228 418/945/228 643/936/228
f 642/938/228 646/945/228 560/936/228
f 418/945/228 420/938/228 643/936/228
f 645/938/228 431/938/228 429/945/228
f 641/945/228 645/938/228 429/945/228
f 641/945/228 429/945/228 427/944/228
f 640/944/228 641/945/228 427/944/228
f 640/944/228 427/944/228 425/943/228
f 637/943/228 640/944/228 425/943/228
f 637/943/228 425/943/228 423/940/228
f 636/942/228 637/943/228 423/940/228
f 636/942/228 423/940/228 421/615/228
f 635/615/228 636/942/228 421/615/228
f 635/615/228 421/615/228 710/616/228
f 707/616/228 635/615/228 710/616/228
f 707/616/228 710/616/228 397/618/228
f 630/618/228 707/616/228 397/618/228
f 630/618/228 397/618/228 399/946/228
f 632/946/228 630/618/228 399/946/228
f 632/946/228 399/946/228 401/947/228
f 628/947/228 632/946/228 401/947/228
f 628/947/228 401/947/228 623/948/228
f 401/947/228 404/948/228 623/948/228
f 623/948/228 404/948/228 406/620/228
f 622/620/228 623/948/228 406/620/228
f 622/620/228 406/620/228 408/619/228
f 620/619/228 622/620/228 408/619/228
f 578/949/228 631/618/228 541/950/228
f 631/618/228 633/946/228 541/950/228
f 541/950/228 633/946/228 542/621/228
f 633/946/228 629/947/228 542/621/228
f 602/951/228 543/951/228 408/619/228
f 543/951/485 542/621/485 621/619/485
f 408/619/228 543/951/228 620/619/228
f 542/621/228 629/947/228 627/948/228
f 619/621/486 602/951/486 395/619/486
f 385/618/228 625/935/228 626/950/228
f 626/950/228 619/621/228 387/946/228
f 602/951/228 408/619/228 395/619/228
f 543/951/228 621/619/228 620/619/228
f 542/621/228 627/948/228 624/620/228
f 542/621/228 624/620/228 621/619/228
f 387/946/228 385/618/228 626/950/228
f 389/947/228 387/946/228 619/621/228
f 391/948/228 389/947/228 619/621/228
f 393/620/228 391/948/228 619/621/228
f 877/369/21 340/251/21 291/251/21
f 798/600/24 245/524/24 194/500/24
f 702/622/287 611/712/287 610/623/287
f 584/625/288 444/626/288 701/1/288
f 444/626/288 446/952/288 701/1/288
f 446/952/288 483/738/288 701/1/288
f 701/1/487 610/623/487 583/624/487
f 585/627/488 586/953/488 445/954/488
f 586/953/488 447/955/488 445/954/488
f 445/954/488 444/626/488 585/627/488
f 587/630/290 591/632/290 450/956/290
f 448/628/290 447/957/290 586/629/290
f 587/630/290 450/956/290 448/628/290
f 449/631/291 450/956/291 591/632/291
f 539/13/292 524/16/292 619/634/292
f 602/638/489 619/634/489 524/16/489
f 470/636/293 472/958/293 601/637/293
f 602/638/490 524/16/490 470/636/490
f 601/959/294 472/960/294 473/639/294
f 473/639/294 476/961/294 604/640/294
f 603/641/491 601/959/491 473/639/491
f 604/640/295 476/961/295 477/642/295
f 477/642/295 482/645/295 607/643/295
f 605/644/295 604/640/295 477/642/295
f 482/645/296 481/962/296 606/646/296
f 703/27/297 704/651/297 608/647/297
f 704/651/492 485/737/492 460/963/492
f 460/963/298 461/964/298 704/651/298
f 461/964/298 595/649/298 704/651/298
f 596/650/298 608/647/298 704/651/298
f 594/654/299 595/649/299 462/965/299
f 595/649/493 461/964/493 462/965/493
f 462/965/299 463/652/299 594/654/299
f 597/657/300 598/653/300 463/652/300
f 464/655/300 467/658/300 599/656/300
f 597/657/300 463/652/300 464/655/300
f 467/658/301 468/966/301 600/659/301
f 518/660/302 522/726/302 644/36/302
f 612/663/494 614/665/494 488/967/494
f 489/662/495 518/660/495 643/661/495
f 612/663/494 488/967/494 489/662/494
f 613/666/304 616/668/304 493/968/304
f 490/664/304 488/967/304 614/665/304
f 613/666/304 493/968/304 490/664/304
f 615/669/305 617/671/305 498/969/305
f 494/667/305 493/968/305 616/668/305
f 615/669/305 498/969/305 494/667/305
f 497/670/306 498/969/306 617/671/306
f 703/27/21 609/648/21 652/673/21
f 443/970/22 449/631/22 589/675/22
f 449/631/22 590/633/22 589/675/22
f 606/971/22 481/962/22 442/674/22
f 442/674/22 443/970/22 589/675/22
f 588/676/22 606/971/22 442/674/22
f 625/677/23 720/746/23 506/972/23
f 720/746/23 719/973/23 506/972/23
f 506/972/23 539/13/23 625/677/23
f 600/659/24 468/966/24 466/974/24
f 465/678/24 497/670/24 618/672/24
f 600/659/24 466/974/24 593/680/24
f 466/974/24 465/678/24 593/680/24
f 465/678/24 618/672/24 592/679/24
f 654/3/1 630/733/1 632/370/1
f 653/681/2 632/370/2 628/682/2
f 655/683/3 628/682/3 623/684/3
f 528/685/4 529/732/4 656/686/4
f 526/687/5 528/685/5 657/9/5
f 537/13/6 538/690/6 660/689/6
f 538/690/7 534/829/7 661/17/7
f 534/18/8 531/692/8 662/691/8
f 531/692/9 530/694/9 663/693/9
f 530/694/10 527/708/10 664/695/10
f 666/696/11 636/29/11 635/396/11
f 667/697/12 637/31/12 636/29/12
f 668/30/13 640/719/13 637/31/13
f 514/698/14 515/700/14 669/699/14
f 515/700/15 517/713/15 670/35/15
f 511/660/16 512/739/16 672/409/16
f 510/701/17 511/660/17 671/37/17
f 521/703/18 510/701/18 673/702/18
f 516/46/19 521/703/19 674/42/19
f 520/705/20 516/46/20 675/704/20
f 665/27/21 635/396/21 707/707/21
f 527/708/22 526/687/22 658/688/22
f 712/709/23 537/13/23 659/15/23
f 676/706/24 642/716/24 645/710/24
f 502/711/23 649/425/23 804/426/23
f 705/48/21 652/673/21 611/712/21
f 520/705/24 676/706/24 670/35/24
f 716/51/23 659/15/23 631/635/23
f 664/695/22 658/688/22 620/49/22
f 505/25/21 665/27/21 708/48/21
f 676/706/20 675/704/20 646/715/20
f 675/704/19 674/42/19 647/717/19
f 674/42/18 673/702/18 638/41/18
f 673/702/17 671/37/17 639/661/17
f 671/37/16 672/409/16 648/36/16
f 669/699/15 670/35/15 645/710/15
f 668/30/14 669/699/14 641/718/14
f 514/698/13 668/30/13 667/697/13
f 509/720/12 667/697/12 666/696/12
f 508/395/11 666/696/11 665/27/11
f 663/693/10 664/695/10 621/714/10
f 662/691/9 663/693/9 624/721/9
f 661/20/8 662/691/8 627/722/8
f 660/689/7 661/17/7 629/724/7
f 659/15/6 660/689/6 633/634/6
f 658/688/5 657/9/5 622/11/5
f 657/9/4 656/686/4 623/8/4
f 532/7/3 655/683/3 656/6/3
f 533/371/2 653/681/2 655/683/2
f 535/2/1 654/3/1 653/681/1
f 700/45/24 694/35/24 419/713/24
f 711/51/23 695/38/23 422/726/23
f 682/12/22 688/24/22 407/727/22
f 721/48/21 689/27/21 409/396/21
f 431/52/20 700/45/20 699/43/20
f 429/715/19 699/43/19 698/42/19
f 697/40/18 698/42/18 428/44/18
f 696/37/17 697/40/17 426/701/17
f 695/38/16 696/37/16 424/729/16
f 693/33/15 694/35/15 420/710/15
f 692/30/14 693/33/14 418/718/14
f 415/32/13 692/30/13 691/28/13
f 414/720/12 691/28/12 690/26/12
f 689/27/11 690/26/11 411/29/11
f 687/22/10 688/24/10 408/714/10
f 686/19/9 687/22/9 406/730/9
f 685/20/8 686/19/8 404/722/8
f 684/14/7 685/17/7 401/724/7
f 683/15/6 684/14/6 399/634/6
f 681/9/5 682/12/5 396/728/5
f 680/10/4 681/9/4 394/731/4
f 391/684/3 680/6/3 679/4/3
f 389/682/2 679/4/2 678/1/2
f 387/370/1 678/1/1 677/3/1
f 651/734/21 705/48/21 702/622/21
f 486/736/21 703/27/21 705/48/21
f 485/737/297 704/651/297 703/27/297
f 483/738/287 484/735/287 702/622/287
f 706/47/21 708/48/21 654/3/21
f 708/48/21 707/707/21 630/733/21
f 683/15/23 711/51/23 709/709/23
f 397/635/23 710/50/23 711/51/23
f 672/409/23 716/51/23 715/50/23
f 512/739/23 712/709/23 716/51/23
f 631/618/228 578/949/228 714/614/228
f 541/733/21 540/2/21 578/742/21
f 540/2/21 536/740/21 578/742/21
f 536/740/21 713/896/21 714/741/21
f 512/743/227 513/863/227 713/744/227
f 677/3/21 721/48/21 717/707/21
f 634/747/23 644/36/23 522/726/23
f 507/745/23 719/973/23 720/746/23
f 634/747/23 522/726/23 507/745/23
f 409/615/228 634/941/228 720/617/228
f 507/748/227 410/743/227 718/363/227
f 386/2/21 718/47/21 721/48/21
f 856/320/21 731/749/21 727/749/21
f 887/605/23 741/750/23 737/750/23
f 799/751/227 732/751/227 857/752/227
f 740/753/226 741/825/226 887/754/226
f 739/756/225 740/753/225 886/755/225
f 738/758/224 739/756/224 885/757/224
f 736/760/221 737/750/221 862/613/221
f 735/762/220 736/760/220 861/761/220
f 734/764/219 735/818/219 860/765/219
f 733/767/218 734/764/218 859/766/218
f 732/769/286 733/767/286 858/768/286
f 730/771/197 731/827/197 856/772/197
f 729/774/196 730/771/196 855/773/196
f 853/776/195 728/828/195 729/774/195
f 726/777/192 727/749/192 873/369/192
f 725/779/191 726/777/191 872/778/191
f 870/781/190 724/785/190 725/782/190
f 869/784/189 723/787/189 724/785/189
f 868/786/285 722/826/285 723/787/285
f 835/320/21 751/749/21 745/749/21
f 780/788/228 756/788/228 819/789/228
f 824/352/23 761/790/23 755/790/23
f 760/791/226 761/823/226 824/792/226
f 759/793/225 760/791/225 823/755/225
f 758/794/224 759/793/224 822/757/224
f 757/795/223 758/824/223 821/796/223
f 756/798/222 757/795/222 820/797/222
f 754/760/221 755/790/221 839/367/221
f 753/800/220 754/760/220 838/761/220
f 752/802/219 753/818/219 837/765/219
f 750/771/197 751/819/197 835/803/197
f 749/804/196 750/771/196 834/773/196
f 832/776/195 748/820/195 749/804/195
f 831/806/194 747/810/194 748/807/194
f 830/809/193 746/616/193 747/810/193
f 744/811/192 745/749/192 808/369/192
f 743/812/191 744/811/191 807/778/191
f 805/781/190 742/785/190 743/782/190
f 746/788/228 780/788/228 825/789/228
f 338/281/24 779/345/24 773/339/24
f 145/155/228 765/155/228 846/368/228
f 52/112/22 770/313/22 764/306/22
f 778/344/212 779/345/212 338/281/212
f 777/343/211 778/344/211 357/280/211
f 776/342/210 777/343/210 363/273/210
f 775/340/209 776/342/209 343/274/209
f 774/341/208 775/340/208 342/268/208
f 772/338/207 773/339/207 195/198/207
f 771/334/206 772/338/206 214/197/206
f 769/312/183 770/313/183 52/112/183
f 768/310/182 769/312/182 85/111/182
f 767/311/181 768/310/181 92/102/181
f 766/307/180 767/309/180 71/813/180
f 765/308/179 766/307/179 70/97/179
f 763/304/173 764/306/173 99/132/173
f 762/305/172 763/304/172 118/131/172
f 722/751/227 799/751/227 867/752/227
f 339/553/24 798/600/24 795/590/24
f 53/112/22 789/576/22 786/566/22
f 289/533/227 790/533/227 888/612/227
f 797/344/212 798/600/212 339/553/212
f 796/343/211 797/344/211 358/280/211
f 794/338/207 795/590/207 194/500/207
f 793/334/206 794/338/206 213/197/206
f 792/589/205 793/334/205 220/184/205
f 791/587/204 792/589/204 199/496/204
f 790/588/203 791/587/203 198/491/203
f 788/312/183 789/576/183 53/112/183
f 787/575/182 788/312/182 86/111/182
f 785/304/173 786/566/173 98/468/173
f 784/305/172 785/304/172 117/131/172
f 783/565/171 784/302/171 124/119/171
f 782/563/170 783/565/170 103/465/170
f 781/564/169 782/563/169 102/460/169
f 803/409/23 804/426/23 650/814/23
f 804/426/23 800/383/23 550/816/23
f 569/410/244 802/37/244 803/409/244
f 800/383/234 801/14/234 551/817/234
f 809/789/228 825/789/228 774/215/228
f 805/781/190 806/783/190 316/256/190
f 806/780/191 807/778/191 309/250/191
f 807/778/192 808/369/192 290/251/192
f 241/215/222 819/799/222 820/797/222
f 246/213/223 820/797/223 821/796/223
f 248/218/224 821/759/224 822/757/224
f 822/757/225 823/755/225 261/225/225
f 823/755/226 824/792/226 243/226/226
f 243/207/23 824/352/23 818/352/23
f 825/789/228 819/789/228 241/215/228
f 751/749/21 814/369/21 808/369/21
f 817/350/221 818/352/221 755/790/221
f 816/351/220 817/350/220 754/760/220
f 815/349/219 816/348/219 753/818/219
f 813/326/197 814/327/197 751/819/197
f 812/324/196 813/326/196 750/771/196
f 748/820/195 811/325/195 812/324/195
f 747/810/194 810/321/194 811/323/194
f 746/616/193 809/322/193 810/321/193
f 830/368/228 846/368/228 780/788/228
f 830/809/193 831/806/193 150/153/193
f 831/806/194 832/808/194 151/821/194
f 832/776/195 833/805/195 172/173/195
f 833/805/196 834/773/196 166/167/196
f 834/773/197 835/803/197 147/168/197
f 7/56/219 836/347/219 837/765/219
f 837/801/220 838/761/220 22/63/220
f 838/761/221 839/367/221 2/64/221
f 147/143/21 835/320/21 829/320/21
f 846/368/228 840/368/228 756/788/228
f 761/790/23 845/367/23 839/367/23
f 844/358/226 845/359/226 761/823/226
f 843/356/225 844/358/225 760/791/225
f 842/357/224 843/356/224 759/793/224
f 841/353/223 842/355/223 758/824/223
f 840/354/222 841/353/222 757/795/222
f 828/318/192 829/320/192 745/749/192
f 827/319/191 828/318/191 744/811/191
f 742/785/190 826/317/190 827/316/190
f 847/752/227 867/752/227 781/432/227
f 853/776/195 854/775/195 171/173/195
f 854/775/196 855/773/196 165/481/196
f 855/773/197 856/772/197 146/168/197
f 1/432/286 857/770/286 858/768/286
f 6/430/218 858/768/218 859/766/218
f 8/434/219 859/766/219 860/765/219
f 860/763/220 861/761/220 21/63/220
f 861/761/221 862/613/221 3/439/221
f 867/752/227 857/752/227 1/432/227
f 146/143/21 856/320/21 852/320/21
f 741/750/23 866/613/23 862/613/23
f 865/610/226 866/611/226 741/825/226
f 864/608/225 865/610/225 740/753/225
f 863/609/224 864/608/224 739/756/224
f 851/580/192 852/320/192 727/749/192
f 850/581/191 851/580/191 726/777/191
f 724/785/190 849/579/190 850/316/190
f 723/787/189 848/577/189 849/579/189
f 722/826/285 847/578/285 848/577/285
f 868/612/227 888/612/227 799/751/227
f 868/786/285 869/784/285 294/531/285
f 869/784/189 870/781/189 295/243/189
f 870/781/190 871/783/190 315/256/190
f 871/780/191 872/778/191 310/250/191
f 872/778/192 873/369/192 291/251/192
f 247/512/224 884/759/224 885/757/224
f 885/757/225 886/755/225 262/225/225
f 886/755/226 887/754/226 242/519/226
f 242/507/23 887/605/23 883/605/23
f 731/749/21 877/369/21 873/369/21
f 888/612/227 878/612/227 732/751/227
f 882/350/221 883/605/221 737/750/221
f 881/604/220 882/350/220 736/760/220
f 880/603/219 881/348/219 735/818/219
f 879/601/218 880/603/218 734/764/218
f 878/602/286 879/601/286 733/767/286
f 876/326/197 877/586/197 731/827/197
f 875/585/196 876/326/196 730/771/196
f 728/828/195 874/325/195 875/585/195
