# Blender 4.5.3 LTS
# www.blender.org
o thruster_4.001
v -1.388101 0.473724 -0.334039
v -1.463368 0.366833 -0.336474
v -1.352445 0.494320 -0.334019
v -1.321901 0.493417 -0.335763
v -1.320142 0.488578 -0.333144
v -1.457336 0.363524 -0.334751
v -1.455181 0.402417 -0.333873
v -1.325642 0.494078 -0.393613
v -1.327767 0.499284 -0.394936
v -1.459981 0.407219 -0.385372
v -1.462923 0.369111 -0.392944
v -1.469111 0.372576 -0.392899
v -1.357456 0.499332 -0.387495
v -1.392860 0.478483 -0.384759
v -1.342021 0.510457 -0.450008
v -1.344264 0.515780 -0.449944
v -1.474042 0.421281 -0.433359
v -1.478970 0.385157 -0.447108
v -1.484985 0.388449 -0.445299
v -1.372085 0.513960 -0.437315
v -1.406739 0.492362 -0.432009
v -1.368163 0.536599 -0.498487
v -1.370265 0.541782 -0.497041
v -1.496409 0.443644 -0.474565
v -1.504383 0.410570 -0.493554
v -1.509908 0.413372 -0.490102
v -1.395332 0.537207 -0.480083
v -1.428793 0.514415 -0.472568
v -1.402286 0.570721 -0.535746
v -1.403999 0.575516 -0.533016
v -1.525553 0.472788 -0.506180
v -1.537429 0.443617 -0.529116
v -1.542181 0.445646 -0.524257
v -1.457518 0.543140 -0.503674
v -1.442066 0.610502 -0.559245
v -1.443168 0.614685 -0.555417
v -1.559489 0.506725 -0.526050
v -1.575858 0.482047 -0.551370
v -1.579606 0.483070 -0.545436
v -1.460867 0.602742 -0.533486
v -1.490956 0.576579 -0.523205
v -1.595906 0.543142 -0.532820
v -1.619631 0.523095 -0.552194
v -1.527548 0.695984 -0.559605
v -1.526943 0.698460 -0.554420
v -1.632322 0.579557 -0.526032
v -1.658200 0.564388 -0.550897
v -1.659529 0.562993 -0.544072
v -1.536504 0.678378 -0.533393
v -1.562695 0.648317 -0.523102
v -1.567427 0.735862 -0.536441
v -1.565841 0.737358 -0.531091
v -1.666254 0.613489 -0.506145
v -1.696500 0.602687 -0.528204
v -1.696581 0.600046 -0.521623
v -1.571731 0.713607 -0.512706
v -1.596105 0.681728 -0.503474
v -1.601707 0.770142 -0.499471
v -1.599143 0.770660 -0.494320
v -1.695391 0.642625 -0.474516
v -1.729342 0.635530 -0.492265
v -1.728263 0.631727 -0.486377
v -1.624785 0.710408 -0.472285
v -1.628052 0.796488 -0.451213
v -1.624581 0.796098 -0.446612
v -1.717745 0.664981 -0.433301
v -1.754488 0.660675 -0.445529
v -1.752414 0.655878 -0.440735
v -1.646780 0.732402 -0.431662
v -1.644669 0.813104 -0.394957
v -1.640420 0.811937 -0.391219
v -1.731797 0.679031 -0.385306
v -1.770223 0.676411 -0.391182
v -1.767390 0.670854 -0.387809
v -1.639733 0.781610 -0.387149
v -1.660591 0.746213 -0.384373
v -1.650423 0.818858 -0.334535
v -1.645583 0.817100 -0.331915
v -1.736584 0.683819 -0.333805
v -1.775477 0.681664 -0.332927
v -1.772168 0.675633 -0.331204
v -1.644680 0.786556 -0.333659
v -1.665276 0.750899 -0.333639
v -1.644923 0.813358 -0.274065
v -1.639717 0.811233 -0.272743
v -1.731783 0.679019 -0.282306
v -1.769889 0.676078 -0.274736
v -1.766425 0.669889 -0.274780
v -1.660517 0.746140 -0.282919
v -1.628544 0.796979 -0.217670
v -1.623220 0.794737 -0.217734
v -1.717722 0.664957 -0.234319
v -1.753842 0.660030 -0.220569
v -1.750551 0.654015 -0.222380
v -1.646638 0.732261 -0.235670
v -1.602402 0.770837 -0.169191
v -1.597219 0.768735 -0.170637
v -1.695357 0.642591 -0.193114
v -1.728430 0.634618 -0.174124
v -1.725628 0.629093 -0.177577
v -1.624585 0.710207 -0.195110
v -1.568278 0.736714 -0.131932
v -1.563484 0.735001 -0.134663
v -1.666213 0.613447 -0.161499
v -1.695383 0.601570 -0.138563
v -1.693354 0.596819 -0.143421
v -1.595860 0.681482 -0.164005
v -1.528499 0.696935 -0.108434
v -1.524315 0.695831 -0.112262
v -1.632275 0.579510 -0.141629
v -1.656954 0.563142 -0.116309
v -1.655930 0.559395 -0.122243
v -1.536259 0.678133 -0.134193
v -1.562421 0.648044 -0.144473
v -1.485775 0.654210 -0.100296
v -1.482381 0.653897 -0.104961
v -1.595859 0.543093 -0.134857
v -1.615761 0.521949 -0.108880
v -1.615905 0.519369 -0.115484
v -1.526547 0.612170 -0.137847
v -1.443017 0.611451 -0.108073
v -1.440540 0.612056 -0.113258
v -1.559443 0.506679 -0.141647
v -1.574613 0.480801 -0.116781
v -1.576007 0.479471 -0.123606
v -1.490683 0.576305 -0.144577
v -1.403139 0.571573 -0.131237
v -1.401643 0.573160 -0.136587
v -1.525511 0.472745 -0.161533
v -1.536313 0.442500 -0.139475
v -1.538954 0.442419 -0.146056
v -1.457272 0.542895 -0.164205
v -1.368858 0.537294 -0.168207
v -1.368341 0.539857 -0.173358
v -1.496375 0.443608 -0.193162
v -1.503471 0.409659 -0.175414
v -1.507273 0.410737 -0.181302
v -1.428592 0.514215 -0.195393
v -1.342513 0.510948 -0.216465
v -1.342903 0.514420 -0.221066
v -1.474019 0.421255 -0.234378
v -1.478325 0.384513 -0.222149
v -1.483122 0.386587 -0.226944
v -1.406598 0.492220 -0.236016
v -1.325897 0.494332 -0.272722
v -1.327063 0.498580 -0.276460
v -1.459969 0.407205 -0.282372
v -1.462589 0.368777 -0.276496
v -1.468146 0.371611 -0.279870
v -1.357391 0.499266 -0.280530
v -1.392787 0.478409 -0.283306
v -1.389347 0.693084 -0.563524
v -1.388005 0.698515 -0.558488
v -1.435916 0.749653 -0.563524
v -1.441330 0.751103 -0.558711
v -1.520770 0.674798 -0.563524
v -1.522014 0.669260 -0.558442
v -1.474201 0.618229 -0.563524
v -1.468886 0.616735 -0.558710
v -1.468717 0.615531 -0.573840
v -1.491521 0.658752 -0.536840
v -1.483121 0.675826 -0.536840
v -1.460747 0.702055 -0.536466
v -1.421769 0.711143 -0.535770
v -1.429595 0.717432 -0.536429
v -1.489712 0.649289 -0.534340
v -1.480248 0.647479 -0.536840
v -1.463174 0.655879 -0.536840
v -1.436945 0.678253 -0.536466
v -1.475238 0.688559 -0.376232
v -1.459791 0.699107 -0.385514
v -1.442653 0.705589 -0.385248
v -1.438163 0.704382 -0.403082
v -1.435119 0.700679 -0.385603
v -1.434050 0.693863 -0.385724
v -1.439894 0.679209 -0.385514
v -1.450441 0.663763 -0.376232
v -1.466083 0.652938 -0.384946
v -1.480720 0.646992 -0.385026
v -1.489564 0.649436 -0.385345
v -1.492008 0.658280 -0.385026
v -1.486063 0.672916 -0.384946
v -1.454945 0.721165 -0.558524
v -1.478834 0.704377 -0.558524
v -1.429685 0.730297 -0.558524
v -1.419539 0.728858 -0.558524
v -1.414075 0.724925 -0.558524
v -1.410142 0.719461 -0.558524
v -1.408703 0.709315 -0.558524
v -1.417835 0.684055 -0.558524
v -1.434624 0.660166 -0.558524
v -1.456386 0.645512 -0.558524
v -1.477046 0.640986 -0.558524
v -1.486918 0.644801 -0.558524
v -1.498014 0.661954 -0.558524
v -1.493488 0.682614 -0.558524
v -1.431210 0.713365 -0.376480
v -1.427843 0.711158 -0.376480
v -1.425635 0.707790 -0.376480
v -1.425523 0.701028 -0.376480
v -1.434375 0.682608 -0.376480
v -1.469328 0.647659 -0.376480
v -1.487752 0.638807 -0.376480
v -1.495357 0.639323 -0.376480
v -1.499677 0.643643 -0.376480
v -1.500193 0.651248 -0.376480
v -1.491341 0.669672 -0.376480
v -1.456392 0.704625 -0.376480
v -1.437972 0.713477 -0.376480
v -1.461902 0.749990 -0.282602
v -1.448747 0.762480 -0.385414
v -1.461532 0.750224 -0.385341
v -1.388865 0.677439 -0.282231
v -1.376399 0.690133 -0.385092
v -1.388382 0.677787 -0.385350
v -1.487177 0.609380 -0.363630
v -1.478775 0.601631 -0.344156
v -1.479080 0.601592 -0.322896
v -1.487169 0.609386 -0.303604
v -1.500662 0.623174 -0.292375
v -1.515618 0.638323 -0.292217
v -1.529616 0.651830 -0.303605
v -1.537383 0.659979 -0.322927
v -1.537369 0.660225 -0.344156
v -1.529620 0.651824 -0.363630
v -1.515768 0.638354 -0.374885
v -1.500629 0.623471 -0.375049
v -1.497935 0.608206 -0.356858
v -1.491922 0.602192 -0.342127
v -1.491922 0.602192 -0.325118
v -1.497935 0.608206 -0.310388
v -1.508351 0.618621 -0.301883
v -1.520379 0.630649 -0.301883
v -1.530794 0.641065 -0.310388
v -1.536808 0.647078 -0.325118
v -1.536808 0.647078 -0.342127
v -1.530794 0.641065 -0.356858
v -1.520379 0.630649 -0.365362
v -1.508351 0.618622 -0.365362
v -1.461232 0.604558 -0.301660
v -1.471812 0.612205 -0.314486
v -1.445571 0.628334 -0.318656
v -1.450887 0.637280 -0.301772
v -1.422801 0.651582 -0.310295
v -1.424838 0.653376 -0.306040
v -1.350405 0.529880 -0.227516
v -1.358032 0.518592 -0.232040
v -1.368793 0.511538 -0.227393
v -1.360643 0.522652 -0.223802
v -1.474084 0.613560 -0.310577
v -1.371020 0.513571 -0.221150
v -1.364736 0.507287 -0.213856
v -1.357296 0.499848 -0.217941
v -1.358099 0.500651 -0.230891
v -1.366455 0.509006 -0.233665
v -1.351105 0.533554 -0.223743
v -1.348134 0.533182 -0.223889
v -1.347272 0.531942 -0.219414
v -1.341744 0.527393 -0.215222
v -1.340126 0.525175 -0.216323
v -1.337592 0.520113 -0.218206
v -1.337792 0.522463 -0.219410
v -1.336551 0.521600 -0.223889
v -1.337709 0.522473 -0.228415
v -1.342118 0.524832 -0.233785
v -1.341419 0.526090 -0.231795
v -1.347262 0.532028 -0.228413
v -1.534442 0.677768 -0.301660
v -1.526796 0.667186 -0.314485
v -1.510665 0.693429 -0.318656
v -1.501720 0.688114 -0.301772
v -1.487418 0.716200 -0.310295
v -1.485624 0.714163 -0.306041
v -1.609121 0.788595 -0.227516
v -1.620408 0.780968 -0.232040
v -1.627462 0.770207 -0.227393
v -1.616348 0.778357 -0.223802
v -1.525440 0.664917 -0.310576
v -1.625865 0.768416 -0.226234
v -1.628224 0.770776 -0.215232
v -1.637808 0.780360 -0.216122
v -1.639336 0.781888 -0.230011
v -1.630057 0.772609 -0.233449
v -1.607058 0.791729 -0.219411
v -1.609968 0.792590 -0.214144
v -1.610622 0.795387 -0.215916
v -1.613825 0.798874 -0.216323
v -1.616537 0.801207 -0.219410
v -1.617391 0.802157 -0.225465
v -1.615704 0.800752 -0.229680
v -1.611461 0.793983 -0.233923
v -1.611609 0.796657 -0.232079
v -1.608633 0.793302 -0.230591
v -1.537431 0.680042 -0.557166
v -1.525504 0.668116 -0.543043
v -1.534641 0.677249 -0.538202
v -1.540001 0.682615 -0.544000
v -1.458860 0.601471 -0.556991
v -1.463076 0.605683 -0.539061
v -1.456385 0.598999 -0.544000
v -1.435534 0.620118 -0.544085
v -1.513657 0.698341 -0.538385
v -1.518881 0.703466 -0.544085
v -1.518306 0.703122 -0.553202
v -1.441816 0.626532 -0.557870
v -1.285684 0.914311 -0.386781
v -1.287460 0.915203 -0.387536
v -1.289019 0.915034 -0.388975
v -1.328763 0.874729 -0.456040
v -1.327611 0.872613 -0.457267
v -1.446201 0.759934 -0.281339
v -1.435591 0.770540 -0.281339
v -1.450973 0.764714 -0.375837
v -1.446201 0.759934 -0.386339
v -1.416867 0.792802 -0.284649
v -1.388846 0.765680 -0.280375
v -1.418726 0.795808 -0.344883
v -1.414007 0.789517 -0.385141
v -1.417476 0.795025 -0.381993
v -1.388660 0.765966 -0.387240
v -1.397329 0.808697 -0.386915
v -1.399911 0.815450 -0.377839
v -1.382566 0.820242 -0.280160
v -1.388591 0.826774 -0.289839
v -1.365834 0.847610 -0.296465
v -1.336393 0.876003 -0.456995
v -1.295759 0.918639 -0.386441
v -1.288797 0.919240 -0.380281
v -1.333008 0.867751 -0.460725
v -1.418087 0.796122 -0.289790
v -1.411614 0.790164 -0.280691
v -1.425411 0.760357 -0.377839
v -1.430311 0.765255 -0.365839
v -1.435911 0.770854 -0.373839
v -1.425411 0.760357 -0.297839
v -1.425411 0.760357 -0.289840
v -1.430311 0.765255 -0.301839
v -1.430311 0.765255 -0.285839
v -1.224689 0.853316 -0.386781
v -1.223797 0.851539 -0.387536
v -1.223966 0.849981 -0.388975
v -1.264271 0.810237 -0.456039
v -1.266387 0.811389 -0.457267
v -1.368460 0.703409 -0.281339
v -1.374286 0.688028 -0.375838
v -1.366805 0.701749 -0.348469
v -1.379066 0.692799 -0.386339
v -1.346198 0.722133 -0.284649
v -1.373313 0.750149 -0.280384
v -1.343288 0.720325 -0.344986
v -1.349484 0.724994 -0.385141
v -1.343975 0.721524 -0.381992
v -1.373042 0.750345 -0.387249
v -1.330711 0.741704 -0.387201
v -1.323550 0.739089 -0.377839
v -1.318756 0.756056 -0.280338
v -1.312226 0.750409 -0.289840
v -1.294753 0.782029 -0.292469
v -1.291390 0.773167 -0.296465
v -1.262997 0.802607 -0.456994
v -1.220361 0.843240 -0.386442
v -1.219881 0.850334 -0.379726
v -1.270733 0.806163 -0.460663
v -1.342878 0.720914 -0.289791
v -1.348836 0.727387 -0.280691
v -1.373745 0.708689 -0.365839
v -1.368147 0.703089 -0.373839
v -1.378643 0.713589 -0.297839
v -1.378643 0.713589 -0.289840
v -1.373745 0.708689 -0.301839
v -1.373745 0.708689 -0.285839
v -1.418344 0.766020 -0.293839
v -1.362482 0.710156 -0.297839
v -1.362482 0.710156 -0.369840
v -1.418344 0.766020 -0.373839
v -1.363856 0.698804 -0.377318
v -1.440196 0.775144 -0.377318
v -1.363857 0.698805 -0.290346
v -1.313914 0.875714 -0.440140
v -1.291360 0.883170 -0.460952
v -1.291670 0.892234 -0.458422
v -1.298904 0.896930 -0.456223
v -1.290033 0.897984 -0.401275
v -1.317618 0.894694 -0.427203
v -1.311039 0.902056 -0.415620
v -1.266566 0.908369 -0.418645
v -1.272263 0.912070 -0.425380
v -1.300375 0.910893 -0.446721
v -1.280169 0.916266 -0.424141
v -1.293448 0.917940 -0.435934
v -1.264663 0.825544 -0.440918
v -1.252501 0.848411 -0.461181
v -1.242070 0.840096 -0.456223
v -1.241573 0.850392 -0.400541
v -1.244306 0.821382 -0.427203
v -1.236944 0.827961 -0.415620
v -1.230403 0.872375 -0.419009
v -1.222540 0.860177 -0.425834
v -1.228107 0.838626 -0.446721
v -1.221060 0.845552 -0.435934
v -1.367381 0.715056 -0.365839
v -1.372980 0.720656 -0.293839
v -1.367381 0.715056 -0.285839
v -1.256590 0.891176 -0.448605
v -1.260800 0.897525 -0.444005
v -1.255412 0.900217 -0.437474
v -1.247888 0.895540 -0.438026
v -1.245063 0.919811 -0.462472
v -1.240389 0.921576 -0.454191
v -1.218144 0.932053 -0.478099
v -1.221914 0.938891 -0.473896
v -1.219097 0.938828 -0.465488
v -1.213587 0.931952 -0.464495
v -1.184458 0.954146 -0.483441
v -1.187463 0.961433 -0.479377
v -1.186456 0.960309 -0.470638
v -1.182830 0.952328 -0.469302
v -1.150443 0.962987 -0.482441
v -1.148854 0.970671 -0.478310
v -1.149907 0.969369 -0.469601
v -1.152147 0.960881 -0.468351
v -1.124815 0.938757 -0.478470
v -1.118723 0.943412 -0.474016
v -1.120388 0.942522 -0.465352
v -1.127510 0.937316 -0.464451
v -1.112735 0.898539 -0.474538
v -1.106964 0.901663 -0.480503
v -1.099389 0.903512 -0.476280
v -1.100478 0.901530 -0.467705
v -1.104479 0.886558 -0.469158
v -1.105538 0.864665 -0.484966
v -1.099676 0.867390 -0.491036
v -1.091600 0.867054 -0.487391
v -1.092470 0.864121 -0.479068
v -1.105168 0.821715 -0.500833
v -1.099233 0.823857 -0.507063
v -1.091239 0.824175 -0.503238
v -1.092234 0.822230 -0.494644
v -1.100843 0.820710 -0.493157
v -1.080708 0.755791 -0.511016
v -1.073460 0.758725 -0.506833
v -1.074707 0.757661 -0.498118
v -1.082725 0.754070 -0.496915
v -1.032499 0.679178 -0.515778
v -1.025603 0.682890 -0.511619
v -1.027422 0.683094 -0.502942
v -1.035443 0.679508 -0.501740
v -1.001116 0.579564 -0.486847
v -0.993989 0.582599 -0.482531
v -0.996495 0.584813 -0.474318
v -1.005172 0.583148 -0.473559
v -0.992919 0.464821 -0.437228
v -0.985916 0.464030 -0.442610
v -0.978775 0.466998 -0.438270
v -0.981365 0.469624 -0.430206
v -0.990106 0.468278 -0.429562
v -0.968174 0.388140 -0.413282
v -0.961123 0.391478 -0.409066
v -0.963491 0.393187 -0.400694
v -0.972006 0.390906 -0.399734
v -0.941979 0.315896 -0.399276
v -0.934968 0.319344 -0.395082
v -0.936740 0.319426 -0.386394
v -0.944845 0.316028 -0.385218
v -1.232946 0.915169 -0.453795
v -1.617050 0.523239 -0.558799
v -1.485103 0.656619 -0.562716
v -1.601973 0.743850 -0.479830
v -1.625167 0.767044 -0.437004
v -1.639668 0.781544 -0.280183
v -1.625041 0.766916 -0.230363
v -1.601793 0.743670 -0.187594
v -1.571511 0.713387 -0.154793
v -1.498435 0.640311 -0.127198
v -1.460622 0.602497 -0.134286
v -1.395153 0.537027 -0.187849
v -1.425394 0.567269 -0.154973
v -1.371958 0.513833 -0.230674
v -1.425614 0.567489 -0.512886
v -1.498690 0.640565 -0.540481
v -1.484791 0.653226 -0.567382
v -1.526830 0.612453 -0.529832
v -1.441400 0.752351 -0.573840
v -1.386649 0.698568 -0.573840
v -1.523468 0.669314 -0.573840
v -1.494199 0.652082 -0.558524
v -1.376171 0.689905 -0.282758
v -1.448991 0.762725 -0.282412
v -1.344584 0.530319 -0.215947
v -1.336940 0.519383 -0.228247
v -1.344568 0.530374 -0.231875
v -1.618310 0.800911 -0.216906
v -1.619861 0.802381 -0.226231
v -1.613912 0.799628 -0.231778
v -1.605761 0.791409 -0.227595
v -1.605089 0.790824 -0.223551
v -1.512510 0.697203 -0.557854
v -1.504377 0.689185 -0.543369
v -1.449712 0.634473 -0.543280
v -1.440659 0.625344 -0.538385
v -1.435878 0.620694 -0.553202
v -1.437251 0.772195 -0.348469
v -1.447893 0.761610 -0.335607
v -1.437251 0.772195 -0.319209
v -1.377391 0.691107 -0.335606
v -1.343148 0.720201 -0.322906
v -1.393583 0.728529 -0.386339
v -1.368460 0.703409 -0.386339
v -1.366805 0.701749 -0.319209
v -1.356971 0.844247 -0.292469
v -1.410471 0.745417 -0.386339
v -1.435591 0.770540 -0.386339
v -1.440195 0.775143 -0.290347
v -1.418757 0.795779 -0.322825
v -1.393730 0.728679 -0.281339
v -1.410321 0.745270 -0.281339
v -1.374286 0.688025 -0.291760
v -1.379066 0.692799 -0.281339
v -1.450975 0.764715 -0.291759
v -1.378643 0.713589 -0.369840
v -1.425411 0.760357 -0.369840
v -1.373745 0.708689 -0.381839
v -1.378643 0.713589 -0.377839
v -1.430311 0.765255 -0.381839
v -1.372980 0.720656 -0.373839
v -1.423944 0.771619 -0.381839
v -1.362482 0.710156 -0.377839
v -1.367381 0.715056 -0.381839
v -1.428844 0.776518 -0.377839
v -1.428844 0.776518 -0.369840
v -1.423944 0.771619 -0.365839
v -1.362482 0.710156 -0.289840
v -1.368147 0.703089 -0.293839
v -1.367381 0.715056 -0.301839
v -1.428844 0.776518 -0.297839
v -1.428844 0.776518 -0.289839
v -1.423944 0.771619 -0.285839
v -1.423944 0.771619 -0.301839
v -1.435911 0.770854 -0.293839
v -1.212998 0.927764 -0.472289
v -1.181595 0.948519 -0.477214
v -1.152478 0.956937 -0.476286
v -1.130246 0.934989 -0.472558
v -1.086434 0.752914 -0.504887
v -1.038580 0.677088 -0.509673
v -1.008028 0.579904 -0.481301
v -0.974900 0.387787 -0.407514
v -0.948084 0.313846 -0.393179
v -1.233521 0.909934 -0.461727
v -1.240685 0.912758 -0.466802
v -1.248601 0.889961 -0.444893
v 0.834601 -0.346224 -0.333700
v 0.909867 -0.239332 -0.336135
v 0.798945 -0.366820 -0.333679
v 0.768400 -0.365917 -0.335424
v 0.766642 -0.361078 -0.332804
v 0.903836 -0.236024 -0.334412
v 0.901681 -0.274916 -0.333534
v 0.772142 -0.366577 -0.393273
v 0.774267 -0.371784 -0.394596
v 0.906481 -0.279717 -0.385033
v 0.909423 -0.241611 -0.392604
v 0.915610 -0.245076 -0.392559
v 0.839360 -0.350983 -0.384420
v 0.788521 -0.382956 -0.449669
v 0.790763 -0.388280 -0.449605
v 0.920543 -0.293779 -0.433020
v 0.925469 -0.257657 -0.446769
v 0.931484 -0.260949 -0.444959
v 0.853239 -0.364862 -0.431669
v 0.814662 -0.409098 -0.498148
v 0.816764 -0.414281 -0.496702
v 0.942908 -0.316143 -0.474225
v 0.950882 -0.283070 -0.493215
v 0.956407 -0.285872 -0.489763
v 0.841831 -0.409707 -0.479744
v 0.875292 -0.386915 -0.472229
v 0.848786 -0.443222 -0.535407
v 0.850499 -0.448016 -0.532676
v 0.972052 -0.345288 -0.505840
v 0.983929 -0.316117 -0.528776
v 0.988681 -0.318146 -0.523919
v 0.872113 -0.439989 -0.512546
v 0.904017 -0.415640 -0.503334
v 0.888565 -0.483001 -0.558906
v 0.889668 -0.487185 -0.555077
v 1.005990 -0.379225 -0.525710
v 1.022358 -0.354546 -0.551030
v 1.026106 -0.355570 -0.545096
v 0.937456 -0.449079 -0.522866
v 1.042406 -0.415642 -0.532481
v 0.945189 -0.513065 -0.540141
v 0.974049 -0.568485 -0.559265
v 0.973443 -0.570960 -0.554082
v 1.078821 -0.452058 -0.525693
v 1.104699 -0.436887 -0.550558
v 1.106029 -0.435494 -0.543733
v 1.009194 -0.520817 -0.522762
v 1.013926 -0.608362 -0.536103
v 1.012341 -0.609857 -0.530752
v 1.112754 -0.485989 -0.505806
v 1.143000 -0.475187 -0.527864
v 1.143081 -0.472546 -0.521284
v 1.042605 -0.554228 -0.503134
v 1.048206 -0.642642 -0.499132
v 1.045642 -0.643160 -0.493981
v 1.141891 -0.515126 -0.474177
v 1.175841 -0.508029 -0.491926
v 1.174763 -0.504227 -0.486037
v 1.048472 -0.616349 -0.479491
v 1.071285 -0.582908 -0.471946
v 1.074552 -0.668987 -0.450874
v 1.071080 -0.668597 -0.446273
v 1.164245 -0.537481 -0.432962
v 1.200987 -0.533175 -0.445190
v 1.198913 -0.528378 -0.440396
v 1.093280 -0.604902 -0.431323
v 1.091168 -0.685604 -0.394618
v 1.086920 -0.684438 -0.390879
v 1.178296 -0.551531 -0.384967
v 1.216723 -0.548911 -0.390843
v 1.213889 -0.543354 -0.387470
v 1.086233 -0.654110 -0.386809
v 1.107091 -0.618713 -0.384033
v 1.096923 -0.691358 -0.334196
v 1.092083 -0.689600 -0.331577
v 1.183084 -0.556319 -0.333466
v 1.221976 -0.554164 -0.332588
v 1.218667 -0.548132 -0.330866
v 1.111776 -0.623399 -0.333300
v 1.091423 -0.685858 -0.273727
v 1.086216 -0.683733 -0.272404
v 1.178282 -0.551519 -0.281967
v 1.216390 -0.548577 -0.274396
v 1.212924 -0.542389 -0.274441
v 1.107017 -0.618640 -0.282580
v 1.075044 -0.669479 -0.217331
v 1.069719 -0.667236 -0.217394
v 1.164222 -0.537456 -0.233979
v 1.200342 -0.532530 -0.220231
v 1.197051 -0.526515 -0.222041
v 1.093138 -0.604761 -0.235331
v 1.048902 -0.643337 -0.168852
v 1.043719 -0.641236 -0.170298
v 1.141857 -0.515091 -0.192775
v 1.174930 -0.507118 -0.173785
v 1.172128 -0.501592 -0.177237
v 1.071085 -0.582707 -0.194771
v 1.014778 -0.609214 -0.131593
v 1.009984 -0.607501 -0.134324
v 1.112713 -0.485947 -0.161160
v 1.141883 -0.474071 -0.138224
v 1.139855 -0.469319 -0.143082
v 1.042360 -0.553982 -0.163666
v 0.974999 -0.569434 -0.108094
v 0.970815 -0.568332 -0.111922
v 1.078775 -0.452011 -0.141290
v 1.103454 -0.435641 -0.115970
v 1.102429 -0.431895 -0.121904
v 1.008921 -0.520544 -0.144134
v 0.932274 -0.526710 -0.099956
v 0.928881 -0.526398 -0.104622
v 1.042358 -0.415593 -0.134518
v 1.062261 -0.394450 -0.108541
v 1.062404 -0.391869 -0.115145
v 0.973047 -0.484670 -0.137508
v 0.889516 -0.483951 -0.107734
v 0.887040 -0.484557 -0.112919
v 1.005943 -0.379179 -0.141307
v 1.021113 -0.353301 -0.116442
v 1.022506 -0.351971 -0.123267
v 0.937183 -0.448806 -0.144238
v 0.849638 -0.444074 -0.130897
v 0.848143 -0.445660 -0.136248
v 0.972011 -0.345246 -0.161194
v 0.982812 -0.315000 -0.139135
v 0.985454 -0.314919 -0.145716
v 0.903772 -0.415395 -0.163866
v 0.815358 -0.409794 -0.167868
v 0.814840 -0.412357 -0.173019
v 0.942874 -0.316109 -0.192823
v 0.949970 -0.282159 -0.175074
v 0.953773 -0.283238 -0.180963
v 0.875092 -0.386715 -0.195054
v 0.789013 -0.383448 -0.216126
v 0.789402 -0.386919 -0.220727
v 0.920519 -0.293755 -0.234038
v 0.924825 -0.257013 -0.221810
v 0.929622 -0.259087 -0.226604
v 0.853097 -0.364720 -0.235677
v 0.772396 -0.366832 -0.272382
v 0.773563 -0.371080 -0.276120
v 0.906469 -0.279705 -0.282032
v 0.909089 -0.241277 -0.276157
v 0.914646 -0.244111 -0.279530
v 0.839287 -0.350909 -0.282967
v 0.835846 -0.565584 -0.563185
v 0.834353 -0.570898 -0.558371
v 0.882416 -0.622153 -0.563185
v 0.887954 -0.623397 -0.558104
v 0.967270 -0.547298 -0.563185
v 0.968720 -0.541884 -0.558372
v 0.915270 -0.489387 -0.558149
v 0.920701 -0.490729 -0.563185
v 0.887900 -0.624851 -0.573500
v 0.969968 -0.541814 -0.573500
v 0.938021 -0.531252 -0.536500
v 0.929621 -0.548326 -0.536500
v 0.907246 -0.574555 -0.536126
v 0.874358 -0.589732 -0.535430
v 0.936211 -0.521788 -0.534001
v 0.926748 -0.519979 -0.536500
v 0.909674 -0.528379 -0.536500
v 0.883445 -0.550753 -0.536126
v 0.868068 -0.581905 -0.536089
v 0.921737 -0.561059 -0.375893
v 0.906291 -0.571607 -0.385175
v 0.889154 -0.578089 -0.384909
v 0.884662 -0.576881 -0.402742
v 0.881619 -0.573180 -0.385264
v 0.880550 -0.566363 -0.385385
v 0.886393 -0.551709 -0.385175
v 0.896941 -0.536262 -0.375893
v 0.912584 -0.525438 -0.384607
v 0.927219 -0.519492 -0.384687
v 0.936063 -0.521936 -0.385006
v 0.938508 -0.530780 -0.384687
v 0.932562 -0.545416 -0.384607
v 0.901444 -0.593665 -0.558185
v 0.925334 -0.576877 -0.558185
v 0.876185 -0.602797 -0.558185
v 0.866039 -0.601358 -0.558185
v 0.860575 -0.597425 -0.558185
v 0.856642 -0.591961 -0.558185
v 0.855202 -0.581814 -0.558185
v 0.864335 -0.556555 -0.558185
v 0.881123 -0.532666 -0.558185
v 0.902886 -0.518012 -0.558185
v 0.923546 -0.513486 -0.558185
v 0.933417 -0.517300 -0.558185
v 0.944514 -0.534454 -0.558185
v 0.939987 -0.555114 -0.558185
v 0.877710 -0.585865 -0.376141
v 0.874342 -0.583657 -0.376141
v 0.872134 -0.580290 -0.376141
v 0.872022 -0.573528 -0.376141
v 0.880874 -0.555108 -0.376141
v 0.915827 -0.520159 -0.376141
v 0.934252 -0.511307 -0.376141
v 0.941857 -0.511823 -0.376141
v 0.946693 -0.523748 -0.376141
v 0.937841 -0.542172 -0.376141
v 0.902892 -0.577126 -0.376141
v 0.884472 -0.585977 -0.376141
v 0.908061 -0.622636 -0.281892
v 0.895595 -0.635329 -0.282418
v 0.895367 -0.635101 -0.384752
v 0.907713 -0.623117 -0.385011
v 0.835510 -0.549598 -0.282262
v 0.822775 -0.562509 -0.282072
v 0.835276 -0.549968 -0.385002
v 0.933675 -0.481880 -0.363291
v 0.925275 -0.474131 -0.343816
v 0.925522 -0.474117 -0.322588
v 0.933670 -0.481885 -0.303266
v 0.947144 -0.495975 -0.291848
v 0.962326 -0.510838 -0.292036
v 0.976115 -0.524330 -0.303266
v 0.983883 -0.532478 -0.322588
v 0.983869 -0.532724 -0.343816
v 0.976120 -0.524325 -0.363291
v 0.962130 -0.510803 -0.374677
v 0.947165 -0.495668 -0.374523
v 0.944435 -0.480706 -0.356518
v 0.938421 -0.474692 -0.341788
v 0.938421 -0.474692 -0.324779
v 0.944435 -0.480706 -0.310049
v 0.954851 -0.491122 -0.301544
v 0.966878 -0.503149 -0.301544
v 0.977294 -0.513565 -0.310049
v 0.983308 -0.519578 -0.324779
v 0.983308 -0.519578 -0.341788
v 0.977294 -0.513565 -0.356518
v 0.966878 -0.503149 -0.365023
v 0.954851 -0.491122 -0.365023
v 0.907732 -0.477058 -0.301320
v 0.918315 -0.484704 -0.314146
v 0.892071 -0.500834 -0.318317
v 0.897386 -0.509780 -0.301433
v 0.869300 -0.524082 -0.309956
v 0.871337 -0.525876 -0.305701
v 0.796904 -0.402379 -0.227177
v 0.804532 -0.391092 -0.231700
v 0.815292 -0.384038 -0.227054
v 0.807143 -0.395152 -0.223463
v 0.920583 -0.486061 -0.310236
v 0.816570 -0.385122 -0.229672
v 0.815042 -0.383593 -0.215783
v 0.805458 -0.374010 -0.214892
v 0.803331 -0.371883 -0.227510
v 0.808434 -0.376986 -0.233439
v 0.794625 -0.405460 -0.225147
v 0.795347 -0.404141 -0.216419
v 0.794193 -0.405242 -0.220416
v 0.792198 -0.402868 -0.216848
v 0.788260 -0.399995 -0.214814
v 0.786626 -0.397675 -0.215983
v 0.784170 -0.392793 -0.217724
v 0.784293 -0.394963 -0.219072
v 0.783274 -0.394109 -0.225147
v 0.785865 -0.396535 -0.230252
v 0.792198 -0.402868 -0.230252
v 0.980941 -0.550268 -0.301320
v 0.973295 -0.539685 -0.314145
v 0.957165 -0.565929 -0.318317
v 0.948220 -0.560614 -0.301433
v 0.933918 -0.588700 -0.309956
v 0.932124 -0.586663 -0.305701
v 1.055621 -0.661094 -0.227176
v 1.066908 -0.653468 -0.231700
v 1.073962 -0.642707 -0.227054
v 1.062848 -0.650857 -0.223463
v 0.971939 -0.537417 -0.310236
v 1.072262 -0.640814 -0.221933
v 1.076493 -0.645046 -0.213774
v 1.084531 -0.653083 -0.216234
v 1.085979 -0.654532 -0.229042
v 1.075474 -0.644026 -0.232916
v 1.052614 -0.663378 -0.225145
v 1.053467 -0.664231 -0.219041
v 1.057087 -0.667922 -0.215524
v 1.062493 -0.670937 -0.214068
v 1.061451 -0.672216 -0.216795
v 1.063652 -0.675381 -0.220820
v 1.063888 -0.674559 -0.225121
v 1.062204 -0.673252 -0.229341
v 1.059365 -0.670131 -0.231527
v 1.054014 -0.665063 -0.229341
v 0.983931 -0.552541 -0.556826
v 0.979817 -0.548424 -0.538722
v 0.986501 -0.555115 -0.543660
v 0.905360 -0.473971 -0.556652
v 0.917384 -0.485996 -0.542703
v 0.908251 -0.476859 -0.537862
v 0.882034 -0.492619 -0.543745
v 0.951027 -0.561787 -0.542940
v 0.960156 -0.570840 -0.538045
v 0.964806 -0.575622 -0.552863
v 0.888335 -0.499010 -0.557543
v 0.732184 -0.786811 -0.386442
v 0.733960 -0.787703 -0.387197
v 0.735519 -0.787534 -0.388636
v 0.775263 -0.747229 -0.455700
v 0.774111 -0.745113 -0.456927
v 0.886695 -0.647643 -0.290008
v 0.856821 -0.617770 -0.281000
v 0.886696 -0.647644 -0.376979
v 0.856971 -0.617917 -0.386000
v 0.863367 -0.665302 -0.284310
v 0.835427 -0.638214 -0.280117
v 0.865299 -0.668352 -0.322566
v 0.865175 -0.668212 -0.344647
v 0.860506 -0.662016 -0.384802
v 0.863976 -0.667525 -0.381653
v 0.835154 -0.638458 -0.386910
v 0.843645 -0.681181 -0.386789
v 0.846411 -0.687950 -0.377500
v 0.829066 -0.692742 -0.279820
v 0.835091 -0.699274 -0.289500
v 0.803471 -0.716747 -0.292130
v 0.812333 -0.720110 -0.296126
v 0.782893 -0.748503 -0.456655
v 0.742260 -0.791139 -0.386102
v 0.735297 -0.791740 -0.379942
v 0.779280 -0.740233 -0.460474
v 0.864586 -0.668623 -0.289451
v 0.858113 -0.662664 -0.280351
v 0.871911 -0.632857 -0.377500
v 0.876811 -0.637755 -0.381500
v 0.882411 -0.643354 -0.373500
v 0.871911 -0.632857 -0.297500
v 0.876811 -0.637755 -0.301500
v 0.876811 -0.637755 -0.285500
v 0.671189 -0.725816 -0.386442
v 0.670297 -0.724040 -0.387197
v 0.670466 -0.722481 -0.388636
v 0.710771 -0.682737 -0.455699
v 0.712887 -0.683889 -0.456927
v 0.825566 -0.565299 -0.281000
v 0.813305 -0.574249 -0.318870
v 0.840083 -0.601029 -0.386000
v 0.792698 -0.594633 -0.284310
v 0.819840 -0.622714 -0.279979
v 0.789648 -0.592701 -0.322566
v 0.789788 -0.592825 -0.344647
v 0.795984 -0.597495 -0.384802
v 0.790474 -0.594024 -0.381653
v 0.819534 -0.622840 -0.386900
v 0.777224 -0.614028 -0.386677
v 0.770050 -0.611589 -0.377500
v 0.765256 -0.628556 -0.279999
v 0.758726 -0.622909 -0.289500
v 0.741253 -0.654529 -0.292130
v 0.737890 -0.645667 -0.296126
v 0.709497 -0.675107 -0.456655
v 0.666861 -0.715741 -0.386102
v 0.666381 -0.722834 -0.379387
v 0.717235 -0.678454 -0.460247
v 0.789377 -0.593414 -0.289451
v 0.795336 -0.599887 -0.280351
v 0.820245 -0.581189 -0.381500
v 0.825143 -0.586089 -0.289500
v 0.820245 -0.581189 -0.301500
v 0.875344 -0.649018 -0.289500
v 0.808982 -0.582656 -0.297500
v 0.808982 -0.582656 -0.377500
v 0.870444 -0.644119 -0.365500
v 0.810357 -0.571305 -0.290008
v 0.759956 -0.746837 -0.440578
v 0.737089 -0.759000 -0.460842
v 0.745404 -0.769430 -0.455884
v 0.735108 -0.769928 -0.400201
v 0.764117 -0.767195 -0.426863
v 0.757539 -0.774556 -0.415281
v 0.714088 -0.782956 -0.421155
v 0.746875 -0.783393 -0.446382
v 0.726669 -0.788767 -0.423803
v 0.739948 -0.790440 -0.435595
v 0.709786 -0.697586 -0.439801
v 0.702330 -0.720141 -0.460613
v 0.693267 -0.719831 -0.458083
v 0.688570 -0.712596 -0.455884
v 0.687515 -0.721467 -0.400936
v 0.690805 -0.693882 -0.426863
v 0.683444 -0.700461 -0.415281
v 0.677110 -0.745106 -0.418452
v 0.669065 -0.732678 -0.425367
v 0.674607 -0.711125 -0.446382
v 0.667560 -0.718052 -0.435595
v 0.864844 -0.638520 -0.373500
v 0.870444 -0.644119 -0.285500
v 0.813881 -0.587556 -0.381500
v 0.819480 -0.593156 -0.293500
v 0.813881 -0.587556 -0.301500
v 0.813881 -0.587556 -0.285500
v 0.711425 -0.749902 -0.444968
v 0.703075 -0.745876 -0.444274
v 0.698648 -0.749678 -0.437048
v 0.704249 -0.756046 -0.433257
v 0.712163 -0.756191 -0.438149
v 0.687934 -0.767296 -0.461876
v 0.696676 -0.779202 -0.456120
v 0.667026 -0.786568 -0.472619
v 0.665001 -0.787757 -0.463643
v 0.669652 -0.795191 -0.460615
v 0.674552 -0.798597 -0.467720
v 0.639210 -0.815820 -0.480626
v 0.635509 -0.807826 -0.477717
v 0.635136 -0.808042 -0.468450
v 0.638608 -0.816171 -0.465630
v 0.641126 -0.820978 -0.473155
v 0.604631 -0.816443 -0.476430
v 0.605088 -0.825037 -0.464131
v 0.602346 -0.830339 -0.471233
v 0.580936 -0.792900 -0.465437
v 0.584141 -0.793787 -0.456776
v 0.578526 -0.799603 -0.452223
v 0.571851 -0.802310 -0.458071
v 0.562879 -0.755695 -0.453772
v 0.565836 -0.756104 -0.444988
v 0.558879 -0.759336 -0.439769
v 0.551623 -0.760924 -0.445328
v 0.546332 -0.723197 -0.452778
v 0.555553 -0.722172 -0.452719
v 0.558343 -0.721838 -0.443877
v 0.550846 -0.722655 -0.438472
v 0.543423 -0.723496 -0.443973
v 0.556642 -0.658660 -0.454347
v 0.558498 -0.668942 -0.445485
v 0.550990 -0.662771 -0.440102
v 0.543765 -0.661395 -0.445712
v 0.596616 -0.467465 -0.443314
v 0.601583 -0.420900 -0.451742
v 0.596942 -0.418294 -0.437391
v 0.589337 -0.420353 -0.443023
v 0.604006 -0.409941 -0.442904
v 0.595874 -0.372812 -0.452046
v 0.598514 -0.371843 -0.443205
v 0.591283 -0.373985 -0.437802
v 0.584173 -0.376278 -0.443304
v 0.580447 -0.341452 -0.452897
v 0.582641 -0.339571 -0.444081
v 0.576397 -0.343729 -0.438623
v 0.570344 -0.348181 -0.444065
v 0.683817 -0.769933 -0.453052
v 0.689544 -0.777570 -0.449392
v 0.983002 -0.550878 -0.533054
v 0.803957 -0.371832 -0.387156
v 1.018230 -0.586107 -0.512367
v 1.071666 -0.639544 -0.436665
v 1.086168 -0.654044 -0.279843
v 1.091179 -0.659056 -0.333321
v 1.071540 -0.639416 -0.230024
v 1.048293 -0.616169 -0.187255
v 1.018010 -0.585887 -0.154453
v 0.982758 -0.550633 -0.133853
v 0.907122 -0.474997 -0.133946
v 0.944935 -0.512811 -0.126859
v 0.871894 -0.439769 -0.154633
v 0.841652 -0.409527 -0.187510
v 0.818457 -0.386333 -0.230335
v 0.818584 -0.386460 -0.436976
v 0.907367 -0.475242 -0.533146
v 0.803891 -0.371766 -0.280191
v 0.931602 -0.529119 -0.562378
v 0.931290 -0.525725 -0.567043
v 1.063551 -0.395739 -0.558459
v 1.066130 -0.395595 -0.551855
v 0.973330 -0.484953 -0.529492
v 0.833148 -0.571068 -0.573500
v 0.915217 -0.488031 -0.573500
v 0.940699 -0.524582 -0.558185
v 0.946177 -0.516143 -0.376141
v 0.823019 -0.562753 -0.385075
v 0.783336 -0.391600 -0.227591
v 0.788254 -0.399995 -0.232289
v 0.796025 -0.405023 -0.229640
v 1.054395 -0.662996 -0.215804
v 1.064270 -0.672871 -0.231296
v 1.055579 -0.667385 -0.231801
v 1.052382 -0.660984 -0.227037
v 0.958989 -0.569723 -0.557500
v 0.896315 -0.507124 -0.543030
v 0.887159 -0.497844 -0.538045
v 0.902885 -0.471499 -0.543660
v 0.965381 -0.575966 -0.543745
v 0.882378 -0.493194 -0.552863
v 0.883751 -0.644695 -0.318870
v 0.883751 -0.644695 -0.348130
v 0.813305 -0.574249 -0.348130
v 0.814960 -0.575909 -0.386000
v 0.810356 -0.571304 -0.376979
v 0.882091 -0.643040 -0.386000
v 0.814960 -0.575909 -0.281000
v 0.894393 -0.634110 -0.335266
v 0.897472 -0.637214 -0.375498
v 0.892701 -0.632434 -0.386000
v 0.825566 -0.565299 -0.386000
v 0.820786 -0.560528 -0.375498
v 0.840230 -0.601179 -0.281000
v 0.882091 -0.643040 -0.281000
v 0.823890 -0.563607 -0.335265
v 0.820785 -0.560525 -0.291420
v 0.892701 -0.632434 -0.281000
v 0.897475 -0.637215 -0.291420
v 0.814646 -0.575589 -0.373500
v 0.820245 -0.581189 -0.365500
v 0.876811 -0.637755 -0.365500
v 0.825143 -0.586089 -0.369500
v 0.871911 -0.632857 -0.369500
v 0.825143 -0.586089 -0.377500
v 0.870444 -0.644119 -0.381500
v 0.875344 -0.649018 -0.377500
v 0.808982 -0.582656 -0.369500
v 0.813881 -0.587556 -0.365500
v 0.875344 -0.649018 -0.369500
v 0.819480 -0.593156 -0.373500
v 0.808982 -0.582656 -0.289500
v 0.820245 -0.581189 -0.285500
v 0.814646 -0.575589 -0.293500
v 0.825143 -0.586089 -0.297500
v 0.875344 -0.649018 -0.297500
v 0.864844 -0.638520 -0.293500
v 0.871911 -0.632857 -0.289500
v 0.882411 -0.643354 -0.293500
v 0.870444 -0.644119 -0.301500
v 0.695662 -0.773061 -0.463464
v 0.672928 -0.793267 -0.475138
v 0.606500 -0.816449 -0.467343
v 0.573340 -0.798167 -0.466238
v 0.602064 -0.825028 -0.478834
v 0.554095 -0.758674 -0.453983
v 0.546526 -0.667910 -0.454513
v 0.592689 -0.420140 -0.451796
v 0.587011 -0.375553 -0.452107
v 0.572847 -0.346773 -0.452887
v -1.665276 -0.750899 -0.334039
v -1.772168 -0.675632 -0.336474
v -1.644680 -0.786556 -0.334019
v -1.645583 -0.817100 -0.335763
v -1.650422 -0.818858 -0.333144
v -1.775477 -0.681664 -0.334751
v -1.736584 -0.683819 -0.333873
v -1.644923 -0.813358 -0.393613
v -1.639717 -0.811233 -0.394935
v -1.731783 -0.679019 -0.385372
v -1.769889 -0.676078 -0.392942
v -1.766425 -0.669889 -0.392898
v -1.639668 -0.781544 -0.387496
v -1.660517 -0.746140 -0.384759
v -1.628544 -0.796979 -0.450008
v -1.623220 -0.794737 -0.449945
v -1.717722 -0.664956 -0.433360
v -1.753842 -0.660030 -0.447109
v -1.750551 -0.654015 -0.445299
v -1.625041 -0.766916 -0.437316
v -1.646638 -0.732261 -0.432009
v -1.602402 -0.770837 -0.498488
v -1.597219 -0.768735 -0.497041
v -1.695357 -0.642591 -0.474565
v -1.728430 -0.634617 -0.493554
v -1.725628 -0.629093 -0.490102
v -1.601793 -0.743670 -0.480084
v -1.624585 -0.710207 -0.472568
v -1.568278 -0.736714 -0.535746
v -1.563484 -0.735001 -0.533016
v -1.666212 -0.613448 -0.506179
v -1.695383 -0.601571 -0.529116
v -1.693354 -0.596819 -0.524257
v -1.595860 -0.681483 -0.503674
v -1.528498 -0.696934 -0.559245
v -1.524316 -0.695832 -0.555417
v -1.632274 -0.579512 -0.526050
v -1.656953 -0.563142 -0.551370
v -1.655930 -0.559394 -0.545435
v -1.536257 -0.678133 -0.533486
v -1.562421 -0.648044 -0.523205
v -1.485773 -0.654210 -0.567382
v -1.595858 -0.543094 -0.532820
v -1.443017 -0.611452 -0.559606
v -1.440540 -0.612056 -0.554421
v -1.559443 -0.506678 -0.526032
v -1.574612 -0.480800 -0.550897
v -1.576007 -0.479471 -0.544073
v -1.460622 -0.602497 -0.533393
v -1.490683 -0.576305 -0.523102
v -1.403139 -0.571573 -0.536441
v -1.401643 -0.573160 -0.531093
v -1.525511 -0.472745 -0.506145
v -1.536313 -0.442500 -0.528204
v -1.538955 -0.442419 -0.521622
v -1.457272 -0.542895 -0.503474
v -1.368858 -0.537294 -0.499471
v -1.368341 -0.539857 -0.494320
v -1.496375 -0.443608 -0.474517
v -1.503471 -0.409658 -0.492265
v -1.507273 -0.410737 -0.486376
v -1.428592 -0.514215 -0.472285
v -1.342513 -0.510948 -0.451214
v -1.342903 -0.514419 -0.446612
v -1.474019 -0.421255 -0.433301
v -1.478325 -0.384513 -0.445529
v -1.483122 -0.386587 -0.440734
v -1.406598 -0.492220 -0.431662
v -1.325897 -0.494332 -0.394957
v -1.327063 -0.498580 -0.391219
v -1.459969 -0.407205 -0.385307
v -1.462589 -0.368777 -0.391182
v -1.468146 -0.371610 -0.387809
v -1.357391 -0.499266 -0.387148
v -1.392787 -0.478409 -0.384373
v -1.320142 -0.488578 -0.334535
v -1.321901 -0.493417 -0.331915
v -1.455181 -0.402417 -0.333805
v -1.457336 -0.363524 -0.332928
v -1.463368 -0.366833 -0.331205
v -1.388101 -0.473724 -0.333639
v -1.325642 -0.494078 -0.274066
v -1.327767 -0.499284 -0.272743
v -1.459981 -0.407219 -0.282307
v -1.462923 -0.369111 -0.274735
v -1.469111 -0.372576 -0.274780
v -1.357457 -0.499332 -0.280183
v -1.392860 -0.478483 -0.282919
v -1.342021 -0.510456 -0.217670
v -1.344264 -0.515780 -0.217734
v -1.474042 -0.421281 -0.234320
v -1.478970 -0.385157 -0.220570
v -1.484985 -0.388449 -0.222380
v -1.406739 -0.492362 -0.235670
v -1.368163 -0.536598 -0.169191
v -1.370265 -0.541781 -0.170638
v -1.496409 -0.443644 -0.193114
v -1.504383 -0.410570 -0.174124
v -1.509908 -0.413372 -0.177576
v -1.428793 -0.514415 -0.195110
v -1.402286 -0.570721 -0.131932
v -1.403999 -0.575516 -0.134663
v -1.525553 -0.472788 -0.161499
v -1.537429 -0.443617 -0.138563
v -1.542181 -0.445646 -0.143421
v -1.425614 -0.567489 -0.154793
v -1.457518 -0.543140 -0.164005
v -1.442066 -0.610501 -0.108434
v -1.443168 -0.614685 -0.112262
v -1.559490 -0.506724 -0.141629
v -1.575858 -0.482046 -0.116309
v -1.579606 -0.483070 -0.122243
v -1.460867 -0.602743 -0.134192
v -1.490956 -0.576579 -0.144473
v -1.484791 -0.653225 -0.100296
v -1.485102 -0.656619 -0.104960
v -1.595907 -0.543141 -0.134857
v -1.617051 -0.523239 -0.108880
v -1.619630 -0.523095 -0.115484
v -1.526830 -0.612453 -0.137847
v -1.527549 -0.695984 -0.108073
v -1.526943 -0.698459 -0.113258
v -1.632322 -0.579557 -0.141646
v -1.658199 -0.564387 -0.116781
v -1.659529 -0.562993 -0.123606
v -1.562695 -0.648317 -0.144577
v -1.567426 -0.735862 -0.131237
v -1.565841 -0.737357 -0.136587
v -1.666254 -0.613489 -0.161533
v -1.696500 -0.602687 -0.139475
v -1.696581 -0.600046 -0.146056
v -1.596105 -0.681728 -0.164205
v -1.601707 -0.770141 -0.168207
v -1.599143 -0.770660 -0.173358
v -1.695391 -0.642625 -0.193162
v -1.729342 -0.635529 -0.175414
v -1.728263 -0.631727 -0.181302
v -1.624785 -0.710407 -0.195393
v -1.628052 -0.796487 -0.216465
v -1.624581 -0.796097 -0.221066
v -1.717745 -0.664981 -0.234378
v -1.754488 -0.660675 -0.222149
v -1.752413 -0.655878 -0.226943
v -1.646780 -0.732402 -0.236016
v -1.644669 -0.813103 -0.272721
v -1.640420 -0.811937 -0.276459
v -1.731796 -0.679031 -0.282372
v -1.770223 -0.676411 -0.276496
v -1.767390 -0.670854 -0.279870
v -1.639733 -0.781610 -0.280530
v -1.660591 -0.746213 -0.283306
v -1.443028 -0.750142 -0.558385
v -1.440223 -0.751295 -0.559549
v -1.387398 -0.698315 -0.559359
v -1.394347 -0.698084 -0.556453
v -1.464202 -0.618229 -0.563524
v -1.469616 -0.616780 -0.558711
v -1.515771 -0.669799 -0.556453
v -1.522755 -0.669597 -0.559489
v -1.523469 -0.670283 -0.573840
v -1.480248 -0.647479 -0.536840
v -1.463174 -0.655879 -0.536840
v -1.436945 -0.678253 -0.536466
v -1.421769 -0.711142 -0.535770
v -1.489712 -0.649288 -0.534341
v -1.491521 -0.658752 -0.536840
v -1.483121 -0.675826 -0.536840
v -1.460747 -0.702055 -0.536466
v -1.429595 -0.717432 -0.536429
v -1.450441 -0.663763 -0.376232
v -1.439893 -0.679209 -0.385514
v -1.433411 -0.696347 -0.385248
v -1.434618 -0.700837 -0.403082
v -1.438321 -0.703881 -0.385603
v -1.445137 -0.704950 -0.385724
v -1.459791 -0.699106 -0.385514
v -1.475238 -0.688559 -0.376232
v -1.486063 -0.672916 -0.384946
v -1.492008 -0.658280 -0.385026
v -1.489564 -0.649436 -0.385345
v -1.480720 -0.646992 -0.385026
v -1.466084 -0.652938 -0.384946
v -1.417835 -0.684055 -0.558524
v -1.434624 -0.660166 -0.558524
v -1.408703 -0.709314 -0.558524
v -1.410142 -0.719461 -0.558524
v -1.414075 -0.724925 -0.558524
v -1.419539 -0.728858 -0.558524
v -1.429685 -0.730297 -0.558524
v -1.454945 -0.721164 -0.558524
v -1.478834 -0.704376 -0.558524
v -1.493488 -0.682614 -0.558524
v -1.498014 -0.661954 -0.558524
v -1.494199 -0.652082 -0.558524
v -1.477046 -0.640986 -0.558524
v -1.456386 -0.645512 -0.558524
v -1.425635 -0.707790 -0.376480
v -1.427843 -0.711157 -0.376480
v -1.431210 -0.713365 -0.376480
v -1.437972 -0.713477 -0.376480
v -1.456392 -0.704625 -0.376480
v -1.491341 -0.669672 -0.376480
v -1.500193 -0.651248 -0.376480
v -1.499677 -0.643643 -0.376480
v -1.487752 -0.638807 -0.376480
v -1.469328 -0.647659 -0.376480
v -1.434375 -0.682608 -0.376480
v -1.425523 -0.701028 -0.376480
v -1.388865 -0.677438 -0.282231
v -1.376171 -0.689905 -0.282758
v -1.388382 -0.677787 -0.385350
v -1.461902 -0.749990 -0.282602
v -1.461532 -0.750224 -0.385341
v -1.529620 -0.651824 -0.363630
v -1.537369 -0.660225 -0.344156
v -1.537383 -0.659979 -0.322927
v -1.529616 -0.651830 -0.303605
v -1.515618 -0.638323 -0.292217
v -1.500662 -0.623174 -0.292375
v -1.487169 -0.609386 -0.303604
v -1.479080 -0.601591 -0.322896
v -1.478775 -0.601631 -0.344156
v -1.487177 -0.609380 -0.363630
v -1.500629 -0.623471 -0.375049
v -1.515768 -0.638354 -0.374885
v -1.530794 -0.641065 -0.356858
v -1.536808 -0.647078 -0.342127
v -1.536808 -0.647078 -0.325118
v -1.530794 -0.641065 -0.310388
v -1.520379 -0.630649 -0.301883
v -1.508351 -0.618621 -0.301883
v -1.497935 -0.608205 -0.310388
v -1.491922 -0.602192 -0.325118
v -1.491922 -0.602192 -0.342127
v -1.497935 -0.608205 -0.356858
v -1.508351 -0.618621 -0.365362
v -1.520379 -0.630649 -0.365362
v -1.534442 -0.677768 -0.301660
v -1.526796 -0.667186 -0.314485
v -1.510665 -0.693429 -0.318656
v -1.501720 -0.688113 -0.301772
v -1.487418 -0.716200 -0.310295
v -1.485624 -0.714163 -0.306041
v -1.609121 -0.788594 -0.227516
v -1.620408 -0.780968 -0.232040
v -1.627462 -0.770207 -0.227393
v -1.616348 -0.778357 -0.223802
v -1.525440 -0.664917 -0.310576
v -1.625865 -0.768416 -0.221545
v -1.630057 -0.772609 -0.214330
v -1.637808 -0.780360 -0.216122
v -1.639952 -0.782504 -0.225508
v -1.636037 -0.778589 -0.233330
v -1.627566 -0.770118 -0.231371
v -1.607058 -0.791729 -0.219411
v -1.610622 -0.795387 -0.215916
v -1.618310 -0.800911 -0.216906
v -1.613825 -0.798874 -0.216323
v -1.616537 -0.801207 -0.219410
v -1.617391 -0.802157 -0.225465
v -1.615704 -0.800752 -0.229680
v -1.611609 -0.796657 -0.232079
v -1.608633 -0.793302 -0.230591
v -1.461232 -0.604558 -0.301660
v -1.471812 -0.612205 -0.314486
v -1.445571 -0.628334 -0.318656
v -1.450887 -0.637280 -0.301772
v -1.422801 -0.651582 -0.310295
v -1.424838 -0.653376 -0.306040
v -1.350405 -0.529880 -0.227516
v -1.358032 -0.518592 -0.232040
v -1.368793 -0.511538 -0.227393
v -1.360643 -0.522652 -0.223802
v -1.474084 -0.613560 -0.310577
v -1.370686 -0.513237 -0.225508
v -1.368765 -0.511316 -0.216573
v -1.361119 -0.503671 -0.214034
v -1.356599 -0.499150 -0.221545
v -1.358099 -0.500650 -0.230891
v -1.366455 -0.509006 -0.233665
v -1.348134 -0.533182 -0.223889
v -1.347272 -0.531942 -0.219414
v -1.341744 -0.527393 -0.215222
v -1.340126 -0.525175 -0.216323
v -1.337592 -0.520113 -0.218206
v -1.337792 -0.522463 -0.219410
v -1.336551 -0.521600 -0.223889
v -1.337709 -0.522472 -0.228415
v -1.341419 -0.526090 -0.231795
v -1.344568 -0.530374 -0.231875
v -1.347262 -0.532028 -0.228413
v -1.351105 -0.533554 -0.223743
v -1.458959 -0.601569 -0.557166
v -1.463076 -0.605683 -0.539061
v -1.456385 -0.598999 -0.544000
v -1.537529 -0.680140 -0.556991
v -1.525504 -0.668116 -0.543043
v -1.534641 -0.677249 -0.538202
v -1.518881 -0.703466 -0.544085
v -1.449712 -0.634473 -0.543280
v -1.440659 -0.625344 -0.538385
v -1.435878 -0.620694 -0.553202
v -1.512490 -0.697165 -0.557883
v -1.224689 -0.853316 -0.386781
v -1.223797 -0.851539 -0.387536
v -1.223966 -0.849981 -0.388975
v -1.264271 -0.810237 -0.456039
v -1.266387 -0.811389 -0.457267
v -1.379066 -0.692799 -0.281339
v -1.374286 -0.688025 -0.291760
v -1.374286 -0.688027 -0.375838
v -1.379066 -0.692799 -0.386339
v -1.393583 -0.728529 -0.386339
v -1.346198 -0.722133 -0.284649
v -1.373340 -0.750213 -0.280319
v -1.343148 -0.720200 -0.322906
v -1.343288 -0.720325 -0.344986
v -1.349484 -0.724994 -0.385141
v -1.343975 -0.721524 -0.381992
v -1.373042 -0.750345 -0.387249
v -1.330320 -0.741855 -0.387129
v -1.323550 -0.739089 -0.377839
v -1.318756 -0.756055 -0.280338
v -1.312226 -0.750408 -0.289840
v -1.294753 -0.782028 -0.292469
v -1.291390 -0.773167 -0.296465
v -1.262997 -0.802607 -0.456994
v -1.220362 -0.843240 -0.386442
v -1.219760 -0.850203 -0.380282
v -1.271267 -0.806220 -0.460813
v -1.342878 -0.720913 -0.289791
v -1.348836 -0.727386 -0.280691
v -1.378643 -0.713589 -0.369840
v -1.373745 -0.708689 -0.381839
v -1.368147 -0.703089 -0.373839
v -1.378643 -0.713588 -0.297839
v -1.378643 -0.713588 -0.289840
v -1.373745 -0.708689 -0.285839
v -1.285684 -0.914311 -0.386781
v -1.287460 -0.915203 -0.387536
v -1.289019 -0.915034 -0.388975
v -1.328763 -0.874728 -0.456040
v -1.327611 -0.872613 -0.457267
v -1.446201 -0.759934 -0.281339
v -1.410321 -0.745270 -0.281339
v -1.446201 -0.759934 -0.386339
v -1.416867 -0.792802 -0.284649
v -1.388927 -0.765714 -0.280456
v -1.418726 -0.795808 -0.344883
v -1.414007 -0.789517 -0.385141
v -1.417476 -0.795025 -0.381993
v -1.388660 -0.765966 -0.387240
v -1.397471 -0.808275 -0.387016
v -1.399911 -0.815450 -0.377839
v -1.382566 -0.820242 -0.280160
v -1.388591 -0.826774 -0.289839
v -1.356971 -0.844247 -0.292469
v -1.365834 -0.847610 -0.296465
v -1.336393 -0.876003 -0.456995
v -1.295759 -0.918638 -0.386441
v -1.288666 -0.919119 -0.379726
v -1.333046 -0.868265 -0.460586
v -1.418087 -0.796122 -0.289790
v -1.411614 -0.790163 -0.280691
v -1.425411 -0.760357 -0.369840
v -1.430311 -0.765255 -0.381839
v -1.435911 -0.770854 -0.373839
v -1.425411 -0.760357 -0.289840
v -1.430311 -0.765255 -0.301839
v -1.435911 -0.770853 -0.293839
v -1.362482 -0.710156 -0.289840
v -1.418344 -0.766020 -0.293839
v -1.418344 -0.766020 -0.373839
v -1.362482 -0.710156 -0.377839
v -1.363856 -0.698804 -0.377318
v -1.363857 -0.698805 -0.290346
v -1.264663 -0.825543 -0.440918
v -1.252501 -0.848411 -0.461181
v -1.242070 -0.840096 -0.456223
v -1.241016 -0.848967 -0.401275
v -1.244306 -0.821382 -0.427203
v -1.236944 -0.827961 -0.415620
v -1.230631 -0.872434 -0.418645
v -1.226926 -0.866737 -0.425361
v -1.228107 -0.838626 -0.446722
v -1.222733 -0.858831 -0.424141
v -1.221060 -0.845552 -0.435934
v -1.313914 -0.875713 -0.440140
v -1.291360 -0.883170 -0.460952
v -1.291670 -0.892234 -0.458422
v -1.298904 -0.896930 -0.456223
v -1.288608 -0.897428 -0.400541
v -1.317618 -0.894694 -0.427203
v -1.311039 -0.902056 -0.415620
v -1.266625 -0.908597 -0.419009
v -1.278822 -0.916435 -0.425707
v -1.300375 -0.910893 -0.446721
v -1.293448 -0.917940 -0.435934
v -1.367381 -0.715056 -0.381839
v -1.367381 -0.715056 -0.365839
v -1.367381 -0.715056 -0.301839
v -1.428844 -0.776518 -0.377839
v -1.428844 -0.776518 -0.289839
v -1.248601 -0.889960 -0.444893
v -1.256590 -0.891176 -0.448605
v -1.260800 -0.897525 -0.444005
v -1.255412 -0.900217 -0.437474
v -1.247888 -0.895540 -0.438026
v -1.245063 -0.919811 -0.462472
v -1.240390 -0.921576 -0.454191
v -1.218144 -0.932053 -0.478099
v -1.221914 -0.938891 -0.473896
v -1.219097 -0.938828 -0.465488
v -1.213587 -0.931952 -0.464495
v -1.184458 -0.954146 -0.483441
v -1.187463 -0.961433 -0.479377
v -1.186456 -0.960309 -0.470638
v -1.182830 -0.952328 -0.469302
v -1.152478 -0.956936 -0.476286
v -1.150443 -0.962987 -0.482441
v -1.148854 -0.970671 -0.478310
v -1.149907 -0.969369 -0.469601
v -1.152147 -0.960881 -0.468351
v -1.124815 -0.938756 -0.478470
v -1.118723 -0.943412 -0.474016
v -1.120388 -0.942522 -0.465352
v -1.127510 -0.937316 -0.464451
v -1.106964 -0.901663 -0.480503
v -1.099389 -0.903512 -0.476280
v -1.100478 -0.901530 -0.467705
v -1.104479 -0.886558 -0.469158
v -1.099676 -0.867391 -0.491036
v -1.091600 -0.867054 -0.487391
v -1.092470 -0.864121 -0.479068
v -1.099233 -0.823857 -0.507063
v -1.091239 -0.824175 -0.503238
v -1.092234 -0.822230 -0.494644
v -1.100843 -0.820710 -0.493157
v -1.080708 -0.755791 -0.511016
v -1.073460 -0.758724 -0.506833
v -1.074707 -0.757661 -0.498118
v -1.082725 -0.754070 -0.496915
v -1.032499 -0.679177 -0.515778
v -1.025603 -0.682890 -0.511619
v -1.027422 -0.683094 -0.502942
v -1.035443 -0.679508 -0.501740
v -1.008028 -0.579904 -0.481301
v -1.001116 -0.579564 -0.486847
v -0.993989 -0.582598 -0.482531
v -0.996495 -0.584813 -0.474318
v -1.005172 -0.583148 -0.473559
v -0.985916 -0.464030 -0.442610
v -0.978775 -0.466998 -0.438270
v -0.981365 -0.469624 -0.430206
v -0.990106 -0.468278 -0.429562
v -0.974900 -0.387786 -0.407514
v -0.968174 -0.388140 -0.413282
v -0.961123 -0.391478 -0.409066
v -0.963491 -0.393187 -0.400694
v -0.972006 -0.390906 -0.399734
v -0.941979 -0.315896 -0.399276
v -0.934968 -0.319344 -0.395082
v -0.936740 -0.319426 -0.386394
v -0.944845 -0.316028 -0.385218
v -1.233521 -0.909934 -0.461727
v -1.240685 -0.912758 -0.466802
v -1.232946 -0.915169 -0.453795
v -1.425394 -0.567269 -0.512706
v -1.395152 -0.537027 -0.479830
v -1.371958 -0.513833 -0.437004
v -1.352445 -0.494320 -0.333660
v -1.372085 -0.513959 -0.230363
v -1.395332 -0.537207 -0.187595
v -1.536503 -0.678378 -0.134286
v -1.498689 -0.640564 -0.127198
v -1.571731 -0.713607 -0.154972
v -1.601973 -0.743850 -0.187849
v -1.625167 -0.767043 -0.230674
v -1.571510 -0.713387 -0.512886
v -1.498435 -0.640311 -0.540481
v -1.482381 -0.653897 -0.562717
v -1.615761 -0.521950 -0.558799
v -1.615905 -0.519369 -0.552194
v -1.526547 -0.612170 -0.529832
v -1.440432 -0.752351 -0.573840
v -1.386649 -0.697600 -0.573840
v -1.469686 -0.615531 -0.573840
v -1.486918 -0.644800 -0.558524
v -1.495357 -0.639322 -0.376480
v -1.448747 -0.762480 -0.385414
v -1.376399 -0.690132 -0.385092
v -1.448991 -0.762725 -0.282412
v -1.605089 -0.790824 -0.223551
v -1.609968 -0.792590 -0.214144
v -1.619861 -0.802381 -0.226231
v -1.613912 -0.799628 -0.231778
v -1.611461 -0.793983 -0.233923
v -1.605761 -0.791409 -0.227595
v -1.344584 -0.530319 -0.215947
v -1.336940 -0.519383 -0.228247
v -1.342118 -0.524832 -0.233785
v -1.441777 -0.626510 -0.557840
v -1.504377 -0.689185 -0.543369
v -1.513657 -0.698341 -0.538385
v -1.540001 -0.682615 -0.544000
v -1.435534 -0.620118 -0.544085
v -1.518306 -0.703121 -0.553202
v -1.377391 -0.691106 -0.335606
v -1.366805 -0.701749 -0.348469
v -1.366805 -0.701749 -0.319209
v -1.410471 -0.745417 -0.386339
v -1.437251 -0.772195 -0.348469
v -1.418757 -0.795779 -0.322825
v -1.437251 -0.772195 -0.319209
v -1.435591 -0.770540 -0.386339
v -1.440196 -0.775144 -0.377318
v -1.368460 -0.703409 -0.386339
v -1.440195 -0.775143 -0.290347
v -1.368460 -0.703408 -0.281339
v -1.450973 -0.764714 -0.375837
v -1.435591 -0.770540 -0.281339
v -1.393730 -0.728679 -0.281339
v -1.447893 -0.761609 -0.335607
v -1.450975 -0.764714 -0.291759
v -1.430311 -0.765255 -0.365839
v -1.373745 -0.708689 -0.365839
v -1.425411 -0.760357 -0.377839
v -1.378643 -0.713589 -0.377839
v -1.423944 -0.771619 -0.381839
v -1.428844 -0.776518 -0.369840
v -1.362482 -0.710156 -0.369840
v -1.423944 -0.771619 -0.365839
v -1.372980 -0.720656 -0.373839
v -1.423944 -0.771619 -0.285839
v -1.430311 -0.765255 -0.285839
v -1.428844 -0.776518 -0.297839
v -1.423944 -0.771619 -0.301839
v -1.425411 -0.760357 -0.297839
v -1.367381 -0.715056 -0.285839
v -1.372980 -0.720656 -0.293839
v -1.362482 -0.710156 -0.297839
v -1.368147 -0.703089 -0.293839
v -1.373745 -0.708689 -0.301839
v -1.181595 -0.948519 -0.477214
v -1.212998 -0.927764 -0.472289
v -1.130246 -0.934989 -0.472558
v -1.112735 -0.898539 -0.474538
v -1.105538 -0.864665 -0.484966
v -1.086434 -0.752914 -0.504887
v -1.105168 -0.821715 -0.500833
v -1.038580 -0.677088 -0.509673
v -0.992919 -0.464821 -0.437228
v -0.948084 -0.313846 -0.393179
v 1.111776 0.623399 -0.333700
v 1.218668 0.548132 -0.336135
v 1.091179 0.659056 -0.333680
v 1.092083 0.689600 -0.335424
v 1.096923 0.691358 -0.332804
v 1.221976 0.554164 -0.334412
v 1.183084 0.556319 -0.333534
v 1.091423 0.685858 -0.393274
v 1.086216 0.683733 -0.394596
v 1.178282 0.551519 -0.385033
v 1.216389 0.548578 -0.392604
v 1.212924 0.542389 -0.392559
v 1.107017 0.618640 -0.384420
v 1.075044 0.669479 -0.449669
v 1.069719 0.667236 -0.449606
v 1.164222 0.537456 -0.433020
v 1.200342 0.532530 -0.446770
v 1.197051 0.526515 -0.444960
v 1.093138 0.604761 -0.431669
v 1.048902 0.643337 -0.498149
v 1.043719 0.641235 -0.496702
v 1.141857 0.515091 -0.474226
v 1.174930 0.507117 -0.493215
v 1.172127 0.501593 -0.489763
v 1.071085 0.582707 -0.472229
v 1.014778 0.609214 -0.535407
v 1.009984 0.607501 -0.532676
v 1.112712 0.485948 -0.505840
v 1.141883 0.474070 -0.528776
v 1.139854 0.469319 -0.523918
v 1.042360 0.553982 -0.503334
v 0.974999 0.569434 -0.558906
v 0.970815 0.568332 -0.555077
v 1.078774 0.452011 -0.525710
v 1.103454 0.435642 -0.551029
v 1.102430 0.431895 -0.545096
v 1.008921 0.520544 -0.522866
v 0.889515 0.483951 -0.559265
v 0.887039 0.484556 -0.554081
v 1.005942 0.379179 -0.525693
v 1.021113 0.353301 -0.550558
v 1.022506 0.351971 -0.543732
v 0.937183 0.448805 -0.522762
v 0.849638 0.444074 -0.536103
v 0.848142 0.445659 -0.530752
v 0.972011 0.345246 -0.505806
v 0.982812 0.315000 -0.527864
v 0.985454 0.314919 -0.521284
v 0.903772 0.415395 -0.503134
v 0.815358 0.409794 -0.499132
v 0.814840 0.412357 -0.493980
v 0.942874 0.316109 -0.474177
v 0.949971 0.282159 -0.491926
v 0.953773 0.283238 -0.486037
v 0.875092 0.386715 -0.471946
v 0.789013 0.383448 -0.450874
v 0.789402 0.386919 -0.446272
v 0.920519 0.293755 -0.432961
v 0.924825 0.257013 -0.445190
v 0.929622 0.259086 -0.440396
v 0.853097 0.364720 -0.431323
v 0.772396 0.366832 -0.394617
v 0.773563 0.371080 -0.390879
v 0.906469 0.279705 -0.384967
v 0.909089 0.241277 -0.390843
v 0.914646 0.244111 -0.387469
v 0.839287 0.350909 -0.384033
v 0.766642 0.361077 -0.334196
v 0.768400 0.365917 -0.331576
v 0.901681 0.274916 -0.333466
v 0.903836 0.236024 -0.332588
v 0.909867 0.239332 -0.330865
v 0.834601 0.346224 -0.333300
v 0.772142 0.366577 -0.273726
v 0.774267 0.371784 -0.272403
v 0.906481 0.279717 -0.281967
v 0.909423 0.241611 -0.274396
v 0.915611 0.245076 -0.274440
v 0.839360 0.350983 -0.282580
v 0.788521 0.382956 -0.217331
v 0.790763 0.388280 -0.217395
v 0.920543 0.293779 -0.233979
v 0.925469 0.257657 -0.220231
v 0.931485 0.260950 -0.222041
v 0.853239 0.364862 -0.235331
v 0.814663 0.409098 -0.168852
v 0.816764 0.414281 -0.170298
v 0.942908 0.316144 -0.192775
v 0.950882 0.283070 -0.173785
v 0.956408 0.285872 -0.177237
v 0.875292 0.386915 -0.194771
v 0.848786 0.443222 -0.131593
v 0.850499 0.448016 -0.134323
v 0.972052 0.345288 -0.161160
v 0.983929 0.316117 -0.138224
v 0.988681 0.318146 -0.143082
v 0.904017 0.415640 -0.163666
v 0.888566 0.483001 -0.108094
v 0.889668 0.487185 -0.111923
v 1.005990 0.379224 -0.141290
v 1.022358 0.354546 -0.115970
v 1.026106 0.355570 -0.121904
v 0.937456 0.449079 -0.144134
v 0.931290 0.525725 -0.099956
v 0.931602 0.529119 -0.104622
v 1.042407 0.415641 -0.134518
v 1.063550 0.395739 -0.108541
v 1.066130 0.395595 -0.115145
v 0.945189 0.513065 -0.126859
v 0.973330 0.484953 -0.137508
v 0.974049 0.568484 -0.107734
v 0.973443 0.570960 -0.112919
v 1.078822 0.452057 -0.141307
v 1.104699 0.436887 -0.116442
v 1.106029 0.435493 -0.123267
v 1.009195 0.520817 -0.144238
v 1.013926 0.608361 -0.130897
v 1.012341 0.609857 -0.136248
v 1.112754 0.485989 -0.161194
v 1.143000 0.475187 -0.139136
v 1.143081 0.472546 -0.145717
v 1.042605 0.554228 -0.163866
v 1.048206 0.642642 -0.167868
v 1.045643 0.643160 -0.173019
v 1.141890 0.515125 -0.192823
v 1.175841 0.508029 -0.175074
v 1.174763 0.504227 -0.180963
v 1.048473 0.616349 -0.187510
v 1.071285 0.582907 -0.195054
v 1.074552 0.668987 -0.216126
v 1.071080 0.668597 -0.220727
v 1.164245 0.537480 -0.234038
v 1.200987 0.533175 -0.221810
v 1.198913 0.528378 -0.226604
v 1.093280 0.604902 -0.235677
v 1.091168 0.685603 -0.272382
v 1.086920 0.684437 -0.276121
v 1.178296 0.551531 -0.282033
v 1.216723 0.548911 -0.276157
v 1.213889 0.543353 -0.279530
v 1.107091 0.618713 -0.282967
v 0.887618 0.624137 -0.559150
v 0.887416 0.617153 -0.556114
v 0.835358 0.572695 -0.558046
v 0.834205 0.569890 -0.559210
v 0.915471 0.488780 -0.559020
v 0.915702 0.495729 -0.556114
v 0.967271 0.537299 -0.563185
v 0.968765 0.542613 -0.558371
v 0.833149 0.570100 -0.573500
v 0.916186 0.488032 -0.573500
v 0.926748 0.519979 -0.536500
v 0.909674 0.528379 -0.536500
v 0.883445 0.550753 -0.536126
v 0.874358 0.589731 -0.535430
v 0.868068 0.581905 -0.536089
v 0.936211 0.521788 -0.534001
v 0.938021 0.531252 -0.536500
v 0.929621 0.548326 -0.536500
v 0.907247 0.574555 -0.536126
v 0.896941 0.536262 -0.375893
v 0.886393 0.551709 -0.385175
v 0.879911 0.568846 -0.384909
v 0.881119 0.573338 -0.402742
v 0.884820 0.576381 -0.385264
v 0.891637 0.577450 -0.385385
v 0.906291 0.571607 -0.385175
v 0.921737 0.561059 -0.375893
v 0.932562 0.545416 -0.384607
v 0.938508 0.530780 -0.384687
v 0.936064 0.521936 -0.385006
v 0.927219 0.519492 -0.384687
v 0.912584 0.525438 -0.384607
v 0.864335 0.556555 -0.558185
v 0.881123 0.532666 -0.558185
v 0.855203 0.581814 -0.558185
v 0.856642 0.591961 -0.558185
v 0.860575 0.597425 -0.558185
v 0.866039 0.601358 -0.558185
v 0.876185 0.602797 -0.558185
v 0.901444 0.593664 -0.558185
v 0.925334 0.576876 -0.558185
v 0.939987 0.555114 -0.558185
v 0.944514 0.534454 -0.558185
v 0.940699 0.524582 -0.558185
v 0.923546 0.513486 -0.558185
v 0.902886 0.518012 -0.558185
v 0.872135 0.580290 -0.376141
v 0.874342 0.583657 -0.376141
v 0.877710 0.585865 -0.376141
v 0.884472 0.585977 -0.376141
v 0.902892 0.577125 -0.376141
v 0.937841 0.542172 -0.376141
v 0.946693 0.523748 -0.376141
v 0.946177 0.516143 -0.376141
v 0.941857 0.511822 -0.376141
v 0.934252 0.511307 -0.376141
v 0.915828 0.520159 -0.376141
v 0.880874 0.555108 -0.376141
v 0.872023 0.573528 -0.376141
v 0.835510 0.549598 -0.282262
v 0.835276 0.549968 -0.385002
v 0.908061 0.622636 -0.281892
v 0.895595 0.635329 -0.282418
v 0.907713 0.623117 -0.385011
v 0.976120 0.524325 -0.363291
v 0.983869 0.532724 -0.343817
v 0.983883 0.532478 -0.322588
v 0.976115 0.524330 -0.303266
v 0.962326 0.510838 -0.292036
v 0.947145 0.495975 -0.291848
v 0.933670 0.481884 -0.303266
v 0.925522 0.474117 -0.322588
v 0.925275 0.474131 -0.343816
v 0.933675 0.481880 -0.363291
v 0.947165 0.495668 -0.374523
v 0.962130 0.510802 -0.374677
v 0.977294 0.513565 -0.356518
v 0.983308 0.519578 -0.341788
v 0.983308 0.519578 -0.324779
v 0.977294 0.513565 -0.310049
v 0.966878 0.503149 -0.301544
v 0.954851 0.491121 -0.301544
v 0.944435 0.480706 -0.310049
v 0.938422 0.474692 -0.324779
v 0.938422 0.474692 -0.341788
v 0.944435 0.480706 -0.356518
v 0.954851 0.491121 -0.365023
v 0.966878 0.503149 -0.365023
v 0.980942 0.550268 -0.301320
v 0.973296 0.539685 -0.314145
v 0.957165 0.565928 -0.318317
v 0.948220 0.560613 -0.301433
v 0.933918 0.588700 -0.309956
v 0.932124 0.586663 -0.305701
v 1.055621 0.661094 -0.227176
v 1.066908 0.653468 -0.231700
v 1.073962 0.642707 -0.227054
v 1.062848 0.650857 -0.223463
v 0.971939 0.537417 -0.310236
v 1.072262 0.640814 -0.221933
v 1.076493 0.645045 -0.213774
v 1.084531 0.653083 -0.216234
v 1.085979 0.654531 -0.229042
v 1.075474 0.644026 -0.232916
v 1.052614 0.663378 -0.225145
v 1.053467 0.664231 -0.219041
v 1.057087 0.667921 -0.215524
v 1.062493 0.670937 -0.214068
v 1.061451 0.672216 -0.216795
v 1.063888 0.674558 -0.225121
v 1.062204 0.673252 -0.229341
v 1.059365 0.670130 -0.231527
v 1.055579 0.667385 -0.231801
v 1.054014 0.665062 -0.229341
v 0.907732 0.477058 -0.301320
v 0.918315 0.484704 -0.314146
v 0.892071 0.500834 -0.318317
v 0.897386 0.509780 -0.301433
v 0.869300 0.524082 -0.309956
v 0.871337 0.525876 -0.305701
v 0.796904 0.402379 -0.227177
v 0.804532 0.391092 -0.231700
v 0.815292 0.384038 -0.227054
v 0.807143 0.395152 -0.223463
v 0.920583 0.486061 -0.310236
v 0.816570 0.385122 -0.229672
v 0.815042 0.383593 -0.215783
v 0.805458 0.374010 -0.214892
v 0.803331 0.371883 -0.227510
v 0.808434 0.376986 -0.233439
v 0.794625 0.405460 -0.225147
v 0.795347 0.404140 -0.216419
v 0.794193 0.405241 -0.220416
v 0.792198 0.402868 -0.216848
v 0.786626 0.397675 -0.215983
v 0.784170 0.392793 -0.217724
v 0.784293 0.394963 -0.219072
v 0.783274 0.394109 -0.225147
v 0.785865 0.396535 -0.230252
v 0.792198 0.402868 -0.230252
v 0.905360 0.473971 -0.556652
v 0.917384 0.485996 -0.542703
v 0.908251 0.476859 -0.537862
v 0.983931 0.552541 -0.556826
v 0.979817 0.548424 -0.538722
v 0.986501 0.555115 -0.543660
v 0.951027 0.561787 -0.542940
v 0.887159 0.497844 -0.538045
v 0.882034 0.492618 -0.543745
v 0.882378 0.493194 -0.552863
v 0.958989 0.569723 -0.557500
v 0.671189 0.725816 -0.386442
v 0.670297 0.724040 -0.387197
v 0.670466 0.722481 -0.388636
v 0.710771 0.682737 -0.455699
v 0.712887 0.683889 -0.456927
v 0.814960 0.575909 -0.281000
v 0.840083 0.601029 -0.386000
v 0.792698 0.594633 -0.284310
v 0.819840 0.622713 -0.279979
v 0.789788 0.592825 -0.344647
v 0.795984 0.597494 -0.384802
v 0.790474 0.594024 -0.381653
v 0.819534 0.622840 -0.386900
v 0.776803 0.614171 -0.386576
v 0.770050 0.611589 -0.377500
v 0.765256 0.628555 -0.279999
v 0.758726 0.622909 -0.289500
v 0.737890 0.645667 -0.296126
v 0.709497 0.675107 -0.456655
v 0.666861 0.715741 -0.386102
v 0.666260 0.722703 -0.379942
v 0.717749 0.678491 -0.460386
v 0.789377 0.593414 -0.289451
v 0.795336 0.599887 -0.280351
v 0.825143 0.586089 -0.369500
v 0.825143 0.586089 -0.297500
v 0.820245 0.581189 -0.301500
v 0.814646 0.575589 -0.293500
v 0.732184 0.786811 -0.386442
v 0.733960 0.787703 -0.387197
v 0.735519 0.787534 -0.388636
v 0.775263 0.747229 -0.455700
v 0.774111 0.745113 -0.456927
v 0.892701 0.632434 -0.281000
v 0.897475 0.637214 -0.291420
v 0.856821 0.617770 -0.281000
v 0.883751 0.644695 -0.318870
v 0.856971 0.617917 -0.386000
v 0.863367 0.665302 -0.284310
v 0.835427 0.638214 -0.280117
v 0.865175 0.668212 -0.344647
v 0.860506 0.662016 -0.384802
v 0.863976 0.667525 -0.381653
v 0.835155 0.638458 -0.386910
v 0.843796 0.680789 -0.386862
v 0.846411 0.687950 -0.377500
v 0.829066 0.692742 -0.279820
v 0.835091 0.699274 -0.289500
v 0.803471 0.716747 -0.292130
v 0.812333 0.720110 -0.296126
v 0.782893 0.748503 -0.456655
v 0.742260 0.791139 -0.386102
v 0.735166 0.791619 -0.379387
v 0.779336 0.740767 -0.460323
v 0.864586 0.668622 -0.289451
v 0.858113 0.662664 -0.280351
v 0.876811 0.637755 -0.365500
v 0.882411 0.643354 -0.373500
v 0.876811 0.637755 -0.301500
v 0.882411 0.643354 -0.293500
v 0.808982 0.582656 -0.289500
v 0.875344 0.649018 -0.289500
v 0.870444 0.644119 -0.381500
v 0.808982 0.582656 -0.377500
v 0.886695 0.647643 -0.290008
v 0.709786 0.697586 -0.439801
v 0.702311 0.720342 -0.460711
v 0.688369 0.714790 -0.456944
v 0.687515 0.721467 -0.400936
v 0.690805 0.693882 -0.426863
v 0.683444 0.700461 -0.415281
v 0.677110 0.745106 -0.418452
v 0.669065 0.732678 -0.425367
v 0.674607 0.711125 -0.446382
v 0.667560 0.718052 -0.435595
v 0.759956 0.746837 -0.440578
v 0.737089 0.759000 -0.460842
v 0.745404 0.769430 -0.455884
v 0.735108 0.769928 -0.400201
v 0.764117 0.767194 -0.426863
v 0.757539 0.774556 -0.415281
v 0.714088 0.782956 -0.421155
v 0.746875 0.783393 -0.446382
v 0.726669 0.788767 -0.423803
v 0.739948 0.790440 -0.435595
v 0.808982 0.582656 -0.369500
v 0.870444 0.644119 -0.301500
v 0.711425 0.749902 -0.444968
v 0.703075 0.745875 -0.444274
v 0.698648 0.749678 -0.437048
v 0.704249 0.756046 -0.433257
v 0.712163 0.756191 -0.438149
v 0.687934 0.767296 -0.461876
v 0.696676 0.779202 -0.456120
v 0.672928 0.793267 -0.475138
v 0.667026 0.786568 -0.472619
v 0.665001 0.787757 -0.463643
v 0.669653 0.795191 -0.460615
v 0.674552 0.798597 -0.467720
v 0.635509 0.807826 -0.477717
v 0.635136 0.808042 -0.468450
v 0.638608 0.816171 -0.465630
v 0.641126 0.820978 -0.473155
v 0.602064 0.825028 -0.478834
v 0.604631 0.816443 -0.476430
v 0.605088 0.825037 -0.464131
v 0.602346 0.830339 -0.471233
v 0.580936 0.792900 -0.465437
v 0.584141 0.793787 -0.456776
v 0.578526 0.799603 -0.452223
v 0.571851 0.802310 -0.458071
v 0.562879 0.755695 -0.453772
v 0.565836 0.756104 -0.444988
v 0.558879 0.759336 -0.439769
v 0.551623 0.760924 -0.445328
v 0.555553 0.722172 -0.452719
v 0.558343 0.721838 -0.443877
v 0.550846 0.722655 -0.438472
v 0.543423 0.723496 -0.443973
v 0.546526 0.667910 -0.454513
v 0.556642 0.658660 -0.454347
v 0.558498 0.668942 -0.445485
v 0.550990 0.662771 -0.440102
v 0.543765 0.661395 -0.445712
v 0.596616 0.467465 -0.443314
v 0.601583 0.420900 -0.451742
v 0.596942 0.418294 -0.437391
v 0.589337 0.420353 -0.443023
v 0.604006 0.409941 -0.442904
v 0.587011 0.375553 -0.452107
v 0.595874 0.372812 -0.452046
v 0.598514 0.371842 -0.443205
v 0.591283 0.373985 -0.437802
v 0.584173 0.376278 -0.443304
v 0.572847 0.346773 -0.452887
v 0.580447 0.341452 -0.452897
v 0.582641 0.339570 -0.444081
v 0.576397 0.343729 -0.438623
v 0.570344 0.348181 -0.444065
v 0.683817 0.769933 -0.453052
v 0.689544 0.777569 -0.449392
v 1.062261 0.394449 -0.558459
v 1.042358 0.415594 -0.532481
v 0.928881 0.526398 -0.562379
v 0.944935 0.512811 -0.540141
v 0.871894 0.439769 -0.512367
v 0.841652 0.409527 -0.479490
v 0.818457 0.386333 -0.436665
v 0.803891 0.371766 -0.386809
v 0.798945 0.366820 -0.333321
v 0.803957 0.371832 -0.279844
v 0.818584 0.386460 -0.230024
v 0.841831 0.409707 -0.187255
v 0.872113 0.439989 -0.154454
v 0.907367 0.475242 -0.133853
v 0.983003 0.550878 -0.133946
v 1.018230 0.586107 -0.154633
v 1.071667 0.639540 -0.230334
v 1.071540 0.639416 -0.436976
v 1.086168 0.654044 -0.387157
v 1.048293 0.616169 -0.479745
v 1.018010 0.585887 -0.512547
v 0.982758 0.550633 -0.533146
v 1.086234 0.654107 -0.280191
v 0.907122 0.474997 -0.533054
v 0.932275 0.526709 -0.567043
v 1.062405 0.391869 -0.551855
v 0.973047 0.484670 -0.529492
v 0.886932 0.624851 -0.573500
v 0.969969 0.542783 -0.573500
v 0.933417 0.517300 -0.558185
v 0.895367 0.635101 -0.384752
v 0.823019 0.562753 -0.385075
v 0.822775 0.562509 -0.282072
v 1.052382 0.660984 -0.227037
v 1.054395 0.662996 -0.215804
v 1.063652 0.675381 -0.220820
v 1.064270 0.672871 -0.231296
v 0.788260 0.399995 -0.214814
v 0.783336 0.391600 -0.227591
v 0.788254 0.399994 -0.232289
v 0.796025 0.405023 -0.229640
v 0.896315 0.507124 -0.543030
v 0.960156 0.570840 -0.538045
v 0.965382 0.575966 -0.543745
v 0.964806 0.575622 -0.552863
v 0.902885 0.471499 -0.543660
v 0.888335 0.499010 -0.557543
v 0.813305 0.574249 -0.318870
v 0.814960 0.575909 -0.386000
v 0.813305 0.574249 -0.348130
v 0.883751 0.644695 -0.348130
v 0.882091 0.643040 -0.386000
v 0.741253 0.654528 -0.292130
v 0.886696 0.647644 -0.376979
v 0.810356 0.571304 -0.376979
v 0.882091 0.643040 -0.281000
v 0.810357 0.571305 -0.290008
v 0.789648 0.592700 -0.322566
v 0.865299 0.668352 -0.322566
v 0.823890 0.563607 -0.335265
v 0.820786 0.560527 -0.375498
v 0.825566 0.565299 -0.386000
v 0.892701 0.632434 -0.386000
v 0.897472 0.637214 -0.375498
v 0.840230 0.601179 -0.281000
v 0.894393 0.634109 -0.335266
v 0.825566 0.565299 -0.281000
v 0.820785 0.560525 -0.291420
v 0.814646 0.575589 -0.373500
v 0.820245 0.581189 -0.365500
v 0.871911 0.632857 -0.369500
v 0.876811 0.637755 -0.381500
v 0.871911 0.632857 -0.377500
v 0.825143 0.586089 -0.377500
v 0.820245 0.581189 -0.381500
v 0.813881 0.587556 -0.381500
v 0.875344 0.649018 -0.369500
v 0.875344 0.649018 -0.377500
v 0.870444 0.644119 -0.365500
v 0.864844 0.638520 -0.373500
v 0.819480 0.593156 -0.373500
v 0.813881 0.587556 -0.365500
v 0.875344 0.649018 -0.297500
v 0.864844 0.638520 -0.293500
v 0.870444 0.644119 -0.285500
v 0.871911 0.632857 -0.289500
v 0.876811 0.637755 -0.285500
v 0.871911 0.632857 -0.297500
v 0.813881 0.587556 -0.285500
v 0.820245 0.581189 -0.285500
v 0.819480 0.593156 -0.293500
v 0.825143 0.586089 -0.289500
v 0.808982 0.582656 -0.297500
v 0.813881 0.587556 -0.301500
v 0.639210 0.815820 -0.480626
v 0.606500 0.816449 -0.467343
v 0.573340 0.798167 -0.466238
v 0.554095 0.758674 -0.453983
v 0.546332 0.723197 -0.452778
v 0.592689 0.420140 -0.451796
v 0.695662 0.773061 -0.463464
v 0.119007 0.662614 -0.990003
v 0.096644 0.626924 -1.113789
v 0.108359 0.672929 -0.951587
v 0.086121 0.676668 -0.930890
v 0.081456 0.678635 -0.933673
v 0.090041 0.629087 -1.112375
v 0.116018 0.637448 -1.084566
v 0.089234 0.620226 -0.918023
v 0.094418 0.619512 -0.915575
v 0.122807 0.587703 -1.071238
v 0.097942 0.572878 -1.097313
v 0.104767 0.572423 -1.099185
v 0.125738 0.613622 -0.976876
v 0.112397 0.565752 -0.903426
v 0.117748 0.566378 -0.901338
v 0.142694 0.541351 -1.058817
v 0.120635 0.520558 -1.083295
v 0.127217 0.521809 -1.085623
v 0.136133 0.573152 -0.924852
v 0.145365 0.567983 -0.964647
v 0.149368 0.518925 -0.890878
v 0.154519 0.520886 -0.889148
v 0.174323 0.501550 -1.048152
v 0.156574 0.475696 -1.071274
v 0.162463 0.478532 -1.074027
v 0.169010 0.531841 -0.913782
v 0.176554 0.528805 -0.954149
v 0.197625 0.482936 -0.881235
v 0.202227 0.486137 -0.879838
v 0.215538 0.471013 -1.039969
v 0.203310 0.441346 -1.062070
v 0.208104 0.445540 -1.065187
v 0.211834 0.500157 -0.905293
v 0.217177 0.498760 -0.946099
v 0.253882 0.460238 -0.875154
v 0.257620 0.464499 -0.874039
v 0.263532 0.451820 -1.034827
v 0.257657 0.419850 -1.056310
v 0.261030 0.425083 -1.059706
v 0.264466 0.479894 -0.941044
v 0.314304 0.452377 -0.873047
v 0.316924 0.457448 -0.872150
v 0.315179 0.473502 -0.898151
v 0.374773 0.459889 -0.875061
v 0.376096 0.465461 -0.874297
v 0.366533 0.451837 -1.034831
v 0.374104 0.420306 -1.056433
v 0.374059 0.426401 -1.060058
v 0.365920 0.479994 -0.941070
v 0.431169 0.482264 -0.881056
v 0.431105 0.487996 -0.880336
v 0.414520 0.471045 -1.039979
v 0.428269 0.442227 -1.062306
v 0.426459 0.448085 -1.065869
v 0.418476 0.500330 -0.905339
v 0.413169 0.498953 -0.946150
v 0.479648 0.517974 -0.890625
v 0.478201 0.523514 -0.889853
v 0.455726 0.501596 -1.048167
v 0.474715 0.476941 -1.071607
v 0.471263 0.482130 -1.074992
v 0.453729 0.529078 -0.954223
v 0.516907 0.564588 -0.903114
v 0.514176 0.569597 -0.902201
v 0.487340 0.541408 -1.058834
v 0.510276 0.522084 -1.083704
v 0.505418 0.526216 -1.086804
v 0.484834 0.568317 -0.964737
v 0.540405 0.618928 -0.917675
v 0.536577 0.623102 -0.916537
v 0.507210 0.587767 -1.071255
v 0.532530 0.574579 -1.097769
v 0.526596 0.577339 -1.100502
v 0.504366 0.613996 -0.976976
v 0.548543 0.677291 -0.933312
v 0.543878 0.680385 -0.931887
v 0.513981 0.637513 -1.084584
v 0.539959 0.630849 -1.112846
v 0.533354 0.632014 -1.115153
v 0.521641 0.673276 -0.951680
v 0.510992 0.663000 -0.990107
v 0.540765 0.735700 -0.948963
v 0.535581 0.737542 -0.947201
v 0.507192 0.687258 -1.097912
v 0.532058 0.687059 -1.127909
v 0.525232 0.686517 -1.129756
v 0.514553 0.724930 -0.965521
v 0.504262 0.711992 -1.003234
v 0.517602 0.790174 -0.963559
v 0.512251 0.790676 -0.961439
v 0.487306 0.733610 -1.110333
v 0.509364 0.739378 -1.141927
v 0.502784 0.737131 -1.143319
v 0.493867 0.773052 -0.978415
v 0.484634 0.757631 -1.015463
v 0.480632 0.837001 -0.976107
v 0.475480 0.836167 -0.973628
v 0.455677 0.773411 -1.120998
v 0.473425 0.784241 -1.153949
v 0.467537 0.780408 -1.154914
v 0.453446 0.796809 -1.025961
v 0.432374 0.872990 -0.985749
v 0.427773 0.870916 -0.982939
v 0.414461 0.803948 -1.129181
v 0.426690 0.818591 -1.163152
v 0.421895 0.813400 -1.163754
v 0.412823 0.826854 -1.034011
v 0.376117 0.895688 -0.991831
v 0.372380 0.892555 -0.988737
v 0.366467 0.823141 -1.134323
v 0.372343 0.840086 -1.168911
v 0.368969 0.833856 -1.169236
v 0.368309 0.865946 -1.003306
v 0.365533 0.845720 -1.039067
v 0.315695 0.903549 -0.993938
v 0.313076 0.899606 -0.990626
v 0.314966 0.829682 -1.136075
v 0.314088 0.847262 -1.170834
v 0.312366 0.840384 -1.170985
v 0.314800 0.852121 -1.040782
v 0.255226 0.896036 -0.991926
v 0.253903 0.891593 -0.988479
v 0.263467 0.823124 -1.134319
v 0.255895 0.839630 -1.168790
v 0.255940 0.832539 -1.168883
v 0.261343 0.865856 -1.003281
v 0.264080 0.845620 -1.039040
v 0.198831 0.873662 -0.985931
v 0.198895 0.869058 -0.982441
v 0.215480 0.803915 -1.129171
v 0.201731 0.817710 -1.162916
v 0.203540 0.810855 -1.163073
v 0.216830 0.826661 -1.033960
v 0.150351 0.837951 -0.976362
v 0.151798 0.833539 -0.972924
v 0.174275 0.773364 -1.120985
v 0.155285 0.782995 -1.153614
v 0.158737 0.776810 -1.153950
v 0.176271 0.796536 -1.025888
v 0.113093 0.791338 -0.963872
v 0.115824 0.787457 -0.960576
v 0.142660 0.733553 -1.110317
v 0.119724 0.737853 -1.141519
v 0.124582 0.732723 -1.142138
v 0.145165 0.757297 -1.015373
v 0.089594 0.736998 -0.949311
v 0.093423 0.733950 -0.946239
v 0.122790 0.687194 -1.097896
v 0.097470 0.685357 -1.127453
v 0.103404 0.681600 -1.128439
v 0.125634 0.711618 -1.003134
v 0.276652 0.484769 -0.777439
v 0.278194 0.487131 -0.779299
v 0.351991 0.485958 -0.777378
v 0.353303 0.486448 -0.780657
v 0.352723 0.456049 -0.889839
v 0.347928 0.460298 -0.885717
v 0.279376 0.457204 -0.890123
v 0.276883 0.456218 -0.888978
v 0.353268 0.472284 -0.773807
v 0.353714 0.442183 -0.886144
v 0.322971 0.481659 -0.881775
v 0.329104 0.486321 -0.864376
v 0.331830 0.495578 -0.831275
v 0.319305 0.505047 -0.798627
v 0.315000 0.482673 -0.887650
v 0.307028 0.481659 -0.881775
v 0.300895 0.486321 -0.864376
v 0.298169 0.495578 -0.831276
v 0.309324 0.504129 -0.799507
v 0.332534 0.645229 -0.891863
v 0.329070 0.641021 -0.871706
v 0.322840 0.644569 -0.857651
v 0.317373 0.645313 -0.853974
v 0.311991 0.645351 -0.854191
v 0.307160 0.644569 -0.857651
v 0.300930 0.641021 -0.871706
v 0.297466 0.645229 -0.891863
v 0.300873 0.631968 -0.907685
v 0.307018 0.628124 -0.921722
v 0.315000 0.626645 -0.926011
v 0.322982 0.628124 -0.921722
v 0.329127 0.631968 -0.907685
v 0.341240 0.478830 -0.808552
v 0.346261 0.471385 -0.836335
v 0.329837 0.485124 -0.785062
v 0.321645 0.486718 -0.779115
v 0.315000 0.486998 -0.778070
v 0.308355 0.486718 -0.779115
v 0.300163 0.485124 -0.785062
v 0.288760 0.478830 -0.808552
v 0.283738 0.471385 -0.836335
v 0.288765 0.464721 -0.861208
v 0.300173 0.460111 -0.878410
v 0.309851 0.459003 -0.882548
v 0.320149 0.459003 -0.882548
v 0.329826 0.460111 -0.878410
v 0.341235 0.464721 -0.861208
v 0.318942 0.657587 -0.844784
v 0.315000 0.657799 -0.843992
v 0.311057 0.657587 -0.844784
v 0.306197 0.656370 -0.849326
v 0.299431 0.651379 -0.867954
v 0.299434 0.638586 -0.915698
v 0.306203 0.633594 -0.934327
v 0.311945 0.632296 -0.939170
v 0.323797 0.633594 -0.934327
v 0.330565 0.638586 -0.915698
v 0.330569 0.651379 -0.867954
v 0.323803 0.656370 -0.849326
v 0.366575 0.749888 -0.864362
v 0.366565 0.655213 -0.821031
v 0.366284 0.650175 -0.837981
v 0.263303 0.749414 -0.864658
v 0.263582 0.654879 -0.820942
v 0.263773 0.650056 -0.838466
v 0.284988 0.640726 -0.957359
v 0.273568 0.659656 -0.961954
v 0.273732 0.680113 -0.967626
v 0.284986 0.698708 -0.972887
v 0.304435 0.709798 -0.975498
v 0.325722 0.709610 -0.975590
v 0.345013 0.698708 -0.972887
v 0.356267 0.680113 -0.967626
v 0.356432 0.659656 -0.961954
v 0.345012 0.640726 -0.957359
v 0.325536 0.629814 -0.953968
v 0.304307 0.629924 -0.954185
v 0.291765 0.645084 -0.967263
v 0.283260 0.659312 -0.971075
v 0.283260 0.675742 -0.975478
v 0.291765 0.689970 -0.979290
v 0.306495 0.698185 -0.981491
v 0.323504 0.698185 -0.981491
v 0.338235 0.689970 -0.979290
v 0.346739 0.675742 -0.975478
v 0.346739 0.659312 -0.971075
v 0.338235 0.645084 -0.967263
v 0.323504 0.636869 -0.965062
v 0.306495 0.636869 -0.965062
v 0.263233 0.704451 -0.958971
v 0.276123 0.691525 -0.957658
v 0.268971 0.695251 -0.927636
v 0.279055 0.712224 -0.929527
v 0.269308 0.711749 -0.898369
v 0.272017 0.715814 -0.899636
v 0.132060 0.782683 -0.953471
v 0.129472 0.774853 -0.965219
v 0.132093 0.776080 -0.978589
v 0.134189 0.783074 -0.966361
v 0.278686 0.695134 -0.959292
v 0.132367 0.786192 -0.981441
v 0.118478 0.788280 -0.982000
v 0.115159 0.775086 -0.978465
v 0.122981 0.769738 -0.977032
v 0.133502 0.773684 -0.978089
v 0.132576 0.788677 -0.951205
v 0.129126 0.793678 -0.952545
v 0.124600 0.795118 -0.952723
v 0.121559 0.795316 -0.952220
v 0.118174 0.792949 -0.951702
v 0.117033 0.790234 -0.951414
v 0.116694 0.785618 -0.950454
v 0.114771 0.783391 -0.951371
v 0.118809 0.781613 -0.949104
v 0.123021 0.779450 -0.948732
v 0.129076 0.780663 -0.949127
v 0.132166 0.784180 -0.949792
v 0.366766 0.704450 -0.958971
v 0.353877 0.691525 -0.957658
v 0.361028 0.695251 -0.927636
v 0.350944 0.712224 -0.929527
v 0.360691 0.711749 -0.898369
v 0.357983 0.715814 -0.899636
v 0.497940 0.782683 -0.953471
v 0.500528 0.774853 -0.965219
v 0.497906 0.776080 -0.978589
v 0.495811 0.783074 -0.966361
v 0.351314 0.695135 -0.959292
v 0.494957 0.779952 -0.979769
v 0.499788 0.787542 -0.981802
v 0.508896 0.788949 -0.982179
v 0.516154 0.777991 -0.979243
v 0.503250 0.768990 -0.976832
v 0.495384 0.784710 -0.951850
v 0.497494 0.788656 -0.951268
v 0.502266 0.794515 -0.952561
v 0.506995 0.794922 -0.952826
v 0.512102 0.791465 -0.952020
v 0.513590 0.787207 -0.950603
v 0.512102 0.782813 -0.949702
v 0.508534 0.779898 -0.948645
v 0.498633 0.782800 -0.949629
v 0.370627 0.457688 -0.893375
v 0.364668 0.475007 -0.898019
v 0.374125 0.470238 -0.896736
v 0.259511 0.457520 -0.893330
v 0.276378 0.471162 -0.896985
v 0.263459 0.475837 -0.898241
v 0.255874 0.470238 -0.896736
v 0.256714 0.469073 -0.865529
v 0.263383 0.483361 -0.869454
v 0.366616 0.483361 -0.869454
v 0.373285 0.469073 -0.865529
v 0.264998 0.464578 -0.864385
v 0.358130 0.711046 -0.605474
v 0.360016 0.710154 -0.605883
v 0.360999 0.708449 -0.606690
v 0.360602 0.629019 -0.644007
v 0.358292 0.627657 -0.644348
v 0.362471 0.755265 -0.847841
v 0.369227 0.745202 -0.845139
v 0.362469 0.759148 -0.833350
v 0.364813 0.722567 -0.823552
v 0.364853 0.702845 -0.833807
v 0.369225 0.663989 -0.823377
v 0.362471 0.653843 -0.820665
v 0.364971 0.763452 -0.804499
v 0.325922 0.767806 -0.804980
v 0.368306 0.705372 -0.788130
v 0.360623 0.666306 -0.778780
v 0.366973 0.669721 -0.778202
v 0.326131 0.664675 -0.777075
v 0.362253 0.670980 -0.753660
v 0.368995 0.680685 -0.753330
v 0.360388 0.778846 -0.763702
v 0.368998 0.769831 -0.760640
v 0.358995 0.776275 -0.726428
v 0.367639 0.771409 -0.729150
v 0.366899 0.626933 -0.648101
v 0.368315 0.710322 -0.609488
v 0.363816 0.717656 -0.605915
v 0.358496 0.622393 -0.650292
v 0.368180 0.758870 -0.801734
v 0.359390 0.767754 -0.803737
v 0.348070 0.673663 -0.810447
v 0.354998 0.662071 -0.807342
v 0.362917 0.669799 -0.809414
v 0.348070 0.743210 -0.829082
v 0.354998 0.739345 -0.828048
v 0.362917 0.747073 -0.830119
v 0.271870 0.711046 -0.605474
v 0.269983 0.710154 -0.605883
v 0.269000 0.708449 -0.606690
v 0.269397 0.629019 -0.644007
v 0.271708 0.627657 -0.644348
v 0.267528 0.755265 -0.847841
v 0.260772 0.745202 -0.845139
v 0.265187 0.722567 -0.823552
v 0.267528 0.653843 -0.820665
v 0.265029 0.763452 -0.804499
v 0.303940 0.767658 -0.805003
v 0.261590 0.705480 -0.788126
v 0.269376 0.666306 -0.778780
v 0.263026 0.669722 -0.778202
v 0.304023 0.664546 -0.776959
v 0.267802 0.670955 -0.754189
v 0.261004 0.680685 -0.753330
v 0.269881 0.779088 -0.763492
v 0.261001 0.769831 -0.760640
v 0.271005 0.776275 -0.726428
v 0.262360 0.771409 -0.729150
v 0.263101 0.626934 -0.648101
v 0.261685 0.710322 -0.609488
v 0.266361 0.718194 -0.606053
v 0.270939 0.622660 -0.650170
v 0.261819 0.758870 -0.801734
v 0.270610 0.767754 -0.803737
v 0.281930 0.665936 -0.808376
v 0.281930 0.673663 -0.810447
v 0.267083 0.669799 -0.809413
v 0.281930 0.750937 -0.831152
v 0.267083 0.747073 -0.830119
v 0.361925 0.745539 -0.820388
v 0.268075 0.745539 -0.820388
v 0.282922 0.672129 -0.800716
v 0.347077 0.672129 -0.800716
v 0.260774 0.663989 -0.823377
v 0.368980 0.666439 -0.808510
v 0.350799 0.647275 -0.637307
v 0.339993 0.632610 -0.611247
v 0.353778 0.637784 -0.606492
v 0.348260 0.694130 -0.615441
v 0.366839 0.662567 -0.630221
v 0.367393 0.676306 -0.623698
v 0.342641 0.680200 -0.586825
v 0.366101 0.649834 -0.602328
v 0.355613 0.676325 -0.590701
v 0.366186 0.662811 -0.595576
v 0.280498 0.646355 -0.637734
v 0.288068 0.633193 -0.608563
v 0.274812 0.638370 -0.608402
v 0.280339 0.693262 -0.615844
v 0.263160 0.662567 -0.630221
v 0.262607 0.676306 -0.623698
v 0.289696 0.682573 -0.588058
v 0.275201 0.674972 -0.589211
v 0.263899 0.649834 -0.602328
v 0.263814 0.662811 -0.595576
v 0.361925 0.675992 -0.801753
v 0.268075 0.668265 -0.799683
v 0.282922 0.749403 -0.821422
v 0.275004 0.757130 -0.823493
v 0.268075 0.753266 -0.822459
v 0.315912 0.412674 -1.054387
v 0.315034 0.445279 -1.033075
v 0.115446 0.621274 -0.937747
v 0.461244 0.532086 -0.913849
v 0.494046 0.573452 -0.924933
v 0.514646 0.621609 -0.937837
v 0.460990 0.814363 -0.989484
v 0.418165 0.846048 -0.997974
v 0.314820 0.872702 -1.005117
v 0.168756 0.814118 -0.989419
v 0.211524 0.845874 -0.997927
v 0.135954 0.772752 -0.978335
v 0.261691 0.480258 -0.899960
v 0.115353 0.724595 -0.965431
v 0.368656 0.480348 -0.899984
v 0.315200 0.473493 -0.939328
v 0.317634 0.418556 -1.057956
v 0.276488 0.442059 -0.886608
v 0.276969 0.472400 -0.773375
v 0.318055 0.632296 -0.939170
v 0.366243 0.754060 -0.847517
v 0.263927 0.754371 -0.847600
v 0.131582 0.794241 -0.954279
v 0.124600 0.776574 -0.949530
v 0.134428 0.783391 -0.951372
v 0.498964 0.792949 -0.951696
v 0.505400 0.796898 -0.955239
v 0.515113 0.790449 -0.953232
v 0.513722 0.781135 -0.950752
v 0.505738 0.778894 -0.947873
v 0.501695 0.779738 -0.948162
v 0.364960 0.464526 -0.864415
v 0.353763 0.478644 -0.868113
v 0.276415 0.478575 -0.868101
v 0.256064 0.477837 -0.868047
v 0.373935 0.477837 -0.868047
v 0.364813 0.694304 -0.815979
v 0.368493 0.726704 -0.793834
v 0.362469 0.657726 -0.806174
v 0.265147 0.702846 -0.833807
v 0.261588 0.726776 -0.793876
v 0.303058 0.657725 -0.806176
v 0.265187 0.694304 -0.815979
v 0.303268 0.759148 -0.833350
v 0.326941 0.657725 -0.806176
v 0.267531 0.657726 -0.806174
v 0.261019 0.666439 -0.808510
v 0.261021 0.750447 -0.831019
v 0.368979 0.750447 -0.831019
v 0.267531 0.759148 -0.833350
v 0.326731 0.759148 -0.833350
v 0.275001 0.677526 -0.811483
v 0.354998 0.677526 -0.811483
v 0.275001 0.662071 -0.807342
v 0.348070 0.665936 -0.808376
v 0.275004 0.664401 -0.798647
v 0.361925 0.668265 -0.799683
v 0.354996 0.664401 -0.798647
v 0.268075 0.675992 -0.801753
v 0.275004 0.679856 -0.802788
v 0.354996 0.679856 -0.802788
v 0.275001 0.754800 -0.832189
v 0.275004 0.741675 -0.819352
v 0.275001 0.739345 -0.828048
v 0.281930 0.743210 -0.829082
v 0.361925 0.753266 -0.822459
v 0.354996 0.757130 -0.823493
v 0.354998 0.754800 -0.832189
v 0.348070 0.750937 -0.831152
v 0.347077 0.749403 -0.821422
v 0.354996 0.741675 -0.819352
v 0.510992 -0.662614 -0.990003
v 0.533355 -0.626924 -1.113789
v 0.521641 -0.672928 -0.951587
v 0.543878 -0.676668 -0.930890
v 0.548543 -0.678635 -0.933673
v 0.539959 -0.629087 -1.112375
v 0.513981 -0.637448 -1.084566
v 0.540766 -0.620226 -0.918023
v 0.535581 -0.619512 -0.915575
v 0.507192 -0.587703 -1.071238
v 0.532058 -0.572878 -1.097313
v 0.525232 -0.572423 -1.099185
v 0.504262 -0.613622 -0.976876
v 0.517602 -0.565752 -0.903426
v 0.512251 -0.566378 -0.901338
v 0.487306 -0.541351 -1.058817
v 0.509364 -0.520558 -1.083295
v 0.502783 -0.521809 -1.085623
v 0.484634 -0.567983 -0.964647
v 0.480632 -0.518925 -0.890878
v 0.475480 -0.520886 -0.889148
v 0.455677 -0.501551 -1.048152
v 0.473425 -0.475696 -1.071274
v 0.467536 -0.478532 -1.074027
v 0.453446 -0.528805 -0.954149
v 0.432374 -0.482936 -0.881235
v 0.427772 -0.486137 -0.879838
v 0.414461 -0.471013 -1.039969
v 0.426690 -0.441346 -1.062070
v 0.421895 -0.445540 -1.065187
v 0.412823 -0.498760 -0.946099
v 0.376117 -0.460238 -0.875154
v 0.372380 -0.464499 -0.874039
v 0.366467 -0.451820 -1.034827
v 0.372343 -0.419850 -1.056310
v 0.368969 -0.425083 -1.059706
v 0.365533 -0.479894 -0.941044
v 0.315695 -0.452377 -0.873047
v 0.312366 -0.418556 -1.057956
v 0.313075 -0.457448 -0.872150
v 0.314800 -0.473493 -0.939328
v 0.255226 -0.459889 -0.875061
v 0.253903 -0.465461 -0.874297
v 0.263467 -0.451837 -1.034832
v 0.255895 -0.420306 -1.056433
v 0.255941 -0.426401 -1.060058
v 0.264080 -0.479994 -0.941070
v 0.198830 -0.482264 -0.881056
v 0.198894 -0.487996 -0.880336
v 0.215480 -0.471045 -1.039979
v 0.201730 -0.442227 -1.062306
v 0.203540 -0.448085 -1.065869
v 0.216830 -0.498953 -0.946150
v 0.150351 -0.517974 -0.890625
v 0.151798 -0.523514 -0.889853
v 0.170042 -0.494634 -1.058708
v 0.175103 -0.504635 -1.040933
v 0.155285 -0.476941 -1.071607
v 0.158736 -0.482130 -1.074992
v 0.176271 -0.529078 -0.954223
v 0.113093 -0.564588 -0.903114
v 0.115824 -0.569597 -0.902201
v 0.142659 -0.541408 -1.058833
v 0.119723 -0.522084 -1.083704
v 0.124581 -0.526216 -1.086804
v 0.145165 -0.568317 -0.964737
v 0.089594 -0.618928 -0.917675
v 0.093422 -0.623103 -0.916537
v 0.122789 -0.587767 -1.071255
v 0.097470 -0.574579 -1.097769
v 0.103403 -0.577339 -1.100502
v 0.125634 -0.613996 -0.976976
v 0.081456 -0.677291 -0.933313
v 0.086122 -0.680385 -0.931886
v 0.116018 -0.637513 -1.084584
v 0.090040 -0.630849 -1.112846
v 0.096645 -0.632015 -1.115153
v 0.119007 -0.663000 -0.990107
v 0.089234 -0.735700 -0.948963
v 0.094419 -0.737542 -0.947201
v 0.122807 -0.687258 -1.097913
v 0.097942 -0.687059 -1.127909
v 0.104768 -0.686517 -1.129756
v 0.125737 -0.711992 -1.003234
v 0.112397 -0.790174 -0.963559
v 0.117748 -0.790676 -0.961439
v 0.142694 -0.733610 -1.110333
v 0.120635 -0.739378 -1.141927
v 0.127216 -0.737131 -1.143319
v 0.145365 -0.757632 -1.015463
v 0.149367 -0.837001 -0.976107
v 0.154519 -0.836168 -0.973628
v 0.174323 -0.773411 -1.120998
v 0.156574 -0.784241 -1.153949
v 0.162463 -0.780408 -1.154914
v 0.169009 -0.814363 -0.989484
v 0.176554 -0.796809 -1.025961
v 0.197626 -0.872990 -0.985749
v 0.202227 -0.870917 -0.982939
v 0.215538 -0.803948 -1.129180
v 0.203309 -0.818591 -1.163152
v 0.208105 -0.813400 -1.163754
v 0.217177 -0.826854 -1.034011
v 0.253882 -0.895688 -0.991833
v 0.257619 -0.892555 -0.988737
v 0.263533 -0.823141 -1.134323
v 0.257656 -0.840086 -1.168911
v 0.261030 -0.833856 -1.169236
v 0.264466 -0.845720 -1.039067
v 0.314304 -0.903549 -0.993938
v 0.316923 -0.899606 -0.990626
v 0.315034 -0.829682 -1.136075
v 0.315912 -0.847262 -1.170834
v 0.317634 -0.840384 -1.170985
v 0.315200 -0.852121 -1.040782
v 0.374773 -0.896036 -0.991926
v 0.376097 -0.891593 -0.988479
v 0.366533 -0.823124 -1.134319
v 0.374104 -0.839630 -1.168790
v 0.374059 -0.832539 -1.168883
v 0.365920 -0.845620 -1.039040
v 0.431169 -0.873662 -0.985931
v 0.431105 -0.869058 -0.982441
v 0.414520 -0.803915 -1.129171
v 0.428269 -0.817710 -1.162916
v 0.426459 -0.810855 -1.163073
v 0.413169 -0.826661 -1.033960
v 0.479648 -0.837951 -0.976362
v 0.478202 -0.833539 -0.972924
v 0.455725 -0.773365 -1.120984
v 0.474715 -0.782996 -1.153614
v 0.471262 -0.776810 -1.153950
v 0.461244 -0.814118 -0.989419
v 0.453729 -0.796536 -1.025888
v 0.516906 -0.791338 -0.963872
v 0.514176 -0.787457 -0.960576
v 0.487340 -0.733553 -1.110317
v 0.510276 -0.737853 -1.141519
v 0.505417 -0.732723 -1.142138
v 0.484834 -0.757297 -1.015373
v 0.540405 -0.736998 -0.949311
v 0.536577 -0.733950 -0.946239
v 0.507210 -0.687194 -1.097896
v 0.532530 -0.685357 -1.127453
v 0.526595 -0.681600 -1.128439
v 0.514646 -0.724595 -0.965431
v 0.504366 -0.711618 -1.003134
v 0.353010 -0.486005 -0.778046
v 0.347929 -0.487697 -0.783463
v 0.277790 -0.486758 -0.777998
v 0.274999 -0.480866 -0.781634
v 0.277214 -0.456209 -0.889650
v 0.282071 -0.460298 -0.885717
v 0.350170 -0.456848 -0.890515
v 0.353117 -0.456502 -0.888814
v 0.353715 -0.442183 -0.886144
v 0.307028 -0.481659 -0.881775
v 0.300895 -0.486321 -0.864376
v 0.298169 -0.495578 -0.831276
v 0.319305 -0.505047 -0.798627
v 0.309324 -0.504129 -0.799507
v 0.315000 -0.482673 -0.887650
v 0.322971 -0.481659 -0.881775
v 0.329104 -0.486321 -0.864376
v 0.331830 -0.495578 -0.831275
v 0.297466 -0.645229 -0.891863
v 0.300930 -0.641021 -0.871706
v 0.307160 -0.644569 -0.857651
v 0.311991 -0.645351 -0.854191
v 0.317373 -0.645313 -0.853974
v 0.322839 -0.644569 -0.857651
v 0.329070 -0.641021 -0.871706
v 0.332534 -0.645229 -0.891863
v 0.329127 -0.631968 -0.907685
v 0.322982 -0.628124 -0.921722
v 0.315000 -0.626645 -0.926011
v 0.307018 -0.628124 -0.921722
v 0.300873 -0.631968 -0.907685
v 0.288760 -0.478830 -0.808552
v 0.283738 -0.471385 -0.836335
v 0.300163 -0.485124 -0.785062
v 0.308355 -0.486718 -0.779115
v 0.315000 -0.486998 -0.778070
v 0.321644 -0.486718 -0.779115
v 0.329837 -0.485124 -0.785062
v 0.341240 -0.478830 -0.808552
v 0.346261 -0.471386 -0.836335
v 0.341235 -0.464721 -0.861208
v 0.329826 -0.460111 -0.878410
v 0.320149 -0.459003 -0.882548
v 0.309851 -0.459003 -0.882548
v 0.300173 -0.460111 -0.878410
v 0.288765 -0.464721 -0.861208
v 0.311057 -0.657587 -0.844784
v 0.315000 -0.657799 -0.843992
v 0.318942 -0.657587 -0.844784
v 0.323803 -0.656370 -0.849326
v 0.330569 -0.651379 -0.867954
v 0.330565 -0.638586 -0.915698
v 0.323797 -0.633594 -0.934327
v 0.318055 -0.632296 -0.939170
v 0.311945 -0.632296 -0.939170
v 0.306203 -0.633594 -0.934327
v 0.299434 -0.638586 -0.915698
v 0.299431 -0.651379 -0.867954
v 0.306197 -0.656370 -0.849326
v 0.263398 -0.749611 -0.864739
v 0.263657 -0.650264 -0.838451
v 0.366654 -0.749761 -0.864227
v 0.366243 -0.754060 -0.847517
v 0.366565 -0.655213 -0.821031
v 0.366189 -0.650003 -0.838067
v 0.345012 -0.640726 -0.957359
v 0.356432 -0.659656 -0.961954
v 0.356267 -0.680113 -0.967626
v 0.345013 -0.698708 -0.972887
v 0.325558 -0.709795 -0.975506
v 0.304274 -0.709611 -0.975587
v 0.284986 -0.698708 -0.972887
v 0.273732 -0.680113 -0.967626
v 0.273568 -0.659656 -0.961954
v 0.284987 -0.640726 -0.957359
v 0.304464 -0.629814 -0.953968
v 0.325692 -0.629924 -0.954185
v 0.338235 -0.645084 -0.967263
v 0.346739 -0.659312 -0.971075
v 0.346739 -0.675742 -0.975478
v 0.338235 -0.689970 -0.979290
v 0.323504 -0.698185 -0.981491
v 0.306495 -0.698185 -0.981491
v 0.291765 -0.689970 -0.979290
v 0.283260 -0.675742 -0.975478
v 0.283260 -0.659312 -0.971075
v 0.291765 -0.645084 -0.967263
v 0.306495 -0.636869 -0.965062
v 0.323504 -0.636869 -0.965062
v 0.366766 -0.704450 -0.958971
v 0.353877 -0.691525 -0.957658
v 0.361028 -0.695251 -0.927636
v 0.350944 -0.712224 -0.929527
v 0.360691 -0.711749 -0.898369
v 0.357982 -0.715814 -0.899636
v 0.497940 -0.782683 -0.953471
v 0.500528 -0.774853 -0.965219
v 0.497906 -0.776080 -0.978589
v 0.495810 -0.783074 -0.966361
v 0.351314 -0.695135 -0.959292
v 0.497633 -0.786192 -0.981441
v 0.508896 -0.788949 -0.982179
v 0.515843 -0.779952 -0.979769
v 0.507549 -0.768990 -0.976832
v 0.495840 -0.775605 -0.978604
v 0.497494 -0.788656 -0.951268
v 0.498269 -0.794139 -0.954111
v 0.500874 -0.793678 -0.952546
v 0.506995 -0.794922 -0.952826
v 0.515112 -0.790449 -0.953232
v 0.512102 -0.791465 -0.952020
v 0.513590 -0.787207 -0.950603
v 0.512102 -0.782813 -0.949702
v 0.505738 -0.778894 -0.947873
v 0.508534 -0.779898 -0.948645
v 0.501695 -0.779738 -0.948162
v 0.498633 -0.782800 -0.949629
v 0.263233 -0.704450 -0.958971
v 0.276123 -0.691525 -0.957658
v 0.268971 -0.695251 -0.927636
v 0.279055 -0.712224 -0.929527
v 0.269308 -0.711749 -0.898369
v 0.272017 -0.715814 -0.899636
v 0.132060 -0.782683 -0.953471
v 0.129472 -0.774853 -0.965219
v 0.132093 -0.776080 -0.978589
v 0.134189 -0.783074 -0.966361
v 0.278686 -0.695134 -0.959292
v 0.132367 -0.786192 -0.981441
v 0.118478 -0.788280 -0.982000
v 0.115159 -0.775086 -0.978465
v 0.122981 -0.769738 -0.977032
v 0.133502 -0.773684 -0.978089
v 0.134428 -0.783391 -0.951372
v 0.132576 -0.788677 -0.951205
v 0.129126 -0.793678 -0.952545
v 0.121559 -0.795316 -0.952220
v 0.124600 -0.795118 -0.952723
v 0.118174 -0.792949 -0.951702
v 0.117033 -0.790234 -0.951414
v 0.116694 -0.785618 -0.950454
v 0.118809 -0.781613 -0.949104
v 0.124600 -0.776574 -0.949530
v 0.123021 -0.779450 -0.948732
v 0.129076 -0.780663 -0.949127
v 0.132166 -0.784180 -0.949792
v 0.259511 -0.457520 -0.893330
v 0.265332 -0.475007 -0.898019
v 0.255874 -0.470238 -0.896736
v 0.370627 -0.457689 -0.893375
v 0.353621 -0.471162 -0.896985
v 0.366541 -0.475837 -0.898241
v 0.373285 -0.469073 -0.865529
v 0.366616 -0.483361 -0.869454
v 0.263383 -0.483361 -0.869454
v 0.256714 -0.469073 -0.865529
v 0.364960 -0.464526 -0.864415
v 0.271870 -0.711046 -0.605474
v 0.269983 -0.710154 -0.605883
v 0.269000 -0.708449 -0.606690
v 0.269397 -0.629019 -0.644007
v 0.271708 -0.627657 -0.644348
v 0.260772 -0.745202 -0.845139
v 0.260774 -0.663989 -0.823377
v 0.267528 -0.653843 -0.820665
v 0.267531 -0.657726 -0.806174
v 0.265029 -0.763452 -0.804499
v 0.304077 -0.767806 -0.804980
v 0.261590 -0.705480 -0.788126
v 0.269376 -0.666306 -0.778780
v 0.263026 -0.669721 -0.778202
v 0.304023 -0.664546 -0.776959
v 0.267802 -0.670955 -0.754189
v 0.261004 -0.680685 -0.753330
v 0.269790 -0.779036 -0.763250
v 0.261001 -0.769831 -0.760640
v 0.262360 -0.771409 -0.729150
v 0.263101 -0.626934 -0.648101
v 0.261685 -0.710322 -0.609488
v 0.266447 -0.718109 -0.605917
v 0.270939 -0.622660 -0.650170
v 0.261819 -0.758870 -0.801734
v 0.270610 -0.767754 -0.803737
v 0.275001 -0.662071 -0.807342
v 0.281930 -0.743210 -0.829082
v 0.275001 -0.739345 -0.828048
v 0.358130 -0.711046 -0.605474
v 0.360016 -0.710154 -0.605883
v 0.360999 -0.708449 -0.606690
v 0.360602 -0.629019 -0.644007
v 0.358292 -0.627657 -0.644348
v 0.362471 -0.755265 -0.847841
v 0.369227 -0.745202 -0.845139
v 0.362469 -0.759148 -0.833350
v 0.362469 -0.657726 -0.806174
v 0.326941 -0.657725 -0.806176
v 0.364970 -0.763452 -0.804499
v 0.326060 -0.767658 -0.805003
v 0.368306 -0.705372 -0.788130
v 0.360623 -0.666306 -0.778780
v 0.366973 -0.669721 -0.778202
v 0.326131 -0.664675 -0.777075
v 0.362252 -0.670980 -0.753660
v 0.368995 -0.680685 -0.753330
v 0.360271 -0.778920 -0.763943
v 0.368998 -0.769831 -0.760640
v 0.358995 -0.776275 -0.726428
v 0.367639 -0.771409 -0.729150
v 0.366899 -0.626933 -0.648101
v 0.368314 -0.710322 -0.609488
v 0.363896 -0.717742 -0.606046
v 0.358496 -0.622393 -0.650292
v 0.368180 -0.758870 -0.801734
v 0.359390 -0.767754 -0.803737
v 0.348070 -0.673663 -0.810447
v 0.354998 -0.662071 -0.807342
v 0.354998 -0.677526 -0.811483
v 0.348070 -0.750937 -0.831152
v 0.354998 -0.754800 -0.832189
v 0.268075 -0.745539 -0.820388
v 0.361925 -0.745539 -0.820388
v 0.347077 -0.672129 -0.800716
v 0.282922 -0.672129 -0.800716
v 0.369225 -0.663989 -0.823377
v 0.280498 -0.646355 -0.637734
v 0.288068 -0.633193 -0.608563
v 0.274812 -0.638370 -0.608402
v 0.280339 -0.693262 -0.615844
v 0.263160 -0.662567 -0.630221
v 0.262607 -0.676306 -0.623698
v 0.289696 -0.682573 -0.588058
v 0.275201 -0.674972 -0.589211
v 0.263899 -0.649834 -0.602328
v 0.263814 -0.662811 -0.595576
v 0.350799 -0.647275 -0.637307
v 0.339993 -0.632610 -0.611247
v 0.353778 -0.637784 -0.606492
v 0.348259 -0.694130 -0.615441
v 0.366839 -0.662567 -0.630221
v 0.367393 -0.676306 -0.623698
v 0.342641 -0.680200 -0.586825
v 0.366101 -0.649834 -0.602328
v 0.355613 -0.676325 -0.590701
v 0.366186 -0.662811 -0.595576
v 0.268075 -0.675992 -0.801753
v 0.282922 -0.749403 -0.821422
v 0.275004 -0.741675 -0.819352
v 0.354996 -0.664401 -0.798647
v 0.354996 -0.679856 -0.802788
v 0.347077 -0.749403 -0.821422
v 0.354996 -0.741675 -0.819352
v 0.354996 -0.757130 -0.823493
v 0.361925 -0.753266 -0.822459
v 0.314088 -0.412674 -1.054387
v 0.314965 -0.445279 -1.033075
v 0.261343 -0.480348 -0.899984
v 0.211524 -0.500330 -0.905339
v 0.168755 -0.532086 -0.913849
v 0.135954 -0.573452 -0.924933
v 0.115353 -0.621609 -0.937837
v 0.108359 -0.673276 -0.951681
v 0.115446 -0.724930 -0.965521
v 0.136133 -0.773052 -0.978416
v 0.211834 -0.846048 -0.997974
v 0.261691 -0.865946 -1.003306
v 0.315179 -0.872702 -1.005117
v 0.368656 -0.865856 -1.003281
v 0.418476 -0.845874 -0.997927
v 0.494045 -0.772752 -0.978335
v 0.493866 -0.573152 -0.924852
v 0.514553 -0.621274 -0.937747
v 0.460990 -0.531841 -0.913782
v 0.418165 -0.500157 -0.905293
v 0.368309 -0.480258 -0.899960
v 0.314820 -0.473502 -0.898151
v 0.353030 -0.472400 -0.773375
v 0.276489 -0.442059 -0.886608
v 0.276732 -0.472284 -0.773807
v 0.263581 -0.654879 -0.820942
v 0.263927 -0.754371 -0.847600
v 0.495384 -0.784710 -0.951850
v 0.507652 -0.796297 -0.954954
v 0.513722 -0.781135 -0.950752
v 0.131582 -0.794241 -0.954279
v 0.114771 -0.783391 -0.951371
v 0.264998 -0.464578 -0.864385
v 0.353580 -0.478569 -0.868079
v 0.276240 -0.478647 -0.868135
v 0.373935 -0.477837 -0.868047
v 0.374125 -0.470238 -0.896736
v 0.256064 -0.477837 -0.868047
v 0.265187 -0.722567 -0.823552
v 0.265147 -0.702846 -0.833807
v 0.265187 -0.694304 -0.815979
v 0.303268 -0.759148 -0.833350
v 0.364813 -0.694304 -0.815979
v 0.364813 -0.722567 -0.823552
v 0.303058 -0.657725 -0.806176
v 0.271005 -0.776275 -0.726428
v 0.368980 -0.666439 -0.808510
v 0.261019 -0.666439 -0.808510
v 0.368979 -0.750447 -0.831019
v 0.267531 -0.759148 -0.833350
v 0.261021 -0.750447 -0.831019
v 0.368493 -0.726704 -0.793834
v 0.261588 -0.726776 -0.793876
v 0.362471 -0.653843 -0.820665
v 0.326731 -0.759148 -0.833350
v 0.364853 -0.702845 -0.833807
v 0.267528 -0.755265 -0.847841
v 0.362917 -0.669799 -0.809413
v 0.267083 -0.669799 -0.809414
v 0.275001 -0.677526 -0.811483
v 0.281930 -0.673663 -0.810447
v 0.348070 -0.665936 -0.808376
v 0.281930 -0.665936 -0.808376
v 0.275004 -0.664401 -0.798647
v 0.361925 -0.668265 -0.799683
v 0.268075 -0.668265 -0.799683
v 0.361925 -0.675992 -0.801753
v 0.275004 -0.679856 -0.802788
v 0.362917 -0.747073 -0.830119
v 0.354998 -0.739345 -0.828048
v 0.348070 -0.743210 -0.829082
v 0.268075 -0.753266 -0.822459
v 0.275004 -0.757130 -0.823493
v 0.275001 -0.754800 -0.832189
v 0.281930 -0.750937 -0.831152
v 0.267083 -0.747073 -0.830119
v -1.554800 -0.195992 -0.961305
v -1.552365 -0.218355 -1.090110
v -1.554821 -0.206641 -0.921528
v -1.553077 -0.228879 -0.900568
v -1.555696 -0.233544 -0.902748
v -1.554089 -0.224959 -1.088183
v -1.554966 -0.198982 -1.059160
v -1.495226 -0.225766 -0.902748
v -1.493904 -0.220582 -0.900568
v -1.503466 -0.192193 -1.059160
v -1.495896 -0.217058 -1.088183
v -1.495941 -0.210233 -1.090110
v -1.501344 -0.199553 -0.921528
v -1.504080 -0.189262 -0.961305
v -1.438831 -0.202602 -0.902748
v -1.438895 -0.197253 -0.900568
v -1.455480 -0.172306 -1.059160
v -1.441731 -0.194365 -1.088183
v -1.443541 -0.187783 -1.090110
v -1.456830 -0.169634 -0.961305
v -1.390351 -0.165632 -0.902748
v -1.391798 -0.160482 -0.900568
v -1.410043 -0.144674 -1.071145
v -1.415103 -0.139614 -1.051387
v -1.395285 -0.158425 -1.088183
v -1.398737 -0.152537 -1.090110
v -1.416271 -0.138446 -0.961305
v -1.353093 -0.117374 -0.902748
v -1.355823 -0.112774 -0.900568
v -1.382659 -0.099461 -1.059160
v -1.359723 -0.111690 -1.088183
v -1.364581 -0.106895 -1.090110
v -1.385166 -0.097823 -0.961305
v -1.329594 -0.061118 -0.902749
v -1.333422 -0.057380 -0.900568
v -1.362790 -0.051467 -1.059160
v -1.337470 -0.057343 -1.088184
v -1.343403 -0.053970 -1.090110
v -1.365634 -0.050533 -0.961305
v -1.329234 0.059774 -0.902748
v -1.334417 0.061096 -0.900568
v -1.362807 0.051533 -1.059159
v -1.337942 0.059104 -1.088184
v -1.344768 0.059060 -1.090110
v -1.355446 0.053656 -0.921528
v -1.365738 0.050920 -0.961305
v -1.352397 0.116169 -0.902748
v -1.357747 0.116105 -0.900568
v -1.377737 0.102574 -1.071145
v -1.383935 0.098995 -1.051387
v -1.360636 0.113270 -1.088184
v -1.367216 0.111460 -1.090110
v -1.385366 0.098170 -0.961305
v -1.389368 0.164649 -0.902748
v -1.394518 0.163203 -0.900568
v -1.414322 0.140725 -1.059160
v -1.396574 0.159714 -1.088183
v -1.402462 0.156263 -1.090110
v -1.416554 0.138729 -0.961305
v -1.437625 0.201907 -0.902749
v -1.442227 0.199177 -0.900568
v -1.455539 0.172341 -1.059161
v -1.443311 0.195277 -1.088184
v -1.448104 0.190418 -1.090110
v -1.457177 0.169834 -0.961305
v -1.493882 0.225406 -0.902749
v -1.497620 0.221578 -0.900568
v -1.503533 0.192211 -1.059161
v -1.497657 0.217530 -1.088184
v -1.501030 0.211597 -1.090110
v -1.501690 0.199646 -0.921528
v -1.504467 0.189366 -0.961305
v -1.554304 0.233544 -0.902748
v -1.556923 0.228879 -0.900568
v -1.555200 0.204801 -1.071145
v -1.555200 0.197644 -1.051387
v -1.555912 0.224959 -1.088184
v -1.557635 0.218355 -1.090110
v -1.555200 0.195992 -0.961305
v -1.614774 0.225766 -0.902748
v -1.616096 0.220583 -0.900568
v -1.606533 0.192193 -1.059160
v -1.614105 0.217058 -1.088183
v -1.614059 0.210233 -1.090110
v -1.605920 0.189262 -0.961305
v -1.671170 0.202602 -0.902748
v -1.671106 0.197254 -0.900568
v -1.654520 0.172306 -1.059160
v -1.668269 0.194365 -1.088183
v -1.666459 0.187784 -1.090110
v -1.658476 0.178867 -0.921528
v -1.653169 0.169634 -0.961305
v -1.719648 0.165633 -0.902749
v -1.718202 0.160482 -0.900568
v -1.699957 0.144675 -1.071145
v -1.694897 0.139614 -1.051387
v -1.714715 0.158425 -1.088183
v -1.711264 0.152537 -1.090110
v -1.701244 0.145990 -0.921528
v -1.693729 0.138446 -0.961305
v -1.756907 0.117374 -0.902748
v -1.754177 0.112774 -0.900568
v -1.732463 0.102227 -1.071145
v -1.726265 0.098649 -1.051387
v -1.750276 0.111691 -1.088183
v -1.745419 0.106896 -1.090110
v -1.734046 0.103165 -0.921528
v -1.724834 0.097823 -0.961305
v -1.780406 0.061118 -0.902749
v -1.776578 0.057381 -0.900568
v -1.752874 0.052813 -1.071145
v -1.745961 0.050961 -1.051387
v -1.772530 0.057343 -1.088183
v -1.766597 0.053969 -1.090110
v -1.744366 0.050533 -0.961305
v -1.788544 0.000696 -0.902749
v -1.783879 -0.001923 -0.900568
v -1.753982 -0.000034 -1.059159
v -1.779960 -0.000912 -1.088184
v -1.773355 -0.002635 -1.090110
v -1.750992 -0.000200 -0.961305
v -1.780766 -0.059774 -0.902748
v -1.775582 -0.061097 -0.900568
v -1.747194 -0.051534 -1.059162
v -1.772059 -0.059103 -1.088183
v -1.765233 -0.059059 -1.090110
v -1.754554 -0.053656 -0.921529
v -1.744262 -0.050920 -0.961305
v -1.757603 -0.116169 -0.902748
v -1.752254 -0.116105 -0.900568
v -1.732262 -0.102574 -1.071145
v -1.726065 -0.098995 -1.051387
v -1.749364 -0.113270 -1.088183
v -1.742783 -0.111460 -1.090110
v -1.724634 -0.098169 -0.961305
v -1.720633 -0.164648 -0.902749
v -1.715482 -0.163202 -0.900568
v -1.699674 -0.144957 -1.071145
v -1.694614 -0.139897 -1.051387
v -1.713425 -0.159715 -1.088183
v -1.707538 -0.156263 -1.090110
v -1.700990 -0.146244 -0.921528
v -1.693446 -0.138729 -0.961305
v -1.672375 -0.201907 -0.902749
v -1.667774 -0.199177 -0.900568
v -1.657227 -0.177463 -1.071145
v -1.653649 -0.171265 -1.051387
v -1.666690 -0.195276 -1.088183
v -1.661896 -0.190418 -1.090110
v -1.658165 -0.179046 -0.921529
v -1.652823 -0.169834 -0.961305
v -1.616117 -0.225406 -0.902748
v -1.612380 -0.221578 -0.900568
v -1.607813 -0.197874 -1.071145
v -1.605961 -0.190961 -1.051387
v -1.612343 -0.217530 -1.088183
v -1.608970 -0.211597 -1.090110
v -1.605533 -0.189366 -0.961305
v -1.329350 -0.038010 -0.802280
v -1.332386 -0.032929 -0.807075
v -1.325315 0.032929 -0.800004
v -1.330128 0.037782 -0.802806
v -1.325315 0.040000 -0.912936
v -1.330351 0.037108 -0.917725
v -1.325315 -0.032930 -0.920006
v -1.330128 -0.037783 -0.917203
v -1.315000 0.038715 -0.801974
v -1.352000 0.007971 -0.903599
v -1.352000 0.014105 -0.885586
v -1.352374 0.016830 -0.851218
v -1.353070 -0.004306 -0.817231
v -1.352411 0.005676 -0.818318
v -1.354500 0.000000 -0.909011
v -1.352000 -0.007971 -0.903599
v -1.352000 -0.014105 -0.885586
v -1.352374 -0.016830 -0.851218
v -1.512607 0.017534 -0.871008
v -1.503325 0.014070 -0.852627
v -1.503592 0.006536 -0.835926
v -1.485758 0.002505 -0.833603
v -1.503236 -0.002263 -0.834069
v -1.503115 -0.007840 -0.838133
v -1.503325 -0.014070 -0.852627
v -1.512607 -0.017534 -0.871008
v -1.503893 -0.014127 -0.889723
v -1.503813 -0.007982 -0.904276
v -1.503495 0.000000 -0.908802
v -1.503813 0.007982 -0.904276
v -1.503893 0.014127 -0.889723
v -1.330315 0.026240 -0.833603
v -1.330315 0.031262 -0.862367
v -1.330315 0.014837 -0.809284
v -1.330315 0.006645 -0.803128
v -1.330315 0.000000 -0.802045
v -1.330315 -0.006645 -0.803128
v -1.330315 -0.014837 -0.809284
v -1.330315 -0.026240 -0.833603
v -1.330315 -0.031262 -0.862367
v -1.330315 -0.026235 -0.888117
v -1.330315 -0.014827 -0.905926
v -1.330315 -0.005149 -0.910209
v -1.330315 0.005149 -0.910209
v -1.330315 0.014827 -0.905926
v -1.330315 0.026235 -0.888117
v -1.512359 0.003943 -0.822335
v -1.512359 0.000000 -0.821515
v -1.512359 -0.003942 -0.822335
v -1.512359 -0.008803 -0.827038
v -1.512359 -0.015569 -0.846322
v -1.512359 -0.015566 -0.895750
v -1.512359 -0.008797 -0.915037
v -1.512359 -0.003055 -0.920050
v -1.512359 0.008797 -0.915037
v -1.512359 0.015566 -0.895750
v -1.512359 0.015569 -0.846322
v -1.512359 0.008803 -0.827038
v -1.606443 0.051435 -0.818208
v -1.503490 0.051499 -0.817210
v -1.606457 -0.051494 -0.817667
v -1.503426 -0.051072 -0.800006
v -1.503498 -0.051446 -0.817713
v -1.525209 -0.030012 -0.935438
v -1.544696 -0.041429 -0.935002
v -1.565940 -0.041244 -0.935224
v -1.585235 -0.030014 -0.935427
v -1.596622 -0.010558 -0.935089
v -1.596465 0.010726 -0.935215
v -1.585235 0.030014 -0.935427
v -1.565940 0.041244 -0.935224
v -1.544696 0.041429 -0.935002
v -1.525209 0.030012 -0.935438
v -1.513790 0.010536 -0.934986
v -1.513954 -0.010693 -0.935167
v -1.531982 -0.023235 -0.943876
v -1.546712 -0.031739 -0.943876
v -1.563721 -0.031739 -0.943876
v -1.578451 -0.023235 -0.943876
v -1.586956 -0.008504 -0.943876
v -1.586956 0.008505 -0.943876
v -1.578451 0.023235 -0.943876
v -1.563721 0.031739 -0.943876
v -1.546712 0.031739 -0.943876
v -1.531982 0.023235 -0.943876
v -1.523477 0.008505 -0.943876
v -1.523477 -0.008504 -0.943876
v -1.587180 -0.051767 -0.920502
v -1.574354 -0.038878 -0.922577
v -1.570183 -0.046028 -0.892616
v -1.587067 -0.035944 -0.890049
v -1.578544 -0.045691 -0.860076
v -1.582798 -0.042983 -0.860247
v -1.661322 -0.182940 -0.894941
v -1.656800 -0.185528 -0.908316
v -1.661446 -0.182907 -0.920913
v -1.665037 -0.180811 -0.907291
v -1.578264 -0.036314 -0.923223
v -1.660454 -0.180959 -0.921050
v -1.670285 -0.181750 -0.921050
v -1.675393 -0.189858 -0.921050
v -1.669446 -0.199841 -0.921050
v -1.659615 -0.199050 -0.921050
v -1.654507 -0.190942 -0.921050
v -1.666547 -0.182373 -0.891151
v -1.671651 -0.185921 -0.891268
v -1.673140 -0.190400 -0.891000
v -1.674366 -0.194884 -0.892730
v -1.671652 -0.194879 -0.891267
v -1.668084 -0.197966 -0.891000
v -1.663373 -0.198377 -0.891200
v -1.659159 -0.196191 -0.891000
v -1.656760 -0.190400 -0.891000
v -1.658195 -0.185874 -0.891200
v -1.661268 -0.182414 -0.890464
v -1.587180 0.051767 -0.920502
v -1.574354 0.038878 -0.922577
v -1.570183 0.046028 -0.892616
v -1.587067 0.035945 -0.890049
v -1.578544 0.045692 -0.860076
v -1.582798 0.042983 -0.860247
v -1.661322 0.182940 -0.894941
v -1.656800 0.185528 -0.908316
v -1.661446 0.182907 -0.920913
v -1.665037 0.180811 -0.907291
v -1.578264 0.036314 -0.923223
v -1.660454 0.180959 -0.921050
v -1.670285 0.181750 -0.921050
v -1.675393 0.189859 -0.921050
v -1.669446 0.199841 -0.921050
v -1.659615 0.199051 -0.921050
v -1.654507 0.190942 -0.921050
v -1.667992 0.182149 -0.890464
v -1.663373 0.182423 -0.891200
v -1.671651 0.185921 -0.891268
v -1.673140 0.190400 -0.891000
v -1.671652 0.194879 -0.891267
v -1.664410 0.200815 -0.892730
v -1.668084 0.197966 -0.891000
v -1.663373 0.198377 -0.891200
v -1.658195 0.194926 -0.891200
v -1.656700 0.187358 -0.890464
v -1.656760 0.190400 -0.891000
v -1.659159 0.184609 -0.891000
v -1.331674 0.055489 -0.921008
v -1.349779 0.049668 -0.921010
v -1.331848 -0.055627 -0.921008
v -1.345797 -0.038621 -0.921007
v -1.350638 -0.051541 -0.921010
v -1.344840 -0.059125 -0.921006
v -1.344755 -0.058936 -0.891328
v -1.350455 -0.051616 -0.891257
v -1.350455 0.051617 -0.891257
v -1.335637 0.058285 -0.891165
v -1.330986 0.050002 -0.891251
v -1.330970 -0.049958 -0.891235
v -1.502058 0.043130 -0.577343
v -1.501303 0.045017 -0.577968
v -1.499864 0.046000 -0.579190
v -1.432800 0.045603 -0.635793
v -1.431572 0.043292 -0.636475
v -1.607500 0.047472 -0.800007
v -1.604190 0.049971 -0.756023
v -1.608521 0.010922 -0.755360
v -1.565934 0.053493 -0.755233
v -1.543853 0.053307 -0.755244
v -1.503699 0.045626 -0.756323
v -1.506847 0.051973 -0.754882
v -1.501590 0.011040 -0.755055
v -1.501711 0.047253 -0.730849
v -1.511000 0.053996 -0.728019
v -1.608567 0.045209 -0.712146
v -1.599000 0.053998 -0.712007
v -1.592374 0.052640 -0.681182
v -1.431845 0.051899 -0.640287
v -1.502398 0.053315 -0.581408
v -1.508557 0.048817 -0.576059
v -1.428114 0.043671 -0.643730
v -1.599049 0.053181 -0.754537
v -1.608149 0.044390 -0.754173
v -1.511000 0.033070 -0.785007
v -1.519000 0.033070 -0.785007
v -1.507000 0.039998 -0.785008
v -1.523000 0.039998 -0.785008
v -1.587000 0.039998 -0.785008
v -1.595000 0.047917 -0.785009
v -1.502058 -0.043130 -0.577343
v -1.501303 -0.045017 -0.577968
v -1.499864 -0.046000 -0.579190
v -1.432800 -0.045603 -0.635793
v -1.431572 -0.043292 -0.636475
v -1.597081 -0.054228 -0.800001
v -1.598493 -0.053979 -0.785005
v -1.553234 -0.049853 -0.800019
v -1.540370 -0.049813 -0.785008
v -1.502500 -0.047469 -0.785005
v -1.604190 -0.049971 -0.756023
v -1.608384 -0.011060 -0.755421
v -1.543853 -0.053306 -0.755244
v -1.503699 -0.045626 -0.756323
v -1.506847 -0.051973 -0.754882
v -1.501600 -0.011050 -0.755053
v -1.501824 -0.047198 -0.731367
v -1.511000 -0.053995 -0.728019
v -1.608635 -0.045270 -0.712844
v -1.599000 -0.053998 -0.712007
v -1.596370 -0.043995 -0.677293
v -1.592374 -0.052640 -0.681182
v -1.431845 -0.051899 -0.640287
v -1.502398 -0.053315 -0.581408
v -1.509112 -0.048639 -0.576052
v -1.428177 -0.043914 -0.643243
v -1.599049 -0.053181 -0.754537
v -1.608149 -0.044390 -0.754173
v -1.523000 -0.039998 -0.785008
v -1.515000 -0.047917 -0.785009
v -1.591000 -0.033070 -0.785007
v -1.599000 -0.033070 -0.785007
v -1.603000 -0.039998 -0.785008
v -1.595000 -0.047917 -0.785009
v -1.603000 0.039996 -0.776006
v -1.603000 -0.039996 -0.776006
v -1.515000 -0.032077 -0.776005
v -1.515000 0.032078 -0.776005
v -1.511521 -0.053980 -0.785005
v -1.447921 0.034501 -0.625247
v -1.427642 0.026892 -0.600400
v -1.432617 0.040188 -0.598981
v -1.487564 0.034661 -0.591962
v -1.461636 0.051840 -0.613794
v -1.473219 0.052393 -0.603937
v -1.470194 0.025409 -0.568026
v -1.463459 0.032056 -0.569438
v -1.442118 0.051101 -0.590147
v -1.464698 0.040613 -0.572060
v -1.452905 0.051186 -0.580266
v -1.448699 -0.035798 -0.624597
v -1.427887 -0.025123 -0.603376
v -1.431221 -0.038231 -0.597560
v -1.488298 -0.033260 -0.591348
v -1.461636 -0.051839 -0.613794
v -1.473219 -0.052393 -0.603937
v -1.469830 -0.025613 -0.567906
v -1.463005 -0.039799 -0.570971
v -1.442118 -0.051101 -0.590147
v -1.452905 -0.051186 -0.580266
v -1.523000 0.039996 -0.776006
v -1.591000 0.046925 -0.776007
v -1.599000 0.046925 -0.776007
v -1.523000 -0.039996 -0.776006
v -1.519000 -0.046925 -0.776007
v -1.595000 -0.032077 -0.776006
v -1.230912 -0.070912 -0.924750
v -1.230912 -0.070911 -0.792250
v -1.330041 0.000912 -1.088184
v -1.321456 -0.000696 -0.902749
v -1.326120 0.001923 -0.900568
v -1.356019 0.000034 -1.059159
v -1.376133 0.103476 -0.921528
v -1.409010 0.146244 -0.921528
v -1.451835 0.179046 -0.921528
v -1.608656 0.199554 -0.921528
v -1.555179 0.206641 -0.921528
v -1.754646 0.053309 -0.921528
v -1.761641 -0.000179 -0.921528
v -1.733867 -0.103476 -0.921528
v -1.608309 -0.199646 -0.921529
v -1.451524 -0.178867 -0.921528
v -1.408756 -0.145990 -0.921529
v -1.375954 -0.103165 -0.921528
v -1.355352 -0.053309 -0.921526
v -1.348359 0.000179 -0.921528
v -1.359008 0.000200 -0.961305
v -1.336645 0.002635 -1.090110
v -1.315000 -0.038030 -0.801289
v -1.315000 0.038030 -0.918721
v -1.315000 -0.038716 -0.918036
v -1.512359 0.003055 -0.920050
v -1.606082 -0.051565 -0.800006
v -1.503748 0.051243 -0.800006
v -1.606428 0.051418 -0.800006
v -1.667203 -0.180493 -0.892850
v -1.673518 -0.184940 -0.892715
v -1.656965 -0.194083 -0.890464
v -1.664410 -0.200815 -0.892730
v -1.655069 -0.188057 -0.892788
v -1.673518 0.184940 -0.892715
v -1.674366 0.194884 -0.892730
v -1.656306 0.195731 -0.892788
v -1.659619 0.181756 -0.892788
v -1.345551 0.038763 -0.891183
v -1.345482 -0.038584 -0.891190
v -1.344755 0.058936 -0.891328
v -1.344840 0.059126 -0.921006
v -1.335637 -0.058285 -0.891165
v -1.540370 0.049813 -0.785008
v -1.569630 0.049813 -0.785008
v -1.502500 0.011942 -0.785007
v -1.502500 0.047469 -0.785005
v -1.502500 -0.011942 -0.785007
v -1.596370 0.043995 -0.677293
v -1.511521 0.053981 -0.785005
v -1.607500 -0.047469 -0.785005
v -1.607500 0.047469 -0.785005
v -1.598493 0.053979 -0.785005
v -1.569630 -0.049813 -0.785008
v -1.565934 -0.053493 -0.755233
v -1.553234 0.049853 -0.800019
v -1.513002 0.054226 -0.800000
v -1.502500 0.047472 -0.800007
v -1.502500 -0.047472 -0.800007
v -1.513002 -0.054226 -0.800000
v -1.607500 -0.011732 -0.785005
v -1.607500 0.011732 -0.785005
v -1.607500 -0.047472 -0.800007
v -1.597081 0.054228 -0.800001
v -1.515000 0.047917 -0.785009
v -1.519000 -0.033070 -0.785007
v -1.507000 -0.039998 -0.785008
v -1.511000 -0.033070 -0.785007
v -1.507000 -0.039996 -0.776006
v -1.507000 0.039996 -0.776006
v -1.511000 -0.046925 -0.776007
v -1.511000 0.046925 -0.776007
v -1.519000 0.046925 -0.776007
v -1.591000 -0.046925 -0.776007
v -1.599000 -0.046925 -0.776007
v -1.587000 -0.039996 -0.776006
v -1.587000 -0.039998 -0.785008
v -1.603000 0.039998 -0.785008
v -1.595000 0.032078 -0.776006
v -1.599000 0.033070 -0.785007
v -1.587000 0.039996 -0.776006
v -1.591000 0.033070 -0.785007
v -1.315000 0.071249 -0.792251
v -1.315000 -0.070911 -0.792250
v -1.230912 0.071249 -0.792251
v -1.315000 0.071248 -0.924751
v -1.230912 0.071248 -0.924751
v -1.315000 -0.070912 -0.924750
v -1.537429 0.443617 -0.529116
v -1.575858 0.482047 -0.551370
v -1.567427 0.735862 -0.536441
v -1.601707 0.770142 -0.499471
v -1.568278 0.736714 -0.131932
v -1.528499 0.696935 -0.108434
v -1.536313 0.442500 -0.139475
v -1.503471 0.409659 -0.175414
v -1.640420 0.811937 -0.391219
v -1.645583 0.817100 -0.331915
v -1.370265 0.541782 -0.497041
v -1.403999 0.575516 -0.533016
v -1.440540 0.612056 -0.113258
v -1.401643 0.573160 -0.136587
v -1.766425 0.669889 -0.274780
v -1.750551 0.654015 -0.222380
v -1.579606 0.483070 -0.545436
v -1.619631 0.523095 -0.552194
v -1.507273 0.410737 -0.181302
v -1.483122 0.386587 -0.226944
v -1.522014 0.669260 -0.558442
v -1.522014 0.669260 -0.558442
v -1.522014 0.669260 -0.558442
v -1.468886 0.616735 -0.558710
v -1.468886 0.616735 -0.558710
v -1.468886 0.616735 -0.558710
v -1.389347 0.693084 -0.563524
v -1.388005 0.698515 -0.558488
v -1.388005 0.698515 -0.558488
v -1.388005 0.698515 -0.558488
v -1.489712 0.649289 -0.534340
v -1.489712 0.649289 -0.534340
v -1.489564 0.649436 -0.385345
v -1.489564 0.649436 -0.385345
v -1.486918 0.644801 -0.558524
v -1.434050 0.693863 -0.385724
v -1.434050 0.693863 -0.385724
v -1.425523 0.701028 -0.376480
v -1.448747 0.762480 -0.385414
v -1.461532 0.750224 -0.385341
v -1.461532 0.750224 -0.385341
v -1.478775 0.601631 -0.344156
v -1.478775 0.601631 -0.344156
v -1.479080 0.601592 -0.322896
v -1.479080 0.601592 -0.322896
v -1.529620 0.651824 -0.363630
v -1.515768 0.638354 -0.374885
v -1.515768 0.638354 -0.374885
v -1.340126 0.525175 -0.216323
v -1.337592 0.520113 -0.218206
v -1.337592 0.520113 -0.218206
v -1.637808 0.780360 -0.216122
v -1.618310 0.800911 -0.216906
v -1.618310 0.800911 -0.216906
v -1.537431 0.680042 -0.557166
v -1.518306 0.703122 -0.553202
v -1.518306 0.703122 -0.553202
v -1.262997 0.802607 -0.456994
v -1.262997 0.802607 -0.456994
v -1.220361 0.843240 -0.386442
v -1.346198 0.722133 -0.284649
v -1.348836 0.727387 -0.280691
v -1.348836 0.727387 -0.280691
v -1.244306 0.821382 -0.427203
v -1.228107 0.838626 -0.446721
v -1.228107 0.838626 -0.446721
v -1.317618 0.894694 -0.427203
v -1.300375 0.910893 -0.446721
v -1.300375 0.910893 -0.446721
v -1.232946 0.915169 -0.453795
v -1.213587 0.931952 -0.464495
v -1.187463 0.961433 -0.479377
v -1.148854 0.970671 -0.478310
v -1.148854 0.970671 -0.478310
v -1.148854 0.970671 -0.478310
v -1.100478 0.901530 -0.467705
v -1.092470 0.864121 -0.479068
v -1.099233 0.823857 -0.507063
v -1.080708 0.755791 -0.511016
v -1.082725 0.754070 -0.496915
v -1.035443 0.679508 -0.501740
v -0.993989 0.582599 -0.482531
v -0.978775 0.466998 -0.438270
v -1.775477 0.681664 -0.332927
v -1.769889 0.676078 -0.274736
v -1.471812 0.612205 -0.314486
v -1.471812 0.612205 -0.314486
v -1.368793 0.511538 -0.227393
v -1.368793 0.511538 -0.227393
v -1.619861 0.802381 -0.226231
v -1.336393 0.876003 -0.456995
v -1.336393 0.876003 -0.456995
v -1.333008 0.867751 -0.460725
v -1.333008 0.867751 -0.460725
v -1.430311 0.765255 -0.301839
v -1.423944 0.771619 -0.301839
v -1.423944 0.771619 -0.301839
v -1.462923 0.369111 -0.392944
v -1.478970 0.385157 -0.447108
v -1.644923 0.813358 -0.274065
v -1.628544 0.796979 -0.217670
v -1.656954 0.563142 -0.116309
v -1.615761 0.521949 -0.108880
v -1.368858 0.537294 -0.168207
v -1.342513 0.510948 -0.216465
v -1.463368 0.366833 -0.336474
v -1.468146 0.371611 -0.279870
v -1.565841 0.737358 -0.531091
v -1.599143 0.770660 -0.494320
v -1.563484 0.735001 -0.134663
v -1.524315 0.695831 -0.112262
v -1.615905 0.519369 -0.115484
v -1.576007 0.479471 -0.123606
v -1.469111 0.372576 -0.392899
v -1.752414 0.655878 -0.440735
v -1.767390 0.670854 -0.387809
v -1.484985 0.388449 -0.445299
v -1.509908 0.413372 -0.490102
v -1.480248 0.647479 -0.536840
v -1.480720 0.646992 -0.385026
v -1.480720 0.646992 -0.385026
v -1.491521 0.658752 -0.536840
v -1.492008 0.658280 -0.385026
v -1.492008 0.658280 -0.385026
v -1.477046 0.640986 -0.558524
v -1.498014 0.661954 -0.558524
v -1.500193 0.651248 -0.376480
v -1.500629 0.623471 -0.375049
v -1.500629 0.623471 -0.375049
v -1.461232 0.604558 -0.301660
v -1.461232 0.604558 -0.301660
v -1.474084 0.613560 -0.310577
v -1.366455 0.509006 -0.233665
v -1.366455 0.509006 -0.233665
v -1.344568 0.530374 -0.231875
v -1.344568 0.530374 -0.231875
v -1.510665 0.693429 -0.318656
v -1.620408 0.780968 -0.232040
v -1.518881 0.703466 -0.544085
v -1.518881 0.703466 -0.544085
v -1.377391 0.691107 -0.335606
v -1.377391 0.691107 -0.335606
v -1.374286 0.688028 -0.375838
v -1.374286 0.688028 -0.375838
v -1.397329 0.808697 -0.386915
v -1.330711 0.741704 -0.387201
v -1.219881 0.850334 -0.379726
v -1.219881 0.850334 -0.379726
v -1.291360 0.883170 -0.460952
v -1.298904 0.896930 -0.456223
v -1.252501 0.848411 -0.461181
v -1.242070 0.840096 -0.456223
v -1.242070 0.840096 -0.456223
v -1.222540 0.860177 -0.425834
v -1.221060 0.845552 -0.435934
v -1.221060 0.845552 -0.435934
v -1.186456 0.960309 -0.470638
v -1.149907 0.969369 -0.469601
v -1.149907 0.969369 -0.469601
v -1.124815 0.938757 -0.478470
v -1.106964 0.901663 -0.480503
v -0.996495 0.584813 -0.474318
v -0.981365 0.469624 -0.430206
v -0.968174 0.388140 -0.413282
v -0.941979 0.315896 -0.399276
v -1.729342 0.635530 -0.492265
v -1.754488 0.660675 -0.445529
v -1.639733 0.781610 -0.387149
v -1.644680 0.786556 -0.333659
v -1.487169 0.609386 -0.303604
v -1.295759 0.918639 -0.386441
v -1.416867 0.792802 -0.284649
v -1.411614 0.790164 -0.280691
v -1.411614 0.790164 -0.280691
v -1.091239 0.824175 -0.503238
v -1.073460 0.758725 -0.506833
v -1.342021 0.510457 -0.450008
v -1.368163 0.536599 -0.498487
v -1.628052 0.796488 -0.451213
v -1.644669 0.813104 -0.394957
v -1.753842 0.660030 -0.220569
v -1.728430 0.634618 -0.174124
v -1.485775 0.654210 -0.100296
v -1.443017 0.611451 -0.108073
v -1.478325 0.384513 -0.222149
v -1.462589 0.368777 -0.276496
v -1.352445 0.494320 -0.334019
v -1.357456 0.499332 -0.387495
v -1.357391 0.499266 -0.280530
v -1.368341 0.539857 -0.173358
v -1.342903 0.514420 -0.221066
v -1.639717 0.811233 -0.272743
v -1.623220 0.794737 -0.217734
v -1.443168 0.614685 -0.555417
v -1.485103 0.656619 -0.562716
v -1.725628 0.629093 -0.177577
v -1.693354 0.596819 -0.143421
v -1.659529 0.562993 -0.544072
v -1.696581 0.600046 -0.521623
v -1.441330 0.751103 -0.558711
v -1.441330 0.751103 -0.558711
v -1.441330 0.751103 -0.558711
v -1.460747 0.702055 -0.536466
v -1.436945 0.678253 -0.536466
v -1.500662 0.623174 -0.292375
v -1.500662 0.623174 -0.292375
v -1.418726 0.795808 -0.344883
v -1.418726 0.795808 -0.344883
v -1.417476 0.795025 -0.381993
v -1.417476 0.795025 -0.381993
v -1.323550 0.739089 -0.377839
v -1.393583 0.728529 -0.386339
v -1.393583 0.728529 -0.386339
v -1.368460 0.703409 -0.386339
v -1.368460 0.703409 -0.386339
v -1.288797 0.919240 -0.380281
v -1.288797 0.919240 -0.380281
v -1.440196 0.775144 -0.377318
v -1.440196 0.775144 -0.377318
v -1.435591 0.770540 -0.386339
v -1.435591 0.770540 -0.386339
v -1.342878 0.720914 -0.289791
v -1.342878 0.720914 -0.289791
v -1.311039 0.902056 -0.415620
v -1.293448 0.917940 -0.435934
v -1.293448 0.917940 -0.435934
v -1.447893 0.761610 -0.335607
v -1.447893 0.761610 -0.335607
v -1.450975 0.764715 -0.291759
v -1.450975 0.764715 -0.291759
v -1.218144 0.932053 -0.478099
v -1.184458 0.954146 -0.483441
v -1.182830 0.952328 -0.469302
v -1.152147 0.960881 -0.468351
v -1.152147 0.960881 -0.468351
v -1.118723 0.943412 -0.474016
v -1.099389 0.903512 -0.476280
v -1.092234 0.822230 -0.494644
v -1.074707 0.757661 -0.498118
v -1.032499 0.679178 -0.515778
v -1.001116 0.579564 -0.486847
v -1.005172 0.583148 -0.473559
v -0.990106 0.468278 -0.429562
v -0.961123 0.391478 -0.409066
v -0.934968 0.319344 -0.395082
v -1.435119 0.700679 -0.385603
v -1.435119 0.700679 -0.385603
v -1.442653 0.705589 -0.385248
v -1.501720 0.688114 -0.301772
v -1.616348 0.778357 -0.223802
v -1.363856 0.698804 -0.377318
v -1.363856 0.698804 -0.377318
v -1.236944 0.827961 -0.415620
v -1.373745 0.708689 -0.365839
v -1.367381 0.715056 -0.365839
v -1.367381 0.715056 -0.365839
v -1.105538 0.864665 -0.484966
v -1.105168 0.821715 -0.500833
v -1.504383 0.410570 -0.493554
v -1.527548 0.695984 -0.559605
v -1.484791 0.653226 -0.567382
v -1.770223 0.676411 -0.391182
v -1.602402 0.770837 -0.169191
v -1.574613 0.480801 -0.116781
v -1.624581 0.796098 -0.446612
v -1.344264 0.515780 -0.449944
v -1.482381 0.653897 -0.104961
v -1.772168 0.675633 -0.331204
v -1.542181 0.445646 -0.524257
v -1.538954 0.442419 -0.146056
v -1.468717 0.615531 -0.573840
v -1.515618 0.638323 -0.292217
v -1.515618 0.638323 -0.292217
v -1.445571 0.628334 -0.318656
v -1.358032 0.518592 -0.232040
v -1.487418 0.716200 -0.310295
v -1.609121 0.788595 -0.227516
v -1.609121 0.788595 -0.227516
v -1.366805 0.701749 -0.348469
v -1.366805 0.701749 -0.348469
v -1.343288 0.720325 -0.344986
v -1.343288 0.720325 -0.344986
v -1.318756 0.756056 -0.280338
v -1.294753 0.782029 -0.292469
v -1.418087 0.796122 -0.289790
v -1.418087 0.796122 -0.289790
v -1.266566 0.908369 -0.418645
v -1.280169 0.916266 -0.424141
v -1.230403 0.872375 -0.419009
v -1.099676 0.867390 -0.491036
v -1.025603 0.682890 -0.511619
v -0.963491 0.393187 -0.400694
v -0.936740 0.319426 -0.386394
v -1.639336 0.781888 -0.230011
v -1.349484 0.724994 -0.385141
v -1.373042 0.750345 -0.387249
v -1.373042 0.750345 -0.387249
v -1.221914 0.938891 -0.473896
v -1.181595 0.948519 -0.477214
v -1.152478 0.956937 -0.476286
v -1.152478 0.956937 -0.476286
v -1.152478 0.956937 -0.476286
v -1.120388 0.942522 -0.465352
v -1.100843 0.820710 -0.493157
v -1.320142 0.488578 -0.333144
v -1.325642 0.494078 -0.393613
v -1.402286 0.570721 -0.535746
v -1.442066 0.610502 -0.559245
v -1.696500 0.602687 -0.528204
v -1.650423 0.818858 -0.334535
v -1.403139 0.571573 -0.131237
v -1.321901 0.493417 -0.335763
v -1.327063 0.498580 -0.276460
v -1.601793 0.743670 -0.187594
v -1.571511 0.713387 -0.154793
v -1.597219 0.768735 -0.170637
v -1.526943 0.698460 -0.554420
v -1.327767 0.499284 -0.394936
v -1.728263 0.631727 -0.486377
v -1.655930 0.559395 -0.122243
v -1.429595 0.717432 -0.536429
v -1.421769 0.711143 -0.535770
v -1.421769 0.711143 -0.535770
v -1.450887 0.637280 -0.301772
v -1.360643 0.522652 -0.223802
v -1.399911 0.815450 -0.377839
v -1.388846 0.765680 -0.280375
v -1.388846 0.765680 -0.280375
v -1.368460 0.703409 -0.281339
v -1.368460 0.703409 -0.281339
v -1.363857 0.698805 -0.290346
v -1.363857 0.698805 -0.290346
v -1.367381 0.715056 -0.285839
v -1.367381 0.715056 -0.285839
v -1.372980 0.720656 -0.293839
v -1.372980 0.720656 -0.293839
v -1.372980 0.720656 -0.293839
v -1.219097 0.938828 -0.465488
v -1.150443 0.962987 -0.482441
v -1.150443 0.962987 -0.482441
v -1.150443 0.962987 -0.482441
v -1.127510 0.937316 -0.464451
v -1.104479 0.886558 -0.469158
v -1.091600 0.867054 -0.487391
v -1.027422 0.683094 -0.502942
v -0.985916 0.464030 -0.442610
v -0.972006 0.390906 -0.399734
v -0.944845 0.316028 -0.385218
v -1.695383 0.601570 -0.138563
v -1.372085 0.513960 -0.437315
v -1.395332 0.537207 -0.480083
v -1.487752 0.638807 -0.376480
v -1.529616 0.651830 -0.303605
v -1.372980 0.720656 -0.373839
v -1.372980 0.720656 -0.373839
v -1.372980 0.720656 -0.373839
v -1.537383 0.659979 -0.322927
v -1.537383 0.659979 -0.322927
v -1.422801 0.651582 -0.310295
v -1.350405 0.529880 -0.227516
v -1.350405 0.529880 -0.227516
v -1.342118 0.524832 -0.233785
v -1.342118 0.524832 -0.233785
v -1.534442 0.677768 -0.301660
v -1.534442 0.677768 -0.301660
v -1.526796 0.667186 -0.314485
v -1.526796 0.667186 -0.314485
v -1.627462 0.770207 -0.227393
v -1.627462 0.770207 -0.227393
v -1.485624 0.714163 -0.306041
v -1.312226 0.750409 -0.289840
v -1.270733 0.806163 -0.460663
v -1.270733 0.806163 -0.460663
v -1.343975 0.721524 -0.381992
v -1.343975 0.721524 -0.381992
v -1.362482 0.710156 -0.369840
v -1.362482 0.710156 -0.369840
v -1.362482 0.710156 -0.377839
v -1.362482 0.710156 -0.377839
v -1.536504 0.678378 -0.533393
v -1.571731 0.713607 -0.512706
v -1.343148 0.720201 -0.322906
v -1.343148 0.720201 -0.322906
v -1.378643 0.713589 -0.297839
v -1.112735 0.898539 -0.474538
v -1.325897 0.494332 -0.272722
v -1.395153 0.537027 -0.187849
v -1.425394 0.567269 -0.154973
v -1.520770 0.674798 -0.563524
v -1.523468 0.669314 -0.573840
v -1.523468 0.669314 -0.573840
v -1.537369 0.660225 -0.344156
v -1.537369 0.660225 -0.344156
v -1.607058 0.791729 -0.219411
v -1.609968 0.792590 -0.214144
v -1.609968 0.792590 -0.214144
v -1.388591 0.826774 -0.289839
v -1.414007 0.789517 -0.385141
v -1.418344 0.766020 -0.373839
v -1.418344 0.766020 -0.373839
v -1.418344 0.766020 -0.373839
v -1.423944 0.771619 -0.381839
v -1.423944 0.771619 -0.381839
v -1.367381 0.715056 -0.381839
v -1.367381 0.715056 -0.381839
v -1.423944 0.771619 -0.365839
v -1.423944 0.771619 -0.365839
v -1.245063 0.919811 -0.462472
v -1.418757 0.795779 -0.322825
v -1.418757 0.795779 -0.322825
v -1.362482 0.710156 -0.297839
v -1.362482 0.710156 -0.297839
v -1.368147 0.703089 -0.293839
v -1.368147 0.703089 -0.293839
v -1.428844 0.776518 -0.289839
v -1.428844 0.776518 -0.289839
v -1.435911 0.770854 -0.293839
v -1.435911 0.770854 -0.293839
v -1.425411 0.760357 -0.297839
v -1.418344 0.766020 -0.293839
v -1.418344 0.766020 -0.293839
v -1.418344 0.766020 -0.293839
v -1.457336 0.363524 -0.334751
v -1.658200 0.564388 -0.550897
v -1.617050 0.523239 -0.558799
v -1.376399 0.690133 -0.385092
v -1.388382 0.677787 -0.385350
v -1.388382 0.677787 -0.385350
v -1.487177 0.609380 -0.363630
v -1.424838 0.653376 -0.306040
v -1.513657 0.698341 -0.538385
v -1.513657 0.698341 -0.538385
v -1.458860 0.601471 -0.556991
v -1.435878 0.620694 -0.553202
v -1.435878 0.620694 -0.553202
v -1.264663 0.825544 -0.440918
v -1.374286 0.688025 -0.291760
v -1.374286 0.688025 -0.291760
v -1.379066 0.692799 -0.281339
v -1.379066 0.692799 -0.281339
v -1.373745 0.708689 -0.301839
v -1.367381 0.715056 -0.301839
v -1.367381 0.715056 -0.301839
v -1.240389 0.921576 -0.454191
v -0.974900 0.387787 -0.407514
v -0.948084 0.313846 -0.393179
v 0.983929 -0.316117 -0.528776
v 1.022358 -0.354546 -0.551030
v 1.013926 -0.608362 -0.536103
v 1.048206 -0.642642 -0.499132
v 1.014778 -0.609214 -0.131593
v 0.974999 -0.569434 -0.108094
v 0.982812 -0.315000 -0.139135
v 0.949970 -0.282159 -0.175074
v 1.086920 -0.684438 -0.390879
v 1.092083 -0.689600 -0.331577
v 0.816764 -0.414281 -0.496702
v 0.850499 -0.448016 -0.532676
v 0.887040 -0.484557 -0.112919
v 0.848143 -0.445660 -0.136248
v 1.212924 -0.542389 -0.274441
v 1.197051 -0.526515 -0.222041
v 0.953773 -0.283238 -0.180963
v 0.929622 -0.259087 -0.226604
v 0.834353 -0.570898 -0.558371
v 0.834353 -0.570898 -0.558371
v 0.834353 -0.570898 -0.558371
v 0.936211 -0.521788 -0.534001
v 0.936211 -0.521788 -0.534001
v 0.936063 -0.521936 -0.385006
v 0.936063 -0.521936 -0.385006
v 0.933417 -0.517300 -0.558185
v 0.880550 -0.566363 -0.385385
v 0.880550 -0.566363 -0.385385
v 0.872022 -0.573528 -0.376141
v 0.895367 -0.635101 -0.384752
v 0.907713 -0.623117 -0.385011
v 0.907713 -0.623117 -0.385011
v 0.976120 -0.524325 -0.363291
v 0.962130 -0.510803 -0.374677
v 0.962130 -0.510803 -0.374677
v 0.925275 -0.474131 -0.343816
v 0.925275 -0.474131 -0.343816
v 0.925522 -0.474117 -0.322588
v 0.925522 -0.474117 -0.322588
v 0.786626 -0.397675 -0.215983
v 0.784170 -0.392793 -0.217724
v 0.784170 -0.392793 -0.217724
v 0.709497 -0.675107 -0.456655
v 0.709497 -0.675107 -0.456655
v 0.666861 -0.715741 -0.386102
v 0.792698 -0.594633 -0.284310
v 0.795336 -0.599887 -0.280351
v 0.795336 -0.599887 -0.280351
v 0.894393 -0.634110 -0.335266
v 0.894393 -0.634110 -0.335266
v 0.897472 -0.637214 -0.375498
v 0.897472 -0.637214 -0.375498
v 0.690805 -0.693882 -0.426863
v 0.674607 -0.711125 -0.446382
v 0.674607 -0.711125 -0.446382
v 0.764117 -0.767195 -0.426863
v 0.746875 -0.783393 -0.446382
v 0.746875 -0.783393 -0.446382
v 0.871911 -0.632857 -0.377500
v 0.864844 -0.638520 -0.373500
v 0.864844 -0.638520 -0.373500
v 0.864844 -0.638520 -0.373500
v 0.696676 -0.779202 -0.456120
v 0.674552 -0.798597 -0.467720
v 0.596616 -0.467465 -0.443314
v 0.604006 -0.409941 -0.442904
v 1.221976 -0.554164 -0.332588
v 1.216390 -0.548577 -0.274396
v 0.968720 -0.541884 -0.558372
v 0.968720 -0.541884 -0.558372
v 0.968720 -0.541884 -0.558372
v 0.915270 -0.489387 -0.558149
v 0.915270 -0.489387 -0.558149
v 0.915270 -0.489387 -0.558149
v 0.918315 -0.484704 -0.314146
v 0.918315 -0.484704 -0.314146
v 0.815292 -0.384038 -0.227054
v 0.815292 -0.384038 -0.227054
v 1.084531 -0.653083 -0.216234
v 1.062493 -0.670937 -0.214068
v 1.062493 -0.670937 -0.214068
v 0.782893 -0.748503 -0.456655
v 0.782893 -0.748503 -0.456655
v 0.779280 -0.740233 -0.460474
v 0.779280 -0.740233 -0.460474
v 0.573340 -0.798167 -0.466238
v 0.602064 -0.825028 -0.478834
v 0.602064 -0.825028 -0.478834
v 0.558879 -0.759336 -0.439769
v 0.550846 -0.722655 -0.438472
v 0.909423 -0.241611 -0.392604
v 0.925469 -0.257657 -0.446769
v 1.091423 -0.685858 -0.273727
v 1.075044 -0.669479 -0.217331
v 1.103454 -0.435641 -0.115970
v 1.062261 -0.394450 -0.108541
v 0.815358 -0.409794 -0.167868
v 0.789013 -0.383448 -0.216126
v 0.909867 -0.239332 -0.336135
v 0.914646 -0.244111 -0.279530
v 1.012341 -0.609857 -0.530752
v 1.045642 -0.643160 -0.493981
v 0.974049 -0.568485 -0.559265
v 0.931290 -0.525725 -0.567043
v 1.009984 -0.607501 -0.134324
v 0.970815 -0.568332 -0.111922
v 1.062404 -0.391869 -0.115145
v 1.022506 -0.351971 -0.123267
v 0.915610 -0.245076 -0.392559
v 1.198913 -0.528378 -0.440396
v 1.213889 -0.543354 -0.387470
v 0.931484 -0.260949 -0.444959
v 0.956407 -0.285872 -0.489763
v 0.926748 -0.519979 -0.536500
v 0.927219 -0.519492 -0.384687
v 0.927219 -0.519492 -0.384687
v 0.938021 -0.531252 -0.536500
v 0.938508 -0.530780 -0.384687
v 0.938508 -0.530780 -0.384687
v 0.923546 -0.513486 -0.558185
v 0.944514 -0.534454 -0.558185
v 0.946693 -0.523748 -0.376141
v 0.983869 -0.532724 -0.343816
v 0.983869 -0.532724 -0.343816
v 0.933670 -0.481885 -0.303266
v 0.947165 -0.495668 -0.374523
v 0.947165 -0.495668 -0.374523
v 0.957165 -0.565929 -0.318317
v 1.066908 -0.653468 -0.231700
v 1.075474 -0.644026 -0.232916
v 1.075474 -0.644026 -0.232916
v 1.052382 -0.660984 -0.227037
v 1.052382 -0.660984 -0.227037
v 1.052382 -0.660984 -0.227037
v 0.986501 -0.555115 -0.543660
v 0.965381 -0.575966 -0.543745
v 0.965381 -0.575966 -0.543745
v 0.843645 -0.681181 -0.386789
v 0.777224 -0.614028 -0.386677
v 0.666381 -0.722834 -0.379387
v 0.666381 -0.722834 -0.379387
v 0.892701 -0.632434 -0.386000
v 0.892701 -0.632434 -0.386000
v 0.737089 -0.759000 -0.460842
v 0.745404 -0.769430 -0.455884
v 0.745404 -0.769430 -0.455884
v 0.702330 -0.720141 -0.460613
v 0.688570 -0.712596 -0.455884
v 0.669065 -0.732678 -0.425367
v 0.667560 -0.718052 -0.435595
v 0.667560 -0.718052 -0.435595
v 0.820245 -0.581189 -0.381500
v 0.813881 -0.587556 -0.381500
v 0.813881 -0.587556 -0.381500
v 0.819480 -0.593156 -0.293500
v 0.819480 -0.593156 -0.293500
v 0.819480 -0.593156 -0.293500
v 0.825143 -0.586089 -0.297500
v 0.638608 -0.816171 -0.465630
v 0.605088 -0.825037 -0.464131
v 0.605088 -0.825037 -0.464131
v 0.605088 -0.825037 -0.464131
v 0.551623 -0.760924 -0.445328
v 0.543423 -0.723496 -0.443973
v 1.175841 -0.508029 -0.491926
v 1.200987 -0.533175 -0.445190
v 0.841831 -0.409707 -0.479744
v 0.872113 -0.439989 -0.512546
v 0.742260 -0.791139 -0.386102
v 0.863367 -0.665302 -0.284310
v 0.858113 -0.662664 -0.280351
v 0.858113 -0.662664 -0.280351
v 0.580936 -0.792900 -0.465437
v 0.562879 -0.755695 -0.453772
v 0.595874 -0.372812 -0.452046
v 0.580447 -0.341452 -0.452897
v 0.683817 -0.769933 -0.453052
v 0.698648 -0.749678 -0.437048
v 0.788521 -0.382956 -0.449669
v 0.814662 -0.409098 -0.498148
v 1.074552 -0.668987 -0.450874
v 1.091168 -0.685604 -0.394618
v 1.200342 -0.532530 -0.220231
v 1.174930 -0.507118 -0.173785
v 0.932274 -0.526710 -0.099956
v 0.889516 -0.483951 -0.107734
v 0.924825 -0.257013 -0.221810
v 0.909089 -0.241277 -0.276157
v 0.798945 -0.366820 -0.333679
v 0.803957 -0.371832 -0.387156
v 1.071540 -0.639416 -0.230024
v 1.048293 -0.616169 -0.187255
v 0.907122 -0.474997 -0.133946
v 0.944935 -0.512811 -0.126859
v 0.814840 -0.412357 -0.173019
v 0.789402 -0.386919 -0.220727
v 1.086216 -0.683733 -0.272404
v 1.069719 -0.667236 -0.217394
v 0.889668 -0.487185 -0.555077
v 0.931602 -0.529119 -0.562378
v 1.106029 -0.435494 -0.543733
v 1.066130 -0.395595 -0.551855
v 1.172128 -0.501592 -0.177237
v 1.139855 -0.469319 -0.143082
v 1.143081 -0.472546 -0.521284
v 0.887954 -0.623397 -0.558104
v 0.887954 -0.623397 -0.558104
v 0.887954 -0.623397 -0.558104
v 0.920701 -0.490729 -0.563185
v 0.915217 -0.488031 -0.573500
v 0.915217 -0.488031 -0.573500
v 0.907246 -0.574555 -0.536126
v 0.883445 -0.550753 -0.536126
v 0.947144 -0.495975 -0.291848
v 0.947144 -0.495975 -0.291848
v 0.770050 -0.611589 -0.377500
v 0.735297 -0.791740 -0.379942
v 0.735297 -0.791740 -0.379942
v 0.825566 -0.565299 -0.281000
v 0.825566 -0.565299 -0.281000
v 0.814960 -0.575909 -0.281000
v 0.814960 -0.575909 -0.281000
v 0.789377 -0.593414 -0.289451
v 0.789377 -0.593414 -0.289451
v 0.757539 -0.774556 -0.415281
v 0.739948 -0.790440 -0.435595
v 0.739948 -0.790440 -0.435595
v 0.667026 -0.786568 -0.472619
v 0.635509 -0.807826 -0.477717
v 0.641126 -0.820978 -0.473155
v 0.602346 -0.830339 -0.471233
v 0.602346 -0.830339 -0.471233
v 0.602346 -0.830339 -0.471233
v 0.584141 -0.793787 -0.456776
v 0.606500 -0.816449 -0.467343
v 0.606500 -0.816449 -0.467343
v 0.606500 -0.816449 -0.467343
v 0.565836 -0.756104 -0.444988
v 0.556642 -0.658660 -0.454347
v 0.601583 -0.420900 -0.451742
v 0.598514 -0.371843 -0.443205
v 0.582641 -0.339571 -0.444081
v 0.881619 -0.573180 -0.385264
v 0.881619 -0.573180 -0.385264
v 0.889154 -0.578089 -0.384909
v 0.948220 -0.560614 -0.301433
v 1.062848 -0.650857 -0.223463
v 0.683444 -0.700461 -0.415281
v 0.689544 -0.777570 -0.449392
v 0.704249 -0.756046 -0.433257
v 0.950882 -0.283070 -0.493215
v 1.216723 -0.548911 -0.390843
v 1.048902 -0.643337 -0.168852
v 1.021113 -0.353301 -0.116442
v 1.071080 -0.668597 -0.446273
v 0.790763 -0.388280 -0.449605
v 0.928881 -0.526398 -0.104622
v 1.218667 -0.548132 -0.330866
v 0.988681 -0.318146 -0.523919
v 1.026106 -0.355570 -0.545096
v 0.985454 -0.314919 -0.145716
v 0.882416 -0.622153 -0.563185
v 0.887900 -0.624851 -0.573500
v 0.887900 -0.624851 -0.573500
v 0.962326 -0.510838 -0.292036
v 0.962326 -0.510838 -0.292036
v 0.892071 -0.500834 -0.318317
v 0.804532 -0.391092 -0.231700
v 0.933918 -0.588700 -0.309956
v 1.055621 -0.661094 -0.227176
v 1.055621 -0.661094 -0.227176
v 1.057087 -0.667922 -0.215524
v 1.057087 -0.667922 -0.215524
v 1.072262 -0.640814 -0.221933
v 0.790474 -0.594024 -0.381653
v 0.790474 -0.594024 -0.381653
v 0.765256 -0.628556 -0.279999
v 0.741253 -0.654529 -0.292130
v 0.795984 -0.597495 -0.384802
v 0.819534 -0.622840 -0.386900
v 0.819534 -0.622840 -0.386900
v 0.864586 -0.668623 -0.289451
v 0.864586 -0.668623 -0.289451
v 0.726669 -0.788767 -0.423803
v 0.892701 -0.632434 -0.281000
v 0.892701 -0.632434 -0.281000
v 0.897475 -0.637215 -0.291420
v 0.897475 -0.637215 -0.291420
v 0.875344 -0.649018 -0.289500
v 0.875344 -0.649018 -0.289500
v 0.870444 -0.644119 -0.285500
v 0.870444 -0.644119 -0.285500
v 0.578526 -0.799603 -0.452223
v 0.591283 -0.373985 -0.437802
v 0.576397 -0.343729 -0.438623
v 0.882411 -0.643354 -0.293500
v 0.882411 -0.643354 -0.293500
v 0.665001 -0.787757 -0.463643
v 0.635136 -0.808042 -0.468450
v 0.555553 -0.722172 -0.452719
v 0.703075 -0.745876 -0.444274
v 0.687934 -0.767296 -0.461876
v 0.766642 -0.361078 -0.332804
v 0.772142 -0.366577 -0.393273
v 0.848786 -0.443222 -0.535407
v 0.888565 -0.483001 -0.558906
v 1.143000 -0.475187 -0.527864
v 1.096923 -0.691358 -0.334196
v 0.849638 -0.444074 -0.130897
v 0.768400 -0.365917 -0.335424
v 0.773563 -0.371080 -0.276120
v 0.973443 -0.570960 -0.554082
v 1.043719 -0.641236 -0.170298
v 0.774267 -0.371784 -0.394596
v 1.174763 -0.504227 -0.486037
v 1.102429 -0.431895 -0.121904
v 0.874358 -0.589732 -0.535430
v 0.868068 -0.581905 -0.536089
v 0.868068 -0.581905 -0.536089
v 0.897386 -0.509780 -0.301433
v 0.807143 -0.395152 -0.223463
v 1.085979 -0.654532 -0.229042
v 1.064270 -0.672871 -0.231296
v 1.064270 -0.672871 -0.231296
v 1.064270 -0.672871 -0.231296
v 0.860506 -0.662016 -0.384802
v 0.835154 -0.638458 -0.386910
v 0.835154 -0.638458 -0.386910
v 0.714088 -0.782956 -0.421155
v 0.677110 -0.745106 -0.418452
v 0.808982 -0.582656 -0.297500
v 0.808982 -0.582656 -0.297500
v 0.813881 -0.587556 -0.301500
v 0.813881 -0.587556 -0.301500
v 0.669652 -0.795191 -0.460615
v 0.604631 -0.816443 -0.476430
v 0.604631 -0.816443 -0.476430
v 0.558343 -0.721838 -0.443877
v 0.558498 -0.668942 -0.445485
v 0.550990 -0.662771 -0.440102
v 0.596942 -0.418294 -0.437391
v 0.584173 -0.376278 -0.443304
v 0.570344 -0.348181 -0.444065
v 1.141883 -0.474071 -0.138224
v 0.934252 -0.511307 -0.376141
v 0.908061 -0.622636 -0.281892
v 0.908061 -0.622636 -0.281892
v 0.976115 -0.524330 -0.303266
v 0.571851 -0.802310 -0.458071
v 0.983883 -0.532478 -0.322588
v 0.983883 -0.532478 -0.322588
v 0.869300 -0.524082 -0.309956
v 0.796904 -0.402379 -0.227177
v 0.796904 -0.402379 -0.227177
v 0.816570 -0.385122 -0.229672
v 0.796025 -0.405023 -0.229640
v 0.796025 -0.405023 -0.229640
v 0.980941 -0.550268 -0.301320
v 0.980941 -0.550268 -0.301320
v 0.973295 -0.539685 -0.314145
v 0.973295 -0.539685 -0.314145
v 1.073962 -0.642707 -0.227054
v 1.073962 -0.642707 -0.227054
v 0.932124 -0.586663 -0.305701
v 1.076493 -0.645046 -0.213774
v 1.054395 -0.662996 -0.215804
v 1.054395 -0.662996 -0.215804
v 1.054395 -0.662996 -0.215804
v 0.758726 -0.622909 -0.289500
v 0.717235 -0.678454 -0.460247
v 0.717235 -0.678454 -0.460247
v 0.825566 -0.565299 -0.386000
v 0.825566 -0.565299 -0.386000
v 0.820786 -0.560528 -0.375498
v 0.820786 -0.560528 -0.375498
v 0.808982 -0.582656 -0.377500
v 0.808982 -0.582656 -0.377500
v 0.808982 -0.582656 -0.369500
v 0.808982 -0.582656 -0.369500
v 0.543765 -0.661395 -0.445712
v 0.589337 -0.420353 -0.443023
v 0.803331 -0.371883 -0.227510
v 0.783336 -0.391600 -0.227591
v 0.783336 -0.391600 -0.227591
v 0.783336 -0.391600 -0.227591
v 0.772396 -0.366832 -0.272382
v 1.086168 -0.654044 -0.279843
v 1.091179 -0.659056 -0.333321
v 0.908251 -0.476859 -0.537862
v 0.887159 -0.497844 -0.538045
v 0.887159 -0.497844 -0.538045
v 0.835091 -0.699274 -0.289500
v 0.863976 -0.667525 -0.381653
v 0.863976 -0.667525 -0.381653
v 0.823890 -0.563607 -0.335265
v 0.823890 -0.563607 -0.335265
v 0.820785 -0.560525 -0.291420
v 0.820785 -0.560525 -0.291420
v 0.813881 -0.587556 -0.365500
v 0.813881 -0.587556 -0.365500
v 0.870444 -0.644119 -0.365500
v 0.870444 -0.644119 -0.365500
v 0.875344 -0.649018 -0.369500
v 0.875344 -0.649018 -0.369500
v 0.825143 -0.586089 -0.289500
v 0.903836 -0.236024 -0.334412
v 1.104699 -0.436887 -0.550558
v 0.969968 -0.541814 -0.573500
v 0.933675 -0.481880 -0.363291
v 0.907732 -0.477058 -0.301320
v 0.907732 -0.477058 -0.301320
v 0.871337 -0.525876 -0.305701
v 0.795347 -0.404141 -0.216419
v 0.795347 -0.404141 -0.216419
v 0.794193 -0.405242 -0.220416
v 1.063652 -0.675381 -0.220820
v 1.063652 -0.675381 -0.220820
v 0.905360 -0.473971 -0.556652
v 0.882378 -0.493194 -0.552863
v 0.882378 -0.493194 -0.552863
v 0.856821 -0.617770 -0.281000
v 0.856821 -0.617770 -0.281000
v 0.835427 -0.638214 -0.280117
v 0.835427 -0.638214 -0.280117
v 0.759956 -0.746837 -0.440578
v 0.871911 -0.632857 -0.369500
v 1.063551 -0.395739 -0.558459
v 1.055579 -0.667385 -0.231801
v 1.055579 -0.667385 -0.231801
v -1.695383 -0.601571 -0.529116
v -1.656953 -0.563142 -0.551370
v -1.403139 -0.571573 -0.536441
v -1.368858 -0.537294 -0.499471
v -1.402286 -0.570721 -0.131932
v -1.442066 -0.610501 -0.108434
v -1.696500 -0.602687 -0.139475
v -1.729342 -0.635529 -0.175414
v -1.327063 -0.498580 -0.391219
v -1.321901 -0.493417 -0.331915
v -1.597219 -0.768735 -0.497041
v -1.563484 -0.735001 -0.533016
v -1.526943 -0.698459 -0.113258
v -1.565841 -0.737357 -0.136587
v -1.469111 -0.372576 -0.274780
v -1.484985 -0.388449 -0.222380
v -1.728263 -0.631727 -0.181302
v -1.752413 -0.655878 -0.226943
v -1.443028 -0.750142 -0.558385
v -1.443028 -0.750142 -0.558385
v -1.440223 -0.751295 -0.559549
v -1.440223 -0.751295 -0.559549
v -1.522755 -0.669597 -0.559489
v -1.522755 -0.669597 -0.559489
v -1.522755 -0.669597 -0.559489
v -1.489712 -0.649288 -0.534341
v -1.489712 -0.649288 -0.534341
v -1.489564 -0.649436 -0.385345
v -1.489564 -0.649436 -0.385345
v -1.494199 -0.652082 -0.558524
v -1.445137 -0.704950 -0.385724
v -1.445137 -0.704950 -0.385724
v -1.437972 -0.713477 -0.376480
v -1.537369 -0.660225 -0.344156
v -1.537369 -0.660225 -0.344156
v -1.537383 -0.659979 -0.322927
v -1.537383 -0.659979 -0.322927
v -1.487177 -0.609380 -0.363630
v -1.500629 -0.623471 -0.375049
v -1.500629 -0.623471 -0.375049
v -1.607058 -0.791729 -0.219411
v -1.609968 -0.792590 -0.214144
v -1.609968 -0.792590 -0.214144
v -1.458959 -0.601569 -0.557166
v -1.435878 -0.620694 -0.553202
v -1.435878 -0.620694 -0.553202
v -1.336393 -0.876003 -0.456995
v -1.336393 -0.876003 -0.456995
v -1.295759 -0.918638 -0.386441
v -1.416867 -0.792802 -0.284649
v -1.411614 -0.790163 -0.280691
v -1.411614 -0.790163 -0.280691
v -1.317618 -0.894694 -0.427203
v -1.300375 -0.910893 -0.446721
v -1.300375 -0.910893 -0.446721
v -1.244306 -0.821382 -0.427203
v -1.228107 -0.838626 -0.446722
v -1.228107 -0.838626 -0.446722
v -1.187463 -0.961433 -0.479377
v -1.148854 -0.970671 -0.478310
v -1.148854 -0.970671 -0.478310
v -1.148854 -0.970671 -0.478310
v -1.100478 -0.901530 -0.467705
v -1.092470 -0.864121 -0.479068
v -1.099233 -0.823857 -0.507063
v -1.080708 -0.755791 -0.511016
v -1.082725 -0.754070 -0.496915
v -1.035443 -0.679508 -0.501740
v -0.993989 -0.582598 -0.482531
v -0.978775 -0.466998 -0.438270
v -1.457336 -0.363524 -0.332928
v -1.462923 -0.369111 -0.274735
v -1.486918 -0.644800 -0.558524
v -1.526796 -0.667186 -0.314485
v -1.526796 -0.667186 -0.314485
v -1.627462 -0.770207 -0.227393
v -1.627462 -0.770207 -0.227393
v -1.366805 -0.701749 -0.319209
v -1.366805 -0.701749 -0.319209
v -1.363857 -0.698805 -0.290346
v -1.363857 -0.698805 -0.290346
v -1.262997 -0.802607 -0.456994
v -1.262997 -0.802607 -0.456994
v -1.271267 -0.806220 -0.460813
v -1.271267 -0.806220 -0.460813
v -1.425411 -0.760357 -0.369840
v -1.418344 -0.766020 -0.373839
v -1.418344 -0.766020 -0.373839
v -1.418344 -0.766020 -0.373839
v -1.232946 -0.915169 -0.453795
v -1.213587 -0.931952 -0.464495
v -1.769889 -0.676078 -0.392942
v -1.753842 -0.660030 -0.447109
v -1.528498 -0.696934 -0.559245
v -1.485773 -0.654210 -0.567382
v -1.325642 -0.494078 -0.274066
v -1.342021 -0.510456 -0.217670
v -1.575858 -0.482046 -0.116309
v -1.617051 -0.523239 -0.108880
v -1.601707 -0.770141 -0.168207
v -1.628052 -0.796487 -0.216465
v -1.401643 -0.573160 -0.531093
v -1.368341 -0.539857 -0.494320
v -1.403999 -0.575516 -0.134663
v -1.443168 -0.614685 -0.112262
v -1.619630 -0.523095 -0.115484
v -1.659529 -0.562993 -0.123606
v -1.772168 -0.675632 -0.336474
v -1.766425 -0.669889 -0.392898
v -1.483122 -0.386587 -0.440734
v -1.468146 -0.371610 -0.387809
v -1.750551 -0.654015 -0.445299
v -1.725628 -0.629093 -0.490102
v -1.387398 -0.698315 -0.559359
v -1.387398 -0.698315 -0.559359
v -1.515771 -0.669799 -0.556453
v -1.491521 -0.658752 -0.536840
v -1.492008 -0.658280 -0.385026
v -1.492008 -0.658280 -0.385026
v -1.480248 -0.647479 -0.536840
v -1.480720 -0.646992 -0.385026
v -1.480720 -0.646992 -0.385026
v -1.498014 -0.661954 -0.558524
v -1.477046 -0.640986 -0.558524
v -1.487752 -0.638807 -0.376480
v -1.529616 -0.651830 -0.303605
v -1.515768 -0.638354 -0.374885
v -1.515768 -0.638354 -0.374885
v -1.534442 -0.677768 -0.301660
v -1.534442 -0.677768 -0.301660
v -1.525440 -0.664917 -0.310576
v -1.445571 -0.628334 -0.318656
v -1.358032 -0.518592 -0.232040
v -1.351105 -0.533554 -0.223743
v -1.351105 -0.533554 -0.223743
v -1.347262 -0.532028 -0.228413
v -1.337592 -0.520113 -0.218206
v -1.337592 -0.520113 -0.218206
v -1.336551 -0.521600 -0.223889
v -1.336551 -0.521600 -0.223889
v -1.330320 -0.741855 -0.387129
v -1.397471 -0.808275 -0.387016
v -1.288666 -0.919119 -0.379726
v -1.288666 -0.919119 -0.379726
v -1.252501 -0.848411 -0.461181
v -1.242070 -0.840096 -0.456223
v -1.242070 -0.840096 -0.456223
v -1.291360 -0.883170 -0.460952
v -1.298904 -0.896930 -0.456223
v -1.278822 -0.916435 -0.425707
v -1.293448 -0.917940 -0.435934
v -1.293448 -0.917940 -0.435934
v -1.373745 -0.708689 -0.285839
v -1.367381 -0.715056 -0.285839
v -1.367381 -0.715056 -0.285839
v -1.124815 -0.938756 -0.478470
v -1.106964 -0.901663 -0.480503
v -1.091239 -0.824175 -0.503238
v -1.073460 -0.758724 -0.506833
v -0.996495 -0.584813 -0.474318
v -0.981365 -0.469624 -0.430206
v -0.968174 -0.388140 -0.413282
v -0.941979 -0.315896 -0.399276
v -1.503471 -0.409658 -0.492265
v -1.478325 -0.384513 -0.445529
v -1.440432 -0.752351 -0.573840
v -1.220362 -0.843240 -0.386442
v -1.346198 -0.722133 -0.284649
v -1.348836 -0.727386 -0.280691
v -1.348836 -0.727386 -0.280691
v -1.181595 -0.948519 -0.477214
v -1.212998 -0.927764 -0.472289
v -1.186456 -0.960309 -0.470638
v -1.149907 -0.969369 -0.469601
v -1.149907 -0.969369 -0.469601
v -1.628544 -0.796979 -0.450008
v -1.602402 -0.770837 -0.498488
v -1.342513 -0.510948 -0.451214
v -1.325897 -0.494332 -0.394957
v -1.478970 -0.385157 -0.220570
v -1.504383 -0.410570 -0.174124
v -1.484791 -0.653225 -0.100296
v -1.527549 -0.695984 -0.108073
v -1.754488 -0.660675 -0.222149
v -1.770223 -0.676411 -0.276496
v -1.644680 -0.786556 -0.334019
v -1.639668 -0.781544 -0.387496
v -1.639733 -0.781610 -0.280530
v -1.372085 -0.513959 -0.230363
v -1.395332 -0.537207 -0.187595
v -1.536503 -0.678378 -0.134286
v -1.498689 -0.640564 -0.127198
v -1.599143 -0.770660 -0.173358
v -1.624581 -0.796097 -0.221066
v -1.327767 -0.499284 -0.272743
v -1.344264 -0.515780 -0.217734
v -1.524316 -0.695832 -0.555417
v -1.482381 -0.653897 -0.562717
v -1.576007 -0.479471 -0.544073
v -1.615905 -0.519369 -0.552194
v -1.509908 -0.413372 -0.177576
v -1.542181 -0.445646 -0.143421
v -1.538955 -0.442419 -0.521622
v -1.436945 -0.678253 -0.536466
v -1.460747 -0.702055 -0.536466
v -1.388382 -0.677787 -0.385350
v -1.388382 -0.677787 -0.385350
v -1.515618 -0.638323 -0.292217
v -1.515618 -0.638323 -0.292217
v -1.219760 -0.850203 -0.380282
v -1.219760 -0.850203 -0.380282
v -1.363856 -0.698804 -0.377318
v -1.363856 -0.698804 -0.377318
v -1.368460 -0.703409 -0.386339
v -1.368460 -0.703409 -0.386339
v -1.418087 -0.796122 -0.289790
v -1.418087 -0.796122 -0.289790
v -1.236944 -0.827961 -0.415620
v -1.221060 -0.845552 -0.435934
v -1.221060 -0.845552 -0.435934
v -1.446201 -0.759934 -0.281339
v -1.446201 -0.759934 -0.281339
v -1.435591 -0.770540 -0.281339
v -1.435591 -0.770540 -0.281339
v -1.218144 -0.932053 -0.478099
v -1.184458 -0.954146 -0.483441
v -1.182830 -0.952328 -0.469302
v -1.152147 -0.960881 -0.468351
v -1.152147 -0.960881 -0.468351
v -0.961123 -0.391478 -0.409066
v -0.934968 -0.319344 -0.395082
v -1.425614 -0.567489 -0.154793
v -1.460867 -0.602743 -0.134192
v -1.523469 -0.670283 -0.573840
v -1.438321 -0.703881 -0.385603
v -1.438321 -0.703881 -0.385603
v -1.433411 -0.696347 -0.385248
v -1.450887 -0.637280 -0.301772
v -1.360643 -0.522652 -0.223802
v -1.504377 -0.689185 -0.543369
v -1.449712 -0.634473 -0.543280
v -1.311039 -0.902056 -0.415620
v -1.373745 -0.708689 -0.381839
v -1.367381 -0.715056 -0.381839
v -1.367381 -0.715056 -0.381839
v -1.367381 -0.715056 -0.365839
v -1.367381 -0.715056 -0.365839
v -1.373745 -0.708689 -0.365839
v -1.118723 -0.943412 -0.474016
v -1.099389 -0.903512 -0.476280
v -1.092234 -0.822230 -0.494644
v -1.074707 -0.757661 -0.498118
v -1.032499 -0.679177 -0.515778
v -1.001116 -0.579564 -0.486847
v -1.005172 -0.583148 -0.473559
v -0.990106 -0.468278 -0.429562
v -1.728430 -0.634617 -0.493554
v -1.443017 -0.611452 -0.559606
v -1.462589 -0.368777 -0.391182
v -1.368163 -0.536598 -0.169191
v -1.658199 -0.564387 -0.116781
v -1.342903 -0.514419 -0.446612
v -1.623220 -0.794737 -0.449945
v -1.645583 -0.817100 -0.335763
v -1.640420 -0.811937 -0.276459
v -1.485102 -0.656619 -0.104960
v -1.463368 -0.366833 -0.331205
v -1.693354 -0.596819 -0.524257
v -1.655930 -0.559394 -0.545435
v -1.696581 -0.600046 -0.146056
v -1.386649 -0.697600 -0.573840
v -1.500662 -0.623174 -0.292375
v -1.500662 -0.623174 -0.292375
v -1.510665 -0.693429 -0.318656
v -1.620408 -0.780968 -0.232040
v -1.422801 -0.651582 -0.310295
v -1.350405 -0.529880 -0.227516
v -1.350405 -0.529880 -0.227516
v -1.342118 -0.524832 -0.233785
v -1.342118 -0.524832 -0.233785
v -1.344568 -0.530374 -0.231875
v -1.344568 -0.530374 -0.231875
v -1.440659 -0.625344 -0.538385
v -1.440659 -0.625344 -0.538385
v -1.323550 -0.739089 -0.377839
v -1.418757 -0.795779 -0.322825
v -1.418757 -0.795779 -0.322825
v -1.388927 -0.765714 -0.280456
v -1.388927 -0.765714 -0.280456
v -1.414007 -0.789517 -0.385141
v -1.388660 -0.765966 -0.387240
v -1.388660 -0.765966 -0.387240
v -1.342878 -0.720913 -0.289791
v -1.342878 -0.720913 -0.289791
v -1.230631 -0.872434 -0.418645
v -1.222733 -0.858831 -0.424141
v -1.266625 -0.908597 -0.419009
v -1.221914 -0.938891 -0.473896
v -1.152478 -0.956936 -0.476286
v -1.152478 -0.956936 -0.476286
v -1.152478 -0.956936 -0.476286
v -1.150443 -0.962987 -0.482441
v -1.150443 -0.962987 -0.482441
v -1.150443 -0.962987 -0.482441
v -1.120388 -0.942522 -0.465352
v -1.099676 -0.867391 -0.491036
v -1.100843 -0.820710 -0.493157
v -1.025603 -0.682890 -0.511619
v -0.963491 -0.393187 -0.400694
v -0.936740 -0.319426 -0.386394
v -1.619861 -0.802381 -0.226231
v -1.618310 -0.800911 -0.216906
v -1.618310 -0.800911 -0.216906
v -1.627566 -0.770118 -0.231371
v -1.627566 -0.770118 -0.231371
v -1.605761 -0.791409 -0.227595
v -1.605761 -0.791409 -0.227595
v -1.382566 -0.820242 -0.280160
v -1.356971 -0.844247 -0.292469
v -1.379066 -0.692799 -0.281339
v -1.379066 -0.692799 -0.281339
v -1.368460 -0.703408 -0.281339
v -1.368460 -0.703408 -0.281339
v -1.435911 -0.770854 -0.373839
v -1.435911 -0.770854 -0.373839
v -1.428844 -0.776518 -0.377839
v -1.428844 -0.776518 -0.377839
v -1.362482 -0.710156 -0.377839
v -1.362482 -0.710156 -0.377839
v -1.368147 -0.703089 -0.373839
v -1.368147 -0.703089 -0.373839
v -1.568278 -0.736714 -0.535746
v -1.536313 -0.442500 -0.528204
v -1.320142 -0.488578 -0.334535
v -1.567426 -0.735862 -0.131237
v -1.440540 -0.612056 -0.554421
v -1.370265 -0.541781 -0.170638
v -1.639717 -0.811233 -0.394935
v -1.507273 -0.410737 -0.486376
v -1.579606 -0.483070 -0.122243
v -1.421769 -0.711142 -0.535770
v -1.429595 -0.717432 -0.536429
v -1.429595 -0.717432 -0.536429
v -1.501720 -0.688113 -0.301772
v -1.616348 -0.778357 -0.223802
v -1.358099 -0.500650 -0.230891
v -1.336940 -0.519383 -0.228247
v -1.336940 -0.519383 -0.228247
v -1.343975 -0.721524 -0.381992
v -1.343975 -0.721524 -0.381992
v -1.410471 -0.745417 -0.386339
v -1.410471 -0.745417 -0.386339
v -1.091600 -0.867054 -0.487391
v -1.027422 -0.683094 -0.502942
v -0.985916 -0.464030 -0.442610
v -0.972006 -0.390906 -0.399734
v -0.944845 -0.316028 -0.385218
v -1.537429 -0.443617 -0.138563
v -1.625041 -0.766916 -0.437316
v -1.601793 -0.743670 -0.480084
v -1.500193 -0.651248 -0.376480
v -1.388865 -0.677438 -0.282231
v -1.388865 -0.677438 -0.282231
v -1.376171 -0.689905 -0.282758
v -1.487169 -0.609386 -0.303604
v -1.219097 -0.938828 -0.465488
v -1.127510 -0.937316 -0.464451
v -1.104479 -0.886558 -0.469158
v -1.644923 -0.813358 -0.393613
v -1.767390 -0.670854 -0.279870
v -1.479080 -0.601591 -0.322896
v -1.479080 -0.601591 -0.322896
v -1.487418 -0.716200 -0.310295
v -1.609121 -0.788594 -0.227516
v -1.609121 -0.788594 -0.227516
v -1.625865 -0.768416 -0.221545
v -1.605089 -0.790824 -0.223551
v -1.461232 -0.604558 -0.301660
v -1.461232 -0.604558 -0.301660
v -1.471812 -0.612205 -0.314486
v -1.471812 -0.612205 -0.314486
v -1.368793 -0.511538 -0.227393
v -1.368793 -0.511538 -0.227393
v -1.424838 -0.653376 -0.306040
v -1.463076 -0.605683 -0.539061
v -1.388591 -0.826774 -0.289839
v -1.333046 -0.868265 -0.460586
v -1.333046 -0.868265 -0.460586
v -1.417476 -0.795025 -0.381993
v -1.417476 -0.795025 -0.381993
v -1.423944 -0.771619 -0.381839
v -1.423944 -0.771619 -0.381839
v -1.423944 -0.771619 -0.365839
v -1.423944 -0.771619 -0.365839
v -1.639952 -0.782504 -0.225508
v -1.368765 -0.511316 -0.216573
v -1.344584 -0.530319 -0.215947
v -1.418726 -0.795808 -0.344883
v -1.418726 -0.795808 -0.344883
v -1.086434 -0.752914 -0.504887
v -1.105168 -0.821715 -0.500833
v -1.644669 -0.813103 -0.272721
v -1.650422 -0.818858 -0.333144
v -1.478775 -0.601631 -0.344156
v -1.478775 -0.601631 -0.344156
v -1.340126 -0.525175 -0.216323
v -1.312226 -0.750408 -0.289840
v -1.410321 -0.745270 -0.281339
v -1.410321 -0.745270 -0.281339
v -1.349484 -0.724994 -0.385141
v -1.447893 -0.761609 -0.335607
v -1.447893 -0.761609 -0.335607
v -1.450975 -0.764714 -0.291759
v -1.450975 -0.764714 -0.291759
v -1.362482 -0.710156 -0.369840
v -1.362482 -0.710156 -0.369840
v -1.425411 -0.760357 -0.289840
v -1.418344 -0.766020 -0.293839
v -1.418344 -0.766020 -0.293839
v -1.418344 -0.766020 -0.293839
v -1.428844 -0.776518 -0.297839
v -1.428844 -0.776518 -0.297839
v -1.423944 -0.771619 -0.301839
v -1.423944 -0.771619 -0.301839
v -1.469616 -0.616780 -0.558711
v -1.469616 -0.616780 -0.558711
v -1.534641 -0.677249 -0.538202
v -1.513657 -0.698341 -0.538385
v -1.513657 -0.698341 -0.538385
v -1.378643 -0.713588 -0.297839
v -1.372980 -0.720656 -0.293839
v -1.372980 -0.720656 -0.293839
v -1.372980 -0.720656 -0.293839
v -1.245063 -0.919811 -0.462472
v -1.775477 -0.681664 -0.334751
v -1.574612 -0.480800 -0.550897
v -1.529620 -0.651824 -0.363630
v -1.485624 -0.714163 -0.306041
v -1.613825 -0.798874 -0.216323
v -1.613825 -0.798874 -0.216323
v -1.630057 -0.772609 -0.214330
v -1.474084 -0.613560 -0.310577
v -1.366455 -0.509006 -0.233665
v -1.366455 -0.509006 -0.233665
v -1.537529 -0.680140 -0.556991
v -1.518306 -0.703121 -0.553202
v -1.518306 -0.703121 -0.553202
v -1.294753 -0.782028 -0.292469
v -1.264663 -0.825543 -0.440918
v -1.430311 -0.765255 -0.301839
v -1.378643 -0.713588 -0.289840
v -1.362482 -0.710156 -0.297839
v -1.362482 -0.710156 -0.297839
v -1.368147 -0.703089 -0.293839
v -1.368147 -0.703089 -0.293839
v -1.240390 -0.921576 -0.454191
v -1.615761 -0.521950 -0.558799
v -1.469686 -0.615531 -0.573840
v 1.141883 0.474070 -0.528776
v 1.103454 0.435642 -0.551029
v 0.849638 0.444074 -0.536103
v 0.815358 0.409794 -0.499132
v 0.848786 0.443222 -0.131593
v 0.888566 0.483001 -0.108094
v 1.143000 0.475187 -0.139136
v 1.175841 0.508029 -0.175074
v 0.803957 0.371832 -0.279844
v 0.818584 0.386460 -0.230024
v 1.048293 0.616169 -0.479745
v 1.018010 0.585887 -0.512547
v 0.773563 0.371080 -0.390879
v 0.768400 0.365917 -0.331576
v 1.043719 0.641235 -0.496702
v 1.009984 0.607501 -0.532676
v 0.973443 0.570960 -0.112919
v 1.012341 0.609857 -0.136248
v 0.915611 0.245076 -0.274440
v 0.931485 0.260950 -0.222041
v 1.174763 0.504227 -0.180963
v 1.198913 0.528378 -0.226604
v 0.915702 0.495729 -0.556114
v 0.968765 0.542613 -0.558371
v 0.968765 0.542613 -0.558371
v 0.968765 0.542613 -0.558371
v 0.915471 0.488780 -0.559020
v 0.915471 0.488780 -0.559020
v 0.887618 0.624137 -0.559150
v 0.887618 0.624137 -0.559150
v 0.887618 0.624137 -0.559150
v 0.886932 0.624851 -0.573500
v 0.936211 0.521788 -0.534001
v 0.936211 0.521788 -0.534001
v 0.936064 0.521936 -0.385006
v 0.936064 0.521936 -0.385006
v 0.940699 0.524582 -0.558185
v 0.891637 0.577450 -0.385385
v 0.891637 0.577450 -0.385385
v 0.884472 0.585977 -0.376141
v 0.983869 0.532724 -0.343817
v 0.983869 0.532724 -0.343817
v 0.983883 0.532478 -0.322588
v 0.983883 0.532478 -0.322588
v 0.933675 0.481880 -0.363291
v 0.947165 0.495668 -0.374523
v 0.947165 0.495668 -0.374523
v 0.782893 0.748503 -0.456655
v 0.782893 0.748503 -0.456655
v 0.742260 0.791139 -0.386102
v 0.863367 0.665302 -0.284310
v 0.858113 0.662664 -0.280351
v 0.858113 0.662664 -0.280351
v 0.823890 0.563607 -0.335265
v 0.823890 0.563607 -0.335265
v 0.820786 0.560527 -0.375498
v 0.820786 0.560527 -0.375498
v 0.764117 0.767194 -0.426863
v 0.746875 0.783393 -0.446382
v 0.746875 0.783393 -0.446382
v 0.690805 0.693882 -0.426863
v 0.674607 0.711125 -0.446382
v 0.674607 0.711125 -0.446382
v 0.696676 0.779202 -0.456120
v 0.674552 0.798597 -0.467720
v 0.558879 0.759336 -0.439769
v 0.550846 0.722655 -0.438472
v 0.596616 0.467465 -0.443314
v 0.604006 0.409941 -0.442904
v 0.903836 0.236024 -0.332588
v 0.909423 0.241611 -0.274396
v 0.973296 0.539685 -0.314145
v 0.973296 0.539685 -0.314145
v 1.073962 0.642707 -0.227054
v 1.073962 0.642707 -0.227054
v 0.784170 0.392793 -0.217724
v 0.784170 0.392793 -0.217724
v 0.783336 0.391600 -0.227591
v 0.783336 0.391600 -0.227591
v 0.783336 0.391600 -0.227591
v 0.709497 0.675107 -0.456655
v 0.709497 0.675107 -0.456655
v 0.717749 0.678491 -0.460386
v 0.717749 0.678491 -0.460386
v 0.820245 0.581189 -0.301500
v 0.813881 0.587556 -0.301500
v 0.813881 0.587556 -0.301500
v 0.587011 0.375553 -0.452107
v 0.572847 0.346773 -0.452887
v 1.216389 0.548578 -0.392604
v 1.200342 0.532530 -0.446770
v 0.772142 0.366577 -0.273726
v 0.788521 0.382956 -0.217331
v 1.022358 0.354546 -0.115970
v 1.063550 0.395739 -0.108541
v 1.048206 0.642642 -0.167868
v 1.074552 0.668987 -0.216126
v 0.848142 0.445659 -0.530752
v 0.814840 0.412357 -0.493980
v 0.889515 0.483951 -0.559265
v 0.932275 0.526709 -0.567043
v 0.850499 0.448016 -0.134323
v 0.889668 0.487185 -0.111923
v 1.066130 0.395595 -0.115145
v 1.106029 0.435493 -0.123267
v 1.218668 0.548132 -0.336135
v 1.212924 0.542389 -0.392559
v 0.929622 0.259086 -0.440396
v 0.914646 0.244111 -0.387469
v 1.197051 0.526515 -0.444960
v 1.172127 0.501593 -0.489763
v 0.835358 0.572695 -0.558046
v 0.835358 0.572695 -0.558046
v 0.938021 0.531252 -0.536500
v 0.938508 0.530780 -0.384687
v 0.938508 0.530780 -0.384687
v 0.926748 0.519979 -0.536500
v 0.927219 0.519492 -0.384687
v 0.927219 0.519492 -0.384687
v 0.944514 0.534454 -0.558185
v 0.923546 0.513486 -0.558185
v 0.934252 0.511307 -0.376141
v 0.976115 0.524330 -0.303266
v 0.980942 0.550268 -0.301320
v 0.980942 0.550268 -0.301320
v 0.971939 0.537417 -0.310236
v 0.892071 0.500834 -0.318317
v 0.804532 0.391092 -0.231700
v 0.882034 0.492618 -0.543745
v 0.882034 0.492618 -0.543745
v 0.882378 0.493194 -0.552863
v 0.882378 0.493194 -0.552863
v 0.776803 0.614171 -0.386576
v 0.843796 0.680789 -0.386862
v 0.735166 0.791619 -0.379387
v 0.735166 0.791619 -0.379387
v 0.825566 0.565299 -0.386000
v 0.825566 0.565299 -0.386000
v 0.737089 0.759000 -0.460842
v 0.745404 0.769430 -0.455884
v 0.745404 0.769430 -0.455884
v 0.702311 0.720342 -0.460711
v 0.669065 0.732678 -0.425367
v 0.667560 0.718052 -0.435595
v 0.667560 0.718052 -0.435595
v 0.638608 0.816171 -0.465630
v 0.605088 0.825037 -0.464131
v 0.605088 0.825037 -0.464131
v 0.605088 0.825037 -0.464131
v 0.580936 0.792900 -0.465437
v 0.562879 0.755695 -0.453772
v 0.551623 0.760924 -0.445328
v 0.543423 0.723496 -0.443973
v 0.595874 0.372812 -0.452046
v 0.580447 0.341452 -0.452897
v 0.683817 0.769933 -0.453052
v 0.698648 0.749678 -0.437048
v 0.949971 0.282159 -0.491926
v 0.924825 0.257013 -0.445190
v 0.962130 0.510802 -0.374677
v 0.962130 0.510802 -0.374677
v 0.666861 0.715741 -0.386102
v 0.792698 0.594633 -0.284310
v 0.795336 0.599887 -0.280351
v 0.795336 0.599887 -0.280351
v 0.882411 0.643354 -0.293500
v 0.882411 0.643354 -0.293500
v 0.875344 0.649018 -0.297500
v 0.875344 0.649018 -0.297500
v 1.075044 0.669479 -0.449669
v 1.048902 0.643337 -0.498149
v 0.789013 0.383448 -0.450874
v 0.772396 0.366832 -0.394617
v 0.925469 0.257657 -0.220231
v 0.950882 0.283070 -0.173785
v 0.931290 0.525725 -0.099956
v 0.974049 0.568484 -0.107734
v 1.200987 0.533175 -0.221810
v 1.216723 0.548911 -0.276157
v 1.045643 0.643160 -0.173019
v 1.071080 0.668597 -0.220727
v 0.774267 0.371784 -0.272403
v 0.790763 0.388280 -0.217395
v 0.956408 0.285872 -0.177237
v 0.988681 0.318146 -0.143082
v 1.022506 0.351971 -0.543732
v 0.985454 0.314919 -0.521284
v 0.887416 0.617153 -0.556114
v 0.883445 0.550753 -0.536126
v 0.907247 0.574555 -0.536126
v 0.907713 0.623117 -0.385011
v 0.907713 0.623117 -0.385011
v 0.962326 0.510838 -0.292036
v 0.962326 0.510838 -0.292036
v 0.846411 0.687950 -0.377500
v 0.666260 0.722703 -0.379942
v 0.666260 0.722703 -0.379942
v 0.892701 0.632434 -0.281000
v 0.892701 0.632434 -0.281000
v 0.882091 0.643040 -0.281000
v 0.882091 0.643040 -0.281000
v 0.864586 0.668622 -0.289451
v 0.864586 0.668622 -0.289451
v 0.683444 0.700461 -0.415281
v 0.688369 0.714790 -0.456944
v 0.820785 0.560525 -0.291420
v 0.820785 0.560525 -0.291420
v 0.875344 0.649018 -0.369500
v 0.875344 0.649018 -0.369500
v 0.875344 0.649018 -0.377500
v 0.875344 0.649018 -0.377500
v 0.814646 0.575589 -0.293500
v 0.814646 0.575589 -0.293500
v 0.808982 0.582656 -0.289500
v 0.808982 0.582656 -0.289500
v 0.641126 0.820978 -0.473155
v 0.602346 0.830339 -0.471233
v 0.602346 0.830339 -0.471233
v 0.602346 0.830339 -0.471233
v 0.556642 0.658660 -0.454347
v 0.601583 0.420900 -0.451742
v 0.598514 0.371842 -0.443205
v 0.582641 0.339570 -0.444081
v 0.689544 0.777569 -0.449392
v 0.704249 0.756046 -0.433257
v 1.062405 0.391869 -0.551855
v 0.884820 0.576381 -0.385264
v 0.884820 0.576381 -0.385264
v 0.879911 0.568846 -0.384909
v 0.897386 0.509780 -0.301433
v 0.807143 0.395152 -0.223463
v 0.788254 0.399994 -0.232289
v 0.788254 0.399994 -0.232289
v 0.796025 0.405023 -0.229640
v 0.796025 0.405023 -0.229640
v 0.757539 0.774556 -0.415281
v 0.739948 0.790440 -0.435595
v 0.739948 0.790440 -0.435595
v 0.864844 0.638520 -0.293500
v 0.864844 0.638520 -0.293500
v 0.864844 0.638520 -0.293500
v 0.870444 0.644119 -0.285500
v 0.870444 0.644119 -0.285500
v 0.871911 0.632857 -0.289500
v 0.667026 0.786568 -0.472619
v 0.635509 0.807826 -0.477717
v 0.584141 0.793787 -0.456776
v 0.606500 0.816449 -0.467343
v 0.606500 0.816449 -0.467343
v 0.606500 0.816449 -0.467343
v 0.565836 0.756104 -0.444988
v 0.573340 0.798167 -0.466238
v 0.554095 0.758674 -0.453983
v 1.174930 0.507117 -0.493215
v 0.909089 0.241277 -0.390843
v 0.814663 0.409098 -0.168852
v 1.104699 0.436887 -0.116442
v 0.789402 0.386919 -0.446272
v 1.069719 0.667236 -0.449606
v 1.092083 0.689600 -0.335424
v 1.086920 0.684437 -0.276121
v 0.931602 0.529119 -0.104622
v 0.909867 0.239332 -0.330865
v 1.139854 0.469319 -0.523918
v 1.102430 0.431895 -0.545096
v 1.143081 0.472546 -0.145717
v 0.908061 0.622636 -0.281892
v 0.908061 0.622636 -0.281892
v 0.895595 0.635329 -0.282418
v 0.947145 0.495975 -0.291848
v 0.947145 0.495975 -0.291848
v 0.957165 0.565928 -0.318317
v 1.066908 0.653468 -0.231700
v 1.064270 0.672871 -0.231296
v 1.064270 0.672871 -0.231296
v 1.064270 0.672871 -0.231296
v 1.059365 0.670130 -0.231527
v 0.869300 0.524082 -0.309956
v 0.796904 0.402379 -0.227177
v 0.796904 0.402379 -0.227177
v 0.803331 0.371883 -0.227510
v 0.789377 0.593414 -0.289451
v 0.789377 0.593414 -0.289451
v 0.726669 0.788767 -0.423803
v 0.825566 0.565299 -0.281000
v 0.825566 0.565299 -0.281000
v 0.876811 0.637755 -0.285500
v 0.665001 0.787757 -0.463643
v 0.635136 0.808042 -0.468450
v 0.578526 0.799603 -0.452223
v 0.555553 0.722172 -0.452719
v 0.591283 0.373985 -0.437802
v 0.576397 0.343729 -0.438623
v 0.834205 0.569890 -0.559210
v 0.834205 0.569890 -0.559210
v 0.969969 0.542783 -0.573500
v 0.829066 0.692742 -0.279820
v 0.803471 0.716747 -0.292130
v 1.014778 0.609214 -0.535407
v 0.974999 0.569434 -0.558906
v 0.982812 0.315000 -0.527864
v 0.766642 0.361077 -0.334196
v 1.013926 0.608361 -0.130897
v 0.841831 0.409707 -0.187255
v 0.872113 0.439989 -0.154454
v 0.983003 0.550878 -0.133946
v 1.018230 0.586107 -0.154633
v 1.071540 0.639416 -0.436976
v 1.086168 0.654044 -0.387157
v 0.816764 0.414281 -0.170298
v 0.887039 0.484556 -0.554081
v 1.086216 0.683733 -0.394596
v 0.953773 0.283238 -0.486037
v 1.026106 0.355570 -0.121904
v 0.833149 0.570100 -0.573500
v 0.868068 0.581905 -0.536089
v 0.874358 0.589731 -0.535430
v 0.874358 0.589731 -0.535430
v 0.933670 0.481884 -0.303266
v 0.948220 0.560613 -0.301433
v 1.062848 0.650857 -0.223463
v 0.795984 0.597494 -0.384802
v 0.819534 0.622840 -0.386900
v 0.819534 0.622840 -0.386900
v 0.714088 0.782956 -0.421155
v 0.677110 0.745106 -0.418452
v 0.864844 0.638520 -0.373500
v 0.864844 0.638520 -0.373500
v 0.864844 0.638520 -0.373500
v 0.871911 0.632857 -0.369500
v 0.819480 0.593156 -0.293500
v 0.819480 0.593156 -0.293500
v 0.819480 0.593156 -0.293500
v 0.825143 0.586089 -0.289500
v 0.604631 0.816443 -0.476430
v 0.604631 0.816443 -0.476430
v 0.571851 0.802310 -0.458071
v 0.550990 0.662771 -0.440102
v 0.596942 0.418294 -0.437391
v 0.584173 0.376278 -0.443304
v 0.570344 0.348181 -0.444065
v 0.983929 0.316117 -0.138224
v 0.946693 0.523748 -0.376141
v 0.808982 0.582656 -0.369500
v 0.808982 0.582656 -0.369500
v 0.814646 0.575589 -0.373500
v 0.814646 0.575589 -0.373500
v 0.669653 0.795191 -0.460615
v 0.558343 0.721838 -0.443877
v 0.558498 0.668942 -0.445485
v 1.091423 0.685858 -0.393274
v 0.970815 0.568332 -0.555077
v 1.213889 0.543353 -0.279530
v 0.925522 0.474117 -0.322588
v 0.925522 0.474117 -0.322588
v 0.933918 0.588700 -0.309956
v 1.055621 0.661094 -0.227176
v 1.055621 0.661094 -0.227176
v 1.062493 0.670937 -0.214068
v 1.062493 0.670937 -0.214068
v 1.057087 0.667921 -0.215524
v 1.057087 0.667921 -0.215524
v 1.072262 0.640814 -0.221933
v 1.052382 0.660984 -0.227037
v 1.052382 0.660984 -0.227037
v 1.052382 0.660984 -0.227037
v 0.907732 0.477058 -0.301320
v 0.907732 0.477058 -0.301320
v 0.918315 0.484704 -0.314146
v 0.918315 0.484704 -0.314146
v 0.815292 0.384038 -0.227054
v 0.815292 0.384038 -0.227054
v 0.871337 0.525876 -0.305701
v 0.795347 0.404140 -0.216419
v 0.795347 0.404140 -0.216419
v 0.794193 0.405241 -0.220416
v 0.965382 0.575966 -0.543745
v 0.965382 0.575966 -0.543745
v 0.964806 0.575622 -0.552863
v 0.964806 0.575622 -0.552863
v 0.835091 0.699274 -0.289500
v 0.779336 0.740767 -0.460323
v 0.779336 0.740767 -0.460323
v 0.765256 0.628555 -0.279999
v 0.741253 0.654528 -0.292130
v 0.860506 0.662016 -0.384802
v 0.863976 0.667525 -0.381653
v 0.863976 0.667525 -0.381653
v 0.865299 0.668352 -0.322566
v 0.865299 0.668352 -0.322566
v 0.892701 0.632434 -0.386000
v 0.892701 0.632434 -0.386000
v 0.897472 0.637214 -0.375498
v 0.897472 0.637214 -0.375498
v 0.870444 0.644119 -0.381500
v 0.870444 0.644119 -0.381500
v 0.687934 0.767296 -0.461876
v 0.810356 0.571304 -0.376979
v 0.810356 0.571304 -0.376979
v 0.813305 0.574249 -0.348130
v 0.813305 0.574249 -0.348130
v 0.543765 0.661395 -0.445712
v 0.589337 0.420353 -0.443023
v 1.091168 0.685603 -0.272382
v 1.096923 0.691358 -0.332804
v 1.085979 0.654531 -0.229042
v 0.786626 0.397675 -0.215983
v 0.758726 0.622909 -0.289500
v 0.856821 0.617770 -0.281000
v 0.856821 0.617770 -0.281000
v 0.835427 0.638214 -0.280117
v 0.835427 0.638214 -0.280117
v 0.790474 0.594024 -0.381653
v 0.790474 0.594024 -0.381653
v 0.808982 0.582656 -0.377500
v 0.808982 0.582656 -0.377500
v 0.813881 0.587556 -0.381500
v 0.813881 0.587556 -0.381500
v 0.916186 0.488032 -0.573500
v 0.925275 0.474131 -0.343816
v 0.925275 0.474131 -0.343816
v 0.808434 0.376986 -0.233439
v 0.789648 0.592700 -0.322566
v 0.789648 0.592700 -0.322566
v 1.221976 0.554164 -0.334412
v 1.021113 0.353301 -0.550558
v 1.062261 0.394449 -0.558459
v 0.976120 0.524325 -0.363291
v 0.932124 0.586663 -0.305701
v 1.076493 0.645045 -0.213774
v 1.054395 0.662996 -0.215804
v 1.054395 0.662996 -0.215804
v 1.054395 0.662996 -0.215804
v 0.887159 0.497844 -0.538045
v 0.887159 0.497844 -0.538045
v 0.759956 0.746837 -0.440578
v 0.983931 0.552541 -0.556826
v 0.908251 0.476859 -0.537862
v 0.808982 0.582656 -0.297500
v 0.808982 0.582656 -0.297500
v 0.203310 0.441346 -1.062070
v 0.257657 0.419850 -1.056310
v 0.431169 0.482264 -0.881056
v 0.479648 0.517974 -0.890625
v 0.432374 0.872990 -0.985749
v 0.376117 0.895688 -0.991831
v 0.201731 0.817710 -1.162916
v 0.155285 0.782995 -1.153614
v 0.536577 0.623102 -0.916537
v 0.543878 0.680385 -0.931887
v 0.154519 0.520886 -0.889148
v 0.202227 0.486137 -0.879838
v 0.253903 0.891593 -0.988479
v 0.198895 0.869058 -0.982441
v 0.525232 0.686517 -1.129756
v 0.502784 0.737131 -1.143319
v 0.158737 0.776810 -1.153950
v 0.124582 0.732723 -1.142138
v 0.347928 0.460298 -0.885717
v 0.347928 0.460298 -0.885717
v 0.352723 0.456049 -0.889839
v 0.352723 0.456049 -0.889839
v 0.352723 0.456049 -0.889839
v 0.276652 0.484769 -0.777439
v 0.278194 0.487131 -0.779299
v 0.278194 0.487131 -0.779299
v 0.276969 0.472400 -0.773375
v 0.315000 0.482673 -0.887650
v 0.315000 0.482673 -0.887650
v 0.315000 0.626645 -0.926011
v 0.315000 0.626645 -0.926011
v 0.309851 0.459003 -0.882548
v 0.320149 0.459003 -0.882548
v 0.307160 0.644569 -0.857651
v 0.307160 0.644569 -0.857651
v 0.306197 0.656370 -0.849326
v 0.345012 0.640726 -0.957359
v 0.325536 0.629814 -0.953968
v 0.325536 0.629814 -0.953968
v 0.273568 0.659656 -0.961954
v 0.273568 0.659656 -0.961954
v 0.273732 0.680113 -0.967626
v 0.273732 0.680113 -0.967626
v 0.263101 0.626934 -0.648101
v 0.263101 0.626934 -0.648101
v 0.261685 0.710322 -0.609488
v 0.265029 0.763452 -0.804499
v 0.270610 0.767754 -0.803737
v 0.270610 0.767754 -0.803737
v 0.263160 0.662567 -0.630221
v 0.263899 0.649834 -0.602328
v 0.263899 0.649834 -0.602328
v 0.366839 0.662567 -0.630221
v 0.366101 0.649834 -0.602328
v 0.366101 0.649834 -0.602328
v 0.374104 0.420306 -1.056433
v 0.315912 0.412674 -1.054387
v 0.539959 0.630849 -1.112846
v 0.532058 0.687059 -1.127909
v 0.279376 0.457204 -0.890123
v 0.279376 0.457204 -0.890123
v 0.263582 0.654879 -0.820942
v 0.263773 0.650056 -0.838466
v 0.263773 0.650056 -0.838466
v 0.276123 0.691525 -0.957658
v 0.276123 0.691525 -0.957658
v 0.132093 0.776080 -0.978589
v 0.132093 0.776080 -0.978589
v 0.503250 0.768990 -0.976832
v 0.503250 0.768990 -0.976832
v 0.501695 0.779738 -0.948162
v 0.501695 0.779738 -0.948162
v 0.263026 0.669722 -0.778202
v 0.263026 0.669722 -0.778202
v 0.261590 0.705480 -0.788126
v 0.261590 0.705480 -0.788126
v 0.366899 0.626933 -0.648101
v 0.366899 0.626933 -0.648101
v 0.358496 0.622393 -0.650292
v 0.358496 0.622393 -0.650292
v 0.354998 0.739345 -0.828048
v 0.354996 0.741675 -0.819352
v 0.354996 0.741675 -0.819352
v 0.097942 0.572878 -1.097313
v 0.120635 0.520558 -1.083295
v 0.540765 0.735700 -0.948963
v 0.517602 0.790174 -0.963559
v 0.372343 0.840086 -1.168911
v 0.314088 0.847262 -1.170834
v 0.150351 0.837951 -0.976362
v 0.113093 0.791338 -0.963872
v 0.096644 0.626924 -1.113789
v 0.103404 0.681600 -1.128439
v 0.168756 0.814118 -0.989419
v 0.211524 0.845874 -0.997927
v 0.253882 0.460238 -0.875154
v 0.314304 0.452377 -0.873047
v 0.431105 0.487996 -0.880336
v 0.478201 0.523514 -0.889853
v 0.427773 0.870916 -0.982939
v 0.372380 0.892555 -0.988737
v 0.312366 0.840384 -1.170985
v 0.255940 0.832539 -1.168883
v 0.104767 0.572423 -1.099185
v 0.505418 0.526216 -1.086804
v 0.526596 0.577339 -1.100502
v 0.127217 0.521809 -1.085623
v 0.162463 0.478532 -1.074027
v 0.276883 0.456218 -0.888978
v 0.276883 0.456218 -0.888978
v 0.307028 0.481659 -0.881775
v 0.307018 0.628124 -0.921722
v 0.307018 0.628124 -0.921722
v 0.322971 0.481659 -0.881775
v 0.322982 0.628124 -0.921722
v 0.322982 0.628124 -0.921722
v 0.300173 0.460111 -0.878410
v 0.329826 0.460111 -0.878410
v 0.322840 0.644569 -0.857651
v 0.322840 0.644569 -0.857651
v 0.317373 0.645313 -0.853974
v 0.317373 0.645313 -0.853974
v 0.323797 0.633594 -0.934327
v 0.366284 0.650175 -0.837981
v 0.366284 0.650175 -0.837981
v 0.356432 0.659656 -0.961954
v 0.356432 0.659656 -0.961954
v 0.284986 0.698708 -0.972887
v 0.304307 0.629924 -0.954185
v 0.304307 0.629924 -0.954185
v 0.263233 0.704451 -0.958971
v 0.263233 0.704451 -0.958971
v 0.278686 0.695134 -0.959292
v 0.114771 0.783391 -0.951371
v 0.114771 0.783391 -0.951371
v 0.114771 0.783391 -0.951371
v 0.118809 0.781613 -0.949104
v 0.118809 0.781613 -0.949104
v 0.122981 0.769738 -0.977032
v 0.124600 0.776574 -0.949530
v 0.124600 0.776574 -0.949530
v 0.361028 0.695251 -0.927636
v 0.500528 0.774853 -0.965219
v 0.256714 0.469073 -0.865529
v 0.256714 0.469073 -0.865529
v 0.264998 0.464578 -0.864385
v 0.304023 0.664546 -0.776959
v 0.304023 0.664546 -0.776959
v 0.362253 0.670980 -0.753660
v 0.267802 0.670955 -0.754189
v 0.266361 0.718194 -0.606053
v 0.266361 0.718194 -0.606053
v 0.288068 0.633193 -0.608563
v 0.274812 0.638370 -0.608402
v 0.274812 0.638370 -0.608402
v 0.339993 0.632610 -0.611247
v 0.275201 0.674972 -0.589211
v 0.263814 0.662811 -0.595576
v 0.263814 0.662811 -0.595576
v 0.282922 0.749403 -0.821422
v 0.282922 0.749403 -0.821422
v 0.282922 0.749403 -0.821422
v 0.281930 0.743210 -0.829082
v 0.474715 0.476941 -1.071607
v 0.510276 0.522084 -1.083704
v 0.169010 0.531841 -0.913782
v 0.211834 0.500157 -0.905293
v 0.368315 0.710322 -0.609488
v 0.364971 0.763452 -0.804499
v 0.359390 0.767754 -0.803737
v 0.359390 0.767754 -0.803737
v 0.267083 0.747073 -0.830119
v 0.267083 0.747073 -0.830119
v 0.268075 0.745539 -0.820388
v 0.268075 0.745539 -0.820388
v 0.112397 0.565752 -0.903426
v 0.149368 0.518925 -0.890878
v 0.516907 0.564588 -0.903114
v 0.540405 0.618928 -0.917675
v 0.509364 0.739378 -1.141927
v 0.473425 0.784241 -1.153949
v 0.315695 0.903549 -0.993938
v 0.255226 0.896036 -0.991926
v 0.119724 0.737853 -1.141519
v 0.097470 0.685357 -1.127453
v 0.108359 0.672929 -0.951587
v 0.115446 0.621274 -0.937747
v 0.151798 0.833539 -0.972924
v 0.115824 0.787457 -0.960576
v 0.535581 0.737542 -0.947201
v 0.512251 0.790676 -0.961439
v 0.467537 0.780408 -1.154914
v 0.421895 0.813400 -1.163754
v 0.374059 0.426401 -1.060058
v 0.426459 0.448085 -1.065869
v 0.331830 0.495578 -0.831275
v 0.298169 0.495578 -0.831276
v 0.304435 0.709798 -0.975498
v 0.304435 0.709798 -0.975498
v 0.364853 0.702845 -0.833807
v 0.364853 0.702845 -0.833807
v 0.369225 0.663989 -0.823377
v 0.369225 0.663989 -0.823377
v 0.261004 0.680685 -0.753330
v 0.363816 0.717656 -0.605915
v 0.363816 0.717656 -0.605915
v 0.261819 0.758870 -0.801734
v 0.261819 0.758870 -0.801734
v 0.367393 0.676306 -0.623698
v 0.366186 0.662811 -0.595576
v 0.366186 0.662811 -0.595576
v 0.353778 0.637784 -0.606492
v 0.267528 0.755265 -0.847841
v 0.267528 0.755265 -0.847841
v 0.267531 0.759148 -0.833350
v 0.267531 0.759148 -0.833350
v 0.362917 0.747073 -0.830119
v 0.362917 0.747073 -0.830119
v 0.361925 0.753266 -0.822459
v 0.361925 0.753266 -0.822459
v 0.317634 0.418556 -1.057956
v 0.350944 0.712224 -0.929527
v 0.495811 0.783074 -0.966361
v 0.262607 0.676306 -0.623698
v 0.156574 0.475696 -1.071274
v 0.374773 0.459889 -0.875061
v 0.532530 0.574579 -1.097769
v 0.480632 0.837001 -0.976107
v 0.255895 0.839630 -1.168790
v 0.514176 0.569597 -0.902201
v 0.117748 0.566378 -0.901338
v 0.086121 0.676668 -0.930890
v 0.093423 0.733950 -0.946239
v 0.313076 0.899606 -0.990626
v 0.533354 0.632014 -1.115153
v 0.208104 0.445540 -1.065187
v 0.261030 0.425083 -1.059706
v 0.203540 0.810855 -1.163073
v 0.351991 0.485958 -0.777378
v 0.351991 0.485958 -0.777378
v 0.353268 0.472284 -0.773807
v 0.311991 0.645351 -0.854191
v 0.311991 0.645351 -0.854191
v 0.366575 0.749888 -0.864362
v 0.366575 0.749888 -0.864362
v 0.356267 0.680113 -0.967626
v 0.356267 0.680113 -0.967626
v 0.268971 0.695251 -0.927636
v 0.129472 0.774853 -0.965219
v 0.131582 0.794241 -0.954279
v 0.131582 0.794241 -0.954279
v 0.131582 0.794241 -0.954279
v 0.124600 0.795118 -0.952723
v 0.118478 0.788280 -0.982000
v 0.118478 0.788280 -0.982000
v 0.118174 0.792949 -0.951702
v 0.118174 0.792949 -0.951702
v 0.133502 0.773684 -0.978089
v 0.134428 0.783391 -0.951372
v 0.360691 0.711749 -0.898369
v 0.497940 0.782683 -0.953471
v 0.497940 0.782683 -0.953471
v 0.368995 0.680685 -0.753330
v 0.260772 0.745202 -0.845139
v 0.260772 0.745202 -0.845139
v 0.261021 0.750447 -0.831019
v 0.261021 0.750447 -0.831019
v 0.368180 0.758870 -0.801734
v 0.368180 0.758870 -0.801734
v 0.355613 0.676325 -0.590701
v 0.361925 0.668265 -0.799683
v 0.361925 0.668265 -0.799683
v 0.354996 0.664401 -0.798647
v 0.354996 0.664401 -0.798647
v 0.514553 0.724930 -0.965521
v 0.493867 0.773052 -0.978415
v 0.325722 0.709610 -0.975590
v 0.325722 0.709610 -0.975590
v 0.368980 0.666439 -0.808510
v 0.368980 0.666439 -0.808510
v 0.269881 0.779088 -0.763492
v 0.271005 0.776275 -0.726428
v 0.267083 0.669799 -0.809413
v 0.267083 0.669799 -0.809413
v 0.268075 0.668265 -0.799683
v 0.268075 0.668265 -0.799683
v 0.081456 0.678635 -0.933673
v 0.089234 0.620226 -0.918023
v 0.197625 0.482936 -0.881235
v 0.428269 0.442227 -1.062306
v 0.548543 0.677291 -0.933312
v 0.198831 0.873662 -0.985931
v 0.475480 0.836167 -0.973628
v 0.376096 0.465461 -0.874297
v 0.094418 0.619512 -0.915575
v 0.471263 0.482130 -1.074992
v 0.368969 0.833856 -1.169236
v 0.353303 0.486448 -0.780657
v 0.353303 0.486448 -0.780657
v 0.319305 0.505047 -0.798627
v 0.319305 0.505047 -0.798627
v 0.309324 0.504129 -0.799507
v 0.309324 0.504129 -0.799507
v 0.263303 0.749414 -0.864658
v 0.263303 0.749414 -0.864658
v 0.279055 0.712224 -0.929527
v 0.134189 0.783074 -0.966361
v 0.117033 0.790234 -0.951414
v 0.516154 0.777991 -0.979243
v 0.516154 0.777991 -0.979243
v 0.513722 0.781135 -0.950752
v 0.366973 0.669721 -0.778202
v 0.366973 0.669721 -0.778202
v 0.342641 0.680200 -0.586825
v 0.289696 0.682573 -0.588058
v 0.275004 0.757130 -0.823493
v 0.275004 0.757130 -0.823493
v 0.268075 0.753266 -0.822459
v 0.268075 0.753266 -0.822459
v 0.354996 0.757130 -0.823493
v 0.354996 0.757130 -0.823493
v 0.347077 0.749403 -0.821422
v 0.347077 0.749403 -0.821422
v 0.347077 0.749403 -0.821422
v 0.426690 0.818591 -1.163152
v 0.136133 0.573152 -0.924852
v 0.306203 0.633594 -0.934327
v 0.345013 0.698708 -0.972887
v 0.354998 0.754800 -0.832189
v 0.257620 0.464499 -0.874039
v 0.269308 0.711749 -0.898369
v 0.132060 0.782683 -0.953471
v 0.132060 0.782683 -0.953471
v 0.366766 0.704450 -0.958971
v 0.366766 0.704450 -0.958971
v 0.353877 0.691525 -0.957658
v 0.353877 0.691525 -0.957658
v 0.497906 0.776080 -0.978589
v 0.497906 0.776080 -0.978589
v 0.357983 0.715814 -0.899636
v 0.364668 0.475007 -0.898019
v 0.366616 0.483361 -0.869454
v 0.366616 0.483361 -0.869454
v 0.261001 0.769831 -0.760640
v 0.265187 0.722567 -0.823552
v 0.265187 0.722567 -0.823552
v 0.303058 0.657725 -0.806176
v 0.303058 0.657725 -0.806176
v 0.265187 0.694304 -0.815979
v 0.265187 0.694304 -0.815979
v 0.270939 0.622660 -0.650170
v 0.270939 0.622660 -0.650170
v 0.269376 0.666306 -0.778780
v 0.267528 0.653843 -0.820665
v 0.267528 0.653843 -0.820665
v 0.260774 0.663989 -0.823377
v 0.260774 0.663989 -0.823377
v 0.362917 0.669799 -0.809414
v 0.362917 0.669799 -0.809414
v 0.361925 0.675992 -0.801753
v 0.361925 0.675992 -0.801753
v 0.282922 0.672129 -0.800716
v 0.282922 0.672129 -0.800716
v 0.282922 0.672129 -0.800716
v 0.275004 0.664401 -0.798647
v 0.275004 0.664401 -0.798647
v 0.275004 0.679856 -0.802788
v 0.275004 0.679856 -0.802788
v 0.364813 0.694304 -0.815979
v 0.364813 0.694304 -0.815979
v 0.089594 0.736998 -0.949311
v 0.115159 0.775086 -0.978465
v 0.368998 0.769831 -0.760640
v 0.360623 0.666306 -0.778780
v 0.347077 0.672129 -0.800716
v 0.347077 0.672129 -0.800716
v 0.347077 0.672129 -0.800716
v 0.354996 0.679856 -0.802788
v 0.354996 0.679856 -0.802788
v 0.348070 0.743210 -0.829082
v 0.521641 0.673276 -0.951680
v 0.323803 0.656370 -0.849326
v 0.505738 0.778894 -0.947873
v 0.368493 0.726704 -0.793834
v 0.368493 0.726704 -0.793834
v 0.261019 0.666439 -0.808510
v 0.261019 0.666439 -0.808510
v 0.090041 0.629087 -1.112375
v 0.284988 0.640726 -0.957359
v 0.272017 0.715814 -0.899636
v 0.508896 0.788949 -0.982179
v 0.505400 0.796898 -0.955239
v 0.505400 0.796898 -0.955239
v 0.505400 0.796898 -0.955239
v 0.265147 0.702846 -0.833807
v 0.265147 0.702846 -0.833807
v 0.280498 0.646355 -0.637734
v 0.426690 -0.441346 -1.062070
v 0.372343 -0.419850 -1.056310
v 0.255895 -0.420306 -1.056433
v 0.314088 -0.412674 -1.054387
v 0.198830 -0.482264 -0.881056
v 0.150351 -0.517974 -0.890625
v 0.197626 -0.872990 -0.985749
v 0.253882 -0.895688 -0.991833
v 0.428269 -0.817710 -1.162916
v 0.474715 -0.782996 -1.153614
v 0.093422 -0.623103 -0.916537
v 0.086122 -0.680385 -0.931886
v 0.475480 -0.520886 -0.889148
v 0.427772 -0.486137 -0.879838
v 0.376097 -0.891593 -0.988479
v 0.431105 -0.869058 -0.982441
v 0.104768 -0.686517 -1.129756
v 0.127216 -0.737131 -1.143319
v 0.368969 -0.425083 -1.059706
v 0.312366 -0.418556 -1.057956
v 0.471262 -0.776810 -1.153950
v 0.505417 -0.732723 -1.142138
v 0.277214 -0.456209 -0.889650
v 0.277214 -0.456209 -0.889650
v 0.353010 -0.486005 -0.778046
v 0.353010 -0.486005 -0.778046
v 0.353010 -0.486005 -0.778046
v 0.353030 -0.472400 -0.773375
v 0.315000 -0.482673 -0.887650
v 0.315000 -0.482673 -0.887650
v 0.315000 -0.626645 -0.926011
v 0.315000 -0.626645 -0.926011
v 0.320149 -0.459003 -0.882548
v 0.322839 -0.644569 -0.857651
v 0.322839 -0.644569 -0.857651
v 0.323803 -0.656370 -0.849326
v 0.263581 -0.654879 -0.820942
v 0.263657 -0.650264 -0.838451
v 0.263657 -0.650264 -0.838451
v 0.284987 -0.640726 -0.957359
v 0.304464 -0.629814 -0.953968
v 0.304464 -0.629814 -0.953968
v 0.356432 -0.659656 -0.961954
v 0.356432 -0.659656 -0.961954
v 0.356267 -0.680113 -0.967626
v 0.356267 -0.680113 -0.967626
v 0.118809 -0.781613 -0.949104
v 0.118809 -0.781613 -0.949104
v 0.124600 -0.776574 -0.949530
v 0.124600 -0.776574 -0.949530
v 0.373935 -0.477837 -0.868047
v 0.373935 -0.477837 -0.868047
v 0.374125 -0.470238 -0.896736
v 0.366899 -0.626933 -0.648101
v 0.366899 -0.626933 -0.648101
v 0.368314 -0.710322 -0.609488
v 0.364970 -0.763452 -0.804499
v 0.359390 -0.767754 -0.803737
v 0.359390 -0.767754 -0.803737
v 0.366839 -0.662567 -0.630221
v 0.366101 -0.649834 -0.602328
v 0.366101 -0.649834 -0.602328
v 0.263160 -0.662567 -0.630221
v 0.263899 -0.649834 -0.602328
v 0.263899 -0.649834 -0.602328
v 0.090040 -0.630849 -1.112846
v 0.097942 -0.687059 -1.127909
v 0.353117 -0.456502 -0.888814
v 0.353117 -0.456502 -0.888814
v 0.366565 -0.655213 -0.821031
v 0.366189 -0.650003 -0.838067
v 0.366189 -0.650003 -0.838067
v 0.353877 -0.691525 -0.957658
v 0.353877 -0.691525 -0.957658
v 0.497906 -0.776080 -0.978589
v 0.497906 -0.776080 -0.978589
v 0.259511 -0.457520 -0.893330
v 0.256714 -0.469073 -0.865529
v 0.256714 -0.469073 -0.865529
v 0.261019 -0.666439 -0.808510
v 0.261019 -0.666439 -0.808510
v 0.265187 -0.694304 -0.815979
v 0.265187 -0.694304 -0.815979
v 0.263101 -0.626934 -0.648101
v 0.263101 -0.626934 -0.648101
v 0.270939 -0.622660 -0.650170
v 0.270939 -0.622660 -0.650170
v 0.532058 -0.572878 -1.097313
v 0.509364 -0.520558 -1.083295
v 0.089234 -0.735700 -0.948963
v 0.112397 -0.790174 -0.963559
v 0.257656 -0.840086 -1.168911
v 0.315912 -0.847262 -1.170834
v 0.479648 -0.837951 -0.976362
v 0.516906 -0.791338 -0.963872
v 0.533355 -0.626924 -1.113789
v 0.526595 -0.681600 -1.128439
v 0.211524 -0.500330 -0.905339
v 0.168755 -0.532086 -0.913849
v 0.376117 -0.460238 -0.875154
v 0.315695 -0.452377 -0.873047
v 0.198894 -0.487996 -0.880336
v 0.151798 -0.523514 -0.889853
v 0.202227 -0.870917 -0.982939
v 0.257619 -0.892555 -0.988737
v 0.317634 -0.840384 -1.170985
v 0.374059 -0.832539 -1.168883
v 0.525232 -0.572423 -1.099185
v 0.124581 -0.526216 -1.086804
v 0.103403 -0.577339 -1.100502
v 0.502783 -0.521809 -1.085623
v 0.467536 -0.478532 -1.074027
v 0.277790 -0.486758 -0.777998
v 0.277790 -0.486758 -0.777998
v 0.277790 -0.486758 -0.777998
v 0.322971 -0.481659 -0.881775
v 0.322982 -0.628124 -0.921722
v 0.322982 -0.628124 -0.921722
v 0.307028 -0.481659 -0.881775
v 0.307018 -0.628124 -0.921722
v 0.307018 -0.628124 -0.921722
v 0.329826 -0.460111 -0.878410
v 0.300173 -0.460111 -0.878410
v 0.307160 -0.644569 -0.857651
v 0.307160 -0.644569 -0.857651
v 0.311991 -0.645351 -0.854191
v 0.311991 -0.645351 -0.854191
v 0.306203 -0.633594 -0.934327
v 0.345013 -0.698708 -0.972887
v 0.325692 -0.629924 -0.954185
v 0.325692 -0.629924 -0.954185
v 0.366766 -0.704450 -0.958971
v 0.366766 -0.704450 -0.958971
v 0.351314 -0.695135 -0.959292
v 0.268971 -0.695251 -0.927636
v 0.129472 -0.774853 -0.965219
v 0.131582 -0.794241 -0.954279
v 0.131582 -0.794241 -0.954279
v 0.131582 -0.794241 -0.954279
v 0.121559 -0.795316 -0.952220
v 0.121559 -0.795316 -0.952220
v 0.124600 -0.795118 -0.952723
v 0.373285 -0.469073 -0.865529
v 0.373285 -0.469073 -0.865529
v 0.364960 -0.464526 -0.864415
v 0.267802 -0.670955 -0.754189
v 0.362252 -0.670980 -0.753660
v 0.363896 -0.717742 -0.606046
v 0.363896 -0.717742 -0.606046
v 0.288068 -0.633193 -0.608563
v 0.274812 -0.638370 -0.608402
v 0.274812 -0.638370 -0.608402
v 0.339993 -0.632610 -0.611247
v 0.275201 -0.674972 -0.589211
v 0.263814 -0.662811 -0.595576
v 0.263814 -0.662811 -0.595576
v 0.354998 -0.662071 -0.807342
v 0.354996 -0.664401 -0.798647
v 0.354996 -0.664401 -0.798647
v 0.347077 -0.749403 -0.821422
v 0.347077 -0.749403 -0.821422
v 0.347077 -0.749403 -0.821422
v 0.348070 -0.743210 -0.829082
v 0.268075 -0.753266 -0.822459
v 0.268075 -0.753266 -0.822459
v 0.275004 -0.757130 -0.823493
v 0.275004 -0.757130 -0.823493
v 0.155285 -0.476941 -1.071607
v 0.119723 -0.522084 -1.083704
v 0.261685 -0.710322 -0.609488
v 0.265029 -0.763452 -0.804499
v 0.270610 -0.767754 -0.803737
v 0.270610 -0.767754 -0.803737
v 0.361925 -0.745539 -0.820388
v 0.361925 -0.745539 -0.820388
v 0.362917 -0.747073 -0.830119
v 0.362917 -0.747073 -0.830119
v 0.517602 -0.565752 -0.903426
v 0.480632 -0.518925 -0.890878
v 0.113093 -0.564588 -0.903114
v 0.089594 -0.618928 -0.917675
v 0.120635 -0.739378 -1.141927
v 0.156574 -0.784241 -1.153949
v 0.314304 -0.903549 -0.993938
v 0.374773 -0.896036 -0.991926
v 0.510276 -0.737853 -1.141519
v 0.532530 -0.685357 -1.127453
v 0.521641 -0.672928 -0.951587
v 0.514553 -0.621274 -0.937747
v 0.514646 -0.724595 -0.965431
v 0.478202 -0.833539 -0.972924
v 0.514176 -0.787457 -0.960576
v 0.094419 -0.737542 -0.947201
v 0.117748 -0.790676 -0.961439
v 0.162463 -0.780408 -1.154914
v 0.208105 -0.813400 -1.163754
v 0.255941 -0.426401 -1.060058
v 0.203540 -0.448085 -1.065869
v 0.347929 -0.487697 -0.783463
v 0.298169 -0.495578 -0.831276
v 0.331830 -0.495578 -0.831275
v 0.317373 -0.645313 -0.853974
v 0.317373 -0.645313 -0.853974
v 0.325558 -0.709795 -0.975506
v 0.325558 -0.709795 -0.975506
v 0.266447 -0.718109 -0.605917
v 0.266447 -0.718109 -0.605917
v 0.368180 -0.758870 -0.801734
v 0.368180 -0.758870 -0.801734
v 0.262607 -0.676306 -0.623698
v 0.353778 -0.637784 -0.606492
v 0.350170 -0.456848 -0.890515
v 0.279055 -0.712224 -0.929527
v 0.134189 -0.783074 -0.966361
v 0.367393 -0.676306 -0.623698
v 0.366186 -0.662811 -0.595576
v 0.366186 -0.662811 -0.595576
v 0.354998 -0.677526 -0.811483
v 0.354996 -0.679856 -0.802788
v 0.354996 -0.679856 -0.802788
v 0.473425 -0.475696 -1.071274
v 0.255226 -0.459889 -0.875061
v 0.097470 -0.574579 -1.097769
v 0.149367 -0.837001 -0.976107
v 0.374104 -0.839630 -1.168790
v 0.460990 -0.531841 -0.913782
v 0.418165 -0.500157 -0.905293
v 0.115824 -0.569597 -0.902201
v 0.512251 -0.566378 -0.901338
v 0.543878 -0.676668 -0.930890
v 0.536577 -0.733950 -0.946239
v 0.316923 -0.899606 -0.990626
v 0.096645 -0.632015 -1.115153
v 0.421895 -0.445540 -1.065187
v 0.426459 -0.810855 -1.163073
v 0.304274 -0.709611 -0.975587
v 0.304274 -0.709611 -0.975587
v 0.361028 -0.695251 -0.927636
v 0.500528 -0.774853 -0.965219
v 0.269308 -0.711749 -0.898369
v 0.132060 -0.782683 -0.953471
v 0.132060 -0.782683 -0.953471
v 0.134428 -0.783391 -0.951372
v 0.132576 -0.788677 -0.951205
v 0.132576 -0.788677 -0.951205
v 0.115159 -0.775086 -0.978465
v 0.114771 -0.783391 -0.951371
v 0.114771 -0.783391 -0.951371
v 0.114771 -0.783391 -0.951371
v 0.360271 -0.778920 -0.763943
v 0.358995 -0.776275 -0.726428
v 0.360623 -0.666306 -0.778780
v 0.326131 -0.664675 -0.777075
v 0.326131 -0.664675 -0.777075
v 0.261819 -0.758870 -0.801734
v 0.261819 -0.758870 -0.801734
v 0.355613 -0.676325 -0.590701
v 0.268075 -0.745539 -0.820388
v 0.268075 -0.745539 -0.820388
v 0.275004 -0.741675 -0.819352
v 0.275004 -0.741675 -0.819352
v 0.353715 -0.442183 -0.886144
v 0.276732 -0.472284 -0.773807
v 0.548543 -0.678635 -0.933673
v 0.540766 -0.620226 -0.918023
v 0.432374 -0.482936 -0.881235
v 0.201730 -0.442227 -1.062306
v 0.081456 -0.677291 -0.933313
v 0.431169 -0.873662 -0.985931
v 0.154519 -0.836168 -0.973628
v 0.253903 -0.465461 -0.874297
v 0.535581 -0.619512 -0.915575
v 0.158736 -0.482130 -1.074992
v 0.261030 -0.833856 -1.169236
v 0.309324 -0.504129 -0.799507
v 0.309324 -0.504129 -0.799507
v 0.319305 -0.505047 -0.798627
v 0.319305 -0.505047 -0.798627
v 0.366654 -0.749761 -0.864227
v 0.366654 -0.749761 -0.864227
v 0.366243 -0.754060 -0.847517
v 0.350944 -0.712224 -0.929527
v 0.495810 -0.783074 -0.966361
v 0.260772 -0.745202 -0.845139
v 0.260772 -0.745202 -0.845139
v 0.265147 -0.702846 -0.833807
v 0.265147 -0.702846 -0.833807
v 0.342641 -0.680200 -0.586825
v 0.289696 -0.682573 -0.588058
v 0.354996 -0.741675 -0.819352
v 0.354996 -0.741675 -0.819352
v 0.354996 -0.757130 -0.823493
v 0.354996 -0.757130 -0.823493
v 0.361925 -0.753266 -0.822459
v 0.361925 -0.753266 -0.822459
v 0.203309 -0.818591 -1.163152
v 0.323797 -0.633594 -0.934327
v 0.263398 -0.749611 -0.864739
v 0.263398 -0.749611 -0.864739
v 0.284986 -0.698708 -0.972887
v 0.132367 -0.786192 -0.981441
v 0.268075 -0.675992 -0.801753
v 0.268075 -0.675992 -0.801753
v 0.267083 -0.669799 -0.809414
v 0.267083 -0.669799 -0.809414
v 0.372380 -0.464499 -0.874039
v 0.273732 -0.680113 -0.967626
v 0.273732 -0.680113 -0.967626
v 0.360691 -0.711749 -0.898369
v 0.497940 -0.782683 -0.953471
v 0.497940 -0.782683 -0.953471
v 0.263233 -0.704450 -0.958971
v 0.263233 -0.704450 -0.958971
v 0.276123 -0.691525 -0.957658
v 0.276123 -0.691525 -0.957658
v 0.132093 -0.776080 -0.978589
v 0.132093 -0.776080 -0.978589
v 0.272017 -0.715814 -0.899636
v 0.265332 -0.475007 -0.898019
v 0.263383 -0.483361 -0.869454
v 0.263383 -0.483361 -0.869454
v 0.368998 -0.769831 -0.760640
v 0.358496 -0.622393 -0.650292
v 0.358496 -0.622393 -0.650292
v 0.304023 -0.664546 -0.776959
v 0.304023 -0.664546 -0.776959
v 0.303058 -0.657725 -0.806176
v 0.303058 -0.657725 -0.806176
v 0.366973 -0.669721 -0.778202
v 0.366973 -0.669721 -0.778202
v 0.282922 -0.749403 -0.821422
v 0.282922 -0.749403 -0.821422
v 0.282922 -0.749403 -0.821422
v 0.540405 -0.736998 -0.949311
v 0.273568 -0.659656 -0.961954
v 0.273568 -0.659656 -0.961954
v 0.497494 -0.788656 -0.951268
v 0.497494 -0.788656 -0.951268
v 0.498269 -0.794139 -0.954111
v 0.498269 -0.794139 -0.954111
v 0.498269 -0.794139 -0.954111
v 0.498269 -0.794139 -0.954111
v 0.261001 -0.769831 -0.760640
v 0.267528 -0.653843 -0.820665
v 0.267528 -0.653843 -0.820665
v 0.267531 -0.657726 -0.806174
v 0.267531 -0.657726 -0.806174
v 0.362469 -0.657726 -0.806174
v 0.362469 -0.657726 -0.806174
v 0.326941 -0.657725 -0.806176
v 0.326941 -0.657725 -0.806176
v 0.269376 -0.666306 -0.778780
v 0.263026 -0.669721 -0.778202
v 0.263026 -0.669721 -0.778202
v 0.282922 -0.672129 -0.800716
v 0.282922 -0.672129 -0.800716
v 0.282922 -0.672129 -0.800716
v 0.275004 -0.664401 -0.798647
v 0.275004 -0.664401 -0.798647
v 0.275004 -0.679856 -0.802788
v 0.275004 -0.679856 -0.802788
v 0.276489 -0.442059 -0.886608
v 0.306197 -0.656370 -0.849326
v 0.261588 -0.726776 -0.793876
v 0.261588 -0.726776 -0.793876
v 0.539959 -0.629087 -1.112375
v 0.115353 -0.621609 -0.937837
v 0.108359 -0.673276 -0.951681
v 0.493866 -0.573152 -0.924852
v 0.368309 -0.480258 -0.899960
v 0.314820 -0.473502 -0.898151
v 0.345012 -0.640726 -0.957359
v 0.357982 -0.715814 -0.899636
v 0.500874 -0.793678 -0.952546
v 0.507549 -0.768990 -0.976832
v 0.507549 -0.768990 -0.976832
v 0.513722 -0.781135 -0.950752
v 0.271005 -0.776275 -0.726428
v 0.369225 -0.663989 -0.823377
v 0.369225 -0.663989 -0.823377
v 0.368980 -0.666439 -0.808510
v 0.368980 -0.666439 -0.808510
v 0.280498 -0.646355 -0.637734
v 0.281930 -0.673663 -0.810447
v 0.281930 -0.665936 -0.808376
v -1.359723 -0.111690 -1.088183
v -1.337470 -0.057343 -1.088184
v -1.352397 0.116169 -0.902748
v -1.389368 0.164649 -0.902748
v -1.756907 0.117374 -0.902748
v -1.780406 0.061118 -0.902749
v -1.749364 -0.113270 -1.088183
v -1.713425 -0.159715 -1.088183
v -1.497620 0.221578 -0.900568
v -1.556923 0.228879 -0.900568
v -1.391798 -0.160482 -0.900568
v -1.355823 -0.112774 -0.900568
v -1.775582 -0.061097 -0.900568
v -1.752254 -0.116105 -0.900568
v -1.614059 0.210233 -1.090110
v -1.666459 0.187784 -1.090110
v -1.707538 -0.156263 -1.090110
v -1.661896 -0.190418 -1.090110
v -1.354500 0.000000 -0.909011
v -1.354500 0.000000 -0.909011
v -1.503495 0.000000 -0.908802
v -1.503495 0.000000 -0.908802
v -1.330315 -0.005149 -0.910209
v -1.503115 -0.007840 -0.838133
v -1.503115 -0.007840 -0.838133
v -1.512359 -0.008803 -0.827038
v -1.525209 0.030012 -0.935438
v -1.513790 0.010536 -0.934986
v -1.513790 0.010536 -0.934986
v -1.544696 -0.041429 -0.935002
v -1.544696 -0.041429 -0.935002
v -1.565940 -0.041244 -0.935224
v -1.565940 -0.041244 -0.935224
v -1.501824 -0.047198 -0.731367
v -1.428177 -0.043914 -0.643243
v -1.428177 -0.043914 -0.643243
v -1.431845 -0.051899 -0.640287
v -1.431845 -0.051899 -0.640287
v -1.502398 -0.053315 -0.581408
v -1.604190 -0.049971 -0.756023
v -1.608149 -0.044390 -0.754173
v -1.608149 -0.044390 -0.754173
v -1.553234 -0.049853 -0.800019
v -1.553234 -0.049853 -0.800019
v -1.513002 -0.054226 -0.800000
v -1.513002 -0.054226 -0.800000
v -1.461636 -0.051839 -0.613794
v -1.442118 -0.051101 -0.590147
v -1.442118 -0.051101 -0.590147
v -1.461636 0.051840 -0.613794
v -1.442118 0.051101 -0.590147
v -1.442118 0.051101 -0.590147
v -1.555912 0.224959 -1.088184
v -1.614105 0.217058 -1.088183
v -1.658476 0.178867 -0.921528
v -1.701244 0.145990 -0.921528
v -1.330351 0.037108 -0.917725
v -1.330351 0.037108 -0.917725
v -1.330351 0.037108 -0.917725
v -1.330128 -0.037783 -0.917203
v -1.330128 -0.037783 -0.917203
v -1.330128 -0.037783 -0.917203
v -1.330128 -0.037783 -0.917203
v -1.329350 -0.038010 -0.802280
v -1.329350 -0.038010 -0.802280
v -1.503426 -0.051072 -0.800006
v -1.503498 -0.051446 -0.817713
v -1.503498 -0.051446 -0.817713
v -1.574354 -0.038878 -0.922577
v -1.574354 -0.038878 -0.922577
v -1.661446 -0.182907 -0.920913
v -1.661446 -0.182907 -0.920913
v -1.331674 0.055489 -0.921008
v -1.335637 0.058285 -0.891165
v -1.335637 0.058285 -0.891165
v -1.431845 0.051899 -0.640287
v -1.431845 0.051899 -0.640287
v -1.428114 0.043671 -0.643730
v -1.428114 0.043671 -0.643730
v -1.591000 -0.046925 -0.776007
v -1.591000 -0.046925 -0.776007
v -1.599000 -0.046925 -0.776007
v -1.599000 -0.046925 -0.776007
v -1.603000 -0.039998 -0.785008
v -1.603000 -0.039996 -0.776006
v -1.603000 -0.039996 -0.776006
v -1.587000 0.039998 -0.785008
v -1.587000 0.039996 -0.776006
v -1.587000 0.039996 -0.776006
v -1.495896 -0.217058 -1.088183
v -1.441731 -0.194365 -1.088183
v -1.614774 0.225766 -0.902748
v -1.671170 0.202602 -0.902748
v -1.772530 0.057343 -1.088183
v -1.779960 -0.000912 -1.088184
v -1.720633 -0.164648 -0.902749
v -1.672375 -0.201907 -0.902749
v -1.376133 0.103476 -0.921528
v -1.409010 0.146244 -0.921528
v -1.608656 0.199554 -0.921528
v -1.555179 0.206641 -0.921528
v -1.357747 0.116105 -0.900568
v -1.394518 0.163203 -0.900568
v -1.754177 0.112774 -0.900568
v -1.776578 0.057381 -0.900568
v -1.773355 -0.002635 -1.090110
v -1.765233 -0.059059 -1.090110
v -1.552365 -0.218355 -1.090110
v -1.495941 -0.210233 -1.090110
v -1.448104 0.190418 -1.090110
v -1.501030 0.211597 -1.090110
v -1.443541 -0.187783 -1.090110
v -1.398737 -0.152537 -1.090110
v -1.352000 -0.007971 -0.903599
v -1.503813 -0.007982 -0.904276
v -1.503813 -0.007982 -0.904276
v -1.352000 0.007971 -0.903599
v -1.503813 0.007982 -0.904276
v -1.503813 0.007982 -0.904276
v -1.330315 -0.014827 -0.905926
v -1.330315 0.014827 -0.905926
v -1.512359 0.008797 -0.915037
v -1.503490 0.051499 -0.817210
v -1.503490 0.051499 -0.817210
v -1.544696 0.041429 -0.935002
v -1.544696 0.041429 -0.935002
v -1.513954 -0.010693 -0.935167
v -1.513954 -0.010693 -0.935167
v -1.674366 -0.194884 -0.892730
v -1.674366 -0.194884 -0.892730
v -1.668084 -0.197966 -0.891000
v -1.668084 -0.197966 -0.891000
v -1.570183 0.046028 -0.892616
v -1.656800 0.185528 -0.908316
v -1.673518 0.184940 -0.892715
v -1.673518 0.184940 -0.892715
v -1.673140 0.190400 -0.891000
v -1.673140 0.190400 -0.891000
v -1.664410 0.200815 -0.892730
v -1.664410 0.200815 -0.892730
v -1.668084 0.197966 -0.891000
v -1.668084 0.197966 -0.891000
v -1.501711 0.047253 -0.730849
v -1.509112 -0.048639 -0.576052
v -1.509112 -0.048639 -0.576052
v -1.502500 -0.047472 -0.800007
v -1.502500 -0.047472 -0.800007
v -1.427642 0.026892 -0.600400
v -1.432617 0.040188 -0.598981
v -1.432617 0.040188 -0.598981
v -1.427887 -0.025123 -0.603376
v -1.463005 -0.039799 -0.570971
v -1.452905 -0.051186 -0.580266
v -1.452905 -0.051186 -0.580266
v -1.595000 -0.047917 -0.785009
v -1.595000 -0.047917 -0.785009
v -1.591000 0.046925 -0.776007
v -1.591000 0.046925 -0.776007
v -1.599000 0.046925 -0.776007
v -1.599000 0.046925 -0.776007
v -1.329234 0.059774 -0.902748
v -1.321456 -0.000696 -0.902749
v -1.396574 0.159714 -1.088183
v -1.443311 0.195277 -1.088184
v -1.585235 -0.030014 -0.935427
v -1.675393 -0.189858 -0.921050
v -1.502398 0.053315 -0.581408
v -1.604190 0.049971 -0.756023
v -1.608149 0.044390 -0.754173
v -1.608149 0.044390 -0.754173
v -1.438831 -0.202602 -0.902748
v -1.390351 -0.165632 -0.902748
v -1.437625 0.201907 -0.902749
v -1.493882 0.225406 -0.902749
v -1.668269 0.194365 -1.088183
v -1.714715 0.158425 -1.088183
v -1.788544 0.000696 -0.902749
v -1.780766 -0.059774 -0.902748
v -1.666690 -0.195276 -1.088183
v -1.612343 -0.217530 -1.088183
v -1.715482 -0.163202 -0.900568
v -1.667774 -0.199177 -0.900568
v -1.616096 0.220583 -0.900568
v -1.671106 0.197254 -0.900568
v -1.333422 -0.057380 -0.900568
v -1.326120 0.001923 -0.900568
v -1.711264 0.152537 -1.090110
v -1.745419 0.106896 -1.090110
v -1.344768 0.059060 -1.090110
v -1.367216 0.111460 -1.090110
v -1.332386 -0.032929 -0.807075
v -1.332386 -0.032929 -0.807075
v -1.330128 0.037782 -0.802806
v -1.330128 0.037782 -0.802806
v -1.330128 0.037782 -0.802806
v -1.352374 0.016830 -0.851218
v -1.352374 -0.016830 -0.851218
v -1.596622 -0.010558 -0.935089
v -1.596622 -0.010558 -0.935089
v -1.508557 0.048817 -0.576059
v -1.508557 0.048817 -0.576059
v -1.599049 -0.053181 -0.754537
v -1.599049 -0.053181 -0.754537
v -1.473219 0.052393 -0.603937
v -1.452905 0.051186 -0.580266
v -1.452905 0.051186 -0.580266
v -1.431221 -0.038231 -0.597560
v -1.315000 0.071248 -0.924751
v -1.315000 0.071248 -0.924751
v -1.230912 0.071248 -0.924751
v -1.315000 -0.070912 -0.924750
v -1.315000 -0.070912 -0.924750
v -1.336645 0.002635 -1.090110
v -1.503236 -0.002263 -0.834069
v -1.503236 -0.002263 -0.834069
v -1.503592 0.006536 -0.835926
v -1.656965 -0.194083 -0.890464
v -1.656965 -0.194083 -0.890464
v -1.664410 -0.200815 -0.892730
v -1.664410 -0.200815 -0.892730
v -1.664410 -0.200815 -0.892730
v -1.664410 -0.200815 -0.892730
v -1.587067 0.035945 -0.890049
v -1.665037 0.180811 -0.907291
v -1.473219 -0.052393 -0.603937
v -1.523000 -0.039998 -0.785008
v -1.523000 -0.039996 -0.776006
v -1.523000 -0.039996 -0.776006
v -1.395285 -0.158425 -1.088183
v -1.497657 0.217530 -1.088184
v -1.719648 0.165633 -0.902749
v -1.772059 -0.059103 -1.088183
v -1.408756 -0.145990 -0.921529
v -1.375954 -0.103165 -0.921528
v -1.442227 0.199177 -0.900568
v -1.438895 -0.197253 -0.900568
v -1.553077 -0.228879 -0.900568
v -1.612380 -0.221578 -0.900568
v -1.783879 -0.001923 -0.900568
v -1.557635 0.218355 -1.090110
v -1.364581 -0.106895 -1.090110
v -1.343403 -0.053970 -1.090110
v -1.742783 -0.111460 -1.090110
v -1.596465 0.010726 -0.935215
v -1.596465 0.010726 -0.935215
v -1.570183 -0.046028 -0.892616
v -1.656800 -0.185528 -0.908316
v -1.578544 0.045692 -0.860076
v -1.661322 0.182940 -0.894941
v -1.661322 0.182940 -0.894941
v -1.660454 0.180959 -0.921050
v -1.659619 0.181756 -0.892788
v -1.659619 0.181756 -0.892788
v -1.344755 -0.058936 -0.891328
v -1.344755 -0.058936 -0.891328
v -1.350455 -0.051616 -0.891257
v -1.350455 -0.051616 -0.891257
v -1.543853 0.053307 -0.755244
v -1.543853 0.053307 -0.755244
v -1.501590 0.011040 -0.755055
v -1.501590 0.011040 -0.755055
v -1.540370 -0.049813 -0.785008
v -1.540370 -0.049813 -0.785008
v -1.543853 -0.053306 -0.755244
v -1.543853 -0.053306 -0.755244
v -1.608635 -0.045270 -0.712844
v -1.597081 -0.054228 -0.800001
v -1.597081 -0.054228 -0.800001
v -1.598493 -0.053979 -0.785005
v -1.598493 -0.053979 -0.785005
v -1.596370 -0.043995 -0.677293
v -1.599049 0.053181 -0.754537
v -1.599049 0.053181 -0.754537
v -1.470194 0.025409 -0.568026
v -1.464698 0.040613 -0.572060
v -1.469830 -0.025613 -0.567906
v -1.523000 0.039998 -0.785008
v -1.523000 0.039996 -0.776006
v -1.523000 0.039996 -0.776006
v -1.515000 -0.032077 -0.776005
v -1.515000 -0.032077 -0.776005
v -1.515000 -0.032077 -0.776005
v -1.511000 -0.033070 -0.785007
v -1.603000 0.039996 -0.776006
v -1.603000 0.039996 -0.776006
v -1.700990 -0.146244 -0.921528
v -1.658165 -0.179046 -0.921529
v -1.315000 -0.038716 -0.918036
v -1.607500 0.047472 -0.800007
v -1.607500 0.047472 -0.800007
v -1.607500 0.047469 -0.785005
v -1.607500 0.047469 -0.785005
v -1.353093 -0.117374 -0.902748
v -1.329594 -0.061118 -0.902749
v -1.360636 0.113270 -1.088184
v -1.554304 0.233544 -0.902748
v -1.757603 -0.116169 -0.902748
v -1.718202 0.160482 -0.900568
v -1.334417 0.061096 -0.900568
v -1.493904 -0.220582 -0.900568
v -1.402462 0.156263 -1.090110
v -1.766597 0.053969 -1.090110
v -1.315000 0.038715 -0.801974
v -1.352411 0.005676 -0.818318
v -1.353070 -0.004306 -0.817231
v -1.353070 -0.004306 -0.817231
v -1.587067 -0.035944 -0.890049
v -1.665037 -0.180811 -0.907291
v -1.501600 -0.011050 -0.755053
v -1.501600 -0.011050 -0.755053
v -1.502500 -0.011942 -0.785007
v -1.502500 -0.011942 -0.785007
v -1.503699 0.045626 -0.756323
v -1.553234 0.049853 -0.800019
v -1.553234 0.049853 -0.800019
v -1.513002 0.054226 -0.800000
v -1.513002 0.054226 -0.800000
v -1.515000 -0.047917 -0.785009
v -1.515000 -0.047917 -0.785009
v -1.519000 -0.046925 -0.776007
v -1.519000 -0.046925 -0.776007
v -1.750276 0.111691 -1.088183
v -1.512359 -0.008797 -0.915037
v -1.585235 0.030014 -0.935427
v -1.495226 -0.225766 -0.902748
v -1.608970 -0.211597 -1.090110
v -1.565940 0.041244 -0.935224
v -1.565940 0.041244 -0.935224
v -1.578544 -0.045691 -0.860076
v -1.661322 -0.182940 -0.894941
v -1.661322 -0.182940 -0.894941
v -1.587180 0.051767 -0.920502
v -1.587180 0.051767 -0.920502
v -1.574354 0.038878 -0.922577
v -1.574354 0.038878 -0.922577
v -1.661446 0.182907 -0.920913
v -1.661446 0.182907 -0.920913
v -1.582798 0.042983 -0.860247
v -1.670285 0.181750 -0.921050
v -1.344755 0.058936 -0.891328
v -1.344755 0.058936 -0.891328
v -1.344840 0.059126 -0.921006
v -1.599000 -0.053998 -0.712007
v -1.503699 -0.045626 -0.756323
v -1.506847 -0.051973 -0.754882
v -1.506847 -0.051973 -0.754882
v -1.565934 -0.053493 -0.755233
v -1.565934 -0.053493 -0.755233
v -1.502500 0.047472 -0.800007
v -1.502500 0.047472 -0.800007
v -1.507000 -0.039996 -0.776006
v -1.507000 -0.039996 -0.776006
v -1.734046 0.103165 -0.921528
v -1.591000 -0.033070 -0.785007
v -1.595000 -0.032077 -0.776006
v -1.595000 -0.032077 -0.776006
v -1.595000 -0.032077 -0.776006
v -1.603000 0.039998 -0.785008
v -1.616117 -0.225406 -0.902748
v -1.555696 -0.233544 -0.902748
v -1.325315 0.040000 -0.912936
v -1.315000 0.038030 -0.918721
v -1.315000 0.038030 -0.918721
v -1.673140 -0.190400 -0.891000
v -1.673140 -0.190400 -0.891000
v -1.659615 -0.199050 -0.921050
v -1.654507 0.190942 -0.921050
v -1.656306 0.195731 -0.892788
v -1.656306 0.195731 -0.892788
v -1.599000 0.053998 -0.712007
v -1.506847 0.051973 -0.754882
v -1.506847 0.051973 -0.754882
v -1.515000 0.032078 -0.776005
v -1.515000 0.032078 -0.776005
v -1.515000 0.032078 -0.776005
v -1.507000 0.039996 -0.776006
v -1.507000 0.039996 -0.776006
v -1.599000 -0.033070 -0.785007
v -1.670285 -0.181750 -0.921050
v -1.667203 -0.180493 -0.892850
v -1.667203 -0.180493 -0.892850
v -1.554089 -0.224959 -1.088183
v -1.337942 0.059104 -1.088184
v -1.525209 -0.030012 -0.935438
v -1.587180 -0.051767 -0.920502
v -1.587180 -0.051767 -0.920502
v -1.582798 -0.042983 -0.860247
v -1.578264 0.036314 -0.923223
v -1.331848 -0.055627 -0.921008
v -1.335637 -0.058285 -0.891165
v -1.335637 -0.058285 -0.891165
v -1.447921 0.034501 -0.625247
v -1.661268 -0.182414 -0.890464
v -1.661268 -0.182414 -0.890464
v -1.675393 0.189859 -0.921050
v -1.674366 0.194884 -0.892730
v -1.674366 0.194884 -0.892730
v -1.656700 0.187358 -0.890464
v -1.656700 0.187358 -0.890464
v -1.595000 0.032078 -0.776006
v -1.595000 0.032078 -0.776006
v -1.595000 0.032078 -0.776006
v -1.591000 0.033070 -0.785007
v -1.625167 0.767044 -0.437004
v -1.601973 0.743850 -0.479830
v -1.639668 0.781544 -0.280183
v -1.625041 0.766916 -0.230363
v -1.536259 0.678133 -0.134193
v -1.498435 0.640311 -0.127198
v -1.371958 0.513833 -0.230674
v -1.425614 0.567489 -0.512886
v -1.498690 0.640565 -0.540481
v -1.386649 0.698568 -0.573840
v -1.386649 0.698568 -0.573840
v -1.494199 0.652082 -0.558524
v -1.456385 0.598999 -0.544000
v -1.435534 0.620118 -0.544085
v -1.435534 0.620118 -0.544085
v -1.450973 0.764714 -0.375837
v -1.450973 0.764714 -0.375837
v -1.393730 0.728679 -0.281339
v -1.393730 0.728679 -0.281339
v -1.368147 0.703089 -0.373839
v -1.368147 0.703089 -0.373839
v -1.425411 0.760357 -0.377839
v -1.428844 0.776518 -0.377839
v -1.428844 0.776518 -0.377839
v -1.428844 0.776518 -0.369840
v -1.428844 0.776518 -0.369840
v -1.423944 0.771619 -0.285839
v -1.423944 0.771619 -0.285839
v -1.260800 0.897525 -0.444005
v -1.613912 0.799628 -0.231778
v -1.611461 0.793983 -0.233923
v -1.611461 0.793983 -0.233923
v -1.437251 0.772195 -0.319209
v -1.437251 0.772195 -0.319209
v -1.440195 0.775143 -0.290347
v -1.440195 0.775143 -0.290347
v -1.373745 0.708689 -0.285839
v -1.130246 0.934989 -0.472558
v -1.256590 0.891176 -0.448605
v -1.240685 0.912758 -0.466802
v -1.336940 0.519383 -0.228247
v -1.336940 0.519383 -0.228247
v -1.364736 0.507287 -0.213856
v -1.341744 0.527393 -0.215222
v -1.441816 0.626532 -0.557870
v -1.440659 0.625344 -0.538385
v -1.440659 0.625344 -0.538385
v -1.540001 0.682615 -0.544000
v -1.446201 0.759934 -0.386339
v -1.446201 0.759934 -0.386339
v -1.373745 0.708689 -0.381839
v -1.430311 0.765255 -0.381839
v -1.362482 0.710156 -0.289840
v -1.362482 0.710156 -0.289840
v -1.428844 0.776518 -0.297839
v -1.428844 0.776518 -0.297839
v -1.430311 0.765255 -0.285839
v -1.212998 0.927764 -0.472289
v -1.008028 0.579904 -0.481301
v -1.038580 0.677088 -0.509673
v -1.460622 0.602497 -0.134286
v -1.373313 0.750149 -0.280384
v -1.373313 0.750149 -0.280384
v -1.255412 0.900217 -0.437474
v -1.460867 0.602742 -0.533486
v -1.357296 0.499848 -0.217941
v -1.449712 0.634473 -0.543280
v -1.504377 0.689185 -0.543369
v -1.410321 0.745270 -0.281339
v -1.410321 0.745270 -0.281339
v -1.435591 0.770540 -0.281339
v -1.435591 0.770540 -0.281339
v -1.233521 0.909934 -0.461727
v -1.248601 0.889961 -0.444893
v -1.430311 0.765255 -0.365839
v -1.378643 0.713589 -0.289840
v -1.388865 0.677439 -0.282231
v -1.388865 0.677439 -0.282231
v -1.376171 0.689905 -0.282758
v -1.461902 0.749990 -0.282602
v -1.461902 0.749990 -0.282602
v -1.448991 0.762725 -0.282412
v -1.351105 0.533554 -0.223743
v -1.351105 0.533554 -0.223743
v -1.347262 0.532028 -0.228413
v -1.336551 0.521600 -0.223889
v -1.336551 0.521600 -0.223889
v -1.613825 0.798874 -0.216323
v -1.613825 0.798874 -0.216323
v -1.388660 0.765966 -0.387240
v -1.388660 0.765966 -0.387240
v -1.410471 0.745417 -0.386339
v -1.410471 0.745417 -0.386339
v -1.437251 0.772195 -0.348469
v -1.437251 0.772195 -0.348469
v -1.446201 0.759934 -0.281339
v -1.446201 0.759934 -0.281339
v -1.378643 0.713589 -0.369840
v -1.378643 0.713589 -0.377839
v -0.992919 0.464821 -0.437228
v -1.247888 0.895540 -0.438026
v -1.435911 0.770854 -0.373839
v -1.435911 0.770854 -0.373839
v -1.628224 0.770776 -0.215232
v -1.463076 0.605683 -0.539061
v -1.366805 0.701749 -0.319209
v -1.366805 0.701749 -0.319209
v -1.356971 0.844247 -0.292469
v -1.086434 0.752914 -0.504887
v -1.605761 0.791409 -0.227595
v -1.512510 0.697203 -0.557854
v -1.371020 0.513571 -0.221150
v -1.379066 0.692799 -0.386339
v -1.379066 0.692799 -0.386339
v -1.382566 0.820242 -0.280160
v -1.425411 0.760357 -0.289840
v -1.441400 0.752351 -0.573840
v -1.358099 0.500651 -0.230891
v -1.525440 0.664917 -0.310576
v -1.630057 0.772609 -0.233449
v -1.425411 0.760357 -0.369840
v -1.347272 0.531942 -0.219414
v -1.534641 0.677249 -0.538202
v 1.071666 -0.639544 -0.436665
v 1.048472 -0.616349 -0.479491
v 0.982758 -0.550633 -0.133853
v 0.841652 -0.409527 -0.187510
v 0.818457 -0.386333 -0.230335
v 0.945189 -0.513065 -0.540141
v 0.983002 -0.550878 -0.533054
v 0.940699 -0.524582 -0.558185
v 0.808434 -0.376986 -0.233439
v 0.788254 -0.399995 -0.232289
v 0.788254 -0.399995 -0.232289
v 0.902885 -0.471499 -0.543660
v 0.882034 -0.492619 -0.543745
v 0.882034 -0.492619 -0.543745
v 0.983931 -0.552541 -0.556826
v 0.964806 -0.575622 -0.552863
v 0.964806 -0.575622 -0.552863
v 0.810356 -0.571304 -0.376979
v 0.810356 -0.571304 -0.376979
v 0.814960 -0.575909 -0.386000
v 0.814960 -0.575909 -0.386000
v 0.840230 -0.601179 -0.281000
v 0.840230 -0.601179 -0.281000
v 0.814646 -0.575589 -0.373500
v 0.814646 -0.575589 -0.373500
v 0.875344 -0.649018 -0.377500
v 0.875344 -0.649018 -0.377500
v 0.870444 -0.644119 -0.381500
v 0.870444 -0.644119 -0.381500
v 0.554095 -0.758674 -0.453983
v 0.587011 -0.375553 -0.452107
v 0.592689 -0.420140 -0.451796
v 0.572847 -0.346773 -0.452887
v 0.803891 -0.371766 -0.280191
v 0.823019 -0.562753 -0.385075
v 0.835276 -0.549968 -0.385002
v 0.835276 -0.549968 -0.385002
v 0.883751 -0.644695 -0.318870
v 0.883751 -0.644695 -0.318870
v 0.886695 -0.647643 -0.290008
v 0.886695 -0.647643 -0.290008
v 0.825143 -0.586089 -0.369500
v 0.819480 -0.593156 -0.373500
v 0.819480 -0.593156 -0.373500
v 0.819480 -0.593156 -0.373500
v 0.820245 -0.581189 -0.285500
v 0.813881 -0.587556 -0.285500
v 0.813881 -0.587556 -0.285500
v 0.876811 -0.637755 -0.301500
v 0.870444 -0.644119 -0.301500
v 0.870444 -0.644119 -0.301500
v 0.920583 -0.486061 -0.310236
v 0.794625 -0.405460 -0.225147
v 0.785865 -0.396535 -0.230252
v 1.059365 -0.670131 -0.231527
v 0.888335 -0.499010 -0.557543
v 0.789788 -0.592825 -0.344647
v 0.789788 -0.592825 -0.344647
v 0.876811 -0.637755 -0.381500
v 0.814646 -0.575589 -0.293500
v 0.814646 -0.575589 -0.293500
v 0.808982 -0.582656 -0.289500
v 0.808982 -0.582656 -0.289500
v 0.876811 -0.637755 -0.285500
v 0.864844 -0.638520 -0.293500
v 0.864844 -0.638520 -0.293500
v 0.864844 -0.638520 -0.293500
v 0.711425 -0.749902 -0.444968
v 0.695662 -0.773061 -0.463464
v 1.086233 -0.654110 -0.386809
v 0.871894 -0.439769 -0.154633
v 0.833148 -0.571068 -0.573500
v 0.819840 -0.622714 -0.279979
v 0.819840 -0.622714 -0.279979
v 0.789648 -0.592701 -0.322566
v 0.789648 -0.592701 -0.322566
v 0.820245 -0.581189 -0.301500
v 0.672928 -0.793267 -0.475138
v 0.639210 -0.815820 -0.480626
v 1.018230 -0.586107 -0.512367
v 0.907367 -0.475242 -0.533146
v 0.805458 -0.374010 -0.214892
v 0.865299 -0.668352 -0.322566
v 0.865299 -0.668352 -0.322566
v 0.865175 -0.668212 -0.344647
v 0.865175 -0.668212 -0.344647
v 0.840083 -0.601029 -0.386000
v 0.840083 -0.601029 -0.386000
v 0.813305 -0.574249 -0.348130
v 0.813305 -0.574249 -0.348130
v 0.882091 -0.643040 -0.281000
v 0.882091 -0.643040 -0.281000
v 0.875344 -0.649018 -0.297500
v 0.875344 -0.649018 -0.297500
v 0.546332 -0.723197 -0.452778
v 0.546526 -0.667910 -0.454513
v 1.018010 -0.585887 -0.154453
v 0.896315 -0.507124 -0.543030
v 0.951027 -0.561787 -0.542940
v 0.820245 -0.581189 -0.365500
v 0.876811 -0.637755 -0.365500
v 0.712163 -0.756191 -0.438149
v 0.835510 -0.549598 -0.282262
v 0.835510 -0.549598 -0.282262
v 0.788260 -0.399995 -0.214814
v 0.958989 -0.569723 -0.557500
v 0.960156 -0.570840 -0.538045
v 0.960156 -0.570840 -0.538045
v 0.846411 -0.687950 -0.377500
v 0.856971 -0.617917 -0.386000
v 0.856971 -0.617917 -0.386000
v 0.882091 -0.643040 -0.386000
v 0.882091 -0.643040 -0.386000
v 0.883751 -0.644695 -0.348130
v 0.883751 -0.644695 -0.348130
v 0.810357 -0.571305 -0.290008
v 0.810357 -0.571305 -0.290008
v 0.825143 -0.586089 -0.377500
v 0.886696 -0.647644 -0.376979
v 0.886696 -0.647644 -0.376979
v 0.882411 -0.643354 -0.373500
v 0.882411 -0.643354 -0.373500
v 0.871911 -0.632857 -0.297500
v 0.818584 -0.386460 -0.436976
v 0.822775 -0.562509 -0.282072
v 0.813305 -0.574249 -0.318870
v 0.813305 -0.574249 -0.318870
v 0.803471 -0.716747 -0.292130
v 0.871911 -0.632857 -0.289500
v 0.895595 -0.635329 -0.282418
v 0.783274 -0.394109 -0.225147
v 1.063888 -0.674559 -0.225121
v 1.053467 -0.664231 -0.219041
v 0.979817 -0.548424 -0.538722
v 0.829066 -0.692742 -0.279820
v 0.815042 -0.383593 -0.215783
v 0.971939 -0.537417 -0.310236
v -1.371958 -0.513833 -0.437004
v -1.395152 -0.537027 -0.479830
v -1.357457 -0.499332 -0.280183
v -1.601973 -0.743850 -0.187849
v -1.625167 -0.767043 -0.230674
v -1.571510 -0.713387 -0.512886
v -1.498435 -0.640311 -0.540481
v -1.460622 -0.602497 -0.533393
v -1.540001 -0.682615 -0.544000
v -1.518881 -0.703466 -0.544085
v -1.518881 -0.703466 -0.544085
v -1.440196 -0.775144 -0.377318
v -1.440196 -0.775144 -0.377318
v -1.435591 -0.770540 -0.386339
v -1.435591 -0.770540 -0.386339
v -1.377391 -0.691106 -0.335606
v -1.377391 -0.691106 -0.335606
v -1.374286 -0.688027 -0.375838
v -1.374286 -0.688027 -0.375838
v -1.428844 -0.776518 -0.369840
v -1.428844 -0.776518 -0.369840
v -1.372980 -0.720656 -0.373839
v -1.372980 -0.720656 -0.373839
v -1.372980 -0.720656 -0.373839
v -1.378643 -0.713589 -0.377839
v -1.130246 -0.934989 -0.472558
v -1.112735 -0.898539 -0.474538
v -1.256590 -0.891176 -0.448605
v -1.240685 -0.912758 -0.466802
v -1.448747 -0.762480 -0.385414
v -1.461532 -0.750224 -0.385341
v -1.461532 -0.750224 -0.385341
v -1.378643 -0.713589 -0.369840
v -1.430311 -0.765255 -0.285839
v -1.423944 -0.771619 -0.285839
v -1.423944 -0.771619 -0.285839
v -1.373745 -0.708689 -0.301839
v -1.367381 -0.715056 -0.301839
v -1.367381 -0.715056 -0.301839
v -0.974900 -0.387786 -0.407514
v -0.948084 -0.313846 -0.393179
v -1.260800 -0.897525 -0.444005
v -1.512490 -0.697165 -0.557883
v -1.435534 -0.620118 -0.544085
v -1.435534 -0.620118 -0.544085
v -1.456385 -0.598999 -0.544000
v -1.450973 -0.764714 -0.375837
v -1.450973 -0.764714 -0.375837
v -1.379066 -0.692799 -0.386339
v -1.379066 -0.692799 -0.386339
v -1.430311 -0.765255 -0.381839
v -1.425411 -0.760357 -0.297839
v -1.038580 -0.677088 -0.509673
v -1.008028 -0.579904 -0.481301
v -1.357391 -0.499266 -0.387148
v -1.352445 -0.494320 -0.333660
v -1.571731 -0.713607 -0.154972
v -1.435911 -0.770853 -0.293839
v -1.435911 -0.770853 -0.293839
v -1.105538 -0.864665 -0.484966
v -1.248601 -0.889960 -0.444893
v -1.233521 -0.909934 -0.461727
v -1.425394 -0.567269 -0.512706
v -1.536257 -0.678133 -0.533486
v -1.637808 -0.780360 -0.216122
v -1.611461 -0.793983 -0.233923
v -1.611461 -0.793983 -0.233923
v -1.356599 -0.499150 -0.221545
v -1.373340 -0.750213 -0.280319
v -1.373340 -0.750213 -0.280319
v -1.343148 -0.720200 -0.322906
v -1.343148 -0.720200 -0.322906
v -1.343288 -0.720325 -0.344986
v -1.343288 -0.720325 -0.344986
v -1.399911 -0.815450 -0.377839
v -1.437251 -0.772195 -0.348469
v -1.437251 -0.772195 -0.348469
v -1.393730 -0.728679 -0.281339
v -1.393730 -0.728679 -0.281339
v -1.374286 -0.688025 -0.291760
v -1.374286 -0.688025 -0.291760
v -1.428844 -0.776518 -0.289839
v -1.428844 -0.776518 -0.289839
v -1.362482 -0.710156 -0.289840
v -1.362482 -0.710156 -0.289840
v -1.255412 -0.900217 -0.437474
v -1.430311 -0.765255 -0.365839
v -1.461902 -0.749990 -0.282602
v -1.461902 -0.749990 -0.282602
v -1.613912 -0.799628 -0.231778
v -1.370686 -0.513237 -0.225508
v -1.373042 -0.750345 -0.387249
v -1.373042 -0.750345 -0.387249
v -1.393583 -0.728529 -0.386339
v -1.393583 -0.728529 -0.386339
v -1.366805 -0.701749 -0.348469
v -1.366805 -0.701749 -0.348469
v -1.440195 -0.775143 -0.290347
v -1.440195 -0.775143 -0.290347
v -0.992919 -0.464821 -0.437228
v -1.247888 -0.895540 -0.438026
v -1.448991 -0.762725 -0.282412
v -1.437251 -0.772195 -0.319209
v -1.437251 -0.772195 -0.319209
v -1.441777 -0.626510 -0.557840
v -1.347272 -0.531942 -0.219414
v -1.446201 -0.759934 -0.386339
v -1.446201 -0.759934 -0.386339
v -1.318756 -0.756055 -0.280338
v -1.376399 -0.690132 -0.385092
v -1.425411 -0.760357 -0.377839
v -1.361119 -0.503671 -0.214034
v -1.341744 -0.527393 -0.215222
v 0.818457 0.386333 -0.436665
v 0.841652 0.409527 -0.479490
v 0.907367 0.475242 -0.133853
v 0.945189 0.513065 -0.126859
v 1.048473 0.616349 -0.187510
v 1.071667 0.639540 -0.230334
v 0.944935 0.512811 -0.540141
v 0.907122 0.474997 -0.533054
v 0.823019 0.562753 -0.385075
v 0.835276 0.549968 -0.385002
v 0.835276 0.549968 -0.385002
v 0.805458 0.374010 -0.214892
v 0.986501 0.555115 -0.543660
v 0.905360 0.473971 -0.556652
v 0.886696 0.647644 -0.376979
v 0.886696 0.647644 -0.376979
v 0.882091 0.643040 -0.386000
v 0.882091 0.643040 -0.386000
v 0.882411 0.643354 -0.373500
v 0.882411 0.643354 -0.373500
v 0.819480 0.593156 -0.373500
v 0.819480 0.593156 -0.373500
v 0.819480 0.593156 -0.373500
v 0.813881 0.587556 -0.365500
v 0.813881 0.587556 -0.365500
v 0.825143 0.586089 -0.377500
v 0.825143 0.586089 -0.369500
v 0.592689 0.420140 -0.451796
v 1.086234 0.654107 -0.280191
v 0.933417 0.517300 -0.558185
v 0.895367 0.635101 -0.384752
v 0.788260 0.399995 -0.214814
v 0.813305 0.574249 -0.318870
v 0.813305 0.574249 -0.318870
v 0.810357 0.571305 -0.290008
v 0.810357 0.571305 -0.290008
v 0.602064 0.825028 -0.478834
v 0.602064 0.825028 -0.478834
v 1.063652 0.675381 -0.220820
v 1.063652 0.675381 -0.220820
v 1.075474 0.644026 -0.232916
v 1.075474 0.644026 -0.232916
v 1.055579 0.667385 -0.231801
v 1.055579 0.667385 -0.231801
v 0.958989 0.569723 -0.557500
v 0.960156 0.570840 -0.538045
v 0.960156 0.570840 -0.538045
v 0.902885 0.471499 -0.543660
v 0.865175 0.668212 -0.344647
v 0.865175 0.668212 -0.344647
v 0.894393 0.634109 -0.335266
v 0.894393 0.634109 -0.335266
v 0.876811 0.637755 -0.381500
v 0.820245 0.581189 -0.381500
v 0.870444 0.644119 -0.301500
v 0.870444 0.644119 -0.301500
v 0.871911 0.632857 -0.297500
v 0.820245 0.581189 -0.285500
v 0.813881 0.587556 -0.285500
v 0.813881 0.587556 -0.285500
v 0.672928 0.793267 -0.475138
v 0.639210 0.815820 -0.480626
v 0.711425 0.749902 -0.444968
v 0.695662 0.773061 -0.463464
v 0.803891 0.371766 -0.386809
v 0.798945 0.366820 -0.333321
v 0.876811 0.637755 -0.301500
v 1.091179 0.659056 -0.333680
v 0.871894 0.439769 -0.512367
v 0.982758 0.550633 -0.533146
v 0.928881 0.526398 -0.562379
v 1.084531 0.653083 -0.216234
v 0.951027 0.561787 -0.542940
v 0.896315 0.507124 -0.543030
v 0.819840 0.622713 -0.279979
v 0.819840 0.622713 -0.279979
v 0.789788 0.592825 -0.344647
v 0.789788 0.592825 -0.344647
v 0.835155 0.638458 -0.386910
v 0.835155 0.638458 -0.386910
v 0.856971 0.617917 -0.386000
v 0.856971 0.617917 -0.386000
v 0.883751 0.644695 -0.348130
v 0.883751 0.644695 -0.348130
v 0.814960 0.575909 -0.386000
v 0.814960 0.575909 -0.386000
v 0.840230 0.601179 -0.281000
v 0.840230 0.601179 -0.281000
v 0.814960 0.575909 -0.281000
v 0.814960 0.575909 -0.281000
v 0.875344 0.649018 -0.289500
v 0.875344 0.649018 -0.289500
v 0.546526 0.667910 -0.454513
v 0.876811 0.637755 -0.365500
v 0.870444 0.644119 -0.365500
v 0.870444 0.644119 -0.365500
v 0.820245 0.581189 -0.365500
v 0.546332 0.723197 -0.452778
v 0.835510 0.549598 -0.282262
v 0.835510 0.549598 -0.282262
v 0.822775 0.562509 -0.282072
v 0.783274 0.394109 -0.225147
v 0.816570 0.385122 -0.229672
v 0.770050 0.611589 -0.377500
v 0.840083 0.601029 -0.386000
v 0.840083 0.601029 -0.386000
v 0.897475 0.637214 -0.291420
v 0.897475 0.637214 -0.291420
v 0.886695 0.647643 -0.290008
v 0.886695 0.647643 -0.290008
v 0.871911 0.632857 -0.377500
v 0.703075 0.745875 -0.444274
v 0.825143 0.586089 -0.297500
v 0.712163 0.756191 -0.438149
v 0.815042 0.383593 -0.215783
v 0.979817 0.548424 -0.538722
v 0.883751 0.644695 -0.318870
v 0.883751 0.644695 -0.318870
v 0.888335 0.499010 -0.557543
v 1.063888 0.674558 -0.225121
v 1.053467 0.664231 -0.219041
v 0.920583 0.486061 -0.310236
v 0.794625 0.405460 -0.225147
v 0.785865 0.396535 -0.230252
v 0.366565 0.655213 -0.821031
v 0.498633 0.782800 -0.949629
v 0.495384 0.784710 -0.951850
v 0.495384 0.784710 -0.951850
v 0.495384 0.784710 -0.951850
v 0.255874 0.470238 -0.896736
v 0.256064 0.477837 -0.868047
v 0.256064 0.477837 -0.868047
v 0.370627 0.457688 -0.893375
v 0.373285 0.469073 -0.865529
v 0.373285 0.469073 -0.865529
v 0.303940 0.767658 -0.805003
v 0.303940 0.767658 -0.805003
v 0.267531 0.657726 -0.806174
v 0.267531 0.657726 -0.806174
v 0.261588 0.726776 -0.793876
v 0.261588 0.726776 -0.793876
v 0.268075 0.675992 -0.801753
v 0.268075 0.675992 -0.801753
v 0.348070 0.665936 -0.808376
v 0.460990 0.814363 -0.989484
v 0.135954 0.772752 -0.978335
v 0.115353 0.724595 -0.965431
v 0.276415 0.478575 -0.868101
v 0.353763 0.478644 -0.868113
v 0.275001 0.754800 -0.832189
v 0.418476 0.500330 -0.905339
v 0.461244 0.532086 -0.913849
v 0.368309 0.865946 -1.003306
v 0.418165 0.846048 -0.997974
v 0.121559 0.795316 -0.952220
v 0.121559 0.795316 -0.952220
v 0.506995 0.794922 -0.952826
v 0.515113 0.790449 -0.953232
v 0.515113 0.790449 -0.953232
v 0.513590 0.787207 -0.950603
v 0.373935 0.477837 -0.868047
v 0.373935 0.477837 -0.868047
v 0.374125 0.470238 -0.896736
v 0.325922 0.767806 -0.804980
v 0.325922 0.767806 -0.804980
v 0.368306 0.705372 -0.788130
v 0.368306 0.705372 -0.788130
v 0.303268 0.759148 -0.833350
v 0.303268 0.759148 -0.833350
v 0.275001 0.662071 -0.807342
v 0.354998 0.662071 -0.807342
v 0.275004 0.741675 -0.819352
v 0.275004 0.741675 -0.819352
v 0.514646 0.621609 -0.937837
v 0.261343 0.865856 -1.003281
v 0.498964 0.792949 -0.951696
v 0.498964 0.792949 -0.951696
v 0.326131 0.664675 -0.777075
v 0.326131 0.664675 -0.777075
v 0.316924 0.457448 -0.872150
v 0.276488 0.442059 -0.886608
v 0.364960 0.464526 -0.864415
v 0.326731 0.759148 -0.833350
v 0.326731 0.759148 -0.833350
v 0.364813 0.722567 -0.823552
v 0.364813 0.722567 -0.823552
v 0.362469 0.657726 -0.806174
v 0.362469 0.657726 -0.806174
v 0.361925 0.745539 -0.820388
v 0.361925 0.745539 -0.820388
v 0.263383 0.483361 -0.869454
v 0.263383 0.483361 -0.869454
v 0.362469 0.759148 -0.833350
v 0.362469 0.759148 -0.833350
v 0.368979 0.750447 -0.831019
v 0.368979 0.750447 -0.831019
v 0.275001 0.677526 -0.811483
v 0.354998 0.677526 -0.811483
v 0.281930 0.750937 -0.831152
v 0.494046 0.573452 -0.924933
v 0.314820 0.872702 -1.005117
v 0.315179 0.473502 -0.898151
v 0.368656 0.480348 -0.899984
v 0.366243 0.754060 -0.847517
v 0.494957 0.779952 -0.979769
v 0.362471 0.755265 -0.847841
v 0.362471 0.755265 -0.847841
v 0.281930 0.673663 -0.810447
v 0.281930 0.665936 -0.808376
v 0.261691 0.480258 -0.899960
v 0.263927 0.754371 -0.847600
v 0.369227 0.745202 -0.845139
v 0.369227 0.745202 -0.845139
v 0.326941 0.657725 -0.806176
v 0.326941 0.657725 -0.806176
v 0.362471 0.653843 -0.820665
v 0.362471 0.653843 -0.820665
v 0.275001 0.739345 -0.828048
v 0.360388 0.778846 -0.763702
v 0.358995 0.776275 -0.726428
v 0.132576 0.788677 -0.951205
v 0.132576 0.788677 -0.951205
v 0.132367 0.786192 -0.981441
v 0.263459 0.475837 -0.898241
v 0.353714 0.442183 -0.886144
v 0.129076 0.780663 -0.949127
v 0.351314 0.695135 -0.959292
v 0.508534 0.779898 -0.948645
v 0.259511 0.457520 -0.893330
v 0.348070 0.673663 -0.810447
v 0.348070 0.750937 -0.831152
v 0.505738 -0.778894 -0.947873
v 0.326060 -0.767658 -0.805003
v 0.326060 -0.767658 -0.805003
v 0.364813 -0.722567 -0.823552
v 0.364813 -0.722567 -0.823552
v 0.368493 -0.726704 -0.793834
v 0.368493 -0.726704 -0.793834
v 0.361925 -0.675992 -0.801753
v 0.361925 -0.675992 -0.801753
v 0.362917 -0.669799 -0.809413
v 0.362917 -0.669799 -0.809413
v 0.136133 -0.773052 -0.978416
v 0.169009 -0.814363 -0.989484
v 0.494045 -0.772752 -0.978335
v 0.309851 -0.459003 -0.882548
v 0.495384 -0.784710 -0.951850
v 0.495384 -0.784710 -0.951850
v 0.495384 -0.784710 -0.951850
v 0.495384 -0.784710 -0.951850
v 0.353580 -0.478569 -0.868079
v 0.276240 -0.478647 -0.868135
v 0.368306 -0.705372 -0.788130
v 0.368306 -0.705372 -0.788130
v 0.362471 -0.653843 -0.820665
v 0.362471 -0.653843 -0.820665
v 0.354998 -0.754800 -0.832189
v 0.275001 -0.739345 -0.828048
v 0.115446 -0.724930 -0.965521
v 0.261691 -0.865946 -1.003306
v 0.211834 -0.846048 -0.997974
v 0.461244 -0.814118 -0.989419
v 0.418476 -0.845874 -0.997927
v 0.501695 -0.779738 -0.948162
v 0.508534 -0.779898 -0.948645
v 0.508896 -0.788949 -0.982179
v 0.507652 -0.796297 -0.954954
v 0.507652 -0.796297 -0.954954
v 0.507652 -0.796297 -0.954954
v 0.118174 -0.792949 -0.951702
v 0.118174 -0.792949 -0.951702
v 0.118478 -0.788280 -0.982000
v 0.118478 -0.788280 -0.982000
v 0.256064 -0.477837 -0.868047
v 0.256064 -0.477837 -0.868047
v 0.255874 -0.470238 -0.896736
v 0.304077 -0.767806 -0.804980
v 0.304077 -0.767806 -0.804980
v 0.261590 -0.705480 -0.788126
v 0.261590 -0.705480 -0.788126
v 0.364853 -0.702845 -0.833807
v 0.364853 -0.702845 -0.833807
v 0.326731 -0.759148 -0.833350
v 0.326731 -0.759148 -0.833350
v 0.369227 -0.745202 -0.845139
v 0.369227 -0.745202 -0.845139
v 0.275001 -0.662071 -0.807342
v 0.361925 -0.668265 -0.799683
v 0.361925 -0.668265 -0.799683
v 0.275001 -0.754800 -0.832189
v 0.368656 -0.865856 -1.003281
v 0.133502 -0.773684 -0.978089
v 0.268075 -0.668265 -0.799683
v 0.268075 -0.668265 -0.799683
v 0.313075 -0.457448 -0.872150
v 0.498633 -0.782800 -0.949629
v 0.117033 -0.790234 -0.951414
v 0.264998 -0.464578 -0.864385
v 0.260774 -0.663989 -0.823377
v 0.260774 -0.663989 -0.823377
v 0.303268 -0.759148 -0.833350
v 0.303268 -0.759148 -0.833350
v 0.265187 -0.722567 -0.823552
v 0.265187 -0.722567 -0.823552
v 0.368995 -0.680685 -0.753330
v 0.362471 -0.755265 -0.847841
v 0.362471 -0.755265 -0.847841
v 0.362469 -0.759148 -0.833350
v 0.362469 -0.759148 -0.833350
v 0.267083 -0.747073 -0.830119
v 0.267083 -0.747073 -0.830119
v 0.515112 -0.790449 -0.953232
v 0.515112 -0.790449 -0.953232
v 0.366616 -0.483361 -0.869454
v 0.366616 -0.483361 -0.869454
v 0.368979 -0.750447 -0.831019
v 0.368979 -0.750447 -0.831019
v 0.267531 -0.759148 -0.833350
v 0.267531 -0.759148 -0.833350
v 0.261021 -0.750447 -0.831019
v 0.261021 -0.750447 -0.831019
v 0.275001 -0.677526 -0.811483
v 0.348070 -0.750937 -0.831152
v 0.135954 -0.573452 -0.924933
v 0.315179 -0.872702 -1.005117
v 0.261343 -0.480348 -0.899984
v 0.263927 -0.754371 -0.847600
v 0.513590 -0.787207 -0.950603
v 0.495840 -0.775605 -0.978604
v 0.261004 -0.680685 -0.753330
v 0.364813 -0.694304 -0.815979
v 0.364813 -0.694304 -0.815979
v 0.267528 -0.755265 -0.847841
v 0.267528 -0.755265 -0.847841
v 0.347077 -0.672129 -0.800716
v 0.347077 -0.672129 -0.800716
v 0.347077 -0.672129 -0.800716
v 0.348070 -0.673663 -0.810447
v 0.348070 -0.665936 -0.808376
v 0.515843 -0.779952 -0.979769
v 0.354998 -0.739345 -0.828048
v 0.129076 -0.780663 -0.949127
v 0.269790 -0.779036 -0.763250
v 0.506995 -0.794922 -0.952826
v 0.497633 -0.786192 -0.981441
v 0.122981 -0.769738 -0.977032
v 0.366541 -0.475837 -0.898241
v 0.281930 -0.743210 -0.829082
v 0.278686 -0.695134 -0.959292
v 0.370627 -0.457689 -0.893375
v 0.281930 -0.750937 -0.831152
v -1.315000 -0.038030 -0.801289
v -1.503748 0.051243 -0.800006
v -1.344840 -0.059125 -0.921006
v -1.596370 0.043995 -0.677293
v -1.511521 -0.053980 -0.785005
v -1.511521 -0.053980 -0.785005
v -1.502500 -0.047469 -0.785005
v -1.502500 -0.047469 -0.785005
v -1.511000 0.033070 -0.785007
v -1.511000 0.046925 -0.776007
v -1.511000 0.046925 -0.776007
v -1.519000 0.046925 -0.776007
v -1.519000 0.046925 -0.776007
v -1.599000 0.033070 -0.785007
v -1.608309 -0.199646 -0.921529
v -1.330315 0.005149 -0.910209
v -1.345482 -0.038584 -0.891190
v -1.345551 0.038763 -0.891183
v -1.511521 0.053981 -0.785005
v -1.511521 0.053981 -0.785005
v -1.540370 0.049813 -0.785008
v -1.540370 0.049813 -0.785008
v -1.519000 -0.033070 -0.785007
v -1.519000 0.033070 -0.785007
v -1.315000 0.071249 -0.792251
v -1.315000 0.071249 -0.792251
v -1.754646 0.053309 -0.921528
v -1.733867 -0.103476 -0.921528
v -1.451524 -0.178867 -0.921528
v -1.578264 -0.036314 -0.923223
v -1.654507 -0.190942 -0.921050
v -1.655069 -0.188057 -0.892788
v -1.655069 -0.188057 -0.892788
v -1.330970 -0.049958 -0.891235
v -1.608521 0.010922 -0.755360
v -1.608521 0.010922 -0.755360
v -1.608384 -0.011060 -0.755421
v -1.608384 -0.011060 -0.755421
v -1.569630 -0.049813 -0.785008
v -1.569630 -0.049813 -0.785008
v -1.507000 -0.039998 -0.785008
v -1.507000 0.039998 -0.785008
v -1.587000 -0.039996 -0.776006
v -1.587000 -0.039996 -0.776006
v -1.501690 0.199646 -0.921528
v -1.754554 -0.053656 -0.921529
v -1.315000 -0.070911 -0.792250
v -1.315000 -0.070911 -0.792250
v -1.554821 -0.206641 -0.921528
v -1.669446 0.199841 -0.921050
v -1.330986 0.050002 -0.891251
v -1.565934 0.053493 -0.755233
v -1.565934 0.053493 -0.755233
v -1.607500 0.011732 -0.785005
v -1.607500 0.011732 -0.785005
v -1.569630 0.049813 -0.785008
v -1.569630 0.049813 -0.785008
v -1.511000 -0.053995 -0.728019
v -1.607500 -0.011732 -0.785005
v -1.607500 -0.011732 -0.785005
v -1.502500 0.047469 -0.785005
v -1.502500 0.047469 -0.785005
v -1.607500 -0.047472 -0.800007
v -1.607500 -0.047472 -0.800007
v -1.607500 -0.047469 -0.785005
v -1.607500 -0.047469 -0.785005
v -1.511000 -0.046925 -0.776007
v -1.511000 -0.046925 -0.776007
v -1.595000 0.047917 -0.785009
v -1.595000 0.047917 -0.785009
v -1.673518 -0.184940 -0.892715
v -1.230912 -0.070912 -0.924750
v -1.451835 0.179046 -0.921528
v -1.761641 -0.000179 -0.921528
v -1.348359 0.000179 -0.921528
v -1.355446 0.053656 -0.921528
v -1.606457 -0.051494 -0.817667
v -1.606457 -0.051494 -0.817667
v -1.606443 0.051435 -0.818208
v -1.606443 0.051435 -0.818208
v -1.606428 0.051418 -0.800006
v -1.667992 0.182149 -0.890464
v -1.667992 0.182149 -0.890464
v -1.511000 0.053996 -0.728019
v -1.597081 0.054228 -0.800001
v -1.597081 0.054228 -0.800001
v -1.230912 0.071249 -0.792251
v -1.501344 -0.199553 -0.921528
v -1.355352 -0.053309 -0.921526
v -1.598493 0.053979 -0.785005
v -1.598493 0.053979 -0.785005
v -1.515000 0.047917 -0.785009
v -1.515000 0.047917 -0.785009
v -1.606082 -0.051565 -0.800006
v -1.669446 -0.199841 -0.921050
v -1.502500 0.011942 -0.785007
v -1.502500 0.011942 -0.785007
v -1.230912 -0.070911 -0.792250
v -1.330041 0.000912 -1.088184
v -1.349779 0.049668 -0.921010
v -1.350455 0.051617 -0.891257
v -1.350455 0.051617 -0.891257
v -1.608567 0.045209 -0.712146
v -1.587000 -0.039998 -0.785008
v -1.350638 -0.051541 -0.921010
v -1.659159 -0.196191 -0.891000
vn 0.9261 0.3596 -0.1139
vn 0.9506 0.3097 -0.0196
vn 0.9331 0.3595 -0.0004
vn 0.6488 -0.7160 -0.2577
vn 0.6730 -0.7396 -0.0060
vn 0.6490 -0.7136 -0.2639
vn -0.9476 0.2070 0.2433
vn -0.8828 0.4697 -0.0010
vn -0.8607 0.4466 0.2443
vn 0.8956 0.3901 -0.2136
vn 0.9290 0.3369 -0.1531
vn 0.5784 -0.6456 -0.4987
vn 0.5774 -0.6422 -0.5042
vn -0.8835 0.1428 0.4462
vn -0.7924 0.3794 0.4776
vn 0.8480 0.4377 -0.2989
vn 0.8909 0.3750 -0.2563
vn 0.4663 -0.5334 -0.7057
vn 0.4644 -0.5291 -0.7102
vn -0.7843 0.0436 0.6189
vn 0.7863 0.4993 -0.3639
vn 0.8352 0.4307 -0.3420
vn 0.3203 -0.3872 -0.8646
vn 0.3175 -0.3822 -0.8678
vn -0.6569 -0.0837 0.7493
vn -0.6846 0.2700 0.6771
vn -0.5451 0.1320 0.8279
vn 0.7148 0.5709 -0.4039
vn 0.7658 0.5000 -0.4045
vn 0.1500 -0.2170 -0.9646
vn 0.1467 -0.2114 -0.9663
vn -0.5101 -0.2306 0.8286
vn -0.3821 -0.0310 0.9236
vn 0.6656 0.6263 -0.4058
vn 0.6872 0.5786 -0.4393
vn -0.0327 -0.0357 -0.9988
vn -0.0368 -0.0282 -0.9989
vn -0.3534 -0.3894 0.8506
vn -0.2069 -0.2060 0.9564
vn 0.5904 0.7016 -0.3989
vn 0.6161 0.6439 -0.4536
vn -0.2152 0.1469 -0.9655
vn -0.2190 0.1541 -0.9635
vn -0.1986 -0.5445 0.8149
vn -0.0320 -0.3811 0.9240
vn 0.4917 0.7939 -0.3577
vn 0.5337 0.7264 -0.4330
vn -0.3861 0.3191 -0.8655
vn -0.3889 0.3243 -0.8623
vn -0.0548 -0.6859 0.7256
vn 0.1311 -0.5442 0.8286
vn 0.4314 0.8543 -0.2901
vn 0.4517 0.8141 -0.3649
vn -0.5325 0.4655 -0.7070
vn -0.5346 0.4699 -0.7024
vn 0.0672 -0.8079 0.5854
vn 0.2712 -0.6844 0.6768
vn 0.3856 0.9001 -0.2028
vn 0.3911 0.8747 -0.2861
vn -0.6450 0.5778 -0.5002
vn 0.1595 -0.9002 0.4053
vn 0.3788 -0.7920 0.4788
vn 0.3572 0.9285 -0.1018
vn 0.3470 0.9189 -0.1878
vn -0.7156 0.6486 -0.2594
vn -0.6460 0.5814 -0.4946
vn -0.7156 0.6510 -0.2531
vn 0.2155 -0.9563 0.1976
vn 0.4453 -0.8596 0.2505
vn 0.3483 0.9374 0.0063
vn 0.3223 0.9435 -0.0768
vn -0.7398 0.6728 -0.0010
vn 0.2318 -0.9725 -0.0236
vn 0.4697 -0.8828 0.0007
vn 0.3595 0.9262 0.1138
vn 0.3188 0.9470 0.0396
vn -0.7387 0.6740 0.0055
vn -0.7159 0.6489 0.2577
vn 0.2070 -0.9476 -0.2432
vn 0.4468 -0.8599 -0.2468
vn 0.3900 0.8957 0.2137
vn 0.3367 0.9291 0.1531
vn -0.6455 0.5785 0.4986
vn -0.7137 0.6489 0.2638
vn -0.6420 0.5775 0.5043
vn 0.1427 -0.8835 -0.4462
vn 0.3794 -0.7925 -0.4776
vn 0.4378 0.8479 0.2990
vn 0.3749 0.8909 0.2563
vn -0.5334 0.4664 0.7057
vn -0.5290 0.4644 0.7103
vn 0.0436 -0.7843 -0.6189
vn 0.2726 -0.6868 -0.6738
vn 0.4995 0.7862 0.3638
vn 0.4306 0.8352 0.3420
vn -0.3873 0.3200 0.8647
vn -0.3821 0.3175 0.8679
vn -0.0837 -0.6569 -0.7493
vn 0.5710 0.7148 0.4038
vn 0.5001 0.7658 0.4043
vn -0.2170 0.1498 0.9646
vn 0.1290 -0.5445 -0.8288
vn -0.2306 -0.5100 -0.8287
vn 0.6473 0.6384 0.4165
vn 0.5787 0.6872 0.4392
vn -0.0342 -0.0329 0.9989
vn -0.2114 0.1467 0.9663
vn -0.0284 -0.0362 0.9989
vn -0.3870 -0.3537 -0.8515
vn -0.0333 -0.3812 -0.9239
vn -0.2060 -0.2071 -0.9564
vn 0.7233 0.5623 0.4007
vn 0.6609 0.6049 0.4442
vn 0.1487 -0.2156 0.9651
vn 0.1540 -0.2189 0.9635
vn -0.5423 -0.1984 -0.8164
vn -0.3811 -0.0320 -0.9240
vn 0.7939 0.4917 0.3577
vn 0.7412 0.5246 0.4188
vn 0.3191 -0.3861 0.8655
vn 0.3243 -0.3889 0.8623
vn -0.6859 -0.0548 -0.7256
vn -0.5443 0.1311 -0.8286
vn 0.8542 0.4316 0.2900
vn 0.8142 0.4516 0.3650
vn 0.4655 -0.5325 0.7069
vn -0.8079 0.0672 -0.5854
vn -0.6844 0.2712 -0.6768
vn 0.9001 0.3855 0.2029
vn 0.8747 0.3912 0.2860
vn 0.5778 -0.6449 0.5002
vn 0.4700 -0.5346 0.7024
vn 0.5813 -0.6460 0.4947
vn -0.9002 0.1595 -0.4053
vn -0.7920 0.3788 -0.4788
vn 0.9285 0.3571 0.1017
vn 0.9189 0.3470 0.1878
vn 0.6485 -0.7156 0.2594
vn 0.6510 -0.7156 0.2532
vn -0.9563 0.2156 -0.1976
vn -0.8596 0.4466 -0.2482
vn 0.9435 0.3225 0.0767
vn 0.6721 -0.7404 0.0030
vn -0.9747 0.2217 0.0282
vn 0.5244 0.4973 0.6912
vn 0.3912 0.6424 0.6590
vn 0.3810 0.6396 0.6677
vn 0.0920 0.9375 0.3357
vn 0.0505 0.9832 0.1756
vn 0.0367 0.9838 0.1755
vn 0.9375 0.0919 -0.3357
vn 0.9832 0.0505 -0.1756
vn 0.9838 0.0367 -0.1755
vn 0.1760 0.8534 -0.4906
vn 0.2762 0.7575 -0.5916
vn 0.2679 0.7527 -0.6014
vn 0.6505 0.3714 0.6625
vn 0.5162 0.5175 0.6825
vn 0.8616 0.1678 -0.4790
vn 0.9367 0.0947 -0.3370
vn 0.0977 0.9317 -0.3499
vn 0.1766 0.8549 -0.4879
vn 0.7521 0.2773 0.5979
vn 0.6410 0.3927 0.6594
vn 0.0479 0.9815 -0.1853
vn 0.0989 0.9326 -0.3471
vn 0.0343 0.9994 -0.0010
vn 0.0208 0.9998 -0.0038
vn 0.1678 0.8616 0.4790
vn 0.0947 0.9367 0.3370
vn 0.8535 0.1760 0.4905
vn 0.7540 0.2775 0.5954
vn 0.9317 0.0978 0.3499
vn 0.8549 0.1766 0.4879
vn 0.0496 0.9819 -0.1827
vn 0.6458 0.3836 -0.6601
vn 0.7588 0.2749 -0.5905
vn 0.7574 0.2632 -0.5976
vn 0.9815 0.0479 0.1853
vn 0.9326 0.0989 0.3471
vn 0.5205 0.5089 -0.6856
vn 0.6449 0.3865 -0.6593
vn 0.2673 0.7621 0.5897
vn 0.1708 0.8607 0.4796
vn 0.9995 0.0299 0.0081
vn 0.9819 0.0496 0.1827
vn 0.3948 0.6346 -0.6644
vn 0.5199 0.5116 -0.6841
vn 0.8607 0.1708 -0.4796
vn 0.2703 0.7612 0.5895
vn 0.9995 0.0321 0.0059
vn 0.3945 0.6370 -0.6623
vn 0.5217 -0.1633 0.8373
vn 0.2642 -0.1005 0.9592
vn 0.3568 0.0016 0.9342
vn -0.4813 0.8398 0.2511
vn -0.6207 0.7841 0.0010
vn -0.5048 0.8632 0.0008
vn 0.6633 -0.3048 0.6834
vn 0.4336 -0.2700 0.8597
vn 0.7719 -0.4134 0.4830
vn 0.5792 -0.4151 0.7016
vn 0.8401 -0.4816 0.2496
vn 0.6907 -0.5266 0.4957
vn 0.8632 -0.5048 -0.0008
vn 0.7604 -0.5968 0.2561
vn 0.8398 -0.4813 -0.2511
vn 0.7844 -0.6202 -0.0010
vn 0.7713 -0.4128 -0.4844
vn 0.7600 -0.5965 -0.2581
vn 0.6625 -0.3040 -0.6846
vn 0.6896 -0.5262 -0.4975
vn 0.5208 -0.1623 -0.8381
vn 0.5778 -0.4145 -0.7031
vn 0.3557 0.0027 -0.9346
vn 0.4326 -0.2685 -0.8607
vn 0.1786 0.1798 -0.9673
vn 0.2629 -0.0993 -0.9597
vn 0.0016 0.3568 -0.9342
vn 0.0811 0.0826 -0.9933
vn -0.1633 0.5217 -0.8373
vn -0.1008 0.2641 -0.9592
vn -0.3049 0.6633 -0.6835
vn -0.2699 0.4337 -0.8597
vn -0.4134 0.7719 -0.4830
vn -0.4151 0.5792 -0.7016
vn -0.4816 0.8401 -0.2496
vn -0.5267 0.6905 -0.4958
vn -0.4128 0.7713 0.4844
vn -0.5963 0.7601 0.2581
vn -0.3040 0.6625 0.6846
vn -0.5258 0.6899 0.4975
vn -0.1623 0.5207 0.8381
vn -0.4144 0.5779 0.7031
vn 0.0028 0.3557 0.9346
vn -0.2689 0.4323 0.8607
vn 0.1795 0.1783 0.9675
vn -0.0993 0.2629 0.9597
vn -0.5968 0.7604 -0.2561
vn 0.0825 0.0811 0.9933
vn -0.8602 -0.5060 0.0639
vn -0.8854 -0.4647 -0.0127
vn -0.8812 -0.4644 0.0885
vn -0.6379 -0.7283 0.2504
vn -0.6840 -0.6660 0.2976
vn -0.6035 -0.7542 0.2589
vn -0.6337 -0.7325 -0.2489
vn -0.5621 -0.7880 -0.2512
vn -0.6525 -0.7051 -0.2776
vn -0.8424 -0.5237 0.1266
vn -0.8362 -0.5215 0.1699
vn -0.5936 -0.7726 0.2253
vn -0.5511 -0.7987 0.2417
vn -0.6804 -0.6858 -0.2582
vn -0.6974 -0.6525 -0.2964
vn -0.4950 -0.8688 -0.0124
vn -0.4827 -0.8750 0.0371
vn -0.4649 -0.8848 -0.0308
vn -0.8138 -0.5524 0.1805
vn -0.8079 -0.5419 0.2316
vn -0.5554 -0.8108 0.1849
vn -0.5110 -0.8387 0.1882
vn -0.7283 -0.6379 -0.2503
vn -0.7508 -0.5992 -0.2780
vn -0.8402 -0.5260 -0.1318
vn -0.8356 -0.5220 -0.1710
vn -0.8675 -0.4823 -0.1218
vn -0.7763 -0.5899 0.2222
vn -0.7610 -0.5888 0.2724
vn -0.8108 -0.5554 -0.1849
vn -0.7989 -0.5588 -0.2224
vn -0.5238 -0.8424 -0.1266
vn -0.4959 -0.8618 -0.1065
vn -0.5040 -0.8458 -0.1751
vn -0.5259 -0.8403 0.1318
vn -0.4822 -0.8676 0.1218
vn -0.7726 -0.5936 -0.2254
vn -0.5061 -0.8601 -0.0639
vn -0.8590 -0.5072 -0.0698
vn -0.8833 -0.4665 -0.0471
vn -0.7325 -0.6337 0.2489
vn -0.7081 -0.6416 0.2948
vn -0.5523 -0.8138 -0.1806
vn -0.5418 -0.8079 -0.2317
vn -0.5071 -0.8590 0.0699
vn -0.8658 -0.5004 -0.0031
vn -0.6852 -0.6809 0.2585
vn -0.5898 -0.7763 -0.2223
vn 0.7046 0.7058 0.0729
vn 0.5677 0.8080 0.1575
vn 0.6339 0.6066 0.4798
vn -0.6396 -0.6112 0.4663
vn -0.7141 -0.6972 0.0629
vn -0.5708 -0.8072 0.1504
vn -0.7114 0.7003 0.0589
vn -0.7021 0.6941 0.1593
vn -0.6007 0.6309 0.4911
vn 0.9470 -0.3106 0.0826
vn 0.9472 -0.3168 0.0495
vn 0.9553 -0.2865 0.0725
vn 0.7112 -0.7003 0.0607
vn 0.6789 -0.7067 0.1993
vn 0.6054 -0.6373 0.4768
vn 0.0230 0.0146 0.9996
vn -0.0223 -0.0147 0.9996
vn -0.0057 -0.0231 0.9997
vn 0.7234 0.6891 0.0424
vn 0.5885 0.8019 -0.1031
vn -0.6949 0.7175 0.0472
vn -0.6990 0.6909 -0.1845
vn -0.7234 -0.6892 0.0419
vn -0.5914 -0.7995 -0.1053
vn 0.6947 -0.7176 0.0496
vn 0.6990 -0.6909 -0.1845
vn -0.6024 0.7981 0.0151
vn -0.2120 0.8680 -0.4490
vn -0.4497 0.8923 0.0393
vn 0.8922 -0.3908 -0.2265
vn 0.7965 -0.6045 0.0135
vn 0.9026 -0.4296 0.0287
vn 0.8593 -0.4986 -0.1143
vn 0.7007 -0.7103 -0.0677
vn 0.5415 -0.8176 0.1956
vn 0.5229 -0.8415 -0.1357
vn 0.4487 -0.8723 0.1942
vn 0.3914 -0.8865 -0.2468
vn -0.8760 0.4413 0.1947
vn -0.8447 0.5210 -0.1227
vn -0.8514 0.4848 0.2004
vn -0.7020 0.7092 -0.0655
vn -0.9800 -0.1600 0.1185
vn -0.9596 -0.2814 -0.0001
vn -0.9782 -0.1970 0.0653
vn -0.1550 -0.9862 0.0583
vn -0.2798 -0.9600 -0.0071
vn -0.2621 -0.9650 -0.0088
vn 0.2576 0.8510 0.4576
vn 0.5676 0.8165 0.1054
vn 0.7724 0.4107 0.4844
vn 0.9824 0.1513 0.1097
vn 0.9850 0.1490 0.0868
vn 0.9843 0.1541 0.0860
vn -0.6143 0.5493 0.5665
vn -0.5289 0.6612 0.5321
vn -0.3729 0.7667 0.5227
vn -0.0654 0.8543 0.5156
vn 0.3467 0.7654 0.5422
vn 0.5788 0.5965 0.5561
vn 0.7652 -0.3679 0.5283
vn 0.6715 -0.5135 0.5342
vn 0.5587 -0.6280 0.5417
vn 0.4155 -0.7875 0.4553
vn 0.2230 -0.8969 0.3819
vn -0.3566 -0.8988 0.2550
vn -0.2057 -0.9765 0.0645
vn -0.9072 -0.3072 0.2873
vn -0.8767 -0.4118 0.2487
vn -0.8284 0.3084 0.4675
vn -0.7309 0.3848 0.5637
vn 0.5516 0.2803 -0.7856
vn 0.1681 0.6083 -0.7757
vn 0.4067 0.4203 -0.8111
vn 0.6247 0.1510 -0.7661
vn 0.6965 -0.1157 -0.7082
vn 0.8056 -0.5140 -0.2945
vn 0.8568 -0.4200 -0.2992
vn 0.5135 -0.8043 -0.2991
vn -0.4435 -0.4314 -0.7856
vn 0.0790 -0.6623 -0.7450
vn -0.2094 -0.5790 -0.7880
vn -0.6623 0.0790 -0.7451
vn -0.5815 -0.2041 -0.7875
vn -0.8043 0.5135 -0.2991
vn -0.8732 0.4042 -0.2724
vn -0.8554 0.4208 -0.3020
vn -0.5002 0.8593 -0.1068
vn -0.4990 0.8079 -0.3135
vn -0.2441 0.8115 -0.5309
vn 0.2941 -0.6706 0.6810
vn 0.3093 -0.6502 0.6940
vn 0.4356 -0.7482 0.5005
vn 0.1965 -0.5044 0.8408
vn -0.6590 0.3107 0.6850
vn -0.6691 0.2937 0.6826
vn -0.7492 0.4401 0.4949
vn 0.2922 -0.6705 -0.6819
vn 0.3081 -0.6612 -0.6840
vn 0.1972 -0.5113 -0.8365
vn 0.4406 -0.7479 -0.4964
vn -0.6605 0.3069 -0.6852
vn -0.6722 0.2930 -0.6799
vn -0.5059 0.1936 -0.8406
vn -0.7011 0.7130 -0.0012
vn -0.7152 0.6988 0.0076
vn -0.7370 0.6757 -0.0157
vn -0.0063 -0.0023 1.0000
vn -0.0243 -0.0007 0.9997
vn 0.0233 0.0185 0.9996
vn -0.0013 -0.0017 -1.0000
vn -0.0172 -0.0058 -0.9998
vn -0.0138 -0.0376 -0.9992
vn 0.7025 -0.7117 0.0005
vn 0.6885 -0.7251 0.0159
vn 0.7176 -0.6964 -0.0032
vn -0.0736 -0.0365 -0.9966
vn -0.0507 -0.0750 -0.9959
vn 0.6867 -0.7269 -0.0088
vn 0.6439 -0.7644 0.0312
vn -0.0351 -0.0555 0.9978
vn -0.0737 -0.0479 0.9961
vn -0.7549 0.6555 0.0233
vn -0.2185 -0.8538 -0.4726
vn -0.5373 -0.7115 -0.4529
vn -0.4241 -0.6501 -0.6305
vn -0.3043 -0.9445 -0.1236
vn -0.0880 -0.9802 -0.1775
vn -0.0989 -0.9819 0.1613
vn -0.3935 -0.8585 0.3288
vn -0.3053 -0.9441 0.1243
vn -0.4261 -0.6554 0.6235
vn -0.2204 -0.8631 0.4545
vn -0.6366 -0.4332 0.6380
vn -0.5376 -0.7130 0.4501
vn -0.8572 -0.3944 0.3312
vn -0.7135 -0.5344 0.4531
vn -0.9443 -0.3057 0.1220
vn -0.8540 -0.2234 0.4698
vn -0.9825 -0.0951 0.1602
vn -0.9447 -0.3040 -0.1232
vn -0.8636 -0.2158 -0.4556
vn -0.9860 -0.0818 -0.1453
vn -0.7113 -0.5387 -0.4516
vn -0.6522 -0.4256 -0.6273
vn 0.8092 0.5706 0.1397
vn 0.7940 0.5938 0.1302
vn 0.8059 0.5720 0.1528
vn 0.5500 -0.2280 -0.8035
vn 0.6063 -0.1363 -0.7834
vn 0.6308 -0.1011 -0.7694
vn 0.0690 -0.5964 -0.7997
vn 0.1854 -0.5216 -0.8328
vn 0.1791 -0.5237 -0.8329
vn -0.5058 0.1729 0.8452
vn -0.5427 0.1422 0.8278
vn -0.5127 0.1533 0.8448
vn -0.1319 0.4740 0.8706
vn -0.0763 0.5331 0.8426
vn -0.1447 0.4639 0.8740
vn -0.4784 0.1955 0.8561
vn -0.5466 -0.8368 -0.0316
vn -0.5639 -0.8247 -0.0432
vn -0.5469 -0.8369 -0.0207
vn 0.1416 0.9898 0.0162
vn 0.3813 0.9245 0.0012
vn 0.2059 0.8792 -0.4297
vn -0.6124 0.4302 -0.6633
vn -0.5357 0.5545 -0.6369
vn -0.5505 0.5699 -0.6100
vn 0.9186 0.2504 0.3057
vn 0.9798 0.1996 -0.0145
vn 0.8682 0.4564 0.1945
vn 0.7491 0.4015 -0.5269
vn 0.8426 0.4342 -0.3187
vn 0.9133 0.2194 -0.3430
vn -0.3340 0.7373 0.5872
vn -0.4860 0.5690 0.6633
vn -0.3169 0.3764 0.8706
vn 0.2516 -0.2246 0.9414
vn 0.6373 0.0567 0.7685
vn 0.2824 -0.2421 0.9282
vn 0.2663 -0.2424 0.9329
vn 0.6664 -0.7405 -0.0872
vn 0.7624 -0.6429 0.0734
vn 0.6791 -0.7325 -0.0472
vn 0.1243 -0.1985 -0.9722
vn 0.3822 -0.3634 -0.8496
vn 0.1894 -0.2392 -0.9523
vn -0.1694 0.2533 -0.9524
vn -0.1634 0.2397 -0.9570
vn -0.1848 0.2505 -0.9503
vn -0.6273 0.5952 -0.5022
vn -0.2237 0.5503 -0.8044
vn -0.1363 0.6063 -0.7834
vn -0.2467 0.5378 -0.8062
vn -0.5189 0.1854 -0.8345
vn -0.5965 0.0690 -0.7997
vn -0.5240 0.1835 -0.8317
vn -0.5052 -0.7890 0.3495
vn -0.4892 -0.8043 0.3372
vn -0.5095 -0.7837 0.3554
vn 0.1708 -0.4979 0.8503
vn 0.1422 -0.5427 0.8278
vn 0.1358 -0.5331 0.8351
vn 0.5331 -0.0763 0.8426
vn 0.4709 -0.1311 0.8724
vn 0.4638 -0.1458 0.8739
vn 0.1544 -0.4994 0.8525
vn 0.1955 -0.4784 0.8561
vn -0.8246 -0.5641 -0.0428
vn -0.8367 -0.5468 -0.0313
vn -0.8368 -0.5472 -0.0205
vn -0.1211 0.1677 0.9784
vn 0.1970 0.5007 0.8429
vn -0.1170 0.1949 0.9738
vn 0.6991 0.4307 -0.5707
vn 0.7006 0.5755 -0.4218
vn 0.7959 0.4235 -0.4327
vn 0.2425 0.9341 0.2619
vn 0.3564 0.9343 0.0001
vn -0.1465 0.9054 -0.3984
vn 0.1121 0.9020 -0.4169
vn -0.3257 0.3950 -0.8590
vn 0.7569 0.2025 -0.6213
vn 0.5265 0.7290 0.4374
vn 0.3839 0.9170 0.1088
vn 0.7295 -0.6729 0.1228
vn 0.6833 -0.6532 0.3261
vn 0.7077 -0.6778 -0.1993
vn -0.0953 0.0562 0.9939
vn -0.0775 0.0151 0.9969
vn -0.7339 0.6491 0.2001
vn -0.7170 0.6763 0.1687
vn -0.7139 0.6832 0.1537
vn -0.2494 0.2354 -0.9393
vn -0.2467 0.2237 -0.9429
vn -0.2030 0.1552 -0.9668
vn 0.6527 -0.6000 -0.4625
vn 0.5592 -0.5223 -0.6438
vn 0.1661 -0.1563 -0.9736
vn -0.0700 0.0601 -0.9957
vn -0.1568 0.1708 -0.9728
vn 0.1392 -0.1068 0.9845
vn -0.0764 0.1214 0.9897
vn 0.0977 -0.1209 0.9878
vn 0.7657 0.6427 -0.0253
vn 0.6995 0.7143 -0.0220
vn 0.6544 0.7455 -0.1262
vn 0.7040 0.7097 -0.0253
vn 0.6418 0.7663 0.0284
vn 0.6805 0.7287 -0.0767
vn 0.6638 0.7447 -0.0693
vn 0.7091 0.7047 -0.0237
vn 0.6967 0.7173 0.0102
vn 0.4368 -0.4543 0.7764
vn 0.3205 -0.3766 0.8692
vn 0.4010 -0.4210 0.8136
vn 0.2369 -0.3071 0.9217
vn 0.6588 -0.7180 -0.2247
vn 0.6634 -0.7438 -0.0821
vn 0.6789 -0.7285 -0.0916
vn -0.4277 0.4332 0.7934
vn -0.4840 0.4464 0.7526
vn -0.4583 0.3794 0.8038
vn -0.7293 0.6810 -0.0666
vn -0.7183 0.6567 -0.2298
vn -0.7146 0.6867 -0.1330
vn 0.0584 -0.0746 -0.9955
vn 0.3369 -0.2963 -0.8937
vn -0.3173 0.3406 -0.8851
vn -0.4448 -0.6622 -0.6030
vn -0.7178 -0.6943 0.0522
vn -0.9654 -0.2034 0.1632
vn -0.9563 -0.2805 -0.0824
vn -0.7296 -0.6819 0.0513
vn -0.4916 -0.6223 0.6092
vn -0.7853 0.6190 -0.0113
vn -0.6982 0.7158 -0.0152
vn -0.7678 0.6397 -0.0365
vn -0.7363 0.6757 0.0354
vn -0.7502 0.6612 -0.0074
vn -0.7790 0.6270 0.0098
vn -0.4463 0.7712 0.4540
vn -0.0034 -0.0535 -0.9986
vn -0.2077 0.0985 -0.9732
vn -0.5361 0.4042 -0.7411
vn -0.5741 0.7966 0.1895
vn 0.1049 0.0232 0.9942
vn 0.0137 -0.0192 0.9997
vn -0.0051 -0.0487 0.9988
vn -0.7595 -0.0112 -0.6504
vn -0.6909 0.4377 -0.5754
vn 0.0940 -0.0927 -0.9913
vn -0.2559 -0.5100 -0.8212
vn 0.4140 0.1935 -0.8895
vn -0.1326 0.9441 -0.3017
vn -0.6928 0.7091 0.1309
vn -0.9230 0.3848 0.0021
vn -0.8901 0.4480 -0.0839
vn -0.1308 0.9436 0.3042
vn -0.3700 0.6444 0.6692
vn -0.8159 0.4913 0.3047
vn -0.2410 -0.0512 0.9692
vn -0.1718 0.6645 -0.7273
vn -0.8265 0.5315 -0.1854
vn -0.6390 0.7096 -0.2967
vn 0.9443 0.2171 0.2473
vn 0.7933 0.5252 -0.3079
vn 0.2953 0.9551 0.0245
vn 0.7071 0.7071 -0.0001
vn -0.6610 -0.4454 -0.6039
vn -0.2073 -0.9600 0.1883
vn -0.6845 -0.7264 0.0611
vn 0.6821 -0.7293 -0.0527
vn 0.6513 -0.7558 -0.0670
vn 0.7203 -0.6937 0.0016
vn 0.6600 -0.7512 0.0123
vn 0.6411 -0.7665 0.0393
vn 0.6790 -0.7337 -0.0262
vn 0.7738 -0.4460 0.4498
vn -0.0444 -0.0295 -0.9986
vn 0.3773 -0.6041 -0.7019
vn 0.1170 -0.2118 -0.9703
vn 0.7949 -0.5777 0.1854
vn 0.6990 -0.7151 -0.0062
vn 0.3438 -0.4138 -0.8430
vn 0.4492 -0.6846 -0.5740
vn 0.0516 0.0775 0.9957
vn -0.0538 -0.0429 0.9976
vn -0.0203 0.0074 0.9998
vn -0.0933 0.0933 -0.9913
vn 0.2791 0.4245 -0.8613
vn -0.5706 0.0007 -0.8212
vn 0.9441 -0.1326 -0.3017
vn 0.7082 -0.6936 0.1314
vn 0.7170 -0.6815 -0.1466
vn 0.9436 -0.1308 0.3041
vn 0.4523 -0.8885 -0.0771
vn 0.3848 -0.9230 0.0020
vn 0.6438 -0.3702 0.6697
vn 0.1032 -0.8044 0.5850
vn 0.5792 -0.5864 0.5662
vn 0.6604 -0.1763 -0.7299
vn 0.4842 -0.8515 -0.2011
vn -0.0885 -0.2784 -0.9564
vn 0.5294 0.7921 -0.3038
vn 0.3976 0.7637 0.5086
vn 0.9710 0.2385 0.0149
vn 0.6587 0.6168 -0.4310
vn 0.5306 0.7751 -0.3431
vn 0.8039 0.4849 -0.3444
vn 0.3504 0.5046 -0.7891
vn 0.3925 0.2845 -0.8746
vn 0.2351 0.4133 -0.8797
vn 0.3864 0.3622 0.8482
vn 0.4479 0.4615 0.7658
vn 0.4632 0.4507 0.7631
vn 0.1170 0.1283 0.9848
vn -0.1373 0.1224 0.9829
vn -0.4558 -0.4666 -0.7580
vn -0.4920 -0.3475 -0.7982
vn -0.3586 -0.5118 -0.7807
vn 0.3509 0.3665 0.8617
vn -0.3530 0.6463 0.6766
vn -0.4265 0.5928 0.6832
vn -0.3747 -0.8753 -0.3056
vn -0.6485 -0.4673 0.6009
vn -0.6557 -0.7545 0.0284
vn 0.4470 0.7598 -0.4721
vn 0.2731 0.8140 -0.5127
vn 0.8387 -0.3962 0.3736
vn -0.5092 0.5020 0.6991
vn -0.5867 0.5893 0.5555
vn 0.8273 0.2745 -0.4901
vn 0.7705 0.4470 -0.4545
vn 0.5018 -0.5095 0.6990
vn 0.6207 -0.3489 0.7022
vn 0.5498 -0.4568 0.6993
vn 0.6176 0.6524 -0.4393
vn 0.4124 -0.4006 0.8182
vn 0.6804 -0.0859 0.7278
vn -0.4041 0.4210 0.8121
vn 0.2889 0.6295 -0.7213
vn -0.4104 0.3396 -0.8463
vn 0.6365 0.2949 -0.7126
vn 0.6467 0.2341 -0.7260
vn -0.0228 -0.7458 -0.6658
vn -0.0251 -0.7512 -0.6596
vn -0.5649 -0.8250 0.0164
vn 0.6604 -0.5050 -0.5558
vn 0.1005 -0.4730 -0.8753
vn 0.5698 -0.6180 -0.5417
vn -0.5053 0.6608 -0.5550
vn -0.7747 0.0274 -0.6317
vn -0.8220 0.5679 -0.0416
vn 0.6608 -0.5032 0.5569
vn 0.5710 -0.5973 0.5631
vn 0.5761 -0.5720 0.5839
vn -0.5018 0.6613 0.5576
vn -0.5973 0.5710 0.5632
vn -0.6148 0.5691 0.5460
vn -0.9242 -0.3783 0.0517
vn -0.6015 -0.6571 0.4544
vn 0.2336 0.6291 -0.7414
vn 0.3363 0.7629 -0.5521
vn 0.7630 0.3363 -0.5521
vn 0.5082 0.3652 -0.7800
vn -0.2931 -0.8639 0.4095
vn -0.7080 -0.7062 -0.0003
vn -0.5921 -0.6680 0.4507
vn -0.7061 -0.7081 -0.0003
vn -0.8639 -0.2933 0.4095
vn -0.6679 -0.5922 0.4507
vn -0.6951 0.7185 -0.0244
vn -0.7047 0.7082 -0.0426
vn -0.6965 0.7170 -0.0273
vn 0.1076 0.6864 0.7192
vn 0.3232 0.5610 0.7621
vn -0.0894 0.8140 0.5740
vn 0.0774 0.5440 -0.8355
vn 0.2581 0.4639 -0.8475
vn 0.1820 0.2931 -0.9386
vn 0.7156 -0.6981 -0.0252
vn 0.7082 -0.7047 -0.0427
vn 0.7037 -0.7091 -0.0440
vn -0.1314 -0.6191 -0.7742
vn -0.3733 -0.5150 -0.7716
vn -0.3115 -0.5332 -0.7865
vn 0.5963 0.3103 0.7404
vn 0.6918 0.1340 0.7095
vn 0.8232 -0.0842 0.5615
vn 0.6700 0.6311 -0.3909
vn 0.5265 0.7934 -0.3055
vn 0.6450 0.7454 -0.1687
vn -0.5632 -0.3456 -0.7506
vn -0.7196 -0.1179 -0.6843
vn 0.8321 -0.2054 0.5151
vn -0.2368 0.8272 0.5096
vn 0.4000 0.6284 -0.6672
vn 0.2122 -0.8252 -0.5234
vn 0.2090 -0.8361 -0.5073
vn 0.2028 -0.8110 -0.5488
vn -0.8358 0.2167 -0.5044
vn -0.8126 0.2108 -0.5434
vn 0.5530 0.5577 -0.6190
vn 0.5690 0.4929 -0.6583
vn 0.4867 0.6211 -0.6142
vn 0.5581 0.4808 -0.6763
vn -0.0929 0.0941 0.9912
vn 0.0003 -0.0036 1.0000
vn -0.0036 0.0005 1.0000
vn 0.0945 -0.0945 0.9910
vn -0.8613 -0.2989 -0.4109
vn -0.7064 -0.7078 0.0003
vn -0.6474 -0.6189 -0.4448
vn -0.7079 -0.7063 0.0003
vn -0.2989 -0.8613 -0.4109
vn -0.6188 -0.6475 -0.4448
vn 0.3446 -0.5269 -0.7770
vn 0.3449 -0.5238 -0.7789
vn 0.3536 -0.3534 -0.8660
vn -0.5269 0.3446 -0.7770
vn -0.5238 0.3449 -0.7789
vn -0.6506 0.3280 -0.6850
vn 0.3446 -0.5269 0.7769
vn 0.3449 -0.5238 0.7789
vn 0.3281 -0.6506 0.6850
vn -0.5269 0.3446 0.7769
vn -0.5238 0.3449 0.7789
vn -0.3535 0.3537 0.8660
vn -0.3449 0.5237 0.7789
vn -0.3446 0.5269 0.7769
vn -0.3537 0.3535 0.8660
vn 0.5238 -0.3449 0.7789
vn 0.5269 -0.3446 0.7769
vn 0.6505 -0.3281 0.6850
vn -0.7804 0.6253 -0.0000
vn 0.6253 -0.7804 -0.0000
vn -0.3449 0.5237 -0.7789
vn -0.3446 0.5269 -0.7770
vn -0.3280 0.6506 -0.6850
vn 0.5238 -0.3449 -0.7789
vn 0.5269 -0.3446 -0.7770
vn 0.3535 -0.3536 -0.8660
vn 0.7072 0.7070 -0.0000
vn 0.7070 0.7072 -0.0000
vn 0.3281 -0.6506 0.6849
vn 0.3536 -0.3534 -0.8661
vn -0.5269 0.3446 0.7770
vn -0.3535 0.3536 0.8660
vn 0.2584 -0.6674 -0.6984
vn -0.5531 -0.3940 -0.7340
vn 0.5648 -0.6765 -0.4725
vn -0.4522 0.2403 -0.8589
vn -0.8039 0.3057 -0.5101
vn -0.2941 0.0188 -0.9556
vn -0.5217 0.7111 0.4713
vn -0.5545 0.8192 0.1463
vn -0.5337 0.8187 0.2118
vn 0.1583 0.2213 0.9623
vn -0.0609 0.8926 0.4466
vn 0.1339 0.2459 0.9600
vn 0.5520 0.1382 0.8223
vn 0.6345 -0.6611 0.4004
vn 0.4457 -0.8936 0.0525
vn 0.2777 -0.6340 -0.7218
vn 0.2401 -0.6303 -0.7383
vn -0.2740 0.3751 -0.8856
vn -0.4564 0.2838 -0.8433
vn -0.3763 0.9123 0.1614
vn -0.3939 0.9132 0.1045
vn -0.0286 0.1852 0.9823
vn 0.0061 0.1131 0.9936
vn 0.3740 -0.8042 0.4620
vn 0.6280 -0.6446 0.4360
vn 0.3049 -0.6445 -0.7011
vn 0.2084 -0.7102 -0.6724
vn -0.2382 0.3964 -0.8866
vn -0.2267 0.4432 -0.8673
vn -0.3114 0.9498 0.0302
vn -0.3051 0.9455 0.1137
vn -0.0079 0.2746 0.9615
vn -0.0662 0.0390 0.9970
vn 0.3983 -0.8157 0.4194
vn 0.2122 -0.8755 0.4340
vn 0.1488 -0.9259 0.3471
vn -0.4988 -0.4559 -0.7371
vn -0.4105 -0.5758 -0.7071
vn -0.3246 -0.6586 -0.6789
vn 0.4474 0.2312 -0.8639
vn 0.4561 0.4651 -0.7588
vn 0.4910 0.3037 -0.8165
vn 0.7440 0.6357 0.2056
vn 0.7151 0.6904 0.1096
vn 0.7845 0.5933 0.1806
vn 0.0401 0.0661 0.9970
vn 0.1105 0.1181 0.9868
vn -0.6708 -0.6386 0.3772
vn -0.7707 -0.5385 0.3405
vn -0.6151 -0.7350 0.2853
vn -0.6772 -0.1315 -0.7239
vn -0.5467 -0.3775 -0.7474
vn 0.4172 0.2519 -0.8732
vn 0.3774 0.3155 -0.8706
vn 0.9203 0.3417 0.1905
vn 0.0686 -0.1068 0.9919
vn 0.3274 -0.1797 0.9276
vn -0.8146 -0.3945 0.4252
vn -0.8455 -0.3212 0.4265
vn -0.7403 0.1448 -0.6565
vn -0.7405 0.1138 -0.6623
vn 0.3991 0.3104 -0.8628
vn 0.3945 0.3255 -0.8593
vn 0.9910 0.0695 0.1143
vn 0.9387 0.2914 0.1842
vn -0.9302 -0.1824 0.3186
vn -0.7506 0.0327 -0.6600
vn 0.3939 0.3584 -0.8464
vn 0.3595 0.2414 -0.9014
vn 0.4362 0.2451 -0.8658
vn 0.9868 0.0896 0.1351
vn 0.9846 0.1108 0.1352
vn 0.9770 0.0991 0.1886
vn 0.1887 -0.1688 0.9674
vn 0.1355 -0.3337 0.9329
vn -0.8742 -0.2607 0.4096
vn -0.7117 0.0842 -0.6974
vn -0.6774 -0.2564 -0.6895
vn -0.6469 -0.2292 -0.7273
vn 0.4452 0.2461 -0.8609
vn 0.9021 0.3862 0.1927
vn 0.8916 0.4168 0.1771
vn 0.2236 -0.1262 0.9665
vn 0.1640 -0.0231 0.9862
vn -0.8048 -0.3932 0.4447
vn -0.8398 -0.2525 0.4806
vn -0.5521 -0.3998 -0.7317
vn 0.4439 0.1596 -0.8817
vn 0.3990 0.2268 -0.8885
vn 0.4427 0.0988 -0.8912
vn 0.8953 0.4316 0.1099
vn 0.8774 0.4337 0.2050
vn 0.0892 0.1604 0.9830
vn 0.0240 0.1307 0.9911
vn -0.8404 -0.3401 0.4220
vn -0.8308 -0.3899 0.3971
vn -0.5876 -0.3985 -0.7042
vn -0.5804 -0.4095 -0.7038
vn 0.5508 -0.1233 -0.8255
vn 0.5555 -0.1515 -0.8176
vn 0.9358 0.2805 0.2135
vn 0.9446 0.2723 0.1835
vn -0.0068 0.3187 0.9478
vn 0.0336 0.3266 0.9446
vn -0.9227 -0.0604 0.3808
vn -0.8386 -0.2919 0.4599
vn -0.6011 -0.3800 -0.7031
vn -0.5782 -0.3884 -0.7175
vn 0.5647 -0.2046 -0.7995
vn 0.9401 0.2573 0.2236
vn 0.9435 0.2453 0.2230
vn 0.0117 0.3717 0.9283
vn 0.0157 0.3494 0.9369
vn -0.9354 -0.0207 0.3529
vn -0.9282 -0.0837 0.3626
vn -0.5878 -0.3835 -0.7123
vn -0.6048 -0.3826 -0.6984
vn -0.5785 -0.3598 -0.7321
vn 0.5544 -0.0744 -0.8289
vn 0.5797 -0.1983 -0.7903
vn 0.9188 0.3478 0.1870
vn 0.0243 0.3176 0.9479
vn -0.8890 -0.1712 0.4246
vn -0.9041 -0.1567 0.3975
vn -0.6042 -0.3368 -0.7221
vn -0.5745 -0.3546 -0.7377
vn 0.4946 0.0107 -0.8691
vn 0.5235 0.0245 -0.8517
vn 0.9324 0.3018 0.1988
vn 0.9070 0.3809 0.1798
vn 0.0324 0.2876 0.9572
vn 0.0491 0.2395 0.9697
vn -0.8767 -0.2334 0.4207
vn 0.3221 -0.5824 -0.7464
vn -0.0136 -0.5922 -0.8057
vn -0.8043 0.1440 -0.5765
vn -0.4600 0.2610 -0.8487
vn -0.3395 0.7650 0.5472
vn -0.5021 0.8629 0.0567
vn 0.6928 0.2958 0.6577
vn 0.2030 0.1981 0.9589
vn 0.9669 -0.1977 0.1614
vn 0.8176 -0.5678 -0.0956
vn -0.3423 -0.9387 0.0404
vn 0.3341 0.9414 0.0457
vn -0.9506 0.2969 0.0908
vn -0.9488 0.3102 0.0599
vn -0.9561 0.2738 0.1045
vn 0.0065 0.0230 0.9997
vn -0.9657 -0.2590 -0.0164
vn 0.5205 0.8502 0.0789
vn 0.5740 0.8156 0.0729
vn 0.7747 0.3441 0.5305
vn 0.8461 -0.0743 0.5278
vn -0.3205 -0.9352 0.1507
vn -0.6441 -0.7632 0.0519
vn -0.7454 -0.6666 -0.0066
vn -0.7074 -0.7062 0.0299
vn 0.6877 0.1416 -0.7121
vn 0.4208 -0.8554 -0.3021
vn -0.1786 -0.6411 -0.7464
vn -0.6532 -0.1771 -0.7362
vn -0.5189 0.1983 0.8315
vn -0.7479 0.4313 -0.5046
vn -0.6920 0.7219 -0.0034
vn -0.0172 -0.0364 0.9992
vn 0.0129 0.0084 -0.9999
vn 0.6504 -0.7595 -0.0140
vn -0.7661 0.6425 -0.0173
vn -0.3933 -0.8585 -0.3290
vn -0.8585 -0.3933 -0.3290
vn 0.5329 -0.2473 -0.8092
vn 0.0835 -0.6016 -0.7944
vn -0.7890 -0.5055 0.3492
vn -0.7837 -0.5093 0.3556
vn -0.8043 -0.4895 0.3368
vn -0.5330 0.1358 0.8351
vn -0.0528 0.5316 0.8454
vn 0.9664 0.2541 0.0400
vn 0.5395 0.6801 -0.4964
vn 0.7821 0.5413 -0.3088
vn 0.7551 -0.6491 0.0920
vn 0.9933 -0.0973 0.0621
vn 0.2304 0.8673 0.4412
vn 0.7293 0.4500 0.5154
vn -0.4531 0.4822 0.7498
vn -0.4152 0.4358 0.7986
vn -0.0974 0.1547 0.9831
vn 0.2683 -0.2435 0.9321
vn 0.4366 -0.3853 -0.8130
vn -0.6587 0.5970 -0.4580
vn 0.5699 0.8093 0.1422
vn 0.5753 0.8035 0.1533
vn 0.5936 0.7941 0.1303
vn -0.1011 0.6308 -0.7693
vn -0.6017 0.0835 -0.7944
vn 0.5316 -0.0528 0.8454
vn 0.7597 0.4762 0.4428
vn 0.9252 0.3281 0.1906
vn 0.6754 0.6426 0.3619
vn 0.3485 0.7152 0.6058
vn 0.4129 0.6819 -0.6038
vn 0.6729 -0.5923 0.4431
vn 0.6881 -0.5606 0.4607
vn -0.7363 0.6373 0.2274
vn 0.5490 -0.4937 -0.6744
vn -0.0260 0.1567 0.9873
vn -0.2966 0.2181 0.9298
vn 0.7142 0.6998 0.0172
vn 0.2913 -0.3626 0.8853
vn 0.2528 -0.2434 0.9364
vn 0.6444 -0.7193 -0.2596
vn -0.4271 0.4318 0.7944
vn -0.7194 0.6418 -0.2658
vn -0.7095 0.7047 -0.0018
vn -0.6814 0.7171 -0.1465
vn -0.6819 0.7093 0.1787
vn -0.3601 0.6134 0.7029
vn -0.2779 -0.0882 -0.9565
vn 0.7303 0.6829 -0.0173
vn 0.7082 -0.6831 0.1782
vn -0.0802 -0.2934 0.9526
vn 0.7077 -0.6649 -0.2390
vn 0.6820 0.7312 -0.0147
vn -0.4625 -0.4503 -0.7638
vn 0.5752 -0.5973 0.5589
vn -0.3923 0.8389 0.3772
vn -0.1041 0.6721 0.7331
vn -0.7586 -0.0025 -0.6516
vn -0.8250 -0.5649 0.0167
vn 0.3520 -0.9233 -0.1540
vn -0.6180 0.5698 -0.5417
vn 0.5691 -0.6149 0.5459
vn -0.5719 0.5761 0.5840
vn -0.6511 -0.6071 0.4555
vn -0.3794 -0.9252 -0.0024
vn -0.7092 0.7036 -0.0439
vn -0.7898 0.0944 -0.6061
vn 0.4440 0.8543 -0.2702
vn 0.7166 -0.6968 -0.0316
vn 0.8491 -0.2329 0.4742
vn -0.2709 0.8554 0.4415
vn 0.2306 -0.8547 -0.4651
vn 0.5529 0.2587 -0.7920
vn 0.5583 0.4557 -0.6933
vn 0.3280 -0.6506 -0.6849
vn -0.3534 0.3536 -0.8660
vn 0.7803 -0.6255 -0.0000
vn -0.6254 0.7803 -0.0000
vn 0.3537 -0.3535 0.8660
vn -0.6505 0.3280 0.6850
vn -0.3281 0.6505 0.6850
vn 0.3535 -0.3537 0.8660
vn -0.3536 0.3535 -0.8660
vn 0.6506 -0.3280 -0.6850
vn 0.7803 -0.6254 -0.0000
vn -0.6506 0.3280 0.6850
vn 0.1751 -0.8190 -0.5465
vn -0.1053 0.4211 -0.9009
vn 0.6334 0.7286 0.2605
vn -0.7319 -0.5484 0.4044
vn -0.6668 -0.0935 -0.7393
vn 0.1813 0.0203 0.9832
vn -0.9331 -0.0296 0.3583
vn 0.5444 -0.0976 -0.8331
vn 0.9203 0.3602 0.1525
vn 0.0567 0.2097 0.9761
vn -0.8875 -0.2102 0.4101
vn -0.5220 0.8474 -0.0969
vn 0.4020 0.7056 0.5836
vn -0.9262 -0.3594 -0.1138
vn -0.9507 -0.3096 -0.0196
vn -0.9332 -0.3595 -0.0004
vn -0.6489 0.7159 -0.2576
vn -0.6730 0.7396 -0.0061
vn -0.6490 0.7136 -0.2639
vn 0.9476 -0.2069 0.2432
vn 0.8828 -0.4697 -0.0010
vn 0.8608 -0.4465 0.2444
vn -0.8957 -0.3900 -0.2137
vn -0.9290 -0.3368 -0.1531
vn -0.5785 0.6455 -0.4986
vn -0.5774 0.6421 -0.5043
vn 0.8834 -0.1428 0.4463
vn 0.7925 -0.3794 0.4776
vn -0.8480 -0.4377 -0.2989
vn -0.8909 -0.3750 -0.2563
vn -0.4665 0.5334 -0.7056
vn -0.4644 0.5291 -0.7103
vn 0.7843 -0.0436 0.6189
vn -0.7863 -0.4994 -0.3637
vn -0.8352 -0.4306 -0.3420
vn -0.3202 0.3872 -0.8646
vn -0.3175 0.3821 -0.8679
vn 0.6570 0.0838 0.7492
vn 0.6846 -0.2700 0.6771
vn 0.5451 -0.1321 0.8279
vn -0.7148 -0.5709 -0.4038
vn -0.7657 -0.5002 -0.4043
vn -0.1500 0.2169 -0.9646
vn -0.1467 0.2115 -0.9663
vn 0.5101 0.2306 0.8286
vn 0.3821 0.0310 0.9236
vn -0.6656 -0.6262 -0.4061
vn -0.6872 -0.5786 -0.4393
vn 0.0326 0.0357 -0.9988
vn 0.0368 0.0282 -0.9989
vn 0.3534 0.3894 0.8506
vn 0.2069 0.2060 0.9564
vn -0.5905 -0.7016 -0.3988
vn -0.6161 -0.6439 -0.4537
vn 0.2152 -0.1469 -0.9655
vn 0.2190 -0.1541 -0.9635
vn 0.1986 0.5445 0.8149
vn 0.0320 0.3811 0.9240
vn -0.4919 -0.7939 -0.3574
vn -0.5337 -0.7264 -0.4330
vn 0.3861 -0.3191 -0.8655
vn 0.3889 -0.3243 -0.8623
vn 0.0548 0.6859 0.7256
vn -0.1312 0.5442 0.8286
vn -0.4314 -0.8542 -0.2901
vn -0.4517 -0.8142 -0.3648
vn 0.5325 -0.4654 -0.7069
vn 0.5346 -0.4700 -0.7024
vn -0.0672 0.8079 0.5854
vn -0.2713 0.6844 0.6768
vn -0.3855 -0.9001 -0.2028
vn -0.3910 -0.8748 -0.2861
vn 0.6450 -0.5778 -0.5002
vn -0.1595 0.9002 0.4053
vn -0.3788 0.7920 0.4788
vn -0.3572 -0.9285 -0.1018
vn -0.3469 -0.9189 -0.1878
vn 0.7155 -0.6486 -0.2595
vn 0.6460 -0.5814 -0.4946
vn 0.7156 -0.6510 -0.2532
vn -0.2156 0.9563 0.1976
vn -0.4453 0.8596 0.2505
vn -0.3483 -0.9374 0.0063
vn -0.3223 -0.9435 -0.0768
vn 0.7398 -0.6728 -0.0009
vn -0.2318 0.9725 -0.0236
vn -0.4696 0.8829 0.0007
vn -0.3595 -0.9262 0.1139
vn -0.3188 -0.9470 0.0396
vn 0.7387 -0.6740 0.0055
vn 0.7159 -0.6489 0.2576
vn -0.2069 0.9477 -0.2432
vn -0.4468 0.8599 -0.2468
vn -0.3900 -0.8957 0.2137
vn -0.3367 -0.9291 0.1532
vn 0.6455 -0.5785 0.4987
vn 0.7136 -0.6489 0.2639
vn 0.6421 -0.5774 0.5043
vn -0.1428 0.8835 -0.4462
vn -0.3794 0.7925 -0.4776
vn -0.4376 -0.8480 0.2990
vn -0.3749 -0.8909 0.2562
vn 0.5334 -0.4663 0.7057
vn 0.5290 -0.4644 0.7103
vn -0.0436 0.7843 -0.6189
vn -0.2725 0.6868 -0.6738
vn -0.4995 -0.7862 0.3638
vn -0.4306 -0.8352 0.3420
vn 0.3872 -0.3202 0.8646
vn 0.3821 -0.3175 0.8679
vn 0.0837 0.6570 -0.7493
vn -0.5709 -0.7147 0.4040
vn -0.5001 -0.7657 0.4044
vn 0.2170 -0.1498 0.9646
vn -0.1290 0.5444 -0.8289
vn 0.2306 0.5100 -0.8287
vn -0.6473 -0.6384 0.4164
vn -0.5786 -0.6872 0.4393
vn 0.0342 0.0329 0.9989
vn 0.2114 -0.1467 0.9663
vn 0.0283 0.0362 0.9989
vn 0.3871 0.3537 -0.8515
vn 0.0333 0.3813 -0.9238
vn 0.2060 0.2071 -0.9564
vn -0.7233 -0.5623 0.4007
vn -0.6609 -0.6050 0.4441
vn -0.1487 0.2157 0.9651
vn -0.1541 0.2189 0.9635
vn 0.5423 0.1984 -0.8164
vn 0.3811 0.0321 -0.9240
vn -0.7939 -0.4919 0.3575
vn -0.7412 -0.5246 0.4188
vn -0.3191 0.3862 0.8655
vn -0.3242 0.3889 0.8624
vn 0.6859 0.0548 -0.7256
vn 0.5442 -0.1312 -0.8286
vn -0.8542 -0.4315 0.2901
vn -0.8142 -0.4517 0.3649
vn -0.4655 0.5325 0.7070
vn 0.8079 -0.0672 -0.5854
vn 0.6844 -0.2713 -0.6768
vn -0.9002 -0.3854 0.2029
vn -0.8748 -0.3911 0.2861
vn -0.5779 0.6448 0.5003
vn -0.4697 0.5346 0.7026
vn -0.5813 0.6460 0.4948
vn 0.9002 -0.1595 -0.4053
vn 0.7920 -0.3788 -0.4788
vn -0.9284 -0.3573 0.1017
vn -0.9189 -0.3469 0.1878
vn -0.6486 0.7155 0.2596
vn -0.6510 0.7156 0.2532
vn 0.9563 -0.2156 -0.1976
vn 0.8596 -0.4466 -0.2482
vn -0.9435 -0.3223 0.0767
vn -0.6721 0.7404 0.0030
vn 0.9747 -0.2216 0.0282
vn -0.5244 -0.4974 0.6911
vn -0.3912 -0.6424 0.6590
vn -0.3810 -0.6396 0.6677
vn -0.0920 -0.9375 0.3357
vn -0.0505 -0.9832 0.1756
vn -0.0367 -0.9838 0.1755
vn -0.9375 -0.0919 -0.3357
vn -0.9832 -0.0505 -0.1756
vn -0.9838 -0.0367 -0.1755
vn -0.1760 -0.8534 -0.4906
vn -0.2762 -0.7575 -0.5915
vn -0.2678 -0.7527 -0.6014
vn -0.6505 -0.3715 0.6625
vn -0.5163 -0.5175 0.6824
vn -0.8616 -0.1678 -0.4790
vn -0.9367 -0.0947 -0.3370
vn -0.0978 -0.9317 -0.3499
vn -0.1766 -0.8549 -0.4879
vn -0.7521 -0.2773 0.5978
vn -0.6410 -0.3927 0.6595
vn -0.0479 -0.9815 -0.1853
vn -0.0988 -0.9326 -0.3471
vn -0.0343 -0.9994 -0.0010
vn -0.0208 -0.9998 -0.0038
vn -0.1678 -0.8616 0.4790
vn -0.0947 -0.9367 0.3371
vn -0.8534 -0.1760 0.4906
vn -0.7540 -0.2775 0.5954
vn -0.9317 -0.0978 0.3499
vn -0.8549 -0.1767 0.4879
vn -0.0496 -0.9819 -0.1827
vn -0.6458 -0.3837 -0.6601
vn -0.7588 -0.2749 -0.5905
vn -0.7574 -0.2631 -0.5976
vn -0.9815 -0.0479 0.1853
vn -0.9326 -0.0989 0.3471
vn -0.5205 -0.5090 -0.6856
vn -0.6449 -0.3866 -0.6593
vn -0.2673 -0.7621 0.5897
vn -0.1708 -0.8607 0.4796
vn -0.9995 -0.0299 0.0081
vn -0.9819 -0.0496 0.1827
vn -0.3948 -0.6346 -0.6644
vn -0.5199 -0.5116 -0.6841
vn -0.8607 -0.1708 -0.4796
vn -0.2703 -0.7612 0.5896
vn -0.9995 -0.0321 0.0059
vn -0.3946 -0.6369 -0.6623
vn -0.5217 0.1632 0.8373
vn -0.2643 0.1004 0.9592
vn -0.3568 -0.0017 0.9342
vn 0.4813 -0.8398 0.2511
vn 0.6205 -0.7842 0.0010
vn 0.5048 -0.8633 0.0008
vn -0.6633 0.3048 0.6834
vn -0.4335 0.2701 0.8597
vn -0.7719 0.4134 0.4830
vn -0.5789 0.4154 0.7016
vn -0.8401 0.4816 0.2496
vn -0.6906 0.5266 0.4958
vn -0.8632 0.5048 -0.0008
vn -0.7605 0.5967 0.2561
vn -0.8398 0.4813 -0.2511
vn -0.7843 0.6204 -0.0010
vn -0.7713 0.4128 -0.4844
vn -0.7603 0.5961 -0.2581
vn -0.6625 0.3040 -0.6846
vn -0.6896 0.5262 -0.4975
vn -0.5208 0.1623 -0.8381
vn -0.5780 0.4142 -0.7031
vn -0.3557 -0.0027 -0.9346
vn -0.4323 0.2689 -0.8607
vn -0.1787 -0.1798 -0.9673
vn -0.2629 0.0993 -0.9597
vn -0.0017 -0.3568 -0.9342
vn -0.0812 -0.0826 -0.9933
vn 0.1633 -0.5217 -0.8373
vn 0.1008 -0.2641 -0.9592
vn 0.3048 -0.6633 -0.6834
vn 0.2702 -0.4335 -0.8597
vn 0.4134 -0.7719 -0.4830
vn 0.4152 -0.5791 -0.7016
vn 0.4816 -0.8401 -0.2496
vn 0.5267 -0.6905 -0.4958
vn 0.4128 -0.7713 0.4844
vn 0.5957 -0.7606 0.2581
vn 0.3041 -0.6625 0.6846
vn 0.5258 -0.6900 0.4975
vn 0.1623 -0.5208 0.8381
vn 0.4141 -0.5781 0.7031
vn -0.0028 -0.3557 0.9346
vn 0.2684 -0.4327 0.8607
vn -0.1795 -0.1783 0.9675
vn 0.0993 -0.2629 0.9597
vn 0.5966 -0.7606 -0.2561
vn -0.0825 -0.0810 0.9933
vn 0.8601 0.5062 0.0639
vn 0.8853 0.4648 -0.0127
vn 0.8810 0.4647 0.0884
vn 0.6379 0.7283 0.2505
vn 0.6840 0.6660 0.2975
vn 0.6035 0.7542 0.2588
vn 0.6337 0.7325 -0.2489
vn 0.5621 0.7880 -0.2512
vn 0.6525 0.7051 -0.2775
vn 0.8424 0.5237 0.1266
vn 0.8362 0.5214 0.1699
vn 0.5936 0.7726 0.2253
vn 0.5511 0.7987 0.2417
vn 0.6805 0.6858 -0.2581
vn 0.6974 0.6525 -0.2963
vn 0.4950 0.8688 -0.0124
vn 0.4827 0.8750 0.0371
vn 0.4650 0.8848 -0.0308
vn 0.8138 0.5523 0.1806
vn 0.8079 0.5418 0.2317
vn 0.5554 0.8108 0.1849
vn 0.5111 0.8387 0.1882
vn 0.7283 0.6380 -0.2502
vn 0.7508 0.5992 -0.2779
vn 0.8402 0.5260 -0.1318
vn 0.8356 0.5220 -0.1710
vn 0.8675 0.4823 -0.1218
vn 0.7763 0.5898 0.2223
vn 0.7610 0.5888 0.2724
vn 0.8108 0.5554 -0.1849
vn 0.7990 0.5587 -0.2224
vn 0.5238 0.8424 -0.1266
vn 0.4959 0.8618 -0.1065
vn 0.5040 0.8458 -0.1751
vn 0.5259 0.8402 0.1318
vn 0.4822 0.8676 0.1218
vn 0.7726 0.5937 -0.2252
vn 0.5060 0.8601 -0.0639
vn 0.8590 0.5072 -0.0698
vn 0.8833 0.4665 -0.0471
vn 0.7325 0.6337 0.2487
vn 0.7082 0.6416 0.2946
vn 0.5523 0.8138 -0.1806
vn 0.5418 0.8079 -0.2317
vn 0.5072 0.8590 0.0698
vn 0.8658 0.5004 -0.0031
vn 0.6852 0.6809 0.2584
vn 0.5899 0.7763 -0.2222
vn -0.7043 -0.7060 0.0739
vn -0.6929 -0.7032 0.1592
vn -0.6299 -0.6029 0.4896
vn 0.7062 0.7048 0.0666
vn 0.6941 0.7038 0.1514
vn 0.6362 0.6080 0.4750
vn 0.7014 -0.7110 0.0501
vn 0.8073 -0.5686 0.1577
vn 0.6043 -0.6348 0.4816
vn -0.7982 0.5930 -0.1065
vn -0.9413 0.3353 0.0382
vn -0.7698 0.6204 0.1500
vn -0.6085 0.6407 0.4682
vn -0.7108 0.7003 0.0662
vn 0.0042 0.0274 0.9996
vn -0.0044 -0.0267 0.9996
vn 0.0186 0.0167 0.9997
vn -0.7234 -0.6892 0.0417
vn -0.6890 -0.7014 -0.1828
vn 0.6947 -0.7176 0.0498
vn 0.8006 -0.5901 -0.1043
vn 0.7232 0.6895 0.0393
vn 0.6890 0.7014 -0.1828
vn -0.6946 0.7176 0.0503
vn 0.5939 -0.8044 0.0136
vn 0.2115 -0.8686 -0.4481
vn 0.4268 -0.9036 0.0362
vn -0.8915 0.3920 -0.2271
vn -0.7899 0.6130 0.0148
vn -0.8912 0.4526 0.0315
vn -0.8592 0.4986 -0.1143
vn -0.7007 0.7103 -0.0677
vn -0.5416 0.8176 0.1956
vn -0.5229 0.8415 -0.1357
vn -0.4487 0.8723 0.1942
vn -0.3914 0.8865 -0.2468
vn 0.8760 -0.4414 0.1947
vn 0.8447 -0.5210 -0.1227
vn 0.8514 -0.4848 0.2003
vn 0.7020 -0.7092 -0.0655
vn 0.9894 0.1451 0.0095
vn 0.9596 0.2815 -0.0001
vn 0.9782 0.1971 0.0653
vn 0.1551 0.9862 0.0583
vn 0.2798 0.9600 -0.0071
vn 0.2621 0.9650 -0.0088
vn -0.5942 -0.7974 0.1054
vn -0.8421 -0.2541 0.4757
vn -0.4092 -0.7780 0.4767
vn -0.9825 -0.1515 0.1088
vn -0.9851 -0.1489 0.0860
vn -0.9844 -0.1540 0.0851
vn 0.6143 -0.5493 0.5665
vn 0.5239 -0.6633 0.5344
vn 0.3679 -0.7652 0.5283
vn 0.0733 -0.8539 0.5153
vn -0.3462 -0.7839 0.5155
vn -0.5962 -0.5791 0.5561
vn -0.7559 -0.3444 0.5567
vn -0.7667 0.3729 0.5227
vn -0.6695 0.5187 0.5317
vn -0.5587 0.6280 0.5417
vn -0.4154 0.7875 0.4553
vn -0.2231 0.8969 0.3819
vn 0.3566 0.8988 0.2550
vn 0.2057 0.9765 0.0645
vn 0.9073 0.3072 0.2872
vn 0.8767 0.4118 0.2487
vn 0.8284 -0.3085 0.4675
vn 0.7309 -0.3848 0.5637
vn -0.5516 -0.2803 -0.7856
vn -0.1681 -0.6083 -0.7757
vn -0.4066 -0.4202 -0.8112
vn -0.6247 -0.1511 -0.7661
vn -0.6965 0.1157 -0.7082
vn -0.8056 0.5140 -0.2945
vn -0.8568 0.4199 -0.2993
vn -0.5135 0.8043 -0.2991
vn 0.4445 0.4294 -0.7861
vn -0.0790 0.6623 -0.7450
vn 0.2094 0.5791 -0.7879
vn 0.5807 0.2085 -0.7870
vn 0.6623 -0.0790 -0.7450
vn 0.8043 -0.5135 -0.2991
vn 0.8732 -0.4042 -0.2724
vn 0.8554 -0.4208 -0.3021
vn 0.5002 -0.8593 -0.1069
vn 0.4990 -0.8079 -0.3134
vn 0.2441 -0.8115 -0.5309
vn -0.2941 0.6697 0.6819
vn -0.3102 0.6491 0.6946
vn -0.4357 0.7484 0.5001
vn -0.1977 0.5039 0.8408
vn 0.6591 -0.3099 0.6852
vn 0.6699 -0.2936 0.6819
vn 0.7487 -0.4407 0.4952
vn -0.2925 0.6717 -0.6806
vn -0.3071 0.6611 -0.6846
vn -0.1960 0.5116 -0.8366
vn -0.4396 0.7487 -0.4961
vn 0.6605 -0.3080 -0.6847
vn 0.6716 -0.2933 -0.6804
vn 0.5057 -0.1960 -0.8401
vn 0.7117 -0.7025 0.0004
vn 0.7182 -0.6958 0.0088
vn 0.7432 -0.6689 -0.0139
vn 0.0023 0.0063 1.0000
vn 0.0007 0.0242 0.9997
vn 0.0364 0.0170 0.9992
vn 0.0017 0.0013 -1.0000
vn 0.0077 0.0295 -0.9995
vn -0.0084 -0.0129 -0.9999
vn -0.7130 0.7011 -0.0012
vn -0.6916 0.7221 0.0149
vn -0.7218 0.6920 -0.0033
vn 0.0255 0.0120 -0.9996
vn 0.0415 0.0825 -0.9957
vn -0.6935 0.7204 -0.0101
vn -0.6434 0.7649 0.0292
vn 0.0794 0.0397 0.9961
vn 0.7546 -0.6558 0.0233
vn 0.4261 0.6556 -0.6234
vn 0.3945 0.8576 -0.3300
vn 0.5369 0.7126 -0.4517
vn 0.3039 0.9447 -0.1232
vn 0.2203 0.8546 -0.4702
vn 0.0879 0.9803 -0.1766
vn 0.0877 0.9852 0.1473
vn 0.2037 0.8697 0.4496
vn 0.3057 0.9443 0.1220
vn 0.5371 0.7113 0.4535
vn 0.4248 0.6506 0.6295
vn 0.7124 0.5379 0.4508
vn 0.6410 0.4342 0.6329
vn 0.8576 0.3945 0.3299
vn 0.9443 0.3057 0.1220
vn 0.8550 0.2225 0.4685
vn 0.9798 0.0921 0.1774
vn 0.9447 0.3039 -0.1232
vn 0.8704 0.2044 -0.4479
vn 0.9860 0.0818 -0.1452
vn 0.6633 0.4117 -0.6249
vn 0.8572 0.3945 -0.3310
vn 0.7138 0.5357 -0.4512
vn -0.8093 -0.5706 0.1396
vn -0.7941 -0.5936 0.1304
vn -0.8059 -0.5720 0.1527
vn -0.5500 0.2280 -0.8035
vn -0.6063 0.1363 -0.7834
vn -0.6308 0.1011 -0.7694
vn -0.0690 0.5964 -0.7997
vn -0.1853 0.5216 -0.8328
vn -0.1790 0.5237 -0.8329
vn 0.5058 -0.1729 0.8452
vn 0.5427 -0.1422 0.8278
vn 0.5127 -0.1533 0.8448
vn 0.1319 -0.4740 0.8706
vn 0.0762 -0.5331 0.8426
vn 0.1447 -0.4639 0.8740
vn 0.4783 -0.1955 0.8561
vn 0.5469 0.8366 -0.0311
vn 0.5642 0.8245 -0.0427
vn 0.5472 0.8367 -0.0203
vn -0.4035 -0.8445 0.3520
vn -0.5702 -0.6744 0.4690
vn -0.5489 -0.8096 0.2078
vn -0.9530 -0.1835 0.2412
vn -0.9909 -0.1341 -0.0073
vn -0.8855 -0.4406 0.1475
vn 0.6794 -0.7274 0.0966
vn 0.3161 -0.9479 0.0387
vn 0.6800 -0.7276 0.0906
vn -0.3691 0.2964 -0.8808
vn -0.4501 0.2184 -0.8659
vn -0.3709 0.3029 -0.8779
vn -0.3017 0.1885 0.9346
vn -0.7296 -0.1522 0.6667
vn -0.0800 0.0317 0.9963
vn 0.7065 -0.6948 0.1343
vn 0.0697 -0.0550 0.9960
vn 0.1201 -0.1449 0.9821
vn -0.0040 0.0057 1.0000
vn -0.6800 0.7017 0.2126
vn -0.6651 0.7240 0.1830
vn -0.6541 0.7428 0.1428
vn -0.4292 0.4164 -0.8015
vn -0.4442 0.4538 -0.7725
vn 0.2065 -0.2256 -0.9521
vn 0.2127 -0.2028 -0.9558
vn 0.2091 -0.2309 -0.9503
vn 0.2237 -0.5503 -0.8044
vn 0.1362 -0.6064 -0.7834
vn 0.2467 -0.5378 -0.8062
vn 0.5189 -0.1854 -0.8345
vn 0.5965 -0.0690 -0.7997
vn 0.5241 -0.1834 -0.8317
vn 0.5054 0.7890 0.3494
vn 0.4891 0.8044 0.3373
vn 0.5093 0.7837 0.3556
vn -0.1708 0.4978 0.8503
vn -0.1422 0.5427 0.8278
vn -0.1357 0.5331 0.8351
vn -0.5332 0.0763 0.8426
vn -0.4709 0.1311 0.8724
vn -0.4637 0.1459 0.8739
vn -0.1544 0.4994 0.8525
vn -0.1955 0.4783 0.8561
vn 0.8245 0.5642 -0.0426
vn 0.8366 0.5470 -0.0311
vn 0.8367 0.5473 -0.0202
vn 0.9964 -0.0817 0.0232
vn 0.9486 -0.3160 -0.0180
vn 0.9946 -0.0889 0.0534
vn -0.1649 0.0246 0.9860
vn -0.4665 -0.2863 0.8369
vn -0.0958 0.0196 0.9952
vn -0.4706 -0.7201 0.5099
vn -0.6960 -0.5164 0.4990
vn -0.5387 -0.7814 0.3151
vn 0.0789 -0.0728 -0.9942
vn -0.1647 -0.3435 -0.9246
vn 0.0297 -0.0590 -0.9978
vn -0.9843 -0.1512 -0.0910
vn -0.9711 -0.0742 0.2270
vn -0.9642 0.1851 0.1899
vn -0.2755 -0.8576 -0.4343
vn -0.4324 -0.8675 -0.2459
vn -0.5584 -0.5742 -0.5987
vn -0.8784 -0.0658 -0.4734
vn -0.8971 -0.3223 -0.3022
vn -0.2836 -0.8144 0.5063
vn -0.6825 0.6586 0.3169
vn -0.5406 0.5987 0.5909
vn -0.5905 0.6188 0.5181
vn 0.1097 -0.0706 0.9915
vn 0.1867 -0.1120 0.9760
vn 0.6672 -0.7210 0.1873
vn 0.6980 -0.7096 0.0961
vn 0.6900 -0.6906 0.2165
vn 0.1734 -0.1223 -0.9772
vn 0.2175 -0.1388 -0.9661
vn -0.5960 0.7054 -0.3837
vn -0.6083 0.6961 -0.3815
vn -0.1664 0.1571 -0.9735
vn 0.0697 -0.0602 -0.9957
vn 0.1559 -0.1707 -0.9729
vn 0.1068 -0.1392 0.9845
vn -0.1215 0.0765 0.9896
vn -0.1567 0.0260 0.9873
vn 0.2895 -0.2200 0.9315
vn 0.2434 -0.2528 0.9364
vn -0.7660 -0.6424 -0.0232
vn -0.6994 -0.7144 -0.0221
vn -0.6558 -0.7442 -0.1267
vn -0.6989 -0.7150 -0.0202
vn -0.6421 -0.7662 0.0264
vn -0.6819 -0.7275 -0.0757
vn -0.6637 -0.7448 -0.0693
vn -0.7147 -0.6991 -0.0235
vn -0.6952 -0.7187 0.0133
vn -0.4648 0.4655 0.7531
vn -0.4332 0.4277 0.7934
vn -0.4010 0.4211 0.8136
vn -0.2352 0.3125 0.9203
vn -0.6588 0.7180 -0.2247
vn -0.6635 0.7437 -0.0821
vn -0.6789 0.7285 -0.0916
vn 0.3765 -0.3205 0.8692
vn 0.4731 -0.4173 0.7759
vn 0.4582 -0.3795 0.8038
vn 0.7292 -0.6810 -0.0667
vn 0.7183 -0.6567 -0.2298
vn 0.7146 -0.6868 -0.1329
vn -0.0583 0.0750 -0.9955
vn -0.3376 0.2972 -0.8931
vn 0.3164 -0.3402 -0.8855
vn -0.7094 -0.7047 0.0147
vn 0.4454 0.6610 -0.6039
vn 0.7180 0.6941 0.0516
vn 0.9655 0.2034 0.1627
vn 0.9566 0.2796 -0.0818
vn 0.7298 0.6817 0.0513
vn 0.4914 0.6229 0.6087
vn 0.7633 -0.6442 -0.0476
vn 0.6982 -0.7158 -0.0128
vn 0.7673 -0.6402 -0.0361
vn 0.7367 -0.6753 0.0356
vn 0.7505 -0.6608 -0.0047
vn 0.7865 -0.6175 0.0089
vn 0.4463 -0.7712 0.4540
vn -0.0157 0.0235 -0.9996
vn 0.2131 -0.0949 -0.9724
vn 0.5354 -0.4066 -0.7403
vn 0.5740 -0.7966 0.1895
vn -0.1047 -0.0230 0.9942
vn -0.0154 0.0209 0.9997
vn 0.0102 0.0577 0.9983
vn 0.7550 0.0202 -0.6555
vn 0.6893 -0.4375 -0.5774
vn -0.0940 0.0926 -0.9913
vn 0.2559 0.5100 -0.8212
vn -0.4447 -0.1715 -0.8791
vn 0.1326 -0.9441 -0.3017
vn 0.6933 -0.7085 0.1314
vn 0.9230 -0.3848 0.0021
vn 0.8936 -0.4454 -0.0546
vn 0.1309 -0.9436 0.3042
vn 0.3709 -0.6443 0.6688
vn 0.8161 -0.4911 0.3048
vn 0.2409 0.0512 0.9692
vn 0.1737 -0.6538 -0.7365
vn 0.8266 -0.5314 -0.1854
vn 0.6332 -0.7227 -0.2771
vn -0.9443 -0.2169 0.2473
vn -0.7890 -0.5325 -0.3064
vn -0.2749 -0.9610 0.0310
vn -0.7071 -0.7071 -0.0001
vn 0.6610 0.4454 -0.6040
vn 0.2073 0.9600 0.1881
vn 0.6845 0.7264 0.0611
vn -0.6821 0.7293 -0.0527
vn -0.6514 0.7558 -0.0670
vn -0.7203 0.6937 0.0017
vn -0.6599 0.7512 0.0122
vn -0.6411 0.7665 0.0393
vn -0.6790 0.7337 -0.0262
vn -0.7738 0.4460 0.4497
vn 0.0554 0.0285 -0.9981
vn -0.3747 0.6005 -0.7064
vn -0.1200 0.2070 -0.9710
vn -0.7950 0.5776 0.1853
vn -0.6991 0.7150 -0.0062
vn -0.3441 0.4104 -0.8445
vn -0.4492 0.6861 -0.5723
vn -0.0522 -0.0775 0.9956
vn 0.0473 0.0367 0.9982
vn 0.0190 -0.0061 0.9998
vn 0.0933 -0.0933 -0.9913
vn -0.3009 -0.3781 -0.8755
vn 0.5706 -0.0008 -0.8212
vn -0.9441 0.1326 -0.3017
vn -0.7082 0.6936 0.1315
vn -0.7170 0.6815 -0.1466
vn -0.9436 0.1308 0.3041
vn -0.4523 0.8885 -0.0772
vn -0.3848 0.9230 0.0020
vn -0.6438 0.3702 0.6697
vn -0.1041 0.8051 0.5840
vn -0.5788 0.5860 0.5670
vn -0.6604 0.1763 -0.7299
vn -0.4842 0.8515 -0.2012
vn 0.0885 0.2784 -0.9564
vn -0.5294 -0.7921 -0.3038
vn -0.3977 -0.7637 0.5086
vn -0.9641 -0.2654 0.0068
vn -0.6587 -0.6168 -0.4310
vn -0.5306 -0.7751 -0.3432
vn -0.8039 -0.4849 -0.3444
vn -0.2848 -0.3822 -0.8791
vn -0.5038 -0.3590 -0.7857
vn -0.3839 -0.2758 -0.8812
vn -0.3864 -0.3622 0.8482
vn -0.4479 -0.4615 0.7658
vn -0.4632 -0.4506 0.7631
vn 0.1383 -0.1234 0.9827
vn 0.4557 0.4668 -0.7580
vn 0.4911 0.3478 -0.7986
vn 0.3571 0.5126 -0.7809
vn -0.3509 -0.3665 0.8617
vn 0.3530 -0.6462 0.6766
vn 0.4265 -0.5928 0.6832
vn 0.3753 0.8751 -0.3057
vn 0.6488 0.4670 0.6008
vn 0.6560 0.7542 0.0282
vn -0.4470 -0.7598 -0.4721
vn -0.2732 -0.8139 -0.5127
vn -0.8387 0.3962 0.3736
vn 0.5092 -0.5020 0.6991
vn 0.5866 -0.5893 0.5555
vn -0.8273 -0.2745 -0.4901
vn -0.7705 -0.4470 -0.4544
vn -0.5018 0.5095 0.6990
vn -0.6207 0.3489 0.7021
vn -0.5497 0.4568 0.6994
vn -0.6175 -0.6524 -0.4393
vn -0.4125 0.4006 0.8182
vn -0.6804 0.0859 0.7278
vn 0.4042 -0.4210 0.8120
vn -0.2916 -0.6323 -0.7177
vn -0.3564 -0.5092 -0.7834
vn 0.4142 -0.3392 -0.8446
vn -0.6337 -0.2921 -0.7163
vn -0.6404 -0.2340 -0.7315
vn 0.0139 0.7504 -0.6608
vn 0.0157 0.7558 -0.6547
vn 0.5649 0.8250 0.0164
vn -0.6604 0.5050 -0.5557
vn -0.1005 0.4730 -0.8753
vn -0.5698 0.6180 -0.5417
vn 0.5053 -0.6608 -0.5550
vn 0.7747 -0.0274 -0.6317
vn 0.8220 -0.5680 -0.0415
vn -0.6616 0.5021 0.5569
vn -0.5710 0.5973 0.5632
vn -0.5761 0.5719 0.5839
vn 0.5028 -0.6605 0.5577
vn 0.5973 -0.5710 0.5632
vn 0.6149 -0.5691 0.5460
vn 0.9245 0.3776 0.0521
vn 0.6013 0.6571 0.4545
vn -0.2340 -0.6354 -0.7359
vn -0.3363 -0.7630 -0.5521
vn -0.7630 -0.3363 -0.5521
vn 0.2932 0.8639 0.4095
vn 0.7081 0.7061 -0.0003
vn 0.5922 0.6680 0.4507
vn 0.7064 0.7078 -0.0001
vn 0.8639 0.2932 0.4095
vn 0.6680 0.5922 0.4507
vn 0.6952 -0.7184 -0.0244
vn 0.7047 -0.7082 -0.0426
vn 0.6965 -0.7170 -0.0273
vn -0.1490 -0.6831 0.7149
vn -0.3492 -0.5957 0.7233
vn 0.0641 -0.8109 0.5817
vn -0.7156 0.6981 -0.0252
vn -0.7082 0.7047 -0.0427
vn -0.7035 0.7094 -0.0439
vn -0.0896 0.7896 -0.6071
vn 0.1179 0.7196 -0.6843
vn 0.3464 0.5581 -0.7540
vn -0.5810 -0.3134 0.7512
vn -0.7001 -0.1081 0.7058
vn -0.8223 0.0826 0.5630
vn -0.5099 -0.5519 -0.6598
vn -0.4707 -0.2047 -0.8582
vn -0.2922 -0.1692 -0.9413
vn 0.5150 0.3733 -0.7716
vn 0.5379 0.3106 -0.7837
vn -0.8357 0.2110 0.5070
vn 0.2327 -0.8232 0.5178
vn -0.2325 -0.5851 -0.7769
vn -0.4499 -0.5974 -0.6638
vn -0.2163 0.8339 -0.5078
vn -0.2110 0.8126 -0.5432
vn 0.8380 -0.2094 -0.5039
vn 0.8253 -0.2122 -0.5234
vn 0.8110 -0.2028 -0.5488
vn -0.5153 -0.5831 -0.6280
vn -0.5602 -0.5647 -0.6061
vn -0.5234 -0.5802 -0.6240
vn -0.5822 -0.4702 -0.6633
vn 0.0938 -0.0950 0.9910
vn -0.0004 0.0036 1.0000
vn -0.1158 -0.1278 0.9850
vn 0.0035 -0.0005 1.0000
vn -0.0935 0.0935 0.9912
vn 0.8613 0.2989 -0.4109
vn 0.7063 0.7079 0.0003
vn 0.6474 0.6188 -0.4449
vn 0.7079 0.7063 0.0003
vn 0.2989 0.8613 -0.4109
vn 0.6188 0.6474 -0.4448
vn -0.3449 0.5238 -0.7789
vn -0.3536 0.3534 -0.8661
vn -0.3446 0.5269 0.7770
vn -0.3449 0.5238 0.7789
vn -0.3280 0.6506 0.6850
vn 0.5269 -0.3446 0.7770
vn 0.3534 -0.3536 0.8660
vn 0.3446 -0.5269 0.7770
vn 0.3536 -0.3535 0.8660
vn 0.7804 -0.6253 -0.0000
vn -0.6253 0.7804 -0.0000
vn 0.3278 -0.6508 -0.6849
vn -0.3535 0.3536 -0.8660
vn -0.7072 -0.7070 -0.0000
vn -0.7070 -0.7072 -0.0000
vn -0.3450 0.5235 -0.7791
vn -0.3536 0.3534 -0.8660
vn 0.3280 -0.6506 -0.6850
vn -0.0487 0.6493 -0.7590
vn 0.0108 0.3221 -0.9466
vn 0.4837 0.3541 -0.8004
vn -0.7891 0.6059 0.1012
vn -0.6214 0.7818 -0.0522
vn -0.3114 0.8835 -0.3499
vn -0.2290 -0.5734 0.7866
vn -0.3978 0.1434 0.9062
vn -0.6381 0.3433 0.6892
vn 0.2080 -0.6231 0.7540
vn 0.3526 -0.7418 0.5705
vn 0.3645 -0.6968 0.6178
vn 0.6913 -0.6925 -0.2061
vn 0.5873 -0.5730 -0.5716
vn 0.6129 -0.5752 -0.5418
vn 0.0180 0.3721 -0.9280
vn -0.1133 0.2651 -0.9575
vn -0.3974 0.9169 0.0367
vn -0.5945 0.8041 0.0030
vn -0.1729 0.2505 0.9526
vn -0.1497 0.3102 0.9388
vn 0.2723 -0.7870 0.5536
vn 0.3232 -0.7300 0.6022
vn 0.3284 -0.7555 -0.5670
vn 0.3191 -0.7233 -0.6124
vn -0.0794 0.3417 -0.9364
vn -0.2352 0.3094 -0.9214
vn -0.0506 0.9984 -0.0268
vn -0.4249 0.9052 -0.0011
vn -0.0107 0.1277 0.9917
vn 0.0741 0.4138 0.9074
vn 0.2269 -0.8842 0.4083
vn 0.2888 -0.7922 0.5376
vn 0.2138 -0.8559 -0.4709
vn 0.1865 -0.7611 -0.6213
vn -0.0528 0.2766 -0.9595
vn -0.0301 0.3780 -0.9253
vn 0.7761 0.5976 -0.2014
vn 0.5540 0.7573 -0.3459
vn 0.6649 0.7465 -0.0243
vn 0.6079 0.0919 0.7887
vn 0.3566 0.2876 0.8889
vn 0.5592 0.0778 0.8254
vn -0.3894 -0.5729 0.7212
vn -0.4644 -0.6011 0.6504
vn -0.4472 -0.5414 0.7120
vn -0.8137 -0.4395 -0.3805
vn -0.7875 -0.5311 -0.3126
vn -0.7531 -0.5338 -0.3847
vn 0.0147 0.1262 -0.9919
vn -0.1294 0.2983 -0.9457
vn 0.7508 0.6182 -0.2325
vn 0.8940 0.3494 -0.2804
vn 0.8914 0.3250 -0.3159
vn 0.5471 0.0932 0.8318
vn 0.6058 0.0527 0.7939
vn -0.5237 -0.2934 0.7998
vn -0.5616 -0.2906 0.7747
vn -0.9304 -0.2218 -0.2919
vn -0.8372 -0.4294 -0.3387
vn 0.0304 -0.0212 -0.9993
vn -0.0342 0.1560 -0.9872
vn 0.9449 0.0854 -0.3160
vn 0.9535 0.0891 -0.2878
vn 0.6003 0.0382 0.7989
vn 0.5674 0.0750 0.8200
vn -0.6102 -0.0404 0.7912
vn -0.5898 -0.0667 0.8048
vn -0.9439 -0.0983 -0.3153
vn -0.8980 -0.2700 -0.3473
vn 0.0386 -0.0280 -0.9989
vn -0.0049 0.0129 -0.9999
vn 0.9603 -0.0580 -0.2728
vn 0.5518 -0.0740 0.8307
vn 0.5702 -0.0216 0.8212
vn -0.6101 0.0735 0.7889
vn -0.6002 0.0613 0.7975
vn -0.9172 0.1216 -0.3795
vn -0.9525 -0.0717 -0.2958
vn 0.0206 -0.0036 -0.9998
vn 0.0098 0.0090 -0.9999
vn 0.5221 -0.1050 0.8464
vn -0.0141 -0.0157 -0.9998
vn 0.6549 -0.0214 0.7554
vn -0.5968 0.0386 0.8014
vn 0.9125 -0.1651 -0.3742
vn 0.9827 -0.0548 -0.1771
vn 0.9417 0.0671 -0.3298
vn 0.0482 -0.0017 -0.9988
vn -0.0098 -0.0486 -0.9988
vn 0.9077 0.3101 -0.2828
vn 0.9060 0.2854 -0.3125
vn 0.5829 0.0292 0.8120
vn 0.5619 0.2297 0.7947
vn -0.6154 -0.0137 0.7881
vn -0.5670 -0.1425 0.8113
vn -0.9398 0.0368 -0.3396
vn -0.9001 -0.2870 -0.3277
vn -0.9179 -0.2807 -0.2804
vn -0.0242 -0.0329 -0.9992
vn 0.0262 -0.0533 -0.9982
vn 0.8647 0.4035 -0.2992
vn 0.5109 0.2747 0.8146
vn 0.5472 0.1735 0.8188
vn -0.5769 -0.2565 0.7755
vn -0.5871 -0.1977 0.7850
vn -0.8601 -0.4292 -0.2756
vn -0.8456 -0.4246 -0.3236
vn -0.2359 0.5481 -0.8025
vn 0.3183 0.4163 -0.8517
vn -0.8449 0.5038 -0.1796
vn -0.6042 0.6799 -0.4155
vn -0.8416 -0.3605 0.4022
vn 0.0703 -0.9304 0.3596
vn 0.3993 -0.8804 0.2558
vn 0.7180 -0.0410 -0.6948
vn 0.6267 -0.6448 -0.4376
vn 0.3237 0.9448 0.0517
vn 0.2876 0.9529 0.0963
vn 0.3106 0.9470 0.0826
vn -0.2969 -0.9506 0.0908
vn -0.3102 -0.9488 0.0600
vn -0.2737 -0.9561 0.1045
vn 0.9414 -0.3341 0.0457
vn -0.0187 -0.0160 0.9997
vn 0.9682 0.2501 -0.0051
vn -0.5252 -0.8474 0.0774
vn -0.5770 -0.8134 0.0739
vn -0.8466 0.0664 0.5281
vn 0.3205 0.9352 0.1508
vn 0.6440 0.7632 0.0519
vn 0.7454 0.6666 -0.0066
vn 0.7074 0.7062 0.0300
vn -0.6877 -0.1416 -0.7121
vn -0.4208 0.8554 -0.3020
vn 0.1786 0.6412 -0.7463
vn 0.6533 0.1771 -0.7361
vn 0.5044 -0.1966 0.8408
vn 0.7481 -0.4315 -0.5041
vn 0.6965 -0.7176 -0.0031
vn -0.0185 -0.0233 0.9996
vn 0.0669 0.0455 -0.9967
vn -0.6496 0.7602 -0.0148
vn 0.0488 0.0731 0.9961
vn 0.7652 -0.6436 -0.0180
vn 0.3932 0.8586 0.3290
vn -0.5329 0.2473 -0.8092
vn -0.0835 0.6016 -0.7944
vn 0.7890 0.5052 0.3497
vn 0.7837 0.5090 0.3559
vn 0.8043 0.4892 0.3372
vn 0.5331 -0.1358 0.8351
vn 0.0527 -0.5316 0.8454
vn -0.4252 -0.9050 0.0129
vn -0.5774 -0.7998 -0.1639
vn -0.4602 -0.8567 -0.2330
vn -0.5806 -0.6766 -0.4530
vn -0.9877 0.1107 0.1108
vn -0.9009 -0.3025 -0.3112
vn -0.7718 -0.4307 -0.4679
vn -0.9403 -0.3298 -0.0844
vn 0.2945 -0.9479 0.1216
vn -0.3601 -0.9253 0.1192
vn -0.7296 -0.4628 0.5035
vn 0.7110 -0.6862 0.1538
vn -0.6835 0.6922 0.2319
vn 0.2036 -0.1903 -0.9604
vn -0.5699 -0.8093 0.1422
vn -0.5753 -0.8034 0.1534
vn -0.5936 -0.7941 0.1304
vn 0.1011 -0.6308 -0.7693
vn 0.6016 -0.0836 -0.7944
vn -0.5316 0.0528 0.8454
vn -0.8089 -0.4374 0.3929
vn -0.9095 -0.3761 0.1771
vn -0.6583 -0.5955 0.4606
vn -0.9399 -0.3380 0.0481
vn -0.0368 -0.9988 -0.0311
vn -0.7147 0.6495 0.2596
vn 0.5707 -0.6473 0.5052
vn 0.6584 -0.7406 -0.1341
vn -0.4746 0.3757 -0.7960
vn -0.4627 0.3535 -0.8130
vn -0.4712 0.3630 -0.8039
vn 0.1459 -0.1081 0.9834
vn -0.4318 0.4271 0.7944
vn -0.6444 0.7193 -0.2596
vn 0.3625 -0.2912 0.8853
vn 0.7194 -0.6417 -0.2659
vn 0.7095 -0.7047 -0.0018
vn 0.6815 -0.7170 -0.1466
vn 0.6818 -0.7093 0.1787
vn 0.3597 -0.6143 0.7023
vn 0.2784 0.0885 -0.9564
vn -0.7303 -0.6829 -0.0173
vn -0.7082 0.6831 0.1781
vn 0.0801 0.2932 0.9527
vn -0.6914 0.6720 -0.2655
vn -0.6820 -0.7312 -0.0147
vn -0.7074 -0.7068 0.0002
vn 0.4634 0.4502 -0.7632
vn -0.5751 0.5973 0.5590
vn 0.3923 -0.8390 0.3772
vn 0.1041 -0.6720 0.7332
vn 0.7541 0.0120 -0.6566
vn 0.8250 0.5649 0.0164
vn -0.3520 0.9232 -0.1540
vn 0.6180 -0.5698 -0.5417
vn -0.5691 0.6149 0.5459
vn 0.5719 -0.5761 0.5840
vn 0.6511 0.6073 0.4553
vn 0.3794 0.9252 -0.0024
vn 0.7093 -0.7036 -0.0439
vn 0.6208 0.1309 -0.7729
vn -0.7166 0.6968 -0.0316
vn -0.5093 -0.1043 -0.8542
vn -0.6831 -0.6259 -0.3764
vn -0.4728 -0.7825 -0.4051
vn -0.8493 0.2345 0.4729
vn 0.2709 -0.8554 0.4415
vn -0.5897 -0.4065 -0.6979
vn 0.8538 -0.2331 -0.4656
vn 0.3534 -0.3536 -0.8660
vn -0.7803 0.6254 -0.0000
vn 0.6254 -0.7803 -0.0000
vn -0.3536 0.3534 0.8660
vn 0.6506 -0.3280 0.6850
vn 0.3280 -0.6506 0.6850
vn 0.3536 -0.3535 -0.8660
vn -0.3536 0.3534 0.8661
vn -0.3869 0.1146 0.9150
vn 0.6346 -0.3242 -0.7015
vn -0.1577 0.9845 0.0767
vn 0.5522 0.3426 0.7600
vn -0.3443 -0.6317 0.6946
vn 0.9280 -0.1409 -0.3449
vn -0.9432 0.0594 -0.3269
vn -0.9321 0.0307 -0.3609
vn 0.8718 0.3783 -0.3112
vn 0.5316 0.2340 0.8140
vn -0.5353 -0.2586 0.8041
vn -0.7159 -0.3935 0.5767
vn 0.6657 -0.7019 0.2533
vn 0.3595 -0.9262 -0.1138
vn 0.3096 -0.9507 -0.0196
vn 0.3594 -0.9332 -0.0005
vn -0.7159 -0.6489 -0.2576
vn -0.7396 -0.6730 -0.0020
vn -0.7137 -0.6489 -0.2639
vn 0.2069 0.9477 0.2432
vn 0.4697 0.8828 -0.0010
vn 0.4465 0.8608 0.2443
vn 0.3899 -0.8957 -0.2137
vn 0.3368 -0.9290 -0.1531
vn -0.6455 -0.5785 -0.4986
vn -0.6421 -0.5775 -0.5042
vn 0.1428 0.8835 0.4462
vn 0.3794 0.7925 0.4776
vn 0.4378 -0.8480 -0.2989
vn 0.3749 -0.8909 -0.2563
vn -0.5334 -0.4665 -0.7056
vn -0.5290 -0.4644 -0.7103
vn 0.0436 0.7843 0.6189
vn 0.4994 -0.7863 -0.3638
vn 0.4306 -0.8352 -0.3420
vn -0.3872 -0.3202 -0.8646
vn -0.3821 -0.3175 -0.8679
vn -0.0837 0.6570 0.7492
vn 0.2700 0.6846 0.6771
vn 0.1320 0.5451 0.8279
vn 0.5709 -0.7148 -0.4038
vn 0.5001 -0.7657 -0.4044
vn -0.2170 -0.1500 -0.9646
vn -0.2114 -0.1467 -0.9663
vn -0.2306 0.5100 0.8287
vn -0.0310 0.3821 0.9236
vn 0.6263 -0.6656 -0.4058
vn 0.5787 -0.6872 -0.4392
vn -0.0357 0.0327 -0.9988
vn -0.0282 0.0368 -0.9989
vn -0.3893 0.3534 0.8506
vn -0.2061 0.2069 0.9564
vn 0.7017 -0.5903 -0.3990
vn 0.6441 -0.6163 -0.4532
vn 0.1470 0.2151 -0.9655
vn 0.1541 0.2190 -0.9635
vn -0.5445 0.1986 0.8149
vn -0.3811 0.0320 0.9240
vn 0.7940 -0.4916 -0.3578
vn 0.7264 -0.5336 -0.4331
vn 0.3191 0.3860 -0.8655
vn 0.3241 0.3889 -0.8624
vn -0.6859 0.0548 0.7256
vn -0.5442 -0.1311 0.8286
vn 0.8542 -0.4316 -0.2900
vn 0.8141 -0.4516 -0.3651
vn 0.4654 0.5326 -0.7069
vn 0.4700 0.5346 -0.7024
vn -0.8079 -0.0672 0.5854
vn -0.6844 -0.2713 0.6768
vn 0.9001 -0.3856 -0.2028
vn 0.8747 -0.3912 -0.2860
vn 0.5778 0.6450 -0.5002
vn -0.9002 -0.1595 0.4053
vn -0.7920 -0.3789 0.4788
vn 0.9285 -0.3572 -0.1018
vn 0.9189 -0.3470 -0.1878
vn 0.6485 0.7156 -0.2594
vn 0.5813 0.6460 -0.4947
vn 0.6510 0.7156 -0.2532
vn -0.9563 -0.2155 0.1976
vn -0.8596 -0.4454 0.2506
vn 0.9373 -0.3485 0.0063
vn 0.9435 -0.3224 -0.0767
vn 0.6727 0.7399 -0.0008
vn -0.9725 -0.2318 -0.0236
vn -0.8828 -0.4697 0.0007
vn 0.9262 -0.3595 0.1139
vn 0.9469 -0.3190 0.0396
vn 0.6740 0.7387 0.0055
vn 0.6489 0.7159 0.2576
vn -0.9476 -0.2070 -0.2432
vn -0.8599 -0.4469 -0.2468
vn 0.8957 -0.3900 0.2136
vn 0.9290 -0.3369 0.1531
vn 0.5784 0.6456 0.4987
vn 0.6489 0.7137 0.2638
vn 0.5775 0.6420 0.5043
vn -0.8835 -0.1428 -0.4462
vn -0.7925 -0.3794 -0.4776
vn 0.8480 -0.4378 0.2989
vn 0.8909 -0.3750 0.2563
vn 0.4663 0.5334 0.7057
vn 0.4644 0.5291 0.7102
vn -0.7843 -0.0436 -0.6189
vn -0.6868 -0.2726 -0.6738
vn 0.7862 -0.4994 0.3639
vn 0.8352 -0.4307 0.3420
vn 0.3202 0.3872 0.8646
vn 0.3175 0.3821 0.8679
vn -0.6569 0.0837 -0.7493
vn 0.7147 -0.5709 0.4040
vn 0.7657 -0.5000 0.4045
vn 0.1498 0.2170 0.9646
vn -0.5444 -0.1290 -0.8288
vn -0.5100 0.2306 -0.8287
vn 0.6383 -0.6472 0.4168
vn 0.6872 -0.5786 0.4393
vn -0.0328 0.0342 0.9989
vn 0.1467 0.2114 0.9663
vn -0.0362 0.0283 0.9989
vn -0.3537 0.3871 -0.8515
vn -0.3813 0.0333 -0.9238
vn -0.2071 0.2061 -0.9564
vn 0.5624 -0.7233 0.4006
vn 0.6049 -0.6608 0.4444
vn -0.2157 -0.1487 0.9651
vn -0.2189 -0.1542 0.9635
vn -0.1984 0.5423 -0.8164
vn -0.0320 0.3811 -0.9240
vn 0.4919 -0.7939 0.3575
vn 0.5247 -0.7412 0.4188
vn -0.3861 -0.3191 0.8655
vn -0.3889 -0.3242 0.8623
vn -0.0548 0.6859 -0.7256
vn 0.1310 0.5443 -0.8286
vn 0.4313 -0.8543 0.2902
vn 0.4517 -0.8142 0.3648
vn -0.5325 -0.4655 0.7070
vn 0.0672 0.8079 -0.5854
vn 0.2712 0.6844 -0.6768
vn 0.3856 -0.9001 0.2028
vn 0.3910 -0.8748 0.2861
vn -0.6448 -0.5778 0.5003
vn -0.5346 -0.4698 0.7025
vn -0.6460 -0.5812 0.4948
vn 0.1595 0.9002 -0.4053
vn 0.3789 0.7920 -0.4788
vn 0.3571 -0.9285 0.1017
vn 0.3469 -0.9189 0.1878
vn -0.7156 -0.6485 0.2594
vn -0.7157 -0.6509 0.2533
vn 0.2156 0.9563 -0.1976
vn 0.4465 0.8597 -0.2482
vn 0.3222 -0.9435 0.0768
vn -0.7405 -0.6721 0.0030
vn 0.2217 0.9747 0.0282
vn 0.4974 -0.5244 0.6911
vn 0.6424 -0.3912 0.6590
vn 0.6396 -0.3809 0.6677
vn 0.9375 -0.0919 0.3357
vn 0.9832 -0.0504 0.1757
vn 0.9838 -0.0367 0.1755
vn 0.0919 -0.9375 -0.3357
vn 0.0506 -0.9832 -0.1756
vn 0.0367 -0.9838 -0.1755
vn 0.8535 -0.1760 -0.4905
vn 0.7575 -0.2762 -0.5915
vn 0.7526 -0.2679 -0.6015
vn 0.3714 -0.6505 0.6625
vn 0.5175 -0.5162 0.6824
vn 0.1678 -0.8616 -0.4790
vn 0.0947 -0.9367 -0.3370
vn 0.9317 -0.0978 -0.3499
vn 0.8549 -0.1766 -0.4878
vn 0.2773 -0.7521 0.5978
vn 0.3927 -0.6410 0.6595
vn 0.9815 -0.0479 -0.1853
vn 0.9326 -0.0989 -0.3471
vn 0.9994 -0.0343 -0.0010
vn 0.9998 -0.0209 -0.0037
vn 0.8616 -0.1678 0.4790
vn 0.9367 -0.0947 0.3370
vn 0.1760 -0.8534 0.4906
vn 0.2775 -0.7540 0.5954
vn 0.0978 -0.9317 0.3499
vn 0.1767 -0.8548 0.4879
vn 0.9819 -0.0496 -0.1827
vn 0.3836 -0.6458 -0.6601
vn 0.2749 -0.7588 -0.5905
vn 0.2632 -0.7574 -0.5976
vn 0.0479 -0.9815 0.1854
vn 0.0989 -0.9326 0.3471
vn 0.5090 -0.5205 -0.6856
vn 0.3866 -0.6449 -0.6593
vn 0.7621 -0.2674 0.5897
vn 0.8607 -0.1708 0.4796
vn 0.0299 -0.9995 0.0082
vn 0.0496 -0.9819 0.1827
vn 0.6346 -0.3948 -0.6644
vn 0.5116 -0.5199 -0.6841
vn 0.1708 -0.8607 -0.4796
vn 0.7612 -0.2703 0.5895
vn 0.0320 -0.9995 0.0058
vn 0.6369 -0.3945 -0.6623
vn -0.1633 -0.5217 0.8373
vn -0.1004 -0.2643 0.9592
vn 0.0017 -0.3568 0.9342
vn 0.8398 0.4813 0.2511
vn 0.7842 0.6205 0.0010
vn 0.8633 0.5048 0.0008
vn -0.3049 -0.6633 0.6834
vn -0.2693 -0.4342 0.8596
vn -0.4134 -0.7719 0.4830
vn -0.4150 -0.5793 0.7016
vn -0.4816 -0.8401 0.2496
vn -0.5270 -0.6902 0.4958
vn -0.5048 -0.8633 -0.0008
vn -0.5967 -0.7605 0.2561
vn -0.4813 -0.8398 -0.2511
vn -0.6205 -0.7842 -0.0010
vn -0.4128 -0.7713 -0.4844
vn -0.5961 -0.7603 -0.2581
vn -0.3040 -0.6625 -0.6846
vn -0.5254 -0.6903 -0.4975
vn -0.1623 -0.5208 -0.8381
vn -0.4143 -0.5779 -0.7031
vn 0.0027 -0.3557 -0.9346
vn -0.2689 -0.4323 -0.8607
vn 0.1798 -0.1786 -0.9674
vn -0.0992 -0.2630 -0.9597
vn 0.3568 -0.0017 -0.9342
vn 0.0829 -0.0815 -0.9932
vn 0.5218 0.1632 -0.8373
vn 0.2641 0.1008 -0.9592
vn 0.6633 0.3048 -0.6834
vn 0.4335 0.2701 -0.8597
vn 0.7719 0.4134 -0.4830
vn 0.5789 0.4154 -0.7017
vn 0.8401 0.4816 -0.2496
vn 0.6905 0.5267 -0.4958
vn 0.7713 0.4129 0.4844
vn 0.7603 0.5961 0.2581
vn 0.6625 0.3040 0.6846
vn 0.6899 0.5258 0.4975
vn 0.5208 0.1623 0.8381
vn 0.5778 0.4145 0.7031
vn 0.3557 -0.0028 0.9346
vn 0.4330 0.2681 0.8606
vn 0.1783 -0.1795 0.9675
vn 0.2629 0.0993 0.9597
vn 0.7605 0.5967 -0.2561
vn 0.0810 -0.0824 0.9933
vn -0.5060 0.8601 0.0639
vn -0.4647 0.8854 -0.0127
vn -0.4643 0.8812 0.0885
vn -0.7283 0.6379 0.2504
vn -0.6660 0.6840 0.2975
vn -0.7542 0.6035 0.2589
vn -0.7325 0.6337 -0.2489
vn -0.7880 0.5621 -0.2513
vn -0.7052 0.6525 -0.2775
vn -0.5238 0.8424 0.1265
vn -0.5216 0.8361 0.1699
vn -0.7726 0.5936 0.2253
vn -0.7987 0.5511 0.2417
vn -0.6858 0.6804 -0.2583
vn -0.6525 0.6974 -0.2964
vn -0.8688 0.4950 -0.0124
vn -0.8751 0.4826 0.0371
vn -0.8848 0.4650 -0.0308
vn -0.5524 0.8138 0.1806
vn -0.5418 0.8079 0.2317
vn -0.8107 0.5554 0.1849
vn -0.8387 0.5110 0.1882
vn -0.6379 0.7283 -0.2503
vn -0.5992 0.7508 -0.2780
vn -0.5260 0.8402 -0.1318
vn -0.5221 0.8356 -0.1709
vn -0.4822 0.8676 -0.1218
vn -0.5898 0.7763 0.2223
vn -0.5888 0.7610 0.2725
vn -0.5554 0.8108 -0.1849
vn -0.5587 0.7990 -0.2224
vn -0.8424 0.5237 -0.1266
vn -0.8619 0.4957 -0.1067
vn -0.8458 0.5039 -0.1752
vn -0.8403 0.5259 0.1318
vn -0.8675 0.4823 0.1218
vn -0.5936 0.7726 -0.2254
vn -0.8602 0.5060 -0.0639
vn -0.5071 0.8590 -0.0699
vn -0.4665 0.8833 -0.0471
vn -0.6337 0.7325 0.2489
vn -0.6416 0.7081 0.2948
vn -0.8138 0.5524 -0.1805
vn -0.8079 0.5419 -0.2316
vn -0.8590 0.5072 0.0698
vn -0.5004 0.8658 -0.0030
vn -0.6809 0.6852 0.2584
vn -0.7763 0.5899 -0.2222
vn 0.3186 -0.3741 0.8709
vn 0.1126 -0.1201 0.9864
vn 0.2659 -0.2416 0.9332
vn -0.1860 0.2291 0.9555
vn 0.2688 0.2627 0.9267
vn -0.3365 0.3724 0.8649
vn 0.6400 0.6690 0.3780
vn 0.5696 0.8062 0.1598
vn -0.6660 -0.7460 -0.0052
vn -0.3670 -0.9292 0.0439
vn -0.6018 -0.7986 -0.0051
vn 0.2611 0.0268 0.9649
vn 0.7103 -0.7036 -0.0205
vn 0.7083 -0.7050 0.0368
vn 0.7134 -0.7008 0.0023
vn 0.7178 0.6940 0.0561
vn 0.5901 0.8006 -0.1043
vn -0.7099 0.7040 -0.0181
vn -0.7054 0.7068 0.0543
vn -0.7134 0.7008 0.0020
vn -0.7091 -0.7024 0.0615
vn 0.8044 0.5939 0.0136
vn 0.8686 0.2114 -0.4481
vn 0.9036 0.4268 0.0362
vn -0.3920 -0.8915 -0.2271
vn -0.6130 -0.7899 0.0148
vn -0.4526 -0.8912 0.0315
vn -0.4986 -0.8592 -0.1143
vn -0.7103 -0.7006 -0.0678
vn -0.8176 -0.5415 0.1956
vn -0.8416 -0.5228 -0.1357
vn -0.8723 -0.4487 0.1942
vn -0.8865 -0.3914 -0.2468
vn 0.4413 0.8760 0.1947
vn 0.5210 0.8447 -0.1227
vn 0.4848 0.8514 0.2004
vn 0.7092 0.7020 -0.0655
vn -0.1376 0.9904 0.0129
vn -0.2815 0.9596 -0.0001
vn -0.1971 0.9782 0.0653
vn -0.9862 0.1550 0.0582
vn -0.9600 0.2798 -0.0071
vn -0.9650 0.2621 -0.0088
vn 0.7973 -0.5943 0.1054
vn 0.2541 -0.8421 0.4757
vn 0.7780 -0.4093 0.4767
vn 0.1514 -0.9825 0.1088
vn 0.1489 -0.9851 0.0860
vn 0.1540 -0.9844 0.0852
vn 0.5493 0.6143 0.5665
vn 0.6633 0.5239 0.5344
vn 0.7652 0.3679 0.5283
vn 0.8539 0.0733 0.5153
vn 0.7839 -0.3461 0.5155
vn 0.5792 -0.5962 0.5560
vn 0.3445 -0.7559 0.5568
vn -0.3729 -0.7667 0.5227
vn -0.5187 -0.6695 0.5317
vn -0.6280 -0.5587 0.5417
vn -0.7875 -0.4154 0.4553
vn -0.8969 -0.2230 0.3819
vn -0.8988 0.3566 0.2550
vn -0.9765 0.2057 0.0645
vn -0.6666 0.7454 -0.0066
vn -0.7134 0.7006 -0.0137
vn -0.7691 0.6370 0.0524
vn -0.3071 0.9046 0.2958
vn -0.4118 0.8767 0.2487
vn 0.3084 0.8284 0.4676
vn 0.3848 0.7309 0.5637
vn 0.2803 -0.5516 -0.7856
vn 0.6083 -0.1681 -0.7757
vn 0.4202 -0.4067 -0.8112
vn 0.1511 -0.6247 -0.7661
vn -0.1157 -0.6965 -0.7082
vn -0.5140 -0.8056 -0.2945
vn -0.4199 -0.8568 -0.2993
vn -0.8043 -0.5135 -0.2991
vn -0.4294 0.4445 -0.7861
vn -0.6623 -0.0790 -0.7450
vn -0.5790 0.2094 -0.7880
vn -0.2084 0.5807 -0.7870
vn 0.0790 0.6623 -0.7450
vn 0.5135 0.8043 -0.2991
vn 0.4042 0.8732 -0.2724
vn 0.4208 0.8554 -0.3021
vn 0.8593 0.5002 -0.1069
vn 0.8079 0.4990 -0.3135
vn 0.8115 0.2442 -0.5309
vn -0.6701 -0.2944 0.6813
vn -0.6492 -0.3102 0.6945
vn -0.7488 -0.4353 0.4997
vn -0.5044 -0.1981 0.8404
vn 0.3099 0.6591 0.6853
vn 0.2934 0.6697 0.6823
vn 0.4405 0.7485 0.4956
vn -0.6714 -0.2922 -0.6810
vn -0.6611 -0.3071 -0.6846
vn -0.5115 -0.1951 -0.8369
vn -0.7482 -0.4401 -0.4964
vn 0.3081 0.6606 -0.6846
vn 0.2930 0.6713 -0.6808
vn 0.1956 0.5054 -0.8404
vn 0.7025 0.7117 0.0005
vn 0.6958 0.7182 0.0088
vn 0.6689 0.7432 -0.0139
vn -0.0063 0.0023 1.0000
vn -0.0243 0.0007 0.9997
vn -0.0171 0.0365 0.9992
vn -0.0013 0.0017 -1.0000
vn -0.0294 0.0076 -0.9995
vn 0.0129 -0.0084 -0.9999
vn -0.7011 -0.7130 -0.0012
vn -0.7221 -0.6916 0.0149
vn -0.6920 -0.7219 -0.0034
vn -0.0119 0.0255 -0.9996
vn -0.0826 0.0415 -0.9957
vn -0.7203 -0.6936 -0.0101
vn -0.7649 -0.6434 0.0300
vn -0.0400 0.0788 0.9961
vn 0.6560 0.7544 0.0245
vn -0.8547 0.2186 -0.4709
vn -0.7113 0.5387 -0.4516
vn -0.6522 0.4256 -0.6273
vn -0.9447 0.3039 -0.1232
vn -0.9803 0.0879 -0.1766
vn -0.9825 0.0951 0.1602
vn -0.8695 0.2065 0.4487
vn -0.9443 0.3057 0.1220
vn -0.6541 0.4261 0.6249
vn -0.8572 0.3945 0.3312
vn -0.5376 0.7130 0.4501
vn -0.7135 0.5344 0.4531
vn -0.4332 0.6421 0.6325
vn -0.3935 0.8585 0.3288
vn -0.0958 0.9793 0.1784
vn -0.2236 0.8554 0.4673
vn -0.3043 0.9445 -0.1236
vn -0.3053 0.9441 0.1243
vn -0.2157 0.8627 -0.4574
vn -0.0820 0.9859 -0.1461
vn -0.5373 0.7115 -0.4529
vn -0.4241 0.6501 -0.6305
vn 0.5706 -0.8093 0.1396
vn 0.5936 -0.7941 0.1304
vn 0.5720 -0.8059 0.1527
vn -0.2280 -0.5500 -0.8035
vn -0.1363 -0.6064 -0.7834
vn -0.1011 -0.6308 -0.7693
vn -0.5965 -0.0690 -0.7997
vn -0.5216 -0.1853 -0.8328
vn -0.5237 -0.1790 -0.8329
vn 0.1729 0.5058 0.8452
vn 0.1422 0.5427 0.8278
vn 0.1533 0.5127 0.8448
vn 0.4740 0.1319 0.8706
vn 0.5331 0.0763 0.8426
vn 0.4639 0.1447 0.8740
vn 0.1955 0.4784 0.8561
vn -0.8367 0.5468 -0.0313
vn -0.8246 0.5641 -0.0428
vn -0.8367 0.5472 -0.0205
vn 0.7606 -0.4753 0.4422
vn 0.6754 -0.6426 0.3619
vn 0.9252 -0.3282 0.1906
vn 0.1970 -0.5008 0.8429
vn -0.1286 -0.1962 0.9721
vn -0.0972 -0.2038 0.9742
vn 0.2355 -0.9367 0.2590
vn 0.3564 -0.9343 0.0001
vn 0.3840 -0.9169 0.1087
vn -0.1761 -0.8943 -0.4113
vn 0.1121 -0.9020 -0.4169
vn 0.6543 0.5874 0.4763
vn 0.6880 0.5608 0.4607
vn 0.6593 0.5869 0.4699
vn 0.5732 0.5601 0.5981
vn -0.1256 -0.1268 0.9839
vn -0.1184 -0.1098 0.9869
vn -0.6843 -0.6689 0.2903
vn -0.6939 -0.6795 0.2383
vn -0.6844 -0.6611 0.3074
vn -0.2995 -0.2661 -0.9162
vn -0.5845 -0.5698 -0.5777
vn -0.1569 -0.2022 -0.9667
vn -0.3398 -0.4302 -0.8363
vn 0.0731 0.1547 -0.9852
vn 0.7015 0.6725 -0.2357
vn 0.6946 0.6804 -0.2337
vn 0.6904 0.6912 -0.2133
vn 0.5503 0.2237 -0.8044
vn 0.6063 0.1363 -0.7834
vn 0.5378 0.2467 -0.8061
vn 0.1855 0.5189 -0.8345
vn 0.0690 0.5964 -0.7997
vn 0.1835 0.5240 -0.8317
vn -0.7890 0.5055 0.3492
vn -0.8043 0.4895 0.3368
vn -0.7837 0.5097 0.3552
vn -0.4979 -0.1708 0.8503
vn -0.5427 -0.1422 0.8278
vn -0.5330 -0.1358 0.8351
vn -0.0763 -0.5331 0.8426
vn -0.1311 -0.4709 0.8724
vn -0.1459 -0.4638 0.8739
vn -0.4994 -0.1544 0.8525
vn -0.4784 -0.1955 0.8561
vn -0.5638 0.8248 -0.0431
vn -0.5466 0.8368 -0.0316
vn -0.5469 0.8369 -0.0207
vn 0.9127 -0.2205 -0.3440
vn 0.9664 -0.2540 0.0399
vn 0.8426 -0.4342 -0.3187
vn -0.5351 -0.5531 -0.6386
vn -0.6125 -0.4299 -0.6633
vn -0.5195 -0.5632 -0.6425
vn 0.7710 0.6305 0.0900
vn 0.9933 0.0972 0.0621
vn 0.7673 0.6392 0.0514
vn 0.1416 -0.9898 0.0161
vn 0.3813 -0.9245 0.0012
vn 0.2305 -0.8673 0.4412
vn 0.7483 -0.4019 -0.5277
vn 0.7821 -0.5413 -0.3088
vn -0.5189 -0.6017 0.6072
vn -0.3338 -0.7375 0.5871
vn -0.4926 -0.5932 0.6368
vn 0.9144 -0.2564 0.3133
vn 0.7293 -0.4499 0.5154
vn 0.8682 -0.4564 0.1945
vn -0.7014 -0.6508 0.2907
vn -0.6644 -0.6478 0.3727
vn -0.1134 -0.1297 0.9850
vn -0.1521 -0.1644 0.9746
vn -0.1564 -0.1669 0.9735
vn 0.3437 0.2814 0.8959
vn 0.5103 0.5658 0.6477
vn 0.4830 0.5107 0.7113
vn 0.6618 0.7163 -0.2212
vn 0.6820 0.7144 -0.1564
vn 0.3822 0.3634 -0.8496
vn 0.1243 0.1985 -0.9722
vn 0.1894 0.2391 -0.9523
vn -0.5445 -0.5839 -0.6022
vn -0.5544 -0.5857 -0.5913
vn -0.1570 -0.1664 -0.9735
vn 0.0602 0.0697 -0.9957
vn 0.1707 0.1561 -0.9729
vn 0.1392 0.1068 0.9845
vn -0.0764 -0.1214 0.9897
vn -0.0260 -0.1567 0.9873
vn 0.2200 0.2894 0.9316
vn 0.2528 0.2434 0.9364
vn 0.6425 -0.7659 -0.0232
vn 0.7144 -0.6994 -0.0222
vn 0.7444 -0.6556 -0.1270
vn 0.7150 -0.6988 -0.0202
vn 0.7663 -0.6419 0.0265
vn 0.7276 -0.6818 -0.0761
vn 0.7448 -0.6637 -0.0694
vn 0.6990 -0.7147 -0.0235
vn 0.7188 -0.6951 0.0134
vn -0.4654 -0.4649 0.7532
vn -0.4277 -0.4332 0.7934
vn -0.4211 -0.4010 0.8136
vn -0.3127 -0.2351 0.9203
vn -0.7180 -0.6588 -0.2247
vn -0.7438 -0.6634 -0.0820
vn -0.7285 -0.6789 -0.0916
vn 0.3205 0.3766 0.8692
vn 0.4173 0.4733 0.7758
vn 0.3794 0.4582 0.8038
vn 0.6810 0.7293 -0.0667
vn 0.6567 0.7183 -0.2299
vn 0.6868 0.7146 -0.1329
vn -0.0751 -0.0583 -0.9955
vn -0.2971 -0.3375 -0.8932
vn 0.3401 0.3165 -0.8855
vn 0.7046 -0.7095 0.0150
vn -0.6609 0.4455 -0.6039
vn -0.6942 0.7180 0.0516
vn -0.2033 0.9655 0.1627
vn -0.2813 0.9560 -0.0835
vn -0.6825 0.7291 0.0506
vn -0.6237 0.4905 0.6087
vn 0.6442 0.7634 -0.0476
vn 0.7159 0.6981 -0.0128
vn 0.6401 0.7674 -0.0361
vn 0.6753 0.7367 0.0356
vn 0.6608 0.7505 -0.0047
vn 0.6175 0.7865 0.0090
vn 0.7708 0.4464 0.4546
vn -0.0236 -0.0157 -0.9996
vn 0.0949 0.2131 -0.9724
vn 0.4066 0.5354 -0.7403
vn 0.7966 0.5741 0.1895
vn 0.0305 -0.1010 0.9944
vn -0.0151 -0.0156 0.9998
vn -0.0549 0.0036 0.9985
vn -0.0202 0.7549 -0.6555
vn 0.4375 0.6893 -0.5774
vn -0.0927 -0.0940 -0.9913
vn -0.5099 0.2558 -0.8213
vn 0.1399 -0.4893 -0.8608
vn 0.9441 0.1326 -0.3017
vn 0.7085 0.6933 0.1314
vn 0.3848 0.9230 0.0020
vn 0.4454 0.8936 -0.0546
vn 0.9436 0.1308 0.3042
vn 0.6443 0.3709 0.6688
vn 0.4916 0.8158 0.3046
vn -0.0509 0.2405 0.9693
vn 0.6538 0.1738 -0.7364
vn 0.5314 0.8266 -0.1854
vn 0.7422 0.6246 -0.2431
vn 0.2171 -0.9443 0.2473
vn 0.5325 -0.7890 -0.3065
vn 0.9700 -0.2395 0.0408
vn 0.7071 -0.7071 -0.0001
vn -0.4448 0.6622 -0.6030
vn -0.9599 0.2072 0.1888
vn -0.7262 0.6847 0.0617
vn -0.7695 -0.6368 -0.0494
vn -0.7562 -0.6509 -0.0675
vn -0.6937 -0.7203 -0.0008
vn -0.7509 -0.6603 0.0121
vn -0.7432 -0.6678 0.0408
vn -0.7333 -0.6792 -0.0288
vn -0.4460 -0.7742 0.4491
vn -0.0285 0.0554 -0.9981
vn -0.6005 -0.3747 -0.7064
vn -0.2070 -0.1201 -0.9709
vn -0.5777 -0.7950 0.1853
vn -0.7150 -0.6991 -0.0062
vn -0.4104 -0.3442 -0.8445
vn -0.6861 -0.4492 -0.5723
vn 0.0806 -0.0514 0.9954
vn -0.0455 0.0496 0.9977
vn 0.0059 0.0247 0.9997
vn 0.0933 0.0933 -0.9913
vn 0.3367 -0.3082 -0.8897
vn 0.0008 0.5706 -0.8212
vn -0.1326 -0.9441 -0.3017
vn -0.6931 -0.7088 0.1309
vn -0.6814 -0.7171 -0.1465
vn -0.1308 -0.9436 0.3042
vn -0.8835 -0.4563 -0.1061
vn -0.9230 -0.3848 0.0020
vn -0.3694 -0.6439 0.6700
vn -0.8037 -0.1023 0.5862
vn -0.5859 -0.5787 0.5674
vn -0.1748 -0.6710 -0.7206
vn -0.8515 -0.4843 -0.2011
vn -0.2778 0.0882 -0.9566
vn 0.7965 -0.5221 -0.3050
vn 0.7637 -0.3977 0.5086
vn 0.2949 -0.9555 0.0011
vn 0.6168 -0.6591 -0.4302
vn 0.7751 -0.5306 -0.3432
vn 0.4849 -0.8039 -0.3443
vn 0.3822 -0.2847 -0.8791
vn 0.3597 -0.5040 -0.7852
vn 0.2758 -0.3839 -0.8812
vn 0.3610 -0.3815 0.8510
vn 0.4617 -0.4479 0.7657
vn 0.4504 -0.4631 0.7633
vn 0.1267 -0.1170 0.9850
vn 0.1229 0.1386 0.9827
vn -0.4667 0.4562 -0.7577
vn -0.3478 0.4911 -0.7986
vn -0.5126 0.3571 -0.7809
vn 0.6484 0.3542 0.6739
vn 0.5934 0.4297 0.6806
vn -0.8758 0.3741 -0.3050
vn -0.4684 0.6471 0.6016
vn -0.7551 0.6550 0.0292
vn 0.7598 -0.4470 -0.4722
vn 0.8139 -0.2732 -0.5127
vn -0.3962 -0.8387 0.3736
vn 0.5018 0.5095 0.6990
vn 0.5892 0.5866 0.5556
vn 0.2745 -0.8273 -0.4901
vn 0.4470 -0.7705 -0.4545
vn -0.5092 -0.5020 0.6991
vn -0.3475 -0.6185 0.7047
vn -0.4535 -0.5493 0.7019
vn 0.6519 -0.6174 -0.4402
vn -0.4002 -0.4125 0.8183
vn -0.0857 -0.6807 0.7275
vn 0.4208 0.4045 0.8120
vn 0.6323 -0.2916 -0.7178
vn 0.5089 -0.3555 -0.7840
vn 0.3392 0.4142 -0.8446
vn 0.2921 -0.6337 -0.7163
vn 0.2339 -0.6404 -0.7315
vn -0.7504 0.0140 -0.6608
vn -0.7556 0.0163 -0.6548
vn -0.8250 0.5649 0.0167
vn -0.5050 -0.6604 -0.5558
vn -0.4730 -0.1005 -0.8753
vn -0.6180 -0.5697 -0.5417
vn 0.6608 0.5053 -0.5550
vn 0.0275 0.7747 -0.6318
vn 0.5679 0.8220 -0.0417
vn -0.5021 -0.6616 0.5569
vn -0.5973 -0.5710 0.5632
vn -0.5718 -0.5761 0.5840
vn 0.6605 0.5028 0.5576
vn 0.5710 0.5973 0.5631
vn 0.5691 0.6149 0.5459
vn -0.3776 0.9245 0.0521
vn -0.6571 0.6015 0.4544
vn 0.6354 -0.2339 -0.7359
vn 0.7630 -0.3363 -0.5521
vn 0.3363 -0.7630 -0.5521
vn -0.8639 0.2932 0.4095
vn -0.7062 0.7080 -0.0003
vn -0.6680 0.5922 0.4507
vn -0.7080 0.7062 -0.0003
vn -0.2931 0.8639 0.4095
vn -0.5921 0.6680 0.4507
vn 0.7184 0.6952 -0.0244
vn 0.7082 0.7047 -0.0426
vn 0.7170 0.6966 -0.0273
vn 0.6865 -0.1077 0.7192
vn 0.5610 -0.3231 0.7622
vn 0.8140 0.0893 0.5739
vn -0.6981 -0.7156 -0.0252
vn -0.7047 -0.7082 -0.0426
vn -0.7091 -0.7038 -0.0439
vn -0.7896 -0.0895 -0.6071
vn -0.7196 0.1179 -0.6843
vn -0.5581 0.3464 -0.7540
vn 0.3116 -0.5948 0.7410
vn 0.1339 -0.6912 0.7102
vn -0.0837 -0.8226 0.5624
vn 0.6285 -0.6686 -0.3973
vn 0.7943 -0.5248 -0.3060
vn 0.7453 -0.6450 -0.1687
vn 0.5481 -0.4996 -0.6708
vn 0.2017 -0.4708 -0.8589
vn 0.1693 -0.2922 -0.9413
vn -0.3733 0.5150 -0.7716
vn -0.3106 0.5379 -0.7837
vn -0.2066 -0.8318 0.5152
vn 0.8271 0.2369 0.5096
vn 0.5850 -0.2325 -0.7770
vn 0.5974 -0.4500 -0.6638
vn -0.8339 -0.2164 -0.5078
vn -0.8125 -0.2108 -0.5435
vn 0.2094 0.8380 -0.5039
vn 0.2122 0.8252 -0.5234
vn 0.2028 0.8110 -0.5487
vn 0.5624 -0.5633 -0.6053
vn 0.5996 -0.4977 -0.6267
vn 0.4702 -0.5822 -0.6633
vn 0.0951 0.0939 0.9910
vn -0.0035 -0.0005 1.0000
vn 0.0005 0.0036 1.0000
vn -0.0935 -0.0935 0.9912
vn -0.2989 0.8613 -0.4109
vn -0.7078 0.7064 0.0003
vn -0.6188 0.6475 -0.4448
vn -0.7064 0.7078 0.0003
vn -0.8613 0.2989 -0.4109
vn -0.6475 0.6188 -0.4448
vn -0.5269 -0.3446 -0.7770
vn -0.5238 -0.3449 -0.7789
vn -0.3534 -0.3536 -0.8660
vn 0.3446 0.5269 -0.7770
vn 0.3449 0.5238 -0.7789
vn 0.3280 0.6506 -0.6849
vn -0.5269 -0.3446 0.7769
vn -0.5238 -0.3449 0.7789
vn -0.6505 -0.3280 0.6850
vn 0.3446 0.5269 0.7769
vn 0.3449 0.5238 0.7789
vn 0.3537 0.3535 0.8660
vn 0.5238 0.3449 0.7789
vn 0.5269 0.3446 0.7769
vn 0.3535 0.3537 0.8660
vn -0.3449 -0.5237 0.7789
vn -0.3446 -0.5269 0.7769
vn -0.3281 -0.6505 0.6850
vn 0.6253 0.7804 -0.0000
vn -0.7804 -0.6253 -0.0000
vn 0.5238 0.3449 -0.7789
vn 0.5269 0.3446 -0.7770
vn 0.6506 0.3280 -0.6850
vn -0.3449 -0.5237 -0.7789
vn -0.3446 -0.5269 -0.7770
vn -0.3536 -0.3535 -0.8660
vn 0.7072 -0.7070 -0.0000
vn 0.7070 -0.7072 -0.0000
vn 0.7071 -0.7071 -0.0000
vn -0.6254 -0.7803 -0.0000
vn -0.5269 -0.3446 0.7770
vn -0.6506 -0.3280 0.6849
vn -0.3450 -0.5237 0.7789
vn -0.3447 -0.5269 0.7769
vn -0.3537 -0.3535 -0.8660
vn 0.2584 0.6674 -0.6984
vn -0.0159 -0.0328 -0.9993
vn 0.2401 0.6303 -0.7383
vn -0.4403 -0.2585 -0.8598
vn -0.8390 -0.2452 -0.4858
vn -0.4564 -0.2837 -0.8433
vn -0.3932 -0.8573 0.3323
vn -0.5259 -0.8367 0.1530
vn -0.7872 -0.6000 0.1427
vn 0.1313 -0.2154 0.9677
vn 0.1533 -0.9166 0.3693
vn 0.4654 -0.2992 0.8330
vn 0.3712 0.0746 0.9256
vn 0.6318 0.6650 0.3982
vn 0.6280 0.6446 0.4360
vn 0.2541 0.6338 -0.7306
vn 0.2392 0.6939 -0.6792
vn -0.1992 -0.4428 -0.8742
vn -0.2320 -0.3928 -0.8899
vn -0.3796 -0.9097 0.1681
vn -0.5497 -0.8087 0.2096
vn -0.0008 -0.1843 0.9829
vn 0.1346 -0.2508 0.9586
vn 0.3892 0.7917 0.4709
vn 0.3771 0.8207 0.4292
vn 0.1986 0.7144 -0.6709
vn 0.0786 0.7753 -0.6267
vn -0.1114 -0.5979 -0.7938
vn -0.1574 -0.4528 -0.8776
vn -0.2584 -0.9660 0.0038
vn -0.2637 -0.9475 0.1811
vn -0.0335 -0.1113 0.9932
vn 0.0884 -0.1500 0.9847
vn 0.2158 0.8708 0.4417
vn -0.5738 0.3935 -0.7183
vn -0.4099 0.5675 -0.7141
vn -0.5468 0.3775 -0.7474
vn 0.3740 -0.2888 -0.8813
vn 0.5509 -0.2825 -0.7853
vn 0.4724 -0.2514 -0.8448
vn 0.7994 -0.5478 0.2467
vn 0.7300 -0.6639 0.1624
vn 0.6892 -0.6911 0.2178
vn 0.0344 -0.0859 0.9957
vn -0.1321 -0.0805 0.9880
vn -0.7910 0.4956 0.3587
vn -0.6650 0.6459 0.3750
vn -0.6528 0.7156 0.2485
vn -0.7060 0.0913 -0.7023
vn -0.6962 0.0751 -0.7139
vn 0.3678 -0.3226 -0.8722
vn 0.4323 -0.2790 -0.8575
vn 0.7959 -0.5748 0.1903
vn 0.9464 -0.2448 0.2107
vn 0.9391 -0.2898 0.1847
vn 0.0690 0.1052 0.9921
vn 0.1172 -0.0482 0.9919
vn -0.8193 0.4236 0.3864
vn -0.7319 0.5484 0.4044
vn -0.7432 -0.1449 -0.6532
vn -0.7563 -0.1503 -0.6367
vn 0.3813 -0.3495 -0.8559
vn 0.4170 -0.3130 -0.8533
vn 0.9915 -0.0594 0.1153
vn 0.9896 -0.0426 0.1375
vn 0.1383 0.3251 0.9355
vn 0.3270 0.2016 0.9233
vn -0.7412 -0.0136 -0.6712
vn 0.3890 -0.1965 -0.9000
vn 0.9848 -0.1085 0.1360
vn 0.1896 0.1666 0.9676
vn 0.2236 0.1262 0.9665
vn -0.9316 0.1826 0.3144
vn -0.8742 0.2607 0.4096
vn -0.8486 0.1932 0.4925
vn -0.7022 -0.0129 -0.7118
vn -0.6523 0.2822 -0.7034
vn 0.4241 -0.2680 -0.8651
vn 0.4270 -0.2634 -0.8651
vn 0.8979 -0.3982 0.1879
vn 0.9737 -0.1386 0.1807
vn 0.1388 0.0270 0.9900
vn 0.1607 -0.0407 0.9862
vn -0.8048 0.3927 0.4452
vn -0.8117 0.4173 0.4087
vn -0.5540 0.3502 -0.7553
vn -0.6329 0.3418 -0.6947
vn 0.5117 -0.0895 -0.8545
vn 0.4098 -0.2165 -0.8861
vn 0.9128 -0.3817 0.1452
vn 0.8979 -0.4114 0.1567
vn 0.0891 -0.1503 0.9846
vn -0.8426 0.3311 0.4247
vn -0.8164 0.3218 0.4795
vn -0.6109 0.3539 -0.7082
vn -0.5754 0.3737 -0.7275
vn 0.4601 -0.0818 -0.8841
vn 0.5781 0.1640 -0.7993
vn 0.5567 0.1533 -0.8164
vn 0.9356 -0.2823 0.2119
vn 0.8704 -0.4520 0.1952
vn -0.0029 -0.3384 0.9410
vn 0.0221 -0.1769 0.9840
vn -0.9175 0.0717 0.3913
vn -0.9213 0.0909 0.3781
vn -0.5958 0.3899 -0.7022
vn -0.5893 0.3842 -0.7107
vn 0.5667 0.2075 -0.7974
vn 0.5748 0.1907 -0.7957
vn 0.9400 -0.2601 0.2209
vn 0.9462 -0.2543 0.1999
vn 0.0069 -0.3519 0.9360
vn 0.0167 -0.3361 0.9417
vn -0.9374 0.0377 0.3461
vn -0.9340 0.0297 0.3561
vn -0.5953 0.3963 -0.6990
vn 0.5458 0.0639 -0.8355
vn 0.9425 -0.2609 0.2090
vn 0.9239 -0.3213 0.2079
vn 0.9227 -0.3479 0.1660
vn 0.0255 -0.3628 0.9315
vn 0.0176 -0.2568 0.9663
vn 0.0324 -0.2876 0.9572
vn -0.8890 0.1712 0.4247
vn -0.5785 0.3598 -0.7321
vn -0.6045 0.3369 -0.7218
vn 0.4946 -0.0108 -0.8691
vn 0.5265 0.0743 -0.8469
vn 0.9070 -0.3809 0.1799
vn 0.9203 -0.3602 0.1525
vn 0.0491 -0.2395 0.9697
vn 0.0567 -0.2097 0.9761
vn -0.8767 0.2333 0.4207
vn -0.9041 0.1568 0.3975
vn 0.3778 0.7163 -0.5866
vn 0.5875 0.5995 -0.5435
vn -0.6470 -0.1228 -0.7525
vn -0.6789 0.3265 -0.6576
vn -0.4601 -0.2610 -0.8486
vn -0.3395 -0.7650 0.5472
vn -0.8311 -0.5466 -0.1026
vn 0.5513 -0.6363 0.5396
vn 0.4020 -0.7056 0.5836
vn 0.8866 0.2038 0.4153
vn 0.3983 0.9026 0.1634
vn -0.3942 -0.3829 0.8355
vn -0.3500 -0.3780 0.8571
vn -0.4033 -0.3402 0.8495
vn 0.7179 -0.6959 0.0184
vn -0.7215 0.6907 0.0488
vn -0.6926 -0.7191 0.0568
vn -0.2501 0.9682 -0.0051
vn 0.8474 -0.5253 0.0774
vn 0.8133 -0.5771 0.0739
vn -0.0664 -0.8466 0.5281
vn -0.9352 0.3205 0.1507
vn 0.1416 -0.6876 -0.7121
vn -0.8554 -0.4208 -0.3020
vn -0.6411 0.1785 -0.7464
vn -0.1771 0.6532 -0.7361
vn 0.1965 0.5044 0.8408
vn 0.4318 0.7476 -0.5047
vn 0.7176 0.6965 -0.0031
vn 0.0233 -0.0185 0.9996
vn -0.0461 0.0665 -0.9967
vn -0.7603 -0.6494 -0.0142
vn -0.0737 0.0479 0.9961
vn 0.6433 0.7654 -0.0172
vn -0.8585 0.3933 -0.3290
vn -0.3933 0.8585 -0.3290
vn -0.2473 -0.5329 -0.8092
vn -0.6016 -0.0834 -0.7944
vn -0.5052 0.7890 0.3496
vn -0.5091 0.7837 0.3558
vn -0.4893 0.8043 0.3371
vn 0.1358 0.5331 0.8351
vn 0.5316 0.0528 0.8454
vn 0.3485 -0.7152 0.6058
vn 0.7028 -0.4285 -0.5679
vn 0.7959 -0.4235 -0.4327
vn 0.7006 -0.5755 -0.4218
vn 0.4129 -0.6819 -0.6037
vn 0.7569 -0.2023 -0.6214
vn 0.5265 -0.7290 0.4375
vn 0.5419 0.5507 0.6349
vn -0.6831 -0.6905 0.2378
vn 0.5626 0.4536 -0.6912
vn 0.5506 0.4529 -0.7012
vn 0.5703 0.4608 -0.6801
vn 0.7016 0.6718 -0.2378
vn 0.8093 -0.5699 0.1423
vn 0.8034 -0.5753 0.1534
vn 0.7940 -0.5937 0.1303
vn 0.6308 0.1011 -0.7694
vn 0.0835 0.6017 -0.7944
vn -0.0528 -0.5316 0.8454
vn 0.2059 -0.8792 -0.4297
vn 0.5395 -0.6801 -0.4964
vn 0.9797 -0.1997 -0.0145
vn 0.3287 0.2093 0.9210
vn 0.6373 -0.0567 0.7685
vn -0.1228 -0.1308 0.9838
vn 0.4354 0.3872 -0.8127
vn -0.1694 -0.2533 -0.9524
vn -0.1843 -0.2480 -0.9511
vn -0.1771 -0.2399 -0.9545
vn 0.1078 0.1459 0.9834
vn -0.4271 -0.4318 0.7944
vn -0.7192 -0.6444 -0.2596
vn 0.2913 0.3626 0.8853
vn 0.6417 0.7194 -0.2659
vn 0.7047 0.7095 -0.0018
vn 0.7170 0.6815 -0.1466
vn 0.7093 0.6818 0.1787
vn 0.6140 0.3587 0.7031
vn -0.0884 0.2784 -0.9564
vn 0.6829 -0.7303 -0.0173
vn 0.7070 -0.7072 -0.0001
vn -0.6831 -0.7082 0.1782
vn -0.2941 0.0805 0.9524
vn -0.6742 -0.6771 -0.2948
vn 0.7312 -0.6820 -0.0148
vn 0.3691 -0.3519 0.8602
vn -0.4498 0.4632 -0.7636
vn -0.5973 -0.5752 0.5589
vn 0.8390 0.3923 0.3772
vn 0.6723 0.1022 0.7332
vn -0.0115 0.7540 -0.6567
vn -0.5648 0.8251 0.0164
vn -0.9232 -0.3520 -0.1541
vn 0.5698 0.6179 -0.5418
vn -0.6149 -0.5691 0.5459
vn 0.5761 0.5719 0.5840
vn -0.6071 0.6511 0.4555
vn -0.9249 0.3802 -0.0028
vn 0.7036 0.7093 -0.0440
vn -0.1310 0.6208 -0.7729
vn 0.8543 -0.4439 -0.2704
vn -0.6968 -0.7166 -0.0316
vn 0.1043 -0.5093 -0.8542
vn -0.2345 -0.8493 0.4729
vn 0.8554 0.2709 0.4415
vn 0.4064 -0.5898 -0.6979
vn 0.2331 0.8538 -0.4656
vn -0.6506 -0.3280 -0.6850
vn 0.3536 0.3534 -0.8660
vn 0.7803 0.6255 -0.0000
vn -0.3535 -0.3537 0.8660
vn 0.3281 0.6506 0.6850
vn 0.6505 0.3281 0.6850
vn -0.3537 -0.3535 0.8660
vn 0.3535 0.3536 -0.8660
vn -0.3280 -0.6506 -0.6850
vn -0.3535 -0.3536 0.8660
vn -0.6506 -0.3280 -0.6849
vn 0.3281 0.6506 0.6849
vn -0.3537 -0.3536 0.8660
vn 0.3536 0.3534 -0.8661
vn -0.3281 -0.6505 -0.6850
vn -0.3488 -0.9290 0.1240
vn 0.1173 0.9127 0.3914
vn -0.4332 0.6691 -0.6039
vn 0.4400 -0.2846 -0.8517
vn -0.8476 0.3037 0.4352
vn -0.6464 0.2295 -0.7276
vn -0.5745 0.3546 -0.7377
vn 0.5234 -0.0249 -0.8517
vn -0.8875 0.2102 0.4101
vn 0.2557 0.4910 -0.8328
vn 0.8176 0.5678 -0.0956
vn -0.3595 0.9262 -0.1139
vn -0.3096 0.9507 -0.0196
vn -0.3594 0.9332 -0.0004
vn 0.7159 0.6489 -0.2576
vn 0.7396 0.6730 -0.0061
vn 0.7136 0.6490 -0.2638
vn -0.2070 -0.9476 0.2432
vn -0.4698 -0.8828 -0.0010
vn -0.4465 -0.8608 0.2444
vn -0.3900 0.8957 -0.2137
vn -0.3368 0.9290 -0.1531
vn 0.6455 0.5785 -0.4986
vn 0.6421 0.5774 -0.5043
vn -0.1428 -0.8835 0.4462
vn -0.3794 -0.7925 0.4776
vn -0.4377 0.8480 -0.2988
vn -0.3750 0.8909 -0.2562
vn 0.5334 0.4664 -0.7056
vn 0.5290 0.4644 -0.7103
vn -0.0436 -0.7843 0.6189
vn -0.4995 0.7863 -0.3638
vn -0.4306 0.8352 -0.3420
vn 0.3872 0.3202 -0.8646
vn 0.3820 0.3175 -0.8679
vn 0.0837 -0.6570 0.7493
vn -0.2701 -0.6846 0.6771
vn -0.1321 -0.5451 0.8279
vn -0.5709 0.7148 -0.4040
vn -0.5002 0.7657 -0.4043
vn 0.2169 0.1499 -0.9646
vn 0.2114 0.1467 -0.9663
vn 0.2306 -0.5101 0.8286
vn 0.0310 -0.3821 0.9236
vn -0.6262 0.6656 -0.4061
vn -0.5786 0.6872 -0.4393
vn 0.0357 -0.0327 -0.9988
vn 0.0281 -0.0368 -0.9989
vn 0.3894 -0.3534 0.8506
vn 0.2060 -0.2069 0.9564
vn -0.7016 0.5905 -0.3989
vn -0.6439 0.6161 -0.4537
vn -0.1470 -0.2152 -0.9654
vn -0.1542 -0.2190 -0.9635
vn 0.5446 -0.1984 0.8149
vn 0.3811 -0.0320 0.9240
vn -0.7939 0.4918 -0.3575
vn -0.7264 0.5337 -0.4331
vn -0.3191 -0.3861 -0.8655
vn -0.3243 -0.3889 -0.8623
vn 0.6859 -0.0548 0.7256
vn 0.5443 0.1311 0.8286
vn -0.8542 0.4315 -0.2900
vn -0.8142 0.4517 -0.3648
vn -0.4655 -0.5325 -0.7070
vn -0.4698 -0.5346 -0.7025
vn 0.8079 0.0672 0.5854
vn 0.6844 0.2713 0.6768
vn -0.9001 0.3855 -0.2028
vn -0.8748 0.3911 -0.2861
vn -0.5779 -0.6448 -0.5003
vn 0.9002 0.1595 0.4053
vn 0.7920 0.3788 0.4788
vn -0.9284 0.3573 -0.1018
vn -0.9189 0.3470 -0.1878
vn -0.6486 -0.7156 -0.2594
vn -0.5813 -0.6460 -0.4947
vn -0.6510 -0.7156 -0.2532
vn 0.9563 0.2156 0.1976
vn 0.8596 0.4453 0.2506
vn -0.9374 0.3483 0.0063
vn -0.9435 0.3223 -0.0768
vn -0.6728 -0.7399 -0.0009
vn 0.9725 0.2318 -0.0236
vn 0.8828 0.4698 0.0007
vn -0.9262 0.3595 0.1139
vn -0.9470 0.3188 0.0395
vn -0.6740 -0.7387 0.0055
vn -0.6488 -0.7160 0.2577
vn 0.9477 0.2069 -0.2432
vn 0.8599 0.4468 -0.2468
vn -0.8957 0.3899 0.2137
vn -0.9290 0.3368 0.1531
vn -0.5785 -0.6455 0.4986
vn -0.6490 -0.7136 0.2639
vn -0.5774 -0.6422 0.5042
vn 0.8835 0.1428 -0.4462
vn 0.7925 0.3794 -0.4776
vn -0.8480 0.4376 0.2990
vn -0.8909 0.3749 0.2563
vn -0.4664 -0.5334 0.7057
vn -0.4644 -0.5290 0.7103
vn 0.7843 0.0436 -0.6189
vn 0.6868 0.2725 -0.6738
vn -0.7862 0.4995 0.3639
vn -0.8352 0.4306 0.3420
vn -0.3202 -0.3872 0.8646
vn -0.3175 -0.3821 0.8679
vn 0.6569 -0.0837 -0.7493
vn -0.7148 0.5709 0.4040
vn -0.7658 0.5001 0.4044
vn -0.1500 -0.2170 0.9646
vn 0.5445 0.1290 -0.8288
vn 0.5100 -0.2306 -0.8287
vn -0.6384 0.6473 0.4165
vn -0.6872 0.5786 0.4393
vn 0.0330 -0.0342 0.9989
vn -0.1467 -0.2115 0.9663
vn 0.0362 -0.0284 0.9989
vn 0.3537 -0.3871 -0.8515
vn 0.3813 -0.0333 -0.9239
vn 0.2071 -0.2060 -0.9564
vn -0.5623 0.7233 0.4007
vn -0.6050 0.6609 0.4442
vn 0.2157 0.1487 0.9651
vn 0.2189 0.1543 0.9635
vn 0.1984 -0.5423 -0.8164
vn 0.0321 -0.3811 -0.9240
vn -0.4918 0.7939 0.3575
vn -0.5246 0.7412 0.4188
vn 0.3861 0.3191 0.8655
vn 0.3889 0.3241 0.8624
vn 0.0548 -0.6859 -0.7256
vn -0.1311 -0.5443 -0.8286
vn -0.4315 0.8542 0.2900
vn -0.4517 0.8142 0.3648
vn 0.5325 0.4655 0.7069
vn -0.0672 -0.8079 -0.5854
vn -0.2713 -0.6844 -0.6768
vn -0.3855 0.9001 0.2029
vn -0.3910 0.8748 0.2861
vn 0.6449 0.5778 0.5002
vn 0.5346 0.4700 0.7024
vn 0.6460 0.5812 0.4948
vn -0.1595 -0.9002 -0.4053
vn -0.3789 -0.7919 -0.4788
vn -0.3572 0.9285 0.1017
vn -0.3469 0.9189 0.1878
vn 0.7156 0.6486 0.2594
vn 0.7156 0.6509 0.2532
vn -0.2156 -0.9563 -0.1976
vn -0.4465 -0.8596 -0.2482
vn -0.3223 0.9435 0.0768
vn 0.7404 0.6721 0.0030
vn -0.2217 -0.9747 0.0282
vn -0.4974 0.5244 0.6911
vn -0.6425 0.3912 0.6589
vn -0.6396 0.3810 0.6677
vn -0.9375 0.0920 0.3357
vn -0.9832 0.0505 0.1756
vn -0.9838 0.0367 0.1755
vn -0.0920 0.9375 -0.3357
vn -0.0505 0.9832 -0.1756
vn -0.0367 0.9838 -0.1755
vn -0.8535 0.1760 -0.4905
vn -0.7575 0.2762 -0.5915
vn -0.7527 0.2679 -0.6015
vn -0.3714 0.6505 0.6625
vn -0.5175 0.5163 0.6824
vn -0.1678 0.8616 -0.4790
vn -0.0947 0.9367 -0.3370
vn -0.9317 0.0977 -0.3499
vn -0.8549 0.1765 -0.4878
vn -0.2773 0.7521 0.5979
vn -0.3927 0.6410 0.6595
vn -0.9815 0.0479 -0.1854
vn -0.9326 0.0988 -0.3471
vn -0.9994 0.0343 -0.0010
vn -0.9998 0.0208 -0.0038
vn -0.8616 0.1678 0.4790
vn -0.9367 0.0947 0.3370
vn -0.1760 0.8534 0.4906
vn -0.2774 0.7540 0.5954
vn -0.0978 0.9317 0.3499
vn -0.1767 0.8548 0.4879
vn -0.9819 0.0495 -0.1827
vn -0.3836 0.6458 -0.6602
vn -0.2749 0.7588 -0.5905
vn -0.2632 0.7574 -0.5976
vn -0.0479 0.9815 0.1853
vn -0.0989 0.9326 0.3471
vn -0.5089 0.5205 -0.6856
vn -0.3865 0.6449 -0.6593
vn -0.7621 0.2673 0.5897
vn -0.8607 0.1708 0.4796
vn -0.0299 0.9995 0.0082
vn -0.0496 0.9819 0.1827
vn -0.6346 0.3948 -0.6644
vn -0.5116 0.5199 -0.6841
vn -0.1708 0.8607 -0.4796
vn -0.7612 0.2703 0.5896
vn -0.0320 0.9995 0.0059
vn -0.6369 0.3946 -0.6623
vn 0.1633 0.5217 0.8373
vn 0.1005 0.2643 0.9592
vn -0.0017 0.3568 0.9342
vn -0.8398 -0.4813 0.2511
vn -0.7842 -0.6205 0.0010
vn -0.8633 -0.5048 0.0008
vn 0.3049 0.6633 0.6835
vn 0.2701 0.4335 0.8597
vn 0.4134 0.7719 0.4830
vn 0.4153 0.5790 0.7016
vn 0.4816 0.8401 0.2496
vn 0.5266 0.6906 0.4958
vn 0.5048 0.8633 -0.0008
vn 0.5969 0.7603 0.2561
vn 0.4813 0.8398 -0.2511
vn 0.6203 0.7844 -0.0010
vn 0.4128 0.7713 -0.4844
vn 0.5963 0.7601 -0.2581
vn 0.3040 0.6625 -0.6846
vn 0.5262 0.6897 -0.4975
vn 0.1623 0.5208 -0.8381
vn 0.4141 0.5781 -0.7031
vn -0.0028 0.3557 -0.9346
vn 0.2688 0.4323 -0.8607
vn -0.1798 0.1787 -0.9673
vn 0.0995 0.2628 -0.9597
vn -0.3568 0.0017 -0.9342
vn -0.0827 0.0813 -0.9933
vn -0.5217 -0.1632 -0.8373
vn -0.2643 -0.1007 -0.9592
vn -0.6633 -0.3049 -0.6834
vn -0.4336 -0.2700 -0.8597
vn -0.7719 -0.4135 -0.4830
vn -0.5791 -0.4152 -0.7016
vn -0.8401 -0.4817 -0.2496
vn -0.6905 -0.5267 -0.4958
vn -0.7713 -0.4128 0.4844
vn -0.7601 -0.5963 0.2581
vn -0.6625 -0.3040 0.6846
vn -0.6896 -0.5262 0.4975
vn -0.5208 -0.1623 0.8381
vn -0.5778 -0.4145 0.7031
vn -0.3557 0.0028 0.9346
vn -0.4327 -0.2684 0.8607
vn -0.1784 0.1795 0.9675
vn -0.2629 -0.0993 0.9597
vn -0.7605 -0.5967 -0.2561
vn -0.0811 0.0825 0.9933
vn 0.5060 -0.8602 0.0639
vn 0.4647 -0.8854 -0.0128
vn 0.4645 -0.8812 0.0884
vn 0.7283 -0.6379 0.2504
vn 0.6660 -0.6840 0.2976
vn 0.7542 -0.6035 0.2589
vn 0.7325 -0.6337 -0.2489
vn 0.7880 -0.5621 -0.2512
vn 0.7051 -0.6526 -0.2774
vn 0.5238 -0.8424 0.1265
vn 0.5216 -0.8361 0.1699
vn 0.7726 -0.5936 0.2253
vn 0.7987 -0.5511 0.2417
vn 0.6858 -0.6805 -0.2581
vn 0.6525 -0.6974 -0.2963
vn 0.8688 -0.4950 -0.0124
vn 0.8750 -0.4826 0.0371
vn 0.8848 -0.4650 -0.0308
vn 0.5524 -0.8138 0.1805
vn 0.5418 -0.8079 0.2317
vn 0.8108 -0.5554 0.1849
vn 0.8387 -0.5110 0.1882
vn 0.6380 -0.7283 -0.2502
vn 0.5992 -0.7508 -0.2779
vn 0.5259 -0.8403 -0.1318
vn 0.5221 -0.8356 -0.1709
vn 0.4822 -0.8676 -0.1218
vn 0.5899 -0.7763 0.2223
vn 0.5888 -0.7610 0.2725
vn 0.5554 -0.8108 -0.1849
vn 0.5587 -0.7990 -0.2224
vn 0.8424 -0.5237 -0.1266
vn 0.8619 -0.4958 -0.1066
vn 0.8458 -0.5039 -0.1752
vn 0.8403 -0.5259 0.1319
vn 0.8675 -0.4822 0.1218
vn 0.5937 -0.7726 -0.2252
vn 0.8602 -0.5059 -0.0639
vn 0.5072 -0.8590 -0.0698
vn 0.4665 -0.8833 -0.0471
vn 0.6337 -0.7325 0.2488
vn 0.6416 -0.7082 0.2948
vn 0.8138 -0.5524 -0.1805
vn 0.8079 -0.5419 -0.2316
vn 0.8590 -0.5072 0.0698
vn 0.5004 -0.8658 -0.0031
vn 0.6809 -0.6852 0.2585
vn 0.7763 -0.5899 -0.2222
vn -0.3325 0.4041 0.8521
vn -0.3809 0.3684 0.8481
vn -0.3705 0.3511 0.8599
vn 0.5891 -0.6283 0.5081
vn 0.3867 -0.3567 0.8504
vn 0.6601 -0.6522 0.3728
vn 0.8055 -0.5723 0.1536
vn -0.1289 -0.1551 0.9795
vn -0.3727 -0.3203 0.8709
vn -0.2212 -0.2318 0.9473
vn 0.2208 0.2374 0.9460
vn 0.0163 0.0248 0.9996
vn 0.3758 0.3359 0.8637
vn -0.8218 0.5697 0.0040
vn -0.7013 0.7105 0.0577
vn -0.7478 0.6640 -0.0046
vn -0.7054 -0.7085 -0.0222
vn -0.7057 -0.7075 0.0385
vn -0.7029 -0.7112 0.0020
vn 0.6884 -0.7238 0.0477
vn 0.7995 -0.5914 -0.1053
vn 0.7192 0.6947 -0.0089
vn 0.7067 0.7050 0.0591
vn 0.7029 0.7112 0.0018
vn -0.7981 -0.6024 0.0151
vn -0.8681 -0.2120 -0.4489
vn -0.8923 -0.4497 0.0393
vn 0.3908 0.8922 -0.2266
vn 0.6045 0.7965 0.0135
vn 0.4296 0.9026 0.0287
vn 0.4986 0.8592 -0.1143
vn 0.7103 0.7007 -0.0677
vn 0.8176 0.5416 0.1956
vn 0.8415 0.5229 -0.1357
vn 0.8723 0.4487 0.1942
vn 0.8865 0.3914 -0.2468
vn -0.4414 -0.8759 0.1947
vn -0.5210 -0.8447 -0.1227
vn -0.4848 -0.8514 0.2003
vn -0.7092 -0.7020 -0.0655
vn 0.1376 -0.9904 0.0129
vn 0.2815 -0.9596 -0.0001
vn 0.1971 -0.9782 0.0653
vn 0.9862 -0.1550 0.0583
vn 0.9600 -0.2798 -0.0071
vn 0.9650 -0.2622 -0.0088
vn -0.8511 0.2576 0.4575
vn -0.8166 0.5675 0.1054
vn -0.4107 0.7725 0.4844
vn -0.1513 0.9824 0.1097
vn -0.1489 0.9850 0.0868
vn -0.1541 0.9843 0.0861
vn -0.5493 -0.6143 0.5665
vn -0.6612 -0.5289 0.5321
vn -0.7667 -0.3729 0.5227
vn -0.8544 -0.0654 0.5155
vn -0.7654 0.3467 0.5422
vn -0.5963 0.5788 0.5563
vn 0.3679 0.7652 0.5282
vn 0.5135 0.6715 0.5342
vn 0.6280 0.5587 0.5417
vn 0.7875 0.4154 0.4553
vn 0.8969 0.2231 0.3819
vn 0.8988 -0.3566 0.2550
vn 0.9765 -0.2057 0.0645
vn 0.6666 -0.7454 -0.0066
vn 0.7134 -0.7007 -0.0137
vn 0.7690 -0.6371 0.0524
vn 0.3071 -0.9046 0.2957
vn 0.4118 -0.8767 0.2487
vn -0.3085 -0.8284 0.4675
vn -0.3848 -0.7309 0.5637
vn -0.2803 0.5516 -0.7856
vn -0.6083 0.1681 -0.7757
vn -0.4202 0.4067 -0.8112
vn -0.1510 0.6247 -0.7661
vn 0.1157 0.6965 -0.7082
vn 0.5140 0.8056 -0.2945
vn 0.4199 0.8568 -0.2993
vn 0.8043 0.5135 -0.2991
vn 0.4294 -0.4445 -0.7862
vn 0.6623 0.0790 -0.7450
vn 0.5790 -0.2094 -0.7880
vn 0.2084 -0.5807 -0.7870
vn -0.0790 -0.6623 -0.7450
vn -0.5135 -0.8043 -0.2991
vn -0.4042 -0.8732 -0.2724
vn -0.4208 -0.8554 -0.3021
vn -0.8593 -0.5002 -0.1068
vn -0.8079 -0.4990 -0.3134
vn -0.8115 -0.2441 -0.5309
vn 0.6708 0.2944 0.6807
vn 0.6502 0.3092 0.6940
vn 0.7483 0.4358 0.5002
vn 0.5044 0.1966 0.8408
vn -0.3105 -0.6590 0.6850
vn -0.2933 -0.6688 0.6832
vn -0.4405 -0.7489 0.4951
vn 0.6708 0.2925 -0.6815
vn 0.6611 0.3081 -0.6841
vn 0.5116 0.1976 -0.8362
vn 0.7485 0.4401 -0.4961
vn -0.3072 -0.6605 -0.6851
vn -0.2933 -0.6725 -0.6795
vn -0.1944 -0.5059 -0.8404
vn -0.7130 -0.7011 -0.0012
vn -0.6988 -0.7152 0.0076
vn -0.6757 -0.7370 -0.0157
vn 0.0023 -0.0063 1.0000
vn 0.0008 -0.0242 0.9997
vn -0.0185 0.0233 0.9996
vn 0.0017 -0.0013 -1.0000
vn 0.0059 -0.0173 -0.9998
vn 0.0377 -0.0138 -0.9992
vn 0.7117 0.7025 0.0004
vn 0.7251 0.6885 0.0159
vn 0.6965 0.7176 -0.0031
vn 0.0365 -0.0736 -0.9966
vn 0.0757 -0.0502 -0.9959
vn 0.7269 0.6867 -0.0089
vn 0.7643 0.6442 0.0299
vn 0.0561 -0.0348 0.9978
vn 0.0488 -0.0731 0.9961
vn -0.6551 -0.7552 0.0226
vn 0.6542 -0.4266 -0.6245
vn 0.8572 -0.3945 -0.3310
vn 0.7138 -0.5356 -0.4512
vn 0.9447 -0.3039 -0.1232
vn 0.8627 -0.2183 -0.4561
vn 0.9830 -0.0910 -0.1597
vn 0.9825 -0.0952 0.1602
vn 0.8627 -0.2193 0.4557
vn 0.9443 -0.3057 0.1220
vn 0.6545 -0.4271 0.6239
vn 0.8576 -0.3945 0.3299
vn 0.4318 -0.6331 0.6425
vn 0.7124 -0.5379 0.4508
vn 0.2206 -0.8542 0.4708
vn 0.5371 -0.7112 0.4535
vn 0.3057 -0.9443 0.1220
vn 0.0951 -0.9825 0.1602
vn 0.3039 -0.9447 -0.1232
vn 0.2174 -0.8635 -0.4550
vn 0.0910 -0.9830 -0.1597
vn 0.4261 -0.6556 -0.6234
vn 0.3945 -0.8576 -0.3299
vn 0.5368 -0.7126 -0.4517
vn -0.5706 0.8093 0.1396
vn -0.5936 0.7941 0.1304
vn -0.5720 0.8059 0.1527
vn 0.2280 0.5500 -0.8035
vn 0.1362 0.6064 -0.7834
vn 0.1011 0.6308 -0.7693
vn 0.5965 0.0690 -0.7997
vn 0.5216 0.1853 -0.8328
vn 0.5237 0.1790 -0.8329
vn -0.1729 -0.5058 0.8452
vn -0.1422 -0.5427 0.8278
vn -0.1533 -0.5127 0.8448
vn -0.4740 -0.1319 0.8706
vn -0.5332 -0.0763 0.8426
vn -0.4639 -0.1447 0.8740
vn -0.1955 -0.4783 0.8561
vn 0.8366 -0.5470 -0.0310
vn 0.8245 -0.5642 -0.0426
vn 0.8367 -0.5473 -0.0202
vn 0.9488 0.3153 -0.0180
vn 0.9965 0.0809 0.0232
vn 0.9946 0.0886 0.0533
vn -0.8089 0.4374 0.3929
vn -0.6582 0.5954 0.4607
vn -0.9095 0.3761 0.1770
vn -0.2774 0.8523 -0.4435
vn -0.4324 0.8675 -0.2459
vn -0.0369 0.9988 -0.0311
vn -0.9711 0.0743 0.2270
vn -0.9855 0.1467 -0.0853
vn -0.9651 -0.1789 0.1911
vn -0.2866 0.8140 0.5052
vn -0.5386 0.7814 0.3151
vn -0.4671 0.7274 0.5028
vn -0.5407 -0.5988 0.5909
vn -0.6958 -0.6499 0.3059
vn -0.5905 -0.6188 0.5180
vn 0.6980 0.7096 0.0960
vn 0.6640 0.7184 0.2076
vn 0.6900 0.6906 0.2165
vn 0.1734 0.1223 -0.9772
vn 0.0789 0.0728 -0.9942
vn 0.2175 0.1388 -0.9661
vn -0.6083 -0.6961 -0.3815
vn -0.5960 -0.7054 -0.3837
vn -0.5503 -0.2237 -0.8044
vn -0.6063 -0.1363 -0.7834
vn -0.5378 -0.2467 -0.8062
vn -0.1854 -0.5189 -0.8345
vn -0.0690 -0.5964 -0.7997
vn -0.1835 -0.5241 -0.8317
vn 0.7891 -0.5051 0.3497
vn 0.8044 -0.4891 0.3372
vn 0.7837 -0.5094 0.3555
vn 0.4978 0.1708 0.8503
vn 0.5427 0.1422 0.8278
vn 0.5331 0.1357 0.8351
vn 0.0762 0.5331 0.8426
vn 0.1311 0.4709 0.8724
vn 0.1459 0.4638 0.8739
vn 0.4994 0.1544 0.8525
vn 0.4783 0.1955 0.8561
vn 0.5642 -0.8246 -0.0426
vn 0.5469 -0.8366 -0.0311
vn 0.5473 -0.8367 -0.0202
vn -0.4598 0.8572 -0.2320
vn -0.5806 0.6765 -0.4530
vn -0.5774 0.7998 -0.1639
vn -0.9505 0.1909 0.2451
vn -0.9909 0.1341 -0.0072
vn -0.9868 -0.1157 0.1132
vn 0.6794 0.7274 0.0966
vn 0.3162 0.9479 0.0387
vn 0.2945 0.9479 0.1216
vn -0.3980 0.8490 0.3475
vn -0.3600 0.9253 0.1192
vn -0.5489 0.8096 0.2078
vn -0.7296 0.4628 0.5035
vn -0.8855 0.4406 0.1475
vn 0.7065 0.6948 0.1343
vn 0.7109 0.6862 0.1538
vn 0.0697 0.0550 0.9960
vn -0.0921 -0.0348 0.9951
vn -0.0040 -0.0057 1.0000
vn -0.6800 -0.7017 0.2126
vn -0.6595 -0.7312 0.1742
vn -0.6835 -0.6922 0.2319
vn -0.3691 -0.3051 -0.8779
vn -0.4292 -0.4164 -0.8015
vn -0.4441 -0.4536 -0.7727
vn 0.2141 0.2140 -0.9531
vn 0.2065 0.2256 -0.9521
vn 0.2091 0.2309 -0.9503
vn -0.1664 -0.1571 -0.9735
vn 0.0697 0.0602 -0.9957
vn -0.0583 -0.0750 -0.9955
vn 0.1068 0.1392 0.9845
vn -0.1215 -0.0765 0.9896
vn 0.1210 0.0979 0.9878
vn -0.6424 0.7659 -0.0259
vn -0.7143 0.6995 -0.0221
vn -0.7454 0.6546 -0.1259
vn -0.7097 0.7041 -0.0259
vn -0.7662 0.6420 0.0290
vn -0.7287 0.6806 -0.0764
vn -0.7448 0.6637 -0.0693
vn -0.7046 0.7092 -0.0227
vn -0.7167 0.6973 0.0111
vn 0.4544 0.4367 0.7764
vn 0.3765 0.3205 0.8692
vn 0.4211 0.4010 0.8136
vn 0.3069 0.2369 0.9218
vn 0.7183 0.6567 -0.2298
vn 0.7441 0.6627 -0.0844
vn 0.7285 0.6789 -0.0916
vn -0.4332 -0.4277 0.7934
vn -0.4464 -0.4839 0.7527
vn -0.3795 -0.4582 0.8038
vn -0.6817 -0.7288 -0.0645
vn -0.6588 -0.7180 -0.2247
vn -0.6868 -0.7146 -0.1328
vn 0.1558 0.1705 -0.9730
vn 0.2937 0.3387 -0.8939
vn -0.3391 -0.3199 -0.8847
vn 0.6610 -0.4454 -0.6039
vn 0.6941 -0.7180 0.0516
vn 0.2034 -0.9655 0.1626
vn 0.2813 -0.9560 -0.0835
vn 0.6825 -0.7292 0.0506
vn 0.6237 -0.4905 0.6087
vn -0.6442 -0.7634 -0.0476
vn -0.7158 -0.6982 -0.0128
vn -0.6401 -0.7674 -0.0361
vn -0.6753 -0.7367 0.0356
vn -0.6608 -0.7505 -0.0047
vn -0.6175 -0.7865 0.0089
vn -0.7708 -0.4464 0.4546
vn 0.0534 -0.0034 -0.9986
vn -0.0984 -0.2077 -0.9732
vn -0.4042 -0.5361 -0.7411
vn -0.7966 -0.5740 0.1895
vn -0.0305 0.1010 0.9944
vn 0.0151 0.0156 0.9998
vn 0.0549 -0.0036 0.9985
vn 0.0112 -0.7595 -0.6504
vn -0.4377 -0.6909 -0.5754
vn 0.0926 0.0940 -0.9913
vn 0.5100 -0.2560 -0.8212
vn -0.1744 0.4514 -0.8751
vn -0.9441 -0.1326 -0.3017
vn -0.7085 -0.6933 0.1315
vn -0.3848 -0.9230 0.0020
vn -0.4454 -0.8937 -0.0546
vn -0.9436 -0.1308 0.3042
vn -0.6443 -0.3709 0.6688
vn -0.4916 -0.8158 0.3047
vn 0.0510 -0.2405 0.9693
vn -0.6538 -0.1737 -0.7365
vn -0.5313 -0.8266 -0.1855
vn -0.7251 -0.6342 -0.2683
vn -0.2169 0.9444 0.2473
vn -0.5325 0.7890 -0.3064
vn -0.9634 0.2661 0.0315
vn -0.7071 0.7071 -0.0001
vn 0.4455 -0.6609 -0.6039
vn 0.9600 -0.2073 0.1882
vn 0.7265 -0.6845 0.0610
vn 0.7293 0.6821 -0.0527
vn 0.7558 0.6514 -0.0670
vn 0.6936 0.7203 0.0017
vn 0.7512 0.6600 0.0123
vn 0.7665 0.6410 0.0393
vn 0.7337 0.6790 -0.0262
vn 0.4460 0.7742 0.4491
vn 0.0295 -0.0444 -0.9986
vn 0.6041 0.3773 -0.7019
vn 0.2118 0.1170 -0.9703
vn 0.5776 0.7950 0.1854
vn 0.7150 0.6991 -0.0062
vn 0.4138 0.3438 -0.8430
vn 0.6846 0.4492 -0.5741
vn -0.0806 0.0514 0.9954
vn 0.0455 -0.0495 0.9977
vn -0.0059 -0.0247 0.9997
vn -0.0933 -0.0933 -0.9913
vn -0.3725 0.2962 -0.8795
vn -0.0008 -0.5706 -0.8212
vn 0.1326 0.9441 -0.3017
vn 0.6936 0.7082 0.1314
vn 0.6815 0.7170 -0.1466
vn 0.1308 0.9436 0.3042
vn 0.8885 0.4523 -0.0772
vn 0.9230 0.3848 0.0020
vn 0.3702 0.6438 0.6697
vn 0.8037 0.1024 0.5862
vn 0.5864 0.5792 0.5662
vn 0.1763 0.6604 -0.7299
vn 0.8515 0.4843 -0.2011
vn 0.2784 -0.0885 -0.9564
vn -0.7921 0.5294 -0.3038
vn -0.7637 0.3977 0.5086
vn -0.2743 0.9616 0.0067
vn -0.6168 0.6591 -0.4302
vn -0.7751 0.5306 -0.3432
vn -0.4849 0.8039 -0.3444
vn -0.5044 0.3496 -0.7895
vn -0.2845 0.3925 -0.8746
vn -0.4133 0.2351 -0.8797
vn -0.3609 0.3815 0.8510
vn -0.4617 0.4478 0.7657
vn -0.4504 0.4631 0.7633
vn -0.1275 0.1178 0.9848
vn -0.1219 -0.1377 0.9830
vn 0.4666 -0.4558 -0.7580
vn 0.3475 -0.4920 -0.7983
vn 0.5118 -0.3586 -0.7807
vn -0.6484 -0.3542 0.6739
vn -0.5934 -0.4297 0.6806
vn 0.8757 -0.3740 -0.3054
vn 0.4679 -0.6481 0.6009
vn 0.7549 -0.6552 0.0289
vn -0.7598 0.4470 -0.4721
vn -0.8139 0.2732 -0.5127
vn 0.3962 0.8387 0.3736
vn -0.5018 -0.5095 0.6990
vn -0.5893 -0.5866 0.5555
vn -0.2745 0.8273 -0.4901
vn -0.4470 0.7705 -0.4545
vn 0.5092 0.5020 0.6991
vn 0.3476 0.6185 0.7047
vn 0.4535 0.5493 0.7018
vn -0.6519 0.6175 -0.4402
vn 0.4003 0.4126 0.8183
vn 0.0856 0.6807 0.7275
vn -0.4208 -0.4045 0.8120
vn -0.6295 0.2888 -0.7213
vn -0.3396 -0.4103 -0.8464
vn -0.2949 0.6366 -0.7126
vn -0.2342 0.6467 -0.7259
vn 0.7458 -0.0228 -0.6658
vn 0.7512 -0.0251 -0.6596
vn 0.8250 -0.5649 0.0164
vn 0.5050 0.6604 -0.5557
vn 0.4730 0.1005 -0.8753
vn 0.6179 0.5698 -0.5418
vn -0.6608 -0.5054 -0.5549
vn -0.0274 -0.7747 -0.6317
vn -0.5680 -0.8220 -0.0415
vn 0.5031 0.6608 0.5569
vn 0.5973 0.5710 0.5632
vn 0.5721 0.5760 0.5839
vn -0.6613 -0.5018 0.5576
vn -0.5710 -0.5973 0.5632
vn -0.5691 -0.6149 0.5459
vn 0.3776 -0.9245 0.0521
vn 0.6571 -0.6014 0.4544
vn -0.6291 0.2337 -0.7414
vn -0.7630 0.3363 -0.5521
vn -0.3363 0.7630 -0.5521
vn -0.3660 0.5086 -0.7793
vn 0.8639 -0.2932 0.4095
vn 0.7062 -0.7080 -0.0003
vn 0.6680 -0.5922 0.4507
vn 0.7081 -0.7061 -0.0003
vn 0.2932 -0.8639 0.4095
vn 0.5921 -0.6680 0.4507
vn -0.7184 -0.6952 -0.0244
vn -0.7082 -0.7047 -0.0426
vn -0.7170 -0.6965 -0.0273
vn -0.7001 0.1088 0.7057
vn -0.5806 0.3192 0.7490
vn -0.8201 -0.0795 0.5666
vn 0.6981 0.7156 -0.0252
vn 0.7047 0.7082 -0.0426
vn 0.7092 0.7036 -0.0439
vn 0.6191 -0.1314 -0.7742
vn 0.5148 -0.3734 -0.7717
vn 0.5331 -0.3117 -0.7866
vn -0.3442 0.5962 0.7254
vn -0.1479 0.6827 0.7156
vn 0.0679 0.8134 0.5778
vn -0.6912 0.6216 -0.3685
vn -0.5386 0.5625 -0.6273
vn -0.5579 0.5419 -0.6286
vn 0.3214 -0.5732 -0.7537
vn 0.1111 -0.7147 -0.6906
vn 0.2327 0.8232 0.5178
vn -0.8357 -0.2111 0.5070
vn 0.8253 0.2122 -0.5234
vn 0.8360 0.2090 -0.5073
vn 0.8110 0.2028 -0.5487
vn -0.1999 -0.8130 -0.5469
vn -0.2110 -0.8126 -0.5432
vn -0.5258 0.5227 -0.6710
vn -0.5064 0.5662 -0.6503
vn -0.5694 0.5124 -0.6428
vn -0.4884 0.5828 -0.6495
vn -0.0941 -0.0929 0.9912
vn 0.0035 0.0002 1.0000
vn -0.0005 -0.0036 1.0000
vn 0.0944 0.0944 0.9910
vn 0.2990 -0.8613 -0.4109
vn 0.7079 -0.7064 0.0003
vn 0.6189 -0.6474 -0.4448
vn 0.7063 -0.7079 0.0003
vn 0.8613 -0.2989 -0.4109
vn 0.6474 -0.6188 -0.4449
vn 0.3534 0.3536 -0.8660
vn -0.3449 -0.5238 -0.7789
vn 0.5269 0.3446 0.7770
vn 0.6506 0.3280 0.6850
vn -0.3446 -0.5269 0.7770
vn -0.3449 -0.5238 0.7789
vn -0.3536 -0.3534 0.8660
vn 0.3446 0.5269 0.7770
vn 0.3280 0.6506 0.6850
vn -0.6253 -0.7804 -0.0000
vn 0.7804 0.6253 -0.0000
vn 0.3536 0.3535 -0.8660
vn -0.7072 0.7070 -0.0000
vn -0.7070 0.7072 -0.0000
vn 0.6254 0.7803 -0.0000
vn -0.6508 -0.3276 -0.6849
vn -0.3536 -0.3534 0.8661
vn -0.0507 -0.6477 -0.7602
vn 0.0499 -0.3313 -0.9422
vn 0.0180 -0.3721 -0.9280
vn -0.8537 -0.5202 -0.0242
vn -0.6075 -0.7924 -0.0560
vn -0.6204 -0.7842 0.0078
vn -0.3949 -0.1426 0.9076
vn -0.0455 0.3636 0.9305
vn -0.8311 -0.1379 0.5388
vn 0.2080 0.6231 0.7540
vn 0.3492 0.7420 0.5723
vn 0.6653 0.5996 0.4447
vn 0.6948 0.6903 -0.2018
vn 0.5873 0.5730 -0.5716
vn 0.6346 0.3242 -0.7016
vn -0.0703 -0.2633 -0.9622
vn -0.0761 -0.3409 -0.9370
vn -0.4257 -0.9035 0.0491
vn -0.4315 -0.9021 0.0024
vn -0.1679 -0.2571 0.9517
vn -0.3944 -0.1001 0.9135
vn 0.3598 0.7193 0.5942
vn 0.3645 0.6968 0.6178
vn 0.3395 0.7357 0.5861
vn 0.3251 0.7549 -0.5696
vn 0.6129 0.5752 -0.5418
vn -0.1589 -0.1967 -0.9675
vn -0.0246 -0.3713 -0.9282
vn -0.2898 -0.9393 -0.1836
vn -0.1776 -0.9763 0.1238
vn -0.2228 -0.2452 0.9435
vn 0.1760 -0.3849 0.9060
vn 0.2269 0.8842 0.4083
vn 0.3140 0.7416 -0.5928
vn 0.2071 0.8585 -0.4692
vn 0.1865 0.7611 -0.6213
vn -0.0528 -0.2766 -0.9595
vn -0.1259 -0.2714 -0.9542
vn 0.7673 -0.6138 -0.1857
vn 0.4851 -0.8706 -0.0825
vn 0.7664 -0.6022 -0.2237
vn 0.6000 -0.0654 0.7973
vn 0.4868 0.0131 0.8734
vn 0.5522 -0.3427 0.7601
vn -0.3894 0.5729 0.7212
vn -0.4644 0.6011 0.6504
vn -0.3443 0.6317 0.6946
vn -0.7888 0.5261 -0.3179
vn -0.8137 0.4395 -0.3805
vn -0.7531 0.5338 -0.3847
vn 0.0147 -0.1262 -0.9919
vn -0.0346 -0.1513 -0.9879
vn 0.8932 -0.3534 -0.2780
vn 0.5999 -0.0268 0.7996
vn 0.5714 -0.1015 0.8144
vn -0.5237 0.2934 0.7998
vn -0.4269 0.5231 0.7377
vn -0.9304 0.2218 -0.2919
vn -0.8980 0.2700 -0.3473
vn 0.0304 0.0212 -0.9993
vn -0.0098 0.0017 -1.0000
vn 0.9454 -0.1208 -0.3028
vn 0.8758 -0.3931 -0.2802
vn 0.5779 -0.0933 0.8108
vn -0.5833 0.1011 0.8059
vn -0.5898 0.0667 0.8048
vn -0.9439 0.0983 -0.3153
vn -0.9525 0.0717 -0.2958
vn 0.0386 0.0281 -0.9989
vn 0.0056 -0.0017 -1.0000
vn 0.9538 -0.1017 -0.2827
vn 0.9604 0.0581 -0.2727
vn 0.9296 0.1351 -0.3429
vn 0.5472 0.0520 0.8354
vn 0.5839 -0.0396 0.8109
vn -0.6044 -0.0496 0.7951
vn -0.5980 -0.0690 0.7985
vn -0.9175 -0.1132 -0.3814
vn -0.9432 -0.0595 -0.3269
vn 0.9129 0.1641 -0.3736
vn -0.9405 -0.0302 -0.3384
vn 0.9748 0.1050 -0.1967
vn -0.5952 -0.0335 0.8029
vn -0.6217 -0.0078 0.7832
vn 0.5224 0.1062 0.8461
vn 0.6634 0.0477 0.7467
vn 0.5802 -0.0373 0.8136
vn 0.0032 -0.0290 -0.9996
vn 0.0237 -0.0239 -0.9994
vn 0.0209 -0.0054 -0.9998
vn 0.9410 -0.0586 -0.3332
vn 0.9217 -0.2316 -0.3113
vn 0.5902 -0.1949 0.7834
vn 0.5416 -0.1816 0.8208
vn -0.5590 0.1530 0.8149
vn -0.6073 0.1692 0.7762
vn -0.9018 0.2757 -0.3327
vn -0.9066 0.3056 -0.2911
vn -0.0242 0.0329 -0.9992
vn -0.0073 -0.0239 -0.9997
vn 0.8647 -0.4035 -0.2992
vn 0.9078 -0.2755 -0.3162
vn 0.5109 -0.2747 0.8146
vn 0.5316 -0.2340 0.8140
vn -0.5769 0.2565 0.7755
vn -0.5353 0.2586 0.8041
vn -0.8601 0.4292 -0.2756
vn -0.2358 -0.5481 -0.8025
vn 0.4389 -0.5678 -0.6964
vn -0.8432 -0.5372 -0.0202
vn -0.6012 -0.5551 -0.5749
vn -0.8452 0.3544 0.4001
vn -0.4143 0.3385 0.8448
vn 0.0657 0.9291 0.3639
vn 0.6611 0.7076 0.2495
vn 0.7149 0.0465 -0.6977
vn 0.6267 0.6448 -0.4376
vn 0.9387 -0.3423 0.0404
vn -0.2409 -0.2662 0.9333
vn -0.9239 0.3787 0.0549
vn -0.7108 0.7019 0.0462
vn -0.6888 -0.7243 0.0292
vn 0.6902 0.7218 0.0515
vn 0.2501 -0.9682 -0.0051
vn -0.8502 0.5205 0.0789
vn -0.8157 0.5739 0.0729
vn -0.3441 0.7747 0.5305
vn 0.0743 0.8461 0.5278
vn 0.9351 -0.3206 0.1508
vn -0.1416 0.6877 -0.7121
vn 0.8554 0.4208 -0.3021
vn 0.6411 -0.1786 -0.7464
vn 0.1771 -0.6533 -0.7361
vn -0.1979 -0.5184 0.8319
vn -0.4310 -0.7484 -0.5041
vn -0.7218 -0.6920 -0.0033
vn 0.0364 -0.0171 0.9992
vn -0.0084 0.0129 -0.9999
vn 0.7592 0.6507 -0.0149
vn -0.6425 -0.7661 -0.0179
vn 0.3932 -0.8586 0.3290
vn 0.2473 0.5329 -0.8092
vn 0.6016 0.0836 -0.7944
vn 0.5052 -0.7890 0.3496
vn 0.5089 -0.7837 0.3560
vn 0.4891 -0.8044 0.3372
vn -0.1357 -0.5331 0.8351
vn -0.5316 -0.0528 0.8454
vn -0.1631 -0.0409 0.9858
vn -0.1070 -0.0212 0.9940
vn -0.4665 0.2863 0.8369
vn -0.9399 0.3381 0.0481
vn -0.8971 0.3222 -0.3022
vn -0.6960 0.5163 0.4990
vn 0.0311 0.0711 -0.9970
vn -0.1647 0.3434 -0.9247
vn -0.5585 0.5742 -0.5987
vn -0.8784 0.0658 -0.4733
vn -0.7102 -0.6571 0.2527
vn 0.1097 0.0706 0.9915
vn 0.1867 0.1120 0.9760
vn 0.5813 0.6327 0.5116
vn 0.6464 0.7525 -0.1260
vn -0.4712 -0.3630 -0.8039
vn -0.4611 -0.3554 -0.8131
vn -0.4746 -0.3757 -0.7960
vn -0.8093 0.5699 0.1422
vn -0.8035 0.5753 0.1533
vn -0.7941 0.5936 0.1303
vn -0.6308 -0.1011 -0.7694
vn -0.0836 -0.6016 -0.7944
vn 0.0527 0.5316 0.8454
vn -0.5703 0.6744 0.4689
vn -0.4252 0.9050 0.0129
vn -0.9403 0.3297 -0.0845
vn -0.7718 0.4307 -0.4679
vn -0.9001 0.3033 -0.3128
vn 0.6704 0.7353 0.0998
vn -0.3691 -0.2964 -0.8809
vn -0.4500 -0.2184 -0.8659
vn -0.3016 -0.2078 0.9305
vn -0.7296 0.1520 0.6668
vn 0.1221 0.1432 0.9821
vn -0.6541 -0.7428 0.1428
vn 0.2036 0.1903 -0.9604
vn -0.1567 -0.0260 0.9873
vn -0.2182 -0.2966 0.9297
vn -0.6996 0.7144 0.0157
vn 0.3625 0.2912 0.8853
vn 0.2434 0.2528 0.9364
vn 0.7194 0.6417 -0.2659
vn -0.4318 -0.4271 0.7944
vn -0.6444 -0.7193 -0.2596
vn -0.7047 -0.7095 -0.0018
vn -0.7170 -0.6815 -0.1466
vn -0.7093 -0.6818 0.1787
vn -0.6131 -0.3599 0.7033
vn 0.0885 -0.2784 -0.9564
vn -0.6829 0.7303 -0.0173
vn -0.7074 0.7068 0.0002
vn 0.6831 0.7082 0.1781
vn 0.2936 -0.0803 0.9526
vn 0.6704 0.6895 -0.2743
vn -0.7312 0.6820 -0.0147
vn -0.3691 0.3519 0.8602
vn 0.4503 -0.4625 -0.7638
vn 0.5973 0.5751 0.5590
vn -0.8390 -0.3923 0.3772
vn -0.6723 -0.1022 0.7331
vn 0.0025 -0.7586 -0.6516
vn 0.5649 -0.8250 0.0164
vn 0.9232 0.3520 -0.1540
vn -0.5698 -0.6180 -0.5417
vn 0.6149 0.5691 0.5459
vn -0.5761 -0.5719 0.5840
vn 0.6071 -0.6511 0.4555
vn 0.9252 -0.3794 -0.0024
vn -0.7035 -0.7094 -0.0439
vn -0.0919 -0.7612 -0.6420
vn 0.6968 0.7166 -0.0316
vn -0.3859 0.3300 -0.8615
vn 0.2748 0.8538 0.4421
vn -0.8510 -0.2304 0.4720
vn -0.4317 0.8013 -0.4142
vn 0.8546 0.2306 -0.4652
vn -0.2588 0.5529 -0.7920
vn -0.4557 0.5583 -0.6933
vn -0.6366 0.4231 -0.6448
vn -0.3536 -0.3534 -0.8661
vn -0.7803 -0.6254 -0.0000
vn 0.3534 0.3536 0.8660
vn -0.3280 -0.6506 0.6850
vn -0.6506 -0.3280 0.6850
vn 0.3536 0.3535 0.8660
vn -0.3535 -0.3536 -0.8660
vn 0.3280 0.6506 -0.6850
vn -0.3536 -0.3534 -0.8660
vn 0.0741 -0.4138 0.9073
vn 0.2888 0.7922 0.5376
vn 0.6273 -0.7777 -0.0398
vn 0.5596 -0.1045 0.8221
vn -0.8372 0.4294 -0.3387
vn -0.5202 0.3482 0.7798
vn 0.5704 0.0215 0.8211
vn -0.9309 -0.0366 -0.3634
vn 0.0262 0.0533 -0.9982
vn 0.8718 -0.3783 -0.3112
vn -0.8456 0.4246 -0.3236
vn 0.1511 -0.3886 -0.9089
vn -0.8745 -0.3887 -0.2901
vn -0.4008 0.1253 0.9075
vn -0.4534 0.2117 0.8658
vn -0.4057 0.2361 0.8830
vn -0.9651 -0.2611 0.0209
vn -0.9989 -0.0181 -0.0440
vn -0.9635 -0.2667 0.0242
vn 0.8164 0.0994 -0.5689
vn 0.9564 -0.0765 -0.2818
vn 0.9244 0.1602 -0.3462
vn -0.3575 0.0289 0.9335
vn -0.4189 0.0837 0.9042
vn -0.8655 -0.4939 0.0833
vn -0.8623 -0.4990 0.0864
vn 0.7256 0.2955 -0.6214
vn 0.8286 0.3857 -0.4057
vn -0.2901 -0.0534 0.9555
vn -0.3648 -0.0159 0.9309
vn -0.7070 -0.6938 0.1368
vn -0.7025 -0.6979 0.1396
vn 0.5854 0.4623 -0.6660
vn -0.2028 -0.1160 0.9723
vn -0.2861 -0.0986 0.9531
vn -0.5003 -0.8473 0.1780
vn -0.4947 -0.8501 0.1805
vn 0.4053 0.5882 -0.6998
vn 0.6750 0.5781 -0.4584
vn 0.4788 0.7241 -0.4965
vn -0.1018 -0.1551 0.9826
vn -0.1877 -0.1589 0.9693
vn -0.2594 -0.9440 0.2039
vn -0.2532 -0.9452 0.2060
vn 0.1976 0.6648 -0.7204
vn 0.2482 0.8165 -0.5212
vn -0.0277 -0.1557 0.9874
vn -0.0768 -0.1927 0.9782
vn -0.0021 -0.9773 0.2119
vn 0.0060 -0.9768 0.2142
vn -0.0254 0.6857 -0.7275
vn 0.0006 0.8482 -0.5297
vn 0.0786 -0.1489 0.9857
vn 0.0197 -0.2074 0.9781
vn 0.2561 -0.9450 0.2033
vn 0.2640 -0.9424 0.2052
vn -0.2447 0.6511 -0.7184
vn -0.2468 0.8169 -0.5213
vn 0.2137 -0.1101 0.9707
vn 0.1363 -0.1878 0.9727
vn 0.4987 -0.8483 0.1782
vn 0.5042 -0.8448 0.1789
vn -0.4462 0.5654 -0.6937
vn -0.4776 0.7247 -0.4967
vn 0.2990 -0.0449 0.9532
vn 0.2563 -0.1207 0.9590
vn 0.7057 -0.6951 0.1371
vn 0.7103 -0.6903 0.1377
vn -0.6188 0.4299 -0.6575
vn -0.6758 0.5781 -0.4573
vn 0.3637 0.0394 0.9307
vn 0.3420 -0.0447 0.9386
vn 0.8646 -0.4955 0.0837
vn -0.7492 0.2560 -0.6109
vn -0.8279 0.3869 -0.4061
vn 0.4040 0.1369 0.9044
vn 0.4044 0.0502 0.9132
vn 0.9646 -0.2629 0.0214
vn 0.8679 -0.4896 0.0839
vn 0.9664 -0.2563 0.0214
vn -0.8286 0.0553 -0.5571
vn -0.9227 0.1662 -0.3478
vn 0.4163 0.2414 0.8766
vn 0.4393 0.1575 0.8844
vn 0.9989 -0.0131 -0.0456
vn -0.8515 -0.1584 -0.4998
vn -0.9564 -0.0749 -0.2823
vn 0.4007 0.3452 0.8487
vn 0.4439 0.2700 0.8544
vn 0.9989 -0.0064 -0.0456
vn 0.9651 0.2366 -0.1125
vn -0.8164 -0.3705 -0.4429
vn -0.9240 -0.3140 -0.2183
vn 0.3574 0.4415 0.8230
vn 0.4187 0.3796 0.8250
vn 0.8655 0.4694 -0.1748
vn 0.9635 0.2430 -0.1124
vn 0.8623 0.4753 -0.1746
vn -0.7257 -0.5665 -0.3905
vn -0.8286 -0.5369 -0.1586
vn 0.2901 0.5239 0.8008
vn 0.3647 0.4791 0.7984
vn 0.7070 0.6693 -0.2284
vn 0.7025 0.6742 -0.2280
vn -0.5854 -0.7334 -0.3457
vn -0.6783 -0.7267 -0.1085
vn 0.2028 0.5866 0.7841
vn 0.2861 0.5620 0.7761
vn 0.5002 0.8229 -0.2696
vn 0.4947 0.8264 -0.2688
vn -0.4053 -0.8593 -0.3119
vn 0.1017 0.6254 0.7737
vn 0.1877 0.6222 0.7600
vn 0.2594 0.9195 -0.2954
vn -0.4762 -0.8766 -0.0692
vn -0.1976 -0.9360 -0.2914
vn -0.0063 0.6375 0.7704
vn 0.0767 0.6559 0.7509
vn 0.0009 0.9525 -0.3044
vn 0.2532 0.9216 -0.2943
vn -0.0055 0.9530 -0.3028
vn 0.0236 -0.9581 -0.2855
vn -0.2460 -0.9683 -0.0440
vn -0.0007 -0.9994 -0.0346
vn -0.1139 0.6225 0.7743
vn -0.0395 0.6606 0.7497
vn -0.2577 0.9199 -0.2956
vn -0.2639 0.9188 -0.2935
vn 0.2432 -0.9242 -0.2946
vn 0.2468 -0.9681 -0.0430
vn -0.2137 0.5808 0.7855
vn -0.1532 0.6363 0.7561
vn -0.4986 0.8238 -0.2698
vn -0.5042 0.8211 -0.2674
vn 0.4462 -0.8365 -0.3181
vn 0.4776 -0.8760 -0.0677
vn -0.2989 0.5155 0.8031
vn -0.2564 0.5842 0.7701
vn -0.7056 0.6707 -0.2287
vn 0.6188 -0.7010 -0.3544
vn 0.6758 -0.7293 -0.1070
vn -0.3638 0.4312 0.8257
vn -0.3421 0.5080 0.7905
vn -0.8646 0.4710 -0.1752
vn -0.7103 0.6667 -0.2259
vn -0.8679 0.4660 -0.1722
vn 0.7493 -0.5271 -0.4010
vn 0.8279 -0.5381 -0.1583
vn -0.4038 0.3335 0.8519
vn -0.4045 0.4132 0.8159
vn -0.9646 0.2383 -0.1129
vn -0.9663 0.2328 -0.1098
vn 0.8287 -0.3264 -0.4547
vn 0.9236 -0.3154 -0.2180
vn -0.4392 0.3058 0.8448
vn -0.9988 -0.0096 -0.0474
vn 0.8460 -0.1106 -0.5217
vn -0.0191 0.8546 0.5190
vn 0.1776 0.8257 0.5354
vn 0.1828 0.8317 0.5243
vn 0.5979 0.5127 0.6162
vn 0.6595 0.3588 0.6605
vn 0.6696 0.3563 0.6516
vn -0.5979 -0.1359 0.7900
vn -0.6595 0.0195 0.7515
vn -0.6697 0.0173 0.7424
vn 0.4790 -0.2855 0.8301
vn 0.3403 -0.3822 0.8592
vn 0.3428 -0.3941 0.8527
vn -0.1973 0.8269 0.5265
vn 0.0009 0.8484 0.5294
vn -0.4906 -0.2743 0.8271
vn -0.5954 -0.1367 0.7917
vn 0.5897 -0.1496 0.7937
vn 0.4796 -0.2825 0.8308
vn -0.3357 0.7659 0.5484
vn -0.1756 0.8261 0.5354
vn 0.6602 0.0094 0.7511
vn 0.5896 -0.1465 0.7943
vn 0.6824 0.1882 0.7063
vn 0.6922 0.1831 0.6981
vn 0.4906 0.6511 0.5791
vn 0.5954 0.5143 0.6173
vn -0.4791 0.6622 0.5762
vn -0.3370 0.7638 0.5504
vn -0.5897 0.5264 0.6125
vn -0.4796 0.6600 0.5782
vn 0.6593 0.0123 0.7518
vn -0.1853 -0.4492 0.8740
vn -0.3421 -0.3812 0.8589
vn -0.3494 -0.3905 0.8517
vn -0.6601 0.3675 0.6551
vn -0.5895 0.5241 0.6147
vn -0.0082 -0.4739 0.8806
vn -0.1826 -0.4481 0.8751
vn 0.3499 0.7580 0.5505
vn 0.4879 0.6520 0.5804
vn -0.6856 0.1963 0.7010
vn -0.6593 0.3653 0.6572
vn 0.1696 -0.4533 0.8751
vn -0.0058 -0.4721 0.8815
vn -0.4879 -0.2745 0.8286
vn 0.3471 0.7582 0.5519
vn -0.6841 0.1944 0.7030
vn 0.1714 -0.4509 0.8759
vn -0.4844 0.8744 0.0281
vn -0.2579 0.9565 -0.1365
vn -0.2511 0.9680 0.0031
vn 0.9342 0.3082 0.1799
vn 0.9933 0.0310 0.1116
vn 0.9673 0.0664 0.2446
vn -0.6846 0.7258 0.0680
vn -0.4975 0.8604 -0.1106
vn -0.8381 0.5321 0.1198
vn -0.7031 0.7077 -0.0694
vn -0.9346 0.3067 0.1803
vn -0.8607 0.5088 -0.0166
vn -0.9673 0.0648 0.2450
vn -0.9597 0.2772 0.0452
vn -0.9342 -0.1770 0.3099
vn -0.9933 0.0291 0.1123
vn -0.8373 -0.4022 0.3702
vn -0.9592 -0.2194 0.1783
vn -0.6834 -0.5956 0.4220
vn -0.8596 -0.4503 0.2414
vn -0.4830 -0.7440 0.4618
vn -0.7017 -0.6492 0.2935
vn -0.2496 -0.8371 0.4868
vn -0.4958 -0.8013 0.3349
vn 0.0008 -0.8688 0.4952
vn -0.2561 -0.8970 0.3604
vn 0.2511 -0.8367 0.4866
vn 0.0010 -0.9296 0.3687
vn 0.4844 -0.7432 0.4616
vn 0.2581 -0.8964 0.3602
vn 0.6846 -0.5945 0.4217
vn 0.4975 -0.8004 0.3344
vn 0.8381 -0.4009 0.3699
vn 0.7031 -0.6477 0.2934
vn 0.9346 -0.1755 0.3095
vn 0.8607 -0.4489 0.2401
vn 0.8373 0.5335 0.1195
vn 0.9592 0.2792 0.0449
vn 0.6834 0.7269 0.0677
vn 0.8597 0.5105 -0.0170
vn 0.4830 0.8752 0.0279
vn 0.7016 0.7091 -0.0701
vn 0.2496 0.9683 0.0030
vn 0.4958 0.8613 -0.1111
vn -0.0008 1.0000 -0.0060
vn 0.2561 0.9570 -0.1363
vn 0.9597 -0.2174 0.1781
vn -0.0010 0.9894 -0.1454
vn 0.2503 -0.1883 -0.9497
vn 0.2976 -0.2594 -0.9188
vn 0.2945 -0.1609 -0.9420
vn -0.0639 -0.0082 -0.9979
vn 0.0128 0.0402 -0.9991
vn -0.1066 0.0015 -0.9943
vn -0.0698 -0.4904 -0.8687
vn -0.1598 -0.4898 -0.8571
vn -0.0371 -0.5165 -0.8555
vn 0.2253 -0.1278 -0.9659
vn 0.2225 -0.0843 -0.9713
vn -0.1266 -0.0323 -0.9914
vn -0.1752 -0.0134 -0.9844
vn -0.0038 -0.4994 -0.8664
vn 0.0317 -0.5332 -0.8454
vn -0.2644 -0.2616 -0.9283
vn -0.2773 -0.2127 -0.9369
vn -0.2969 -0.2768 -0.9139
vn 0.1848 -0.0757 -0.9799
vn 0.1880 -0.0234 -0.9819
vn -0.1806 -0.0714 -0.9810
vn -0.2317 -0.0653 -0.9706
vn 0.0639 -0.4916 -0.8684
vn 0.1071 -0.5154 -0.8502
vn 0.2223 -0.3774 -0.8990
vn 0.2218 -0.4136 -0.8830
vn 0.2724 -0.3647 -0.8904
vn 0.1319 -0.0354 -0.9906
vn 0.1218 0.0162 -0.9924
vn 0.1806 -0.4287 -0.8852
vn 0.1699 -0.4633 -0.8698
vn -0.2253 -0.3723 -0.9004
vn -0.2589 -0.3514 -0.8997
vn -0.2417 -0.4161 -0.8766
vn -0.2222 -0.1227 -0.9673
vn -0.2724 -0.1294 -0.9534
vn 0.1265 -0.4676 -0.8748
vn -0.2504 -0.3118 -0.9166
vn 0.2488 -0.3175 -0.9150
vn 0.2948 -0.2925 -0.9097
vn 0.0699 -0.0096 -0.9975
vn 0.0471 0.0378 -0.9982
vn -0.1849 -0.4244 -0.8864
vn -0.1881 -0.4708 -0.8620
vn -0.2488 -0.1826 -0.9512
vn 0.2585 -0.2530 -0.9323
vn 0.0031 -0.0004 -1.0000
vn -0.1318 -0.4647 -0.8756
vn -0.0180 0.9961 -0.0868
vn -0.0016 0.9639 -0.2662
vn -0.0180 0.9904 0.1369
vn 0.0474 0.7039 -0.7087
vn -0.0121 0.6980 -0.7160
vn -0.0164 0.7146 -0.6994
vn 0.5471 0.8022 -0.2391
vn 0.5254 0.8092 -0.2630
vn 0.5208 0.8300 -0.1996
vn -0.9999 0.0083 0.0062
vn -0.9782 0.1924 -0.0780
vn -0.8885 0.4433 -0.1184
vn -0.0195 0.9736 -0.2275
vn -0.0009 0.2403 0.9707
vn -0.0043 0.3052 0.9523
vn 0.0059 0.2532 0.9674
vn 0.9980 0.0594 -0.0210
vn 0.9818 0.0689 0.1770
vn 0.9981 0.0249 0.0566
vn -0.0388 -0.2225 -0.9742
vn -0.0088 -0.2759 -0.9611
vn 0.0062 -0.2571 -0.9664
vn -0.9997 0.0227 -0.0074
vn -0.9997 -0.0223 0.0102
vn 0.9889 0.0502 0.1397
vn 0.9091 -0.1399 0.3924
vn 0.9408 0.1193 0.3172
vn -0.9076 -0.1280 0.3999
vn -0.9920 0.0467 0.1170
vn -0.9502 0.1107 0.2914
vn -0.9602 -0.0444 0.2758
vn -0.9977 -0.0671 0.0110
vn -0.9611 0.1384 -0.2392
vn -0.9648 -0.1894 -0.1826
vn -0.9341 0.1100 -0.3396
vn -0.9036 -0.3290 -0.2743
vn 0.9315 0.1085 -0.3472
vn 0.9657 -0.1778 -0.1894
vn 0.9448 0.1264 -0.3022
vn 0.9978 -0.0620 0.0219
vn 0.5970 -0.1984 -0.7773
vn 0.4795 -0.2272 -0.8476
vn 0.5524 -0.1520 -0.8196
vn -0.5877 -0.1526 -0.7945
vn -0.4811 -0.2337 -0.8449
vn -0.4970 -0.2330 -0.8359
vn -0.0383 0.3616 0.9316
vn -0.4180 0.6576 0.6268
vn 0.2623 0.6767 0.6879
vn -0.5869 0.3128 0.7468
vn -0.5907 0.2908 0.7527
vn -0.5865 0.2908 0.7560
vn 0.8228 0.5353 -0.1910
vn 0.8395 0.5417 -0.0431
vn 0.8013 0.5830 0.1347
vn 0.6556 0.6406 0.3998
vn 0.3096 0.7048 0.6383
vn -0.0121 0.7524 0.6586
vn -0.2910 0.7392 0.6074
vn -0.8058 0.5769 0.1337
vn -0.8402 0.5412 -0.0347
vn -0.8391 0.5106 -0.1875
vn -0.8506 0.3717 -0.3719
vn -0.7919 0.2455 -0.5591
vn -0.3834 0.0166 -0.9234
vn -0.5451 -0.1540 -0.8241
vn 0.4244 0.0553 -0.9038
vn 0.3288 0.0044 -0.9444
vn 0.8039 0.3565 -0.4762
vn 0.7889 0.4812 -0.3822
vn 0.2074 -0.5845 0.7844
vn 0.3369 -0.5914 0.7326
vn -0.0098 -0.6274 0.7786
vn -0.3192 -0.6065 0.7282
vn -0.5913 -0.5621 0.5783
vn -0.2857 -0.5712 0.7695
vn -0.9331 -0.2311 0.2755
vn -0.9028 -0.2090 0.3759
vn -0.9318 -0.3421 -0.1212
vn -0.0202 -0.9207 -0.3897
vn -0.5242 -0.8264 -0.2056
vn -0.2614 -0.9054 -0.3346
vn 0.2632 -0.9046 -0.3353
vn 0.5242 -0.8264 -0.2056
vn 0.9318 -0.3421 -0.1212
vn 0.9032 -0.3489 -0.2499
vn 0.9024 -0.3713 -0.2187
vn 0.9637 -0.0387 0.2641
vn 0.9331 -0.2311 0.2755
vn 0.5832 -0.5697 0.5791
vn -0.6821 0.5894 -0.4328
vn -0.6790 0.6080 -0.4116
vn -0.8373 0.4252 -0.3436
vn -0.4973 0.7563 -0.4250
vn 0.6851 0.5981 -0.4158
vn 0.6814 0.5898 -0.4334
vn 0.8410 0.4215 -0.3393
vn -0.6814 -0.7273 -0.0828
vn -0.6848 -0.7259 -0.0646
vn -0.5004 -0.8658 0.0014
vn -0.8403 -0.5358 -0.0825
vn 0.6852 -0.7256 -0.0635
vn 0.6818 -0.7269 -0.0822
vn 0.4956 -0.8685 0.0055
vn 0.9999 -0.0052 -0.0112
vn 0.9992 -0.0237 -0.0335
vn 0.9998 0.0080 0.0177
vn -0.0029 0.9615 -0.2749
vn -0.0168 0.9593 -0.2819
vn 0.0136 0.9535 -0.3010
vn 0.0002 -0.9636 0.2675
vn -0.0153 -0.9706 0.2403
vn 0.0034 -0.9586 0.2849
vn -0.9999 -0.0103 -0.0027
vn -1.0000 -0.0050 -0.0044
vn -0.9994 0.0123 0.0330
vn 0.0092 -0.9709 0.2394
vn -0.0291 -0.9846 0.1723
vn -0.9959 0.0046 -0.0906
vn -0.9992 0.0024 -0.0407
vn 0.0290 0.9406 -0.3384
vn 0.9973 0.0031 -0.0735
vn 0.9995 -0.0009 -0.0327
vn -0.4581 -0.6377 -0.6193
vn -0.1220 -0.6649 -0.7369
vn -0.1602 -0.8032 -0.5737
vn -0.4531 -0.3475 -0.8209
vn -0.6307 -0.3508 -0.6922
vn -0.6274 -0.0425 -0.7775
vn -0.4689 0.2366 -0.8510
vn -0.4516 -0.1109 -0.8853
vn -0.1782 0.4074 -0.8957
vn -0.3271 0.0909 -0.9406
vn 0.1240 0.2060 -0.9707
vn -0.1267 0.2092 -0.9696
vn 0.1621 0.4044 -0.9001
vn 0.3274 0.0895 -0.9406
vn 0.4515 -0.1109 -0.8853
vn 0.4550 0.2421 -0.8569
vn 0.6274 -0.0425 -0.7775
vn 0.4531 -0.3475 -0.8209
vn 0.4728 -0.6300 -0.6161
vn 0.6394 -0.3357 -0.6917
vn 0.1232 -0.6661 -0.7356
vn 0.1767 -0.8049 -0.5665
vn -0.1687 0.3874 0.9063
vn -0.1417 0.3799 0.9141
vn -0.1654 0.3997 0.9016
vn -0.5501 -0.7171 0.4279
vn -0.5251 -0.6707 0.5239
vn -0.5175 -0.6462 0.5609
vn -0.4705 -0.8690 -0.1533
vn -0.4998 -0.8660 -0.0142
vn -0.4969 -0.8676 -0.0199
vn 0.4799 0.7555 -0.4460
vn 0.4843 0.7263 -0.4878
vn 0.4709 0.7502 -0.4641
vn 0.4284 0.9035 0.0084
vn 0.4309 0.8975 0.0941
vn 0.4303 0.9026 -0.0083
vn 0.4765 0.7752 -0.4148
vn -0.2048 -0.2832 -0.9369
vn -0.1841 -0.2953 -0.9375
vn -0.2046 -0.2728 -0.9401
vn 0.6384 -0.4257 0.6412
vn 0.5575 0.4182 0.7171
vn 0.3449 0.0540 0.9371
vn 0.3578 0.5882 0.7252
vn -0.0135 0.8135 0.5814
vn 0.1711 0.5410 0.8234
vn -0.7193 0.2500 -0.6482
vn -0.8458 0.2920 -0.4465
vn -0.7296 0.2206 -0.6473
vn -0.5030 0.1022 0.8582
vn -0.2999 -0.1075 0.9479
vn -0.3396 0.2195 0.9146
vn 0.8072 0.3366 0.4848
vn 0.9756 0.2187 -0.0168
vn 0.9707 0.2402 0.0083
vn -0.5942 -0.7612 0.2598
vn -0.5211 -0.5452 0.6567
vn -0.5764 -0.7733 0.2641
vn 0.9917 0.1154 -0.0572
vn 0.9954 0.0739 -0.0613
vn 0.1317 0.9545 -0.2675
vn 0.0773 0.9622 -0.2610
vn 0.1537 0.9486 -0.2767
vn -0.9658 0.2475 -0.0774
vn -0.9452 0.3181 -0.0734
vn -0.9426 0.3256 -0.0746
vn -0.5791 -0.7824 0.2292
vn 0.5473 -0.7172 0.4313
vn 0.5251 -0.6707 0.5239
vn 0.5547 -0.7254 0.4075
vn 0.4980 -0.8671 -0.0118
vn 0.4705 -0.8690 -0.1533
vn 0.5003 -0.8657 -0.0174
vn -0.2007 0.1008 -0.9744
vn -0.2229 0.0891 -0.9708
vn -0.1940 0.1067 -0.9752
vn -0.4728 0.7615 -0.4434
vn -0.4843 0.7263 -0.4878
vn -0.4728 0.7340 -0.4875
vn -0.4309 0.8975 0.0941
vn -0.4257 0.9048 0.0063
vn -0.4310 0.9023 -0.0091
vn -0.4623 0.7603 -0.4563
vn -0.4765 0.7752 -0.4148
vn 0.1841 -0.2954 -0.9375
vn 0.2048 -0.2833 -0.9369
vn 0.2046 -0.2728 -0.9401
vn 0.8100 -0.1006 0.5777
vn 0.6779 0.1348 0.7227
vn 0.2904 0.0640 0.9548
vn -0.2868 0.8666 0.4084
vn -0.1744 0.7164 0.6755
vn -0.0741 0.7734 0.6296
vn 0.4041 -0.8797 0.2505
vn 0.4083 -0.4814 0.7756
vn 0.3708 -0.8808 0.2945
vn 0.4548 0.5578 0.6943
vn 0.3122 0.7722 0.5534
vn 0.2881 0.5930 0.7519
vn -0.8641 0.4923 -0.1046
vn -0.7822 0.6097 -0.1281
vn -0.5725 0.7906 -0.2172
vn -0.5227 0.8290 -0.1989
vn -0.1578 0.9414 -0.2982
vn 0.6550 0.7304 -0.1937
vn 0.8403 0.5013 -0.2065
vn 0.7870 0.5839 -0.1993
vn 0.5420 -0.8238 0.1660
vn 0.5839 -0.8000 0.1381
vn -0.7844 -0.6056 0.1341
vn -0.7158 -0.6743 0.1815
vn -0.8067 -0.5805 0.1113
vn 0.2288 -0.9386 0.2583
vn -0.0919 -0.9636 0.2512
vn 0.0943 -0.9646 0.2462
vn 0.1739 0.9568 -0.2328
vn -0.1402 0.9642 -0.2253
vn -0.1293 0.9776 -0.1660
vn 0.3598 0.8872 -0.2889
vn 0.3509 0.9062 -0.2359
vn -0.0878 0.2329 0.9685
vn 0.0105 0.2374 0.9714
vn 0.0637 0.1342 0.9889
vn 0.0038 0.2342 0.9722
vn 0.0872 0.2855 0.9544
vn 0.0333 0.1843 0.9823
vn 0.0574 0.1908 0.9799
vn -0.0032 0.2359 0.9718
vn 0.0137 0.2687 0.9631
vn -0.6579 0.7273 -0.1954
vn -0.6087 0.7674 -0.2016
vn -0.5812 0.7822 -0.2243
vn -0.3880 0.8745 -0.2910
vn -0.9723 -0.2333 0.0175
vn -0.9948 -0.0965 -0.0338
vn -0.9952 -0.0975 -0.0101
vn 0.4929 0.8293 -0.2632
vn 0.6297 0.7392 -0.2390
vn 0.5923 0.7620 -0.2619
vn 0.9974 -0.0709 -0.0155
vn 0.9735 -0.2279 0.0177
vn 0.9909 -0.1335 0.0154
vn -0.2308 -0.9371 0.2619
vn -0.4473 -0.8551 0.2621
vn 0.4659 -0.8511 0.2421
vn -0.1516 -0.7860 -0.5994
vn 0.0179 -0.2087 -0.9778
vn 0.5402 -0.0579 -0.8395
vn 0.4771 -0.3071 -0.8234
vn 0.0330 -0.2095 -0.9773
vn -0.0942 0.3839 -0.9185
vn 0.9943 -0.0541 -0.0924
vn 0.9998 -0.0091 0.0153
vn 0.9953 -0.0581 -0.0776
vn 0.9984 0.0231 -0.0511
vn 0.9980 -0.0210 -0.0601
vn 0.9929 -0.0237 -0.1167
vn 0.8607 0.4985 0.1039
vn -0.0324 -0.9738 0.2251
vn 0.2165 -0.9612 0.1711
vn 0.6659 -0.7389 0.1033
vn 0.9692 0.2237 0.1030
vn -0.0498 0.9846 -0.1676
vn -0.0218 0.9658 -0.2584
vn -0.0362 0.9538 -0.2983
vn 0.5195 -0.7750 -0.3598
vn 0.7968 -0.6038 -0.0226
vn -0.1320 -0.9572 0.2575
vn -0.1797 -0.9334 -0.3105
vn -0.1540 -0.7480 0.6456
vn 0.7614 -0.1429 0.6323
vn 0.9913 0.1298 -0.0236
vn 0.9247 -0.0965 -0.3682
vn 0.9468 -0.1348 -0.2921
vn 0.7597 0.4426 0.4764
vn 0.7178 0.6961 0.0136
vn 0.9245 0.2349 -0.3003
vn 0.1340 0.8829 -0.4500
vn 0.5851 -0.6235 0.5186
vn 0.9602 -0.2333 -0.1539
vn 0.9537 -0.2737 0.1249
vn -0.5142 0.4515 0.7292
vn -0.1814 -0.0542 0.9819
vn 0.4665 0.2525 0.8477
vn -0.0000 0.2587 0.9660
vn 0.1543 -0.7850 -0.6000
vn -0.5312 -0.0305 -0.8467
vn -0.0286 -0.1984 -0.9797
vn -0.9944 -0.0720 -0.0778
vn -0.9949 -0.0844 -0.0544
vn -0.9998 0.0041 0.0184
vn -0.9979 -0.0049 -0.0650
vn -0.9978 0.0255 -0.0620
vn -0.9989 -0.0377 -0.0295
vn -0.8628 0.4939 0.1079
vn 0.0146 -0.9781 0.2075
vn -0.6898 -0.7234 0.0289
vn -0.2324 -0.9535 0.1918
vn -0.9706 0.2188 0.1005
vn -0.9999 -0.0089 -0.0093
vn -0.5336 -0.8278 0.1733
vn -0.8028 -0.5961 -0.0137
vn 0.0206 0.9857 -0.1675
vn 0.0029 0.9463 -0.3232
vn 0.0216 0.9622 -0.2715
vn 0.1320 -0.9575 0.2566
vn 0.1038 -0.7039 0.7027
vn 0.4040 -0.8975 -0.1766
vn -0.7614 -0.1430 0.6323
vn -0.9913 0.1293 -0.0231
vn -0.9889 -0.1351 0.0622
vn -0.7597 0.4425 0.4765
vn -0.9474 -0.1807 -0.2642
vn -0.9248 -0.0966 -0.3681
vn -0.7165 0.6974 0.0140
vn -0.6407 0.4379 -0.6307
vn -0.8242 0.5457 -0.1515
vn -0.5980 -0.6052 0.5254
vn -0.9447 -0.2612 -0.1984
vn -0.1340 -0.9910 -0.0022
vn 0.1940 -0.0534 0.9795
vn 0.2588 0.7038 0.6616
vn -0.5180 0.2357 0.8223
vn -0.0297 -0.1829 0.9827
vn 0.1729 -0.0926 0.9806
vn -0.2256 -0.0968 0.9694
vn 0.0689 -0.7271 0.6831
vn -0.1023 -0.6011 0.7926
vn -0.0764 -0.7304 0.6787
vn -0.0146 0.9579 0.2869
vn 0.0098 0.9061 0.4230
vn -0.0090 0.9045 0.4264
vn 0.0068 0.9962 -0.0873
vn 0.1836 0.9466 -0.2652
vn -0.0079 -0.9009 -0.4339
vn 0.1014 -0.9250 -0.3663
vn -0.1099 -0.9134 -0.3919
vn 0.7090 0.7047 0.0264
vn 0.7235 0.6874 -0.0643
vn -0.3548 -0.5233 -0.7748
vn 0.1263 0.3769 -0.9176
vn -0.0708 -0.2299 -0.9706
vn 0.2212 -0.2351 0.9465
vn 0.3825 -0.2963 0.8752
vn -0.8732 0.4419 0.2055
vn 0.7151 0.6738 -0.1862
vn 0.8315 0.5371 -0.1420
vn -0.3909 -0.2718 0.8794
vn -0.2288 -0.2161 0.9492
vn -0.7150 0.6740 -0.1859
vn -0.6831 0.7303 0.0027
vn -0.7094 0.6952 -0.1162
vn 0.0247 -0.1919 0.9811
vn -0.5748 0.7926 -0.2034
vn -0.5419 0.8116 0.2181
vn 0.5836 0.7873 -0.1990
vn 0.2409 -0.5241 0.8169
vn 0.1080 -0.5983 0.7940
vn 0.5328 -0.8295 0.1674
vn -0.2416 -0.5224 0.8177
vn -0.2875 -0.5465 0.7866
vn -0.5207 -0.7782 -0.3510
vn -0.5232 -0.7736 -0.3575
vn -0.1838 -0.2383 -0.9536
vn -0.8241 -0.5084 0.2500
vn -0.4056 -0.9136 -0.0279
vn -0.8399 -0.5321 0.1072
vn 0.8246 -0.5076 0.2498
vn 0.5673 -0.7469 -0.3468
vn 0.9828 -0.0868 -0.1628
vn -0.8230 0.5668 -0.0364
vn -0.8261 0.5392 -0.1638
vn -0.8118 0.5648 -0.1483
vn 0.8224 0.5678 -0.0353
vn 0.8261 0.5392 -0.1637
vn 0.8372 0.5190 -0.1725
vn 0.3868 -0.1880 -0.9028
vn -0.0394 0.2086 -0.9772
vn 0.2839 -0.5517 0.7842
vn 0.3017 -0.3321 0.8937
vn -0.3017 -0.3321 0.8937
vn -0.4035 0.1837 -0.8963
vn 0.0014 -0.2591 -0.9658
vn -0.0536 0.2048 -0.9773
vn -0.0014 -0.2591 -0.9659
vn 0.4036 0.1838 -0.8963
vn 0.0535 0.2048 -0.9773
vn 0.9996 -0.0193 0.0222
vn 0.9991 -0.0406 0.0134
vn 0.9995 -0.0226 0.0210
vn 0.3778 0.8430 0.3828
vn 0.1757 0.8720 0.4570
vn 0.6202 0.6978 0.3584
vn -0.9996 -0.0211 0.0185
vn -0.9991 -0.0405 0.0134
vn -0.9990 -0.0435 0.0076
vn -0.3449 -0.8852 -0.3122
vn -0.1000 -0.9080 -0.4069
vn -0.1564 -0.9144 -0.3735
vn -0.1914 0.8887 0.4166
vn -0.4188 0.8294 0.3696
vn -0.6407 0.6782 0.3599
vn 0.1780 -0.8918 -0.4160
vn 0.4268 -0.8182 -0.3853
vn -0.7396 0.6042 0.2965
vn 0.7467 0.6082 0.2693
vn -0.7336 -0.6178 -0.2832
vn -0.7390 -0.6047 -0.2970
vn -0.7171 -0.6411 -0.2734
vn 0.7162 -0.6404 -0.2772
vn 0.7237 -0.6349 -0.2704
vn 0.0021 -0.4548 0.8906
vn 0.0086 -0.3960 0.9182
vn -0.0414 -0.4324 0.9007
vn 0.0473 -0.3918 0.9188
vn 0.0399 -0.4085 0.9119
vn -0.0547 -0.4631 0.8846
vn 0.1323 0.9577 -0.2557
vn -0.0028 0.9653 -0.2610
vn 0.0029 0.9654 -0.2609
vn -0.1336 0.9573 -0.2565
vn 0.3976 -0.6092 -0.6861
vn -0.0012 -0.2586 -0.9660
vn 0.0202 -0.6614 -0.7498
vn 0.0012 -0.2586 -0.9660
vn -0.3977 -0.6092 -0.6861
vn -0.0202 -0.6614 -0.7497
vn -0.6163 -0.7838 0.0766
vn -0.6143 -0.7851 0.0794
vn -0.5000 -0.8365 0.2243
vn 0.6162 -0.7838 0.0766
vn 0.6142 -0.7851 0.0794
vn 0.6920 -0.7206 -0.0431
vn -0.6162 0.7171 -0.3256
vn -0.6143 0.7197 -0.3234
vn -0.6920 0.6026 -0.3976
vn 0.6162 0.7171 -0.3256
vn 0.6142 0.7197 -0.3238
vn 0.5000 0.8366 -0.2241
vn 0.6143 0.7850 -0.0797
vn 0.6162 0.7839 -0.0766
vn 0.5002 0.8364 -0.2241
vn -0.6142 0.7851 -0.0794
vn -0.6162 0.7839 -0.0766
vn -0.6920 0.7207 0.0430
vn 0.9940 -0.0284 -0.1058
vn -0.9940 -0.0284 -0.1059
vn 0.6143 -0.7196 0.3237
vn 0.6163 -0.7171 0.3256
vn 0.6920 -0.6026 0.3976
vn -0.6143 -0.7196 0.3237
vn -0.6163 -0.7171 0.3256
vn -0.5001 -0.8365 0.2240
vn -0.0001 0.2588 0.9659
vn -0.0001 0.2587 0.9659
vn 0.0001 0.2588 0.9659
vn 0.0001 0.2587 0.9659
vn -0.0001 0.2589 0.9659
vn 0.0001 0.2589 0.9659
vn 0.9940 -0.0283 -0.1058
vn -0.0002 0.2589 0.9659
vn -0.6142 0.7197 -0.3237
vn 0.6142 0.7851 -0.0794
vn 0.4999 0.8365 -0.2243
vn 0.6163 -0.7171 0.3255
vn 0.6920 -0.6026 0.3975
vn 0.0002 0.2589 0.9659
vn 0.5000 0.8366 -0.2240
vn 0.6143 -0.7850 0.0797
vn -0.6163 -0.7171 0.3255
vn -0.3396 -0.1639 -0.9262
vn -0.1541 -0.2188 -0.9635
vn 0.0067 0.5998 0.8001
vn 0.0169 0.4321 0.9017
vn -0.2318 0.9457 -0.2278
vn -0.4249 0.8778 -0.2213
vn 0.9152 0.1616 0.3692
vn 0.9991 0.0404 -0.0116
vn 0.5070 -0.2262 -0.8317
vn -0.0242 0.3573 0.9337
vn 0.5594 0.3211 0.7642
vn 0.5504 0.3080 0.7760
vn 0.5665 0.3015 0.7670
vn -0.6456 0.6529 0.3962
vn -0.4347 -0.0842 -0.8967
vn -0.0843 -0.2074 -0.9746
vn 0.0558 -0.2648 -0.9627
vn 0.0008 -0.2298 -0.9732
vn -0.4174 -0.5301 0.7381
vn -0.9024 -0.3713 -0.2187
vn -0.3271 -0.8709 -0.3667
vn 0.3367 -0.8630 -0.3766
vn 0.9028 -0.2090 0.3759
vn 0.3982 -0.5382 0.7429
vn 0.5067 0.7438 -0.4359
vn 0.8342 -0.5448 -0.0855
vn 0.0031 0.9707 -0.2404
vn 0.0159 -0.9834 0.1810
vn -0.9967 -0.0343 -0.0731
vn -0.0034 0.9471 -0.3209
vn 0.9960 -0.0392 -0.0797
vn -0.3289 -0.5469 -0.7699
vn 0.3290 -0.5469 -0.7698
vn -0.5517 -0.7294 0.4045
vn -0.4844 -0.8622 -0.1482
vn 0.2006 0.1007 -0.9745
vn 0.1943 0.1072 -0.9751
vn 0.2229 0.0890 -0.9708
vn 0.4729 0.7340 -0.4875
vn 0.4132 0.9042 0.1083
vn -0.0895 0.6902 -0.7181
vn -0.0584 0.6873 -0.7240
vn -0.0247 0.8413 -0.5400
vn 0.4360 -0.4849 0.7581
vn 0.0173 -0.2429 0.9699
vn 0.3169 -0.0967 0.9435
vn -0.1172 -0.0907 0.9890
vn -0.5394 0.4328 0.7223
vn -0.4716 -0.2505 0.8455
vn 0.5527 -0.7833 0.2846
vn 0.4980 0.2739 0.8228
vn 0.0694 0.9675 -0.2433
vn -0.5815 0.8032 -0.1296
vn -0.5697 0.8104 -0.1369
vn -0.5939 0.7938 -0.1309
vn -0.9715 0.2224 -0.0821
vn -0.5776 -0.7836 0.2288
vn 0.3617 -0.9095 0.2048
vn 0.4200 -0.8804 0.2200
vn 0.1693 0.3898 0.9052
vn 0.1613 0.4004 0.9020
vn 0.1417 0.3799 0.9141
vn 0.5175 -0.6462 0.5609
vn 0.4845 -0.8621 -0.1482
vn -0.4132 0.9042 0.1083
vn 0.9725 -0.1074 0.2068
vn -0.3644 -0.0438 0.9302
vn -0.5074 0.2946 0.8098
vn -0.5108 0.1559 0.8454
vn 0.1823 0.6717 0.7181
vn -0.6466 -0.3430 0.6814
vn -0.6683 -0.3242 0.6695
vn -0.5814 -0.1423 0.8011
vn 0.4403 0.1974 0.8759
vn -0.7552 0.3005 0.5826
vn 0.1888 -0.2682 0.9447
vn 0.4726 0.8014 0.3665
vn -0.9093 0.4117 -0.0600
vn 0.5816 0.7967 -0.1645
vn 0.9878 -0.1215 0.0977
vn -0.2298 -0.9169 0.3263
vn -0.2113 -0.9240 0.3186
vn -0.2154 -0.9182 0.3325
vn -0.6902 -0.6913 0.2138
vn 0.1794 0.9429 -0.2808
vn -0.0107 0.2748 0.9614
vn -0.6073 0.7683 -0.2024
vn -0.9625 -0.2710 0.0158
vn 0.4623 0.8421 -0.2778
vn 0.9643 -0.2645 0.0161
vn 1.0000 -0.0026 -0.0028
vn 0.9889 -0.1351 0.0622
vn 0.9837 0.1776 -0.0275
vn 0.6880 0.7256 -0.0091
vn 0.1344 -0.9909 -0.0034
vn -0.0335 0.2419 0.9697
vn -0.0001 0.2587 0.9660
vn -0.9839 0.1766 -0.0290
vn -0.1510 0.8514 -0.5023
vn -0.9706 -0.2230 0.0911
vn 0.0348 0.2445 0.9690
vn 0.0001 0.2587 0.9660
vn 0.0122 0.9628 0.2699
vn 0.0094 -0.9044 -0.4265
vn -0.8291 0.5358 -0.1598
vn 0.8706 0.4461 0.2075
vn 0.5477 0.8125 0.1996
vn 0.5247 -0.7745 -0.3533
vn 0.1839 -0.2386 -0.9535
vn -0.9017 -0.2534 -0.3503
vn 0.8398 -0.5322 0.1073
vn -0.8372 0.5190 -0.1725
vn 0.8117 0.5649 -0.1482
vn 0.0311 0.2097 -0.9773
vn -0.3853 -0.2415 -0.8906
vn 0.9990 -0.0435 0.0075
vn 0.6032 -0.7426 -0.2910
vn -0.9994 -0.0269 0.0217
vn -0.0389 -0.1189 0.9921
vn 0.0395 -0.7012 0.7119
vn 0.2127 -0.1665 0.9628
vn -0.7651 0.5708 0.2982
vn 0.7964 0.5334 0.2849
vn -0.7674 -0.5635 -0.3059
vn -0.2080 -0.6165 0.7594
vn -0.0725 -0.4841 0.8720
vn 0.1509 -0.4288 0.8907
vn -0.6920 -0.7206 -0.0431
vn 0.5000 -0.8365 0.2243
vn -0.9940 0.0283 0.1058
vn 0.9940 0.0283 0.1058
vn -0.5000 0.8366 -0.2240
vn 0.6919 0.6026 -0.3976
vn 0.6920 0.7206 0.0431
vn -0.5000 0.8365 -0.2243
vn 0.5000 -0.8365 0.2240
vn -0.6920 -0.6026 0.3975
vn -0.9940 0.0284 0.1058
vn -0.6920 -0.7206 -0.0430
vn 0.9940 0.0284 0.1058
vn -0.5000 0.8365 -0.2242
vn 0.5000 -0.8365 0.2242
vn 0.4008 -0.1253 0.9076
vn 0.4533 -0.2117 0.8658
vn 0.4057 -0.2361 0.8830
vn 0.9651 0.2611 0.0209
vn 0.9989 0.0181 -0.0440
vn 0.9635 0.2668 0.0242
vn -0.8164 -0.0994 -0.5689
vn -0.9564 0.0765 -0.2818
vn -0.9244 -0.1602 -0.3463
vn 0.3575 -0.0289 0.9335
vn 0.4189 -0.0838 0.9042
vn 0.8655 0.4939 0.0833
vn 0.8623 0.4989 0.0864
vn -0.7256 -0.2956 -0.6214
vn -0.8286 -0.3857 -0.4058
vn 0.2901 0.0534 0.9555
vn 0.3648 0.0159 0.9309
vn 0.7070 0.6938 0.1368
vn 0.7025 0.6979 0.1396
vn -0.5854 -0.4623 -0.6660
vn 0.2028 0.1160 0.9723
vn 0.2861 0.0986 0.9531
vn 0.5002 0.8474 0.1780
vn 0.4946 0.8501 0.1805
vn -0.4053 -0.5882 -0.6998
vn -0.6750 -0.5782 -0.4583
vn -0.4788 -0.7241 -0.4964
vn 0.1018 0.1551 0.9826
vn 0.1878 0.1589 0.9693
vn 0.2594 0.9440 0.2038
vn 0.2531 0.9452 0.2060
vn -0.1976 -0.6648 -0.7204
vn -0.2482 -0.8165 -0.5212
vn 0.0277 0.1557 0.9874
vn 0.0768 0.1927 0.9782
vn 0.0021 0.9773 0.2119
vn -0.0061 0.9768 0.2142
vn 0.0254 -0.6857 -0.7275
vn -0.0006 -0.8482 -0.5296
vn -0.0786 0.1489 0.9857
vn -0.0197 0.2074 0.9781
vn -0.2561 0.9450 0.2033
vn -0.2640 0.9425 0.2051
vn 0.2447 -0.6511 -0.7184
vn 0.2468 -0.8169 -0.5213
vn -0.2136 0.1102 0.9707
vn -0.1363 0.1878 0.9727
vn -0.4986 0.8483 0.1783
vn -0.5043 0.8448 0.1791
vn 0.4462 -0.5654 -0.6937
vn 0.4818 -0.7206 -0.4986
vn -0.2990 0.0449 0.9532
vn -0.2563 0.1207 0.9590
vn -0.7057 0.6951 0.1371
vn -0.7103 0.6903 0.1377
vn 0.6074 -0.3907 -0.6917
vn 0.6278 -0.4687 -0.6214
vn -0.3637 -0.0394 0.9307
vn -0.3420 0.0447 0.9386
vn -0.8646 0.4955 0.0837
vn 0.7419 -0.2600 -0.6181
vn 0.8248 -0.3943 -0.4052
vn -0.4041 -0.1370 0.9044
vn -0.4044 -0.0502 0.9132
vn -0.9646 0.2628 0.0214
vn -0.8679 0.4896 0.0839
vn -0.9663 0.2564 0.0214
vn 0.8286 -0.0553 -0.5571
vn 0.9227 -0.1662 -0.3478
vn -0.4165 -0.2414 0.8765
vn -0.4394 -0.1575 0.8844
vn -0.9989 0.0131 -0.0456
vn 0.8515 0.1584 -0.4998
vn 0.9564 0.0749 -0.2823
vn -0.4006 -0.3452 0.8487
vn -0.4442 -0.2699 0.8543
vn -0.9989 0.0065 -0.0456
vn -0.9650 -0.2367 -0.1126
vn 0.8164 0.3705 -0.4429
vn 0.9240 0.3140 -0.2183
vn -0.3574 -0.4415 0.8230
vn -0.4187 -0.3796 0.8250
vn -0.8655 -0.4694 -0.1748
vn -0.9635 -0.2431 -0.1125
vn -0.8623 -0.4753 -0.1746
vn 0.7257 0.5665 -0.3904
vn 0.8286 0.5369 -0.1586
vn -0.2901 -0.5240 0.8008
vn -0.3647 -0.4791 0.7984
vn -0.7070 -0.6693 -0.2284
vn -0.7025 -0.6742 -0.2281
vn 0.5854 0.7334 -0.3457
vn 0.6783 0.7267 -0.1085
vn -0.2027 -0.5867 0.7840
vn -0.2861 -0.5620 0.7761
vn -0.5002 -0.8229 -0.2696
vn -0.4947 -0.8264 -0.2688
vn 0.4053 0.8593 -0.3120
vn -0.1018 -0.6256 0.7735
vn -0.1877 -0.6223 0.7600
vn -0.2594 -0.9195 -0.2954
vn 0.4762 0.8766 -0.0692
vn 0.1976 0.9360 -0.2914
vn 0.0063 -0.6375 0.7704
vn -0.0768 -0.6561 0.7508
vn -0.0009 -0.9526 -0.3043
vn -0.2532 -0.9216 -0.2943
vn 0.0055 -0.9530 -0.3028
vn -0.0236 0.9581 -0.2855
vn 0.2460 0.9683 -0.0440
vn 0.0007 0.9994 -0.0346
vn 0.1139 -0.6225 0.7743
vn 0.0395 -0.6606 0.7497
vn 0.2577 -0.9199 -0.2956
vn 0.2638 -0.9188 -0.2937
vn -0.2432 0.9242 -0.2946
vn -0.2468 0.9681 -0.0430
vn 0.2137 -0.5807 0.7855
vn 0.1532 -0.6363 0.7561
vn 0.4986 -0.8238 -0.2698
vn 0.5041 -0.8211 -0.2676
vn -0.4462 0.8365 -0.3181
vn -0.4776 0.8760 -0.0678
vn 0.2990 -0.5155 0.8031
vn 0.2563 -0.5842 0.7701
vn 0.7057 -0.6706 -0.2288
vn -0.6188 0.7010 -0.3544
vn -0.6757 0.7293 -0.1070
vn 0.3639 -0.4312 0.8256
vn 0.3420 -0.5080 0.7905
vn 0.8646 -0.4710 -0.1752
vn 0.7103 -0.6667 -0.2260
vn 0.8679 -0.4659 -0.1721
vn -0.7493 0.5271 -0.4010
vn -0.8279 0.5381 -0.1583
vn 0.4039 -0.3335 0.8519
vn 0.4044 -0.4132 0.8159
vn 0.9646 -0.2382 -0.1130
vn 0.9663 -0.2327 -0.1097
vn -0.8286 0.3264 -0.4548
vn -0.9236 0.3154 -0.2179
vn 0.4392 -0.3058 0.8448
vn 0.9988 0.0096 -0.0475
vn -0.8460 0.1106 -0.5217
vn 0.0191 -0.8546 0.5190
vn -0.1776 -0.8257 0.5354
vn -0.1828 -0.8317 0.5243
vn -0.5979 -0.5127 0.6162
vn -0.6595 -0.3588 0.6606
vn -0.6696 -0.3563 0.6516
vn 0.5979 0.1359 0.7900
vn 0.6595 -0.0195 0.7515
vn 0.6697 -0.0173 0.7424
vn -0.4791 0.2854 0.8301
vn -0.3403 0.3822 0.8592
vn -0.3428 0.3941 0.8527
vn 0.1973 -0.8269 0.5265
vn -0.0009 -0.8484 0.5294
vn 0.4906 0.2743 0.8271
vn 0.5954 0.1367 0.7917
vn -0.5897 0.1496 0.7937
vn -0.4796 0.2825 0.8308
vn 0.3357 -0.7659 0.5484
vn 0.1756 -0.8261 0.5354
vn -0.6601 -0.0094 0.7511
vn -0.5896 0.1465 0.7943
vn -0.6824 -0.1882 0.7063
vn -0.6922 -0.1831 0.6981
vn -0.4906 -0.6511 0.5791
vn -0.5954 -0.5143 0.6173
vn 0.4791 -0.6622 0.5762
vn 0.3370 -0.7638 0.5504
vn 0.5897 -0.5264 0.6125
vn 0.4796 -0.6600 0.5782
vn -0.6593 -0.0123 0.7518
vn 0.1853 0.4492 0.8740
vn 0.3421 0.3812 0.8589
vn 0.3494 0.3905 0.8517
vn 0.6602 -0.3674 0.6551
vn 0.5895 -0.5241 0.6147
vn 0.0082 0.4739 0.8806
vn 0.1827 0.4481 0.8751
vn -0.3499 -0.7580 0.5505
vn -0.4878 -0.6521 0.5804
vn 0.6856 -0.1963 0.7010
vn 0.6593 -0.3653 0.6572
vn -0.1696 0.4533 0.8751
vn 0.0058 0.4721 0.8815
vn 0.4878 0.2746 0.8286
vn -0.3471 -0.7582 0.5519
vn 0.6841 -0.1944 0.7030
vn -0.1714 0.4509 0.8759
vn 0.6959 -0.6307 -0.3435
vn 0.4844 -0.8744 0.0281
vn 0.2579 -0.9565 -0.1361
vn 0.2511 -0.9680 0.0030
vn -0.9342 -0.3082 0.1799
vn -0.9933 -0.0310 0.1117
vn -0.9673 -0.0664 0.2446
vn 0.6846 -0.7258 0.0680
vn 0.4990 -0.8598 -0.1086
vn 0.8382 -0.5321 0.1198
vn 0.7014 -0.7096 -0.0662
vn 0.9346 -0.3067 0.1803
vn 0.8607 -0.5089 -0.0163
vn 0.9674 -0.0648 0.2450
vn 0.9597 -0.2773 0.0453
vn 0.9342 0.1770 0.3099
vn 0.9932 -0.0291 0.1123
vn 0.8373 0.4022 0.3702
vn 0.9592 0.2194 0.1784
vn 0.6834 0.5956 0.4220
vn 0.8596 0.4505 0.2409
vn 0.4830 0.7440 0.4618
vn 0.7016 0.6491 0.2939
vn 0.2496 0.8371 0.4867
vn 0.4958 0.8014 0.3347
vn -0.0008 0.8688 0.4952
vn 0.2561 0.8970 0.3604
vn -0.2511 0.8367 0.4866
vn -0.0010 0.9295 0.3688
vn -0.4844 0.7432 0.4616
vn -0.2581 0.8967 0.3597
vn -0.6846 0.5946 0.4217
vn -0.4975 0.8006 0.3340
vn -0.8381 0.4009 0.3699
vn -0.7031 0.6478 0.2934
vn -0.9346 0.1755 0.3095
vn -0.8607 0.4488 0.2403
vn -0.8373 -0.5335 0.1195
vn -0.9592 -0.2792 0.0448
vn -0.6834 -0.7269 0.0677
vn -0.8597 -0.5106 -0.0168
vn -0.4830 -0.8752 0.0279
vn -0.7016 -0.7091 -0.0702
vn -0.2496 -0.9683 0.0030
vn -0.4958 -0.8613 -0.1110
vn 0.0008 -1.0000 -0.0060
vn -0.2561 -0.9570 -0.1362
vn -0.9597 0.2174 0.1782
vn 0.0010 -0.9893 -0.1456
vn -0.2503 0.1884 -0.9497
vn -0.2976 0.2594 -0.9188
vn -0.2945 0.1609 -0.9420
vn 0.0639 0.0082 -0.9979
vn -0.0128 -0.0402 -0.9991
vn 0.1066 -0.0014 -0.9943
vn 0.0698 0.4904 -0.8687
vn 0.1598 0.4898 -0.8571
vn 0.0370 0.5165 -0.8555
vn -0.2254 0.1278 -0.9659
vn -0.2225 0.0844 -0.9713
vn 0.1266 0.0323 -0.9914
vn 0.1751 0.0134 -0.9845
vn 0.0038 0.4994 -0.8664
vn -0.0317 0.5332 -0.8454
vn 0.2644 0.2616 -0.9283
vn 0.2773 0.2126 -0.9370
vn 0.2969 0.2768 -0.9139
vn -0.1848 0.0757 -0.9799
vn -0.1880 0.0234 -0.9819
vn 0.1806 0.0714 -0.9810
vn 0.2317 0.0653 -0.9706
vn -0.0639 0.4917 -0.8684
vn -0.1071 0.5154 -0.8502
vn -0.2223 0.3774 -0.8990
vn -0.2218 0.4136 -0.8830
vn -0.2725 0.3647 -0.8904
vn -0.1318 0.0354 -0.9906
vn -0.1218 -0.0162 -0.9924
vn -0.1806 0.4286 -0.8852
vn -0.1699 0.4633 -0.8697
vn 0.2253 0.3722 -0.9004
vn 0.2588 0.3514 -0.8997
vn 0.2417 0.4161 -0.8766
vn 0.2222 0.1227 -0.9672
vn 0.2724 0.1294 -0.9534
vn -0.1265 0.4676 -0.8748
vn 0.2504 0.3118 -0.9166
vn -0.2489 0.3175 -0.9150
vn -0.2948 0.2925 -0.9097
vn -0.0699 0.0096 -0.9975
vn -0.0471 -0.0378 -0.9982
vn 0.1848 0.4244 -0.8864
vn 0.1881 0.4708 -0.8620
vn 0.2488 0.1826 -0.9512
vn -0.2585 0.2530 -0.9323
vn -0.0031 0.0004 -1.0000
vn 0.1318 0.4647 -0.8756
vn 0.0434 -0.9564 0.2889
vn -0.0161 -0.9543 0.2984
vn -0.0209 -0.9608 0.2765
vn 0.1190 -0.9588 -0.2581
vn -0.2340 -0.8688 -0.4364
vn 0.0159 -0.7120 -0.7020
vn -0.3680 -0.8928 -0.2597
vn -0.9378 -0.3344 -0.0928
vn 0.3250 -0.9163 -0.2342
vn 0.2395 -0.9391 -0.2463
vn 0.5053 -0.8249 -0.2533
vn -0.0015 -0.2577 0.9662
vn 0.0026 -0.3190 0.9478
vn -0.0059 -0.2785 0.9604
vn -0.9991 -0.0321 -0.0261
vn -0.9699 -0.2215 0.1014
vn -0.9857 0.0529 0.1602
vn 0.1819 0.2578 -0.9489
vn -0.0076 0.2198 -0.9755
vn 0.0727 0.2687 -0.9605
vn 0.9998 0.0149 -0.0136
vn 0.9993 -0.0369 -0.0084
vn 1.0000 -0.0033 0.0052
vn -0.9904 -0.0487 0.1291
vn -0.9095 0.1407 0.3912
vn -0.9491 -0.1157 0.2930
vn 0.9072 0.1271 0.4011
vn 0.9907 -0.0482 0.1275
vn 0.9420 -0.1143 0.3156
vn 0.9602 0.0444 0.2759
vn 0.9977 0.0671 0.0110
vn 0.9611 -0.1384 -0.2392
vn 0.9648 0.1894 -0.1826
vn 0.9341 -0.1100 -0.3396
vn 0.9036 0.3290 -0.2743
vn -0.9315 -0.1085 -0.3472
vn -0.9657 0.1778 -0.1894
vn -0.9448 -0.1264 -0.3022
vn -0.9978 0.0620 0.0219
vn -0.6031 0.1939 -0.7737
vn -0.4795 0.2272 -0.8476
vn -0.5524 0.1520 -0.8196
vn 0.5878 0.1526 -0.7945
vn 0.4811 0.2337 -0.8449
vn 0.4970 0.2330 -0.8359
vn -0.4206 -0.6445 0.6385
vn -0.0386 -0.3613 0.9316
vn 0.2572 -0.6822 0.6844
vn 0.5595 -0.3217 0.7638
vn 0.5632 -0.2997 0.7700
vn 0.5590 -0.2998 0.7731
vn -0.8228 -0.5353 -0.1910
vn -0.8415 -0.5382 -0.0474
vn -0.8058 -0.5769 0.1337
vn -0.6503 -0.6424 0.4055
vn -0.2961 -0.7273 0.6192
vn -0.0125 -0.7521 0.6589
vn 0.8013 -0.5830 0.1347
vn 0.8379 -0.5449 -0.0303
vn 0.8391 -0.5106 -0.1875
vn 0.8506 -0.3717 -0.3719
vn 0.7919 -0.2455 -0.5591
vn 0.3834 -0.0166 -0.9234
vn 0.5451 0.1540 -0.8241
vn -0.0558 0.2648 -0.9627
vn 0.0090 0.2720 -0.9623
vn 0.0933 0.2067 -0.9739
vn -0.4225 -0.0639 -0.9041
vn -0.3288 -0.0044 -0.9444
vn -0.8039 -0.3565 -0.4762
vn -0.7889 -0.4812 -0.3822
vn 0.2443 0.5830 0.7749
vn -0.3193 0.6065 0.7281
vn -0.0098 0.6274 0.7786
vn 0.3369 0.5914 0.7326
vn 0.5832 0.5696 0.5792
vn 0.9331 0.2311 0.2755
vn 0.9028 0.2090 0.3759
vn 0.9318 0.3421 -0.1212
vn 0.0202 0.9207 -0.3897
vn 0.5242 0.8264 -0.2056
vn 0.2614 0.9054 -0.3346
vn -0.2632 0.9046 -0.3353
vn -0.5242 0.8264 -0.2056
vn -0.9318 0.3421 -0.1212
vn -0.9032 0.3489 -0.2499
vn -0.9024 0.3713 -0.2187
vn -0.9637 0.0388 0.2641
vn -0.9331 0.2311 0.2755
vn -0.2481 0.5769 0.7782
vn -0.5913 0.5621 0.5783
vn 0.6820 -0.5895 -0.4328
vn 0.6791 -0.6078 -0.4115
vn 0.8374 -0.4254 -0.3433
vn 0.4969 -0.7560 -0.4261
vn -0.6849 -0.5982 -0.4159
vn -0.6814 -0.5897 -0.4334
vn -0.8409 -0.4213 -0.3396
vn 0.6814 0.7273 -0.0826
vn 0.6849 0.7258 -0.0646
vn 0.4999 0.8661 0.0006
vn 0.8404 0.5357 -0.0821
vn -0.6851 0.7257 -0.0636
vn -0.6818 0.7269 -0.0823
vn -0.4960 0.8683 0.0066
vn -1.0000 0.0019 -0.0000
vn -0.9994 0.0220 -0.0276
vn -0.9996 -0.0109 0.0278
vn 0.0003 -0.9641 -0.2657
vn -0.0154 -0.9583 -0.2855
vn 0.0031 -0.9685 -0.2491
vn -0.0027 0.9659 0.2590
vn -0.0087 0.9674 0.2530
vn 0.0138 0.9744 0.2242
vn 0.9999 0.0124 -0.0090
vn 0.9999 0.0077 -0.0148
vn 0.9997 -0.0092 0.0222
vn 0.0288 0.9847 0.1719
vn 0.9959 -0.0049 -0.0899
vn 0.9989 -0.0010 -0.0466
vn 0.0169 -0.9553 -0.2952
vn -0.0295 -0.9407 -0.3380
vn -0.9972 -0.0031 -0.0742
vn -0.9997 -0.0008 -0.0261
vn 0.4581 0.6377 -0.6193
vn 0.1220 0.6649 -0.7369
vn 0.1602 0.8032 -0.5738
vn 0.4531 0.3475 -0.8209
vn 0.6307 0.3508 -0.6922
vn 0.6274 0.0425 -0.7775
vn 0.4689 -0.2364 -0.8510
vn 0.4515 0.1109 -0.8853
vn 0.1779 -0.4071 -0.8959
vn 0.3272 -0.0907 -0.9406
vn -0.1477 -0.4142 -0.8981
vn 0.1261 -0.2075 -0.9701
vn -0.3274 -0.0895 -0.9406
vn -0.1243 -0.2077 -0.9703
vn -0.4516 0.1109 -0.8853
vn -0.4549 -0.2422 -0.8570
vn -0.6274 0.0425 -0.7775
vn -0.4531 0.3475 -0.8210
vn -0.4728 0.6300 -0.6161
vn -0.6393 0.3357 -0.6918
vn -0.1232 0.6661 -0.7356
vn -0.1767 0.8049 -0.5665
vn 0.1687 -0.3874 0.9063
vn 0.1417 -0.3799 0.9141
vn 0.1654 -0.3997 0.9016
vn 0.5501 0.7171 0.4279
vn 0.5251 0.6707 0.5239
vn 0.5175 0.6462 0.5609
vn 0.4705 0.8690 -0.1533
vn 0.4998 0.8660 -0.0142
vn 0.4969 0.8676 -0.0199
vn -0.4799 -0.7555 -0.4460
vn -0.4843 -0.7263 -0.4878
vn -0.4709 -0.7502 -0.4641
vn -0.4284 -0.9035 0.0084
vn -0.4309 -0.8975 0.0940
vn -0.4304 -0.9026 -0.0082
vn -0.4765 -0.7752 -0.4148
vn 0.2048 0.2833 -0.9369
vn 0.1841 0.2953 -0.9375
vn 0.2046 0.2728 -0.9401
vn 0.8323 0.1828 0.5233
vn 0.6779 -0.1347 0.7227
vn 0.9789 0.1095 0.1724
vn -0.1350 -0.8543 0.5019
vn 0.0120 -0.7554 0.6552
vn -0.1933 -0.7016 0.6859
vn -0.6462 0.3415 0.6825
vn -0.5814 0.1423 0.8011
vn -0.6687 0.3251 0.6687
vn 0.4486 -0.5307 0.7191
vn 0.4403 -0.1975 0.8759
vn 0.2880 -0.5930 0.7519
vn -0.8075 -0.3453 0.4783
vn -0.6585 -0.3469 0.6678
vn -0.7965 -0.3735 0.4755
vn 0.4083 0.4814 0.7756
vn 0.3497 0.8747 0.3355
vn 0.3812 0.8599 0.3395
vn 0.2087 -0.6987 0.6843
vn 0.4136 -0.6909 0.5930
vn -0.9819 -0.1775 -0.0657
vn -0.9624 -0.2631 -0.0679
vn -0.9865 -0.1490 -0.0675
vn -0.2441 -0.9328 -0.2649
vn -0.2374 -0.9306 -0.2787
vn -0.2456 -0.9323 -0.2654
vn 0.8007 -0.5643 -0.2012
vn 0.6660 -0.7211 -0.1910
vn 0.7701 -0.6068 -0.1968
vn 0.8053 0.5871 0.0828
vn 0.8592 0.5048 0.0834
vn -0.5371 0.8159 0.2141
vn -0.6695 0.7076 0.2258
vn -0.4422 0.8604 0.2535
vn -0.5473 0.7172 0.4313
vn -0.5251 0.6707 0.5239
vn -0.5547 0.7254 0.4075
vn -0.4980 0.8671 -0.0118
vn -0.4705 0.8690 -0.1533
vn -0.5003 0.8657 -0.0174
vn 0.2008 -0.1010 -0.9744
vn 0.2230 -0.0891 -0.9707
vn 0.1940 -0.1068 -0.9752
vn 0.4728 -0.7614 -0.4435
vn 0.4843 -0.7263 -0.4878
vn 0.4729 -0.7340 -0.4875
vn 0.4309 -0.8975 0.0940
vn 0.4257 -0.9048 0.0063
vn 0.4311 -0.9023 -0.0091
vn 0.4623 -0.7603 -0.4563
vn 0.4765 -0.7752 -0.4148
vn -0.1841 0.2953 -0.9375
vn -0.2048 0.2832 -0.9369
vn -0.2046 0.2728 -0.9401
vn -0.0894 -0.6901 -0.7181
vn -0.0246 -0.8412 -0.5402
vn -0.0585 -0.6868 -0.7245
vn 0.0173 0.2429 0.9699
vn -0.1172 0.0907 0.9890
vn 0.3169 0.0967 0.9435
vn -0.8458 -0.2919 -0.4465
vn -0.7191 -0.2499 -0.6485
vn -0.7302 -0.2208 -0.6465
vn 0.9729 -0.2311 -0.0075
vn 0.8072 -0.3366 0.4848
vn 0.9698 -0.2437 -0.0117
vn -0.4716 0.2505 0.8455
vn 0.5527 0.7833 0.2846
vn 0.4360 0.4850 0.7581
vn 0.6417 0.4219 0.6405
vn 0.9917 -0.1154 -0.0572
vn 0.9954 -0.0739 -0.0613
vn 0.0654 -0.9662 -0.2495
vn 0.1317 -0.9545 -0.2675
vn 0.1537 -0.9486 -0.2767
vn -0.9658 -0.2475 -0.0774
vn -0.9482 -0.3068 -0.0818
vn -0.9715 -0.2224 -0.0821
vn -0.5791 0.7824 0.2292
vn -0.5942 0.7612 0.2598
vn -0.5776 0.7836 0.2288
vn 0.3617 0.9095 0.2048
vn 0.4200 0.8804 0.2200
vn 0.2287 0.9386 0.2582
vn -0.0919 0.9636 0.2512
vn -0.2309 0.9370 0.2620
vn -0.1739 -0.9569 -0.2326
vn 0.1390 -0.9643 -0.2255
vn 0.1292 -0.9776 -0.1662
vn -0.3603 -0.8871 -0.2886
vn -0.3508 -0.9062 -0.2359
vn 0.0874 -0.2353 0.9680
vn -0.0105 -0.2373 0.9714
vn -0.0627 -0.1337 0.9890
vn -0.0114 -0.2392 0.9709
vn -0.0878 -0.2832 0.9550
vn -0.0323 -0.1847 0.9823
vn -0.0573 -0.1908 0.9800
vn 0.0111 -0.2360 0.9717
vn -0.0166 -0.2715 0.9623
vn 0.6579 -0.7273 -0.1954
vn 0.6087 -0.7674 -0.2016
vn 0.5813 -0.7822 -0.2243
vn 0.3874 -0.8748 -0.2911
vn 0.9735 0.2279 0.0177
vn 0.9950 0.0940 -0.0336
vn 0.9952 0.0975 -0.0101
vn -0.4929 -0.8293 -0.2633
vn -0.6297 -0.7392 -0.2390
vn -0.5923 -0.7620 -0.2618
vn -0.9972 0.0733 -0.0156
vn -0.9723 0.2333 0.0175
vn -0.9909 0.1334 0.0154
vn 0.0943 0.9646 0.2462
vn 0.4488 0.8553 0.2587
vn -0.4643 0.8510 0.2454
vn 0.0034 -0.2731 0.9620
vn 0.1543 0.7850 -0.6000
vn -0.0158 0.2078 -0.9780
vn -0.5379 0.0554 -0.8412
vn -0.4771 0.3067 -0.8236
vn -0.0332 0.2092 -0.9773
vn 0.0929 -0.3846 -0.9184
vn -0.9930 0.0413 -0.1106
vn -0.9998 0.0115 0.0160
vn -0.9952 0.0587 -0.0780
vn -0.9985 -0.0231 -0.0506
vn -0.9980 0.0234 -0.0590
vn -0.9942 0.0184 -0.1063
vn -0.8610 -0.4978 0.1041
vn 0.0361 0.9693 0.2431
vn -0.2187 0.9602 0.1739
vn -0.6615 0.7425 0.1057
vn -0.9692 -0.2237 0.1030
vn 0.0548 -0.9844 -0.1670
vn 0.0217 -0.9654 -0.2598
vn 0.0366 -0.9537 -0.2986
vn -0.5236 0.7732 -0.3577
vn -0.7965 0.6040 -0.0269
vn 0.1320 0.9572 0.2575
vn 0.1797 0.9334 -0.3105
vn 0.2478 0.7170 0.6515
vn -0.7614 0.1429 0.6323
vn -0.9913 -0.1294 -0.0228
vn -0.9247 0.0965 -0.3682
vn -0.9461 0.1620 -0.2803
vn -0.7597 -0.4426 0.4764
vn -0.7173 -0.6966 0.0142
vn -0.9244 -0.2349 -0.3004
vn -0.1342 -0.8828 -0.4502
vn -0.5913 0.6123 0.5248
vn -0.9603 0.2330 -0.1534
vn -0.9664 0.2133 0.1434
vn 0.5142 -0.4514 0.7292
vn 0.1896 0.0560 0.9803
vn -0.5166 -0.2608 0.8156
vn -0.0000 -0.2587 0.9660
vn -0.1516 0.7860 -0.5993
vn 0.5336 0.0328 -0.8451
vn 0.0307 0.1993 -0.9795
vn 0.9964 0.0705 -0.0462
vn 0.9950 0.0838 -0.0540
vn 0.9998 -0.0064 0.0177
vn 0.9978 0.0049 -0.0655
vn 0.9953 -0.0133 -0.0961
vn 0.9989 0.0353 -0.0306
vn 0.8624 -0.4945 0.1078
vn -0.0109 0.9805 0.1961
vn 0.6971 0.7166 0.0231
vn 0.2302 0.9546 0.1891
vn 0.9706 -0.2188 0.1005
vn 0.9999 0.0089 -0.0093
vn 0.5353 0.8274 0.1700
vn 0.8030 0.5959 -0.0093
vn -0.0194 -0.9852 -0.1704
vn -0.0029 -0.9465 -0.3226
vn -0.0217 -0.9624 -0.2707
vn -0.1320 0.9575 0.2565
vn -0.0181 0.7414 0.6708
vn -0.4040 0.8975 -0.1766
vn 0.7614 0.1430 0.6323
vn 0.9913 -0.1296 -0.0240
vn 0.9889 0.1351 0.0622
vn 0.7597 -0.4425 0.4765
vn 0.9481 0.1544 -0.2779
vn 0.9248 0.0966 -0.3681
vn 0.7170 -0.6969 0.0136
vn 0.6407 -0.4378 -0.6307
vn 0.8242 -0.5456 -0.1515
vn 0.5916 0.6165 0.5196
vn 0.9444 0.2618 -0.1991
vn 0.1344 0.9909 -0.0034
vn -0.1858 0.0516 0.9812
vn -0.2588 -0.7038 0.6616
vn 0.4672 -0.2299 0.8537
vn 0.0270 0.1819 0.9829
vn -0.1649 0.0757 0.9834
vn 0.2339 0.1134 0.9656
vn -0.1020 0.6004 0.7932
vn 0.0694 0.7265 0.6837
vn -0.1328 0.7252 0.6757
vn 0.0136 -0.9054 0.4243
vn -0.0106 -0.9633 0.2683
vn -0.0034 -0.9061 0.4230
vn -0.0068 -0.9962 -0.0873
vn -0.1836 -0.9466 -0.2652
vn 0.1125 0.9143 -0.3890
vn -0.0096 0.9014 -0.4330
vn -0.0990 0.9241 -0.3691
vn -0.7074 -0.7064 0.0244
vn -0.7210 -0.6902 -0.0621
vn 0.3547 0.5237 -0.7745
vn -0.1274 -0.3763 -0.9177
vn 0.0706 0.2302 -0.9706
vn -0.2264 0.2255 0.9476
vn -0.3833 0.2876 0.8777
vn 0.8748 -0.4394 0.2042
vn -0.7149 -0.6742 -0.1855
vn -0.8315 -0.5371 -0.1419
vn 0.3901 0.2804 0.8770
vn 0.2238 0.2255 0.9482
vn 0.7152 -0.6735 -0.1866
vn 0.6845 -0.7290 0.0046
vn 0.7116 -0.6925 -0.1185
vn -0.0277 0.1931 0.9808
vn 0.5746 -0.7924 -0.2048
vn 0.5419 -0.8117 0.2180
vn -0.5838 -0.7875 -0.1976
vn -0.2416 0.5224 0.8177
vn -0.5310 0.8300 0.1707
vn 0.2409 0.5241 0.8169
vn 0.2874 0.5466 0.7865
vn 0.5166 0.7800 -0.3532
vn 0.5239 0.7742 -0.3551
vn 0.1839 0.2386 -0.9535
vn 0.8241 0.5083 0.2500
vn 0.4056 0.9136 -0.0279
vn 0.8398 0.5321 0.1073
vn -0.8246 0.5076 0.2498
vn -0.5672 0.7470 -0.3469
vn -0.9828 0.0867 -0.1628
vn 0.8230 -0.5668 -0.0364
vn 0.8261 -0.5392 -0.1637
vn 0.8118 -0.5648 -0.1483
vn -0.8224 -0.5678 -0.0353
vn -0.8261 -0.5392 -0.1637
vn -0.8372 -0.5190 -0.1725
vn -0.3861 0.1884 -0.9030
vn 0.0393 -0.2086 -0.9772
vn -0.2840 0.5516 0.7843
vn -0.3017 0.3321 0.8937
vn 0.3017 0.3321 0.8937
vn 0.1082 0.5991 0.7933
vn 0.4035 -0.1838 -0.8963
vn -0.0014 0.2591 -0.9659
vn 0.0536 -0.2048 -0.9773
vn 0.0014 0.2591 -0.9658
vn -0.4035 -0.1838 -0.8963
vn -0.0536 -0.2048 -0.9773
vn -0.9996 0.0193 0.0222
vn -0.9991 0.0406 0.0134
vn -0.9995 0.0226 0.0210
vn -0.4185 -0.8292 0.3706
vn -0.1870 -0.8876 0.4209
vn -0.6370 -0.6819 0.3595
vn 0.9996 0.0211 0.0185
vn 0.9991 0.0405 0.0134
vn 0.9990 0.0435 0.0077
vn 0.5999 0.7442 -0.2936
vn 0.4268 0.8182 -0.3853
vn 0.1735 0.8944 -0.4123
vn 0.1795 -0.8731 0.4534
vn 0.3782 -0.8431 0.3823
vn 0.6247 -0.6936 0.3587
vn -0.0476 0.1106 0.9927
vn 0.0132 0.4019 0.9156
vn -0.0138 0.4094 0.9123
vn 0.0482 0.7069 0.7057
vn -0.0156 0.4405 0.8976
vn 0.0240 0.4405 0.8974
vn -0.1000 0.9080 -0.4069
vn -0.1603 0.9123 -0.3768
vn 0.7467 -0.6082 0.2693
vn -0.7396 -0.6042 0.2966
vn -0.2494 0.6010 0.7594
vn -0.1043 0.4495 0.8872
vn 0.7144 0.6435 -0.2749
vn 0.7235 0.6352 -0.2704
vn -0.7406 0.6018 -0.2989
vn -0.7336 0.6178 -0.2832
vn -0.7169 0.6413 -0.2734
vn -0.0286 0.4348 0.9001
vn 0.0739 0.4224 0.9034
vn -0.1323 -0.9577 -0.2557
vn 0.0028 -0.9653 -0.2610
vn -0.0028 -0.9654 -0.2609
vn 0.1335 -0.9573 -0.2565
vn -0.3976 0.6092 -0.6861
vn 0.0012 0.2586 -0.9660
vn -0.0202 0.6614 -0.7498
vn -0.0012 0.2586 -0.9660
vn 0.3976 0.6092 -0.6861
vn 0.0203 0.6614 -0.7497
vn 0.6162 0.7838 0.0765
vn 0.6142 0.7851 0.0794
vn 0.5000 0.8365 0.2243
vn -0.6163 0.7838 0.0766
vn -0.6143 0.7851 0.0794
vn -0.6920 0.7206 -0.0431
vn 0.6162 -0.7171 -0.3256
vn 0.6142 -0.7197 -0.3238
vn 0.6919 -0.6026 -0.3976
vn -0.6162 -0.7171 -0.3256
vn -0.6142 -0.7197 -0.3237
vn -0.5000 -0.8366 -0.2240
vn -0.6142 -0.7851 -0.0794
vn -0.6162 -0.7839 -0.0766
vn -0.5000 -0.8365 -0.2243
vn 0.6142 -0.7851 -0.0794
vn 0.6162 -0.7839 -0.0766
vn 0.6920 -0.7206 0.0431
vn -0.9940 0.0284 -0.1059
vn 0.9940 0.0284 -0.1058
vn -0.6143 0.7196 0.3237
vn -0.6163 0.7171 0.3256
vn -0.6920 0.6026 0.3975
vn 0.6143 0.7196 0.3237
vn 0.6163 0.7171 0.3256
vn 0.5000 0.8365 0.2240
vn 0.0001 -0.2588 0.9659
vn 0.0001 -0.2587 0.9659
vn -0.0001 -0.2588 0.9659
vn -0.0001 -0.2587 0.9659
vn 0.0001 -0.2589 0.9659
vn -0.0001 -0.2589 0.9659
vn 0.0002 -0.2589 0.9659
vn -0.5000 -0.8365 -0.2242
vn 0.6162 0.7838 0.0766
vn 0.5003 0.8362 0.2245
vn -0.6141 0.7199 0.3236
vn -0.6163 0.7171 0.3255
vn -0.0002 -0.2589 0.9659
vn -0.6920 0.7206 -0.0430
vn 0.6162 0.7170 0.3259
vn 0.4600 0.1648 -0.8725
vn -0.9073 -0.1484 0.3934
vn -0.0113 -0.3031 0.9529
vn 0.0048 0.2323 -0.9726
vn 0.9999 -0.0131 -0.0047
vn -0.5070 0.2262 -0.8317
vn -0.0267 -0.3538 0.9349
vn -0.5868 -0.3123 0.7471
vn -0.5780 -0.2992 0.7592
vn -0.5938 -0.2925 0.7496
vn 0.3044 -0.7172 0.6269
vn 0.6508 -0.6511 0.3905
vn 0.4347 0.0842 -0.8967
vn 0.4032 0.5332 0.7437
vn 0.9024 0.3713 -0.2187
vn 0.3271 0.8709 -0.3667
vn -0.3367 0.8630 -0.3766
vn -0.9028 0.2090 0.3759
vn -0.4125 0.5349 0.7374
vn -0.4961 -0.7563 -0.4265
vn -0.8341 0.5449 -0.0859
vn 0.0034 0.9563 0.2924
vn -0.0150 0.9836 0.1796
vn 0.9968 0.0341 -0.0724
vn 0.0192 -0.9405 -0.3393
vn -0.9960 0.0394 -0.0802
vn 0.3289 0.5469 -0.7699
vn -0.3290 0.5469 -0.7699
vn 0.5517 0.7294 0.4045
vn 0.4845 0.8622 -0.1482
vn -0.2008 -0.1009 -0.9744
vn -0.1943 -0.1072 -0.9751
vn -0.2229 -0.0890 -0.9708
vn -0.4728 -0.7340 -0.4875
vn -0.4132 -0.9042 0.1083
vn 0.2903 -0.0640 0.9548
vn -0.4876 -0.1379 0.8621
vn -0.4489 -0.3743 0.8114
vn -0.3643 0.0438 0.9302
vn -0.1585 -0.8426 0.5147
vn 0.1888 0.2682 0.9447
vn -0.1691 -0.5540 0.8152
vn -0.4653 -0.2429 0.8512
vn -0.3928 -0.4533 0.8002
vn -0.9596 -0.2720 -0.0724
vn -0.2533 -0.9296 -0.2678
vn 0.6440 -0.7447 -0.1754
vn 0.3617 0.8750 0.3219
vn -0.4810 0.8487 0.2199
vn -0.2203 0.9315 0.2893
vn -0.1693 -0.3898 0.9052
vn -0.1613 -0.4004 0.9020
vn -0.1417 -0.3799 0.9141
vn -0.5175 0.6462 0.5609
vn -0.4845 0.8621 -0.1482
vn 0.4132 -0.9042 0.1083
vn 0.3450 -0.0540 0.9371
vn 0.5574 -0.4183 0.7172
vn 0.3698 -0.5748 0.7300
vn 0.1711 -0.5410 0.8234
vn -0.0135 -0.8135 0.5814
vn -0.5394 -0.4328 0.7223
vn -0.3395 -0.2195 0.9146
vn -0.5068 -0.1071 0.8554
vn -0.2998 0.1075 0.9479
vn -0.5688 0.7741 0.2779
vn -0.5211 0.5453 0.6566
vn 0.4980 -0.2739 0.8228
vn 0.0597 -0.9664 -0.2502
vn -0.5939 -0.7938 -0.1309
vn -0.5812 -0.8007 -0.1450
vn -0.5815 -0.8032 -0.1296
vn -0.9462 -0.3180 -0.0602
vn -0.1553 -0.9499 -0.2714
vn 0.6073 -0.7682 -0.2024
vn 0.9643 0.2645 0.0161
vn -0.4623 -0.8421 -0.2778
vn -0.9624 0.2710 0.0158
vn -1.0000 0.0025 -0.0028
vn -0.9889 0.1351 0.0622
vn -0.9837 -0.1776 -0.0275
vn -0.6880 -0.7256 -0.0091
vn -0.1340 0.9910 -0.0022
vn 0.0335 -0.2419 0.9697
vn 0.0001 -0.2587 0.9660
vn 0.9838 -0.1767 -0.0290
vn 0.1508 -0.8517 -0.5019
vn 0.9555 0.2843 0.0783
vn -0.0348 -0.2444 0.9690
vn -0.0001 -0.2587 0.9660
vn 0.0294 -0.9579 0.2856
vn 0.0095 0.9047 -0.4260
vn 0.8291 -0.5358 -0.1598
vn -0.8691 -0.4484 0.2088
vn -0.5571 -0.8057 0.2014
vn -0.5227 0.7738 -0.3577
vn -0.1838 0.2383 -0.9536
vn 0.9017 0.2534 -0.3503
vn -0.8399 0.5321 0.1072
vn 0.8372 -0.5190 -0.1725
vn -0.8117 -0.5649 -0.1483
vn -0.0311 -0.2097 -0.9773
vn 0.3860 0.2411 -0.8904
vn -0.9990 0.0435 0.0076
vn -0.3464 0.8842 -0.3134
vn 0.9994 0.0269 0.0217
vn 0.7981 -0.5330 0.2810
vn -0.7633 -0.5709 0.3024
vn 0.2552 0.1797 0.9501
vn -0.7685 0.5633 -0.3034
vn 0.1197 0.4622 0.8787
vn 0.6920 0.7206 -0.0431
vn -0.5000 0.8365 0.2243
vn 0.9940 -0.0283 0.1058
vn -0.9940 -0.0283 0.1058
vn 0.5000 -0.8366 -0.2241
vn -0.6920 -0.6026 -0.3975
vn -0.6920 -0.7207 0.0430
vn 0.5002 -0.8363 -0.2244
vn -0.5001 0.8365 0.2240
vn 0.6920 0.6026 0.3976
vn 0.9940 -0.0284 0.1058
vn 0.5000 -0.8366 -0.2240
vn -0.9940 -0.0284 0.1058
vn -0.6920 -0.6026 -0.3976
vn 0.4999 -0.8365 -0.2243
vn 0.9940 0.0283 -0.1058
vn 0.6920 0.6026 0.3975
vn 0.1139 -0.4009 0.9090
vn 0.0196 -0.4537 0.8909
vn 0.0005 -0.4059 0.9139
vn 0.2576 -0.9651 -0.0474
vn 0.0061 -0.9989 -0.0472
vn 0.2639 -0.9635 -0.0457
vn -0.2432 0.8164 -0.5238
vn 0.0086 0.9572 -0.2894
vn -0.2444 0.9244 -0.2929
vn 0.2138 -0.3578 0.9090
vn 0.1532 -0.4191 0.8949
vn 0.4986 -0.8656 -0.0473
vn 0.5043 -0.8623 -0.0457
vn -0.4463 0.7256 -0.5237
vn -0.4818 0.8251 -0.2951
vn 0.2991 -0.2903 0.9090
vn 0.2564 -0.3651 0.8950
vn 0.7056 -0.7070 -0.0474
vn 0.7103 -0.7024 -0.0457
vn -0.6075 0.5564 -0.5669
vn 0.3640 -0.2030 0.9090
vn 0.3422 -0.2863 0.8950
vn 0.8646 -0.5002 -0.0474
vn 0.8679 -0.4946 -0.0456
vn -0.7420 0.4110 -0.5297
vn -0.6285 0.6091 -0.4837
vn -0.8248 0.4858 -0.2894
vn 0.4043 -0.1019 0.9089
vn 0.4046 -0.1880 0.8949
vn 0.9646 -0.2594 -0.0474
vn 0.9664 -0.2531 -0.0456
vn -0.8286 0.1976 -0.5238
vn -0.9236 0.2482 -0.2921
vn 0.4064 -0.0279 0.9133
vn 0.4396 -0.0769 0.8949
vn 0.9988 -0.0021 -0.0483
vn 0.9989 0.0060 -0.0459
vn -0.8506 -0.0254 -0.5252
vn -0.9564 0.0006 -0.2920
vn 0.3992 0.0786 0.9135
vn 0.4540 0.0197 0.8908
vn 0.9654 0.2561 -0.0483
vn 0.9634 0.2640 -0.0458
vn -0.8149 -0.2447 -0.5254
vn -0.9217 -0.2518 -0.2952
vn 0.3577 0.2138 0.9090
vn 0.4334 0.1364 0.8908
vn 0.8655 0.4987 -0.0475
vn 0.8623 0.5043 -0.0456
vn -0.6947 -0.4427 -0.5669
vn -0.7552 -0.4476 -0.4789
vn 0.2902 0.2992 0.9090
vn 0.3651 0.2564 0.8950
vn 0.7070 0.7056 -0.0474
vn 0.7026 0.7101 -0.0459
vn -0.5890 -0.6103 -0.5297
vn -0.6827 -0.6710 -0.2894
vn 0.2029 0.3642 0.9090
vn 0.2863 0.3422 0.8950
vn 0.5002 0.8646 -0.0474
vn -0.4053 -0.7493 -0.5238
vn -0.4788 -0.8279 -0.2922
vn 0.1019 0.4043 0.9090
vn 0.1880 0.4047 0.8949
vn 0.2593 0.9646 -0.0475
vn 0.4947 0.8679 -0.0457
vn 0.2531 0.9664 -0.0456
vn -0.1976 -0.8286 -0.5238
vn -0.2452 -0.9231 -0.2962
vn -0.0063 0.4167 0.9090
vn 0.0769 0.4396 0.8949
vn 0.0010 0.9989 -0.0474
vn 0.0361 -0.8230 -0.5669
vn 0.0100 -0.8778 -0.4789
vn -0.1140 0.4009 0.9090
vn -0.0396 0.4445 0.8949
vn -0.0055 0.9989 -0.0457
vn -0.2576 0.9651 -0.0474
vn 0.2340 -0.8153 -0.5297
vn 0.2397 -0.9267 -0.2894
vn -0.2139 0.3578 0.9090
vn -0.1533 0.4191 0.8949
vn -0.4986 0.8655 -0.0474
vn -0.2639 0.9635 -0.0457
vn -0.5043 0.8623 -0.0457
vn 0.4462 -0.7256 -0.5238
vn 0.4818 -0.8251 -0.2953
vn -0.2992 0.2903 0.9089
vn -0.2565 0.3651 0.8949
vn -0.7056 0.7070 -0.0472
vn -0.7103 0.7024 -0.0457
vn 0.6075 -0.5564 -0.5669
vn 0.6273 -0.6169 -0.4753
vn -0.3641 0.2029 0.9090
vn -0.3423 0.2864 0.8949
vn -0.8646 0.5002 -0.0475
vn -0.8679 0.4947 -0.0457
vn 0.7205 -0.3873 -0.5752
vn -0.4043 0.1018 0.9089
vn -0.4047 0.1880 0.8949
vn -0.9646 0.2594 -0.0474
vn 0.7669 -0.4397 -0.4675
vn 0.7962 -0.1876 -0.5752
vn -0.4169 -0.0063 0.9090
vn -0.4396 0.0768 0.8949
vn -0.9989 0.0009 -0.0474
vn -0.9663 0.2532 -0.0457
vn -0.9989 -0.0055 -0.0457
vn 0.8481 0.0150 -0.5297
vn 0.8522 -0.2228 -0.4734
vn 0.9572 -0.0083 -0.2894
vn -0.4009 -0.1139 0.9090
vn -0.4445 -0.0396 0.8949
vn -0.9651 -0.2576 -0.0474
vn -0.9635 -0.2637 -0.0459
vn 0.8164 0.2432 -0.5237
vn 0.9217 0.2518 -0.2952
vn -0.3578 -0.2138 0.9090
vn -0.4189 -0.1532 0.8950
vn -0.8655 -0.4986 -0.0474
vn -0.8623 -0.5043 -0.0457
vn 0.6947 0.4427 -0.5669
vn 0.7582 0.4463 -0.4753
vn -0.2903 -0.2992 0.9089
vn -0.3651 -0.2565 0.8949
vn -0.7070 -0.7056 -0.0473
vn 0.5606 0.5957 -0.5752
vn 0.6266 0.6253 -0.4650
vn -0.2029 -0.3642 0.9089
vn -0.2864 -0.3423 0.8949
vn -0.5003 -0.8646 -0.0473
vn -0.7025 -0.7103 -0.0457
vn -0.4947 -0.8678 -0.0458
vn 0.3873 0.7205 -0.5752
vn 0.4435 0.7662 -0.4650
vn -0.1018 -0.4041 0.9090
vn -0.1880 -0.4048 0.8949
vn -0.2593 -0.9646 -0.0475
vn -0.2532 -0.9663 -0.0457
vn 0.1876 0.7962 -0.5752
vn 0.2269 0.8538 -0.4686
vn -0.0769 -0.4396 0.8949
vn -0.0030 -0.9988 -0.0483
vn -0.0196 0.8425 -0.5384
vn -0.6910 -0.0190 0.7226
vn -0.6590 0.1776 0.7309
vn -0.6676 0.1828 0.7217
vn -0.3358 0.5978 0.7279
vn -0.1756 0.6595 0.7309
vn -0.1755 0.6696 0.7217
vn 0.3358 -0.5978 0.7279
vn 0.1756 -0.6594 0.7310
vn 0.1755 -0.6696 0.7217
vn 0.4905 0.4791 0.7279
vn 0.5915 0.3403 0.7310
vn 0.6013 0.3429 0.7217
vn -0.6625 -0.1972 0.7227
vn -0.6824 0.0009 0.7310
vn 0.4791 -0.4905 0.7279
vn 0.3370 -0.5954 0.7294
vn 0.3498 0.5897 0.7279
vn 0.4879 0.4796 0.7294
vn -0.5978 -0.3358 0.7279
vn -0.6594 -0.1756 0.7310
vn 0.1853 0.6602 0.7279
vn 0.3471 0.5895 0.7294
vn 0.0010 0.6824 0.7310
vn 0.0038 0.6922 0.7217
vn -0.4791 0.4905 0.7279
vn -0.3371 0.5954 0.7293
vn -0.4905 -0.4791 0.7279
vn -0.5954 -0.3370 0.7294
vn -0.3498 -0.5897 0.7279
vn -0.4879 -0.4796 0.7294
vn 0.1827 0.6593 0.7294
vn 0.6601 -0.1853 0.7279
vn 0.5905 -0.3421 0.7309
vn 0.5976 -0.3494 0.7217
vn -0.1853 -0.6601 0.7279
vn -0.3471 -0.5895 0.7294
vn 0.6856 -0.0081 0.7279
vn 0.6593 -0.1827 0.7294
vn -0.5897 0.3498 0.7279
vn -0.4796 0.4879 0.7294
vn -0.0081 -0.6856 0.7279
vn -0.1827 -0.6593 0.7294
vn 0.6644 0.1696 0.7279
vn 0.6841 -0.0058 0.7294
vn 0.4796 -0.4878 0.7294
vn -0.5895 0.3471 0.7294
vn -0.0059 -0.6841 0.7294
vn 0.6623 0.1714 0.7294
vn -0.0016 -0.9857 -0.1685
vn 0.6943 -0.6976 -0.1768
vn 0.8532 0.4909 -0.1764
vn 0.6946 0.6960 -0.1821
vn 0.4908 0.8520 -0.1822
vn -0.8544 -0.4914 -0.1686
vn -0.6939 0.6995 -0.1709
vn 0.8528 -0.4885 -0.1844
vn 0.9504 -0.2561 -0.1765
vn -0.8373 -0.4844 0.2535
vn -0.9585 -0.2595 0.1178
vn -0.9342 -0.2511 0.2535
vn -0.2511 0.9342 0.2535
vn -0.0010 0.9933 0.1158
vn -0.0008 0.9673 0.2535
vn -0.6834 -0.6846 0.2535
vn -0.8602 -0.4957 0.1195
vn -0.4830 -0.8381 0.2535
vn -0.7016 -0.7031 0.1160
vn -0.2496 -0.9346 0.2535
vn -0.4958 -0.8607 0.1157
vn 0.0008 -0.9673 0.2535
vn -0.2543 -0.9599 0.1184
vn 0.2511 -0.9342 0.2535
vn -0.0008 -0.9928 0.1199
vn 0.4844 -0.8373 0.2535
vn 0.2581 -0.9592 0.1156
vn 0.6846 -0.6834 0.2535
vn 0.4990 -0.8586 0.1175
vn 0.8381 -0.4830 0.2535
vn 0.7025 -0.7011 0.1224
vn 0.9346 -0.2496 0.2535
vn 0.8601 -0.4954 0.1221
vn 0.9673 0.0008 0.2535
vn 0.9588 -0.2577 0.1194
vn 0.9342 0.2511 0.2535
vn 0.9933 0.0010 0.1155
vn 0.8373 0.4844 0.2535
vn 0.9585 0.2597 0.1179
vn 0.6834 0.6846 0.2535
vn 0.8591 0.4972 0.1218
vn 0.4830 0.8381 0.2535
vn 0.7011 0.7025 0.1224
vn 0.2496 0.9346 0.2534
vn 0.4954 0.8601 0.1221
vn -0.4844 0.8373 0.2535
vn -0.2581 0.9592 0.1158
vn -0.6846 0.6834 0.2535
vn -0.4989 0.8586 0.1178
vn -0.8381 0.4830 0.2535
vn -0.7015 0.7026 0.1195
vn -0.9346 0.2496 0.2535
vn -0.8607 0.4958 0.1159
vn -0.9675 -0.0008 0.2530
vn -0.9597 0.2561 0.1159
vn 0.2577 0.9587 0.1201
vn -0.9933 -0.0010 0.1156
vn -0.0640 0.2505 -0.9660
vn 0.0128 0.2976 -0.9546
vn -0.0885 0.2948 -0.9515
vn -0.2506 -0.0640 -0.9660
vn -0.2976 0.0128 -0.9546
vn -0.2590 -0.1065 -0.9600
vn 0.2489 -0.0699 -0.9660
vn 0.2514 -0.1598 -0.9546
vn 0.2775 -0.0373 -0.9600
vn -0.1266 0.2254 -0.9660
vn -0.1700 0.2226 -0.9600
vn -0.2255 -0.1266 -0.9660
vn -0.2419 -0.1753 -0.9543
vn 0.2582 -0.0038 -0.9661
vn 0.2964 0.0318 -0.9545
vn 0.0125 -0.2644 -0.9643
vn -0.0371 -0.2776 -0.9600
vn 0.0308 -0.2970 -0.9544
vn -0.1806 0.1849 -0.9660
vn -0.2318 0.1882 -0.9544
vn -0.1849 -0.1806 -0.9660
vn -0.1882 -0.2318 -0.9544
vn 0.2503 0.0639 -0.9661
vn 0.2780 0.1072 -0.9546
vn 0.1319 0.2224 -0.9660
vn 0.1710 0.2218 -0.9600
vn 0.1218 0.2726 -0.9544
vn -0.2224 0.1320 -0.9660
vn -0.2727 0.1218 -0.9544
vn 0.1850 0.1806 -0.9660
vn 0.2225 0.1700 -0.9600
vn 0.1266 -0.2254 -0.9660
vn 0.1066 -0.2590 -0.9600
vn 0.1752 -0.2418 -0.9544
vn -0.1319 -0.2223 -0.9660
vn -0.1218 -0.2727 -0.9544
vn 0.2253 0.1266 -0.9660
vn 0.0639 -0.2504 -0.9660
vn 0.0698 0.2488 -0.9660
vn 0.0471 0.2948 -0.9544
vn -0.2489 0.0699 -0.9660
vn -0.2949 0.0471 -0.9544
vn 0.1806 -0.1849 -0.9660
vn 0.2318 -0.1882 -0.9544
vn -0.0699 -0.2489 -0.9660
vn 0.0031 0.2584 -0.9660
vn -0.2584 0.0030 -0.9660
vn 0.2223 -0.1319 -0.9660
vn 0.2561 0.9504 -0.1765
vn -0.5198 -0.0271 0.8539
vn -0.8424 0.0209 0.5385
vn -0.3829 0.0141 0.9237
vn -0.1608 0.1677 0.9726
vn -0.0691 0.0016 -0.9976
vn -0.1575 -0.1700 -0.9728
vn -0.4796 0.0193 -0.8773
vn -0.0582 0.9983 -0.0078
vn -0.1516 0.9884 -0.0052
vn -0.4766 0.8788 0.0222
vn -0.8473 -0.5308 0.0161
vn -0.8602 -0.5086 0.0385
vn -0.8638 -0.5031 -0.0281
vn -0.9999 0.0047 0.0148
vn -0.9992 0.0233 -0.0335
vn -0.9996 0.0171 -0.0213
vn -0.0455 -0.0247 0.9987
vn 0.1031 0.1509 0.9832
vn -0.0472 0.9988 0.0160
vn 0.1845 0.9828 -0.0058
vn -0.0423 0.0242 -0.9988
vn 0.1031 -0.1509 -0.9832
vn 0.0091 -0.9998 -0.0173
vn -0.0568 -0.9984 -0.0009
vn -0.0018 -1.0000 0.0059
vn -0.0151 0.9903 0.1384
vn 0.4489 0.7637 0.4639
vn -0.0393 0.9489 0.3130
vn 0.2266 -0.9072 0.3545
vn -0.0134 -0.9907 0.1357
vn -0.0287 -0.9420 0.3344
vn 0.1143 -0.9602 0.2550
vn 0.0677 -0.9977 -0.0068
vn -0.1956 -0.9611 -0.1952
vn 0.1357 -0.9648 -0.2254
vn -0.1942 -0.9341 -0.2995
vn 0.2468 -0.9036 -0.3501
vn -0.1947 0.9315 -0.3073
vn 0.1227 0.9657 -0.2289
vn -0.2003 0.9448 -0.2592
vn 0.0656 0.9978 0.0052
vn -0.0129 0.6031 -0.7976
vn 0.0001 0.4795 -0.8775
vn -0.0653 0.5524 -0.8310
vn -0.0583 -0.5877 -0.8070
vn 0.0071 -0.4810 -0.8767
vn 0.0088 -0.4970 -0.8677
vn -0.4576 0.4196 0.7839
vn -0.1085 0.1772 0.9782
vn -0.4844 -0.2558 0.8366
vn -0.1097 -0.5877 0.8016
vn -0.0868 -0.5912 0.8018
vn -0.0861 -0.5870 0.8050
vn -0.5665 0.8228 -0.0459
vn -0.5322 0.8415 0.0936
vn -0.5227 0.8058 0.2785
vn -0.5156 0.6503 0.5579
vn -0.5423 0.2961 0.7863
vn -0.5559 0.0125 0.8311
vn -0.5283 -0.8013 0.2810
vn -0.5342 -0.8379 0.1117
vn -0.5417 -0.8391 -0.0490
vn -0.4553 -0.8506 -0.2631
vn -0.3819 -0.7919 -0.4765
vn -0.2550 -0.3834 -0.8877
vn -0.0645 -0.5450 -0.8359
vn 0.0066 0.0557 -0.9984
vn 0.0137 -0.0090 -0.9999
vn -0.0524 -0.0933 -0.9943
vn -0.2957 0.4225 -0.8568
vn -0.2487 0.3287 -0.9111
vn -0.4676 0.8039 -0.3677
vn -0.5637 0.7889 -0.2447
vn 0.7856 -0.1918 0.5883
vn 0.7757 0.3113 0.5490
vn 0.8112 0.0096 0.5848
vn 0.7661 -0.3350 0.5485
vn 0.7082 -0.5743 0.4106
vn 0.2945 -0.9331 0.2063
vn 0.2993 -0.9028 0.3089
vn 0.2991 -0.9318 -0.2056
vn 0.7862 0.0107 -0.6179
vn 0.7451 -0.5241 -0.4125
vn 0.7879 -0.2614 -0.5575
vn 0.7870 0.2633 -0.5580
vn 0.7450 0.5242 -0.4125
vn 0.2991 0.9318 -0.2056
vn 0.2724 0.9032 -0.3316
vn 0.3020 0.9024 -0.3073
vn 0.1068 0.9613 0.2539
vn 0.3135 0.9241 0.2185
vn 0.5309 0.7464 0.4012
vn -0.6818 -0.6816 -0.2656
vn -0.6929 -0.6796 -0.2410
vn -0.5010 -0.8370 -0.2200
vn -0.8405 -0.4968 -0.2163
vn -0.6854 0.6851 -0.2469
vn -0.6822 0.6810 -0.2662
vn -0.4959 0.8408 -0.2173
vn 0.6810 -0.6814 -0.2682
vn 0.6846 -0.6846 -0.2504
vn 0.8368 -0.5000 -0.2231
vn 0.4958 -0.8403 -0.2193
vn 0.6844 0.6851 -0.2493
vn 0.6808 0.6819 -0.2675
vn 0.8405 0.4960 -0.2182
vn -0.0004 1.0000 0.0024
vn -0.0092 0.9998 -0.0152
vn 0.0143 0.9988 -0.0469
vn -1.0000 -0.0002 0.0030
vn -0.9997 0.0154 -0.0211
vn -0.9998 -0.0034 0.0212
vn 1.0000 0.0003 -0.0021
vn 0.9995 -0.0154 -0.0262
vn 0.9999 0.0031 0.0150
vn 0.0009 -1.0000 -0.0013
vn -0.0146 -0.9996 -0.0223
vn 0.0048 -0.9998 0.0211
vn 0.9996 0.0096 -0.0264
vn 0.9957 -0.0299 -0.0877
vn 0.0098 -0.9996 -0.0255
vn -0.0293 -0.9959 -0.0857
vn -0.9993 -0.0169 -0.0319
vn -0.9961 0.0294 -0.0836
vn -0.0231 0.9972 -0.0708
vn 0.4557 -0.4578 -0.7634
vn 0.4514 -0.1220 -0.8839
vn 0.6273 -0.1602 -0.7621
vn 0.1232 -0.4534 -0.8827
vn 0.1406 -0.6491 -0.7476
vn -0.1233 -0.4507 -0.8841
vn -0.1480 -0.6311 -0.7615
vn -0.3300 -0.3285 -0.8850
vn -0.6251 -0.1779 -0.7600
vn -0.4557 -0.4531 -0.7662
vn -0.6325 0.1478 -0.7603
vn -0.4516 -0.1261 -0.8833
vn -0.3289 0.3288 -0.8853
vn -0.4518 0.1243 -0.8834
vn -0.1780 0.6242 -0.7607
vn -0.4545 0.4543 -0.7661
vn 0.1597 0.6294 -0.7605
vn -0.1234 0.4507 -0.8841
vn 0.4491 0.4725 -0.7583
vn 0.1232 0.4534 -0.8827
vn 0.4529 0.1232 -0.8830
vn 0.6309 0.1767 -0.7555
vn -0.1396 -0.1688 0.9757
vn -0.1302 -0.1418 0.9813
vn -0.1527 -0.1655 0.9743
vn 0.8035 -0.5501 0.2277
vn 0.7834 -0.5251 0.3324
vn 0.7694 -0.5175 0.3744
vn 0.7997 -0.4705 -0.3729
vn 0.8328 -0.4999 -0.2378
vn 0.8329 -0.4969 -0.2437
vn -0.8452 0.4799 -0.2354
vn -0.8278 0.4843 -0.2832
vn -0.8448 0.4709 -0.2541
vn -0.8706 0.4284 0.2420
vn -0.8425 0.4309 0.3231
vn -0.8740 0.4304 0.2257
vn -0.8562 0.4765 -0.1999
vn 0.0312 -0.2049 -0.9783
vn 0.0428 -0.1842 -0.9820
vn 0.0204 -0.2048 -0.9786
vn -0.4265 0.3801 0.8207
vn -0.5372 -0.0181 0.8433
vn -0.2567 0.2343 0.9377
vn 0.0742 -0.5391 0.8390
vn 0.1264 -0.3566 0.9257
vn -0.2294 -0.4293 0.8735
vn 0.4595 -0.4403 0.7714
vn -0.4437 -0.2673 0.8554
vn -0.2182 -0.5455 0.8092
vn -0.2579 -0.2229 0.9401
vn -0.1734 0.3901 0.9043
vn -0.2641 0.5807 0.7701
vn -0.0801 0.9961 -0.0356
vn 0.2445 0.9690 0.0367
vn 0.4591 0.8881 -0.0242
vn -0.8921 0.4514 -0.0193
vn -0.8861 0.4596 0.0605
vn -0.8108 0.5847 -0.0267
vn -0.7956 -0.6050 -0.0323
vn -0.5855 -0.8086 0.0571
vn -0.8576 -0.5109 -0.0596
vn 0.0798 -0.9956 -0.0485
vn 0.0785 -0.9948 -0.0643
vn 0.8641 -0.5030 0.0178
vn 0.8305 -0.5555 0.0416
vn 0.8149 -0.5792 0.0235
vn 0.7133 0.7000 0.0349
vn 0.8586 0.5115 -0.0351
vn 0.8044 0.5473 0.2310
vn 0.7834 0.5251 0.3324
vn 0.8062 0.5547 0.2059
vn 0.8345 0.4980 -0.2358
vn 0.7996 0.4706 -0.3730
vn 0.8317 0.5003 -0.2408
vn -0.3493 -0.2005 -0.9153
vn -0.3370 -0.2227 -0.9148
vn -0.3553 -0.1938 -0.9144
vn -0.8503 -0.4728 -0.2312
vn -0.8278 -0.4843 -0.2832
vn -0.8351 -0.4729 -0.2810
vn -0.8425 -0.4309 0.3232
vn -0.8724 -0.4257 0.2403
vn -0.8739 -0.4310 0.2248
vn -0.8525 -0.4623 -0.2440
vn -0.8561 -0.4765 -0.1999
vn 0.0428 0.1842 -0.9820
vn 0.0312 0.2049 -0.9783
vn 0.0204 0.2048 -0.9786
vn 0.2610 -0.5532 0.7911
vn 0.1289 -0.5070 0.8522
vn 0.1644 -0.7356 0.6571
vn -0.9842 -0.1437 0.1037
vn -0.7651 -0.0576 0.6413
vn -0.9878 -0.0934 0.1248
vn 0.2391 -0.3789 0.8940
vn -0.4437 0.2673 0.8554
vn -0.4592 -0.0351 0.8877
vn -0.2579 0.2229 0.9401
vn 0.1519 0.5542 0.8184
vn 0.2922 0.2918 0.9107
vn 0.4784 0.3981 0.7827
vn 0.6285 0.1224 0.7681
vn 0.8293 0.1287 0.5438
vn 0.4210 -0.5397 0.7290
vn -0.5855 0.8086 0.0571
vn -0.4214 0.7357 0.5302
vn -0.5219 0.8450 0.1167
vn -0.4907 -0.2608 0.8314
vn -0.2833 -0.4244 0.8600
vn -0.3185 -0.1422 0.9372
vn -0.2559 -0.9664 0.0237
vn -0.1291 -0.9914 0.0226
vn -0.0732 -0.9971 0.0208
vn -0.8921 -0.4513 -0.0193
vn -0.8456 -0.5326 -0.0365
vn -0.7956 0.6050 -0.0323
vn -0.8576 0.5109 -0.0596
vn 0.4639 0.8858 0.0153
vn 0.5208 0.8528 -0.0375
vn 0.0800 0.9956 -0.0485
vn 0.5977 0.8017 0.0074
vn 0.8456 0.5326 -0.0364
vn 0.9585 -0.2846 0.0157
vn 0.8632 -0.5049 -0.0003
vn 0.8980 -0.4397 0.0129
vn 0.9737 -0.2279 0.0071
vn 0.9957 0.0920 -0.0070
vn 0.9728 0.2315 0.0100
vn -0.9845 0.1739 0.0228
vn -0.9897 -0.1394 0.0318
vn -0.9873 -0.1293 0.0927
vn -0.9317 0.3599 -0.0495
vn -0.9364 0.3509 0.0066
vn 0.0250 -0.0874 0.9959
vn 0.0222 0.0106 0.9997
vn 0.1261 0.0635 0.9900
vn 0.0248 0.0037 0.9997
vn -0.0282 0.0876 0.9958
vn 0.0760 0.0333 0.9966
vn 0.0692 0.0572 0.9960
vn 0.0243 -0.0032 0.9997
vn -0.0093 0.0141 0.9999
vn -0.7531 -0.6579 -0.0005
vn -0.7934 -0.6087 0.0039
vn -0.8136 -0.5812 -0.0143
vn -0.9201 -0.3879 -0.0545
vn 0.2247 -0.9735 -0.0419
vn 0.0821 -0.9950 -0.0568
vn 0.0917 -0.9952 -0.0350
vn -0.8692 0.4929 -0.0396
vn -0.7760 0.6295 -0.0394
vn -0.8038 0.5923 -0.0556
vn 0.0667 0.9972 -0.0341
vn 0.2298 0.9723 -0.0435
vn 0.1329 0.9909 -0.0197
vn 0.9955 -0.0940 -0.0115
vn 0.8937 -0.4478 0.0288
vn 0.8850 0.4653 0.0166
vn 0.6040 -0.1524 -0.7823
vn -0.0516 0.0169 -0.9985
vn -0.1627 0.5389 -0.8265
vn 0.0835 0.4771 -0.8749
vn -0.0506 0.0331 -0.9982
vn -0.6086 -0.0942 -0.7879
vn 0.0476 0.9953 -0.0842
vn 0.0127 0.9998 0.0125
vn 0.0361 0.9953 -0.0900
vn -0.0355 0.9984 -0.0434
vn 0.0047 0.9980 -0.0634
vn -0.0089 0.9928 -0.1196
vn -0.4538 0.8610 0.2298
vn 0.9996 -0.0277 -0.0056
vn 0.9724 0.2178 -0.0836
vn 0.7401 0.6663 -0.0910
vn -0.1895 0.9692 0.1574
vn -0.9941 -0.0548 0.0935
vn -0.9998 -0.0217 -0.0011
vn -0.9985 -0.0366 -0.0416
vn 0.6504 0.5292 -0.5450
vn 0.5774 0.7968 -0.1781
vn 0.9913 -0.1320 0.0009
vn 0.8213 -0.1797 -0.5415
vn 0.8791 -0.1931 0.4357
vn 0.3017 0.7614 0.5738
vn -0.1314 0.9913 0.0108
vn -0.0020 0.9247 -0.3806
vn 0.0546 0.9469 -0.3170
vn -0.3042 0.7597 0.5747
vn -0.6688 0.7178 0.1933
vn -0.3047 0.9245 -0.2292
vn -0.9693 0.1340 -0.2061
vn 0.7365 0.5851 0.3395
vn 0.1854 0.9602 -0.2088
vn 0.2771 0.9587 0.0633
vn -0.2473 -0.5142 0.8212
vn 0.3064 -0.1814 0.9344
vn -0.0310 0.4851 0.8739
vn 0.0001 -0.0000 1.0000
vn 0.6040 0.1524 -0.7823
vn -0.1881 -0.5323 -0.8254
vn -0.0611 -0.0297 -0.9977
vn 0.0527 -0.9981 -0.0334
vn 0.0670 -0.9950 -0.0739
vn -0.0017 -0.9998 0.0189
vn -0.0122 -0.9978 -0.0645
vn -0.0393 -0.9953 -0.0887
vn 0.0262 -0.9989 -0.0387
vn -0.4498 -0.8625 0.2316
vn 0.9981 0.0191 -0.0593
vn 0.7065 -0.6894 -0.1598
vn 0.9709 -0.2313 -0.0615
vn -0.1853 -0.9706 0.1537
vn 0.0062 -0.9999 -0.0113
vn 0.8445 -0.5335 -0.0469
vn 0.5722 -0.8028 -0.1675
vn -0.9957 0.0193 0.0904
vn -0.9978 0.0028 -0.0666
vn -0.9997 0.0216 -0.0123
vn 0.9913 0.1320 -0.0000
vn 0.8755 0.0546 0.4801
vn 0.8213 0.4040 -0.4029
vn 0.3018 -0.7613 0.5738
vn -0.1314 -0.9913 0.0103
vn 0.1466 -0.9889 0.0251
vn -0.3041 -0.7597 0.5748
vn 0.0771 -0.9481 -0.3084
vn -0.0020 -0.9247 -0.3806
vn -0.6697 -0.7170 0.1934
vn -0.5862 -0.6407 -0.4959
vn -0.5663 -0.8242 -0.0051
vn 0.7299 -0.5916 0.3423
vn 0.2011 -0.9445 -0.2598
vn 0.9564 -0.1343 -0.2594
vn 0.3038 0.1858 0.9344
vn -0.5085 0.2588 0.8212
vn -0.0068 -0.4941 0.8694
vn 0.4310 -0.0296 0.9019
vn 0.3432 0.1730 0.9232
vn 0.3444 -0.2256 0.9113
vn 0.7890 0.1092 0.6046
vn 0.8747 -0.0764 0.4786
vn 0.8798 0.1261 0.4584
vn -0.8486 -0.0171 0.5288
vn -0.7657 0.0098 0.6431
vn -0.7633 -0.0090 0.6460
vn -0.9848 0.0068 0.1735
vn -0.9829 0.1836 -0.0111
vn 0.7577 -0.0079 -0.6525
vn 0.7986 0.1011 -0.5933
vn 0.7807 -0.1099 -0.6151
vn -0.8614 0.0114 0.5078
vn -0.6761 0.7073 0.2065
vn -0.6828 0.7209 0.1187
vn 0.3054 -0.3547 -0.8837
vn -0.6009 0.1274 -0.7891
vn -0.0289 -0.0706 -0.9971
vn 0.4721 0.2212 0.8533
vn 0.5127 0.3824 0.7687
vn -0.3735 -0.8733 0.3128
vn -0.6993 0.7148 -0.0047
vn -0.5556 0.8315 0.0018
vn 0.4901 -0.3909 0.7791
vn 0.4545 -0.2287 0.8609
vn -0.6989 -0.7152 -0.0059
vn -0.7030 -0.6844 0.1932
vn -0.6996 -0.7116 0.0648
vn 0.4393 0.0246 0.8980
vn -0.8184 -0.5746 0.0073
vn -0.7280 -0.5419 0.4200
vn -0.8118 0.5838 0.0130
vn 0.7213 0.2409 0.6494
vn 0.8447 0.5327 -0.0530
vn 0.7126 -0.2416 0.6586
vn 0.7260 -0.2917 0.6228
vn 0.6658 -0.5113 -0.5434
vn 0.6598 -0.5130 -0.5491
vn -0.0164 -0.1839 -0.9828
vn 0.5557 -0.8241 0.1099
vn 0.8753 -0.4055 -0.2634
vn 0.5417 -0.8399 -0.0341
vn 0.5549 0.8246 0.1099
vn 0.6317 0.5672 -0.5284
vn 0.0416 0.9829 -0.1796
vn -0.5569 -0.8230 0.1115
vn -0.5632 -0.8261 -0.0186
vn -0.5839 -0.8118 0.0029
vn -0.5576 0.8224 0.1129
vn -0.5632 0.8261 -0.0186
vn -0.5460 0.8372 -0.0323
vn -0.0522 0.3868 -0.9207
vn -0.4544 -0.0393 -0.8899
vn 0.7414 0.2796 0.6100
vn 0.5521 0.3017 0.7773
vn 0.5521 -0.3017 0.7773
vn 0.7799 -0.1012 0.6176
vn -0.4095 -0.4035 -0.8182
vn 0.0003 0.0015 -1.0000
vn -0.4507 -0.0536 -0.8911
vn 0.0003 -0.0015 -1.0000
vn -0.4095 0.4034 -0.8183
vn -0.4507 0.0536 -0.8911
vn 0.0244 0.9996 0.0165
vn 0.0426 0.9991 0.0025
vn 0.0273 0.9995 0.0146
vn -0.7191 0.4093 0.5616
vn -0.7622 0.1682 0.6252
vn -0.5740 0.6388 0.5124
vn 0.0252 -0.9996 0.0124
vn 0.0426 -0.9991 0.0025
vn 0.0439 -0.9990 -0.0040
vn 0.6461 -0.5948 -0.4784
vn 0.6897 -0.4273 -0.5846
vn 0.7563 -0.1725 -0.6311
vn -0.7403 -0.2023 0.6411
vn -0.7101 -0.3943 0.5834
vn -0.5615 -0.6417 0.5225
vn 0.3908 -0.0275 0.9201
vn 0.3116 0.1880 0.9314
vn 0.1687 0.0709 0.9831
vn 0.6638 0.0249 0.7475
vn 0.6656 -0.0220 0.7460
vn 0.8885 -0.0499 0.4561
vn 0.7722 0.0999 -0.6275
vn 0.7845 0.1597 -0.5992
vn -0.5151 -0.7337 0.4431
vn -0.5095 0.7524 0.4175
vn 0.7784 0.2539 0.5740
vn 0.6641 0.1072 0.7399
vn 0.5533 -0.7124 -0.4317
vn 0.5434 -0.7236 -0.4255
vn 0.5039 0.7406 -0.4445
vn 0.5234 0.7336 -0.4335
vn 0.5484 0.7172 -0.4300
vn 0.6182 0.0068 0.7860
vn 0.6261 0.0738 0.7762
vn 0.6681 -0.0702 0.7408
vn -0.9912 0.1323 0.0009
vn -1.0000 -0.0028 -0.0023
vn -1.0000 0.0029 -0.0022
vn -0.9910 -0.1336 -0.0000
vn 0.4109 0.3976 -0.8204
vn -0.0003 -0.0013 -1.0000
vn 0.4448 0.0201 -0.8954
vn -0.0003 0.0013 -1.0000
vn 0.4109 -0.3976 -0.8204
vn 0.4448 -0.0202 -0.8954
vn 0.7770 -0.6162 -0.1289
vn 0.7789 -0.6142 -0.1265
vn 0.8660 -0.5000 0.0001
vn 0.7770 0.6162 -0.1289
vn 0.7789 0.6142 -0.1265
vn 0.6850 0.6919 -0.2281
vn -0.7770 -0.6162 -0.1289
vn -0.7789 -0.6142 -0.1265
vn -0.6850 -0.6919 -0.2281
vn -0.7770 0.6162 -0.1289
vn -0.7789 0.6142 -0.1265
vn -0.8658 0.5004 0.0001
vn -0.7789 0.6142 0.1265
vn -0.7770 0.6162 0.1289
vn -0.8660 0.5000 -0.0001
vn -0.7790 -0.6143 0.1262
vn -0.7769 -0.6162 0.1289
vn -0.6849 -0.6920 0.2281
vn -0.0000 0.9940 -0.1096
vn -0.0000 -0.9940 -0.1095
vn 0.7791 0.6141 0.1260
vn 0.7770 0.6162 0.1289
vn 0.6850 0.6919 0.2280
vn 0.7789 -0.6143 0.1265
vn 0.7769 -0.6162 0.1289
vn 0.8660 -0.5000 -0.0001
vn -0.0000 -0.0001 1.0000
vn -0.0000 0.0001 1.0000
vn -0.0000 0.9940 -0.1097
vn -0.0000 -0.0000 1.0000
vn -0.7769 0.6162 0.1289
vn 0.7790 -0.6142 -0.1265
vn 0.8661 -0.4999 0.0001
vn 0.7789 0.6142 0.1265
vn 0.6850 0.6920 0.2281
vn -0.8660 0.5000 0.0001
vn -0.7789 -0.6143 0.1265
vn -0.7769 -0.6163 0.1289
vn 0.7790 0.6142 -0.1265
vn 0.7789 -0.6142 0.1265
vn -1.0000 -0.0000 -0.0000
vn -0.0000 -1.0000 -0.0000
vn -0.0000 1.0000 -0.0000
vn -0.0000 -0.0000 -1.0000
vn -0.0456 -0.4294 -0.9020
vn -0.0456 0.4294 0.9020
vn -0.0517 0.8969 -0.4392
vn -0.0963 0.8772 -0.4704
vn -0.0826 0.8892 -0.4501
vn -0.9999 0.0127 0.0020
vn -0.0489 -0.9985 0.0226
vn 0.0051 0.5078 -0.8615
vn -0.0788 0.2332 0.9692
vn -0.0729 0.1710 0.9826
vn -0.5305 -0.3045 0.7911
vn -0.5279 -0.6508 0.5457
vn -0.1508 -0.4346 -0.8879
vn 0.7121 -0.3862 0.5863
vn 0.3020 -0.9024 -0.3073
vn 0.7463 -0.3271 -0.5796
vn 0.7361 0.3367 -0.5871
vn -0.8409 0.4960 -0.2166
vn 0.5036 0.8343 -0.2243
vn 0.0017 0.9999 0.0149
vn 0.9967 0.0150 -0.0793
vn 0.0149 -0.9969 -0.0774
vn -0.9962 -0.0192 -0.0849
vn 0.0181 0.9961 -0.0869
vn 0.3290 -0.3289 -0.8852
vn 0.3290 0.3289 -0.8852
vn 0.8092 -0.5517 0.2020
vn 0.7944 -0.4845 -0.3664
vn -0.3493 0.2005 -0.9153
vn -0.3557 0.1941 -0.9142
vn -0.3370 0.2227 -0.9148
vn -0.8351 0.4729 -0.2811
vn -0.8453 0.4132 0.3387
vn -0.1071 0.6532 0.7496
vn -0.9853 0.1005 0.1378
vn -0.7651 0.0575 0.6413
vn -0.4591 0.0351 0.8877
vn 0.5781 0.1980 0.7916
vn 0.4495 0.2672 0.8524
vn 0.4370 0.0989 0.8940
vn 0.6656 -0.5398 -0.5153
vn 0.6431 -0.5605 -0.5219
vn 0.6906 -0.6560 -0.3045
vn 0.6818 0.0829 0.7269
vn 0.6357 0.4029 0.6584
vn -0.5219 -0.8450 0.1167
vn -0.4214 -0.7358 0.5302
vn -0.5877 0.8087 0.0235
vn 0.6699 -0.7397 0.0646
vn 0.9534 -0.2982 0.0466
vn 0.5175 0.8546 0.0429
vn -0.1422 0.1693 0.9753
vn -0.1532 0.1614 0.9749
vn -0.1302 0.1418 0.9813
vn 0.7694 0.5175 0.3744
vn 0.7944 0.4845 -0.3664
vn -0.8453 -0.4132 0.3387
vn -0.5371 0.0181 0.8433
vn -0.2295 0.4293 0.8735
vn 0.2074 0.3751 0.9035
vn -0.2182 0.5455 0.8092
vn -0.4635 -0.8855 0.0310
vn 0.9980 -0.0340 0.0541
vn 0.8917 -0.4518 -0.0278
vn -0.0431 -0.9990 0.0146
vn -0.9877 0.1553 -0.0167
vn -0.0177 -0.0102 0.9998
vn -0.7944 -0.6073 0.0034
vn 0.2596 -0.9643 -0.0529
vn -0.8853 0.4623 -0.0504
vn 0.2659 0.9624 -0.0549
vn 0.0018 1.0000 -0.0034
vn 0.1466 0.9889 0.0251
vn -0.1786 0.9837 0.0195
vn -0.7033 0.6880 0.1790
vn 0.9564 0.1343 -0.2595
vn 0.0173 -0.0335 0.9993
vn 0.0001 -0.0001 1.0000
vn -0.1781 -0.9839 0.0178
vn -0.9526 -0.1507 -0.2644
vn 0.2655 -0.9640 0.0137
vn 0.0147 0.0348 0.9993
vn 0.0001 -0.0002 1.0000
vn 0.7638 0.0087 -0.6454
vn -0.5590 -0.8290 -0.0157
vn -0.3771 0.8707 0.3158
vn -0.7328 0.5490 0.4019
vn 0.6516 0.5350 -0.5377
vn -0.0164 0.1838 -0.9828
vn 0.1541 -0.9017 -0.4039
vn 0.5417 0.8399 -0.0341
vn -0.5460 -0.8372 -0.0323
vn -0.5840 0.8118 0.0030
vn -0.4555 0.0311 -0.8897
vn 0.0024 -0.3860 -0.9225
vn 0.0438 0.9990 -0.0043
vn 0.7741 0.3437 -0.5317
vn 0.2702 0.2902 0.9180
vn 0.0316 -0.9994 0.0140
vn -0.4742 -0.7651 0.4357
vn -0.4414 0.7965 0.4133
vn 0.4656 0.7685 -0.4389
vn 0.6741 -0.1154 0.7295
vn 0.6850 -0.6919 -0.2281
vn 0.8660 0.5000 0.0001
vn -0.0000 -0.9940 0.1095
vn -0.0000 0.9940 0.1095
vn -0.8660 -0.5000 0.0001
vn -0.6850 0.6919 -0.2281
vn -0.6850 0.6920 0.2280
vn -0.8660 -0.5000 -0.0001
vn 0.8660 0.5000 -0.0001
vn 0.6849 -0.6920 0.2281
vn -0.6850 0.6920 0.2281
vn 0.8658 0.5004 0.0001
vt 0.272129 0.366070
vt 0.270566 0.348192
vt 0.271977 0.347236
vt 0.743726 0.794421
vt 0.792238 0.781240
vt 0.787488 0.798404
vt 0.839258 0.443335
vt 0.848546 0.425021
vt 0.850018 0.441000
vt 0.268817 0.383982
vt 0.270566 0.366638
vt 0.741955 0.813242
vt 0.785868 0.816544
vt 0.844149 0.459606
vt 0.854350 0.455901
vt 0.262266 0.399751
vt 0.267176 0.384125
vt 0.743547 0.831826
vt 0.787488 0.834422
vt 0.851835 0.473531
vt 0.252923 0.412303
vt 0.260626 0.399464
vt 0.748394 0.848908
vt 0.792238 0.850821
vt 0.861794 0.484162
vt 0.861246 0.468707
vt 0.870240 0.478546
vt 0.241424 0.420781
vt 0.251363 0.411607
vt 0.678709 0.155955
vt 0.626189 0.168969
vt 0.623478 0.154344
vt 0.704152 0.324367
vt 0.712372 0.309146
vt 0.713154 0.324467
vt 0.469579 0.425661
vt 0.485156 0.419629
vt 0.486042 0.420647
vt 0.676923 0.138422
vt 0.621787 0.137408
vt 0.704587 0.342031
vt 0.713568 0.340554
vt 0.452518 0.425785
vt 0.468972 0.424339
vt 0.676315 0.119653
vt 0.621232 0.119313
vt 0.704587 0.359277
vt 0.713586 0.356310
vt 0.436020 0.421010
vt 0.452251 0.424250
vt 0.676923 0.100926
vt 0.621850 0.101293
vt 0.704152 0.374930
vt 0.713207 0.370660
vt 0.421211 0.411662
vt 0.436132 0.419367
vt 0.678709 0.083518
vt 0.623599 0.084576
vt 0.703312 0.387922
vt 0.712457 0.382629
vt 0.409099 0.398379
vt 0.421714 0.410023
vt 0.681549 0.068617
vt 0.762774 0.508637
vt 0.743148 0.511087
vt 0.753079 0.503855
vt 0.400511 0.382065
vt 0.409979 0.396855
vt 0.892636 0.706897
vt 0.845163 0.722546
vt 0.850071 0.705717
vt 0.771896 0.496728
vt 0.761476 0.493145
vt 0.396031 0.363831
vt 0.401727 0.380760
vt 0.894466 0.688166
vt 0.778679 0.481843
vt 0.767764 0.479687
vt 0.395964 0.344921
vt 0.397520 0.362835
vt 0.851744 0.687658
vt 0.892821 0.669400
vt 0.782663 0.464999
vt 0.771516 0.464398
vt 0.400316 0.326623
vt 0.397645 0.344303
vt 0.887813 0.651879
vt 0.850071 0.669598
vt 0.845163 0.652769
vt 0.783574 0.447343
vt 0.772476 0.448319
vt 0.408790 0.310185
vt 0.402094 0.326424
vt 0.115191 0.535327
vt 0.059401 0.545894
vt 0.058065 0.533633
vt 0.781351 0.430078
vt 0.770579 0.432547
vt 0.420807 0.296726
vt 0.410563 0.310419
vt 0.114122 0.519484
vt 0.057044 0.518303
vt 0.776145 0.414380
vt 0.435550 0.287164
vt 0.422475 0.297378
vt 0.113449 0.501509
vt 0.765953 0.418156
vt 0.768312 0.401320
vt 0.452013 0.282150
vt 0.437019 0.288189
vt 0.113219 0.482627
vt 0.056407 0.500950
vt 0.056198 0.482754
vt 0.758385 0.391786
vt 0.758915 0.406126
vt 0.749943 0.397279
vt 0.469074 0.282026
vt 0.453203 0.283479
vt 0.113449 0.464123
vt 0.056431 0.464958
vt 0.702017 0.708860
vt 0.709269 0.691937
vt 0.709835 0.707933
vt 0.485572 0.286801
vt 0.469924 0.283568
vt 0.114121 0.447260
vt 0.057090 0.448773
vt 0.701448 0.726333
vt 0.709363 0.723883
vt 0.251998 0.297823
vt 0.240018 0.289165
vt 0.240347 0.287466
vt 0.115192 0.433187
vt 0.851090 0.377747
vt 0.870303 0.371645
vt 0.861298 0.381423
vt 0.261557 0.311908
vt 0.251363 0.299491
vt 0.116586 0.422862
vt 0.058130 0.435303
vt 0.059480 0.425465
vt 0.843622 0.391876
vt 0.854386 0.394182
vt 0.268371 0.328762
vt 0.260626 0.313434
vt 0.720158 0.877364
vt 0.736266 0.911438
vt 0.719489 0.916538
vt 0.838986 0.408276
vt 0.850037 0.409052
vt 0.267176 0.330045
vt 0.701448 0.879411
vt 0.701448 0.918421
vt 0.837498 0.425827
vt 0.701002 0.963060
vt 0.693684 0.945309
vt 0.700790 0.944544
vt 0.764453 0.126856
vt 0.759992 0.107529
vt 0.768903 0.108978
vt 0.821541 0.521657
vt 0.823866 0.541331
vt 0.814908 0.538190
vt 0.744837 0.043257
vt 0.724788 0.040052
vt 0.730419 0.033912
vt 0.700764 0.981149
vt 0.693887 0.962020
vt 0.830871 0.507833
vt 0.829778 0.526350
vt 0.756572 0.056425
vt 0.737862 0.048380
vt 0.830270 0.620038
vt 0.848377 0.622406
vt 0.841562 0.628324
vt 0.764823 0.072521
vt 0.748537 0.060179
vt 0.759992 0.090797
vt 0.769029 0.090445
vt 0.755984 0.142861
vt 0.756085 0.123702
vt 0.821080 0.607755
vt 0.838137 0.615038
vt 0.814618 0.592313
vt 0.829777 0.604043
vt 0.756085 0.074647
vt 0.367186 0.888322
vt 0.357544 0.877193
vt 0.365418 0.873248
vt 0.811324 0.574764
vt 0.823866 0.590171
vt 0.367766 0.905658
vt 0.359171 0.890728
vt 0.744071 0.155902
vt 0.748537 0.138215
vt 0.811423 0.556303
vt 0.820806 0.574368
vt 0.367116 0.924074
vt 0.359726 0.906335
vt 0.842261 0.497658
vt 0.838137 0.513785
vt 0.729527 0.165090
vt 0.737862 0.150078
vt 0.820806 0.557709
vt 0.365282 0.942315
vt 0.359171 0.922949
vt 0.755912 0.371148
vt 0.743712 0.355412
vt 0.756306 0.356250
vt 0.956057 0.089531
vt 0.947781 0.073181
vt 0.956055 0.072800
vt 0.755133 0.383569
vt 0.743338 0.369541
vt 0.867606 0.078482
vt 0.882091 0.093265
vt 0.871427 0.093069
vt 0.866889 0.062401
vt 0.878469 0.079429
vt 0.869324 0.045922
vt 0.877791 0.064176
vt 0.874746 0.030167
vt 0.880102 0.048545
vt 0.882784 0.016210
vt 0.885245 0.033603
vt 0.892890 0.005003
vt 0.892870 0.020367
vt 0.747033 0.662219
vt 0.731376 0.654796
vt 0.743730 0.651879
vt 0.749583 0.675610
vt 0.734509 0.664605
vt 0.751206 0.691142
vt 0.736927 0.677308
vt 0.751791 0.707756
vt 0.738466 0.692041
vt 0.751298 0.724318
vt 0.739020 0.707798
vt 0.749760 0.739700
vt 0.738551 0.723506
vt 0.747283 0.752855
vt 0.737093 0.738095
vt 0.744036 0.762885
vt 0.734743 0.750570
vt 0.952152 0.105705
vt 0.947781 0.089050
vt 0.753913 0.293231
vt 0.740129 0.285009
vt 0.752527 0.282026
vt 0.755049 0.307269
vt 0.741443 0.295639
vt 0.755859 0.323184
vt 0.742521 0.308955
vt 0.756288 0.339890
vt 0.743289 0.324050
vt 0.944075 0.057863
vt 0.952145 0.056650
vt 0.743696 0.339896
vt 0.193006 0.486948
vt 0.189470 0.504105
vt 0.191125 0.486587
vt 0.143380 0.427017
vt 0.155131 0.428968
vt 0.142562 0.429014
vt 0.558804 0.553123
vt 0.550679 0.539889
vt 0.560269 0.551720
vt 0.191404 0.469490
vt 0.189470 0.469677
vt 0.571009 0.427658
vt 0.583421 0.428838
vt 0.571436 0.429716
vt 0.570270 0.561539
vt 0.571437 0.559763
vt 0.537009 0.472285
vt 0.543320 0.457760
vt 0.538695 0.473450
vt 0.186504 0.453813
vt 0.184619 0.454530
vt 0.559466 0.433089
vt 0.560269 0.435122
vt 0.582603 0.565502
vt 0.583421 0.563473
vt 0.178070 0.537982
vt 0.166844 0.548654
vt 0.176901 0.536233
vt 0.178636 0.440984
vt 0.176901 0.442175
vt 0.167645 0.550675
vt 0.155132 0.557453
vt 0.536811 0.508158
vt 0.537117 0.490687
vt 0.538694 0.508296
vt 0.549526 0.442820
vt 0.550679 0.444688
vt 0.155539 0.559615
vt 0.142562 0.562032
vt 0.535285 0.490011
vt 0.186103 0.522401
vt 0.184619 0.521039
vt 0.168339 0.431877
vt 0.166844 0.433457
vt 0.541485 0.525491
vt 0.543320 0.525078
vt 0.541866 0.456189
vt 0.191197 0.504994
vt 0.156314 0.427113
vt 0.548986 0.540828
vt 0.749590 0.447497
vt 0.747712 0.431964
vt 0.870755 0.425028
vt 0.872213 0.409298
vt 0.748653 0.463334
vt 0.898771 0.084922
vt 0.876489 0.394645
vt 0.744966 0.478398
vt 0.898072 0.069440
vt 0.742599 0.381321
vt 0.705502 0.751374
vt 0.707704 0.676985
vt 0.705246 0.664096
vt 0.900409 0.053571
vt 0.711277 0.295635
vt 0.707885 0.738700
vt 0.743148 0.417795
vt 0.872213 0.440766
vt 0.323514 0.954317
vt 0.325135 0.973708
vt 0.323586 0.975397
vt 0.918115 0.740541
vt 0.918115 0.724321
vt 0.919614 0.740088
vt 0.857308 0.952245
vt 0.858805 0.976025
vt 0.857225 0.977740
vt 0.232668 0.992386
vt 0.232668 0.987625
vt 0.234361 0.989181
vt 0.107946 0.977210
vt 0.103344 0.953807
vt 0.104669 0.951927
vt 0.223234 0.918172
vt 0.246396 0.953830
vt 0.223234 0.953672
vt 0.328286 0.954065
vt 0.328286 0.975684
vt 0.862002 0.951872
vt 0.862002 0.977739
vt 0.981865 0.786108
vt 0.982437 0.803375
vt 0.978588 0.785959
vt 0.272673 0.421329
vt 0.275834 0.396736
vt 0.275834 0.423175
vt 0.969869 0.447371
vt 0.977406 0.401095
vt 0.977321 0.448268
vt 0.519613 0.911768
vt 0.527419 0.958124
vt 0.517200 0.958550
vt 0.524155 0.911417
vt 0.528770 0.908244
vt 0.950136 0.617810
vt 0.942257 0.571582
vt 0.947195 0.572715
vt 0.955324 0.616564
vt 0.951657 0.571787
vt 0.777100 0.900569
vt 0.785554 0.854006
vt 0.782388 0.901019
vt 0.790636 0.851724
vt 0.790536 0.901589
vt 0.127122 0.889859
vt 0.130880 0.843617
vt 0.130037 0.890698
vt 0.615347 0.961248
vt 0.611543 0.916973
vt 0.614299 0.917228
vt 0.949730 0.544636
vt 0.946439 0.503176
vt 0.952655 0.544216
vt 0.328785 0.715627
vt 0.326682 0.668989
vt 0.328785 0.668783
vt 0.951118 0.552270
vt 0.954953 0.556571
vt 0.949735 0.561192
vt 0.942296 0.551772
vt 0.948727 0.551772
vt 0.951839 0.551651
vt 0.953841 0.551511
vt 0.823270 0.382946
vt 0.830320 0.374545
vt 0.830103 0.384771
vt 0.823266 0.390382
vt 0.916799 0.978279
vt 0.916799 0.966003
vt 0.920588 0.971868
vt 0.954810 0.622432
vt 0.614622 0.967996
vt 0.612420 0.961891
vt 0.127824 0.897381
vt 0.130880 0.897448
vt 0.777500 0.907360
vt 0.783890 0.907910
vt 0.790636 0.908482
vt 0.906020 0.360463
vt 0.902268 0.357431
vt 0.903284 0.356742
vt 0.904461 0.356520
vt 0.542215 0.988918
vt 0.540564 0.991226
vt 0.540564 0.987625
vt 0.522916 0.908685
vt 0.517200 0.909045
vt 0.947930 0.569641
vt 0.694996 0.425172
vt 0.692039 0.423007
vt 0.693751 0.421382
vt 0.305446 0.990479
vt 0.307639 0.987625
vt 0.307639 0.990832
vt 0.784770 0.851307
vt 0.781020 0.853643
vt 0.779064 0.850821
vt 0.010951 0.990952
vt 0.013776 0.987625
vt 0.013776 0.992634
vt 0.973659 0.398056
vt 0.973093 0.400702
vt 0.903719 0.361990
vt 0.901375 0.359329
vt 0.412065 0.982080
vt 0.412065 0.951762
vt 0.417030 0.954314
vt 0.641012 0.710751
vt 0.635758 0.746845
vt 0.635758 0.708562
vt 0.049125 0.981087
vt 0.054875 0.950383
vt 0.055632 0.981087
vt 0.131256 0.564114
vt 0.136141 0.531382
vt 0.142337 0.530240
vt 0.129245 0.530240
vt 0.276492 0.981433
vt 0.282683 0.948294
vt 0.282683 0.983942
vt 0.774152 0.031959
vt 0.742206 0.028140
vt 0.774072 0.027991
vt 0.912052 0.450367
vt 0.943804 0.444857
vt 0.943884 0.450367
vt 0.917684 0.248405
vt 0.948241 0.253586
vt 0.917228 0.253711
vt 0.548414 0.949094
vt 0.552300 0.980909
vt 0.548452 0.980836
vt 0.932915 0.288094
vt 0.926506 0.288130
vt 0.267346 0.917776
vt 0.295094 0.928761
vt 0.267346 0.948294
vt 0.924115 0.408929
vt 0.930693 0.408890
vt 0.754845 0.000092
vt 0.761871 0.966251
vt 0.768093 0.968815
vt 0.765134 0.971639
vt 0.764606 0.959608
vt 0.760495 0.959397
vt 0.761756 0.953236
vt 0.768094 0.951288
vt 0.765541 0.954667
vt 0.769691 0.947599
vt 0.765166 0.948815
vt 0.700195 0.426868
vt 0.697790 0.421217
vt 0.700195 0.420290
vt 0.832837 0.948244
vt 0.833667 0.953894
vt 0.830450 0.951247
vt 0.835524 0.958469
vt 0.837007 0.951789
vt 0.839524 0.957790
vt 0.835524 0.963744
vt 0.837005 0.970408
vt 0.839601 0.964374
vt 0.830450 0.970936
vt 0.832846 0.973886
vt 0.769537 0.973833
vt 0.771581 0.970614
vt 0.191464 0.807881
vt 0.192965 0.764541
vt 0.192965 0.808088
vt 0.964629 0.937951
vt 0.970821 0.972650
vt 0.966445 0.973465
vt 0.974356 0.448746
vt 0.978184 0.497135
vt 0.970346 0.493701
vt 0.870911 0.958563
vt 0.874232 0.916800
vt 0.880142 0.963719
vt 0.958772 0.710476
vt 0.965781 0.663582
vt 0.968341 0.710476
vt 0.870150 0.963544
vt 0.426030 0.993207
vt 0.426030 0.987625
vt 0.427210 0.992795
vt 0.683068 0.988972
vt 0.683974 0.989028
vt 0.684353 0.990412
vt 0.729114 0.989141
vt 0.729027 0.990324
vt 0.729027 0.987625
vt 0.694733 0.988819
vt 0.693564 0.990216
vt 0.693914 0.988847
vt 0.679263 0.990789
vt 0.679074 0.988980
vt 0.679882 0.988464
vt 0.954897 0.662257
vt 0.953624 0.661806
vt 0.955915 0.662462
vt 0.171061 0.978060
vt 0.169420 0.978443
vt 0.168605 0.978485
vt 0.171740 0.969350
vt 0.566611 0.062865
vt 0.563382 0.068610
vt 0.563382 0.060659
vt 0.135392 0.978108
vt 0.136898 0.969407
vt 0.138714 0.977559
vt 0.778588 0.981459
vt 0.778588 0.972126
vt 0.780431 0.972823
vt 0.651282 0.979778
vt 0.649388 0.970479
vt 0.652086 0.970479
vt 0.948461 0.345982
vt 0.952857 0.297925
vt 0.958877 0.345643
vt 0.152589 0.972115
vt 0.155933 0.921257
vt 0.160966 0.969569
vt 0.367060 0.974288
vt 0.368460 0.942315
vt 0.368460 0.977701
vt 0.959637 0.302731
vt 0.962947 0.340571
vt 0.958877 0.341499
vt 0.972381 0.182745
vt 0.965865 0.139459
vt 0.975450 0.139459
vt 0.968845 0.297410
vt 0.958877 0.298207
vt 0.423216 0.987625
vt 0.423216 0.992770
vt 0.421902 0.992280
vt 0.923436 0.363944
vt 0.921182 0.364584
vt 0.919727 0.364097
vt 0.704737 0.989691
vt 0.703730 0.989691
vt 0.704320 0.988722
vt 0.440814 0.988079
vt 0.441422 0.990691
vt 0.440729 0.991044
vt 0.924052 0.047294
vt 0.925564 0.047022
vt 0.926345 0.047042
vt 0.704271 0.987625
vt 0.442279 0.987625
vt 0.441433 0.988773
vt 0.505052 0.067836
vt 0.502847 0.061443
vt 0.506294 0.060912
vt 0.919727 0.355326
vt 0.923938 0.355212
vt 0.552005 0.060795
vt 0.555419 0.067133
vt 0.551084 0.067133
vt 0.924052 0.056071
vt 0.928185 0.047879
vt 0.928253 0.056320
vt 0.789404 0.651879
vt 0.789404 0.645186
vt 0.792238 0.644947
vt 0.456276 0.978448
vt 0.447400 0.946079
vt 0.456273 0.948342
vt 0.810473 0.974982
vt 0.819665 0.950987
vt 0.819697 0.974901
vt 0.047682 0.983328
vt 0.044858 0.983448
vt 0.043096 0.981334
vt 0.044640 0.977711
vt 0.047682 0.950627
vt 0.043096 0.952374
vt 0.044858 0.950383
vt 0.044611 0.956019
vt 0.049125 0.953015
vt 0.352507 0.979376
vt 0.354628 0.970353
vt 0.354628 0.979520
vt 0.819529 0.978808
vt 0.526479 0.060912
vt 0.526479 0.068248
vt 0.523941 0.066987
vt 0.673592 0.971019
vt 0.675997 0.980078
vt 0.673592 0.980188
vt 0.511677 0.068096
vt 0.514504 0.061702
vt 0.514504 0.068198
vt 0.447414 0.979530
vt 0.456665 0.980622
vt 0.456665 0.945515
vt 0.870150 0.963719
vt 0.876942 0.972888
vt 0.870150 0.977258
vt 0.341990 0.956003
vt 0.347500 0.963796
vt 0.341990 0.973980
vt 0.760974 0.864293
vt 0.769341 0.858376
vt 0.774944 0.866106
vt 0.750750 0.879246
vt 0.745967 0.874857
vt 0.755435 0.868309
vt 0.777100 0.872561
vt 0.206420 0.932796
vt 0.206205 0.922208
vt 0.213671 0.922281
vt 0.767499 0.906806
vt 0.133363 0.876205
vt 0.133152 0.863310
vt 0.143474 0.862665
vt 0.267266 0.818774
vt 0.263893 0.788807
vt 0.267266 0.787855
vt 0.193006 0.920914
vt 0.197506 0.921198
vt 0.197505 0.931898
vt 0.763089 0.850821
vt 0.757569 0.857697
vt 0.751508 0.858011
vt 0.750214 0.863015
vt 0.741955 0.866100
vt 0.801346 0.275012
vt 0.810459 0.262710
vt 0.810508 0.276936
vt 0.773487 0.372135
vt 0.782355 0.385633
vt 0.773445 0.386571
vt 0.168605 0.962440
vt 0.176098 0.953425
vt 0.176098 0.969010
vt 0.146013 0.969316
vt 0.138714 0.960094
vt 0.146013 0.953223
vt 0.485635 0.959136
vt 0.485635 0.975214
vt 0.479626 0.970147
vt 0.804554 0.492091
vt 0.790798 0.489855
vt 0.798021 0.484162
vt 0.267078 0.558183
vt 0.269194 0.545360
vt 0.272905 0.555773
vt 0.786494 0.495851
vt 0.810470 0.509111
vt 0.206419 0.939449
vt 0.213569 0.950750
vt 0.206205 0.949689
vt 0.786592 0.531266
vt 0.810103 0.540625
vt 0.988047 0.248405
vt 0.986762 0.253574
vt 0.983197 0.252435
vt 0.161329 0.875421
vt 0.150263 0.862494
vt 0.160592 0.862617
vt 0.193006 0.949508
vt 0.197505 0.939090
vt 0.197506 0.949790
vt 0.150281 0.953666
vt 0.146013 0.962177
vt 0.146921 0.953223
vt 0.150281 0.979745
vt 0.146013 0.971252
vt 0.149331 0.967268
vt 0.275834 0.542367
vt 0.267078 0.539173
vt 0.273090 0.534163
vt 0.952141 0.798446
vt 0.961228 0.808562
vt 0.952141 0.809338
vt 0.911336 0.727458
vt 0.904765 0.742215
vt 0.904765 0.724316
vt 0.161329 0.953425
vt 0.168605 0.962666
vt 0.161329 0.969477
vt 0.138714 0.959854
vt 0.131195 0.968847
vt 0.131195 0.953223
vt 0.529809 0.865943
vt 0.527665 0.891494
vt 0.527665 0.864149
vt 0.398413 0.923192
vt 0.395964 0.949558
vt 0.395964 0.923176
vt 0.133769 0.887385
vt 0.161329 0.920482
vt 0.131195 0.921258
vt 0.150171 0.853374
vt 0.142919 0.853557
vt 0.953853 0.038792
vt 0.934444 0.011385
vt 0.955208 0.005003
vt 0.160965 0.886698
vt 0.264303 0.938084
vt 0.263980 0.928373
vt 0.266964 0.927984
vt 0.791876 0.955964
vt 0.791876 0.972050
vt 0.785542 0.962001
vt 0.529874 0.890760
vt 0.529443 0.893530
vt 0.783574 0.530992
vt 0.783471 0.972126
vt 0.783471 0.982819
vt 0.782046 0.973379
vt 0.267084 0.889340
vt 0.264724 0.888268
vt 0.266320 0.886407
vt 0.255474 0.527845
vt 0.255474 0.541642
vt 0.253096 0.540963
vt 0.529657 0.890140
vt 0.253816 0.528157
vt 0.783574 0.496577
vt 0.267084 0.915088
vt 0.265256 0.914630
vt 0.977406 0.444503
vt 0.977406 0.433221
vt 0.979904 0.443271
vt 0.398719 0.922423
vt 0.206885 0.920098
vt 0.398562 0.949890
vt 0.397128 0.951762
vt 0.985267 0.287182
vt 0.988047 0.286921
vt 0.157930 0.983067
vt 0.159432 0.972115
vt 0.159432 0.984571
vt 0.059750 0.991475
vt 0.056229 0.987723
vt 0.059750 0.987625
vt 0.021329 0.992563
vt 0.018469 0.987625
vt 0.021138 0.988058
vt 0.396482 0.139982
vt 0.393609 0.141734
vt 0.393474 0.138604
vt 0.095790 0.987625
vt 0.095790 0.993112
vt 0.093753 0.990541
vt 0.099004 0.989296
vt 0.098103 0.999504
vt 0.098103 0.987625
vt 0.786168 0.960064
vt 0.397306 0.920502
vt 0.421007 0.918683
vt 0.266231 0.914630
vt 0.264898 0.888903
vt 0.421581 0.945407
vt 0.398264 0.949267
vt 0.072455 0.982946
vt 0.071086 0.986245
vt 0.071086 0.970503
vt 0.079428 0.986403
vt 0.078063 0.983094
vt 0.079428 0.970656
vt 0.938167 0.297291
vt 0.942234 0.288130
vt 0.942001 0.296127
vt 0.381119 0.557501
vt 0.389000 0.555525
vt 0.388021 0.560540
vt 0.945655 0.112567
vt 0.946082 0.115290
vt 0.944074 0.117398
vt 0.948319 0.056417
vt 0.944396 0.047003
vt 0.948319 0.048328
vt 0.751567 0.259433
vt 0.759175 0.264494
vt 0.750318 0.263182
vt 0.667455 0.528931
vt 0.676019 0.531410
vt 0.667807 0.533239
vt 0.764179 0.387963
vt 0.756306 0.369493
vt 0.764100 0.372197
vt 0.321100 0.957335
vt 0.321246 0.973886
vt 0.319434 0.971563
vt 0.750641 0.275725
vt 0.759175 0.280525
vt 0.676019 0.539786
vt 0.381471 0.565379
vt 0.948966 0.108688
vt 0.715224 0.528931
vt 0.707668 0.537851
vt 0.707502 0.528931
vt 0.703758 0.281820
vt 0.696674 0.273253
vt 0.703758 0.273950
vt 0.956964 0.134749
vt 0.945286 0.133122
vt 0.952765 0.107987
vt 0.956964 0.113100
vt 0.953471 0.138809
vt 0.161066 0.848464
vt 0.161216 0.853095
vt 0.131873 0.853837
vt 0.131721 0.849206
vt 0.984226 0.539595
vt 0.985600 0.536322
vt 0.985600 0.553161
vt 0.983970 0.182884
vt 0.985346 0.186165
vt 0.983970 0.199726
vt 0.631149 0.987625
vt 0.631149 0.991226
vt 0.629814 0.988872
vt 0.226801 0.987867
vt 0.224310 0.990651
vt 0.224310 0.987625
vt 0.506164 0.990369
vt 0.503903 0.987625
vt 0.506164 0.987697
vt 0.278978 0.990317
vt 0.281441 0.987625
vt 0.281221 0.990396
vt 0.241616 0.990405
vt 0.239374 0.987724
vt 0.241616 0.987625
vt 0.463635 0.987625
vt 0.465787 0.990646
vt 0.463629 0.990646
vt 0.584467 0.988930
vt 0.586626 0.987625
vt 0.586626 0.990153
vt 0.609683 0.989344
vt 0.611860 0.987625
vt 0.611860 0.989990
vt 0.134284 0.990641
vt 0.131585 0.988435
vt 0.134519 0.987625
vt 0.637309 0.987625
vt 0.639085 0.989902
vt 0.637309 0.990331
vt 0.357064 0.143251
vt 0.359304 0.139487
vt 0.360322 0.143606
vt 0.360933 0.141352
vt 0.350955 0.143606
vt 0.353195 0.139842
vt 0.353195 0.143217
vt 0.349326 0.141741
vt 0.349937 0.139487
vt 0.357064 0.139876
vt 0.584467 0.990148
vt 0.582304 0.988840
vt 0.584467 0.987625
vt 0.355435 0.139487
vt 0.357064 0.141352
vt 0.353195 0.139876
vt 0.353195 0.143251
vt 0.356453 0.143606
vt 0.503903 0.990369
vt 0.501643 0.987625
vt 0.503903 0.987697
vt 0.244264 0.990405
vt 0.242022 0.987725
vt 0.244264 0.987625
vt 0.629814 0.987625
vt 0.629814 0.991226
vt 0.628479 0.988873
vt 0.131350 0.990642
vt 0.128650 0.988435
vt 0.131585 0.987625
vt 0.345457 0.141741
vt 0.346068 0.139487
vt 0.349326 0.139842
vt 0.347086 0.143606
vt 0.281634 0.990317
vt 0.284097 0.987625
vt 0.283877 0.990397
vt 0.349326 0.143218
vt 0.461472 0.987625
vt 0.463629 0.990642
vt 0.461472 0.990646
vt 0.224124 0.987867
vt 0.221633 0.990651
vt 0.221633 0.987625
vt 0.639085 0.987625
vt 0.640861 0.989902
vt 0.639085 0.990331
vt 0.982061 0.638896
vt 0.978133 0.631494
vt 0.980730 0.630344
vt 0.401604 0.975994
vt 0.405383 0.984137
vt 0.402530 0.984308
vt 0.583421 0.821552
vt 0.582901 0.827310
vt 0.580215 0.826914
vt 0.504067 0.280755
vt 0.496632 0.275952
vt 0.504568 0.278052
vt 0.524737 0.966645
vt 0.521409 0.972704
vt 0.521791 0.966522
vt 0.977951 0.649497
vt 0.979440 0.639330
vt 0.403376 0.964034
vt 0.404308 0.975962
vt 0.579168 0.834897
vt 0.581918 0.834859
vt 0.516025 0.279284
vt 0.516207 0.282026
vt 0.130880 0.954548
vt 0.127639 0.943795
vt 0.129473 0.944369
vt 0.980466 0.649804
vt 0.974223 0.657717
vt 0.400667 0.963802
vt 0.405383 0.953338
vt 0.583421 0.844470
vt 0.580759 0.845084
vt 0.525645 0.277124
vt 0.527506 0.279149
vt 0.129017 0.953765
vt 0.129593 0.963482
vt 0.127639 0.963175
vt 0.719042 0.273253
vt 0.721480 0.281593
vt 0.719042 0.281967
vt 0.557537 0.575654
vt 0.549809 0.567868
vt 0.551159 0.565502
vt 0.837166 0.359986
vt 0.834428 0.371536
vt 0.834428 0.359996
vt 0.531647 0.267418
vt 0.528928 0.267006
vt 0.483151 0.830988
vt 0.486042 0.824514
vt 0.485748 0.831887
vt 0.321677 0.768293
vt 0.320871 0.757733
vt 0.322861 0.756857
vt 0.559307 0.588837
vt 0.555146 0.576758
vt 0.834428 0.323381
vt 0.839305 0.311838
vt 0.837058 0.323997
vt 0.531252 0.253445
vt 0.528031 0.249998
vt 0.481421 0.813002
vt 0.482612 0.809113
vt 0.321253 0.779842
vt 0.323241 0.779292
vt 0.557701 0.600779
vt 0.556758 0.588994
vt 0.841702 0.299838
vt 0.836745 0.310891
vt 0.476881 0.803002
vt 0.326044 0.793405
vt 0.555235 0.600226
vt 0.553134 0.614203
vt 0.550622 0.613856
vt 0.844148 0.301068
vt 0.848137 0.287560
vt 0.850704 0.288496
vt 0.522645 0.231533
vt 0.528293 0.242466
vt 0.472628 0.789809
vt 0.324036 0.793768
vt 0.323950 0.814422
vt 0.321937 0.815016
vt 0.549405 0.634877
vt 0.854363 0.268526
vt 0.851724 0.267855
vt 0.520037 0.232322
vt 0.518227 0.211526
vt 0.466354 0.769434
vt 0.470302 0.790417
vt 0.319702 0.838408
vt 0.556034 0.661365
vt 0.551960 0.634391
vt 0.558560 0.660632
vt 0.856098 0.245172
vt 0.858775 0.245453
vt 0.517815 0.184669
vt 0.520554 0.184518
vt 0.464473 0.746790
vt 0.468856 0.769479
vt 0.326066 0.932978
vt 0.328724 0.952619
vt 0.326105 0.953458
vt 0.556772 0.689089
vt 0.559307 0.688550
vt 0.853734 0.213502
vt 0.851121 0.213857
vt 0.514311 0.152356
vt 0.511678 0.153139
vt 0.466851 0.715373
vt 0.461934 0.746355
vt 0.183704 0.766905
vt 0.185341 0.804739
vt 0.183707 0.805263
vt 0.554345 0.717485
vt 0.844635 0.176221
vt 0.842053 0.176709
vt 0.500994 0.117388
vt 0.498392 0.118270
vt 0.478373 0.679008
vt 0.469365 0.716068
vt 0.112818 0.808158
vt 0.110256 0.792074
vt 0.112809 0.791142
vt 0.550835 0.737767
vt 0.551812 0.718006
vt 0.838597 0.151867
vt 0.494299 0.093038
vt 0.481989 0.653392
vt 0.484509 0.654047
vt 0.623794 0.898373
vt 0.622067 0.876036
vt 0.623794 0.875043
vt 0.554657 0.758271
vt 0.552121 0.758923
vt 0.835956 0.152061
vt 0.837104 0.129164
vt 0.491618 0.093623
vt 0.490729 0.068617
vt 0.486042 0.630471
vt 0.976446 0.622568
vt 0.974223 0.624199
vt 0.077574 0.980251
vt 0.075227 0.970656
vt 0.077574 0.971267
vt 0.968878 0.790925
vt 0.970703 0.798837
vt 0.968291 0.799891
vt 0.487995 0.274620
vt 0.495522 0.278789
vt 0.524149 0.958551
vt 0.521409 0.958707
vt 0.748740 0.776646
vt 0.240018 0.419727
vt 0.681549 0.171058
vt 0.703312 0.307490
vt 0.626360 0.070301
vt 0.751936 0.516761
vt 0.887455 0.724316
vt 0.116586 0.547957
vt 0.701448 0.691282
vt 0.486042 0.288452
vt 0.860882 0.366850
vt 0.737523 0.871984
vt 0.693684 0.978378
vt 0.848377 0.504495
vt 0.724788 0.158482
vt 0.357544 0.939439
vt 0.902457 0.009739
vt 0.731662 0.760082
vt 0.944075 0.104390
vt 0.583367 0.426899
vt 0.142578 0.564192
vt 0.902457 0.098963
vt 0.709943 0.284853
vt 0.876489 0.455437
vt 0.982437 0.783910
vt 0.202348 0.992402
vt 0.202348 0.987625
vt 0.204063 0.989205
vt 0.246327 0.918315
vt 0.922892 0.724316
vt 0.103344 0.978203
vt 0.969869 0.397346
vt 0.942257 0.620498
vt 0.128139 0.843656
vt 0.947430 0.497658
vt 0.944717 0.497730
vt 0.954953 0.567326
vt 0.955554 0.551348
vt 0.823269 0.375096
vt 0.823266 0.371952
vt 0.263846 0.714975
vt 0.267071 0.722421
vt 0.263846 0.725973
vt 0.948474 0.623414
vt 0.611543 0.967716
vt 0.905479 0.296445
vt 0.903267 0.296848
vt 0.903267 0.289222
vt 0.489038 0.987625
vt 0.489038 0.991686
vt 0.487478 0.990393
vt 0.953530 0.568316
vt 0.692815 0.426875
vt 0.694996 0.420721
vt 0.265336 0.989722
vt 0.268055 0.987625
vt 0.268055 0.990366
vt 0.901375 0.365592
vt 0.978189 0.856879
vt 0.984079 0.854646
vt 0.984079 0.892492
vt 0.021896 0.949232
vt 0.028343 0.950483
vt 0.021896 0.980565
vt 0.742203 0.031959
vt 0.911965 0.444772
vt 0.948474 0.248405
vt 0.552300 0.948924
vt 0.295158 0.922472
vt 0.761430 0.000000
vt 0.765540 0.964787
vt 0.771581 0.950376
vt 0.697760 0.426477
vt 0.833667 0.968308
vt 0.975050 0.937951
vt 0.978184 0.449484
vt 0.986616 0.434192
vt 0.985160 0.438590
vt 0.985160 0.397346
vt 0.870150 0.916127
vt 0.961826 0.663285
vt 0.678618 0.987625
vt 0.725582 0.987625
vt 0.726007 0.989146
vt 0.725582 0.989595
vt 0.786364 0.650596
vt 0.789228 0.651839
vt 0.787711 0.651823
vt 0.684353 0.987625
vt 0.678618 0.990443
vt 0.693564 0.987625
vt 0.954257 0.653041
vt 0.957193 0.653038
vt 0.957193 0.662512
vt 0.168605 0.969010
vt 0.789228 0.644965
vt 0.138714 0.968846
vt 0.647293 0.281762
vt 0.644228 0.279000
vt 0.647293 0.273525
vt 0.116576 0.648442
vt 0.115045 0.648434
vt 0.116576 0.598576
vt 0.948461 0.297410
vt 0.152589 0.921975
vt 0.968399 0.182948
vt 0.714798 0.987625
vt 0.714798 0.989278
vt 0.713856 0.988030
vt 0.726476 0.987625
vt 0.726777 0.988525
vt 0.726476 0.989968
vt 0.442279 0.991848
vt 0.726777 0.987625
vt 0.727102 0.988726
vt 0.726777 0.989646
vt 0.729639 0.987625
vt 0.729639 0.990652
vt 0.729598 0.989358
vt 0.502110 0.068207
vt 0.554931 0.060659
vt 0.792033 0.651052
vt 0.506294 0.068088
vt 0.810335 0.947586
vt 0.819504 0.946891
vt 0.049120 0.981059
vt 0.351827 0.970206
vt 0.810335 0.978856
vt 0.547371 0.060659
vt 0.551084 0.062499
vt 0.547371 0.068567
vt 0.676082 0.970885
vt 0.510422 0.060912
vt 0.741955 0.908888
vt 0.215271 0.919697
vt 0.765355 0.853191
vt 0.743494 0.868997
vt 0.801346 0.262254
vt 0.782355 0.369493
vt 0.169134 0.959191
vt 0.139234 0.963432
vt 0.146923 0.980199
vt 0.961284 0.796405
vt 0.911373 0.743505
vt 0.168091 0.959323
vt 0.138178 0.963097
vt 0.934444 0.044756
vt 0.530290 0.891213
vt 0.647293 0.280840
vt 0.647293 0.273525
vt 0.650634 0.274259
vt 0.643803 0.973370
vt 0.645396 0.972997
vt 0.645396 0.982194
vt 0.266929 0.885468
vt 0.264395 0.886407
vt 0.263893 0.854051
vt 0.267084 0.854051
vt 0.267084 0.939171
vt 0.264382 0.887779
vt 0.206885 0.951402
vt 0.264538 0.818129
vt 0.160966 0.983525
vt 0.159432 0.984749
vt 0.056354 0.991134
vt 0.018469 0.992031
vt 0.396482 0.143532
vt 0.101985 0.987625
vt 0.103917 0.991836
vt 0.101985 0.992990
vt 0.147339 0.995111
vt 0.146252 0.996108
vt 0.146252 0.987625
vt 0.103917 0.989116
vt 0.104827 0.987625
vt 0.104827 0.998796
vt 0.420555 0.916254
vt 0.264382 0.913127
vt 0.421730 0.919429
vt 0.938167 0.289421
vt 0.497614 0.063283
vt 0.502110 0.060912
vt 0.502110 0.067872
vt 0.320513 0.976558
vt 0.944480 0.055349
vt 0.756306 0.390512
vt 0.323514 0.954065
vt 0.323514 0.981067
vt 0.667738 0.538750
vt 0.389000 0.565868
vt 0.712903 0.537769
vt 0.946209 0.136766
vt 0.949671 0.139459
vt 0.698547 0.281304
vt 0.195542 0.987625
vt 0.197811 0.988765
vt 0.195542 0.991265
vt 0.226987 0.990255
vt 0.575785 0.990153
vt 0.573625 0.988845
vt 0.575785 0.987625
vt 0.660873 0.987625
vt 0.660873 0.990106
vt 0.659107 0.988872
vt 0.504118 0.990397
vt 0.278784 0.987625
vt 0.238968 0.990617
vt 0.559851 0.990970
vt 0.558153 0.988768
vt 0.559851 0.987625
vt 0.131585 0.990830
vt 0.448367 0.991334
vt 0.446603 0.988875
vt 0.448367 0.987625
vt 0.577945 0.990153
vt 0.575785 0.988845
vt 0.577945 0.987625
vt 0.501857 0.990397
vt 0.241616 0.990617
vt 0.193096 0.988305
vt 0.195542 0.991001
vt 0.128650 0.990830
vt 0.657079 0.989787
vt 0.657079 0.987625
vt 0.659107 0.989056
vt 0.281441 0.987625
vt 0.561548 0.990969
vt 0.559851 0.988768
vt 0.561548 0.987625
vt 0.611860 0.987625
vt 0.613716 0.989090
vt 0.611860 0.990399
vt 0.224310 0.990255
vt 0.450131 0.991334
vt 0.448367 0.988875
vt 0.450131 0.987625
vt 0.971018 0.805239
vt 0.524128 0.973067
vt 0.976048 0.659377
vt 0.403161 0.951761
vt 0.721637 0.273964
vt 0.837152 0.371748
vt 0.483453 0.824115
vt 0.319702 0.768970
vt 0.515489 0.211674
vt 0.321669 0.838054
vt 0.328724 0.932610
vt 0.185341 0.766530
vt 0.475875 0.678244
vt 0.110256 0.808852
vt 0.553372 0.737147
vt 0.622067 0.898831
vt 0.834428 0.128846
vt 0.487995 0.068831
vt 0.483503 0.630111
vt 0.075153 0.979419
vt 0.971018 0.790422
vt 0.489395 0.272272
vt 0.374444 0.522422
vt 0.377871 0.504811
vt 0.379491 0.504283
vt 0.579359 0.264299
vt 0.620070 0.246009
vt 0.618307 0.264050
vt 0.826551 0.078015
vt 0.838201 0.061125
vt 0.837525 0.077151
vt 0.366321 0.538703
vt 0.372785 0.522533
vt 0.574265 0.281766
vt 0.613317 0.280825
vt 0.829223 0.094771
vt 0.839828 0.092476
vt 0.355677 0.552017
vt 0.364704 0.538384
vt 0.269803 0.581180
vt 0.328785 0.568489
vt 0.326049 0.582854
vt 0.834981 0.109562
vt 0.343235 0.561457
vt 0.354179 0.551285
vt 0.267987 0.598543
vt 0.324329 0.599629
vt 0.843430 0.121382
vt 0.844952 0.106056
vt 0.852550 0.116967
vt 0.329846 0.566379
vt 0.341928 0.560354
vt 0.267346 0.617253
vt 0.323742 0.617670
vt 0.185145 0.739311
vt 0.174453 0.752475
vt 0.175028 0.738128
vt 0.433240 0.565702
vt 0.446025 0.568099
vt 0.446097 0.569662
vt 0.267922 0.636036
vt 0.324329 0.635748
vt 0.185341 0.721978
vt 0.175224 0.722373
vt 0.421224 0.557109
vt 0.433443 0.564013
vt 0.269677 0.653612
vt 0.326049 0.652630
vt 0.185109 0.704331
vt 0.175029 0.706283
vt 0.410867 0.544470
vt 0.421721 0.555406
vt 0.272491 0.668783
vt 0.328785 0.667166
vt 0.184463 0.687575
vt 0.174458 0.690954
vt 0.402874 0.528644
vt 0.411658 0.542863
vt 0.523020 0.043524
vt 0.486337 0.052683
vt 0.483090 0.035887
vt 0.183448 0.672850
vt 0.173547 0.677431
vt 0.397791 0.510712
vt 0.403939 0.527240
vt 0.522928 0.024885
vt 0.913282 0.273781
vt 0.896587 0.286160
vt 0.903855 0.272185
vt 0.395965 0.491894
vt 0.399091 0.509602
vt 0.526210 0.006266
vt 0.483090 0.017917
vt 0.486337 0.000000
vt 0.917227 0.256636
vt 0.907617 0.256610
vt 0.397518 0.473474
vt 0.397444 0.491150
vt 0.530290 0.837144
vt 0.577165 0.828296
vt 0.571894 0.846371
vt 0.917037 0.238956
vt 0.907617 0.240498
vt 0.402346 0.456706
vt 0.399109 0.473143
vt 0.535283 0.819700
vt 0.579027 0.809559
vt 0.912725 0.221946
vt 0.903855 0.224948
vt 0.410120 0.442733
vt 0.403975 0.456806
vt 0.577354 0.791435
vt 0.536986 0.801651
vt 0.535283 0.784227
vt 0.904585 0.206766
vt 0.896587 0.211017
vt 0.420309 0.432508
vt 0.411709 0.443254
vt 0.572258 0.775162
vt 0.530290 0.768614
vt 0.447508 0.753860
vt 0.434400 0.764186
vt 0.436822 0.751516
vt 0.432220 0.426727
vt 0.421783 0.433410
vt 0.194372 0.441000
vt 0.253004 0.429657
vt 0.251809 0.443213
vt 0.449132 0.737521
vt 0.445040 0.425785
vt 0.433512 0.427945
vt 0.193484 0.457803
vt 0.438346 0.736702
vt 0.449653 0.719989
vt 0.342211 0.423882
vt 0.328901 0.425183
vt 0.328785 0.423951
vt 0.193018 0.476278
vt 0.250964 0.459456
vt 0.250526 0.477279
vt 0.449035 0.702460
vt 0.438867 0.720753
vt 0.438351 0.704755
vt 0.354758 0.428671
vt 0.342040 0.425325
vt 0.193006 0.495167
vt 0.250526 0.495468
vt 0.447320 0.686127
vt 0.436832 0.689801
vt 0.365571 0.437991
vt 0.354280 0.430221
vt 0.193448 0.513184
vt 0.250964 0.512783
vt 0.444626 0.672105
vt 0.434414 0.676907
vt 0.373914 0.451208
vt 0.364786 0.439536
vt 0.194314 0.529099
vt 0.847035 0.014540
vt 0.866889 0.011032
vt 0.856660 0.019561
vt 0.379217 0.467420
vt 0.372843 0.452637
vt 0.195547 0.541830
vt 0.251809 0.528044
vt 0.253004 0.540211
vt 0.837747 0.027579
vt 0.848107 0.031314
vt 0.381119 0.485523
vt 0.377901 0.468630
vt 0.579359 0.226801
vt 0.613662 0.211050
vt 0.618486 0.227931
vt 0.830962 0.043234
vt 0.841811 0.045491
vt 0.379616 0.486426
vt 0.581097 0.245552
vt 0.827143 0.060437
vt 0.443314 0.786390
vt 0.449133 0.802628
vt 0.443314 0.804545
vt 0.602431 0.196135
vt 0.603138 0.178764
vt 0.611405 0.183371
vt 0.707114 0.424430
vt 0.711240 0.443783
vt 0.702030 0.441481
vt 0.618064 0.113252
vt 0.603138 0.100751
vt 0.611848 0.096973
vt 0.442860 0.767894
vt 0.449144 0.786263
vt 0.715135 0.409841
vt 0.715748 0.428341
vt 0.621232 0.131268
vt 0.608824 0.115387
vt 0.724893 0.521667
vt 0.743148 0.522396
vt 0.736910 0.528931
vt 0.621137 0.149793
vt 0.611768 0.131622
vt 0.608824 0.164428
vt 0.617785 0.167564
vt 0.591476 0.204989
vt 0.595097 0.190380
vt 0.714602 0.510237
vt 0.732264 0.515954
vt 0.706737 0.495421
vt 0.722919 0.505735
vt 0.611767 0.148349
vt 0.737637 0.391786
vt 0.732264 0.404939
vt 0.725546 0.398707
vt 0.701835 0.478228
vt 0.715748 0.492435
vt 0.592148 0.073868
vt 0.574265 0.075466
vt 0.580006 0.068617
vt 0.579285 0.209326
vt 0.585249 0.198483
vt 0.700229 0.459831
vt 0.711240 0.476961
vt 0.603009 0.083540
vt 0.585249 0.080086
vt 0.722919 0.415092
vt 0.448711 0.817539
vt 0.442860 0.821124
vt 0.709702 0.460367
vt 0.595097 0.088710
vt 0.132142 0.690208
vt 0.144725 0.706623
vt 0.132737 0.706123
vt 0.357424 0.854482
vt 0.352790 0.838781
vt 0.363845 0.840460
vt 0.131195 0.676171
vt 0.144160 0.691529
vt 0.864804 0.284106
vt 0.882372 0.295047
vt 0.871969 0.297410
vt 0.860304 0.268629
vt 0.875578 0.282428
vt 0.858775 0.252034
vt 0.871312 0.267748
vt 0.860320 0.235451
vt 0.869862 0.252008
vt 0.864836 0.220011
vt 0.871330 0.236280
vt 0.872013 0.206766
vt 0.875614 0.221637
vt 0.397544 0.737416
vt 0.407216 0.751081
vt 0.395964 0.752805
vt 0.398083 0.720851
vt 0.408714 0.736484
vt 0.397544 0.704240
vt 0.409224 0.720773
vt 0.395964 0.688714
vt 0.408713 0.705018
vt 0.361463 0.776573
vt 0.343514 0.766384
vt 0.354056 0.764132
vt 0.366384 0.791484
vt 0.350538 0.778186
vt 0.368483 0.807850
vt 0.355203 0.792329
vt 0.367616 0.824555
vt 0.357192 0.807852
vt 0.348793 0.865666
vt 0.346699 0.852079
vt 0.338538 0.873248
vt 0.338511 0.862684
vt 0.132142 0.754101
vt 0.143263 0.763920
vt 0.131195 0.766530
vt 0.132737 0.739196
vt 0.144161 0.752130
vt 0.132940 0.722832
vt 0.144725 0.737993
vt 0.356369 0.823696
vt 0.144917 0.722471
vt 0.272606 0.453888
vt 0.273930 0.471353
vt 0.270700 0.454064
vt 0.038326 0.289283
vt 0.054214 0.286611
vt 0.038837 0.291385
vt 0.054201 0.422862
vt 0.039742 0.416528
vt 0.055185 0.420906
vt 0.266266 0.437569
vt 0.264459 0.438285
vt 0.024092 0.298447
vt 0.025086 0.300402
vt 0.070636 0.422797
vt 0.071138 0.420701
vt 0.000000 0.363007
vt 0.002024 0.345594
vt 0.002152 0.363275
vt 0.257247 0.423882
vt 0.255633 0.425093
vt 0.012471 0.311373
vt 0.013896 0.313049
vt 0.086511 0.418019
vt 0.086514 0.415927
vt 0.272303 0.507084
vt 0.264459 0.520470
vt 0.270700 0.505727
vt 0.086511 0.289092
vt 0.099489 0.299447
vt 0.085610 0.290784
vt 0.265785 0.522191
vt 0.255633 0.532198
vt 0.012471 0.396326
vt 0.006404 0.380299
vt 0.014491 0.395508
vt 0.004254 0.327180
vt 0.006030 0.328463
vt 0.100744 0.408855
vt 0.100266 0.406909
vt 0.004254 0.380584
vt 0.275731 0.489871
vt 0.273930 0.488974
vt 0.070636 0.284441
vt 0.070167 0.286406
vt 0.024092 0.409160
vt 0.025862 0.407865
vt -0.000000 0.344792
vt 0.275834 0.471727
vt 0.054201 0.284506
vt 0.038326 0.418211
vt 0.407214 0.690293
vt 0.404829 0.677601
vt 0.404833 0.763569
vt 0.860213 0.064193
vt 0.863758 0.048791
vt 0.896587 0.221151
vt 0.172359 0.666637
vt 0.143262 0.678217
vt 0.142091 0.667594
vt 0.334732 0.823166
vt 0.335559 0.807080
vt 0.892246 0.236023
vt 0.892246 0.267971
vt 0.890765 0.251993
vt 0.861833 0.095068
vt 0.866889 0.108438
vt 0.333530 0.791324
vt 0.328785 0.776970
vt 0.859556 0.079977
vt 0.916799 0.982214
vt 0.915221 0.966394
vt 0.916799 0.966003
vt 0.653347 0.954627
vt 0.654897 0.974050
vt 0.653278 0.975730
vt 0.099516 0.977108
vt 0.094843 0.953792
vt 0.096100 0.951927
vt 0.866765 0.977739
vt 0.862071 0.977671
vt 0.863568 0.976025
vt 0.862002 0.952279
vt 0.700028 0.384765
vt 0.676871 0.419935
vt 0.676825 0.384470
vt 0.051656 0.837911
vt 0.048489 0.854894
vt 0.048489 0.837058
vt 0.908430 0.485155
vt 0.911590 0.460562
vt 0.911590 0.487001
vt 0.658048 0.954406
vt 0.658048 0.976026
vt 0.866765 0.951872
vt 0.777100 0.955964
vt 0.787016 0.911664
vt 0.787375 0.955295
vt 0.432395 0.861138
vt 0.437493 0.907864
vt 0.427810 0.907919
vt 0.436947 0.861043
vt 0.441737 0.858128
vt 0.051534 0.829988
vt 0.048489 0.780051
vt 0.051935 0.783039
vt 0.055643 0.830242
vt 0.055588 0.783258
vt 0.830880 0.887757
vt 0.839334 0.841202
vt 0.836169 0.888219
vt 0.844418 0.838935
vt 0.844319 0.888820
vt 0.253459 0.896389
vt 0.257216 0.850143
vt 0.256375 0.897225
vt 0.054955 0.660179
vt 0.050630 0.614054
vt 0.053470 0.614076
vt 0.032833 0.862084
vt 0.035878 0.903378
vt 0.033450 0.903439
vt 0.549268 0.657304
vt 0.547162 0.610478
vt 0.549268 0.610299
vt 0.866702 0.744448
vt 0.860968 0.738238
vt 0.865840 0.736959
vt 0.860319 0.727962
vt 0.865735 0.729100
vt 0.866172 0.725977
vt 0.866702 0.724316
vt 0.033528 0.910549
vt 0.044452 0.909316
vt 0.045500 0.902296
vt 0.051836 0.908472
vt 0.716150 0.540630
vt 0.720536 0.528931
vt 0.720536 0.539595
vt 0.054050 0.837058
vt 0.053909 0.667767
vt 0.052027 0.661017
vt 0.254161 0.903905
vt 0.257216 0.903967
vt 0.831279 0.894539
vt 0.837670 0.895096
vt 0.844418 0.895688
vt 0.789301 0.912448
vt 0.790850 0.908689
vt 0.791876 0.908994
vt 0.681056 0.990650
vt 0.681833 0.987625
vt 0.682253 0.990650
vt 0.217380 0.988921
vt 0.215732 0.991214
vt 0.215732 0.987625
vt 0.435871 0.858252
vt 0.430145 0.858290
vt 0.076153 0.991915
vt 0.076644 0.987625
vt 0.079252 0.991915
vt 0.319702 0.844673
vt 0.321804 0.841760
vt 0.321508 0.846603
vt 0.248531 0.424907
vt 0.245475 0.422206
vt 0.247361 0.420781
vt 0.249199 0.420859
vt 0.250769 0.422430
vt 0.838550 0.838496
vt 0.834800 0.840831
vt 0.832843 0.837997
vt 0.781674 0.911851
vt 0.777100 0.909658
vt 0.783017 0.908774
vt 0.788763 0.908481
vt 0.773909 0.628758
vt 0.776531 0.651772
vt 0.769673 0.651772
vt 0.976175 0.236617
vt 0.982282 0.199738
vt 0.982282 0.238261
vt 0.034919 0.981150
vt 0.040685 0.950383
vt 0.041415 0.981150
vt 0.962468 0.892746
vt 0.962014 0.855043
vt 0.968682 0.854646
vt 0.956987 0.854646
vt 0.987423 0.199738
vt 0.987423 0.237367
vt 0.982282 0.199944
vt 0.742043 0.032014
vt 0.710219 0.028277
vt 0.742203 0.028057
vt 0.911965 0.366850
vt 0.943803 0.372329
vt 0.911966 0.372456
vt 0.912859 0.139459
vt 0.944074 0.134319
vt 0.943649 0.139459
vt 0.917293 0.861090
vt 0.921275 0.892996
vt 0.917293 0.893039
vt 0.913080 0.134141
vt 0.933256 0.098127
vt 0.921315 0.861128
vt 0.944889 0.880084
vt 0.924693 0.408817
vt 0.722971 0.000091
vt 0.475500 0.952174
vt 0.479183 0.947024
vt 0.478847 0.952104
vt 0.758889 0.645417
vt 0.759793 0.651878
vt 0.755229 0.646866
vt 0.753759 0.640463
vt 0.755439 0.633814
vt 0.757655 0.640298
vt 0.762259 0.631591
vt 0.759828 0.628946
vt 0.683393 0.426776
vt 0.686350 0.421079
vt 0.686411 0.426337
vt 0.269738 0.948294
vt 0.270560 0.953874
vt 0.267346 0.951241
vt 0.272416 0.958440
vt 0.273901 0.951771
vt 0.276416 0.957760
vt 0.272416 0.963716
vt 0.273899 0.970389
vt 0.276492 0.964344
vt 0.269727 0.973928
vt 0.270560 0.968288
vt 0.479183 0.957215
vt 0.475875 0.958582
vt 0.984353 0.790590
vt 0.985757 0.745340
vt 0.985757 0.790876
vt 0.965865 0.188446
vt 0.956931 0.140900
vt 0.960297 0.139459
vt 0.955555 0.497954
vt 0.965180 0.547429
vt 0.955555 0.547257
vt 0.966503 0.815902
vt 0.961104 0.854046
vt 0.956987 0.811313
vt 0.889584 0.935128
vt 0.880216 0.977713
vt 0.880216 0.935608
vt 0.967489 0.811313
vt 0.250224 0.993133
vt 0.250224 0.987625
vt 0.251655 0.992837
vt 0.699949 0.989835
vt 0.699949 0.987625
vt 0.700232 0.988866
vt 0.625306 0.988676
vt 0.624093 0.990676
vt 0.624528 0.988823
vt 0.709192 0.987625
vt 0.709548 0.990065
vt 0.709192 0.991457
vt 0.176098 0.978533
vt 0.174718 0.978153
vt 0.172965 0.977444
vt 0.694444 0.767181
vt 0.696084 0.766591
vt 0.696975 0.766402
vt 0.258778 0.534635
vt 0.262878 0.540568
vt 0.258778 0.540841
vt 0.699350 0.775845
vt 0.699400 0.767075
vt 0.695181 0.775845
vt 0.654071 0.274818
vt 0.657153 0.280840
vt 0.654071 0.280741
vt 0.176098 0.969462
vt 0.173496 0.969010
vt 0.093025 0.968965
vt 0.089832 0.978353
vt 0.089832 0.969282
vt 0.968968 0.296296
vt 0.977085 0.249785
vt 0.977085 0.298884
vt 0.978188 0.854647
vt 0.972821 0.892308
vt 0.968682 0.854647
vt 0.528840 0.937503
vt 0.530290 0.893530
vt 0.530290 0.942599
vt 0.960402 0.392357
vt 0.953969 0.350580
vt 0.958278 0.349978
vt 0.961052 0.448897
vt 0.970345 0.495276
vt 0.961052 0.494974
vt 0.951013 0.397346
vt 0.961512 0.397346
vt 0.424527 0.987625
vt 0.424527 0.992778
vt 0.423216 0.992287
vt 0.729200 0.987625
vt 0.729263 0.988982
vt 0.729200 0.990966
vt 0.908430 0.487319
vt 0.910141 0.487001
vt 0.911962 0.487676
vt 0.724801 0.987625
vt 0.724782 0.988659
vt 0.723865 0.987625
vt 0.922885 0.055685
vt 0.921241 0.056148
vt 0.919854 0.056378
vt 0.231234 0.990861
vt 0.229664 0.988693
vt 0.229796 0.987625
vt 0.690126 0.989257
vt 0.690993 0.989067
vt 0.691261 0.990330
vt 0.229664 0.992767
vt 0.230179 0.991856
vt 0.726476 0.988219
vt 0.726007 0.989248
vt 0.726007 0.987625
vt 0.946256 0.288208
vt 0.948267 0.296721
vt 0.946256 0.297190
vt 0.908535 0.496065
vt 0.911962 0.496498
vt 0.563382 0.060659
vt 0.563382 0.067639
vt 0.559519 0.066611
vt 0.919854 0.047290
vt 0.924052 0.047022
vt 0.554116 0.276010
vt 0.557657 0.281441
vt 0.554116 0.281600
vt 0.792238 0.949736
vt 0.801230 0.981999
vt 0.792241 0.979837
vt 0.602095 0.975327
vt 0.592898 0.951477
vt 0.601981 0.947931
vt 0.592773 0.979298
vt 0.601957 0.979201
vt 0.655683 0.991820
vt 0.654570 0.989324
vt 0.655683 0.987625
vt 0.573279 0.955950
vt 0.570198 0.951688
vt 0.574795 0.953149
vt 0.570214 0.977143
vt 0.574809 0.975691
vt 0.573042 0.977311
vt 0.573261 0.972831
vt 0.568761 0.975353
vt 0.673592 0.970885
vt 0.671102 0.980208
vt 0.671186 0.971046
vt 0.592773 0.947380
vt 0.271177 0.564638
vt 0.267096 0.558535
vt 0.269908 0.558183
vt 0.335839 0.979640
vt 0.333034 0.970442
vt 0.335163 0.970501
vt 0.515765 0.068095
vt 0.518594 0.061684
vt 0.518594 0.068185
vt 0.801230 0.948523
vt 0.792575 0.946891
vt 0.792590 0.981997
vt 0.568761 0.953515
vt 0.918860 0.799104
vt 0.925643 0.809811
vt 0.918860 0.817034
vt 0.852936 0.724316
vt 0.860319 0.732517
vt 0.852936 0.741764
vt 0.338860 0.937794
vt 0.337627 0.927597
vt 0.347105 0.926401
vt 0.347105 0.953918
vt 0.340959 0.956003
vt 0.339696 0.944592
vt 0.735303 0.950662
vt 0.735303 0.979722
vt 0.728774 0.953204
vt 0.865304 0.876200
vt 0.875592 0.875653
vt 0.875745 0.883452
vt 0.946988 0.701828
vt 0.923462 0.679716
vt 0.946988 0.666176
vt 0.671102 0.891756
vt 0.670417 0.904665
vt 0.660114 0.904611
vt 0.267266 0.787855
vt 0.263848 0.757866
vt 0.267266 0.756857
vt 0.877059 0.862643
vt 0.876775 0.867144
vt 0.866075 0.867143
vt 0.301577 0.964621
vt 0.305267 0.972311
vt 0.301577 0.977907
vt 0.581987 0.906549
vt 0.578493 0.915673
vt 0.578493 0.904029
vt 0.332570 0.946594
vt 0.328785 0.943055
vt 0.331406 0.937593
vt 0.319434 0.954164
vt 0.310293 0.966190
vt 0.310293 0.954065
vt 0.961689 0.790422
vt 0.968291 0.808544
vt 0.961689 0.806470
vt 0.117131 0.975541
vt 0.123466 0.965635
vt 0.123466 0.980020
vt 0.938091 0.979925
vt 0.931713 0.970050
vt 0.938091 0.965553
vt 0.822451 0.628758
vt 0.822451 0.646129
vt 0.815704 0.639396
vt 0.877564 0.311188
vt 0.863778 0.312958
vt 0.869054 0.305433
vt 0.888083 0.325848
vt 0.883131 0.315177
vt 0.892284 0.322113
vt 0.861375 0.319940
vt 0.858651 0.876200
vt 0.847302 0.883288
vt 0.848112 0.875654
vt 0.871587 0.353922
vt 0.896732 0.356213
vt 0.845946 0.875838
vt 0.844532 0.883569
vt 0.643136 0.890667
vt 0.653327 0.904302
vt 0.642992 0.903512
vt 0.848465 0.862643
vt 0.858883 0.867143
vt 0.848183 0.867144
vt 0.875449 0.297409
vt 0.879937 0.305816
vt 0.873159 0.299902
vt 0.896732 0.312481
vt 0.887344 0.311061
vt 0.885996 0.306044
vt 0.831617 0.645592
vt 0.822451 0.631863
vt 0.831587 0.632834
vt 0.799023 0.371955
vt 0.790170 0.388068
vt 0.790170 0.371952
vt 0.123466 0.965635
vt 0.129818 0.975527
vt 0.123466 0.979980
vt 0.931640 0.970075
vt 0.925279 0.979965
vt 0.925280 0.965553
vt 0.444351 0.918543
vt 0.422814 0.920334
vt 0.444879 0.916254
vt 0.982338 0.565391
vt 0.980592 0.538857
vt 0.982405 0.539002
vt 0.670809 0.881258
vt 0.641012 0.851228
vt 0.671102 0.852512
vt 0.659982 0.913775
vt 0.028343 0.949232
vt -0.000000 0.914755
vt 0.028343 0.917146
vt 0.643629 0.880114
vt 0.448726 0.455922
vt 0.449111 0.465266
vt 0.446612 0.465025
vt 0.904765 0.724316
vt 0.904765 0.742375
vt 0.897735 0.732763
vt 0.424325 0.922398
vt 0.421730 0.922985
vt 0.868615 0.354514
vt 0.983702 0.237367
vt 0.983702 0.248073
vt 0.982282 0.238625
vt 0.328764 0.907375
vt 0.326407 0.906298
vt 0.328002 0.904443
vt 0.129051 0.943795
vt 0.127775 0.930330
vt 0.130675 0.930292
vt 0.424756 0.922024
vt 0.130880 0.943136
vt 0.858775 0.321462
vt 0.446097 0.477942
vt 0.447708 0.478675
vt 0.130880 0.919730
vt 0.128098 0.921005
vt 0.423604 0.952025
vt 0.423772 0.949623
vt 0.424348 0.949961
vt 0.877251 0.875838
vt 0.980488 0.538060
vt 0.981768 0.536322
vt 0.849192 0.916127
vt 0.851869 0.915478
vt 0.814904 0.637359
vt 0.410278 0.139148
vt 0.407630 0.143111
vt 0.407443 0.138499
vt 0.003444 0.991475
vt 0.006713 0.988403
vt 0.006842 0.991815
vt 0.093753 0.992258
vt 0.091516 0.987869
vt 0.093753 0.987625
vt 0.015332 0.987625
vt 0.018469 0.992133
vt 0.015332 0.991176
vt 0.099903 0.989295
vt 0.099004 0.999527
vt 0.099004 0.987625
vt 0.897860 0.730912
vt 0.421730 0.950836
vt 0.424092 0.923010
vt 0.327913 0.932610
vt 0.326580 0.906933
vt 0.444015 0.946467
vt 0.984325 0.675639
vt 0.982575 0.679024
vt 0.982575 0.663285
vt 0.984194 0.803375
vt 0.982437 0.800102
vt 0.984194 0.787675
vt 0.131998 0.977826
vt 0.131998 0.968847
vt 0.135392 0.975017
vt 0.783206 0.518459
vt 0.776352 0.520712
vt 0.777946 0.516761
vt 0.949890 0.662468
vt 0.945978 0.653038
vt 0.949890 0.654364
vt 0.946509 0.865941
vt 0.955397 0.867189
vt 0.947120 0.870952
vt 0.650194 0.528931
vt 0.658834 0.531922
vt 0.650588 0.533319
vt 0.776301 0.537003
vt 0.783206 0.539476
vt 0.180344 0.978236
vt 0.180993 0.960298
vt 0.182464 0.962716
vt 0.954109 0.888390
vt 0.945188 0.886497
vt 0.658834 0.539809
vt 0.538936 0.060531
vt 0.533147 0.068200
vt 0.533147 0.060144
vt 0.914720 0.182515
vt 0.918654 0.181200
vt 0.912859 0.185560
vt 0.944889 0.861687
vt 0.953581 0.861090
vt 0.689089 0.281846
vt 0.681518 0.273187
vt 0.689089 0.273954
vt 0.912859 0.199540
vt 0.927999 0.189655
vt 0.925042 0.204656
vt 0.922861 0.182507
vt 0.920839 0.206039
vt 0.641534 0.917636
vt 0.641695 0.913006
vt 0.652735 0.913470
vt 0.671022 0.914240
vt 0.670863 0.918870
vt 0.186292 0.970391
vt 0.188056 0.967037
vt 0.188056 0.983868
vt 0.982204 0.182884
vt 0.983970 0.186127
vt 0.982204 0.199677
vt 0.122781 0.988435
vt 0.125480 0.990641
vt 0.122781 0.990830
vt 0.446603 0.987625
vt 0.444458 0.990651
vt 0.444442 0.987625
vt 0.244670 0.987724
vt 0.246912 0.990405
vt 0.244264 0.990617
vt 0.556111 0.987756
vt 0.554068 0.990405
vt 0.554068 0.987625
vt 0.497121 0.987625
vt 0.499382 0.990368
vt 0.497335 0.990397
vt 0.289410 0.987625
vt 0.286947 0.990317
vt 0.286753 0.987625
vt 0.573625 0.990153
vt 0.571464 0.988846
vt 0.573625 0.987625
vt 0.662900 0.989787
vt 0.662900 0.987625
vt 0.664927 0.989056
vt 0.200080 0.991265
vt 0.200080 0.987625
vt 0.202348 0.988765
vt 0.226987 0.990650
vt 0.229477 0.987867
vt 0.229664 0.990255
vt 0.063508 0.988448
vt 0.065228 0.991468
vt 0.063274 0.991468
vt 0.070088 0.990644
vt 0.067182 0.991468
vt 0.070322 0.987625
vt 0.066798 0.989546
vt 0.068368 0.987625
vt 0.066798 0.989547
vt 0.066414 0.987625
vt 0.571464 0.990153
vt 0.569304 0.988846
vt 0.571464 0.987625
vt 0.063274 0.989547
vt 0.061704 0.991468
vt 0.062890 0.987625
vt 0.059984 0.988449
vt 0.059750 0.991468
vt 0.247318 0.987724
vt 0.249560 0.990405
vt 0.246912 0.990617
vt 0.499382 0.987625
vt 0.501643 0.990368
vt 0.499597 0.990397
vt 0.125716 0.988435
vt 0.128415 0.990641
vt 0.125716 0.990830
vt 0.197811 0.991265
vt 0.197811 0.987625
vt 0.200080 0.988765
vt 0.073612 0.990644
vt 0.070706 0.991468
vt 0.071892 0.987625
vt 0.558153 0.987756
vt 0.556111 0.990405
vt 0.556111 0.987625
vt 0.070322 0.989546
vt 0.286753 0.987625
vt 0.284291 0.990316
vt 0.284097 0.987625
vt 0.073846 0.987625
vt 0.442296 0.990651
vt 0.442280 0.987625
vt 0.218956 0.990651
vt 0.221447 0.987867
vt 0.221633 0.990255
vt 0.591063 0.413749
vt 0.581082 0.415621
vt 0.589366 0.411241
vt 0.241434 0.962737
vt 0.238250 0.968291
vt 0.238722 0.961847
vt 0.008079 0.978688
vt 0.011809 0.970863
vt 0.011132 0.978747
vt 0.977084 0.291159
vt 0.979170 0.299238
vt 0.977084 0.298155
vt 0.840111 0.904885
vt 0.843560 0.912175
vt 0.840728 0.912134
vt 0.582124 0.418303
vt 0.569690 0.418949
vt 0.263902 0.647260
vt 0.260216 0.640682
vt 0.263037 0.640262
vt 0.008818 0.959977
vt 0.011578 0.959394
vt 0.582666 0.976124
vt 0.581743 0.964823
vt 0.583408 0.965827
vt 0.215271 0.963126
vt 0.212136 0.973807
vt 0.212537 0.963491
vt 0.569952 0.421815
vt 0.559859 0.418198
vt 0.260216 0.654770
vt 0.261026 0.647299
vt 0.005989 0.951157
vt 0.008025 0.949232
vt 0.581718 0.954368
vt 0.583408 0.953732
vt 0.214879 0.951547
vt 0.212136 0.951402
vt 0.552661 0.409067
vt 0.558238 0.420566
vt 0.953902 0.189691
vt 0.956732 0.199211
vt 0.953902 0.199579
vt 0.632260 0.766322
vt 0.640947 0.761641
vt 0.634027 0.768271
vt 0.889691 0.505996
vt 0.899872 0.499003
vt 0.891757 0.506562
vt 0.452889 0.813282
vt 0.458915 0.820623
vt 0.456471 0.822141
vt 0.551011 0.395030
vt 0.555404 0.408269
vt 0.188036 0.807574
vt 0.188630 0.795772
vt 0.191358 0.795818
vt 0.628393 0.779470
vt 0.626213 0.778294
vt 0.883639 0.518390
vt 0.885880 0.518619
vt 0.452369 0.799723
vt 0.455487 0.812133
vt 0.551991 0.384335
vt 0.553876 0.395039
vt 0.191404 0.785196
vt 0.188664 0.785380
vt 0.623794 0.789557
vt 0.626137 0.789995
vt 0.883621 0.529914
vt 0.881333 0.529914
vt 0.449867 0.788675
vt 0.449653 0.800279
vt 0.557013 0.369229
vt 0.554802 0.384943
vt 0.190450 0.768809
vt 0.623968 0.808053
vt 0.626300 0.806339
vt 0.884057 0.548406
vt 0.881845 0.549091
vt 0.451446 0.769470
vt 0.452597 0.788726
vt 0.593224 0.304883
vt 0.560839 0.367637
vt 0.638536 0.868187
vt 0.595776 0.305953
vt 0.638722 0.883099
vt 0.897521 0.622867
vt 0.189405 0.706261
vt 0.186393 0.691889
vt 0.189040 0.688411
vt 0.595594 0.292022
vt 0.598456 0.292121
vt 0.185882 0.676991
vt 0.188616 0.676610
vt 0.640947 0.885862
vt 0.637060 0.896769
vt 0.899872 0.623236
vt 0.896204 0.636478
vt 0.457331 0.694782
vt 0.455443 0.681067
vt 0.458179 0.680986
vt 0.596733 0.282026
vt 0.594012 0.282758
vt 0.188060 0.666637
vt 0.634471 0.907622
vt 0.639324 0.897615
vt 0.893986 0.646373
vt 0.898404 0.636928
vt 0.458915 0.672105
vt 0.456161 0.672397
vt 0.598456 0.407011
vt 0.596387 0.405014
vt 0.240762 0.954139
vt 0.238250 0.953830
vt 0.008702 0.985861
vt 0.979063 0.285824
vt 0.979382 0.292898
vt 0.843560 0.896080
vt 0.840710 0.895688
vt 0.272670 0.566349
vt 0.328785 0.564976
vt 0.184533 0.755151
vt 0.526479 0.060912
vt 0.905470 0.289222
vt 0.444891 0.767894
vt 0.195622 0.427017
vt 0.446097 0.427231
vt 0.858192 0.005003
vt 0.574265 0.209326
vt 0.448746 0.769557
vt 0.743148 0.398575
vt 0.574265 0.202521
vt 0.882424 0.209075
vt 0.328785 0.869874
vt 0.100744 0.298143
vt 0.256620 0.534163
vt 0.896587 0.282870
vt 0.173541 0.764436
vt 0.176383 0.987625
vt 0.178160 0.989137
vt 0.176383 0.992404
vt 0.263620 0.992040
vt 0.263620 0.987625
vt 0.265336 0.989245
vt 0.237279 0.987625
vt 0.238968 0.989110
vt 0.237279 0.992317
vt 0.700028 0.420211
vt 0.912105 0.982198
vt 0.094843 0.978189
vt 0.444469 0.907919
vt 0.254476 0.850186
vt 0.547759 0.571030
vt 0.549405 0.566399
vt 0.547162 0.610299
vt 0.031849 0.856625
vt 0.031849 0.910734
vt 0.036654 0.910199
vt 0.715224 0.532568
vt 0.048489 0.836856
vt 0.050630 0.667876
vt 0.724525 0.280762
vt 0.721636 0.280762
vt 0.723145 0.273253
vt 0.547162 0.565502
vt 0.217369 0.992550
vt 0.319702 0.838408
vt 0.245965 0.426132
vt 0.250769 0.426335
vt 0.777085 0.984773
vt 0.771581 0.986252
vt 0.771581 0.947599
vt 0.615414 0.875042
vt 0.621991 0.875042
vt 0.621314 0.905972
vt 0.710301 0.032014
vt 0.943797 0.366850
vt 0.926838 0.098073
vt 0.944878 0.873499
vt 0.931257 0.408890
vt 0.729556 0.000000
vt 0.476012 0.945515
vt 0.762259 0.649222
vt 0.758889 0.635238
vt 0.683393 0.420211
vt 0.267346 0.970931
vt 0.956931 0.190517
vt 0.959747 0.497658
vt 0.986622 0.383167
vt 0.985165 0.387550
vt 0.985165 0.346419
vt 0.965430 0.854646
vt 0.884004 0.977694
vt 0.681056 0.987625
vt 0.680602 0.989478
vt 0.679882 0.988454
vt 0.681056 0.990915
vt 0.624545 0.991664
vt 0.708331 0.987625
vt 0.707812 0.989280
vt 0.707245 0.987625
vt 0.709606 0.988681
vt 0.701040 0.989525
vt 0.624093 0.987625
vt 0.263085 0.534163
vt 0.658041 0.274762
vt 0.092399 0.977547
vt 0.131141 0.705747
vt 0.129959 0.705991
vt 0.129959 0.656893
vt 0.973281 0.248405
vt 0.977059 0.892264
vt 0.964794 0.448746
vt 0.713856 0.989152
vt 0.712830 0.988827
vt 0.713856 0.987625
vt 0.230373 0.990469
vt 0.691261 0.987625
vt 0.665544 0.281246
vt 0.662012 0.280987
vt 0.665544 0.274762
vt 0.560930 0.061180
vt 0.672006 0.273517
vt 0.674712 0.275471
vt 0.672006 0.281679
vt 0.787876 0.981138
vt 0.785542 0.980062
vt 0.787876 0.972050
vt 0.592890 0.975391
vt 0.673592 0.980069
vt 0.267078 0.564638
vt 0.333034 0.979667
vt 0.514504 0.060912
vt 0.922994 0.710711
vt 0.552330 0.282026
vt 0.550625 0.276010
vt 0.554116 0.276010
vt 0.304987 0.963461
vt 0.725986 0.273212
vt 0.729244 0.281593
vt 0.725986 0.282011
vt 0.319388 0.965056
vt 0.968250 0.790624
vt 0.117578 0.972431
vt 0.932167 0.973148
vt 0.895174 0.315491
vt 0.822451 0.646129
vt 0.799073 0.386391
vt 0.129369 0.972424
vt 0.931186 0.973181
vt 0.980488 0.564933
vt 0.002033 0.947204
vt 0.963983 0.190883
vt 0.965583 0.190517
vt 0.965583 0.199707
vt 0.447365 0.887102
vt 0.444561 0.886521
vt 0.447365 0.857336
vt 0.446097 0.425785
vt 0.446182 0.454532
vt 0.326066 0.905807
vt 0.264514 0.787237
vt 0.155761 0.983493
vt 0.154227 0.984719
vt 0.154227 0.972115
vt 0.410278 0.143658
vt 0.003444 0.987625
vt 0.091404 0.992540
vt 0.018337 0.989004
vt 0.859817 0.730398
vt 0.897966 0.734683
vt 0.326066 0.931104
vt 0.960384 0.663076
vt 0.957193 0.655859
vt 0.960384 0.653038
vt 0.944889 0.890093
vt 0.946061 0.661397
vt 0.181913 0.957698
vt 0.927669 0.201533
vt 0.926965 0.185869
vt 0.650529 0.538853
vt 0.539757 0.065772
vt 0.180344 0.953425
vt 0.683876 0.281340
vt 0.815653 0.121667
vt 0.818053 0.124837
vt 0.815653 0.128638
vt 0.125716 0.987625
vt 0.632976 0.990255
vt 0.631149 0.990255
vt 0.631783 0.987625
vt 0.582304 0.988860
vt 0.580104 0.990106
vt 0.580104 0.987625
vt 0.609683 0.989224
vt 0.607415 0.989896
vt 0.607415 0.987625
vt 0.246912 0.987625
vt 0.456193 0.991335
vt 0.454435 0.990083
vt 0.456193 0.987625
vt 0.499382 0.987697
vt 0.289190 0.990396
vt 0.634310 0.991226
vt 0.632976 0.988872
vt 0.634310 0.987625
vt 0.226987 0.987625
vt 0.580104 0.987625
vt 0.580104 0.990153
vt 0.577945 0.988930
vt 0.249560 0.987625
vt 0.501643 0.987697
vt 0.128650 0.987625
vt 0.637309 0.991226
vt 0.635974 0.988872
vt 0.637309 0.987625
vt 0.605238 0.989345
vt 0.607415 0.987625
vt 0.607415 0.989990
vt 0.454435 0.990642
vt 0.452277 0.990646
vt 0.452277 0.987625
vt 0.286534 0.990396
vt 0.660873 0.987625
vt 0.662900 0.989056
vt 0.660873 0.989787
vt 0.635974 0.990513
vt 0.634310 0.989759
vt 0.635974 0.987625
vt 0.218956 0.987625
vt 0.240743 0.969580
vt 0.009014 0.971030
vt 0.843068 0.905147
vt 0.781810 0.984552
vt 0.780431 0.983515
vt 0.781810 0.972126
vt 0.214863 0.973531
vt 0.263007 0.655364
vt 0.956766 0.189820
vt 0.640481 0.758879
vt 0.899013 0.497658
vt 0.185341 0.807379
vt 0.187613 0.765701
vt 0.454060 0.771631
vt 0.454613 0.694706
vt 0.185341 0.667299
vt 0.632509 0.906150
vt 0.892100 0.645250
vt 0.005989 0.985617
vt 0.008369 0.996930
vt 0.006842 0.994986
vt 0.008369 0.987625
vt 0.535285 0.492108
vt 0.532196 0.474929
vt 0.533488 0.473721
vt 0.006819 0.856624
vt 0.043460 0.831314
vt 0.048489 0.848731
vt 0.486126 0.832661
vt 0.497313 0.814931
vt 0.497307 0.831018
vt 0.533761 0.510953
vt 0.533816 0.492994
vt 0.529799 0.024133
vt 0.567193 -0.000000
vt 0.570308 0.017945
vt 0.488162 0.849419
vt 0.499083 0.846348
vt 0.529022 0.528971
vt 0.532182 0.511454
vt 0.529800 0.042764
vt 0.570221 0.035875
vt 0.492013 0.864149
vt 0.521389 0.544934
vt 0.527405 0.529050
vt 0.526479 0.060144
vt 0.566939 0.052568
vt 0.784273 0.406861
vt 0.795083 0.395076
vt 0.794294 0.408711
vt 0.511383 0.557756
vt 0.519812 0.544582
vt 0.387776 0.653804
vt 0.328785 0.666476
vt 0.331439 0.651931
vt 0.783743 0.423813
vt 0.793797 0.424103
vt 0.499687 0.566561
vt 0.509919 0.556992
vt 0.389537 0.636323
vt 0.333107 0.635044
vt 0.783574 0.441489
vt 0.793626 0.440203
vt 0.487097 0.570750
vt 0.498401 0.565435
vt 0.390159 0.617572
vt 0.333676 0.616965
vt 0.783775 0.458682
vt 0.793795 0.455913
vt 0.315199 0.561669
vt 0.328655 0.564734
vt 0.328785 0.566349
vt 0.389600 0.598826
vt 0.333107 0.598926
vt 0.784335 0.474222
vt 0.794290 0.470164
vt 0.302503 0.552454
vt 0.315361 0.559946
vt 0.387898 0.581365
vt 0.331438 0.582156
vt 0.615717 0.862884
vt 0.597429 0.871500
vt 0.605141 0.860560
vt 0.291562 0.539332
vt 0.302975 0.550733
vt 0.385168 0.566379
vt 0.621319 0.847842
vt 0.610368 0.846955
vt 0.283122 0.523196
vt 0.292345 0.537724
vt 0.324356 0.740054
vt 0.267525 0.753589
vt 0.271384 0.737346
vt 0.623794 0.830944
vt 0.612757 0.831611
vt 0.277757 0.505147
vt 0.284194 0.521805
vt 0.326464 0.721582
vt 0.622970 0.813338
vt 0.612144 0.815574
vt 0.275834 0.486414
vt 0.279077 0.504061
vt 0.273361 0.719526
vt 0.326481 0.702698
vt 0.618906 0.796227
vt 0.608570 0.799938
vt 0.277483 0.468274
vt 0.277343 0.485701
vt 0.324406 0.684689
vt 0.273323 0.701342
vt 0.271271 0.684035
vt 0.611878 0.780775
vt 0.602280 0.785768
vt 0.282591 0.451963
vt 0.279111 0.467976
vt 0.320380 0.668783
vt 0.267346 0.668783
vt 0.602364 0.768036
vt 0.593703 0.774029
vt 0.290812 0.438592
vt 0.284259 0.452094
vt 0.699428 0.512960
vt 0.641039 0.526399
vt 0.641932 0.510947
vt 0.591013 0.758879
vt 0.301584 0.429075
vt 0.292437 0.439138
vt 0.700020 0.494913
vt 0.071291 0.756334
vt 0.058279 0.766869
vt 0.060818 0.752664
vt 0.314174 0.424057
vt 0.303088 0.429990
vt 0.700229 0.476019
vt 0.642493 0.493525
vt 0.642684 0.475320
vt 0.056704 0.783315
vt 0.068942 0.769162
vt 0.067464 0.784076
vt 0.327723 0.423882
vt 0.315486 0.425274
vt 0.700042 0.457566
vt 0.642493 0.457575
vt 0.056198 0.800881
vt 0.066958 0.800060
vt 0.498669 0.427612
vt 0.486096 0.428213
vt 0.486042 0.426899
vt 0.699469 0.440812
vt 0.641931 0.441496
vt 0.056798 0.818371
vt 0.067458 0.816024
vt 0.510471 0.433177
vt 0.498453 0.429121
vt 0.698550 0.426899
vt 0.058460 0.834593
vt 0.068931 0.830881
vt 0.520644 0.443216
vt 0.509966 0.434776
vt 0.001876 0.801634
vt 0.048489 0.780051
vt 0.043459 0.795763
vt 0.491623 0.781865
vt 0.507421 0.772901
vt 0.502549 0.784848
vt 0.528495 0.457045
vt 0.519850 0.444793
vt 0.000000 0.819752
vt 0.041744 0.813248
vt 0.487917 0.797693
vt 0.499101 0.799183
vt 0.527432 0.458488
vt 0.001686 0.838509
vt 0.486042 0.815019
vt 0.485239 0.924772
vt 0.479696 0.906763
vt 0.485634 0.906250
vt 0.717838 0.138373
vt 0.713760 0.119014
vt 0.722970 0.121315
vt 0.598549 0.343543
vt 0.607909 0.361690
vt 0.598456 0.362075
vt 0.710279 0.052576
vt 0.692536 0.046870
vt 0.699890 0.041160
vt 0.485239 0.942810
vt 0.479329 0.923479
vt 0.601846 0.325612
vt 0.607909 0.344961
vt 0.718218 0.067381
vt 0.701971 0.057077
vt 0.485634 0.959136
vt 0.479319 0.939793
vt 0.723167 0.084567
vt 0.709209 0.070367
vt 0.715312 0.102428
vt 0.724788 0.102964
vt 0.709741 0.152973
vt 0.709209 0.134462
vt 0.627064 0.418108
vt 0.644798 0.416081
vt 0.639007 0.422787
vt 0.616381 0.408948
vt 0.633994 0.411980
vt 0.713760 0.085836
vt 0.616948 0.296312
vt 0.616397 0.314134
vt 0.608122 0.309502
vt 0.607686 0.395931
vt 0.624307 0.403819
vt 0.627725 0.286940
vt 0.624307 0.302138
vt 0.699231 0.164122
vt 0.701970 0.147721
vt 0.601572 0.379943
vt 0.616397 0.392157
vt 0.639716 0.282026
vt 0.633994 0.293569
vt 0.610804 0.328740
vt 0.687024 0.171058
vt 0.692536 0.157886
vt 0.610804 0.377788
vt 0.681549 0.040443
vt 0.687759 0.033912
vt 0.836678 0.471895
vt 0.824121 0.455868
vt 0.836162 0.457101
vt 0.390614 0.826068
vt 0.381137 0.809507
vt 0.392165 0.809482
vt 0.837497 0.484162
vt 0.824611 0.469899
vt 0.721219 0.864397
vt 0.741191 0.868494
vt 0.731362 0.871984
vt 0.712649 0.853212
vt 0.731572 0.861297
vt 0.706235 0.839189
vt 0.723445 0.850686
vt 0.702414 0.823285
vt 0.717362 0.837384
vt 0.701448 0.806584
vt 0.713740 0.822299
vt 0.703401 0.790224
vt 0.712825 0.806459
vt 0.708140 0.775319
vt 0.714679 0.790942
vt 0.715343 0.762885
vt 0.719176 0.776806
vt 0.108361 0.783573
vt 0.098598 0.769707
vt 0.109894 0.768080
vt 0.107838 0.800173
vt 0.097145 0.784403
vt 0.108361 0.816751
vt 0.096650 0.800148
vt 0.109894 0.832174
vt 0.097146 0.815871
vt 0.386058 0.777422
vt 0.368483 0.766491
vt 0.378818 0.764132
vt 0.390611 0.792890
vt 0.375349 0.779097
vt 0.386065 0.841517
vt 0.379665 0.825237
vt 0.378827 0.854776
vt 0.375349 0.839889
vt 0.836678 0.408081
vt 0.825387 0.395937
vt 0.837497 0.393914
vt 0.836162 0.424069
vt 0.824610 0.409374
vt 0.835987 0.440788
vt 0.824121 0.424538
vt 0.379665 0.793769
vt 0.823955 0.440397
vt 0.142337 0.464498
vt 0.140900 0.481963
vt 0.140900 0.464320
vt 0.450393 0.144921
vt 0.463254 0.144524
vt 0.450817 0.147041
vt 0.450362 0.279719
vt 0.439893 0.271309
vt 0.451531 0.277881
vt 0.140381 0.447179
vt 0.138943 0.447553
vt 0.438439 0.151958
vt 0.439252 0.154001
vt 0.463187 0.282026
vt 0.463994 0.279980
vt 0.413647 0.212521
vt 0.417064 0.195502
vt 0.415521 0.213059
vt 0.136540 0.431906
vt 0.135162 0.432804
vt 0.428174 0.163103
vt 0.429349 0.164932
vt 0.476014 0.279578
vt 0.476431 0.277464
vt 0.136249 0.516712
vt 0.129816 0.528315
vt 0.135162 0.515089
vt 0.131077 0.419718
vt 0.129816 0.421079
vt 0.330153 0.971569
vt 0.328680 0.985192
vt 0.328680 0.970442
vt 0.420279 0.247373
vt 0.417256 0.230560
vt 0.422151 0.246815
vt 0.420295 0.177597
vt 0.421781 0.179086
vt 0.487967 0.272542
vt 0.487995 0.270503
vt 0.415332 0.230571
vt 0.140198 0.500491
vt 0.138943 0.499279
vt 0.476045 0.144781
vt 0.487355 0.153195
vt 0.475717 0.146623
vt 0.428151 0.261781
vt 0.429871 0.260713
vt 0.415340 0.194453
vt 0.142274 0.482682
vt 0.463219 0.142473
vt 0.438411 0.272813
vt 0.736634 0.789763
vt 0.525144 0.815790
vt 0.526899 0.800275
vt 0.734761 0.805519
vt 0.583421 0.862668
vt 0.588562 0.849260
vt 0.530290 0.786149
vt 0.590292 0.818346
vt 0.586763 0.802948
vt 0.590906 0.834142
vt 0.795078 0.481984
vt 0.825388 0.481532
vt 0.071277 0.843617
vt 0.098600 0.830498
vt 0.100912 0.843035
vt 0.100910 0.757063
vt 0.502521 0.859876
vt 0.526899 0.846730
vt 0.530290 0.860046
vt 0.741191 0.775405
vt 0.525144 0.831634
vt 0.844032 0.912337
vt 0.820532 0.913179
vt 0.820932 0.912342
vt 0.821936 0.946596
vt 0.843649 0.948120
vt 0.820532 0.948244
vt 0.417227 0.951774
vt 0.418579 0.982626
vt 0.417030 0.984314
vt 0.683068 0.992063
vt 0.682253 0.988018
vt 0.683068 0.987625
vt 0.842472 0.913836
vt 0.980296 0.550882
vt 0.975805 0.567733
vt 0.975805 0.550666
vt 0.421730 0.951761
vt 0.421730 0.984602
vt 0.050693 0.779515
vt 0.055145 0.762686
vt 0.055145 0.779741
vt 0.943104 0.181802
vt 0.938649 0.206541
vt 0.938302 0.181200
vt 0.946807 0.861090
vt 0.953394 0.814312
vt 0.956987 0.861079
vt 0.949566 0.666576
vt 0.958772 0.710711
vt 0.948978 0.710235
vt 0.954150 0.666604
vt 0.958772 0.664375
vt 0.578143 0.896566
vt 0.569908 0.847270
vt 0.574962 0.849554
vt 0.583408 0.896117
vt 0.579479 0.849192
vt 0.305754 0.896693
vt 0.313245 0.850028
vt 0.311610 0.897000
vt 0.319100 0.847578
vt 0.321611 0.897240
vt 0.139718 0.189777
vt 0.142485 0.143677
vt 0.142285 0.190667
vt 0.055643 0.883299
vt 0.051864 0.837058
vt 0.054612 0.837096
vt 0.110461 0.752664
vt 0.112818 0.790491
vt 0.110461 0.791142
vt 0.328773 0.759290
vt 0.326682 0.715931
vt 0.328773 0.715627
vt 0.319975 0.904331
vt 0.327381 0.904443
vt 0.335839 0.968674
vt 0.328785 0.960265
vt 0.335836 0.960854
vt 0.335837 0.957704
vt 0.335839 0.956003
vt 0.085364 0.996566
vt 0.085364 0.987625
vt 0.086785 0.988995
vt 0.641655 0.965411
vt 0.646820 0.956869
vt 0.646575 0.966672
vt 0.641012 0.972997
vt 0.576614 0.903460
vt 0.570056 0.897132
vt 0.582992 0.902910
vt 0.054931 0.890821
vt 0.052723 0.884138
vt 0.898857 0.296777
vt 0.898857 0.289222
vt 0.901109 0.296509
vt 0.140002 0.197366
vt 0.142485 0.197522
vt 0.305603 0.903549
vt 0.312095 0.903988
vt 0.151991 0.987625
vt 0.154076 0.990985
vt 0.152881 0.990972
vt 0.823676 0.122239
vt 0.822784 0.126363
vt 0.822784 0.121667
vt 0.825193 0.123687
vt 0.952776 0.663537
vt 0.946988 0.663285
vt 0.575731 0.846857
vt 0.520818 0.066741
vt 0.518594 0.064291
vt 0.520151 0.062709
vt 0.521986 0.062621
vt 0.523876 0.064040
vt 0.311900 0.847398
vt 0.308356 0.849775
vt 0.305603 0.847065
vt 0.692039 0.422247
vt 0.689266 0.426875
vt 0.689266 0.420211
vt 0.949191 0.811504
vt 0.948087 0.814286
vt 0.954890 0.811619
vt 0.956987 0.811663
vt 0.368483 0.950549
vt 0.374996 0.980917
vt 0.368483 0.981076
vt 0.982051 0.176497
vt 0.987545 0.139459
vt 0.987545 0.177993
vt 0.976524 0.737926
vt 0.982832 0.701934
vt 0.982832 0.738729
vt 0.983563 0.094134
vt 0.982391 0.056650
vt 0.987457 0.056650
vt 0.034919 0.950383
vt 0.028935 0.980954
vt 0.028343 0.950383
vt 0.981664 0.939387
vt 0.975050 0.976673
vt 0.479307 0.945515
vt 0.447400 0.940726
vt 0.479319 0.940505
vt 0.880290 0.893080
vt 0.912000 0.898568
vt 0.880216 0.898692
vt 0.913296 0.098073
vt 0.943812 0.092922
vt 0.944075 0.098073
vt 0.103344 0.951927
vt 0.103344 0.983762
vt 0.099516 0.982159
vt 0.912859 0.092745
vt 0.930066 0.056722
vt 0.778048 0.000542
vt 0.803288 0.022893
vt 0.774152 0.032170
vt 0.892887 0.935084
vt 0.459303 0.906352
vt 0.510044 0.970254
vt 0.516625 0.970783
vt 0.514241 0.973732
vt 0.511507 0.963591
vt 0.507428 0.964221
vt 0.507504 0.957636
vt 0.510042 0.951636
vt 0.511507 0.958315
vt 0.514251 0.948091
vt 0.513380 0.953741
vt 0.319341 0.966190
vt 0.316512 0.972397
vt 0.316401 0.967145
vt 0.319434 0.972768
vt 0.316401 0.977194
vt 0.899282 0.653762
vt 0.894466 0.649645
vt 0.897734 0.647594
vt 0.895594 0.659620
vt 0.895594 0.654354
vt 0.897731 0.666176
vt 0.899375 0.660344
vt 0.942567 0.659623
vt 0.945397 0.653038
vt 0.945978 0.659781
vt 0.945504 0.666136
vt 0.394691 0.717499
vt 0.395862 0.668823
vt 0.395862 0.717758
vt 0.976524 0.710975
vt 0.968341 0.664677
vt 0.972167 0.663285
vt 0.363053 0.979663
vt 0.357544 0.942315
vt 0.367060 0.942315
vt 0.949567 0.291024
vt 0.955840 0.249006
vt 0.958951 0.296039
vt 0.960551 0.444153
vt 0.969869 0.397538
vt 0.969869 0.443928
vt 0.948474 0.296039
vt 0.420584 0.992783
vt 0.420584 0.987625
vt 0.421902 0.992300
vt 0.711802 0.987625
vt 0.712830 0.987625
vt 0.712446 0.989149
vt 0.190395 0.967037
vt 0.192536 0.967542
vt 0.188976 0.967567
vt 0.896959 0.357821
vt 0.894585 0.358346
vt 0.896104 0.357537
vt 0.894646 0.359135
vt 0.893112 0.358310
vt 0.168605 0.977414
vt 0.166972 0.978242
vt 0.165682 0.978776
vt 0.165682 0.970359
vt 0.189001 0.976304
vt 0.192335 0.976304
vt 0.786364 0.645698
vt 0.783487 0.651284
vt 0.783475 0.644933
vt 0.892243 0.365354
vt 0.895173 0.365606
vt 0.950153 0.189691
vt 0.952251 0.198322
vt 0.950712 0.198776
vt 0.953902 0.189691
vt 0.710097 0.273253
vt 0.713107 0.281865
vt 0.711865 0.281781
vt 0.956057 0.105713
vt 0.965041 0.058072
vt 0.965041 0.107742
vt 0.955324 0.618184
vt 0.964952 0.568605
vt 0.964952 0.617986
vt 0.528833 0.979640
vt 0.530290 0.942599
vt 0.530290 0.984053
vt 0.246091 0.811566
vt 0.249661 0.849532
vt 0.245322 0.849970
vt 0.978246 0.341493
vt 0.968845 0.299266
vt 0.978246 0.299669
vt 0.255796 0.807374
vt 0.245322 0.806983
vt 0.628479 0.987625
vt 0.628479 0.992028
vt 0.627383 0.991233
vt 0.551372 0.988025
vt 0.552835 0.987625
vt 0.551978 0.988770
vt 0.729200 0.990331
vt 0.729114 0.989145
vt 0.729200 0.987625
vt 0.705629 0.987625
vt 0.706216 0.989349
vt 0.705629 0.990747
vt 0.687908 0.988749
vt 0.686987 0.988830
vt 0.686722 0.987625
vt 0.551239 0.990438
vt 0.551958 0.990312
vt 0.335839 0.973306
vt 0.336826 0.972584
vt 0.337624 0.972162
vt 0.691261 0.988827
vt 0.692432 0.987625
vt 0.692080 0.988851
vt 0.829008 0.122800
vt 0.826550 0.128601
vt 0.826550 0.121382
vt 0.612911 0.967996
vt 0.614810 0.977428
vt 0.611543 0.977428
vt 0.937536 0.366686
vt 0.935231 0.359183
vt 0.937536 0.358021
vt 0.641179 0.273825
vt 0.641179 0.282026
vt 0.638381 0.281390
vt 0.737135 0.282011
vt 0.736355 0.273187
vt 0.740090 0.273646
vt 0.255685 0.541453
vt 0.258778 0.535049
vt 0.258778 0.541633
vt 0.964581 0.977553
vt 0.955573 0.946369
vt 0.964578 0.947501
vt 0.602229 0.951509
vt 0.611438 0.975484
vt 0.602327 0.978662
vt 0.611543 0.947431
vt 0.602349 0.947380
vt 0.564165 0.951872
vt 0.566993 0.951688
vt 0.568761 0.953314
vt 0.567243 0.956162
vt 0.564165 0.977569
vt 0.568761 0.976071
vt 0.566993 0.977672
vt 0.567215 0.973219
vt 0.562713 0.975714
vt 0.790052 0.972050
vt 0.787876 0.981400
vt 0.787956 0.972226
vt 0.611543 0.979314
vt 0.800449 0.128673
vt 0.799199 0.121959
vt 0.801933 0.121959
vt 0.141778 0.978550
vt 0.138998 0.969316
vt 0.141426 0.969384
vt 0.951127 0.047120
vt 0.948319 0.055303
vt 0.948319 0.047003
vt 0.955573 0.979756
vt 0.964253 0.979706
vt 0.964239 0.944666
vt 0.562727 0.953687
vt 0.711498 0.957897
vt 0.717538 0.968892
vt 0.711498 0.974021
vt 0.777100 0.955964
vt 0.783472 0.962100
vt 0.777100 0.972126
vt 0.631585 0.015348
vt 0.640709 0.010648
vt 0.646665 0.021111
vt 0.620403 0.030046
vt 0.615428 0.023859
vt 0.625545 0.018542
vt 0.649090 0.029410
vt 0.123474 0.825069
vt 0.122932 0.814541
vt 0.130741 0.813717
vt 0.638464 0.066902
vt 0.677013 0.039897
vt 0.677293 0.052752
vt 0.666976 0.053651
vt 0.267071 0.714975
vt 0.263902 0.681724
vt 0.267071 0.680990
vt 0.109894 0.814900
vt 0.114403 0.814617
vt 0.114402 0.825296
vt 0.633881 -0.000000
vt 0.628270 0.007100
vt 0.621701 0.005842
vt 0.620280 0.011367
vt 0.610923 0.012261
vt 0.814083 0.385696
vt 0.823266 0.371952
vt 0.823266 0.386356
vt 0.783525 0.628823
vt 0.792403 0.644933
vt 0.783475 0.643308
vt 0.295199 0.973339
vt 0.301577 0.963461
vt 0.301577 0.977883
vt 0.895998 0.975236
vt 0.889583 0.965383
vt 0.895998 0.960808
vt 0.653278 0.954406
vt 0.653278 0.970479
vt 0.647654 0.965721
vt 0.950432 0.634805
vt 0.942240 0.623414
vt 0.951630 0.624628
vt 0.942240 0.650942
vt 0.949554 0.641591
vt 0.948335 0.653038
vt 0.722150 0.950662
vt 0.728774 0.953249
vt 0.722150 0.979733
vt 0.123474 0.831708
vt 0.130577 0.842109
vt 0.122932 0.841969
vt 0.924551 0.332857
vt 0.947989 0.311116
vt 0.948461 0.341927
vt 0.678404 0.426252
vt 0.676825 0.420211
vt 0.680293 0.420211
vt 0.649090 0.041275
vt 0.660201 0.054029
vt 0.649911 0.054189
vt 0.109894 0.843439
vt 0.114402 0.832475
vt 0.114403 0.843154
vt 0.089552 0.964363
vt 0.085816 0.972072
vt 0.086091 0.963219
vt 0.915511 0.366850
vt 0.911966 0.357749
vt 0.915511 0.355212
vt 0.960399 0.640106
vt 0.956651 0.643638
vt 0.957804 0.634636
vt 0.641039 0.529097
vt 0.650194 0.540839
vt 0.641080 0.539815
vt 0.932335 0.799104
vt 0.925643 0.817212
vt 0.925678 0.799293
vt 0.079428 0.963219
vt 0.085817 0.973088
vt 0.079428 0.977619
vt 0.902403 0.965396
vt 0.895998 0.975257
vt 0.895998 0.960808
vt 0.660958 0.924422
vt 0.641012 0.918870
vt 0.662928 0.922578
vt 0.150619 0.956097
vt 0.152589 0.981779
vt 0.150767 0.982394
vt 0.676455 0.029289
vt 0.649090 0.001562
vt 0.679163 -0.000000
vt 0.660431 0.063198
vt 0.667668 0.062818
vt 0.818429 0.944524
vt 0.792238 0.914687
vt 0.820532 0.912337
vt 0.943228 0.343182
vt 0.943544 0.352543
vt 0.940611 0.352548
vt 0.341990 0.956003
vt 0.341990 0.972162
vt 0.335881 0.961975
vt 0.447018 0.888796
vt 0.444645 0.889863
vt 0.445476 0.887102
vt 0.877277 0.892713
vt 0.877277 0.862643
vt 0.880216 0.892157
vt 0.983843 0.043690
vt 0.983843 0.056633
vt 0.982301 0.044694
vt 0.663964 0.925383
vt 0.661383 0.924795
vt 0.274245 0.396736
vt 0.272757 0.383303
vt 0.275214 0.383082
vt 0.447365 0.888307
vt 0.275834 0.396007
vt 0.275834 0.343373
vt 0.275607 0.372524
vt 0.273092 0.373920
vt 0.940432 0.365405
vt 0.942275 0.366045
vt 0.152589 0.954954
vt 0.152482 0.955753
vt 0.123124 0.812372
vt 0.662242 0.954406
vt 0.661932 0.952060
vt 0.663964 0.953277
vt 0.263848 0.756857
vt 0.267346 0.726951
vt 0.266434 0.756281
vt 0.646820 0.963937
vt 0.003444 0.991473
vt 0.000126 0.988417
vt 0.003444 0.987625
vt 0.091404 0.987625
vt 0.091404 0.992425
vt 0.088896 0.991383
vt 0.024442 0.987625
vt 0.021329 0.992127
vt 0.021462 0.988985
vt 0.342022 0.143606
vt 0.345457 0.138957
vt 0.345457 0.143168
vt 0.160951 0.989307
vt 0.160205 0.999543
vt 0.160205 0.987625
vt 0.335839 0.960492
vt 0.445506 0.915087
vt 0.446842 0.889430
vt 0.447365 0.913589
vt 0.661614 0.925407
vt 0.661363 0.952400
vt 0.641625 0.921010
vt 0.985730 0.803313
vt 0.984353 0.806622
vt 0.984353 0.790876
vt 0.985536 0.622467
vt 0.984156 0.619166
vt 0.985536 0.606724
vt 0.906020 0.365592
vt 0.910639 0.356515
vt 0.910424 0.365389
vt 0.676019 0.531899
vt 0.684558 0.528931
vt 0.683579 0.533386
vt 0.112282 0.977931
vt 0.112282 0.967916
vt 0.115451 0.970759
vt 0.548369 0.767998
vt 0.539437 0.765970
vt 0.547410 0.763904
vt 0.783347 0.632938
vt 0.776531 0.630060
vt 0.782185 0.628758
vt 0.783475 0.648684
vt 0.744301 0.523405
vt 0.745048 0.536916
vt 0.743148 0.534905
vt 0.192985 0.898509
vt 0.192985 0.915899
vt 0.191395 0.914139
vt 0.539302 0.744909
vt 0.548299 0.748219
vt 0.533147 0.068162
vt 0.526701 0.060302
vt 0.533147 0.060144
vt 0.676019 0.539793
vt 0.204063 0.992107
vt 0.204993 0.987625
vt 0.204993 0.996388
vt 0.628327 0.273500
vt 0.621232 0.282012
vt 0.621232 0.274171
vt 0.395680 0.565705
vt 0.389000 0.555525
vt 0.395680 0.556948
vt 0.759451 0.521201
vt 0.746876 0.520396
vt 0.759451 0.534221
vt 0.749108 0.540498
vt 0.751257 0.517299
vt 0.649617 0.068410
vt 0.649409 0.063776
vt 0.678690 0.062240
vt 0.678899 0.066874
vt 0.394564 0.966735
vt 0.395952 0.963454
vt 0.395952 0.980296
vt 0.614810 0.967996
vt 0.616196 0.971269
vt 0.614810 0.984835
vt 0.644854 0.990263
vt 0.646041 0.987625
vt 0.646667 0.990263
vt 0.140386 0.988431
vt 0.137681 0.990652
vt 0.137453 0.987625
vt 0.456193 0.991330
vt 0.456193 0.987625
vt 0.457952 0.990101
vt 0.493080 0.987625
vt 0.490926 0.990406
vt 0.490823 0.987625
vt 0.273420 0.987625
vt 0.275861 0.990333
vt 0.273605 0.990402
vt 0.515063 0.987625
vt 0.512838 0.990372
vt 0.512838 0.987683
vt 0.433961 0.990531
vt 0.431699 0.988631
vt 0.433961 0.987625
vt 0.593101 0.987625
vt 0.595256 0.988910
vt 0.593101 0.990140
vt 0.213047 0.990661
vt 0.210543 0.987890
vt 0.213047 0.987625
vt 0.643523 0.991216
vt 0.643523 0.987625
vt 0.644854 0.988854
vt 0.031329 0.990654
vt 0.028412 0.991480
vt 0.028008 0.989552
vt 0.040562 0.991480
vt 0.038596 0.991480
vt 0.038804 0.988451
vt 0.042125 0.989553
vt 0.041721 0.987625
vt 0.029571 0.987625
vt 0.031538 0.987625
vt 0.037033 0.991480
vt 0.035067 0.991480
vt 0.035275 0.988451
vt 0.436224 0.990531
vt 0.433961 0.988631
vt 0.436224 0.987625
vt 0.038596 0.989552
vt 0.038192 0.987625
vt 0.599292 0.987625
vt 0.599292 0.989927
vt 0.597025 0.989253
vt 0.450131 0.990644
vt 0.452277 0.987625
vt 0.452277 0.990662
vt 0.276102 0.987625
vt 0.278543 0.990334
vt 0.276288 0.990402
vt 0.646667 0.989918
vt 0.648430 0.987625
vt 0.648430 0.990336
vt 0.207678 0.990661
vt 0.205174 0.987890
vt 0.207678 0.987625
vt 0.034858 0.990654
vt 0.031941 0.991480
vt 0.033100 0.987625
vt 0.490823 0.987625
vt 0.490823 0.991143
vt 0.489038 0.989007
vt 0.031538 0.989552
vt 0.508389 0.987625
vt 0.506164 0.990371
vt 0.506164 0.987683
vt 0.035067 0.987625
vt 0.137453 0.988431
vt 0.134747 0.990652
vt 0.134519 0.987625
vt 0.648430 0.991216
vt 0.648430 0.987625
vt 0.649761 0.988854
vt 0.943781 0.468971
vt 0.947384 0.460213
vt 0.946239 0.469106
vt 0.877277 0.902543
vt 0.880214 0.892778
vt 0.879207 0.902492
vt 0.855656 0.951872
vt 0.854743 0.959969
vt 0.853039 0.953313
vt 0.546779 0.069446
vt 0.539715 0.073407
vt 0.538615 0.070589
vt 0.846427 0.951872
vt 0.847038 0.959992
vt 0.844533 0.960095
vt 0.946955 0.480836
vt 0.944583 0.481528
vt 0.880214 0.915034
vt 0.878317 0.915362
vt 0.856703 0.969848
vt 0.857225 0.959108
vt 0.558596 0.071265
vt 0.547291 0.072085
vt 0.844857 0.971510
vt 0.847362 0.971177
vt 0.950587 0.489440
vt 0.949048 0.491407
vt 0.982386 0.396469
vt 0.980503 0.385111
vt 0.982386 0.384415
vt 0.853039 0.981499
vt 0.855491 0.981841
vt 0.558755 0.068617
vt 0.568239 0.073436
vt 0.846478 0.980755
vt 0.479626 0.971176
vt 0.475602 0.980277
vt 0.477256 0.970746
vt 0.123928 0.621301
vt 0.116586 0.630600
vt 0.121851 0.621044
vt 0.483412 0.621506
vt 0.485775 0.629372
vt 0.483147 0.630111
vt 0.574265 0.082982
vt 0.570074 0.071512
vt 0.559307 0.760388
vt 0.562192 0.766927
vt 0.559595 0.767828
vt 0.477951 0.959357
vt 0.475602 0.959136
vt 0.126122 0.608637
vt 0.123852 0.609276
vt 0.486042 0.620896
vt 0.481162 0.609286
vt 0.483722 0.608343
vt 0.573657 0.097095
vt 0.571572 0.083311
vt 0.563929 0.748834
vt 0.561895 0.759996
vt 0.444971 0.943404
vt 0.447365 0.954714
vt 0.445318 0.954527
vt 0.125493 0.598927
vt 0.123253 0.600160
vt 0.478766 0.597263
vt 0.476320 0.598489
vt 0.570185 0.108797
vt 0.570349 0.100610
vt 0.444971 0.968912
vt 0.122242 0.588627
vt 0.472337 0.584981
vt 0.563869 0.120714
vt 0.561320 0.119806
vt 0.568469 0.738814
vt 0.572719 0.725607
vt 0.575044 0.726225
vt 0.899906 0.664306
vt 0.901991 0.644796
vt 0.902029 0.665022
vt 0.119450 0.569471
vt 0.119973 0.589689
vt 0.466110 0.565886
vt 0.469768 0.585914
vt 0.559140 0.140898
vt 0.556444 0.140648
vt 0.578992 0.705191
vt 0.576491 0.705227
vt 0.907936 0.618981
vt 0.910094 0.619656
vt 0.126947 0.544143
vt 0.121722 0.569168
vt 0.464365 0.542388
vt 0.468749 0.565221
vt 0.558351 0.167968
vt 0.580883 0.682409
vt 0.583421 0.681982
vt 0.910310 0.586117
vt 0.908122 0.586250
vt 0.129187 0.544092
vt 0.126358 0.510609
vt 0.128600 0.510331
vt 0.466728 0.510613
vt 0.461688 0.542661
vt 0.555536 0.198395
vt 0.561047 0.168220
vt 0.578504 0.650919
vt 0.575992 0.651608
vt 0.903947 0.547986
vt 0.901775 0.548271
vt 0.121322 0.472343
vt 0.119083 0.472642
vt 0.475834 0.473288
vt 0.469341 0.510978
vt 0.543479 0.230283
vt 0.552936 0.197541
vt 0.566977 0.614510
vt 0.569474 0.613753
vt 0.902068 0.522229
vt 0.116586 0.446937
vt 0.478418 0.473785
vt 0.481875 0.448881
vt 0.484517 0.449083
vt 0.540906 0.229338
vt 0.537620 0.252589
vt 0.534976 0.251919
vt 0.563358 0.588855
vt 0.899872 0.522130
vt 0.903447 0.498319
vt 0.119639 0.422862
vt 0.118836 0.446762
vt 0.483366 0.426096
vt 0.486042 0.425785
vt 0.534338 0.276006
vt 0.531647 0.275691
vt 0.559307 0.565855
vt 0.560839 0.589503
vt 0.948481 0.450367
vt 0.944946 0.459275
vt 0.075078 0.970656
vt 0.072722 0.980220
vt 0.072722 0.971268
vt 0.681489 0.059458
vt 0.679163 0.067185
vt 0.679398 0.058799
vt 0.531647 0.073580
vt 0.533007 0.075974
vt 0.675620 0.273500
vt 0.678395 0.281287
vt 0.675462 0.281578
vt 0.526479 0.005521
vt 0.785127 0.391786
vt 0.384995 0.668823
vt 0.486042 0.569336
vt 0.607367 0.875043
vt 0.328785 0.567799
vt 0.320301 0.756857
vt 0.698492 0.528931
vt 0.583421 0.765522
vt 0.328785 0.425312
vt 0.641039 0.428181
vt 0.007186 0.785388
vt 0.496907 0.768614
vt 0.479665 0.954592
vt 0.644798 0.289011
vt 0.681549 0.164265
vt 0.726008 0.765015
vt 0.368483 0.852464
vt 0.130697 0.530240
vt 0.983043 0.285824
vt 0.983043 0.297831
vt 0.981320 0.296469
vt 0.487995 0.151686
vt 0.735699 0.821601
vt 0.986756 0.482163
vt 0.985353 0.483812
vt 0.985353 0.448746
vt 0.980237 0.567399
vt 0.050451 0.763060
vt 0.943104 0.206680
vt 0.943374 0.811313
vt 0.140158 0.143654
vt 0.447257 0.526759
vt 0.448731 0.521458
vt 0.448342 0.568422
vt 0.446408 0.568023
vt 0.446408 0.521117
vt 0.329007 0.970442
vt 0.163664 0.987625
vt 0.165532 0.988543
vt 0.163664 0.992279
vt 0.641535 0.957509
vt 0.641012 0.954406
vt 0.569908 0.904029
vt 0.051864 0.890890
vt 0.154691 0.987625
vt 0.824349 0.127782
vt 0.581412 0.846371
vt 0.518594 0.068184
vt 0.523387 0.067956
vt 0.982575 0.700222
vt 0.976524 0.701934
vt 0.976524 0.663285
vt 0.536640 0.949287
vt 0.542688 0.948924
vt 0.542688 0.985299
vt 0.447634 0.945515
vt 0.912105 0.893080
vt 0.774152 0.000000
vt 0.923693 0.056650
vt 0.804154 0.016366
vt 0.899465 0.935128
vt 0.465885 0.906250
vt 0.513380 0.968155
vt 0.516625 0.951093
vt 0.319222 0.979053
vt 0.894466 0.664030
vt 0.942240 0.654533
vt 0.942240 0.664726
vt 0.968341 0.713611
vt 0.358816 0.979611
vt 0.986700 0.330000
vt 0.985403 0.334166
vt 0.985403 0.299266
vt 0.951543 0.248405
vt 0.966112 0.397347
vt 0.727610 0.987625
vt 0.727873 0.989051
vt 0.727610 0.989825
vt 0.702722 0.989702
vt 0.703132 0.988727
vt 0.703730 0.989702
vt 0.892243 0.358028
vt 0.728269 0.989009
vt 0.727873 0.988317
vt 0.728269 0.987625
vt 0.703173 0.987625
vt 0.896481 0.356520
vt 0.167985 0.969478
vt 0.786364 0.651839
vt 0.937536 0.358021
vt 0.939807 0.366650
vt 0.937536 0.366809
vt 0.713107 0.273448
vt 0.985403 0.344756
vt 0.983997 0.345034
vt 0.983997 0.299266
vt 0.961649 0.056650
vt 0.960764 0.568316
vt 0.974437 0.341499
vt 0.686722 0.990277
vt 0.552835 0.991317
vt 0.692432 0.990221
vt 0.664409 0.971592
vt 0.661911 0.970606
vt 0.662761 0.970842
vt 0.337624 0.981692
vt 0.614149 0.968021
vt 0.661911 0.980036
vt 0.638064 0.273548
vt 0.739844 0.282011
vt 0.013776 0.987625
vt 0.015332 0.996346
vt 0.013776 0.996718
vt 0.255518 0.534163
vt 0.611446 0.951600
vt 0.790052 0.981245
vt 0.555419 0.060659
vt 0.559519 0.060659
vt 0.557012 0.067410
vt 0.138714 0.978550
vt 0.952317 0.055894
vt 0.610923 0.062682
vt 0.130880 0.810948
vt 0.636347 0.003413
vt 0.612598 0.016097
vt 0.814114 0.372815
vt 0.792403 0.628758
vt 0.295649 0.970224
vt 0.890041 0.968488
vt 0.924551 0.297410
vt 0.263848 0.726042
vt 0.089552 0.977654
vt 0.707010 0.281991
vt 0.703758 0.281991
vt 0.705905 0.273253
vt 0.650194 0.528931
vt 0.932335 0.815116
vt 0.085365 0.969978
vt 0.901946 0.968505
vt 0.649318 0.030713
vt 0.792238 0.946891
vt 0.645396 0.972997
vt 0.646820 0.974255
vt 0.645396 0.983615
vt 0.266770 0.853864
vt 0.263893 0.818774
vt 0.266827 0.819484
vt 0.940432 0.341927
vt 0.123124 0.843617
vt 0.151304 0.953223
vt 0.461917 0.740196
vt 0.459008 0.739682
vt 0.461917 0.707558
vt 0.009514 0.998997
vt 0.008369 1.000000
vt 0.008369 0.987625
vt 0.000000 0.991826
vt 0.076153 0.993418
vt 0.073846 0.991117
vt 0.076153 0.987625
vt 0.024442 0.991187
vt 0.342464 0.139422
vt 0.782849 0.960156
vt 0.335965 0.963873
vt 0.641957 0.948976
vt 0.906020 0.356835
vt 0.548369 0.743838
vt 0.009514 0.992171
vt 0.009878 0.987625
vt 0.010951 0.990140
vt 0.963983 0.199528
vt 0.960549 0.196755
vt 0.963983 0.190517
vt 0.192170 0.918272
vt 0.776531 0.651057
vt 0.010951 0.997491
vt 0.526479 0.065663
vt 0.684278 0.538851
vt 0.626448 0.281517
vt 0.759288 0.518720
vt 0.755638 0.516761
vt 0.390961 0.564658
vt 0.753493 0.539922
vt 0.469095 0.987625
vt 0.470843 0.988857
vt 0.469095 0.991331
vt 0.140386 0.990830
vt 0.605238 0.989333
vt 0.603032 0.989990
vt 0.603032 0.987625
vt 0.544608 0.987625
vt 0.544608 0.990101
vt 0.542215 0.988955
vt 0.561548 0.987741
vt 0.563573 0.987625
vt 0.563573 0.990408
vt 0.256061 0.990421
vt 0.253323 0.990421
vt 0.253677 0.987625
vt 0.276102 0.987625
vt 0.514865 0.990401
vt 0.210362 0.990282
vt 0.191428 0.990874
vt 0.190538 0.987625
vt 0.193096 0.987625
vt 0.563573 0.987625
vt 0.565255 0.988757
vt 0.563573 0.990974
vt 0.278784 0.987625
vt 0.466955 0.987625
vt 0.469095 0.987625
vt 0.469091 0.990654
vt 0.204993 0.990282
vt 0.544608 0.987625
vt 0.546772 0.988828
vt 0.544608 0.990363
vt 0.258799 0.990421
vt 0.256061 0.990421
vt 0.256415 0.987625
vt 0.508191 0.990401
vt 0.590941 0.988911
vt 0.588786 0.990140
vt 0.588786 0.987625
vt 0.137453 0.990830
vt 0.190538 0.991277
vt 0.188263 0.988793
vt 0.190538 0.987625
vt 0.878129 0.892712
vt 0.849052 0.952206
vt 0.854224 0.970146
vt 0.980419 0.395740
vt 0.849052 0.980889
vt 0.477518 0.981881
vt 0.117616 0.632157
vt 0.562741 0.744924
vt 0.447027 0.943718
vt 0.447006 0.968912
vt 0.899872 0.643868
vt 0.901285 0.497658
vt 0.117391 0.423001
vt 0.561845 0.565502
vt 0.950587 0.451881
vt 0.075153 0.979386
vt 0.681489 0.068410
vt 0.678364 0.273500
vt 0.695409 0.736048
vt 0.697150 0.718296
vt 0.698454 0.717687
vt 0.744132 0.242259
vt 0.797067 0.225478
vt 0.794999 0.243264
vt 0.764383 0.757320
vt 0.767807 0.738993
vt 0.774084 0.752444
vt 0.690503 0.752663
vt 0.694081 0.736241
vt 0.740090 0.259106
vt 0.791059 0.259433
vt 0.773617 0.768907
vt 0.782417 0.763146
vt 0.684069 0.766402
vt 0.689200 0.752424
vt 0.623987 0.185975
vt 0.676711 0.173405
vt 0.679340 0.187852
vt 0.784452 0.776646
vt 0.621067 0.264313
vt 0.620070 0.248148
vt 0.621067 0.246810
vt 0.625719 0.203392
vt 0.680980 0.204679
vt 0.844439 0.732215
vt 0.836024 0.741071
vt 0.835349 0.729241
vt 0.621147 0.228065
vt 0.620070 0.210465
vt 0.621041 0.209326
vt 0.626310 0.222122
vt 0.681519 0.222737
vt 0.844063 0.716472
vt 0.834992 0.714983
vt 0.620070 0.246810
vt 0.620123 0.228857
vt 0.625719 0.240889
vt 0.680919 0.240798
vt 0.844064 0.699183
vt 0.834977 0.699271
vt 0.524736 0.424604
vt 0.537961 0.425456
vt 0.538071 0.426899
vt 0.623987 0.258413
vt 0.679223 0.257630
vt 0.844438 0.681527
vt 0.835303 0.683174
vt 0.512271 0.417530
vt 0.524911 0.422998
vt 0.621232 0.273500
vt 0.676544 0.272085
vt 0.845163 0.664707
vt 0.835950 0.667789
vt 0.501524 0.406158
vt 0.512751 0.415869
vt 0.690004 0.833269
vt 0.641012 0.851228
vt 0.645684 0.834833
vt 0.867639 0.604053
vt 0.848376 0.610174
vt 0.857461 0.600379
vt 0.493227 0.391262
vt 0.502309 0.404555
vt 0.691746 0.814734
vt 0.875170 0.589909
vt 0.864432 0.587606
vt 0.487947 0.373859
vt 0.494296 0.389828
vt 0.690181 0.795892
vt 0.647278 0.816955
vt 0.645684 0.798814
vt 0.879841 0.573500
vt 0.868814 0.572727
vt 0.486042 0.355134
vt 0.489259 0.372690
vt 0.685413 0.778025
vt 0.881333 0.555946
vt 0.870309 0.556755
vt 0.487644 0.336363
vt 0.487541 0.354311
vt 0.573689 0.063667
vt 0.607318 0.034973
vt 0.610923 0.053464
vt 0.879544 0.538441
vt 0.868814 0.540779
vt 0.492642 0.318826
vt 0.489259 0.335941
vt 0.607318 0.016738
vt 0.570308 0.045847
vt 0.570402 0.028305
vt 0.874598 0.522180
vt 0.864432 0.525887
vt 0.500696 0.303717
vt 0.494296 0.318834
vt 0.056198 0.554917
vt 0.112249 0.547957
vt 0.113406 0.557726
vt 0.866830 0.508270
vt 0.857461 0.513095
vt 0.511257 0.292066
vt 0.502309 0.304154
vt 0.057125 0.568754
vt 0.114290 0.571141
vt 0.856770 0.497658
vt 0.523605 0.284668
vt 0.512751 0.292903
vt 0.057708 0.585455
vt 0.042566 0.750737
vt 0.049899 0.733983
vt 0.050451 0.751529
vt 0.536899 0.282026
vt 0.524911 0.285847
vt 0.057906 0.603882
vt 0.114842 0.587289
vt 0.115023 0.605067
vt 0.050451 0.716469
vt 0.042018 0.734774
vt 0.042476 0.718789
vt 0.550234 0.284321
vt 0.537961 0.283467
vt 0.057708 0.622781
vt 0.114821 0.623266
vt 0.765750 0.661767
vt 0.784793 0.656593
vt 0.776024 0.665444
vt 0.689998 0.651809
vt 0.682839 0.644471
vt 0.683451 0.642881
vt 0.057125 0.640861
vt 0.114251 0.640644
vt 0.758347 0.675109
vt 0.769179 0.677475
vt 0.695052 0.664733
vt 0.689201 0.653405
vt 0.056198 0.656893
vt 0.753585 0.690995
vt 0.764723 0.691865
vt 0.698269 0.680772
vt 0.694082 0.666224
vt 0.744132 0.186910
vt 0.791315 0.174592
vt 0.795160 0.189931
vt 0.751791 0.708342
vt 0.762961 0.707635
vt 0.699429 0.698834
vt 0.697150 0.682053
vt 0.746224 0.204887
vt 0.797122 0.207287
vt 0.753085 0.725970
vt 0.764013 0.723710
vt 0.698196 0.699814
vt 0.746224 0.223766
vt 0.757380 0.742675
vt 0.215271 0.955874
vt 0.222653 0.972066
vt 0.215645 0.973977
vt 0.830812 0.223888
vt 0.824944 0.204969
vt 0.834329 0.206404
vt 0.821296 0.273073
vt 0.825798 0.292470
vt 0.817284 0.289494
vt 0.815309 0.139199
vt 0.797122 0.135207
vt 0.803914 0.128846
vt 0.215283 0.937360
vt 0.222306 0.955750
vt 0.826938 0.259433
vt 0.829373 0.277587
vt 0.824583 0.153167
vt 0.807455 0.144450
vt 0.215678 0.919697
vt 0.222306 0.939030
vt 0.831104 0.169796
vt 0.815890 0.156977
vt 0.824944 0.188304
vt 0.834429 0.187954
vt 0.824119 0.239213
vt 0.821856 0.220794
vt 0.821017 0.359411
vt 0.834428 0.366736
vt 0.826575 0.371951
vt 0.817109 0.343768
vt 0.829373 0.355507
vt 0.821856 0.171935
vt 0.539302 0.708306
vt 0.547787 0.725401
vt 0.539847 0.726689
vt 0.815117 0.326088
vt 0.825798 0.341453
vt 0.539914 0.689940
vt 0.547265 0.708821
vt 0.814704 0.251337
vt 0.815891 0.234701
vt 0.815177 0.307576
vt 0.823947 0.325529
vt 0.541642 0.672844
vt 0.547787 0.692223
vt 0.549320 0.740835
vt 0.541514 0.743839
vt 0.803210 0.259433
vt 0.807455 0.245741
vt 0.823947 0.308822
vt 0.911373 0.742663
vt 0.911373 0.724316
vt 0.918115 0.730284
vt 0.793250 0.666021
vt 0.805126 0.682758
vt 0.792578 0.681994
vt 0.911965 0.424243
vt 0.898855 0.410332
vt 0.909581 0.407750
vt 0.794209 0.651879
vt 0.805763 0.667609
vt 0.860620 0.192710
vt 0.876464 0.204914
vt 0.864191 0.206766
vt 0.858775 0.176786
vt 0.873078 0.191581
vt 0.858780 0.160079
vt 0.871328 0.176476
vt 0.860635 0.143727
vt 0.871334 0.160630
vt 0.864214 0.128846
vt 0.873095 0.145122
vt 0.002141 0.766822
vt 0.017144 0.777678
vt 0.004614 0.780051
vt 0.000567 0.751392
vt 0.014799 0.765129
vt -0.000000 0.734813
vt 0.013307 0.750493
vt 0.000478 0.718214
vt 0.012769 0.734768
vt 0.001969 0.702727
vt 0.013224 0.719025
vt 0.004371 0.689408
vt 0.014638 0.704338
vt 0.007520 0.679163
vt 0.016917 0.691706
vt 0.896136 0.378041
vt 0.876489 0.371537
vt 0.885995 0.366850
vt 0.904181 0.391991
vt 0.886107 0.382152
vt 0.911174 0.440347
vt 0.901116 0.425976
vt 0.907260 0.454964
vt 0.900363 0.441249
vt 0.792623 0.729842
vt 0.805831 0.739804
vt 0.793322 0.742136
vt 0.792253 0.715030
vt 0.805168 0.728142
vt 0.792238 0.698710
vt 0.804817 0.714093
vt 0.893736 0.395385
vt 0.804803 0.698613
vt 0.679706 0.675934
vt 0.680967 0.692366
vt 0.677831 0.676439
vt 0.030632 0.426384
vt 0.043420 0.424898
vt 0.031242 0.428455
vt 0.042583 0.560652
vt 0.031395 0.553157
vt 0.043584 0.558719
vt 0.673552 0.661914
vt 0.671774 0.662918
vt 0.019338 0.434403
vt 0.020329 0.436366
vt 0.055577 0.561867
vt 0.056198 0.559757
vt 0.000000 0.496822
vt 0.001894 0.479577
vt 0.001915 0.497195
vt 0.664798 0.651296
vt 0.663207 0.652724
vt 0.010092 0.446371
vt 0.011425 0.448090
vt 0.653331 0.770739
vt 0.641012 0.775843
vt 0.652715 0.768642
vt 0.679412 0.728097
vt 0.671774 0.743364
vt 0.677831 0.727009
vt 0.654039 0.644804
vt 0.652715 0.646554
vt 0.673085 0.744894
vt 0.663207 0.757564
vt 0.009710 0.530977
vt 0.005201 0.514481
vt 0.011526 0.530258
vt 0.003524 0.461474
vt 0.005137 0.462828
vt 0.664190 0.759438
vt 0.003284 0.514659
vt 0.682739 0.710193
vt 0.680967 0.709615
vt 0.642010 0.642881
vt 0.641012 0.644827
vt 0.018841 0.544662
vt 0.020460 0.543450
vt 0.000082 0.478682
vt 0.682839 0.692401
vt 0.043204 0.422862
vt 0.056034 0.425936
vt 0.030053 0.554784
vt 0.046220 0.691040
vt 0.044084 0.765591
vt 0.881004 0.430972
vt 0.878699 0.415090
vt 0.787176 0.722512
vt 0.790921 0.737562
vt 0.043909 0.703872
vt 0.903604 0.131242
vt 0.876491 0.131008
vt 0.900161 0.192743
vt 0.786131 0.706680
vt 0.900161 0.145577
vt 0.898379 0.177412
vt 0.836872 0.654165
vt 0.806673 0.654197
vt 0.787857 0.691144
vt 0.898379 0.161325
vt 0.876489 0.460562
vt 0.896649 0.455112
vt 0.792238 0.676964
vt 0.880250 0.446481
vt 0.955397 0.861090
vt 0.956967 0.882135
vt 0.955397 0.883770
vt 0.328773 0.902499
vt 0.327383 0.880603
vt 0.328773 0.879123
vt 0.253891 0.963758
vt 0.257116 0.980229
vt 0.252768 0.965681
vt 0.558848 0.951688
vt 0.558152 0.915856
vt 0.559632 0.917245
vt 0.579875 0.949883
vt 0.581527 0.915852
vt 0.581527 0.951434
vt 0.483090 0.139626
vt 0.487883 0.123393
vt 0.487883 0.140448
vt 0.227726 0.954048
vt 0.223234 0.979173
vt 0.223234 0.953830
vt 0.943104 0.204829
vt 0.946261 0.189345
vt 0.946261 0.206680
vt 0.396226 0.984197
vt 0.400667 0.951762
vt 0.400667 0.984602
vt 0.947290 0.189213
vt 0.953365 0.142371
vt 0.956931 0.189312
vt 0.312929 0.907258
vt 0.316788 0.954065
vt 0.305603 0.953672
vt 0.317820 0.907287
vt 0.323495 0.904443
vt 0.948255 0.942870
vt 0.944040 0.893080
vt 0.948890 0.895751
vt 0.953538 0.942836
vt 0.953420 0.895747
vt 0.938919 0.793578
vt 0.947144 0.749722
vt 0.944149 0.794809
vt 0.952141 0.748577
vt 0.952141 0.797479
vt 0.089832 0.962222
vt 0.093598 0.917931
vt 0.092750 0.962849
vt 0.395945 0.810377
vt 0.392164 0.764132
vt 0.394913 0.764174
vt 0.934108 0.792239
vt 0.931424 0.750869
vt 0.936544 0.792026
vt 0.131121 0.611103
vt 0.129245 0.564266
vt 0.131121 0.564114
vt 0.918860 0.799097
vt 0.924466 0.792247
vt 0.926247 0.799104
vt 0.934070 0.799104
vt 0.937219 0.799099
vt 0.938919 0.799094
vt 0.388058 0.965835
vt 0.380740 0.973310
vt 0.380929 0.962120
vt 0.387935 0.957103
vt 0.387653 0.950548
vt 0.380740 0.952844
vt 0.952572 0.949565
vt 0.395232 0.817893
vt 0.393024 0.811214
vt 0.896587 0.296722
vt 0.897449 0.289222
vt 0.898857 0.296722
vt 0.090538 0.968965
vt 0.093598 0.968667
vt 0.939391 0.799439
vt 0.316400 0.966190
vt 0.316400 0.977265
vt 0.313248 0.973676
vt 0.548682 0.281024
vt 0.546510 0.277134
vt 0.547613 0.276675
vt 0.548839 0.276693
vt 0.550625 0.277794
vt 0.316309 0.904536
vt 0.310005 0.904443
vt 0.815653 0.123904
vt 0.813054 0.128638
vt 0.813054 0.121959
vt 0.949873 0.893117
vt 0.160951 0.987625
vt 0.163143 0.990509
vt 0.160951 0.990865
vt 0.803162 0.122608
vt 0.801933 0.126420
vt 0.801933 0.121959
vt 0.804869 0.124236
vt 0.946387 0.746649
vt 0.942652 0.748808
vt 0.940742 0.745340
vt 0.948058 0.142395
vt 0.943310 0.139459
vt 0.949132 0.139608
vt 0.954833 0.139673
vt 0.956931 0.139694
vt 0.388775 0.950548
vt 0.394564 0.981096
vt 0.388058 0.981096
vt 0.983726 0.348607
vt 0.977836 0.384415
vt 0.977836 0.346419
vt 0.975685 0.714095
vt 0.975685 0.744712
vt 0.970715 0.716614
vt 0.977406 0.397346
vt 0.983674 0.430736
vt 0.977406 0.433221
vt 0.963549 0.108130
vt 0.956964 0.138705
vt 0.956964 0.107987
vt 0.953317 0.711863
vt 0.958329 0.744712
vt 0.947211 0.710711
vt 0.853039 0.951872
vt 0.849090 0.983777
vt 0.849052 0.951910
vt 0.911965 0.491928
vt 0.943756 0.486414
vt 0.943781 0.491928
vt 0.486042 0.908244
vt 0.517200 0.913435
vt 0.486266 0.913561
vt 0.880050 0.614969
vt 0.848442 0.619827
vt 0.848377 0.614969
vt 0.507860 0.948072
vt 0.501476 0.948091
vt 0.880370 0.619935
vt 0.862394 0.651495
vt 0.925177 0.450434
vt 0.931744 0.450367
vt 0.583483 0.928086
vt 0.611543 0.916973
vt 0.611543 0.947380
vt 0.901087 0.124596
vt 0.900206 0.118956
vt 0.903453 0.121600
vt 0.898332 0.114385
vt 0.896871 0.121058
vt 0.894253 0.115014
vt 0.894329 0.108429
vt 0.896869 0.102440
vt 0.898332 0.109109
vt 0.901076 0.098963
vt 0.900206 0.104543
vt 0.818053 0.121667
vt 0.820495 0.127866
vt 0.818053 0.128234
vt 0.502831 0.949341
vt 0.496463 0.950906
vt 0.498384 0.948091
vt 0.502403 0.955207
vt 0.506206 0.953776
vt 0.503322 0.960150
vt 0.506072 0.966787
vt 0.507428 0.959933
vt 0.502838 0.972093
vt 0.502403 0.965329
vt 0.496463 0.971151
vt 0.499893 0.969356
vt 0.868491 0.985600
vt 0.869837 0.951872
vt 0.869837 0.986173
vt 0.957829 0.248405
vt 0.951989 0.200393
vt 0.956361 0.199737
vt 0.966562 0.346419
vt 0.969928 0.397346
vt 0.961513 0.394846
vt 0.968206 0.253655
vt 0.964873 0.291161
vt 0.958951 0.248405
vt 0.977072 0.811313
vt 0.970287 0.854193
vt 0.967489 0.811313
vt 0.968968 0.249167
vt 0.419268 0.992793
vt 0.419268 0.987625
vt 0.420584 0.992309
vt 0.729263 0.988982
vt 0.729326 0.987625
vt 0.729326 0.990966
vt 0.709606 0.989088
vt 0.710067 0.987625
vt 0.710681 0.989088
vt 0.721639 0.989530
vt 0.721096 0.988828
vt 0.721639 0.987625
vt 0.218956 0.988692
vt 0.217380 0.990858
vt 0.218828 0.987625
vt 0.725582 0.989808
vt 0.725195 0.988510
vt 0.725582 0.987625
vt 0.668326 0.275408
vt 0.669076 0.280933
vt 0.665544 0.274762
vt 0.633386 0.273500
vt 0.630493 0.282023
vt 0.629376 0.273500
vt 0.882819 0.365535
vt 0.886686 0.357123
vt 0.887581 0.365535
vt 0.570202 0.061530
vt 0.570202 0.068610
vt 0.566611 0.062361
vt 0.975462 0.101241
vt 0.969531 0.135655
vt 0.965041 0.101241
vt 0.969928 0.394579
vt 0.973779 0.346419
vt 0.977836 0.391140
vt 0.984079 0.888092
vt 0.985537 0.851114
vt 0.985537 0.892492
vt 0.960290 0.491414
vt 0.956947 0.449377
vt 0.961052 0.448746
vt 0.960130 0.200040
vt 0.967387 0.247117
vt 0.957829 0.247117
vt 0.951013 0.496500
vt 0.961052 0.496428
vt 0.466955 0.987625
vt 0.466955 0.993198
vt 0.465787 0.992775
vt 0.728734 0.987625
vt 0.728734 0.990603
vt 0.728599 0.988992
vt 0.622877 0.988682
vt 0.624093 0.990680
vt 0.623644 0.991669
vt 0.633717 0.281502
vt 0.636414 0.282003
vt 0.634939 0.282023
vt 0.702090 0.989024
vt 0.701040 0.989838
vt 0.701378 0.988678
vt 0.624093 0.987625
vt 0.623656 0.988827
vt 0.638064 0.273548
vt 0.633717 0.273590
vt 0.454349 0.822140
vt 0.452033 0.831569
vt 0.450138 0.822140
vt 0.662012 0.274818
vt 0.658930 0.280785
vt 0.658041 0.274762
vt 0.903267 0.289222
vt 0.903267 0.297053
vt 0.901109 0.295377
vt 0.949890 0.653038
vt 0.953624 0.661973
vt 0.949890 0.662305
vt 0.457054 0.978397
vt 0.465939 0.946086
vt 0.465926 0.979473
vt 0.592654 0.951590
vt 0.583450 0.975432
vt 0.583421 0.951549
vt 0.580076 0.977482
vt 0.577248 0.977653
vt 0.575480 0.976020
vt 0.577026 0.973134
vt 0.580076 0.951804
vt 0.575480 0.953280
vt 0.577248 0.951688
vt 0.576998 0.956105
vt 0.581514 0.953645
vt 0.143588 0.978490
vt 0.146013 0.969399
vt 0.146013 0.978577
vt 0.583570 0.947380
vt 0.543798 0.068404
vt 0.539757 0.060337
vt 0.542566 0.060144
vt 0.790052 0.972198
vt 0.792149 0.981254
vt 0.790052 0.981376
vt 0.796671 0.128673
vt 0.796671 0.121382
vt 0.799199 0.127394
vt 0.457038 0.948348
vt 0.456666 0.945515
vt 0.456666 0.980555
vt 0.705443 0.957897
vt 0.711498 0.968875
vt 0.705443 0.973988
vt 0.658048 0.954406
vt 0.664409 0.960570
vt 0.658048 0.970606
vt 0.374276 0.862777
vt 0.380721 0.854776
vt 0.387908 0.860370
vt 0.768325 0.540810
vt 0.762416 0.538370
vt 0.766177 0.527974
vt 0.392210 0.866304
vt 0.368483 0.879847
vt 0.103688 0.940012
vt 0.103909 0.950225
vt 0.096424 0.951368
vt 0.392273 0.901670
vt 0.161329 0.875451
vt 0.162171 0.862638
vt 0.172506 0.862605
vt 0.842502 0.987183
vt 0.841096 0.953470
vt 0.844511 0.952337
vt 0.117131 0.950043
vt 0.112622 0.950326
vt 0.112622 0.939647
vt 0.176098 0.953853
vt 0.180344 0.962375
vt 0.177058 0.967450
vt 0.180344 0.971450
vt 0.176098 0.979932
vt 0.759451 0.524950
vt 0.768325 0.521797
vt 0.065363 0.955492
vt 0.056245 0.965556
vt 0.056198 0.953577
vt 0.830357 0.375116
vt 0.837018 0.389806
vt 0.830320 0.391128
vt 0.972029 0.192817
vt 0.978418 0.182948
vt 0.978418 0.197336
vt 0.977587 0.810889
vt 0.971189 0.801022
vt 0.977587 0.796434
vt 0.685433 0.528931
vt 0.692525 0.540273
vt 0.684558 0.540273
vt 0.549686 0.862342
vt 0.535080 0.867756
vt 0.540721 0.857365
vt 0.560740 0.877583
vt 0.555570 0.865814
vt 0.565297 0.871834
vt 0.532591 0.876524
vt 0.103690 0.933373
vt 0.096526 0.922985
vt 0.103909 0.922797
vt 0.543257 0.915090
vt 0.569908 0.911785
vt 0.103235 0.920682
vt 0.094843 0.920274
vt 0.189258 0.876459
vt 0.179296 0.862816
vt 0.189574 0.863550
vt 0.117131 0.921505
vt 0.112622 0.932468
vt 0.112622 0.921789
vt 0.547450 0.846371
vt 0.552402 0.854823
vt 0.545035 0.849868
vt 0.569908 0.859527
vt 0.560218 0.859401
vt 0.558805 0.853689
vt 0.259753 0.653143
vt 0.250631 0.640631
vt 0.259753 0.640262
vt 0.785867 0.266239
vt 0.776982 0.279852
vt 0.776982 0.263694
vt 0.246396 0.963758
vt 0.252768 0.973641
vt 0.246396 0.978185
vt 0.975805 0.555229
vt 0.969389 0.565080
vt 0.969389 0.550666
vt 0.461688 0.526917
vt 0.448993 0.542461
vt 0.460692 0.524458
vt 0.867705 0.949377
vt 0.869999 0.923288
vt 0.870150 0.949610
vt 0.161651 0.886696
vt 0.191395 0.921184
vt 0.161329 0.920195
vt 0.179900 0.853707
vt 0.172658 0.853466
vt 0.722150 0.957897
vt 0.722150 0.924504
vt 0.652452 0.280840
vt 0.650634 0.273739
vt 0.654071 0.273739
vt 0.972029 0.182948
vt 0.972029 0.199111
vt 0.965904 0.188905
vt 0.451096 0.543356
vt 0.449387 0.545316
vt 0.540359 0.915852
vt 0.642611 0.973372
vt 0.641012 0.982104
vt 0.641012 0.972997
vt 0.627383 0.989956
vt 0.625307 0.989956
vt 0.625499 0.987625
vt 0.461917 0.775567
vt 0.461917 0.789366
vt 0.458945 0.788733
vt 0.451207 0.542766
vt 0.460040 0.775866
vt 0.530290 0.877768
vt 0.548567 0.657636
vt 0.549268 0.670458
vt 0.546926 0.657304
vt 0.952423 0.055907
vt 0.952423 0.044757
vt 0.955208 0.054786
vt 0.867406 0.949993
vt 0.103235 0.951927
vt 0.867406 0.922578
vt 0.868830 0.920672
vt 0.392165 0.848833
vt 0.395694 0.818923
vt 0.394769 0.848285
vt 0.982575 0.690401
vt 0.984119 0.679024
vt 0.984119 0.691630
vt 0.082107 0.991540
vt 0.083644 0.987625
vt 0.085364 0.991540
vt 0.024534 0.991472
vt 0.028008 0.987625
vt 0.027967 0.991035
vt 0.410278 0.139449
vt 0.413205 0.142881
vt 0.410278 0.143658
vt 0.396482 0.139964
vt 0.399328 0.141746
vt 0.396482 0.143525
vt 0.105732 0.989109
vt 0.104827 0.998790
vt 0.104827 0.987625
vt 0.965865 0.187427
vt 0.460624 0.567863
vt 0.451200 0.544005
vt 0.461688 0.565726
vt 0.845256 0.918556
vt 0.845728 0.916127
vt 0.867705 0.923351
vt 0.844533 0.945219
vt 0.844533 0.919290
vt 0.985703 0.675726
vt 0.984325 0.679029
vt 0.984325 0.663285
vt 0.165639 0.985223
vt 0.164258 0.981916
vt 0.165639 0.969478
vt 0.946261 0.198776
vt 0.950153 0.189345
vt 0.950072 0.197677
vt 0.658834 0.531905
vt 0.667455 0.528931
vt 0.667052 0.533337
vt 0.906849 0.056491
vt 0.902457 0.046925
vt 0.906849 0.047323
vt 0.267078 0.536018
vt 0.263085 0.541427
vt 0.263085 0.534163
vt 0.768325 0.536580
vt 0.776301 0.537716
vt 0.769772 0.540672
vt 0.768448 0.520161
vt 0.982405 0.563750
vt 0.984218 0.552073
vt 0.984218 0.567786
vt 0.938127 0.191092
vt 0.928000 0.206139
vt 0.929548 0.190020
vt 0.707502 0.528931
vt 0.701027 0.537626
vt 0.699703 0.528931
vt 0.658834 0.539802
vt 0.696674 0.273253
vt 0.689089 0.281846
vt 0.689089 0.273989
vt 0.936772 0.181200
vt 0.928000 0.182972
vt 0.935469 0.962712
vt 0.925280 0.939900
vt 0.938091 0.943325
vt 0.928562 0.964701
vt 0.925280 0.960449
vt 0.930718 0.934005
vt 0.191121 0.849439
vt 0.190931 0.854074
vt 0.161627 0.853098
vt 0.161815 0.848464
vt 0.326095 0.830283
vt 0.327484 0.827009
vt 0.327484 0.843848
vt 0.740458 0.964341
vt 0.741844 0.967620
vt 0.740458 0.981181
vt 0.213227 0.987890
vt 0.215732 0.990661
vt 0.213047 0.990282
vt 0.185988 0.987625
vt 0.184320 0.990874
vt 0.183430 0.987625
vt 0.270496 0.990334
vt 0.268055 0.987625
vt 0.270737 0.987625
vt 0.510613 0.990372
vt 0.512838 0.987625
vt 0.512641 0.990401
vt 0.569304 0.990408
vt 0.567279 0.987741
vt 0.569304 0.987625
vt 0.263620 0.987625
vt 0.263620 0.991299
vt 0.261536 0.989524
vt 0.603032 0.990416
vt 0.601162 0.989073
vt 0.603032 0.987625
vt 0.546772 0.990278
vt 0.546772 0.987625
vt 0.549006 0.989208
vt 0.472982 0.990654
vt 0.470843 0.987628
vt 0.472982 0.987625
vt 0.140614 0.990653
vt 0.143319 0.988432
vt 0.143319 0.990830
vt 0.045441 0.988451
vt 0.045651 0.991482
vt 0.043686 0.991482
vt 0.051141 0.987625
vt 0.052703 0.989553
vt 0.052300 0.991481
vt 0.049177 0.987625
vt 0.042125 0.989553
vt 0.042527 0.987625
vt 0.049386 0.990655
vt 0.056229 0.989553
vt 0.055826 0.991481
vt 0.054667 0.987625
vt 0.601162 0.990415
vt 0.599292 0.989073
vt 0.601162 0.987625
vt 0.052912 0.990655
vt 0.052703 0.987625
vt 0.429436 0.987625
vt 0.429436 0.990580
vt 0.427210 0.989494
vt 0.273179 0.990334
vt 0.270737 0.987625
vt 0.273420 0.987625
vt 0.567279 0.990408
vt 0.565255 0.987741
vt 0.567279 0.987625
vt 0.207858 0.987890
vt 0.210362 0.990661
vt 0.207678 0.990282
vt 0.472982 0.991331
vt 0.472982 0.987625
vt 0.474731 0.988857
vt 0.048967 0.988451
vt 0.049177 0.991481
vt 0.045651 0.989553
vt 0.508389 0.990372
vt 0.510613 0.987625
vt 0.510416 0.990401
vt 0.047212 0.991481
vt 0.259153 0.987625
vt 0.261536 0.990421
vt 0.258799 0.990421
vt 0.046053 0.987625
vt 0.188263 0.987625
vt 0.188263 0.991277
vt 0.185988 0.988793
vt 0.143546 0.990652
vt 0.146252 0.988432
vt 0.146252 0.990830
vt 0.142337 0.290191
vt 0.132972 0.289623
vt 0.134301 0.287528
vt 0.409408 0.951761
vt 0.409513 0.959325
vt 0.406904 0.959579
vt 0.981907 0.117657
vt 0.978144 0.109289
vt 0.980973 0.109225
vt 0.980052 0.901342
vt 0.978914 0.910956
vt 0.977456 0.902598
vt 0.943305 0.810334
vt 0.939862 0.817554
vt 0.940345 0.810586
vt 0.122053 0.286684
vt 0.122635 0.284441
vt 0.406906 0.970006
vt 0.409508 0.969208
vt 0.978819 0.128739
vt 0.979310 0.117481
vt 0.977535 0.922264
vt 0.981414 0.910542
vt 0.979941 0.922698
vt 0.703086 0.970451
vt 0.703813 0.982007
vt 0.701448 0.982407
vt 0.112114 0.286590
vt 0.110759 0.284629
vt 0.412065 0.977747
vt 0.409728 0.979190
vt 0.981371 0.129341
vt 0.975463 0.137354
vt 0.974132 0.932438
vt 0.705443 0.970152
vt 0.701448 0.958688
vt 0.703670 0.957897
vt 0.103850 0.293175
vt 0.106503 0.293968
vt 0.649388 0.971197
vt 0.646820 0.979143
vt 0.646820 0.970479
vt 0.121279 0.798813
vt 0.129959 0.804620
vt 0.129495 0.807140
vt 0.253666 0.797672
vt 0.263841 0.805098
vt 0.262971 0.806983
vt 0.903604 0.205248
vt 0.909625 0.197824
vt 0.906047 0.206766
vt 0.100744 0.304554
vt 0.103596 0.304669
vt 0.261146 0.947925
vt 0.260555 0.936055
vt 0.263841 0.947720
vt 0.117415 0.785126
vt 0.115237 0.785911
vt 0.247631 0.784328
vt 0.255742 0.796657
vt 0.910143 0.184218
vt 0.912859 0.184766
vt 0.101063 0.315030
vt 0.103903 0.314576
vt 0.257781 0.925466
vt 0.257826 0.936111
vt 0.112818 0.774556
vt 0.247619 0.772284
vt 0.245322 0.772707
vt 0.912644 0.173141
vt 0.909915 0.173199
vt 0.105339 0.330748
vt 0.109065 0.332526
vt 0.260521 0.925641
vt 0.258735 0.909079
vt 0.261572 0.905965
vt 0.112989 0.756183
vt 0.115158 0.774522
vt 0.248046 0.753916
vt 0.245826 0.753661
vt 0.911066 0.153936
vt 0.908452 0.156105
vt 0.259776 0.846652
vt 0.905190 0.079381
vt 0.262787 0.832295
vt 0.261481 0.679646
vt 0.263841 0.678844
vt 0.127550 0.696260
vt 0.127737 0.680899
vt 0.129959 0.678548
vt 0.140411 0.395561
vt 0.139475 0.409519
vt 0.137804 0.396490
vt 0.260140 0.828825
vt 0.263299 0.817379
vt 0.126074 0.667264
vt 0.128335 0.666822
vt 0.260160 0.666059
vt 0.262368 0.665188
vt 0.907077 0.065642
vt 0.904341 0.065569
vt 0.140101 0.419718
vt 0.142337 0.409577
vt 0.261123 0.806983
vt 0.260565 0.817006
vt 0.123480 0.656893
vt 0.121521 0.657955
vt 0.257945 0.655817
vt 0.256051 0.657357
vt 0.903604 0.056650
vt 0.459252 0.822140
vt 0.461804 0.831678
vt 0.459252 0.831234
vt 0.658048 0.971127
vt 0.660672 0.978605
vt 0.658048 0.979719
vt 0.977953 0.101242
vt 0.975463 0.101514
vt 0.976264 0.893080
vt 0.974132 0.894866
vt 0.939862 0.801557
vt 0.942715 0.801175
vt 0.682839 0.765744
vt 0.621232 0.171058
vt 0.792238 0.770370
vt 0.778588 0.984439
vt 0.777100 0.984119
vt 0.778588 0.972126
vt 0.845163 0.745340
vt 0.551011 0.423075
vt 0.685071 0.850233
vt 0.857761 0.614969
vt 0.641012 0.781646
vt 0.610923 -0.000000
vt 0.848376 0.503273
vt 0.551011 0.285925
vt 0.775291 0.651879
vt 0.113350 0.656018
vt 0.740090 0.171058
vt 0.834428 0.265188
vt 0.222653 0.923046
vt 0.549320 0.676741
vt 0.797122 0.253163
vt 0.232463 0.953830
vt 0.238249 0.960802
vt 0.232463 0.973037
vt 0.019905 0.681991
vt 0.641250 0.778025
vt 0.056198 0.424076
vt 0.046468 0.778323
vt 0.903604 0.206271
vt 0.251655 0.987625
vt 0.253323 0.989100
vt 0.251655 0.992317
vt 0.558019 0.951360
vt 0.483449 0.140499
vt 0.483431 0.123601
vt 0.227668 0.979096
vt 0.252768 0.981377
vt 0.395964 0.951958
vt 0.326066 0.954045
vt 0.090854 0.918201
vt 0.932367 0.745444
vt 0.930023 0.745340
vt 0.101985 0.992705
vt 0.099903 0.992705
vt 0.101453 0.987625
vt 0.388033 0.974166
vt 0.387931 0.976978
vt 0.946171 0.949603
vt 0.392165 0.817956
vt 0.945751 0.800401
vt 0.925280 0.978216
vt 0.921498 0.971780
vt 0.925280 0.966003
vt 0.546243 0.282026
vt 0.550625 0.281909
vt 0.955573 0.893080
vt 0.163664 0.987760
vt 0.804104 0.128119
vt 0.982061 0.624675
vt 0.987351 0.622568
vt 0.987351 0.660812
vt 0.960208 0.710711
vt 0.853039 0.983821
vt 0.911973 0.486326
vt 0.516821 0.908244
vt 0.868971 0.651516
vt 0.583421 0.921809
vt 0.903453 0.101910
vt 0.820547 0.122613
vt 0.499893 0.951823
vt 0.498583 0.974387
vt 0.947408 0.248405
vt 0.969928 0.347112
vt 0.406787 0.983247
vt 0.405383 0.986611
vt 0.405383 0.951762
vt 0.968968 0.292073
vt 0.974261 0.854386
vt 0.059369 0.975371
vt 0.062796 0.974938
vt 0.061062 0.975679
vt 0.218243 0.990467
vt 0.218438 0.991855
vt 0.721095 0.989504
vt 0.720506 0.989504
vt 0.720935 0.987625
vt 0.883638 0.356289
vt 0.885045 0.356578
vt 0.723414 0.987625
vt 0.723414 0.989354
vt 0.722830 0.988034
vt 0.218956 0.992768
vt 0.665544 0.281194
vt 0.059369 0.966518
vt 0.062937 0.966209
vt 0.628327 0.281750
vt 0.633717 0.281798
vt 0.982164 0.497188
vt 0.980529 0.488265
vt 0.982164 0.487907
vt 0.985353 0.494167
vt 0.983945 0.494444
vt 0.983945 0.448746
vt 0.973906 0.136471
vt 0.969928 0.347153
vt 0.964072 0.199738
vt 0.701040 0.987625
vt 0.717374 0.988836
vt 0.716552 0.989204
vt 0.716552 0.987625
vt 0.707245 0.987625
vt 0.707245 0.989377
vt 0.706216 0.987973
vt 0.637830 0.281627
vt 0.678533 0.971135
vt 0.676082 0.970885
vt 0.677473 0.970931
vt 0.449653 0.830974
vt 0.451204 0.831453
vt 0.454534 0.830953
vt 0.662012 0.280684
vt 0.676082 0.980072
vt 0.952848 0.653383
vt 0.592773 0.978743
vt 0.583592 0.979263
vt 0.581527 0.975674
vt 0.142949 0.969316
vt 0.592773 0.947461
vt 0.539757 0.068389
vt 0.792228 0.972051
vt 0.506294 0.068120
vt 0.506294 0.060912
vt 0.510422 0.061293
vt 0.369001 0.911314
vt 0.839601 0.948244
vt 0.179427 0.953425
vt 0.179426 0.980401
vt 0.762239 0.516761
vt 0.065363 0.966209
vt 0.837018 0.371952
vt 0.972480 0.189709
vt 0.971645 0.804133
vt 0.392165 0.817956
vt 0.568266 0.863475
vt 0.250566 0.654995
vt 0.785917 0.280724
vt 0.252318 0.970526
vt 0.975347 0.558332
vt 0.188811 0.887601
vt 0.703120 0.952306
vt 0.546926 0.671094
vt 0.433727 0.977993
vt 0.430402 0.969130
vt 0.433727 0.968879
vt 0.844778 0.918767
vt 0.152589 0.972115
vt 0.154227 0.972390
vt 0.152589 0.984099
vt 0.395149 0.901474
vt 0.395149 0.867001
vt 0.447365 0.980162
vt 0.444892 0.978905
vt 0.447365 0.968913
vt 0.721639 0.987625
vt 0.722071 0.989588
vt 0.721639 0.989971
vt 0.868830 0.951872
vt 0.839601 0.986830
vt 0.157248 0.983070
vt 0.155761 0.984577
vt 0.155761 0.972115
vt 0.088896 0.993328
vt 0.086785 0.989333
vt 0.088896 0.987625
vt 0.024442 0.987625
vt 0.413647 0.138654
vt 0.399463 0.138604
vt 0.663786 0.958622
vt 0.965991 0.190801
vt 0.946261 0.190701
vt 0.938302 0.186481
vt 0.902585 0.056305
vt 0.776301 0.516761
vt 0.937815 0.958891
vt 0.937337 0.202373
vt 0.706276 0.538231
vt 0.667114 0.538875
vt 0.927184 0.936221
vt 0.694308 0.281365
vt 0.937567 0.938954
vt 0.934460 0.934908
vt 0.932308 0.965553
vt 0.215732 0.987625
vt 0.640861 0.987625
vt 0.642192 0.988854
vt 0.640861 0.991216
vt 0.431699 0.990531
vt 0.429436 0.988631
vt 0.431699 0.987625
vt 0.590941 0.987625
vt 0.593101 0.988847
vt 0.590941 0.990134
vt 0.268241 0.990402
vt 0.510613 0.987683
vt 0.459712 0.987625
vt 0.461472 0.990101
vt 0.459712 0.991330
vt 0.494864 0.991142
vt 0.493080 0.989006
vt 0.494864 0.987625
vt 0.652710 0.987625
vt 0.653336 0.990263
vt 0.651524 0.990263
vt 0.140386 0.987625
vt 0.270923 0.990402
vt 0.457952 0.987625
vt 0.459712 0.990101
vt 0.457952 0.991330
vt 0.210362 0.987625
vt 0.651524 0.987625
vt 0.651524 0.990336
vt 0.649761 0.989917
vt 0.586626 0.987625
vt 0.588786 0.988847
vt 0.586626 0.990134
vt 0.508389 0.987683
vt 0.494968 0.990406
vt 0.494864 0.987625
vt 0.497120 0.987625
vt 0.551239 0.989208
vt 0.549006 0.990278
vt 0.549006 0.987625
vt 0.642192 0.987625
vt 0.643523 0.988854
vt 0.642192 0.991216
vt 0.143319 0.987625
vt 0.140414 0.292266
vt 0.412065 0.952182
vt 0.942698 0.817521
vt 0.977197 0.139239
vt 0.975958 0.934359
vt 0.649303 0.980315
vt 0.123044 0.797205
vt 0.907027 0.196680
vt 0.249880 0.783672
vt 0.115319 0.758299
vt 0.907907 0.079295
vt 0.137422 0.418827
vt 0.263841 0.807639
vt 0.906357 0.056935
vt 0.461737 0.823049
vt 0.660520 0.970606
vt 0.223050 0.000023
vt 0.205210 0.001339
vt 0.204323 0.000000
vt 0.640948 0.459364
vt 0.583422 0.477592
vt 0.583441 0.459551
vt 0.319674 0.773078
vt 0.310078 0.791409
vt 0.310060 0.775445
vt 0.241140 0.004940
vt 0.223563 0.001573
vt 0.640985 0.441896
vt 0.583477 0.442775
vt 0.319641 0.756857
vt 0.310031 0.760588
vt 0.257358 0.014416
vt 0.241236 0.006595
vt 0.641039 0.426899
vt 0.583529 0.428407
vt 0.844533 0.857811
vt 0.864453 0.851671
vt 0.853082 0.862643
vt 0.270600 0.027803
vt 0.257025 0.016063
vt 0.401333 0.584692
vt 0.456861 0.572236
vt 0.450883 0.586792
vt 0.873122 0.837483
vt 0.854990 0.847964
vt 0.863015 0.835152
vt 0.279964 0.044191
vt 0.269855 0.029332
vt 0.397366 0.602180
vt 0.447125 0.603685
vt 0.878499 0.821048
vt 0.868059 0.820248
vt 0.284811 0.062463
vt 0.278851 0.045497
vt 0.395964 0.620934
vt 0.445844 0.621767
vt 0.880216 0.803485
vt 0.869780 0.804267
vt 0.284811 0.081372
vt 0.283398 0.063458
vt 0.397224 0.639677
vt 0.447126 0.639802
vt 0.878158 0.785991
vt 0.868059 0.788300
vt 0.279964 0.099632
vt 0.283190 0.081989
vt 0.401059 0.657130
vt 0.450883 0.656565
vt 0.872463 0.769758
vt 0.863015 0.773434
vt 0.270601 0.115997
vt 0.278238 0.099828
vt 0.407208 0.672105
vt 0.456861 0.670910
vt 0.863521 0.755893
vt 0.854991 0.760681
vt 0.257358 0.129352
vt 0.268881 0.115759
vt 0.811324 0.543072
vt 0.753774 0.555884
vt 0.753802 0.540864
vt 0.851940 0.745340
vt 0.844533 0.750912
vt 0.241140 0.138786
vt 0.255756 0.128698
vt 0.753759 0.573366
vt 0.811298 0.557618
vt 0.811284 0.574506
vt 0.701474 0.579723
vt 0.711025 0.565570
vt 0.711050 0.580478
vt 0.223051 0.143658
vt 0.239757 0.137761
vt 0.753759 0.592119
vt 0.701483 0.597287
vt 0.711060 0.596459
vt 0.204323 0.143634
vt 0.221976 0.142331
vt 0.811284 0.592585
vt 0.753772 0.610864
vt 0.701475 0.614780
vt 0.711052 0.612426
vt 0.186234 0.138718
vt 0.203623 0.142097
vt 0.753799 0.628324
vt 0.811298 0.610624
vt 0.811324 0.627392
vt 0.701448 0.631009
vt 0.711029 0.627289
vt 0.170016 0.129242
vt 0.185950 0.137075
vt 0.644525 0.556804
vt 0.695318 0.541350
vt 0.698671 0.556773
vt 0.040225 0.668143
vt 0.022649 0.674342
vt 0.029543 0.664451
vt 0.156773 0.115855
vt 0.170161 0.127607
vt 0.646732 0.574831
vt 0.700761 0.574176
vt 0.045943 0.653920
vt 0.147410 0.099466
vt 0.157331 0.114338
vt 0.647485 0.593717
vt 0.034836 0.651605
vt 0.049492 0.637462
vt 0.142562 0.081195
vt 0.148335 0.098173
vt 0.646733 0.612173
vt 0.701448 0.592372
vt 0.700683 0.610122
vt 0.050630 0.619893
vt 0.038165 0.636680
vt 0.039304 0.620693
vt 0.142562 0.062285
vt 0.143787 0.080212
vt 0.644525 0.628942
vt 0.698521 0.626215
vt 0.049280 0.602407
vt 0.038177 0.604733
vt 0.147409 0.044026
vt 0.143996 0.061681
vt 0.641012 0.642881
vt 0.695106 0.639555
vt 0.045534 0.586199
vt 0.034859 0.589888
vt 0.156773 0.027661
vt 0.148948 0.043842
vt 0.583526 0.538282
vt 0.640985 0.529344
vt 0.641039 0.540864
vt 0.039647 0.572371
vt 0.029576 0.577170
vt 0.170015 0.014306
vt 0.158305 0.027910
vt 0.640948 0.514336
vt 0.583476 0.527084
vt 0.583439 0.512550
vt 0.032021 0.561867
vt 0.022689 0.567445
vt 0.186234 0.004872
vt 0.171430 0.014972
vt 0.640929 0.496861
vt 0.583421 0.495669
vt 0.319702 0.808134
vt 0.310078 0.822307
vt 0.310084 0.807393
vt 0.187429 0.005909
vt 0.640928 0.478111
vt 0.319695 0.790568
vt 0.381900 0.453743
vt 0.389416 0.472752
vt 0.381119 0.471785
vt 0.275834 0.403396
vt 0.293383 0.408551
vt 0.290408 0.414583
vt 0.375353 0.302512
vt 0.356083 0.296797
vt 0.360779 0.291325
vt 0.360779 0.414176
vt 0.369994 0.397349
vt 0.375353 0.402819
vt 0.384104 0.437404
vt 0.390083 0.456436
vt 0.386536 0.317137
vt 0.369317 0.306797
vt 0.343807 0.421359
vt 0.356913 0.407701
vt 0.387582 0.423882
vt 0.392037 0.441626
vt 0.325593 0.423882
vt 0.341639 0.414302
vt 0.308753 0.414743
vt 0.307380 0.421571
vt 0.383941 0.508028
vt 0.395146 0.519567
vt 0.387351 0.523759
vt 0.290408 0.291732
vt 0.279472 0.308000
vt 0.275834 0.303088
vt 0.307380 0.284548
vt 0.292554 0.297648
vt 0.325212 0.416704
vt 0.395964 0.352546
vt 0.385974 0.335281
vt 0.393566 0.334203
vt 0.325593 0.282026
vt 0.307828 0.291046
vt 0.393566 0.370918
vt 0.388263 0.351824
vt 0.381816 0.490300
vt 0.392037 0.505431
vt 0.343807 0.284337
vt 0.324254 0.288644
vt 0.386537 0.388065
vt 0.386222 0.368425
vt 0.379512 0.319923
vt 0.390083 0.489464
vt 0.340714 0.290606
vt 0.379991 0.383953
vt 0.401704 0.767894
vt 0.411216 0.781727
vt 0.398592 0.780187
vt 0.267376 0.774808
vt 0.279723 0.791385
vt 0.267395 0.791385
vt 0.753682 0.551107
vt 0.741286 0.543722
vt 0.753630 0.540864
vt 0.753723 0.564426
vt 0.741336 0.553440
vt 0.753749 0.579912
vt 0.741374 0.566073
vt 0.753759 0.596510
vt 0.741399 0.580763
vt 0.753751 0.613089
vt 0.741408 0.596506
vt 0.753726 0.628520
vt 0.741400 0.612230
vt 0.753687 0.641750
vt 0.741377 0.626865
vt 0.753635 0.651879
vt 0.741340 0.639412
vt 0.003452 0.637040
vt 0.008852 0.650962
vt -0.000000 0.652544
vt 0.004629 0.620436
vt 0.012125 0.636256
vt 0.003452 0.603863
vt 0.013240 0.620507
vt -0.000000 0.588452
vt 0.012122 0.604789
vt 0.267376 0.836808
vt 0.279677 0.844200
vt 0.267346 0.847065
vt 0.267395 0.823479
vt 0.279706 0.834469
vt 0.267402 0.807986
vt 0.279723 0.821825
vt 0.267346 0.759385
vt 0.279705 0.775662
vt 0.398579 0.843992
vt 0.414145 0.855653
vt 0.401685 0.858128
vt 0.396628 0.828025
vt 0.411200 0.842244
vt 0.395964 0.811313
vt 0.409350 0.827098
vt 0.396635 0.794997
vt 0.408722 0.811248
vt 0.279730 0.807130
vt 0.409358 0.795772
vt 0.184875 0.289922
vt 0.199550 0.289519
vt 0.185223 0.292043
vt 0.144508 0.375594
vt 0.144580 0.358082
vt 0.146583 0.375583
vt 0.450748 0.457192
vt 0.455884 0.441802
vt 0.452236 0.458238
vt 0.171106 0.296966
vt 0.171903 0.299011
vt 0.150211 0.392392
vt 0.152226 0.391834
vt 0.449388 0.475267
vt 0.450992 0.475801
vt 0.199651 0.427017
vt 0.186081 0.422881
vt 0.200438 0.424972
vt 0.159283 0.308118
vt 0.160497 0.309947
vt 0.159283 0.406795
vt 0.161124 0.405727
vt 0.450592 0.493308
vt 0.452236 0.493294
vt 0.228195 0.296663
vt 0.238864 0.308763
vt 0.227317 0.298174
vt 0.150211 0.322617
vt 0.151782 0.324107
vt 0.460193 0.524458
vt 0.455884 0.509525
vt 0.461688 0.523387
vt 0.228195 0.417517
vt 0.214765 0.422448
vt 0.228085 0.415480
vt 0.171106 0.417820
vt 0.172672 0.416317
vt 0.454277 0.510086
vt 0.214426 0.424561
vt 0.214426 0.289765
vt 0.213907 0.291610
vt 0.144508 0.339475
vt 0.146353 0.340525
vt 0.240018 0.406366
vt 0.239491 0.404543
vt 0.184875 0.424718
vt 0.199650 0.287466
vt 0.142562 0.357545
vt 0.454579 0.440314
vt 0.461688 0.427614
vt 0.008847 0.590172
vt 0.710990 0.640035
vt 0.437985 0.794628
vt 0.437343 0.810343
vt 0.437984 0.826434
vt 0.710986 0.552752
vt 0.442860 0.768517
vt 0.414167 0.770069
vt 0.439866 0.841807
vt 0.003645 0.663623
vt 0.439866 0.780363
vt 0.826100 0.001857
vt 0.804154 0.000000
vt 0.825813 0.000811
vt 0.117108 0.974680
vt 0.115451 0.953433
vt 0.117108 0.951927
vt 0.866765 0.983854
vt 0.868491 0.951872
vt 0.868491 0.985245
vt 0.379428 0.986483
vt 0.379027 0.950773
vt 0.379886 0.951139
vt 0.825870 0.033885
vt 0.242051 0.977197
vt 0.246396 0.953925
vt 0.246396 0.977591
vt 0.740096 0.986761
vt 0.735303 0.951604
vt 0.740096 0.950688
vt 0.528770 0.982504
vt 0.525124 0.958858
vt 0.528770 0.958550
vt 0.374996 0.986910
vt 0.374996 0.950548
vt 0.907259 0.304504
vt 0.900872 0.350985
vt 0.896732 0.304174
vt 0.694784 0.905213
vt 0.688388 0.858708
vt 0.698595 0.858222
vt 0.690289 0.905496
vt 0.684734 0.908652
vt 0.677739 0.859127
vt 0.678806 0.906245
vt 0.672167 0.859411
vt 0.674304 0.906452
vt 0.923500 0.305190
vt 0.916836 0.352037
vt 0.917914 0.304918
vt 0.910900 0.354450
vt 0.457296 0.660265
vt 0.461628 0.621701
vt 0.459791 0.660062
vt 0.741844 0.910565
vt 0.737523 0.871984
vt 0.740030 0.872762
vt 0.052296 0.614054
vt 0.053029 0.568458
vt 0.056096 0.568932
vt 0.985160 0.397346
vt 0.985160 0.442904
vt 0.983674 0.442764
vt 0.911042 0.297863
vt 0.902136 0.297410
vt 0.962699 0.559594
vt 0.955555 0.553263
vt 0.962125 0.551356
vt 0.960589 0.548587
vt 0.958955 0.547429
vt 0.053128 0.562316
vt 0.693492 0.851593
vt 0.684575 0.852033
vt 0.676604 0.852436
vt 0.671102 0.852723
vt 0.740550 0.916980
vt 0.739368 0.910344
vt 0.458585 0.666690
vt 0.461628 0.666082
vt 0.924551 0.298518
vt 0.919023 0.298257
vt 0.561123 0.279493
vt 0.557693 0.279950
vt 0.557657 0.278726
vt 0.557693 0.277505
vt 0.557895 0.276010
vt 0.561103 0.277824
vt 0.692380 0.908195
vt 0.698363 0.907904
vt 0.677068 0.908960
vt 0.242736 0.421910
vt 0.245475 0.425021
vt 0.243687 0.426331
vt 0.241792 0.426331
vt 0.240018 0.425021
vt 0.918570 0.354755
vt 0.921352 0.352230
vt 0.924551 0.355045
vt 0.905353 0.351284
vt 0.903258 0.353987
vt 0.557895 0.281471
vt 0.552315 0.948924
vt 0.558019 0.985523
vt 0.552315 0.987406
vt 0.200189 0.977681
vt 0.206890 0.951402
vt 0.206890 0.977945
vt 0.981664 0.974757
vt 0.987344 0.937951
vt 0.987344 0.976620
vt 0.628828 0.949190
vt 0.635140 0.983534
vt 0.628828 0.983917
vt 0.542688 0.985447
vt 0.548414 0.948924
vt 0.548414 0.987334
vt 0.530290 0.983599
vt 0.535122 0.948924
vt 0.536640 0.983599
vt 0.615265 0.875043
vt 0.583421 0.880424
vt 0.583524 0.875043
vt 0.741955 0.908888
vt 0.772517 0.914016
vt 0.742402 0.914065
vt 0.908430 0.460562
vt 0.876543 0.465100
vt 0.876489 0.460562
vt 0.942180 0.503168
vt 0.910348 0.497658
vt 0.942297 0.497658
vt 0.908338 0.465289
vt 0.888992 0.497499
vt 0.923110 0.539511
vt 0.910310 0.503296
vt 0.759274 0.947568
vt 0.602634 0.916916
vt 0.615414 0.880526
vt 0.946067 0.953185
vt 0.947982 0.959870
vt 0.944114 0.959200
vt 0.951867 0.952616
vt 0.949203 0.949603
vt 0.810339 0.128544
vt 0.807596 0.122622
vt 0.810339 0.121959
vt 0.823484 0.970372
vt 0.830450 0.970899
vt 0.828340 0.973844
vt 0.820532 0.964350
vt 0.826712 0.968274
vt 0.824554 0.958438
vt 0.824554 0.963713
vt 0.820597 0.957747
vt 0.826712 0.953861
vt 0.830450 0.951209
vt 0.823484 0.951753
vt 0.828340 0.948244
vt 0.694996 0.426875
vt 0.697760 0.420930
vt 0.697714 0.426206
vt 0.946067 0.971802
vt 0.951867 0.972305
vt 0.949203 0.975304
vt 0.947982 0.965146
vt 0.944040 0.965784
vt 0.193008 0.715699
vt 0.193008 0.764541
vt 0.191466 0.715844
vt 0.437921 0.952024
vt 0.437921 0.980160
vt 0.433727 0.978887
vt 0.969306 0.544659
vt 0.965179 0.498074
vt 0.973987 0.497658
vt 0.963582 0.898466
vt 0.957908 0.944108
vt 0.955573 0.893080
vt 0.961689 0.745340
vt 0.956371 0.795945
vt 0.952141 0.745340
vt 0.964629 0.893080
vt 0.480331 0.993029
vt 0.480341 0.987625
vt 0.481512 0.993029
vt 0.685520 0.989130
vt 0.684353 0.990394
vt 0.684799 0.989021
vt 0.724800 0.989816
vt 0.724800 0.987625
vt 0.725195 0.989044
vt 0.729326 0.987625
vt 0.729386 0.989750
vt 0.729326 0.990596
vt 0.689027 0.988490
vt 0.690126 0.987625
vt 0.689736 0.989012
vt 0.938283 0.047003
vt 0.939838 0.047517
vt 0.936359 0.047428
vt 0.718765 0.987625
vt 0.719301 0.989090
vt 0.718765 0.989805
vt 0.936359 0.056215
vt 0.940373 0.056319
vt 0.925776 0.297191
vt 0.929215 0.288899
vt 0.930053 0.297191
vt 0.919727 0.364720
vt 0.916777 0.355566
vt 0.919727 0.355212
vt 0.715482 0.281831
vt 0.713107 0.273253
vt 0.716090 0.274625
vt 0.980393 0.571838
vt 0.974223 0.616569
vt 0.974223 0.568316
vt 0.976175 0.200233
vt 0.972054 0.246452
vt 0.967387 0.199738
vt 0.790789 0.895533
vt 0.792238 0.850821
vt 0.792238 0.900724
vt 0.978157 0.790931
vt 0.975297 0.745340
vt 0.978588 0.746197
vt 0.192319 0.847110
vt 0.183511 0.811322
vt 0.192319 0.808354
vt 0.971189 0.793014
vt 0.978588 0.796434
vt 0.479172 0.987625
vt 0.480331 0.992889
vt 0.479172 0.993145
vt 0.695812 0.988911
vt 0.694733 0.990430
vt 0.695126 0.989022
vt 0.705629 0.987625
vt 0.705478 0.988473
vt 0.704737 0.989305
vt 0.729598 0.990234
vt 0.729542 0.988556
vt 0.729598 0.987625
vt 0.702722 0.987625
vt 0.702090 0.990394
vt 0.702166 0.988522
vt 0.943305 0.810440
vt 0.945820 0.801175
vt 0.945737 0.810661
vt 0.323540 0.838408
vt 0.326044 0.846449
vt 0.323523 0.846449
vt 0.111396 0.967916
vt 0.111396 0.976860
vt 0.107946 0.976222
vt 0.947220 0.802496
vt 0.951036 0.808729
vt 0.947220 0.810661
vt 0.182781 0.976490
vt 0.185452 0.967745
vt 0.186292 0.976490
vt 0.974473 0.090233
vt 0.982390 0.057570
vt 0.982390 0.092034
vt 0.258254 0.953158
vt 0.266972 0.974809
vt 0.257781 0.978555
vt 0.266537 0.947925
vt 0.257781 0.948905
vt 0.004547 0.985586
vt 0.001754 0.985792
vt -0.000000 0.983524
vt 0.001503 0.979535
vt 0.004547 0.949430
vt -0.000000 0.951505
vt 0.001754 0.949232
vt 0.001525 0.955544
vt 0.005974 0.951998
vt 0.339413 0.972162
vt 0.337624 0.981391
vt 0.337637 0.972186
vt 0.266450 0.978081
vt 0.934132 0.297385
vt 0.931270 0.288130
vt 0.934097 0.288179
vt 0.444879 0.977822
vt 0.442129 0.969262
vt 0.444879 0.969038
vt 0.936980 0.288130
vt 0.934132 0.297388
vt 0.934151 0.288183
vt 0.974495 0.059228
vt 0.975257 0.056650
vt 0.975227 0.092806
vt 0.426750 0.952024
vt 0.433297 0.960417
vt 0.426750 0.968879
vt 0.072722 0.953577
vt 0.079428 0.963740
vt 0.072722 0.970656
vt 0.465116 0.889494
vt 0.455863 0.893956
vt 0.449898 0.882188
vt 0.476481 0.874249
vt 0.481407 0.881093
vt 0.471224 0.886394
vt 0.447400 0.872734
vt 0.728480 0.938005
vt 0.729137 0.948700
vt 0.722150 0.949177
vt 0.458257 0.832500
vt 0.121330 0.893902
vt 0.122892 0.906016
vt 0.113138 0.906740
vt 0.395803 0.566379
vt 0.393062 0.601750
vt 0.390159 0.602593
vt 0.740349 0.949333
vt 0.736430 0.949313
vt 0.736431 0.938293
vt 0.462794 0.906250
vt 0.468285 0.898247
vt 0.474928 0.900093
vt 0.476375 0.894135
vt 0.486042 0.894434
vt 0.767896 0.265187
vt 0.759232 0.279694
vt 0.759175 0.262512
vt 0.865966 0.496221
vt 0.856730 0.484162
vt 0.866006 0.484422
vt 0.889976 0.732151
vt 0.882227 0.740858
vt 0.882227 0.724316
vt 0.693095 0.831716
vt 0.700878 0.840391
vt 0.693095 0.848284
vt 0.444879 0.952024
vt 0.444879 0.969038
vt 0.438344 0.960496
vt 0.901163 0.802892
vt 0.916360 0.795568
vt 0.910399 0.807335
vt 0.889776 0.787632
vt 0.895069 0.799782
vt 0.884857 0.794475
vt 0.918860 0.786112
vt 0.728434 0.931148
vt 0.722304 0.919882
vt 0.729137 0.920399
vt 0.907996 0.745881
vt 0.880216 0.752249
vt 0.050451 0.721644
vt 0.053149 0.714686
vt 0.056088 0.715379
vt 0.094879 0.894760
vt 0.106737 0.906967
vt 0.096974 0.906915
vt 0.740349 0.919885
vt 0.736431 0.930886
vt 0.736430 0.919866
vt 0.903466 0.819632
vt 0.897988 0.811626
vt 0.905964 0.815683
vt 0.880216 0.807818
vt 0.889897 0.807515
vt 0.891346 0.813473
vt 0.866006 0.485287
vt 0.875230 0.497349
vt 0.866054 0.497074
vt 0.847483 0.496247
vt 0.856730 0.484162
vt 0.856730 0.497277
vt 0.897735 0.740837
vt 0.889976 0.732141
vt 0.897735 0.724316
vt 0.845163 0.733003
vt 0.852936 0.724316
vt 0.852936 0.740905
vt 0.532503 0.918999
vt 0.530290 0.947504
vt 0.530290 0.917277
vt 0.557943 0.946163
vt 0.556700 0.919220
vt 0.558019 0.919006
vt 0.120530 0.882334
vt 0.097358 0.844659
vt 0.125862 0.843617
vt 0.107921 0.915528
vt 0.114770 0.915290
vt 0.672046 0.909419
vt 0.700397 0.944544
vt 0.671102 0.944544
vt 0.486173 0.100293
vt 0.487426 0.109957
vt 0.484053 0.111257
vt 0.072722 0.953577
vt 0.072722 0.970503
vt 0.065985 0.963655
vt 0.532607 0.946341
vt 0.532404 0.948924
vt 0.910612 0.745340
vt 0.984218 0.567786
vt 0.984218 0.554036
vt 0.985743 0.567140
vt 0.532591 0.915852
vt 0.532765 0.918417
vt 0.053415 0.914337
vt 0.053043 0.900599
vt 0.056034 0.900972
vt 0.532351 0.945753
vt 0.054696 0.913871
vt 0.255633 0.423882
vt 0.255027 0.462525
vt 0.253096 0.463432
vt 0.485786 0.123348
vt 0.487874 0.123393
vt 0.255633 0.474043
vt 0.556138 0.946787
vt 0.556548 0.946074
vt 0.729287 0.950662
vt 0.556297 0.918499
vt 0.556795 0.916561
vt 0.328773 0.759290
vt 0.328773 0.794814
vt 0.326341 0.759599
vt 0.437921 0.958300
vt 0.374052 0.143523
vt 0.376843 0.138878
vt 0.377302 0.143530
vt 0.371234 0.138871
vt 0.374041 0.138870
vt 0.383788 0.143523
vt 0.380987 0.138878
vt 0.383788 0.138870
vt 0.390252 0.143530
vt 0.393048 0.138878
vt 0.393474 0.143530
vt 0.079254 0.965174
vt 0.066048 0.961471
vt 0.556614 0.948755
vt 0.533100 0.946652
vt 0.533261 0.918117
vt 0.982301 0.053807
vt 0.980362 0.056581
vt 0.980362 0.043690
vt 0.981320 0.298720
vt 0.979382 0.295931
vt 0.981320 0.285824
vt 0.868564 0.356359
vt 0.864029 0.365889
vt 0.864029 0.356213
vt 0.384828 0.755525
vt 0.393916 0.754439
vt 0.393121 0.758732
vt 0.868928 0.356361
vt 0.873463 0.365889
vt 0.868747 0.365870
vt 0.126176 0.656654
vt 0.116740 0.654971
vt 0.126578 0.652527
vt 0.392291 0.738813
vt 0.383218 0.735843
vt 0.391830 0.735403
vt 0.125696 0.636425
vt 0.116586 0.633169
vt 0.682839 0.776228
vt 0.687112 0.766402
vt 0.688663 0.776302
vt 0.383218 0.763171
vt 0.549405 0.768462
vt 0.554919 0.758923
vt 0.554919 0.768434
vt 0.858775 0.356593
vt 0.864029 0.366130
vt 0.858775 0.366104
vt 0.394113 0.551735
vt 0.383437 0.527252
vt 0.395546 0.531368
vt 0.386804 0.555511
vt 0.381817 0.548154
vt 0.386957 0.523759
vt 0.098144 0.920274
vt 0.097488 0.915890
vt 0.125204 0.914928
vt 0.125862 0.919312
vt 0.130047 0.971590
vt 0.131998 0.968847
vt 0.131998 0.982636
vt 0.979904 0.433221
vt 0.981854 0.435980
vt 0.979904 0.447016
vt 0.151991 0.988507
vt 0.149665 0.989964
vt 0.149911 0.987625
vt 0.315082 0.987625
vt 0.315082 0.990690
vt 0.312809 0.989667
vt 0.345100 0.987625
vt 0.345100 0.990676
vt 0.342824 0.989666
vt 0.181012 0.988021
vt 0.183430 0.990829
vt 0.180795 0.990463
vt 0.108262 0.990817
vt 0.110919 0.988499
vt 0.110919 0.990951
vt 0.331449 0.987625
vt 0.330190 0.990421
vt 0.328959 0.987625
vt 0.352552 0.990418
vt 0.353792 0.987625
vt 0.355034 0.990418
vt 0.383313 0.987625
vt 0.383313 0.990680
vt 0.381046 0.989671
vt 0.342824 0.987625
vt 0.342824 0.990678
vt 0.340547 0.988639
vt 0.616460 0.987625
vt 0.616460 0.991329
vt 0.615088 0.989535
vt 0.323713 0.138957
vt 0.326100 0.139609
vt 0.326098 0.143086
vt 0.321976 0.141347
vt 0.317853 0.138959
vt 0.321325 0.138957
vt 0.321976 0.140695
vt 0.320240 0.143086
vt 0.322626 0.143086
vt 0.317853 0.142436
vt 0.355034 0.987625
vt 0.357302 0.989674
vt 0.355034 0.990681
vt 0.309606 0.140696
vt 0.311343 0.138958
vt 0.310256 0.143086
vt 0.313728 0.143086
vt 0.313730 0.139610
vt 0.346353 0.987625
vt 0.347590 0.990413
vt 0.345100 0.990413
vt 0.111202 0.990817
vt 0.113858 0.988499
vt 0.113858 0.990951
vt 0.149665 0.988507
vt 0.147339 0.989964
vt 0.147586 0.987625
vt 0.340547 0.988644
vt 0.338273 0.990682
vt 0.338273 0.987625
vt 0.316117 0.143087
vt 0.313730 0.142436
vt 0.317853 0.141348
vt 0.313730 0.138960
vt 0.317202 0.138958
vt 0.178377 0.988021
vt 0.180795 0.990830
vt 0.178160 0.990463
vt 0.333719 0.987625
vt 0.333719 0.990691
vt 0.331449 0.988647
vt 0.312809 0.987625
vt 0.312809 0.990690
vt 0.310536 0.989667
vt 0.615088 0.987625
vt 0.615088 0.991329
vt 0.613716 0.989536
vt 0.407596 0.569662
vt 0.701448 0.563284
vt 0.641012 0.540864
vt 0.032729 0.679163
vt 0.319696 0.824580
vt 0.280150 0.398552
vt 0.395146 0.429332
vt 0.741290 0.649016
vt 0.279677 0.761034
vt 0.240018 0.307688
vt 0.460620 0.425785
vt 0.710935 0.542897
vt 0.310060 0.835135
vt 0.442860 0.855413
vt 0.003639 0.577653
vt 0.524899 0.982380
vt 0.524737 0.981608
vt 0.241636 0.954312
vt 0.242434 0.953830
vt 0.806155 0.033885
vt 0.805547 0.033469
vt 0.735715 0.950662
vt 0.735647 0.986756
vt 0.459104 0.622461
vt 0.050630 0.613952
vt 0.699429 0.642881
vt 0.701134 0.688054
vt 0.699429 0.688163
vt 0.955555 0.564304
vt 0.055177 0.562513
vt 0.050630 0.561867
vt 0.701040 0.851228
vt 0.737523 0.916349
vt 0.683393 0.425985
vt 0.680293 0.426755
vt 0.680293 0.420211
vt 0.561212 0.276336
vt 0.671102 0.909265
vt 0.245219 0.420781
vt 0.240267 0.420781
vt 0.897290 0.353678
vt 0.561212 0.281199
vt 0.622784 0.981085
vt 0.616390 0.983496
vt 0.616390 0.949191
vt 0.984353 0.782047
vt 0.978588 0.783910
vt 0.978588 0.745340
vt 0.771875 0.908888
vt 0.895576 0.497586
vt 0.929694 0.539568
vt 0.765513 0.947599
vt 0.596050 0.916973
vt 0.949404 0.955284
vt 0.807641 0.127898
vt 0.694996 0.420290
vt 0.949404 0.969698
vt 0.974127 0.008405
vt 0.980362 0.005003
vt 0.980362 0.053473
vt 0.965179 0.545099
vt 0.192844 0.893303
vt 0.191395 0.898509
vt 0.191395 0.848464
vt 0.961510 0.944666
vt 0.960398 0.796405
vt 0.729446 0.990777
vt 0.729446 0.987625
vt 0.729495 0.988573
vt 0.684353 0.987625
vt 0.670672 0.988892
vt 0.672037 0.987625
vt 0.671479 0.989460
vt 0.690126 0.990421
vt 0.672037 0.990823
vt 0.723865 0.987625
vt 0.723865 0.989829
vt 0.723414 0.988825
vt 0.714798 0.989368
vt 0.715593 0.987625
vt 0.715593 0.989479
vt 0.926196 0.288130
vt 0.305236 0.997117
vt 0.304691 0.987625
vt 0.305446 0.987625
vt 0.915511 0.364264
vt 0.713107 0.280756
vt 0.274468 0.565686
vt 0.271177 0.566165
vt 0.274468 0.558183
vt 0.271367 0.559176
vt 0.191466 0.666637
vt 0.193006 0.666781
vt 0.191466 0.715699
vt 0.421730 0.952025
vt 0.425904 0.979180
vt 0.421730 0.980492
vt 0.976175 0.246914
vt 0.188515 0.848464
vt 0.979133 0.238513
vt 0.976175 0.238961
vt 0.977266 0.238261
vt 0.709192 0.987625
vt 0.709192 0.989522
vt 0.708331 0.988471
vt 0.705629 0.989809
vt 0.728734 0.989542
vt 0.728734 0.987625
vt 0.728935 0.988656
vt 0.720105 0.988513
vt 0.719301 0.989065
vt 0.719301 0.987625
vt 0.728599 0.987625
vt 0.728599 0.990186
vt 0.728441 0.988956
vt 0.694733 0.987625
vt 0.702722 0.991200
vt 0.943305 0.801655
vt 0.947220 0.802045
vt 0.543798 0.060144
vt 0.547371 0.060257
vt 0.543798 0.068567
vt 0.979133 0.247402
vt 0.949580 0.801202
vt 0.119687 0.987625
vt 0.120922 0.987908
vt 0.119687 0.995291
vt 0.183671 0.967037
vt 0.267042 0.952222
vt 0.005989 0.983003
vt 0.339430 0.981391
vt 0.930052 0.297385
vt 0.441593 0.977928
vt 0.938167 0.297388
vt 0.486042 0.838866
vt 0.395803 0.608859
vt 0.460297 0.902302
vt 0.484345 0.890080
vt 0.767896 0.280525
vt 0.856730 0.497301
vt 0.889429 0.735538
vt 0.700323 0.837013
vt 0.050451 0.679163
vt 0.881913 0.803464
vt 0.875230 0.484162
vt 0.847431 0.484542
vt 0.890524 0.735524
vt 0.845717 0.729620
vt 0.094843 0.883225
vt 0.699203 0.909265
vt 0.051864 0.890890
vt 0.051864 0.913737
vt 0.455809 0.831887
vt 0.487874 0.060912
vt 0.483090 0.099701
vt 0.729287 0.918421
vt 0.459335 0.740196
vt 0.461917 0.740524
vt 0.459335 0.775567
vt 0.433727 0.958225
vt 0.374052 0.138870
vt 0.370785 0.143523
vt 0.380549 0.143530
vt 0.390263 0.138877
vt 0.079368 0.961554
vt 0.066163 0.965079
vt 0.868747 0.365868
vt 0.126578 0.632157
vt 0.873463 0.356213
vt 0.381119 0.531731
vt 0.395546 0.547481
vt 0.382844 0.552194
vt 0.682839 0.766553
vt 0.896959 0.356969
vt 0.901375 0.356520
vt 0.901375 0.366196
vt 0.550919 0.759158
vt 0.393978 0.527247
vt 0.390695 0.523826
vt 0.862731 0.356213
vt 0.390543 0.555525
vt 0.151991 0.991542
vt 0.621024 0.987625
vt 0.622877 0.988890
vt 0.621024 0.990338
vt 0.351311 0.990418
vt 0.350071 0.987625
vt 0.352552 0.987625
vt 0.376083 0.987625
vt 0.378565 0.987625
vt 0.377322 0.990416
vt 0.674312 0.987625
vt 0.675473 0.988836
vt 0.674312 0.991229
vt 0.183430 0.987625
vt 0.107979 0.987625
vt 0.678618 0.987625
vt 0.678618 0.990285
vt 0.677046 0.989701
vt 0.617816 0.987625
vt 0.619171 0.989546
vt 0.617816 0.991333
vt 0.387844 0.987625
vt 0.390317 0.987625
vt 0.389088 0.990420
vt 0.348830 0.990418
vt 0.347590 0.987625
vt 0.350071 0.987625
vt 0.673151 0.987625
vt 0.674312 0.988836
vt 0.673151 0.991229
vt 0.110919 0.987625
vt 0.149665 0.991543
vt 0.616460 0.987625
vt 0.617816 0.989547
vt 0.616460 0.991334
vt 0.378565 0.987625
vt 0.381046 0.987625
vt 0.379803 0.990416
vt 0.180795 0.987625
vt 0.677046 0.987625
vt 0.677046 0.990285
vt 0.675473 0.989701
vt 0.383313 0.987625
vt 0.385581 0.989672
vt 0.383313 0.990679
vt 0.619171 0.987625
vt 0.621024 0.988889
vt 0.619171 0.990339
vt 0.385580 0.988620
vt 0.387845 0.987625
vt 0.387845 0.990679
vt 0.234919 0.148267
vt 0.218288 0.145164
vt 0.217972 0.143658
vt 0.826549 0.051366
vt 0.769032 0.069626
vt 0.769031 0.051590
vt 0.245293 0.685877
vt 0.235699 0.704203
vt 0.235703 0.688240
vt 0.250114 0.157462
vt 0.234845 0.149885
vt 0.826547 0.033912
vt 0.769029 0.034827
vt 0.245304 0.669659
vt 0.235712 0.673386
vt 0.262520 0.170617
vt 0.249638 0.159081
vt 0.544994 0.656959
vt 0.486042 0.669801
vt 0.488075 0.654430
vt 0.245322 0.655817
vt 0.271293 0.186835
vt 0.261658 0.172124
vt 0.546343 0.638961
vt 0.489353 0.637055
vt 0.538904 0.754375
vt 0.528609 0.764970
vt 0.529058 0.752110
vt 0.275834 0.205010
vt 0.270086 0.188125
vt 0.546820 0.620076
vt 0.489789 0.618858
vt 0.539205 0.737908
vt 0.529340 0.737175
vt 0.275834 0.223905
vt 0.274347 0.205994
vt 0.546391 0.601592
vt 0.489353 0.601081
vt 0.539302 0.720336
vt 0.529437 0.721185
vt 0.271293 0.242230
vt 0.274150 0.224514
vt 0.545087 0.584768
vt 0.488075 0.584934
vt 0.539187 0.702854
vt 0.529341 0.705228
vt 0.262520 0.258739
vt 0.269511 0.242422
vt 0.542997 0.570750
vt 0.486042 0.571518
vt 0.538870 0.686656
vt 0.529060 0.690393
vt 0.250113 0.272305
vt 0.260744 0.258497
vt 0.193028 0.553371
vt 0.250521 0.544393
vt 0.250543 0.555612
vt 0.538371 0.672844
vt 0.532383 0.676368
vt 0.234918 0.282004
vt 0.248447 0.271645
vt 0.193044 0.568397
vt 0.792240 0.759553
vt 0.798125 0.747761
vt 0.801841 0.761830
vt 0.217970 0.287175
vt 0.233458 0.280969
vt 0.193053 0.585883
vt 0.250558 0.570163
vt 0.250566 0.587054
vt 0.792238 0.776005
vt 0.801839 0.776749
vt 0.200425 0.287466
vt 0.216799 0.285834
vt 0.193053 0.604636
vt 0.792238 0.793573
vt 0.801839 0.792734
vt 0.183477 0.282857
vt 0.199605 0.285908
vt 0.250565 0.605134
vt 0.193044 0.623380
vt 0.792238 0.811061
vt 0.801840 0.808697
vt 0.168282 0.273662
vt 0.183047 0.281187
vt 0.193028 0.640837
vt 0.250558 0.623172
vt 0.250542 0.639937
vt 0.792240 0.827277
vt 0.801841 0.823548
vt 0.155876 0.260507
vt 0.168254 0.271991
vt 0.193006 0.655817
vt 0.250520 0.654288
vt 0.331224 0.683768
vt 0.343768 0.672487
vt 0.341637 0.686001
vt 0.147103 0.244289
vt 0.156234 0.258949
vt 0.645253 0.297084
vt 0.703312 0.284280
vt 0.702805 0.298862
vt 0.329604 0.700643
vt 0.142562 0.226114
vt 0.147807 0.242947
vt 0.644918 0.314590
vt 0.340130 0.701320
vt 0.328785 0.718297
vt 0.142562 0.207219
vt 0.143545 0.225078
vt 0.644798 0.333350
vt 0.702486 0.315772
vt 0.702378 0.333859
vt 0.328822 0.735528
vt 0.339349 0.717398
vt 0.339347 0.733140
vt 0.147104 0.188894
vt 0.143742 0.206558
vt 0.644906 0.352087
vt 0.702487 0.351889
vt 0.329713 0.751162
vt 0.340124 0.747474
vt 0.155877 0.172385
vt 0.148381 0.188650
vt 0.645231 0.369523
vt 0.702805 0.368635
vt 0.331397 0.764132
vt 0.341627 0.759422
vt 0.168284 0.158819
vt 0.157148 0.172575
vt 0.645752 0.384470
vt 0.969389 0.547429
vt 0.962699 0.564480
vt 0.962891 0.548397
vt 0.183478 0.149120
vt 0.169445 0.159427
vt 0.826549 0.106352
vt 0.769029 0.119156
vt 0.769031 0.104601
vt 0.245305 0.737382
vt 0.235730 0.747937
vt 0.235714 0.735105
vt 0.200426 0.143949
vt 0.184434 0.150103
vt 0.826550 0.088864
vt 0.769032 0.087707
vt 0.245293 0.720933
vt 0.235703 0.720187
vt 0.201093 0.145238
vt 0.826550 0.070109
vt 0.245289 0.703366
vt 0.944834 0.399836
vt 0.950907 0.417043
vt 0.944724 0.418248
vt 0.664581 0.933422
vt 0.671094 0.952783
vt 0.664580 0.950448
vt 0.450612 0.009900
vt 0.430216 0.009192
vt 0.434788 0.002621
vt 0.463462 0.121735
vt 0.466297 0.103281
vt 0.474024 0.107157
vt 0.944724 0.381503
vt 0.951013 0.400436
vt 0.464164 0.021343
vt 0.444547 0.015648
vt 0.449753 0.132855
vt 0.456854 0.116519
vt 0.944400 0.364497
vt 0.950919 0.383866
vt 0.433830 0.139759
vt 0.444548 0.126659
vt 0.671102 0.969359
vt 0.664589 0.968788
vt 0.664590 0.918870
vt 0.671094 0.937363
vt 0.943884 0.349978
vt 0.950632 0.368464
vt 0.980487 0.512516
vt 0.973988 0.502125
vt 0.980488 0.497658
vt 0.416779 0.141976
vt 0.430217 0.133009
vt 0.480976 0.053367
vt 0.466297 0.039188
vt 0.474520 0.036169
vt 0.980487 0.529734
vt 0.973987 0.515463
vt 0.483090 0.071767
vt 0.472233 0.054668
vt 0.944400 0.435483
vt 0.950139 0.445918
vt 0.943884 0.450367
vt 0.980488 0.548140
vt 0.973987 0.530961
vt 0.480719 0.090114
vt 0.474258 0.071264
vt 0.456854 0.025879
vt 0.950610 0.432556
vt 0.414837 0.006951
vt 0.417771 -0.000000
vt 0.472233 0.087845
vt 0.526189 0.677947
vt 0.804254 0.749322
vt 0.486508 0.689133
vt 0.498979 0.705414
vt 0.486800 0.704535
vt 0.193009 0.687571
vt 0.205349 0.704157
vt 0.193006 0.704147
vt 0.486042 0.675947
vt 0.498702 0.690806
vt 0.844530 0.760692
vt 0.832195 0.749682
vt 0.844533 0.747355
vt 0.844529 0.776190
vt 0.832193 0.762334
vt 0.844528 0.792793
vt 0.832192 0.777034
vt 0.844529 0.809368
vt 0.832191 0.792781
vt 0.844530 0.824786
vt 0.832192 0.808502
vt 0.844533 0.837997
vt 0.832193 0.823125
vt 0.381655 0.702639
vt 0.371586 0.687657
vt 0.383218 0.686727
vt 0.380845 0.719337
vt 0.370104 0.702750
vt 0.380845 0.735682
vt 0.369336 0.718587
vt 0.381655 0.750563
vt 0.369337 0.734090
vt 0.383218 0.762963
vt 0.370105 0.748202
vt 0.193038 0.749578
vt 0.205401 0.756985
vt 0.193060 0.759841
vt 0.193021 0.736244
vt 0.205380 0.747249
vt 0.193009 0.720749
vt 0.205363 0.734601
vt 0.193019 0.672150
vt 0.205352 0.688435
vt 0.193036 0.658936
vt 0.205362 0.673810
vt 0.486508 0.753226
vt 0.498261 0.764271
vt 0.486042 0.766588
vt 0.486800 0.737712
vt 0.498703 0.751596
vt 0.486900 0.721105
vt 0.498980 0.736881
vt 0.205353 0.719903
vt 0.499074 0.721129
vt 0.318144 0.148363
vt 0.335346 0.145761
vt 0.318371 0.150465
vt 0.280530 0.239509
vt 0.277872 0.222188
vt 0.282567 0.239232
vt 0.413647 0.221987
vt 0.407222 0.238297
vt 0.411644 0.221184
vt 0.302431 0.157462
vt 0.303190 0.159420
vt 0.289602 0.255289
vt 0.291494 0.254479
vt 0.413647 0.203772
vt 0.411503 0.203503
vt 0.353812 0.282026
vt 0.336418 0.280062
vt 0.354029 0.279930
vt 0.289602 0.170335
vt 0.290837 0.172016
vt 0.302431 0.268176
vt 0.304047 0.266887
vt 0.408951 0.186174
vt 0.406808 0.186459
vt 0.371338 0.148391
vt 0.385328 0.158803
vt 0.370005 0.150077
vt 0.280530 0.186105
vt 0.282153 0.187394
vt 0.387050 0.157508
vt 0.397881 0.171212
vt 0.387050 0.268222
vt 0.371004 0.275226
vt 0.386185 0.266271
vt 0.318143 0.277292
vt 0.319370 0.275613
vt 0.399880 0.170395
vt 0.371338 0.277321
vt 0.353813 0.143668
vt 0.352958 0.145629
vt 0.275834 0.203697
vt 0.277731 0.204507
vt 0.399879 0.255349
vt 0.398538 0.253675
vt 0.335669 0.282016
vt 0.335669 0.143658
vt 0.275834 0.221912
vt 0.408951 0.239579
vt 0.371588 0.759962
vt 0.373683 0.674338
vt 0.498260 0.678301
vt 0.235728 0.660654
vt 0.205378 0.661278
vt 0.235752 0.757811
vt 0.783471 0.955964
vt 0.784920 0.977731
vt 0.783471 0.979293
vt 0.835339 0.359986
vt 0.856462 0.358320
vt 0.857970 0.359873
vt 0.857933 0.323997
vt 0.836167 0.325445
vt 0.834428 0.359512
vt 0.834604 0.323997
vt 0.130876 0.632489
vt 0.126696 0.655820
vt 0.126578 0.632157
vt 0.211562 0.987625
vt 0.208359 0.953059
vt 0.211562 0.951403
vt 0.232463 0.954931
vt 0.227726 0.977784
vt 0.227726 0.953830
vt 0.447311 0.821431
vt 0.442860 0.857336
vt 0.442860 0.821124
vt 0.014561 0.864219
vt 0.008168 0.910699
vt 0.004363 0.863703
vt 0.419645 0.912199
vt 0.413254 0.865690
vt 0.423794 0.865400
vt 0.415158 0.912479
vt 0.409608 0.915633
vt 0.402602 0.866112
vt 0.403675 0.913230
vt 0.397022 0.866401
vt 0.399165 0.913441
vt 0.030790 0.864900
vt 0.024141 0.911749
vt 0.025212 0.864631
vt 0.018210 0.914164
vt 0.583421 0.775563
vt 0.579131 0.821427
vt 0.580996 0.774543
vt 0.636711 0.662572
vt 0.641012 0.708439
vt 0.638532 0.708562
vt 0.983194 0.734142
vt 0.985887 0.692742
vt 0.986288 0.733826
vt 0.699429 0.777529
vt 0.699429 0.736444
vt 0.701130 0.736829
vt 0.018362 0.857580
vt 0.009450 0.857127
vt 0.001911 0.856733
vt -0.000000 0.856625
vt 0.982832 0.738729
vt 0.984891 0.738603
vt 0.418369 0.858568
vt 0.409458 0.859006
vt 0.401481 0.859413
vt 0.395964 0.859708
vt 0.638010 0.655077
vt 0.639154 0.661555
vt 0.681518 0.273500
vt 0.681518 0.281107
vt 0.678395 0.274169
vt 0.582118 0.768066
vt 0.579131 0.767828
vt 0.031849 0.858229
vt 0.026337 0.857971
vt 0.542020 0.280041
vt 0.546147 0.278061
vt 0.546243 0.279281
vt 0.546147 0.280506
vt 0.545600 0.282026
vt 0.417251 0.915177
vt 0.423226 0.914889
vt 0.401939 0.915944
vt 0.533692 0.277921
vt 0.536755 0.280705
vt 0.534819 0.282026
vt 0.533045 0.281830
vt 0.531647 0.280140
vt 0.025878 0.914467
vt 0.028648 0.911940
vt 0.031849 0.914755
vt 0.012658 0.910998
vt 0.010565 0.913702
vt 0.542024 0.278372
vt 0.545600 0.276565
vt 0.980488 0.497658
vt 0.986202 0.534451
vt 0.980488 0.536322
vt 0.978184 0.485829
vt 0.983945 0.448746
vt 0.983945 0.487552
vt 0.981907 0.137360
vt 0.987581 0.100727
vt 0.987581 0.139239
vt 0.905074 0.935128
vt 0.911719 0.972183
vt 0.905074 0.973772
vt 0.289433 0.984971
vt 0.295158 0.948294
vt 0.295158 0.986843
vt 0.772521 0.946099
vt 0.777100 0.908888
vt 0.777100 0.946582
vt 0.942257 0.581497
vt 0.910359 0.587015
vt 0.910310 0.581497
vt 0.676663 0.384470
vt 0.644798 0.389814
vt 0.644929 0.384470
vt 0.913191 0.139459
vt 0.942780 0.144839
vt 0.912859 0.144973
vt 0.934444 0.010354
vt 0.902650 0.005003
vt 0.934392 0.005003
vt 0.923479 0.181140
vt 0.915311 0.046868
vt 0.902457 0.010525
vt 0.676825 0.389984
vt 0.657550 0.426465
vt 0.929522 0.623357
vt 0.942235 0.587113
vt 0.703213 0.391302
vt 0.700028 0.384986
vt 0.703213 0.384470
vt 0.747297 0.266615
vt 0.746775 0.259739
vt 0.750318 0.265744
vt 0.750267 0.272307
vt 0.746776 0.278283
vt 0.747297 0.271870
vt 0.740742 0.281789
vt 0.744660 0.276419
vt 0.689266 0.426813
vt 0.686411 0.420889
vt 0.689266 0.420211
vt 0.684430 0.970885
vt 0.679294 0.966740
vt 0.684386 0.968104
vt 0.675572 0.963022
vt 0.677755 0.969078
vt 0.672842 0.964200
vt 0.674217 0.957945
vt 0.672976 0.951160
vt 0.671102 0.957872
vt 0.679332 0.949155
vt 0.677902 0.946185
vt 0.684279 0.944544
vt 0.740409 0.964341
vt 0.740409 0.916980
vt 0.741844 0.964043
vt 0.955208 0.005482
vt 0.958926 0.055002
vt 0.955208 0.055778
vt 0.955158 0.448746
vt 0.951013 0.397346
vt 0.960551 0.398740
vt 0.296123 0.958638
vt 0.300945 0.918379
vt 0.305603 0.963461
vt 0.974127 0.005003
vt 0.964701 0.049797
vt 0.964701 0.005141
vt 0.295199 0.963461
vt 0.235822 0.987625
vt 0.234726 0.993108
vt 0.234361 0.987625
vt 0.354628 0.970330
vt 0.356508 0.970206
vt 0.357544 0.970979
vt 0.716090 0.987625
vt 0.715593 0.990325
vt 0.715658 0.988424
vt 0.728269 0.987625
vt 0.728441 0.988732
vt 0.728269 0.990017
vt 0.722829 0.988282
vt 0.722071 0.988962
vt 0.722071 0.987625
vt 0.716551 0.990628
vt 0.716090 0.988770
vt 0.716551 0.987625
vt 0.066918 0.970690
vt 0.068596 0.971262
vt 0.065985 0.970503
vt 0.720105 0.990501
vt 0.720105 0.987625
vt 0.720506 0.987643
vt 0.426750 0.977707
vt 0.429750 0.969023
vt 0.430146 0.977780
vt 0.729245 0.282011
vt 0.732447 0.273188
vt 0.732745 0.282011
vt 0.330153 0.979294
vt 0.330153 0.970442
vt 0.333034 0.978961
vt 0.732745 0.282011
vt 0.732745 0.273202
vt 0.736355 0.281482
vt 0.341990 0.981696
vt 0.340300 0.973094
vt 0.341990 0.972162
vt 0.496463 0.948091
vt 0.490145 0.975872
vt 0.486042 0.948091
vt 0.475500 0.945515
vt 0.469289 0.979065
vt 0.465939 0.945515
vt 0.328773 0.832443
vt 0.327484 0.879123
vt 0.327484 0.827009
vt 0.088923 0.958435
vt 0.084232 0.918534
vt 0.088512 0.917931
vt 0.974473 0.101075
vt 0.965041 0.056650
vt 0.974473 0.056797
vt 0.079428 0.963219
vt 0.089832 0.963219
vt 0.237279 0.993111
vt 0.235822 0.987720
vt 0.237279 0.987625
vt 0.729542 0.990813
vt 0.729495 0.988582
vt 0.729542 0.987625
vt 0.655683 0.989557
vt 0.656550 0.988984
vt 0.657079 0.990823
vt 0.729386 0.989744
vt 0.729446 0.987625
vt 0.729446 0.990587
vt 0.932871 0.047519
vt 0.934432 0.047003
vt 0.936359 0.047427
vt 0.657079 0.987625
vt 0.956931 0.190922
vt 0.958626 0.190517
vt 0.960549 0.190939
vt 0.936359 0.056214
vt 0.932342 0.056320
vt 0.911627 0.047613
vt 0.915622 0.056396
vt 0.911319 0.056396
vt 0.915622 0.056378
vt 0.919536 0.047594
vt 0.919854 0.056378
vt 0.979426 0.247583
vt 0.981338 0.238794
vt 0.981155 0.247583
vt 0.956931 0.199632
vt 0.960427 0.199478
vt 0.810335 0.978218
vt 0.801230 0.946891
vt 0.810335 0.949023
vt 0.751239 0.975580
vt 0.742008 0.951575
vt 0.751184 0.948205
vt 0.741955 0.979618
vt 0.751171 0.979599
vt 0.013167 0.949424
vt 0.015769 0.949233
vt 0.017417 0.951508
vt 0.016015 0.955491
vt 0.013167 0.985580
vt 0.017417 0.983527
vt 0.015769 0.985792
vt 0.015993 0.979479
vt 0.011809 0.982994
vt 0.684430 0.970885
vt 0.682091 0.980177
vt 0.682173 0.970983
vt 0.741955 0.947599
vt 0.944396 0.056260
vt 0.941545 0.047003
vt 0.944372 0.047055
vt 0.667526 0.978600
vt 0.664972 0.969359
vt 0.667257 0.969409
vt 0.931111 0.047064
vt 0.928253 0.056320
vt 0.928282 0.047115
vt 0.801231 0.979367
vt 0.810085 0.981131
vt 0.810073 0.947079
vt 0.011826 0.951989
vt 0.790170 0.388068
vt 0.783083 0.377604
vt 0.790170 0.369493
vt 0.800018 0.647369
vt 0.792403 0.637857
vt 0.800018 0.628758
vt 0.809935 0.895597
vt 0.800700 0.900041
vt 0.794736 0.888275
vt 0.821319 0.880336
vt 0.826245 0.887178
vt 0.816028 0.892486
vt 0.792238 0.878818
vt 0.144942 0.932728
vt 0.144415 0.922803
vt 0.152122 0.922656
vt 0.803096 0.838586
vt 0.252068 0.890931
vt 0.251779 0.903959
vt 0.241397 0.904297
vt 0.395802 0.608859
vt 0.393116 0.644377
vt 0.390159 0.645076
vt 0.131195 0.921257
vt 0.135760 0.921562
vt 0.135759 0.931940
vt 0.807632 0.912337
vt 0.813120 0.904329
vt 0.819763 0.906175
vt 0.821211 0.900217
vt 0.830880 0.900522
vt 0.819702 0.496721
vt 0.828910 0.484162
vt 0.828910 0.497455
vt 0.750438 0.775051
vt 0.741191 0.762885
vt 0.750491 0.763246
vt 0.107946 0.959847
vt 0.115451 0.951927
vt 0.115451 0.967916
vt 0.940432 0.358021
vt 0.932932 0.350088
vt 0.940432 0.341927
vt 0.785918 0.280724
vt 0.785918 0.262254
vt 0.793000 0.270297
vt 0.077126 0.901176
vt 0.092342 0.893868
vt 0.086381 0.905637
vt 0.065758 0.885932
vt 0.071019 0.898077
vt 0.060838 0.892779
vt 0.094843 0.884414
vt 0.144909 0.939200
vt 0.152286 0.950245
vt 0.144415 0.949458
vt 0.083979 0.844182
vt 0.056198 0.850553
vt 0.144665 0.951664
vt 0.152589 0.953223
vt 0.224004 0.891080
vt 0.234579 0.904301
vt 0.224243 0.903893
vt 0.131195 0.948992
vt 0.135759 0.938916
vt 0.135760 0.949294
vt 0.079448 0.917931
vt 0.073970 0.909932
vt 0.081946 0.913983
vt 0.056198 0.906119
vt 0.065879 0.905821
vt 0.067327 0.911779
vt 0.838200 0.485357
vt 0.847431 0.497399
vt 0.838253 0.497166
vt 0.767935 0.279926
vt 0.776982 0.263694
vt 0.776982 0.280525
vt 0.942257 0.552270
vt 0.949735 0.560222
vt 0.942257 0.568316
vt 0.939862 0.809312
vt 0.932335 0.817212
vt 0.932335 0.801175
vt 0.708172 0.029901
vt 0.710219 0.001460
vt 0.710219 0.031686
vt 0.395822 0.736104
vt 0.393916 0.760953
vt 0.393916 0.735403
vt 0.253459 0.850143
vt 0.224459 0.880239
vt 0.223234 0.850143
vt 0.234348 0.913479
vt 0.241625 0.913497
vt 0.028343 0.946321
vt 0.053585 0.918710
vt 0.055632 0.950383
vt 0.521320 0.958550
vt 0.520138 0.968259
vt 0.517200 0.968565
vt 0.793731 0.280834
vt 0.793731 0.262254
vt 0.801346 0.271386
vt 0.707775 0.002563
vt 0.707680 0.000000
vt 0.086458 0.843617
vt 0.519778 0.981999
vt 0.521320 0.981398
vt 0.707809 0.033072
vt 0.707884 0.030488
vt 0.719557 0.981348
vt 0.719183 0.967604
vt 0.722150 0.968136
vt 0.708068 0.003147
vt 0.981854 0.433496
vt 0.983498 0.446206
vt 0.981854 0.447016
vt 0.459141 0.666690
vt 0.461628 0.696707
vt 0.459008 0.698074
vt 0.527178 0.906454
vt 0.528840 0.893529
vt 0.528840 0.907267
vt 0.461628 0.707558
vt 0.679163 0.003063
vt 0.681353 0.002562
vt 0.680923 0.003280
vt 0.144665 0.921300
vt 0.597025 0.990637
vt 0.595336 0.988885
vt 0.597025 0.987625
vt 0.461900 0.790136
vt 0.461900 0.822141
vt 0.458915 0.790542
vt 0.793731 0.272353
vt 0.377302 0.143521
vt 0.380093 0.138870
vt 0.380549 0.143521
vt 0.370785 0.143523
vt 0.367977 0.138874
vt 0.370785 0.138870
vt 0.387031 0.143530
vt 0.384226 0.138877
vt 0.387030 0.138877
vt 0.387031 0.143530
vt 0.389815 0.138880
vt 0.390252 0.143532
vt 0.792856 0.636002
vt 0.800956 0.273437
vt 0.680548 0.000622
vt 0.707219 0.002262
vt 0.680673 0.032816
vt 0.707330 0.030797
vt 0.681028 0.030135
vt 0.062937 0.969548
vt 0.064877 0.966209
vt 0.064877 0.981901
vt 0.980393 0.606724
vt 0.982333 0.610064
vt 0.980393 0.622416
vt 0.459111 0.822307
vt 0.454534 0.831817
vt 0.454577 0.822140
vt 0.193006 0.974747
vt 0.200189 0.971821
vt 0.199177 0.976344
vt 0.873645 0.356361
vt 0.878180 0.365887
vt 0.873463 0.365869
vt 0.961376 0.721742
vt 0.970715 0.722120
vt 0.962606 0.726381
vt 0.200174 0.955405
vt 0.193006 0.953678
vt 0.198626 0.951403
vt 0.266550 0.616355
vt 0.266153 0.632782
vt 0.264089 0.611902
vt 0.250566 0.632283
vt 0.250566 0.616168
vt 0.252413 0.636516
vt 0.969300 0.742701
vt 0.960618 0.741399
vt 0.733324 0.538605
vt 0.737770 0.529392
vt 0.739440 0.538708
vt 0.690199 0.766402
vt 0.694444 0.776242
vt 0.688663 0.776297
vt 0.252094 0.612031
vt 0.255793 0.608568
vt 0.960209 0.716814
vt 0.968685 0.715720
vt 0.050630 0.667876
vt 0.056187 0.677394
vt 0.050630 0.677387
vt 0.260043 0.608453
vt 0.260597 0.640200
vt 0.223249 0.918101
vt 0.223263 0.913453
vt 0.252709 0.913523
vt 0.252697 0.918172
vt 0.980370 0.196422
vt 0.978418 0.199729
vt 0.978418 0.182948
vt 0.905074 0.977590
vt 0.903122 0.974281
vt 0.905074 0.960808
vt 0.119687 0.990070
vt 0.116943 0.987714
vt 0.119687 0.987625
vt 0.335996 0.987625
vt 0.338273 0.989664
vt 0.335996 0.990682
vt 0.319630 0.987625
vt 0.321910 0.989667
vt 0.319630 0.990681
vt 0.301899 0.987682
vt 0.299740 0.990414
vt 0.299740 0.987625
vt 0.518435 0.987625
vt 0.518435 0.991196
vt 0.516749 0.989847
vt 0.326683 0.988640
vt 0.324404 0.990681
vt 0.324404 0.987625
vt 0.371335 0.990417
vt 0.372575 0.987625
vt 0.373817 0.990417
vt 0.362051 0.987625
vt 0.364319 0.989674
vt 0.362051 0.990680
vt 0.319631 0.987625
vt 0.319631 0.990688
vt 0.317356 0.988647
vt 0.176383 0.987625
vt 0.173780 0.990301
vt 0.173648 0.987860
vt 0.330081 0.140533
vt 0.329452 0.142892
vt 0.326100 0.143112
vt 0.335737 0.143111
vt 0.338041 0.138957
vt 0.338041 0.142329
vt 0.328405 0.138957
vt 0.334061 0.141536
vt 0.326100 0.139741
vt 0.334690 0.139177
vt 0.376083 0.987625
vt 0.376083 0.990680
vt 0.373816 0.989672
vt 0.332385 0.138957
vt 0.334061 0.140533
vt 0.330081 0.139740
vt 0.330081 0.143112
vt 0.333433 0.142892
vt 0.323151 0.987625
vt 0.324404 0.990417
vt 0.321910 0.990417
vt 0.516749 0.987625
vt 0.516749 0.991196
vt 0.515063 0.989847
vt 0.116773 0.990070
vt 0.114029 0.987714
vt 0.116773 0.987625
vt 0.317356 0.987625
vt 0.317356 0.990688
vt 0.315082 0.988648
vt 0.338041 0.141536
vt 0.338670 0.139177
vt 0.339717 0.143111
vt 0.342022 0.138957
vt 0.342022 0.142329
vt 0.304374 0.987682
vt 0.302215 0.990414
vt 0.302215 0.987625
vt 0.328959 0.987625
vt 0.328959 0.990684
vt 0.326683 0.988645
vt 0.333719 0.987625
vt 0.335996 0.989664
vt 0.333719 0.990682
vt 0.173648 0.987625
vt 0.171044 0.990302
vt 0.170912 0.987860
vt 0.542865 0.672844
vt 0.538420 0.768614
vt 0.193006 0.541830
vt 0.792242 0.745340
vt 0.333534 0.668823
vt 0.645785 0.282026
vt 0.703312 0.382954
vt 0.969389 0.565080
vt 0.826547 0.121382
vt 0.245322 0.751592
vt 0.671102 0.924148
vt 0.950171 0.355278
vt 0.414837 0.135136
vt 0.973988 0.547563
vt 0.832195 0.835653
vt 0.232181 0.954014
vt 0.206890 0.951496
vt 0.207079 0.987400
vt 0.130707 0.655820
vt 0.232172 0.977558
vt 0.447365 0.856986
vt 0.581596 0.821552
vt 0.984218 0.692739
vt 0.257781 0.848398
vt 0.256301 0.807391
vt 0.257781 0.806983
vt 0.986954 0.738729
vt 0.425903 0.858210
vt 0.427810 0.858128
vt 0.641012 0.654841
vt 0.541652 0.281746
vt 0.395964 0.916254
vt 0.536282 0.276842
vt 0.531647 0.276329
vt 0.004588 0.913392
vt 0.541652 0.276883
vt 0.983997 0.336169
vt 0.978246 0.337925
vt 0.978246 0.299266
vt 0.986155 0.604848
vt 0.980393 0.606724
vt 0.980393 0.568316
vt 0.943310 0.139459
vt 0.929693 0.181200
vt 0.921896 0.046925
vt 0.664152 0.426507
vt 0.922938 0.623414
vt 0.744660 0.262063
vt 0.740090 0.259433
vt 0.740090 0.279045
vt 0.686444 0.426164
vt 0.675594 0.952869
vt 0.684430 0.947797
vt 0.964701 0.005003
vt 0.951013 0.448583
vt 0.394564 0.916756
vt 0.395848 0.911313
vt 0.395848 0.963454
vt 0.296667 0.917776
vt 0.968526 0.049977
vt 0.693564 0.989120
vt 0.692829 0.988966
vt 0.692432 0.987625
vt 0.710681 0.989024
vt 0.710710 0.987625
vt 0.711802 0.989024
vt 0.716090 0.990541
vt 0.692432 0.990312
vt 0.718079 0.987625
vt 0.718079 0.989456
vt 0.717374 0.988020
vt 0.727350 0.990190
vt 0.727102 0.989183
vt 0.727350 0.987625
vt 0.426750 0.968879
vt 0.729532 0.273269
vt 0.934690 0.366751
vt 0.932932 0.358021
vt 0.935231 0.358021
vt 0.354628 0.979337
vt 0.065985 0.979675
vt 0.980420 0.393459
vt 0.977836 0.384702
vt 0.978891 0.384415
vt 0.977836 0.394403
vt 0.985165 0.393468
vt 0.983726 0.393166
vt 0.985165 0.346419
vt 0.142557 0.247196
vt 0.139718 0.198353
vt 0.142557 0.197522
vt 0.473516 0.978920
vt 0.970643 0.101241
vt 0.686721 0.988872
vt 0.685954 0.988890
vt 0.685520 0.987625
vt 0.727610 0.989857
vt 0.727349 0.989003
vt 0.727610 0.987625
vt 0.685520 0.990252
vt 0.696936 0.987625
vt 0.696543 0.988957
vt 0.695812 0.989539
vt 0.696936 0.990248
vt 0.979133 0.238798
vt 0.979855 0.238261
vt 0.718765 0.987983
vt 0.718079 0.989455
vt 0.718079 0.987625
vt 0.914740 0.046925
vt 0.105732 0.987625
vt 0.106775 0.987799
vt 0.105732 0.997137
vt 0.916651 0.046925
vt 0.741998 0.975563
vt 0.684430 0.980101
vt 0.940372 0.056260
vt 0.664580 0.978600
vt 0.932342 0.056320
vt 0.830880 0.844952
vt 0.395802 0.651339
vt 0.805134 0.908388
vt 0.829183 0.896167
vt 0.819730 0.484806
vt 0.741191 0.776111
vt 0.108476 0.956609
vt 0.933466 0.353334
vt 0.142557 0.247196
vt 0.142557 0.283844
vt 0.139838 0.282574
vt 0.057896 0.901764
vt 0.847431 0.484162
vt 0.767896 0.264816
vt 0.949207 0.556972
vt 0.939326 0.812546
vt 0.679182 0.030220
vt 0.251750 0.880304
vt 0.028343 0.914755
vt 0.718005 0.957897
vt 0.718005 0.980744
vt 0.800509 0.837997
vt 0.266512 0.640262
vt 0.266550 0.671706
vt 0.263902 0.670359
vt 0.263902 0.680990
vt 0.679163 0.034202
vt 0.681542 0.033072
vt 0.681542 0.058252
vt 0.595256 0.989706
vt 0.782355 0.379656
vt 0.079252 0.992200
vt 0.079252 0.987625
vt 0.082107 0.987980
vt 0.367517 0.143525
vt 0.383788 0.143528
vt 0.387031 0.138876
vt 0.792797 0.639912
vt 0.800897 0.269530
vt 0.681463 0.030850
vt 0.459252 0.831817
vt 0.960209 0.744712
vt 0.878180 0.356213
vt 0.733324 0.528931
vt 0.694444 0.766565
vt 0.264884 0.636837
vt 0.054656 0.668097
vt 0.256346 0.640262
vt 0.116773 0.990878
vt 0.666560 0.987973
vt 0.668155 0.987625
vt 0.668155 0.990370
vt 0.369067 0.990679
vt 0.369067 0.987625
vt 0.371335 0.988631
vt 0.357301 0.987625
vt 0.359570 0.988631
vt 0.357301 0.990680
vt 0.538425 0.987683
vt 0.540564 0.987625
vt 0.540564 0.990414
vt 0.302215 0.990528
vt 0.395252 0.988623
vt 0.397510 0.987625
vt 0.397510 0.990679
vt 0.536749 0.987625
vt 0.538425 0.989854
vt 0.536749 0.991185
vt 0.669413 0.987625
vt 0.670672 0.990065
vt 0.669413 0.991104
vt 0.176383 0.990793
vt 0.365558 0.990417
vt 0.364319 0.987625
vt 0.366800 0.987625
vt 0.534609 0.987683
vt 0.536749 0.987625
vt 0.536749 0.990414
vt 0.397510 0.987625
vt 0.399979 0.987625
vt 0.398744 0.990418
vt 0.113858 0.990878
vt 0.668155 0.987625
vt 0.669413 0.990065
vt 0.668155 0.991104
vt 0.359570 0.987625
vt 0.362051 0.987625
vt 0.360808 0.990418
vt 0.304691 0.990528
vt 0.532933 0.987625
vt 0.534609 0.989855
vt 0.532933 0.991185
vt 0.369067 0.987625
vt 0.369067 0.990681
vt 0.366800 0.989672
vt 0.664927 0.987625
vt 0.666560 0.987625
vt 0.665975 0.990307
vt 0.173648 0.990793
vt 0.004858 0.044167
vt 0.001448 0.061819
vt 0.000000 0.062438
vt 0.131902 0.634240
vt 0.186819 0.616184
vt 0.187539 0.634216
vt 0.265062 0.591948
vt 0.250566 0.604863
vt 0.256448 0.589885
vt 0.014242 0.027782
vt 0.006411 0.043969
vt 0.134055 0.651681
vt 0.189649 0.650966
vt 0.267064 0.574556
vt 0.258454 0.574051
vt 0.027514 0.014398
vt 0.015789 0.028017
vt 0.137508 0.666637
vt 0.193006 0.665294
vt 0.264664 0.557461
vt 0.043768 0.004929
vt 0.028943 0.015050
vt 0.813842 0.354465
vt 0.756306 0.367276
vt 0.756321 0.352724
vt 0.258023 0.541830
vt 0.259213 0.558464
vt 0.250566 0.544112
vt 0.061897 0.000017
vt 0.044977 0.005952
vt 0.813849 0.336979
vt 0.756328 0.335832
vt 0.583447 0.693750
vt 0.593006 0.679583
vt 0.593030 0.694496
vt 0.080666 0.000000
vt 0.062797 0.001343
vt 0.813850 0.318225
vt 0.756328 0.317751
vt 0.583461 0.711317
vt 0.593043 0.710479
vt 0.098795 0.004878
vt 0.081190 0.001537
vt 0.813842 0.299481
vt 0.756320 0.299714
vt 0.583461 0.728807
vt 0.593043 0.726444
vt 0.115049 0.014318
vt 0.098903 0.006520
vt 0.813827 0.282026
vt 0.756306 0.282949
vt 0.583447 0.745030
vt 0.589319 0.742257
vt 0.128321 0.027677
vt 0.114727 0.015955
vt 0.739365 0.257326
vt 0.682784 0.271368
vt 0.682092 0.256022
vt 0.583421 0.758879
vt 0.593008 0.754039
vt 0.137705 0.044045
vt 0.127585 0.029196
vt 0.738909 0.239342
vt 0.110186 0.738429
vt 0.096368 0.748996
vt 0.099340 0.736140
vt 0.142562 0.062306
vt 0.136600 0.045342
vt 0.738754 0.220457
vt 0.681660 0.238658
vt 0.681518 0.220462
vt 0.112178 0.721965
vt 0.101209 0.721208
vt 0.142562 0.081216
vt 0.141158 0.063293
vt 0.738910 0.201960
vt 0.112818 0.704393
vt 0.105938 0.705164
vt 0.137705 0.099486
vt 0.140949 0.081824
vt 0.681676 0.202672
vt 0.739365 0.185111
vt 0.112060 0.686911
vt 0.101216 0.689261
vt 0.128320 0.115872
vt 0.135986 0.099675
vt 0.740090 0.171058
vt 0.682123 0.186500
vt 0.682828 0.173050
vt 0.109956 0.670709
vt 0.099352 0.674423
vt 0.115049 0.129255
vt 0.126608 0.115627
vt 0.583461 0.552396
vt 0.640935 0.543437
vt 0.640972 0.554647
vt 0.106651 0.656893
vt 0.100305 0.660402
vt 0.098794 0.138725
vt 0.113454 0.128594
vt 0.583488 0.567415
vt 0.640999 0.569191
vt 0.137104 0.768949
vt 0.131202 0.780740
vt 0.131216 0.766530
vt 0.080665 0.143636
vt 0.097420 0.137692
vt 0.583503 0.584896
vt 0.137091 0.782167
vt 0.131195 0.797190
vt 0.061897 0.143654
vt 0.079600 0.142301
vt 0.583503 0.603648
vt 0.641012 0.586078
vt 0.641012 0.604157
vt 0.131195 0.814758
vt 0.137084 0.797526
vt 0.140805 0.813919
vt 0.043767 0.138776
vt 0.061207 0.142107
vt 0.583488 0.622394
vt 0.640997 0.622196
vt 0.131203 0.832246
vt 0.140811 0.829882
vt 0.027513 0.129336
vt 0.043494 0.137123
vt 0.583460 0.639855
vt 0.640970 0.638966
vt 0.131217 0.848464
vt 0.137104 0.845690
vt 0.014242 0.115977
vt 0.027670 0.127689
vt 0.583421 0.654841
vt 0.383953 0.685088
vt 0.394691 0.669106
vt 0.389757 0.684295
vt 0.004858 0.099609
vt 0.014812 0.114448
vt 0.134210 0.579242
vt 0.193006 0.566620
vt 0.189649 0.581194
vt 0.383218 0.702391
vt 0.388891 0.700504
vt 0.000000 0.081348
vt 0.005797 0.098302
vt 0.131982 0.596743
vt 0.187539 0.598099
vt 0.386880 0.719552
vt 0.392154 0.716627
vt 0.001239 0.080351
vt 0.131195 0.615501
vt 0.394691 0.735403
vt 0.079056 0.143654
vt 0.061876 0.150612
vt 0.060662 0.143668
vt 0.013958 0.170871
vt 0.011702 0.190051
vt 0.004761 0.186928
vt 0.125760 0.257224
vt 0.129607 0.238123
vt 0.134957 0.241166
vt 0.013958 0.257308
vt 0.032310 0.265258
vt 0.026965 0.270403
vt 0.096823 0.148437
vt 0.078482 0.150474
vt 0.112753 0.270338
vt 0.121413 0.252682
vt 0.004761 0.241265
vt 0.020480 0.253524
vt 0.112753 0.157692
vt 0.094555 0.154671
vt -0.000000 0.223366
vt 0.012068 0.239104
vt 0.007524 0.206248
vt -0.000000 0.204834
vt 0.026965 0.157757
vt 0.019896 0.175492
vt 0.125760 0.170787
vt 0.108998 0.162916
vt 0.134957 0.186830
vt 0.120829 0.174649
vt 0.007650 0.222979
vt 0.079056 0.284427
vt 0.095440 0.273097
vt 0.096823 0.279617
vt 0.139718 0.204728
vt 0.129240 0.189070
vt 0.060662 0.284441
vt 0.079432 0.277561
vt 0.042894 0.148478
vt 0.031550 0.163563
vt 0.139718 0.223261
vt 0.133659 0.205195
vt 0.042894 0.279657
vt 0.062827 0.277699
vt 0.109759 0.264611
vt 0.045868 0.155077
vt 0.133784 0.221926
vt 0.046754 0.273503
vt 0.099425 0.705164
vt 0.143236 0.770510
vt 0.143236 0.844569
vt 0.196857 0.775633
vt 0.201896 0.762953
vt 0.202875 0.776388
vt 0.093988 0.661967
vt 0.197684 0.791408
vt 0.203673 0.791612
vt 0.595441 0.741135
vt 0.198269 0.807962
vt 0.255330 0.558111
vt 0.143223 0.783266
vt 0.143216 0.798088
vt 0.635728 0.742519
vt 0.623393 0.726237
vt 0.635740 0.727094
vt 0.244904 0.837739
vt 0.232366 0.822153
vt 0.244904 0.822855
vt 0.635704 0.755739
vt 0.623381 0.740866
vt 0.059281 0.737162
vt 0.067252 0.748229
vt 0.056198 0.750519
vt 0.061220 0.721651
vt 0.070176 0.735558
vt 0.061881 0.705045
vt 0.072014 0.720846
vt 0.061220 0.688474
vt 0.072640 0.705095
vt 0.059281 0.673069
vt 0.072012 0.689379
vt 0.056198 0.659879
vt 0.070173 0.674768
vt 0.183498 0.781869
vt 0.171178 0.770865
vt 0.183511 0.768534
vt 0.183491 0.797366
vt 0.171165 0.783514
vt 0.183491 0.813967
vt 0.171158 0.798213
vt 0.183497 0.830543
vt 0.171158 0.813959
vt 0.183511 0.845963
vt 0.171165 0.829681
vt 0.243172 0.773886
vt 0.229754 0.762385
vt 0.242150 0.759841
vt 0.244007 0.789802
vt 0.230724 0.775707
vt 0.244598 0.806505
vt 0.231516 0.790804
vt 0.244598 0.850143
vt 0.232365 0.836269
vt 0.635666 0.665097
vt 0.623282 0.657703
vt 0.635623 0.654841
vt 0.635701 0.678424
vt 0.623322 0.667432
vt 0.635727 0.693916
vt 0.623356 0.680074
vt 0.635739 0.710516
vt 0.623379 0.694769
vt 0.232076 0.806646
vt 0.623392 0.710514
vt 0.410407 0.043410
vt 0.412660 0.060777
vt 0.408231 0.043686
vt 0.324731 0.004481
vt 0.340807 0.002116
vt 0.324791 0.006603
vt 0.341265 0.138260
vt 0.325733 0.131675
vt 0.341817 0.136335
vt 0.401848 0.027527
vt 0.399808 0.028338
vt 0.309906 0.013376
vt 0.310467 0.015360
vt 0.358383 0.138498
vt 0.358434 0.136425
vt 0.284811 0.077444
vt 0.286447 0.060094
vt 0.286580 0.077764
vt 0.389744 0.014488
vt 0.387964 0.015779
vt 0.297801 0.026078
vt 0.298812 0.027791
vt 0.374918 0.134017
vt 0.374449 0.131938
vt 0.410407 0.096776
vt 0.400428 0.110750
vt 0.408621 0.095492
vt 0.374919 0.005180
vt 0.373507 0.006866
vt 0.401847 0.112421
vt 0.388773 0.123181
vt 0.297801 0.110971
vt 0.291009 0.094856
vt 0.299433 0.110203
vt 0.289242 0.041722
vt 0.290619 0.043049
vt 0.389743 0.125123
vt 0.289242 0.095088
vt 0.414837 0.079256
vt 0.412793 0.078447
vt 0.358384 0.000239
vt 0.357423 0.002206
vt 0.309905 0.124011
vt 0.311276 0.122762
vt 0.284811 0.059242
vt 0.414837 0.061054
vt 0.341265 -0.000000
vt 0.324730 0.133318
vt 0.171178 0.844305
vt 0.067248 0.662259
vt 0.202154 0.837732
vt 0.202154 0.823394
vt 0.204238 0.807587
vt 0.623358 0.753404
vt 0.595382 0.667083
vt 0.201861 0.849683
vt 0.965028 0.131495
vt 0.963549 0.109569
vt 0.965028 0.107987
vt 0.305845 0.954113
vt 0.307088 0.975864
vt 0.305603 0.977466
vt 0.126120 0.897602
vt 0.127677 0.918249
vt 0.126189 0.919360
vt 0.017482 0.949365
vt 0.018588 0.983532
vt 0.017417 0.984926
vt 0.042984 0.951876
vt 0.041415 0.986030
vt 0.041415 0.950383
vt 0.079428 0.953577
vt 0.057500 0.919386
vt 0.079428 0.917931
vt 0.310293 0.954065
vt 0.310293 0.977717
vt 0.021802 0.949233
vt 0.021802 0.985361
vt 0.130880 0.897448
vt 0.130880 0.919730
vt 0.562470 0.951971
vt 0.558019 0.986137
vt 0.558019 0.951688
vt 0.340316 0.879405
vt 0.333161 0.922303
vt 0.329964 0.877951
vt 0.916912 0.720207
vt 0.911196 0.673674
vt 0.920069 0.673432
vt 0.913220 0.720461
vt 0.908285 0.723608
vt 0.900790 0.674140
vt 0.902286 0.721241
vt 0.894899 0.674481
vt 0.897414 0.721501
vt 0.356394 0.878834
vt 0.349920 0.923668
vt 0.350915 0.879317
vt 0.344050 0.926401
vt 0.461688 0.575514
vt 0.457296 0.621701
vt 0.458817 0.574637
vt 0.253096 0.481558
vt 0.255441 0.527845
vt 0.253353 0.527771
vt 0.694027 0.824822
vt 0.693234 0.783511
vt 0.697134 0.824529
vt 0.795110 0.167930
vt 0.795110 0.121382
vt 0.796671 0.121475
vt 0.395461 0.668161
vt 0.390159 0.664824
vt 0.395065 0.659158
vt 0.390248 0.654371
vt 0.395461 0.651339
vt 0.691746 0.831716
vt 0.694500 0.831623
vt 0.696586 0.831562
vt 0.916883 0.666484
vt 0.908862 0.666914
vt 0.900791 0.667373
vt 0.894466 0.667751
vt 0.253193 0.474043
vt 0.255441 0.480758
vt 0.669076 0.281194
vt 0.669076 0.273517
vt 0.672006 0.280552
vt 0.460570 0.567975
vt 0.457296 0.567863
vt 0.357544 0.873248
vt 0.739440 0.540730
vt 0.739440 0.528931
vt 0.742945 0.533386
vt 0.287421 0.142674
vt 0.284981 0.139371
vt 0.286152 0.138934
vt 0.287399 0.139000
vt 0.289110 0.140213
vt 0.915383 0.723144
vt 0.920442 0.722881
vt 0.900793 0.723950
vt 0.538159 0.279311
vt 0.540097 0.276569
vt 0.541652 0.278350
vt 0.541652 0.280245
vt 0.540097 0.282026
vt 0.351680 0.926342
vt 0.354330 0.923129
vt 0.357544 0.925804
vt 0.338449 0.923165
vt 0.336385 0.925902
vt 0.330314 0.925019
vt 0.328785 0.924467
vt 0.982991 0.248405
vt 0.983197 0.285824
vt 0.977085 0.285824
vt 0.282683 0.984967
vt 0.288397 0.948294
vt 0.288397 0.986861
vt 0.983209 0.848091
vt 0.987322 0.811313
vt 0.987322 0.849838
vt 0.981414 0.893080
vt 0.987122 0.929759
vt 0.981414 0.931642
vt 0.977072 0.848727
vt 0.977708 0.811313
vt 0.983209 0.848727
vt 0.980362 0.041848
vt 0.986098 0.005003
vt 0.986098 0.043690
vt 0.917228 0.206766
vt 0.947408 0.212095
vt 0.917347 0.212399
vt 0.942252 0.539568
vt 0.910331 0.545046
vt 0.910310 0.539568
vt 0.942124 0.623414
vt 0.910310 0.628750
vt 0.910390 0.623414
vt 0.943944 0.893080
vt 0.912106 0.898280
vt 0.912105 0.893080
vt 0.942240 0.628906
vt 0.923031 0.665286
vt 0.944040 0.898308
vt 0.924769 0.933912
vt 0.942257 0.545213
vt 0.923043 0.581458
vt 0.937234 0.248341
vt 0.813054 0.128593
vt 0.810339 0.121959
vt 0.813054 0.122583
vt 0.814041 0.274213
vt 0.811709 0.280872
vt 0.810508 0.274854
vt 0.814041 0.268937
vt 0.810591 0.268265
vt 0.814840 0.264349
vt 0.804869 0.122567
vt 0.807517 0.126516
vt 0.804869 0.128587
vt 0.898549 0.960772
vt 0.905074 0.957825
vt 0.904735 0.960808
vt 0.895829 0.955205
vt 0.900119 0.957834
vt 0.889661 0.951321
vt 0.892954 0.957300
vt 0.889583 0.944731
vt 0.893352 0.950640
vt 0.892955 0.938681
vt 0.893352 0.945365
vt 0.900119 0.938145
vt 0.898580 0.935128
vt 0.904783 0.935167
vt 0.699429 0.736444
vt 0.699429 0.688163
vt 0.700992 0.736379
vt 0.182781 0.923758
vt 0.192536 0.965244
vt 0.188714 0.967037
vt 0.970322 0.568316
vt 0.974223 0.613977
vt 0.964952 0.611668
vt 0.247164 0.958942
vt 0.250627 0.918758
vt 0.256678 0.963716
vt 0.971189 0.745340
vt 0.962258 0.790182
vt 0.246396 0.963758
vt 0.308953 0.987625
vt 0.308953 0.992938
vt 0.307639 0.988082
vt 0.309017 0.988494
vt 0.310536 0.987625
vt 0.309633 0.988777
vt 0.698999 0.988591
vt 0.698381 0.989036
vt 0.697981 0.987625
vt 0.697981 0.990446
vt 0.696936 0.989553
vt 0.697981 0.987625
vt 0.697600 0.989040
vt 0.309600 0.990696
vt 0.308954 0.990885
vt 0.575265 0.913827
vt 0.573809 0.905229
vt 0.577982 0.913198
vt 0.908800 0.056231
vt 0.909931 0.047381
vt 0.911319 0.056113
vt 0.347799 0.979118
vt 0.347799 0.970206
vt 0.350843 0.978593
vt 0.641179 0.282023
vt 0.642891 0.273525
vt 0.644228 0.282023
vt 0.068596 0.979708
vt 0.071086 0.970503
vt 0.071086 0.980116
vt 0.707010 0.282020
vt 0.709211 0.273253
vt 0.710097 0.282020
vt 0.357544 0.929015
vt 0.347799 0.970206
vt 0.347799 0.926401
vt 0.964952 0.659377
vt 0.968852 0.613977
vt 0.974223 0.657054
vt 0.054955 0.658645
vt 0.056154 0.614054
vt 0.056154 0.664143
vt 0.126636 0.960844
vt 0.123100 0.920877
vt 0.127330 0.920274
vt 0.973564 0.937716
vt 0.964629 0.893080
vt 0.974132 0.893080
vt 0.117131 0.965635
vt 0.127413 0.965635
vt 0.232668 0.987625
vt 0.232668 0.993252
vt 0.231234 0.992970
vt 0.673151 0.989978
vt 0.672532 0.988976
vt 0.672037 0.987625
vt 0.437921 0.969859
vt 0.439496 0.969038
vt 0.440958 0.969325
vt 0.672471 0.990440
vt 0.687908 0.988615
vt 0.689027 0.987625
vt 0.688635 0.989035
vt 0.487392 0.991409
vt 0.486896 0.988771
vt 0.487478 0.988449
vt 0.729027 0.990321
vt 0.728935 0.988578
vt 0.729027 0.987625
vt 0.672037 0.991475
vt 0.447365 0.821404
vt 0.448915 0.821124
vt 0.449623 0.821812
vt 0.698999 0.989331
vt 0.699949 0.987625
vt 0.699618 0.989236
vt 0.924036 0.288130
vt 0.924942 0.297115
vt 0.921891 0.297115
vt 0.440958 0.978247
vt 0.438487 0.978681
vt 0.671102 0.969359
vt 0.671102 0.978274
vt 0.668044 0.977741
vt 0.161395 0.969928
vt 0.164258 0.978363
vt 0.161329 0.978750
vt 0.681006 0.970885
vt 0.681006 0.979775
vt 0.678533 0.979359
vt 0.557536 0.758923
vt 0.559257 0.768465
vt 0.556153 0.768374
vt 0.684449 0.947134
vt 0.693684 0.979840
vt 0.684454 0.978139
vt 0.760489 0.975582
vt 0.751239 0.951579
vt 0.760495 0.948203
vt 0.751266 0.979619
vt 0.760495 0.979596
vt 0.627380 0.985268
vt 0.624553 0.985478
vt 0.622784 0.983224
vt 0.624305 0.979262
vt 0.627380 0.949382
vt 0.622784 0.951443
vt 0.624553 0.949191
vt 0.624327 0.955451
vt 0.628828 0.951946
vt 0.980529 0.487907
vt 0.978184 0.497123
vt 0.978266 0.487918
vt 0.751267 0.947599
vt 0.946256 0.296964
vt 0.943429 0.288220
vt 0.946256 0.288208
vt 0.241190 0.978806
vt 0.238871 0.969580
vt 0.241149 0.969601
vt 0.919959 0.288130
vt 0.917228 0.297336
vt 0.917228 0.288146
vt 0.693684 0.945375
vt 0.684430 0.944544
vt 0.684430 0.980701
vt 0.799073 0.371952
vt 0.805869 0.382654
vt 0.799073 0.389939
vt 0.814904 0.646868
vt 0.807579 0.638158
vt 0.814904 0.628758
vt 0.897228 0.876772
vt 0.888377 0.880613
vt 0.882535 0.868832
vt 0.908053 0.862511
vt 0.912982 0.869346
vt 0.903102 0.874061
vt 0.880216 0.859364
vt 0.175335 0.933872
vt 0.174881 0.923150
vt 0.182781 0.922599
vt 0.890450 0.820646
vt 0.221983 0.892444
vt 0.221730 0.905480
vt 0.211349 0.905849
vt 0.944040 0.934005
vt 0.941752 0.967876
vt 0.938424 0.969001
vt 0.161329 0.922650
vt 0.165983 0.922625
vt 0.166042 0.933645
vt 0.894993 0.893080
vt 0.900613 0.885275
vt 0.907000 0.887444
vt 0.908374 0.881693
vt 0.917293 0.882787
vt 0.819702 0.485362
vt 0.810470 0.497424
vt 0.810470 0.484162
vt 0.773393 0.385184
vt 0.764179 0.369493
vt 0.773445 0.370160
vt 0.882227 0.732025
vt 0.874469 0.740875
vt 0.874469 0.724316
vt 0.839408 0.646129
vt 0.831617 0.637310
vt 0.839408 0.629542
vt 0.800018 0.646735
vt 0.800018 0.628758
vt 0.807011 0.636220
vt 0.288057 0.901630
vt 0.303167 0.895150
vt 0.297205 0.906306
vt 0.276844 0.886484
vt 0.282004 0.898427
vt 0.271869 0.893046
vt 0.305603 0.886266
vt 0.175373 0.940724
vt 0.182781 0.951896
vt 0.175037 0.951454
vt 0.294942 0.847088
vt 0.267346 0.852254
vt 0.050451 0.762686
vt 0.052861 0.756455
vt 0.056119 0.756711
vt 0.193919 0.892663
vt 0.204531 0.905868
vt 0.194193 0.905481
vt 0.161491 0.952098
vt 0.166083 0.941053
vt 0.166144 0.952072
vt 0.290359 0.917776
vt 0.284754 0.910236
vt 0.292830 0.914096
vt 0.267346 0.905510
vt 0.276745 0.905967
vt 0.278171 0.911751
vt 0.830880 0.896892
vt 0.840111 0.908792
vt 0.830934 0.908653
vt 0.828963 0.496303
vt 0.838200 0.484162
vt 0.838200 0.497335
vt 0.866702 0.724316
vt 0.874469 0.733156
vt 0.866702 0.740857
vt 0.839408 0.638370
vt 0.847191 0.629542
vt 0.847191 0.646146
vt 0.925185 0.713692
vt 0.923166 0.741951
vt 0.922994 0.711949
vt 0.326524 0.824340
vt 0.328621 0.797296
vt 0.328773 0.824463
vt 0.221622 0.881623
vt 0.193006 0.850143
vt 0.223234 0.850143
vt 0.204324 0.915043
vt 0.211602 0.915043
vt 0.893953 0.099809
vt 0.866889 0.128260
vt 0.866889 0.098963
vt 0.194330 0.881625
vt 0.275465 0.320153
vt 0.275834 0.329722
vt 0.273095 0.329761
vt 0.814083 0.371952
vt 0.814083 0.390014
vt 0.806662 0.380704
vt 0.925421 0.740852
vt 0.925091 0.743537
vt 0.297331 0.847065
vt 0.620070 0.277875
vt 0.620070 0.264313
vt 0.621203 0.277415
vt 0.925091 0.710711
vt 0.925421 0.713134
vt 0.878543 0.977107
vt 0.876942 0.963719
vt 0.879951 0.964782
vt 0.925185 0.740247
vt 0.093025 0.968965
vt 0.094679 0.981680
vt 0.093025 0.982433
vt 0.446408 0.478674
vt 0.449057 0.510072
vt 0.446434 0.511386
vt 0.272783 0.342795
vt 0.274517 0.343373
vt 0.449111 0.521117
vt 0.326313 0.825055
vt 0.175316 0.921184
vt 0.326313 0.796765
vt 0.327706 0.794814
vt 0.447365 0.915087
vt 0.447365 0.943404
vt 0.444929 0.916119
vt 0.807579 0.638089
vt 0.364228 0.143608
vt 0.367517 0.138870
vt 0.367517 0.143302
vt 0.293095 0.143578
vt 0.289780 0.138995
vt 0.293095 0.138934
vt 0.364228 0.143606
vt 0.360933 0.138870
vt 0.363789 0.139193
vt 0.095790 0.991914
vt 0.098103 0.987625
vt 0.098103 0.992297
vt 0.807876 0.636247
vt 0.807154 0.378561
vt 0.947137 0.745308
vt 0.925871 0.741200
vt 0.946828 0.743200
vt 0.947137 0.713354
vt 0.925871 0.712878
vt 0.947211 0.742514
vt 0.947211 0.715859
vt 0.984156 0.619132
vt 0.982333 0.622477
vt 0.982333 0.606724
vt 0.982405 0.536322
vt 0.984226 0.539660
vt 0.982405 0.552073
vt 0.882611 0.356654
vt 0.878180 0.365712
vt 0.878180 0.356289
vt 0.493096 0.060912
vt 0.497614 0.065608
vt 0.493096 0.068030
vt 0.887582 0.356293
vt 0.892243 0.365606
vt 0.887582 0.365476
vt 0.924551 0.341927
vt 0.932932 0.342806
vt 0.926279 0.346030
vt 0.769568 0.633141
vt 0.762259 0.630810
vt 0.768584 0.628758
vt 0.769673 0.648965
vt 0.913087 0.941111
vt 0.914078 0.959002
vt 0.912105 0.956792
vt 0.129245 0.631327
vt 0.129245 0.611103
vt 0.130869 0.615248
vt 0.932737 0.364612
vt 0.925064 0.362144
vt 0.635758 0.756086
vt 0.640283 0.748177
vt 0.640283 0.758454
vt 0.573809 0.904029
vt 0.573809 0.914573
vt 0.569908 0.909193
vt 0.106775 0.991795
vt 0.107979 0.987625
vt 0.107979 0.995756
vt 0.720536 0.539038
vt 0.726627 0.528931
vt 0.726627 0.538114
vt 0.728076 0.528931
vt 0.733324 0.538052
vt 0.726627 0.538052
vt 0.925280 0.959195
vt 0.915445 0.936982
vt 0.925280 0.939009
vt 0.917028 0.965472
vt 0.918773 0.934005
vt 0.193239 0.919697
vt 0.193240 0.915044
vt 0.222687 0.915042
vt 0.222688 0.919696
vt 0.311416 0.969504
vt 0.313248 0.966190
vt 0.313248 0.983037
vt 0.982204 0.199729
vt 0.980370 0.196423
vt 0.982204 0.182884
vt 0.521850 0.987625
vt 0.521850 0.991150
vt 0.520142 0.988941
vt 0.165532 0.989437
vt 0.168272 0.987625
vt 0.168272 0.990790
vt 0.292483 0.987625
vt 0.294625 0.990443
vt 0.292017 0.990443
vt 0.407075 0.987625
vt 0.404916 0.990417
vt 0.404920 0.987625
vt 0.390317 0.987633
vt 0.392472 0.990421
vt 0.390317 0.990425
vt 0.412296 0.987633
vt 0.410152 0.990421
vt 0.409851 0.987625
vt 0.476835 0.987625
vt 0.476835 0.990695
vt 0.474731 0.989680
vt 0.417004 0.987625
vt 0.417004 0.990644
vt 0.414741 0.989628
vt 0.157609 0.988851
vt 0.154691 0.990696
vt 0.154691 0.987625
vt 0.399979 0.987625
vt 0.402136 0.990417
vt 0.399981 0.990417
vt 0.307216 0.138934
vt 0.309606 0.139544
vt 0.309606 0.143025
vt 0.297223 0.141315
vt 0.293095 0.138996
vt 0.296571 0.138934
vt 0.305478 0.140705
vt 0.295485 0.143086
vt 0.306130 0.143086
vt 0.293095 0.142476
vt 0.303088 0.138934
vt 0.305478 0.139545
vt 0.302002 0.143086
vt 0.477838 0.987625
vt 0.479172 0.990390
vt 0.476835 0.990390
vt 0.301350 0.140705
vt 0.305478 0.143025
vt 0.289876 0.987625
vt 0.292017 0.990443
vt 0.289410 0.990443
vt 0.392785 0.987633
vt 0.394939 0.990420
vt 0.392785 0.990425
vt 0.520142 0.987625
vt 0.520142 0.991150
vt 0.518435 0.988941
vt 0.160205 0.991077
vt 0.157609 0.989437
vt 0.297223 0.138996
vt 0.300698 0.138934
vt 0.297223 0.142476
vt 0.301350 0.141315
vt 0.299612 0.143086
vt 0.409542 0.987625
vt 0.407383 0.990417
vt 0.407387 0.987625
vt 0.414741 0.987633
vt 0.412597 0.990421
vt 0.412296 0.987625
vt 0.170912 0.987625
vt 0.170912 0.990910
vt 0.168272 0.989164
vt 0.402448 0.987625
vt 0.404604 0.990417
vt 0.402449 0.990417
vt 0.769029 0.121410
vt 0.795110 0.165146
vt 0.769029 0.165174
vt 0.486042 0.864150
vt 0.527140 0.908243
vt 0.486042 0.908244
vt 0.394564 0.911313
vt 0.368483 0.950548
vt 0.368483 0.911378
vt 0.640947 0.949191
vt 0.616390 0.907622
vt 0.640947 0.908174
vt 0.943374 0.819682
vt 0.917293 0.861040
vt 0.917293 0.819632
vt 0.258792 0.608453
vt 0.813826 0.369493
vt 0.583421 0.677306
vt 0.740090 0.273187
vt 0.692525 0.540741
vt 0.692525 0.528931
vt 0.699703 0.529680
vt 0.106975 0.752664
vt 0.583421 0.540864
vt 0.640932 0.653324
vt 0.389036 0.668823
vt 0.137727 0.564192
vt 0.193006 0.826475
vt 0.589258 0.665523
vt 0.195843 0.761713
vt 0.232075 0.848032
vt 0.592930 0.656890
vt 0.552835 0.987625
vt 0.554068 0.989151
vt 0.552835 0.992322
vt 0.424527 0.987625
vt 0.426030 0.988653
vt 0.424527 0.992032
vt 0.056198 0.953551
vt 0.562713 0.985966
vt 0.460105 0.621700
vt 0.694528 0.778054
vt 0.691746 0.778025
vt 0.698590 0.831510
vt 0.700878 0.831463
vt 0.922994 0.666176
vt 0.822784 0.127999
vt 0.820547 0.128758
vt 0.820547 0.121667
vt 0.491164 0.067615
vt 0.487874 0.060912
vt 0.493095 0.060912
vt 0.257568 0.916914
vt 0.253459 0.913737
vt 0.257568 0.903967
vt 0.284811 0.143658
vt 0.289322 0.143658
vt 0.894466 0.724316
vt 0.536755 0.276835
vt 0.536755 0.281787
vt 0.640823 0.985687
vt 0.635140 0.987604
vt 0.635140 0.949191
vt 0.982050 0.175148
vt 0.975450 0.177105
vt 0.975450 0.139459
vt 0.947240 0.206766
vt 0.929616 0.665342
vt 0.931359 0.934005
vt 0.929645 0.581497
vt 0.931049 0.248405
vt 0.810403 0.126541
vt 0.814840 0.278762
vt 0.811706 0.262254
vt 0.807596 0.121959
vt 0.895829 0.940791
vt 0.905074 0.938136
vt 0.192536 0.921184
vt 0.974223 0.569163
vt 0.581988 0.909148
vt 0.583408 0.904029
vt 0.583408 0.953732
vt 0.246396 0.918172
vt 0.966140 0.790422
vt 0.310536 0.992038
vt 0.906849 0.047525
vt 0.908216 0.046925
vt 0.697981 0.990434
vt 0.654570 0.989239
vt 0.653870 0.990153
vt 0.653799 0.988684
vt 0.729639 0.989917
vt 0.729639 0.987625
vt 0.729690 0.988299
vt 0.653336 0.987625
vt 0.653336 0.991459
vt 0.719042 0.274392
vt 0.716090 0.273287
vt 0.717263 0.273253
vt 0.911319 0.047355
vt 0.716090 0.281890
vt 0.267084 0.947840
vt 0.264820 0.939531
vt 0.267084 0.939171
vt 0.069123 0.970913
vt 0.575494 0.904029
vt 0.577982 0.904056
vt 0.115023 0.547957
vt 0.116576 0.548050
vt 0.115023 0.598576
vt 0.960675 0.618184
vt 0.964952 0.658415
vt 0.960675 0.659193
vt 0.964952 0.614838
vt 0.969680 0.937951
vt 0.699949 0.990643
vt 0.485974 0.991841
vt 0.486893 0.990697
vt 0.485974 0.987625
vt 0.689027 0.990431
vt 0.925776 0.289016
vt 0.447365 0.830341
vt 0.164258 0.969477
vt 0.554919 0.759570
vt 0.559257 0.759694
vt 0.921453 0.288843
vt 0.751241 0.975570
vt 0.628823 0.982720
vt 0.980529 0.497135
vt 0.942234 0.297291
vt 0.238249 0.978806
vt 0.921453 0.297336
vt 0.917293 0.828293
vt 0.944040 0.975284
vt 0.892600 0.889068
vt 0.915667 0.878420
vt 0.819666 0.497225
vt 0.764179 0.386261
vt 0.881679 0.735425
vt 0.832172 0.640701
vt 0.050451 0.721644
vt 0.269025 0.901408
vt 0.840111 0.895688
vt 0.828910 0.484496
vt 0.873920 0.729760
vt 0.839963 0.634975
vt 0.326524 0.797484
vt 0.894253 0.126975
vt 0.446408 0.520963
vt 0.876942 0.976368
vt 0.888475 0.819632
vt 0.274538 0.287466
vt 0.272783 0.318938
vt 0.175493 0.953425
vt 0.327706 0.827009
vt 0.951867 0.949603
vt 0.954855 0.949816
vt 0.951867 0.974029
vt 0.806662 0.380572
vt 0.364687 0.139197
vt 0.289322 0.143631
vt 0.360933 0.143303
vt 0.122781 0.992709
vt 0.120922 0.988444
vt 0.122781 0.987625
vt 0.807781 0.640027
vt 0.250224 0.997877
vt 0.249560 0.999512
vt 0.249560 0.987625
vt 0.946828 0.715122
vt 0.882819 0.365887
vt 0.924551 0.366252
vt 0.913550 0.961712
vt 0.892034 0.356289
vt 0.762259 0.651879
vt 0.636957 0.746845
vt 0.056198 0.966210
vt 0.059369 0.968032
vt 0.056198 0.976905
vt 0.721864 0.529288
vt 0.732764 0.529247
vt 0.920377 0.966003
vt 0.922119 0.934588
vt 0.299740 0.987625
vt 0.299740 0.990473
vt 0.297198 0.990078
vt 0.527391 0.987628
vt 0.529534 0.987625
vt 0.529534 0.990417
vt 0.485974 0.990481
vt 0.483743 0.988711
vt 0.485974 0.987625
vt 0.436224 0.987625
vt 0.438561 0.987625
vt 0.437352 0.990432
vt 0.521850 0.987625
vt 0.523549 0.988932
vt 0.521850 0.991147
vt 0.407383 0.990414
vt 0.392785 0.987625
vt 0.412296 0.990425
vt 0.529534 0.987625
vt 0.531233 0.989841
vt 0.529534 0.991145
vt 0.402448 0.987627
vt 0.483743 0.990481
vt 0.481512 0.988711
vt 0.483743 0.987625
vt 0.523549 0.987625
vt 0.525248 0.988932
vt 0.523549 0.991147
vt 0.395252 0.987625
vt 0.296760 0.987625
vt 0.297198 0.990439
vt 0.294625 0.990439
vt 0.531233 0.987625
vt 0.532933 0.989841
vt 0.531233 0.991145
vt 0.438561 0.987625
vt 0.440729 0.988496
vt 0.438561 0.990650
vt 0.409850 0.990414
vt 0.414741 0.990425
vt 0.419268 0.990644
vt 0.417004 0.989628
vt 0.419268 0.987625
vt 0.525248 0.987628
vt 0.527391 0.987625
vt 0.527391 0.990417
vt 0.404916 0.987627
vt 0.795110 0.121382
vt 0.527140 0.864149
vt 0.394564 0.950484
vt 0.616390 0.948639
vt 0.943374 0.861090
s 1
f 8/1/1 4/2/2 3927/3/3
f 3928/4/4 4045/5/5 3720/6/6
f 12/7/7 7/8/8 10/9/9
f 15/10/10 9/11/11 8/1/1
f 3799/12/12 3720/6/6 3721/13/13
f 19/14/14 10/9/9 17/15/15
f 3800/16/16 16/17/17 15/10/10
f 22/18/18 3721/13/13 25/19/19
f 17/15/15 3740/20/20 19/14/14
f 3929/21/21 3633/22/22 3800/16/16
f 29/23/23 25/19/19 3623/24/24
f 33/25/25 24/26/26 31/27/27
f 35/28/28 30/29/29 3929/21/21
f 3930/30/30 3623/31/24 3624/32/31
f 39/33/32 31/34/27 37/35/33
f 3883/36/34 3816/37/35 35/38/28
f 481/39/36 3624/32/31 4047/40/37
f 43/41/38 37/35/33 42/42/39
f 44/43/40 467/44/41 3883/36/34
f 3882/45/42 4047/40/37 4046/46/43
f 48/47/44 42/42/39 46/48/45
f 51/49/46 3939/50/47 44/43/40
f 3625/51/48 4046/46/43 54/52/49
f 3821/53/50 46/48/45 53/54/51
f 3626/55/52 3730/56/53 51/49/46
f 58/57/54 54/52/49 61/58/55
f 62/59/56 53/54/51 60/60/57
f 64/61/58 59/62/59 3626/55/52
f 61/58/55 3801/63/60 58/57/54
f 68/64/61 60/65/57 66/66/62
f 3802/67/63 65/68/64 64/61/58
f 70/69/65 3789/70/66 73/71/67
f 3738/72/68 66/66/62 72/73/69
f 3932/74/70 3631/75/71 3802/67/63
f 73/71/67 77/76/72 70/69/65
f 81/77/73 72/73/69 79/78/74
f 84/79/75 78/80/76 3932/74/70
f 80/81/77 3722/82/78 77/76/72
f 88/83/79 79/78/74 86/84/80
f 3723/85/81 3814/86/82 84/79/75
f 90/87/83 3707/88/84 93/89/85
f 3638/90/86 86/84/80 92/91/87
f 96/92/88 91/93/89 3723/85/81
f 3885/94/90 93/95/85 3804/96/91
f 3818/97/92 92/91/87 98/98/93
f 102/99/94 97/100/95 96/92/88
f 3627/101/96 3804/96/91 105/102/97
f 98/98/93 3819/103/98 3818/97/92
f 3628/104/99 3732/105/100 102/99/94
f 105/102/97 108/106/101 3627/101/96
f 104/107/102 112/108/103 3819/103/98
f 115/109/104 109/110/105 3628/104/99
f 3805/111/106 3724/112/107 3725/113/108
f 119/114/109 110/115/110 117/116/111
f 3806/117/112 116/118/113 115/109/104
f 121/119/114 3725/113/108 124/120/115
f 3735/121/116 117/122/111 123/123/117
f 3933/124/118 3635/125/119 3806/117/112
f 127/126/120 124/120/115 3629/127/121
f 131/128/122 123/123/117 129/129/123
f 133/130/124 128/131/125 3933/132/118
f 3629/127/121 3726/133/126 127/126/120
f 137/134/127 129/135/123 135/136/128
f 3727/137/129 3812/138/130 133/130/124
f 139/139/131 3630/140/132 142/141/133
f 3642/142/134 135/136/128 141/143/135
f 145/144/136 140/145/137 3727/137/129
f 4008/146/138 142/147/133 3808/148/139
f 3729/149/140 141/143/135 147/150/141
f 3927/3/3 146/151/142 145/144/136
f 5/152/143 3808/148/139 4045/153/5
f 147/150/141 3728/154/144 3729/149/140
f 3817/155/145 6645/156/146 36/157/147
f 3888/158/148 3810/159/149 3940/160/150
f 3815/161/151 470/162/152 85/163/153
f 134/164/154 477/165/155 3636/166/156
f 45/167/157 480/168/158 3817/155/145
f 3938/169/159 6584/170/160 3815/161/151
f 3813/171/161 476/172/162 134/164/154
f 52/173/163 4002/174/164 45/175/157
f 3935/176/165 6587/177/166 3813/171/161
f 3940/160/150 3/178/167 3934/179/168
f 23/180/169 3972/181/170 3888/158/148
f 3731/182/171 4003/183/172 52/173/163
f 3887/184/173 6582/185/174 3731/182/171
f 3934/179/168 150/186/175 3935/176/165
f 3733/187/176 3937/188/177 103/189/178
f 71/190/179 6581/191/180 3887/184/173
f 3889/192/181 6585/193/182 3733/187/176
f 3634/194/183 3973/195/184 23/180/169
f 3632/196/185 3790/197/186 71/190/179
f 122/198/187 474/199/188 3889/192/181
f 103/200/178 3936/201/189 3938/169/159
f 36/202/147 479/203/190 3634/194/183
f 85/163/153 82/204/191 3632/196/185
f 3636/205/156 6641/206/192 122/198/187
f 56/207/193 50/208/194 49/209/195
f 13/210/196 1/211/197 3809/212/198
f 468/213/199 57/214/200 56/207/193
f 469/215/201 63/216/202 468/217/199
f 75/218/203 69/219/204 469/215/201
f 3791/220/205 76/221/206 75/218/203
f 6583/222/207 83/223/208 3791/220/205
f 471/224/209 89/225/210 6583/222/207
f 472/226/211 95/227/212 471/224/209
f 473/228/213 101/229/214 472/230/211
f 113/231/215 107/232/216 473/228/213
f 6586/233/217 114/234/218 113/231/215
f 475/235/219 120/236/220 6586/233/217
f 4010/237/221 126/238/222 475/235/219
f 4009/239/223 132/240/224 4010/237/221
f 478/241/225 138/242/226 4009/239/223
f 3811/243/227 144/244/228 478/241/225
f 20/245/229 14/246/230 13/210/196
f 27/247/231 21/248/232 20/249/229
f 6588/250/233 28/251/234 27/247/231
f 40/252/235 34/253/236 6588/250/233
f 6589/254/237 41/255/238 40/252/235
f 3809/212/198 151/256/239 3811/257/227
f 49/209/195 482/258/240 6589/254/237
f 87/259/241 3890/260/242 3637/261/243
f 3886/262/244 3734/263/245 125/264/246
f 38/265/247 3891/266/248 3639/267/249
f 3803/268/250 3637/261/243 94/269/251
f 130/270/252 125/271/246 3892/272/253
f 466/273/254 3639/267/249 3640/274/255
f 6/275/256 149/276/257 2/277/258
f 99/278/259 94/269/251 100/279/260
f 136/280/261 3892/272/253 3641/281/262
f 47/282/263 3640/274/255 3820/283/264
f 67/284/265 3941/285/266 3737/286/267
f 3971/287/268 100/279/260 106/288/269
f 3788/289/270 55/290/271 3941/285/266
f 18/291/272 3736/292/273 3739/293/274
f 3807/294/275 3641/281/262 143/295/276
f 3931/296/277 3820/297/264 55/290/271
f 11/298/278 2/277/258 3736/292/273
f 3884/299/279 3737/286/267 74/300/280
f 111/301/281 106/288/269 3942/302/282
f 3881/303/283 3739/293/274 26/304/284
f 148/305/285 143/295/276 149/276/257
f 3706/306/286 74/300/280 3890/260/242
f 118/307/287 3942/302/282 3734/263/245
f 32/308/288 26/304/284 3891/266/248
f 129/129/123 126/238/222 132/240/224
f 98/98/93 95/309/212 101/310/214
f 1/311/197 10/9/9 7/8/8
f 7/8/8 151/312/239 1/311/197
f 42/42/39 41/255/238 482/258/240
f 123/123/117 120/236/220 126/238/222
f 92/91/87 89/313/210 95/309/212
f 66/314/62 63/216/202 69/219/204
f 34/253/236 37/35/33 31/34/27
f 144/315/228 147/150/141 141/143/135
f 117/122/111 114/234/218 120/236/220
f 86/84/80 83/316/208 89/313/210
f 72/317/69 69/219/204 76/221/206
f 60/60/57 57/214/200 63/318/202
f 31/34/27 28/251/234 34/253/236
f 141/319/135 138/242/226 144/244/228
f 107/232/216 110/320/110 104/321/102
f 79/322/74 76/221/206 83/223/208
f 53/54/51 50/208/194 57/214/200
f 24/323/26 21/248/232 28/251/234
f 132/240/224 135/324/128 129/129/123
f 104/107/102 101/310/214 107/325/216
f 46/48/45 482/258/240 50/208/194
f 14/326/230 17/15/15 10/9/9
f 3651/327/289 154/328/290 3822/329/291
f 3646/330/292 3643/331/293 158/332/294
f 3823/333/295 4011/334/296 3645/335/297
f 6590/336/298 3650/337/299 3649/338/300
f 3647/339/301 152/340/302 153/341/303
f 3644/342/304 3652/343/305 155/344/306
f 154/328/290 6591/345/307 6697/346/308
f 4011/334/296 483/347/309 4012/348/310
f 158/349/294 4013/350/311 3893/351/312
f 152/352/302 160/353/313 484/354/314
f 3825/355/315 3870/356/316 3943/357/317
f 3658/358/318 169/359/319 3944/360/320
f 169/359/319 176/361/321 177/362/322
f 168/363/323 177/364/322 178/365/324
f 167/366/325 178/365/324 3742/367/326
f 3744/368/327 182/369/328 162/370/329
f 162/370/329 170/371/330 3825/372/315
f 3654/373/331 3745/374/332 161/375/333
f 3653/376/334 3743/377/335 3655/378/336
f 165/379/337 173/380/338 3945/381/339
f 164/382/340 174/383/341 3659/384/342
f 184/385/343 163/386/344 183/387/345
f 183/388/345 165/379/337 185/389/346
f 185/389/346 165/379/337 186/390/347
f 186/390/347 3945/381/339 187/391/348
f 190/392/349 3945/393/339 3826/394/350
f 3826/394/350 191/395/351 190/392/349
f 192/396/352 3826/397/350 168/398/323
f 193/399/353 168/363/323 167/366/325
f 3657/400/354 3741/401/355 3653/376/334
f 6592/402/356 161/375/333 3748/403/357
f 162/370/329 195/404/358 3744/368/327
f 196/405/359 163/372/344 184/406/343
f 3868/407/360 197/408/361 198/409/362
f 199/410/363 3868/407/360 198/409/362
f 200/411/364 3868/412/360 199/413/363
f 201/414/365 3658/358/318 3660/415/366
f 177/362/322 176/361/321 201/414/365
f 178/365/324 177/364/322 202/416/367
f 202/416/367 3742/367/326 178/365/324
f 3656/417/368 203/418/369 204/419/370
f 206/420/371 3656/421/368 205/422/372
f 207/423/373 3746/424/374 3749/425/375
f 170/371/330 182/369/328 207/423/373
f 171/426/376 170/427/330 208/428/377
f 208/429/377 3870/356/316 171/430/376
f 3870/431/316 209/432/378 197/408/361
f 213/433/379 3792/434/380 3667/435/381
f 3792/436/380 213/437/379 3827/438/382
f 3975/439/383 210/440/384 3979/441/385
f 4050/442/386 4051/443/387 227/444/388
f 4051/443/387 4050/442/386 3665/445/389
f 225/446/390 212/447/391 3669/448/392
f 6662/449/393 3663/450/394 6660/451/395
f 488/452/396 6658/453/397 6659/454/398
f 3661/455/399 4049/456/400 3662/457/401
f 487/458/402 215/459/403 4048/460/404
f 3662/457/401 3750/461/405 3670/462/406
f 6657/463/407 217/464/408 215/465/403
f 6658/453/397 3894/466/409 220/467/410
f 4014/468/411 6660/451/395 3663/450/394
f 216/469/412 239/470/413 3751/471/414
f 229/472/415 216/469/412 3664/473/416
f 3666/474/417 229/472/415 3664/473/416
f 3666/474/417 231/475/418 230/476/419
f 3828/477/420 231/475/418 219/478/421
f 3895/479/422 232/480/423 3828/481/420
f 3895/482/422 234/483/424 233/484/425
f 235/485/426 222/486/427 223/487/428
f 223/487/428 236/488/429 235/485/426
f 3668/489/430 236/488/429 4015/490/431
f 238/491/432 3668/489/430 226/492/433
f 226/493/433 239/470/413 238/494/432
f 245/495/434 246/496/435 244/497/436
f 242/498/437 3983/499/438 247/500/439
f 3897/501/440 3708/502/441 3896/503/442
f 3752/504/443 3947/505/444 3946/506/445
f 243/507/446 3982/508/447 4052/509/448
f 3752/504/443 3946/506/445 3754/510/449
f 3709/511/450 240/512/451 250/513/452
f 6663/514/453 257/515/454 6665/516/455
f 267/517/456 491/518/457 6664/519/458
f 3673/520/459 6666/521/460 262/522/461
f 3984/523/462 264/524/463 6622/525/464
f 6702/526/465 256/527/466 489/528/467
f 3672/529/468 3671/530/469 6624/531/470
f 6646/532/471 3672/529/468 6624/531/470
f 254/533/472 6621/534/473 253/535/474
f 3755/536/475 265/537/476 6698/538/477
f 3756/539/478 3757/540/479 3985/541/480
f 255/542/481 6664/543/458 491/544/457
f 3759/545/482 3899/546/483 3898/547/484
f 3989/548/485 3760/549/486 270/550/487
f 3987/551/488 3991/552/489 3988/553/490
f 3986/554/491 3872/555/492 276/556/493
f 3900/557/494 271/558/495 3992/559/496
f 3871/560/497 3986/554/491 6699/561/498
f 268/562/499 269/563/500 278/564/501
f 4018/565/502 287/566/503 492/567/504
f 6611/568/505 292/569/506 293/570/507
f 3676/571/508 289/572/509 3712/573/510
f 3712/574/510 290/575/511 494/576/512
f 6611/568/505 293/570/507 495/577/513
f 3676/571/508 6669/578/514 288/579/515
f 496/580/516 6684/581/517 279/582/518
f 4018/565/502 281/583/519 280/584/520
f 3675/585/521 3916/586/522 3674/587/523
f 282/588/524 6612/589/525 283/590/526
f 6690/591/527 279/592/518 6700/593/528
f 305/594/529 3677/595/530 6691/596/531
f 295/597/532 499/598/533 6648/599/534
f 3679/600/535 3761/601/536 4053/602/537
f 498/603/538 3679/600/535 4053/602/537
f 4056/604/539 6627/605/540 6595/606/541
f 6647/607/542 4056/604/539 6625/608/543
f 6626/609/544 6593/610/545 6594/611/546
f 302/612/547 295/597/532 6648/599/534
f 300/613/548 501/614/549 301/615/550
f 6628/616/551 4054/617/552 3762/618/553
f 304/619/554 297/620/555 303/621/556
f 4055/622/557 305/594/529 4057/623/558
f 6691/596/531 3677/595/530 3678/624/559
f 6625/608/543 498/603/538 6647/607/542
f 3830/625/560 318/626/561 6671/627/562
f 3950/628/563 315/629/564 4032/630/565
f 4031/631/566 3908/632/567 4019/633/568
f 3948/634/569 3831/635/570 3829/636/571
f 325/637/572 3948/634/569 4019/633/568
f 6670/638/573 4020/639/574 3767/640/575
f 3948/634/569 4031/631/566 4019/633/568
f 3793/641/576 3948/634/569 325/637/572
f 323/642/577 3796/643/578 3949/644/579
f 326/645/580 3767/646/575 322/647/581
f 6629/648/582 3843/649/583 6672/650/584
f 3851/651/585 6613/652/586 3849/653/587
f 6674/654/588 6596/655/589 3849/653/587
f 6674/654/588 3849/653/587 6613/652/586
f 6613/652/586 3829/636/571 6674/654/588
f 6614/656/590 316/657/591 514/658/592
f 6675/659/593 320/660/594 6673/661/595
f 512/662/596 502/663/597 511/664/598
f 504/665/599 6651/666/599 6650/667/599
f 3904/668/600 3918/669/601 3917/670/602
f 4004/671/603 3993/672/604 3845/673/605
f 3833/674/606 3903/675/607 3997/676/608
f 359/677/609 3993/672/604 3833/678/606
f 3919/679/610 3768/680/611 351/681/612
f 4004/671/603 3833/678/606 3993/672/604
f 3682/682/613 3833/678/606 3680/683/614
f 352/684/615 3768/685/611 355/686/616
f 3905/687/617 6643/688/618 3685/689/619
f 6693/690/620 3834/691/621 3836/692/622
f 4060/693/623 6687/694/624 3954/695/625
f 3765/696/626 3902/697/627 3763/698/628
f 3763/698/628 3902/697/627 6687/694/624
f 3902/699/627 4004/700/603 6687/701/624
f 509/702/629 349/703/630 515/704/631
f 3901/705/632 353/706/633 350/707/634
f 346/708/635 3837/709/636 3835/710/637
f 3951/711/599 6686/712/599 6599/713/599
f 339/714/638 3839/715/639 3770/716/640
f 310/717/641 3994/718/642 3715/719/643
f 3768/680/611 6670/638/573 3767/640/575
f 510/720/644 362/721/645 328/722/646
f 6598/723/647 3949/644/579 6649/724/648
f 6672/650/584 3919/679/610 3834/691/621
f 323/642/577 6643/688/618 3905/687/617
f 3716/725/649 354/726/650 321/727/651
f 3906/728/652 323/642/577 3905/687/617
f 6672/650/584 6693/690/620 6629/648/582
f 325/729/572 324/730/653 6695/731/654
f 6642/732/655 4005/733/656 348/734/657
f 307/735/658 327/736/659 3839/715/639
f 3769/737/660 359/677/609 3682/682/613
f 3794/738/661 324/739/653 3907/740/662
f 361/741/663 340/742/664 3770/743/640
f 3683/744/665 357/745/666 356/746/667
f 3839/715/639 306/747/668 307/735/658
f 356/746/667 3684/748/669 3683/744/665
f 3769/737/660 358/749/670 359/677/609
f 3795/750/671 6695/731/654 3794/751/661
f 358/752/670 356/753/667 359/754/609
f 3715/719/643 309/755/672 310/717/641
f 3832/756/673 3767/640/575 4020/639/574
f 3994/718/642 342/757/674 3681/758/675
f 360/759/676 3768/685/611 3995/760/677
f 3996/761/678 3904/762/600 3917/763/602
f 347/764/679 3873/765/680 3766/766/681
f 314/767/682 3840/768/683 3842/769/684
f 4062/770/685 3953/771/686 3952/772/687
f 6676/773/688 6615/774/689 3852/775/690
f 330/776/691 4032/777/565 315/778/564
f 365/779/692 6642/732/655 348/734/657
f 3713/780/693 308/781/694 309/755/672
f 3681/782/675 341/783/695 361/741/663
f 310/717/641 339/784/638 343/785/696
f 6597/786/697 6630/787/698 3850/788/699
f 6694/789/700 345/790/701 505/791/702
f 3691/792/703 3846/793/704 3848/794/705
f 383/795/706 3909/796/707 3910/797/708
f 3772/798/709 381/799/710 3771/800/711
f 3687/801/712 3875/802/713 3686/803/714
f 3774/804/715 391/805/716 3773/806/717
f 3911/807/718 394/808/719 3776/809/720
f 3909/810/707 394/811/719 3911/812/718
f 397/813/721 387/814/722 386/815/723
f 380/816/724 391/805/716 379/817/725
f 396/818/726 3776/809/720 394/808/719
f 3910/797/708 385/819/727 383/795/706
f 3772/798/709 388/820/728 381/799/710
f 4058/821/729 3688/822/730 395/823/731
f 3690/824/732 379/825/725 3689/826/733
f 381/799/710 398/827/734 392/828/735
f 381/799/710 3847/829/736 387/830/722
f 3777/831/737 392/828/735 398/827/734
f 518/832/738 344/833/739 6598/723/647
f 6649/724/648 6652/834/740 6677/835/741
f 518/832/738 6649/724/648 6677/835/741
f 4059/836/742 4061/837/743 3764/838/744
f 311/839/745 519/840/746 503/841/747
f 4001/842/748 522/843/749 4027/844/750
f 6604/845/751 524/846/752 6682/847/753
f 3999/848/754 366/849/755 6600/850/756
f 6606/851/757 333/852/758 4029/853/759
f 3877/854/760 6678/855/761 3876/856/762
f 4028/857/763 521/858/764 4022/859/765
f 520/860/766 3978/861/766 523/862/766
f 4023/863/767 6701/864/767 6602/865/767
f 528/866/768 6679/867/769 3977/868/770
f 4025/869/771 332/870/772 6632/871/773
f 3976/872/774 3998/873/774 4026/874/774
f 4000/875/774 4026/874/774 3998/873/774
f 6603/876/775 4021/877/775 4024/878/775
f 6603/876/775 6605/879/775 4021/877/775
f 6605/879/775 531/880/775 4021/877/775
f 3976/872/774 3878/881/774 3998/873/774
f 3958/882/766 4006/883/766 6656/884/766
f 6634/885/774 4033/886/774 3955/887/774
f 3957/888/774 3955/887/774 4033/886/774
f 3957/888/774 4033/886/774 4065/889/774
f 6633/890/754 6617/891/755 533/892/776
f 3956/893/760 369/894/761 371/895/762
f 373/896/748 4063/897/749 4064/898/777
f 534/899/768 368/900/769 402/901/770
f 536/902/775 6608/903/775 4043/904/775
f 6636/905/775 536/902/775 4043/904/775
f 4037/906/778 6637/907/758 537/908/779
f 6636/905/775 4043/904/775 3719/909/775
f 6607/910/763 6696/911/764 4044/912/765
f 6635/913/751 3717/914/752 4039/915/753
f 3718/916/771 335/917/772 337/918/773
f 410/919/780 6653/920/781 6620/921/782
f 3920/922/783 550/923/784 4030/924/785
f 408/925/786 412/926/787 411/927/788
f 3960/928/789 3692/929/790 3693/930/791
f 549/931/792 413/932/793 465/933/794
f 410/919/780 541/934/795 540/935/796
f 3920/922/783 3854/936/797 3853/937/798
f 3694/938/799 412/926/787 3779/939/800
f 3960/928/789 3855/940/801 416/941/802
f 3921/942/803 413/943/793 6638/944/804
f 414/945/805 3923/946/806 541/934/795
f 415/947/807 3961/948/808 3854/936/797
f 3694/938/799 3780/949/809 3695/950/810
f 416/941/802 3856/951/811 3781/952/812
f 417/953/813 3922/954/814 3857/955/815
f 3782/956/816 3924/957/817 3962/958/818
f 3858/959/819 3963/960/820 3696/961/821
f 423/962/822 420/963/823 3925/964/824
f 424/965/825 3856/951/811 3964/966/826
f 542/967/827 425/968/828 421/969/829
f 3783/970/830 543/971/831 3782/972/816
f 3859/973/832 422/974/833 3858/959/819
f 3925/975/824 428/976/834 423/977/822
f 3698/978/835 3964/966/826 3965/979/836
f 425/968/828 426/980/837 430/981/838
f 3879/982/839 3783/970/830 3912/983/840
f 3966/984/841 427/985/842 3859/973/832
f 3699/986/843 428/976/834 429/987/844
f 430/981/838 426/980/837 431/988/845
f 436/989/846 3879/982/839 3912/983/840
f 432/990/847 3797/991/848 3700/992/849
f 433/993/850 3860/994/851 437/995/852
f 3965/979/836 438/996/853 434/997/854
f 431/988/845 439/998/855 430/981/838
f 3880/999/856 440/1000/857 544/1001/858
f 3797/991/848 3701/1002/859 3700/992/849
f 441/1003/860 3860/994/851 3861/1004/861
f 3926/1005/862 442/1006/863 438/996/853
f 6689/1007/864 439/998/855 435/1008/865
f 440/1000/857 545/1009/866 544/1001/858
f 3862/1010/867 3798/1011/868 3913/1012/869
f 441/1003/860 3967/1013/870 445/1014/871
f 442/1006/863 447/1015/872 446/1016/873
f 6689/1007/864 3703/1017/874 3702/1018/875
f 3863/1019/876 545/1020/866 444/1021/877
f 448/1022/878 3913/1012/869 449/1023/879
f 3704/1024/880 3967/1013/870 3784/1025/881
f 450/1026/882 447/1015/872 3864/1027/883
f 6639/1028/884 3703/1017/874 6640/1029/885
f 3968/1030/886 546/1031/887 3863/1032/876
f 3705/1033/888 448/1022/878 449/1023/879
f 454/1034/889 3784/1025/881 3785/1035/890
f 455/1036/891 3864/1027/883 3865/1037/892
f 6639/1028/884 456/1038/893 451/1039/894
f 6680/1040/895 457/1041/896 547/1042/897
f 3705/1033/888 3786/1043/898 453/1044/899
f 3785/1035/890 458/1045/900 454/1034/889
f 3865/1037/892 459/1046/901 455/1036/891
f 456/1038/893 4067/1047/902 460/1048/903
f 547/1049/897 461/1050/904 548/1051/905
f 3786/1043/898 3867/1052/906 3787/1053/907
f 3914/1054/908 462/1055/909 458/1045/900
f 3969/1056/910 3915/1057/911 459/1046/901
f 4067/1047/902 464/1058/912 460/1048/903
f 404/1059/913 6653/920/781 551/1060/914
f 4030/1061/785 6619/1062/915 6609/1063/916
f 405/1064/917 4066/1065/918 408/1066/786
f 406/1067/919 3692/929/790 409/1068/920
f 6654/1069/921 465/933/794 407/1070/922
f 8/1/1 9/11/11 4/2/2
f 3928/4/4 5/1071/143 4045/5/5
f 12/7/7 3728/154/144 7/8/8
f 15/10/10 16/17/17 9/11/11
f 3799/12/12 3928/4/4 3720/6/6
f 19/14/14 12/7/7 10/9/9
f 3800/16/16 3633/22/22 16/17/17
f 22/18/18 3799/12/12 3721/13/13
f 17/15/15 24/26/26 3740/20/20
f 3929/21/21 30/29/29 3633/22/22
f 29/23/23 22/18/18 25/19/19
f 33/25/25 3740/20/20 24/26/26
f 35/28/28 3816/1072/35 30/29/29
f 3930/30/30 29/1073/23 3623/31/24
f 39/33/32 33/1074/25 31/34/27
f 3883/36/34 467/44/41 3816/37/35
f 481/39/36 3930/30/30 3624/32/31
f 43/41/38 39/33/32 37/35/33
f 44/43/40 3939/50/47 467/44/41
f 3882/45/42 481/39/36 4047/40/37
f 48/47/44 43/41/38 42/42/39
f 51/49/46 3730/56/53 3939/50/47
f 3625/51/48 3882/45/42 4046/46/43
f 3821/53/50 48/47/44 46/48/45
f 3626/55/52 59/62/59 3730/56/53
f 58/57/54 3625/51/48 54/52/49
f 62/59/56 3821/53/50 53/54/51
f 64/61/58 65/68/64 59/62/59
f 61/58/55 3789/1075/66 3801/63/60
f 68/64/61 62/1076/56 60/65/57
f 3802/67/63 3631/75/71 65/68/64
f 70/69/65 3801/1077/60 3789/70/66
f 3738/72/68 68/64/61 66/66/62
f 3932/74/70 78/80/76 3631/75/71
f 73/71/67 80/81/77 77/76/72
f 81/77/73 3738/72/68 72/73/69
f 84/79/75 3814/86/82 78/80/76
f 80/81/77 3707/88/84 3722/82/78
f 88/83/79 81/77/73 79/78/74
f 3723/85/81 91/93/89 3814/86/82
f 90/87/83 3722/82/78 3707/88/84
f 3638/90/86 88/83/79 86/84/80
f 96/92/88 97/100/95 91/93/89
f 3885/94/90 90/1078/83 93/95/85
f 3818/97/92 3638/90/86 92/91/87
f 102/99/94 3732/105/100 97/100/95
f 3627/101/96 3885/94/90 3804/96/91
f 98/98/93 104/107/102 3819/103/98
f 3628/104/99 109/110/105 3732/105/100
f 105/102/97 3724/112/107 108/106/101
f 104/107/102 110/115/110 112/108/103
f 115/109/104 116/118/113 109/110/105
f 3805/111/106 108/106/101 3724/112/107
f 119/114/109 112/108/103 110/115/110
f 3806/117/112 3635/125/119 116/118/113
f 121/119/114 3805/111/106 3725/113/108
f 3735/121/116 119/1079/109 117/122/111
f 3933/124/118 128/1080/125 3635/125/119
f 127/126/120 121/119/114 124/120/115
f 131/128/122 3735/121/116 123/123/117
f 133/130/124 3812/138/130 128/131/125
f 3629/127/121 3630/140/132 3726/133/126
f 137/134/127 131/1081/122 129/135/123
f 3727/137/129 140/145/137 3812/138/130
f 139/139/131 3726/133/126 3630/140/132
f 3642/142/134 137/134/127 135/136/128
f 145/144/136 146/151/142 140/145/137
f 4008/146/138 139/1082/131 142/147/133
f 3729/149/140 3642/142/134 141/143/135
f 3927/3/3 4/2/2 146/151/142
f 5/152/143 4008/146/138 3808/148/139
f 147/150/141 7/8/8 3728/154/144
f 3817/155/145 480/168/158 6645/156/146
f 3888/158/148 3972/181/170 3810/159/149
f 3815/161/151 6584/170/160 470/162/152
f 134/164/154 476/172/162 477/165/155
f 45/167/157 4002/1083/164 480/168/158
f 3938/169/159 3936/201/189 6584/170/160
f 3813/171/161 6587/177/166 476/172/162
f 52/173/163 4003/183/172 4002/174/164
f 3935/176/165 150/186/175 6587/177/166
f 3940/160/150 3810/159/149 3/178/167
f 23/180/169 3973/195/184 3972/181/170
f 3731/182/171 6582/185/174 4003/183/172
f 3887/184/173 6581/191/180 6582/185/174
f 3934/179/168 3/178/167 150/186/175
f 3733/187/176 6585/193/182 3937/188/177
f 71/190/179 3790/197/186 6581/191/180
f 3889/192/181 474/199/188 6585/193/182
f 3634/194/183 479/203/190 3973/195/184
f 3632/196/185 82/204/191 3790/197/186
f 122/198/187 6641/206/192 474/199/188
f 103/200/178 3937/1084/177 3936/201/189
f 36/202/147 6645/1085/146 479/203/190
f 85/163/153 470/162/152 82/204/191
f 3636/205/156 477/1086/155 6641/206/192
f 56/207/193 57/214/200 50/208/194
f 13/210/196 14/246/230 1/211/197
f 468/213/199 63/318/202 57/214/200
f 469/215/201 69/219/204 63/216/202
f 75/218/203 76/221/206 69/219/204
f 3791/220/205 83/223/208 76/221/206
f 6583/222/207 89/225/210 83/223/208
f 471/224/209 95/227/212 89/225/210
f 472/226/211 101/1087/214 95/227/212
f 473/228/213 107/232/216 101/229/214
f 113/231/215 114/234/218 107/232/216
f 6586/233/217 120/236/220 114/234/218
f 475/235/219 126/238/222 120/236/220
f 4010/237/221 132/240/224 126/238/222
f 4009/239/223 138/242/226 132/240/224
f 478/241/225 144/244/228 138/242/226
f 3811/243/227 151/1088/239 144/244/228
f 20/245/229 21/1089/232 14/246/230
f 27/247/231 28/251/234 21/248/232
f 6588/250/233 34/253/236 28/251/234
f 40/252/235 41/255/238 34/253/236
f 6589/254/237 482/258/240 41/255/238
f 3809/212/198 1/211/197 151/256/239
f 49/209/195 50/208/194 482/258/240
f 87/259/241 3706/306/286 3890/260/242
f 3886/262/244 118/307/287 3734/263/245
f 38/265/247 32/308/288 3891/266/248
f 3803/268/250 87/259/241 3637/261/243
f 130/270/252 3886/1090/244 125/271/246
f 466/273/254 38/265/247 3639/267/249
f 6/275/256 148/305/285 149/276/257
f 99/278/259 3803/268/250 94/269/251
f 136/280/261 130/270/252 3892/272/253
f 47/282/263 466/273/254 3640/274/255
f 67/284/265 3788/289/270 3941/285/266
f 3971/287/268 99/278/259 100/279/260
f 3788/289/270 3931/296/277 55/290/271
f 18/291/272 11/298/278 3736/292/273
f 3807/294/275 136/280/261 3641/281/262
f 3931/296/277 47/1091/263 3820/297/264
f 11/298/278 6/275/256 2/277/258
f 3884/299/279 67/284/265 3737/286/267
f 111/301/281 3971/287/268 106/288/269
f 3881/303/283 18/291/272 3739/293/274
f 148/305/285 3807/294/275 143/295/276
f 3706/306/286 3884/299/279 74/300/280
f 118/307/287 111/301/281 3942/302/282
f 32/308/288 3881/303/283 26/304/284
f 129/129/123 123/123/117 126/238/222
f 98/98/93 92/91/87 95/309/212
f 1/311/197 14/326/230 10/9/9
f 7/8/8 147/150/141 151/312/239
f 42/42/39 37/35/33 41/255/238
f 123/123/117 117/122/111 120/236/220
f 92/91/87 86/84/80 89/313/210
f 66/314/62 60/1092/57 63/216/202
f 34/253/236 41/255/238 37/35/33
f 144/315/228 151/312/239 147/150/141
f 117/122/111 110/320/110 114/234/218
f 86/84/80 79/78/74 83/316/208
f 72/317/69 66/314/62 69/219/204
f 60/60/57 53/54/51 57/214/200
f 31/34/27 24/323/26 28/251/234
f 141/319/135 135/324/128 138/242/226
f 107/232/216 114/234/218 110/320/110
f 79/322/74 72/317/69 76/221/206
f 53/54/51 46/48/45 50/208/194
f 24/323/26 17/1093/15 21/248/232
f 132/240/224 138/242/226 135/324/128
f 104/107/102 98/98/93 101/310/214
f 46/48/45 42/42/39 482/258/240
f 14/326/230 21/1094/232 17/15/15
f 3648/1095/923 158/349/294 3893/351/312
f 3824/329/924 154/328/290 6697/346/308
f 485/1096/925 157/1097/926 156/1098/927
f 3644/342/304 159/1099/928 3652/343/305
f 154/328/290 3651/327/289 6591/345/307
f 4011/334/296 3823/333/295 483/347/309
f 158/332/294 3643/331/293 4013/1100/311
f 152/340/302 3647/339/301 160/1101/313
f 3825/355/315 170/1102/330 171/430/376
f 3825/355/315 171/430/376 3870/356/316
f 3658/358/318 176/361/321 169/359/319
f 168/363/323 169/1103/319 177/364/322
f 167/366/325 168/363/323 178/365/324
f 3744/368/327 3746/424/374 182/369/328
f 162/370/329 182/369/328 170/371/330
f 3654/373/331 180/1104/929 3745/374/332
f 3653/376/334 3741/401/355 3743/377/335
f 173/380/338 3869/1105/930 3945/381/339
f 165/379/337 172/1106/931 173/380/338
f 183/387/345 163/386/344 165/1107/337
f 186/390/347 165/379/337 3945/381/339
f 188/1108/932 187/391/348 3945/381/339
f 189/1109/933 188/1110/932 3945/393/339
f 190/392/349 189/1109/933 3945/393/339
f 192/1111/352 191/1112/351 3826/1113/350
f 193/399/353 192/1114/352 168/363/323
f 3657/400/354 3747/1115/934 3741/401/355
f 486/1116/935 194/1117/936 166/1118/937
f 6592/402/356 3654/373/331 161/375/333
f 162/370/329 196/405/359 195/404/358
f 196/405/359 162/370/329 163/372/344
f 172/1106/931 3869/1105/930 173/380/338
f 3868/407/360 3870/431/316 197/408/361
f 200/1119/364 175/1120/938 3868/1121/360
f 201/414/365 176/361/321 3658/358/318
f 202/416/367 3974/1122/939 3742/367/326
f 3656/417/368 179/1123/940 203/418/369
f 204/419/370 205/1124/372 3656/417/368
f 206/1125/371 181/1126/941 3656/1127/368
f 207/423/373 182/369/328 3746/424/374
f 208/1128/377 209/432/378 3870/431/316
f 3975/1129/383 221/1130/942 210/1131/384
f 225/1132/390 224/1133/943 212/1134/391
f 6662/449/393 211/1135/944 3663/450/394
f 488/452/396 6661/1136/945 6658/453/397
f 3661/455/399 214/1137/946 4049/456/400
f 487/458/402 6657/1138/407 215/459/403
f 3662/457/401 4049/456/400 3750/461/405
f 6657/463/407 218/1139/947 217/464/408
f 6658/453/397 6661/1136/945 3894/466/409
f 4014/468/411 3980/1140/948 6660/451/395
f 216/469/412 228/1141/949 239/470/413
f 229/472/415 228/1141/949 216/469/412
f 3666/474/417 230/476/419 229/472/415
f 3666/474/417 219/478/421 231/475/418
f 3828/477/420 232/1142/423 231/475/418
f 3895/479/422 233/1143/425 232/480/423
f 3895/482/422 222/486/427 234/483/424
f 235/485/426 234/483/424 222/486/427
f 223/487/428 4015/490/431 236/488/429
f 3668/489/430 237/1144/950 236/488/429
f 238/491/432 237/1144/950 3668/489/430
f 226/493/433 3751/471/414 239/470/413
f 242/498/437 3981/1145/951 3983/499/438
f 3897/501/440 3710/1146/952 3708/502/441
f 3753/1147/953 241/1148/954 248/1149/955
f 3752/504/443 3711/1150/956 3947/505/444
f 243/507/446 249/1151/957 3982/508/447
f 6622/525/464 264/524/463 6667/1152/958
f 3758/1153/959 266/1154/960 3984/1155/462
f 261/1156/961 6621/1157/473 263/1158/962
f 6663/514/453 258/1159/963 257/515/454
f 3984/523/462 266/1160/960 264/524/463
f 3673/520/459 262/522/461 260/1161/964
f 6692/1162/965 489/528/467 256/527/466
f 6692/1162/965 6623/1163/966 489/528/467
f 6623/1163/966 259/1164/967 489/528/467
f 252/1165/968 6646/532/471 6624/531/470
f 253/1166/474 6621/1157/473 261/1156/961
f 6698/538/477 265/537/476 490/1167/969
f 255/1168/481 251/1169/970 6664/1170/458
f 273/1171/971 272/1172/972 274/1173/973
f 3759/545/482 275/1174/974 3899/546/483
f 3989/548/485 3990/1175/975 3760/549/486
f 3986/554/491 3871/560/497 3872/555/492
f 3900/557/494 277/1176/976 271/558/495
f 4017/1177/977 4016/1178/978 286/1179/979
f 4017/1180/977 286/1181/979 6668/1182/980
f 3676/571/508 288/579/515 289/572/509
f 3712/573/510 289/572/509 290/1183/511
f 6610/1184/981 292/1185/506 6611/1186/505
f 285/1187/982 496/1188/516 284/1189/983
f 6684/581/517 496/580/516 285/1190/982
f 4018/565/502 492/567/504 281/583/519
f 3675/585/521 493/1191/984 3916/586/522
f 3712/574/510 494/576/512 282/588/524
f 282/588/524 494/576/512 6612/589/525
f 291/1192/985 6690/591/527 6700/593/528
f 279/582/518 6690/1193/527 496/580/516
f 305/594/529 4055/622/557 3677/595/530
f 295/597/532 6685/1194/986 499/598/533
f 500/1195/987 499/598/533 6685/1194/986
f 498/603/538 497/1196/988 3679/600/535
f 6647/607/542 6627/605/540 4056/604/539
f 6626/609/544 299/1197/989 6593/610/545
f 302/612/547 6703/1198/990 295/597/532
f 300/1199/548 298/1200/991 501/1201/549
f 6628/616/551 296/1202/992 4054/617/552
f 304/619/554 294/1203/993 297/620/555
f 6625/608/543 497/1196/988 498/603/538
f 3948/634/569 3829/636/571 4031/631/566
f 3793/641/576 3714/1204/994 3948/634/569
f 3832/756/673 322/1205/581 3767/640/575
f 3851/651/585 6616/1206/995 6613/652/586
f 6674/654/588 3841/1207/996 6596/655/589
f 6613/652/586 4031/631/566 3829/636/571
f 6614/656/590 516/1208/997 316/657/591
f 6675/659/593 317/1209/998 320/660/594
f 512/662/596 377/1210/999 502/663/597
f 504/665/599 513/1211/599 6651/666/599
f 4004/700/603 3903/675/607 3833/674/606
f 3682/682/613 359/677/609 3833/678/606
f 360/759/676 355/686/616 3768/685/611
f 4060/693/623 3763/698/628 6687/694/624
f 3765/696/626 376/1212/1000 3902/697/627
f 3902/699/627 3903/675/607 4004/700/603
f 509/702/629 506/1213/1001 349/703/630
f 3901/705/632 507/1214/1002 353/706/633
f 346/708/635 3874/1215/1003 3837/709/636
f 3951/711/599 378/1216/599 6686/712/599
f 339/714/638 306/747/668 3839/715/639
f 310/717/641 343/785/696 3994/718/642
f 3768/680/611 3919/679/610 6670/638/573
f 510/720/644 3906/728/652 362/721/645
f 6598/723/647 6643/688/618 3949/644/579
f 6672/650/584 6670/638/573 3919/679/610
f 323/642/577 3949/644/579 6643/688/618
f 3716/725/649 363/1217/1004 354/726/650
f 3906/728/652 510/720/644 323/642/577
f 6672/650/584 3834/691/621 6693/690/620
f 307/735/658 308/1218/694 327/736/659
f 3794/751/661 6695/731/654 324/730/653
f 359/1219/609 356/1220/667 357/1221/666
f 361/741/663 341/783/695 340/742/664
f 3683/1222/665 3844/1223/1005 357/1224/666
f 3838/1225/1006 3793/1226/576 325/1227/572
f 3838/1225/1006 325/1227/572 6688/1228/1007
f 6688/1229/1007 325/729/572 6695/731/654
f 3770/743/640 340/742/664 339/1230/638
f 352/1231/615 351/681/612 3768/680/611
f 3715/719/643 3713/780/693 309/755/672
f 326/645/580 329/1232/1008 3767/646/575
f 3994/718/642 343/785/696 342/757/674
f 319/1233/1009 318/1234/561 3830/762/560
f 347/764/679 508/1235/1010 3873/765/680
f 314/767/682 313/1236/1011 3840/768/683
f 4062/770/685 517/1237/1012 3953/771/686
f 6676/1238/688 312/1239/1013 6615/1240/689
f 331/1241/1014 315/1242/564 3950/1243/563
f 364/1244/1015 348/1245/657 4005/1246/656
f 3713/780/693 327/1247/659 308/781/694
f 3681/782/675 342/1248/674 341/783/695
f 310/717/641 306/1249/668 339/784/638
f 3691/792/703 384/1250/1016 3846/793/704
f 382/1251/1017 380/1252/724 379/1253/725
f 389/1254/1018 386/815/723 387/814/722
f 3687/801/712 3778/1255/1019 3875/802/713
f 3909/810/707 383/1256/706 394/811/719
f 397/813/721 398/1257/734 387/814/722
f 392/828/735 3771/800/711 381/799/710
f 380/816/724 3773/806/717 391/805/716
f 389/1254/1018 387/814/722 3847/1258/736
f 396/818/726 400/1259/1020 3776/809/720
f 3910/797/708 390/1260/1021 385/819/727
f 4058/821/729 3775/1261/1022 3688/822/730
f 393/1262/1023 392/828/735 399/1263/1024
f 3690/824/732 382/1264/1017 379/825/725
f 381/799/710 387/830/722 398/827/734
f 381/799/710 388/820/728 3847/829/736
f 3777/831/737 399/1263/1024 392/828/735
f 518/832/738 6598/723/647 6649/724/648
f 4001/1265/748 6601/1266/1025 522/1267/749
f 6604/845/751 526/1268/1026 524/846/752
f 367/1269/1027 527/1270/1027 374/1271/1027
f 530/1272/1028 529/1273/1028 334/1274/1028
f 3999/848/754 401/1275/1029 366/849/755
f 6606/851/757 6683/1276/1030 333/852/758
f 3877/854/760 525/1277/1031 6678/855/761
f 4028/1278/763 6655/1279/1032 521/1280/764
f 528/866/768 6631/1281/1033 6679/867/769
f 4025/1282/771 375/1283/1034 332/1284/772
f 4035/1285/1035 4034/1286/1035 532/1287/1035
f 6633/890/754 403/1288/1029 6617/891/755
f 3956/893/760 3959/1289/1031 369/894/761
f 373/1290/748 4036/1265/1025 4063/1291/749
f 534/899/768 370/1292/1033 368/900/769
f 539/1293/1028 4038/1294/1028 535/1295/1028
f 4037/906/778 4040/1296/1036 6637/907/758
f 6607/1297/763 338/1298/1032 6696/1299/764
f 336/1300/767 4041/1301/767 4042/1302/767
f 6635/913/751 538/1303/1026 3717/914/752
f 3718/1304/771 372/1305/1034 335/1306/772
f 410/919/780 540/935/796 6653/920/781
f 3920/922/783 3853/937/798 550/923/784
f 408/1066/786 4066/1065/918 412/1307/787
f 3960/928/789 409/1068/920 3692/929/790
f 549/931/792 6638/1308/804 413/932/793
f 410/919/780 414/945/805 541/934/795
f 3920/922/783 415/947/807 3854/936/797
f 3694/938/799 411/927/788 412/926/787
f 3960/928/789 3693/930/791 3855/940/801
f 3921/942/803 417/953/813 413/943/793
f 414/945/805 418/1309/1037 3923/946/806
f 415/947/807 3697/1310/1038 3961/948/808
f 3694/938/799 3779/939/800 3780/949/809
f 416/941/802 3855/940/801 3856/951/811
f 417/953/813 3921/942/803 3922/954/814
f 3782/956/816 543/1311/831 3924/957/817
f 3858/959/819 422/974/833 3963/960/820
f 423/962/822 419/1312/1039 420/963/823
f 424/965/825 3781/952/812 3856/951/811
f 542/967/827 6618/1313/1040 425/968/828
f 3783/970/830 4007/1314/1041 543/971/831
f 3859/973/832 427/985/842 422/974/833
f 3925/975/824 429/987/844 428/976/834
f 3698/978/835 424/965/825 3964/966/826
f 425/968/828 6618/1313/1040 426/980/837
f 3879/982/839 4007/1314/1041 3783/970/830
f 3966/984/841 432/990/847 427/985/842
f 3699/986/843 433/993/850 428/976/834
f 434/997/854 3698/978/835 3965/979/836
f 436/989/846 3880/999/856 3879/982/839
f 432/990/847 3966/984/841 3797/991/848
f 433/993/850 3699/986/843 3860/994/851
f 3965/979/836 3926/1005/862 438/996/853
f 431/988/845 435/1008/865 439/998/855
f 3880/999/856 436/989/846 440/1000/857
f 3797/991/848 3798/1011/868 3701/1002/859
f 441/1003/860 437/995/852 3860/994/851
f 3926/1005/862 443/1315/1042 442/1006/863
f 6689/1007/864 3702/1018/875 439/998/855
f 440/1000/857 444/1316/877 545/1009/866
f 3862/1010/867 3701/1002/859 3798/1011/868
f 441/1003/860 3861/1004/861 3967/1013/870
f 442/1006/863 443/1315/1042 447/1015/872
f 6689/1007/864 6640/1029/885 3703/1017/874
f 3863/1019/876 546/1317/887 545/1020/866
f 448/1022/878 3862/1010/867 3913/1012/869
f 3704/1024/880 445/1014/871 3967/1013/870
f 450/1026/882 446/1016/873 447/1015/872
f 6639/1028/884 451/1039/894 3703/1017/874
f 3968/1030/886 6680/1318/895 546/1031/887
f 3705/1033/888 453/1044/899 448/1022/878
f 454/1034/889 3704/1024/880 3784/1025/881
f 455/1036/891 450/1026/882 3864/1027/883
f 6639/1028/884 452/1319/1043 456/1038/893
f 6680/1040/895 3968/1320/886 457/1041/896
f 3705/1033/888 3866/1321/1044 3786/1043/898
f 3785/1035/890 3914/1054/908 458/1045/900
f 3865/1037/892 3969/1056/910 459/1046/901
f 456/1038/893 452/1319/1043 4067/1047/902
f 547/1049/897 457/1322/896 461/1050/904
f 3786/1043/898 3866/1321/1044 3867/1052/906
f 3914/1054/908 463/1323/1045 462/1055/909
f 3969/1056/910 3970/1324/1046 3915/1057/911
f 4067/1047/902 4068/1325/1047 464/1058/912
f 404/1059/913 6620/921/782 6653/920/781
f 4030/1061/785 550/1326/784 6619/1062/915
f 405/1064/917 6644/1327/1048 4066/1065/918
f 406/1067/919 6681/1328/1049 3692/929/790
f 6654/1069/921 549/931/792 465/933/794
f 559/1329/1050 555/1330/1051 4371/1331/1052
f 4372/1332/1053 4474/1333/1054 4159/1334/1055
f 563/1335/1056 558/1336/1057 561/1337/1058
f 565/1338/1059 560/1339/1060 559/1329/1050
f 4247/1340/1061 4159/1334/1055 4160/1341/1062
f 569/1342/1063 561/1337/1058 567/1343/1064
f 4248/1344/1065 566/1345/1066 565/1338/1059
f 571/1346/1067 4160/1347/1062 574/1348/1068
f 567/1343/1064 4181/1349/1069 569/1342/1063
f 4373/1350/1070 4079/1351/1071 4248/1344/1065
f 578/1352/1072 574/1348/1068 4069/1353/1073
f 582/1354/1074 573/1355/1075 580/1356/1076
f 585/1357/1077 579/1358/1078 4373/1350/1070
f 4374/1359/1079 4069/1353/1073 4070/1360/1080
f 4328/1361/1081 580/1362/1076 587/1363/1082
f 4172/1364/1083 4267/1365/1084 585/1366/1077
f 1016/1367/1085 4070/1360/1080 4495/1368/1086
f 1018/1369/1087 587/1363/1082 591/1370/1088
f 593/1371/1089 1015/1372/1090 4172/1364/1083
f 4171/1373/1091 4495/1368/1086 4475/1374/1092
f 597/1375/1093 591/1370/1088 595/1376/1094
f 599/1377/1095 4380/1378/1096 593/1371/1089
f 4071/1379/1097 4475/1374/1092 602/1380/1098
f 4273/1381/1099 595/1376/1094 601/1382/1100
f 4072/1383/1101 4169/1384/1102 599/1377/1095
f 605/1385/1103 602/1386/1098 608/1387/1104
f 609/1388/1105 601/1382/1100 607/1389/1106
f 612/1390/1107 606/1391/1108 4072/1383/1101
f 608/1387/1104 4249/1392/1109 605/1385/1103
f 616/1393/1110 607/1394/1106 614/1395/1111
f 4250/1396/1112 613/1397/1113 612/1390/1107
f 618/1398/1114 4234/1399/1115 621/1400/1116
f 4179/1401/1117 614/1395/1111 620/1402/1118
f 4376/1403/1119 4077/1404/1120 4250/1396/1112
f 621/1405/1116 625/1406/1121 618/1407/1114
f 629/1408/1122 620/1402/1118 627/1409/1123
f 631/1410/1124 626/1411/1125 4376/1403/1119
f 628/1412/1126 4161/1413/1127 625/1406/1121
f 635/1414/1128 627/1409/1123 633/1415/1129
f 4162/1416/1130 4265/1417/1131 631/1410/1124
f 637/1418/1132 4136/1419/1133 640/1420/1134
f 4084/1421/1135 633/1415/1129 639/1422/1136
f 643/1423/1137 638/1424/1138 4162/1416/1130
f 4321/1425/1139 640/1420/1134 4252/1426/1140
f 4271/1427/1141 639/1428/1136 645/1429/1142
f 649/1430/1143 644/1431/1144 643/1423/1137
f 4073/1432/1145 4252/1433/1140 652/1434/1146
f 645/1429/1142 4272/1435/1147 4271/1427/1141
f 4074/1436/1148 4173/1437/1149 649/1430/1143
f 652/1434/1146 655/1438/1150 4073/1432/1145
f 651/1439/1151 659/1440/1152 4272/1435/1147
f 661/1441/1153 656/1442/1154 4074/1443/1148
f 4253/1444/1155 4163/1445/1156 4164/1446/1157
f 665/1447/1158 657/1448/1159 663/1449/1160
f 4254/1450/1161 662/1451/1162 661/1441/1153
f 667/1452/1163 4164/1446/1157 670/1453/1164
f 4176/1454/1165 663/1449/1160 669/1455/1166
f 4377/1456/1167 4081/1457/1168 4254/1450/1161
f 673/1458/1169 670/1453/1164 4075/1459/1170
f 677/1460/1171 669/1455/1166 675/1461/1172
f 679/1462/1173 674/1463/1174 4377/1456/1167
f 4075/1459/1170 4165/1464/1175 673/1458/1169
f 683/1465/1176 675/1466/1172 681/1467/1177
f 4166/1468/1178 4263/1469/1179 679/1462/1173
f 685/1470/1180 4076/1471/1181 688/1472/1182
f 4086/1473/1183 681/1467/1177 687/1474/1184
f 691/1475/1185 686/1476/1186 4166/1468/1178
f 4454/1477/1187 688/1478/1182 4256/1479/1188
f 4168/1480/1189 687/1474/1184 693/1481/1190
f 4371/1331/1052 692/1482/1191 691/1475/1185
f 556/1483/1192 4256/1479/1188 4474/1333/1054
f 693/1481/1190 4167/1484/1193 4168/1480/1189
f 4268/1485/1194 6784/1486/1195 586/1487/1196
f 4324/1488/1197 4258/1489/1198 4382/1490/1199
f 4266/1491/1200 1001/1492/1201 632/1493/1202
f 680/1494/1203 1009/1495/1204 4082/1496/1205
f 594/1497/1206 592/1498/1207 4268/1485/1194
f 4381/1499/1208 4259/1500/1209 4266/1491/1200
f 4264/1501/1210 6707/1502/1211 680/1494/1203
f 600/1503/1212 6710/1504/1213 594/1505/1206
f 4379/1506/1214 6708/1507/1215 4264/1501/1210
f 4382/1490/1199 554/1508/1216 4378/1509/1217
f 572/1510/1218 1012/1511/1219 4324/1488/1197
f 4170/1512/1220 6783/1513/1221 600/1503/1212
f 4323/1514/1222 6705/1515/1223 4170/1512/1220
f 4378/1509/1217 6737/1516/1224 4379/1506/1214
f 4174/1517/1225 6800/1518/1226 650/1519/1227
f 619/1520/1228 6704/1521/1229 4323/1514/1222
f 4325/1522/1230 6706/1523/1231 4174/1524/1225
f 4080/1525/1232 4235/1526/1233 572/1510/1218
f 4078/1527/1234 6773/1528/1235 619/1520/1228
f 668/1529/1236 1008/1530/1237 4325/1522/1230
f 650/1519/1227 1004/1531/1238 4381/1499/1208
f 586/1487/1196 583/1532/1239 4080/1533/1232
f 632/1493/1202 1002/1534/1240 4078/1527/1234
f 4082/1496/1205 4261/1535/1241 668/1529/1236
f 999/1536/1242 598/1537/1243 997/1538/1244
f 998/1539/1245 552/1540/1246 4257/1541/1247
f 610/1542/1248 604/1543/1249 999/1536/1242
f 1000/1544/1250 611/1545/1251 610/1546/1248
f 623/1547/1252 617/1548/1253 1000/1544/1250
f 4456/1549/1254 624/1550/1255 623/1547/1252
f 4455/1551/1256 630/1552/1257 4456/1549/1254
f 1003/1553/1258 636/1554/1259 4455/1551/1256
f 4260/1555/1260 642/1556/1261 1003/1553/1258
f 1005/1557/1262 648/1558/1263 4260/1559/1260
f 1006/1560/1264 654/1561/1265 1005/1557/1262
f 4262/1562/1266 660/1563/1267 1006/1560/1264
f 1007/1564/1268 666/1565/1269 4262/1562/1266
f 6774/1566/1270 672/1567/1271 1007/1568/1268
f 1010/1569/1272 678/1570/1273 6774/1566/1270
f 1011/1571/1274 684/1572/1275 1010/1569/1272
f 1014/1573/1276 690/1574/1277 1011/1571/1274
f 6827/1575/1278 564/1576/1279 998/1539/1245
f 576/1577/1280 570/1578/1281 6827/1575/1278
f 4236/1579/1282 577/1580/1283 576/1581/1280
f 1013/1582/1284 584/1583/1285 4236/1579/1282
f 6709/1584/1286 590/1585/1287 1013/1582/1284
f 4257/1541/1247 696/1586/1288 1014/1573/1276
f 997/1538/1244 1019/1587/1289 6709/1584/1286
f 634/1588/1290 4326/1589/1291 4083/1590/1292
f 4322/1591/1293 4175/1592/1294 671/1593/1295
f 588/1594/1296 4327/1595/1297 589/1596/1298
f 4251/1597/1299 4083/1590/1292 641/1598/1300
f 676/1599/1301 671/1593/1295 4329/1600/1302
f 1017/1601/1303 589/1596/1298 4270/1602/1304
f 557/1603/1305 695/1604/1306 553/1605/1307
f 646/1606/1308 641/1598/1300 647/1607/1309
f 682/1608/1310 4329/1600/1302 4085/1609/1311
f 596/1610/1312 4270/1602/1304 4269/1611/1313
f 615/1612/1314 4383/1613/1315 4178/1614/1316
f 4412/1615/1317 647/1616/1309 653/1617/1318
f 4233/1618/1319 603/1619/1320 4383/1613/1315
f 568/1620/1321 4177/1621/1322 4180/1622/1323
f 4255/1623/1324 4085/1609/1311 689/1624/1325
f 4375/1625/1326 4269/1611/1313 603/1626/1320
f 562/1627/1327 553/1605/1307 4177/1621/1322
f 4320/1628/1328 4178/1614/1316 622/1629/1329
f 658/1630/1330 653/1617/1318 4384/1631/1331
f 4319/1632/1332 4180/1622/1323 575/1633/1333
f 694/1634/1334 689/1624/1325 695/1604/1306
f 4135/1635/1335 622/1629/1329 4326/1589/1291
f 664/1636/1336 4384/1631/1331 4175/1592/1294
f 581/1637/1337 575/1633/1333 4327/1595/1297
f 675/1461/1172 672/1638/1271 678/1639/1273
f 645/1429/1142 642/1640/1261 648/1558/1263
f 552/1641/1246 561/1337/1058 558/1336/1057
f 558/1336/1057 696/1642/1288 552/1641/1246
f 591/1370/1088 590/1585/1287 1019/1587/1289
f 669/1455/1166 666/1565/1269 672/1638/1271
f 639/1643/1136 636/1554/1259 642/1556/1261
f 614/1644/1111 611/1645/1251 617/1646/1253
f 584/1583/1285 587/1363/1082 580/1362/1076
f 690/1574/1277 693/1647/1190 687/1648/1184
f 663/1449/1160 660/1563/1267 666/1565/1269
f 633/1649/1129 630/1552/1257 636/1554/1259
f 620/1650/1118 617/1548/1253 624/1550/1255
f 607/1389/1106 604/1543/1249 611/1645/1251
f 580/1362/1076 577/1580/1283 584/1583/1285
f 687/1648/1184 684/1572/1275 690/1574/1277
f 654/1561/1265 657/1448/1159 651/1439/1151
f 627/1651/1123 624/1550/1255 630/1552/1257
f 601/1382/1100 598/1537/1243 604/1543/1249
f 573/1355/1075 570/1652/1281 577/1653/1283
f 678/1570/1273 681/1654/1177 675/1655/1172
f 651/1439/1151 648/1558/1263 654/1561/1265
f 595/1376/1094 1019/1587/1289 598/1537/1243
f 564/1656/1279 567/1343/1064 561/1337/1058
f 4088/1657/1338 4330/1658/1339 4274/1659/1340
f 4137/1660/1341 4277/1661/1342 4141/1662/1343
f 4275/1663/1344 701/1664/1345 4138/1665/1346
f 6775/1666/1347 4087/1667/1348 697/1668/1349
f 4089/1667/1350 4140/1669/1351 697/1668/1349
f 700/1670/1352 4142/1671/1353 698/1672/1354
f 4330/1673/1339 1020/1674/1355 4331/1675/1356
f 701/1676/1345 705/1677/1357 4476/1678/1358
f 4277/1661/1342 706/1679/1359 4278/1680/1360
f 697/1668/1349 4279/1681/1361 6775/1666/1347
f 4280/1682/1362 4313/1683/1363 4385/1684/1364
f 4095/1685/1365 714/1686/1366 4386/1687/1367
f 714/1686/1366 722/1688/1368 723/1689/1369
f 713/1690/1370 723/1691/1369 724/1692/1371
f 712/1693/1372 724/1692/1371 4183/1694/1373
f 4185/1695/1374 728/1696/1375 708/1697/1376
f 708/1697/1376 716/1698/1377 4280/1699/1362
f 4091/1700/1378 4186/1701/1379 707/1702/1380
f 4090/1703/1381 4184/1704/1382 4092/1705/1383
f 719/1706/1384 4387/1707/1385 710/1708/1386
f 715/1709/1387 720/1710/1388 4096/1711/1389
f 730/1712/1390 709/1713/1391 729/1714/1392
f 729/1714/1392 710/1715/1386 731/1716/1393
f 731/1716/1393 710/1715/1386 732/1717/1394
f 732/1717/1394 710/1715/1386 733/1718/1395
f 734/1719/1396 710/1708/1386 4387/1707/1385
f 736/1720/1397 4387/1707/1385 4281/1721/1398
f 4281/1721/1398 737/1722/1399 736/1720/1397
f 738/1723/1400 4281/1724/1398 713/1725/1370
f 739/1726/1401 713/1690/1370 712/1693/1372
f 4094/1727/1402 4182/1728/1403 4090/1703/1381
f 6711/1729/1404 707/1702/1380 4189/1730/1405
f 708/1697/1376 741/1731/1406 4185/1695/1374
f 742/1732/1407 709/1699/1391 730/1733/1390
f 4311/1734/1408 743/1735/1409 744/1736/1410
f 745/1737/1411 4311/1738/1408 744/1739/1410
f 746/1740/1412 4311/1741/1408 745/1742/1411
f 747/1743/1413 4095/1685/1365 4097/1744/1414
f 723/1689/1369 722/1688/1368 747/1743/1413
f 724/1745/1371 723/1746/1369 748/1747/1415
f 748/1748/1415 4183/1749/1373 724/1750/1371
f 4093/1751/1416 749/1752/1417 750/1753/1418
f 1023/1754/1419 4093/1751/1416 750/1753/1418
f 751/1755/1420 4093/1751/1416 1023/1754/1419
f 752/1756/1421 4187/1757/1422 4190/1758/1423
f 716/1698/1377 728/1696/1375 752/1756/1421
f 717/1759/1424 716/1760/1377 753/1761/1425
f 753/1761/1425 4313/1683/1363 717/1759/1424
f 4313/1683/1363 754/1762/1426 743/1735/1409
f 759/1763/1427 4193/1764/1428 4107/1765/1429
f 4193/1766/1428 759/1767/1427 4282/1768/1430
f 4416/1769/1431 755/1770/1432 4418/1771/1433
f 6739/1772/1434 4477/1773/1435 4195/1774/1436
f 4477/1773/1435 6739/1772/1434 4105/1775/1437
f 4101/1776/1438 758/1777/1439 4102/1778/1440
f 6833/1779/1441 4100/1780/1442 4414/1781/1443
f 6828/1782/1444 4415/1783/1445 6806/1784/1446
f 6738/1785/1447 4099/1786/1448 4098/1787/1449
f 760/1788/1450 761/1789/1451 1024/1790/1452
f 6740/1791/1453 772/1792/1454 4099/1786/1448
f 6807/1793/1455 763/1794/1456 761/1789/1451
f 4415/1783/1445 4283/1795/1457 6806/1784/1446
f 4191/1796/1458 4414/1781/1443 4100/1780/1442
f 4194/1797/1459 774/1798/1460 785/1799/1461
f 775/1800/1462 762/1801/1463 4104/1802/1464
f 4106/1803/1465 775/1800/1462 4104/1802/1464
f 765/1804/1466 776/1805/1467 4106/1803/1465
f 778/1806/1468 765/1804/1466 766/1807/1469
f 766/1808/1469 779/1809/1470 778/1810/1468
f 4334/1811/1471 780/1812/1472 779/1813/1470
f 781/1814/1473 768/1815/1474 769/1816/1475
f 769/1816/1475 782/1817/1476 781/1814/1473
f 771/1818/1477 782/1817/1476 4192/1819/1478
f 4103/1820/1479 783/1821/1480 771/1818/1477
f 4194/1797/1459 784/1822/1481 4103/1823/1479
f 791/1824/1482 792/1825/1483 790/1826/1484
f 788/1827/1485 4422/1828/1486 793/1829/1487
f 4336/1830/1488 4143/1831/1489 4335/1832/1490
f 4478/1833/1491 4389/1834/1492 4388/1835/1493
f 789/1836/1494 4421/1837/1495 4480/1838/1496
f 4478/1833/1491 4388/1835/1493 6755/1839/1497
f 4144/1840/1498 786/1841/1499 796/1842/1500
f 4482/1843/1501 6808/1844/1502 805/1845/1503
f 4110/1846/1504 810/1847/1505 809/1848/1506
f 4481/1849/1507 802/1850/1508 4424/1851/1509
f 6713/1852/1510 811/1853/1511 4451/1854/1512
f 4109/1855/1513 4108/1856/1514 806/1857/1515
f 797/1858/1516 4481/1859/1507 4424/1860/1509
f 6839/1861/1517 806/1857/1515 803/1862/1518
f 6785/1863/1519 4109/1855/1513 806/1857/1515
f 799/1864/1520 4452/1865/1521 808/1866/1522
f 6712/1867/1523 4451/1854/1512 800/1868/1524
f 4423/1869/1525 6714/1870/1526 801/1871/1527
f 4196/1872/1528 4338/1873/1529 4337/1874/1530
f 4429/1875/1531 4197/1876/1532 815/1877/1533
f 4427/1878/1534 4431/1879/1535 4428/1880/1536
f 4426/1881/1537 4315/1882/1538 821/1883/1539
f 4339/1884/1540 816/1885/1541 4432/1886/1542
f 4314/1887/1543 4426/1881/1537 6840/1888/1544
f 813/1889/1545 814/1890/1546 823/1891/1547
f 4485/1892/1548 6835/1893/1549 4392/1894/1550
f 4434/1895/1551 4341/1896/1552 4148/1897/1553
f 4149/1898/1554 831/1899/1555 833/1900/1556
f 4391/1901/1557 837/1902/1558 4496/1903/1559
f 4201/1904/1560 830/1905/1561 4436/1906/1562
f 4393/1907/1563 836/1908/1564 6758/1909/1565
f 4497/1910/1566 838/1911/1567 4201/1904/1560
f 833/1912/1556 4484/1913/1568 4149/1914/1554
f 4435/1915/1569 4433/1916/1570 824/1917/1571
f 825/1918/1572 4148/1897/1553 4147/1919/1573
f 834/1920/1574 4390/1921/1575 826/1922/1576
f 4391/1901/1557 4199/1923/1577 827/1924/1578
f 4200/1925/1579 4342/1926/1580 4198/1927/1580
f 849/1928/1581 6718/1929/1582 1032/1930/1583
f 843/1931/1584 846/1932/1585 6837/1933/1586
f 4459/1934/1587 843/1931/1584 4457/1935/1588
f 6719/1936/1589 4205/1937/1590 6811/1938/1591
f 6802/1939/1592 6719/1940/1589 6811/1941/1591
f 4487/1942/1593 4458/1943/1594 6717/1944/1595
f 6801/1945/1596 4487/1942/1593 6759/1946/1597
f 1034/1947/1598 1035/1948/1599 6716/1949/1600
f 847/1950/1601 6837/1933/1586 846/1932/1585
f 6715/1951/1602 1037/1952/1603 845/1953/1604
f 4203/1954/1605 6810/1955/1606 4204/1956/1607
f 848/1957/1608 841/1958/1609 1036/1959/1610
f 4486/1960/1611 849/1928/1581 4488/1961/1612
f 1032/1930/1583 6718/1929/1582 6720/1962/1613
f 6801/1945/1596 6809/1963/1614 6802/1939/1592
f 6789/1964/1615 4394/1965/1616 4395/1966/1617
f 4492/1967/1618 4238/1968/1619 6787/1969/1620
f 6786/1970/1621 4351/1971/1622 4460/1972/1623
f 867/1973/1624 4462/1974/1625 6788/1975/1626
f 871/1976/1627 867/1977/1624 4460/1978/1623
f 4396/1979/1628 863/1980/1629 4206/1981/1630
f 867/1973/1624 6786/1970/1621 4460/1972/1623
f 4237/1982/1631 867/1983/1624 871/1984/1627
f 6838/1985/1632 4240/1986/1633 4491/1987/1634
f 872/1988/1635 4206/1989/1630 6812/1990/1636
f 4211/1991/1637 6815/1992/1638 6813/1993/1639
f 4356/1994/1640 6741/1995/1641 4117/1996/1642
f 6817/1997/1643 4119/1998/1644 4117/1999/1642
f 6817/2000/1643 4117/2001/1642 6741/2002/1641
f 6817/2000/1643 6786/1970/1621 6788/1975/1626
f 6742/2003/1645 860/2004/1646 861/2005/1647
f 6818/2006/1648 865/2007/1649 6814/2008/1650
f 6816/2009/1651 1039/2010/1652 858/2011/1653
f 1038/2012/1654 6794/2013/1654 4490/2014/1654
f 6761/2015/1655 4348/2016/1656 4347/2017/1657
f 6779/2018/1658 4437/2019/1659 4292/2020/1660
f 900/2021/1661 6760/2022/1662 4343/2023/1663
f 904/2024/1664 4437/2019/1659 900/2021/1661
f 4349/2025/1665 4207/2026/1666 896/2027/1667
f 6779/2018/1658 900/2021/1661 4437/2019/1659
f 4113/2028/1668 900/2021/1661 4111/2029/1669
f 4344/2030/1670 4207/2026/1666 4284/2031/1671
f 4345/2032/1672 6776/2033/1673 4116/2034/1674
f 4441/2035/1675 6790/2036/1676 6724/2037/1677
f 4466/2038/1678 6829/2039/1679 6820/2040/1680
f 4443/2041/1681 6792/2042/1682 4464/2043/1683
f 4464/2043/1683 6792/2042/1682 6829/2039/1679
f 6792/2042/1682 6779/2018/1658 6829/2039/1679
f 6830/2044/1684 893/2045/1685 1050/2046/1686
f 1040/2047/1687 898/2048/1688 895/2049/1689
f 6793/2050/1690 6723/2051/1691 6791/2052/1692
f 4290/2053/1654 890/2054/1654 6726/2055/1654
f 884/2056/1693 4285/2057/1694 4209/2058/1695
f 4152/2059/1696 888/2060/1697 4438/2061/1698
f 4349/2025/1665 4206/1981/1630 4207/2026/1666
f 6831/2062/1699 907/2063/1700 874/2064/1701
f 4489/2065/1702 6776/2033/1673 4491/1987/1634
f 4396/1979/1628 6790/2036/1676 6813/1993/1639
f 6838/1985/1632 6776/2033/1673 4345/2032/1672
f 4153/2066/1703 899/2067/1704 866/2068/1705
f 4346/2069/1706 6838/1985/1632 4345/2032/1672
f 6813/1993/1639 4441/2035/1675 4211/1991/1637
f 871/2070/1627 869/2071/1707 868/2072/1708
f 6777/2073/1709 6778/2074/1710 892/2075/1711
f 851/2076/1712 873/2077/1713 4285/2057/1694
f 4208/2078/1714 904/2024/1664 4113/2028/1668
f 859/2079/1715 869/2080/1707 4350/2081/1716
f 906/2082/1717 885/2083/1718 4209/2084/1695
f 4114/2085/1719 902/2086/1720 901/2087/1721
f 4285/2057/1694 850/2088/1722 851/2076/1712
f 901/2087/1721 4115/2089/1723 4114/2085/1719
f 4208/2078/1714 903/2090/1724 904/2024/1664
f 4239/2091/1725 868/2072/1708 859/2092/1715
f 903/2093/1724 901/2087/1721 904/2094/1664
f 4152/2095/1696 853/2096/1726 854/2097/1727
f 4461/2098/1728 4206/1981/1630 863/1980/1629
f 4438/2061/1698 887/2099/1729 4112/2100/1730
f 905/2101/1731 4207/2026/1666 4439/2102/1732
f 897/2103/1733 6761/2015/1655 4347/2017/1657
f 4440/2104/1734 6722/2105/1735 4442/2106/1736
f 1047/2107/1737 6823/2108/1738 1043/2109/1739
f 4287/2110/1740 6819/2111/1741 4289/2112/1742
f 4353/2113/1743 6744/2114/1744 4355/2115/1745
f 876/2116/1746 6787/2117/1620 4238/2118/1619
f 910/2119/1747 6777/2073/1709 892/2075/1711
f 4150/2120/1748 852/2121/1749 853/2096/1726
f 4112/2122/1730 886/2123/1750 906/2082/1717
f 854/2097/1727 884/2056/1693 888/2124/1697
f 4120/2125/1751 4210/2126/1752 4118/2127/1753
f 1048/2128/1754 1049/2129/1755 1052/2130/1756
f 4126/2131/1757 4293/2132/1758 4295/2133/1759
f 922/2134/1760 925/2135/1761 4352/2136/1762
f 4122/2137/1763 4316/2138/1764 4121/2139/1765
f 4216/2140/1766 929/2141/1767 4215/2142/1768
f 4398/2143/1769 933/2144/1770 4217/2145/1771
f 4398/2146/1769 922/2134/1760 933/2147/1770
f 4212/2148/1772 931/2149/1773 930/2150/1774
f 4215/2142/1768 919/2151/1775 920/2152/1776
f 935/2153/1777 4217/2145/1771 933/2144/1770
f 4352/2154/1762 924/2155/1778 922/2156/1760
f 4213/2157/1779 926/2158/1780 4212/2159/1772
f 929/2141/1767 4123/2160/1781 934/2161/1782
f 4125/2162/1783 4493/2163/1784 4124/2164/1785
f 931/2165/1773 4397/2166/1786 937/2167/1787
f 4212/2159/1772 4294/2168/1788 4397/2166/1786
f 4218/2169/1789 931/2165/1773 937/2167/1787
f 4288/2170/1790 1044/2171/1791 6725/2172/1792
f 4489/2065/1702 6795/2173/1793 1054/2174/1794
f 1054/2174/1794 6725/2172/1792 4489/2065/1702
f 4465/2175/1795 889/2176/1796 4463/2177/1797
f 4354/2178/1798 1055/2179/1799 1045/2180/1800
f 4445/2181/769 4220/2182/1801 4221/2183/1802
f 6730/2184/772 6762/2185/771 6824/2186/1034
f 4447/2187/1803 1057/2188/1804 6728/2189/1805
f 4471/2190/1806 1058/2191/763 4470/2192/1807
f 4468/2193/755 6745/2194/1808 6803/2195/1809
f 917/2196/758 1060/2197/778 4129/2198/1036
f 6747/2199/1810 1061/2200/1810 1059/2201/1810
f 4128/2202/1811 4494/2203/1811 4127/2204/1811
f 4222/2205/749 6821/2206/748 6748/2207/1812
f 6732/2208/752 878/2209/751 879/2210/1813
f 6746/2211/1814 4444/2212/1814 942/2213/1814
f 4130/2214/1815 6731/2215/1815 4469/2216/1815
f 6729/2217/1815 4469/2216/1815 6731/2215/1815
f 6729/2217/1815 4472/2218/1815 4469/2216/1815
f 4446/2219/1814 4444/2212/1814 4467/2220/1814
f 6746/2211/1814 4467/2220/1814 4444/2212/1814
f 4223/2221/1810 4226/2222/1810 4473/2223/1810
f 6766/2224/1814 4399/2225/1814 6750/2226/1814
f 4224/2227/1814 6750/2226/1814 4399/2225/1814
f 4224/2227/1814 4399/2225/1814 4401/2228/1814
f 6765/2229/1803 6749/2230/1804 6764/2231/1805
f 6751/2232/755 912/2233/1808 1069/2234/1809
f 915/2235/769 6780/2236/1816 944/2237/1817
f 4402/2238/749 1071/2239/748 4225/2240/1818
f 6769/2241/1815 6754/2242/1815 914/2243/1815
f 4357/2244/1806 6767/2245/763 4359/2246/1807
f 6797/2247/1815 914/2243/1815 6754/2242/1815
f 4360/2248/758 1074/2249/778 6768/2250/1036
f 6769/2241/1815 914/2243/1815 941/2251/1815
f 6796/2186/772 6752/2252/771 4364/2253/1034
f 6753/2254/752 881/2255/751 882/2256/1813
f 1077/2257/1819 4296/2258/1820 4370/2259/1821
f 951/2260/1822 4366/2261/1823 995/2262/1824
f 4245/2263/1825 955/2264/1826 4317/2265/1827
f 4131/2266/1828 4403/2267/1829 4132/2268/1830
f 6772/2269/1831 956/2270/1832 6781/2271/1833
f 1078/2272/1834 4297/2273/1835 4296/2258/1820
f 958/2274/1836 4366/2275/1823 953/2276/1837
f 955/2264/1826 4367/2277/1838 4227/2278/1839
f 4132/2279/1830 960/2280/1840 4298/2281/1841
f 957/2282/1842 956/2283/1832 961/2284/1843
f 6782/2285/1844 4405/2286/1845 4297/2273/1835
f 958/2274/1836 4305/2287/1846 959/2288/1847
f 4227/2278/1839 4304/2289/1848 4228/2290/1849
f 4298/2281/1841 4229/2291/1850 4299/2292/1851
f 1081/2293/1852 961/2284/1843 4301/2294/1853
f 4154/2295/1854 4405/2286/1845 4155/2296/1855
f 4241/2297/1856 1079/2298/1857 4404/2299/1858
f 4361/2300/1859 4303/2301/1860 966/2302/1861
f 4417/2303/1862 4230/2304/1863 967/2305/1864
f 968/2306/1865 4156/2307/1866 4300/2308/1867
f 1082/2309/1868 965/2310/1869 4154/2295/1854
f 4302/2311/1870 969/2312/1871 4306/2313/1872
f 4361/2300/1859 970/2314/1873 971/2315/1874
f 4231/2316/1875 967/2305/1864 4157/2317/1876
f 968/2306/1865 6733/2318/1877 1080/2319/1878
f 6798/2320/1879 4242/2321/1880 1082/2309/1868
f 4406/2322/1881 969/2312/1871 974/2323/1882
f 4158/2324/1883 970/2314/1873 975/2325/1884
f 4231/2316/1875 976/2326/1885 4232/2327/1886
f 977/2328/1887 6733/2318/1877 972/2329/1888
f 1083/2330/1889 4368/2331/1890 6798/2320/1879
f 974/2323/1882 4407/2332/1891 4406/2322/1881
f 4408/2333/1892 975/2325/1884 979/2334/1893
f 4232/2327/1886 980/2335/1894 4448/2336/1895
f 981/2337/1896 973/2338/1897 977/2328/1887
f 1084/2339/1898 978/2340/1899 1083/2330/1889
f 4408/2333/1892 979/2334/1893 982/2341/1900
f 978/2340/1899 1084/2339/1898 4308/2342/1901
f 982/2341/1900 984/2343/1902 4408/2333/1892
f 980/2335/1894 4449/2344/1903 4448/2336/1895
f 4133/2345/1904 983/2346/1905 4134/2347/1906
f 4308/2342/1901 1085/2348/1907 987/2349/1908
f 4134/2347/1906 4243/2350/1909 4309/2351/1910
f 986/2352/1911 4362/2353/1912 984/2343/1902
f 4409/2354/1913 4410/2355/1914 4449/2344/1903
f 6735/2356/1915 990/2357/1916 6734/2358/1917
f 4244/2359/1918 1085/2348/1907 1086/2360/1919
f 4243/2350/1909 4310/2361/1920 4309/2351/1910
f 992/2362/1921 4362/2353/1912 988/2363/1922
f 4363/2364/1923 4410/2355/1914 989/2365/1924
f 6736/2366/1925 990/2357/1916 994/2367/1926
f 946/2368/1927 4370/2259/1821 947/2369/1928
f 4369/2370/1929 995/2262/1824 4246/2371/1930
f 4318/2372/1931 4245/2263/1825 4317/2265/1827
f 6805/2373/1932 996/2374/1933 4131/2266/1828
f 950/2375/1934 6772/2269/1831 6771/2376/1935
f 559/1329/1050 560/1339/1060 555/1330/1051
f 4372/1332/1053 556/1483/1192 4474/1333/1054
f 563/1335/1056 4167/1484/1193 558/1336/1057
f 565/1338/1059 566/1345/1066 560/1339/1060
f 4247/1340/1061 4372/1332/1053 4159/1334/1055
f 569/1342/1063 563/1335/1056 561/1337/1058
f 4248/1344/1065 4079/1351/1071 566/1345/1066
f 571/1346/1067 4247/2377/1061 4160/1347/1062
f 567/1343/1064 573/1355/1075 4181/1349/1069
f 4373/1350/1070 579/1358/1078 4079/1351/1071
f 578/1352/1072 571/1346/1067 574/1348/1068
f 582/1354/1074 4181/1349/1069 573/1355/1075
f 585/1357/1077 4267/2378/1084 579/1358/1078
f 4374/1359/1079 578/1352/1072 4069/1353/1073
f 4328/1361/1081 582/2379/1074 580/1362/1076
f 4172/1364/1083 1015/1372/1090 4267/1365/1084
f 1016/1367/1085 4374/1359/1079 4070/1360/1080
f 1018/1369/1087 4328/1361/1081 587/1363/1082
f 593/1371/1089 4380/1378/1096 1015/1372/1090
f 4171/1373/1091 1016/1367/1085 4495/1368/1086
f 597/1375/1093 1018/1369/1087 591/1370/1088
f 599/1377/1095 4169/1384/1102 4380/1378/1096
f 4071/1379/1097 4171/1373/1091 4475/1374/1092
f 4273/1381/1099 597/1375/1093 595/1376/1094
f 4072/1383/1101 606/1391/1108 4169/1384/1102
f 605/1385/1103 4071/2380/1097 602/1386/1098
f 609/1388/1105 4273/1381/1099 601/1382/1100
f 612/1390/1107 613/1397/1113 606/1391/1108
f 608/1387/1104 4234/1399/1115 4249/1392/1109
f 616/1393/1110 609/2381/1105 607/1394/1106
f 4250/1396/1112 4077/1404/1120 613/1397/1113
f 618/1398/1114 4249/1392/1109 4234/1399/1115
f 4179/1401/1117 616/1393/1110 614/1395/1111
f 4376/1403/1119 626/1411/1125 4077/1404/1120
f 621/1405/1116 628/1412/1126 625/1406/1121
f 629/1408/1122 4179/1401/1117 620/1402/1118
f 631/1410/1124 4265/1417/1131 626/1411/1125
f 628/1412/1126 4136/1419/1133 4161/1413/1127
f 635/1414/1128 629/1408/1122 627/1409/1123
f 4162/1416/1130 638/1424/1138 4265/1417/1131
f 637/1418/1132 4161/1413/1127 4136/1419/1133
f 4084/1421/1135 635/1414/1128 633/1415/1129
f 643/1423/1137 644/1431/1144 638/1424/1138
f 4321/1425/1139 637/1418/1132 640/1420/1134
f 4271/1427/1141 4084/2382/1135 639/1428/1136
f 649/1430/1143 4173/1437/1149 644/1431/1144
f 4073/1432/1145 4321/2383/1139 4252/1433/1140
f 645/1429/1142 651/1439/1151 4272/1435/1147
f 4074/1436/1148 656/2384/1154 4173/1437/1149
f 652/1434/1146 4163/1445/1156 655/1438/1150
f 651/1439/1151 657/1448/1159 659/1440/1152
f 661/1441/1153 662/1451/1162 656/1442/1154
f 4253/1444/1155 655/1438/1150 4163/1445/1156
f 665/1447/1158 659/1440/1152 657/1448/1159
f 4254/1450/1161 4081/1457/1168 662/1451/1162
f 667/1452/1163 4253/1444/1155 4164/1446/1157
f 4176/1454/1165 665/1447/1158 663/1449/1160
f 4377/1456/1167 674/1463/1174 4081/1457/1168
f 673/1458/1169 667/1452/1163 670/1453/1164
f 677/1460/1171 4176/1454/1165 669/1455/1166
f 679/1462/1173 4263/1469/1179 674/1463/1174
f 4075/1459/1170 4076/1471/1181 4165/1464/1175
f 683/1465/1176 677/2385/1171 675/1466/1172
f 4166/1468/1178 686/1476/1186 4263/1469/1179
f 685/1470/1180 4165/1464/1175 4076/1471/1181
f 4086/1473/1183 683/1465/1176 681/1467/1177
f 691/1475/1185 692/1482/1191 686/1476/1186
f 4454/1477/1187 685/2386/1180 688/1478/1182
f 4168/1480/1189 4086/1473/1183 687/1474/1184
f 4371/1331/1052 555/1330/1051 692/1482/1191
f 556/1483/1192 4454/1477/1187 4256/1479/1188
f 693/1481/1190 558/1336/1057 4167/1484/1193
f 4268/1485/1194 592/1498/1207 6784/1486/1195
f 4324/1488/1197 1012/1511/1219 4258/1489/1198
f 4266/1491/1200 4259/1500/1209 1001/1492/1201
f 680/1494/1203 6707/1502/1211 1009/1495/1204
f 594/1497/1206 6710/2387/1213 592/1498/1207
f 4381/1499/1208 1004/1531/1238 4259/1500/1209
f 4264/1501/1210 6708/1507/1215 6707/1502/1211
f 600/1503/1212 6783/1513/1221 6710/1504/1213
f 4379/1506/1214 6737/1516/1224 6708/1507/1215
f 4382/1490/1199 4258/1489/1198 554/1508/1216
f 572/1510/1218 4235/1526/1233 1012/1511/1219
f 4170/1512/1220 6705/1515/1223 6783/1513/1221
f 4323/1514/1222 6704/1521/1229 6705/1515/1223
f 4378/1509/1217 554/1508/1216 6737/1516/1224
f 4174/1517/1225 6706/2388/1231 6800/1518/1226
f 619/1520/1228 6773/1528/1235 6704/1521/1229
f 4325/1522/1230 1008/1530/1237 6706/1523/1231
f 4080/1525/1232 583/2389/1239 4235/1526/1233
f 4078/1527/1234 1002/1534/1240 6773/1528/1235
f 668/1529/1236 4261/1535/1241 1008/1530/1237
f 650/1519/1227 6800/1518/1226 1004/1531/1238
f 586/1487/1196 6784/1486/1195 583/1532/1239
f 632/1493/1202 1001/1492/1201 1002/1534/1240
f 4082/1496/1205 1009/1495/1204 4261/1535/1241
f 999/1536/1242 604/1543/1249 598/1537/1243
f 998/1539/1245 564/1576/1279 552/1540/1246
f 610/1542/1248 611/1645/1251 604/1543/1249
f 1000/1544/1250 617/1548/1253 611/1545/1251
f 623/1547/1252 624/1550/1255 617/1548/1253
f 4456/1549/1254 630/1552/1257 624/1550/1255
f 4455/1551/1256 636/1554/1259 630/1552/1257
f 1003/1553/1258 642/1556/1261 636/1554/1259
f 4260/1555/1260 648/2390/1263 642/1556/1261
f 1005/1557/1262 654/1561/1265 648/1558/1263
f 1006/1560/1264 660/1563/1267 654/1561/1265
f 4262/1562/1266 666/1565/1269 660/1563/1267
f 1007/1564/1268 672/1638/1271 666/1565/1269
f 6774/1566/1270 678/1570/1273 672/1567/1271
f 1010/1569/1272 684/1572/1275 678/1570/1273
f 1011/1571/1274 690/1574/1277 684/1572/1275
f 1014/1573/1276 696/1586/1288 690/1574/1277
f 6827/1575/1278 570/1578/1281 564/1576/1279
f 576/1577/1280 577/2391/1283 570/1578/1281
f 4236/1579/1282 584/1583/1285 577/1580/1283
f 1013/1582/1284 590/1585/1287 584/1583/1285
f 6709/1584/1286 1019/1587/1289 590/1585/1287
f 4257/1541/1247 552/1540/1246 696/1586/1288
f 997/1538/1244 598/1537/1243 1019/1587/1289
f 634/1588/1290 4135/1635/1335 4326/1589/1291
f 4322/1591/1293 664/1636/1336 4175/1592/1294
f 588/1594/1296 581/1637/1337 4327/1595/1297
f 4251/1597/1299 634/1588/1290 4083/1590/1292
f 676/1599/1301 4322/1591/1293 671/1593/1295
f 1017/1601/1303 588/1594/1296 589/1596/1298
f 557/1603/1305 694/1634/1334 695/1604/1306
f 646/1606/1308 4251/1597/1299 641/1598/1300
f 682/1608/1310 676/1599/1301 4329/1600/1302
f 596/1610/1312 1017/1601/1303 4270/1602/1304
f 615/1612/1314 4233/1618/1319 4383/1613/1315
f 4412/1615/1317 646/2392/1308 647/1616/1309
f 4233/1618/1319 4375/2393/1326 603/1619/1320
f 568/1620/1321 562/1627/1327 4177/1621/1322
f 4255/1623/1324 682/1608/1310 4085/1609/1311
f 4375/1625/1326 596/1610/1312 4269/1611/1313
f 562/1627/1327 557/1603/1305 553/1605/1307
f 4320/1628/1328 615/1612/1314 4178/1614/1316
f 658/1630/1330 4412/1615/1317 653/1617/1318
f 4319/1632/1332 568/1620/1321 4180/1622/1323
f 694/1634/1334 4255/1623/1324 689/1624/1325
f 4135/1635/1335 4320/1628/1328 622/1629/1329
f 664/1636/1336 658/1630/1330 4384/1631/1331
f 581/1637/1337 4319/1632/1332 575/1633/1333
f 675/1461/1172 669/1455/1166 672/1638/1271
f 645/1429/1142 639/1428/1136 642/1640/1261
f 552/1641/1246 564/1656/1279 561/1337/1058
f 558/1336/1057 693/1481/1190 696/1642/1288
f 591/1370/1088 587/1363/1082 590/1585/1287
f 669/1455/1166 663/1449/1160 666/1565/1269
f 639/1643/1136 633/1649/1129 636/1554/1259
f 614/1644/1111 607/1389/1106 611/1645/1251
f 584/1583/1285 590/1585/1287 587/1363/1082
f 690/1574/1277 696/1586/1288 693/1647/1190
f 663/1449/1160 657/1448/1159 660/1563/1267
f 633/1649/1129 627/1651/1123 630/1552/1257
f 620/1650/1118 614/2394/1111 617/1548/1253
f 607/1389/1106 601/1382/1100 604/1543/1249
f 580/1362/1076 573/2395/1075 577/1580/1283
f 687/1648/1184 681/1654/1177 684/1572/1275
f 654/1561/1265 660/1563/1267 657/1448/1159
f 627/1651/1123 620/1650/1118 624/1550/1255
f 601/1382/1100 595/1376/1094 598/1537/1243
f 573/1355/1075 567/1343/1064 570/1652/1281
f 678/1570/1273 684/1572/1275 681/1654/1177
f 651/1439/1151 645/1429/1142 648/1558/1263
f 595/1376/1094 591/1370/1088 1019/1587/1289
f 564/1656/1279 570/1652/1281 567/1343/1064
f 703/2396/1936 704/2397/1937 1021/2398/1938
f 4332/2399/1939 4276/2400/1940 699/2401/1941
f 4139/2402/1942 701/2403/1345 4476/2404/1358
f 700/1670/1352 702/2405/1943 4142/1671/1353
f 4330/1658/1339 4088/1657/1338 1020/2406/1355
f 701/1664/1345 4275/1663/1344 705/2407/1357
f 4277/1661/1342 4137/1660/1341 706/1679/1359
f 697/1668/1349 4140/1669/1351 4279/1681/1361
f 4280/1682/1362 716/1760/1377 717/1759/1424
f 4280/1682/1362 717/1759/1424 4313/1683/1363
f 4095/1685/1365 722/1688/1368 714/1686/1366
f 713/2408/1370 714/1686/1366 723/1689/1369
f 712/1693/1372 713/1690/1370 724/1692/1371
f 4185/1695/1374 4187/1757/1422 728/1696/1375
f 708/1697/1376 728/1696/1375 716/1698/1377
f 4091/1700/1378 726/2409/1944 4186/1701/1379
f 4090/1703/1381 4182/1728/1403 4184/1704/1382
f 719/2410/1384 4312/2411/1945 4387/2412/1385
f 710/1708/1386 718/2413/1946 719/1706/1384
f 729/1714/1392 709/1713/1391 710/1715/1386
f 734/1719/1396 733/2414/1395 710/1708/1386
f 735/2415/1947 734/1719/1396 4387/1707/1385
f 736/1720/1397 735/2415/1947 4387/1707/1385
f 738/1723/1400 737/2416/1399 4281/1724/1398
f 739/1726/1401 738/2417/1400 713/1690/1370
f 4094/1727/1402 4188/2418/1948 4182/1728/1403
f 1022/2419/1949 740/2420/1950 711/2421/1951
f 6711/1729/1404 4091/1700/1378 707/1702/1380
f 708/1697/1376 742/1732/1407 741/1731/1406
f 742/1732/1407 708/1697/1376 709/1699/1391
f 718/2422/1946 4312/2411/1945 719/2410/1384
f 4311/1734/1408 4313/1683/1363 743/1735/1409
f 746/1740/1412 721/2423/1952 4311/1741/1408
f 747/1743/1413 722/1688/1368 4095/1685/1365
f 748/1748/1415 4413/2424/1953 4183/1749/1373
f 4093/1751/1416 725/2425/1954 749/1752/1417
f 751/1755/1420 727/2426/1955 4093/1751/1416
f 752/1756/1421 728/1696/1375 4187/1757/1422
f 753/1761/1425 754/1762/1426 4313/1683/1363
f 4416/2427/1431 767/2428/1956 755/2429/1432
f 4101/2430/1438 770/2431/1957 758/2432/1439
f 6833/1779/1441 757/2433/1958 4100/1780/1442
f 6828/1782/1444 756/2434/1959 4415/1783/1445
f 6738/1785/1447 6740/1791/1453 4099/1786/1448
f 760/1788/1450 6807/1793/1455 761/1789/1451
f 6740/1791/1453 773/2435/1960 772/1792/1454
f 6807/1793/1455 764/2436/1961 763/1794/1456
f 4415/1783/1445 4333/2437/1962 4283/1795/1457
f 4191/1796/1458 4419/2438/1963 4414/1781/1443
f 4194/1797/1459 762/2439/1463 774/1798/1460
f 775/1800/1462 774/2440/1460 762/1801/1463
f 4106/1803/1465 776/1805/1467 775/1800/1462
f 765/1804/1466 777/2441/1964 776/1805/1467
f 778/1806/1468 777/2441/1964 765/1804/1466
f 766/1808/1469 4334/2442/1471 779/1809/1470
f 4334/1811/1471 768/1815/1474 780/1812/1472
f 781/1814/1473 780/1812/1472 768/1815/1474
f 769/1816/1475 4192/1819/1478 782/1817/1476
f 771/1818/1477 783/1821/1480 782/1817/1476
f 4103/1820/1479 784/2443/1481 783/1821/1480
f 4194/1797/1459 785/1799/1461 784/1822/1481
f 788/1827/1485 4420/2444/1965 4422/1828/1486
f 4336/1830/1488 4145/2445/1966 4143/1831/1489
f 4479/2446/1967 787/2447/1968 794/2448/1969
f 4478/1833/1491 4146/2449/1970 4389/1834/1492
f 789/1836/1494 795/2450/1971 4421/1837/1495
f 6756/2451/1972 812/2452/1973 4425/2453/1974
f 4425/2453/1974 812/2452/1973 1026/2454/1975
f 4110/1846/1504 4453/2455/1976 810/1847/1505
f 1025/2456/1977 6757/2457/1978 6834/2458/1979
f 4481/1849/1507 804/2459/1980 802/1850/1508
f 4482/1843/1501 805/1845/1503 4483/2460/1981
f 4110/1846/1504 809/1848/1506 807/2461/1982
f 797/1858/1516 798/2462/1983 4481/1859/1507
f 6839/1861/1517 6785/1863/1519 806/1857/1515
f 799/1864/1520 4450/2463/1984 4452/1865/1521
f 6712/1867/1523 6713/1852/1510 4451/1854/1512
f 4423/1869/1525 1027/2464/1985 6714/1870/1526
f 818/2465/1986 817/2466/1987 819/2467/1988
f 4196/1872/1528 820/2468/1989 4338/1873/1529
f 4429/1875/1531 4430/2469/1990 4197/1876/1532
f 4426/1881/1537 4314/1887/1543 4315/1882/1538
f 4339/1884/1540 822/2470/1991 816/1885/1541
f 1028/2471/1992 6836/2472/1993 4340/2473/1994
f 4201/1904/1560 838/1911/1567 829/2474/1995
f 4393/1907/1563 835/2475/1996 836/1908/1564
f 4201/1904/1560 829/2474/1995 830/1905/1561
f 1031/2476/1997 4435/2477/1569 824/2478/1571
f 4434/1895/1551 4148/1897/1553 825/1918/1572
f 832/2479/1998 834/1920/1574 826/1922/1576
f 834/2480/1574 1029/2481/1999 4390/2482/1575
f 4391/1901/1557 4496/1903/1559 4199/1923/1577
f 1030/2483/2000 4202/2484/2001 828/2485/2002
f 849/1928/1581 4486/1960/1611 6718/1929/1582
f 843/1931/1584 1033/2486/2003 846/1932/1585
f 4459/1934/1587 1033/2486/2003 843/1931/1584
f 6802/1939/1592 6809/1963/1614 6719/1940/1589
f 6801/1945/1596 4458/1943/1594 4487/1942/1593
f 1034/1947/1598 844/2487/2004 1035/1948/1599
f 6715/1951/1602 842/2488/2005 1037/1952/1603
f 4203/1954/1605 840/2489/2006 6810/1955/1606
f 848/1957/1608 839/2490/2007 841/1958/1609
f 6801/1945/1596 6759/1946/1597 6809/1963/1614
f 867/1973/1624 6788/1975/1626 6786/1970/1621
f 4237/1982/1631 4151/2491/2008 867/1983/1624
f 4461/2492/1728 6812/2493/1636 4206/2494/1630
f 4356/1994/1640 6743/2495/2009 6741/1995/1641
f 6817/2496/1643 6822/2497/2010 4119/2498/1644
f 6817/2000/1643 6741/2002/1641 6786/1970/1621
f 6742/2003/1645 856/2499/2011 860/2004/1646
f 6818/2006/1648 862/2500/2012 865/2007/1649
f 6816/2009/1651 857/2501/2013 1039/2010/1652
f 1038/2012/1654 855/2502/1654 6794/2013/1654
f 6779/2018/1658 6760/2022/1662 900/2021/1661
f 4113/2028/1668 904/2024/1664 900/2021/1661
f 905/2101/1731 4284/2031/1671 4207/2026/1666
f 4466/2038/1678 4464/2043/1683 6829/2039/1679
f 4443/2041/1681 1042/2503/2014 6792/2042/1682
f 6792/2042/1682 6760/2022/1662 6779/2018/1658
f 6830/2044/1684 894/2504/2015 893/2045/1685
f 1040/2047/1687 891/2505/2016 898/2048/1688
f 6793/2050/1690 6721/2506/2017 6723/2051/1691
f 4290/2053/1654 918/2507/2018 890/2054/1654
f 884/2056/1693 850/2088/1722 4285/2057/1694
f 4152/2059/1696 854/2508/1727 888/2060/1697
f 4349/2025/1665 4396/1979/1628 4206/1981/1630
f 6831/2062/1699 4346/2069/1706 907/2063/1700
f 4489/2065/1702 6725/2172/1792 6776/2033/1673
f 4396/1979/1628 4349/2025/1665 6790/2036/1676
f 6838/1985/1632 4491/1987/1634 6776/2033/1673
f 4153/2066/1703 908/2509/2019 899/2067/1704
f 4346/2069/1706 6831/2062/1699 6838/1985/1632
f 6813/1993/1639 6790/2036/1676 4441/2035/1675
f 851/2076/1712 852/2121/1749 873/2077/1713
f 859/2092/1715 868/2072/1708 869/2071/1707
f 904/2094/1664 901/2087/1721 902/2086/1720
f 906/2082/1717 886/2123/1750 885/2083/1718
f 4114/2510/1719 4291/2511/2020 902/2512/1720
f 4286/2513/2021 4237/2514/1631 871/2515/1627
f 4286/2516/2021 871/2070/1627 870/2517/2022
f 870/2517/2022 871/2070/1627 868/2072/1708
f 4209/2084/1695 885/2083/1718 884/2518/1693
f 4344/2030/1670 896/2027/1667 4207/2026/1666
f 4152/2095/1696 4150/2120/1748 853/2096/1726
f 872/1988/1635 875/2519/2023 4206/1989/1630
f 4438/2061/1698 888/2060/1697 887/2099/1729
f 864/2520/2024 4394/2521/1616 6789/2522/1615
f 4440/2104/1734 1041/2523/2025 6722/2105/1735
f 1047/2107/1737 1046/2524/2026 6823/2108/1738
f 4287/2110/1740 1053/2525/2027 6819/2111/1741
f 4353/2113/1743 1051/2526/2028 6744/2114/1744
f 877/2527/2029 4238/1968/1619 4492/1967/1618
f 909/2528/2030 892/2075/1711 6778/2074/1710
f 4150/2120/1748 873/2077/1713 852/2121/1749
f 4112/2122/1730 887/2529/1729 886/2123/1750
f 854/2097/1727 850/2088/1722 884/2056/1693
f 4126/2530/1757 923/2531/2031 4293/2532/1758
f 4214/2533/2032 920/2152/1776 919/2151/1775
f 4122/2137/1763 4219/2534/2033 4316/2138/1764
f 932/2535/2034 930/2150/1774 931/2149/1773
f 4398/2146/1769 925/2135/1761 922/2134/1760
f 936/2536/2035 937/2167/1787 4397/2166/1786
f 4215/2142/1768 929/2141/1767 919/2151/1775
f 927/2537/2036 4397/2166/1786 4294/2168/1788
f 935/2153/1777 939/2538/2037 4217/2145/1771
f 4352/2154/1762 928/2539/2038 924/2155/1778
f 929/2141/1767 4216/2140/1766 4123/2160/1781
f 932/2535/2034 931/2149/1773 938/2540/2039
f 4125/2162/1783 921/2541/2040 4493/2163/1784
f 931/2165/1773 4212/2159/1772 4397/2166/1786
f 4212/2159/1772 926/2158/1780 4294/2168/1788
f 4218/2542/1789 938/2543/2039 931/2544/1773
f 1054/2174/1794 4288/2170/1790 6725/2172/1792
f 4445/2181/769 6727/2545/770 4220/2182/1801
f 6730/2546/772 1062/2547/2041 6762/2548/771
f 1056/2549/2042 916/2550/2042 1064/2551/2042
f 1066/2552/2043 1063/2553/2043 880/2554/2043
f 4447/2187/1803 1065/2555/2044 1057/2188/1804
f 4471/2556/1806 6825/2557/2045 1058/2558/763
f 4468/2193/755 1067/2559/2046 6745/2194/1808
f 917/2196/758 6804/2560/779 1060/2197/778
f 4222/2561/749 911/2562/2047 6821/2563/748
f 6732/2208/752 940/2564/753 878/2209/751
f 1070/2565/2042 4400/2566/2042 1068/2567/2042
f 6765/2229/1803 945/2568/2048 6749/2230/1804
f 6751/2232/755 943/2569/2046 912/2233/1808
f 915/2235/769 6763/2570/770 6780/2236/1816
f 4402/2571/749 913/2572/2047 1071/2573/748
f 4365/2574/2043 4358/2575/2043 1072/2576/2043
f 4357/2577/1806 1075/2578/2045 6767/2579/763
f 4360/2248/758 883/2580/779 1074/2249/778
f 6832/2581/1811 6826/2582/1811 6770/2583/1811
f 6796/2584/772 1076/2585/2041 6752/2586/771
f 6753/2254/752 1073/2587/753 881/2255/751
f 1077/2257/1819 1078/2272/1834 4296/2258/1820
f 951/2260/1822 953/2588/1837 4366/2261/1823
f 4245/2263/1825 954/2589/2049 955/2264/1826
f 4131/2266/1828 996/2374/1933 4403/2267/1829
f 6772/2269/1831 952/2590/2050 956/2270/1832
f 1078/2272/1834 6782/2285/1844 4297/2273/1835
f 958/2274/1836 959/2288/1847 4366/2275/1823
f 955/2264/1826 954/2589/2049 4367/2277/1838
f 4132/2591/1830 4403/2592/1829 960/2593/1840
f 957/2282/1842 6781/2594/1833 956/2283/1832
f 6782/2285/1844 4155/2296/1855 4405/2286/1845
f 958/2274/1836 962/2595/2051 4305/2287/1846
f 4227/2278/1839 4367/2277/1838 4304/2289/1848
f 4298/2281/1841 960/2280/1840 4229/2291/1850
f 1081/2293/1852 957/2282/1842 961/2284/1843
f 4154/2295/1854 965/2310/1869 4405/2286/1845
f 4241/2297/1856 4302/2596/1870 1079/2298/1857
f 4361/2300/1859 963/2597/2052 4303/2301/1860
f 4417/2303/1862 964/2598/2053 4230/2304/1863
f 968/2306/1865 1080/2319/1878 4156/2307/1866
f 1082/2309/1868 4242/2321/1880 965/2310/1869
f 4302/2311/1870 4241/2599/1856 969/2312/1871
f 4361/2300/1859 966/2302/1861 970/2314/1873
f 4231/2316/1875 4417/2303/1862 967/2305/1864
f 968/2306/1865 972/2329/1888 6733/2318/1877
f 6798/2320/1879 4368/2331/1890 4242/2321/1880
f 4406/2322/1881 4306/2313/1872 969/2312/1871
f 4158/2324/1883 971/2315/1874 970/2314/1873
f 4231/2316/1875 4157/2317/1876 976/2326/1885
f 977/2328/1887 973/2338/1897 6733/2318/1877
f 1083/2330/1889 978/2340/1899 4368/2331/1890
f 974/2323/1882 4307/2600/2054 4407/2332/1891
f 4408/2333/1892 4158/2324/1883 975/2325/1884
f 4232/2327/1886 976/2326/1885 980/2335/1894
f 981/2337/1896 6799/2601/2055 973/2338/1897
f 4307/2600/2054 4133/2345/1904 4407/2332/1891
f 981/2337/1896 6735/2356/1915 6799/2601/2055
f 4133/2345/1904 4307/2600/2054 983/2346/1905
f 980/2335/1894 4409/2354/1913 4449/2344/1903
f 6735/2356/1915 981/2337/1896 985/2602/2056
f 982/2341/1900 986/2352/1911 984/2343/1902
f 4308/2342/1901 1084/2339/1898 1085/2348/1907
f 4134/2347/1906 983/2346/1905 4243/2350/1909
f 986/2352/1911 988/2363/1922 4362/2353/1912
f 4409/2354/1913 989/2365/1924 4410/2355/1914
f 6735/2356/1915 985/2602/2056 990/2357/1916
f 4244/2359/1918 987/2349/1908 1085/2348/1907
f 4243/2350/1909 991/2603/2057 4310/2361/1920
f 992/2362/1921 993/2604/2058 4362/2353/1912
f 4363/2364/1923 4411/2605/2059 4410/2355/1914
f 6736/2366/1925 6734/2358/1917 990/2357/1916
f 946/2368/1927 1077/2257/1819 4370/2259/1821
f 4369/2370/1929 951/2260/1822 995/2262/1824
f 4318/2372/1931 948/2606/2060 4245/2263/1825
f 6805/2607/1932 949/2608/2061 996/2609/1933
f 950/2375/1934 952/2590/2050 6772/2269/1831
f 1094/2610/2062 1090/2611/2063 4900/2612/2064
f 4866/2613/2065 4932/2614/2066 4589/2615/2067
f 1098/2616/2068 1093/2617/2069 1096/2618/2070
f 1101/2619/2071 1095/2620/2072 1094/2610/2062
f 4673/2621/2073 4589/2622/2067 4590/2623/2074
f 1105/2624/2075 1096/2618/2070 1103/2625/2076
f 4674/2626/2077 1102/2627/2078 1101/2619/2071
f 1108/2628/2079 4590/2623/2074 1111/2629/2080
f 1103/2625/2076 4610/2630/2081 1105/2624/2075
f 4829/2631/2082 4508/2632/2083 4674/2626/2077
f 1115/2633/2084 1111/2629/2080 4498/2634/2085
f 1119/2635/2086 1110/2636/2087 1117/2637/2088
f 1121/2638/2089 1116/2639/2090 4829/2631/2082
f 4591/2640/2091 4498/2641/2085 4499/2642/2092
f 4766/2643/2093 1117/2637/2088 1123/2644/2094
f 4592/2645/2095 4694/2646/2096 1121/2638/2089
f 1128/2647/2097 4499/2642/2092 1568/2648/2098
f 1569/2649/2099 1123/2644/2094 1129/2650/2100
f 1130/2651/2101 1567/2652/2102 4592/2645/2095
f 4755/2653/2103 1568/2648/2098 4933/2654/2104
f 1134/2655/2105 1129/2650/2100 1132/2656/2106
f 1137/2657/2107 4833/2658/2108 1130/2659/2101
f 4500/2660/2109 4933/2654/2104 1140/2661/2110
f 4700/2662/2111 1132/2656/2106 1139/2663/2112
f 4501/2664/2113 4599/2665/2114 1137/2657/2107
f 1143/2666/2115 1140/2661/2110 1146/2667/2116
f 1147/2668/2117 1139/2669/2112 1145/2670/2118
f 1149/2671/2119 1144/2672/2120 4501/2664/2113
f 1146/2667/2116 4675/2673/2121 1143/2666/2115
f 1153/2674/2122 1145/2670/2118 1151/2675/2123
f 4676/2676/2124 1150/2677/2125 1149/2671/2119
f 1155/2678/2126 4662/2679/2127 1158/2680/2128
f 4608/2681/2129 1151/2675/2123 1157/2682/2130
f 4831/2683/2131 4506/2684/2132 4676/2676/2124
f 1158/2680/2128 1162/2685/2133 1155/2678/2126
f 1166/2686/2134 1157/2682/2130 1164/2687/2135
f 1168/2688/2136 1163/2689/2137 4831/2683/2131
f 1165/2690/2138 4593/2691/2139 1162/2685/2133
f 1172/2692/2140 1164/2687/2135 1170/2693/2141
f 4594/2694/2142 4692/2695/2143 1168/2688/2136
f 1175/2696/2144 4569/2697/2145 1178/2698/2146
f 4513/2699/2147 1170/2693/2141 1177/2700/2148
f 1181/2701/2149 1176/2702/2150 4594/2694/2142
f 4757/2703/2151 1178/2698/2146 4678/2704/2152
f 4698/2705/2153 1177/2700/2148 1183/2706/2154
f 1187/2707/2155 1182/2708/2156 1181/2701/2149
f 4502/2709/2157 4678/2710/2152 1190/2711/2158
f 1183/2706/2154 4699/2712/2159 4698/2705/2153
f 4503/2713/2160 4601/2714/2161 1187/2707/2155
f 1190/2711/2158 1194/2715/2162 4502/2709/2157
f 1189/2716/2163 1198/2717/2164 4699/2718/2159
f 1201/2719/2165 1195/2720/2166 4503/2713/2160
f 4679/2721/2167 4595/2722/2168 4596/2723/2169
f 1205/2724/2170 1196/2725/2171 1203/2726/2172
f 4680/2727/2173 1202/2728/2174 1201/2719/2165
f 1207/2729/2175 4596/2723/2169 1210/2730/2176
f 4604/2731/2177 1203/2726/2172 1209/2732/2178
f 4832/2733/2179 4510/2734/2180 4680/2735/2173
f 1213/2736/2181 1210/2730/2176 4504/2737/2182
f 1217/2738/2183 1209/2732/2178 1215/2739/2184
f 1219/2740/2185 1214/2741/2186 4832/2733/2179
f 4504/2737/2182 4597/2742/2187 1213/2736/2181
f 1223/2743/2188 1215/2739/2184 1221/2744/2189
f 4598/2745/2190 4690/2746/2191 1219/2740/2185
f 1225/2747/2192 4505/2748/2193 1228/2749/2194
f 4515/2750/2195 1221/2751/2189 1227/2752/2196
f 1231/2753/2197 1226/2754/2198 4598/2745/2190
f 4899/2755/2199 1228/2749/2194 4682/2756/2200
f 4867/2757/2201 1227/2752/2196 1233/2758/2202
f 4900/2612/2064 1232/2759/2203 1231/2753/2197
f 1091/2760/2204 4682/2756/2200 4932/2614/2066
f 1233/2758/2202 4605/2761/2205 4867/2757/2201
f 4695/2762/2206 6904/2763/2207 1122/2764/2208
f 4760/2765/2209 4684/2766/2210 4835/2767/2211
f 4693/2768/2212 6843/2769/2213 1169/2770/2214
f 1220/2771/2215 1562/2772/2216 4511/2773/2217
f 1131/2774/2218 1566/2775/2219 4695/2762/2206
f 4834/2776/2220 4686/2777/2221 4693/2768/2212
f 4691/2778/2222 6844/2779/2223 1220/2771/2215
f 1138/2780/2224 6848/2781/2225 1131/2774/2218
f 4762/2782/2226 6845/2783/2227 4691/2778/2222
f 4835/2767/2211 4683/2784/2228 4761/2785/2229
f 1109/2786/2230 4856/2787/2231 4760/2765/2209
f 4600/2788/2232 6903/2789/2233 1138/2790/2224
f 4759/2791/2234 6842/2792/2235 4600/2788/2232
f 4761/2785/2229 1236/2793/2236 4762/2782/2226
f 4602/2794/2237 4729/2795/2238 1188/2796/2239
f 1156/2797/2240 1556/2798/2241 4759/2791/2234
f 4763/2799/2242 4730/2800/2243 4602/2794/2237
f 4509/2801/2244 4857/2802/2245 1109/2786/2230
f 4507/2803/2246 6895/2804/2247 1156/2797/2240
f 1208/2805/2248 1561/2806/2249 4763/2799/2242
f 1188/2796/2239 1559/2807/2250 4834/2776/2220
f 1122/2808/2208 1565/2809/2251 4509/2801/2244
f 1169/2770/2214 1557/2810/2252 4507/2803/2246
f 4511/2773/2217 4688/2811/2253 1208/2812/2248
f 1554/2813/2254 1136/2814/2255 1135/2815/2256
f 1099/2816/2257 1087/2817/2258 1089/2818/2259
f 1555/2819/2260 1142/2820/2261 1554/2813/2254
f 6841/2821/2262 1148/2822/2263 1555/2823/2260
f 1160/2824/2264 1154/2825/2265 6841/2821/2262
f 6896/2826/2266 1161/2827/2267 1160/2824/2264
f 1173/2828/2268 1167/2829/2269 6896/2826/2266
f 1558/2830/2270 1174/2831/2271 1173/2828/2268
f 4687/2832/2272 1180/2833/2273 1558/2830/2270
f 1192/2834/2274 1186/2835/2275 4687/2832/2272
f 1199/2836/2276 1193/2837/2277 1192/2834/2274
f 4689/2838/2278 1200/2839/2279 1199/2840/2276
f 1560/2841/2280 1206/2842/2281 4689/2838/2278
f 6897/2843/2282 1212/2844/2283 1560/2841/2280
f 1563/2845/2284 1218/2846/2285 6897/2843/2282
f 1564/2847/2286 1224/2848/2287 1563/2849/2284
f 4685/2850/2288 1230/2851/2289 1564/2847/2286
f 1106/2852/2290 1100/2853/2291 1099/2816/2257
f 1113/2854/2292 1107/2855/2293 1106/2852/2290
f 6846/2856/2294 1114/2857/2295 1113/2858/2292
f 1126/2859/2296 1120/2860/2297 6846/2856/2294
f 6847/2861/2298 1127/2862/2299 1126/2859/2296
f 1089/2818/2259 1237/2863/2300 4685/2850/2288
f 1135/2815/2256 1570/2864/2301 6847/2861/2298
f 1171/2865/2302 4764/2866/2303 4512/2867/2304
f 4758/2868/2305 4603/2869/2306 1211/2870/2307
f 1124/2871/2308 4765/2872/2309 1125/2873/2310
f 4677/2874/2311 4512/2867/2304 1179/2875/2312
f 1216/2876/2313 1211/2870/2307 4767/2877/2314
f 4954/2878/2315 1125/2873/2310 4697/2879/2316
f 1092/2880/2317 1235/2881/2318 1088/2882/2319
f 1184/2883/2320 1179/2875/2312 1185/2884/2321
f 1222/2885/2322 4767/2877/2314 4514/2886/2323
f 1133/2887/2324 4697/2879/2316 4696/2888/2325
f 1152/2889/2326 4836/2890/2327 4607/2891/2328
f 4855/2892/2329 1185/2884/2321 1191/2893/2330
f 4661/2894/2331 1141/2895/2332 4836/2896/2327
f 1104/2897/2333 4606/2898/2334 4609/2899/2335
f 4681/2900/2336 4514/2886/2323 1229/2901/2337
f 4830/2902/2338 4696/2888/2325 1141/2903/2332
f 1097/2904/2339 1088/2882/2319 4606/2898/2334
f 4756/2905/2340 4607/2891/2328 1159/2906/2341
f 1197/2907/2342 1191/2908/2330 4837/2909/2343
f 4754/2910/2344 4609/2899/2335 1112/2911/2345
f 1234/2912/2346 1229/2901/2337 1235/2881/2318
f 4568/2913/2347 1159/2906/2341 4764/2866/2303
f 1204/2914/2348 4837/2909/2343 4603/2869/2306
f 1118/2915/2349 1112/2911/2345 4765/2872/2309
f 1215/2739/2184 1212/2844/2283 1218/2846/2285
f 1183/2916/2154 1180/2833/2273 1186/2835/2275
f 1087/2917/2258 1096/2618/2070 1093/2617/2069
f 1093/2617/2069 1237/2918/2300 1087/2917/2258
f 1129/2650/2100 1127/2862/2299 1570/2864/2301
f 1209/2732/2178 1206/2842/2281 1212/2844/2283
f 1177/2919/2148 1174/2831/2271 1180/2833/2273
f 1151/2675/2123 1148/2920/2263 1154/2921/2265
f 1120/2860/2297 1123/2644/2094 1117/2637/2088
f 1230/2922/2289 1233/2758/2202 1227/2752/2196
f 1203/2726/2172 1200/2839/2279 1206/2842/2281
f 1170/2693/2141 1167/2923/2269 1174/2924/2271
f 1157/2682/2130 1154/2921/2265 1161/2925/2267
f 1145/2926/2118 1142/2820/2261 1148/2927/2263
f 1117/2637/2088 1114/2857/2295 1120/2860/2297
f 1227/2928/2196 1224/2929/2287 1230/2930/2289
f 1193/2931/2277 1196/2725/2171 1189/2716/2163
f 1164/2687/2135 1161/2925/2267 1167/2923/2269
f 1139/2663/2112 1136/2814/2255 1142/2820/2261
f 1110/2932/2087 1107/2933/2293 1114/2934/2295
f 1218/2846/2285 1221/2744/2189 1215/2739/2184
f 1189/2935/2163 1186/2835/2275 1193/2837/2277
f 1132/2656/2106 1570/2864/2301 1136/2814/2255
f 1100/2936/2291 1103/2625/2076 1096/2618/2070
f 4611/2937/2350 4517/2938/2351 4518/2939/2352
f 4613/2940/2353 4922/2941/2354 4521/2942/2355
f 4612/2943/2356 1242/2944/2357 4922/2945/2354
f 4663/2946/2358 4519/2947/2359 4516/2948/2360
f 1241/2949/2361 4613/2940/2353 4517/2938/2351
f 1240/2950/2362 1571/2951/2363 4768/2952/2364
f 1242/2944/2357 1572/2953/2365 1573/2954/2366
f 4522/2955/2367 4955/2956/2368 4731/2957/2369
f 4516/2958/2360 1246/2959/2370 4663/2960/2358
f 4701/2961/2371 4734/2962/2372 4838/2963/2373
f 4528/2964/2374 1254/2965/2375 4839/2966/2376
f 1254/2965/2375 1262/2967/2377 1263/2968/2378
f 1253/2969/2379 1263/2970/2378 1264/2971/2380
f 1252/2972/2381 1264/2971/2380 4615/2973/2382
f 1247/2974/2383 1268/2975/2384 1248/2976/2385
f 1248/2976/2385 1256/2977/2386 4701/2978/2371
f 4523/2979/2387 4618/2980/2388 4617/2981/2389
f 4524/2982/2390 4616/2983/2391 4525/2984/2392
f 1259/2985/2393 4840/2986/2394 1250/2987/2395
f 1255/2988/2396 1260/2989/2397 4529/2990/2398
f 1270/2991/2399 1249/2978/2400 1269/2992/2401
f 1269/2993/2401 1250/2994/2395 1271/2995/2402
f 1271/2995/2402 1250/2994/2395 1272/2996/2403
f 1272/2996/2403 1250/2994/2395 1273/2997/2404
f 1274/2998/2405 1250/2999/2395 4840/3000/2394
f 1276/3001/2406 4840/3002/2394 4702/3003/2407
f 4702/3003/2407 1277/3004/2408 1276/3001/2406
f 1278/3005/2409 4702/3006/2407 1253/2969/2379
f 1279/3007/2410 1253/2969/2379 1252/2972/2381
f 4527/3008/2411 4614/3009/2412 4524/2982/2390
f 1280/3010/2413 1251/3011/2414 4570/3012/2415
f 1574/3013/2416 4617/2981/2389 4621/3014/2417
f 1248/2976/2385 1281/3015/2418 1247/2974/2383
f 1282/3016/2419 1249/2978/2400 1270/2991/2399
f 4732/3017/2420 1283/3018/2421 1284/3019/2422
f 1285/3020/2423 4732/3021/2420 1284/3022/2422
f 1286/3023/2424 4732/3021/2420 1285/3020/2423
f 1287/3024/2425 4528/2964/2374 4530/3025/2426
f 1263/2968/2378 1262/2967/2377 1287/3024/2425
f 1264/2971/2380 1263/2970/2378 1288/3026/2427
f 1288/3026/2427 4615/2973/2382 1264/2971/2380
f 4526/3027/2428 1289/3028/2429 1290/3029/2430
f 1575/3030/2431 4526/3027/2428 1290/3029/2430
f 1291/3031/2432 4526/3027/2428 1575/3030/2431
f 1292/3032/2433 4619/3033/2434 4622/3034/2435
f 1256/2977/2386 1268/2975/2384 1292/3032/2433
f 1257/3035/2436 1256/3036/2386 1293/3037/2437
f 1293/3038/2437 4734/2962/2372 1257/3039/2436
f 4734/2962/2372 1294/3040/2438 1283/3041/2421
f 1298/3042/2439 4623/3043/2440 4534/3044/2441
f 4623/3045/2440 1298/3046/2439 4705/3047/2442
f 4862/3048/2443 4860/3049/2444 4868/3050/2445
f 6871/3051/2446 4934/3052/2447 4625/3053/2448
f 4934/3054/2447 6871/3055/2446 4532/3056/2449
f 1309/3057/2450 4703/3058/2451 4536/1145/2452
f 4861/3059/2453 1297/3060/2454 4859/3061/2455
f 6942/3062/2456 1295/3063/2457 6928/3064/2458
f 6870/3065/2459 4704/3066/2460 6950/3067/2461
f 1578/3068/2462 1299/3069/2463 1576/3070/2464
f 6872/3071/2465 1310/3072/2466 4704/3066/2460
f 6929/3073/2467 1301/3074/2468 1299/3075/2463
f 1295/3063/2457 4706/3076/2469 6928/3064/2458
f 4901/3077/2470 4859/3061/2455 1297/3060/2454
f 1300/3078/2471 1323/3079/2472 4624/3080/2473
f 1313/3081/2474 1300/3078/2471 4531/3082/2475
f 4533/3083/2476 1313/3081/2474 4531/3082/2475
f 1303/3084/2477 1314/3085/2478 4533/3083/2476
f 1304/3086/2479 1315/3087/2480 1303/3084/2477
f 1304/3088/2479 1317/3089/2481 1316/3090/2482
f 4770/3091/2483 1318/3092/2484 1317/3089/2481
f 1307/3093/2485 1318/3094/2484 1306/3095/2486
f 1307/3093/2485 1320/3096/2487 1319/3097/2488
f 4535/3098/2489 1320/3096/2487 4902/3099/2490
f 1322/3100/2491 4535/3101/2489 4537/3102/2492
f 4624/3103/2473 1322/3100/2491 4537/3102/2492
f 1329/3104/2493 1330/3105/2494 1328/3106/2495
f 1326/3107/2496 4872/3108/2497 1331/3109/2498
f 4772/3110/2499 4571/3111/2500 4771/3112/2501
f 4626/3113/2502 4842/3114/2503 4841/3115/2504
f 1327/3116/2505 4871/3117/2506 4935/3118/2507
f 4626/3113/2502 4841/3115/2504 4628/3119/2508
f 4572/3120/2509 1324/3121/2510 1334/3122/2511
f 4539/3123/2512 1342/3124/2513 4538/3125/2514
f 1344/3126/2515 4540/3127/2516 1343/3128/2517
f 4809/3129/2518 1346/3130/2519 1345/3131/2520
f 4808/3132/2521 1347/3133/2522 1346/3130/2519
f 1580/3134/2523 1341/3135/2524 4874/3136/2525
f 4873/3137/2526 1580/3134/2523 4874/3136/2525
f 6905/3138/2527 4540/3127/2516 4938/3139/2528
f 4892/3140/2529 4810/3141/2530 1337/3142/2531
f 1339/3143/2532 4808/3132/2521 1338/3144/2533
f 1339/3145/2532 6906/3146/2534 1582/3147/2535
f 4811/3148/2536 6906/3146/2534 1339/3145/2532
f 4812/3149/2537 1579/3150/2538 4813/3151/2539
f 4629/3152/2540 4774/3153/2541 4773/3154/2542
f 1351/3155/2543 4630/3156/2544 1352/3157/2545
f 4876/3158/2546 4880/3159/2547 4878/3160/2548
f 4875/3161/2549 4736/3162/2550 1358/3163/2551
f 4775/3164/2552 1353/3165/2553 4881/3166/2554
f 4735/3167/2555 4875/3161/2549 4939/3168/2556
f 1350/3169/2557 4877/3170/2558 1360/3171/2559
f 4845/3172/2560 1373/3173/2561 1374/3174/2562
f 4779/3175/2563 4633/3176/2564 4631/3177/2565
f 4634/3178/2566 4636/3179/2567 4844/3180/2568
f 4632/3181/2569 1367/3182/2570 6946/3183/2571
f 4776/3184/2572 1374/3174/2562 1375/3185/2573
f 1378/3186/2574 1368/3187/2575 1585/3188/2576
f 4635/3189/2577 4903/3190/2578 1372/3191/2579
f 1361/3192/2580 1378/3193/2574 4893/3194/2581
f 4894/3195/2582 1363/3196/2583 1362/3197/2584
f 1371/3198/2585 6908/3199/2586 6952/3200/2587
f 4844/3201/2568 4843/3202/2588 1364/3203/2589
f 4777/3204/2590 4941/3205/2591 1365/3206/2592
f 4940/3207/2593 4631/3208/2565 6931/3209/2594
f 1389/3210/2595 4541/3211/2596 1588/3212/2597
f 1383/3213/2598 1386/3214/2599 4882/3215/2600
f 4926/3216/2601 1383/3213/2598 4924/3217/2602
f 4543/3218/2603 6884/3219/2604 4780/3220/2605
f 4738/3221/2606 4543/3218/2603 4780/3220/2605
f 4943/3222/2607 4925/3223/2608 6851/3224/2609
f 4737/3225/2610 4943/3222/2607 6883/3226/2611
f 1590/3227/2612 1591/3228/2613 6850/3229/2614
f 4781/3230/2615 4882/3215/2600 1386/3214/2599
f 6849/3231/2616 1593/3232/2617 1385/3233/2618
f 6886/3234/2619 1387/3235/2620 6885/3236/2621
f 1388/3237/2622 1381/3238/2623 1592/3239/2624
f 4942/3240/2625 1389/3210/2595 4944/3241/2626
f 1588/3212/2597 4541/3211/2596 4542/3242/2627
f 4737/3225/2610 6945/3243/2628 4738/3221/2606
f 6914/3244/2629 1404/3245/2630 6933/3246/2631
f 6910/3247/2632 1400/3248/2633 6912/3249/2634
f 6911/3250/2635 4791/3251/2636 4904/3252/2637
f 1408/3253/2638 4846/3254/2639 6913/3255/2640
f 1412/3256/2641 1408/3253/2638 4904/3252/2637
f 6932/3257/2642 4907/3258/2643 4638/3259/2644
f 1408/3253/2638 6911/3250/2635 4904/3252/2637
f 4664/3260/2645 1408/3253/2638 1412/3256/2641
f 1409/3261/2646 4667/3262/2647 6909/3263/2648
f 1413/3264/2649 4638/3265/2644 4782/3266/2650
f 6889/3267/2651 4712/3268/2652 6934/3269/2653
f 6920/3270/2654 4575/3271/2655 6856/3272/2656
f 6936/3273/2657 6858/3274/2658 6856/3272/2656
f 6936/3273/2657 6856/3272/2656 4575/3271/2655
f 6936/3273/2657 6911/3250/2635 6913/3255/2640
f 4576/3275/2659 1401/3276/2660 1402/3277/2661
f 6937/3278/2662 1406/3279/2663 6935/3280/2664
f 1603/3281/2665 1595/3282/2666 1399/3283/2667
f 1596/3284/2668 4820/3285/2668 6919/3286/2668
f 4896/3287/2669 4788/3288/2670 4787/3289/2671
f 4784/3290/2672 4883/3291/2673 4714/3292/2674
f 1440/3293/2675 4895/3294/2676 4887/3295/2677
f 1444/3296/2678 4883/3297/2673 1440/3298/2675
f 1438/3299/2679 4639/3300/2680 1436/3301/2681
f 4784/3290/2672 1440/3293/2675 4883/3291/2673
f 4546/3302/2682 1440/3303/2675 4545/3304/2683
f 1437/3305/2684 4639/3306/2680 6915/3307/2685
f 1441/3308/2686 4785/3309/2687 4549/3310/2688
f 6948/3311/2689 4849/3312/2690 6855/3313/2691
f 4911/3314/2692 6943/3315/2693 6939/3316/2694
f 6887/3317/2695 6916/3318/2696 4909/3319/2697
f 4909/3320/2697 6916/3321/2696 6943/3322/2693
f 4895/3294/2676 6943/3322/2693 6916/3321/2696
f 6944/3323/2698 1434/3324/2699 4906/3325/2700
f 1598/3326/2701 4789/3327/2702 1435/3328/2703
f 6917/3329/2704 6854/3330/2705 1597/3331/2706
f 4721/3332/2668 1600/3333/2668 1431/3334/2668
f 1425/3335/2707 4707/3336/2708 4641/3337/2709
f 4581/3338/2710 1429/3339/2711 4884/3340/2712
f 1438/3299/2679 4638/3259/2644 4639/3300/2680
f 4945/3341/2713 1447/3342/2714 4708/3343/2715
f 4905/3344/2716 6909/3263/2648 6918/3345/2717
f 6932/3257/2642 4849/3312/2690 6934/3269/2653
f 6909/3263/2648 1441/3308/2686 1409/3261/2646
f 4582/3346/2718 1439/3347/2719 1407/3348/2720
f 1441/3308/2686 4945/3341/2713 1409/3261/2646
f 6889/3267/2651 4849/3312/2690 6948/3311/2689
f 1412/3349/2641 1410/3350/2721 6949/3351/2722
f 4786/3352/2723 4783/3353/2724 1433/3354/2725
f 1391/3355/2726 1414/3356/2727 4707/3357/2708
f 4640/3358/2728 1444/3359/2678 4546/3360/2682
f 4665/3361/2729 1410/3362/2721 4790/3363/2730
f 1446/3364/2731 1426/3365/2732 4641/3337/2709
f 4547/3366/2733 1442/3367/2734 4815/3368/2735
f 4707/3357/2708 1390/3369/2736 1391/3355/2726
f 4815/3368/2735 4548/3370/2737 4547/3366/2733
f 4640/3371/2728 4816/3372/2738 1444/3373/2678
f 4666/3374/2739 6949/3351/2722 4665/3375/2729
f 4816/3372/2738 4815/3368/2735 1444/3373/2678
f 4581/3338/2710 1393/3376/2740 1394/3377/2741
f 4847/3378/2742 4638/3259/2644 4907/3258/2643
f 4884/3379/2712 1428/3380/2743 1445/3381/2744
f 4544/3382/2745 4639/3383/2680 4885/3384/2746
f 4886/3385/2747 4896/3287/2669 4787/3289/2671
f 6947/3386/2748 6852/3387/2749 6888/3388/2750
f 1398/3389/2751 4709/3390/2752 4711/3391/2753
f 4718/3392/2754 6938/3393/2755 4720/3394/2756
f 1395/3395/2757 4578/3396/2758 6921/3397/2759
f 1417/3398/2760 6912/3399/2634 1400/3400/2633
f 1450/3401/2761 4786/3352/2723 1433/3354/2725
f 4579/3402/2762 1392/3403/2763 1393/3404/2740
f 1445/3381/2744 1427/3405/2764 1446/3364/2731
f 1429/3406/2711 1390/3407/2736 1425/3335/2707
f 6859/3408/2765 6890/3409/2766 6857/3410/2767
f 1432/3411/2768 1606/3412/2769 1609/3413/2770
f 4555/3414/2771 4715/3415/2772 4717/3416/2773
f 1466/3417/2774 4792/3418/2775 4793/3419/2776
f 4551/3420/2777 4739/3421/2778 4550/3422/2779
f 4646/3423/2780 1474/3424/2781 4645/3425/2782
f 4794/3426/2783 1478/3427/2784 4647/3428/2785
f 4792/3429/2775 1478/3427/2784 4794/3426/2783
f 1481/3430/2786 1470/3431/2787 1469/3432/2788
f 4642/3433/2789 1476/3434/2790 1475/3435/2791
f 4645/3425/2782 1463/3436/2792 1464/3437/2793
f 1480/3438/2794 4647/3439/2785 1478/3440/2784
f 4793/3419/2776 1468/3441/2795 1466/3417/2774
f 4643/3442/2796 1471/3443/2797 4642/3444/2789
f 1474/3445/2781 4552/3446/2798 1479/3447/2799
f 4554/3448/2800 4946/3449/2801 4553/3450/2802
f 1476/3451/2790 1470/3431/2787 1482/3452/2803
f 4642/3453/2789 4716/3454/2804 1470/3431/2787
f 4648/3455/2805 1476/3451/2790 1482/3452/2803
f 4719/3456/2806 1607/3457/2807 4905/3344/2716
f 6918/3345/2717 4819/3458/2808 4817/3459/2809
f 4817/3459/2809 4905/3344/2716 6918/3345/2717
f 4910/3460/2810 1430/3461/2811 4908/3462/2812
f 4818/3463/2813 1396/3464/2814 1594/3465/2815
f 4823/3466/2816 6891/3467/2817 4889/3468/2818
f 4825/3469/2819 4740/3470/2820 4827/3471/2821
f 6861/3472/2822 1611/3473/2823 4822/3474/2824
f 4913/3475/2825 1612/3476/2826 4744/3477/2827
f 4891/3478/2828 4583/3479/2829 6927/3480/2830
f 4743/3481/2831 6873/3482/2832 6863/3483/2833
f 4584/3484/2834 1613/3485/2834 1451/3486/2834
f 6864/3487/2835 1419/3488/2835 1614/3489/2835
f 4888/3490/2836 6951/3491/2837 4585/3492/2838
f 4741/3493/2839 6865/3494/2840 1420/3495/2841
f 6862/3496/2842 4742/3497/2842 4826/3498/2842
f 4824/3499/2843 1615/3500/2843 4586/3501/2843
f 6860/3502/2843 4824/3499/2843 4586/3501/2843
f 6860/3502/2843 4586/3501/2843 4890/3503/2843
f 4912/3504/2844 1486/3505/2842 4826/3498/2842
f 6862/3496/2842 4826/3498/2842 1486/3505/2842
f 4918/3506/2843 4920/3507/2843 4915/3508/2843
f 4916/3509/2834 1624/3510/2834 4914/3511/2834
f 6922/3512/2843 4915/3508/2843 6876/3513/2843
f 6922/3512/2843 4918/3506/2843 4915/3508/2843
f 6899/3514/2845 1622/3515/2845 1489/3516/2845
f 6923/3517/2846 6874/3518/2823 6898/3519/2847
f 6875/3520/2828 1454/3521/2829 1621/3522/2830
f 4919/3523/2816 4947/3524/2817 4921/3525/2818
f 1623/3526/2836 6892/3527/2837 1458/3528/2838
f 4930/3529/2842 6878/3530/2842 6925/3531/2842
f 6924/3532/2825 4650/3533/2826 4651/3534/2827
f 4950/3535/2842 6925/3531/2842 6878/3530/2842
f 4652/3536/2848 4948/3537/2849 4929/3538/2833
f 4930/3529/2842 6925/3531/2842 1625/3539/2842
f 4949/3540/2819 6877/3541/2820 4952/3542/2821
f 6879/3543/2839 1422/3544/2840 1629/3545/2850
f 1497/3546/2851 1551/3547/2852 4669/3548/2853
f 4795/3549/2854 6869/3550/2855 4722/3551/2856
f 4931/3552/2857 1499/3553/2858 4953/3554/2859
f 4863/3555/2860 4587/3556/2861 1496/3557/2862
f 6902/3558/2863 1500/3559/2864 1631/3560/2865
f 1497/3546/2851 4668/3561/2866 4723/3562/2867
f 4795/3549/2854 1501/3563/2868 4556/3564/2869
f 1502/3565/2870 1499/3553/2858 1498/3566/2871
f 4863/3555/2860 4724/3567/2872 4588/3568/2873
f 1630/3569/2874 1500/3559/2864 1504/3570/2875
f 4723/3562/2867 4796/3571/2876 4800/3572/2877
f 4556/3573/2869 4799/3574/2878 4557/3575/2879
f 4671/3576/2880 1502/3565/2870 4558/3577/2881
f 1503/3578/2882 4725/3579/2883 4724/3567/2872
f 1504/3570/2875 4798/3580/2884 1630/3569/2874
f 1510/3581/2885 4797/3582/2886 1632/3583/2887
f 4746/3584/2888 4801/3585/2889 4653/3586/2890
f 1511/3587/2891 4672/3588/2892 4559/3589/2893
f 1512/3590/2894 4725/3579/2883 1508/3591/2895
f 1513/3592/2896 1505/3593/2897 4726/3594/2898
f 1514/3595/2899 1632/3583/2887 1633/3596/2900
f 4747/3597/2901 4653/3586/2890 4654/3598/2902
f 4802/3599/2903 1515/3600/2904 1516/3601/2905
f 4560/3602/2906 4864/3603/2907 1512/3590/2894
f 1513/3592/2896 6867/3604/2908 6866/3605/2909
f 1514/3606/2899 1634/3607/2910 1518/3608/2911
f 4850/3609/2912 4654/3598/2902 4803/3610/2913
f 1520/3611/2914 1515/3600/2904 1519/3612/2915
f 4561/3613/2916 4865/3614/2917 4560/3602/2906
f 1634/3607/2910 4562/3615/2918 1518/3608/2911
f 4803/3610/2913 4655/3616/2919 4850/3609/2912
f 1519/3612/2915 4748/3617/2920 1520/3611/2914
f 4865/3614/2917 1523/3618/2921 4804/3619/2922
f 6900/3620/2923 1524/3621/2924 4898/3622/2925
f 1636/3623/2926 4563/3624/2927 4562/3625/2918
f 1525/3626/2928 4655/3616/2919 1521/3627/2929
f 4656/3628/2930 4748/3617/2920 1522/3629/2931
f 4804/3619/2922 1527/3630/2932 1528/3631/2933
f 4897/3632/2934 1524/3621/2924 4564/3633/2935
f 4563/3624/2927 1637/3634/2936 1529/3635/2937
f 4750/3636/2938 1526/3637/2939 1525/3626/2928
f 4656/3628/2930 4851/3638/2940 4749/3639/2941
f 1527/3630/2932 4565/3640/2942 1528/3631/2933
f 4897/3632/2934 1532/3641/2943 6893/3642/2944
f 4751/3643/2945 1637/3634/2936 6894/3644/2946
f 4805/3645/2947 1534/3646/2948 1535/3647/2949
f 4566/3648/2950 4851/3638/2940 1530/3649/2951
f 1536/3650/2952 4565/3640/2942 1531/3651/2953
f 1533/3652/2954 1532/3641/2943 1537/3653/2955
f 1538/3654/2956 6894/3644/2946 1638/3655/2957
f 1539/3656/2958 1534/3646/2948 4852/3657/2959
f 4567/3658/2960 4657/3659/2961 4566/3648/2950
f 4658/3660/2962 4752/3661/2963 1536/3650/2952
f 1533/3652/2954 1541/3662/2964 6940/3663/2965
f 1638/3655/2957 4659/3664/2966 1538/3654/2956
f 1543/3665/2967 1539/3656/2958 4852/3657/2959
f 1540/3666/2968 1544/3667/2969 4806/3668/2970
f 4753/3669/2971 1545/3670/2972 4853/3671/2973
f 1541/3662/2964 1542/3672/2974 6940/3663/2965
f 6880/3673/2975 4660/3674/2976 4659/3664/2966
f 1543/3665/2967 4728/3675/2977 4727/3676/2978
f 4806/3668/2970 1548/3677/2979 1549/3678/2980
f 4853/3671/2973 4807/3679/2981 4854/3680/2982
f 1550/3681/2983 1542/3672/2974 1546/3682/2984
f 1491/3683/2985 1551/3547/2852 1552/3684/2986
f 6868/3685/2987 1495/3686/2988 6882/3687/2989
f 1492/3688/2990 4953/3689/2859 6926/3690/2991
f 1493/3691/2992 4587/3556/2861 6941/3692/2993
f 6901/3693/2994 1553/3694/2995 6902/3695/2863
f 1094/2610/2062 1095/2620/2072 1090/2611/2063
f 4866/2613/2065 1091/2760/2204 4932/2614/2066
f 1098/2616/2068 4605/2761/2205 1093/2617/2069
f 1101/2619/2071 1102/2627/2078 1095/2620/2072
f 4673/2621/2073 4866/3696/2065 4589/2622/2067
f 1105/2624/2075 1098/2616/2068 1096/2618/2070
f 4674/2626/2077 4508/2632/2083 1102/2627/2078
f 1108/2628/2079 4673/2621/2073 4590/2623/2074
f 1103/2625/2076 1110/2932/2087 4610/2630/2081
f 4829/2631/2082 1116/2639/2090 4508/2632/2083
f 1115/2633/2084 1108/2628/2079 1111/2629/2080
f 1119/2635/2086 4610/3697/2081 1110/2636/2087
f 1121/2638/2089 4694/2646/2096 1116/2639/2090
f 4591/2640/2091 1115/3698/2084 4498/2641/2085
f 4766/2643/2093 1119/2635/2086 1117/2637/2088
f 4592/2645/2095 1567/2652/2102 4694/2646/2096
f 1128/2647/2097 4591/2640/2091 4499/2642/2092
f 1569/2649/2099 4766/2643/2093 1123/2644/2094
f 1130/2651/2101 4833/3699/2108 1567/2652/2102
f 4755/2653/2103 1128/2647/2097 1568/2648/2098
f 1134/2655/2105 1569/2649/2099 1129/2650/2100
f 1137/2657/2107 4599/2665/2114 4833/2658/2108
f 4500/2660/2109 4755/2653/2103 4933/2654/2104
f 4700/2662/2111 1134/2655/2105 1132/2656/2106
f 4501/2664/2113 1144/2672/2120 4599/2665/2114
f 1143/2666/2115 4500/2660/2109 1140/2661/2110
f 1147/2668/2117 4700/3700/2111 1139/2669/2112
f 1149/2671/2119 1150/2677/2125 1144/2672/2120
f 1146/2667/2116 4662/3701/2127 4675/2673/2121
f 1153/2674/2122 1147/2668/2117 1145/2670/2118
f 4676/2676/2124 4506/2684/2132 1150/2677/2125
f 1155/2678/2126 4675/3702/2121 4662/2679/2127
f 4608/2681/2129 1153/2674/2122 1151/2675/2123
f 4831/2683/2131 1163/2689/2137 4506/2684/2132
f 1158/2680/2128 1165/2690/2138 1162/2685/2133
f 1166/2686/2134 4608/2681/2129 1157/2682/2130
f 1168/2688/2136 4692/2695/2143 1163/2689/2137
f 1165/2690/2138 4569/2697/2145 4593/2691/2139
f 1172/2692/2140 1166/2686/2134 1164/2687/2135
f 4594/2694/2142 1176/2702/2150 4692/2695/2143
f 1175/2696/2144 4593/2691/2139 4569/2697/2145
f 4513/2699/2147 1172/2692/2140 1170/2693/2141
f 1181/2701/2149 1182/2708/2156 1176/2702/2150
f 4757/2703/2151 1175/2696/2144 1178/2698/2146
f 4698/2705/2153 4513/2699/2147 1177/2700/2148
f 1187/2707/2155 4601/2714/2161 1182/2708/2156
f 4502/2709/2157 4757/3703/2151 4678/2710/2152
f 1183/2706/2154 1189/3704/2163 4699/2712/2159
f 4503/2713/2160 1195/2720/2166 4601/2714/2161
f 1190/2711/2158 4595/2722/2168 1194/2715/2162
f 1189/2716/2163 1196/2725/2171 1198/2717/2164
f 1201/2719/2165 1202/2728/2174 1195/2720/2166
f 4679/2721/2167 1194/2715/2162 4595/2722/2168
f 1205/2724/2170 1198/2717/2164 1196/2725/2171
f 4680/2727/2173 4510/3705/2180 1202/2728/2174
f 1207/2729/2175 4679/2721/2167 4596/2723/2169
f 4604/2731/2177 1205/2724/2170 1203/2726/2172
f 4832/2733/2179 1214/2741/2186 4510/2734/2180
f 1213/2736/2181 1207/2729/2175 1210/2730/2176
f 1217/2738/2183 4604/2731/2177 1209/2732/2178
f 1219/2740/2185 4690/2746/2191 1214/2741/2186
f 4504/2737/2182 4505/3706/2193 4597/2742/2187
f 1223/2743/2188 1217/2738/2183 1215/2739/2184
f 4598/2745/2190 1226/2754/2198 4690/2746/2191
f 1225/2747/2192 4597/3707/2187 4505/2748/2193
f 4515/2750/2195 1223/3708/2188 1221/2751/2189
f 1231/2753/2197 1232/2759/2203 1226/2754/2198
f 4899/2755/2199 1225/2747/2192 1228/2749/2194
f 4867/2757/2201 4515/2750/2195 1227/2752/2196
f 4900/2612/2064 1090/2611/2063 1232/2759/2203
f 1091/2760/2204 4899/2755/2199 4682/2756/2200
f 1233/2758/2202 1093/2617/2069 4605/2761/2205
f 4695/2762/2206 1566/2775/2219 6904/2763/2207
f 4760/2765/2209 4856/2787/2231 4684/2766/2210
f 4693/2768/2212 4686/2777/2221 6843/2769/2213
f 1220/2771/2215 6844/2779/2223 1562/2772/2216
f 1131/2774/2218 6848/2781/2225 1566/2775/2219
f 4834/2776/2220 1559/2807/2250 4686/2777/2221
f 4691/2778/2222 6845/2783/2227 6844/2779/2223
f 1138/2780/2224 6903/3709/2233 6848/2781/2225
f 4762/2782/2226 1236/2793/2236 6845/2783/2227
f 4835/2767/2211 4684/2766/2210 4683/2784/2228
f 1109/2786/2230 4857/2802/2245 4856/2787/2231
f 4600/2788/2232 6842/2792/2235 6903/2789/2233
f 4759/2791/2234 1556/2798/2241 6842/2792/2235
f 4761/2785/2229 4683/2784/2228 1236/2793/2236
f 4602/2794/2237 4730/2800/2243 4729/2795/2238
f 1156/2797/2240 6895/2804/2247 1556/2798/2241
f 4763/2799/2242 1561/2806/2249 4730/2800/2243
f 4509/2801/2244 1565/2809/2251 4857/2802/2245
f 4507/2803/2246 1557/2810/2252 6895/2804/2247
f 1208/2805/2248 4688/3710/2253 1561/2806/2249
f 1188/2796/2239 4729/2795/2238 1559/2807/2250
f 1122/2808/2208 6904/3711/2207 1565/2809/2251
f 1169/2770/2214 6843/2769/2213 1557/2810/2252
f 4511/2773/2217 1562/2772/2216 4688/2811/2253
f 1554/2813/2254 1142/2820/2261 1136/2814/2255
f 1099/2816/2257 1100/2853/2291 1087/2817/2258
f 1555/2819/2260 1148/2927/2263 1142/2820/2261
f 6841/2821/2262 1154/2825/2265 1148/2822/2263
f 1160/2824/2264 1161/2827/2267 1154/2825/2265
f 6896/2826/2266 1167/2829/2269 1161/2827/2267
f 1173/2828/2268 1174/2831/2271 1167/2829/2269
f 1558/2830/2270 1180/2833/2273 1174/2831/2271
f 4687/2832/2272 1186/2835/2275 1180/2833/2273
f 1192/2834/2274 1193/2837/2277 1186/2835/2275
f 1199/2836/2276 1200/3712/2279 1193/2837/2277
f 4689/2838/2278 1206/2842/2281 1200/2839/2279
f 1560/2841/2280 1212/2844/2283 1206/2842/2281
f 6897/2843/2282 1218/2846/2285 1212/2844/2283
f 1563/2845/2284 1224/2929/2287 1218/2846/2285
f 1564/2847/2286 1230/2851/2289 1224/2848/2287
f 4685/2850/2288 1237/2863/2300 1230/2851/2289
f 1106/2852/2290 1107/2855/2293 1100/2853/2291
f 1113/2854/2292 1114/3713/2295 1107/2855/2293
f 6846/2856/2294 1120/2860/2297 1114/2857/2295
f 1126/2859/2296 1127/2862/2299 1120/2860/2297
f 6847/2861/2298 1570/2864/2301 1127/2862/2299
f 1089/2818/2259 1087/2817/2258 1237/2863/2300
f 1135/2815/2256 1136/2814/2255 1570/2864/2301
f 1171/2865/2302 4568/2913/2347 4764/2866/2303
f 4758/2868/2305 1204/2914/2348 4603/2869/2306
f 1124/2871/2308 1118/2915/2349 4765/2872/2309
f 4677/2874/2311 1171/2865/2302 4512/2867/2304
f 1216/2876/2313 4758/2868/2305 1211/2870/2307
f 4954/2878/2315 1124/2871/2308 1125/2873/2310
f 1092/2880/2317 1234/2912/2346 1235/2881/2318
f 1184/2883/2320 4677/2874/2311 1179/2875/2312
f 1222/2885/2322 1216/2876/2313 4767/2877/2314
f 1133/2887/2324 4954/2878/2315 4697/2879/2316
f 1152/2889/2326 4661/3714/2331 4836/2890/2327
f 4855/2892/2329 1184/2883/2320 1185/2884/2321
f 4661/3715/2331 4830/3716/2338 1141/3717/2332
f 1104/2897/2333 1097/2904/2339 4606/2898/2334
f 4681/2900/2336 1222/2885/2322 4514/2886/2323
f 4830/2902/2338 1133/2887/2324 4696/2888/2325
f 1097/2904/2339 1092/2880/2317 1088/2882/2319
f 4756/2905/2340 1152/2889/2326 4607/2891/2328
f 1197/2907/2342 4855/3718/2329 1191/2908/2330
f 4754/2910/2344 1104/2897/2333 4609/2899/2335
f 1234/2912/2346 4681/2900/2336 1229/2901/2337
f 4568/2913/2347 4756/2905/2340 1159/2906/2341
f 1204/2914/2348 1197/2907/2342 4837/2909/2343
f 1118/2915/2349 4754/2910/2344 1112/2911/2345
f 1215/2739/2184 1209/2732/2178 1212/2844/2283
f 1183/2916/2154 1177/2919/2148 1180/2833/2273
f 1087/2917/2258 1100/2936/2291 1096/2618/2070
f 1093/2617/2069 1233/2758/2202 1237/2918/2300
f 1129/2650/2100 1123/2644/2094 1127/2862/2299
f 1209/2732/2178 1203/2726/2172 1206/2842/2281
f 1177/2919/2148 1170/3719/2141 1174/2831/2271
f 1151/2675/2123 1145/2670/2118 1148/2920/2263
f 1120/2860/2297 1127/2862/2299 1123/2644/2094
f 1230/2922/2289 1237/2918/2300 1233/2758/2202
f 1203/2726/2172 1196/2725/2171 1200/2839/2279
f 1170/2693/2141 1164/2687/2135 1167/2923/2269
f 1157/2682/2130 1151/2675/2123 1154/2921/2265
f 1145/2926/2118 1139/2663/2112 1142/2820/2261
f 1117/2637/2088 1110/2636/2087 1114/2857/2295
f 1227/2928/2196 1221/2744/2189 1224/2929/2287
f 1193/2931/2277 1200/2839/2279 1196/2725/2171
f 1164/2687/2135 1157/2682/2130 1161/2925/2267
f 1139/2663/2112 1132/2656/2106 1136/2814/2255
f 1110/2932/2087 1103/2625/2076 1107/2933/2293
f 1218/2846/2285 1224/2929/2287 1221/2744/2189
f 1189/2935/2163 1183/2916/2154 1186/2835/2275
f 1132/2656/2106 1129/2650/2100 1570/2864/2301
f 1100/2936/2291 1107/2933/2293 1103/2625/2076
f 4611/2937/2350 1241/2949/2361 4517/2938/2351
f 1241/2949/2361 4612/2937/2356 4922/2941/2354
f 1244/3720/2996 4520/3721/2997 1238/3722/2998
f 4923/2945/924 1242/2944/2357 1573/2954/2366
f 1241/2949/2361 4922/2941/2354 4613/2940/2353
f 1240/2950/2362 1239/3723/2999 1571/2951/2363
f 1242/2944/2357 4612/2943/2356 1572/2953/2365
f 4522/2955/2367 1243/3724/3000 4955/2956/2368
f 4516/2958/2360 1245/3725/3001 1246/2959/2370
f 4701/2961/2371 1256/3726/2386 1257/3039/2436
f 4701/2961/2371 1257/3039/2436 4734/2962/2372
f 4528/2964/2374 1262/2967/2377 1254/2965/2375
f 1253/2969/2379 1254/3006/2375 1263/2970/2378
f 1252/2972/2381 1253/2969/2379 1264/2971/2380
f 1247/2974/2383 4619/3033/2434 1268/2975/2384
f 1248/2976/2385 1268/2975/2384 1256/2977/2386
f 4523/2979/2387 1266/3727/3002 4618/2980/2388
f 4524/2982/2390 4614/3009/2412 4616/2983/2391
f 1259/3728/2393 4733/3729/3003 4840/3730/2394
f 1250/3731/2395 1258/3732/3004 1259/3728/2393
f 1269/2993/2401 1249/3733/2400 1250/2994/2395
f 1274/3734/2405 1273/3735/2404 1250/3736/2395
f 1275/3737/3005 1274/3738/2405 4840/3002/2394
f 1276/3001/2406 1275/3737/3005 4840/3002/2394
f 1278/3005/2409 1277/3739/2408 4702/3006/2407
f 1279/3007/2410 1278/3005/2409 1253/2969/2379
f 4527/3008/2411 4620/3740/3006 4614/3009/2412
f 1574/3013/2416 4523/2979/2387 4617/2981/2389
f 1248/2976/2385 1282/3016/2419 1281/3015/2418
f 1282/3016/2419 1248/2976/2385 1249/2978/2400
f 1258/3732/3004 4733/3729/3003 1259/3728/2393
f 4732/3017/2420 4734/3741/2372 1283/3018/2421
f 1286/3023/2424 1261/3742/3007 4732/3021/2420
f 1287/3024/2425 1262/2967/2377 4528/2964/2374
f 1288/3026/2427 4858/3743/3008 4615/2973/2382
f 4526/3027/2428 1265/3744/3009 1289/3028/2429
f 1291/3031/2432 1267/3745/3010 4526/3027/2428
f 1292/3032/2433 1268/2975/2384 4619/3033/2434
f 1293/3038/2437 1294/3040/2438 4734/2962/2372
f 4862/3746/2443 1305/3747/3011 4860/3748/2444
f 1309/3749/2450 1308/3750/3012 4703/3751/2451
f 4861/3059/2453 1577/3752/3013 1297/3060/2454
f 6942/3062/2456 1296/3753/3014 1295/3063/2457
f 6870/3065/2459 6872/3071/2465 4704/3066/2460
f 1578/3754/2462 6929/3073/2467 1299/3075/2463
f 6872/3071/2465 1311/3755/3015 1310/3072/2466
f 6929/3073/2467 1302/3756/3016 1301/3074/2468
f 1295/3063/2457 4769/3757/3017 4706/3076/2469
f 4901/3077/2470 4869/3758/3018 4859/3061/2455
f 1300/3078/2471 1312/3759/3019 1323/3079/2472
f 1313/3081/2474 1312/3759/3019 1300/3078/2471
f 4533/3083/2476 1314/3085/2478 1313/3081/2474
f 1303/3084/2477 1315/3087/2480 1314/3085/2478
f 1304/3086/2479 1316/3760/2482 1315/3087/2480
f 1304/3088/2479 4770/3091/2483 1317/3089/2481
f 4770/3091/2483 1306/3761/2486 1318/3092/2484
f 1307/3093/2485 1319/3097/2488 1318/3094/2484
f 1307/3093/2485 4902/3099/2490 1320/3096/2487
f 4535/3098/2489 1321/3762/3020 1320/3096/2487
f 1322/3100/2491 1321/3763/3020 4535/3101/2489
f 4624/3103/2473 1323/3764/2472 1322/3100/2491
f 1326/3107/2496 4870/3765/3021 4872/3108/2497
f 4772/3110/2499 4573/3766/3022 4571/3111/2500
f 4627/3767/3023 1325/3768/3024 1332/3769/3025
f 4626/3113/2502 4574/3770/3026 4842/3114/2503
f 1327/3116/2505 1333/3771/3027 4871/3117/2506
f 4937/3772/3028 1342/3773/2513 4539/3774/2512
f 6907/3775/3029 1349/3776/3030 1348/3777/3031
f 4809/3129/2518 4808/3132/2521 1346/3130/2519
f 4808/3132/2521 1582/3778/2535 1347/3133/2522
f 6907/3779/3029 1348/3780/3031 6930/3781/3032
f 6907/3775/3029 4814/3782/3033 1349/3776/3030
f 4809/3129/2518 1345/3131/2520 4936/3783/3034
f 4873/3137/2526 1336/3784/3035 1580/3134/2523
f 6905/3138/2527 1343/3128/2517 4540/3127/2516
f 4892/3140/2529 1581/3785/3036 4810/3141/2530
f 1339/3143/2532 1582/3778/2535 4808/3132/2521
f 1340/3786/3037 1584/3787/3038 1583/3788/3039
f 4812/3149/2537 1335/3789/3040 1579/3150/2538
f 1355/3790/3041 1354/3791/3042 1356/3792/3043
f 4629/3152/2540 1357/3793/3044 4774/3153/2541
f 1351/3155/2543 4879/3794/3045 4630/3156/2544
f 4875/3161/2549 4735/3167/2555 4736/3162/2550
f 4775/3164/2552 1359/3795/3046 1353/3165/2553
f 4632/3181/2569 1377/3796/3047 1367/3182/2570
f 4776/3184/2572 1375/3185/2573 4778/3797/3048
f 4635/3189/2577 1372/3191/2579 4637/3798/3049
f 4776/3184/2572 4845/3172/2560 1374/3174/2562
f 1371/3799/2585 1369/3800/3050 1370/3801/3051
f 1378/3186/2574 1585/3188/2576 4893/3802/2581
f 4894/3195/2582 6953/3803/3052 1363/3196/2583
f 6952/3804/2587 1369/3800/3050 1371/3799/2585
f 4634/3805/2566 4844/3201/2568 1364/3203/2589
f 1586/3806/3053 4777/3204/2590 1365/3206/2592
f 1366/3807/3054 1587/3808/3055 1376/3809/3056
f 4940/3207/2593 4779/3810/2563 4631/3208/2565
f 1389/3210/2595 4942/3240/2625 4541/3211/2596
f 1383/3213/2598 1589/3811/3057 1386/3214/2599
f 4926/3216/2601 1589/3811/3057 1383/3213/2598
f 4738/3221/2606 6945/3243/2628 4543/3218/2603
f 4737/3225/2610 4925/3223/2608 4943/3222/2607
f 1590/3227/2612 1384/3812/3058 1591/3228/2613
f 6849/3813/2616 1382/3814/3059 1593/3815/2617
f 6886/3234/2619 1380/3816/3060 1387/3235/2620
f 1388/3237/2622 1379/3817/3061 1381/3238/2623
f 4737/3225/2610 6883/3226/2611 6945/3243/2628
f 1408/3253/2638 6913/3255/2640 6911/3250/2635
f 4664/3260/2645 4580/3818/3062 1408/3253/2638
f 4847/3378/2742 4782/3819/2650 4638/3259/2644
f 6920/3270/2654 4577/3820/3063 4575/3271/2655
f 6936/3273/2657 4710/3821/3064 6858/3274/2658
f 6936/3273/2657 4575/3271/2655 6911/3250/2635
f 4576/3275/2659 1608/3822/3065 1401/3276/2660
f 6937/3278/2662 1403/3823/3066 1406/3279/2663
f 1603/3281/2665 1461/3824/3067 1595/3282/2666
f 1596/3284/2668 1462/3825/3068 4820/3285/2668
f 4784/3290/2672 4895/3294/2676 1440/3293/2675
f 4546/3302/2682 1444/3826/2678 1440/3303/2675
f 4544/3382/2745 6915/3827/2685 4639/3383/2680
f 4911/3314/2692 4909/3828/2697 6943/3315/2693
f 6887/3829/2695 1602/3830/3069 6916/3831/2696
f 4895/3294/2676 4784/3290/2672 6943/3322/2693
f 6944/3323/2698 1599/3832/3070 1434/3324/2699
f 1598/3326/2701 4848/3833/3071 4789/3327/2702
f 6917/3329/2704 6853/3834/3072 6854/3330/2705
f 4721/3332/2668 1604/3835/2668 1600/3333/2668
f 1425/3335/2707 1390/3407/2736 4707/3336/2708
f 4581/3338/2710 1394/3377/2741 1429/3339/2711
f 1438/3299/2679 6932/3257/2642 4638/3259/2644
f 4945/3341/2713 1443/3836/3073 1447/3342/2714
f 4905/3344/2716 4785/3309/2687 6909/3263/2648
f 6932/3257/2642 1438/3299/2679 4849/3312/2690
f 6909/3263/2648 4785/3309/2687 1441/3308/2686
f 4582/3346/2718 1448/3837/3074 1439/3347/2719
f 1441/3308/2686 1443/3836/3073 4945/3341/2713
f 6889/3267/2651 6934/3269/2653 4849/3312/2690
f 1391/3355/2726 1392/3403/2763 1414/3356/2727
f 4665/3375/2729 6949/3351/2722 1410/3350/2721
f 1444/3373/2678 4815/3368/2735 1442/3367/2734
f 1446/3364/2731 1427/3405/2764 1426/3365/2732
f 4547/3838/2733 4713/3839/3075 1442/3840/2734
f 1415/3841/3076 4664/1227/2645 1412/3842/2641
f 1415/3841/3076 1412/3842/2641 1411/3843/3077
f 1411/3844/3077 1412/3349/2641 6949/3351/2722
f 4641/3337/2709 1426/3365/2732 1425/3335/2707
f 1437/3845/2684 1436/3301/2681 4639/3300/2680
f 4581/3338/2710 4579/3846/2762 1393/3376/2740
f 1413/3847/2649 1416/3848/3078 4638/3849/2644
f 4884/3379/2712 1429/3406/2711 1428/3380/2743
f 1405/3850/3079 1404/3851/2630 6914/3852/2629
f 6947/3386/2748 1601/3853/3080 6852/3387/2749
f 1398/3854/2751 1397/3855/3081 4709/3856/2752
f 4718/3392/2754 1610/3857/3082 6938/3393/2755
f 1395/3395/2757 1605/3858/3083 4578/3396/2758
f 1418/3859/3084 1400/3248/2633 6910/3247/2632
f 1449/3860/3085 1433/3354/2725 4783/3353/2724
f 4579/3402/2762 1414/3356/2727 1392/3403/2763
f 1445/3381/2744 1428/3380/2743 1427/3405/2764
f 1429/3406/2711 1394/3861/2741 1390/3407/2736
f 4555/3414/2771 1467/3862/3086 4715/3415/2772
f 4644/3863/3087 1464/3437/2793 1463/3436/2792
f 1472/3864/3088 1469/3865/2788 1470/3866/2787
f 4551/3867/2777 4649/3868/3089 4739/3869/2778
f 1477/3870/3090 1475/3435/2791 1476/3434/2790
f 4792/3429/2775 1466/3871/2774 1478/3427/2784
f 1481/3430/2786 1482/3452/2803 1470/3431/2787
f 4645/3425/2782 1474/3424/2781 1463/3436/2792
f 1472/3864/3088 1470/3866/2787 4716/3872/2804
f 1480/3438/2794 1484/3873/3091 4647/3439/2785
f 4793/3419/2776 1473/3874/3092 1468/3441/2795
f 1474/3445/2781 4646/3875/2780 4552/3446/2798
f 1477/3876/3090 1476/3451/2790 1483/3877/3093
f 4554/3448/2800 1465/3878/3094 4946/3449/2801
f 1476/3451/2790 4642/3453/2789 1470/3431/2787
f 4642/3453/2789 1471/3879/2797 4716/3454/2804
f 4648/3455/2805 1483/3877/3093 1476/3451/2790
f 4817/3459/2809 4719/3456/2806 4905/3344/2716
f 4823/3880/2816 4821/3881/3095 6891/3882/2817
f 4825/3469/2819 1485/3883/3096 4740/3470/2820
f 1453/3884/2845 1488/3885/2845 1616/3886/2845
f 1617/3887/3097 1460/3888/3097 1421/3889/3097
f 6861/3890/2822 1618/3891/3098 1611/3892/2823
f 4913/3893/2825 4828/3894/3099 1612/3895/2826
f 4891/3478/2828 1459/3896/3100 4583/3479/2829
f 4743/3481/2831 4745/3897/3101 6873/3482/2832
f 4888/3490/2836 1452/3898/3102 6951/3491/2837
f 4741/3899/2839 1619/3900/3103 6865/3901/2840
f 6923/3902/2846 1620/3903/3104 6874/3904/2823
f 6875/3520/2828 4917/3905/3100 1454/3521/2829
f 4919/3906/2816 1456/3907/3105 4947/3908/2817
f 1623/3526/2836 1455/3909/3102 6892/3527/2837
f 1457/3910/3097 1627/3911/3097 1628/3912/3097
f 6924/3913/2825 4951/3914/3106 4650/3915/2826
f 4652/3536/2848 1424/3916/3107 4948/3537/2849
f 1423/3917/2835 4927/3918/2835 4928/3919/2835
f 4949/3540/2819 1487/3920/3108 6877/3541/2820
f 6879/3921/2839 1626/3922/3109 1422/3923/2840
f 1497/3546/2851 1552/3684/2986 1551/3547/2852
f 4795/3549/2854 1495/3924/2988 6869/3550/2855
f 4931/3552/2857 1498/3566/2871 1499/3553/2858
f 4863/3555/2860 4588/3568/2873 4587/3556/2861
f 6902/3558/2863 1553/3925/2995 1500/3559/2864
f 1497/3546/2851 4669/3548/2853 4668/3561/2866
f 4795/3549/2854 4722/3551/2856 1501/3563/2868
f 1502/3565/2870 4670/3926/3110 1499/3553/2858
f 4863/3555/2860 1503/3578/2882 4724/3567/2872
f 1630/3569/2874 1631/3560/2865 1500/3559/2864
f 4723/3562/2867 4668/3561/2866 4796/3571/2876
f 4556/3573/2869 1501/3927/2868 4799/3574/2878
f 4671/3576/2880 4670/3926/3110 1502/3565/2870
f 1503/3578/2882 1508/3591/2895 4725/3579/2883
f 1504/3570/2875 1509/3928/3111 4798/3580/2884
f 1510/3581/2885 1506/3929/3112 4797/3582/2886
f 4746/3584/2888 1507/3930/3113 4801/3585/2889
f 1511/3587/2891 4802/3599/2903 4672/3588/2892
f 1512/3590/2894 4864/3603/2907 4725/3579/2883
f 1513/3592/2896 6866/3605/2909 1505/3593/2897
f 1514/3595/2899 1510/3581/2885 1632/3583/2887
f 4747/3597/2901 4746/3584/2888 4653/3586/2890
f 4802/3599/2903 1511/3587/2891 1515/3600/2904
f 4560/3602/2906 4865/3614/2917 4864/3603/2907
f 1513/3592/2896 1517/3931/3114 6867/3604/2908
f 1514/3606/2899 1633/3932/2900 1634/3607/2910
f 4850/3609/2912 4747/3597/2901 4654/3598/2902
f 1520/3611/2914 1516/3601/2905 1515/3600/2904
f 1517/3931/3114 6900/3620/2923 6867/3604/2908
f 1634/3607/2910 1636/3933/2926 4562/3615/2918
f 4803/3610/2913 1521/3627/2929 4655/3616/2919
f 1519/3612/2915 1522/3629/2931 4748/3617/2920
f 4865/3614/2917 4561/3613/2916 1523/3618/2921
f 6900/3620/2923 1517/3931/3114 1524/3621/2924
f 1636/3623/2926 1635/3934/3115 4563/3624/2927
f 1525/3626/2928 1526/3637/2939 4655/3616/2919
f 4656/3628/2930 4749/3639/2941 4748/3617/2920
f 4804/3619/2922 1523/3618/2921 1527/3630/2932
f 4897/3632/2934 4898/3622/2925 1524/3621/2924
f 4563/3624/2927 1635/3934/3115 1637/3634/2936
f 4750/3636/2938 4805/3645/2947 1526/3637/2939
f 4656/3628/2930 1530/3649/2951 4851/3638/2940
f 1527/3630/2932 1531/3651/2953 4565/3640/2942
f 4897/3632/2934 4564/3633/2935 1532/3641/2943
f 4751/3643/2945 1529/3635/2937 1637/3634/2936
f 4805/3645/2947 4750/3636/2938 1534/3646/2948
f 4566/3648/2950 4657/3659/2961 4851/3638/2940
f 1536/3650/2952 4752/3661/2963 4565/3640/2942
f 1533/3652/2954 6893/3642/2944 1532/3641/2943
f 1538/3654/2956 4751/3643/2945 6894/3644/2946
f 1539/3656/2958 1535/3647/2949 1534/3646/2948
f 4567/3658/2960 1540/3666/2968 4657/3659/2961
f 4658/3660/2962 4753/3669/2971 4752/3661/2963
f 1533/3652/2954 1537/3653/2955 1541/3662/2964
f 1638/3655/2957 6880/3673/2975 4659/3664/2966
f 1543/3665/2967 4727/3676/2978 1539/3656/2958
f 1540/3666/2968 4567/3658/2960 1544/3667/2969
f 4753/3669/2971 4658/3660/2962 1545/3670/2972
f 1541/3662/2964 1546/3682/2984 1542/3672/2974
f 6880/3673/2975 1639/3935/3116 4660/3674/2976
f 1543/3665/2967 1547/3936/3117 4728/3675/2977
f 4806/3668/2970 1544/3667/2969 1548/3677/2979
f 4853/3671/2973 1545/3670/2972 4807/3679/2981
f 1550/3681/2983 6881/3937/3118 1542/3672/2974
f 1491/3683/2985 1490/3938/3119 1551/3547/2852
f 6868/3685/2987 6869/3939/2855 1495/3686/2988
f 1492/3688/2990 4931/3940/2857 4953/3689/2859
f 1493/3691/2992 1496/3557/2862 4587/3556/2861
f 6901/3693/2994 1494/3941/3120 1553/3694/2995
f 1647/3942/3121 1643/3943/3122 5360/3944/3123
f 5306/3945/3124 5380/3946/3125 5045/3947/3126
f 1651/3948/3127 1646/3949/3128 1649/3950/3129
f 1653/3951/3130 1648/3952/3131 1647/3942/3121
f 5125/3953/3132 5045/3947/3126 5046/3954/3133
f 1657/3955/3134 1649/3950/3129 1655/3956/3135
f 5126/3957/3136 1654/3958/3137 1653/3951/3130
f 1659/3959/3138 5046/3960/3133 1662/3961/3139
f 1655/3956/3135 5066/3962/3140 1657/3955/3134
f 5254/3963/3141 4970/3964/3142 5126/3965/3136
f 1665/3966/3143 1662/3961/3139 4956/3967/3144
f 1669/3968/3145 1661/3969/3146 1667/3970/3147
f 1671/3971/3148 1666/3972/3149 5254/3973/3141
f 5255/3974/3150 4956/3967/3144 4957/3975/3151
f 5220/3976/3152 1667/3970/3147 1673/3977/3153
f 5056/3978/3154 5307/3979/3155 1671/3971/3148
f 2097/3980/3156 4957/3975/3151 5382/3981/3157
f 2098/3982/3158 1673/3977/3153 2074/3983/3159
f 1677/3984/3160 2075/3985/3161 5056/3986/3154
f 5055/3987/3162 5382/3981/3157 5381/3988/3163
f 1681/3989/3164 2074/3983/3159 1679/3990/3165
f 1683/3991/3166 5266/3992/3167 1677/3984/3160
f 4958/3993/3168 5381/3988/3163 1686/3994/3169
f 5142/3995/3170 1679/3990/3165 1685/3996/3171
f 4959/3997/3172 5053/3998/3173 1683/3991/3166
f 1689/3999/3174 1686/4000/3169 1692/4001/3175
f 1693/4002/3176 1685/4003/3171 1691/4004/3177
f 1695/4005/3178 1690/4006/3179 4959/3997/3172
f 1692/4001/3175 5127/4007/3180 1689/3999/3174
f 1699/4008/3181 1691/4004/3177 1697/4009/3182
f 5128/4010/3183 1696/4011/3184 1695/4005/3178
f 1701/4012/3185 5114/4013/3186 1704/4014/3187
f 5064/4015/3188 1697/4009/3182 1703/4016/3189
f 5257/4017/3190 4968/4018/3191 5128/4010/3183
f 1704/4014/3187 1707/4019/3192 1701/4012/3185
f 1711/4020/3193 1703/4016/3189 1709/4021/3194
f 1713/4022/3195 1708/4023/3196 5257/4017/3190
f 1710/4024/3197 5047/4025/3198 1707/4026/3192
f 1717/4027/3199 1709/4021/3194 1715/4028/3200
f 5048/4029/3201 5137/4030/3202 1713/4022/3195
f 1719/4031/3203 5026/4032/3204 1722/4033/3205
f 4975/4034/3206 1715/4028/3200 1721/4035/3207
f 1725/4036/3208 1720/4037/3209 5048/4029/3201
f 5211/4038/3210 1722/4039/3205 5130/4040/3211
f 5139/4041/3212 1721/4035/3207 1727/4042/3213
f 1731/4043/3214 1726/4044/3215 1725/4036/3208
f 4960/4045/3216 5130/4040/3211 1734/4046/3217
f 1727/4042/3213 5140/4047/3218 5139/4041/3212
f 4961/4048/3219 5057/4049/3220 1731/4043/3214
f 1734/4046/3217 1737/4050/3221 4960/4045/3216
f 1733/4051/3222 1741/4052/3223 5140/4053/3218
f 1743/4054/3224 1738/4055/3225 4961/4048/3219
f 5131/4056/3226 5049/4057/3227 5050/4058/3228
f 1747/4059/3229 1739/4060/3230 1745/4061/3231
f 5132/4062/3232 1744/4063/3233 1743/4054/3224
f 1750/4064/3234 5050/4058/3228 1753/4065/3235
f 5060/4066/3236 1745/4067/3231 1752/4068/3237
f 5258/4069/3238 4972/4070/3239 5132/4071/3232
f 1756/4072/3240 1753/4065/3235 4962/4073/3241
f 1760/4074/3242 1752/4068/3237 1758/4075/3243
f 1762/4076/3244 1757/4077/3245 5258/4069/3238
f 4962/4073/3241 5051/4078/3246 1756/4072/3240
f 1766/4079/3247 1758/4075/3243 1764/4080/3248
f 5052/4081/3249 5135/4082/3250 1762/4076/3244
f 1769/4083/3251 4963/4084/3252 1772/4085/3253
f 4977/4086/3254 1764/4080/3248 1771/4087/3255
f 1775/4088/3256 1770/4089/3257 5052/4081/3249
f 5359/4090/3258 1772/4085/3253 5134/4091/3259
f 5308/4092/3260 1771/4087/3255 1777/4093/3261
f 5360/3944/3123 1776/4094/3262 1775/4088/3256
f 1644/4095/3263 5134/4091/3259 5380/3946/3125
f 1777/4093/3261 5061/4096/3264 5308/4092/3260
f 7024/4097/3265 2094/4098/3266 1672/4099/3267
f 5214/4100/3268 5264/4101/3269 5267/4102/3270
f 5138/4103/3271 2082/4104/3272 1714/4105/3273
f 1763/4106/3274 2088/4107/3275 4973/4108/3276
f 1678/4109/3277 6960/4110/3278 7024/4097/3265
f 5265/4111/3279 2083/4112/3280 5138/4103/3271
f 5136/4113/3281 6958/4114/3282 1763/4106/3274
f 1684/4115/3283 6961/4116/3284 1678/4109/3277
f 5216/4117/3285 6959/4118/3286 5136/4113/3281
f 5267/4102/3270 1642/4119/3287 5215/4120/3288
f 1660/4121/3289 2090/4122/3290 5214/4100/3268
f 5054/4123/3291 7022/4124/3292 1684/4125/3283
f 5213/4126/3293 6955/4127/3294 5054/4123/3291
f 5215/4120/3288 6982/4128/3295 5216/4117/3285
f 5058/4129/3296 5260/4130/3297 1732/4131/3298
f 1702/4132/3299 2079/4133/3300 5213/4126/3293
f 5217/4134/3301 6956/4135/3302 5058/4129/3296
f 4971/4136/3303 4966/4137/3304 1660/4121/3289
f 4969/4138/3305 7018/4139/3306 1702/4132/3299
f 1751/4140/3307 6957/4141/3308 5217/4134/3301
f 1732/4131/3298 5259/4142/3309 5265/4143/3279
f 1672/4144/3267 2093/4145/3310 4971/4136/3303
f 1714/4105/3273 2081/4146/3311 4969/4138/3305
f 4973/4147/3276 5261/4148/3312 1751/4149/3307
f 2077/4150/3313 1682/4151/3314 2096/4152/3315
f 2091/4153/3316 1640/4154/3317 7021/4155/3318
f 2078/4156/3319 1688/4157/3320 2077/4150/3313
f 6954/4158/3321 1694/4159/3322 2078/4160/3319
f 2080/4161/3323 1700/4162/3324 6954/4158/3321
f 7019/4163/3325 1706/4164/3326 2080/4161/3323
f 4964/4165/3327 1712/4166/3328 7019/4163/3325
f 4965/4167/3329 1718/4168/3330 4964/4165/3327
f 2084/4169/3331 1724/4170/3332 4965/4171/3329
f 2085/4172/3333 1730/4173/3334 2084/4169/3331
f 2086/4174/3335 1736/4175/3336 2085/4172/3333
f 1748/4176/3337 1742/4177/3338 2086/4174/3335
f 2087/4178/3339 1749/4179/3340 1748/4176/3337
f 5262/4180/3341 1755/4181/3342 2087/4178/3339
f 1767/4182/3343 1761/4183/3344 5262/4180/3341
f 2089/4184/3345 1768/4185/3346 1767/4186/3343
f 2095/4187/3347 1774/4188/3348 2089/4184/3345
f 5263/4189/3349 1652/4190/3350 2091/4153/3316
f 2092/4191/3351 1658/4192/3352 5263/4189/3349
f 4967/4193/3353 1664/4194/3354 2092/4195/3351
f 7023/4196/3355 1670/4197/3356 4967/4193/3353
f 2076/4198/3357 1676/4199/3358 7023/4196/3355
f 7021/4155/3318 1780/4200/3359 2095/4187/3347
f 2096/4152/3315 2099/4201/3360 2076/4198/3357
f 1716/4202/3361 5218/4203/3362 4974/4204/3363
f 5212/4205/3364 5059/4206/3365 1754/4207/3366
f 1674/4208/3367 5219/4209/3368 1675/4210/3369
f 5129/4211/3370 4974/4204/3363 1723/4212/3371
f 1759/4213/3372 1754/4207/3366 5221/4214/3373
f 2073/4215/3374 1675/4210/3369 5181/4216/3375
f 1645/4217/3376 1779/4218/3377 1641/4219/3378
f 1728/4220/3379 1723/4212/3371 1729/4221/3380
f 1765/4222/3381 5221/4214/3373 4976/4223/3382
f 1680/4224/3383 5181/4225/3375 5141/4226/3384
f 1698/4227/3385 5268/4228/3386 5063/4229/3387
f 5297/4230/3388 1729/4221/3380 1735/4231/3389
f 5113/4232/3390 1687/4233/3391 5268/4228/3386
f 1656/4234/3392 5062/4235/3393 5065/4236/3394
f 5133/4237/3395 4976/4223/3382 1773/4238/3396
f 5256/4239/3397 5141/4226/3384 1687/4233/3391
f 1650/4240/3398 1641/4219/3378 5062/4235/3393
f 5210/4241/3399 5063/4229/3387 1705/4242/3400
f 1740/4243/3401 1735/4231/3389 5269/4244/3402
f 5209/4245/3403 5065/4236/3394 1663/4246/3404
f 1778/4247/3405 1773/4238/3396 1779/4218/3377
f 5025/4248/3406 1705/4242/3400 5218/4203/3362
f 1746/4249/3407 5269/4250/3402 5059/4206/3365
f 1668/4251/3408 1663/4246/3404 5219/4209/3368
f 1758/4252/3243 1755/4181/3342 1761/4183/3344
f 1727/4253/3213 1724/4170/3332 1730/4173/3334
f 1640/4154/3317 1649/4254/3129 1646/4255/3128
f 1646/3949/3128 1780/4256/3359 1640/4257/3317
f 2074/3983/3159 1676/4199/3358 2099/4201/3360
f 1752/4258/3237 1749/4179/3340 1755/4181/3342
f 1721/4259/3207 1718/4168/3330 1724/4260/3332
f 1697/4261/3182 1694/4159/3322 1700/4162/3324
f 1670/4197/3356 1673/3977/3153 1667/3970/3147
f 1774/4262/3348 1777/4093/3261 1771/4087/3255
f 1745/4061/3231 1742/4177/3338 1749/4179/3340
f 1715/4263/3200 1712/4166/3328 1718/4168/3330
f 1703/4264/3189 1700/4162/3324 1706/4164/3326
f 1691/4265/3177 1688/4157/3320 1694/4266/3322
f 1667/3970/3147 1664/4194/3354 1670/4197/3356
f 1771/4087/3255 1768/4267/3346 1774/4262/3348
f 1736/4175/3336 1739/4060/3230 1733/4051/3222
f 1709/4268/3194 1706/4164/3326 1712/4166/3328
f 1685/3996/3171 1682/4151/3314 1688/4157/3320
f 1661/4269/3146 1658/4192/3352 1664/4270/3354
f 1761/4271/3344 1764/4080/3248 1758/4075/3243
f 1733/4051/3222 1730/4173/3334 1736/4175/3336
f 1679/3990/3165 2099/4201/3360 1682/4151/3314
f 1652/4190/3350 1655/4272/3135 1649/4254/3129
f 5067/4273/3409 5143/4274/3410 4986/4275/3411
f 4979/4276/3412 4978/4277/3413 4982/4278/3414
f 4979/4279/3412 4982/4280/3414 1787/4281/3415
f 1783/4282/3416 4983/4283/3417 1786/4284/3418
f 1782/4285/3419 4980/4286/3420 4985/4287/3421
f 1786/4284/3418 1782/4285/3419 1783/4282/3416
f 5068/4288/3422 2100/4289/3423 5270/4290/3424
f 1785/4291/3425 1789/4292/3426 5374/4293/3427
f 1787/4294/3415 1790/4295/3428 2101/4296/3429
f 4984/4297/3430 5251/4298/3431 4987/4299/3432
f 5144/4300/3433 5184/4301/3434 5271/4302/3435
f 4993/4303/3436 1799/4304/3437 5272/4305/3438
f 1799/4304/3437 1806/4306/3439 1807/4307/3440
f 1798/4308/3441 1807/4309/3440 1808/4310/3442
f 1797/4311/3443 1808/4310/3442 5070/4312/3444
f 5072/4313/3445 1812/4314/3446 1792/4315/3447
f 1792/4315/3447 1800/4316/3448 5144/4317/3433
f 4989/4318/3449 5073/4319/3450 1791/4320/3451
f 4988/4321/3452 5071/4322/3453 4990/4323/3454
f 1795/4324/3455 1803/4325/3456 5273/4326/3457
f 1794/4327/3458 1804/4328/3459 4994/4329/3460
f 1814/4330/3461 1793/4331/3462 1813/4332/3463
f 1813/4332/3463 1795/4324/3455 1815/4333/3464
f 1815/4333/3464 1795/4324/3455 1816/4334/3465
f 1816/4334/3465 5273/4326/3457 1817/4335/3466
f 1820/4336/3467 5273/4337/3457 5145/4338/3468
f 5145/4338/3468 1821/4339/3469 1820/4336/3467
f 1822/4340/3470 5145/4338/3468 1798/4341/3441
f 1823/4342/3471 1798/4308/3441 1797/4311/3443
f 4992/4343/3472 5069/4344/3473 4988/4321/3452
f 1824/4345/3474 1796/4346/3475 2102/4347/3476
f 6983/4348/3477 1791/4320/3451 5076/4349/3478
f 1792/4315/3447 1825/4350/3479 5072/4313/3445
f 1826/4351/3480 1793/4352/3462 1814/4353/3461
f 5182/4354/3481 1827/4355/3482 1828/4356/3483
f 1829/4357/3484 5182/4354/3481 1828/4356/3483
f 1830/4358/3485 5182/4354/3481 1829/4357/3484
f 1831/4359/3486 4993/4303/3436 4995/4360/3487
f 1807/4307/3440 1806/4306/3439 1831/4359/3486
f 1808/4361/3442 1807/4362/3440 1832/4363/3488
f 1832/4364/3488 5070/4312/3444 1808/4310/3442
f 1810/4365/3489 1833/4366/3490 1834/4367/3491
f 1835/4368/3492 1810/4369/3489 1834/4370/3491
f 1836/4371/3493 1810/4369/3489 1835/4368/3492
f 1837/4372/3494 5074/4373/3495 5077/4374/3496
f 1800/4316/3448 1812/4314/3446 1837/4372/3494
f 1801/4375/3497 1800/4376/3448 1838/4377/3498
f 1838/4377/3498 5184/4301/3434 1801/4375/3497
f 5184/4301/3434 1839/4378/3499 1827/4379/3482
f 5223/4380/3500 5078/4381/3501 4999/4382/3502
f 5078/4383/3501 5223/4384/3500 5148/4385/3503
f 5274/4386/3504 7052/4387/3505 5309/4388/3506
f 5146/4389/3507 1845/4390/3508 5116/4391/3509
f 1845/4392/3508 5146/4393/3507 4997/4394/3510
f 1854/4395/3511 1841/4396/3512 5001/4397/3513
f 7054/4398/3514 6964/4399/3515 7053/4400/3516
f 2105/4401/3517 5222/4402/3518 5224/4403/3519
f 6962/4404/3520 5147/4405/3521 6963/4406/3522
f 1843/4407/3523 1844/4408/3524 6984/4409/3525
f 6963/4406/3522 5115/4410/3526 1855/4411/3527
f 1842/4412/3528 1846/4413/3529 1844/4408/3524
f 5222/4402/3518 5225/4414/3530 1849/4415/3531
f 5375/4416/3532 7053/4417/3516 6964/4418/3515
f 1856/4419/3533 1857/4420/3534 1868/4421/3535
f 1858/4422/3536 5383/4423/3537 4996/4424/3538
f 4998/4425/3539 1858/4422/3536 4996/4424/3538
f 1848/4426/3540 1859/4427/3541 4998/4425/3539
f 5149/4428/3542 1860/4429/3543 1848/4426/3540
f 5226/4430/3544 1861/4431/3545 5149/4432/3542
f 1851/4433/3546 1862/4434/3547 5226/4435/3544
f 1864/4436/3548 1851/4433/3546 5310/4437/3549
f 5310/4437/3549 1865/4438/3550 1864/4436/3548
f 5000/4439/3551 1865/4438/3550 5376/4440/3552
f 5002/4441/3553 1866/4442/3554 5000/4439/3551
f 5002/4441/3553 1868/4443/3535 1867/4444/3555
f 1874/4445/3556 1875/4446/3557 1873/4447/3558
f 1871/4448/3559 5313/4449/3560 1876/4450/3561
f 5228/4451/3562 5027/4452/3563 5227/4453/3564
f 5079/4454/3565 5276/4455/3566 5275/4456/3567
f 1872/4457/3568 5312/4458/3569 5384/4459/3570
f 5079/4454/3565 5275/4456/3567 5081/4460/3571
f 5028/4461/3572 1869/4462/3573 1879/4463/3574
f 1890/4464/3575 2108/4465/3576 5230/4466/3577
f 5387/4467/3578 5316/4468/3579 7074/4469/3580
f 5231/4470/3581 1891/4471/3582 7073/4472/3583
f 1886/4473/3584 5320/4474/3585 2107/4475/3586
f 6993/4476/3587 1889/4477/3588 5315/4478/3589
f 1881/4479/3590 5386/4480/3591 1880/4481/3592
f 1883/4482/3593 6992/4483/3594 1882/4484/3595
f 6994/4485/3596 5229/4486/3597 5361/4487/3598
f 5318/4488/3599 5319/4489/3600 6995/4490/3599
f 5082/4491/3601 5234/4492/3602 5233/4493/3603
f 1896/4494/3604 5083/4495/3605 1897/4496/3606
f 5323/4497/3607 5327/4498/3608 5325/4499/3609
f 5322/4500/3610 5186/4501/3611 1903/4502/3612
f 5235/4503/3613 1898/4504/3614 5328/4505/3615
f 5185/4506/3616 5322/4500/3610 7075/4507/3617
f 1895/4508/3618 5324/4509/3619 1905/4510/3620
f 5189/4511/3621 5188/4512/3622 1920/4513/3623
f 5031/4514/3624 7055/4515/3625 5033/4516/3626
f 5329/4517/3627 1911/4518/3628 5331/4519/3629
f 5330/4520/3630 1913/4521/3631 1914/4522/3632
f 5031/4514/3624 1915/4523/3633 1917/4524/3634
f 1906/4525/3635 5329/4517/3627 7068/4526/3636
f 1907/4527/3637 2110/4528/3638 1908/4529/3639
f 6965/4530/3640 5034/4531/3641 5236/4532/3642
f 5035/4533/3643 5377/4534/3644 1909/4535/3645
f 5187/4536/3646 7056/4537/3647 1910/4538/3648
f 2119/4539/3649 5392/4540/3650 1921/4541/3651
f 1922/4542/3652 1927/4543/3653 7027/4544/3654
f 5086/4545/3655 5084/4546/3656 5389/4547/3657
f 2114/4548/3658 5086/4545/3655 5389/4547/3657
f 5334/4549/3659 7000/4550/3660 5332/4551/3661
f 7026/4552/3662 5334/4549/3659 6998/4553/3663
f 6999/4554/3664 6966/4555/3665 5333/4556/3666
f 5390/4557/3667 1922/4542/3652 7027/4544/3654
f 1926/4558/3668 2117/4559/3669 2116/4560/3670
f 2118/4561/3671 1928/4562/3672 5085/4563/3673
f 1930/4564/3674 7001/4565/3675 1929/4566/3676
f 5392/4540/3650 1931/4567/3677 5335/4568/3678
f 2119/4539/3649 1921/4541/3651 5087/4569/3679
f 6998/4553/3663 2114/4548/3658 7026/4552/3662
f 7031/4570/3680 5277/4571/3681 5278/4572/3682
f 7029/4573/3683 1939/4574/3684 5378/4575/3685
f 5379/4576/3686 5238/4577/3687 5363/4578/3688
f 1946/4579/3689 5369/4580/3690 7030/4581/3691
f 1949/4582/3692 1946/4583/3689 5363/4578/3688
f 5279/4584/3693 1942/4585/3694 5088/4586/3695
f 1946/4583/3689 5379/4576/3686 5363/4578/3688
f 5117/4587/3696 1946/4583/3689 1949/4582/3692
f 5339/4588/3697 5120/4589/3698 7028/4590/3699
f 1950/4591/3700 5088/4592/3695 7057/4593/3701
f 5093/4594/3702 2121/4595/3703 7058/4596/3704
f 5161/4597/3705 6986/4598/3706 5009/4599/3707
f 5356/4600/3708 5011/4601/3709 5009/4599/3707
f 5356/4600/3708 5009/4599/3707 6986/4598/3706
f 5356/4602/3708 5379/4603/3686 7030/4581/3691
f 6987/4604/3710 1940/4605/3711 2130/4606/3712
f 2122/4607/3713 1944/4608/3714 7059/4609/3715
f 7038/4610/3716 5355/4611/3717 1938/4612/3718
f 2120/4613/3719 7042/4614/3719 7040/4615/3719
f 7003/4616/3720 7033/4617/3721 5341/4618/3722
f 5344/4619/3723 5336/4620/3724 5158/4621/3725
f 1977/4622/3726 7002/4623/3727 5343/4624/3728
f 1981/4625/3729 5336/4620/3724 1977/4622/3726
f 7032/4626/3730 5089/4627/3731 1973/4628/3732
f 5344/4619/3723 1977/4622/3726 5336/4620/3724
f 5005/4629/3733 1977/4622/3726 5003/4630/3734
f 1974/4631/3735 5089/4627/3731 5150/4632/3736
f 5252/4633/3737 5366/4634/3738 5008/4635/3739
f 2135/4636/3740 7034/4637/3741 6971/4638/3742
f 7060/4639/3743 7070/4640/3744 7063/4641/3745
f 5349/4642/3746 7036/4643/3747 7004/4644/3748
f 7004/4644/3748 7036/4643/3747 7070/4640/3744
f 7036/4643/3747 5344/4619/3723 7070/4640/3744
f 7071/4645/3749 5367/4646/3750 5365/4647/3751
f 2123/4648/3752 1975/4649/3753 1972/4650/3754
f 7037/4651/3755 6970/4652/3756 7035/4653/3757
f 5156/4654/3719 1968/4655/3719 1967/4656/3719
f 1960/4657/3758 5152/4658/3759 5091/4659/3760
f 1936/4660/3761 5337/4661/3762 5038/4662/3763
f 5089/4627/3731 5279/4584/3693 5088/4586/3695
f 2125/4663/3764 1984/4664/3765 1952/4665/3766
f 5364/4666/3767 7028/4590/3699 7041/4667/3768
f 7058/4596/3704 7032/4626/3730 7034/4637/3741
f 7028/4590/3699 5252/4633/3737 5339/4588/3697
f 5039/4668/3769 1976/153/3770 1945/4669/3771
f 5252/4633/3737 2125/4663/3764 5339/4588/3697
f 5093/4594/3702 7034/4637/3741 2135/4636/3740
f 1949/4670/3692 1948/4671/3772 1947/4672/3773
f 1971/4673/3774 5345/4674/3775 1970/4675/3776
f 1933/4676/3777 1951/4677/3778 5152/4658/3759
f 5090/4678/3779 1981/4625/3729 5005/4629/3733
f 5118/4679/3780 1948/4680/3772 5237/4681/3781
f 1983/4682/3782 1961/4683/3783 5091/4684/3760
f 5006/4685/3784 1979/4686/3785 1978/4687/3786
f 5152/4658/3759 1932/4688/3787 1933/4676/3777
f 1978/4687/3786 5007/4689/3788 5006/4685/3784
f 5090/4678/3779 5253/4690/3789 1981/4625/3729
f 5119/4691/3790 1947/4692/3773 5118/4693/3780
f 5253/4694/3789 1978/4695/3786 1981/4696/3729
f 5038/4662/3763 1935/4697/3791 1936/4660/3761
f 5368/4698/3792 5088/4586/3695 1942/4585/3694
f 5337/4661/3762 1963/4699/3793 5004/4700/3794
f 1982/4701/3795 5089/4702/3731 5338/4703/3796
f 5342/4704/3797 7003/4705/3720 5341/4706/3722
f 5346/4707/3798 6969/4708/3799 5348/4709/3800
f 2134/4710/3801 5354/4711/3802 7039/4712/3803
f 5153/4713/3804 7062/4714/3805 5155/4715/3806
f 5241/4716/3807 6989/4717/3808 5162/4718/3809
f 1954/4719/3810 5378/4720/3685 1939/4721/3684
f 1987/4722/3811 1971/4673/3774 1970/4675/3776
f 5036/4723/3812 1934/4724/3813 1935/4725/3791
f 5004/4700/3794 1962/4726/3814 1983/4727/3782
f 1964/4728/3815 1932/4729/3787 1960/4730/3758
f 5012/4731/3816 5092/4732/3817 5010/4733/3818
f 5347/4734/3819 2136/4735/3820 2138/4736/3821
f 5018/4737/3822 5159/4738/3823 5100/4739/3824
f 2000/4740/3825 5281/4741/3826 5098/4742/3827
f 5014/4743/3828 5191/4744/3829 5013/4745/3830
f 5095/4746/3831 2007/4747/3832 5094/4748/3833
f 2013/4749/3834 2010/4750/3835 5239/4751/3836
f 5281/4752/3826 2010/4750/3835 2013/4749/3834
f 2003/4753/3837 5280/4754/3838 2004/4755/3839
f 1998/4756/3840 2007/4757/3832 1997/4758/3841
f 2012/4759/3842 5239/4760/3836 2010/4761/3835
f 5098/4742/3827 2002/4762/3843 2000/4740/3825
f 5391/4763/3844 5015/4764/3845 2011/4765/3846
f 5017/4766/3847 1997/4758/3841 5016/4767/3848
f 1999/4768/3849 5280/4769/3838 2008/4770/3850
f 1999/4768/3849 5099/4771/3851 2004/4772/3839
f 5192/4773/3852 2008/4770/3850 5280/4769/3838
f 5154/4774/3853 2128/4775/3854 5364/4666/3767
f 7041/4667/3768 7043/4776/3855 2139/4777/3856
f 5154/4774/3853 7041/4667/3768 2139/4777/3856
f 7061/4778/3857 1965/4779/3858 7005/4780/3859
f 5240/4781/3860 2140/4782/3861 2132/4783/3862
f 5166/4784/2837 2144/4785/2836 5351/4786/3863
f 5371/4787/2840 2147/4788/3864 5302/4789/3103
f 5164/4790/3865 1988/4791/2828 6972/4792/3866
f 5300/4793/3867 2142/4794/3868 2154/4795/3869
f 7049/4796/2823 2143/4797/2846 7047/4798/3104
f 6978/4799/2826 6980/4800/3870 6975/4801/3871
f 5282/4802/3872 2145/4803/3872 5285/4804/3872
f 2146/4805/3873 6976/4806/3873 1956/4807/3873
f 1994/4808/2817 7064/4809/2816 5283/4810/3095
f 5373/4811/2820 6979/4812/2819 7007/4813/3874
f 6974/4814/3875 5372/4815/3875 5370/4816/3875
f 5163/4817/3876 5165/4818/3876 5350/4819/3876
f 5163/4817/3876 5350/4819/3876 7048/4820/3876
f 2017/4821/3875 6977/4822/3875 5370/4816/3875
f 5284/4823/3876 7048/4820/3876 5350/4819/3876
f 6974/4814/3875 5370/4816/3875 6977/4822/3875
f 5124/4824/3876 7008/4825/3876 7044/4826/3876
f 5195/4827/3872 2160/4828/3872 5199/4829/3872
f 5194/4830/3876 5197/4831/3876 7044/4826/3876
f 5194/4830/3876 7044/4826/3876 7008/4825/3876
f 5121/4832/3877 5123/4833/3877 1993/4834/3877
f 7045/4835/3865 2159/4836/2828 5122/4837/3866
f 5198/4838/2823 2158/4839/2846 5242/4840/3104
f 2155/4841/2837 7020/4842/2836 2018/4843/3863
f 7009/4844/2817 7010/4845/2816 2156/4846/3878
f 5287/4847/3875 5042/4848/3875 1992/4849/3875
f 5170/4850/3867 7011/4851/3868 7012/4852/3879
f 5395/4853/3875 1992/4849/3875 5042/4848/3875
f 7013/4854/2826 5289/4855/3870 5286/4856/3871
f 5287/4847/3875 1992/4849/3875 2161/4857/3875
f 5394/4858/2840 5040/4859/3864 5168/4860/3103
f 5041/4861/2820 1957/4862/2819 1958/4863/3874
f 2173/4864/3880 5200/4865/3881 7014/4866/3882
f 5352/4867/3883 5243/4868/3884 2027/4869/3885
f 2029/4870/3886 5111/4871/3887 5179/4872/3888
f 5019/4873/3889 5303/4874/3890 2072/4875/3891
f 7017/4876/3892 5020/4877/3893 2025/4878/3894
f 7014/4866/3882 5201/4879/3895 2167/4880/3896
f 2031/4881/3897 5243/4868/3884 2032/4882/3898
f 2029/4870/3886 5244/4883/3899 2028/4884/3900
f 2033/4885/3901 2030/4886/3902 5171/4887/3903
f 7015/4888/3904 5020/4889/3893 2026/4890/3905
f 2167/4880/3896 5290/4891/3906 6990/4892/3907
f 2031/4881/3897 2168/4893/3908 5291/4894/3909
f 5101/4895/3910 5205/4896/3911 5244/4883/3899
f 5171/4887/3903 5102/4897/3912 2033/4885/3901
f 2034/4898/3913 6991/4899/3914 5172/4900/3915
f 5207/4901/3916 5290/4891/3906 2039/4902/3917
f 5105/4903/3918 5203/4904/3919 5202/4905/3920
f 5245/4906/3921 5204/4907/3922 5103/4908/3923
f 5292/4909/3924 5104/4910/3925 5173/4911/3926
f 2035/4912/3927 2042/4913/3928 2038/4914/3929
f 2170/4915/3930 2039/4902/3917 5106/4916/3931
f 5202/4917/3920 2043/4918/3932 5105/4919/3918
f 2044/4920/3933 5245/4906/3921 5021/4921/3934
f 5107/4922/3935 2041/4923/3936 5292/4909/3924
f 2042/4913/3928 5208/4924/3937 2046/4925/3938
f 2171/4926/3939 5106/4916/3931 5246/4927/3940
f 5304/4928/3941 2043/4918/3932 5206/4929/3942
f 5022/4930/3943 2044/4920/3933 5021/4921/3934
f 2049/4931/3944 5107/4922/3935 5108/4932/3945
f 2050/4933/3946 5208/4924/3937 7051/4934/3947
f 7046/4935/3948 5246/4927/3940 2052/4936/3949
f 2047/4937/3950 5305/4938/3951 5175/4939/3952
f 5293/4940/3953 2048/4941/3954 5022/4930/3943
f 2054/4942/3955 5108/4932/3945 5357/4943/3956
f 2055/4944/3957 7051/4934/3947 2051/4945/3958
f 5175/4939/3952 5305/4938/3951 2056/4946/3959
f 2055/4944/3957 2051/4945/3958 6981/4947/3960
f 2056/4946/3959 5176/4948/3961 5175/4939/3952
f 2054/4942/3955 5358/4949/3962 5294/4950/3963
f 5023/4951/3964 2058/4952/3965 5024/4953/3966
f 2057/4954/3967 5043/4955/3968 2172/4956/3969
f 2060/4957/3970 2062/4958/3971 5176/4948/3961
f 5024/4953/3966 5247/4959/3972 2063/4960/3973
f 5294/4950/3963 5295/4961/3974 2064/4962/3975
f 2065/4963/3976 6981/4947/3960 2061/4964/3977
f 5110/4965/3978 5043/4955/3968 5109/4966/3979
f 5178/4967/3980 2062/4958/3971 5177/4968/3981
f 2068/4969/3982 5247/4959/3972 2069/4970/3983
f 5248/4971/3984 5295/4961/3974 5296/4972/3985
f 5044/4973/3986 2065/4963/3976 2061/4964/3977
f 2019/4974/3987 2024/4975/3988 2173/4976/3880
f 7065/4977/3989 2071/4978/3990 5352/4979/3883
f 5180/4980/3991 5111/4871/3887 2021/4981/3992
f 7067/4982/3993 2072/4875/3891 2022/4983/3994
f 7017/4876/3892 2023/4984/3995 7016/4985/3996
f 1647/3942/3121 1648/3952/3131 1643/3943/3122
f 5306/3945/3124 1644/4095/3263 5380/3946/3125
f 1651/3948/3127 5061/4096/3264 1646/3949/3128
f 1653/3951/3130 1654/3958/3137 1648/3952/3131
f 5125/3953/3132 5306/3945/3124 5045/3947/3126
f 1657/3955/3134 1651/3948/3127 1649/3950/3129
f 5126/3957/3136 4970/4986/3142 1654/3958/3137
f 1659/3959/3138 5125/4987/3132 5046/3960/3133
f 1655/3956/3135 1661/4988/3146 5066/3962/3140
f 5254/4989/3141 1666/4990/3149 4970/4991/3142
f 1665/3966/3143 1659/3959/3138 1662/3961/3139
f 1669/3968/3145 5066/4992/3140 1661/3969/3146
f 1671/3971/3148 5307/3979/3155 1666/3972/3149
f 5255/3974/3150 1665/3966/3143 4956/3967/3144
f 5220/3976/3152 1669/3968/3145 1667/3970/3147
f 5056/3986/3154 2075/3985/3161 5307/4993/3155
f 2097/3980/3156 5255/3974/3150 4957/3975/3151
f 2098/3982/3158 5220/3976/3152 1673/3977/3153
f 1677/3984/3160 5266/3992/3167 2075/3985/3161
f 5055/3987/3162 2097/3980/3156 5382/3981/3157
f 1681/3989/3164 2098/3982/3158 2074/3983/3159
f 1683/3991/3166 5053/3998/3173 5266/3992/3167
f 4958/3993/3168 5055/3987/3162 5381/3988/3163
f 5142/3995/3170 1681/3989/3164 1679/3990/3165
f 4959/3997/3172 1690/4006/3179 5053/3998/3173
f 1689/3999/3174 4958/4994/3168 1686/4000/3169
f 1693/4002/3176 5142/4995/3170 1685/4003/3171
f 1695/4005/3178 1696/4011/3184 1690/4006/3179
f 1692/4001/3175 5114/4013/3186 5127/4007/3180
f 1699/4008/3181 1693/4002/3176 1691/4004/3177
f 5128/4010/3183 4968/4018/3191 1696/4011/3184
f 1701/4012/3185 5127/4007/3180 5114/4013/3186
f 5064/4015/3188 1699/4008/3181 1697/4009/3182
f 5257/4017/3190 1708/4023/3196 4968/4018/3191
f 1704/4014/3187 1710/4996/3197 1707/4019/3192
f 1711/4020/3193 5064/4015/3188 1703/4016/3189
f 1713/4022/3195 5137/4030/3202 1708/4023/3196
f 1710/4024/3197 5026/4032/3204 5047/4025/3198
f 1717/4027/3199 1711/4020/3193 1709/4021/3194
f 5048/4029/3201 1720/4037/3209 5137/4030/3202
f 1719/4031/3203 5047/4025/3198 5026/4032/3204
f 4975/4034/3206 1717/4027/3199 1715/4028/3200
f 1725/4036/3208 1726/4044/3215 1720/4037/3209
f 5211/4997/3210 1719/4031/3203 1722/4033/3205
f 5139/4041/3212 4975/4034/3206 1721/4035/3207
f 1731/4043/3214 5057/4049/3220 1726/4044/3215
f 4960/4045/3216 5211/4038/3210 5130/4040/3211
f 1727/4042/3213 1733/4998/3222 5140/4047/3218
f 4961/4048/3219 1738/4055/3225 5057/4049/3220
f 1734/4046/3217 5049/4057/3227 1737/4050/3221
f 1733/4051/3222 1739/4060/3230 1741/4052/3223
f 1743/4054/3224 1744/4063/3233 1738/4055/3225
f 5131/4056/3226 1737/4050/3221 5049/4057/3227
f 1747/4059/3229 1741/4052/3223 1739/4060/3230
f 5132/4062/3232 4972/4999/3239 1744/4063/3233
f 1750/4064/3234 5131/4056/3226 5050/4058/3228
f 5060/4066/3236 1747/5000/3229 1745/4067/3231
f 5258/4069/3238 1757/4077/3245 4972/4070/3239
f 1756/4072/3240 1750/4064/3234 1753/4065/3235
f 1760/4074/3242 5060/4066/3236 1752/4068/3237
f 1762/4076/3244 5135/4082/3250 1757/4077/3245
f 4962/4073/3241 4963/5001/3252 5051/4078/3246
f 1766/4079/3247 1760/4074/3242 1758/4075/3243
f 5052/4081/3249 1770/4089/3257 5135/4082/3250
f 1769/4083/3251 5051/5002/3246 4963/4084/3252
f 4977/4086/3254 1766/4079/3247 1764/4080/3248
f 1775/4088/3256 1776/4094/3262 1770/4089/3257
f 5359/4090/3258 1769/4083/3251 1772/4085/3253
f 5308/4092/3260 4977/4086/3254 1771/4087/3255
f 5360/3944/3123 1643/3943/3122 1776/4094/3262
f 1644/4095/3263 5359/4090/3258 5134/4091/3259
f 1777/4093/3261 1646/3949/3128 5061/4096/3264
f 7024/4097/3265 6960/4110/3278 2094/4098/3266
f 5214/4100/3268 2090/4122/3290 5264/4101/3269
f 5138/4103/3271 2083/4112/3280 2082/4104/3272
f 1763/4106/3274 6958/4114/3282 2088/4107/3275
f 1678/4109/3277 6961/4116/3284 6960/4110/3278
f 5265/4111/3279 5259/5003/3309 2083/4112/3280
f 5136/4113/3281 6959/4118/3286 6958/4114/3282
f 1684/4115/3283 7022/5004/3292 6961/4116/3284
f 5216/4117/3285 6982/4128/3295 6959/4118/3286
f 5267/4102/3270 5264/4101/3269 1642/4119/3287
f 1660/4121/3289 4966/4137/3304 2090/4122/3290
f 5054/4123/3291 6955/4127/3294 7022/4124/3292
f 5213/4126/3293 2079/4133/3300 6955/4127/3294
f 5215/4120/3288 1642/4119/3287 6982/4128/3295
f 5058/4129/3296 6956/4135/3302 5260/4130/3297
f 1702/4132/3299 7018/4139/3306 2079/4133/3300
f 5217/4134/3301 6957/4141/3308 6956/4135/3302
f 4971/4136/3303 2093/4145/3310 4966/4137/3304
f 4969/4138/3305 2081/4146/3311 7018/4139/3306
f 1751/4140/3307 5261/5005/3312 6957/4141/3308
f 1732/4131/3298 5260/4130/3297 5259/4142/3309
f 1672/4144/3267 2094/5006/3266 2093/4145/3310
f 1714/4105/3273 2082/4104/3272 2081/4146/3311
f 4973/5007/3276 2088/5008/3275 5261/5009/3312
f 2077/4150/3313 1688/4157/3320 1682/4151/3314
f 2091/4153/3316 1652/4190/3350 1640/4154/3317
f 2078/4156/3319 1694/4266/3322 1688/4157/3320
f 6954/4158/3321 1700/4162/3324 1694/4159/3322
f 2080/4161/3323 1706/4164/3326 1700/4162/3324
f 7019/4163/3325 1712/4166/3328 1706/4164/3326
f 4964/4165/3327 1718/4168/3330 1712/4166/3328
f 4965/4167/3329 1724/4260/3332 1718/4168/3330
f 2084/4169/3331 1730/4173/3334 1724/4170/3332
f 2085/4172/3333 1736/4175/3336 1730/4173/3334
f 2086/4174/3335 1742/4177/3338 1736/4175/3336
f 1748/4176/3337 1749/4179/3340 1742/4177/3338
f 2087/4178/3339 1755/4181/3342 1749/4179/3340
f 5262/4180/3341 1761/4183/3344 1755/4181/3342
f 1767/4182/3343 1768/5010/3346 1761/4183/3344
f 2089/4184/3345 1774/4188/3348 1768/4185/3346
f 2095/4187/3347 1780/4200/3359 1774/4188/3348
f 5263/4189/3349 1658/4192/3352 1652/4190/3350
f 2092/4191/3351 1664/4270/3354 1658/4192/3352
f 4967/4193/3353 1670/4197/3356 1664/4194/3354
f 7023/4196/3355 1676/4199/3358 1670/4197/3356
f 2076/4198/3357 2099/4201/3360 1676/4199/3358
f 7021/4155/3318 1640/4154/3317 1780/4200/3359
f 2096/4152/3315 1682/4151/3314 2099/4201/3360
f 1716/4202/3361 5025/4248/3406 5218/4203/3362
f 5212/4205/3364 1746/4249/3407 5059/4206/3365
f 1674/4208/3367 1668/4251/3408 5219/4209/3368
f 5129/4211/3370 1716/4202/3361 4974/4204/3363
f 1759/4213/3372 5212/4205/3364 1754/4207/3366
f 2073/4215/3374 1674/4208/3367 1675/4210/3369
f 1645/4217/3376 1778/4247/3405 1779/4218/3377
f 1728/4220/3379 5129/4211/3370 1723/4212/3371
f 1765/4222/3381 1759/4213/3372 5221/4214/3373
f 1680/4224/3383 2073/5011/3374 5181/4225/3375
f 1698/4227/3385 5113/4232/3390 5268/4228/3386
f 5297/4230/3388 1728/4220/3379 1729/4221/3380
f 5113/4232/3390 5256/4239/3397 1687/4233/3391
f 1656/4234/3392 1650/4240/3398 5062/4235/3393
f 5133/4237/3395 1765/4222/3381 4976/4223/3382
f 5256/4239/3397 1680/4224/3383 5141/4226/3384
f 1650/4240/3398 1645/4217/3376 1641/4219/3378
f 5210/4241/3399 1698/4227/3385 5063/4229/3387
f 1740/4243/3401 5297/4230/3388 1735/4231/3389
f 5209/4245/3403 1656/4234/3392 5065/4236/3394
f 1778/4247/3405 5133/4237/3395 1773/4238/3396
f 5025/4248/3406 5210/4241/3399 1705/4242/3400
f 1746/4249/3407 1740/5012/3401 5269/4250/3402
f 1668/4251/3408 5209/4245/3403 1663/4246/3404
f 1758/4252/3243 1752/4258/3237 1755/4181/3342
f 1727/4253/3213 1721/5013/3207 1724/4170/3332
f 1640/4154/3317 1652/4190/3350 1649/4254/3129
f 1646/3949/3128 1777/4093/3261 1780/4256/3359
f 2074/3983/3159 1673/3977/3153 1676/4199/3358
f 1752/4258/3237 1745/4061/3231 1749/4179/3340
f 1721/4259/3207 1715/4263/3200 1718/4168/3330
f 1697/4261/3182 1691/5014/3177 1694/4159/3322
f 1670/4197/3356 1676/4199/3358 1673/3977/3153
f 1774/4262/3348 1780/4256/3359 1777/4093/3261
f 1745/4061/3231 1739/4060/3230 1742/4177/3338
f 1715/4263/3200 1709/4268/3194 1712/4166/3328
f 1703/4264/3189 1697/4261/3182 1700/4162/3324
f 1691/4265/3177 1685/3996/3171 1688/4157/3320
f 1667/3970/3147 1661/3969/3146 1664/4194/3354
f 1771/4087/3255 1764/4080/3248 1768/4267/3346
f 1736/4175/3336 1742/4177/3338 1739/4060/3230
f 1709/4268/3194 1703/4264/3189 1706/4164/3326
f 1685/3996/3171 1679/3990/3165 1682/4151/3314
f 1661/4269/3146 1655/4272/3135 1658/4192/3352
f 1761/4271/3344 1768/4267/3346 1764/4080/3248
f 1733/4051/3222 1727/4253/3213 1730/4173/3334
f 1679/3990/3165 2074/3983/3159 2099/4201/3360
f 1652/4190/3350 1658/4192/3352 1655/4272/3135
f 4981/5015/3997 1787/5016/3415 2101/5017/3429
f 1783/4282/3416 5249/5018/3998 4983/4283/3417
f 5250/5019/3999 5068/4288/3422 5270/4290/3424
f 1786/4284/3418 4980/4286/3420 1782/4285/3419
f 5068/4288/3422 1781/5020/4000 2100/4289/3423
f 1785/4291/3425 1784/5021/4001 1789/4292/3426
f 1787/4281/3415 4982/4280/3414 1790/5022/3428
f 4984/4297/3430 1788/5023/4002 5251/4298/3431
f 5144/4300/3433 1800/4376/3448 1801/4375/3497
f 5144/4300/3433 1801/4375/3497 5184/4301/3434
f 4993/4303/3436 1806/4306/3439 1799/4304/3437
f 1798/5024/3441 1799/4304/3437 1807/4307/3440
f 1797/4311/3443 1798/4308/3441 1808/4310/3442
f 5072/4313/3445 5074/4373/3495 1812/4314/3446
f 1792/4315/3447 1812/4314/3446 1800/4316/3448
f 4989/4318/3449 4991/5025/4003 5073/4319/3450
f 4988/4321/3452 5069/4344/3473 5071/4322/3453
f 1803/4325/3456 5183/5026/4004 5273/4326/3457
f 1795/4324/3455 1802/5027/4005 1803/4325/3456
f 1813/4332/3463 1793/4331/3462 1795/4324/3455
f 1816/4334/3465 1795/4324/3455 5273/4326/3457
f 1818/5028/4006 1817/5029/3466 5273/5030/3457
f 1819/5031/4007 1818/5032/4006 5273/4337/3457
f 1820/4336/3467 1819/5031/4007 5273/4337/3457
f 1822/4340/3470 1821/4339/3469 5145/4338/3468
f 1823/4342/3471 1822/5033/3470 1798/4308/3441
f 4992/4343/3472 5075/5034/4008 5069/4344/3473
f 6983/4348/3477 4989/4318/3449 1791/4320/3451
f 1792/4315/3447 1826/5035/3480 1825/4350/3479
f 1826/5036/3480 1792/5037/3447 1793/5038/3462
f 1802/5027/4005 5183/5026/4004 1803/4325/3456
f 5182/4354/3481 5184/5039/3434 1827/4355/3482
f 1830/4358/3485 1805/5040/4009 5182/4354/3481
f 1831/4359/3486 1806/4306/3439 4993/4303/3436
f 1832/4364/3488 5298/5041/4010 5070/4312/3444
f 1810/4365/3489 1809/5042/4011 1833/4366/3490
f 1836/4371/3493 1811/5043/4012 1810/4369/3489
f 1837/4372/3494 1812/4314/3446 5074/4373/3495
f 1838/4377/3498 1839/4378/3499 5184/4301/3434
f 5274/5044/3504 1850/5045/4013 7052/5046/3505
f 1854/4395/3511 1853/5047/4014 1841/4396/3512
f 7054/4398/3514 2104/5048/4015 6964/4399/3515
f 2105/4401/3517 1840/5049/4016 5222/4402/3518
f 6962/4404/3520 2103/5050/4017 5147/4405/3521
f 1843/4407/3523 1842/4412/3528 1844/4408/3524
f 6963/4406/3522 5147/4405/3521 5115/4410/3526
f 1842/4412/3528 1847/5051/4018 1846/4413/3529
f 5222/4402/3518 1840/5049/4016 5225/4414/3530
f 5375/4416/3532 1852/5052/4019 7053/4417/3516
f 1856/4419/3533 5383/4423/3537 1857/4420/3534
f 1858/4422/3536 1857/4420/3534 5383/4423/3537
f 4998/4425/3539 1859/4427/3541 1858/4422/3536
f 1848/4426/3540 1860/4429/3543 1859/4427/3541
f 5149/4428/3542 1861/5053/3545 1860/4429/3543
f 5226/4430/3544 1862/5054/3547 1861/4431/3545
f 1851/4433/3546 1863/5055/4020 1862/4434/3547
f 1864/4436/3548 1863/5055/4020 1851/4433/3546
f 5310/4437/3549 5376/4440/3552 1865/4438/3550
f 5000/4439/3551 1866/4442/3554 1865/4438/3550
f 5002/4441/3553 1867/4444/3555 1866/4442/3554
f 5002/4441/3553 1856/5056/3533 1868/4443/3535
f 1871/4448/3559 5311/5057/4021 5313/4449/3560
f 5228/4451/3562 5029/5058/4022 5027/4452/3563
f 5080/5059/4023 1870/5060/4024 1877/5061/4025
f 5079/4454/3565 5030/5062/4026 5276/4455/3566
f 1872/4457/3568 1878/5063/4027 5312/4458/3569
f 5388/5064/4028 5314/5065/4029 5317/5066/4030
f 1885/5067/4031 1894/5068/4032 5320/4474/3585
f 5315/5069/3589 1889/5070/3588 1887/5071/4033
f 5229/4486/3597 6996/5072/4034 1892/5073/4035
f 1886/4473/3584 1885/5067/4031 5320/4474/3585
f 5231/5074/3581 5232/5075/4036 1891/5076/3582
f 6997/5077/4037 5320/4474/3585 1894/5068/4032
f 1880/4481/3592 5386/4480/3591 5321/5078/4038
f 5385/5079/4039 5314/5065/4029 5388/5064/4028
f 5385/5079/4039 7025/5080/4040 5314/5065/4029
f 1882/4484/3595 6992/4483/3594 1888/5081/4041
f 1883/4482/3593 2109/5082/4042 6992/4483/3594
f 6994/4485/3596 6996/5072/4034 5229/4486/3597
f 1884/5083/4043 2106/5084/4044 1893/5085/4045
f 1900/5086/4046 1899/5087/4047 1901/5088/4048
f 5082/4491/3601 1902/5089/4049 5234/4492/3602
f 1896/4494/3604 5326/5090/4050 5083/4495/3605
f 5322/4500/3610 5185/4506/3616 5186/4501/3611
f 5235/4503/3613 1904/5091/4051 1898/4504/3614
f 5330/4520/3630 1914/4522/3632 6985/5092/4052
f 5189/5093/3621 1920/5094/3623 7076/5095/4053
f 5031/4514/3624 1917/4524/3634 7055/4515/3625
f 1918/5096/4054 7077/5097/4055 2111/5098/4056
f 5329/4517/3627 5190/5099/4057 1911/4518/3628
f 2112/5100/4058 5035/5101/3643 1919/5102/4059
f 5032/5103/4060 2110/4528/3638 5362/5104/4061
f 1906/4525/3635 5190/5099/4057 5329/4517/3627
f 1907/4527/3637 1912/5105/4062 2110/4528/3638
f 1908/4529/3639 2110/4528/3638 5032/5103/4060
f 6965/4530/3640 1916/5106/4063 5034/4531/3641
f 5035/5101/3643 2112/5100/4058 5377/5107/3644
f 5187/4536/3646 2113/5108/4064 7056/4537/3647
f 2119/4539/3649 1931/4567/3677 5392/4540/3650
f 1922/4542/3652 7069/5109/4065 1927/4543/3653
f 2115/5110/4066 1927/4543/3653 7069/5109/4065
f 2114/4548/3658 7072/5111/4067 5086/4545/3655
f 7026/4552/3662 7000/4550/3660 5334/4549/3659
f 6999/4554/3664 1925/5112/4068 6966/4555/3665
f 5390/4557/3667 5393/5113/4069 1922/4542/3652
f 1926/4558/3668 1924/5114/4070 2117/4559/3669
f 2118/4561/3671 1923/5115/4071 1928/4562/3672
f 1930/5116/3674 6967/5117/4072 7001/5118/3675
f 6998/4553/3663 7072/5111/4067 2114/4548/3658
f 1946/4579/3689 7030/4581/3691 5379/4603/3686
f 5117/4587/3696 5037/5119/4073 1946/4583/3689
f 5368/5120/3792 7057/4593/3701 5088/4592/3695
f 5161/4597/3705 6988/5121/4074 6986/4598/3706
f 5356/4600/3708 5353/5122/4075 5011/4601/3709
f 5356/4602/3708 6986/5123/3706 5379/4603/3686
f 6987/4604/3710 2137/5124/4076 1940/4605/3711
f 2122/4607/3713 1941/5125/4077 1944/4608/3714
f 7038/4610/3716 2127/5126/4078 5355/4611/3717
f 2120/4613/3719 2129/5127/4079 7042/4614/3719
f 5344/4619/3723 7002/4623/3727 1977/4622/3726
f 5005/4629/3733 1981/4625/3729 1977/4622/3726
f 1982/4701/3795 5150/5128/3736 5089/4702/3731
f 7060/4639/3743 7004/4644/3748 7070/4640/3744
f 5349/4642/3746 2126/5129/4080 7036/4643/3747
f 7036/4643/3747 7002/4623/3727 5344/4619/3723
f 7071/4645/3749 2131/5130/4081 5367/4646/3750
f 2123/4648/3752 1969/5131/4082 1975/4649/3753
f 7037/4651/3755 6968/5132/4083 6970/4652/3756
f 5156/4654/3719 1996/5133/3719 1968/4655/3719
f 1960/4657/3758 1932/4688/3787 5152/4658/3759
f 1936/4660/3761 1964/4728/3815 5337/4661/3762
f 5089/4627/3731 7032/4626/3730 5279/4584/3693
f 2125/4663/3764 1980/5134/4084 1984/4664/3765
f 5364/4666/3767 5366/4634/3738 7028/4590/3699
f 7058/4596/3704 5279/4584/3693 7032/4626/3730
f 7028/4590/3699 5366/4634/3738 5252/4633/3737
f 5039/4668/3769 1985/5135/4085 1976/153/3770
f 5252/4633/3737 1980/5134/4084 2125/4663/3764
f 5093/4594/3702 7058/4596/3704 7034/4637/3741
f 1933/4676/3777 1934/4724/3813 1951/4677/3778
f 5118/4693/3780 1947/4692/3773 1948/5136/3772
f 1981/5137/3729 1978/5138/3786 1979/5139/3785
f 1983/4727/3782 1962/4726/3814 1961/5140/3783
f 5006/5141/3784 5157/5142/4086 1979/5143/3785
f 5151/5144/4087 5117/4587/3696 1949/4582/3692
f 5151/5144/4087 1949/4582/3692 5340/5145/4088
f 5340/5146/4088 1949/5147/3692 1947/5148/3773
f 5091/5149/3760 1961/5150/3783 1960/5151/3758
f 1974/4631/3735 1973/4628/3732 5089/4627/3731
f 5038/4662/3763 5036/5152/3812 1935/4697/3791
f 1950/4591/3700 1953/5153/4089 5088/4592/3695
f 5337/4661/3762 1964/4728/3815 1963/4699/3793
f 1943/5154/4090 5277/5155/3681 7031/5156/3680
f 5346/5157/3798 2124/5158/4091 6969/5159/3799
f 2134/4710/3801 2133/5160/4092 5354/4711/3802
f 5153/4713/3804 1966/5161/4093 7062/4714/3805
f 5241/4716/3807 1937/5162/4094 6989/4717/3808
f 1955/5163/4095 1939/4574/3684 7029/4573/3683
f 1986/5164/4096 1970/4675/3776 5345/4674/3775
f 5036/4723/3812 1951/4677/3778 1934/4724/3813
f 5004/4700/3794 1963/4699/3793 1962/4726/3814
f 1964/4728/3815 1936/4660/3761 1932/4729/3787
f 5018/4737/3822 2001/5165/4097 5159/4738/3823
f 5160/5166/4098 1998/4756/3840 1997/4758/3841
f 5014/4743/3828 5193/5167/4099 5191/4744/3829
f 5281/4752/3826 2000/5168/3825 2010/4750/3835
f 5097/5169/4100 1999/4768/3849 2008/4770/3850
f 1998/4756/3840 5094/5170/3833 2007/4757/3832
f 2012/4759/3842 2016/5171/4101 5239/4760/3836
f 5098/4742/3827 2006/5172/4102 2002/4762/3843
f 5192/4773/3852 5280/4769/3838 2015/5173/4103
f 5391/4763/3844 5096/5174/4104 5015/4764/3845
f 2009/5175/4105 2008/4770/3850 2014/5176/4106
f 5017/4766/3847 5160/5166/4098 1997/4758/3841
f 1999/4768/3849 2004/4772/3839 5280/4769/3838
f 1999/4768/3849 2005/5177/4107 5099/4771/3851
f 5192/4773/3852 2014/5176/4106 2008/4770/3850
f 5154/4774/3853 5364/4666/3767 7041/4667/3768
f 5166/4784/2837 6973/5178/2838 2144/4785/2836
f 5371/5179/2840 2148/5180/4108 2147/5181/3864
f 1989/5182/3877 2150/5183/3877 2149/5184/3877
f 5299/5185/4109 1995/5186/4109 5301/5187/4109
f 5164/4790/3865 2151/5188/4110 1988/4791/2828
f 5300/4793/3867 2141/5189/4111 2142/4794/3868
f 7049/5190/2823 2152/5191/4112 2143/5192/2846
f 6978/5193/2826 7050/5194/4113 6980/5195/3870
f 1994/5196/2817 7006/5197/4114 7064/5198/2816
f 5373/4811/2820 2153/5199/4115 6979/4812/2819
f 7045/4835/3865 2157/5200/4110 2159/4836/2828
f 5198/5201/2823 5196/5202/4112 2158/5203/2846
f 2155/4841/2837 1991/5204/2838 7020/4842/2836
f 7009/5205/2817 1990/5206/4114 7010/5207/2816
f 5169/5208/4109 2165/5209/4109 5167/5210/4109
f 5170/4850/3867 1959/5211/4111 7011/4851/3868
f 7013/5212/2826 2162/5213/4113 5289/5214/3870
f 2164/5215/3873 7066/5216/3873 5288/5217/3873
f 5394/5218/2840 2166/5219/4116 5040/5220/3864
f 5041/4861/2820 2163/5221/4115 1957/4862/2819
f 2173/4864/3880 2024/5222/3988 5200/4865/3881
f 5352/4867/3883 2071/5223/3990 5243/4868/3884
f 2029/4870/3886 2028/4884/3900 5111/4871/3887
f 5019/4873/3889 2030/4886/3902 5303/4874/3890
f 7017/4876/3892 2026/5224/3905 5020/4877/3893
f 7014/4866/3882 5200/4865/3881 5201/4879/3895
f 2031/4881/3897 2027/4869/3885 5243/4868/3884
f 2029/4870/3886 5101/4895/3910 5244/4883/3899
f 2033/4885/3901 5303/4874/3890 2030/4886/3902
f 7015/4888/3904 2034/4898/3913 5020/4889/3893
f 2167/4880/3896 5201/4879/3895 5290/4891/3906
f 2031/4881/3897 2032/4882/3898 2168/4893/3908
f 5101/4895/3910 2037/5225/4117 5205/4896/3911
f 5171/4887/3903 5174/5226/4118 5102/4897/3912
f 2034/4898/3913 7015/4888/3904 6991/4899/3914
f 5207/4901/3916 6990/4892/3907 5290/4891/3906
f 5105/4903/3918 2036/5227/4119 5203/4904/3919
f 5245/4906/3921 2040/5228/4120 5204/4907/3922
f 5292/4909/3924 2041/4923/3936 5104/4910/3925
f 2035/4912/3927 2169/5229/4121 2042/4913/3928
f 2170/4915/3930 5207/4901/3916 2039/4902/3917
f 5202/4917/3920 5206/4929/3942 2043/4918/3932
f 2044/4920/3933 2040/5228/4120 5245/4906/3921
f 5107/4922/3935 2045/5230/4122 2041/4923/3936
f 2042/4913/3928 2169/5229/4121 5208/4924/3937
f 2171/4926/3939 2170/4915/3930 5106/4916/3931
f 5304/4928/3941 2047/4937/3950 2043/4918/3932
f 5022/4930/3943 2048/4941/3954 2044/4920/3933
f 2049/4931/3944 2045/5230/4122 5107/4922/3935
f 2050/4933/3946 2046/4925/3938 5208/4924/3937
f 7046/4935/3948 2171/4926/3939 5246/4927/3940
f 2047/4937/3950 5304/4928/3941 5305/4938/3951
f 5293/4940/3953 2053/5231/4123 2048/4941/3954
f 2054/4942/3955 2049/4931/3944 5108/4932/3945
f 2055/4944/3957 2050/4933/3946 7051/4934/3947
f 2172/4956/3969 7046/4935/3948 2052/4936/3949
f 5293/4940/3953 5023/4951/3964 2053/5231/4123
f 2052/4936/3949 2057/4954/3967 2172/4956/3969
f 5023/4951/3964 5293/4940/3953 2058/4952/3965
f 2054/4942/3955 5357/4943/3956 5358/4949/3962
f 2059/5232/4124 2055/4944/3957 6981/4947/3960
f 2056/4946/3959 2060/4957/3970 5176/4948/3961
f 2057/4954/3967 5109/4966/3979 5043/4955/3968
f 2060/4957/3970 5177/4968/3981 2062/4958/3971
f 5024/4953/3966 2058/4952/3965 5247/4959/3972
f 5294/4950/3963 5358/4949/3962 5295/4961/3974
f 2065/4963/3976 2059/5232/4124 6981/4947/3960
f 5110/4965/3978 2066/5233/4125 5043/4955/3968
f 5178/4967/3980 2067/5234/4126 2062/4958/3971
f 2068/4969/3982 2063/4960/3973 5247/4959/3972
f 5248/4971/3984 2064/4962/3975 5295/4961/3974
f 5044/4973/3986 2070/5235/4127 2065/4963/3976
f 2019/4974/3987 2020/5236/4128 2024/4975/3988
f 7065/4977/3989 5112/5237/4129 2071/4978/3990
f 5180/4980/3991 5179/4872/3888 5111/4871/3887
f 7067/4982/3993 5019/4873/3889 2072/4875/3891
f 7017/4876/3892 2025/4878/3894 2023/4984/3995
f 2181/5238/4130 2177/5239/4131 5682/5240/4132
f 5683/5241/4133 5783/5242/4134 5479/5243/4135
f 2185/5244/4136 2180/5245/4137 2183/5246/4138
f 2187/5247/4139 2182/5248/4140 2181/5238/4130
f 5571/5249/4141 5479/5243/4135 5480/5250/4142
f 2191/5251/4143 2183/5246/4138 2189/5252/4144
f 5572/5253/4145 2188/5254/4146 2187/5247/4139
f 2194/5255/4147 5480/5250/4142 2197/5256/4148
f 2189/5257/4144 5503/5258/4149 2191/5259/4143
f 5684/5260/4150 5406/5261/4151 5572/5253/4145
f 2201/5262/4152 2197/5263/4148 5396/5264/4153
f 2205/5265/4154 2196/5266/4155 2203/5267/4156
f 2208/5268/4157 2202/5269/4158 5684/5260/4150
f 5491/5270/4159 5396/5264/4153 5397/5271/4160
f 5632/5272/4161 2203/5267/4156 2210/5273/4162
f 5492/5274/4163 5725/5275/4164 2208/5268/4157
f 2214/5276/4165 5397/5271/4160 5452/5277/4166
f 2594/5278/4167 2210/5273/4162 2579/5279/4168
f 2217/5280/4169 7133/5281/4170 5492/5274/4163
f 5621/5282/4171 5452/5277/4166 5451/5283/4172
f 2221/5284/4173 2579/5279/4168 2219/5285/4174
f 2223/5286/4175 5689/5287/4176 2217/5280/4169
f 5398/5288/4177 5451/5283/4172 2226/5289/4178
f 5590/5290/4179 2219/5285/4174 2225/5291/4180
f 5399/5292/4181 5493/5293/4182 2223/5286/4175
f 2230/5294/4183 2226/5289/4178 2233/5295/4184
f 2234/5296/4185 2225/5291/4180 2232/5297/4186
f 2236/5298/4187 2231/5299/4188 5399/5292/4181
f 2233/5300/4184 5573/5301/4189 2230/5302/4183
f 2240/5303/4190 2232/5297/4186 2238/5304/4191
f 5574/5305/4192 2237/5306/4193 2236/5298/4187
f 2242/5307/4194 5560/5308/4195 2245/5309/4196
f 5501/5310/4197 2238/5311/4191 2244/5312/4198
f 5686/5313/4199 5404/5314/4200 5574/5305/4192
f 2245/5309/4196 2248/5315/4201 2242/5307/4194
f 2252/5316/4202 2244/5312/4198 2250/5317/4203
f 2255/5318/4204 2249/5319/4205 5686/5313/4199
f 2251/5320/4206 5481/5321/4207 2248/5315/4201
f 2259/5322/4208 2250/5317/4203 2257/5323/4209
f 5482/5324/4210 5585/5325/4211 2255/5318/4204
f 2262/5326/4212 5454/5327/4213 2265/5328/4214
f 5411/5329/4215 2257/5323/4209 2264/5330/4216
f 2269/5331/4217 2263/5332/4218 5482/5324/4210
f 5623/5333/4219 2265/5334/4214 5576/5335/4220
f 5587/5336/4221 2264/5337/4216 2271/5338/4222
f 2275/5339/4223 2270/5340/4224 2269/5331/4217
f 5400/5341/4225 5576/5335/4220 2278/5342/4226
f 2271/5338/4222 5588/5343/4227 5587/5336/4221
f 5401/5344/4228 5495/5345/4229 2275/5339/4223
f 2278/5342/4226 2281/5346/4230 5400/5341/4225
f 2277/5347/4231 2285/5348/4232 5588/5343/4227
f 2288/5349/4233 2282/5350/4234 5401/5344/4228
f 5577/5351/4235 5483/5352/4236 5484/5353/4237
f 2292/5354/4238 2283/5355/4239 2290/5356/4240
f 5578/5357/4241 2289/5358/4242 2288/5349/4233
f 2294/5359/4243 5484/5353/4237 2297/5360/4244
f 5498/5361/4245 2290/5356/4240 2296/5362/4246
f 5687/5363/4247 5408/5364/4248 5578/5357/4241
f 2301/5365/4249 2297/5360/4244 5402/5366/4250
f 2305/5367/4251 2296/5362/4246 2303/5368/4252
f 2307/5369/4253 2302/5370/4254 5687/5363/4247
f 5402/5371/4250 5485/5372/4255 2301/5373/4249
f 2311/5374/4256 2303/5368/4252 2309/5375/4257
f 5486/5376/4258 5583/5377/4259 2307/5369/4253
f 2313/5378/4260 5403/5379/4261 2316/5380/4262
f 5413/5381/4263 2309/5375/4257 2315/5382/4264
f 2319/5383/4265 2314/5384/4266 5486/5376/4258
f 5766/5385/4267 2316/5380/4262 5580/5386/4268
f 5488/5387/4269 2315/5388/4264 2321/5389/4270
f 5682/5240/4132 2320/5390/4271 2319/5383/4265
f 2178/5391/4272 5580/5386/4268 5783/5242/4134
f 2321/5389/4270 5487/5392/4273 5488/5387/4269
f 2215/5393/4274 2590/5394/4275 2209/5395/4276
f 5626/5396/4277 5582/5397/4278 5690/5398/4279
f 5586/5399/4280 5670/5400/4281 2256/5401/4282
f 2308/5402/4283 2588/5403/4284 5409/5404/4285
f 2218/5405/4286 2216/5406/4287 2215/5393/4274
f 5688/5407/4288 5671/5408/4289 5586/5399/4280
f 5584/5409/4290 2587/5410/4291 2308/5402/4283
f 2224/5411/4292 7156/5412/4293 2218/5405/4286
f 5628/5413/4294 7099/5414/4295 5584/5409/4290
f 5690/5398/4279 2176/5415/4296 5627/5416/4297
f 2195/5417/4298 5721/5418/4299 5626/5419/4277
f 5494/5420/4300 7104/5421/4301 2224/5422/4292
f 5625/5423/4302 7105/5424/4303 5494/5420/4300
f 5627/5416/4297 7100/5425/4304 5628/5413/4294
f 5496/5426/4305 7107/5427/4306 2276/5428/4307
f 2243/5429/4308 7153/5430/4309 5625/5423/4302
f 5629/5431/4310 7106/5432/4311 5496/5426/4305
f 5407/5433/4312 5561/5434/4313 2195/5417/4298
f 5405/5435/4314 7127/5436/4315 2243/5429/4308
f 2295/5437/4316 7154/5438/4317 5629/5431/4310
f 2276/5428/4307 2584/5439/4318 5688/5407/4288
f 2209/5395/4276 2206/5440/4319 5407/5433/4312
f 2256/5401/4282 5776/5441/4320 5405/5435/4314
f 5409/5404/4285 7128/5442/4321 2295/5437/4316
f 2228/5443/4322 2222/5444/4323 2592/5445/4324
f 2580/5446/4325 2174/5447/4326 5581/5448/4327
f 2581/5449/4328 2229/5450/4329 2228/5451/4322
f 2582/5452/4330 2235/5453/4331 2581/5449/4328
f 2583/5454/4332 2241/5455/4333 2582/5452/4330
f 2253/5456/4334 2247/5457/4335 2583/5454/4332
f 2260/5458/4336 2254/5459/4337 2253/5456/4334
f 2267/5460/4338 2261/5461/4339 2260/5458/4336
f 7098/5462/4340 2268/5463/4341 2267/5460/4338
f 2585/5464/4342 2274/5465/4343 7098/5462/4340
f 2286/5466/4344 2280/5467/4345 2585/5468/4342
f 2586/5469/4346 2287/5470/4347 2286/5466/4344
f 2299/5471/4348 2293/5472/4349 2586/5469/4346
f 5490/5473/4350 2300/5474/4351 2299/5471/4348
f 5489/5475/4352 2306/5476/4353 5490/5477/4350
f 2589/5478/4354 2312/5479/4355 5489/5475/4352
f 2591/5480/4356 2318/5481/4357 2589/5478/4354
f 2192/5482/4358 2186/5483/4359 2580/5446/4325
f 2199/5484/4360 2193/5485/4361 2192/5486/4358
f 5562/5487/4362 2200/5488/4363 2199/5484/4360
f 7163/5489/4364 2207/5490/4365 5562/5487/4362
f 7155/5491/4366 2213/5492/4367 7163/5489/4364
f 5581/5448/4327 2324/5493/4368 2591/5480/4356
f 2592/5445/4324 2593/5494/4369 7155/5491/4366
f 2258/5495/4370 5630/5496/4371 5410/5497/4372
f 5624/5498/4373 5497/5499/4374 2298/5500/4375
f 2211/5501/4376 5631/5502/4377 2212/5503/4378
f 5575/5504/4379 5410/5497/4372 2266/5505/4380
f 2304/5506/4381 2298/5500/4375 5633/5507/4382
f 2578/5508/4383 2212/5503/4378 5616/5509/4384
f 2179/5510/4385 2323/5511/4386 2175/5512/4387
f 2272/5513/4388 2266/5505/4380 2273/5514/4389
f 2310/5515/4390 5633/5507/4382 5412/5516/4391
f 2220/5517/4392 5616/5509/4384 5589/5518/4393
f 2239/5519/4394 5691/5520/4395 5500/5521/4396
f 5720/5522/4397 2273/5514/4389 2279/5523/4398
f 5559/5524/4399 2227/5525/4400 5691/5526/4395
f 2190/5527/4401 5499/5528/4402 5502/5529/4403
f 5579/5530/4404 5412/5516/4391 2317/5531/4405
f 5685/5532/4406 5589/5518/4393 2227/5525/4400
f 2184/5533/4407 2175/5512/4387 5499/5528/4402
f 5622/5534/4408 5500/5521/4396 2246/5535/4409
f 2284/5536/4410 2279/5523/4398 5692/5537/4411
f 5620/5538/4412 5502/5529/4403 2198/5539/4413
f 2322/5540/4414 2317/5531/4405 2323/5511/4386
f 5453/5541/4415 2246/5535/4409 5630/5496/4371
f 2291/5542/4416 5692/5537/4411 5497/5499/4374
f 2204/5543/4417 2198/5544/4413 5631/5502/4377
f 2303/5368/4252 2300/5474/4351 2306/5545/4353
f 2271/5546/4222 2268/5463/4341 2274/5465/4343
f 2174/5447/4326 2183/5246/4138 2180/5245/4137
f 2180/5245/4137 2324/5493/4368 2174/5447/4326
f 2579/5547/4168 2213/5492/4367 2593/5494/4369
f 2296/5362/4246 2293/5472/4349 2300/5474/4351
f 2264/5330/4216 2261/5461/4339 2268/5463/4341
f 2238/5311/4191 2235/5453/4331 2241/5455/4333
f 2207/5490/4365 2210/5548/4162 2203/5549/4156
f 2318/5481/4357 2321/5389/4270 2315/5388/4264
f 2290/5356/4240 2287/5470/4347 2293/5472/4349
f 2257/5323/4209 2254/5459/4337 2261/5461/4339
f 2244/5312/4198 2241/5455/4333 2247/5457/4335
f 2232/5550/4186 2229/5450/4329 2235/5453/4331
f 2203/5549/4156 2200/5488/4363 2207/5490/4365
f 2315/5388/4264 2312/5479/4355 2318/5481/4357
f 2280/5467/4345 2283/5355/4239 2277/5347/4231
f 2250/5317/4203 2247/5457/4335 2254/5459/4337
f 2225/5551/4180 2222/5444/4323 2229/5552/4329
f 2196/5553/4155 2193/5485/4361 2200/5488/4363
f 2306/5545/4353 2309/5375/4257 2303/5368/4252
f 2277/5347/4231 2274/5554/4343 2280/5467/4345
f 2219/5555/4174 2593/5494/4369 2222/5444/4323
f 2186/5483/4359 2189/5252/4144 2183/5246/4138
f 5693/5556/4418 5421/5557/4419 5635/5558/4420
f 5455/5559/4421 5414/5560/4422 5416/5561/4423
f 2330/5562/4424 5694/5563/4425 5417/5564/4426
f 5504/5565/4427 5419/5566/4428 5420/5567/4429
f 5415/5568/4430 5421/5557/4419 5693/5556/4418
f 5634/5569/4431 2596/5570/4432 5636/5571/4433
f 7178/5572/4434 2328/5573/4435 2333/5574/4436
f 2595/5575/4437 5418/5576/4438 2334/5577/4439
f 5419/5566/4428 7134/5578/4440 5422/5579/4441
f 5591/5580/4442 5514/5581/4443 5695/5582/4444
f 5429/5583/4445 2342/5584/4446 5697/5585/4447
f 2342/5584/4446 2350/5586/4448 2351/5587/4449
f 2341/5588/4450 2351/5587/4449 2352/5589/4451
f 2340/5590/4452 2352/5589/4451 5507/5591/4453
f 5509/5592/4454 2356/5593/4455 2336/5594/4456
f 2336/5594/4456 2344/5595/4457 5591/5580/4442
f 2339/5596/4458 5510/5597/4459 2335/5598/4460
f 5423/5599/4461 5508/5600/4462 5425/5601/4463
f 2347/5602/4464 5698/5603/4465 5696/5604/4466
f 2343/5605/4467 2348/5606/4468 5430/5607/4469
f 2358/5608/4470 2337/5580/4471 2357/5609/4472
f 2357/5610/4472 5696/5611/4466 2359/5612/4473
f 2359/5612/4473 5696/5611/4466 2360/5613/4474
f 2360/5613/4474 5696/5611/4466 2361/5614/4475
f 2362/5615/4476 5696/5604/4466 5698/5603/4465
f 2364/5616/4477 5698/5585/4465 5592/5584/4478
f 5592/5584/4478 2365/5617/4479 2364/5616/4477
f 2366/5618/4480 5592/5584/4478 2341/5588/4450
f 2367/5619/4481 2341/5588/4450 2340/5590/4452
f 5427/5620/4482 5506/5621/4483 5423/5599/4461
f 2369/5622/4484 2335/5598/4460 5513/5623/4485
f 2336/5594/4456 2370/5624/4486 5509/5592/4454
f 2371/5625/4487 2337/5580/4471 2358/5608/4470
f 5517/5626/4488 2372/5627/4489 2373/5628/4490
f 2374/5629/4491 5517/5626/4488 2373/5628/4490
f 2375/5630/4492 5637/5631/4493 2374/5629/4491
f 2376/5632/4494 5429/5583/4445 5431/5633/4495
f 2351/5587/4449 2350/5586/4448 2376/5632/4494
f 2352/5589/4451 2351/5587/4449 2377/5634/4496
f 2377/5634/4496 5507/5591/4453 2352/5589/4451
f 2354/5635/4497 2378/5636/4498 2379/5637/4499
f 2597/5638/4500 2354/5635/4497 2379/5637/4499
f 2380/5639/4501 2354/5635/4497 2597/5638/4500
f 2381/5640/4502 5511/5641/4503 5518/5642/4504
f 2344/5595/4457 2356/5593/4455 2381/5640/4502
f 2345/5643/4505 2344/5595/4457 2382/5644/4506
f 2382/5644/4506 5514/5581/4443 2345/5643/4505
f 5517/5626/4488 2383/5645/4507 2372/5627/4489
f 5699/5646/4508 5523/5647/4509 5438/5648/4510
f 5523/5649/4509 5699/5650/4508 5593/5651/4511
f 5723/5652/4512 5639/5653/4513 5641/5654/4514
f 5459/5655/4515 5784/5656/4516 5525/5657/4517
f 5784/5658/4516 5459/5659/4515 5436/5660/4518
f 5432/5661/4519 5520/5662/4520 5433/5663/4521
f 7078/5664/4522 5640/5665/4523 7157/5666/4524
f 7164/5667/4525 2384/5668/4526 5700/5669/4527
f 5457/5670/4528 2386/5671/4529 2385/5672/4530
f 2387/5673/4531 2388/5674/4532 2599/5675/4533
f 5458/5676/4534 2400/5677/4535 2386/5671/4529
f 2387/5673/4531 2391/5678/4536 2389/5679/4537
f 2384/5668/4526 2394/5680/4538 5700/5669/4527
f 5521/5681/4539 5640/5665/4523 5519/5682/4540
f 2390/5683/4541 2413/5684/4542 5524/5685/4543
f 2403/5686/4544 2390/5683/4541 5435/5687/4545
f 5437/5688/4546 2403/5689/4544 5435/5690/4545
f 2393/5691/4547 2404/5692/4548 5437/5693/4546
f 5594/5694/4549 2405/5695/4550 2393/5691/4547
f 5594/5694/4549 2407/5696/4551 2406/5697/4552
f 5673/5698/4553 2408/5699/4554 2407/5696/4551
f 2409/5700/4555 2396/5701/4556 2397/5702/4557
f 2397/5703/4557 2410/5704/4558 2409/5705/4555
f 2399/5706/4559 2410/5707/4558 5522/5708/4560
f 2412/5709/4561 2399/5706/4559 5434/5710/4562
f 5524/5685/4543 2412/5709/4561 5434/5710/4562
f 2419/5711/4563 2420/5712/4564 2418/5713/4565
f 2416/5714/4566 5728/5715/4567 2421/5716/4568
f 5644/5717/4569 5460/5718/4570 5643/5719/4571
f 5526/5720/4572 5702/5721/4573 5701/5722/4574
f 2417/5723/4575 5727/5724/4576 5785/5725/4577
f 5526/5720/4572 5701/5722/4574 5528/5726/4578
f 5461/5727/4579 2414/5728/4580 2424/5729/4581
f 2602/5730/4582 7175/5731/4583 2441/5732/4584
f 5645/5733/4585 5648/5734/4586 2431/5735/4587
f 5531/5736/4588 5703/5737/4589 5651/5738/4590
f 5530/5739/4591 5532/5740/4592 2436/5741/4593
f 2430/5742/4594 5654/5743/4595 5646/5744/4596
f 5535/5745/4597 5533/5746/4598 5529/5747/4599
f 2425/5748/4600 5654/5743/4595 2429/5749/4601
f 5649/5750/4602 5647/5751/4603 7176/5752/4604
f 5650/5753/4605 2437/5754/4606 5652/5755/4607
f 2427/5756/4608 5535/5757/4597 5529/5758/4599
f 5537/5759/4609 5656/5760/4610 5655/5761/4611
f 2443/5762/4612 5538/5763/4613 2444/5764/4614
f 5730/5765/4615 5734/5766/4616 5732/5767/4617
f 5729/5768/4618 5618/5769/4619 2450/5770/4620
f 5657/5771/4621 2445/5772/4622 5735/5773/4623
f 5617/5774/4624 5729/5768/4618 7180/5775/4625
f 2442/5776/4626 5731/5777/4627 2452/5778/4628
f 2606/5779/4629 2463/5780/4630 2464/5781/4631
f 7130/5782/4632 2460/5783/4633 5788/5784/4634
f 5706/5785/4635 2465/5786/4636 5778/5787/4637
f 2605/5788/4638 2461/5789/4639 2462/5790/4640
f 2453/5791/4641 7129/5792/4642 2454/5793/4643
f 5787/5794/4644 2455/5795/4645 2454/5796/4643
f 7111/5797/4646 5704/5798/4647 5786/5799/4648
f 5706/5800/4635 2457/5801/4649 5705/5802/4650
f 5465/5803/4651 7081/5804/4652 7158/5805/4653
f 7135/5806/4654 7182/5807/4655 7086/5808/4656
f 2471/5809/4657 7102/5810/4658 5736/5811/4659
f 2475/5812/4660 2471/5809/4657 7177/5813/4661
f 7087/5814/4662 7114/5815/4663 5738/5816/4664
f 2610/5817/4665 7087/5814/4662 5738/5816/4664
f 5539/5818/4666 7144/5819/4667 7085/5820/4668
f 7101/5821/4669 5539/5818/4666 5541/5822/4670
f 7145/5823/4671 7083/5824/4672 7084/5825/4673
f 5737/5826/4674 5736/5811/4659 7102/5810/4658
f 2473/5827/4675 5540/5828/4676 2612/5829/4677
f 7116/5830/4678 2476/5831/4679 7115/5832/4680
f 2477/5833/4681 2469/5834/4682 2613/5835/4683
f 7182/5807/4655 2478/5836/4684 2474/5837/4685
f 7135/5806/4654 7086/5808/4656 7088/5838/4686
f 5541/5822/4670 2610/5817/4665 7101/5821/4669
f 7119/5839/4687 5769/5840/4688 7132/5841/4689
f 7118/5842/4690 2491/5843/4691 5780/5844/4692
f 5779/5845/4693 5664/5846/4694 5768/5847/4695
f 2498/5848/4696 5707/5849/4697 7120/5850/4698
f 2502/5851/4699 2498/5848/4696 5768/5847/4695
f 7131/5852/4700 2494/5853/4701 5544/5854/4702
f 2498/5848/4696 5779/5845/4693 5768/5847/4695
f 5563/5855/4703 2498/5848/4696 2502/5851/4699
f 7172/5856/4704 5566/5857/4705 7117/5858/4706
f 2503/5859/4707 5544/5860/4702 5658/5861/4708
f 7169/5862/4709 7141/5863/4710 7167/5864/4711
f 7165/5865/4712 7138/5866/4713 5595/5867/4714
f 5764/5868/4715 5597/5869/4716 5595/5867/4714
f 5764/5868/4715 5595/5867/4714 7138/5866/4713
f 5764/5868/4715 5779/5845/4693 7120/5850/4698
f 2487/5870/4717 2492/5871/4718 2615/5872/4719
f 5765/5873/4720 2496/5874/4721 7168/5875/4722
f 2616/5876/4723 2614/5877/4724 2622/5878/4725
f 7139/5879/4726 7146/5880/4726 7137/5881/4726
f 5471/5882/4727 5542/5883/4728 5748/5884/4729
f 7093/5885/4730 5739/5886/4731 5603/5887/4732
f 2531/5888/4733 5470/5889/4734 5468/5890/4735
f 2535/5891/4736 5739/5886/4731 2531/5888/4733
f 5543/5892/4737 5545/5893/4738 2527/5894/4739
f 7093/5885/4730 2531/5888/4733 5739/5886/4731
f 5441/5895/4740 2531/5888/4733 5440/5896/4741
f 2528/5897/4742 5545/5898/4738 5599/5899/4743
f 2532/5900/4744 7089/5901/4745 5444/5902/4746
f 5750/5903/4747 5743/5904/4748 7092/5905/4749
f 5659/5906/4750 5740/5907/4751 5662/5908/4752
f 5752/5909/4753 5745/5910/4754 5790/5911/4755
f 5790/5911/4755 5745/5910/4754 5740/5907/4751
f 5470/5889/4734 5740/5907/4751 5745/5910/4754
f 5741/5912/4756 2525/5913/4757 7122/5914/4758
f 2620/5915/4759 2529/5916/4760 2526/5917/4761
f 5744/5918/4762 7091/5919/4763 5742/5920/4764
f 5611/5921/4726 2522/5922/4726 2621/5923/4726
f 2515/5924/4765 5601/5925/4766 5547/5926/4767
f 5474/5927/4768 2519/5928/4769 5746/5929/4770
f 5543/5892/4737 5544/5854/4702 5545/5893/4738
f 7173/5930/4771 2538/5931/4772 2505/5932/4773
f 7121/5933/4774 7117/5858/4706 7136/5934/4775
f 7167/5864/4711 5543/5892/4737 5743/5904/4748
f 7117/5858/4706 2532/5900/4744 7172/5856/4704
f 5475/5935/4776 2530/5936/4777 2497/5937/4778
f 2532/5900/4744 7173/5930/4771 7172/5856/4704
f 7167/5864/4711 5750/5903/4747 7169/5862/4709
f 2502/5938/4699 2500/5939/4779 2499/5940/4780
f 7090/5941/4781 7094/5942/4782 2524/5943/4783
f 2480/5944/4784 2504/5945/4785 5601/5925/4766
f 5546/5946/4786 2535/5891/4736 5441/5895/4740
f 5564/5947/4787 2500/5948/4779 5663/5949/4788
f 2537/5950/4789 2516/5951/4790 5547/5926/4767
f 5442/5952/4791 2533/5953/4792 5676/5954/4793
f 5601/5925/4766 2479/5955/4794 2480/5944/4784
f 5676/5954/4793 5443/5956/4795 5442/5952/4791
f 5546/5957/4786 5677/5958/4796 2535/5959/4736
f 5565/5960/4797 2499/5940/4780 5564/5961/4787
f 5677/5958/4796 5676/5962/4793 2535/5959/4736
f 5474/5927/4768 2482/5963/4798 2483/5964/4799
f 5708/5965/4800 5544/5854/4702 2494/5853/4701
f 5746/5929/4770 2518/5966/4801 2536/5967/4802
f 5439/5968/4803 5545/5969/4738 5747/5970/4804
f 5469/5971/4805 5471/5882/4727 5748/5884/4729
f 5749/5972/4806 5781/5973/4807 5751/5974/4808
f 2490/5972/4809 5675/5975/4810 7140/5976/4811
f 5608/5977/4812 5661/5978/4813 5610/5979/4814
f 7159/5980/4815 7148/5981/4816 7166/5982/4817
f 2507/5983/4818 5780/5844/4692 2491/5843/4691
f 2541/5984/4819 7090/5941/4781 2524/5943/4783
f 5472/5985/4820 2481/5986/4821 2482/5963/4798
f 2536/5967/4802 2517/5987/4822 2537/5950/4789
f 2483/5964/4799 2515/5924/4765 2519/5928/4769
f 5598/5988/4823 7170/5989/4824 5596/5990/4825
f 2523/5991/4826 2551/5992/4827 2617/5993/4828
f 5450/5994/4829 5604/5995/4830 5606/5996/4831
f 2556/5997/4832 2559/5998/4833 5665/5999/4834
f 5446/6000/4835 5619/6001/4836 5445/6002/4837
f 5549/6003/4838 2563/6004/4839 5548/6005/4840
f 5710/6006/4841 2566/6007/4842 5552/6008/4843
f 5710/6006/4841 2556/5997/4832 2566/6007/4842
f 2554/6009/4844 2563/6004/4839 2553/6010/4845
f 2568/6011/4846 5552/6012/4843 2566/6013/4842
f 5665/5999/4834 2558/6014/4847 2556/5997/4832
f 5792/6015/4848 5447/6016/4849 2567/6017/4850
f 5449/6018/4851 2553/6019/4845 5448/6020/4852
f 2555/6021/4853 2570/6022/4854 2564/6023/4855
f 2555/6021/4853 5605/6024/4856 5709/6025/4857
f 5553/6026/4858 2564/6023/4855 2570/6022/4854
f 5609/6027/4859 2627/6028/4860 7121/5933/4774
f 7136/5934/4775 7147/6029/4861 7160/6030/4862
f 5609/6027/4859 7136/5934/4775 7160/6030/4862
f 5660/6031/4863 2520/6032/4864 5791/6033/4865
f 2484/6034/4866 2485/6035/4867 2488/6036/4868
f 5680/6037/4869 7123/6038/4870 5761/6039/4871
f 5667/6040/4872 7124/6041/4873 5753/6042/4874
f 7096/6043/4875 2629/6044/4876 5679/6045/4877
f 5756/6046/4878 2630/6047/4879 5774/6048/4880
f 5763/6049/4881 7161/6050/4882 7150/6051/4883
f 5773/6052/4884 7183/6053/4885 5771/6054/4886
f 2543/6055/4887 5759/6056/4887 2542/6057/4887
f 5772/6058/4888 2509/6059/4888 7097/6060/4888
f 5760/6061/4889 7162/6062/4890 5757/6063/4891
f 5669/6064/4892 2632/6065/4893 2510/6066/4894
f 5681/6067/4895 2633/6068/4896 5758/6069/4895
f 5666/6070/4897 5770/6071/4897 5668/6072/4898
f 7095/6073/4895 5681/6067/4895 5758/6069/4895
f 5666/6070/4897 2573/6074/4897 5770/6071/4897
f 7095/6073/4895 5758/6069/4895 5762/6075/4899
f 2573/6074/4897 2638/6076/4900 5770/6071/4897
f 5555/6077/4901 5558/6078/4901 7152/6079/4901
f 5713/6080/4902 5570/6081/4895 5711/6082/4895
f 5556/6083/4895 5711/6082/4895 5570/6081/4895
f 5556/6083/4895 5570/6081/4895 7125/6084/4895
f 5714/6085/4875 7103/6086/4903 5568/6087/4877
f 5712/6088/4904 2545/6089/4882 2639/6090/4905
f 2548/6091/4869 2641/6092/4870 2640/6093/4871
f 7126/6094/4889 2642/6095/4906 5557/6096/4907
f 5615/6097/4908 2644/6098/4897 7143/6099/4897
f 5719/6100/4897 5478/6101/4897 7143/6099/4897
f 2643/6102/4878 5724/6103/4879 5716/6104/4909
f 5715/6105/4884 2646/6106/4885 5717/6107/4886
f 5719/6100/4897 7143/6099/4897 2644/6098/4897
f 7142/6108/4872 5476/6109/4910 5613/6110/4874
f 5477/6111/4892 2512/6112/4911 2513/6113/4894
f 2181/5238/4130 2182/5248/4140 2177/5239/4131
f 5683/5241/4133 2178/5391/4272 5783/5242/4134
f 2185/5244/4136 5487/5392/4273 2180/5245/4137
f 2187/5247/4139 2188/5254/4146 2182/5248/4140
f 5571/5249/4141 5683/5241/4133 5479/5243/4135
f 2191/5251/4143 2185/5244/4136 2183/5246/4138
f 5572/5253/4145 5406/5261/4151 2188/5254/4146
f 2194/5255/4147 5571/5249/4141 5480/5250/4142
f 2189/5257/4144 2196/5266/4155 5503/5258/4149
f 5684/5260/4150 2202/5269/4158 5406/5261/4151
f 2201/5262/4152 2194/6114/4147 2197/5263/4148
f 2205/5265/4154 5503/5258/4149 2196/5266/4155
f 2208/5268/4157 5725/5275/4164 2202/5269/4158
f 5491/5270/4159 2201/5262/4152 5396/5264/4153
f 5632/5272/4161 2205/5265/4154 2203/5267/4156
f 5492/5274/4163 7133/5281/4170 5725/5275/4164
f 2214/5276/4165 5491/5270/4159 5397/5271/4160
f 2594/5278/4167 5632/5272/4161 2210/5273/4162
f 2217/5280/4169 5689/5287/4176 7133/5281/4170
f 5621/5282/4171 2214/5276/4165 5452/5277/4166
f 2221/5284/4173 2594/5278/4167 2579/5279/4168
f 2223/5286/4175 5493/5293/4182 5689/5287/4176
f 5398/5288/4177 5621/5282/4171 5451/5283/4172
f 5590/5290/4179 2221/5284/4173 2219/5285/4174
f 5399/5292/4181 2231/5299/4188 5493/5293/4182
f 2230/5294/4183 5398/5288/4177 2226/5289/4178
f 2234/5296/4185 5590/5290/4179 2225/5291/4180
f 2236/5298/4187 2237/5306/4193 2231/5299/4188
f 2233/5300/4184 5560/5308/4195 5573/5301/4189
f 2240/5303/4190 2234/5296/4185 2232/5297/4186
f 5574/5305/4192 5404/5314/4200 2237/5306/4193
f 2242/5307/4194 5573/5301/4189 5560/5308/4195
f 5501/5310/4197 2240/6115/4190 2238/5311/4191
f 5686/5313/4199 2249/5319/4205 5404/5314/4200
f 2245/5309/4196 2251/5320/4206 2248/5315/4201
f 2252/5316/4202 5501/5310/4197 2244/5312/4198
f 2255/5318/4204 5585/5325/4211 2249/5319/4205
f 2251/5320/4206 5454/5327/4213 5481/5321/4207
f 2259/5322/4208 2252/5316/4202 2250/5317/4203
f 5482/5324/4210 2263/5332/4218 5585/5325/4211
f 2262/5326/4212 5481/5321/4207 5454/5327/4213
f 5411/5329/4215 2259/5322/4208 2257/5323/4209
f 2269/5331/4217 2270/5340/4224 2263/5332/4218
f 5623/5333/4219 2262/6116/4212 2265/5334/4214
f 5587/5336/4221 5411/6117/4215 2264/5337/4216
f 2275/5339/4223 5495/5345/4229 2270/5340/4224
f 5400/5341/4225 5623/5333/4219 5576/5335/4220
f 2271/5338/4222 2277/5347/4231 5588/5343/4227
f 5401/5344/4228 2282/5350/4234 5495/5345/4229
f 2278/5342/4226 5483/5352/4236 2281/5346/4230
f 2277/5347/4231 2283/5355/4239 2285/5348/4232
f 2288/5349/4233 2289/5358/4242 2282/5350/4234
f 5577/5351/4235 2281/5346/4230 5483/5352/4236
f 2292/5354/4238 2285/5348/4232 2283/5355/4239
f 5578/5357/4241 5408/5364/4248 2289/5358/4242
f 2294/5359/4243 5577/5351/4235 5484/5353/4237
f 5498/5361/4245 2292/5354/4238 2290/5356/4240
f 5687/5363/4247 2302/5370/4254 5408/5364/4248
f 2301/5365/4249 2294/5359/4243 2297/5360/4244
f 2305/5367/4251 5498/5361/4245 2296/5362/4246
f 2307/5369/4253 5583/5377/4259 2302/5370/4254
f 5402/5371/4250 5403/5379/4261 5485/5372/4255
f 2311/5374/4256 2305/5367/4251 2303/5368/4252
f 5486/5376/4258 2314/5384/4266 5583/5377/4259
f 2313/5378/4260 5485/5372/4255 5403/5379/4261
f 5413/5381/4263 2311/5374/4256 2309/5375/4257
f 2319/5383/4265 2320/5390/4271 2314/5384/4266
f 5766/5385/4267 2313/5378/4260 2316/5380/4262
f 5488/5387/4269 5413/6118/4263 2315/5388/4264
f 5682/5240/4132 2177/5239/4131 2320/5390/4271
f 2178/5391/4272 5766/5385/4267 5580/5386/4268
f 2321/5389/4270 2180/5245/4137 5487/5392/4273
f 2215/5393/4274 2216/5406/4287 2590/5394/4275
f 5626/5396/4277 5721/6119/4299 5582/5397/4278
f 5586/5399/4280 5671/5408/4289 5670/5400/4281
f 2308/5402/4283 2587/5410/4291 2588/5403/4284
f 2218/5405/4286 7156/5412/4293 2216/5406/4287
f 5688/5407/4288 2584/5439/4318 5671/5408/4289
f 5584/5409/4290 7099/5414/4295 2587/5410/4291
f 2224/5411/4292 7104/6120/4301 7156/5412/4293
f 5628/5413/4294 7100/5425/4304 7099/5414/4295
f 5690/5398/4279 5582/5397/4278 2176/5415/4296
f 2195/5417/4298 5561/5434/4313 5721/5418/4299
f 5494/5420/4300 7105/5424/4303 7104/5421/4301
f 5625/5423/4302 7153/5430/4309 7105/5424/4303
f 5627/5416/4297 2176/5415/4296 7100/5425/4304
f 5496/5426/4305 7106/5432/4311 7107/5427/4306
f 2243/5429/4308 7127/5436/4315 7153/5430/4309
f 5629/5431/4310 7154/5438/4317 7106/5432/4311
f 5407/5433/4312 2206/5440/4319 5561/5434/4313
f 5405/5435/4314 5776/5441/4320 7127/5436/4315
f 2295/5437/4316 7128/5442/4321 7154/5438/4317
f 2276/5428/4307 7107/5427/4306 2584/5439/4318
f 2209/5395/4276 2590/5394/4275 2206/5440/4319
f 2256/5401/4282 5670/5400/4281 5776/5441/4320
f 5409/5404/4285 2588/5403/4284 7128/5442/4321
f 2228/5443/4322 2229/5552/4329 2222/5444/4323
f 2580/5446/4325 2186/5483/4359 2174/5447/4326
f 2581/5449/4328 2235/5453/4331 2229/5450/4329
f 2582/5452/4330 2241/5455/4333 2235/5453/4331
f 2583/5454/4332 2247/5457/4335 2241/5455/4333
f 2253/5456/4334 2254/5459/4337 2247/5457/4335
f 2260/5458/4336 2261/5461/4339 2254/5459/4337
f 2267/5460/4338 2268/5463/4341 2261/5461/4339
f 7098/5462/4340 2274/5465/4343 2268/5463/4341
f 2585/5464/4342 2280/6121/4345 2274/5465/4343
f 2286/5466/4344 2287/5470/4347 2280/5467/4345
f 2586/5469/4346 2293/5472/4349 2287/5470/4347
f 2299/5471/4348 2300/5474/4351 2293/5472/4349
f 5490/5473/4350 2306/5545/4353 2300/5474/4351
f 5489/5475/4352 2312/5479/4355 2306/5476/4353
f 2589/5478/4354 2318/5481/4357 2312/5479/4355
f 2591/5480/4356 2324/5493/4368 2318/5481/4357
f 2192/5482/4358 2193/6122/4361 2186/5483/4359
f 2199/5484/4360 2200/5488/4363 2193/5485/4361
f 5562/5487/4362 2207/5490/4365 2200/5488/4363
f 7163/5489/4364 2213/5492/4367 2207/5490/4365
f 7155/5491/4366 2593/5494/4369 2213/5492/4367
f 5581/5448/4327 2174/5447/4326 2324/5493/4368
f 2592/5445/4324 2222/5444/4323 2593/5494/4369
f 2258/5495/4370 5453/5541/4415 5630/5496/4371
f 5624/5498/4373 2291/5542/4416 5497/5499/4374
f 2211/5501/4376 2204/5543/4417 5631/5502/4377
f 5575/5504/4379 2258/5495/4370 5410/5497/4372
f 2304/5506/4381 5624/5498/4373 2298/5500/4375
f 2578/5508/4383 2211/5501/4376 2212/5503/4378
f 2179/5510/4385 2322/5540/4414 2323/5511/4386
f 2272/5513/4388 5575/5504/4379 2266/5505/4380
f 2310/5515/4390 2304/5506/4381 5633/5507/4382
f 2220/5517/4392 2578/5508/4383 5616/5509/4384
f 2239/5519/4394 5559/6123/4399 5691/5520/4395
f 5720/5522/4397 2272/5513/4388 2273/5514/4389
f 5559/5524/4399 5685/5532/4406 2227/5525/4400
f 2190/5527/4401 2184/5533/4407 5499/5528/4402
f 5579/5530/4404 2310/5515/4390 5412/5516/4391
f 5685/5532/4406 2220/5517/4392 5589/5518/4393
f 2184/5533/4407 2179/5510/4385 2175/5512/4387
f 5622/5534/4408 2239/5519/4394 5500/5521/4396
f 2284/5536/4410 5720/5522/4397 2279/5523/4398
f 5620/5538/4412 2190/5527/4401 5502/5529/4403
f 2322/5540/4414 5579/5530/4404 2317/5531/4405
f 5453/5541/4415 5622/5534/4408 2246/5535/4409
f 2291/5542/4416 2284/5536/4410 5692/5537/4411
f 2204/5543/4417 5620/6124/4412 2198/5544/4413
f 2303/5368/4252 2296/5362/4246 2300/5474/4351
f 2271/5546/4222 2264/5330/4216 2268/5463/4341
f 2174/5447/4326 2186/5483/4359 2183/5246/4138
f 2180/5245/4137 2321/5389/4270 2324/5493/4368
f 2579/5547/4168 2210/5548/4162 2213/5492/4367
f 2296/5362/4246 2290/5356/4240 2293/5472/4349
f 2264/5330/4216 2257/5323/4209 2261/5461/4339
f 2238/5311/4191 2232/5550/4186 2235/5453/4331
f 2207/5490/4365 2213/5492/4367 2210/5548/4162
f 2318/5481/4357 2324/5493/4368 2321/5389/4270
f 2290/5356/4240 2283/5355/4239 2287/5470/4347
f 2257/5323/4209 2250/5317/4203 2254/5459/4337
f 2244/5312/4198 2238/5311/4191 2241/5455/4333
f 2232/5550/4186 2225/6125/4180 2229/5450/4329
f 2203/5549/4156 2196/5553/4155 2200/5488/4363
f 2315/5388/4264 2309/6126/4257 2312/5479/4355
f 2280/5467/4345 2287/5470/4347 2283/5355/4239
f 2250/5317/4203 2244/5312/4198 2247/5457/4335
f 2225/5551/4180 2219/5555/4174 2222/5444/4323
f 2196/5553/4155 2189/6127/4144 2193/5485/4361
f 2306/5545/4353 2312/6128/4355 2309/5375/4257
f 2277/5347/4231 2271/5338/4222 2274/5554/4343
f 2219/5555/4174 2579/5547/4168 2593/5494/4369
f 2186/5483/4359 2193/6122/4361 2189/5252/4144
f 5505/6129/4912 5456/6130/4913 2595/5575/4437
f 5634/5569/4431 2326/6131/4914 2325/6132/4915
f 2331/6133/4916 2332/6134/4917 5421/5557/4419
f 2333/5574/4436 2328/5573/4435 2327/6135/4918
f 5415/5568/4430 2331/6133/4916 5421/5557/4419
f 5634/5569/4431 2325/6132/4915 2596/5570/4432
f 7178/5572/4434 2329/6136/4919 2328/5573/4435
f 2595/5575/4437 5456/6130/4913 5418/5576/4438
f 5419/5566/4428 5504/5565/4427 7134/5578/4440
f 5591/5580/4442 2344/5595/4457 2345/5643/4505
f 5591/5580/4442 2345/5643/4505 5514/5581/4443
f 5429/5583/4445 2350/5586/4448 2342/5584/4446
f 2341/5588/4450 2342/5584/4446 2351/5587/4449
f 2340/5590/4452 2341/5588/4450 2352/5589/4451
f 5509/5592/4454 5511/5641/4503 2356/5593/4455
f 2336/5594/4456 2356/5593/4455 2344/5595/4457
f 2339/5596/4458 5426/6137/4920 5510/5597/4459
f 5423/5599/4461 5506/5621/4483 5508/5600/4462
f 2347/5602/4464 5638/6138/4921 5698/5603/4465
f 2338/6139/4922 5515/6140/4923 5516/6141/4924
f 2357/5610/4472 2337/6142/4471 5696/5611/4466
f 2362/5615/4476 2361/6143/4475 5696/5604/4466
f 2363/6144/4925 2362/5615/4476 5698/5603/4465
f 2364/5616/4477 2363/6145/4925 5698/5585/4465
f 2366/5618/4480 2365/5617/4479 5592/5584/4478
f 2367/5619/4481 2366/5618/4480 2341/5588/4450
f 5427/5620/4482 5512/6146/4926 5506/5621/4483
f 5428/6147/4927 2368/6148/4928 5424/6149/4929
f 2369/5622/4484 2339/5596/4458 2335/5598/4460
f 2336/5594/4456 2371/5625/4487 2370/5624/4486
f 2371/5625/4487 2336/5594/4456 2337/5580/4471
f 2374/5629/4491 5637/5631/4493 5517/5626/4488
f 2375/5630/4492 2349/6150/4930 5637/5631/4493
f 2376/5632/4494 2350/5586/4448 5429/5583/4445
f 2377/5634/4496 5722/6151/4931 5507/5591/4453
f 2354/5635/4497 2353/6152/4932 2378/5636/4498
f 2380/5639/4501 2355/6153/4933 2354/5635/4497
f 2381/5640/4502 2356/5593/4455 5511/5641/4503
f 2382/5644/4506 5777/6154/4934 5514/5581/4443
f 5517/5626/4488 2346/6155/4935 2383/5645/4507
f 5723/6156/4512 2395/6157/4936 5639/6158/4513
f 5432/6159/4519 2398/6160/4937 5520/6161/4520
f 7078/5664/4522 5519/5682/4540 5640/5665/4523
f 7164/5667/4525 2598/6162/4938 2384/5668/4526
f 5457/5670/4528 5458/5676/4534 2386/5671/4529
f 2387/5673/4531 2389/5679/4537 2388/5674/4532
f 5458/5676/4534 2401/6163/4939 2400/5677/4535
f 2387/5673/4531 2392/6164/4940 2391/5678/4536
f 2384/5668/4526 5672/6165/4941 2394/5680/4538
f 5521/5681/4539 5642/6166/4942 5640/5665/4523
f 2390/5683/4541 2402/6167/4943 2413/5684/4542
f 2403/5686/4544 2402/6167/4943 2390/5683/4541
f 5437/5688/4546 2404/6168/4548 2403/5689/4544
f 2393/5691/4547 2405/5695/4550 2404/5692/4548
f 5594/5694/4549 2406/5697/4552 2405/5695/4550
f 5594/5694/4549 5673/5698/4553 2407/5696/4551
f 5673/5698/4553 2396/5701/4556 2408/5699/4554
f 2409/5700/4555 2408/5699/4554 2396/5701/4556
f 2397/5703/4557 5522/6169/4560 2410/5704/4558
f 2399/5706/4559 2411/6170/4944 2410/5707/4558
f 2412/5709/4561 2411/6170/4944 2399/5706/4559
f 5524/5685/4543 2413/5684/4542 2412/5709/4561
f 2416/6171/4566 5726/6172/4945 5728/6173/4567
f 5644/5717/4569 5462/6174/4946 5460/5718/4570
f 5527/6175/4947 2415/6176/4948 2422/6177/4949
f 5526/5720/4572 5463/6178/4950 5702/5721/4573
f 2417/5723/4575 2423/6179/4951 5727/5724/4576
f 2600/6180/4952 7108/6181/4953 2432/6182/4954
f 2441/5732/4584 7179/6183/4955 2602/5730/4582
f 2601/6184/4956 2440/6185/4957 2439/6186/4958
f 5530/5739/4591 2436/5741/4593 2435/6187/4959
f 2601/6184/4956 2439/6186/4958 2438/6188/4960
f 5536/6189/4961 2602/6190/4582 7179/6191/4955
f 2431/6192/4587 7174/6193/4962 5645/6194/4585
f 2425/5748/4600 5646/5744/4596 5654/5743/4595
f 5649/5750/4602 7109/6195/4963 5647/5751/4603
f 2426/6196/4964 2434/6197/4965 2433/6198/4966
f 5650/5753/4605 5767/6199/4967 2437/5754/4606
f 2427/5756/4608 5534/6200/4968 5535/5757/4597
f 2428/6201/4969 5653/6202/4970 5536/6203/4961
f 5653/6202/4970 2602/6204/4582 5536/6203/4961
f 2447/6205/4971 2446/6206/4972 2448/6207/4973
f 5537/6208/4609 2449/6209/4974 5656/6210/4610
f 2443/5762/4612 5733/6211/4975 5538/5763/4613
f 5729/5768/4618 5617/5774/4624 5618/5769/4619
f 5657/5771/4621 2451/6212/4976 2445/5772/4622
f 2606/6213/4629 7112/6214/4977 2463/6215/4630
f 7079/6216/4978 2459/6217/4979 7080/6218/4980
f 5788/5784/4634 2460/5783/4633 7110/6219/4981
f 7082/6220/4982 5467/6221/4983 2466/6222/4984
f 2605/6223/4638 2462/6224/4640 7113/6225/4985
f 2603/6226/4986 7080/6227/4980 2459/6228/4979
f 2606/5779/4629 2464/5781/4631 7181/6229/4987
f 2605/5788/4638 5789/6230/4988 2461/5789/4639
f 2458/6231/4989 7129/5792/4642 2453/5791/4641
f 2454/5793/4643 7129/5792/4642 5787/6232/4644
f 2604/6233/4990 7111/6234/4646 5786/6235/4648
f 7112/6214/4977 2606/6213/4629 2456/6236/4991
f 5706/5800/4635 5778/6237/4637 2457/5801/4649
f 2607/6238/4992 5466/6239/4993 5464/6240/4994
f 5465/5803/4651 2608/6241/4995 7081/5804/4652
f 7135/5806/4654 2478/5836/4684 7182/5807/4655
f 2471/5809/4657 2611/6242/4996 7102/5810/4658
f 2475/5812/4660 2611/6242/4996 2471/5809/4657
f 2610/5817/4665 2609/6243/4997 7087/5814/4662
f 7101/5821/4669 7144/5819/4667 5539/5818/4666
f 7145/5823/4671 2472/6244/4998 7083/5824/4672
f 2473/5827/4675 2470/6245/4999 5540/5828/4676
f 7116/5830/4678 2468/6246/5000 2476/5831/4679
f 2477/5833/4681 2467/6247/5001 2469/5834/4682
f 5541/5822/4670 2609/6243/4997 2610/5817/4665
f 2498/5848/4696 7120/5850/4698 5779/5845/4693
f 5563/5855/4703 5473/6248/5002 2498/5848/4696
f 5708/6249/4800 5658/5861/4708 5544/5860/4702
f 7165/5865/4712 2626/6250/5003 7138/5866/4713
f 5764/5868/4715 5674/6251/5004 5597/5869/4716
f 5764/5868/4715 7138/5866/4713 5779/5845/4693
f 2487/5870/4717 2628/6252/5005 2492/5871/4718
f 5765/5873/4720 2493/6253/5006 2496/5874/4721
f 2616/5876/4723 2552/6254/5007 2614/5877/4724
f 7139/5879/4726 7149/6255/5008 7146/5880/4726
f 7093/5885/4730 5470/5889/4734 2531/5888/4733
f 5441/5895/4740 2535/5891/4736 2531/5888/4733
f 5439/6256/4803 5599/5899/4743 5545/5898/4738
f 5659/5906/4750 5790/5911/4755 5740/5907/4751
f 5752/5909/4753 5782/6257/5009 5745/5910/4754
f 5470/5889/4734 7093/5885/4730 5740/5907/4751
f 5741/5912/4756 2618/6258/5010 2525/5913/4757
f 2620/5915/4759 2619/6259/5011 2529/5916/4760
f 5744/5918/4762 2624/6260/5012 7091/5919/4763
f 5611/5921/4726 2625/6261/5013 2522/5922/4726
f 2515/5924/4765 2479/5955/4794 5601/5925/4766
f 5474/5927/4768 2483/5964/4799 2519/5928/4769
f 5543/5892/4737 7131/5852/4700 5544/5854/4702
f 7173/5930/4771 2534/6262/5014 2538/5931/4772
f 7121/5933/4774 7089/5901/4745 7117/5858/4706
f 7167/5864/4711 7131/5852/4700 5543/5892/4737
f 7117/5858/4706 7089/5901/4745 2532/5900/4744
f 5475/5935/4776 2539/6263/5015 2530/5936/4777
f 2532/5900/4744 2534/6262/5014 7173/5930/4771
f 7167/5864/4711 5743/5904/4748 5750/5903/4747
f 2480/5944/4784 2481/5986/4821 2504/5945/4785
f 5564/5961/4787 2499/5940/4780 2500/5939/4779
f 2535/6264/4736 5676/5954/4793 2533/5953/4792
f 2537/5950/4789 2517/5987/4822 2516/5951/4790
f 5442/5952/4791 5602/6265/5016 2533/5953/4792
f 5600/6266/5017 5563/5855/4703 2502/5851/4699
f 5600/6267/5017 2502/5938/4699 2501/6268/5018
f 2501/6268/5018 2502/5938/4699 2499/5940/4780
f 5547/5926/4767 2516/5951/4790 2515/5924/4765
f 2528/6269/4742 2527/5894/4739 5545/5893/4738
f 5474/5927/4768 5472/5985/4820 2482/5963/4798
f 2503/6270/4707 2506/6271/5019 5544/6272/4702
f 5746/5929/4770 2519/5928/4769 2518/5966/4801
f 2495/6273/5020 5769/5840/4688 7119/5839/4687
f 5749/5972/4806 2623/6274/5021 5781/5973/4807
f 2490/5972/4809 2489/6275/5022 5675/5975/4810
f 5608/5977/4812 2521/6276/5023 5661/5978/4813
f 7159/5980/4815 2486/6277/5024 7148/5981/4816
f 2508/6278/5025 2491/5843/4691 7118/5842/4690
f 2540/6279/5026 2524/5943/4783 7094/5942/4782
f 5472/5985/4820 2504/5945/4785 2481/5986/4821
f 2536/5967/4802 2518/5966/4801 2517/5987/4822
f 2483/5964/4799 2479/5955/4794 2515/5924/4765
f 5450/5994/4829 2557/6280/5027 5604/5995/4830
f 5607/6281/5028 2554/6009/4844 2553/6010/4845
f 5446/6000/4835 5554/6282/5029 5619/6001/4836
f 5710/6006/4841 2559/5998/4833 2556/5997/4832
f 2569/6283/5030 2570/6022/4854 5709/6025/4857
f 5551/6284/5031 2555/6021/4853 2564/6023/4855
f 2554/6009/4844 5548/6005/4840 2563/6004/4839
f 2561/6285/5032 5709/6025/4857 5605/6024/4856
f 2568/6011/4846 2572/6286/5033 5552/6012/4843
f 5665/6287/4834 2562/6288/5034 2558/6289/4847
f 5792/6015/4848 5550/6290/5035 5447/6016/4849
f 2565/6291/5036 2564/6023/4855 2571/6292/5037
f 5449/6018/4851 5607/6293/5028 2553/6019/4845
f 2555/6021/4853 5709/6025/4857 2570/6022/4854
f 2555/6021/4853 2560/6294/5038 5605/6024/4856
f 5553/6026/4858 2571/6292/5037 2564/6023/4855
f 5609/6027/4859 7121/5933/4774 7136/5934/4775
f 5680/6037/4869 5678/6295/5039 7123/6038/4870
f 5667/6296/4872 2635/6297/5040 7124/6298/4873
f 2544/6299/5041 2574/6300/5041 2636/6301/5041
f 5755/6302/5042 2634/6303/5042 5754/6304/5042
f 7096/6305/4875 2637/6306/5043 2629/6307/4876
f 5756/6046/4878 2511/6308/5044 2630/6047/4879
f 5763/6049/4881 2549/6309/5045 7161/6050/4882
f 5773/6310/4884 7151/6311/5046 7183/6312/4885
f 5760/6313/4889 2631/6314/5047 7162/6315/4890
f 5669/6316/4892 2550/6317/5048 2632/6318/4893
f 5567/6319/5049 5569/6320/5049 2577/6321/5049
f 5714/6322/4875 2576/6323/5043 7103/6324/4903
f 5712/6088/4904 2575/6325/5045 2545/6089/4882
f 2548/6091/4869 2546/6326/5050 2641/6092/4870
f 7126/6327/4889 7171/6328/5047 2642/6329/4906
f 5614/6330/5051 2547/6331/5051 5612/6332/5051
f 2643/6102/4878 2514/6333/5044 5724/6103/4879
f 5715/6334/4884 2645/6335/5052 2646/6336/4885
f 5718/6337/4888 7184/6338/4888 5775/6339/4888
f 7142/6340/4872 2648/6341/5053 5476/6342/4910
f 5477/6343/4892 2647/6344/5048 2512/6345/4911
f 2656/6346/5054 2652/6347/5055 6056/6348/5056
f 6057/6349/5057 6158/6350/5058 5880/6351/5059
f 2660/6352/5060 2655/6353/5061 2658/6354/5062
f 2662/6355/5063 2657/6356/5064 2656/6346/5054
f 5970/6357/5065 5880/6351/5059 5881/6358/5066
f 2666/6359/5067 2658/6354/5062 2664/6360/5068
f 5971/6361/5069 2663/6362/5070 2662/6355/5063
f 2668/6363/5071 5881/6364/5066 2671/6365/5072
f 2664/6360/5068 5904/6366/5073 2666/6359/5067
f 6058/6367/5074 5805/6368/5075 5971/6361/5069
f 2674/6369/5076 2671/6365/5072 5793/6370/5077
f 2678/6371/5078 2670/6372/5079 2676/6373/5080
f 2680/6374/5081 2675/6375/5082 6058/6367/5074
f 5892/6376/5083 5793/6370/5077 5794/6377/5084
f 2684/6378/5085 2676/6373/5080 2682/6379/5086
f 5893/6380/5087 6098/6381/5088 2680/6374/5081
f 2686/6382/5089 5794/6377/5084 5796/6383/5090
f 2687/6384/5091 2682/6379/5086 3050/6385/5092
f 2690/6386/5093 2688/6387/5094 5893/6380/5087
f 6014/6388/5095 5796/6383/5090 5795/6389/5096
f 2694/6390/5097 3050/6385/5092 2692/6391/5098
f 2696/6392/5099 6063/6393/5100 2690/6386/5093
f 5797/6394/5101 5795/6389/5096 2699/6395/5102
f 5990/6396/5103 2692/6391/5098 2698/6397/5104
f 5798/6398/5105 5894/6399/5106 2696/6392/5099
f 2702/6400/5107 2699/6401/5102 2706/6402/5108
f 2707/6403/5109 2698/6397/5104 2704/6404/5110
f 2709/6405/5111 2703/6406/5112 5798/6398/5105
f 2706/6402/5108 5972/6407/5113 2702/6400/5107
f 2713/6408/5114 2704/6409/5110 2711/6410/5115
f 5973/6411/5116 2710/6412/5117 2709/6405/5111
f 2715/6413/5118 5961/6414/5119 2718/6415/5120
f 5902/6416/5121 2711/6410/5115 2717/6417/5122
f 6060/6418/5123 5803/6419/5124 5973/6411/5116
f 2718/6415/5120 2721/6420/5125 2715/6413/5118
f 2725/6421/5126 2717/6417/5122 2723/6422/5127
f 2727/6423/5128 2722/6424/5129 6060/6418/5123
f 2724/6425/5130 5882/6426/5131 2721/6420/5125
f 2731/6427/5132 2723/6422/5127 2729/6428/5133
f 5883/6429/5134 5985/6430/5135 2727/6423/5128
f 2733/6431/5136 5859/6432/5137 2736/6433/5138
f 5810/6434/5139 2729/6428/5133 2735/6435/5140
f 2739/6436/5141 2734/6437/5142 5883/6429/5134
f 6016/6438/5143 2736/6433/5138 5975/6439/5144
f 5987/6440/5145 2735/6441/5140 2741/6442/5146
f 2746/6443/5147 2740/6444/5148 2739/6436/5141
f 5799/6445/5149 5975/6446/5144 2749/6447/5150
f 2741/6442/5146 5988/6448/5151 5987/6440/5145
f 5800/6449/5152 5896/6450/5153 2746/6443/5147
f 2749/6447/5150 2752/6451/5154 5799/6445/5149
f 2748/6452/5155 2756/6453/5156 5988/6448/5151
f 2758/6454/5157 2753/6455/5158 5800/6449/5152
f 5976/6456/5159 5884/6457/5160 5885/6458/5161
f 2762/6459/5162 2754/6460/5163 2760/6461/5164
f 5977/6462/5165 2759/6463/5166 2758/6454/5157
f 2764/6464/5167 5885/6458/5161 2767/6465/5168
f 5899/6466/5169 2760/6461/5164 2766/6467/5170
f 6061/6468/5171 5807/6469/5172 5977/6462/5165
f 2770/6470/5173 2767/6465/5168 5801/6471/5174
f 2774/6472/5175 2766/6467/5170 2772/6473/5176
f 2776/6474/5177 2771/6475/5178 6061/6468/5171
f 5801/6471/5174 5886/6476/5179 2770/6470/5173
f 2780/6477/5180 2772/6478/5176 2778/6479/5181
f 5887/6480/5182 5983/6481/5183 2776/6474/5177
f 2783/6482/5184 5802/6483/5185 2786/6484/5186
f 5814/6485/5187 2778/6486/5181 2785/6487/5188
f 2789/6488/5189 2784/6489/5190 5887/6480/5182
f 6126/6490/5191 2786/6484/5186 5979/6491/5192
f 5889/6492/5193 2785/6487/5188 2791/6493/5194
f 6056/6348/5056 2790/6494/5195 2789/6488/5189
f 2653/6495/5196 5979/6491/5192 6158/6350/5058
f 2791/6493/5194 5888/6496/5197 5889/6492/5193
f 7248/6497/5198 6162/6498/5199 2681/6499/5200
f 6021/6500/5201 5981/6501/5202 6064/6502/5203
f 5986/6503/5204 3057/6504/5205 2728/6505/5206
f 2777/6506/5207 3063/6507/5208 5808/6508/5209
f 2691/6509/5210 3070/6510/5211 7248/6497/5198
f 6062/6511/5212 7196/6512/5213 5986/6503/5204
f 5984/6513/5214 7215/6514/5215 2777/6506/5207
f 2697/6515/5216 7279/6516/5217 2691/6509/5210
f 6023/6517/5218 7198/6518/5219 5984/6513/5214
f 6064/6502/5203 5980/6519/5220 6022/6520/5221
f 2669/6521/5222 3065/6522/5223 6021/6500/5201
f 5895/6523/5224 5890/6524/5225 2697/6515/5216
f 6020/6525/5226 5891/6526/5227 5895/6527/5224
f 6022/6528/5221 2794/6529/5228 6023/6517/5218
f 5897/6530/5229 7214/6531/5230 2747/6532/5231
f 2716/6533/5232 3054/6534/5233 6020/6525/5226
f 6024/6535/5234 7213/6536/5235 5897/6530/5229
f 5806/6537/5236 6018/6538/5237 2669/6539/5222
f 5804/6540/5238 6159/6541/5239 2716/6533/5232
f 2765/6542/5240 3061/6543/5241 6024/6535/5234
f 2747/6532/5231 7197/6544/5242 6062/6511/5212
f 2681/6499/5200 3068/6545/5243 5806/6537/5236
f 2728/6505/5206 3056/6546/5244 5804/6547/5238
f 5808/6508/5209 7244/6548/5245 2765/6542/5240
f 2704/6404/5110 2698/6397/5104 2705/6549/5246
f 2705/6550/5246 2711/6410/5115 2704/6409/5110
f 3052/6551/5247 2695/6552/5248 3051/6553/5249
f 3066/6554/5250 2649/6555/5251 2651/6556/5252
f 3053/6557/5253 2701/6558/5254 3052/6551/5247
f 7277/6559/5255 2708/6560/5256 3053/6561/5253
f 3055/6562/5257 2714/6563/5258 7277/6559/5255
f 6160/6564/5259 2720/6565/5260 3055/6562/5257
f 7212/6566/5261 2726/6567/5262 6160/6564/5259
f 3058/6568/5263 2732/6569/5264 7212/6566/5261
f 2744/6570/5265 2738/6571/5266 3058/6568/5263
f 3059/6572/5267 2745/6573/5268 2744/6574/5265
f 3060/6575/5269 2751/6576/5270 3059/6572/5267
f 7278/6577/5271 2757/6578/5272 3060/6575/5269
f 3062/6579/5273 2763/6580/5274 7278/6577/5271
f 7216/6581/5275 2769/6582/5276 3062/6579/5273
f 2781/6583/5277 2775/6584/5278 7216/6585/5275
f 3064/6586/5279 2782/6587/5280 2781/6583/5277
f 5982/6588/5281 2788/6589/5282 3064/6586/5279
f 6161/6590/5283 2661/6591/5284 3066/6554/5250
f 3067/6592/5285 2667/6593/5286 6161/6590/5283
f 6019/6594/5287 2673/6595/5288 3067/6596/5285
f 3069/6597/5289 2679/6598/5290 6019/6594/5287
f 6163/6599/5291 2685/6600/5292 3069/6597/5289
f 2651/6556/5252 2795/6601/5293 5982/6588/5281
f 3051/6553/5249 2689/6602/5294 6163/6599/5291
f 2730/6603/5295 6025/6604/5296 5809/6605/5297
f 6017/6606/5298 5898/6607/5299 2768/6608/5300
f 2683/6609/5301 6026/6610/5302 5811/6611/5303
f 5974/6612/5304 5809/6605/5297 2737/6613/5305
f 2773/6614/5306 2768/6608/5300 6027/6615/5307
f 3049/6616/5308 5811/6611/5303 5812/6617/5309
f 2654/6618/5310 2793/6619/5311 2650/6620/5312
f 2742/6621/5313 2737/6613/5305 2743/6622/5314
f 2779/6623/5315 6027/6615/5307 5813/6624/5316
f 2693/6625/5317 5812/6617/5309 5989/6626/5318
f 2712/6627/5319 6065/6628/5320 5901/6629/5321
f 6088/6630/5322 2743/6622/5314 2750/6631/5323
f 5960/6632/5324 2700/6633/5325 6065/6628/5320
f 2665/6634/5326 5900/6635/5327 5903/6636/5328
f 5978/6637/5329 5813/6624/5316 2787/6638/5330
f 6059/6639/5331 5989/6626/5318 2700/6633/5325
f 2659/6640/5332 2650/6620/5312 5900/6635/5327
f 6015/6641/5333 5901/6629/5321 2719/6642/5334
f 2755/6643/5335 2750/6631/5323 6066/6644/5336
f 6013/6645/5337 5903/6636/5328 2672/6646/5338
f 2792/6647/5339 2787/6638/5330 2793/6619/5311
f 5858/6648/5340 2719/6642/5334 6025/6604/5296
f 2761/6649/5341 6066/6644/5336 5898/6607/5299
f 2677/6650/5342 2672/6646/5338 6026/6610/5302
f 2772/6473/5176 2769/6582/5276 2775/6651/5278
f 2741/6442/5146 2738/6652/5266 2745/6573/5268
f 2649/6555/5251 2658/6354/5062 2655/6353/5061
f 2655/6353/5061 2795/6601/5293 2649/6555/5251
f 3050/6385/5092 2685/6600/5292 2689/6602/5294
f 2766/6467/5170 2763/6580/5274 2769/6582/5276
f 2735/6435/5140 2732/6569/5264 2738/6571/5266
f 2711/6410/5115 2708/6560/5256 2714/6563/5258
f 2679/6598/5290 2682/6379/5086 2676/6373/5080
f 2788/6589/5282 2791/6493/5194 2785/6487/5188
f 2760/6461/5164 2757/6578/5272 2763/6580/5274
f 2729/6428/5133 2726/6567/5262 2732/6569/5264
f 2717/6417/5122 2714/6563/5258 2720/6565/5260
f 2705/6549/5246 2701/6558/5254 2708/6653/5256
f 2676/6373/5080 2673/6595/5288 2679/6598/5290
f 2785/6487/5188 2782/6587/5280 2788/6589/5282
f 2751/6576/5270 2754/6460/5163 2748/6452/5155
f 2723/6422/5127 2720/6565/5260 2726/6567/5262
f 2698/6397/5104 2695/6552/5248 2701/6558/5254
f 2670/6654/5079 2667/6593/5286 2673/6655/5288
f 2775/6584/5278 2778/6486/5181 2772/6656/5176
f 2748/6452/5155 2745/6573/5268 2751/6576/5270
f 2692/6391/5098 2689/6602/5294 2695/6552/5248
f 2661/6591/5284 2664/6360/5068 2658/6354/5062
f 5905/6657/5343 5991/6658/5344 5819/6659/5345
f 6004/6660/5346 2801/6661/5347 5815/6662/5348
f 2801/6661/5347 5907/6663/5349 5816/6662/5350
f 2797/6664/5351 5860/6665/5352 5818/6666/5353
f 2801/6661/5347 2797/6664/5351 5907/6663/5349
f 5906/6667/5354 3071/6668/5355 6055/6669/5356
f 6154/6670/5357 2799/6671/5358 3073/6672/5359
f 2802/6673/5360 3072/6674/5361 6054/6675/5362
f 5817/6676/5363 2804/6677/5364 5820/6678/5365
f 5992/6679/5366 5916/6680/5367 6067/6681/5368
f 5826/6682/5369 2813/6683/5370 6069/6684/5371
f 2813/6683/5370 2820/6685/5372 2821/6686/5373
f 2812/6687/5374 2821/6686/5373 2822/6688/5375
f 2811/6689/5376 2822/6688/5375 5909/6690/5377
f 5911/6691/5378 2826/6692/5379 2806/6693/5380
f 2806/6693/5380 2814/6694/5381 5992/6679/5366
f 5822/6695/5382 5912/6696/5383 2805/6697/5384
f 5821/6698/5385 5910/6699/5386 5823/6700/5387
f 6068/6701/5388 5995/6702/5389 6070/6703/5390
f 2808/6704/5391 2818/6705/5392 5827/6706/5393
f 2828/6707/5394 2807/6679/5395 2827/6708/5396
f 2827/6708/5396 6068/6681/5388 2829/6709/5397
f 2829/6709/5397 6068/6681/5388 2830/6710/5398
f 2830/6711/5398 6070/6703/5390 2831/6712/5399
f 2834/6713/5400 6070/6684/5390 5993/6683/5401
f 5993/6683/5401 2835/6714/5402 2834/6713/5400
f 2836/6715/5403 5993/6683/5401 2812/6687/5374
f 2837/6716/5404 2812/6687/5374 2811/6689/5376
f 5825/6717/5405 5908/6718/5406 5821/6698/5385
f 2838/6719/5407 2810/6720/5408 7199/6721/5409
f 2839/6722/5410 2805/6697/5384 5915/6723/5411
f 2806/6693/5380 2840/6724/5412 5911/6691/5378
f 2841/6725/5413 2807/6679/5395 2828/6707/5394
f 5994/6726/5414 2842/6727/5415 2843/6728/5416
f 2844/6729/5417 5994/6726/5414 2843/6728/5416
f 2845/6730/5418 5994/6726/5414 2844/6729/5417
f 2846/6731/5419 5826/6682/5369 5828/6732/5420
f 2821/6686/5373 2820/6685/5372 2846/6731/5419
f 2822/6688/5375 2821/6686/5373 2847/6733/5421
f 2847/6733/5421 5909/6690/5377 2822/6688/5375
f 2824/6734/5422 2848/6735/5423 2849/6736/5424
f 2850/6737/5425 2824/6734/5422 2849/6736/5424
f 2851/6738/5426 2824/6734/5422 2850/6737/5425
f 2852/6739/5427 5913/6740/5428 5920/6741/5429
f 2814/6694/5381 2826/6692/5379 2852/6739/5427
f 2815/6742/5430 2814/6694/5381 2853/6743/5431
f 2853/6743/5431 5916/6680/5367 2815/6742/5430
f 2817/6744/5432 2854/6745/5433 2842/6727/5415
f 2857/6746/5434 5921/6747/5435 5838/6748/5436
f 5921/6749/5435 2857/6750/5434 5996/6751/5437
f 6092/6752/5438 6090/6753/5439 6099/6754/5440
f 5864/6755/5441 6164/6756/5442 5923/6757/5443
f 6164/6758/5442 5864/6759/5441 5836/6760/5444
f 5832/6761/5445 5831/6762/5446 5833/6763/5447
f 3074/6764/5448 6091/6765/5449 7280/6766/5450
f 3075/6767/5451 6071/6768/5452 6073/6769/5453
f 5829/6770/5454 5863/6771/5455 5830/6772/5456
f 6072/6773/5457 2859/6774/5458 2858/6775/5459
f 5863/6771/5455 2871/6776/5460 5830/6772/5456
f 6072/6773/5457 2862/6777/5461 2860/6778/5462
f 2855/6779/5463 2865/6780/5464 6071/6768/5452
f 6127/6781/5465 6091/6765/5449 2856/6782/5466
f 2861/6783/5467 2884/6784/5468 5922/6785/5469
f 2874/6786/5470 2861/6787/5467 5835/6788/5471
f 5837/6789/5472 2874/6786/5470 5835/6788/5471
f 2864/6790/5473 2875/6791/5474 5837/6789/5472
f 5997/6792/5475 2876/6793/5476 2864/6790/5473
f 6028/6794/5477 2877/6795/5478 5997/6796/5475
f 6028/6797/5477 2879/6798/5479 2878/6799/5480
f 2880/6800/5481 2867/6801/5482 2868/6802/5483
f 2868/6802/5483 2881/6803/5484 2880/6800/5481
f 2870/6804/5485 2881/6803/5484 6128/6805/5486
f 2883/6806/5487 2870/6804/5485 5834/6807/5488
f 5922/6808/5469 2883/6806/5487 5834/6807/5488
f 2890/6809/5489 2891/6810/5490 2889/6811/5491
f 2887/6812/5492 6103/6813/5493 2892/6814/5494
f 6031/6815/5495 5865/6816/5496 6030/6817/5497
f 5924/6818/5498 6075/6819/5499 6074/6820/5500
f 2888/6821/5501 6102/6822/5502 6165/6823/5503
f 5924/6818/5498 6074/6820/5500 5926/6824/5504
f 5866/6825/5505 2885/6826/5506 2895/6827/5507
f 6169/6828/5508 2907/6829/5509 7266/6830/5510
f 6133/6831/5511 2904/6832/5512 2903/6833/5513
f 7202/6834/5514 7249/6835/5515 7217/6836/5516
f 7265/6837/5517 7281/6838/5518 2906/6839/5519
f 6132/6840/5520 6130/6841/5521 7201/6842/5522
f 2910/6843/5523 3078/6844/5524 2909/6845/5525
f 7265/6846/5517 7297/6847/5526 7221/6848/5527
f 2896/6849/5528 7200/6850/5529 2900/6851/5530
f 7219/6852/5531 6131/6853/5532 7298/6854/5533
f 7293/6855/5534 2905/6856/5535 2897/6857/5536
f 6168/6858/5537 6169/6859/5508 2898/6860/5538
f 7282/6861/5539 3076/6862/5540 2911/6863/5541
f 5927/6864/5542 6033/6865/5543 6032/6866/5544
f 2914/6867/5545 5928/6868/5546 2915/6869/5547
f 6105/6870/5548 6109/6871/5549 6107/6872/5550
f 6104/6873/5551 6006/6874/5552 2921/6875/5553
f 6034/6876/5554 2916/6877/5555 6110/6878/5556
f 6005/6879/5557 6104/6873/5551 7302/6880/5558
f 2913/6881/5559 6106/6882/5560 2923/6883/5561
f 5929/6884/5562 5934/6885/5563 5932/6886/5564
f 5841/6887/5565 2939/6888/5566 2940/6889/5567
f 2935/6890/5568 6041/6891/5569 7223/6892/5570
f 6035/6893/5571 6036/6894/5572 5931/6895/5573
f 5841/6887/5565 5839/6896/5574 2939/6888/5566
f 5842/6897/5575 7295/6898/5576 2929/6899/5577
f 6035/6893/5571 6093/6900/5578 2928/6901/5579
f 5930/6902/5580 7226/6903/5581 2924/6904/5582
f 7225/6905/5583 6039/6906/5584 6038/6907/5585
f 2926/6908/5586 2938/6909/5587 7299/6910/5588
f 2927/6911/5589 5842/6897/5575 7245/6912/5590
f 2952/6913/5591 5869/6914/5592 3081/6915/5593
f 2946/6916/5594 7205/6917/5595 6111/6918/5596
f 2949/6919/5597 2946/6916/5594 7300/6920/5598
f 5871/6921/5599 7227/6922/5600 6113/6923/5601
f 3083/6924/5602 5871/6921/5599 6113/6923/5601
f 5935/6925/5603 7267/6926/5604 5844/6927/5605
f 7204/6928/5606 5935/6925/5603 5937/6929/5607
f 7268/6930/5608 5845/6931/5609 5843/6932/5610
f 6112/6933/5611 6111/6918/5596 7205/6917/5595
f 3085/6934/5612 5936/6935/5613 3084/6936/5614
f 7229/6937/5615 2950/6938/5616 7228/6939/5617
f 2951/6940/5618 2944/6941/5619 3086/6942/5620
f 7303/6943/5621 2952/6913/5591 2948/6944/5622
f 3081/6915/5593 5869/6914/5592 5870/6945/5623
f 7204/6928/5606 7251/6946/5624 3083/6924/5602
f 7232/6947/5625 6144/6948/5626 2967/6949/5627
f 7231/6950/5628 2962/6951/5629 6157/6952/5630
f 6156/6953/5631 6048/6954/5632 6135/6955/5633
f 2969/6956/5634 6146/6957/5635 7233/6958/5636
f 2972/6959/5637 2969/6956/5634 6135/6955/5633
f 6118/6960/5638 2965/6961/5639 5938/6962/5640
f 2969/6956/5634 6156/6953/5631 6135/6955/5633
f 5962/6963/5641 2969/6956/5634 2972/6959/5637
f 7296/6964/5642 5965/6965/5643 7230/6966/5644
f 2973/6967/5645 5938/6968/5640 7283/6969/5646
f 6136/6970/5647 6138/6971/5648 6120/6972/5649
f 6076/6973/5650 7256/6974/5651 6078/6975/5652
f 5874/6976/5653 7252/6977/5654 6078/6975/5652
f 5874/6976/5653 6078/6975/5652 7256/6974/5651
f 7256/6974/5651 7233/6958/5636 5874/6976/5653
f 3087/6978/5655 2963/6979/5656 3101/6980/5657
f 5875/6981/5658 6117/6982/5659 6119/6983/5660
f 2961/6984/5661 3089/6985/5662 3093/6986/5663
f 7257/6987/5664 7271/6988/5664 7254/6989/5664
f 7207/6990/5665 6045/6991/5666 6044/6992/5667
f 7190/6993/5668 6114/6994/5669 6001/6995/5670
f 2999/6996/5671 7206/6997/5672 6122/6998/5673
f 3003/6999/5674 6114/6994/5669 2999/6996/5671
f 6046/7000/5675 5939/7001/5676 2995/7002/5677
f 7190/6993/5668 2999/6996/5671 6114/6994/5669
f 5848/7003/5678 2999/6996/5671 5846/7004/5679
f 2996/7005/5680 5939/7001/5676 7258/7006/5681
f 6042/7007/5682 7186/7008/5683 5851/7009/5684
f 7209/7010/5685 6142/7011/5686 6140/7012/5687
f 7239/7013/5688 7189/7014/5689 7270/7015/5690
f 6172/7016/5691 7284/7017/5692 7234/7018/5693
f 7234/7018/5693 7284/7017/5692 7189/7014/5689
f 7284/7017/5692 7190/6993/5668 7189/7014/5689
f 7188/7019/5694 7187/7020/5695 7237/7021/5696
f 7285/7022/5697 2997/7023/5698 2994/7024/5699
f 3091/7025/5700 6141/7026/5701 6143/7027/5702
f 7262/7028/5664 3092/7029/5664 3103/7030/5664
f 2982/7031/5703 5999/7032/5704 5941/7033/5705
f 2957/7034/5706 6115/7035/5707 5878/7036/5708
f 5939/7001/5676 6118/6960/5638 5938/6962/5640
f 2975/7037/5709 6043/7038/5710 3006/7039/5711
f 7236/7040/5712 7230/6966/5644 7255/7041/5713
f 6118/6960/5638 6142/7011/5686 6120/6972/5649
f 7230/6966/5644 6042/7007/5682 7296/6964/5642
f 2968/7042/5714 6116/7043/5715 2998/7044/5716
f 6043/7038/5710 7296/6964/5642 6042/7007/5682
f 6136/6970/5647 6142/7011/5686 7209/7010/5685
f 2972/7045/5637 2971/7046/5717 2970/7047/5718
f 2993/7048/5719 7191/7049/5720 2992/7050/5721
f 2954/7051/5722 2974/7052/5723 5999/7032/5704
f 5940/7053/5724 3003/6999/5674 5848/7003/5678
f 5963/7054/5725 2971/7046/5717 6047/7055/5726
f 3005/7056/5727 2983/7057/5728 5941/7033/5705
f 5849/7058/5729 3001/7059/5730 3000/7060/5731
f 5999/7032/5704 2953/7061/5732 2954/7051/5722
f 3000/7062/5731 5850/7063/5733 5849/7064/5729
f 5940/7065/5724 3002/7066/5734 3003/7067/5674
f 5964/7068/5735 2970/7069/5718 5963/7070/5725
f 3002/7066/5734 3000/7071/5731 3003/7067/5674
f 5878/7072/5708 2956/7073/5736 2957/7074/5706
f 6145/7075/5737 5938/6962/5640 2965/6961/5639
f 6115/7076/5707 2985/7077/5738 5847/7078/5739
f 3004/7079/5740 5939/7080/5676 3007/7081/5741
f 6121/7082/5742 7207/6990/5665 6044/6992/5667
f 7208/7083/5743 6173/7084/5744 6171/7085/5745
f 6137/7086/5746 5873/7087/5747 6139/7088/5748
f 7259/7089/5749 7269/7090/5750 7261/7091/5751
f 7286/7092/5752 7274/7093/5753 6077/7094/5754
f 2977/7095/5755 6157/6952/5630 2962/6951/5629
f 3009/7096/5756 2993/7048/5719 2992/7050/5721
f 5876/7097/5757 2955/7098/5758 2956/7073/5736
f 5847/7099/5739 2984/7100/5759 3005/7056/5727
f 2957/7074/5706 2982/7031/5703 2986/7101/5760
f 7253/7102/5761 2960/7103/5762 6079/7104/5763
f 3102/7105/5764 3019/7106/5765 3104/7107/5766
f 5857/7108/5767 6002/7109/5768 5948/7110/5769
f 3023/7111/5770 6081/7112/5771 5946/7113/5772
f 5853/7114/5773 6007/7115/5774 5852/7116/5775
f 6003/7117/5776 3030/7118/5777 3031/7119/5778
f 3036/7120/5779 3033/7121/5780 6049/7122/5781
f 6081/7112/5771 3033/7121/5780 3036/7120/5779
f 3026/7123/5782 6080/7124/5783 3027/7125/5784
f 5945/7126/5785 5942/7127/5786 3032/7128/5787
f 3031/7119/5778 3020/7129/5788 3021/7130/5789
f 3035/7131/5790 6049/7132/5781 3033/7133/5780
f 5946/7134/5772 3025/7135/5791 3023/7136/5770
f 5943/7137/5792 3028/7138/5793 5942/7127/5786
f 3030/7118/5777 5854/7139/5794 3034/7140/5795
f 5856/7141/5796 6175/7142/5797 5855/7143/5798
f 3032/7128/5787 3027/7125/5784 6080/7124/5783
f 5942/7127/5786 5947/7144/5799 3027/7125/5784
f 6008/7145/5800 3032/7128/5787 6080/7124/5783
f 7260/7146/5801 2989/7147/5802 7236/7040/5712
f 7255/7041/5713 7272/7148/5803 7287/7149/5804
f 7260/7146/5801 7255/7041/5713 7287/7149/5804
f 7238/7150/5805 2987/7151/5806 7235/7152/5807
f 3105/7153/5808 2958/7154/5809 3088/7155/5810
f 7242/7156/5811 5949/7157/5812 5950/7158/5813
f 7247/7159/5814 7240/7160/5815 6096/7161/5816
f 7193/7162/5817 6010/7163/5818 7195/7164/5819
f 6095/7165/5820 3108/7166/5821 6153/7167/5822
f 6011/7168/5823 7291/7169/5824 3012/7170/5825
f 6152/7171/5826 6176/7172/5827 6148/7173/5828
f 3010/7174/5829 7289/7175/5829 3110/7176/5829
f 6149/7177/5830 3109/7178/5830 6177/7179/5830
f 5951/7180/5831 7292/7181/5832 7290/7182/5833
f 6151/7183/5834 3111/7184/5835 2979/7185/5836
f 7241/7186/5837 3043/7187/5838 7288/7188/5837
f 7246/7189/5839 6147/7190/5839 6150/7191/5840
f 7192/7192/5837 7241/7186/5837 7288/7188/5837
f 7246/7189/5839 3040/7193/5839 6147/7190/5839
f 7192/7192/5837 7288/7188/5837 6012/7194/5841
f 3040/7193/5839 3116/7195/5842 6147/7190/5839
f 5952/7196/5829 5955/7197/5829 7276/7198/5829
f 6086/7199/5843 5967/7200/5837 6084/7201/5837
f 5953/7202/5837 6084/7201/5837 5967/7200/5837
f 5953/7202/5837 5967/7200/5837 6082/7203/5837
f 6087/7204/5817 7210/7205/5818 5969/7206/5819
f 6085/7207/5823 3013/7208/5824 3014/7209/5844
f 3016/7210/5845 3118/7211/5812 3046/7212/5846
f 6083/7213/5847 3119/7214/5848 5954/7215/5833
f 5956/7216/5849 5958/7217/5839 6050/7218/5839
f 6123/7219/5839 6052/7220/5839 6050/7218/5839
f 5957/7221/5820 7243/7222/5821 5959/7223/5822
f 3121/7224/5826 3123/7225/5827 6124/7226/5828
f 6123/7219/5839 6050/7218/5839 5958/7217/5839
f 6051/7227/5814 7211/7228/5815 7263/7229/5850
f 6053/7230/5834 2980/7231/5851 2981/7232/5836
f 2656/6346/5054 2657/6356/5064 2652/6347/5055
f 6057/6349/5057 2653/6495/5196 6158/6350/5058
f 2660/6352/5060 5888/6496/5197 2655/6353/5061
f 2662/6355/5063 2663/6362/5070 2657/6356/5064
f 5970/6357/5065 6057/6349/5057 5880/6351/5059
f 2666/6359/5067 2660/6352/5060 2658/6354/5062
f 5971/6361/5069 5805/6368/5075 2663/6362/5070
f 2668/6363/5071 5970/7233/5065 5881/6364/5066
f 2664/6360/5068 2670/6654/5079 5904/6366/5073
f 6058/6367/5074 2675/6375/5082 5805/6368/5075
f 2674/6369/5076 2668/6363/5071 2671/6365/5072
f 2678/6371/5078 5904/7234/5073 2670/6372/5079
f 2680/6374/5081 6098/6381/5088 2675/6375/5082
f 5892/6376/5083 2674/6369/5076 5793/6370/5077
f 2684/6378/5085 2678/6371/5078 2676/6373/5080
f 5893/6380/5087 2688/6387/5094 6098/6381/5088
f 2686/6382/5089 5892/6376/5083 5794/6377/5084
f 2687/6384/5091 2684/6378/5085 2682/6379/5086
f 2690/6386/5093 6063/6393/5100 2688/6387/5094
f 6014/6388/5095 2686/6382/5089 5796/6383/5090
f 2694/6390/5097 2687/6384/5091 3050/6385/5092
f 2696/6392/5099 5894/6399/5106 6063/6393/5100
f 5797/6394/5101 6014/6388/5095 5795/6389/5096
f 5990/6396/5103 2694/6390/5097 2692/6391/5098
f 5798/6398/5105 2703/6406/5112 5894/6399/5106
f 2702/6400/5107 5797/7235/5101 2699/6401/5102
f 2707/6403/5109 5990/6396/5103 2698/6397/5104
f 2709/6405/5111 2710/6412/5117 2703/6406/5112
f 2706/6402/5108 5961/6414/5119 5972/6407/5113
f 2713/6408/5114 2707/7236/5109 2704/6409/5110
f 5973/6411/5116 5803/6419/5124 2710/6412/5117
f 2715/6413/5118 5972/6407/5113 5961/6414/5119
f 5902/6416/5121 2713/6408/5114 2711/6410/5115
f 6060/6418/5123 2722/6424/5129 5803/6419/5124
f 2718/6415/5120 2724/6425/5130 2721/6420/5125
f 2725/6421/5126 5902/6416/5121 2717/6417/5122
f 2727/6423/5128 5985/6430/5135 2722/6424/5129
f 2724/6425/5130 5859/6432/5137 5882/6426/5131
f 2731/6427/5132 2725/6421/5126 2723/6422/5127
f 5883/6429/5134 2734/6437/5142 5985/6430/5135
f 2733/6431/5136 5882/6426/5131 5859/6432/5137
f 5810/6434/5139 2731/6427/5132 2729/6428/5133
f 2739/6436/5141 2740/6444/5148 2734/6437/5142
f 6016/6438/5143 2733/6431/5136 2736/6433/5138
f 5987/6440/5145 5810/7237/5139 2735/6441/5140
f 2746/6443/5147 5896/6450/5153 2740/6444/5148
f 5799/6445/5149 6016/7238/5143 5975/6446/5144
f 2741/6442/5146 2748/6452/5155 5988/6448/5151
f 5800/6449/5152 2753/6455/5158 5896/6450/5153
f 2749/6447/5150 5884/6457/5160 2752/6451/5154
f 2748/6452/5155 2754/6460/5163 2756/6453/5156
f 2758/6454/5157 2759/6463/5166 2753/6455/5158
f 5976/6456/5159 2752/6451/5154 5884/6457/5160
f 2762/6459/5162 2756/6453/5156 2754/6460/5163
f 5977/6462/5165 5807/6469/5172 2759/6463/5166
f 2764/6464/5167 5976/6456/5159 5885/6458/5161
f 5899/6466/5169 2762/6459/5162 2760/6461/5164
f 6061/6468/5171 2771/6475/5178 5807/6469/5172
f 2770/6470/5173 2764/6464/5167 2767/6465/5168
f 2774/6472/5175 5899/6466/5169 2766/6467/5170
f 2776/6474/5177 5983/6481/5183 2771/6475/5178
f 5801/6471/5174 5802/7239/5185 5886/6476/5179
f 2780/6477/5180 2774/7240/5175 2772/6478/5176
f 5887/6480/5182 2784/6489/5190 5983/6481/5183
f 2783/6482/5184 5886/7241/5179 5802/6483/5185
f 5814/6485/5187 2780/7242/5180 2778/6486/5181
f 2789/6488/5189 2790/6494/5195 2784/6489/5190
f 6126/6490/5191 2783/6482/5184 2786/6484/5186
f 5889/6492/5193 5814/6485/5187 2785/6487/5188
f 6056/6348/5056 2652/6347/5055 2790/6494/5195
f 2653/6495/5196 6126/6490/5191 5979/6491/5192
f 2791/6493/5194 2655/6353/5061 5888/6496/5197
f 7248/6497/5198 3070/6510/5211 6162/6498/5199
f 6021/6500/5201 3065/6522/5223 5981/6501/5202
f 5986/6503/5204 7196/6512/5213 3057/6504/5205
f 2777/6506/5207 7215/6514/5215 3063/6507/5208
f 2691/6509/5210 7279/6516/5217 3070/6510/5211
f 6062/6511/5212 7197/6544/5242 7196/6512/5213
f 5984/6513/5214 7198/6518/5219 7215/6514/5215
f 2697/6515/5216 5890/6524/5225 7279/6516/5217
f 6023/6517/5218 2794/6529/5228 7198/6518/5219
f 6064/6502/5203 5981/6501/5202 5980/6519/5220
f 2669/6521/5222 6018/7243/5237 3065/6522/5223
f 5895/6523/5224 5891/7244/5227 5890/6524/5225
f 6020/6525/5226 3054/6534/5233 5891/6526/5227
f 6022/6528/5221 5980/7245/5220 2794/6529/5228
f 5897/6530/5229 7213/6536/5235 7214/6531/5230
f 2716/6533/5232 6159/6541/5239 3054/6534/5233
f 6024/6535/5234 3061/6543/5241 7213/6536/5235
f 5806/6537/5236 3068/6545/5243 6018/6538/5237
f 5804/6540/5238 3056/7246/5244 6159/6541/5239
f 2765/6542/5240 7244/6548/5245 3061/6543/5241
f 2747/6532/5231 7214/6531/5230 7197/6544/5242
f 2681/6499/5200 6162/6498/5199 3068/6545/5243
f 2728/6505/5206 3057/6504/5205 3056/6546/5244
f 5808/6508/5209 3063/6507/5208 7244/6548/5245
f 3052/6551/5247 2701/6558/5254 2695/6552/5248
f 3066/6554/5250 2661/6591/5284 2649/6555/5251
f 3053/6557/5253 2708/6653/5256 2701/6558/5254
f 7277/6559/5255 2714/6563/5258 2708/6560/5256
f 3055/6562/5257 2720/6565/5260 2714/6563/5258
f 6160/6564/5259 2726/6567/5262 2720/6565/5260
f 7212/6566/5261 2732/6569/5264 2726/6567/5262
f 3058/6568/5263 2738/6571/5266 2732/6569/5264
f 2744/6570/5265 2745/7247/5268 2738/6571/5266
f 3059/6572/5267 2751/6576/5270 2745/6573/5268
f 3060/6575/5269 2757/6578/5272 2751/6576/5270
f 7278/6577/5271 2763/6580/5274 2757/6578/5272
f 3062/6579/5273 2769/6582/5276 2763/6580/5274
f 7216/6581/5275 2775/6651/5278 2769/6582/5276
f 2781/6583/5277 2782/6587/5280 2775/6584/5278
f 3064/6586/5279 2788/6589/5282 2782/6587/5280
f 5982/6588/5281 2795/6601/5293 2788/6589/5282
f 6161/6590/5283 2667/6593/5286 2661/6591/5284
f 3067/6592/5285 2673/6655/5288 2667/6593/5286
f 6019/6594/5287 2679/6598/5290 2673/6595/5288
f 3069/6597/5289 2685/6600/5292 2679/6598/5290
f 6163/6599/5291 2689/6602/5294 2685/6600/5292
f 2651/6556/5252 2649/6555/5251 2795/6601/5293
f 3051/6553/5249 2695/6552/5248 2689/6602/5294
f 2730/6603/5295 5858/6648/5340 6025/6604/5296
f 6017/6606/5298 2761/6649/5341 5898/6607/5299
f 2683/6609/5301 2677/6650/5342 6026/6610/5302
f 5974/6612/5304 2730/6603/5295 5809/6605/5297
f 2773/6614/5306 6017/6606/5298 2768/6608/5300
f 3049/6616/5308 2683/6609/5301 5811/6611/5303
f 2654/6618/5310 2792/6647/5339 2793/6619/5311
f 2742/6621/5313 5974/6612/5304 2737/6613/5305
f 2779/6623/5315 2773/6614/5306 6027/6615/5307
f 2693/6625/5317 3049/6616/5308 5812/6617/5309
f 2712/6627/5319 5960/6632/5324 6065/6628/5320
f 6088/6630/5322 2742/6621/5313 2743/6622/5314
f 5960/6632/5324 6059/6639/5331 2700/6633/5325
f 2665/6634/5326 2659/6640/5332 5900/6635/5327
f 5978/6637/5329 2779/6623/5315 5813/6624/5316
f 6059/6639/5331 2693/6625/5317 5989/6626/5318
f 2659/6640/5332 2654/6618/5310 2650/6620/5312
f 6015/6641/5333 2712/6627/5319 5901/6629/5321
f 2755/6643/5335 6088/6630/5322 2750/6631/5323
f 6013/6645/5337 2665/6634/5326 5903/6636/5328
f 2792/6647/5339 5978/6637/5329 2787/6638/5330
f 5858/6648/5340 6015/6641/5333 2719/6642/5334
f 2761/6649/5341 2755/6643/5335 6066/6644/5336
f 2677/6650/5342 6013/6645/5337 2672/6646/5338
f 2772/6473/5176 2766/6467/5170 2769/6582/5276
f 2741/6442/5146 2735/6441/5140 2738/6652/5266
f 2649/6555/5251 2661/6591/5284 2658/6354/5062
f 2655/6353/5061 2791/6493/5194 2795/6601/5293
f 3050/6385/5092 2682/6379/5086 2685/6600/5292
f 2766/6467/5170 2760/6461/5164 2763/6580/5274
f 2735/6435/5140 2729/6428/5133 2732/6569/5264
f 2711/6410/5115 2705/6550/5246 2708/6560/5256
f 2679/6598/5290 2685/6600/5292 2682/6379/5086
f 2788/6589/5282 2795/6601/5293 2791/6493/5194
f 2760/6461/5164 2754/6460/5163 2757/6578/5272
f 2729/6428/5133 2723/6422/5127 2726/6567/5262
f 2717/6417/5122 2711/6410/5115 2714/6563/5258
f 2705/6549/5246 2698/6397/5104 2701/6558/5254
f 2676/6373/5080 2670/6372/5079 2673/6595/5288
f 2785/6487/5188 2778/6486/5181 2782/6587/5280
f 2751/6576/5270 2757/6578/5272 2754/6460/5163
f 2723/6422/5127 2717/6417/5122 2720/6565/5260
f 2698/6397/5104 2692/6391/5098 2695/6552/5248
f 2670/6654/5079 2664/6360/5068 2667/6593/5286
f 2775/6584/5278 2782/6587/5280 2778/6486/5181
f 2748/6452/5155 2741/6442/5146 2745/6573/5268
f 2692/6391/5098 3050/6385/5092 2689/6602/5294
f 2661/6591/5284 2667/6593/5286 2664/6360/5068
f 6054/6675/5362 5861/7248/5852 2802/6673/5360
f 5907/7249/5349 2799/6671/5358 5816/7250/5350
f 2797/6664/5351 6004/6660/5346 5860/6665/5352
f 3073/6672/5359 2799/6671/5358 2798/7249/5853
f 2801/6661/5347 6004/6660/5346 2797/6664/5351
f 5906/6667/5354 2796/7251/5854 3071/6668/5355
f 6154/6670/5357 5816/7250/5350 2799/6671/5358
f 2802/6673/5360 2800/7252/5855 3072/6674/5361
f 5817/6676/5363 2803/7253/5856 2804/6677/5364
f 5992/6679/5366 2814/6694/5381 2815/6742/5430
f 5992/6679/5366 2815/6742/5430 5916/6680/5367
f 5826/6682/5369 2820/6685/5372 2813/6683/5370
f 2812/6687/5374 2813/6683/5370 2821/6686/5373
f 2811/6689/5376 2812/6687/5374 2822/6688/5375
f 5911/6691/5378 5913/6740/5428 2826/6692/5379
f 2806/6693/5380 2826/6692/5379 2814/6694/5381
f 5822/6695/5382 5824/7254/5857 5912/6696/5383
f 5821/6698/5385 5908/6718/5406 5910/6699/5386
f 6068/6701/5388 5919/7255/5858 5995/6702/5389
f 2809/7256/5859 5917/7257/5860 5918/7258/5861
f 2827/6708/5396 2807/6679/5395 6068/6681/5388
f 2830/6711/5398 6068/6701/5388 6070/6703/5390
f 2832/7259/5862 2831/6712/5399 6070/6703/5390
f 2833/7260/5863 2832/7261/5862 6070/6684/5390
f 2834/6713/5400 2833/7260/5863 6070/6684/5390
f 2836/6715/5403 2835/6714/5402 5993/6683/5401
f 2837/6716/5404 2836/6715/5403 2812/6687/5374
f 5825/6717/5405 5914/7262/5864 5908/6718/5406
f 2839/6722/5410 5822/6695/5382 2805/6697/5384
f 2806/6693/5380 2841/6725/5413 2840/6724/5412
f 2841/6725/5413 2806/6693/5380 2807/6679/5395
f 5994/6726/5414 2817/6744/5432 2842/6727/5415
f 2845/6730/5418 2819/7263/5865 5994/6726/5414
f 2846/6731/5419 2820/6685/5372 5826/6682/5369
f 2847/6733/5421 6089/7264/5866 5909/6690/5377
f 2824/6734/5422 2823/7265/5867 2848/6735/5423
f 2851/6738/5426 2825/7266/5868 2824/6734/5422
f 2852/6739/5427 2826/6692/5379 5913/6740/5428
f 2853/6743/5431 6155/7267/5869 5916/6680/5367
f 2817/6744/5432 2816/7268/5870 2854/6745/5433
f 6092/7269/5438 6029/7270/5871 6090/7271/5439
f 5832/7272/5445 2869/7273/5872 5831/7274/5446
f 3074/6764/5448 2856/6782/5466 6091/6765/5449
f 3075/6767/5451 2855/6779/5463 6071/6768/5452
f 5829/6770/5454 5862/7275/5873 5863/6771/5455
f 6072/6773/5457 2860/6778/5462 2859/6774/5458
f 5863/6771/5455 2872/7276/5874 2871/6776/5460
f 6072/6773/5457 2863/7277/5875 2862/6777/5461
f 2855/6779/5463 2866/7278/5876 2865/6780/5464
f 6127/6781/5465 6100/7279/5877 6091/6765/5449
f 2861/6787/5467 2873/7280/5878 2884/7281/5468
f 2874/6786/5470 2873/7280/5878 2861/6787/5467
f 5837/6789/5472 2875/6791/5474 2874/6786/5470
f 2864/6790/5473 2876/6793/5476 2875/6791/5474
f 5997/6792/5475 2877/7282/5478 2876/6793/5476
f 6028/6794/5477 2878/7283/5480 2877/6795/5478
f 6028/6797/5477 2867/6801/5482 2879/6798/5479
f 2880/6800/5481 2879/6798/5479 2867/6801/5482
f 2868/6802/5483 6128/6805/5486 2881/6803/5484
f 2870/6804/5485 2882/7284/5879 2881/6803/5484
f 2883/6806/5487 2882/7284/5879 2870/6804/5485
f 5922/6808/5469 2884/7285/5468 2883/6806/5487
f 2887/6812/5492 6101/7286/5880 6103/6813/5493
f 6031/6815/5495 5867/7287/5881 5865/6816/5496
f 5925/7288/5882 2886/7289/5883 2893/7290/5884
f 5924/6818/5498 5868/7291/5885 6075/6819/5499
f 2888/6821/5501 2894/7292/5886 6102/6822/5502
f 6169/7293/5508 2908/7294/5887 2907/7295/5509
f 7203/7296/5888 2901/7297/5889 2912/7298/5890
f 6133/6831/5511 7222/7299/5891 2904/6832/5512
f 7218/7300/5892 2908/7294/5887 6169/7293/5508
f 6166/7301/5893 6129/7302/5894 6134/7303/5895
f 7265/7304/5517 2906/7305/5519 7297/7306/5526
f 2896/6849/5528 2902/7307/5896 7200/6850/5529
f 7219/6852/5531 7220/7308/5897 6131/6853/5532
f 2897/7309/5536 2905/7310/5535 3077/7311/5898
f 2898/7312/5538 6169/6828/5508 7266/6830/5510
f 2899/7313/5899 2909/6845/5525 3078/6844/5524
f 6167/7314/5900 2911/7315/5541 7185/7316/5901
f 6167/7314/5900 7282/7317/5539 2911/7315/5541
f 2918/7318/5902 2917/7319/5903 2919/7320/5904
f 5927/7321/5542 2920/7322/5905 6033/7323/5543
f 2914/6867/5545 6108/7324/5906 5928/6868/5546
f 6104/6873/5551 6005/6879/5557 6006/6874/5552
f 6034/6876/5554 2922/7325/5907 2916/6877/5555
f 2929/7326/5577 2941/7327/5908 6037/7328/5909
f 3079/7329/5910 2931/7330/5911 2933/7331/5912
f 2929/7326/5577 7295/7332/5576 2941/7327/5908
f 7250/7333/5913 2936/7334/5914 3080/7335/5915
f 3080/7335/5915 2936/7334/5914 5840/7336/5916
f 2938/6909/5587 6040/7337/5917 2937/7338/5918
f 3079/7339/5910 2930/7340/5919 2931/7341/5911
f 6035/6893/5571 5931/6895/5573 6093/6900/5578
f 5930/6902/5580 2932/7342/5920 7226/6903/5581
f 5933/7343/5921 7224/7344/5922 2925/7345/5923
f 7225/6905/5583 2934/7346/5924 6039/6906/5584
f 2926/6908/5586 6040/7337/5917 2938/6909/5587
f 5842/6897/5575 2929/6899/5577 7245/6912/5590
f 2952/6913/5591 7303/6943/5621 5869/6914/5592
f 2946/6916/5594 3082/7347/5925 7205/6917/5595
f 2949/6919/5597 3082/7347/5925 2946/6916/5594
f 3083/6924/5602 7251/6946/5624 5871/6921/5599
f 7204/6928/5606 7267/6926/5604 5935/6925/5603
f 7268/6930/5608 2947/7348/5926 5845/6931/5609
f 3085/6934/5612 2945/7349/5927 5936/6935/5613
f 7229/6937/5615 2943/7350/5928 2950/6938/5616
f 2951/6940/5618 2942/7351/5929 2944/6941/5619
f 7204/6928/5606 5937/6929/5607 7251/6946/5624
f 2969/6956/5634 7233/6958/5636 6156/6953/5631
f 5962/6963/5641 5877/7352/5930 2969/6956/5634
f 6145/7353/5737 7283/6969/5646 5938/6968/5640
f 6076/6973/5650 3099/7354/5931 7256/6974/5651
f 5874/6976/5653 5872/7355/5932 7252/6977/5654
f 7256/6974/5651 6156/6953/5631 7233/6958/5636
f 3087/6978/5655 3090/7356/5933 2963/6979/5656
f 5875/6981/5658 2964/7357/5934 6117/6982/5659
f 2961/6984/5661 3096/7358/5935 3089/6985/5662
f 7257/6987/5664 7273/7359/5936 7271/6988/5664
f 7190/6993/5668 7206/6997/5672 2999/6996/5671
f 5848/7003/5678 3003/6999/5674 2999/6996/5671
f 3004/7360/5740 7258/7361/5681 5939/7362/5676
f 7239/7013/5688 7234/7018/5693 7189/7014/5689
f 6172/7016/5691 3095/7363/5937 7284/7017/5692
f 7284/7017/5692 7206/6997/5672 7190/6993/5668
f 7188/7019/5694 3100/7364/5938 7187/7020/5695
f 7285/7022/5697 2991/7365/5939 2997/7023/5698
f 3091/7025/5700 6174/7366/5940 6141/7026/5701
f 7262/7028/5664 3097/7367/5941 3092/7029/5664
f 2982/7031/5703 2953/7061/5732 5999/7032/5704
f 2957/7074/5706 2986/7101/5760 6115/7368/5707
f 5939/7001/5676 6046/7000/5675 6118/6960/5638
f 2975/7037/5709 3094/7369/5942 6043/7038/5710
f 7236/7040/5712 7186/7008/5683 7230/6966/5644
f 6118/6960/5638 6046/7000/5675 6142/7011/5686
f 7230/6966/5644 7186/7008/5683 6042/7007/5682
f 2968/7042/5714 5879/7370/5943 6116/7043/5715
f 6043/7038/5710 3094/7369/5942 7296/6964/5642
f 6136/6970/5647 6120/6972/5649 6142/7011/5686
f 2954/7051/5722 2955/7098/5758 2974/7052/5723
f 5963/7054/5725 2970/7047/5718 2971/7046/5717
f 3003/7371/5674 3000/7060/5731 3001/7059/5730
f 3005/7056/5727 2984/7100/5759 2983/7057/5728
f 5849/7058/5729 6000/7372/5944 3001/7059/5730
f 5998/7373/5945 5962/6963/5641 2972/6959/5637
f 5998/7374/5945 2972/7375/5637 6170/7376/5946
f 6170/7376/5946 2972/7375/5637 2970/7377/5718
f 5941/7033/5705 2983/7057/5728 2982/7031/5703
f 2996/7005/5680 2995/7002/5677 5939/7001/5676
f 5878/7072/5708 5876/7097/5757 2956/7073/5736
f 2973/7378/5645 2976/7379/5947 5938/7380/5640
f 6115/7076/5707 2986/7381/5760 2985/7077/5738
f 2966/7382/5948 6144/6948/5626 7232/6947/5625
f 7208/7383/5743 2990/7384/5949 6173/7385/5744
f 6137/7086/5746 2959/7386/5950 5873/7087/5747
f 7259/7089/5749 2988/7387/5951 7269/7090/5750
f 7286/7092/5752 3098/7388/5952 7274/7093/5753
f 2978/7389/5953 2962/6951/5629 7231/6950/5628
f 3008/7390/5954 2992/7050/5721 7191/7049/5720
f 5876/7097/5757 2974/7052/5723 2955/7098/5758
f 5847/7099/5739 2985/7391/5738 2984/7100/5759
f 2957/7074/5706 2953/7061/5732 2982/7031/5703
f 5857/7108/5767 3024/7392/5955 6002/7109/5768
f 5944/7393/5956 3021/7130/5789 3020/7129/5788
f 5853/7114/5773 6009/7394/5957 6007/7115/5774
f 6081/7112/5771 3023/7111/5770 3033/7121/5780
f 3031/7119/5778 3030/7118/5777 3020/7129/5788
f 3035/7131/5790 3039/7395/5958 6049/7132/5781
f 5946/7134/5772 3029/7396/5959 3025/7135/5791
f 6008/7145/5800 6080/7124/5783 3038/7397/5960
f 3030/7118/5777 6003/7117/5776 5854/7139/5794
f 5856/7141/5796 3022/7398/5961 6175/7142/5797
f 3032/7128/5787 5942/7127/5786 3027/7125/5784
f 5942/7127/5786 3028/7138/5793 5947/7144/5799
f 6008/7145/5800 3037/7399/5962 3032/7128/5787
f 7260/7146/5801 7236/7040/5712 7255/7041/5713
f 7242/7156/5811 7194/7400/5963 5949/7157/5812
f 7247/7401/5814 3112/7402/5964 7240/7403/5815
f 3106/7404/5965 3113/7405/5965 3115/7406/5965
f 6094/7407/5966 3114/7408/5966 6097/7409/5966
f 7193/7410/5817 3044/7411/5967 6010/7412/5818
f 6095/7165/5820 3107/7413/5968 3108/7166/5821
f 6011/7414/5823 3017/7415/5969 7291/7416/5824
f 6152/7417/5826 7275/7418/5970 6176/7419/5827
f 5951/7420/5831 3011/7421/5971 7292/7422/5832
f 6151/7183/5834 3018/7423/5972 3111/7184/5835
f 5968/7424/5973 5966/7425/5973 3048/7426/5973
f 6087/7427/5817 3047/7428/5974 7210/7429/5818
f 6085/7430/5823 3045/7431/5969 3013/7432/5824
f 3016/7210/5845 3117/7433/5963 3118/7211/5812
f 6083/7434/5847 7294/7435/5971 3119/7436/5848
f 3120/7437/5975 3015/7438/5975 3124/7439/5975
f 5957/7221/5820 7264/7440/5976 7243/7222/5821
f 3121/7441/5826 3122/7442/5977 3123/7443/5827
f 6125/7444/5978 7304/7445/5978 7301/7446/5978
f 6051/7447/5814 3042/7448/5964 7211/7449/5815
f 6053/7230/5834 3041/7450/5979 2980/7231/5851
f 3132/7451/5980 3128/7452/5981 6537/7453/5982
f 6502/7454/5983 6559/7455/5984 6267/7456/5985
f 3136/7457/5986 3131/7458/5987 3134/7459/5988
f 3139/7460/5989 3133/7461/5990 3132/7451/5980
f 6348/7462/5991 6267/7456/5985 6268/7463/5992
f 3143/7464/5993 3134/7459/5988 3141/7465/5994
f 6349/7466/5995 3140/7467/5996 3139/7460/5989
f 3145/7468/5997 6268/7463/5992 3149/7469/5998
f 3141/7465/5994 6290/7470/5999 3143/7464/5993
f 6470/7471/6000 6188/7472/6001 6349/7466/5995
f 3152/7473/6002 3149/7474/5998 6178/7475/6003
f 3156/7476/6004 3147/7477/6005 3154/7478/6006
f 3158/7479/6007 3153/7480/6008 6470/7471/6000
f 6471/7481/6009 6178/7475/6003 6179/7482/6010
f 3162/7483/6011 3154/7484/6006 3160/7485/6012
f 6339/7486/6013 6362/7487/6014 3158/7479/6007
f 3538/7488/6015 6179/7482/6010 3537/7489/6016
f 3556/7490/6017 3160/7485/6012 3540/7491/6018
f 3164/7492/6019 3539/7493/6020 6339/7486/6013
f 6338/7494/6021 3537/7489/6016 6560/7495/6022
f 3168/7496/6023 3540/7491/6018 3166/7497/6024
f 3171/7498/6025 6476/7499/6026 3164/7492/6019
f 6180/7500/6027 6560/7495/6022 3175/7501/6028
f 6367/7502/6029 3166/7497/6024 3173/7503/6030
f 6181/7504/6031 6279/7505/6032 3171/7498/6025
f 3178/7506/6033 3175/7507/6028 3181/7508/6034
f 3182/7509/6035 3173/7503/6030 3180/7510/6036
f 3184/7511/6037 3179/7512/6038 6181/7504/6031
f 3181/7508/6034 6350/7513/6039 3178/7506/6033
f 3188/7514/6040 3180/7515/6036 3186/7516/6041
f 6351/7517/6042 3185/7518/6043 3184/7511/6037
f 3190/7519/6044 6341/7520/6045 3193/7521/6046
f 6288/7522/6047 3186/7516/6041 3192/7523/6048
f 6473/7524/6049 6186/7525/6050 6351/7517/6042
f 3193/7521/6046 3197/7526/6051 3190/7519/6044
f 3202/7527/6052 3192/7523/6048 3199/7528/6053
f 3204/7529/6054 3198/7530/6055 6473/7524/6049
f 3201/7531/6056 6269/7532/6057 3197/7526/6051
f 3208/7533/6058 3199/7528/6053 3206/7534/6059
f 6270/7535/6060 6360/7536/6061 3204/7529/6054
f 3210/7537/6062 6231/7538/6063 3213/7539/6064
f 6193/7540/6065 3206/7534/6059 3212/7541/6066
f 3217/7542/6067 3211/7543/6068 6270/7535/6060
f 6408/7544/6069 3213/7545/6064 6353/7546/6070
f 6364/7547/6071 3212/7541/6066 3219/7548/6072
f 3225/7549/6073 3218/7550/6074 3217/7542/6067
f 6182/7551/6075 6353/7546/6070 3229/7552/6076
f 3219/7553/6072 6365/7554/6077 6364/7555/6071
f 6183/7556/6078 6281/7557/6079 3225/7549/6073
f 3229/7552/6076 3233/7558/6080 6182/7551/6075
f 3227/7559/6081 3238/7560/6082 6365/7554/6077
f 3240/7561/6083 3234/7562/6084 6183/7556/6078
f 6354/7563/6085 6271/7564/6086 6272/7565/6087
f 3244/7566/6088 3235/7567/6089 3242/7568/6090
f 6355/7569/6091 3241/7570/6092 3240/7561/6083
f 3246/7571/6093 6272/7565/6087 3249/7572/6094
f 6284/7573/6095 3242/7568/6090 3248/7574/6096
f 6474/7575/6097 6190/7576/6098 6355/7569/6091
f 3253/7577/6099 3249/7572/6094 6184/7578/6100
f 3258/7579/6101 3248/7574/6096 3255/7580/6102
f 3260/7581/6103 3254/7582/6104 6474/7575/6097
f 6184/7578/6100 6273/7583/6105 3253/7577/6099
f 3265/7584/6106 3255/7585/6102 3262/7586/6107
f 6274/7587/6108 6358/7588/6109 3260/7581/6103
f 3268/7589/6110 6185/7590/6111 3272/7591/6112
f 6195/7592/6113 3262/7586/6107 3270/7593/6114
f 3276/7594/6115 3269/7595/6116 6274/7587/6108
f 6536/7596/6117 3272/7591/6112 6357/7597/6118
f 6503/7598/6119 3270/7593/6114 3278/7599/6120
f 6537/7453/5982 3277/7600/6121 3276/7594/6115
f 3129/7601/6122 6357/7597/6118 6559/7455/5984
f 3278/7599/6120 6285/7602/6123 6503/7598/6119
f 6363/7603/6124 3553/7604/6125 3159/7605/6126
f 6413/7606/6127 7392/7607/6128 6477/7608/6129
f 6361/7609/6130 3544/7610/6131 3205/7611/6132
f 3261/7612/6133 3548/7613/6134 6191/7614/6135
f 3165/7615/6136 3554/7616/6137 6363/7603/6124
f 6475/7617/6138 3215/7618/6139 6361/7609/6130
f 6359/7619/6140 6463/7620/6141 3261/7612/6133
f 3172/7621/6142 7380/7622/6143 3165/7615/6136
f 6415/7623/6144 6464/7624/6145 6359/7619/6140
f 6477/7608/6129 3127/7625/6146 6414/7626/6147
f 3146/7627/6148 7333/7628/6149 6413/7606/6127
f 6280/7629/6150 6275/7630/6151 3172/7621/6142
f 6412/7631/6152 6276/7632/6153 6280/7629/6150
f 6414/7626/6147 3549/7633/6154 6415/7623/6144
f 6282/7634/6155 6530/7635/6156 3226/7636/6157
f 3191/7637/6158 7377/7638/6159 6412/7631/6152
f 6416/7639/6160 7331/7640/6161 6282/7634/6155
f 6189/7641/6162 6410/7642/6163 3146/7627/6148
f 6187/7643/6164 7349/7644/6165 3191/7637/6158
f 3247/7645/6166 7378/7646/6167 6416/7639/6160
f 3226/7636/6157 3223/7647/6168 6475/7617/6138
f 3159/7605/6126 3552/7648/6169 6189/7641/6162
f 3205/7611/6132 3545/7649/6170 6187/7643/6164
f 6191/7614/6135 7350/7650/6171 3247/7645/6166
f 3199/7528/6053 3192/7523/6048 3200/7651/6172
f 3220/7652/6173 3227/7559/6081 3219/7553/6072
f 3200/7651/6172 3206/7534/6059 3199/7528/6053
f 3255/7580/6102 3248/7574/6096 3256/7653/6174
f 3262/7654/6107 3256/7655/6174 3263/7656/6175
f 3219/7548/6072 3212/7541/6066 3220/7657/6173
f 3270/7658/6114 3263/7656/6175 3271/7659/6176
f 3173/7503/6030 3166/7497/6024 3174/7660/6177
f 3271/7659/6176 3278/7661/6120 3270/7658/6114
f 3147/7477/6005 3141/7465/5994 3148/7662/6178
f 3235/7567/6089 3228/7663/6179 3236/7664/6180
f 3541/7665/6181 3170/7666/6182 3169/7667/6183
f 3137/7668/6184 3125/7669/6185 7353/7670/6186
f 3542/7671/6187 3177/7672/6188 3541/7665/6181
f 3543/7673/6189 3183/7674/6190 3542/7675/6187
f 3195/7676/6191 3189/7677/6192 3543/7673/6189
f 6278/7678/6193 3196/7679/6194 3195/7676/6191
f 6277/7680/6195 3203/7681/6196 6278/7678/6193
f 6232/7682/6197 3209/7683/6198 6277/7680/6195
f 6233/7684/6199 3216/7685/6200 6232/7682/6197
f 3231/7686/6201 3224/7687/6202 6233/7688/6199
f 3546/7689/6203 3232/7690/6204 3231/7686/6201
f 3547/7691/6205 3239/7692/6206 3546/7689/6203
f 3251/7693/6207 3245/7694/6208 3547/7691/6205
f 7332/7695/6209 3252/7696/6210 3251/7693/6207
f 3266/7697/6211 3259/7698/6212 7332/7699/6209
f 3274/7700/6213 3267/7701/6214 3266/7697/6211
f 7319/7702/6215 3275/7703/6216 3274/7700/6213
f 3550/7704/6217 3138/7705/6218 3137/7668/6184
f 3551/7706/6219 3144/7707/6220 3550/7708/6217
f 6411/7709/6221 3151/7710/6222 3551/7706/6219
f 7393/7711/6223 3157/7712/6224 6411/7709/6221
f 7379/7713/6225 3163/7714/6226 7393/7711/6223
f 7353/7670/6186 3282/7715/6227 7319/7702/6215
f 3169/7667/6183 3555/7716/6228 7379/7713/6225
f 3207/7717/6229 6417/7718/6230 6192/7719/6231
f 6409/7720/6232 6283/7721/6233 3250/7722/6234
f 3161/7723/6235 6418/7724/6236 6419/7725/6237
f 6352/7726/6238 6192/7719/6231 3214/7727/6239
f 3257/7728/6240 3250/7722/6234 6420/7729/6241
f 7403/7730/6242 6419/7725/6237 6390/7731/6243
f 3130/7732/6244 3281/7733/6245 3126/7734/6246
f 3221/7735/6247 3214/7727/6239 3222/7736/6248
f 3264/7737/6249 6420/7729/6241 6194/7738/6250
f 3167/7739/6251 6390/7731/6243 6366/7740/6252
f 3187/7741/6253 6478/7742/6254 6287/7743/6255
f 6499/7744/6256 3222/7736/6248 3230/7745/6257
f 6340/7746/6258 3176/7747/6259 6478/7742/6254
f 3142/7748/6260 6286/7749/6261 6289/7750/6262
f 6356/7751/6263 6194/7738/6250 3273/7752/6264
f 6472/7753/6265 6366/7740/6252 3176/7747/6259
f 3135/7754/6266 3126/7734/6246 6286/7749/6261
f 6407/7755/6267 6287/7743/6255 3194/7756/6268
f 3237/7757/6269 3230/7745/6257 6479/7758/6270
f 6406/7759/6271 6289/7750/6262 3150/7760/6272
f 3280/7761/6273 3273/7752/6264 3281/7733/6245
f 6230/7762/6274 3194/7756/6268 6417/7718/6230
f 3243/7763/6275 6479/7758/6270 6283/7721/6233
f 3155/7764/6276 3150/7760/6272 6418/7724/6236
f 3256/7653/6174 3252/7696/6210 3259/7765/6212
f 3220/7657/6173 3216/7685/6200 3224/7766/6202
f 3125/7669/6185 3134/7767/5988 3131/7768/5987
f 3131/7768/5987 3282/7715/6227 3125/7669/6185
f 3540/7491/6018 3163/7714/6226 3555/7716/6228
f 3248/7574/6096 3245/7694/6208 3252/7696/6210
f 3212/7541/6066 3209/7683/6198 3216/7685/6200
f 3186/7516/6041 3183/7674/6190 3189/7677/6192
f 3157/7712/6224 3160/7485/6012 3154/7484/6006
f 3275/7703/6216 3279/7769/6277 3271/7659/6176
f 3242/7568/6090 3239/7692/6206 3245/7694/6208
f 3206/7534/6059 3203/7681/6196 3209/7683/6198
f 3192/7523/6048 3189/7677/6192 3196/7679/6194
f 3180/7510/6036 3177/7672/6188 3183/7770/6190
f 3154/7484/6006 3151/7710/6222 3157/7712/6224
f 3271/7659/6176 3267/7701/6214 3275/7703/6216
f 3232/7690/6204 3236/7664/6180 3228/7663/6179
f 3200/7651/6172 3196/7679/6194 3203/7681/6196
f 3174/7660/6177 3170/7666/6182 3177/7672/6188
f 3148/7771/6178 3144/7707/6220 3151/7710/6222
f 3259/7698/6212 3263/7656/6175 3256/7655/6174
f 3228/7663/6179 3224/7687/6202 3232/7690/6204
f 3166/7497/6024 3555/7716/6228 3170/7666/6182
f 3138/7705/6218 3141/7772/5994 3134/7767/5988
f 6370/7773/6278 6368/7774/6279 3283/7775/6280
f 3283/7776/6280 3285/7777/6281 6370/7778/6278
f 6234/7779/6282 3289/7780/6283 6237/7781/6284
f 6372/7782/6285 6538/7783/6286 6236/7784/6287
f 3284/7785/6288 6238/7786/6289 6242/7787/6290
f 6235/7788/6291 6369/7789/6292 3286/7790/6293
f 3285/7777/6281 7305/7791/6294 6480/7792/6295
f 6538/7783/6286 3291/7793/6296 6540/7794/6297
f 3289/7780/6283 6539/7795/6298 3559/7796/6299
f 6241/7797/6300 6465/7798/6301 3557/7799/6302
f 6373/7800/6303 6393/7801/6304 6481/7802/6305
f 6201/7803/6306 3300/7804/6307 6482/7805/6308
f 3300/7804/6307 3307/7806/6309 3308/7807/6310
f 3299/7808/6311 3308/7807/6310 3309/7809/6312
f 3298/7810/6313 3309/7809/6312 6292/7811/6314
f 6294/7812/6315 3313/7813/6316 3293/7814/6317
f 3293/7814/6317 3301/7815/6318 6373/7800/6303
f 6197/7816/6319 6295/7817/6320 3292/7818/6321
f 6196/7819/6322 6293/7820/6323 6198/7821/6324
f 3296/7822/6325 3304/7823/6326 6483/7824/6327
f 3295/7825/6328 3305/7826/6329 6202/7827/6330
f 3315/7828/6331 3294/7829/6332 3314/7830/6333
f 3314/7830/6333 3296/7831/6325 3316/7832/6334
f 3316/7833/6334 3296/7822/6325 3317/7834/6335
f 3317/7834/6335 6483/7824/6327 3318/7835/6336
f 3321/7836/6337 6483/7805/6327 6374/7804/6338
f 6374/7804/6338 3322/7837/6339 3321/7836/6337
f 3323/7838/6340 6374/7804/6338 3299/7808/6311
f 3324/7839/6341 3299/7808/6311 3298/7810/6313
f 6200/7840/6342 6291/7841/6343 6196/7819/6322
f 3325/7842/6344 3297/7843/6345 7320/7844/6346
f 3326/7845/6347 3292/7818/6321 6298/7846/6348
f 3293/7814/6317 3327/7847/6349 6294/7812/6315
f 3328/7848/6350 3294/7849/6332 3315/7850/6331
f 6391/7851/6351 3329/7852/6352 3330/7853/6353
f 3331/7854/6354 6391/7851/6351 3330/7853/6353
f 3332/7855/6355 6391/7851/6351 3331/7854/6354
f 3333/7856/6356 6201/7803/6306 6203/7857/6357
f 3308/7807/6310 3307/7806/6309 3333/7856/6356
f 3309/7809/6312 3308/7807/6310 3334/7858/6358
f 3334/7858/6358 6292/7811/6314 3309/7809/6312
f 6199/7859/6359 3335/7860/6360 3336/7861/6361
f 3560/7862/6362 6199/7859/6359 3336/7861/6361
f 3337/7863/6363 6199/7859/6359 3560/7862/6362
f 3338/7864/6364 6296/7865/6365 6299/7866/6366
f 3301/7815/6318 3313/7813/6316 3338/7864/6364
f 3302/7867/6367 3301/7815/6318 3339/7868/6368
f 3339/7868/6368 6393/7801/6304 3302/7867/6367
f 6393/7801/6304 3340/7869/6369 3329/7870/6352
f 3343/7871/6370 6342/7872/6371 6210/7873/6372
f 6342/7874/6371 3343/7875/6370 6375/7876/6373
f 6501/7877/6374 3341/7878/6375 6504/7879/6376
f 6245/7880/6377 6561/7881/6378 6305/7882/6379
f 6561/7883/6378 6245/7884/6377 6208/7885/6380
f 6204/7886/6381 3342/7887/6382 6205/7888/6383
f 7385/7889/6384 6300/7890/6385 7383/7891/6386
f 3563/7892/6387 7382/7893/6388 7398/7894/6389
f 3344/7895/6390 6301/7896/6391 7306/7897/6392
f 3561/7898/6393 6244/7899/6394 6243/7900/6395
f 3345/7901/6396 3356/7902/6397 6301/7896/6391
f 7381/7903/6398 3347/7904/6399 6244/7899/6394
f 7384/7905/6400 3350/7906/6401 7382/7893/6388
f 6302/7907/6402 7383/7891/6386 6300/7890/6385
f 3346/7908/6403 3369/7909/6404 6304/7910/6405
f 3359/7911/6406 3346/7912/6403 6207/7913/6407
f 3360/7914/6408 6207/7913/6407 6209/7915/6409
f 6209/7915/6409 3361/7916/6410 3360/7914/6408
f 6376/7917/6411 3361/7918/6410 3349/7919/6412
f 6421/7920/6413 3362/7921/6414 6376/7922/6411
f 6421/7920/6413 3364/7923/6415 3363/7924/6416
f 6505/7925/6417 3364/7923/6415 3352/7926/6418
f 6303/7927/6419 3365/7928/6420 6505/7925/6417
f 3355/7929/6421 3366/7930/6422 6303/7927/6419
f 3368/7931/6423 3355/7929/6421 6206/7932/6424
f 6304/7933/6405 3368/7931/6423 6206/7932/6424
f 3375/7934/6425 3376/7935/6426 3374/7936/6427
f 3372/7937/6428 6508/7938/6429 3377/7939/6430
f 6424/7940/6431 6246/7941/6432 6423/7942/6433
f 6562/7943/6434 6485/7944/6435 6484/7945/6436
f 3373/7946/6437 6507/7947/6438 6564/5723/6439
f 6562/7943/6434 6484/7945/6436 7334/7948/6440
f 6247/7949/6441 3370/7950/6442 3380/7951/6443
f 3565/7952/6444 6541/7953/6445 3388/7954/6446
f 6398/7955/6447 3393/7956/6448 6309/7957/6449
f 6398/7955/6447 7410/7958/6450 3393/7956/6448
f 6306/7959/6451 6308/7960/6452 3391/7961/6453
f 3565/7952/6444 3387/7962/6454 6558/7963/6455
f 6556/7964/6456 6557/7965/6457 3381/7966/6458
f 6343/7967/6459 7375/7968/6460 3382/7969/6461
f 7399/7970/6462 6307/7971/6463 3383/7972/6464
f 6543/7973/6465 6399/7974/6466 3384/7975/6465
f 3386/7976/6467 6395/7977/6468 3385/7978/6469
f 3381/7979/6458 7336/7980/6470 7335/7981/6471
f 6310/7982/6472 6426/7983/6473 6425/7984/6474
f 6512/7985/6475 6311/7986/6476 3400/7987/6477
f 6510/7988/6478 6514/7989/6479 6511/7990/6480
f 6509/7991/6481 6401/7992/6482 3406/7993/6483
f 6427/7994/6484 3401/7995/6485 6515/7996/6486
f 6400/7997/6487 6509/7991/6481 6565/7998/6488
f 3398/7999/6489 3399/8000/6490 3408/8001/6491
f 6430/8002/6492 3416/8003/6493 7386/8004/6494
f 6312/8005/6495 6314/8006/6496 6574/8007/6497
f 6430/8002/6492 3426/8008/6498 3416/8003/6493
f 3570/8009/6499 3418/8010/6500 3419/8011/6501
f 6316/8012/6502 3423/8013/6503 6546/8014/6504
f 6546/8015/6504 3425/8016/6505 6576/8017/6506
f 3424/8018/6507 3426/8008/6498 6430/8002/6492
f 6573/8019/6508 6319/8020/6509 6317/8021/6510
f 6313/8022/6511 7387/8023/6512 3417/8024/6513
f 3415/8025/6514 6516/8026/6515 3409/8027/6516
f 6312/8005/6495 3411/8028/6517 3410/8029/6518
f 6573/8030/6508 7354/8031/6519 6572/8032/6520
f 3420/8033/6521 3413/8034/6522 3412/8035/6523
f 6545/8036/6524 3414/8037/6525 3413/8038/6522
f 6575/8039/6526 6428/8040/6527 6544/8041/6528
f 3438/8042/6529 6250/8043/6530 3437/8044/6531
f 3430/8045/6532 7322/8046/6533 7404/8047/6534
f 3434/8048/6535 3430/8045/6532 7409/8049/6536
f 6252/8050/6537 6518/8051/6538 7405/8052/6539
f 3573/8053/6540 6252/8050/6537 7405/8052/6539
f 6567/8054/6541 6433/8055/6542 6431/8056/6543
f 7321/8057/6544 6567/8054/6541 7338/8058/6545
f 6434/8059/6546 7307/8060/6547 6432/8061/6548
f 3435/8062/6549 7404/8047/6534 7322/8046/6533
f 3432/8063/6550 3577/8064/6551 3433/8065/6552
f 3576/8066/6553 7406/8067/6554 6517/8068/6555
f 3436/8069/6556 6519/8070/6557 3575/8071/6558
f 6566/8072/6559 3438/8042/6529 6568/8073/6560
f 3437/8044/6531 6250/8043/6530 6251/8074/6561
f 7338/8058/6545 3573/8053/6540 7321/8057/6544
f 6435/8075/6562 6490/8076/6563 6437/8077/6564
f 3446/8078/6565 3445/8079/6566 7357/8080/6567
f 7356/8081/6568 6450/8082/6569 6547/8083/6570
f 3453/8084/6571 6549/8085/6572 6436/8086/6573
f 3456/8087/6574 3453/8084/6571 6547/8083/6570
f 6438/8088/6575 3449/8089/6576 6320/8090/6577
f 3453/8084/6571 7356/8081/6568 6547/8083/6570
f 6344/8091/6578 3453/8084/6571 3456/8087/6574
f 3454/8092/6579 6347/8093/6580 7339/8094/6581
f 3457/8095/6582 6320/8096/6577 7388/8097/6583
f 6527/8098/6584 7366/8099/6585 7400/8100/6586
f 7390/8101/6587 7361/8102/6588 6491/8103/6589
f 7325/8104/6590 6493/8105/6591 6491/8103/6589
f 7325/8104/6590 6491/8103/6589 7361/8102/6588
f 7325/8104/6590 7356/8081/6568 6436/8086/6573
f 7360/8106/6592 7340/8107/6593 3447/8108/6594
f 7326/8109/6595 3451/8110/6596 7401/8111/6597
f 3581/8112/6598 3578/8113/6599 3580/8114/6600
f 3579/8115/6601 6469/8116/6601 7359/8117/6601
f 6441/8118/6602 3484/8119/6603 6521/8120/6604
f 6524/8121/6605 6520/8122/6606 6380/8123/6607
f 3486/8124/6608 3481/8125/6609 6523/8126/6610
f 3490/8127/6611 6520/8122/6606 3486/8124/6608
f 6486/8128/6612 6211/8129/6613 3482/8130/6614
f 6524/8121/6605 3486/8124/6608 6520/8122/6606
f 6216/8131/6615 3486/8124/6608 6214/8132/6616
f 3483/8133/6617 6211/8134/6613 7362/8135/6618
f 6443/8136/6619 7342/8137/6620 6219/8138/6621
f 3593/8139/6622 6489/8140/6623 7312/8141/6624
f 6444/8142/6625 7344/8143/6626 6446/8144/6627
f 6222/8145/6628 6440/8146/6629 6221/8147/6630
f 6221/8147/6630 6440/8146/6629 7344/8143/6626
f 6440/8146/6629 6524/8121/6605 7344/8143/6626
f 7343/8148/6631 3480/8149/6632 7364/8150/6633
f 6439/8151/6634 6487/8152/6635 6442/8153/6636
f 3477/8154/6637 7311/8155/6638 3582/8156/6639
f 7370/8157/6601 3588/8158/6601 3595/8159/6601
f 3469/8160/6640 6377/8161/6641 6322/8162/6642
f 3443/8163/6643 6212/8164/6644 6255/8165/6645
f 6486/8128/6612 6320/8090/6577 6211/8129/6613
f 3583/8166/6646 3493/8167/6647 3459/8168/6648
f 7363/8169/6649 7339/8094/6581 7358/8170/6650
f 6438/8088/6575 6489/8140/6623 7400/8100/6586
f 7339/8094/6581 6443/8136/6619 3454/8092/6579
f 6256/8171/6651 3485/8172/6652 3452/8173/6653
f 6448/8174/6654 3454/8092/6579 6443/8136/6619
f 7400/8100/6586 3593/8139/6622 6527/8098/6584
f 3456/8175/6574 3455/8176/6655 7407/8177/6656
f 7341/8178/6657 6525/8179/6658 3479/8180/6659
f 3440/8181/6660 3458/8182/6661 6377/8161/6641
f 6321/8183/6662 3490/8127/6611 6216/8131/6615
f 6345/8184/6663 3455/8185/6655 6449/8186/6664
f 3492/8187/6665 3470/8188/6666 6322/8162/6642
f 6217/8189/6667 3488/8190/6668 3487/8191/6669
f 6377/8161/6641 3439/8192/6670 3440/8181/6660
f 3487/8193/6669 6218/8194/6671 6217/8195/6667
f 6321/8196/6662 3489/8197/6672 3490/8198/6611
f 6346/8199/6673 7407/8177/6656 6345/8200/6663
f 3489/8197/6672 3487/8201/6669 3490/8198/6611
f 6255/8165/6645 3442/8202/6674 3443/8163/6643
f 6548/8203/6675 6320/8090/6577 3449/8089/6576
f 6212/8164/6644 3472/8204/6676 6215/8205/6677
f 3491/8206/6678 6211/8207/6613 6213/8208/6679
f 6522/8209/6680 6441/8118/6602 6521/8120/6604
f 6324/8210/6681 7310/8211/6682 6223/8212/6683
f 3592/8213/6684 7324/8214/6685 7365/8215/6686
f 7367/8216/6687 6447/8217/6688 7369/8218/6689
f 6467/8219/6690 7394/8220/6691 7389/8221/6692
f 3461/8222/6693 7357/8080/6567 3445/8079/6566
f 3496/8223/6694 7341/8178/6657 3479/8180/6659
f 6253/8224/6695 3441/8225/6696 3442/8226/6674
f 6215/8227/6677 3471/8228/6697 3492/8187/6665
f 3443/8229/6643 3469/8160/6640 3473/8230/6698
f 6494/8231/6699 6526/8232/6700 6492/8233/6701
f 6323/8234/6702 3594/8235/6703 6220/8236/6704
f 6229/8237/6705 6381/8238/6706 6383/8239/6707
f 3511/8240/6708 6451/8241/6709 6452/8242/6710
f 6225/8243/6711 6402/8244/6712 6224/8245/6713
f 3521/8246/6714 3519/8247/6715 3520/8248/6716
f 6453/8249/6717 3522/8250/6718 6329/8251/6719
f 6451/8252/6709 3522/8250/6718 6453/8249/6717
f 3525/8253/6720 3515/8254/6721 3514/8255/6722
f 6325/8256/6723 6384/8257/6724 6328/8258/6725
f 3520/8248/6716 3508/8259/6726 3509/8260/6727
f 3524/8261/6728 6329/8262/6719 3522/8263/6718
f 6452/8264/6710 3513/8265/6729 3511/8266/6708
f 6326/8267/6730 3516/8268/6731 6325/8269/6723
f 3519/8270/6715 6226/8271/6732 3523/8272/6733
f 6228/8273/6734 6569/8274/6735 6227/8275/6736
f 6325/8276/6723 3526/8277/6737 6384/8278/6724
f 6325/8276/6723 6382/8279/6738 3515/8254/6721
f 6330/8280/6739 6384/8278/6724 3526/8277/6737
f 7368/8281/6740 3585/8282/6741 7363/8169/6649
f 7358/8170/6650 6468/8283/6742 6466/8284/6743
f 7368/8281/6740 7358/8170/6650 6466/8284/6743
f 6445/8285/6744 3597/8286/6745 3476/8287/6746
f 3444/8288/6747 3598/8289/6748 3590/8290/6749
f 7372/8291/6750 3601/8292/6751 6529/8293/6752
f 7315/8294/6753 7346/8295/6754 7396/8296/6755
f 6497/8297/6756 6403/8298/6757 6495/8299/6758
f 7317/8300/6759 6454/8301/6760 6456/8302/6761
f 6404/8303/6762 7327/8304/6763 3497/8305/6764
f 6455/8306/6765 7328/8307/6766 6552/8308/6767
f 6457/8309/6768 3602/8310/6768 3600/8311/6768
f 6551/8312/6769 3464/8313/6769 7313/8314/6769
f 6528/8315/6770 6460/8316/6771 6458/8317/6772
f 6554/8318/6773 3463/8319/6774 3465/8320/6775
f 7371/8321/6776 3603/8322/6776 6459/8323/6776
f 7314/8324/6777 6550/8325/6777 6553/8326/6777
f 6498/8327/6776 7371/8321/6776 6459/8323/6776
f 7314/8324/6777 7316/8328/6777 6550/8325/6777
f 6498/8327/6776 6459/8323/6776 6405/8329/6776
f 7316/8328/6777 3529/8330/6777 6550/8325/6777
f 6257/8331/6776 7347/8332/6776 6263/8333/6776
f 6532/8334/6778 6531/8335/6778 6555/8336/6778
f 6259/8337/6776 6257/8331/6776 6263/8333/6776
f 6533/8338/6779 6263/8333/6776 7347/8332/6776
f 6260/8339/6756 3501/8340/6757 6332/8341/6758
f 6262/8342/6762 3500/8343/6780 6261/8344/6764
f 3608/8345/6750 7408/8346/6781 3610/8347/6782
f 7348/3400/6783 3499/8348/6771 3534/8349/6784
f 6579/8350/6779 6266/8351/6777 6461/8352/6777
f 6334/8353/6777 6336/8354/6777 6461/8352/6777
f 6337/8355/6759 6535/8356/6760 6462/8357/6785
f 6334/8353/6777 6461/8352/6777 6266/8351/6777
f 3503/8358/6786 7318/8359/6787 6578/8360/6767
f 6335/8361/6753 3467/8362/6788 7373/8363/6755
f 6265/8364/6789 3616/8365/6774 6264/8366/6775
f 3618/8367/6779 3619/8368/6779 3617/8369/6779
f 6388/8370/6790 7330/8371/6790 6386/8372/6790
f 7351/8373/6791 7376/8374/6791 7402/8375/6791
f 3621/8376/6792 7329/8377/6792 7391/8378/6792
f 6387/8379/6793 6389/8380/6793 6385/8381/6793
f 3132/7451/5980 3133/7461/5990 3128/7452/5981
f 6502/7454/5983 3129/7601/6122 6559/7455/5984
f 3136/7457/5986 6285/8382/6123 3131/7458/5987
f 3139/7460/5989 3140/7467/5996 3133/7461/5990
f 6348/7462/5991 6502/7454/5983 6267/7456/5985
f 3143/7464/5993 3136/7457/5986 3134/7459/5988
f 6349/7466/5995 6188/7472/6001 3140/7467/5996
f 3145/7468/5997 6348/7462/5991 6268/7463/5992
f 3141/7465/5994 3147/7477/6005 6290/7470/5999
f 6470/7471/6000 3153/7480/6008 6188/7472/6001
f 3152/7473/6002 3145/8383/5997 3149/7474/5998
f 3156/7476/6004 6290/7470/5999 3147/7477/6005
f 3158/7479/6007 6362/7487/6014 3153/7480/6008
f 6471/7481/6009 3152/7473/6002 6178/7475/6003
f 3162/7483/6011 3156/8384/6004 3154/7484/6006
f 6339/7486/6013 3539/7493/6020 6362/7487/6014
f 3538/7488/6015 6471/7481/6009 6179/7482/6010
f 3556/7490/6017 3162/7483/6011 3160/7485/6012
f 3164/7492/6019 6476/7499/6026 3539/7493/6020
f 6338/7494/6021 3538/7488/6015 3537/7489/6016
f 3168/7496/6023 3556/7490/6017 3540/7491/6018
f 3171/7498/6025 6279/7505/6032 6476/7499/6026
f 6180/7500/6027 6338/7494/6021 6560/7495/6022
f 6367/7502/6029 3168/7496/6023 3166/7497/6024
f 6181/7504/6031 3179/7512/6038 6279/7505/6032
f 3178/7506/6033 6180/8385/6027 3175/7507/6028
f 3182/8386/6035 6367/8387/6029 3173/8388/6030
f 3184/7511/6037 3185/7518/6043 3179/7512/6038
f 3181/7508/6034 6341/7520/6045 6350/7513/6039
f 3188/7514/6040 3182/8389/6035 3180/7515/6036
f 6351/7517/6042 6186/7525/6050 3185/7518/6043
f 3190/7519/6044 6350/7513/6039 6341/7520/6045
f 6288/7522/6047 3188/7514/6040 3186/7516/6041
f 6473/7524/6049 3198/7530/6055 6186/7525/6050
f 3193/7521/6046 3201/7531/6056 3197/7526/6051
f 3202/7527/6052 6288/7522/6047 3192/7523/6048
f 3204/7529/6054 6360/7536/6061 3198/7530/6055
f 3201/7531/6056 6231/7538/6063 6269/7532/6057
f 3208/7533/6058 3202/7527/6052 3199/7528/6053
f 6270/7535/6060 3211/7543/6068 6360/7536/6061
f 3210/7537/6062 6269/7532/6057 6231/7538/6063
f 6193/7540/6065 3208/7533/6058 3206/7534/6059
f 3217/7542/6067 3218/7550/6074 3211/7543/6068
f 6408/7544/6069 3210/8390/6062 3213/7545/6064
f 6364/7547/6071 6193/7540/6065 3212/7541/6066
f 3225/7549/6073 6281/7557/6079 3218/7550/6074
f 6182/7551/6075 6408/7544/6069 6353/7546/6070
f 3219/7553/6072 3227/7559/6081 6365/7554/6077
f 6183/7556/6078 3234/7562/6084 6281/7557/6079
f 3229/7552/6076 6271/7564/6086 3233/7558/6080
f 3227/7559/6081 3235/7567/6089 3238/7560/6082
f 3240/7561/6083 3241/7570/6092 3234/7562/6084
f 6354/7563/6085 3233/7558/6080 6271/7564/6086
f 3244/7566/6088 3238/7560/6082 3235/7567/6089
f 6355/7569/6091 6190/7576/6098 3241/7570/6092
f 3246/7571/6093 6354/7563/6085 6272/7565/6087
f 6284/7573/6095 3244/7566/6088 3242/7568/6090
f 6474/7575/6097 3254/7582/6104 6190/7576/6098
f 3253/7577/6099 3246/7571/6093 3249/7572/6094
f 3258/7579/6101 6284/7573/6095 3248/7574/6096
f 3260/7581/6103 6358/7588/6109 3254/7582/6104
f 6184/7578/6100 6185/8391/6111 6273/7583/6105
f 3265/7584/6106 3258/8392/6101 3255/7585/6102
f 6274/7587/6108 3269/7595/6116 6358/7588/6109
f 3268/7589/6110 6273/8393/6105 6185/7590/6111
f 6195/7592/6113 3265/7584/6106 3262/7586/6107
f 3276/7594/6115 3277/7600/6121 3269/7595/6116
f 6536/7596/6117 3268/7589/6110 3272/7591/6112
f 6503/7598/6119 6195/7592/6113 3270/7593/6114
f 6537/7453/5982 3128/7452/5981 3277/7600/6121
f 3129/7601/6122 6536/7596/6117 6357/7597/6118
f 3278/7661/6120 3131/7768/5987 6285/8394/6123
f 6363/7603/6124 3554/7616/6137 3553/7604/6125
f 6413/7606/6127 7333/7628/6149 7392/7607/6128
f 6361/7609/6130 3215/7618/6139 3544/7610/6131
f 3261/7612/6133 6463/7620/6141 3548/7613/6134
f 3165/7615/6136 7380/7622/6143 3554/7616/6137
f 6475/7617/6138 3223/7647/6168 3215/7618/6139
f 6359/7619/6140 6464/7624/6145 6463/7620/6141
f 3172/7621/6142 6275/7630/6151 7380/7622/6143
f 6415/7623/6144 3549/7633/6154 6464/7624/6145
f 6477/7608/6129 7392/7607/6128 3127/7625/6146
f 3146/7627/6148 6410/7642/6163 7333/7628/6149
f 6280/7629/6150 6276/7632/6153 6275/7630/6151
f 6412/7631/6152 7377/7638/6159 6276/7632/6153
f 6414/7626/6147 3127/7625/6146 3549/7633/6154
f 6282/7634/6155 7331/7640/6161 6530/7635/6156
f 3191/7637/6158 7349/7644/6165 7377/7638/6159
f 6416/7639/6160 7378/7646/6167 7331/7640/6161
f 6189/7641/6162 3552/7648/6169 6410/7642/6163
f 6187/7643/6164 3545/7649/6170 7349/7644/6165
f 3247/7645/6166 7350/7650/6171 7378/7646/6167
f 3226/7636/6157 6530/7635/6156 3223/7647/6168
f 3159/7605/6126 3553/7604/6125 3552/7648/6169
f 3205/7611/6132 3544/7610/6131 3545/7649/6170
f 6191/7614/6135 3548/7613/6134 7350/7650/6171
f 3242/7568/6090 3235/7567/6089 3236/7664/6180
f 3154/7484/6006 3147/8395/6005 3148/7771/6178
f 3220/7652/6173 3228/7663/6179 3227/7559/6081
f 3262/7654/6107 3255/8396/6102 3256/7655/6174
f 3270/7658/6114 3262/7654/6107 3263/7656/6175
f 3271/7659/6176 3279/7769/6277 3278/7661/6120
f 3180/7510/6036 3173/7503/6030 3174/7660/6177
f 3235/7567/6089 3227/7559/6081 3228/7663/6179
f 3131/7768/5987 3278/7661/6120 3279/7769/6277
f 3541/7665/6181 3177/7672/6188 3170/7666/6182
f 3137/7668/6184 3138/7705/6218 3125/7669/6185
f 3542/7671/6187 3183/7770/6190 3177/7672/6188
f 3543/7673/6189 3189/7677/6192 3183/7674/6190
f 3195/7676/6191 3196/7679/6194 3189/7677/6192
f 6278/7678/6193 3203/7681/6196 3196/7679/6194
f 6277/7680/6195 3209/7683/6198 3203/7681/6196
f 6232/7682/6197 3216/7685/6200 3209/7683/6198
f 6233/7684/6199 3224/7766/6202 3216/7685/6200
f 3231/7686/6201 3232/7690/6204 3224/7687/6202
f 3546/7689/6203 3239/7692/6206 3232/7690/6204
f 3547/7691/6205 3245/7694/6208 3239/7692/6206
f 3251/7693/6207 3252/7696/6210 3245/7694/6208
f 7332/7695/6209 3259/7765/6212 3252/7696/6210
f 3266/7697/6211 3267/7701/6214 3259/7698/6212
f 3274/7700/6213 3275/7703/6216 3267/7701/6214
f 7319/7702/6215 3282/7715/6227 3275/7703/6216
f 3550/7704/6217 3144/8397/6220 3138/7705/6218
f 3551/7706/6219 3151/7710/6222 3144/7707/6220
f 6411/7709/6221 3157/7712/6224 3151/7710/6222
f 7393/7711/6223 3163/7714/6226 3157/7712/6224
f 7379/7713/6225 3555/7716/6228 3163/7714/6226
f 7353/7670/6186 3125/7669/6185 3282/7715/6227
f 3169/7667/6183 3170/7666/6182 3555/7716/6228
f 3207/7717/6229 6230/7762/6274 6417/7718/6230
f 6409/7720/6232 3243/7763/6275 6283/7721/6233
f 3161/7723/6235 3155/7764/6276 6418/7724/6236
f 6352/7726/6238 3207/7717/6229 6192/7719/6231
f 3257/7728/6240 6409/7720/6232 3250/7722/6234
f 7403/7730/6242 3161/7723/6235 6419/7725/6237
f 3130/7732/6244 3280/7761/6273 3281/7733/6245
f 3221/7735/6247 6352/7726/6238 3214/7727/6239
f 3264/7737/6249 3257/7728/6240 6420/7729/6241
f 3167/7739/6251 7403/7730/6242 6390/7731/6243
f 3187/7741/6253 6340/7746/6258 6478/7742/6254
f 6499/7744/6256 3221/7735/6247 3222/7736/6248
f 6340/7746/6258 6472/7753/6265 3176/7747/6259
f 3142/7748/6260 3135/7754/6266 6286/7749/6261
f 6356/7751/6263 3264/7737/6249 6194/7738/6250
f 6472/7753/6265 3167/7739/6251 6366/7740/6252
f 3135/7754/6266 3130/7732/6244 3126/7734/6246
f 6407/7755/6267 3187/7741/6253 6287/7743/6255
f 3237/7757/6269 6499/7744/6256 3230/7745/6257
f 6406/7759/6271 3142/7748/6260 6289/7750/6262
f 3280/7761/6273 6356/7751/6263 3273/7752/6264
f 6230/7762/6274 6407/7755/6267 3194/7756/6268
f 3243/7763/6275 3237/7757/6269 6479/7758/6270
f 3155/7764/6276 6406/7759/6271 3150/7760/6272
f 3256/7653/6174 3248/7574/6096 3252/7696/6210
f 3220/7657/6173 3212/7541/6066 3216/7685/6200
f 3125/7669/6185 3138/7705/6218 3134/7767/5988
f 3131/7768/5987 3279/7769/6277 3282/7715/6227
f 3540/7491/6018 3160/7485/6012 3163/7714/6226
f 3248/7574/6096 3242/7568/6090 3245/7694/6208
f 3212/7541/6066 3206/7534/6059 3209/7683/6198
f 3186/7516/6041 3180/7515/6036 3183/7674/6190
f 3157/7712/6224 3163/7714/6226 3160/7485/6012
f 3275/7703/6216 3282/7715/6227 3279/7769/6277
f 3242/7568/6090 3236/7664/6180 3239/7692/6206
f 3206/7534/6059 3200/7651/6172 3203/7681/6196
f 3192/7523/6048 3186/7516/6041 3189/7677/6192
f 3180/7510/6036 3174/7660/6177 3177/7672/6188
f 3154/7484/6006 3148/7771/6178 3151/7710/6222
f 3271/7659/6176 3263/7656/6175 3267/7701/6214
f 3232/7690/6204 3239/7692/6206 3236/7664/6180
f 3200/7651/6172 3192/7523/6048 3196/7679/6194
f 3174/7660/6177 3166/7497/6024 3170/7666/6182
f 3148/7771/6178 3141/8398/5994 3144/7707/6220
f 3259/7698/6212 3267/7701/6214 3263/7656/6175
f 3228/7663/6179 3220/7652/6173 3224/7687/6202
f 3166/7497/6024 3540/7491/6018 3555/7716/6228
f 3138/7705/6218 3144/8397/6220 3141/7772/5994
f 6239/8399/6794 3289/8400/6283 3559/8401/6299
f 6371/7778/6795 3285/7777/6281 6480/7792/6295
f 3288/8402/6796 3287/8403/6797 3558/8404/6798
f 6235/7788/6291 6240/8405/6799 6369/7789/6292
f 3285/7777/6281 3283/7776/6280 7305/7791/6294
f 6538/7783/6286 6372/7782/6285 3291/7793/6296
f 3289/7780/6283 6234/7779/6282 6539/7795/6298
f 6241/7797/6300 3290/8406/6800 6465/7798/6301
f 6373/7800/6303 3301/7815/6318 3302/7867/6367
f 6373/7800/6303 3302/7867/6367 6393/7801/6304
f 6201/7803/6306 3307/7806/6309 3300/7804/6307
f 3299/7808/6311 3300/7804/6307 3308/7807/6310
f 3298/7810/6313 3299/7808/6311 3309/7809/6312
f 6294/7812/6315 6296/7865/6365 3313/7813/6316
f 3293/7814/6317 3313/7813/6316 3301/7815/6318
f 6197/7816/6319 3311/8407/6801 6295/7817/6320
f 6196/7819/6322 6291/7841/6343 6293/7820/6323
f 3304/7823/6326 6392/8408/6802 6483/7824/6327
f 3296/7822/6325 3303/8409/6803 3304/7823/6326
f 3314/7830/6333 3294/7829/6332 3296/7831/6325
f 3317/7834/6335 3296/7822/6325 6483/7824/6327
f 3319/8410/6804 3318/7835/6336 6483/7824/6327
f 3320/8411/6805 3319/8410/6804 6483/7824/6327
f 3321/7836/6337 3320/8412/6805 6483/7805/6327
f 3323/7838/6340 3322/7837/6339 6374/7804/6338
f 3324/7839/6341 3323/7838/6340 3299/7808/6311
f 6200/8413/6342 6297/8414/6806 6291/8415/6343
f 3326/7845/6347 6197/7816/6319 3292/7818/6321
f 3293/8416/6317 3328/8417/6350 3327/8418/6349
f 3328/8419/6350 3293/8420/6317 3294/8421/6332
f 3303/8409/6803 6392/8408/6802 3304/7823/6326
f 6391/7851/6351 6393/8422/6304 3329/7852/6352
f 3332/7855/6355 3306/8423/6807 6391/7851/6351
f 3333/7856/6356 3307/7806/6309 6201/7803/6306
f 3334/7858/6358 6500/8424/6808 6292/7811/6314
f 6199/7859/6359 3310/8425/6809 3335/7860/6360
f 3337/7863/6363 3312/8426/6810 6199/7859/6359
f 3338/7864/6364 3313/7813/6316 6296/7865/6365
f 3339/7868/6368 3340/7869/6369 6393/7801/6304
f 6501/8427/6374 6422/8428/6811 3341/8429/6375
f 6204/8430/6381 3354/8431/6812 3342/8432/6382
f 7385/7889/6384 3562/8433/6813 6300/7890/6385
f 3563/7892/6387 7384/7905/6400 7382/7893/6388
f 3344/7895/6390 3345/7901/6396 6301/7896/6391
f 3561/7898/6393 7381/7903/6398 6244/7899/6394
f 3345/7901/6396 3357/8434/6814 3356/7902/6397
f 7381/7903/6398 3348/8435/6815 3347/7904/6399
f 7384/7905/6400 3351/8436/6816 3350/7906/6401
f 6302/7907/6402 3353/8437/6817 7383/7891/6386
f 3346/7908/6403 3358/8438/6818 3369/7909/6404
f 3359/7911/6406 3358/8439/6818 3346/7912/6403
f 3360/7914/6408 3359/7911/6406 6207/7913/6407
f 6209/7915/6409 3349/8440/6412 3361/7916/6410
f 6376/7917/6411 3362/8441/6414 3361/7918/6410
f 6421/7920/6413 3363/7924/6416 3362/7921/6414
f 6421/7920/6413 3352/7926/6418 3364/7923/6415
f 6505/7925/6417 3365/7928/6420 3364/7923/6415
f 6303/7927/6419 3366/7930/6422 3365/7928/6420
f 3355/7929/6421 3367/8442/6819 3366/7930/6422
f 3368/7931/6423 3367/8442/6819 3355/7929/6421
f 6304/7933/6405 3369/8443/6404 3368/7931/6423
f 3372/7937/6428 6506/8444/6820 6508/7938/6429
f 6424/7940/6431 6248/8445/6821 6246/7941/6432
f 6563/8446/6822 3371/8447/6823 3378/8448/6824
f 6562/7943/6434 6249/8449/6825 6485/7944/6435
f 3373/7946/6437 3379/8450/6826 6507/7947/6438
f 3397/8451/6827 6558/7963/6455 3387/7962/6454
f 7375/7968/6460 3390/8452/6828 6542/8453/6829
f 6306/7959/6451 3391/7961/6453 3389/8454/6830
f 7337/8455/6831 3396/8456/6832 3395/8457/6833
f 6397/8458/6834 6394/8459/6835 3394/8460/6836
f 3566/8461/6837 7337/8455/6831 3395/8457/6833
f 7337/8455/6831 6570/8462/6838 3396/8456/6832
f 6307/8463/6463 6396/8464/6839 3392/8465/6840
f 3565/7952/6444 3388/7954/6446 3387/7962/6454
f 3382/7969/6461 7375/7968/6460 3564/8466/6841
f 6343/7967/6459 3390/8452/6828 7375/7968/6460
f 7399/8467/6462 6396/8464/6839 6307/8463/6463
f 3385/8468/6469 6395/8469/6468 3567/8470/6842
f 3386/7976/6467 3568/8471/6843 6395/7977/6468
f 3381/7966/6458 6571/8472/6844 7336/8473/6470
f 3381/7966/6458 6557/7965/6457 6571/8472/6844
f 3403/8474/6845 3402/8475/6846 3404/8476/6847
f 6310/8477/6472 3405/8478/6848 6426/8479/6473
f 6512/7985/6475 6513/8480/6849 6311/7986/6476
f 6509/7991/6481 6400/7997/6487 6401/7992/6482
f 6427/7994/6484 3407/8481/6850 3401/7995/6485
f 6313/8022/6511 3417/8024/6513 6315/8482/6851
f 6316/8012/6502 3421/8483/6852 3422/8484/6853
f 6316/8012/6502 3422/8484/6853 3423/8013/6503
f 6546/8014/6504 3423/8013/6503 3425/8485/6505
f 3570/8009/6499 3419/8011/6501 6318/8486/6854
f 3415/8025/6514 3569/8487/6855 6516/8026/6515
f 6312/8005/6495 6574/8007/6497 3411/8028/6517
f 6573/8019/6508 6317/8021/6510 7354/8488/6519
f 3420/8033/6521 6545/8489/6524 3413/8034/6522
f 3571/8490/6856 6575/8039/6526 6544/8041/6528
f 6575/8039/6526 6429/8491/6857 6428/8040/6527
f 3572/8492/6858 3415/8025/6514 3409/8027/6516
f 3438/8042/6529 6566/8072/6559 6250/8043/6530
f 3430/8045/6532 3574/8493/6859 7322/8046/6533
f 3434/8048/6535 3574/8493/6859 3430/8045/6532
f 3573/8053/6540 7355/8494/6860 6252/8050/6537
f 7321/8057/6544 6433/8055/6542 6567/8054/6541
f 6434/8059/6546 3431/8495/6861 7307/8060/6547
f 3432/8063/6550 3429/8496/6862 3577/8064/6551
f 3576/8066/6553 3428/8497/6863 7406/8067/6554
f 3436/8069/6556 3427/8498/6864 6519/8070/6557
f 7338/8058/6545 7355/8494/6860 3573/8053/6540
f 3453/8084/6571 6436/8086/6573 7356/8081/6568
f 6344/8091/6578 6254/8499/6865 3453/8084/6571
f 6548/8500/6675 7388/8097/6583 6320/8096/6577
f 7390/8101/6587 7395/8501/6866 7361/8102/6588
f 7325/8104/6590 7323/8502/6867 6493/8105/6591
f 7325/8104/6590 7361/8102/6588 7356/8081/6568
f 7360/8106/6592 3596/8503/6868 7340/8107/6593
f 7326/8109/6595 3448/8504/6869 3451/8110/6596
f 3581/8112/6598 3584/8505/6870 3578/8113/6599
f 3579/8115/6601 3587/8506/6871 6469/8116/6601
f 6524/8121/6605 3481/8125/6609 3486/8124/6608
f 6216/8131/6615 3490/8127/6611 3486/8124/6608
f 3491/8507/6678 7362/8135/6618 6211/8134/6613
f 6444/8142/6625 6221/8147/6630 7344/8143/6626
f 6222/8145/6628 3507/8508/6872 6440/8146/6629
f 6440/8146/6629 3481/8125/6609 6524/8121/6605
f 7343/8148/6631 3589/8509/6873 3480/8149/6632
f 6439/8151/6634 6488/8510/6874 6487/8152/6635
f 3477/8154/6637 7309/8511/6875 7311/8155/6638
f 7370/8157/6601 3475/8512/6876 3588/8158/6601
f 3469/8160/6640 3439/8192/6670 6377/8161/6641
f 3443/8163/6643 3473/8513/6698 6212/8164/6644
f 6486/8128/6612 6438/8088/6575 6320/8090/6577
f 3583/8166/6646 6448/8174/6654 3493/8167/6647
f 7363/8169/6649 7342/8137/6620 7339/8094/6581
f 6438/8088/6575 6486/8128/6612 6489/8140/6623
f 7339/8094/6581 7342/8137/6620 6443/8136/6619
f 6256/8171/6651 3494/8514/6877 3485/8172/6652
f 6448/8174/6654 3583/8166/6646 3454/8092/6579
f 7400/8100/6586 6489/8140/6623 3593/8139/6622
f 3440/8181/6660 3441/8225/6696 3458/8182/6661
f 6345/8200/6663 7407/8177/6656 3455/8176/6655
f 3490/8198/6611 3487/8201/6669 3488/8515/6668
f 3492/8187/6665 3471/8228/6697 3470/8188/6666
f 6217/8189/6667 6379/8516/6878 3488/8190/6668
f 6378/8517/6879 6344/8091/6578 3456/8087/6574
f 6378/8518/6879 3456/8175/6574 7308/8519/6880
f 7308/8519/6880 3456/8175/6574 7407/8177/6656
f 6322/8162/6642 3470/8188/6666 3469/8160/6640
f 3483/8520/6617 3482/8130/6614 6211/8129/6613
f 6255/8165/6645 6253/8521/6695 3442/8202/6674
f 3457/8522/6582 3460/8523/6881 6320/8524/6577
f 6212/8164/6644 3473/8513/6698 3472/8204/6676
f 3450/8525/6882 6490/8076/6563 6435/8075/6562
f 6324/8210/6681 3478/8526/6883 7310/8211/6682
f 3592/8213/6684 3591/8527/6884 7324/8214/6685
f 7367/8216/6687 3474/8528/6885 6447/8217/6688
f 6467/8529/6690 3586/8530/6886 7394/8531/6691
f 3462/8532/6887 3445/8079/6566 3446/8078/6565
f 3495/8533/6888 3479/8534/6659 6525/8535/6658
f 6253/8224/6695 3458/8182/6661 3441/8225/6696
f 6215/8227/6677 3472/8536/6676 3471/8228/6697
f 3443/8229/6643 3439/8192/6670 3469/8160/6640
f 6229/8237/6705 3512/8537/6889 6381/8238/6706
f 6327/8538/6890 3509/8260/6727 3508/8259/6726
f 3517/8539/6891 3514/8255/6722 3515/8254/6721
f 6225/8243/6711 6331/8540/6892 6402/8244/6712
f 6451/8252/6709 3511/8541/6708 3522/8250/6718
f 3525/8253/6720 3526/8277/6737 3515/8254/6721
f 3520/8248/6716 3519/8247/6715 3508/8259/6726
f 3517/8539/6891 3515/8254/6721 6382/8279/6738
f 3524/8261/6728 3528/8542/6893 6329/8262/6719
f 6452/8543/6710 3518/8544/6894 3513/8545/6729
f 3519/8270/6715 3521/8546/6714 6226/8271/6732
f 6228/8273/6734 3510/8547/6895 6569/8274/6735
f 6325/8276/6723 3515/8254/6721 3526/8277/6737
f 6325/8276/6723 3516/8548/6731 6382/8279/6738
f 6330/8280/6739 3527/8549/6896 6384/8278/6724
f 7368/8281/6740 7363/8169/6649 7358/8170/6650
f 7372/8550/6750 6496/8551/6897 3601/8552/6751
f 7315/8553/6753 3604/8554/6898 7346/8555/6754
f 3498/8556/6899 3605/8557/6899 3533/8558/6899
f 3607/8559/6900 3606/8560/6900 3599/8561/6900
f 6497/8562/6756 3532/8563/6901 6403/8564/6757
f 7317/8300/6759 7397/8565/6902 6454/8301/6760
f 6404/8303/6762 3505/8566/6903 7327/8304/6763
f 6455/8306/6765 3466/8567/6904 7328/8307/6766
f 6528/8568/6770 7345/8569/6905 6460/8570/6771
f 6554/8318/6773 3506/8571/6906 3463/8319/6774
f 6333/8572/6899 6258/8573/6899 3609/8574/6899
f 6260/8575/6756 3504/8576/6901 3501/8577/6757
f 6262/8342/6762 6534/8578/6907 3500/8343/6780
f 3608/8579/6750 3502/8580/6897 7408/8581/6781
f 7348/8582/6783 3611/8583/6905 3499/8584/6771
f 3531/8585/6900 3530/8586/6900 3468/8587/6900
f 6337/8355/6759 7374/8588/6902 6535/8356/6760
f 3503/8358/6786 3612/8589/6904 7318/8359/6787
f 3614/8590/6769 6580/8591/6769 6577/8592/6769
f 6335/8593/6753 3615/8594/6908 3467/8595/6788
f 6265/8364/6789 3613/8596/6906 3616/8365/6774
f 3618/8367/6779 3536/8597/6779 3619/8368/6779
f 6388/8370/6790 7352/8598/6790 7330/8371/6790
f 7351/8373/6791 3622/8599/6791 7376/8374/6791
f 3621/8376/6792 3620/8600/6792 7329/8377/6792
f 6387/8379/6793 3535/8601/6793 6389/8380/6793
