# Blender 4.5.3 LTS
# www.blender.org
o PileSubCyl.001
v -0.260976 0.156194 2.299373
v 0.530829 -0.376709 -1.193952
v 0.400376 -0.284066 2.661198
v -0.635172 0.282905 2.068035
v -0.660876 0.245116 -1.499574
v -0.657149 0.236132 -1.069266
v -0.077421 0.093744 2.426575
v 0.177343 -0.169668 2.850212
v 0.379221 -0.062086 -2.544090
v 0.404320 -0.257928 -2.120848
v -0.598613 0.292301 1.482455
v 0.595515 -0.376485 -1.853252
v -0.034869 0.060147 2.517510
v -0.569625 0.292961 -1.825675
v 0.122329 -0.002466 2.806482
v -0.316307 0.174590 2.463061
v 0.422866 -0.108501 -2.371324
v -0.184321 0.188116 -2.410812
v 0.542991 -0.418622 0.134434
v 0.529449 -0.414010 -0.290770
v 0.528005 -0.335619 -2.195590
v -0.569396 0.275670 1.070126
v 0.692484 -0.414005 1.975612
v -0.117515 0.142825 -2.668021
v -0.114342 0.146255 -2.584810
v 0.621341 -0.376702 -0.407245
v 0.608960 -0.376700 0.564703
v 0.581439 -0.404447 0.749110
v 0.571511 -0.370418 0.917800
v 0.568621 -0.398627 0.988256
v 0.560128 -0.364775 0.993165
v 0.595850 -0.404445 1.152397
v 0.614298 -0.390764 1.318746
v 0.629886 -0.380727 1.482571
v 0.692764 -0.376693 1.836304
v 0.562945 -0.375113 -2.201340
v 0.589707 -0.390594 -2.064316
v 0.293721 -0.223273 2.754783
v 0.347293 -0.251724 2.708827
v -0.247250 0.114974 2.605552
v -0.351833 0.163987 2.643617
v -0.753444 0.233461 2.301013
v -0.650127 0.279520 2.114616
v -0.639062 0.289979 1.786719
v -0.657394 0.269910 1.795361
v -0.594246 0.274448 1.220751
v -0.568926 0.253510 0.583659
v -0.552552 0.272731 0.411158
v -0.589661 0.297918 -1.669597
v -0.523507 0.275630 -2.081635
v -0.632920 0.261148 -1.595702
v -0.606517 0.275237 -1.687427
v -0.582745 0.285349 -1.772288
v -0.646723 0.244203 -1.091409
v 0.087111 0.024562 -3.119309
v -0.456052 0.251860 -0.551354
v -0.434271 0.266679 -0.486342
v -0.503138 0.232643 -0.564218
v -0.619542 0.267074 -0.999673
v 0.459518 -0.253762 2.465490
v 0.420222 -0.281898 2.573269
v 0.458938 -0.278463 2.396312
v -0.113609 0.106961 2.390402
v -0.504891 0.235452 3.074546
v 0.474442 -0.314923 2.489890
v 0.544002 -0.352159 2.318259
v 0.616902 -0.384933 2.146922
v 0.452956 -0.246548 2.518324
v 0.152605 -0.109451 2.708138
v 0.165897 -0.140811 2.783155
v 0.143774 -0.090154 2.660669
v 0.205919 -0.047865 2.681852
v 0.035166 0.019625 2.647841
v 0.067740 0.010616 2.708206
v -0.235778 0.147529 2.310982
v -0.210583 0.139594 2.322240
v -0.148167 0.095670 2.431590
v -0.222623 0.118234 2.563989
v -0.331529 0.185728 2.565310
v -0.581342 0.250622 2.878837
v 0.099962 -0.007979 -2.961369
v 0.136191 -0.008466 -2.945583
v -0.214541 0.181715 -2.414367
v -0.066369 0.114098 -2.604591
v -0.026439 0.069376 -2.729701
v 0.017158 0.030104 -2.854043
v 0.005867 0.019513 -3.014193
v 0.124515 -0.009380 -2.918804
v 0.250672 -0.009028 -2.798151
v 0.161922 -0.045246 -2.754229
v 0.269124 -0.087639 -2.530326
v 0.347976 -0.165435 -2.322066
v 0.341300 -0.034608 -2.596462
v 0.367099 -0.052434 -2.561293
v 0.402280 -0.207623 -2.225746
v 0.399737 -0.155037 -2.330052
v 0.392776 -0.105257 -2.435581
v 0.500382 -0.295525 -2.078750
v 0.577377 -0.375400 -2.143964
v 0.544174 -0.411093 -0.968740
v 0.548783 -0.388177 -0.921295
v 0.534192 -0.372850 -0.617987
v 0.522063 -0.401273 -0.693202
v 0.575196 -0.420958 0.984938
v -0.577734 0.221072 3.030732
v -0.717337 0.251743 2.252229
v -0.628078 0.269581 1.786758
v -0.616466 0.280744 1.672271
v -0.607946 0.287064 1.584910
v -0.518835 0.298828 1.097736
v -0.588720 0.256882 0.574303
v -0.567726 0.253754 0.579011
v -0.501602 0.247714 -0.608969
v -0.627359 0.256288 -1.067916
v -0.643677 0.277204 -1.371653
v -0.656739 0.276157 -1.504640
v -0.619901 0.270601 -1.642871
v -0.591943 0.284948 -1.743009
v -0.592206 0.252429 -1.789796
v -0.529216 0.233091 -2.078724
v -0.465346 0.218588 -2.367899
v -0.464047 0.239589 -2.362834
v 0.655954 -0.384157 1.743072
v -0.118503 0.142058 -2.728306
v 0.543780 -0.376375 -0.937137
v 0.679037 -0.370745 1.484271
v 0.594162 -0.376622 0.441896
v 0.389780 -0.218421 2.763530
v -0.727489 0.267287 2.358112
v -0.498863 0.302261 0.969813
v -0.501917 0.269078 0.018524
v -0.633823 0.270789 -1.184210
v 0.075278 0.055457 -2.980127
v 0.142977 -0.025902 2.673898
v 0.408920 -0.089632 -2.433243
v 0.479888 -0.279934 -2.071093
v -0.234041 0.190448 -2.396645
v -0.218335 0.189302 -2.400972
v -0.155045 0.189982 -2.433851
v 0.413156 -0.122830 -2.311472
v 0.598031 -0.375835 0.768919
v -0.594228 0.284730 1.296392
v -0.535161 0.295324 1.147510
v -0.537338 0.283096 -1.991924
v 0.596769 -0.376689 0.357331
v 0.476471 -0.279205 2.307746
v 0.605498 -0.376689 0.172503
v -0.502505 0.302157 1.047963
v -0.249464 0.191955 -2.392348
v 0.581520 -0.372597 0.870892
v -0.063585 0.189345 -2.508289
v 0.584339 -0.373202 0.854543
v 0.581114 -0.375682 -0.535379
v 0.303818 -0.010326 -2.758878
v 0.389265 -0.154913 -2.180591
v -0.494365 0.269807 0.215195
v -0.155123 0.122611 2.348903
v -0.429713 0.269910 -0.260120
v -0.682946 0.266715 2.657068
v -0.627599 0.266778 -0.969496
v 0.602352 -0.407694 1.087511
v -0.073688 0.105804 -2.792189
v -0.013642 0.055217 -2.876135
v 0.303505 -0.037213 -2.651754
v 0.222191 -0.026644 -2.758649
v 0.138977 -0.019245 -2.869824
v 0.523762 -0.392000 -0.974912
v 0.580732 -0.412658 0.768253
v 0.609331 -0.390063 -1.861190
v -0.129241 0.058260 2.555833
v 0.358119 -0.247530 2.698342
v -0.294903 0.133908 2.702743
v -0.638497 0.257308 1.885858
v -0.599882 0.271356 0.493884
v -0.526873 0.255658 0.213525
v -0.542241 0.250463 0.347192
v -0.559369 0.247228 0.511683
v -0.516035 0.263857 -2.076557
v -0.479212 0.240430 -2.266880
v -0.399562 0.212341 -2.657525
v -0.646323 0.255586 -1.140942
v -0.256111 0.181078 -2.582412
v -0.209277 0.167261 -2.548915
v -0.159939 0.158483 -2.514812
v 0.062051 -0.006356 -2.978095
v 0.129259 -0.034166 2.755357
v 0.524880 -0.321032 2.224766
v 0.634268 -0.386399 2.058758
v -0.064497 0.040953 2.617086
v 0.464571 -0.298005 -2.158241
v -0.107822 0.154797 -2.480374
v -0.332601 0.216547 -2.677783
v 0.261149 -0.018118 -2.704451
v 0.124571 -0.013358 -2.888555
v 0.613760 -0.376254 -2.069818
v 0.632835 -0.412126 -1.728522
v 0.525452 -0.401279 -0.879103
v 0.517011 -0.407985 -0.716164
v 0.593617 -0.395867 -0.524393
v 0.580713 -0.412792 0.808336
v 0.568032 -0.393657 0.977315
v 0.617243 -0.396163 1.091868
v 0.654562 -0.387159 1.260558
v -0.593644 0.274549 1.277500
v -0.593242 0.273273 0.526190
v -0.516216 0.261837 0.333884
v -0.551973 0.251734 0.537738
v -0.483007 0.233372 -0.129409
v -0.516784 0.230632 0.136188
v -0.548106 0.234199 0.405069
v 0.325164 -0.189698 0.895714
v 0.008512 -0.076675 0.825726
v -0.268034 0.118911 0.764062
v -0.173040 0.105302 -0.046387
v 0.062270 -0.093470 0.294181
v 0.333412 -0.231412 0.635802
v 0.072725 -0.057039 2.631729
v 0.004365 -0.020088 2.603069
v -0.062278 0.019266 2.578397
v 0.070915 -0.006154 2.148593
v 0.251675 -0.130545 1.759651
v 0.437148 -0.237696 1.366171
v -0.607388 0.246268 1.272355
v -0.232021 0.133747 2.111409
v -0.343370 0.200721 1.624556
v -0.453654 0.231273 1.152976
v -0.253412 0.111078 2.399404
v -0.378588 0.175186 2.233777
v -0.508252 0.229883 2.062490
v -0.624212 0.244757 2.171549
v -0.608455 0.230069 2.452757
v -0.593038 0.224464 2.740879
v -0.242064 0.096868 2.671858
v -0.338085 0.131068 2.770209
v 0.212583 -0.132222 2.661155
v 0.279536 -0.176778 2.661412
v 0.341827 -0.227840 2.661541
v 0.608311 -0.414025 1.231872
v 0.662925 -0.416072 1.727878
v 0.453627 -0.303085 2.241062
v 0.489897 -0.348585 1.821799
v 0.540852 -0.372494 1.401730
v 0.291988 -0.108501 2.237963
v 0.385834 -0.213101 1.818610
v 0.491836 -0.298507 1.398235
v 0.321749 -0.185629 -0.627647
v 0.115843 0.032169 -0.542707
v -0.169728 0.131794 -0.475366
v -0.187822 0.155212 -2.526537
v -0.262066 0.166667 -2.571711
v -0.331439 0.188318 -2.614886
v -0.252525 0.163167 -2.237107
v -0.386311 0.215615 -1.994999
v -0.516837 0.262388 -1.748762
v -0.658355 0.237226 -1.176780
v -0.659240 0.239831 -1.284364
v -0.659946 0.243122 -1.391964
v -0.350778 0.104605 -0.979085
v -0.001278 0.013134 -0.882694
v 0.285183 -0.165962 -0.792239
v 0.530765 -0.373180 -2.212006
v 0.487016 -0.336940 -2.182384
v 0.444784 -0.298570 -2.151741
v 0.457072 -0.300708 -2.024747
v 0.568684 -0.377973 -1.827897
v 0.478960 -0.377137 -1.068824
v 0.448917 -0.336404 -1.420741
v 0.429503 -0.293922 -1.771501
v 0.307567 -0.128213 -2.202436
v 0.192573 0.013724 -2.291179
v 0.044201 0.106042 -2.385572
v 0.383568 -0.244117 -1.152757
v 0.274126 -0.054024 -1.591254
v 0.287233 -0.163153 -0.898378
v -0.014017 -0.003506 -1.098041
v -0.342343 0.167066 -1.303827
v -0.476199 0.270764 0.085851
v -0.460046 0.271585 -0.027244
v -0.444572 0.271237 -0.142528
v 0.318656 -0.133979 -0.651636
v 0.116858 0.073777 -0.594826
v -0.165069 0.163239 -0.548149
v -0.162023 0.162268 -0.446254
v 0.113523 0.068230 -0.531735
v -0.164322 0.162505 -0.401878
v 0.111752 0.064575 -0.498779
v 0.318226 -0.138546 -0.602956
v -0.452556 0.267079 -0.618747
v -0.444120 0.266691 -0.557378
v 0.316884 -0.131031 -0.699575
v 0.108288 0.078469 -0.681091
v -0.187829 0.157889 -0.678132
v -0.495593 0.268572 -0.776570
v -0.568182 0.271188 -0.993453
v -0.593175 0.300166 -1.535284
v -0.598747 0.294236 -1.402340
v -0.604876 0.283199 -1.269194
v -0.616654 0.268948 -1.082330
v -0.619085 0.267529 -1.032773
v -0.489257 0.278134 -0.913346
v -0.517979 0.306070 -1.166133
v -0.551154 0.317728 -1.418877
v -0.638698 0.270067 -1.187828
v -0.621199 0.287950 -1.497263
v -0.608140 0.292927 -1.596544
v -0.581874 0.298214 -1.720733
v -0.570596 0.297570 -1.776634
v -0.562164 0.295447 -1.828107
v -0.312838 0.206252 -2.348161
v -0.457754 0.255023 -2.150524
v -0.321295 0.206631 -2.312372
v -0.476339 0.271959 -2.011576
v -0.392908 0.236235 -2.139351
v -0.328281 0.208501 -2.265865
v -0.465937 0.267365 -2.278080
v -0.284160 0.198667 -2.279262
v -0.374639 0.230379 -2.148486
v -0.461816 0.269682 -2.016459
v -0.485389 0.294209 -1.856950
v -0.390007 0.248499 -2.042373
v -0.293326 0.201136 -2.225988
v -0.627079 0.276179 -1.263743
v -0.639774 0.274484 -1.291726
v -0.370556 0.320338 -1.100059
v -0.292220 0.368715 -1.542750
v -0.248013 0.243210 -1.975911
v -0.426894 0.249992 -2.655523
v -0.308123 0.207008 -2.362623
v -0.462604 0.266713 -2.416917
v -0.300141 0.199658 -2.614229
v -0.361143 0.233262 -2.628292
v -0.299546 0.205261 -2.498681
v -0.279096 0.198757 -2.452072
v 0.274070 -0.026779 -2.232591
v 0.137069 0.097995 -2.290567
v -0.021028 0.160488 -2.347167
v -0.234704 0.217294 -1.042827
v -0.020025 0.101242 -1.424339
v 0.216756 0.028160 -1.808662
v 0.486715 -0.324969 -1.442964
v 0.421301 -0.215711 -1.939083
v -0.177948 0.158689 -0.793360
v 0.135616 0.081803 -0.909936
v 0.347561 -0.137174 -1.046949
v 0.110266 0.062327 -0.482590
v 0.300592 -0.038758 -2.256289
v 0.192209 0.073268 -2.338688
v 0.062894 0.143484 -2.423986
v -0.128301 0.131119 -2.815142
v -0.094720 0.100197 -2.992394
v -0.053662 0.113042 -2.818583
v -0.030730 0.153506 -2.626443
v 0.002116 0.116730 -2.744916
v 0.038266 0.085115 -2.862704
v 0.102828 0.032577 -2.986329
v 0.294992 -0.018609 -2.698929
v 0.119584 0.032331 -2.958644
v 0.212783 -0.008506 -2.911384
v 0.139806 0.029597 -2.891118
v 0.222997 0.003442 -2.793616
v 0.263852 -0.003136 -2.705256
v 0.385716 -0.081444 -2.451070
v 0.388621 -0.105703 -2.354420
v 0.350929 -0.050159 -2.501724
v 0.380010 -0.117175 -2.286269
v 0.402588 -0.179226 -2.149869
v 0.415699 -0.203552 -2.119318
v 0.442532 -0.249704 -2.057186
v 0.543147 -0.348237 -2.179849
v 0.549181 -0.347699 -2.120528
v 0.515415 -0.309347 -2.066532
v 0.532183 -0.324714 -2.001806
v 0.570480 -0.356970 -1.911862
v 0.229083 0.028425 -2.588429
v 0.127594 0.085778 -2.564883
v 0.031486 0.142372 -2.537709
v 0.585895 -0.376653 -1.607360
v 0.504281 -0.346365 -1.405846
v 0.479512 -0.307970 -1.653674
v 0.462563 -0.277869 -1.859727
v 0.347765 -0.203310 0.201456
v 0.096510 -0.034195 0.048429
v -0.148906 0.147383 -0.102932
v -0.206354 0.133413 0.258391
v 0.051637 -0.052376 0.287978
v 0.329214 -0.203671 0.321893
v -0.492886 0.297357 0.707523
v -0.493238 0.290638 0.580724
v -0.495020 0.276648 0.378568
v -0.529015 0.287553 0.631530
v -0.508124 0.296039 0.755168
v 0.503268 -0.373315 -0.844929
v 0.512138 -0.375716 -0.969067
v 0.520382 -0.376657 -1.072928
v -0.576430 0.280051 0.640324
v -0.569518 0.273365 0.463135
v -0.144355 0.150508 -0.149643
v 0.110356 -0.020438 -0.042329
v 0.357857 -0.198144 0.062631
v 0.571247 -0.376689 -1.003349
v 0.600201 -0.376687 0.285354
v 0.603315 -0.376689 0.218710
v -0.494800 0.301247 0.868569
v 0.324842 -0.159469 0.774444
v 0.032489 -0.049925 0.592547
v -0.216571 0.138558 0.412276
v -0.208027 0.174151 0.898828
v 0.046722 -0.017465 0.911232
v 0.334965 -0.135605 0.930641
v -0.209687 0.178875 1.033274
v 0.051080 -0.005766 1.001989
v 0.335605 -0.131437 0.975454
v 0.050237 -0.053329 0.326088
v 0.329658 -0.204541 0.378644
v -0.316637 0.225693 1.996721
v -0.377290 0.270269 1.674141
v -0.440574 0.282031 1.355454
v -0.487072 0.284815 1.514295
v -0.407455 0.272876 1.783668
v -0.332513 0.221836 2.048547
v 0.567096 -0.373099 0.839049
v 0.574651 -0.376348 0.707277
v 0.584246 -0.376689 0.575823
v -0.575846 0.288178 1.304713
v -0.583023 0.289254 1.367929
v 0.540247 -0.373292 -0.604101
v 0.494796 -0.370438 -0.723601
v 0.592002 -0.376146 -0.510381
v 0.536272 -0.372992 -0.613279
v 0.538324 -0.373128 -0.608612
v 0.494740 -0.370521 -0.727544
v -0.510431 0.290615 1.695675
v -0.424462 0.268233 1.902967
v -0.341447 0.215615 2.105304
v -0.597634 0.300552 1.793836
v -0.597334 0.300122 1.691989
v -0.597642 0.297108 1.587492
v -0.607475 0.296920 1.856209
v -0.597964 0.298205 1.900712
v -0.512465 0.279627 2.003762
v -0.427113 0.247306 2.104063
v -0.342927 0.203593 2.203144
v 0.631753 -0.376689 0.132605
v 0.571937 -0.376604 -0.231260
v 0.576636 -0.376657 -0.052622
v -0.541917 0.261906 2.127391
v -0.352918 0.198634 2.243430
v -0.676724 0.267184 2.454301
v -0.677270 0.269715 2.336082
v 0.044802 0.059170 1.974767
v 0.219120 -0.088352 1.638457
v 0.424014 -0.171024 1.295678
v -0.414189 0.278430 1.367579
v -0.326031 0.253171 1.697127
v -0.241073 0.191396 2.031497
v -0.395158 0.207586 2.365130
v -0.475074 0.239069 2.267026
v -0.555379 0.264431 2.169451
v -0.588275 0.253494 2.268126
v -0.406772 0.203541 2.396894
v -0.302650 0.169900 2.421963
v -0.282698 0.163528 2.362603
v -0.526887 0.228334 2.518469
v -0.622818 0.256998 2.371035
v -0.676352 0.266563 2.549507
v 0.588376 -0.376693 0.662436
v -0.351797 0.180079 2.526466
v -0.377052 0.185753 2.573904
v 0.698808 -0.371741 1.420470
v 0.710342 -0.372422 1.329123
v 0.629321 -0.365449 1.223190
v 0.610233 -0.362889 1.236766
v 0.622961 -0.364237 1.374649
v 0.633734 -0.367259 1.508097
v 0.514956 -0.307361 2.146913
v 0.598547 -0.355437 1.826117
v 0.570316 -0.335386 1.398833
v 0.532693 -0.326429 1.702346
v 0.502215 -0.305000 2.004651
v 0.570220 -0.365633 1.001999
v 0.578592 -0.364947 1.033867
v 0.586876 -0.364631 1.063601
v 0.561718 -0.366532 0.969970
v 0.062275 0.009123 2.382991
v 0.218285 -0.061999 2.356755
v 0.364310 -0.147358 2.332294
v 0.457526 -0.198469 1.418497
v 0.283145 -0.091955 1.749006
v 0.114872 0.036830 2.073329
v 0.667889 -0.376541 1.847282
v 0.554536 -0.336133 2.019184
v 0.599455 -0.357192 1.875583
v 0.611040 -0.339926 2.119389
v 0.409631 -0.225883 2.581934
v 0.315813 -0.194517 2.709479
v 0.273758 -0.106884 2.620534
v 0.339198 -0.145297 2.586404
v 0.398790 -0.192055 2.552224
v 0.422243 -0.207767 2.394179
v 0.358528 -0.150427 2.481044
v 0.283767 -0.109079 2.567971
v 0.223404 -0.100716 2.686854
v 0.245681 -0.139741 2.729755
v 0.626774 -0.357954 1.933296
v 0.241340 -0.145905 2.791492
v 0.179417 -0.053116 2.662647
v 0.441978 -0.183093 1.320251
v 0.263239 -0.098791 1.685684
v 0.107614 0.038960 2.041232
v 0.131321 -0.036016 2.593194
v 0.062789 0.002229 2.539968
v -0.009309 0.051029 2.475851
v 0.022946 0.023779 2.547726
v 0.143142 -0.043042 2.618651
v 0.096959 -0.006842 2.633193
v 0.054163 0.012771 2.593714
v 0.084049 -0.004172 2.644334
v 0.554355 -0.376509 -1.368059
v -0.551371 0.291851 1.197416
v -0.593836 0.273473 0.534508
v 0.518228 -0.374597 -0.871267
v 0.537337 -0.373063 -0.610795
v -0.493855 0.269054 -2.211625
v -0.608544 0.271713 -1.119494
v 0.354459 -0.043264 -2.578749
v -0.452404 0.266735 -0.582484
v -0.611325 0.268121 -1.041999
v 0.645164 -0.372088 1.665177
v 0.645200 -0.374198 1.738092
v -0.430625 0.268200 -0.333235
v 0.688194 -0.376689 1.937628
v -0.515962 0.269955 0.285935
v -0.429300 0.269361 -0.284254
v -0.458442 0.267666 -0.662271
v -0.493382 0.266715 -2.687988
v 0.139142 0.004556 -2.992252
v 0.597363 -0.377032 -1.931159
v 0.326862 -0.026061 -2.615451
v 0.391717 -0.071980 -2.500126
v 0.011466 0.027459 2.603398
v -0.610354 0.270076 -1.093683
v -0.612539 0.291741 1.965291
v -0.202521 0.188594 -2.405220
v 0.611454 -0.376754 -1.681028
v -0.044336 0.078389 -3.059860
v -0.155312 0.105764 -3.120297
v -0.677068 0.281598 1.701436
v 0.615111 -0.376805 0.671344
v -0.322865 0.178531 2.504670
v -0.626147 0.286127 2.026412
v 0.319128 -0.016337 -2.692398
v 0.471354 -0.269961 2.360322
v -0.614232 0.272690 -1.156716
v -0.185355 0.132117 2.332858
v -0.497268 0.269058 0.157631
v 0.595066 -0.364326 1.098385
v 0.033338 0.062242 -3.007761
v -0.545964 0.288277 -1.929914
v 0.601030 -0.364831 1.107361
v -0.676448 0.274098 2.196175
v -0.651521 0.270668 -1.255136
v 0.100134 -0.005493 2.697931
v 0.119282 -0.024828 2.626141
v 0.078218 -0.009439 2.580806
v 0.038467 0.015094 2.618513
v 0.015711 0.031306 2.519822
v 0.240888 -0.093941 1.662043
v 0.078791 0.048556 2.009984
v 0.273143 -0.095387 1.717320
v 0.452380 -0.193299 1.385728
v 0.447221 -0.188136 1.352975
v 0.586104 -0.345500 1.999074
v 0.541963 -0.314217 2.211979
v 0.288453 -0.135237 2.650247
v 0.302378 -0.164597 2.679904
v 0.351736 -0.176757 2.616132
v 0.348930 -0.147828 2.533772
v 0.407073 -0.196705 2.499598
v 0.414951 -0.201844 2.446907
v 0.363292 -0.209076 2.647042
v 0.388511 -0.218661 2.662770
v 0.683192 -0.376689 2.030749
v -0.268728 0.159510 2.383822
v -0.522540 0.232062 2.385961
v -0.462121 0.210597 2.499982
v 0.575226 -0.370680 0.918151
v 0.266522 -0.047650 2.049766
v 0.396308 -0.161749 2.027499
v 0.416472 -0.198120 1.724897
v 0.542924 -0.331364 1.844512
v 0.588566 -0.349961 1.683914
v 0.579138 -0.343630 1.541610
v 0.634931 -0.365331 1.310143
v 0.651033 -0.367476 1.426668
v 0.578803 -0.375090 0.781722
v -0.624512 0.266715 2.760537
v -0.266215 0.202741 2.020283
v -0.351522 0.262408 1.685657
v -0.291292 0.214530 2.008646
v -0.593052 0.245665 2.502315
v -0.676142 0.266715 2.675311
v -0.371892 0.202266 2.306529
v -0.499607 0.230955 2.329438
v -0.573500 0.258971 2.216881
v -0.034033 0.099834 1.657736
v 0.131342 -0.056299 1.322157
v -0.117771 0.134460 1.339130
v -0.709113 0.268921 2.299742
v -0.445478 0.234044 2.187142
v -0.529762 0.270374 2.068958
v -0.425643 0.259509 2.004946
v -0.510628 0.291313 1.800583
v -0.511403 0.287577 1.903430
v -0.415798 0.271522 1.843769
v -0.494545 0.288062 1.575023
v -0.502337 0.290046 1.635545
v 0.548614 -0.375962 -0.277175
v 0.522900 -0.372384 -0.503131
v -0.632050 0.291604 1.711263
v -0.632253 0.288990 1.577614
v 0.322718 -0.180275 0.645460
v 0.323755 -0.195537 0.515724
v 0.039724 -0.054212 0.460862
v -0.392141 0.272533 1.729175
v -0.456403 0.282394 1.407669
v -0.471950 0.283284 1.460616
v 0.585637 -0.375873 -0.515593
v 0.048990 -0.011465 0.956605
v -0.208169 0.176359 0.943864
v -0.208691 0.177991 0.988673
v 0.037059 -0.037482 0.751920
v -0.215011 0.149448 0.575789
v -0.211824 0.162337 0.738550
v -0.540566 0.287844 0.688292
v 0.350982 -0.201702 0.155099
v 0.354348 -0.199969 0.108815
v 0.103147 -0.027709 0.002969
v 0.342807 -0.179910 -0.160422
v 0.333227 -0.155041 -0.380207
v 0.111562 0.022427 -0.261658
v -0.518804 0.279022 0.458205
v 0.071476 -0.047392 0.166358
v -0.169353 0.141820 0.017201
v -0.189157 0.136596 0.136382
v 0.587330 -0.376707 -1.512072
v 0.460518 -0.278071 -1.713243
v 0.435328 -0.236501 -1.944297
v 0.543702 -0.345778 -1.724420
v 0.493713 -0.299684 -1.882771
v 0.511386 -0.312649 -1.962349
v 0.551617 -0.345749 -1.903420
v 0.061659 0.098731 -2.655986
v 0.161011 0.046023 -2.681146
v 0.096755 0.063004 -2.773308
v 0.161229 0.082702 -2.450469
v 0.283013 -0.007928 -2.363858
v 0.258456 0.013793 -2.474427
v 0.516257 -0.313667 -2.000177
v 0.485659 -0.290155 -2.003092
v 0.561570 -0.349293 -1.984270
v 0.561470 -0.347446 -2.030452
v 0.409247 -0.202424 -2.138516
v 0.372121 -0.084995 -2.388791
v 0.374609 -0.070624 -2.467729
v 0.363030 -0.060165 -2.484603
v 0.403707 -0.109384 -2.351890
v 0.396380 -0.093432 -2.408081
v 0.248432 -0.012672 -2.815676
v 0.114212 0.012282 -3.050859
v -0.054098 0.099780 -2.907952
v -0.042045 0.119949 -2.771632
v -0.044957 0.140890 -2.682016
v -0.138535 0.120120 -2.922444
v 0.164677 0.085873 -2.314768
v 0.035499 0.151203 -2.398351
v 0.007895 0.157241 -2.372631
v 0.328333 -0.131396 -0.815012
v 0.338589 -0.133589 -0.930729
v 0.123424 0.082635 -0.795323
v -0.166576 0.162088 -0.381401
v 0.317483 -0.069745 -1.293217
v 0.268833 -0.023963 -1.549238
v 0.057553 0.087014 -1.165990
v 0.085216 0.150376 -1.860850
v -0.078365 0.196865 -1.913994
v -0.162244 0.227746 -1.483664
v -0.350621 0.222132 -2.415146
v -0.291957 0.197990 -2.556003
v -0.360799 0.225596 -2.335968
v -0.313716 0.204934 -2.270390
v -0.299047 0.201566 -2.274867
v -0.340684 0.319018 -1.794141
v -0.438136 0.352682 -1.607750
v -0.397421 0.366663 -1.354858
v -0.611465 0.290988 -1.456534
v -0.382568 0.238347 -2.095404
v -0.469607 0.278138 -1.963315
v -0.477418 0.286530 -1.910154
v -0.371163 0.224953 -2.306316
v -0.433223 0.247916 -2.259863
v -0.396665 0.233515 -2.185302
v -0.468428 0.262785 -2.081373
v -0.381548 0.226307 -2.247662
v -0.445892 0.250871 -2.205248
v -0.577603 0.296272 -1.761916
v -0.557216 0.303561 -1.281172
v -0.564308 0.285302 -1.143411
v -0.526360 0.283181 -1.028369
v -0.612607 0.268220 -1.045949
v -0.542432 0.268643 -0.878294
v -0.180038 0.159849 -0.634918
v -0.172466 0.161588 -0.591606
v 0.112881 0.076638 -0.637946
v -0.163432 0.162602 -0.426295
v 0.115504 0.071346 -0.566796
v -0.164650 0.163178 -0.519757
v -0.164317 0.163070 -0.491305
v -0.007330 0.005083 -0.990139
v -0.348203 0.122927 -1.086824
v -0.344824 0.146038 -1.195147
v 0.079442 0.047487 -2.508696
v 0.117748 -0.005755 -2.631391
v 0.229349 -0.043688 -2.409678
v -0.207863 0.123738 -1.550680
v -0.039840 0.119660 -1.792152
v 0.151642 0.001000 -1.338537
v 0.233149 -0.023440 -1.951033
v 0.333893 -0.170998 -1.859916
v 0.366306 -0.193156 -1.503203
v 0.481261 -0.336886 -1.673521
v 0.528787 -0.377893 -1.472826
v 0.510294 -0.339704 -1.927618
v 0.551075 -0.376332 -2.032979
v -0.295493 0.102074 -0.811402
v 0.066651 0.036512 -0.711535
v -0.233401 0.115207 -0.644355
v -0.327234 0.174310 -2.281992
v -0.457871 0.223785 -2.036874
v -0.397143 0.194629 -2.325267
v 0.438331 -0.280420 1.820124
v 0.406450 -0.228887 2.239921
v 0.353791 -0.162646 2.238993
v 0.562950 -0.381978 1.650839
v 0.587219 -0.387164 1.899197
v 0.516212 -0.351156 2.070083
v 0.230795 -0.163592 2.717736
v 0.285588 -0.199983 2.708786
v -0.135714 0.093587 1.217825
v 0.126060 -0.113570 1.294963
v -0.029768 0.051108 1.681900
v -0.368512 0.144047 2.505413
v -0.481402 0.182412 2.619729
v -0.496165 0.198472 2.338584
v -0.652593 0.237544 2.273753
v -0.643979 0.228388 2.527061
v -0.357910 0.205837 1.941493
v -0.488417 0.250366 1.764037
v -0.473516 0.234562 1.451050
v 0.320995 -0.169845 1.789341
v 0.221041 -0.069626 2.207064
v 0.146111 -0.036323 2.176289
v 0.315432 -0.214944 -0.209118
v 0.308882 -0.246287 0.213355
v 0.076032 -0.049058 -0.126898
v 0.028005 -0.096726 0.560358
v -0.244786 0.098955 0.491000
v -0.214851 0.091202 0.220052
v -0.632155 0.256057 -1.121804
v -0.554211 0.233825 -0.731966
v -0.587108 0.271836 0.470229
v -0.595914 0.245759 1.066811
v -0.621432 0.258126 1.579528
v -0.636499 0.290593 1.793816
v -0.668227 0.247983 1.988426
v -0.721928 0.237439 2.184839
v -0.689251 0.228643 2.567068
v 0.685772 -0.376453 1.807914
v 0.669689 -0.397022 1.833416
v 0.562711 -0.366999 0.963790
v 0.527689 -0.391457 -0.664048
v 0.551391 -0.371117 -2.217952
v 0.257087 -0.013739 -2.747296
v -0.045020 0.046193 -3.047678
v -0.178903 0.172873 -2.436280
v -0.123737 0.191035 -2.458498
v 0.475924 -0.286619 -2.089669
v 0.414949 -0.187459 -2.239512
v 0.419851 -0.148627 -2.302740
v -0.468388 0.217637 2.861844
v -0.371484 0.190999 2.609366
v -0.272992 0.161797 2.431789
v -0.200383 0.108302 2.498055
v 0.216099 -0.113052 2.809270
v 0.574973 -0.328380 2.166458
v -0.255795 0.136969 2.497082
v 0.440015 -0.279662 2.484942
v -0.288948 0.182646 -2.596062
v -0.235889 0.166498 -2.560406
v -0.641436 0.258151 -1.145308
v -0.480556 0.266715 -2.534640
v -0.559406 0.262180 -1.907510
v -0.468670 0.252061 -2.332477
v -0.629734 0.254942 -1.098860
v -0.573279 0.272204 0.444837
v -0.520043 0.259119 0.284382
v -0.583171 0.256675 0.903242
v -0.637161 0.269572 1.972136
v -0.363033 0.167494 2.706331
v 0.611145 -0.410512 -1.927491
v 0.659914 -0.389020 1.818449
v 0.635001 -0.397863 1.132955
v 0.517662 -0.371747 -0.654234
v 0.600699 -0.383236 -0.467792
v 0.534460 -0.384798 -0.637063
v -0.215373 0.118810 2.391551
v -0.189606 0.099567 2.441528
v -0.451480 0.232015 -0.395461
v 0.193534 -0.015748 -2.794085
v 0.603003 -0.394020 -0.385426
v 0.557107 -0.422523 0.559728
v -0.072342 0.106546 -2.729843
v -0.028170 0.067914 -2.792142
v -0.070000 0.109181 -2.667304
v -0.424461 0.199351 2.670851
v 0.319647 -0.195357 2.769160
v -0.567908 0.288654 1.247970
v -0.617163 0.289098 -1.602051
v 0.570245 -0.369931 0.925276
v 0.566430 -0.376689 -1.026812
v -0.609364 0.269388 -1.070769
v 0.465692 -0.261524 2.412956
v 0.694216 -0.376689 -0.052461
v -0.496491 0.301891 0.913709
v 0.568724 -0.368658 0.948827
v -0.598775 0.287418 1.383079
v -0.598641 0.271148 0.483156
v 0.267223 -0.181060 2.772898
v -0.093295 0.190948 -2.483345
v 0.428463 -0.234889 2.615188
v -0.276093 0.193766 -2.504053
v -0.262998 0.192428 -2.448272
v -0.553431 0.292405 -1.879921
v 0.574405 -0.361838 1.074995
v 0.291402 -0.103627 2.419508
v 0.135267 -0.032785 2.443935
v 0.210164 -0.071557 2.506540
v -0.495726 0.255225 -2.215936
v -0.655637 0.272872 -1.340865
v -0.481696 0.255512 -0.142738
v -0.573601 0.281936 0.689491
v -0.516852 0.290972 0.972816
v -0.587493 0.270599 1.082032
v -0.582876 0.256669 0.928837
v -0.653446 0.262462 2.003601
v 0.665127 -0.368967 1.218884
v 0.574070 -0.392686 1.029363
v 0.582013 -0.365084 1.039902
v 0.592412 -0.402116 0.844416
v 0.587711 -0.402573 0.646805
v 0.588230 -0.413061 0.759394
v 0.697907 -0.376689 -0.270047
v 0.616380 -0.376729 -0.447526
v 0.531618 -0.376709 -1.158015
v 0.536558 -0.394535 -1.051126
v -0.089586 0.165481 -2.605252
v 0.260121 -0.009136 -2.829789
v 0.017493 0.020172 2.699257
v 0.205828 -0.071967 2.654763
v 0.492082 -0.315822 2.401525
v 0.576065 -0.356876 2.143319
v 0.508908 -0.317804 2.313124
v -0.097579 0.069039 2.509641
v 0.066756 -0.022507 2.691756
v 0.213453 -0.150122 2.835427
v -0.557331 0.267309 -0.851289
v -0.229078 0.180195 -2.470511
v -0.194624 0.169108 -2.492657
v -0.242866 0.180096 -2.526562
v -0.505399 0.258292 -2.149887
v -0.471392 0.239584 -2.316429
v -0.599348 0.285871 -1.685755
v -0.478783 0.268543 -0.184635
v -0.502891 0.248355 0.027506
v -0.530207 0.239019 0.241095
v -0.577597 0.241513 0.674771
v -0.642546 0.276984 1.722583
v -0.380195 0.174516 2.779704
v 0.318883 -0.216903 2.731537
v 0.652939 -0.400497 1.669030
v 0.633398 -0.413196 1.447738
v 0.586631 -0.387984 1.051213
v 0.605685 -0.376689 0.278723
v 0.580630 -0.408095 0.762685
v 0.589688 -0.402017 0.785326
v 0.599145 -0.376005 -2.000711
v 0.606455 -0.376509 -0.475534
v -0.630316 0.254741 -1.083997
v 0.551757 -0.388307 -0.903041
v 0.340796 -0.115794 -2.427463
v 0.248035 -0.053282 -2.642961
v 0.327138 -0.072261 -2.535918
v 0.601924 -0.413996 0.727014
v -0.075506 0.086027 -2.906425
v -0.578809 0.248147 0.760051
v 0.654693 -0.380341 1.364557
v 0.629823 -0.391798 1.239621
v 0.568199 -0.375422 -2.170349
v 0.578020 -0.408113 -2.241272
vn 0.2117 -0.9748 0.0700
vn -0.4923 -0.8570 0.1521
vn 0.1722 0.9841 0.0444
vn 0.1960 -0.9477 -0.2521
vn -0.5113 0.8480 0.1399
vn -0.6857 -0.6441 0.3391
vn 0.8455 -0.5340 -0.0030
vn 0.6173 -0.7861 -0.0298
vn 0.9863 -0.1642 0.0146
vn 0.8125 -0.5830 -0.0016
vn 0.9395 0.2951 0.1739
vn 0.7013 0.5826 -0.4108
vn 0.9458 0.3035 -0.1154
vn 0.6843 0.0520 0.7273
vn 0.6741 0.5744 0.4643
vn -0.0486 -0.9906 -0.1278
vn -0.9932 0.0387 -0.1097
vn -0.2511 0.9593 0.1295
vn -0.5570 0.8278 -0.0670
vn 0.0234 0.5753 0.8176
vn -0.5130 -0.7710 0.3773
vn 0.0774 0.9579 0.2766
vn 0.5289 0.8439 0.0901
vn -0.1952 0.8883 0.4156
vn -0.0379 -0.9992 -0.0110
vn -0.2994 0.3703 -0.8793
vn 0.2066 -0.9764 -0.0623
vn -0.9358 0.1172 0.3325
vn 0.1487 -0.9889 0.0031
vn 0.1016 0.9940 0.0407
vn 0.8626 0.5034 0.0502
vn 0.9648 0.2178 0.1474
vn 0.9454 0.1705 -0.2777
vn -0.9386 -0.3013 0.1680
vn 0.9121 0.1302 -0.3888
vn -0.5649 0.8181 -0.1075
vn -0.8802 -0.4745 0.0100
vn -0.9954 0.0786 0.0543
vn -0.8944 0.2445 0.3746
vn -0.5606 0.8281 0.0070
vn -0.5942 0.8013 -0.0701
vn 0.2664 -0.9391 -0.2169
vn -0.9731 0.2299 0.0133
vn -0.5951 0.7948 -0.1193
vn -0.8682 -0.3823 -0.3163
vn 0.5220 0.8527 0.0176
vn -0.6316 -0.7753 -0.0007
vn 0.2054 -0.9787 -0.0051
vn 0.8044 0.2414 -0.5428
vn 0.4880 0.8369 -0.2478
vn 0.4741 -0.8791 -0.0490
vn -0.5394 -0.7165 0.4423
vn 0.1878 -0.9792 0.0769
vn 0.3534 -0.9098 -0.2179
vn 0.9141 0.3938 -0.0965
vn 0.4484 0.8927 0.0459
vn -0.7450 0.6641 -0.0623
vn 0.1019 0.9850 0.1394
vn -0.4652 0.8849 -0.0210
vn -0.9962 -0.0744 0.0459
vn -0.2731 0.9380 0.2134
vn 0.5275 -0.8433 0.1028
vn 0.3317 -0.7429 -0.5814
vn 0.8445 -0.5051 0.1781
vn 0.5382 0.8422 -0.0310
vn 0.6427 -0.4691 0.6057
vn -0.7222 0.6550 0.2222
vn 0.1528 0.9525 0.2635
vn 0.5246 0.7663 0.3709
vn 0.9270 0.2801 0.2494
vn 0.4432 0.8695 -0.2178
vn 0.0757 -0.9886 -0.1301
vn 0.6840 -0.6525 -0.3262
vn 0.7168 -0.2685 -0.6436
vn -0.0147 -0.9682 -0.2498
vn -0.7824 -0.5919 0.1938
vn 0.6907 0.7202 0.0654
vn -0.7679 -0.5494 0.3295
vn 0.6443 0.7647 -0.0120
vn -0.6331 0.7657 -0.1139
vn -0.8821 0.4688 -0.0463
vn 0.9885 -0.0881 -0.1229
vn -0.5288 -0.8334 -0.1610
vn -0.6842 0.6973 0.2136
vn 0.5813 -0.8133 -0.0228
vn -0.5732 0.8086 0.1329
vn -0.5101 0.8571 0.0722
vn -0.3645 -0.9311 -0.0146
vn -0.6433 -0.7650 0.0302
vn -0.3880 -0.9166 -0.0963
vn -0.1889 -0.9819 -0.0131
vn -0.0246 -0.9996 -0.0104
vn -0.3447 -0.9387 0.0072
vn -0.6937 -0.7144 0.0922
vn -0.6672 -0.6931 -0.2730
vn -0.2764 -0.9602 0.0410
vn -0.6918 -0.7200 -0.0551
vn 0.1281 -0.9917 0.0053
vn -0.7325 -0.6758 0.0820
vn -0.5717 -0.8187 0.0541
vn -0.4119 -0.9100 -0.0468
vn -0.8003 -0.5995 -0.0041
vn -0.4996 -0.8632 0.0729
vn -0.3933 -0.9194 -0.0049
vn 0.3486 0.9360 -0.0482
vn 0.0308 0.9995 0.0093
vn -0.2731 0.9597 0.0669
vn -0.0738 0.9973 0.0019
vn -0.2055 0.9762 0.0699
vn -0.3742 0.9268 -0.0313
vn 0.3524 0.9353 0.0331
vn 0.2603 0.9647 -0.0402
vn 0.2095 0.9775 -0.0221
vn -0.3511 0.9360 -0.0249
vn -0.2367 0.9705 0.0446
vn -0.0829 0.9944 -0.0658
vn 0.1288 0.9886 -0.0781
vn 0.3818 0.9203 -0.0846
vn 0.2016 0.9750 -0.0940
vn 0.7791 0.6246 0.0539
vn 0.8125 0.5788 0.0699
vn 0.2162 0.9565 0.1960
vn 0.2490 0.9579 -0.1427
vn 0.5893 0.7946 -0.1459
vn 0.4585 0.8835 -0.0962
vn 0.1608 0.9536 0.2544
vn 0.4807 0.8646 0.1464
vn 0.6883 0.7205 -0.0845
vn 0.6153 0.7871 0.0443
vn 0.7244 0.6669 0.1747
vn 0.4631 0.8807 -0.1001
vn 0.5498 0.8350 0.0221
vn 0.0079 1.0000 0.0004
vn 0.3818 0.9235 0.0378
vn 0.1107 -0.9928 0.0459
vn -0.1308 0.9905 -0.0420
vn 0.0039 1.0000 -0.0001
vn 0.7683 0.6336 -0.0911
vn 0.5766 0.8165 0.0272
vn -0.1259 0.9906 -0.0532
vn -0.1769 0.9838 -0.0275
vn 0.4475 0.8936 -0.0356
vn 0.4050 0.9143 0.0021
vn -0.0027 0.9978 0.0659
vn 0.5381 0.8419 0.0403
vn -0.2166 0.9753 -0.0426
vn 0.2603 0.9625 -0.0760
vn 0.8189 -0.4378 -0.3711
vn 0.0440 0.9990 0.0054
vn 0.0136 0.9999 0.0103
vn 0.1314 0.9902 -0.0465
vn 0.0105 0.9999 0.0024
vn 0.0800 0.9968 0.0021
vn 0.0752 0.9904 0.1161
vn -0.0601 0.9977 0.0309
vn 0.7149 0.6902 -0.1120
vn 0.0978 0.9898 0.1033
vn 0.4027 0.9148 0.0322
vn 0.2079 0.9776 0.0318
vn 0.1163 0.9923 0.0415
vn 0.1430 0.9879 -0.0604
vn 0.0647 0.9974 -0.0308
vn 0.0893 0.9957 0.0241
vn 0.3473 0.9378 0.0036
vn 0.7625 0.6469 0.0097
vn 0.2737 0.9618 -0.0011
vn 0.7064 0.7077 -0.0089
vn 0.6378 0.6899 0.3423
vn 0.3759 0.9232 -0.0804
vn 0.6013 0.7851 -0.1485
vn 0.3534 0.9217 0.1602
vn 0.5164 0.8228 -0.2374
vn 0.4542 0.8868 -0.0859
vn 0.3852 0.9181 -0.0930
vn 0.3799 0.9192 -0.1033
vn 0.4307 0.8980 -0.0903
vn 0.4299 0.8975 -0.0980
vn 0.4166 0.9033 -0.1028
vn 0.4144 0.9034 -0.1099
vn 0.5305 0.8116 -0.2449
vn 0.5555 0.7905 -0.2578
vn 0.5682 0.7923 -0.2223
vn 0.5765 0.7750 -0.2591
vn 0.5344 0.8054 -0.2562
vn 0.5469 0.8074 -0.2213
vn 0.5957 0.7727 -0.2194
vn 0.6000 0.7682 -0.2234
vn 0.2936 0.9493 0.1126
vn 0.3092 0.9417 0.1326
vn 0.3281 0.9370 0.1199
vn 0.3494 0.9273 0.1343
vn 0.3804 0.9215 0.0777
vn 0.4874 0.8661 0.1112
vn 0.4734 0.8806 0.0232
vn 0.4082 0.9068 0.1049
vn 0.5080 0.8597 0.0537
vn 0.4583 0.8808 0.1188
vn 0.4531 0.8808 0.1373
vn 0.4726 0.8740 0.1132
vn 0.4980 0.8629 0.0858
vn 0.6800 0.7189 -0.1440
vn 0.2996 0.9527 -0.0507
vn 0.4407 0.8834 -0.1591
vn 0.4941 0.8670 0.0646
vn 0.2898 0.9539 -0.0783
vn 0.4157 0.8931 -0.1721
vn 0.3923 0.9008 -0.1861
vn 0.4500 0.8813 -0.1445
vn 0.2996 0.9541 -0.0017
vn 0.3322 0.9429 0.0232
vn 0.3069 0.9517 0.0091
vn 0.3242 0.9457 0.0212
vn 0.2832 0.9591 -0.0004
vn 0.3203 0.9257 -0.2014
vn 0.5737 0.8182 0.0390
vn 0.5453 0.8355 -0.0679
vn 0.3418 0.9170 -0.2057
vn 0.2102 0.9627 -0.1706
vn 0.5437 0.8380 0.0465
vn 0.1803 0.9704 -0.1609
vn 0.5091 0.8592 0.0508
vn 0.7682 0.6400 -0.0197
vn 0.5904 0.7884 -0.1728
vn 0.7807 0.6244 -0.0245
vn 0.6100 0.7724 -0.1769
vn 0.7904 0.6117 -0.0324
vn 0.6212 0.7612 -0.1863
vn 0.8277 0.5496 0.1131
vn 0.7900 0.6035 0.1080
vn 0.8085 0.5787 0.1066
vn 0.8166 0.5658 0.1139
vn 0.3170 0.7080 -0.6310
vn 0.3243 0.6981 -0.6383
vn 0.7865 0.3176 0.5297
vn 0.7916 0.3017 0.5314
vn 0.3269 0.9438 -0.0477
vn 0.2893 0.9548 -0.0680
vn 0.2990 0.9520 -0.0656
vn 0.1671 0.9837 -0.0661
vn 0.2456 0.9672 -0.0650
vn 0.1819 0.9806 -0.0732
vn 0.2268 0.9692 -0.0954
vn 0.3014 0.9504 -0.0772
vn 0.1552 0.9837 -0.0903
vn 0.2121 0.9742 -0.0764
vn 0.5633 0.7445 0.3584
vn 0.5866 0.7271 0.3568
vn 0.5920 0.7088 0.3836
vn 0.6064 0.7032 0.3712
vn 0.6294 0.6794 0.3771
vn 0.6405 0.6746 0.3671
vn 0.6445 0.6449 0.4107
vn 0.6951 0.6203 0.3633
vn 0.6344 0.6685 0.3882
vn 0.6687 0.6525 0.3564
vn 0.6714 0.6234 0.4008
vn 0.7179 0.5978 0.3567
vn 0.7188 0.5744 0.3917
vn 0.7642 0.5462 0.3430
vn 0.4780 0.8767 0.0544
vn 0.5273 0.8478 0.0567
vn 0.6276 0.7779 0.0300
vn 0.5356 0.8418 0.0668
vn 0.5315 0.8452 0.0551
vn 0.6710 0.7362 0.0887
vn 0.6513 0.7584 0.0234
vn 0.7007 0.7074 0.0927
vn 0.6771 0.7358 0.0110
vn 0.7527 0.6556 0.0605
vn 0.7318 0.6814 -0.0147
vn 0.7759 0.6285 0.0547
vn 0.7549 0.6554 -0.0239
vn 0.7951 0.6050 0.0420
vn 0.7748 0.6312 -0.0356
vn 0.2629 0.9648 -0.0033
vn 0.3119 0.9501 -0.0062
vn 0.2872 0.9579 -0.0050
vn 0.3454 0.9383 0.0180
vn 0.3509 0.9364 0.0080
vn 0.3693 0.9293 -0.0069
vn 0.3990 0.9167 0.0223
vn 0.4309 0.9024 0.0004
vn 0.4787 0.8776 0.0257
vn 0.2915 0.9565 -0.0108
vn 0.2859 0.9582 -0.0068
vn 0.2732 0.9618 -0.0190
vn 0.2685 0.9630 -0.0220
vn 0.2009 0.9790 0.0341
vn 0.2363 0.9711 0.0351
vn 0.2347 0.9710 0.0457
vn 0.2042 0.9768 0.0637
vn 0.2735 0.9612 0.0360
vn 0.2318 0.9699 0.0751
vn 0.2681 0.9633 0.0152
vn 0.2312 0.9710 0.0603
vn 0.2697 0.9625 0.0284
vn 0.2316 0.9697 0.0773
vn 0.2619 0.9630 0.0633
vn -0.0195 -0.9972 0.0721
vn -0.0569 -0.9963 0.0649
vn -0.1069 -0.9929 0.0516
vn 0.5795 0.8150 -0.0040
vn 0.4818 0.8760 0.0222
vn 0.4163 0.9089 0.0261
vn 0.4111 0.9113 0.0248
vn 0.0089 0.9999 0.0063
vn 0.0290 0.9995 0.0154
vn 0.0062 1.0000 0.0002
vn 0.5484 0.8195 0.1665
vn 0.4275 0.8974 0.1091
vn 0.5062 0.8623 0.0124
vn 0.4993 0.8514 0.1610
vn 0.4718 0.8757 -0.1029
vn 0.6672 0.7318 0.1390
vn 0.6550 0.7542 -0.0470
vn 0.6117 0.7868 -0.0821
vn 0.6299 0.7721 0.0835
vn 0.8071 0.5876 0.0570
vn 0.8065 0.5899 0.0395
vn 0.7380 0.6741 -0.0318
vn 0.7455 0.6625 0.0729
vn 0.7749 0.6236 0.1031
vn 0.7720 0.6356 0.0024
vn 0.2091 0.9749 -0.0759
vn 0.1103 0.9922 -0.0571
vn 0.3360 0.9362 -0.1035
vn 0.5033 0.8636 -0.0307
vn 0.5572 0.8303 -0.0144
vn 0.4213 0.9069 0.0054
vn 0.4662 0.8843 -0.0271
vn 0.5215 0.8532 -0.0079
vn 0.3778 0.9259 0.0002
vn 0.4159 0.9093 0.0129
vn 0.3655 0.9308 0.0060
vn 0.4250 0.9048 0.0260
vn 0.3860 0.9224 0.0084
vn 0.3374 0.9413 -0.0059
vn 0.4549 0.8905 0.0095
vn 0.3514 0.9359 -0.0233
vn 0.5939 0.8045 0.0098
vn 0.4080 0.9114 -0.0542
vn 0.1168 0.9929 -0.0231
vn 0.0958 0.9954 0.0009
vn 0.0860 0.9962 0.0156
vn 0.1263 0.9919 -0.0095
vn 0.1086 0.9941 0.0033
vn 0.0847 0.9963 0.0153
vn 0.0905 0.9958 0.0125
vn 0.0897 0.9960 0.0059
vn 0.1148 0.9933 -0.0088
vn 0.0957 0.9953 -0.0173
vn 0.0820 0.9966 0.0029
vn 0.0968 0.9953 -0.0085
vn -0.0202 0.9950 -0.0974
vn -0.0399 0.9916 -0.1234
vn -0.0118 0.9894 -0.1445
vn -0.0406 0.9893 -0.1400
vn -0.0179 0.9907 -0.1348
vn 0.3113 0.9501 -0.0194
vn 0.1635 0.9856 -0.0427
vn 0.0026 0.9994 -0.0342
vn 0.0684 0.9974 -0.0207
vn -0.0254 0.9996 -0.0155
vn 0.0219 0.9998 -0.0010
vn -0.0037 1.0000 0.0002
vn -0.1133 -0.9932 0.0252
vn 0.1750 0.9831 -0.0530
vn 0.0743 0.9960 -0.0499
vn 0.1406 0.9883 -0.0593
vn 0.2839 0.9585 0.0268
vn 0.2756 0.9607 -0.0332
vn -0.5363 0.7878 0.3029
vn 0.2893 0.9546 -0.0717
vn 0.2243 0.9632 0.1480
vn 0.3830 0.9209 0.0728
vn 0.3492 0.9368 -0.0216
vn 0.3659 0.9236 0.1140
vn 0.2174 0.9627 0.1613
vn 0.3024 0.9487 0.0921
vn 0.4015 0.9139 0.0606
vn 0.3748 0.9189 0.1231
vn 0.2256 0.9591 0.1711
vn 0.1236 0.9920 0.0256
vn 0.3018 0.9531 -0.0248
vn 0.2509 0.9632 0.0960
vn 0.3802 0.9232 0.0561
vn 0.3418 0.9288 0.1431
vn 0.2480 0.9532 0.1733
vn 0.0021 1.0000 0.0004
vn 0.0204 0.9994 -0.0275
vn 0.0314 0.9994 -0.0109
vn 0.0071 0.9999 -0.0087
vn 0.0039 1.0000 0.0008
vn 0.2496 0.9682 0.0164
vn 0.2470 0.9686 0.0276
vn 0.2512 0.9678 0.0147
vn 0.2039 0.9782 0.0382
vn 0.2384 0.9710 0.0197
vn 0.2462 0.9692 0.0054
vn 0.0020 1.0000 -0.0012
vn 0.3686 0.9295 0.0164
vn 0.3826 0.9235 0.0295
vn 0.3484 0.9358 0.0534
vn 0.3214 0.9460 0.0417
vn 0.3673 0.9283 0.0570
vn 0.3325 0.9420 0.0458
vn 0.3158 0.9471 0.0574
vn 0.2575 0.9657 0.0347
vn 0.2694 0.9626 0.0285
vn 0.2137 0.9768 0.0098
vn 0.1731 0.9671 0.1864
vn 0.1534 0.9704 0.1865
vn 0.1178 0.9804 0.1579
vn 0.1556 0.9712 0.1805
vn 0.1109 0.9790 0.1709
vn 0.1470 0.9782 0.1469
vn 0.0749 0.9870 0.1422
vn 0.1238 0.9867 0.1055
vn 0.1166 0.9834 0.1387
vn 0.4312 0.8989 0.0780
vn 0.5938 0.8034 -0.0446
vn 0.3644 0.9312 -0.0068
vn 0.4216 0.9067 0.0114
vn 0.4691 0.8821 0.0438
vn 0.5905 0.8028 -0.0825
vn 0.6033 0.7943 -0.0722
vn 0.4621 0.8865 -0.0251
vn 0.4328 0.9003 -0.0468
vn 0.3660 0.9305 0.0140
vn 0.4069 0.9125 0.0420
vn 0.6066 0.7945 -0.0267
vn 0.5728 0.8180 -0.0533
vn 0.4368 0.8995 -0.0007
vn 0.3861 0.9217 -0.0383
vn -0.0496 0.9985 0.0216
vn 0.0229 0.9997 0.0064
vn -0.0416 0.9990 0.0149
vn 0.3126 0.9303 0.1920
vn 0.2489 0.9464 0.2061
vn 0.1569 0.9712 0.1795
vn 0.2541 0.9503 0.1800
vn 0.1534 0.9700 0.1887
vn 0.1710 0.9694 0.1761
vn 0.0595 0.9860 0.1557
vn 0.1105 0.9872 0.1153
vn 0.0895 0.9829 0.1611
vn 0.1518 0.9824 0.1090
vn -0.0000 1.0000 -0.0000
vn 0.0004 1.0000 -0.0000
vn 0.0005 1.0000 0.0001
vn 0.0005 1.0000 0.0002
vn 0.0007 1.0000 -0.0000
vn 0.0006 1.0000 -0.0004
vn 0.0565 0.9984 0.0042
vn 0.0578 0.9983 0.0040
vn 0.0589 0.9983 0.0039
vn 0.0002 1.0000 0.0001
vn -0.0005 1.0000 0.0003
vn 0.0461 0.9989 0.0050
vn 0.3896 0.9134 0.1181
vn 0.3809 0.9209 0.0832
vn 0.2653 0.9642 -0.0059
vn 0.3431 0.9317 0.1197
vn 0.3428 0.9317 0.1198
vn 0.1612 0.9832 0.0860
vn 0.2710 0.9619 0.0370
vn 0.1743 0.9770 0.1229
vn 0.2706 0.9594 0.0789
vn 0.0822 0.9966 -0.0065
vn 0.1369 0.9902 -0.0290
vn 0.0555 0.9978 0.0367
vn 0.1534 0.9882 -0.0037
vn 0.0489 0.9956 0.0794
vn 0.1867 0.9822 0.0221
vn -0.2771 0.9603 0.0315
vn -0.2282 0.9734 0.0207
vn 0.3211 0.9346 0.1530
vn 0.3732 0.9249 0.0726
vn 0.2274 0.9735 -0.0241
vn 0.2272 0.9635 0.1414
vn 0.3430 0.9338 0.1021
vn 0.0899 0.9953 0.0349
vn 0.2183 0.9759 -0.0039
vn 0.0592 0.9962 0.0640
vn 0.2090 0.9777 0.0189
vn 0.1260 0.9913 -0.0375
vn 0.0421 0.9990 -0.0122
vn 0.0691 0.9973 -0.0238
vn 0.0149 0.9999 -0.0075
vn 0.0627 0.9979 -0.0180
vn 0.0284 0.9996 -0.0004
vn -0.0047 0.9999 0.0164
vn 0.1304 0.9914 -0.0081
vn 0.1375 0.9901 -0.0285
vn 0.1037 0.9945 -0.0160
vn 0.1080 0.9940 -0.0177
vn 0.0862 0.9962 -0.0093
vn 0.0910 0.9958 -0.0112
vn 0.0465 0.9989 0.0053
vn -0.1612 0.9857 -0.0482
vn -0.2500 0.9681 0.0169
vn -0.2408 0.9706 -0.0048
vn -0.2208 0.9749 -0.0275
vn -0.2470 0.9690 -0.0021
vn -0.2479 0.9686 -0.0186
vn -0.2130 0.9769 -0.0188
vn -0.2172 0.9761 0.0008
vn -0.1523 0.9876 -0.0386
vn -0.1685 0.9850 -0.0359
vn -0.1771 0.9841 -0.0165
vn 0.6629 0.7486 -0.0103
vn 0.6117 0.7909 0.0156
vn 0.5644 0.8246 0.0391
vn 0.6750 0.7266 -0.1283
vn 0.4278 0.8912 -0.1508
vn 0.6250 0.7758 -0.0863
vn 0.4587 0.8829 -0.1002
vn 0.4108 0.9117 -0.0071
vn 0.6002 0.7998 0.0069
vn 0.5752 0.8175 -0.0289
vn 0.4810 0.8760 -0.0368
vn 0.4389 0.8976 0.0401
vn 0.5789 0.8138 0.0505
vn 0.5995 0.8003 0.0130
vn 0.4282 0.9037 -0.0018
vn 0.2979 0.9409 0.1613
vn 0.3640 0.9295 0.0600
vn 0.0871 0.9960 0.0195
vn 0.1673 0.9781 0.1240
vn 0.3315 0.9394 0.0872
vn 0.1511 0.9885 0.0001
vn 0.0958 0.9953 0.0114
vn 0.0799 0.9967 0.0162
vn 0.1252 0.9921 0.0070
vn 0.1180 0.9926 0.0289
vn -0.0328 0.9977 0.0595
vn 0.1108 0.9937 0.0158
vn -0.0589 0.9970 0.0502
vn 0.1041 0.9946 0.0010
vn -0.0771 0.9963 0.0378
vn -0.0486 -0.9988 0.0094
vn 0.5415 0.8406 0.0160
vn 0.5807 0.8130 0.0417
vn 0.4745 0.8794 0.0394
vn 0.4745 0.8802 0.0098
vn 0.5439 0.8391 0.0086
vn 0.7179 0.6922 -0.0746
vn 0.3836 0.9129 -0.1399
vn 0.6019 0.7977 -0.0372
vn 0.3896 0.9165 -0.0908
vn 0.3901 0.9112 -0.1324
vn 0.5888 0.7970 -0.1348
vn 0.5904 0.8068 -0.0225
vn 0.5771 0.8066 -0.1279
vn 0.5776 0.8163 -0.0033
vn 0.4026 0.9143 -0.0436
vn 0.3982 0.9172 0.0108
vn 0.3951 0.9182 -0.0288
vn 0.3942 0.9190 -0.0094
vn 0.3888 0.9211 0.0193
vn 0.7181 0.6795 -0.1504
vn 0.3944 0.9152 -0.0828
vn 0.6286 0.7756 -0.0576
vn 0.3958 0.9036 -0.1637
vn 0.3836 0.9131 -0.1380
vn 0.6286 0.7738 -0.0784
vn 0.6268 0.7757 -0.0737
vn 0.6247 0.7691 -0.1345
vn 0.6018 0.7953 -0.0729
vn 0.4496 0.8910 -0.0636
vn 0.4506 0.8903 -0.0656
vn 0.4500 0.8895 -0.0793
vn 0.4369 0.8982 -0.0488
vn 0.4386 0.8954 -0.0764
vn 0.4066 0.9134 -0.0172
vn 0.0132 0.9999 0.0066
vn 0.0778 0.9969 -0.0082
vn 0.0076 1.0000 -0.0016
vn -0.1770 0.9838 -0.0282
vn -0.1679 0.9850 -0.0392
vn -0.2040 0.9788 -0.0210
vn -0.1753 0.9837 -0.0407
vn -0.1565 0.9867 -0.0433
vn 0.0502 0.9985 -0.0201
vn 0.0590 0.9981 -0.0151
vn 0.5599 0.8281 0.0267
vn 0.5708 0.8207 0.0266
vn 0.5496 0.8327 0.0670
vn 0.5292 0.8459 0.0661
vn 0.5480 0.8334 0.0711
vn 0.5436 0.8363 0.0709
vn 0.4820 0.8548 0.1923
vn 0.5035 0.8420 0.1937
vn 0.5550 0.8285 0.0749
vn 0.5604 0.8248 0.0752
vn 0.4897 0.8453 0.2136
vn 0.4810 0.8504 0.2131
vn 0.5361 0.8372 0.1083
vn 0.3521 0.9310 0.0966
vn 0.0345 0.9993 -0.0136
vn 0.0277 0.9996 -0.0069
vn 0.0033 1.0000 -0.0027
vn 0.0011 1.0000 -0.0005
vn 0.6055 0.7921 -0.0775
vn 0.6632 0.7441 -0.0805
vn 0.7308 0.6787 -0.0724
vn 0.6383 0.7695 0.0198
vn 0.5751 0.8176 0.0280
vn 0.7035 0.7090 0.0496
vn 0.6428 0.7638 0.0584
vn 0.6112 0.7761 0.1550
vn 0.4992 0.8499 0.1688
vn 0.7529 0.6581 -0.0020
vn 0.6966 0.7174 0.0062
vn 0.6610 0.7391 0.1296
vn 0.3863 0.9081 0.1617
vn 0.4482 0.8940 0.0017
vn 0.3829 0.9238 0.0094
vn -0.1191 0.9920 -0.0421
vn -0.1659 0.9858 -0.0258
vn -0.1268 0.9896 -0.0674
vn -0.2423 0.9689 -0.0507
vn -0.1464 0.9883 -0.0431
vn -0.1677 0.9841 -0.0583
vn -0.0805 0.9953 -0.0537
vn -0.0801 0.9953 -0.0537
vn -0.1121 0.9922 -0.0548
vn 0.1003 -0.9943 0.0365
vn -0.1061 0.9937 -0.0372
vn 0.5331 0.8418 0.0846
vn 0.4631 0.8646 0.1951
vn 0.5367 0.8337 0.1300
vn 0.4826 0.8725 0.0769
vn 0.4650 0.8782 0.1118
vn 0.5237 0.8272 0.2037
vn 0.5619 0.8170 0.1292
vn 0.5625 0.8172 0.1252
vn 0.5736 0.8128 0.1021
vn 0.3721 0.9221 0.1060
vn 0.4006 0.9148 0.0510
vn 0.3919 0.9140 0.1052
vn 0.4130 0.9084 0.0656
vn 0.4102 0.9083 0.0815
vn 0.4190 0.9056 0.0656
vn 0.4779 0.8760 0.0656
vn 0.7796 0.6262 -0.0080
vn 0.8458 0.5336 -0.0019
vn 0.8195 0.5728 0.0163
vn 0.7300 0.6818 0.0476
vn 0.8378 0.5460 0.0069
vn 0.8301 0.5576 0.0098
vn 0.8435 0.5370 -0.0090
vn 0.8663 0.4995 -0.0031
vn 0.8866 0.4623 -0.0124
vn 0.8313 0.5553 0.0223
vn 0.8733 0.4871 0.0068
vn 0.4796 0.8752 0.0627
vn 0.4749 0.8780 0.0604
vn 0.5633 0.8232 0.0712
vn 0.5583 0.8271 0.0645
vn 0.6048 0.7936 0.0662
vn 0.5989 0.7990 0.0532
vn 0.6752 0.7375 0.0132
vn 0.6284 0.7774 0.0279
vn 0.6421 0.7664 0.0177
vn 0.6251 0.7805 0.0117
vn 0.5543 0.8319 0.0246
vn 0.3957 0.9036 -0.1641
vn 0.4531 0.8677 -0.2046
vn 0.4551 0.8744 -0.1682
vn 0.4494 0.8692 -0.2061
vn 0.4716 0.8707 -0.1395
vn 0.4247 0.8870 -0.1813
vn 0.4361 0.8889 -0.1402
vn 0.4597 0.8785 -0.1300
vn 0.4709 0.8775 -0.0910
vn 0.4040 0.9062 -0.1246
vn 0.4051 0.9064 -0.1199
vn 0.4082 0.9053 -0.1178
vn 0.4101 0.9057 -0.1070
vn 0.4602 0.8840 -0.0825
vn 0.4614 0.8838 -0.0778
vn 0.4091 0.9043 -0.1218
vn 0.5109 0.8568 -0.0693
vn 0.6783 0.7282 0.0979
vn 0.4919 0.8586 -0.1442
vn 0.4790 0.8699 -0.1174
vn 0.6443 0.7561 -0.1147
vn 0.5829 0.8120 0.0301
vn 0.5495 0.8238 -0.1394
vn 0.4894 0.8719 -0.0142
vn 0.7157 0.6936 0.0818
vn 0.6716 0.7201 0.1744
vn 0.6547 0.7559 0.0031
vn 0.5902 0.7959 0.1348
vn 0.5607 0.8271 -0.0383
vn 0.5014 0.8618 0.0765
vn 0.0067 1.0000 0.0009
vn 0.5289 0.8468 0.0560
vn 0.5727 0.8183 0.0496
vn 0.5365 0.8399 0.0824
vn 0.5863 0.8083 0.0537
vn 0.6049 0.7943 0.0565
vn 0.5739 0.8137 0.0928
vn 0.6038 0.7942 0.0681
vn 0.6414 0.7648 0.0605
vn 0.6044 0.7966 0.0087
vn 0.5980 0.8014 0.0114
vn 0.6407 0.7678 0.0026
vn 0.6348 0.7724 0.0189
vn 0.6772 0.7358 -0.0007
vn 0.6231 0.7816 0.0299
vn 0.5829 0.8119 0.0312
vn 0.5902 0.8068 0.0270
vn 0.6775 0.7295 -0.0945
vn 0.6459 0.7581 -0.0902
vn 0.6556 0.7489 -0.0965
vn 0.0215 0.9998 0.0010
vn 0.0272 0.9996 -0.0019
vn 0.6666 0.7416 -0.0745
vn 0.6921 0.7177 -0.0769
vn 0.7052 0.7055 -0.0695
vn 0.7535 0.6027 -0.2626
vn 0.7543 0.6134 -0.2339
vn 0.9413 0.1149 -0.3173
vn 0.9419 0.1319 -0.3088
vn 0.9432 0.1190 -0.3100
vn 0.6475 0.7339 0.2054
vn 0.5206 0.8317 0.1931
vn 0.5696 0.7957 0.2059
vn 0.6269 0.7628 0.1586
vn 0.5132 0.8414 0.1694
vn 0.4616 0.8684 0.1812
vn 0.6097 0.7858 0.1038
vn 0.4530 0.8813 0.1350
vn 0.5924 0.8007 0.0898
vn 0.4253 0.8967 0.1223
vn 0.5688 0.8189 0.0766
vn 0.3958 0.9118 0.1094
vn 0.1925 0.9444 0.2666
vn 0.1851 0.9446 0.2710
vn 0.1909 0.9506 0.2450
vn 0.1232 0.9634 0.2381
vn 0.2802 0.9286 0.2434
vn 0.2005 0.9490 0.2433
vn 0.1442 0.9653 0.2177
vn 0.2210 0.9522 0.2107
vn 0.0773 0.9772 0.1980
vn 0.5032 0.8563 -0.1161
vn 0.4413 0.8866 -0.1387
vn 0.4132 0.9065 -0.0870
vn 0.4525 0.8822 -0.1302
vn 0.4642 0.8730 -0.1496
vn 0.4457 0.8853 -0.1327
vn 0.5578 0.7612 -0.3308
vn 0.5180 0.7826 -0.3453
vn 0.5446 0.7741 -0.3227
vn -0.1295 0.9821 0.1371
vn -0.1246 0.9852 0.1178
vn -0.1560 0.9813 0.1126
vn -0.1596 0.9806 0.1135
vn -0.1689 0.9800 0.1056
vn 0.6147 0.7770 -0.1359
vn 0.6365 0.7626 -0.1152
vn 0.2264 0.9629 -0.1468
vn 0.2267 0.9633 -0.1440
vn 0.2477 0.9582 -0.1434
vn 0.2765 0.9539 -0.1166
vn 0.2564 0.9593 -0.1186
vn 0.2069 0.9621 -0.1778
vn 0.2003 0.9610 -0.1909
vn 0.1907 0.9612 -0.1994
vn 0.2008 0.9554 -0.2167
vn 0.1494 0.9553 -0.2551
vn 0.1745 0.9670 -0.1855
vn 0.1541 0.9633 -0.2196
vn 0.1521 0.9635 -0.2202
vn 0.1074 0.9633 -0.2462
vn 0.1005 0.9595 -0.2631
vn 0.2865 0.9534 -0.0942
vn 0.2514 0.9609 -0.1162
vn 0.2522 0.9599 -0.1225
vn 0.2847 0.9540 -0.0934
vn 0.6244 0.7011 0.3444
vn 0.5849 0.7647 0.2703
vn 0.3945 0.9068 0.1485
vn 0.5856 0.7647 0.2688
vn 0.5799 0.7658 0.2779
vn 0.4364 0.8993 0.0284
vn 0.3567 0.9191 0.1671
vn 0.4107 0.9117 0.0118
vn 0.2922 0.9323 0.2131
vn 0.2851 0.9584 0.0161
vn 0.1660 0.9656 0.2000
vn 0.2343 0.9719 0.0233
vn 0.1218 0.9730 0.1963
vn 0.1714 0.9828 0.0694
vn 0.0899 0.9770 0.1934
vn 0.8045 0.5923 0.0443
vn 0.8122 0.5815 0.0468
vn 0.8158 0.5753 0.0595
vn 0.8124 0.5777 0.0787
vn 0.7100 0.7009 0.0682
vn 0.8158 0.5750 0.0614
vn 0.7237 0.6882 0.0511
vn 0.7226 0.6807 0.1206
vn 0.2591 0.9634 0.0695
vn 0.8124 0.5814 0.0448
vn 0.7290 0.6836 0.0352
vn 0.7293 0.6803 0.0726
vn 0.2448 0.9694 0.0190
vn 0.2448 0.9692 0.0277
vn 0.3776 0.9252 0.0388
vn 0.7320 0.6624 0.1592
vn 0.3517 0.9343 0.0577
vn 0.3863 0.9081 0.1616
vn 0.3969 0.9157 0.0623
vn 0.3733 0.9276 -0.0147
vn 0.7904 0.6125 -0.0127
vn 0.8371 0.5469 0.0138
vn 0.8054 0.5923 0.0237
vn 0.8441 0.5344 0.0432
vn 0.7433 0.6627 0.0907
vn 0.7855 0.6176 -0.0388
vn 0.5335 0.8443 0.0496
vn 0.4670 0.8754 -0.1246
vn 0.2211 0.9741 -0.0476
vn 0.7601 0.6494 -0.0221
vn 0.4299 0.8980 0.0941
vn 0.3744 0.9252 -0.0615
vn 0.3835 0.9213 -0.0644
vn 0.4425 0.8902 0.1084
vn 0.4077 0.9052 0.1199
vn 0.7409 0.6714 0.0132
vn 0.6753 0.7375 -0.0084
vn 0.3761 0.9262 -0.0280
vn 0.6813 0.7320 -0.0028
vn 0.6109 0.7568 0.2325
vn 0.2965 0.9517 -0.0802
vn 0.2778 0.9605 -0.0148
vn 0.5916 0.7728 0.2296
vn 0.6308 0.7663 0.1219
vn 0.2781 0.9596 -0.0438
vn 0.3339 0.9139 -0.2307
vn 0.7134 0.6951 0.0892
vn 0.6781 0.7080 0.1974
vn 0.5698 0.8140 0.1130
vn 0.5348 0.8195 0.2060
vn 0.2436 0.9698 -0.0104
vn 0.3092 0.9510 -0.0030
vn 0.3179 0.9480 0.0157
vn 0.3589 0.9329 0.0310
vn 0.3693 0.9288 0.0303
vn 0.4909 0.8700 -0.0454
vn 0.4898 0.8707 -0.0439
vn 0.3727 0.9273 -0.0341
vn 0.4243 0.9022 -0.0780
vn 0.4287 0.9016 -0.0576
vn 0.4852 0.8743 -0.0155
vn 0.2578 0.9658 -0.0291
vn 0.3335 0.9427 0.0016
vn 0.3698 0.9291 0.0045
vn 0.3727 0.9279 0.0073
vn 0.2259 0.9736 -0.0344
vn 0.2536 0.9671 -0.0212
vn 0.0736 0.9937 -0.0841
vn 0.2044 0.9728 -0.1088
vn 0.2516 0.9666 0.0479
vn 0.0498 0.9953 -0.0828
vn 0.1873 0.9750 -0.1197
vn 0.2407 0.9688 0.0598
vn 0.0225 0.9963 -0.0825
vn 0.0783 0.9722 -0.2207
vn 0.2464 0.9613 -0.1235
vn 0.2823 0.9580 -0.0495
vn 0.1516 0.9795 -0.1326
vn 0.2067 0.9768 0.0559
vn 0.0021 0.9969 -0.0784
vn -0.1246 0.9819 -0.1426
vn -0.0347 0.9631 -0.2667
vn 0.0164 0.9727 -0.2314
vn 0.3309 0.9190 -0.2146
vn 0.2894 0.9269 -0.2390
vn -0.1376 0.9596 -0.2453
vn 0.1796 0.9802 -0.0831
vn -0.2645 0.9545 -0.1377
vn 0.2460 0.9579 0.1482
vn -0.4669 0.8765 -0.1171
vn -0.1866 0.9800 0.0697
vn -0.4257 0.9047 0.0185
vn -0.2670 0.9541 0.1358
vn -0.0585 0.9811 0.1845
vn -0.2356 0.9694 0.0693
vn -0.1726 0.9836 0.0528
vn -0.2263 0.9731 0.0437
vn -0.2341 0.9712 0.0437
vn -0.1169 0.9927 0.0311
vn -0.2862 0.9559 0.0655
vn -0.2860 0.9559 0.0661
vn -0.3535 0.9351 0.0269
vn -0.3972 0.9169 0.0383
vn -0.2485 0.9671 0.0542
vn -0.4419 0.8971 0.0019
vn -0.3190 0.9477 0.0056
vn -0.3913 0.9199 0.0249
vn -0.2204 0.9744 0.0439
vn 0.0576 0.9977 -0.0363
vn 0.1666 0.9784 -0.1220
vn 0.2587 0.9591 -0.1147
vn 0.4227 0.9058 0.0307
vn 0.1674 0.9724 -0.1627
vn 0.2829 0.9538 -0.1009
vn 0.2680 0.9569 -0.1117
vn 0.1793 0.9706 -0.1607
vn 0.2686 0.9583 -0.0981
vn -0.0570 0.9846 -0.1650
vn 0.1643 0.9863 -0.0138
vn -0.1332 0.9758 -0.1736
vn 0.1420 0.9897 0.0173
vn -0.1987 0.9654 -0.1691
vn 0.0631 0.9979 0.0154
vn 0.3174 0.9360 0.1524
vn 0.3992 0.9030 0.1591
vn 0.4383 0.8849 0.1576
vn 0.4164 0.8907 0.1823
vn 0.4561 0.8719 0.1783
vn 0.4366 0.8851 0.1609
vn 0.1882 0.9821 -0.0112
vn 0.2637 0.9634 -0.0474
vn 0.2788 0.9582 -0.0645
vn 0.3608 0.9325 0.0167
vn 0.2599 0.9625 -0.0782
vn 0.3474 0.9374 -0.0241
vn 0.2759 0.9579 -0.0793
vn 0.2635 0.9598 -0.0963
vn 0.1826 0.9798 -0.0818
vn 0.2214 0.9739 -0.0506
vn 0.0914 0.9886 -0.1196
vn 0.1642 0.9848 -0.0568
vn 0.2525 0.9663 0.0494
vn 0.3287 0.9437 0.0364
vn 0.3701 0.9283 0.0356
vn 0.3878 0.9181 0.0819
vn 0.3829 0.9226 0.0465
vn 0.3609 0.9326 0.0075
vn 0.3462 0.9377 0.0296
vn 0.2896 0.9571 -0.0098
vn -0.3406 0.9369 -0.0795
vn -0.3810 0.9191 -0.1003
vn -0.3471 0.9310 -0.1132
vn -0.3415 0.9354 -0.0913
vn -0.5980 0.8006 -0.0385
vn -0.2904 0.9567 0.0210
vn -0.3753 0.9265 -0.0294
vn -0.3273 0.9446 -0.0244
vn -0.3012 0.9531 0.0299
vn -0.2603 0.9631 0.0679
vn -0.5299 0.8457 0.0637
vn -0.3070 0.9480 0.0840
vn -0.4672 0.8793 0.0925
vn -0.2849 0.9521 0.1115
vn -0.4204 0.8989 0.1238
vn -0.3009 0.9435 0.1385
vn -0.3022 0.9497 0.0816
vn -0.2073 0.9745 0.0864
vn -0.2107 0.9741 0.0823
vn -0.0702 0.9953 0.0663
vn -0.1643 0.9845 0.0612
vn 0.0933 -0.9945 -0.0470
vn 0.1384 -0.9901 -0.0216
vn -0.1673 0.9846 0.0511
vn -0.1778 0.9831 0.0437
vn -0.0448 0.9986 0.0264
vn -0.1280 0.9907 0.0451
vn -0.0899 0.9953 0.0351
vn -0.1451 0.9879 0.0543
vn -0.0899 0.9951 0.0421
vn -0.0534 0.9984 0.0198
vn -0.0476 0.9986 0.0230
vn -0.0532 0.9983 0.0252
vn -0.0462 0.9988 0.0178
vn 0.0085 1.0000 -0.0010
vn -0.0235 0.9997 0.0096
vn 0.3737 0.9268 -0.0380
vn 0.3635 0.9305 -0.0441
vn 0.3586 0.9274 -0.1067
vn 0.2572 0.9622 -0.0900
vn 0.3483 0.9322 -0.0983
vn 0.2714 0.9586 -0.0860
vn 0.2734 0.9618 0.0117
vn 0.7059 0.7069 -0.0451
vn 0.3488 0.9324 -0.0948
vn 0.2885 0.9537 -0.0853
vn 0.2906 0.9561 0.0366
vn 0.7145 0.6994 -0.0195
vn 0.7157 0.6982 0.0165
vn 0.8032 0.5957 0.0069
vn 0.8100 0.5831 0.0619
vn 0.7210 0.6893 0.0710
vn 0.7254 0.6788 0.1143
vn 0.3250 0.9457 0.0071
vn 0.3614 0.9244 0.1219
vn 0.3393 0.9405 0.0161
vn 0.3707 0.9287 0.0106
vn 0.3727 0.9278 0.0173
vn 0.3616 0.9318 -0.0319
vn 0.7269 0.6803 0.0941
vn 0.3021 0.9533 -0.0024
vn 0.7278 0.6782 0.1014
vn 0.3247 0.9408 0.0973
vn 0.3115 0.9503 -0.0001
vn 0.3346 0.9368 0.1022
vn 0.3231 0.9464 0.0004
vn 0.3580 0.9337 -0.0033
vn 0.3583 0.9336 -0.0007
vn 0.3583 0.9336 -0.0016
vn 0.3603 0.9327 -0.0178
vn -0.1063 0.9943 -0.0076
vn -0.1089 0.9940 -0.0083
vn -0.0575 0.9983 0.0021
vn -0.0738 0.9972 -0.0129
vn -0.0661 0.9978 -0.0102
vn -0.0561 0.9983 -0.0184
vn -0.7167 -0.6966 -0.0323
vn -0.5488 -0.8307 0.0932
vn -0.2057 -0.9639 -0.1688
vn -0.4880 -0.8722 -0.0325
vn -0.5167 -0.8503 0.0997
vn -0.3480 -0.9332 0.0895
vn -0.2660 -0.9410 -0.2091
vn -0.4337 -0.8957 0.0982
vn -0.3591 -0.9147 -0.1852
vn -0.2979 -0.9399 -0.1670
vn -0.3406 -0.9400 -0.0200
vn -0.2243 -0.9516 -0.2100
vn -0.2786 -0.9600 -0.0275
vn -0.1782 -0.9653 -0.1908
vn -0.2286 -0.9734 -0.0161
vn -0.3931 -0.9045 0.1652
vn -0.4908 -0.8582 0.1501
vn -0.5087 -0.8560 0.0920
vn -0.5282 -0.8155 0.2367
vn -0.6044 -0.7726 0.1944
vn -0.5493 -0.8155 0.1824
vn -0.5881 -0.7927 0.1604
vn -0.5990 -0.7776 0.1909
vn -0.7911 -0.6097 0.0499
vn -0.5090 -0.8558 0.0921
vn -0.5183 -0.8507 0.0871
vn -0.5363 -0.8344 0.1272
vn -0.7213 -0.6924 0.0144
vn -0.7088 -0.7051 -0.0200
vn -0.7785 -0.6239 -0.0688
vn -0.1460 -0.9775 -0.1522
vn -0.3916 -0.9196 -0.0329
vn -0.2915 -0.9555 0.0459
vn -0.3837 -0.9223 -0.0471
vn -0.4237 -0.9029 -0.0724
vn -0.1982 -0.9726 -0.1215
vn -0.2390 -0.9594 -0.1501
vn -0.2252 -0.9588 -0.1731
vn -0.3249 -0.9145 -0.2410
vn -0.4670 -0.8836 -0.0340
vn -0.6553 -0.7389 -0.1567
vn -0.7087 -0.7041 -0.0443
vn -0.7111 -0.7016 -0.0460
vn -0.5130 -0.8578 -0.0325
vn -0.7706 -0.6370 -0.0203
vn -0.8366 -0.5464 0.0401
vn -0.8371 -0.5455 0.0422
vn -0.8472 -0.5287 0.0516
vn -0.8203 -0.5704 -0.0425
vn -0.7831 -0.6216 -0.0175
vn -0.7772 -0.6283 -0.0331
vn -0.8774 -0.4772 0.0501
vn -0.8704 -0.4920 0.0174
vn -0.7970 -0.6020 -0.0483
vn -0.8236 -0.5658 0.0394
vn -0.5825 -0.8118 -0.0417
vn -0.5281 -0.8477 -0.0509
vn -0.4814 -0.8749 -0.0539
vn -0.5892 -0.8068 -0.0425
vn -0.5559 -0.8283 -0.0696
vn -0.5223 -0.8513 -0.0502
vn -0.4913 -0.8689 -0.0612
vn -0.4901 -0.8697 -0.0588
vn -0.4193 -0.9066 -0.0469
vn -0.4024 -0.9142 -0.0479
vn -0.4200 -0.9069 -0.0340
vn -0.6867 -0.7249 0.0542
vn -0.6509 -0.7574 0.0513
vn -0.6142 -0.7871 0.0558
vn -0.6479 -0.7601 0.0499
vn -0.5990 -0.7994 0.0461
vn -0.6004 -0.7984 0.0452
vn -0.5571 -0.8290 0.0486
vn -0.5466 -0.8364 0.0402
vn -0.5296 -0.8467 0.0509
vn -0.4218 -0.8984 0.1226
vn -0.2718 -0.9594 0.0751
vn -0.5731 -0.7501 0.3299
vn -0.4196 -0.8991 0.1248
vn -0.2326 -0.9470 0.2216
vn -0.2176 -0.9634 0.1566
vn -0.3898 -0.8954 0.2153
vn -0.3702 -0.9228 0.1062
vn -0.6666 -0.7431 0.0593
vn -0.6790 -0.7119 0.1795
vn -0.2438 -0.9687 0.0461
vn -0.2809 -0.9391 0.1980
vn -0.3350 -0.9171 0.2162
vn -0.3106 -0.9461 0.0916
vn -0.0186 -0.9996 0.0233
vn -0.2042 -0.9740 0.0981
vn -0.1687 -0.9809 0.0969
vn -0.1445 -0.9895 -0.0051
vn -0.1482 -0.9889 -0.0072
vn -0.1734 -0.9792 0.1052
vn -0.2981 -0.9539 0.0337
vn -0.2600 -0.9650 -0.0330
vn -0.2742 -0.9608 -0.0413
vn 0.0526 -0.9883 0.1432
vn -0.1487 -0.9883 0.0337
vn -0.1662 -0.9840 0.0645
vn -0.3186 -0.9476 -0.0228
vn -0.3041 -0.9514 -0.0482
vn -0.3049 -0.9511 -0.0487
vn -0.8335 -0.5524 -0.0044
vn -0.7952 -0.6031 -0.0621
vn -0.8437 -0.5367 -0.0147
vn -0.8291 -0.5531 -0.0814
vn -0.7857 -0.6143 -0.0733
vn -0.7976 -0.6030 0.0135
vn -0.7828 -0.6221 0.0169
vn -0.7887 -0.6147 0.0137
vn -0.6588 -0.7512 0.0399
vn -0.8362 -0.5336 -0.1268
vn -0.6310 -0.7700 -0.0948
vn -0.7721 -0.6160 -0.1563
vn -0.5494 -0.8263 -0.1242
vn -0.6486 -0.7434 -0.1634
vn -0.5154 -0.8447 -0.1441
vn -0.3762 -0.9234 0.0764
vn -0.3077 -0.9507 0.0394
vn -0.3108 -0.9502 0.0230
vn -0.5027 -0.8644 0.0117
vn -0.4121 -0.9111 0.0019
vn -0.3655 -0.9307 0.0163
vn -0.4112 -0.9113 0.0212
vn -0.3597 -0.9326 0.0285
vn -0.5249 -0.8499 0.0468
vn -0.2733 -0.9610 0.0414
vn -0.3167 -0.9474 0.0465
vn -0.3768 -0.9255 0.0385
vn -0.3926 -0.9188 0.0402
vn -0.5901 -0.8073 0.0110
vn -0.4037 -0.9148 -0.0098
vn -0.5047 -0.8284 -0.2429
vn -0.5322 -0.8014 -0.2730
vn -0.6072 -0.7414 -0.2856
vn -0.5235 -0.8054 -0.2780
vn -0.5315 -0.8109 -0.2448
vn -0.5609 -0.7695 -0.3053
vn -0.6131 -0.7314 -0.2986
vn -0.6195 -0.7390 -0.2647
vn -0.5617 -0.7739 -0.2925
vn -0.5754 -0.7728 -0.2676
vn -0.5382 -0.8037 -0.2540
vn -0.3870 -0.9185 0.0806
vn -0.5915 -0.7960 0.1281
vn -0.3382 -0.9410 0.0107
vn -0.4082 -0.9104 0.0682
vn -0.4032 -0.9145 0.0350
vn -0.6353 -0.7659 0.0989
vn -0.6321 -0.7713 0.0737
vn -0.4330 -0.9013 0.0163
vn -0.4264 -0.9041 -0.0268
vn -0.3692 -0.9293 -0.0069
vn -0.3835 -0.9209 0.0700
vn -0.5618 -0.8182 0.1220
vn -0.5451 -0.8382 0.0147
vn -0.4170 -0.9087 -0.0215
vn -0.4126 -0.9090 -0.0590
vn -0.3547 -0.9344 -0.0340
vn -0.3417 -0.9398 -0.0068
vn -0.3064 -0.9512 -0.0368
vn -0.3529 -0.9310 -0.0936
vn -0.3294 -0.9442 -0.0084
vn -0.3531 -0.9350 -0.0349
vn -0.2777 -0.9555 -0.0992
vn -0.2756 -0.9564 -0.0967
vn -0.3448 -0.9386 0.0081
vn -0.3519 -0.9360 0.0006
vn -0.3065 -0.9511 -0.0382
vn -0.3016 -0.9529 -0.0329
vn -0.2193 -0.9704 -0.1008
vn -0.1598 -0.9865 -0.0354
vn 0.1368 -0.9893 -0.0503
vn 0.0548 -0.9970 -0.0551
vn 0.0060 -0.9998 -0.0198
vn 0.1016 -0.9939 -0.0419
vn 0.0520 -0.9979 -0.0394
vn -0.0264 -0.9990 -0.0352
vn 0.0500 -0.9980 -0.0378
vn -0.0181 -0.9997 -0.0140
vn -0.0241 -0.9995 -0.0209
vn 0.0314 -0.9992 -0.0257
vn -0.2845 -0.9538 -0.0962
vn -0.3207 -0.9394 -0.1212
vn -0.2902 -0.9532 -0.0847
vn -0.3883 -0.9160 -0.1009
vn -0.4884 -0.8726 -0.0083
vn -0.1771 -0.9774 -0.1150
vn -0.3591 -0.9328 0.0300
vn -0.2564 -0.9666 0.0038
vn -0.2447 -0.9696 -0.0056
vn 0.0337 -0.9972 -0.0662
vn -0.1046 -0.9939 0.0336
vn -0.1439 -0.9886 0.0431
vn -0.0842 -0.9965 -0.0022
vn -0.1037 -0.9946 0.0041
vn -0.1048 -0.9945 0.0059
vn -0.7539 -0.6557 0.0422
vn -0.5628 -0.8262 0.0259
vn -0.5109 -0.8540 0.0987
vn -0.7177 -0.6909 -0.0862
vn -0.4944 -0.8692 0.0037
vn -0.5724 -0.8179 0.0593
vn -0.4406 -0.8911 0.1084
vn -0.5127 -0.8562 0.0637
vn -0.4030 -0.9093 0.1035
vn -0.4342 -0.8920 -0.1252
vn -0.4311 -0.8937 -0.1241
vn -0.3738 -0.9232 -0.0890
vn -0.4705 -0.8738 -0.1230
vn -0.3544 -0.9335 -0.0546
vn -0.4765 -0.8739 -0.0960
vn -0.7489 -0.6626 0.0125
vn -0.6782 -0.7347 0.0136
vn -0.5901 -0.8072 0.0122
vn -0.6921 -0.7192 -0.0608
vn -0.7367 -0.6737 -0.0583
vn -0.6063 -0.7923 -0.0682
vn -0.5841 -0.8087 -0.0691
vn -0.6044 -0.7691 -0.2081
vn -0.3661 -0.9061 -0.2121
vn -0.6356 -0.7694 0.0640
vn -0.5115 -0.8572 0.0599
vn -0.5485 -0.8295 -0.1054
vn -0.5482 -0.8296 -0.1054
vn -0.5390 -0.8404 -0.0561
vn -0.3497 -0.9349 -0.0604
vn -0.6937 -0.7143 0.0926
vn -0.3447 -0.9376 0.0455
vn -0.5789 -0.8153 0.0103
vn -0.4268 -0.8949 0.1301
vn -0.3900 -0.9188 -0.0614
vn -0.5858 -0.8102 0.0182
vn -0.5756 -0.8167 -0.0402
vn -0.5380 -0.8392 -0.0795
vn -0.5263 -0.8408 -0.1271
vn -0.4144 -0.9096 0.0312
vn -0.3989 -0.9164 -0.0343
vn -0.4146 -0.9098 -0.0198
vn -0.4045 -0.9125 -0.0609
vn -0.3556 -0.9287 -0.1050
vn -0.3725 -0.9272 -0.0394
vn -0.5019 0.8597 0.0947
vn -0.5113 -0.8583 0.0428
vn -0.6808 -0.7323 -0.0129
vn -0.6419 0.7558 0.1290
vn 0.6290 -0.7760 -0.0468
vn 0.5898 -0.8069 -0.0320
vn -0.6838 0.6977 0.2137
vn -0.6815 0.7003 0.2124
vn -0.6835 0.6986 0.2118
vn -0.8221 0.5688 -0.0270
vn -0.4906 -0.8587 -0.1480
vn -0.5699 -0.8097 -0.1401
vn -0.4812 -0.8652 -0.1413
vn -0.5302 -0.8368 -0.1364
vn -0.2188 -0.9667 -0.1331
vn -0.2113 -0.9682 -0.1337
vn 0.9895 -0.0798 -0.1202
vn -0.8980 0.4359 -0.0595
vn -0.9100 0.4105 -0.0590
vn -0.8976 0.4380 -0.0502
vn -0.8793 0.4731 -0.0552
vn -0.8971 0.4378 -0.0587
vn -0.9093 0.4128 -0.0520
vn -0.9616 0.2688 -0.0543
vn -0.9247 0.3773 -0.0505
vn -0.7316 0.6460 0.2177
vn 0.6690 -0.7035 -0.2399
vn -0.5972 0.7932 -0.1193
vn -0.6244 0.7707 -0.1272
vn -0.6096 0.7829 -0.1246
vn -0.5826 0.8022 -0.1306
vn -0.8874 0.4044 0.2214
vn -0.8879 0.4040 0.2201
vn -0.3552 0.9097 0.2152
vn 0.9845 0.1670 0.0529
vn 0.7105 -0.6801 -0.1807
vn 0.6482 0.7612 0.0217
vn 0.6163 0.7873 0.0184
vn 0.7247 0.6890 0.0064
vn 0.9643 0.1233 -0.2343
vn 0.8940 -0.3974 -0.2070
vn 0.9637 0.1321 -0.2320
vn 0.8716 -0.4207 -0.2517
vn 0.8665 -0.4327 -0.2488
vn -0.7639 -0.5537 0.3315
vn -0.7626 -0.5542 0.3337
vn 0.2706 -0.9614 -0.0509
vn 0.2907 -0.9553 -0.0542
vn 0.2801 -0.9583 -0.0575
vn 0.6917 0.7178 0.0797
vn 0.7157 0.6946 0.0734
vn 0.6931 0.7164 0.0799
vn 0.4336 0.3587 -0.8266
vn 0.7315 0.6521 -0.1993
vn 0.7512 0.6263 -0.2086
vn 0.4629 0.7980 -0.3860
vn 0.4830 0.7860 -0.3859
vn 0.4858 0.7810 -0.3925
vn 0.6757 -0.6489 -0.3499
vn 0.6631 -0.6597 -0.3538
vn 0.6845 -0.6420 -0.3455
vn 0.6685 -0.6574 -0.3477
vn 0.6990 -0.6279 -0.3423
vn 0.6603 -0.6630 -0.3527
vn 0.6914 -0.6375 -0.3400
vn 0.1134 -0.9873 -0.1116
vn 0.1074 -0.9888 -0.1034
vn 0.0200 -0.9944 -0.1035
vn 0.0759 -0.9883 -0.1325
vn 0.1351 -0.9823 -0.1294
vn 0.1028 -0.9892 -0.1046
vn 0.0448 -0.9942 -0.0977
vn 0.0508 -0.9935 -0.1015
vn 0.3937 -0.3326 -0.8570
vn 0.3861 -0.3336 -0.8600
vn 0.4584 -0.2098 -0.8637
vn -0.1410 0.8360 -0.5303
vn -0.0980 0.8559 -0.5077
vn -0.1134 0.8417 -0.5279
vn -0.1034 0.8526 -0.5122
vn -0.0774 0.8580 -0.5079
vn -0.0498 0.8731 -0.4850
vn -0.1791 0.8962 -0.4060
vn 0.5288 -0.1407 -0.8370
vn 0.5316 -0.1389 -0.8356
vn -0.6236 0.1847 -0.7596
vn -0.5953 0.3344 -0.7306
vn -0.6125 0.1936 -0.7664
vn -0.6187 0.0080 -0.7856
vn 0.4043 0.8902 -0.2099
vn 0.4177 0.8826 -0.2157
vn 0.9264 0.2846 0.2466
vn 0.9148 0.3205 0.2456
vn 0.9219 0.3154 0.2251
vn -0.2654 0.9452 0.1902
vn 0.1314 -0.9857 0.1051
vn 0.4980 0.7966 0.3425
vn 0.5107 0.7929 0.3323
vn 0.4957 0.7922 0.3559
vn 0.4956 0.7928 0.3547
vn 0.4210 0.8791 0.2234
vn 0.4460 0.8693 0.2131
vn 0.4470 0.8710 0.2040
vn 0.1910 0.9389 0.2863
vn 0.1652 0.9415 0.2937
vn 0.1560 0.9431 0.2936
vn 0.1569 0.9461 0.2834
vn 0.1515 0.9445 0.2916
vn 0.1400 0.9449 0.2961
vn -0.1913 -0.2002 0.9609
vn 0.5403 -0.4706 0.6975
vn 0.9229 -0.2735 0.2710
vn 0.9229 -0.2775 0.2668
vn 0.6418 -0.4658 0.6092
vn 0.6435 -0.4675 0.6061
vn 0.6417 -0.4666 0.6086
vn 0.6384 -0.4703 0.6093
vn 0.6406 -0.4710 0.6064
vn -0.2984 0.9355 0.1891
vn 0.5264 0.8499 -0.0230
vn 0.5244 0.8510 -0.0261
vn 0.5270 0.8499 0.0025
vn 0.9859 -0.0449 0.1615
vn 0.9862 -0.0215 0.1639
vn 0.8450 -0.5056 0.1740
vn 0.8436 -0.5073 0.1762
vn 0.8443 -0.5070 0.1734
vn 0.8452 -0.5060 0.1720
vn 0.8444 -0.5075 0.1714
vn 0.1065 -0.9789 -0.1744
vn 0.0674 -0.9771 -0.2020
vn 0.2222 -0.7519 -0.6207
vn 0.2798 -0.7510 -0.5981
vn 0.2795 -0.6088 -0.7424
vn 0.3445 -0.5492 -0.7614
vn 0.3721 -0.5828 -0.7224
vn 0.2628 -0.7398 -0.6194
vn 0.3152 -0.5956 -0.7388
vn 0.2130 -0.6923 -0.6894
vn 0.2433 -0.6287 -0.7386
vn 0.2426 -0.6266 -0.7406
vn -0.2711 0.9312 0.2435
vn -0.2994 0.9304 0.2114
vn -0.3837 0.8953 0.2262
vn -0.4774 -0.8757 0.0728
vn -0.9080 0.3540 -0.2241
vn -0.8810 0.4178 -0.2219
vn -0.8846 0.4098 -0.2229
vn -0.9156 0.3390 -0.2161
vn -0.9225 0.3197 -0.2164
vn -0.8876 0.4098 -0.2104
vn -0.8723 0.4392 -0.2147
vn -0.8961 0.3836 -0.2232
vn -0.9039 0.3659 -0.2216
vn -0.8621 0.4648 -0.2017
vn -0.9136 0.3498 -0.2074
vn -0.5064 0.8364 -0.2099
vn -0.4665 0.8573 -0.2178
vn -0.5567 0.8238 0.1067
vn -0.5566 0.8249 0.0988
vn -0.1810 -0.9753 -0.1266
vn -0.0662 -0.9889 -0.1332
vn -0.4281 0.9033 -0.0268
vn -0.3915 0.9201 0.0132
vn -0.3833 0.9236 -0.0082
vn -0.4186 0.9081 -0.0040
vn -0.4420 0.8965 -0.0296
vn -0.3819 0.9240 -0.0212
vn -0.4604 0.8876 -0.0131
vn -0.3234 0.9462 0.0040
vn 0.1635 0.9772 0.1352
vn 0.1068 0.9858 0.1294
vn 0.1795 0.9757 0.1258
vn -0.9251 0.3395 0.1700
vn -0.9447 0.3243 -0.0481
vn -0.8536 0.5173 -0.0609
vn -0.9142 0.4016 -0.0544
vn -0.8920 0.4479 -0.0607
vn -0.6905 0.7175 -0.0913
vn -0.6792 0.7296 -0.0803
vn -0.6796 0.7287 -0.0844
vn -0.6708 0.7363 -0.0885
vn 0.4534 0.8911 0.0189
vn 0.4428 0.8964 0.0178
vn 0.4511 0.8922 0.0201
vn 0.4436 0.8952 0.0431
vn 0.4322 0.9014 0.0268
vn 0.4466 0.8942 0.0298
vn -0.1966 -0.8491 0.4903
vn -0.2443 -0.8393 0.4856
vn -0.2367 -0.8392 0.4897
vn -0.2721 -0.8225 0.4994
vn 0.9265 0.3652 -0.0905
vn 0.9230 0.3741 -0.0901
vn 0.9334 0.3459 -0.0959
vn 0.9863 0.1587 0.0445
vn 0.3474 -0.9087 -0.2312
vn 0.2280 -0.9726 0.0466
vn 0.2154 -0.9759 0.0345
vn 0.1944 -0.9795 0.0524
vn -0.6143 -0.6516 0.4450
vn 0.4990 -0.8648 -0.0556
vn 0.4847 -0.8727 -0.0590
vn -0.8508 -0.4495 0.2720
vn 0.4460 0.8600 -0.2477
vn 0.4316 0.8693 -0.2409
vn -0.7809 -0.5331 0.3256
vn -0.7712 -0.5454 0.3281
vn -0.7840 -0.5303 0.3227
vn -0.7948 -0.5120 0.3258
vn 0.9452 0.2827 0.1634
vn 0.9367 0.3007 0.1795
vn 0.5959 0.8031 -0.0046
vn 0.5830 0.8123 -0.0144
vn 0.6050 0.7961 0.0158
vn 0.6071 0.7946 -0.0070
vn 0.6041 0.7965 0.0242
vn -0.8753 0.4835 0.0122
vn 0.3096 -0.7624 0.5682
vn 0.8183 0.0035 -0.5747
vn 0.7910 0.1977 -0.5789
vn 0.8209 0.0485 -0.5690
vn 0.7912 0.1822 -0.5838
vn 0.8201 0.0909 -0.5649
vn 0.8042 0.1088 -0.5843
vn 0.7943 0.1168 -0.5961
vn 0.7974 0.2341 -0.5561
vn 0.8056 0.0490 -0.5904
vn 0.2478 -0.9687 -0.0170
vn 0.2470 -0.9689 -0.0172
vn 0.2486 -0.9685 -0.0171
vn 0.2404 -0.9705 -0.0182
vn 0.2373 -0.9712 -0.0207
vn -0.6114 -0.7911 0.0201
vn -0.6253 -0.7800 0.0228
vn -0.6071 -0.7943 0.0226
vn -0.5778 -0.8143 0.0556
vn -0.6584 -0.7526 -0.0001
vn -0.6113 -0.7894 0.0561
vn -0.5771 -0.8147 0.0559
vn -0.6349 -0.7726 0.0070
vn -0.6111 -0.7907 0.0355
vn -0.6457 -0.7627 0.0358
vn -0.5921 -0.8000 0.0970
vn -0.5264 -0.8447 0.0967
vn -0.5246 -0.8452 0.1019
vn 0.4814 0.3912 -0.7844
vn 0.7537 0.6537 -0.0674
vn 0.5030 0.8642 -0.0128
vn 0.4272 0.8980 0.1059
vn 0.6333 0.7595 0.1486
vn 0.6129 0.7871 -0.0700
vn 0.4243 0.8997 0.1025
vn 0.4200 0.9056 0.0584
vn 0.4829 0.8657 0.1317
vn 0.4667 0.8842 -0.0192
vn 0.5008 0.8656 -0.0046
vn 0.5124 0.8555 0.0749
vn 0.4502 0.8928 0.0143
vn 0.4563 0.8884 0.0508
vn 0.4357 0.8997 0.0275
vn 0.4326 0.9016 0.0029
vn -0.9512 0.2084 -0.2275
vn -0.9540 0.1962 -0.2268
vn -0.9545 0.1935 -0.2268
vn -0.9496 0.2153 -0.2277
vn -0.9105 -0.3145 -0.2686
vn -0.9242 -0.2338 -0.3020
vn -0.5779 -0.7755 -0.2543
vn -0.9230 -0.2489 -0.2934
vn -0.8497 -0.4510 -0.2731
vn -0.9272 0.0603 -0.3697
vn -0.9275 0.0635 -0.3684
vn -0.9721 0.2340 0.0127
vn -0.9729 0.2308 0.0134
vn -0.9729 0.2306 0.0136
vn 0.3887 -0.8959 -0.2150
vn -0.6255 0.7781 -0.0571
vn -0.5929 0.8022 -0.0703
vn -0.6035 0.7969 0.0279
vn -0.5875 0.8092 0.0099
vn -0.9215 0.3812 0.0742
vn -0.9200 0.3845 0.0759
vn -0.8781 0.4783 0.0162
vn -0.9868 -0.1222 -0.1066
vn -0.9840 -0.1391 -0.1117
vn -0.4664 -0.8732 -0.1416
vn -0.4289 -0.8917 -0.1448
vn -0.4097 -0.8986 -0.1573
vn -0.5369 0.8431 -0.0305
vn -0.5436 0.8387 -0.0323
vn -0.5347 0.8446 -0.0282
vn -0.5342 0.8450 -0.0238
vn -0.3142 0.9464 -0.0745
vn -0.3097 0.9485 -0.0667
vn -0.2751 0.9587 -0.0718
vn -0.7209 -0.6921 0.0352
vn -0.7713 -0.6364 0.0087
vn -0.7664 -0.6423 0.0093
vn -0.9249 -0.3800 0.0105
vn -0.6680 0.7084 0.2281
vn -0.6703 0.7030 0.2379
vn -0.6663 0.7086 0.2321
vn -0.5236 0.8453 -0.1067
vn -0.5664 0.8169 -0.1086
vn -0.5261 0.8428 -0.1138
vn -0.9242 0.2905 0.2480
vn 0.1158 -0.9898 0.0825
vn 0.1308 -0.9893 0.0647
vn 0.0719 -0.9953 0.0652
vn 0.1363 -0.9890 0.0577
vn 0.9166 0.1485 -0.3713
vn 0.9032 0.1952 -0.3823
vn -0.9787 -0.1638 -0.1237
vn -0.9509 -0.2624 0.1640
vn -0.9526 -0.2487 0.1751
vn 0.9550 0.1235 -0.2697
vn 0.9493 0.1456 -0.2785
vn 0.9648 0.2177 0.1476
vn 0.9497 0.2669 0.1636
vn 0.8115 0.5792 0.0772
vn 0.6578 0.7493 0.0759
vn 0.7339 0.6742 0.0832
vn 0.1302 0.9893 0.0651
vn 0.0979 0.9931 0.0644
vn 0.1761 -0.9844 0.0030
vn 0.1784 -0.9840 0.0010
vn 0.8426 0.4404 -0.3100
vn 0.8436 0.4374 -0.3115
vn 0.9057 0.2226 -0.3609
vn 0.8366 0.5342 0.1216
vn 0.2439 -0.9677 -0.0646
vn 0.6034 0.7939 0.0749
vn 0.5748 0.8145 0.0786
vn 0.6245 0.7784 0.0644
vn 0.5729 0.8167 0.0690
vn 0.5890 0.8081 -0.0084
vn 0.8066 0.5865 -0.0737
vn 0.3965 -0.9139 0.0872
vn 0.1157 -0.9586 -0.2602
vn 0.1010 -0.9599 -0.2615
vn 0.0835 -0.9558 -0.2820
vn -0.9707 0.2035 -0.1277
vn -0.6179 0.7862 -0.0088
vn -0.6306 0.7761 0.0005
vn -0.6258 0.7796 -0.0247
vn -0.6249 0.7803 -0.0245
vn -0.2916 0.3510 -0.8898
vn -0.2913 0.3695 -0.8824
vn -0.2992 0.3723 -0.8786
vn -0.2831 0.3823 -0.8796
vn -0.3119 0.3508 -0.8830
vn -0.0221 -0.9998 -0.0032
vn -0.0004 -1.0000 0.0033
vn 0.0012 -0.9994 -0.0336
vn 0.0188 -0.9995 -0.0259
vn 0.0039 -0.9999 -0.0100
vn 0.0961 0.9475 0.3051
vn 0.1903 0.9791 0.0711
vn 0.1779 0.9827 0.0507
vn 0.1843 0.9794 0.0819
vn 0.1925 0.9797 0.0557
vn 0.1816 0.9829 0.0300
vn -0.2147 0.8870 0.4088
vn -0.2220 0.8882 0.4024
vn 0.6932 0.6995 0.1737
vn 0.7027 0.6989 0.1332
vn 0.5596 0.8249 0.0803
vn 0.6456 0.7540 0.1212
vn 0.7410 0.6462 0.1824
vn 0.6773 0.7283 0.1045
vn 0.7064 0.6978 0.1188
vn 0.6833 0.7212 0.1139
vn 0.7706 0.6134 0.1728
vn 0.5579 0.8243 0.0962
vn 0.6666 0.7395 0.0935
vn 0.7166 0.6896 0.1043
vn 0.7806 0.6069 0.1494
vn 0.0532 0.9508 0.3053
vn 0.0469 0.9543 0.2952
vn 0.0473 0.9525 0.3008
vn -0.5578 -0.7372 0.3813
vn -0.5704 -0.7300 0.3765
vn -0.5572 -0.7425 0.3717
vn -0.5689 -0.7292 0.3803
vn -0.5700 -0.7257 0.3853
vn -0.5303 -0.7566 0.3825
vn -0.5581 -0.7174 0.4169
vn -0.5524 -0.7399 0.3839
vn -0.5922 0.8048 -0.0395
vn -0.5675 0.8208 -0.0647
vn -0.7035 0.6981 0.1331
vn -0.2605 0.9557 0.1372
vn -0.2738 0.9513 0.1415
vn 0.8476 -0.2278 -0.4793
vn 0.2504 0.9667 -0.0524
vn 0.1952 0.9777 -0.0770
vn 0.1774 0.9774 -0.1147
vn 0.2799 0.9550 -0.0983
vn 0.3097 0.9495 -0.0499
vn 0.2282 0.9651 -0.1281
vn 0.2662 0.9616 -0.0672
vn 0.3306 0.9401 -0.0830
vn 0.3603 0.9322 -0.0342
vn 0.1843 0.9671 -0.1753
vn 0.2366 0.9671 -0.0934
vn 0.2918 0.9504 -0.1072
vn 0.3215 0.9450 -0.0596
vn 0.3804 0.9219 -0.0740
vn 0.4076 0.9126 -0.0312
vn -0.7915 -0.6069 -0.0715
vn -0.6539 -0.7541 -0.0608
vn -0.8877 -0.4474 -0.1092
vn -0.9160 -0.3741 -0.1450
vn -0.7577 -0.6506 -0.0510
vn -0.8296 -0.5426 -0.1314
vn -0.7611 -0.6393 -0.1092
vn -0.8911 -0.4337 -0.1332
vn -0.6972 -0.7153 -0.0468
vn -0.8352 -0.5441 -0.0799
vn -0.8351 -0.5443 -0.0798
vn -0.9845 0.1468 0.0955
vn -0.7111 0.6919 -0.1249
vn -0.7246 0.6812 -0.1047
vn -0.6955 0.7113 -0.1014
vn -0.7067 0.6994 -0.1063
vn -0.6765 0.7337 -0.0630
vn -0.7172 0.6916 -0.0856
vn -0.7031 0.7036 -0.1030
vn -0.3379 0.9190 -0.2030
vn -0.9920 0.0042 -0.1261
vn -0.9794 -0.1683 -0.1119
vn -0.9891 -0.0900 -0.1167
vn -0.9919 0.0363 -0.1220
vn -0.9919 -0.0005 -0.1269
vn -0.9939 0.0231 -0.1078
vn -0.9919 -0.0723 -0.1047
vn -0.9880 0.0943 -0.1222
vn -0.9774 -0.1745 -0.1192
vn -0.9906 -0.0539 -0.1256
vn -0.9919 0.0168 -0.1258
vn -0.9114 -0.0582 0.4073
vn -0.9750 0.1638 0.1502
vn -0.0620 -0.9965 -0.0566
vn -0.0543 -0.9933 -0.1024
vn -0.0556 -0.9954 -0.0774
vn -0.0180 -0.9963 -0.0838
vn -0.0789 -0.9930 -0.0878
vn -0.0420 -0.9936 -0.1051
vn -0.0653 -0.9918 -0.1097
vn -0.4261 -0.9047 0.0018
vn -0.6357 0.7546 -0.1628
vn -0.6185 0.7671 -0.1703
vn -0.6182 0.7667 -0.1732
vn 0.6916 0.5746 0.4376
vn 0.6740 0.5813 0.4559
vn 0.6851 0.5630 0.4622
vn 0.6883 0.5814 0.4338
vn 0.6597 0.1082 0.7437
vn 0.6558 0.0788 0.7508
vn 0.6751 0.0882 0.7324
vn 0.6699 0.0558 0.7404
vn 0.0955 0.9464 0.3087
vn 0.1079 0.9492 0.2955
vn 0.6995 0.7147 -0.0051
vn 0.7043 0.7098 0.0117
vn 0.7107 0.6501 -0.2689
vn 0.9610 0.2606 -0.0927
vn 0.9510 0.2915 -0.1031
vn 0.9650 0.2449 -0.0933
vn 0.9805 0.1670 -0.1035
vn 0.9634 0.2489 -0.0994
vn 0.9824 0.1426 -0.1207
vn 0.9678 0.2296 -0.1035
vn 0.9647 0.2438 -0.0992
vn 0.9449 0.3081 -0.1110
vn 0.9794 0.1494 -0.1355
vn 0.6827 0.6181 -0.3897
vn 0.7330 0.5465 -0.4051
vn -0.9514 -0.2458 -0.1855
vn -0.9487 -0.2506 -0.1930
vn -0.9617 -0.2170 -0.1674
vn 0.9512 0.2645 0.1589
vn 0.9342 0.3104 0.1758
vn 0.8134 -0.5817 -0.0016
vn 0.8275 -0.5614 0.0009
vn 0.8124 -0.5831 -0.0014
vn 0.9944 -0.1012 0.0320
vn 0.9930 -0.1141 0.0307
vn 0.6318 -0.7746 -0.0304
vn 0.6168 -0.7863 -0.0364
vn 0.8143 -0.5804 0.0123
vn 0.9686 -0.1118 0.2219
vn 0.7907 -0.6119 -0.0172
vn 0.7896 -0.6133 -0.0173
vn -0.7015 -0.6255 0.3415
vn -0.6891 -0.6400 0.3400
vn -0.6371 -0.7013 0.3199
vn 0.8439 0.3896 -0.3688
vn 0.6593 0.6687 -0.3437
vn 0.9125 0.2971 -0.2812
vn 0.9368 0.1301 0.3248
vn -0.5747 0.8047 0.1490
vn -0.5554 0.8179 0.1504
vn 0.2717 -0.7194 0.6392
vn 0.5285 0.8291 0.1826
vn 0.4951 0.8497 0.1815
vn 0.4708 0.8612 0.1912
vn 0.0686 -0.8990 -0.4325
vn 0.2710 -0.8636 -0.4252
vn 0.3478 -0.8766 -0.3325
vn 0.0600 -0.9015 -0.4287
vn 0.1537 -0.8808 -0.4478
vn 0.0585 -0.9517 -0.3013
vn 0.3165 -0.8659 -0.3874
vn -0.0028 -0.9281 -0.3722
vn 0.2133 -0.8781 -0.4283
vn 0.2477 -0.9335 -0.2592
vn 0.2861 -0.9178 -0.2752
vn 0.0991 -0.9646 -0.2442
vn 0.3239 -0.8852 -0.3339
vn -0.0560 -0.9588 -0.2787
vn 0.2558 -0.8868 -0.3848
vn 0.2381 0.9685 0.0727
vn 0.2129 0.9744 0.0718
vn -0.5256 -0.8441 0.1058
vn -0.5238 -0.8427 0.1246
vn -0.4976 -0.8569 0.1343
vn -0.4978 -0.8567 0.1353
vn -0.4987 -0.8536 0.1503
vn -0.5003 -0.8518 0.1554
vn -0.4691 -0.8689 0.1579
vn -0.4703 -0.8674 0.1623
vn 0.3865 -0.8961 -0.2183
vn -0.3831 0.9215 -0.0640
vn -0.3919 0.9178 -0.0639
vn -0.3737 0.9243 -0.0772
vn -0.3939 0.9169 -0.0641
vn -0.3951 0.9160 -0.0693
vn -0.3843 0.9211 -0.0627
vn -0.3755 0.9246 -0.0644
vn 0.1979 -0.9798 0.0298
vn 0.2066 -0.9776 0.0402
vn 0.2194 -0.9740 0.0558
vn 0.1976 -0.9795 0.0383
vn 0.1949 -0.9795 0.0510
vn 0.1899 -0.9794 0.0681
vn 0.6683 0.7064 -0.2331
vt -0.198796 1.178641
vt -0.161723 1.169254
vt -0.151026 1.177752
vt -0.237223 -0.862985
vt -0.209535 -0.787758
vt -0.247360 -0.813199
vt 0.591972 1.166134
vt 0.516950 1.167011
vt 0.528852 1.157814
vt -0.208445 -0.921553
vt -0.177394 -0.942267
vt -0.319626 -0.401724
vt -0.304895 -0.386148
vt -0.319518 -0.380059
vt -0.367233 -0.572178
vt -0.277199 -0.572032
vt -0.361770 -0.568255
vt -0.377917 0.054148
vt -0.311837 0.046061
vt -0.331708 0.053639
vt -0.281096 -1.331702
vt -0.339243 -1.331487
vt -0.325402 -1.337017
vt -0.232949 1.305393
vt -0.294557 1.305977
vt -0.298916 1.303765
vt 1.435175 1.290937
vt 1.375689 1.291592
vt 1.386230 1.290090
vt -0.328702 -1.358191
vt -0.288134 -1.350293
vt -0.390054 -1.234135
vt -0.370720 -1.248430
vt -0.355704 -1.241854
vt 0.592332 1.238404
vt 0.532171 1.239067
vt 0.559972 1.223794
vt -0.403245 -0.693582
vt -0.380944 -0.697251
vt -0.373247 -0.692490
vt 0.061606 1.250545
vt 0.145839 1.233510
vt 0.118903 1.249914
vt 0.117148 1.158266
vt 0.096592 1.181578
vt 0.089169 1.158574
vt 0.290794 1.248023
vt 0.251912 1.255354
vt 0.230225 1.248690
vt 0.918490 1.257392
vt 0.879281 1.277413
vt 0.844040 1.258325
vt -0.321762 0.100690
vt -0.297222 0.081534
vt -0.301887 0.100244
vt -0.277744 -0.658207
vt -0.296186 -0.642524
vt -0.325068 -0.633826
vt 1.328366 -0.950124
vt 1.353861 -0.924912
vt 1.320002 -0.887270
vt 1.130145 1.190965
vt 1.107668 1.179474
vt 1.150617 1.151807
vt 0.591957 1.162974
vt 0.647592 1.150763
vt 0.673468 1.162077
vt -0.278137 -0.737099
vt -0.332617 -0.732858
vt -0.297525 -0.751409
vt 0.382643 1.208635
vt 0.409325 1.197836
vt 0.430525 1.198887
vt 0.941188 1.289591
vt 0.987523 1.279788
vt 0.979097 1.289174
vt -0.279821 -1.075579
vt -0.402701 -1.074191
vt -0.337958 -1.093480
vt 0.309694 1.241515
vt 0.416029 1.240350
vt 0.404384 1.243539
vt 0.395005 -1.330289
vt 0.451046 -1.390273
vt 0.486331 -1.392688
vt 0.533025 1.153570
vt 0.291073 1.304095
vt 0.241829 1.304637
vt 0.228856 1.302956
vt -0.275331 -0.173506
vt -0.297087 -0.173267
vt -0.309893 -0.204419
vt -0.329997 -0.040323
vt -0.309134 -0.040416
vt -0.319159 -0.032520
vt -0.343112 -1.235161
vt 0.607153 1.260819
vt 0.641299 1.270539
vt 0.629331 1.275833
vt -0.230870 1.306214
vt -0.160123 1.305522
vt -0.166760 1.306625
vt -0.354495 -1.331787
vt -0.343132 -1.299504
vt -0.355278 -1.296698
vt 0.695523 1.227545
vt 0.780557 1.258945
vt 0.727293 1.254769
vt -0.329624 -0.077797
vt -0.305777 -0.078059
vt -0.308091 -0.070773
vt -0.276451 -0.396610
vt -0.289558 0.143613
vt -0.309141 0.144722
vt -0.297753 0.141251
vt -0.279691 -1.049305
vt -0.327457 -1.023523
vt -0.306947 -1.049006
vt -0.333388 0.199583
vt -0.289515 0.199021
vt -0.298394 0.207816
vt 0.133152 1.279432
vt 0.089160 1.280730
vt 0.100854 1.279788
vt 1.247097 0.387049
vt 1.263750 0.450349
vt 1.240161 0.513850
vt -0.203447 -0.818004
vt 0.867201 -1.378820
vt 0.749153 -1.366687
vt 0.795160 -1.399064
vt 0.392112 1.291499
vt 0.431585 1.288023
vt 0.442230 1.290948
vt 0.405569 1.303397
vt 0.500766 1.296393
vt 0.485783 1.300981
vt -0.276470 -0.402199
vt -0.341787 -0.401480
vt -0.333292 -0.407022
vt -0.320755 -0.006236
vt -0.290355 -0.021346
vt -0.304583 -0.001206
vt -0.159618 1.305429
vt -0.104637 1.286010
vt -0.123459 1.299178
vt 0.373473 1.207336
vt 0.320425 1.207487
vt 0.326239 1.192776
vt -0.279690 -1.049305
vt -0.328259 -1.049516
vt -0.309743 -1.065313
vt 1.236821 1.199744
vt 1.278557 1.227415
vt 0.761352 1.292596
vt 0.816564 1.292065
vt 0.799145 1.293356
vt -0.277744 -0.658207
vt -0.302832 -0.657931
vt -0.302473 -0.672465
vt -0.165524 1.206775
vt -0.206310 1.213710
vt -0.212488 1.207292
vt -0.388716 -1.048105
vt -0.350136 -1.024599
vt -0.290261 0.002398
vt -0.297895 0.007600
vt -0.310392 0.002490
vt -0.275685 -0.244573
vt -0.288540 -0.268656
vt -0.275862 -0.280057
vt 1.274449 1.283106
vt 1.229040 1.283606
vt 1.242892 1.279651
vt -0.326681 -1.410887
vt -0.351522 -1.419190
vt -0.360926 -1.452868
vt 1.245004 1.170772
vt 1.217323 1.188795
vt 0.449959 1.278695
vt 0.516223 1.245903
vt 0.485557 1.269402
vt -0.370154 -0.657186
vt 1.186057 1.152586
vt -0.279960 -1.103427
vt -0.331754 -1.102841
vt -0.339456 -1.131212
vt -0.280904 -1.294290
vt -0.346416 -1.275920
vt -0.348850 -1.292846
vt 0.435017 1.205719
vt -0.279438 -0.998531
vt -0.315735 -0.998132
vt -0.325998 -1.006209
vt -0.289318 -0.573030
vt -0.358766 -0.598598
vt -0.322098 -0.594787
vt 0.598450 1.208405
vt 0.647769 1.194786
vt 0.680003 1.207508
vt -0.313995 0.176167
vt -0.289469 0.160788
vt -0.289367 0.180422
vt 0.290334 1.156359
vt 0.216330 1.157175
vt 0.245385 1.148304
vt -0.362480 -0.552937
vt 0.695568 1.236624
vt 0.650337 1.236776
vt 0.643877 1.231804
vt 0.644547 1.260358
vt 0.628933 1.162566
vt 0.723257 1.165219
vt 0.690360 1.172170
vt -0.289207 0.214040
vt -0.316189 0.214235
vt -0.336794 0.208289
vt -0.281474 -1.411451
vt -0.307375 -1.404215
vt -0.322972 -1.410653
vt 0.807149 1.226316
vt -0.286041 -0.245705
vt -0.296331 -1.031949
vt -0.321513 -0.072184
vt 0.771492 -0.298294
vt 0.697761 -0.323456
vt 0.795419 -0.568425
vt 0.769543 -1.133851
vt 1.213075 -1.057298
vt 1.105356 -0.253473
vt 1.021890 -0.264678
vt 1.152744 -0.364781
vt 1.427231 -0.304999
vt 1.299016 -0.216738
vt 1.346762 -0.292118
vt 1.361070 -0.501853
vt 0.974127 -1.208792
vt 0.843273 -1.108689
vt 1.330706 -1.202289
vt 1.343462 -1.151590
vt 1.330122 -1.139248
vt 1.142059 -1.469460
vt 1.189221 -1.402668
vt 1.073344 -1.446800
vt 1.214830 -1.246422
vt 0.170210 -0.233801
vt 0.089988 -0.286440
vt 0.102127 -0.346116
vt 0.415396 -1.097453
vt 0.368620 -1.057310
vt -0.028129 -1.377543
vt 0.056528 -1.403978
vt -0.020574 -1.328186
vt 0.114303 -1.422018
vt 0.324967 -1.353177
vt 0.086251 -1.361543
vt 0.002093 -1.180116
vt 0.100321 -1.217660
vt -0.023961 -1.055853
vt 0.289465 -0.238373
vt 0.259651 -0.237230
vt 0.315850 -0.511352
vt 0.440877 0.078380
vt 0.424964 0.294846
vt 0.421116 0.070707
vt 0.391950 0.059101
vt 0.414189 0.064136
vt 0.404056 0.063946
vt 0.254256 -0.065164
vt 0.264724 -0.060489
vt 0.223321 -0.058821
vt -0.289375 0.180415
vt -0.304963 0.186754
vt -0.308008 0.181781
vt 0.299351 -0.027701
vt 0.112524 -0.048184
vt 0.131055 -0.068903
vt 0.134567 -0.060014
vt -0.038044 0.035172
vt -0.001922 0.009923
vt -0.051019 0.088284
vt 0.023056 -0.002624
vt -0.020767 0.066822
vt 0.054144 -0.017629
vt 0.068602 -0.025149
vt 0.016703 0.060744
vt 0.149760 -0.051591
vt 0.195048 -0.088722
vt 0.203460 -0.097894
vt 0.217082 -0.084187
vt 0.182387 -0.021352
vt 0.061199 0.037209
vt 0.017973 0.048596
vt -0.087696 0.244797
vt -0.103049 0.234791
vt -0.104056 0.221079
vt -0.092776 0.293385
vt 0.028412 0.234824
vt -0.076825 0.417246
vt -0.028972 0.788830
vt 0.076265 0.606408
vt 0.040749 0.836200
vt 0.249930 0.978304
vt 0.285428 0.748519
vt 0.283126 0.969720
vt -0.120600 0.388813
vt -0.113644 0.364956
vt -0.097693 0.488817
vt -0.249094 0.533861
vt -0.256728 0.499922
vt -0.204186 0.419690
vt -0.252643 0.592348
vt -0.265750 0.574013
vt -0.250830 0.559467
vt -0.153298 0.720137
vt -0.175884 0.701482
vt -0.176964 0.673607
vt -0.083829 0.807805
vt -0.101828 0.792181
vt -0.066750 0.801897
vt -0.133357 0.764813
vt -0.138248 0.753657
vt -0.107260 0.770817
vt -0.028840 0.964599
vt 0.003419 0.929461
vt -0.023566 0.981724
vt 0.004979 0.906419
vt 0.025061 0.964970
vt -0.059960 0.771670
vt -0.051879 0.688825
vt -0.144842 0.637345
vt 0.135241 1.023828
vt 0.066335 1.031586
vt 0.102785 0.984261
vt 0.201539 0.997604
vt 0.161672 1.024606
vt 0.503397 0.079933
vt 0.536061 0.066688
vt 0.547601 0.316720
vt -0.316744 0.155312
vt -0.298861 0.153045
vt -0.295327 0.160865
vt 0.635053 0.026874
vt 0.654467 0.009464
vt 0.679345 0.023802
vt 0.261489 0.978931
vt 0.378866 0.944276
vt 0.409517 0.728285
vt 0.441425 0.966672
vt 0.629170 1.034225
vt 0.597709 0.795687
vt 0.641985 1.032337
vt 0.688323 -0.020924
vt 0.703174 -0.036183
vt 0.746834 -0.006149
vt 0.751233 -0.043306
vt 0.764610 -0.041872
vt 0.763449 -0.013829
vt 0.688943 0.267907
vt 0.812239 0.014610
vt 0.824830 0.013137
vt 0.821819 0.258692
vt 0.862660 0.008786
vt 0.877052 -0.003016
vt 0.948684 0.063786
vt 0.703888 1.024352
vt 0.685302 0.775110
vt 0.741018 1.015974
vt 0.984509 -0.062808
vt 1.010383 -0.088595
vt 1.012668 -0.062536
vt 0.412952 0.981456
vt 0.379875 0.944092
vt 0.412097 0.980289
vt 0.409479 0.976810
vt 0.411486 0.979459
vt 0.413178 0.981663
vt 0.516946 1.008457
vt 0.920423 -0.038733
vt 0.935687 -0.044940
vt 0.991861 0.028380
vt 1.040128 0.010091
vt 0.468393 1.048651
vt 0.439573 1.025092
vt 1.097611 -0.061270
vt 1.116070 -0.072269
vt 1.124904 0.011247
vt 1.182936 -0.123387
vt 1.212393 -0.149852
vt 1.222611 -0.124734
vt 0.850614 0.991007
vt 0.853626 0.745452
vt 0.942928 0.822060
vt 1.145613 -0.089885
vt 1.159107 -0.101998
vt 1.173245 -0.022109
vt 1.206755 0.228789
vt 1.191469 0.149121
vt 1.225880 0.210367
vt 1.231979 -0.071358
vt 0.951962 0.085394
vt -0.315358 -0.232597
vt -0.290772 -0.230149
vt -0.298737 -0.219717
vt 0.819008 1.012746
vt 0.798366 1.010674
vt 0.835918 1.001116
vt 1.043558 1.059035
vt 0.993718 1.086565
vt 1.001022 1.050405
vt 1.087990 1.018533
vt 1.221067 0.896828
vt 1.137336 0.926596
vt 1.227431 0.769169
vt 1.317276 0.089620
vt 1.289814 0.131250
vt 1.268713 0.010128
vt 1.278970 0.871931
vt 1.264495 0.878155
vt 1.288084 0.814654
vt 1.348853 0.712288
vt 1.331382 0.752199
vt 1.336119 0.685825
vt 1.194360 0.959801
vt 1.141447 0.978375
vt 0.886184 1.015966
vt 0.876755 1.009400
vt 0.976240 0.858472
vt 1.274799 0.428576
vt 1.300775 0.473157
vt 1.299471 0.507678
vt 1.315426 0.642821
vt 1.305269 0.589260
vt 1.317573 0.619265
vt 1.315060 0.496880
vt 1.303735 0.498131
vt 1.312454 0.537889
vt 1.327661 0.551932
vt 1.320470 0.586704
vt 1.357244 0.566958
vt 1.329639 0.521078
vt 1.307233 0.567710
vt 1.309108 0.547140
vt 1.295366 0.532918
vt 1.284956 0.482138
vt 1.298201 0.578664
vt 1.278501 0.472462
vt 1.283289 0.517974
vt 0.949592 0.839803
vt 1.035242 0.653113
vt 1.041906 0.670856
vt 1.127555 0.484166
vt 1.138384 0.512998
vt 1.048570 0.688599
vt 1.147548 0.537395
vt 1.221587 0.319795
vt 1.235133 0.355860
vt 1.156430 0.543618
vt 1.066335 0.701045
vt 1.057453 0.694822
vt 0.967358 0.852249
vt 0.958475 0.846026
vt 0.868380 1.003453
vt 0.859497 0.997230
vt -0.311355 -0.885087
vt -0.304139 -0.900418
vt -0.278871 -0.884967
vt -0.364571 -0.884032
vt -0.328818 -0.915080
vt -0.342140 -0.885141
vt -0.313254 -0.040565
vt -0.307901 -0.055238
vt -0.290476 -0.040758
vt -0.345127 -0.040156
vt -0.297975 -0.915420
vt 1.117572 1.042715
vt 1.094410 1.081013
vt 1.063854 1.059732
vt 1.176100 1.007166
vt 1.119207 1.095409
vt 1.101696 1.018828
vt 1.136046 1.008300
vt 1.182221 0.993594
vt 1.323783 0.660188
vt 1.306312 0.700099
vt 1.314669 0.717466
vt 1.297198 0.757376
vt 1.323025 0.734832
vt 1.305555 0.774743
vt 1.314257 0.791835
vt 1.296441 0.832020
vt 1.291836 0.706323
vt 1.282722 0.763600
vt 1.273608 0.820878
vt 1.268246 0.769825
vt 1.259133 0.827102
vt 1.244657 0.833327
vt 1.250019 0.884379
vt 1.235543 0.890604
vt 1.347998 0.756808
vt 1.346821 0.818057
vt 1.318527 0.814484
vt 1.305593 0.850793
vt 1.145031 1.091118
vt 1.233052 0.222051
vt 1.243795 0.193111
vt 1.256126 0.181279
vt 1.246537 0.217885
vt 1.202282 -0.048174
vt 1.236180 0.007332
vt 1.220183 0.028337
vt 1.269049 0.058456
vt 1.238188 0.104754
vt 1.276240 0.155895
vt -0.329140 -0.290050
vt -0.318174 -0.279576
vt -0.319568 -0.280844
vt -0.330759 -0.295306
vt -0.296236 -0.290321
vt 1.176708 0.937397
vt 1.091094 1.099357
vt 1.083215 1.093700
vt 1.233796 0.641510
vt 1.150066 0.671277
vt 1.143701 0.798936
vt 1.059971 0.828704
vt 1.053606 0.956364
vt 0.969876 0.986131
vt 0.848957 0.992041
vt 1.092977 0.967165
vt 1.048618 1.007733
vt 1.009247 0.996932
vt 0.963332 1.038512
vt 0.924864 1.027124
vt 0.919850 1.045239
vt 0.945918 1.049936
vt 0.977736 1.062876
vt 0.977010 1.099828
vt 0.919927 1.074170
vt 0.950729 1.112500
vt 1.268712 0.175361
vt 1.286460 0.167094
vt 1.297946 0.138314
vt 1.341226 -0.083914
vt 1.369990 0.050511
vt 0.814083 0.999329
vt 0.777476 1.007703
vt 0.764981 1.019575
vt -0.342669 -0.302113
vt -0.275588 -0.211184
vt -0.330931 -0.210726
vt -0.325169 -0.219767
vt 1.374243 -0.046528
vt 1.428835 0.017173
vt -0.329849 0.031802
vt -0.371892 0.023770
vt -0.290159 0.022870
vt 1.282879 -0.124969
vt 1.130567 0.238611
vt 1.216590 0.293612
vt 1.041264 0.162002
vt 1.127288 0.217003
vt 1.037986 0.140395
vt 1.213312 0.272004
vt 1.124009 0.195396
vt 1.210033 0.250397
vt 1.034707 0.118787
vt 1.120731 0.173788
vt 0.738293 1.036048
vt 0.794787 1.024762
vt 0.768093 1.040479
vt 1.269763 -0.053704
vt 1.256414 -0.126027
vt 1.317421 -0.125112
vt 1.228509 0.113442
vt 1.209735 0.131527
vt 1.200827 0.045715
vt 1.176318 0.069372
vt 1.160898 -0.010216
vt 1.187774 -0.035151
vt 1.038253 0.407558
vt 0.945940 0.576505
vt 0.948951 0.330949
vt 0.856637 0.499896
vt 0.859649 0.254341
vt 1.229137 -0.165387
vt 1.179471 0.156275
vt 1.152187 0.083761
vt 1.144143 -0.000226
vt 1.133615 -0.082731
vt 0.658644 1.034062
vt 0.660466 1.029614
vt 0.680429 1.026672
vt 0.618179 1.055422
vt 0.567040 1.106109
vt 0.506619 1.109699
vt 0.411444 0.979428
vt 0.410791 0.978566
vt 0.566609 1.011729
vt 1.151212 0.155890
vt 1.095670 0.082991
vt 1.123929 0.083376
vt 1.068386 0.010477
vt 1.096645 0.010862
vt 1.040749 -0.062266
vt 1.068430 -0.062253
vt 1.085706 -0.069276
vt 1.069284 -0.091196
vt 1.135123 0.161986
vt 1.063492 0.095184
vt 1.079581 0.089087
vt 1.007950 0.022284
vt 1.024039 0.016188
vt 0.953559 -0.051937
vt 0.504187 0.989383
vt 0.399147 0.962726
vt 0.436539 1.018023
vt 0.957811 -0.062837
vt 1.067330 -0.093741
vt 1.045697 -0.087276
vt 1.044949 -0.123750
vt 0.933785 -0.059159
vt 0.796724 0.749974
vt 0.760192 0.758296
vt 0.723660 0.766618
vt 0.742834 0.508940
vt 0.706302 0.517263
vt 0.668976 0.525659
vt 0.647065 0.276757
vt 1.049100 0.106986
vt 0.963076 0.051984
vt 0.977469 0.040182
vt 0.891445 -0.014818
vt 0.905838 -0.026620
vt -0.288527 -0.210934
vt -0.275567 -0.209411
vt -0.322316 -0.209209
vt 0.669572 0.776672
vt 0.658443 0.526701
vt 0.841016 0.746902
vt 0.831417 0.502797
vt 0.844027 0.501346
vt 0.834429 0.257241
vt 0.847039 0.255791
vt 0.840581 0.011325
vt 0.787126 0.505869
vt 0.733235 0.264835
vt 0.777527 0.261763
vt 0.731150 0.013992
vt 0.767928 0.017658
vt 0.093311 1.279846
vt 0.090508 1.278132
vt 0.130765 1.278008
vt 0.030934 1.278751
vt 0.302788 1.010210
vt 0.296268 1.006358
vt 0.321320 0.987233
vt 0.781239 0.005739
vt 0.338964 0.965777
vt 0.346447 0.953022
vt 0.312694 0.963992
vt 0.636153 0.790021
vt 0.610523 0.793798
vt 0.623338 0.791909
vt 0.591877 0.553370
vt 0.579062 0.555259
vt 0.566247 0.557147
vt 0.534786 0.318608
vt 0.535163 0.773206
vt 0.472617 0.750727
vt 0.503701 0.534668
vt 0.441155 0.512187
vt 0.471093 0.296208
vt 0.722673 -0.054781
vt 0.701205 0.004198
vt -0.289519 0.150215
vt -0.299003 0.234244
vt -0.293727 0.232241
vt -0.289074 0.240811
vt 0.624809 0.540072
vt 0.580533 0.303421
vt 0.613465 0.290122
vt 0.568492 0.052865
vt 0.599382 0.039874
vt 0.190557 0.949423
vt 0.180191 0.930941
vt 0.122008 0.924202
vt 0.111820 0.886323
vt 0.064270 0.894669
vt 0.046719 0.848372
vt 0.008085 0.864384
vt -0.010416 0.826662
vt -0.019694 0.807746
vt 0.057812 0.924687
vt 0.022077 0.914185
vt 0.052825 0.989696
vt 0.036103 0.948167
vt -0.128681 0.471657
vt -0.152722 0.425074
vt -0.136762 0.554501
vt -0.160803 0.507918
vt -0.168883 0.590762
vt -0.184844 0.461336
vt -0.192924 0.544180
vt -0.216965 0.497597
vt -0.197994 0.646501
vt -0.224348 0.584959
vt -0.074786 0.588821
vt -0.105774 0.571661
vt -0.082867 0.671666
vt -0.113855 0.654505
vt -0.089343 0.758170
vt -0.121935 0.737350
vt 0.114856 1.044602
vt 0.050512 1.006113
vt 0.025658 0.947654
vt 0.045416 1.032579
vt 0.029228 0.997176
vt 0.007154 0.955305
vt 0.017449 0.996677
vt 0.026106 1.034276
vt -0.008205 0.984794
vt -0.013791 1.016130
vt 0.007049 1.046585
vt -0.029710 1.004374
vt -0.021221 1.008192
vt -0.336617 -0.208477
vt -0.320203 -0.204393
vt -0.357104 -0.208262
vt -0.275628 -0.209159
vt -0.316306 -0.208711
vt -0.079622 0.777176
vt -0.112152 0.759661
vt -0.117044 0.748505
vt -0.143140 0.742501
vt -0.148031 0.731345
vt -0.078610 0.790968
vt -0.094879 0.781565
vt -0.120975 0.775561
vt -0.243718 0.571373
vt -0.206000 0.670463
vt -0.231543 0.647360
vt -0.173906 0.717286
vt -0.191190 0.708206
vt -0.209295 0.680847
vt -0.287285 0.550765
vt -0.207417 0.357734
vt -0.180371 0.360706
vt -0.227331 0.418586
vt -0.271236 0.434965
vt -0.253505 0.390418
vt -0.189788 0.428494
vt -0.167795 0.417986
vt -0.146839 0.376474
vt -0.288572 0.340894
vt -0.237060 0.353398
vt -0.044923 0.664968
vt -0.067830 0.564964
vt -0.090737 0.464960
vt -0.060874 0.541107
vt -0.083781 0.441103
vt -0.106688 0.341099
vt -0.099732 0.317242
vt 0.382234 0.723015
vt 0.349965 0.731517
vt 0.317697 0.740018
vt 0.385482 0.501724
vt 0.353213 0.510225
vt 0.388730 0.280433
vt 0.320945 0.518726
vt 0.356461 0.288934
vt 0.436606 0.512502
vt 0.465402 0.296601
vt 0.496814 0.080519
vt 0.215707 0.701148
vt 0.145986 0.653778
vt 0.251224 0.471356
vt 0.181503 0.423986
vt 0.286740 0.241564
vt 0.060314 0.482546
vt 0.044363 0.358686
vt 0.165552 0.300125
vt 0.149601 0.176264
vt 0.270789 0.117703
vt -0.079260 0.198172
vt -0.119895 0.204453
vt -0.094832 0.158454
vt -0.153169 0.149880
vt -0.094908 0.061343
vt -0.133970 0.211855
vt -0.149109 0.204760
vt -0.118402 0.224784
vt -0.166723 0.176075
vt -0.160955 0.093914
vt -0.072064 0.151666
vt -0.056499 0.058515
vt -0.127636 0.047278
vt -0.170226 0.037434
vt -0.052473 0.179397
vt -0.088966 0.256944
vt -0.018122 0.122332
vt -0.053743 0.191544
vt -0.090236 0.269091
vt -0.055013 0.203691
vt -0.091506 0.281238
vt -0.019790 0.138291
vt -0.056283 0.215838
vt -0.041451 0.207993
vt 0.009874 0.122601
vt 0.079737 0.149432
vt 0.131062 0.064040
vt 0.200926 0.090871
vt 0.252251 0.005479
vt 0.322114 0.032311
vt 0.225169 -0.075606
vt 0.245439 -0.083987
vt 0.228001 -0.094332
vt 0.186520 -0.055215
vt 0.171763 -0.064181
vt 0.159736 -0.072595
vt -0.004958 0.130446
vt 0.031535 0.052899
vt 0.046367 0.045054
vt 0.082860 -0.032494
vt 0.098630 -0.041156
vt -0.075303 0.192416
vt -0.064185 0.141635
vt -0.065386 0.185472
vt -0.048663 0.130059
vt -0.030163 0.120072
vt -0.001315 0.057671
vt 0.040283 -0.010729
vt -0.035916 0.077430
vt 0.087015 -0.037733
vt 0.069218 -0.030759
vt 0.157780 -0.098767
vt 0.220353 -0.024426
vt 0.258320 -0.027500
vt 0.290217 0.002406
vt 0.360080 0.029237
vt -0.325380 0.214516
vt -0.326197 0.219943
vt -0.341970 0.221146
vt -0.304549 0.219018
vt 0.246612 -0.080282
vt 0.271494 -0.061613
vt -0.322830 0.182600
vt -0.342082 0.181051
vt 0.278629 -0.061529
vt 0.287244 -0.067132
vt 0.332097 -0.008486
vt 0.339019 -0.019458
vt 0.297878 -0.068860
vt 0.400808 0.285237
vt 0.412886 0.290042
vt 0.397560 0.506528
vt 0.409638 0.511333
vt 0.395769 0.727870
vt 0.427342 0.512017
vt 0.453190 0.295988
vt 0.458652 0.296369
vt 0.483272 0.080255
vt 0.417513 0.511607
vt 0.432839 0.295120
vt 0.440714 0.295394
vt 0.619203 0.025145
vt 0.580617 0.021430
vt 0.524481 0.040899
vt 0.338807 -1.056167
vt 0.342235 -0.784331
vt 0.312421 -0.783188
vt 0.286036 -0.510209
vt 0.282608 -0.782045
vt 0.256223 -0.509066
vt 0.226409 -0.507923
vt 0.229837 -0.236087
vt 0.200024 -0.234944
vt -0.135897 -0.728044
vt -0.076068 -0.807327
vt -0.102121 -0.683063
vt -0.169672 -0.773024
vt -0.109843 -0.852307
vt -0.143619 -0.897287
vt -0.050014 -0.931590
vt -0.083790 -0.976570
vt -0.117565 -1.021550
vt -0.057736 -1.100833
vt 0.034045 -0.458432
vt 0.158326 -0.620239
vt -0.034038 -0.570747
vt 0.090244 -0.732554
vt 0.214525 -0.894361
vt 0.146442 -1.006677
vt 0.270724 -1.168483
vt 0.048214 -0.969133
vt 0.074267 -1.093397
vt 0.172496 -1.130940
vt 0.198549 -1.255203
vt 0.296777 -1.292746
vt 0.030145 -1.240592
vt 0.057823 -1.300950
vt 0.128373 -1.278135
vt 0.184462 -1.329449
vt -0.005463 -1.229473
vt -0.013018 -1.278830
vt 0.029406 -1.343793
vt 0.383203 -0.318818
vt 0.362626 -0.551495
vt 0.389011 -0.824474
vt 0.409402 -0.591638
vt 0.429793 -0.358801
vt 0.435787 -0.864617
vt 0.456178 -0.631780
vt 0.476569 -0.398944
vt -0.114260 -0.623387
vt -0.046177 -0.511071
vt 0.021905 -0.398755
vt -0.126400 -0.563710
vt -0.058317 -0.451394
vt -0.138539 -0.504033
vt 0.009766 -0.339079
vt -0.070456 -0.391718
vt -0.150678 -0.444357
vt 0.983077 -1.334688
vt 0.982492 -1.271646
vt 1.098953 -1.290555
vt 1.098368 -1.227513
vt 1.214245 -1.183381
vt 1.097784 -1.164472
vt 1.213660 -1.120339
vt 1.329536 -1.076207
vt 1.328951 -1.013165
vt 0.935915 -1.401480
vt 1.004630 -1.424140
vt 1.051792 -1.357347
vt 1.120506 -1.380008
vt 1.167668 -1.313215
vt 1.236383 -1.335875
vt 1.283545 -1.269082
vt 1.341707 -0.962466
vt 1.347412 -1.030245
vt 1.342877 -1.088549
vt 1.362822 -0.982002
vt 1.356217 -1.100891
vt 1.381715 -0.999542
vt 0.902346 -0.398397
vt 0.819346 -0.838557
vt 0.926273 -0.668529
vt 0.950200 -0.938661
vt 1.033200 -0.498501
vt 1.057127 -0.768633
vt 1.164054 -0.598605
vt 1.081054 -1.038764
vt 1.187981 -0.868736
vt 1.294908 -0.698708
vt 1.327989 -0.600281
vt 1.247520 -0.587399
vt 1.280601 -0.488972
vt 1.200132 -0.476091
vt 1.313681 -0.390545
vt 1.233212 -0.377663
vt 1.266293 -0.279236
vt 1.185824 -0.266354
vt 1.135107 -0.231441
vt 1.215576 -0.244323
vt 1.287404 -0.251256
vt 1.190028 -0.190773
vt 1.224363 -0.165348
vt 1.116666 -0.487296
vt 1.069278 -0.375987
vt 0.985812 -0.387192
vt 0.938424 -0.275883
vt 0.854958 -0.287089
vt 1.089419 -1.101618
vt 1.204710 -0.994444
vt 1.196346 -0.931590
vt 1.311637 -0.824416
vt 1.303272 -0.761562
vt 0.513054 -1.342422
vt 0.631103 -1.354555
vt 0.533445 -1.109586
vt 0.651494 -1.121718
vt 0.553836 -0.876749
vt 0.671885 -0.888882
vt 0.574227 -0.643913
vt 0.745616 -0.863720
vt 0.721688 -0.593588
vt 0.647958 -0.618750
vt 0.624030 -0.348619
vt 0.550300 -0.373781
vt -0.310828 -0.064963
vt -0.323244 1.126653
vt -0.252495 1.173663
vt -0.282891 1.205183
vt -0.198760 1.125219
vt -0.232569 1.144211
vt -0.308113 -1.019809
vt -0.299444 -0.247874
vt -0.316965 -0.249216
vt 0.853873 1.241557
vt 0.862627 1.225705
vt 0.918329 1.225092
vt -0.316512 -1.234915
vt -0.280455 -1.202956
vt -0.286226 -1.202601
vt -0.384254 -1.409979
vt -0.395333 -1.403031
vt -0.419995 -1.409909
vt -0.352813 -1.391296
vt -0.336311 -1.380665
vt -0.323359 -1.370922
vt -0.315761 -1.367867
vt -0.344789 0.214647
vt 0.774461 1.185215
vt 0.846526 1.184491
vt 0.822701 1.192860
vt 0.870351 1.176122
vt 0.845572 1.160237
vt 0.894177 1.167753
vt 0.773468 1.160975
vt 0.918002 1.159384
vt -0.338006 -0.599302
vt -0.328986 -0.633802
vt -0.302913 -0.606635
vt -0.315438 0.111208
vt -0.289790 0.100461
vt -0.289678 0.121897
vt 0.730630 1.271576
vt 0.699243 1.285424
vt 0.715556 1.260022
vt 0.757461 1.259151
vt -0.233342 1.229602
vt -0.150245 1.229006
vt -0.148012 1.262124
vt -0.005938 1.227119
vt -0.277108 -0.530431
vt -0.363887 -0.514187
vt -0.409150 -0.528977
vt 0.448472 1.247438
vt 0.473092 1.253453
vt 0.415608 1.240352
vt 0.421797 1.241006
vt 0.597040 1.237785
vt 0.614872 1.228419
vt 0.621784 1.237436
vt -0.296321 -0.830897
vt -0.308636 -0.853620
vt -0.278666 -0.856642
vt -0.289846 -0.855448
vt -0.307442 -0.814354
vt -0.324582 -0.961247
vt -0.362443 -0.947883
vt -0.279346 -0.977205
vt -0.304468 -0.976733
vt -0.353628 -0.563968
vt -0.345690 -0.556118
vt -0.289968 0.060003
vt -0.352780 0.060694
vt -0.345729 0.056325
vt -0.376827 0.054133
vt -0.383699 0.061034
vt 0.197444 1.139209
vt -0.006289 1.159630
vt 0.110644 1.124128
vt 0.358663 1.192418
vt 0.332893 1.168987
vt 0.373279 1.168542
vt -0.335940 -0.172840
vt -0.305527 -0.172344
vt -0.316184 -0.157224
vt -0.274939 -0.173662
vt -0.351376 -1.268329
vt -0.374388 -1.266374
vt -0.309458 -1.271571
vt -0.354116 -1.013885
vt -0.395586 -1.010983
vt -0.379009 -1.019004
vt -0.413221 -1.002450
vt -0.352032 -0.997732
vt -0.388329 -0.997332
vt -0.424626 -0.996933
vt 0.487387 1.202801
vt 0.531755 1.190848
vt 0.539756 1.199883
vt 0.591867 1.196681
vt 0.577626 1.181070
vt 0.522528 1.180894
vt 0.560187 1.171196
vt -0.233155 1.273109
vt -0.314421 1.273686
vt -0.329386 1.254040
vt -0.395235 1.274897
vt -0.273645 1.273563
vt -0.329171 -0.930608
vt -0.320595 -0.920698
vt -0.338312 -0.929662
vt -0.346239 -0.928353
vt -0.279028 -0.915664
vt -0.341377 -0.923227
vt -0.354227 -0.927062
vt -0.362160 -0.925756
vt -0.342967 0.123529
vt -0.289661 0.122942
vt -0.315598 0.134088
vt -0.283801 1.238216
vt -0.259979 1.229920
vt -0.304751 -0.939870
vt -0.279191 -0.948795
vt -0.292000 -0.944363
vt -0.317618 -0.935443
vt -0.414063 -1.292819
vt -0.366951 -1.103467
vt -0.380326 -1.111213
vt -0.398696 -1.102120
vt -0.283472 1.273671
vt -0.317118 1.300784
vt -0.421514 1.294302
vt -0.280102 -1.131984
vt -0.377925 -1.130907
vt -0.320458 -1.167140
vt 1.349032 1.196687
vt 1.329301 1.209276
vt 1.394704 1.214828
vt 1.316492 1.186782
vt 1.264641 1.148751
vt 1.301661 1.156963
vt 1.196645 1.169653
vt 1.215817 1.130867
vt 1.231489 1.113350
vt 1.253009 1.109303
vt 1.209969 1.117398
vt 1.188449 1.121444
vt 1.162395 1.127373
vt -0.342677 -0.100775
vt -0.290849 -0.109412
vt -0.290737 -0.091860
vt -0.283283 -0.689215
vt -0.314063 -0.708272
vt -0.277996 -0.708653
vt -0.329779 -1.453153
vt -0.281794 -1.453702
vt 0.556751 1.250816
vt 0.554510 1.240433
vt 0.592348 1.241522
vt 0.533581 1.239838
vt 0.521175 1.260097
vt -0.232977 1.299857
vt 1.307872 1.169334
vt -0.308128 -0.530256
vt -0.314156 -0.553607
vt -0.277135 -0.530448
vt -0.365018 -0.529463
vt -0.376399 -1.427454
vt -0.377274 -1.450674
vt -0.393578 -1.448425
vt -0.401309 -1.435697
vt -0.409893 -1.446191
vt -0.426202 -1.443950
vt 0.406756 1.174105
vt 0.427940 1.177108
vt 0.373261 1.168462
vt 1.211334 1.276195
vt 1.161967 1.277825
vt 1.179776 1.272739
vt 1.197482 1.280151
vt 1.148509 1.269200
vt 1.183630 1.284106
vt 1.138221 1.284606
vt 1.092811 1.285106
vt -0.307777 0.014023
vt -0.324409 0.003062
vt -0.320797 0.023207
vt 0.793024 1.218150
vt 0.852687 1.217494
vt 0.830861 1.226055
vt 0.755808 1.210002
vt 0.831426 1.203086
vt 0.874512 1.208932
vt 0.896338 1.200371
vt 0.679502 1.194434
vt 0.739175 1.193780
vt 0.798838 1.193123
vt 0.858500 1.192466
vt 0.918163 1.191809
vt 0.610541 1.289831
vt 0.720601 1.289496
vt 0.733086 1.296714
vt 0.761454 1.288134
vt -0.293191 -0.065496
vt -0.297174 -0.055362
vt -0.280795 1.218907
vt -0.259453 1.207809
vt -0.299207 1.211505
vt -0.319056 1.223982
vt -0.353523 1.208780
vt -0.269749 1.224498
vt -0.304491 1.230406
vt -0.338589 -0.672599
vt -0.324349 -0.688720
vt -0.350398 -0.657408
vt -0.289146 0.220591
vt -0.339717 0.226858
vt -0.347109 0.221243
vt 0.847197 1.294321
vt 0.913151 1.295479
vt 0.890340 1.291176
vt 0.933336 1.290703
vt -0.303164 -0.632772
vt -0.293158 -0.617279
vt -0.283933 -0.627404
vt -0.277625 -0.634328
vt 1.358794 1.247339
vt 1.435052 1.266125
vt 1.342057 1.225739
vt -0.333721 -0.977348
vt -0.322975 -0.985768
vt -0.279332 -0.977320
vt -0.376895 -0.979025
vt -0.383080 -0.997347
vt -0.415041 -0.975801
vt -0.366220 -1.061555
vt -0.328019 -1.075048
vt -0.404797 -1.047929
vt 0.291013 1.208241
vt -0.067707 1.288221
vt -0.035405 1.260954
vt -0.014385 1.281868
vt -0.290261 0.002333
vt -0.394070 -0.413461
vt -0.427074 -0.400541
vt -0.388633 -0.552750
vt 0.592685 1.301338
vt 0.521363 1.290038
vt -0.342477 -0.556655
vt -0.346475 -0.561756
vt -0.339784 -0.557087
vt -0.320705 -0.854564
vt -0.337398 -0.855894
vt 1.260858 1.135414
vt -0.298571 -1.202317
vt 0.540814 1.289390
vt 0.581940 1.286368
vt 0.592585 1.289293
vt 0.472392 1.284913
vt 0.492349 1.290396
vt 0.571295 1.283444
vt 0.560650 1.280519
vt 0.510532 1.281071
vt 0.550005 1.277595
vt 0.579015 -1.459802
vt -0.187051 -0.726669
vt -0.153275 -0.681689
vt -0.170327 -0.681230
vt -0.169999 -0.727127
vt -0.130614 -0.682298
vt -0.186723 -0.772566
vt -0.152948 -0.727585
vt 0.291783 1.169752
vt 1.251021 0.705668
vt 1.257386 0.578008
vt 1.274611 0.642166
vt 0.067615 1.214180
vt 0.114917 1.206397
vt 0.089160 1.216682
vt 0.002984 1.206672
vt 0.088781 1.205728
vt 0.060225 1.206042
vt 0.041732 1.280948
vt 0.024786 1.282563
vt 0.005194 1.280955
vt 0.070120 1.280271
vt 0.052328 1.281817
vt -0.306074 -1.202159
vt -0.332879 -1.172088
vt -0.345608 -1.166845
vt -0.314551 -1.179614
vt -0.361460 -1.048405
vt -0.334203 -1.048705
vt -0.322258 0.150324
vt -0.322338 0.134162
vt -0.282434 -0.388940
vt -0.293583 -0.374496
vt -0.290691 -0.078078
vt -0.357779 -1.218985
vt -0.365770 -1.206403
vt -0.387254 -1.207685
vt -0.337518 -1.201812
vt 0.048569 1.250707
vt 0.100217 1.267773
vt 0.087991 1.276313
vt 0.134373 1.277331
vt -0.349088 -0.500089
vt -0.302309 -0.500265
vt -0.333073 -0.488831
vt -0.311605 -0.474005
vt -0.276927 -0.500909
vt 0.116752 1.156700
vt 0.191573 1.199120
vt 0.162525 1.215732
vt 0.175218 1.215700
vt 0.191062 1.215646
vt 0.213272 1.215570
vt 0.157540 1.165070
vt 0.229269 1.159027
vt 0.226019 1.169764
vt 0.275911 1.174722
vt 0.290698 1.155902
vt -0.077346 1.306518
vt -0.005632 1.303744
vt -0.032091 1.307448
vt -0.061885 1.304353
vt -0.308819 -0.430682
vt -0.302147 -0.414099
vt -0.332892 -0.413760
vt -0.285876 -0.447097
vt -0.276532 -0.414388
vt 0.667429 1.287981
vt 0.649376 1.289403
vt -0.209775 1.259101
vt -0.082587 1.304581
vt -0.045481 1.300673
vt -0.008947 1.295350
vt -0.313400 -1.248340
vt -0.280884 -1.235380
vt -0.289110 0.226296
vt -0.332936 0.232649
vt -0.340204 0.226916
vt -0.303568 -0.021296
vt -0.290430 -0.040826
vt -0.313152 -0.190660
vt -0.318038 -0.173005
vt -0.351198 -1.350511
vt -0.380552 -1.341222
vt 0.196717 1.304188
vt 0.116456 1.300900
vt 0.094096 1.306263
vt 0.370888 1.119013
vt 0.354144 1.136052
vt 0.518643 -1.462626
vt -0.341866 -0.976674
vt -0.353766 -0.960124
vt -0.377384 -0.976230
vt -0.278787 -0.885069
vt -0.355296 -0.855697
vt -0.305693 -0.884620
vt -0.287209 -0.708555
vt -0.323333 -0.732847
vt -0.278175 -0.733489
vt -0.367122 -1.102486
vt 0.220753 1.139143
vt 0.162434 1.121267
vt -0.290923 -0.132296
vt -0.364965 -0.131476
vt -0.311918 -0.148441
vt -0.276693 -0.447177
vt -0.325222 -0.462395
vt -0.276747 -0.474379
vt -0.357385 -0.077490
vt -0.308511 -0.091663
vt -0.290699 -0.078225
vt 0.434577 1.188010
vt 0.486737 1.167292
vt -0.276092 -0.325360
vt -0.322506 -0.302409
vt -0.322768 -0.335754
vt -0.314785 -0.799000
vt -0.307409 -0.777858
vt -0.332058 -0.786650
vt -0.344478 -0.777363
vt -0.293057 -0.814503
vt -0.278353 -0.778123
vt 1.054691 1.288276
vt 1.062898 1.279513
vt 1.092825 1.287922
vt 1.017018 1.288725
vt 1.031078 1.270573
vt 0.525494 1.169918
vt 1.054919 1.184440
vt 1.095735 1.155236
vt 0.991750 1.226382
vt 1.011791 1.211849
vt 1.005562 1.237369
vt 0.963753 1.242555
vt 1.077155 1.211185
vt 0.918561 1.271811
vt -0.319180 -0.767393
vt -0.332861 -0.777499
vt 0.836491 1.160282
vt 0.892126 1.148071
vt 0.918002 1.159385
vt 0.754979 1.161179
vt 0.810615 1.148968
vt 0.703768 1.138788
vt 0.866250 1.136757
vt 0.784739 1.137655
vt 0.840374 1.125444
vt 0.758863 1.126341
vt 0.814498 1.114130
vt 1.126666 1.142198
vt 1.313447 -0.753737
vt 1.335658 -0.871787
vt 1.335932 -0.817793
vt 1.368013 -0.910916
vt -0.293669 0.090484
vt -0.289773 0.100338
vt 0.762246 1.259499
vt 0.851444 1.291588
vt -0.277452 -0.599599
vt -0.085745 1.190047
vt -0.125614 1.190486
vt -0.112347 1.177690
vt -0.059143 1.202405
vt -0.099012 1.202844
vt -0.005940 1.227118
vt -0.072409 1.215201
vt -0.138881 1.203282
vt -0.112278 1.215640
vt -0.152147 1.216079
vt -0.045807 1.227558
vt -0.085676 1.227997
vt -0.125545 1.228436
vt -0.165414 1.228875
vt 1.090997 1.294473
vt 1.164237 1.292217
vt 1.140933 1.296100
vt 1.041133 1.292849
vt 1.110834 1.291167
vt 1.055049 1.290515
vt 1.182897 1.289108
vt 0.941172 1.289591
vt 1.069037 1.288183
vt 1.132961 1.287480
vt 1.196885 1.286776
vt -0.280144 -1.167713
vt -0.361785 -1.176774
vt -0.365748 -1.167703
vt -0.380357 -1.168310
vt -0.338457 -1.186502
vt -0.348918 -1.176239
vt -0.354279 -1.167226
vt -0.341714 -0.361028
vt -0.276405 -0.361756
vt -0.312496 -0.336145
vt 0.169656 1.249356
vt 0.141785 1.260071
vt 0.109088 1.250023
vt 0.191343 1.256021
vt 0.213030 1.262686
vt 0.174148 1.270017
vt -0.280899 -1.294290
vt -0.384494 -1.293153
vt 0.033212 1.159190
vt 0.035003 1.179242
vt 0.005233 1.159498
vt 0.074510 1.175199
vt 0.058717 1.161688
vt 0.075188 1.205893
vt 1.435052 1.266126
vt 1.303513 1.286843
vt 1.274374 1.267895
vt 0.738552 1.282030
vt 0.761290 1.280058
vt 0.168755 1.244859
vt 0.190648 1.223188
vt 0.290794 1.248022
vt 0.235772 1.215322
vt -0.343847 -0.691768
vt -0.349624 -0.701779
vt -0.320254 -0.449581
vt -0.346740 -0.451046
vt -0.343414 -0.108838
vt -0.343468 -0.131698
vt -0.290917 -0.112416
vt 0.540315 1.214920
vt 0.480154 1.215582
vt 0.522976 1.207092
vt 0.518034 1.232683
vt 0.437332 1.224073
vt 0.465512 1.236795
vt 0.394510 1.232562
vt 0.411849 1.240391
vt 0.351687 1.241053
vt -0.359050 -1.266755
vt -0.319122 0.060317
vt -0.300002 0.072345
vt -0.307097 0.081588
vt -0.307166 0.060192
vt -0.289974 0.060003
vt -0.310322 -1.363373
vt -0.294909 -1.368190
vt 1.337285 1.289244
vt 1.239396 1.287550
vt 1.212069 1.293393
vt -0.384938 1.301668
vt -0.406960 1.307309
vt -0.406303 -1.330323
vt -0.289942 0.053202
vt -0.386909 -0.231809
vt -0.317829 -0.244123
vt -0.275627 -0.233034
vt -0.198660 1.206799
vt -0.264177 1.207520
vt -0.320820 1.205572
vt -0.329842 1.208243
vt -0.295254 -0.567627
vt -0.370532 -0.883996
vt -0.337525 0.046337
vt -0.309288 0.031576
vt -0.290039 0.045810
vt -0.319518 -0.361237
vt -0.289326 0.189312
vt -0.307646 0.199300
vt -0.329226 0.189746
vt -0.349008 -0.722009
vt -0.344589 -0.709921
vt -0.375966 -0.710177
vt -0.028958 -1.159402
vt -0.088787 -1.080119
vt -0.148616 -1.000836
vt -0.060010 -1.138688
vt -0.119838 -1.059405
vt -0.091061 -1.117974
vt -0.179667 -0.980122
vt -0.150889 -1.038691
vt -0.122112 -1.097260
vt 0.290379 1.169454
vt -0.258258 -0.764424
vt -0.227439 -0.671987
vt -0.277772 -0.663841
vt -0.217453 -0.731943
vt -0.197188 -0.676883
vt -0.276961 -0.500883
vt -0.417274 -0.499339
vt 0.228875 1.205431
vt 0.244478 1.195289
vt 0.260082 1.185150
vt -0.056412 1.175101
vt -0.050346 1.140411
vt -0.006107 1.176599
vt -0.103548 1.176588
vt -0.086128 1.150977
vt -0.123281 1.160898
vt -0.322481 -0.148320
s 0
f 104/1/1 161/2/1 32/3/1
f 185/4/2 163/5/2 87/6/2
f 104/7/3 902/8/3 860/9/3
f 185/4/4 166/10/4 90/11/4
f 6/12/5 897/13/5 799/14/5
f 198/15/6 896/16/6 103/17/6
f 908/18/7 895/19/7 37/20/7
f 104/21/8 894/22/8 858/23/8
f 104/24/9 893/25/9 28/26/9
f 104/27/10 168/28/10 200/29/10
f 104/21/11 152/30/11 201/31/11
f 104/32/12 891/33/12 202/34/12
f 23/35/13 239/36/13 778/37/13
f 3/38/14 171/39/14 39/40/14
f 170/41/15 172/42/15 233/43/15
f 173/44/16 45/45/16 107/46/16
f 885/47/17 177/48/17 210/49/17
f 817/50/18 56/51/18 113/52/18
f 6/53/19 59/54/19 114/55/19
f 8/56/20 874/57/20 793/58/20
f 71/59/21 186/60/21 217/61/21
f 170/62/22 872/63/22 77/64/22
f 23/65/23 188/66/23 67/67/23
f 8/68/24 868/69/24 70/70/24
f 185/71/25 81/72/25 88/73/25
f 10/74/26 190/75/26 263/76/26
f 198/77/27 863/78/27 101/79/27
f 198/80/28 862/81/28 896/82/28
f 198/83/29 199/84/29 819/85/29
f 104/7/30 860/9/30 168/86/30
f 104/87/31 200/88/31 893/89/31
f 104/21/32 858/23/32 152/30/32
f 104/90/33 201/91/33 559/92/33
f 104/93/34 856/94/34 30/95/34
f 104/32/35 202/34/35 811/96/35
f 173/97/36 854/98/36 807/99/36
f 885/100/37 853/101/37 806/102/37
f 885/103/38 850/104/38 395/105/38
f 6/106/39 875/107/39 59/108/39
f 6/109/40 114/110/40 803/111/40
f 6/12/41 160/112/41 897/13/41
f 6/113/42 799/114/42 54/115/42
f 6/116/43 561/117/43 255/118/43
f 5/119/44 848/120/44 115/121/44
f 5/122/45 117/123/45 51/124/45
f 7/125/46 512/126/46 484/127/46
f 185/4/47 86/128/47 163/5/47
f 104/129/48 820/130/48 902/131/48
f 185/132/49 194/133/49 166/134/49
f 198/135/50 813/136/50 199/137/50
f 104/138/51 28/139/51 894/140/51
f 104/141/52 559/142/52 856/143/52
f 104/144/53 811/145/53 161/146/53
f 23/147/54 810/148/54 777/149/54
f 196/150/55 809/151/55 169/152/55
f 170/62/56 40/153/56 172/154/56
f 885/155/57 806/156/57 904/157/57
f 885/158/58 47/159/58 111/160/58
f 885/161/59 207/162/59 177/163/59
f 5/164/60 561/117/60 848/165/60
f 6/166/61 54/167/61 181/168/61
f 6/169/62 527/170/62 160/171/62
f 191/172/63 249/173/63 184/174/63
f 3/175/64 61/176/64 68/177/64
f 170/62/65 795/178/65 78/179/65
f 23/180/66 493/181/66 188/182/66
f 8/56/67 793/58/67 868/183/67
f 170/62/68 77/64/68 816/184/68
f 170/62/69 78/179/69 40/153/69
f 10/185/70 787/186/70 155/187/70
f 10/188/71 786/189/71 190/190/71
f 185/71/72 88/73/72 194/191/72
f 10/192/73 95/193/73 787/194/73
f 10/195/74 155/196/74 662/197/74
f 180/198/75 192/199/75 330/200/75
f 908/201/76 99/202/76 36/203/76
f 198/204/77 100/205/77 197/206/77
f 198/15/78 103/17/78 812/207/78
f 23/208/79 778/209/79 810/210/79
f 173/97/80 774/211/80 854/98/80
f 885/212/81 771/213/81 853/214/81
f 885/215/82 111/216/82 205/217/82
f 885/218/83 112/219/83 207/220/83
f 6/106/84 769/221/84 875/107/84
f 6/169/85 54/222/85 527/170/85
f 6/116/86 181/223/86 561/117/86
f 6/109/87 803/111/87 54/224/87
f 885/225/88 210/226/88 213/227/88
f 104/129/89 216/228/89 820/130/89
f 71/59/90 217/61/90 243/229/90
f 173/230/91 772/231/91 229/232/91
f 105/233/92 776/234/92 232/235/92
f 105/233/93 232/235/93 234/236/93
f 104/129/94 222/237/94 211/238/94
f 3/239/95 39/240/95 237/241/95
f 23/242/96 67/243/96 239/244/96
f 3/239/97 237/241/97 240/245/97
f 5/246/98 119/247/98 254/248/98
f 198/83/99 246/249/99 260/250/99
f 908/251/100 809/252/100 261/253/100
f 196/254/101 100/255/101 265/256/101
f 10/257/102 268/258/102 269/259/102
f 185/4/103 90/11/103 86/128/103
f 6/260/104 255/261/104 258/262/104
f 57/263/105 282/264/105 289/265/105
f 534/266/106 526/267/106 288/268/106
f 553/269/107 524/270/107 297/271/107
f 160/272/108 527/273/108 299/274/108
f 524/270/109 294/275/109 297/271/109
f 49/276/110 827/277/110 305/278/110
f 523/279/111 50/280/111 700/281/111
f 50/280/112 144/282/112 310/283/112
f 842/284/113 308/285/113 318/286/113
f 49/276/114 305/278/114 295/287/114
f 115/288/115 848/289/115 323/290/115
f 49/276/116 302/291/116 319/292/116
f 842/284/117 318/286/117 312/293/117
f 149/294/118 841/295/118 333/296/118
f 18/297/119 326/298/119 336/299/119
f 155/300/120 339/301/120 341/302/120
f 2/303/121 344/304/121 394/305/121
f 151/306/122 838/307/122 348/308/122
f 133/309/123 557/310/123 351/311/123
f 536/312/124 669/313/124 355/314/124
f 538/315/125 356/316/125 361/317/125
f 17/318/126 135/319/126 140/320/126
f 9/321/127 94/322/127 362/323/127
f 21/324/128 98/325/128 369/326/128
f 98/325/129 136/327/129 372/328/129
f 155/300/130 365/329/130 346/330/130
f 538/315/131 361/317/131 374/331/131
f 377/332/132 12/333/132 648/334/132
f 518/335/133 645/336/133 377/332/133
f 158/337/134 279/338/134 383/339/134
f 804/340/135 770/341/135 836/342/135
f 156/343/136 532/344/136 389/345/136
f 2/303/137 394/305/137 863/346/137
f 431/347/138 287/348/138 618/349/138
f 147/350/139 399/351/139 402/352/139
f 48/353/140 396/354/140 390/355/140
f 395/356/141 850/357/141 634/358/141
f 156/343/142 389/345/142 406/359/142
f 403/360/143 833/361/143 407/362/143
f 148/363/144 110/364/144 417/365/144
f 127/366/145 414/367/145 423/368/145
f 11/369/146 620/370/146 437/371/146
f 426/372/147 427/373/147 430/374/147
f 102/375/148 522/376/148 426/377/148
f 102/375/149 431/347/149 444/378/149
f 826/379/150 424/380/150 418/381/150
f 11/369/151 437/371/151 432/382/151
f 26/383/152 428/384/152 444/378/152
f 426/372/153 430/374/153 444/378/153
f 439/385/154 542/386/154 440/387/154
f 560/388/155 608/389/155 449/390/155
f 483/391/156 412/392/156 452/393/156
f 4/394/157 43/395/157 458/396/157
f 1/397/158 447/398/158 462/399/158
f 560/388/159 449/390/159 464/400/159
f 148/363/160 417/365/160 453/401/160
f 31/402/161 843/403/161 857/404/161
f 152/405/162 595/406/162 29/407/162
f 528/408/163 126/409/163 474/410/163
f 528/408/164 474/410/164 476/411/164
f 146/412/165 479/413/165 486/414/165
f 824/415/166 468/416/166 463/417/166
f 68/418/167 60/419/167 498/420/167
f 837/421/168 495/422/168 503/423/168
f 146/412/169 573/424/169 491/425/169
f 556/426/170 482/427/170 487/428/170
f 13/429/171 540/430/171 516/431/171
f 868/432/172 514/433/172 506/434/172
f 540/430/173 73/435/173 565/436/173
f 517/437/174 562/438/174 134/439/174
f 562/438/175 15/440/175 134/439/175
f 565/436/176 73/435/176 517/437/176
f 73/435/177 74/441/177 517/437/177
f 517/437/178 74/441/178 562/438/178
f 562/438/179 74/441/179 15/440/179
f 506/434/180 563/442/180 134/439/180
f 134/439/181 563/442/181 515/443/181
f 563/442/182 516/431/182 515/443/182
f 563/442/183 564/444/183 516/431/183
f 506/434/184 514/433/184 563/442/184
f 514/433/185 564/444/185 563/442/185
f 564/444/186 513/445/186 516/431/186
f 513/445/187 13/429/187 516/431/187
f 515/443/188 517/437/188 134/439/188
f 515/443/189 516/431/189 517/437/189
f 516/431/190 565/436/190 517/437/190
f 516/431/191 540/430/191 565/436/191
f 510/446/192 514/433/192 868/432/192
f 512/126/193 566/447/193 511/448/193
f 510/446/194 511/448/194 514/433/194
f 511/448/195 564/444/195 514/433/195
f 511/448/196 566/447/196 564/444/196
f 566/447/197 513/445/197 564/444/197
f 512/126/198 7/125/198 566/447/198
f 566/447/199 7/125/199 513/445/199
f 7/125/200 13/429/200 513/445/200
f 452/393/201 507/449/201 483/391/201
f 451/450/202 567/451/202 452/393/202
f 450/452/203 568/453/203 451/450/203
f 452/393/204 567/451/204 507/449/204
f 567/451/205 508/454/205 507/449/205
f 451/450/206 568/453/206 567/451/206
f 567/451/207 568/453/207 508/454/207
f 568/453/208 509/455/208 508/454/208
f 450/452/209 157/456/209 568/453/209
f 157/456/210 63/457/210 568/453/210
f 568/453/211 63/457/211 509/455/211
f 63/457/212 7/125/212 509/455/212
f 489/458/213 509/455/213 7/125/213
f 488/459/214 569/460/214 489/458/214
f 487/428/215 570/461/215 488/459/215
f 489/458/216 569/460/216 509/455/216
f 569/460/217 508/454/217 509/455/217
f 488/459/218 570/461/218 569/460/218
f 570/461/219 571/462/219 569/460/219
f 569/460/220 571/462/220 508/454/220
f 571/462/221 507/449/221 508/454/221
f 487/428/222 482/427/222 570/461/222
f 482/427/223 481/463/223 570/461/223
f 570/461/224 481/463/224 571/462/224
f 481/463/225 480/464/225 571/462/225
f 571/462/226 480/464/226 507/449/226
f 480/464/227 483/391/227 507/449/227
f 503/465/228 505/466/228 837/467/228
f 868/468/229 793/469/229 502/470/229
f 502/470/230 793/469/230 503/465/230
f 503/465/231 793/469/231 505/466/231
f 506/471/232 72/472/232 868/473/232
f 506/471/233 134/474/233 72/472/233
f 793/469/234 874/475/234 505/466/234
f 505/466/235 874/475/235 837/467/235
f 504/476/236 490/477/236 529/478/236
f 504/476/237 493/479/237 490/477/237
f 493/479/238 531/480/238 490/477/238
f 492/481/239 504/476/239 529/478/239
f 491/425/240 572/482/240 492/481/240
f 492/481/241 572/482/241 504/476/241
f 491/425/242 573/424/242 572/482/242
f 573/424/243 794/483/243 572/482/243
f 572/482/244 794/483/244 504/476/244
f 794/483/245 493/479/245 504/476/245
f 502/484/246 496/485/246 868/432/246
f 503/423/247 574/486/247 502/484/247
f 502/484/248 574/486/248 496/485/248
f 574/486/249 497/487/249 496/485/249
f 503/423/250 575/488/250 574/486/250
f 575/488/251 576/489/251 574/486/251
f 574/486/252 576/489/252 497/487/252
f 576/489/253 498/420/253 497/487/253
f 503/423/254 495/422/254 575/488/254
f 495/422/255 580/490/255 575/488/255
f 575/488/256 580/490/256 576/489/256
f 580/490/257 494/491/257 576/489/257
f 576/489/258 494/491/258 498/420/258
f 494/491/259 68/418/259 498/420/259
f 496/485/260 501/492/260 868/432/260
f 497/487/261 577/493/261 496/485/261
f 498/420/262 578/494/262 497/487/262
f 496/485/263 577/493/263 501/492/263
f 577/493/264 500/495/264 501/492/264
f 497/487/265 578/494/265 577/493/265
f 578/494/266 579/496/266 577/493/266
f 577/493/267 579/496/267 500/495/267
f 579/496/268 499/497/268 500/495/268
f 498/420/269 60/419/269 578/494/269
f 60/419/270 831/498/270 578/494/270
f 578/494/271 831/498/271 579/496/271
f 831/498/272 552/499/272 579/496/272
f 579/496/273 552/499/273 499/497/273
f 552/499/274 146/412/274 499/497/274
f 825/500/275 495/422/275 837/421/275
f 128/501/276 581/502/276 825/500/276
f 825/500/277 580/490/277 495/422/277
f 825/500/278 581/502/278 580/490/278
f 581/502/279 494/491/279 580/490/279
f 128/501/280 839/503/280 581/502/280
f 581/502/281 839/503/281 494/491/281
f 839/503/282 68/418/282 494/491/282
f 493/479/283 582/504/283 531/480/283
f 462/399/284 583/505/284 1/397/284
f 461/506/285 583/505/285 462/399/285
f 461/506/286 16/507/286 583/505/286
f 16/507/287 791/508/287 583/505/287
f 464/400/288 459/509/288 560/388/288
f 463/417/289 584/510/289 464/400/289
f 464/400/290 584/510/290 459/509/290
f 584/510/291 603/511/291 459/509/291
f 463/417/292 585/512/292 584/510/292
f 584/510/293 460/513/293 603/511/293
f 463/417/294 468/416/294 585/512/294
f 585/512/295 468/416/295 584/510/295
f 468/416/296 467/514/296 584/510/296
f 584/510/297 467/514/297 460/513/297
f 467/514/298 16/507/298 460/513/298
f 828/515/299 483/516/299 779/517/299
f 828/515/300 586/518/300 483/516/300
f 586/518/301 857/519/301 483/516/301
f 491/425/302 475/520/302 146/412/302
f 492/481/303 476/411/303 491/425/303
f 529/478/304 528/408/304 492/481/304
f 492/481/305 528/408/305 476/411/305
f 35/521/306 777/522/306 490/477/306
f 777/522/307 529/478/307 490/477/307
f 35/521/308 490/477/308 531/480/308
f 484/127/309 489/458/309 7/125/309
f 485/523/310 587/524/310 484/127/310
f 486/414/311 588/525/311 485/523/311
f 484/127/312 587/524/312 489/458/312
f 587/524/313 488/459/313 489/458/313
f 485/523/314 588/525/314 587/524/314
f 588/525/315 589/526/315 587/524/315
f 587/524/316 589/526/316 488/459/316
f 589/526/317 487/428/317 488/459/317
f 486/414/318 479/413/318 588/525/318
f 479/413/319 478/527/319 588/525/319
f 588/525/320 478/527/320 589/526/320
f 478/527/321 477/528/321 589/526/321
f 589/526/322 477/528/322 487/428/322
f 477/528/323 556/426/323 487/428/323
f 481/463/324 779/529/324 480/464/324
f 480/464/325 779/529/325 483/391/325
f 481/463/326 482/427/326 779/529/326
f 475/520/327 479/413/327 146/412/327
f 491/425/328 590/530/328 475/520/328
f 476/411/329 591/531/329 491/425/329
f 475/520/330 590/530/330 479/413/330
f 590/530/331 478/527/331 479/413/331
f 491/425/332 591/531/332 590/530/332
f 591/531/333 592/532/333 590/530/333
f 590/530/334 592/532/334 478/527/334
f 592/532/335 477/528/335 478/527/335
f 476/411/336 474/410/336 591/531/336
f 474/410/337 473/533/337 591/531/337
f 591/531/338 473/533/338 592/532/338
f 473/533/339 472/534/339 592/532/339
f 592/532/340 472/534/340 477/528/340
f 472/534/341 556/426/341 477/528/341
f 472/534/342 471/535/342 556/426/342
f 473/533/343 593/536/343 472/534/343
f 474/410/344 594/537/344 473/533/344
f 472/534/345 593/536/345 471/535/345
f 473/533/346 594/537/346 593/536/346
f 474/410/347 126/409/347 594/537/347
f 469/538/348 594/537/348 126/409/348
f 469/538/349 593/536/349 594/537/349
f 469/538/350 471/535/350 593/536/350
f 855/539/351 556/426/351 471/535/351
f 470/540/352 471/535/352 469/538/352
f 470/540/353 855/539/353 471/535/353
f 467/514/354 549/541/354 16/507/354
f 467/514/355 79/542/355 549/541/355
f 824/415/356 790/543/356 468/416/356
f 468/416/357 790/543/357 467/514/357
f 467/514/358 790/543/358 79/542/358
f 596/544/359 789/545/359 824/415/359
f 29/407/360 421/546/360 483/391/360
f 29/407/361 595/406/361 421/546/361
f 595/406/362 422/547/362 421/546/362
f 595/406/363 466/548/363 422/547/363
f 422/547/364 466/548/364 423/368/364
f 466/548/365 127/366/365 423/368/365
f 150/549/366 586/518/366 828/515/366
f 857/404/367 843/403/367 559/550/367
f 586/551/368 834/552/368 857/404/368
f 834/552/369 31/402/369 857/404/369
f 596/544/370 80/553/370 789/545/370
f 80/553/371 64/554/371 789/545/371
f 596/555/372 159/556/372 80/557/372
f 465/558/373 596/544/373 824/415/373
f 455/559/374 554/560/374 157/456/374
f 454/561/375 597/562/375 455/559/375
f 453/401/376 598/563/376 454/561/376
f 455/559/377 597/562/377 554/560/377
f 597/562/378 76/564/378 554/560/378
f 454/561/379 598/563/379 597/562/379
f 598/563/380 599/565/380 597/562/380
f 597/562/381 599/565/381 76/564/381
f 599/565/382 75/566/382 76/564/382
f 453/401/383 417/365/383 598/563/383
f 417/365/384 416/567/384 598/563/384
f 598/563/385 416/567/385 599/565/385
f 416/567/386 415/568/386 599/565/386
f 599/565/387 415/568/387 75/566/387
f 415/568/388 1/397/388 75/566/388
f 27/569/389 127/366/389 466/548/389
f 141/570/390 595/406/390 152/405/390
f 141/570/391 466/548/391 595/406/391
f 141/570/392 548/571/392 466/548/392
f 548/571/393 27/569/393 466/548/393
f 463/417/394 600/572/394 824/415/394
f 463/417/395 464/400/395 600/572/395
f 600/572/396 465/558/396 824/415/396
f 464/400/397 449/390/397 600/572/397
f 449/390/398 448/573/398 600/572/398
f 600/572/399 448/573/399 465/558/399
f 465/558/400 601/574/400 596/544/400
f 461/506/401 456/575/401 16/507/401
f 462/399/402 602/576/402 461/506/402
f 461/506/403 602/576/403 456/575/403
f 602/576/404 457/577/404 456/575/404
f 462/399/405 447/398/405 602/576/405
f 447/398/406 609/578/406 602/576/406
f 602/576/407 609/578/407 457/577/407
f 609/578/408 446/579/408 457/577/408
f 457/577/409 446/579/409 458/396/409
f 446/579/410 4/394/410 458/396/410
f 456/575/411 460/513/411 16/507/411
f 457/577/412 603/511/412 456/575/412
f 458/396/413 604/580/413 457/577/413
f 456/575/414 603/511/414 460/513/414
f 457/577/415 604/580/415 603/511/415
f 604/580/416 459/509/416 603/511/416
f 458/396/417 43/395/417 604/580/417
f 43/395/418 560/388/418 604/580/418
f 604/580/419 560/388/419 459/509/419
f 450/452/420 455/559/420 157/456/420
f 451/450/421 605/581/421 450/452/421
f 452/393/422 606/582/422 451/450/422
f 450/452/423 605/581/423 455/559/423
f 605/581/424 454/561/424 455/559/424
f 451/450/425 606/582/425 605/581/425
f 606/582/426 607/583/426 605/581/426
f 605/581/427 607/583/427 454/561/427
f 607/583/428 453/401/428 454/561/428
f 452/393/429 412/392/429 606/582/429
f 412/392/430 411/584/430 606/582/430
f 606/582/431 411/584/431 607/583/431
f 411/584/432 410/585/432 607/583/432
f 607/583/433 410/585/433 453/401/433
f 410/585/434 148/363/434 453/401/434
f 449/390/435 608/389/435 448/573/435
f 448/573/436 608/389/436 465/558/436
f 608/389/437 129/586/437 465/558/437
f 442/587/438 447/398/438 1/397/438
f 441/588/439 609/578/439 442/587/439
f 440/387/440 610/589/440 441/588/440
f 442/587/441 609/578/441 447/398/441
f 441/588/442 610/589/442 609/578/442
f 610/589/443 446/579/443 609/578/443
f 440/387/444 542/386/444 610/589/444
f 542/386/445 550/590/445 610/589/445
f 610/589/446 550/590/446 446/579/446
f 550/590/447 4/394/447 446/579/447
f 402/352/448 892/591/448 147/350/448
f 402/352/449 401/592/449 892/591/449
f 145/593/450 892/591/450 401/592/450
f 443/594/451 832/595/451 444/378/451
f 832/595/452 861/596/452 444/378/452
f 444/378/453 861/596/453 26/383/453
f 430/374/454 522/597/454 444/378/454
f 522/597/455 429/598/455 444/378/455
f 429/598/456 102/375/456 444/378/456
f 443/594/457 445/599/457 147/350/457
f 443/594/458 444/378/458 445/599/458
f 428/384/459 426/372/459 444/378/459
f 434/600/460 442/587/460 1/397/460
f 433/601/461 611/602/461 434/600/461
f 432/382/462 612/603/462 433/601/462
f 434/600/463 611/602/463 442/587/463
f 611/602/464 441/588/464 442/587/464
f 433/601/465 612/603/465 611/602/465
f 612/603/466 613/604/466 611/602/466
f 611/602/467 613/604/467 441/588/467
f 613/604/468 440/387/468 441/588/468
f 432/382/469 437/371/469 612/603/469
f 437/371/470 436/605/470 612/603/470
f 612/603/471 436/605/471 613/604/471
f 436/605/472 435/606/472 613/604/472
f 613/604/473 435/606/473 440/387/473
f 435/606/474 439/385/474 440/387/474
f 438/607/475 773/608/475 439/385/475
f 435/606/476 438/607/476 439/385/476
f 420/609/477 434/600/477 1/397/477
f 419/610/478 614/611/478 420/609/478
f 418/381/479 615/612/479 419/610/479
f 420/609/480 614/611/480 434/600/480
f 614/611/481 433/601/481 434/600/481
f 419/610/482 615/612/482 614/611/482
f 615/612/483 616/613/483 614/611/483
f 614/611/484 616/613/484 433/601/484
f 616/613/485 432/382/485 433/601/485
f 418/381/486 424/380/486 615/612/486
f 424/380/487 425/614/487 615/612/487
f 615/612/488 425/614/488 616/613/488
f 616/613/489 425/614/489 432/382/489
f 425/614/490 11/369/490 432/382/490
f 444/378/491 617/615/491 445/599/491
f 444/378/492 618/349/492 617/615/492
f 444/378/493 431/347/493 618/349/493
f 426/377/494 431/347/494 102/375/494
f 429/598/495 427/373/495 102/375/495
f 522/597/496 427/373/496 429/598/496
f 430/374/497 427/373/497 522/597/497
f 427/373/498 812/616/498 102/375/498
f 431/347/499 426/377/499 627/617/499
f 425/614/500 835/618/500 11/369/500
f 435/606/501 44/619/501 438/607/501
f 436/605/502 619/620/502 435/606/502
f 437/371/503 620/370/503 436/605/503
f 435/606/504 619/620/504 44/619/504
f 436/605/505 620/370/505 619/620/505
f 620/370/506 547/621/506 619/620/506
f 619/620/507 547/621/507 44/619/507
f 425/614/508 142/622/508 835/618/508
f 425/614/509 424/380/509 142/622/509
f 826/379/510 142/622/510 424/380/510
f 421/546/511 404/623/511 483/391/511
f 422/547/512 621/624/512 421/546/512
f 423/368/513 622/625/513 422/547/513
f 421/546/514 621/624/514 404/623/514
f 621/624/515 405/626/515 404/623/515
f 422/547/516 622/625/516 621/624/516
f 622/625/517 623/627/517 621/624/517
f 621/624/518 623/627/518 405/626/518
f 623/627/519 406/359/519 405/626/519
f 423/368/520 414/367/520 622/625/520
f 414/367/521 413/628/521 622/625/521
f 622/625/522 413/628/522 623/627/522
f 413/628/523 384/629/523 623/627/523
f 623/627/524 384/629/524 406/359/524
f 384/629/525 156/343/525 406/359/525
f 415/568/526 420/609/526 1/397/526
f 416/567/527 624/630/527 415/568/527
f 417/365/528 625/631/528 416/567/528
f 415/568/529 624/630/529 420/609/529
f 624/630/530 419/610/530 420/609/530
f 416/567/531 625/631/531 624/630/531
f 625/631/532 626/632/532 624/630/532
f 624/630/533 626/632/533 419/610/533
f 626/632/534 418/381/534 419/610/534
f 417/365/535 110/364/535 625/631/535
f 110/364/536 143/633/536 625/631/536
f 625/631/537 143/633/537 626/632/537
f 143/633/538 519/634/538 626/632/538
f 626/632/539 519/634/539 418/381/539
f 519/634/540 826/379/540 418/381/540
f 896/635/541 862/636/541 627/637/541
f 386/638/542 127/366/542 145/593/542
f 384/629/543 413/628/543 385/639/543
f 385/639/544 413/628/544 386/638/544
f 413/628/545 414/367/545 386/638/545
f 386/638/546 414/367/546 127/366/546
f 409/640/547 412/392/547 483/391/547
f 408/641/548 628/642/548 409/640/548
f 407/362/549 629/643/549 408/641/549
f 409/640/550 628/642/550 412/392/550
f 628/642/551 411/584/551 412/392/551
f 408/641/552 629/643/552 628/642/552
f 629/643/553 630/644/553 628/642/553
f 628/642/554 630/644/554 411/584/554
f 630/644/555 410/585/555 411/584/555
f 407/362/556 833/361/556 629/643/556
f 833/361/557 130/645/557 629/643/557
f 629/643/558 130/645/558 630/644/558
f 630/644/559 130/645/559 410/585/559
f 130/645/560 148/363/560 410/585/560
f 404/623/561 409/640/561 483/391/561
f 405/626/562 631/646/562 404/623/562
f 406/359/563 632/647/563 405/626/563
f 404/623/564 631/646/564 409/640/564
f 631/646/565 408/641/565 409/640/565
f 405/626/566 632/647/566 631/646/566
f 632/647/567 633/648/567 631/646/567
f 631/646/568 633/648/568 408/641/568
f 633/648/569 407/362/569 408/641/569
f 406/359/570 389/345/570 632/647/570
f 389/345/571 388/649/571 632/647/571
f 632/647/572 388/649/572 633/648/572
f 388/649/573 387/650/573 633/648/573
f 633/648/574 387/650/574 407/362/574
f 387/650/575 403/360/575 407/362/575
f 153/651/576 627/652/576 862/653/576
f 153/651/577 431/654/577 627/652/577
f 400/655/578 829/656/578 125/657/578
f 634/358/579 850/357/579 403/360/579
f 390/355/580 634/358/580 391/658/580
f 391/658/581 634/358/581 403/360/581
f 390/355/582 396/354/582 634/358/582
f 396/354/583 395/356/583 634/358/583
f 431/347/584 521/659/584 392/660/584
f 521/659/585 393/661/585 392/660/585
f 401/592/586 381/662/586 145/593/586
f 402/352/587 636/663/587 401/592/587
f 401/592/588 635/664/588 381/662/588
f 635/664/589 382/665/589 381/662/589
f 401/592/590 636/663/590 635/664/590
f 636/663/591 637/666/591 635/664/591
f 635/664/592 637/666/592 382/665/592
f 637/666/593 383/339/593 382/665/593
f 402/352/594 399/351/594 636/663/594
f 399/351/595 398/667/595 636/663/595
f 636/663/596 398/667/596 637/666/596
f 398/667/597 397/668/597 637/666/597
f 637/666/598 397/668/598 383/339/598
f 397/668/599 158/337/599 383/339/599
f 125/657/600 393/661/600 521/659/600
f 125/657/601 394/305/601 393/661/601
f 125/657/602 829/656/602 394/305/602
f 829/656/603 863/346/603 394/305/603
f 445/599/604 399/351/604 147/350/604
f 617/615/605 638/669/605 445/599/605
f 618/349/606 639/670/606 617/615/606
f 445/599/607 638/669/607 399/351/607
f 638/669/608 398/667/608 399/351/608
f 617/615/609 639/670/609 638/669/609
f 639/670/610 640/671/610 638/669/610
f 638/669/611 640/671/611 398/667/611
f 640/671/612 397/668/612 398/667/612
f 618/349/613 287/348/613 639/670/613
f 287/348/614 345/672/614 639/670/614
f 639/670/615 345/672/615 640/671/615
f 345/672/616 680/673/616 640/671/616
f 640/671/617 680/673/617 397/668/617
f 680/673/618 158/337/618 397/668/618
f 396/354/619 520/674/619 395/356/619
f 387/650/620 391/658/620 403/360/620
f 389/345/621 641/675/621 388/649/621
f 387/650/622 388/649/622 391/658/622
f 388/649/623 390/355/623 391/658/623
f 388/649/624 641/675/624 390/355/624
f 389/345/625 532/344/625 641/675/625
f 641/675/626 532/344/626 390/355/626
f 532/344/627 48/353/627 390/355/627
f 836/342/628 770/341/628 205/676/628
f 770/677/629 174/678/629 205/679/629
f 381/662/630 386/638/630 145/593/630
f 382/665/631 642/680/631 381/662/631
f 383/339/632 643/681/632 382/665/632
f 381/662/633 642/680/633 386/638/633
f 642/680/634 385/639/634 386/638/634
f 382/665/635 643/681/635 642/680/635
f 643/681/636 644/682/636 642/680/636
f 642/680/637 644/682/637 385/639/637
f 644/682/638 384/629/638 385/639/638
f 383/339/639 279/338/639 643/681/639
f 279/338/640 278/683/640 643/681/640
f 643/681/641 278/683/641 644/682/641
f 278/683/642 277/684/642 644/682/642
f 644/682/643 277/684/643 384/629/643
f 277/684/644 156/343/644 384/629/644
f 2/303/645 518/335/645 378/685/645
f 378/685/646 340/686/646 2/303/646
f 379/687/647 646/688/647 378/685/647
f 380/689/648 647/690/648 379/687/648
f 378/685/649 646/688/649 340/686/649
f 379/687/650 647/690/650 646/688/650
f 647/690/651 341/302/651 646/688/651
f 380/689/652 368/691/652 647/690/652
f 368/691/653 367/692/653 647/690/653
f 367/692/654 366/693/654 647/690/654
f 647/690/655 366/693/655 341/302/655
f 366/693/656 155/300/656 341/302/656
f 377/332/657 378/685/657 518/335/657
f 377/332/658 648/334/658 378/685/658
f 648/334/659 379/687/659 378/685/659
f 648/334/660 649/694/660 379/687/660
f 649/694/661 380/689/661 379/687/661
f 649/694/662 368/691/662 380/689/662
f 649/694/663 659/695/663 368/691/663
f 648/334/664 651/696/664 649/694/664
f 649/694/665 650/697/665 659/695/665
f 649/694/666 651/696/666 650/697/666
f 648/334/667 12/333/667 651/696/667
f 376/698/668 352/699/668 151/306/668
f 375/700/669 652/701/669 376/698/669
f 374/331/670 653/702/670 375/700/670
f 376/698/671 652/701/671 352/699/671
f 652/701/672 353/703/672 352/699/672
f 375/700/673 653/702/673 652/701/673
f 653/702/674 654/704/674 652/701/674
f 652/701/675 654/704/675 353/703/675
f 654/704/676 354/705/676 353/703/676
f 374/331/677 361/317/677 653/702/677
f 361/317/678 360/706/678 653/702/678
f 653/702/679 360/706/679 654/704/679
f 360/706/680 359/707/680 654/704/680
f 654/704/681 359/707/681 354/705/681
f 359/707/682 133/309/682 354/705/682
f 348/308/683 376/698/683 151/306/683
f 347/708/684 655/709/684 348/308/684
f 346/330/685 656/710/685 347/708/685
f 348/308/686 655/709/686 376/698/686
f 655/709/687 375/700/687 376/698/687
f 347/708/688 656/710/688 655/709/688
f 656/710/689 657/711/689 655/709/689
f 655/709/690 657/711/690 375/700/690
f 657/711/691 374/331/691 375/700/691
f 346/330/692 365/329/692 656/710/692
f 365/329/693 663/712/693 656/710/693
f 656/710/694 663/712/694 657/711/694
f 663/712/695 364/713/695 657/711/695
f 657/711/696 364/713/696 374/331/696
f 364/713/697 538/315/697 374/331/697
f 12/333/698 377/332/698 544/714/698
f 373/715/699 651/696/699 12/333/699
f 372/328/700 658/716/700 373/715/700
f 373/715/701 658/716/701 651/696/701
f 658/716/702 650/697/702 651/696/702
f 658/716/703 659/695/703 650/697/703
f 372/328/704 136/327/704 658/716/704
f 658/716/705 136/327/705 659/695/705
f 136/327/706 368/691/706 659/695/706
f 537/717/707 660/718/707 12/333/707
f 12/333/708 660/718/708 373/715/708
f 660/718/709 372/328/709 373/715/709
f 660/718/710 371/719/710 372/328/710
f 371/719/711 98/325/711 372/328/711
f 660/718/712 661/720/712 371/719/712
f 660/718/713 537/717/713 661/720/713
f 537/717/714 895/721/714 661/720/714
f 661/720/715 370/722/715 371/719/715
f 661/720/716 895/721/716 370/722/716
f 895/721/717 99/723/717 370/722/717
f 895/721/718 195/724/718 99/723/718
f 195/724/719 36/725/719 99/723/719
f 369/326/720 370/722/720 99/723/720
f 369/326/721 371/719/721 370/722/721
f 369/326/722 98/325/722 371/719/722
f 907/726/723 369/326/723 99/723/723
f 907/726/724 21/324/724 369/326/724
f 366/727/725 662/728/725 155/729/725
f 368/730/726 662/728/726 367/731/726
f 367/731/727 662/728/727 366/727/727
f 363/732/728 365/329/728 155/300/728
f 362/323/729 664/733/729 363/732/729
f 363/732/730 663/712/730 365/329/730
f 363/732/731 664/733/731 663/712/731
f 664/733/732 665/734/732 663/712/732
f 665/734/733 364/713/733 663/712/733
f 362/323/734 94/322/734 664/733/734
f 94/322/735 525/735/735 664/733/735
f 664/733/736 525/735/736 665/734/736
f 525/735/737 93/736/737 665/734/737
f 665/734/738 93/736/738 364/713/738
f 93/736/739 538/315/739 364/713/739
f 140/320/740 363/732/740 155/300/740
f 140/320/741 666/737/741 363/732/741
f 666/737/742 667/738/742 363/732/742
f 667/738/743 362/323/743 363/732/743
f 140/320/744 135/319/744 666/737/744
f 666/737/745 135/319/745 667/738/745
f 135/319/746 539/739/746 667/738/746
f 667/738/747 539/739/747 362/323/747
f 539/739/748 9/321/748 362/323/748
f 359/707/749 357/740/749 133/309/749
f 360/706/750 668/741/750 359/707/750
f 359/707/751 668/741/751 357/740/751
f 668/741/752 358/742/752 357/740/752
f 361/317/753 356/316/753 360/706/753
f 356/316/754 668/741/754 360/706/754
f 357/740/755 355/314/755 133/309/755
f 358/742/756 536/312/756 357/740/756
f 357/740/757 536/312/757 355/314/757
f 551/743/758 356/316/758 538/315/758
f 551/743/759 154/744/759 356/316/759
f 154/744/760 866/745/760 356/316/760
f 356/316/761 866/745/761 668/741/761
f 866/745/762 358/742/762 668/741/762
f 355/314/763 669/313/763 133/309/763
f 669/313/764 55/746/764 133/309/764
f 351/311/765 349/747/765 124/748/765
f 351/311/766 670/749/766 349/747/766
f 351/311/767 557/310/767 670/749/767
f 557/310/768 545/750/768 670/749/768
f 670/749/769 545/750/769 350/751/769
f 351/311/770 354/705/770 133/309/770
f 351/311/771 671/752/771 354/705/771
f 671/752/772 353/703/772 354/705/772
f 671/752/773 672/753/773 353/703/773
f 672/753/774 352/699/774 353/703/774
f 351/311/775 124/748/775 671/752/775
f 124/748/776 865/754/776 671/752/776
f 671/752/777 865/754/777 672/753/777
f 672/753/778 865/754/778 352/699/778
f 865/754/779 151/306/779 352/699/779
f 546/755/780 350/751/780 545/750/780
f 350/751/781 673/756/781 670/749/781
f 673/756/782 349/747/782 670/749/782
f 546/755/783 673/756/783 350/751/783
f 346/330/784 334/757/784 155/300/784
f 347/708/785 674/758/785 346/330/785
f 348/308/786 675/759/786 347/708/786
f 346/330/787 674/758/787 334/757/787
f 674/758/788 335/760/788 334/757/788
f 347/708/789 675/759/789 674/758/789
f 675/759/790 676/761/790 674/758/790
f 674/758/791 676/761/791 335/760/791
f 676/761/792 336/299/792 335/760/792
f 348/308/793 838/307/793 675/759/793
f 838/307/794 785/762/794 675/759/794
f 675/759/795 785/762/795 676/761/795
f 785/762/796 139/763/796 676/761/796
f 676/761/797 139/763/797 336/299/797
f 139/763/798 18/297/798 336/299/798
f 392/660/799 290/764/799 431/347/799
f 393/661/800 677/765/800 392/660/800
f 394/305/801 678/766/801 393/661/801
f 392/660/802 677/765/802 290/764/802
f 677/765/803 291/767/803 290/764/803
f 393/661/804 678/766/804 677/765/804
f 678/766/805 679/768/805 677/765/805
f 677/765/806 679/768/806 291/767/806
f 679/768/807 292/769/807 291/767/807
f 394/305/808 344/304/808 678/766/808
f 344/304/809 343/770/809 678/766/809
f 678/766/810 343/770/810 679/768/810
f 343/770/811 342/771/811 679/768/811
f 679/768/812 342/771/812 292/769/812
f 342/771/813 534/266/813 292/769/813
f 286/772/814 345/672/814 287/348/814
f 285/773/815 680/673/815 286/772/815
f 286/772/816 680/673/816 345/672/816
f 285/773/817 533/774/817 680/673/817
f 533/774/818 158/337/818 680/673/818
f 340/686/819 344/304/819 2/303/819
f 646/688/820 681/775/820 340/686/820
f 341/302/821 682/776/821 646/688/821
f 340/686/822 681/775/822 344/304/822
f 681/775/823 343/770/823 344/304/823
f 646/688/824 682/776/824 681/775/824
f 682/776/825 683/777/825 681/775/825
f 681/775/826 683/777/826 343/770/826
f 683/777/827 342/771/827 343/770/827
f 341/302/828 339/301/828 682/776/828
f 339/301/829 338/778/829 682/776/829
f 682/776/830 338/778/830 683/777/830
f 338/778/831 337/779/831 683/777/831
f 683/777/832 337/779/832 342/771/832
f 337/779/833 534/266/833 342/771/833
f 334/757/834 339/301/834 155/300/834
f 335/760/835 684/780/835 334/757/835
f 336/299/836 685/781/836 335/760/836
f 334/757/837 684/780/837 339/301/837
f 684/780/838 338/778/838 339/301/838
f 335/760/839 685/781/839 684/780/839
f 685/781/840 686/782/840 684/780/840
f 684/780/841 686/782/841 338/778/841
f 686/782/842 337/779/842 338/778/842
f 336/299/843 326/298/843 685/781/843
f 326/298/844 325/783/844 685/781/844
f 685/781/845 325/783/845 686/782/845
f 325/783/846 324/784/846 686/782/846
f 686/782/847 324/784/847 337/779/847
f 324/784/848 534/266/848 337/779/848
f 333/296/849 328/785/849 149/294/849
f 332/786/850 687/787/850 333/296/850
f 333/296/851 687/787/851 328/785/851
f 332/786/852 331/788/852 687/787/852
f 331/788/853 329/789/853 687/787/853
f 332/786/854 688/790/854 331/788/854
f 331/788/855 688/790/855 330/791/855
f 333/296/856 841/295/856 332/786/856
f 841/295/857 840/792/857 332/786/857
f 332/786/858 840/792/858 688/790/858
f 330/791/859 192/793/859 331/788/859
f 331/788/860 327/794/860 329/789/860
f 687/787/861 689/795/861 328/785/861
f 329/789/862 315/796/862 687/787/862
f 687/787/863 315/796/863 689/795/863
f 800/797/864 329/789/864 327/794/864
f 535/798/865 800/797/865 327/794/865
f 314/799/866 137/800/866 149/294/866
f 313/801/867 690/802/867 314/799/867
f 314/799/868 690/802/868 137/800/868
f 690/802/869 138/803/869 137/800/869
f 313/801/870 691/804/870 690/802/870
f 690/802/871 691/804/871 138/803/871
f 691/804/872 543/805/872 138/803/872
f 312/293/873 318/286/873 313/801/873
f 318/286/874 317/806/874 313/801/874
f 313/801/875 317/806/875 691/804/875
f 317/806/876 316/807/876 691/804/876
f 691/804/877 316/807/877 543/805/877
f 316/807/878 18/297/878 543/805/878
f 321/808/879 326/298/879 18/297/879
f 320/809/880 692/810/880 321/808/880
f 319/292/881 693/811/881 320/809/881
f 321/808/882 692/810/882 326/298/882
f 692/810/883 325/783/883 326/298/883
f 320/809/884 693/811/884 692/810/884
f 693/811/885 694/812/885 692/810/885
f 692/810/886 694/812/886 325/783/886
f 694/812/887 324/784/887 325/783/887
f 319/292/888 302/291/888 693/811/888
f 302/291/889 301/813/889 693/811/889
f 693/811/890 301/813/890 694/812/890
f 301/813/891 300/814/891 694/812/891
f 694/812/892 300/814/892 324/784/892
f 300/814/893 534/266/893 324/784/893
f 322/815/894 303/816/894 553/269/894
f 322/815/895 323/290/895 303/816/895
f 323/290/896 848/289/896 303/816/896
f 848/289/897 561/817/897 303/816/897
f 297/271/898 322/815/898 553/269/898
f 296/818/899 322/815/899 297/271/899
f 295/287/900 695/819/900 296/818/900
f 296/818/901 695/819/901 322/815/901
f 695/819/902 323/290/902 322/815/902
f 295/287/903 305/278/903 695/819/903
f 305/278/904 304/820/904 695/819/904
f 695/819/905 304/820/905 323/290/905
f 304/820/906 115/288/906 323/290/906
f 316/807/907 321/808/907 18/297/907
f 317/806/908 696/821/908 316/807/908
f 318/286/909 697/822/909 317/806/909
f 316/807/910 696/821/910 321/808/910
f 696/821/911 320/809/911 321/808/911
f 317/806/912 697/822/912 696/821/912
f 697/822/913 698/823/913 696/821/913
f 696/821/914 698/823/914 320/809/914
f 698/823/915 319/292/915 320/809/915
f 318/286/916 308/285/916 697/822/916
f 308/285/917 307/824/917 697/822/917
f 697/822/918 307/824/918 698/823/918
f 307/824/919 306/825/919 698/823/919
f 698/823/920 306/825/920 319/292/920
f 306/825/921 49/276/921 319/292/921
f 328/785/922 309/826/922 149/294/922
f 689/795/923 699/827/923 328/785/923
f 315/796/924 700/281/924 689/795/924
f 328/785/925 699/827/925 309/826/925
f 689/795/926 700/281/926 699/827/926
f 315/796/927 523/279/927 700/281/927
f 311/828/928 314/799/928 149/294/928
f 703/829/929 701/830/929 311/828/929
f 310/283/930 702/831/930 703/829/930
f 311/828/931 701/830/931 314/799/931
f 701/830/932 313/801/932 314/799/932
f 703/829/933 702/831/933 701/830/933
f 701/830/934 702/831/934 313/801/934
f 702/831/935 312/293/935 313/801/935
f 310/283/936 144/282/936 702/831/936
f 144/282/937 558/832/937 702/831/937
f 702/831/938 558/832/938 312/293/938
f 558/832/939 842/284/939 312/293/939
f 309/826/940 311/828/940 149/294/940
f 699/827/941 703/829/941 309/826/941
f 700/281/942 704/833/942 699/827/942
f 309/826/943 703/829/943 311/828/943
f 699/827/944 704/833/944 703/829/944
f 704/833/945 310/283/945 703/829/945
f 700/281/946 50/280/946 704/833/946
f 704/833/947 50/280/947 310/283/947
f 307/824/948 705/834/948 306/825/948
f 307/824/949 308/285/949 705/834/949
f 842/284/950 14/835/950 308/285/950
f 308/285/951 14/835/951 705/834/951
f 304/820/952 305/278/952 115/288/952
f 305/278/953 116/836/953 115/288/953
f 305/278/954 827/277/954 116/836/954
f 295/287/955 302/291/955 49/276/955
f 296/818/956 706/837/956 295/287/956
f 297/271/957 707/838/957 296/818/957
f 295/287/958 706/837/958 302/291/958
f 706/837/959 301/813/959 302/291/959
f 296/818/960 707/838/960 706/837/960
f 707/838/961 708/839/961 706/837/961
f 706/837/962 708/839/962 301/813/962
f 708/839/963 300/814/963 301/813/963
f 297/271/964 294/275/964 707/838/964
f 707/838/965 294/275/965 708/839/965
f 294/275/966 293/840/966 708/839/966
f 708/839/967 293/840/967 300/814/967
f 293/840/968 534/266/968 300/814/968
f 541/841/969 298/842/969 553/843/969
f 541/841/970 299/844/970 298/842/970
f 132/845/971 541/846/971 553/269/971
f 298/847/972 527/273/972 553/848/972
f 299/274/973 527/273/973 298/847/973
f 830/849/974 294/275/974 524/270/974
f 709/850/975 710/851/975 830/849/975
f 830/849/976 710/851/976 294/275/976
f 710/851/977 293/840/977 294/275/977
f 709/850/978 875/852/978 710/851/978
f 875/852/979 534/266/979 710/851/979
f 710/851/980 534/266/980 293/840/980
f 59/853/981 875/852/981 709/850/981
f 289/265/982 526/267/982 57/263/982
f 288/268/983 526/267/983 289/265/983
f 288/268/984 292/769/984 534/266/984
f 289/265/985 711/854/985 288/268/985
f 288/268/986 711/854/986 292/769/986
f 711/854/987 291/767/987 292/769/987
f 289/265/988 712/855/988 711/854/988
f 712/855/989 713/856/989 711/854/989
f 711/854/990 713/856/990 291/767/990
f 713/856/991 290/764/991 291/767/991
f 289/265/992 282/264/992 712/855/992
f 282/264/993 281/857/993 712/855/993
f 712/855/994 281/857/994 713/856/994
f 281/857/995 280/858/995 713/856/995
f 713/856/996 280/858/996 290/764/996
f 280/858/997 431/347/997 290/764/997
f 280/858/998 287/348/998 431/347/998
f 280/858/999 284/859/999 287/348/999
f 284/859/1000 286/772/1000 287/348/1000
f 283/860/1001 714/861/1001 284/859/1001
f 284/859/1002 714/861/1002 286/772/1002
f 714/861/1003 285/773/1003 286/772/1003
f 283/860/1004 530/862/1004 714/861/1004
f 714/861/1005 530/862/1005 285/773/1005
f 530/862/1006 533/774/1006 285/773/1006
f 281/857/1007 715/863/1007 280/858/1007
f 282/264/1008 716/864/1008 281/857/1008
f 715/863/1009 284/859/1009 280/858/1009
f 281/857/1010 716/864/1010 715/863/1010
f 716/864/1011 717/865/1011 715/863/1011
f 715/863/1012 717/865/1012 284/859/1012
f 717/865/1013 283/860/1013 284/859/1013
f 282/264/1014 57/263/1014 716/864/1014
f 716/864/1015 57/263/1015 717/865/1015
f 717/865/1016 57/263/1016 283/860/1016
f 57/263/1017 530/862/1017 283/860/1017
f 277/684/1018 555/866/1018 156/343/1018
f 277/684/1019 278/683/1019 555/866/1019
f 278/683/1020 131/867/1020 555/866/1020
f 278/683/1021 279/338/1021 131/867/1021
f 279/338/1022 882/868/1022 131/867/1022
f 279/338/1023 158/337/1023 882/868/1023
f 260/250/1024 274/869/1024 198/83/1024
f 259/870/1025 718/871/1025 260/250/1025
f 258/262/1026 719/872/1026 259/870/1026
f 260/250/1027 718/871/1027 274/869/1027
f 718/871/1028 275/873/1028 274/869/1028
f 259/870/1029 719/872/1029 718/871/1029
f 719/872/1030 720/874/1030 718/871/1030
f 718/871/1031 720/874/1031 275/873/1031
f 720/874/1032 276/875/1032 275/873/1032
f 258/262/1033 255/261/1033 719/872/1033
f 255/261/1034 256/876/1034 719/872/1034
f 719/872/1035 256/876/1035 720/874/1035
f 256/876/1036 257/877/1036 720/874/1036
f 720/874/1037 257/877/1037 276/875/1037
f 257/877/1038 5/246/1038 276/875/1038
f 84/878/1039 271/879/1039 191/880/1039
f 85/881/1040 721/882/1040 84/878/1040
f 86/128/1041 722/883/1041 85/881/1041
f 84/878/1042 721/882/1042 271/879/1042
f 721/882/1043 270/884/1043 271/879/1043
f 85/881/1044 722/883/1044 721/882/1044
f 722/883/1045 723/885/1045 721/882/1045
f 721/882/1046 723/885/1046 270/884/1046
f 723/885/1047 269/259/1047 270/884/1047
f 86/128/1048 90/11/1048 722/883/1048
f 90/11/1049 91/886/1049 722/883/1049
f 722/883/1050 91/886/1050 723/885/1050
f 91/886/1051 92/887/1051 723/885/1051
f 723/885/1052 92/887/1052 269/259/1052
f 92/887/1053 10/257/1053 269/259/1053
f 254/248/1054 276/875/1054 5/246/1054
f 253/888/1055 724/889/1055 254/248/1055
f 252/890/1056 725/891/1056 253/888/1056
f 254/248/1057 724/889/1057 276/875/1057
f 724/889/1058 275/873/1058 276/875/1058
f 253/888/1059 725/891/1059 724/889/1059
f 725/891/1060 726/892/1060 724/889/1060
f 724/889/1061 726/892/1061 275/873/1061
f 726/892/1062 274/869/1062 275/873/1062
f 725/891/1063 273/893/1063 726/892/1063
f 273/893/1064 272/894/1064 726/892/1064
f 726/892/1065 272/894/1065 274/869/1065
f 272/894/1066 198/83/1066 274/869/1066
f 270/884/1067 727/895/1067 271/879/1067
f 269/259/1068 728/896/1068 270/884/1068
f 270/884/1069 728/896/1069 727/895/1069
f 728/896/1070 729/897/1070 727/895/1070
f 727/895/1071 729/897/1071 273/893/1071
f 729/897/1072 272/894/1072 273/893/1072
f 269/259/1073 268/258/1073 728/896/1073
f 268/258/1074 267/898/1074 728/896/1074
f 728/896/1075 267/898/1075 729/897/1075
f 267/898/1076 266/899/1076 729/897/1076
f 729/897/1077 266/899/1077 272/894/1077
f 266/899/1078 198/83/1078 272/894/1078
f 264/900/1079 268/258/1079 10/257/1079
f 732/901/1080 730/902/1080 264/900/1080
f 265/256/1081 731/903/1081 732/901/1081
f 264/900/1082 730/902/1082 268/258/1082
f 730/902/1083 267/898/1083 268/258/1083
f 732/901/1084 731/903/1084 730/902/1084
f 730/902/1085 731/903/1085 267/898/1085
f 731/903/1086 266/899/1086 267/898/1086
f 265/256/1087 100/255/1087 731/903/1087
f 731/903/1088 100/255/1088 266/899/1088
f 100/255/1089 198/83/1089 266/899/1089
f 263/904/1090 264/900/1090 10/257/1090
f 262/905/1091 732/901/1091 263/904/1091
f 261/253/1092 733/906/1092 262/905/1092
f 263/904/1093 732/901/1093 264/900/1093
f 262/905/1094 733/906/1094 732/901/1094
f 733/906/1095 265/256/1095 732/901/1095
f 261/253/1096 809/252/1096 733/906/1096
f 733/906/1097 809/252/1097 265/256/1097
f 809/252/1098 196/254/1098 265/256/1098
f 258/262/1099 769/907/1099 6/260/1099
f 259/870/1100 734/908/1100 258/262/1100
f 260/250/1101 735/909/1101 259/870/1101
f 258/262/1102 734/908/1102 769/907/1102
f 259/870/1103 735/909/1103 734/908/1103
f 735/909/1104 736/910/1104 734/908/1104
f 734/908/1105 736/910/1105 769/907/1105
f 736/910/1106 58/911/1106 769/907/1106
f 260/250/1107 246/249/1107 735/909/1107
f 246/249/1108 247/912/1108 735/909/1108
f 735/909/1109 247/912/1109 736/910/1109
f 247/912/1110 248/913/1110 736/910/1110
f 736/910/1111 248/913/1111 58/911/1111
f 248/913/1112 817/914/1112 58/911/1112
f 252/890/1113 249/915/1113 191/880/1113
f 253/888/1114 737/916/1114 252/890/1114
f 254/248/1115 738/917/1115 253/888/1115
f 252/890/1116 737/916/1116 249/915/1116
f 737/916/1117 250/918/1117 249/915/1117
f 253/888/1118 738/917/1118 737/916/1118
f 738/917/1119 739/919/1119 737/916/1119
f 737/916/1120 739/919/1120 250/918/1120
f 739/919/1121 251/920/1121 250/918/1121
f 254/248/1122 119/247/1122 738/917/1122
f 119/247/1123 120/921/1123 738/917/1123
f 738/917/1124 120/921/1124 739/919/1124
f 120/921/1125 121/922/1125 739/919/1125
f 739/919/1126 121/922/1126 251/920/1126
f 121/922/1127 180/923/1127 251/920/1127
f 242/924/1128 245/925/1128 104/129/1128
f 241/926/1129 740/927/1129 242/924/1129
f 240/245/1130 741/928/1130 241/926/1130
f 242/924/1131 740/927/1131 245/925/1131
f 740/927/1132 244/929/1132 245/925/1132
f 241/926/1133 741/928/1133 740/927/1133
f 741/928/1134 742/930/1134 740/927/1134
f 740/927/1135 742/930/1135 244/929/1135
f 742/930/1136 243/229/1136 244/929/1136
f 240/245/1137 237/241/1137 741/928/1137
f 237/241/1138 236/931/1138 741/928/1138
f 741/928/1139 236/931/1139 742/930/1139
f 236/931/1140 235/932/1140 742/930/1140
f 742/930/1141 235/932/1141 243/229/1141
f 235/932/1142 71/59/1142 243/229/1142
f 238/933/1143 242/924/1143 104/129/1143
f 890/934/1144 743/935/1144 238/933/1144
f 239/244/1145 744/936/1145 890/934/1145
f 238/933/1146 743/935/1146 242/924/1146
f 743/935/1147 241/926/1147 242/924/1147
f 890/934/1148 744/936/1148 743/935/1148
f 744/936/1149 745/937/1149 743/935/1149
f 743/935/1150 745/937/1150 241/926/1150
f 745/937/1151 240/245/1151 241/926/1151
f 239/244/1152 67/243/1152 744/936/1152
f 67/243/1153 66/938/1153 744/936/1153
f 744/936/1154 66/938/1154 745/937/1154
f 66/938/1155 65/939/1155 745/937/1155
f 745/937/1156 65/939/1156 240/245/1156
f 65/939/1157 3/239/1157 240/245/1157
f 235/932/1158 69/940/1158 71/59/1158
f 236/931/1159 746/941/1159 235/932/1159
f 237/241/1160 747/942/1160 236/931/1160
f 235/932/1161 746/941/1161 69/940/1161
f 746/941/1162 70/943/1162 69/940/1162
f 236/931/1163 747/942/1163 746/941/1163
f 237/241/1164 39/240/1164 747/942/1164
f 39/240/1165 38/944/1165 747/942/1165
f 747/942/1166 38/944/1166 746/941/1166
f 38/944/1167 8/945/1167 746/941/1167
f 746/941/1168 8/945/1168 70/943/1168
f 213/227/1169 226/946/1169 885/225/1169
f 212/947/1170 748/948/1170 213/227/1170
f 211/238/1171 749/949/1171 212/947/1171
f 213/227/1172 748/948/1172 226/946/1172
f 748/948/1173 225/950/1173 226/946/1173
f 212/947/1174 749/949/1174 748/948/1174
f 749/949/1175 750/951/1175 748/948/1175
f 748/948/1176 750/951/1176 225/950/1176
f 750/951/1177 224/952/1177 225/950/1177
f 211/238/1178 222/237/1178 749/949/1178
f 222/237/1179 221/953/1179 749/949/1179
f 749/949/1180 221/953/1180 750/951/1180
f 221/953/1181 220/954/1181 750/951/1181
f 750/951/1182 220/954/1182 224/952/1182
f 220/954/1183 170/955/1183 224/952/1183
f 233/956/1184 227/957/1184 170/955/1184
f 234/236/1185 751/958/1185 233/956/1185
f 233/956/1186 751/958/1186 227/957/1186
f 751/958/1187 228/959/1187 227/957/1187
f 234/236/1188 752/960/1188 751/958/1188
f 752/960/1189 753/961/1189 751/958/1189
f 751/958/1190 753/961/1190 228/959/1190
f 753/961/1191 229/232/1191 228/959/1191
f 234/236/1192 232/235/1192 752/960/1192
f 232/235/1193 231/962/1193 752/960/1193
f 752/960/1194 231/962/1194 753/961/1194
f 231/962/1195 230/963/1195 753/961/1195
f 753/961/1196 230/963/1196 229/232/1196
f 230/963/1197 173/230/1197 229/232/1197
f 230/963/1198 774/964/1198 173/230/1198
f 231/962/1199 754/965/1199 230/963/1199
f 232/235/1200 755/966/1200 231/962/1200
f 230/963/1201 754/965/1201 774/964/1201
f 754/965/1202 775/967/1202 774/964/1202
f 231/962/1203 755/966/1203 754/965/1203
f 754/965/1204 755/966/1204 775/967/1204
f 232/235/1205 776/234/1205 755/966/1205
f 755/966/1206 776/234/1206 775/967/1206
f 776/234/1207 42/968/1207 775/967/1207
f 227/957/1208 224/952/1208 170/955/1208
f 228/959/1209 756/969/1209 227/957/1209
f 229/232/1210 757/970/1210 228/959/1210
f 227/957/1211 756/969/1211 224/952/1211
f 756/969/1212 225/950/1212 224/952/1212
f 228/959/1213 757/970/1213 756/969/1213
f 757/970/1214 758/971/1214 756/969/1214
f 756/969/1215 758/971/1215 225/950/1215
f 758/971/1216 226/946/1216 225/950/1216
f 229/232/1217 772/231/1217 757/970/1217
f 772/231/1218 223/972/1218 757/970/1218
f 757/970/1219 223/972/1219 758/971/1219
f 223/972/1220 771/973/1220 758/971/1220
f 758/971/1221 771/973/1221 226/946/1221
f 771/973/1222 885/225/1222 226/946/1222
f 245/925/1223 222/237/1223 104/129/1223
f 244/929/1224 759/974/1224 245/925/1224
f 243/229/1225 760/975/1225 244/929/1225
f 245/925/1226 759/974/1226 222/237/1226
f 759/974/1227 221/953/1227 222/237/1227
f 244/929/1228 760/975/1228 759/974/1228
f 760/975/1229 761/976/1229 759/974/1229
f 759/974/1230 761/976/1230 221/953/1230
f 761/976/1231 220/954/1231 221/953/1231
f 243/229/1232 217/61/1232 760/975/1232
f 217/61/1233 218/977/1233 760/975/1233
f 760/975/1234 218/977/1234 761/976/1234
f 218/977/1235 219/978/1235 761/976/1235
f 761/976/1236 219/978/1236 220/954/1236
f 219/978/1237 170/955/1237 220/954/1237
f 20/979/1238 246/249/1238 198/83/1238
f 19/980/1239 762/981/1239 20/979/1239
f 820/130/1240 763/982/1240 19/980/1240
f 20/979/1241 762/981/1241 246/249/1241
f 762/981/1242 247/912/1242 246/249/1242
f 19/980/1243 763/982/1243 762/981/1243
f 763/982/1244 764/983/1244 762/981/1244
f 762/981/1245 764/983/1245 247/912/1245
f 764/983/1246 248/913/1246 247/912/1246
f 820/130/1247 216/228/1247 763/982/1247
f 216/228/1248 215/984/1248 763/982/1248
f 763/982/1249 215/984/1249 764/983/1249
f 215/984/1250 214/985/1250 764/983/1250
f 764/983/1251 214/985/1251 248/913/1251
f 214/985/1252 817/914/1252 248/913/1252
f 211/238/1253 216/228/1253 104/129/1253
f 212/947/1254 765/986/1254 211/238/1254
f 213/227/1255 766/987/1255 212/947/1255
f 211/238/1256 765/986/1256 216/228/1256
f 765/986/1257 215/984/1257 216/228/1257
f 212/947/1258 766/987/1258 765/986/1258
f 766/987/1259 767/988/1259 765/986/1259
f 765/986/1260 767/988/1260 215/984/1260
f 767/988/1261 214/985/1261 215/984/1261
f 213/227/1262 210/226/1262 766/987/1262
f 210/226/1263 209/989/1263 766/987/1263
f 766/987/1264 209/989/1264 767/988/1264
f 209/989/1265 208/990/1265 767/988/1265
f 767/988/1266 208/990/1266 214/985/1266
f 208/990/1267 817/914/1267 214/985/1267
f 54/224/1268 803/111/1268 768/991/1268
f 180/992/1269 800/993/1269 535/994/1269
f 180/992/1270 315/995/1270 329/996/1270
f 561/117/1271 181/223/1271 303/997/1271
f 768/998/1272 553/999/1272 527/170/1272
f 527/170/1273 54/222/1273 768/998/1273
f 875/107/1274 769/221/1274 113/1000/1274
f 769/221/1275 58/1001/1275 113/1000/1275
f 58/1001/1276 817/1002/1276 113/1000/1276
f 817/1003/1277 158/1004/1277 533/1005/1277
f 206/1006/1278 532/1007/1278 156/1008/1278
f 206/1006/1279 207/220/1279 532/1007/1279
f 112/219/1280 48/1009/1280 207/220/1280
f 207/220/1281 48/1009/1281 532/1007/1281
f 804/1010/1282 885/218/1282 770/1011/1282
f 885/218/1283 174/1012/1283 770/1011/1283
f 111/216/1284 836/1013/1284 205/217/1284
f 204/1014/1285 109/1015/1285 11/1016/1285
f 204/1014/1286 108/1017/1286 109/1015/1286
f 853/214/1287 771/213/1287 204/1014/1287
f 771/213/1288 772/1018/1288 204/1014/1288
f 204/1014/1289 772/1018/1289 108/1017/1289
f 772/1018/1290 107/1019/1290 108/1017/1290
f 771/213/1291 223/1020/1291 772/1018/1291
f 772/1018/1292 173/1021/1292 107/1019/1292
f 773/1022/1293 173/1023/1293 439/1024/1293
f 173/1025/1294 773/1026/1294 438/1027/1294
f 854/98/1295 106/1028/1295 560/1029/1295
f 854/98/1296 774/211/1296 106/1028/1296
f 774/211/1297 775/1030/1297 106/1028/1297
f 775/1030/1298 42/1031/1298 106/1028/1298
f 42/1032/1299 776/1033/1299 465/1034/1299
f 465/1034/1300 776/1033/1300 105/1035/1300
f 105/1036/1301 596/1037/1301 601/1038/1301
f 23/180/1302 531/1039/1302 582/1040/1302
f 23/180/1303 777/1041/1303 35/1042/1303
f 810/210/1304 528/1043/1304 529/1044/1304
f 778/209/1305 123/1045/1305 810/210/1305
f 810/210/1306 123/1045/1306 528/1043/1306
f 891/1046/1307 779/1047/1307 556/1048/1307
f 556/1048/1308 779/1047/1308 482/1049/1308
f 891/1046/1309 104/1050/1309 779/1047/1309
f 813/1051/1310 198/1052/1310 26/1053/1310
f 26/1053/1311 198/1052/1311 428/1054/1311
f 812/207/1312 780/1055/1312 102/1056/1312
f 103/17/1313 780/1055/1313 812/207/1313
f 198/1057/1314 101/1058/1314 898/1059/1314
f 898/1059/1315 101/1058/1315 400/1060/1315
f 101/1058/1316 829/1061/1316 400/1060/1316
f 864/1062/1317 196/1063/1317 518/1064/1317
f 197/206/1318 100/205/1318 864/1062/1318
f 864/1062/1319 100/205/1319 196/1063/1319
f 180/1065/1320 327/1066/1320 331/1067/1320
f 908/1068/1321 781/1069/1321 907/1070/1321
f 907/1070/1322 781/1069/1322 21/1071/1322
f 786/189/1323 136/1072/1323 98/1073/1323
f 786/189/1324 10/188/1324 136/1072/1324
f 10/188/1325 368/1074/1325 136/1072/1325
f 788/1075/1326 135/1076/1326 17/1077/1326
f 788/1075/1327 787/194/1327 135/1076/1327
f 787/194/1328 539/1078/1328 135/1076/1328
f 95/193/1329 96/1079/1329 787/194/1329
f 96/1079/1330 97/1080/1330 787/194/1330
f 787/194/1331 97/1080/1331 539/1078/1331
f 97/1080/1332 9/1081/1332 539/1078/1332
f 818/1082/1333 782/1083/1333 193/1084/1333
f 194/191/1334 782/1083/1334 818/1082/1334
f 193/1084/1335 782/1083/1335 538/1085/1335
f 782/1083/1336 551/1086/1336 538/1085/1336
f 194/191/1337 88/73/1337 782/1083/1337
f 88/73/1338 89/1087/1338 782/1083/1338
f 782/1083/1339 89/1087/1339 551/1086/1339
f 89/1087/1340 154/1088/1340 551/1086/1340
f 185/1089/1341 783/1090/1341 545/1091/1341
f 783/1090/1342 546/1092/1342 545/1091/1342
f 185/1089/1343 87/1093/1343 783/1090/1343
f 18/1094/1344 784/1095/1344 543/1096/1344
f 784/1095/1345 138/1097/1345 543/1096/1345
f 18/1094/1346 191/1098/1346 784/1095/1346
f 784/1095/1347 83/1099/1347 138/1097/1347
f 138/1097/1348 83/1099/1348 137/1100/1348
f 83/1099/1349 149/1101/1349 137/1100/1349
f 192/1102/1350 180/1103/1350 331/1104/1350
f 185/1089/1351 557/1105/1351 133/1106/1351
f 185/1089/1352 545/1091/1352 557/1105/1352
f 191/1098/1353 785/1107/1353 151/1108/1353
f 151/1108/1354 785/1107/1354 838/1109/1354
f 191/1098/1355 18/1094/1355 785/1107/1355
f 785/1107/1356 18/1094/1356 139/1110/1356
f 190/190/1357 98/1073/1357 21/1111/1357
f 190/190/1358 786/189/1358 98/1073/1358
f 787/186/1359 788/1112/1359 155/187/1359
f 155/187/1360 788/1112/1360 140/1113/1360
f 788/1112/1361 17/1114/1361 140/1113/1361
f 105/1115/1362 80/1116/1362 159/1117/1362
f 105/1118/1363 789/1119/1363 64/1120/1363
f 40/153/1364 790/1121/1364 41/1122/1364
f 41/1122/1365 790/1121/1365 824/1123/1365
f 40/153/1366 78/179/1366 790/1121/1366
f 78/179/1367 79/1124/1367 790/1121/1367
f 795/178/1368 791/1125/1368 16/1126/1368
f 795/178/1369 792/1127/1369 791/1125/1369
f 795/178/1370 170/62/1370 792/1127/1370
f 815/1128/1371 75/1129/1371 1/1130/1371
f 815/1128/1372 76/1131/1372 75/1129/1372
f 815/1128/1373 554/1132/1373 76/1131/1373
f 816/184/1374 77/64/1374 815/1128/1374
f 815/1128/1375 77/64/1375 554/1132/1375
f 77/64/1376 157/1133/1376 554/1132/1376
f 71/1134/1377 72/1135/1377 134/1136/1377
f 8/1137/1378 837/1138/1378 874/1139/1378
f 3/175/1379 839/1140/1379 128/1141/1379
f 3/175/1380 68/177/1380 839/1140/1380
f 187/1142/1381 573/1143/1381 146/1144/1381
f 188/182/1382 794/1145/1382 870/1146/1382
f 187/1142/1383 870/1146/1383 573/1143/1383
f 870/1146/1384 794/1145/1384 573/1143/1384
f 188/182/1385 493/181/1385 794/1145/1385
f 105/1115/1386 64/1147/1386 80/1116/1386
f 78/179/1387 795/178/1387 79/1124/1387
f 795/178/1388 549/1148/1388 79/1124/1388
f 795/178/1389 16/1126/1389 549/1148/1389
f 186/1149/1390 134/1150/1390 15/1151/1390
f 186/1149/1391 71/1152/1391 134/1150/1391
f 68/177/1392 796/1153/1392 60/1154/1392
f 796/1153/1392 831/1155/1392 60/1154/1392
f 68/177/1393 61/176/1393 796/1153/1393
f 796/1153/1394 62/1156/1394 831/1155/1394
f 831/1155/1395 62/1156/1395 552/1157/1395
f 62/1156/1396 146/1158/1396 552/1157/1396
f 185/71/1397 669/1159/1397 536/1160/1397
f 185/71/1398 55/1161/1398 669/1159/1398
f 183/1162/1399 797/1163/1399 182/1164/1399
f 184/174/1400 798/1165/1400 183/1162/1400
f 182/1164/1401 797/1163/1401 330/1166/1401
f 183/1162/1402 798/1165/1402 797/1163/1402
f 184/174/1403 249/173/1403 798/1165/1403
f 249/173/1404 250/1167/1404 798/1165/1404
f 798/1165/1405 250/1167/1405 797/1163/1405
f 250/1167/1406 251/1168/1406 797/1163/1406
f 797/1163/1407 251/1168/1407 330/1166/1407
f 251/1168/1408 180/1169/1408 330/1166/1408
f 181/168/1409 799/1170/1409 303/1171/1409
f 54/167/1410 799/1170/1410 181/168/1410
f 799/1170/1411 553/1172/1411 303/1171/1411
f 800/993/1412 180/992/1412 329/996/1412
f 178/1173/1413 53/1174/1413 842/1175/1413
f 179/1176/1414 801/1177/1414 178/1173/1414
f 178/1173/1415 801/1177/1415 53/1174/1415
f 801/1177/1416 52/1178/1416 53/1174/1416
f 801/1177/1417 51/1179/1417 52/1178/1417
f 180/1180/1418 121/1181/1418 179/1176/1418
f 121/1181/1419 120/1182/1419 179/1176/1419
f 179/1176/1420 120/1182/1420 801/1177/1420
f 120/1182/1421 119/1183/1421 801/1177/1421
f 801/1177/1422 119/1183/1422 51/1179/1422
f 119/1183/1423 5/1184/1423 51/1179/1423
f 180/1185/1424 802/1186/1424 315/1187/1424
f 802/1186/1425 523/1188/1425 315/1187/1425
f 768/991/1426 524/1189/1426 553/1190/1426
f 768/991/1427 803/111/1427 524/1189/1427
f 112/219/1428 804/1010/1428 48/1009/1428
f 112/219/1429 885/218/1429 804/1010/1429
f 177/163/1430 805/1191/1430 176/1192/1430
f 175/1193/1431 555/1194/1431 131/1195/1431
f 176/1192/1432 805/1191/1432 175/1193/1432
f 175/1193/1433 805/1191/1433 555/1194/1433
f 177/163/1434 207/162/1434 805/1191/1434
f 207/162/1435 206/1196/1435 805/1191/1435
f 805/1191/1436 206/1196/1436 555/1194/1436
f 206/1196/1437 156/1197/1437 555/1194/1437
f 111/160/1438 804/1198/1438 836/1199/1438
f 111/160/1439 47/159/1439 804/1198/1439
f 47/159/1440 48/1200/1440 804/1198/1440
f 885/1201/1441 205/1202/1441 174/1203/1441
f 904/157/1442 806/156/1442 852/1204/1442
f 852/1204/1443 806/156/1443 142/1205/1443
f 806/156/1444 46/1206/1444 142/1205/1444
f 46/1206/1445 835/1207/1445 142/1205/1445
f 173/1023/1446 807/1208/1446 439/1024/1446
f 439/1024/1447 807/1208/1447 542/1209/1447
f 807/1208/1448 550/1210/1448 542/1209/1448
f 807/1208/1449 4/1211/1449 550/1210/1449
f 887/1212/1450 824/1123/1450 789/1213/1450
f 172/154/1451 808/1214/1451 887/1212/1451
f 887/1212/1452 808/1214/1452 824/1123/1452
f 172/154/1453 40/153/1453 808/1214/1453
f 40/153/1454 41/1122/1454 808/1214/1454
f 808/1214/1455 41/1122/1455 824/1123/1455
f 888/1215/1456 825/1216/1456 837/1217/1456
f 888/1215/1457 171/1218/1457 825/1216/1457
f 171/1218/1458 128/1219/1458 825/1216/1458
f 3/1220/1459 128/1219/1459 171/1218/1459
f 169/152/1460 37/1221/1460 537/1222/1460
f 169/152/1461 809/151/1461 37/1221/1461
f 809/151/1462 908/1223/1462 37/1221/1462
f 531/1039/1463 23/180/1463 35/1042/1463
f 810/148/1464 529/1224/1464 777/149/1464
f 161/146/1465 811/145/1465 203/1225/1465
f 203/1225/1466 470/1226/1466 469/1227/1466
f 811/145/1467 470/1226/1467 203/1225/1467
f 856/143/1468 559/142/1468 843/1228/1468
f 894/140/1469 28/139/1469 27/1229/1469
f 27/1229/1470 28/139/1470 127/1230/1470
f 198/15/1471 812/207/1471 427/1231/1471
f 199/137/1472 813/136/1472 861/1232/1472
f 861/1232/1473 813/136/1473 26/1233/1473
f 780/1055/1474 522/1234/1474 102/1056/1474
f 780/1055/1475 814/1235/1475 522/1234/1475
f 814/1235/1476 426/1236/1476 522/1234/1476
f 103/17/1477 814/1235/1477 780/1055/1477
f 779/1047/1478 104/1050/1478 828/1237/1478
f 104/1050/1479 150/1238/1479 828/1237/1479
f 792/1127/1480 815/1128/1480 791/1125/1480
f 170/62/1481 816/184/1481 792/1127/1481
f 791/1125/1482 815/1128/1482 583/1239/1482
f 792/1127/1483 816/184/1483 815/1128/1483
f 815/1128/1484 1/1130/1484 583/1239/1484
f 817/1003/1485 533/1005/1485 530/1240/1485
f 493/181/1486 23/180/1486 582/1040/1486
f 164/1241/1487 94/1242/1487 9/1243/1487
f 166/134/1488 818/1244/1488 165/1245/1488
f 164/1241/1489 525/1246/1489 94/1242/1489
f 165/1245/1490 818/1244/1490 164/1241/1490
f 164/1241/1491 93/1247/1491 525/1246/1491
f 166/134/1492 194/133/1492 818/1244/1492
f 818/1244/1493 193/1248/1493 164/1241/1493
f 164/1241/1494 193/1248/1494 93/1247/1494
f 193/1248/1495 538/1249/1495 93/1247/1495
f 902/131/1496 820/130/1496 832/1250/1496
f 832/1250/1497 820/130/1497 819/85/1497
f 820/130/1498 19/980/1498 819/85/1498
f 19/980/1499 20/979/1499 819/85/1499
f 20/979/1500 198/83/1500 819/85/1500
f 162/1251/1501 24/1252/1501 124/1253/1501
f 163/5/1502 821/1254/1502 162/1251/1502
f 162/1251/1503 821/1254/1503 24/1252/1503
f 821/1254/1504 25/1255/1504 24/1252/1504
f 163/5/1505 822/1256/1505 821/1254/1505
f 822/1256/1506 823/1257/1506 821/1254/1506
f 821/1254/1507 823/1257/1507 25/1255/1507
f 163/5/1508 86/128/1508 822/1256/1508
f 86/128/1509 85/881/1509 822/1256/1509
f 822/1256/1510 85/881/1510 823/1257/1510
f 85/881/1511 84/878/1511 823/1257/1511
f 823/1257/1512 84/878/1512 25/1255/1512
f 84/878/1513 191/880/1513 25/1255/1513
f 180/1065/1514 535/1258/1514 327/1066/1514
f 486/414/1515 499/497/1515 146/412/1515
f 485/523/1516 844/1259/1516 486/414/1516
f 484/127/1517 845/1260/1517 485/523/1517
f 486/414/1518 844/1259/1518 499/497/1518
f 844/1259/1519 500/495/1519 499/497/1519
f 485/523/1520 845/1260/1520 844/1259/1520
f 845/1260/1521 846/1261/1521 844/1259/1521
f 844/1259/1522 846/1261/1522 500/495/1522
f 846/1261/1523 501/492/1523 500/495/1523
f 484/127/1524 512/126/1524 845/1260/1524
f 512/126/1525 511/448/1525 845/1260/1525
f 845/1260/1526 511/448/1526 846/1261/1526
f 511/448/1527 510/446/1527 846/1261/1527
f 846/1261/1528 510/446/1528 501/492/1528
f 510/446/1529 868/432/1529 501/492/1529
f 802/1262/1530 50/1263/1530 523/1264/1530
f 180/1265/1531 847/1266/1531 802/1262/1531
f 802/1262/1532 847/1266/1532 50/1263/1532
f 180/1265/1533 122/1267/1533 847/1266/1533
f 53/1268/1534 14/1269/1534 842/1270/1534
f 51/124/1535 117/123/1535 52/1271/1535
f 52/1271/1536 117/123/1536 53/1268/1536
f 117/123/1537 118/1272/1537 53/1268/1537
f 53/1268/1538 118/1272/1538 14/1269/1538
f 5/1273/1539 827/1274/1539 49/1275/1539
f 5/1273/1540 116/1276/1540 827/1274/1540
f 257/1277/1541 561/117/1541 5/164/1541
f 256/1278/1542 561/117/1542 257/1277/1542
f 255/118/1543 561/117/1543 256/1278/1543
f 799/114/1544 132/1279/1544 553/1280/1544
f 897/13/1545 299/1281/1545 541/1282/1545
f 897/13/1546 160/112/1546 299/1281/1546
f 803/111/1547 830/1283/1547 524/1189/1547
f 803/111/1548 114/110/1548 830/1283/1548
f 56/1284/1549 526/1285/1549 534/1286/1549
f 817/1003/1550 526/1285/1550 56/1284/1550
f 817/1003/1551 530/1240/1551 57/1287/1551
f 817/1288/1552 849/1289/1552 882/1290/1552
f 849/1289/1553 131/1291/1553 882/1290/1553
f 48/1292/1554 47/1293/1554 396/1294/1554
f 47/1293/1555 520/1295/1555 396/1294/1555
f 47/1293/1556 885/1296/1556 520/1295/1556
f 885/1297/1557 851/1298/1557 403/1299/1557
f 403/1299/1558 851/1298/1558 833/1300/1558
f 851/1298/1559 130/1301/1559 833/1300/1559
f 851/1298/1560 148/1302/1560 130/1301/1560
f 904/1303/1561 852/1304/1561 22/1305/1561
f 22/1305/1562 852/1304/1562 826/1306/1562
f 852/1304/1563 142/1307/1563 826/1306/1563
f 46/1308/1564 11/1309/1564 835/1310/1564
f 806/102/1565 853/101/1565 46/1308/1565
f 853/101/1566 204/1311/1566 46/1308/1566
f 46/1308/1567 204/1311/1567 11/1309/1567
f 45/1312/1568 44/1313/1568 547/1314/1568
f 173/1315/1569 438/1316/1569 45/1312/1569
f 45/1312/1570 438/1316/1570 44/1313/1570
f 807/99/1571 43/1317/1571 4/1318/1571
f 807/99/1572 854/98/1572 43/1317/1572
f 43/1317/1573 854/98/1573 560/1029/1573
f 42/1032/1574 465/1034/1574 129/1319/1574
f 161/146/1575 203/1225/1575 906/1320/1575
f 906/1320/1576 203/1225/1576 905/1321/1576
f 905/1321/1577 203/1225/1577 126/1322/1577
f 203/1225/1578 469/1227/1578 126/1322/1578
f 811/96/1579 855/1323/1579 470/1324/1579
f 811/96/1580 202/34/1580 855/1323/1580
f 104/1325/1581 586/1326/1581 150/1327/1581
f 30/95/1582 856/94/1582 31/1328/1582
f 31/1328/1583 856/94/1583 843/1329/1583
f 559/92/1584 201/91/1584 857/1330/1584
f 857/1330/1585 201/91/1585 483/1331/1585
f 152/30/1586 858/23/1586 141/1332/1586
f 858/23/1587 548/1333/1587 141/1332/1587
f 893/89/1588 859/1334/1588 145/1335/1588
f 893/89/1589 200/88/1589 859/1334/1589
f 145/1335/1590 859/1334/1590 892/1336/1590
f 168/86/1591 860/9/1591 147/1337/1591
f 147/1337/1592 860/9/1592 443/1338/1592
f 819/85/1593 861/1339/1593 832/1250/1593
f 819/85/1594 199/84/1594 861/1339/1594
f 426/1340/1595 780/1341/1595 427/1342/1595
f 780/1341/1596 198/1052/1596 427/1342/1596
f 862/1343/1597 198/1344/1597 153/1345/1597
f 198/1346/1598 521/1347/1598 431/1348/1598
f 101/79/1599 863/78/1599 829/1349/1599
f 167/1350/1600 864/1062/1600 2/1351/1600
f 2/1351/1601 864/1062/1601 518/1064/1601
f 198/204/1602 197/206/1602 167/1350/1602
f 197/206/1603 864/1062/1603 167/1350/1603
f 645/1352/1604 196/1353/1604 377/1354/1604
f 196/1355/1605 12/1356/1605 544/1357/1605
f 908/1358/1606 195/1359/1606 895/1360/1606
f 82/1361/1607 536/1160/1607 358/1362/1607
f 82/1361/1608 81/72/1608 536/1160/1608
f 81/72/1609 185/71/1609 536/1160/1609
f 185/1363/1610 133/1364/1610 55/1365/1610
f 25/1366/1611 865/1367/1611 24/1368/1611
f 24/1368/1612 865/1367/1612 124/1369/1612
f 25/1366/1613 191/1370/1613 865/1367/1613
f 191/1370/1614 151/1371/1614 865/1367/1614
f 261/1372/1615 781/1373/1615 908/1374/1615
f 261/1372/1616 262/1375/1616 781/1373/1616
f 263/76/1617 190/75/1617 262/1375/1617
f 262/1375/1618 190/75/1618 781/1373/1618
f 190/75/1619 21/1376/1619 781/1373/1619
f 89/1087/1620 866/1377/1620 154/1088/1620
f 89/1087/1621 88/73/1621 866/1377/1621
f 81/72/1622 82/1361/1622 88/73/1622
f 88/73/1623 82/1361/1623 866/1377/1623
f 82/1361/1624 358/1362/1624 866/1377/1624
f 872/63/1625 13/1378/1625 7/1379/1625
f 170/62/1626 73/1380/1626 540/1381/1626
f 73/1380/1627 867/1382/1627 74/1383/1627
f 170/62/1628 189/1384/1628 73/1380/1628
f 189/1384/1629 867/1382/1629 73/1380/1629
f 867/1382/1630 15/1385/1630 74/1383/1630
f 70/70/1631 868/69/1631 69/1386/1631
f 69/1386/1632 868/69/1632 71/1387/1632
f 65/1388/1633 61/1389/1633 3/1390/1633
f 66/1391/1634 869/1392/1634 65/1388/1634
f 67/67/1635 870/1393/1635 66/1391/1635
f 65/1388/1636 869/1392/1636 61/1389/1636
f 869/1392/1637 796/1394/1637 61/1389/1637
f 66/1391/1638 870/1393/1638 869/1392/1638
f 870/1393/1639 871/1395/1639 869/1392/1639
f 869/1392/1640 871/1395/1640 796/1394/1640
f 871/1395/1641 62/1396/1641 796/1394/1641
f 67/67/1642 188/66/1642 870/1393/1642
f 870/1393/1643 187/1397/1643 871/1395/1643
f 871/1395/1644 187/1397/1644 62/1396/1644
f 187/1397/1645 146/1398/1645 62/1396/1645
f 77/64/1646 63/1399/1646 157/1133/1646
f 872/63/1647 7/1379/1647 77/64/1647
f 77/64/1648 7/1379/1648 63/1399/1648
f 219/978/1649 189/1400/1649 170/955/1649
f 218/977/1650 189/1400/1650 219/978/1650
f 217/61/1651 873/1401/1651 218/977/1651
f 218/977/1652 873/1401/1652 189/1400/1652
f 189/1400/1653 873/1401/1653 867/1402/1653
f 217/61/1654 186/60/1654 873/1401/1654
f 873/1401/1655 186/60/1655 867/1402/1655
f 186/60/1656 15/1403/1656 867/1402/1656
f 114/55/1657 709/1404/1657 830/1405/1657
f 114/55/1658 59/54/1658 709/1404/1658
f 817/1003/1659 57/1287/1659 526/1285/1659
f 113/52/1660 56/51/1660 875/1406/1660
f 875/1406/1661 56/51/1661 534/1407/1661
f 10/195/1662 662/197/1662 368/1408/1662
f 83/1409/1663 841/1410/1663 149/1411/1663
f 784/1412/1664 876/1413/1664 83/1409/1664
f 191/1414/1665 877/1415/1665 784/1412/1665
f 83/1409/1666 876/1413/1666 841/1410/1666
f 876/1413/1667 840/1416/1667 841/1410/1667
f 784/1412/1668 877/1415/1668 876/1413/1668
f 877/1415/1669 878/1417/1669 876/1413/1669
f 876/1413/1670 878/1417/1670 840/1416/1670
f 878/1417/1671 688/1418/1671 840/1416/1671
f 191/1414/1672 184/1419/1672 877/1415/1672
f 184/1419/1673 183/1420/1673 877/1415/1673
f 877/1415/1674 183/1420/1674 878/1417/1674
f 183/1420/1675 182/1421/1675 878/1417/1675
f 878/1417/1676 182/1421/1676 688/1418/1676
f 182/1421/1677 330/1422/1677 688/1418/1677
f 847/1423/1678 144/1424/1678 50/1425/1678
f 122/1426/1679 879/1427/1679 847/1423/1679
f 847/1423/1680 879/1427/1680 144/1424/1680
f 122/1426/1681 880/1428/1681 879/1427/1681
f 879/1427/1682 558/1429/1682 144/1424/1682
f 122/1426/1683 180/1430/1683 880/1428/1683
f 180/1430/1684 179/1431/1684 880/1428/1684
f 880/1428/1685 179/1431/1685 879/1427/1685
f 179/1431/1686 178/1432/1686 879/1427/1686
f 879/1427/1687 178/1432/1687 558/1429/1687
f 178/1432/1688 842/1433/1688 558/1429/1688
f 5/1273/1689 115/1434/1689 116/1276/1689
f 118/1435/1690 705/1436/1690 14/1437/1690
f 117/1438/1691 881/1439/1691 118/1435/1691
f 118/1435/1692 881/1439/1692 705/1436/1692
f 881/1439/1693 306/1440/1693 705/1436/1693
f 117/1438/1694 5/1273/1694 881/1439/1694
f 5/1273/1695 49/1275/1695 881/1439/1695
f 881/1439/1696 49/1275/1696 306/1440/1696
f 817/1441/1697 882/1442/1697 158/1443/1697
f 209/1444/1698 883/1445/1698 208/1446/1698
f 210/49/1699 884/1447/1699 209/1444/1699
f 208/1446/1700 883/1445/1700 817/1288/1700
f 883/1445/1701 849/1289/1701 817/1288/1701
f 209/1444/1702 884/1447/1702 883/1445/1702
f 210/49/1703 177/48/1703 884/1447/1703
f 177/48/1704 176/1448/1704 884/1447/1704
f 884/1447/1705 176/1448/1705 883/1445/1705
f 176/1448/1706 175/1449/1706 883/1445/1706
f 883/1445/1707 175/1449/1707 849/1289/1707
f 175/1449/1708 131/1291/1708 849/1289/1708
f 885/103/1709 403/1450/1709 850/104/1709
f 395/105/1710 520/1451/1710 885/103/1710
f 109/1452/1711 620/1453/1711 11/1454/1711
f 107/46/1712 886/1455/1712 108/1456/1712
f 109/1452/1713 108/1456/1713 620/1453/1713
f 108/1456/1714 886/1455/1714 620/1453/1714
f 886/1455/1715 547/1457/1715 620/1453/1715
f 107/46/1716 45/45/1716 886/1455/1716
f 886/1455/1717 45/45/1717 547/1457/1717
f 105/1458/1718 601/1459/1718 465/1460/1718
f 106/1028/1719 608/1461/1719 560/1029/1719
f 106/1028/1720 42/1031/1720 608/1461/1720
f 42/1031/1721 129/1462/1721 608/1461/1721
f 234/1463/1722 887/1464/1722 105/1465/1722
f 233/43/1723 172/42/1723 234/1463/1723
f 234/1463/1724 172/42/1724 887/1464/1724
f 887/1464/1725 789/1466/1725 105/1465/1725
f 38/1467/1726 888/1468/1726 8/1137/1726
f 888/1468/1727 837/1138/1727 8/1137/1727
f 39/40/1728 171/39/1728 38/1467/1728
f 171/39/1729 888/1468/1729 38/1467/1729
f 872/63/1730 540/1381/1730 13/1378/1730
f 170/62/1731 540/1381/1731 872/63/1731
f 196/1355/1732 169/1469/1732 12/1356/1732
f 12/1356/1733 169/1469/1733 537/1470/1733
f 908/1471/1734 36/1472/1734 195/1473/1734
f 123/1474/1735 34/1475/1735 528/1476/1735
f 778/37/1736 889/1477/1736 123/1474/1736
f 123/1474/1737 889/1477/1737 34/1475/1737
f 889/1477/1738 33/1478/1738 34/1475/1738
f 889/1477/1739 890/1479/1739 33/1478/1739
f 890/1479/1740 32/1480/1740 33/1478/1740
f 778/37/1741 239/36/1741 889/1477/1741
f 239/36/1742 890/1479/1742 889/1477/1742
f 890/1479/1743 238/1481/1743 32/1480/1743
f 238/1481/1744 104/1482/1744 32/1480/1744
f 202/34/1745 891/33/1745 855/1323/1745
f 891/33/1746 556/1483/1746 855/1323/1746
f 104/1484/1747 834/1485/1747 586/1486/1747
f 104/1484/1748 30/1487/1748 834/1485/1748
f 30/1487/1749 31/1488/1749 834/1485/1749
f 201/31/1750 29/1489/1750 483/1490/1750
f 201/31/1751 152/30/1751 29/1489/1751
f 200/29/1752 168/28/1752 859/1491/1752
f 859/1491/1753 168/28/1753 892/1492/1753
f 168/28/1754 147/1493/1754 892/1492/1754
f 28/26/1755 893/25/1755 127/1494/1755
f 893/25/1756 145/1495/1756 127/1494/1756
f 858/23/1757 894/22/1757 548/1333/1757
f 894/22/1758 27/1496/1758 548/1333/1758
f 37/20/1759 895/19/1759 537/1497/1759
f 196/1498/1760 645/1499/1760 518/1500/1760
f 198/1501/1761 167/1502/1761 863/1503/1761
f 167/1502/1762 2/1504/1762 863/1503/1762
f 814/1235/1763 627/1505/1763 426/1236/1763
f 103/17/1764 896/16/1764 814/1235/1764
f 814/1235/1765 896/16/1765 627/1505/1765
f 198/1344/1766 431/1506/1766 153/1345/1766
f 198/1052/1767 426/1340/1767 428/1054/1767
f 198/1052/1768 780/1341/1768 426/1340/1768
f 196/1507/1769 544/1508/1769 377/1509/1769
f 799/14/1770 897/13/1770 132/1510/1770
f 897/13/1771 541/1282/1771 132/1510/1771
f 71/1511/1772 868/1512/1772 72/1513/1772
f 521/1347/1773 198/1346/1773 125/1514/1773
f 198/1346/1774 898/1515/1774 125/1514/1774
f 898/1515/1775 400/1516/1775 125/1514/1775
f 92/887/1776 95/1517/1776 10/257/1776
f 91/886/1777 899/1518/1777 92/887/1777
f 90/11/1778 900/1519/1778 91/886/1778
f 92/887/1779 899/1518/1779 95/1517/1779
f 899/1518/1780 96/1520/1780 95/1517/1780
f 91/886/1781 900/1519/1781 899/1518/1781
f 900/1519/1782 901/1521/1782 899/1518/1782
f 899/1518/1783 901/1521/1783 96/1520/1783
f 901/1521/1784 97/1522/1784 96/1520/1784
f 90/11/1785 166/10/1785 900/1519/1785
f 166/10/1786 165/1523/1786 900/1519/1786
f 900/1519/1787 165/1523/1787 901/1521/1787
f 165/1523/1788 164/1524/1788 901/1521/1788
f 901/1521/1789 164/1524/1789 97/1522/1789
f 164/1524/1790 9/1525/1790 97/1522/1790
f 860/9/1791 902/8/1791 443/1338/1791
f 902/8/1792 832/1526/1792 443/1338/1792
f 783/1527/1793 673/1528/1793 546/1529/1793
f 87/6/1794 903/1530/1794 783/1527/1794
f 783/1527/1795 903/1530/1795 673/1528/1795
f 903/1530/1796 349/1531/1796 673/1528/1796
f 87/6/1797 163/5/1797 903/1530/1797
f 163/5/1798 162/1251/1798 903/1530/1798
f 903/1530/1799 162/1251/1799 349/1531/1799
f 162/1251/1800 124/1253/1800 349/1531/1800
f 105/1532/1801 159/1533/1801 596/1037/1801
f 851/1298/1802 110/1534/1802 148/1302/1802
f 851/1298/1803 143/1535/1803 110/1534/1803
f 885/1297/1804 904/1303/1804 851/1298/1804
f 851/1298/1805 519/1536/1805 143/1535/1805
f 904/1303/1806 22/1305/1806 851/1298/1806
f 851/1298/1807 22/1305/1807 519/1536/1807
f 22/1305/1808 826/1306/1808 519/1536/1808
f 34/1537/1809 126/1538/1809 528/1539/1809
f 33/1540/1810 905/1541/1810 34/1537/1810
f 32/3/1811 906/1542/1811 33/1540/1811
f 34/1537/1812 905/1541/1812 126/1538/1812
f 33/1540/1813 906/1542/1813 905/1541/1813
f 32/3/1814 161/2/1814 906/1542/1814
f 99/1543/1815 908/1068/1815 907/1070/1815
