# Blender 4.5.3 LTS
# www.blender.org
o PileSubCyl.001
v 12.371852 24.759367 3.303071
v 11.654032 24.731575 -3.389081
v 11.708781 24.834366 3.211749
v 11.810029 24.795305 1.662032
v 12.995681 24.793941 -1.411808
v 11.727894 24.749407 0.625567
v 11.590216 24.771704 2.383392
v 12.328060 24.823896 -0.292105
v 11.709097 24.742008 -0.545024
v 12.360549 24.779791 0.591795
v 12.358506 24.837515 1.273202
v 12.887688 24.716408 1.877267
v 12.335266 24.829836 2.233464
v 11.693946 24.731852 -1.992240
v 12.967667 24.745190 -2.723576
v 11.759753 24.741045 -2.865888
v 13.188716 24.602005 3.071689
v 13.256772 24.654638 -1.553644
v 13.278357 24.700258 -2.724359
v 12.588317 24.710232 0.030949
v 12.638573 24.810783 -1.390406
v 12.706534 24.782217 -0.726536
v 12.649102 24.787952 0.428985
v 12.625791 24.836946 1.193569
v 12.543741 24.806137 -1.002733
v 12.587364 24.794273 -1.859212
v 12.093897 24.849997 -2.889604
v 11.997454 24.821087 0.095454
v 11.278127 24.612226 0.869377
v 11.376449 24.637070 1.227911
v 12.891677 24.741940 -3.050858
v 13.077212 24.733587 -3.322294
v 12.527713 24.828472 -3.054322
v 11.406041 24.687429 -2.796995
v 12.278406 24.787031 -2.460850
v 11.683307 24.778204 -2.607428
v 11.682147 24.779921 -2.397115
v 12.271459 24.754328 -2.281115
v 12.940706 24.798822 -1.951754
v 11.703200 24.739595 -1.768495
v 11.396351 24.699450 -0.886353
v 11.373714 24.715582 -0.517956
v 13.198599 24.629133 -0.258552
v 12.622402 24.740038 -0.205480
v 11.357854 24.703815 -0.269218
v 11.651973 24.734814 -0.025634
v 12.338252 24.792562 0.243012
v 12.958118 24.833549 0.601366
v 12.912417 24.805044 0.943117
v 12.619410 24.895605 0.983717
v 12.346237 24.741272 1.724567
v 11.632504 24.751654 1.394190
v 12.613377 24.766024 1.722242
v 11.686460 24.712212 2.020873
v 11.354690 24.743357 2.286279
v 11.786907 24.845690 2.601289
v 13.168894 24.706841 2.466618
v 12.067018 24.833759 2.624618
v 11.683909 24.815178 2.832353
v 12.670232 24.692192 3.078928
v 12.012602 24.842974 3.040178
v 13.367673 24.545195 2.985943
v 13.355494 24.578655 -1.649212
v 13.439977 24.613665 0.630100
v 13.484100 24.588234 1.117255
v 13.410860 24.662193 -2.747923
v 13.346809 24.555311 2.716246
v 13.236325 24.627966 -1.736559
v 13.401455 24.652559 0.227078
v 13.274534 24.676678 1.962361
v 13.344897 24.629511 2.323625
v 13.131868 24.696093 -1.634127
v 13.131506 24.719601 -1.908976
v 13.015039 24.719072 3.054962
v 13.086634 24.700478 -2.734685
v 13.107232 24.725943 -2.147150
v 13.051291 24.659346 -0.897236
v 13.066816 24.700693 0.953649
v 13.038692 24.698553 1.155272
v 12.772722 24.778992 -0.217866
v 12.906864 24.777328 1.115762
v 12.776608 24.816433 -2.393109
v 12.786746 24.820755 -2.763650
v 12.955576 24.803398 -2.472035
v 12.784985 24.803169 -0.915201
v 12.778502 24.811132 0.414366
v 12.697660 24.780115 1.621316
v 12.314631 24.799139 -1.703698
v 12.530796 24.795980 2.460358
v 12.349485 24.925789 -2.841575
v 12.366843 24.754709 -2.198998
v 12.429664 24.769934 -1.870770
v 12.439245 24.766729 -0.623229
v 12.481239 24.792597 0.615256
v 12.477012 24.890532 1.017193
v 12.520509 24.741581 1.993404
v 12.514789 24.788599 2.854908
v 12.120690 24.776829 -1.511384
v 12.247232 24.792934 -0.794957
v 12.205824 24.852879 2.464922
v 12.176347 24.861521 -0.305999
v 12.123053 24.837025 1.314743
v 12.161609 24.785101 -1.941760
v 12.236323 24.786680 2.941113
v 12.336272 24.923771 -2.912934
v 12.142536 24.838961 -0.629347
v 12.145058 24.860470 0.737091
v 12.327746 24.856472 1.027992
v 12.111800 24.861506 1.902020
v 12.227432 24.825207 2.713176
v 12.203590 24.764780 3.206591
v 11.835256 24.801943 2.279274
v 11.855676 24.741673 -0.130031
v 11.848074 24.747923 -2.197393
v 11.887605 24.755896 -2.918190
v 11.907023 24.784679 -1.661136
v 12.009958 24.864580 1.014995
v 11.972054 24.838400 2.163290
v 11.851396 24.856598 3.159354
v 11.495914 24.681255 1.794750
v 11.545338 24.715796 -1.589289
v 11.520004 24.708048 -0.412313
v 11.388734 24.689655 1.973801
v 11.372497 24.658184 -2.043337
v 11.516271 24.724323 -3.018152
v 11.538421 24.778339 -2.517777
v 11.517309 24.724833 -2.244043
v 11.444600 24.668999 -1.799584
v 11.539335 24.692678 -0.717085
v 11.347794 24.657139 0.158898
v 11.575921 24.685114 0.913756
v 11.568612 24.782349 2.817228
v 11.515555 24.816330 2.985312
v 11.245672 24.606672 0.239390
v 11.201541 24.598200 1.705015
v 11.216374 24.659418 -1.486394
v 11.244686 24.693836 -0.798421
v 11.213568 24.703480 -0.368993
v 11.254173 24.648336 -1.260197
v 11.346942 24.726793 2.567114
v 11.367585 24.753271 3.353796
v 11.247703 24.625395 -2.893477
v 11.278338 24.643038 -2.463399
v 11.235066 24.679111 -0.621476
v 11.193144 24.576111 0.622542
v 11.164747 24.627983 2.178470
v 11.174741 24.654428 2.453148
v 11.231418 24.664169 2.952605
v 11.683469 24.769907 -1.533791
v 12.777911 24.819063 -1.188778
v 12.315809 24.823240 -1.062315
v 11.932815 24.764725 -1.310165
v 11.528828 24.708960 -1.463365
v 13.364595 24.422522 2.972690
v 11.644513 24.612103 -0.079404
v 11.758482 24.651457 1.656614
v 11.195148 24.474625 1.707178
v 11.688803 24.646851 -1.530167
v 13.148847 24.564430 -1.675934
v 11.247020 24.542418 -1.447789
v 12.299987 24.671244 -0.825807
v 11.245444 24.571028 -0.798723
v 12.145023 24.669443 -0.823648
v 11.559340 24.564308 1.035562
v 12.343111 24.706707 2.230992
v 12.371092 24.718342 2.468963
v 11.697026 24.700747 2.587111
v 12.532352 24.671721 2.508597
v 13.126558 24.601067 2.222183
v 12.206582 24.730070 2.464620
v 12.329907 24.698828 -0.245371
v 11.746983 24.626373 -0.443826
v 11.218465 24.583244 -0.373964
v 12.161596 24.739592 -0.386902
v 11.754736 24.634295 0.536974
v 12.345481 24.655317 0.449238
v 11.246898 24.470148 0.430623
v 13.081986 24.520878 0.188892
v 11.623989 24.625988 1.402571
v 11.174994 24.460579 1.137201
v 12.292756 24.716824 1.235500
v 12.888447 24.593601 1.876965
v 11.679124 24.599123 2.118320
v 11.691643 24.590464 2.003234
v 12.359702 24.657722 2.074101
v 11.272529 24.527412 -1.259893
v 11.659506 24.664368 -2.490164
v 12.315000 24.795343 -2.795106
v 12.174781 24.665012 -2.344488
v 12.275394 24.660820 -2.448681
v 12.273159 24.629393 -2.250411
v 12.931451 24.679979 -1.934560
v 11.703959 24.616787 -1.768797
v 11.685143 24.607010 -1.986088
v 13.132265 24.596790 -1.909278
v 12.213384 24.663370 -1.884381
v 12.977183 24.604496 -2.806237
v 11.684614 24.692572 2.833529
v 11.203781 24.533138 2.712483
v 12.237082 24.663872 2.940811
v 13.015799 24.596264 3.054660
v 13.198939 24.472649 3.101469
v 13.154132 24.553223 1.552627
v 13.339856 24.464376 -1.665600
v 13.340517 24.517241 2.224287
v 13.180163 24.506052 -0.568084
v 13.407960 24.513563 0.448153
v 13.279116 24.577450 -2.724661
v 13.353680 24.433701 2.720440
v 13.236984 24.479393 2.812652
v 13.199358 24.506323 -0.258854
v 12.775416 24.668388 -0.011790
v 12.550522 24.639378 -0.542240
v 12.782821 24.653101 -0.278536
v 12.656432 24.664721 0.414792
v 12.780780 24.666367 1.189730
v 12.626550 24.714138 1.193267
v 12.783566 24.693195 -2.343887
v 12.587985 24.669592 -1.825260
v 12.787505 24.697947 -2.763952
v 12.667082 24.577536 3.023630
v 12.561604 24.731674 -2.682014
v 12.294596 24.690504 -1.011663
v 12.616292 24.595716 -0.051996
v 12.653260 24.692528 -1.211391
v 12.613233 24.606956 0.174007
v 12.014797 24.713312 -3.228790
v 12.100278 24.728104 -2.863866
v 11.839069 24.679771 2.286162
v 11.860864 24.640356 -0.382711
v 11.974267 24.710278 0.410867
v 11.983259 24.724504 1.523782
v 12.056096 24.652813 -1.201140
v 12.184173 24.701614 2.721960
v 11.982369 24.718540 2.147911
v 11.948260 24.668364 -1.748854
v 11.996632 24.695866 0.015694
v 12.017362 24.718378 3.042238
v 11.373386 24.637091 3.365423
v 11.256076 24.503130 -3.015420
v 11.386306 24.561180 -3.430666
v 11.336031 24.533176 0.121249
v 11.526646 24.568781 1.805289
v 11.546097 24.592987 -1.589592
v 11.512181 24.583794 -0.498002
v 11.340934 24.596556 -0.449605
v 11.377207 24.514259 1.227609
v 11.386555 24.571512 1.986753
v 11.524156 24.643143 -2.429059
v 11.541918 24.649734 -2.599972
v 11.362930 24.557976 -2.504849
v 11.556509 24.649609 2.804573
v 11.380003 24.577124 -0.879913
v 11.355672 24.620647 2.285853
v 11.336878 24.508516 0.691150
v 11.377265 24.611589 2.546454
v 11.385524 24.585691 -0.623960
v 11.522773 24.603472 -3.026860
v 12.766986 24.627163 -3.031790
v 13.081721 24.579494 -2.730209
v 11.872166 24.624447 -2.878654
v 12.455707 24.749830 -3.012865
v 11.218002 24.503763 -2.265544
v 12.527252 24.731613 -2.567740
v 11.518067 24.602024 -2.244345
v 13.107991 24.603132 -2.147452
v 11.822005 24.619049 -2.081818
v 12.372001 24.632612 -2.207773
v 11.445359 24.546190 -1.799886
v 12.430423 24.647127 -1.871071
v 13.233988 24.505352 -1.730027
v 11.066026 24.476881 -2.067106
v 12.136868 24.660463 -1.026806
v 12.807128 24.684036 -0.949572
v 12.143295 24.716150 -0.629649
v 12.745019 24.659981 -0.672059
v 11.830016 24.680183 -0.631700
v 11.235825 24.556301 -0.621778
v 11.841442 24.613581 -0.036485
v 12.781322 24.689625 0.419094
v 13.402214 24.529751 0.226776
v 11.547013 24.558908 0.713349
v 12.142964 24.734379 0.654896
v 12.479270 24.604340 0.443359
v 12.327611 24.733486 1.029830
v 12.622736 24.773981 0.968673
v 12.946767 24.663929 0.961272
v 12.010757 24.742519 0.977521
v 12.469334 24.763874 1.030676
v 12.206955 24.655365 1.577703
v 12.717752 24.655266 1.618215
v 13.032436 24.578075 1.170673
v 12.617551 24.651266 1.676011
v 12.776395 24.616796 2.176466
v 11.066326 24.455473 2.130409
v 11.592410 24.653296 2.430699
v 11.831084 24.727049 2.602556
v 12.548606 24.652416 2.856363
v 12.420957 24.679466 3.094083
v 11.519840 24.693014 2.980032
v 12.200438 24.637272 3.239274
v 11.217520 24.539515 3.074609
v 11.860929 24.727676 3.000730
v 12.774817 24.696861 -1.190317
v 12.305653 24.695831 -1.293263
v 11.954830 24.646267 -1.396479
v 11.528982 24.584373 -1.462535
v 11.228145 24.487463 0.168515
v 12.372611 24.636557 3.302768
v 12.940408 24.629292 -3.174292
v 13.522161 24.591993 -3.063614
v 11.089717 24.588270 3.114282
v 11.111979 24.594761 -3.077281
v 12.327258 24.890333 -3.018874
v 12.348776 24.864935 -3.107940
v 12.844566 24.772650 2.962527
v 12.909085 24.781744 -0.072434
v 13.542281 24.663187 0.107716
v 11.043763 24.492727 1.663172
v 11.061605 24.526234 1.645534
v 13.451916 24.541645 -1.711958
v 12.905501 24.784864 -0.840473
v 11.127418 24.635714 -0.776652
v 11.706884 24.757530 -0.860933
v 12.925548 24.860743 0.750878
v 12.322480 24.836653 0.806468
v 12.875107 24.684010 2.304191
v 12.922849 24.701061 2.357074
v 13.506129 24.649193 -0.444470
v 11.130000 24.644670 -0.382369
v 12.934971 24.789230 0.394978
v 13.546695 24.630129 0.412775
v 11.112593 24.493990 0.408722
v 11.063472 24.529787 0.836730
v 11.022637 24.526066 1.992728
v 11.039516 24.556414 2.027971
v 12.964866 24.842844 -1.096432
v 11.107663 24.592138 -1.180721
v 11.670326 24.707977 -1.224608
v 12.954733 24.816397 -2.338142
v 13.509475 24.477190 -2.451360
v 13.467639 24.565138 -2.094409
v 11.046667 24.572235 -2.128835
v 13.499100 24.621267 -2.898593
v 11.089845 24.609236 -2.754847
v 12.390665 24.831684 2.930870
v 12.904214 24.743664 2.516220
v 13.547103 24.491278 2.950180
v 13.213040 24.595165 -0.006128
v 13.116149 24.599087 -0.876826
v 13.220565 24.647602 0.694005
v 13.231579 24.624228 0.438914
v 13.367895 24.630239 0.541789
v 13.151774 24.708384 1.829035
v 13.231007 24.564194 -1.148558
v 13.212396 24.592684 -1.199745
v 13.281111 24.571285 -2.200358
v 13.222762 24.632010 -2.324154
v 12.651531 24.677912 3.230916
v 12.605782 24.735126 -3.220883
v 12.631745 24.908594 0.776902
v 12.668538 24.790016 2.503543
v 12.685328 24.788111 2.020905
v 12.539964 24.855642 -2.546606
v 12.577562 24.847609 -2.891807
v 11.981899 24.848576 1.542300
v 11.975551 24.826452 -0.837598
v 12.007581 24.864840 -0.613699
v 12.003720 24.838644 -0.247461
v 12.040938 24.799871 -2.318028
v 12.005548 24.795126 -2.170666
v 11.345390 24.748363 2.745408
v 11.091551 24.569515 -3.115318
v 13.497087 24.568281 -2.602309
v 11.062983 24.588257 -2.740872
v 13.273732 24.646294 -2.423258
v 12.149071 24.833338 -2.450265
v 12.937336 24.810757 -2.209809
v 13.494123 24.535305 -2.125048
v 13.482057 24.510391 -2.337491
v 11.100318 24.601995 -2.341480
v 11.081173 24.575686 -2.347181
v 12.589941 24.846426 -2.249547
v 13.463936 24.535116 -1.934463
v 11.049677 24.601065 -1.856754
v 11.028609 24.577856 -1.851558
v 12.948707 24.838074 -0.965808
v 13.505046 24.495310 -1.118562
v 13.495371 24.535631 -1.021744
v 11.112000 24.601715 -0.858529
v 13.205176 24.554680 -1.089322
v 13.215417 24.552420 -0.986894
v 12.042476 24.770626 -1.027938
v 12.888762 24.762506 -0.703294
v 13.529233 24.598354 -0.709822
v 13.510579 24.636154 -0.670930
v 11.121028 24.614473 -0.574285
v 13.180903 24.628845 -0.571403
v 11.932384 24.843216 -0.626508
v 12.873816 24.764322 -0.451224
v 13.534562 24.665751 -0.149763
v 11.107788 24.620361 -0.211373
v 12.909567 24.786135 0.133428
v 11.099480 24.521395 0.102368
v 13.234845 24.583115 0.185956
v 13.167168 24.598808 0.169728
v 13.522636 24.554712 0.701048
v 13.500825 24.583364 0.713760
v 11.101898 24.500690 0.564059
v 13.228747 24.649324 0.552782
v 13.510240 24.534336 0.983610
v 11.074875 24.555450 0.860408
v 13.218503 24.576687 0.955228
v 13.219892 24.569502 1.117748
v 13.495849 24.586767 1.200938
v 13.477721 24.630531 1.355352
v 11.045756 24.527113 1.178198
v 13.182548 24.637672 1.294114
v 12.015904 24.853535 1.385560
v 12.877773 24.777014 1.724698
v 13.520790 24.573093 1.599518
v 13.499482 24.569221 1.942610
v 12.375827 24.737257 1.896929
v 13.138151 24.681267 1.568667
v 11.953197 24.866365 1.848069
v 12.872371 24.672396 2.087638
v 12.909004 24.660074 2.084902
v 13.525749 24.520586 2.487682
v 13.506091 24.570295 2.335174
v 13.165092 24.723654 2.256410
v 13.085400 24.727953 2.283782
v 12.687672 24.794003 2.244763
v 13.510040 24.529913 2.646637
v 12.377930 24.849794 2.681262
v 12.866140 24.778002 2.806942
v 13.529978 24.517704 3.060282
v 11.099996 24.599207 2.968869
v 11.354607 24.777830 2.879979
v 13.380576 24.688749 -0.104180
v 13.342848 24.685270 1.504626
v 13.373720 24.672903 -0.700414
v 13.357195 24.698206 -0.395882
v 13.375259 24.537140 -1.211439
v 13.450666 24.523609 -2.422657
v 13.395281 24.516865 -2.294730
v 13.276987 24.609554 -1.936502
v 13.435701 24.610298 -2.517073
v 13.352236 24.553808 -1.064793
v 13.395589 24.540133 0.970617
v 13.488770 24.546711 1.012194
v 13.350789 24.661606 1.311146
v 13.324584 24.673313 1.707397
v 13.038398 24.617754 -0.127521
v 13.048698 24.687771 1.440392
v 13.013197 24.691494 1.517814
v 13.062088 24.769869 0.753760
v 13.019831 24.618828 -0.609031
v 13.025117 24.632185 1.816705
v 12.985307 24.633833 1.832492
v 13.130796 24.733566 -1.250415
v 13.132053 24.680620 -2.324756
v 13.020169 24.761597 2.630462
v 13.150500 24.673523 -2.480011
v 13.016023 24.612925 -0.326548
v 13.052908 24.670439 0.230993
v 13.013895 24.658985 2.027259
v 13.031048 24.736864 2.382939
v 13.007473 24.758036 2.816701
v 12.813778 24.748039 -2.989292
v 12.787977 24.840956 -1.545272
v 12.770453 24.897682 0.771674
v 12.838305 24.683681 2.477702
v 12.801324 24.699255 2.412667
v 12.770809 24.783529 1.898071
v 12.755707 24.753325 2.171895
v 12.727942 24.833979 -2.009863
v 12.787146 24.843098 -1.888724
v 12.792542 24.664169 2.726103
v 12.716513 24.684532 3.103327
v 12.766389 24.706749 3.066213
v 12.440629 24.709997 -0.025826
v 12.488983 24.885176 0.824617
v 12.464612 24.718987 0.402420
v 12.437759 24.910294 -2.842102
v 12.468286 24.779512 -3.192888
v 12.449230 24.750315 -0.268872
v 12.452819 24.698341 0.180468
v 12.421918 24.803745 3.083426
v 12.483879 24.801947 3.005743
v 12.256230 24.878643 -3.031445
v 12.160041 24.789705 1.604850
v 12.215770 24.890120 -2.626343
v 12.170911 24.789909 -2.349241
v 12.150930 24.850264 0.360225
v 12.160741 24.869331 2.187643
v 11.820571 24.818329 -0.845597
v 11.873653 24.743523 -2.705990
v 11.854535 24.744749 -1.198835
v 11.828794 24.760767 -1.035775
v 11.542558 24.655043 -1.193827
v 12.958656 24.813595 -1.292861
v 13.471384 24.534163 -1.320272
v 11.065220 24.604401 -1.501328
v 13.231329 24.672424 -1.341776
v 13.363485 24.560886 -1.367761
v 13.131641 24.728895 -1.166404
v 12.717243 24.558075 3.035541
v 12.765347 24.582714 3.054828
v 12.843159 24.648924 2.991646
v 12.257039 24.755802 -3.043493
v 12.325622 24.771339 -3.003543
v 12.349400 24.742620 -3.103282
v 12.922156 24.650969 -0.055699
v 12.898629 24.662941 0.010107
v 12.436866 24.593302 -0.059704
v 13.042091 24.494564 -0.100390
v 12.371079 24.612345 1.878273
v 12.392970 24.622375 1.683975
v 13.497933 24.478203 1.701961
v 13.521157 24.498259 1.624829
v 11.073445 24.415930 1.631957
v 11.045164 24.431406 1.702784
v 13.052126 24.565037 1.439101
v 13.010571 24.573832 1.496014
v 12.980744 24.685555 -1.318859
v 13.438900 24.434940 -1.492487
v 13.470113 24.454412 -1.486498
v 11.045744 24.522755 -1.601456
v 11.078401 24.500099 -1.504812
v 12.891137 24.639112 -0.707341
v 12.906497 24.661320 -0.842311
v 13.496555 24.534063 -0.599368
v 13.518347 24.559008 -0.524711
v 13.517268 24.448875 -0.996358
v 11.141943 24.517485 -0.563802
v 11.688314 24.627087 -0.842590
v 13.049738 24.541868 -0.902616
v 12.924224 24.739700 0.755001
v 13.520635 24.457653 0.958498
v 13.499919 24.431845 0.989748
v 13.483969 24.425606 0.920807
v 11.065474 24.455849 0.972996
v 11.117859 24.443033 0.809793
v 12.353457 24.664734 0.627046
v 12.309101 24.711819 0.796446
v 13.061938 24.647823 0.754115
v 12.493453 24.764105 0.831384
v 12.911647 24.616386 2.467806
v 12.875866 24.561201 2.303889
v 12.936492 24.578964 2.356825
v 13.523998 24.447964 2.546409
v 11.069186 24.466915 2.410685
v 11.030253 24.466820 2.097253
v 12.875947 24.639685 -0.468588
v 13.519509 24.556273 0.009304
v 13.545385 24.591709 -0.127122
v 11.105960 24.544048 -0.211462
v 11.128657 24.522789 -0.225359
v 11.130948 24.534914 -0.402522
v 12.437134 24.645515 -0.599169
v 12.935838 24.666372 0.394508
v 13.507768 24.480732 0.650287
v 13.525831 24.497423 0.601299
v 13.552940 24.546021 0.444745
v 11.087014 24.442675 0.677452
v 11.129681 24.397615 0.441699
v 11.109417 24.415869 0.412775
v 12.152190 24.727859 0.369688
v 12.450202 24.603920 0.416961
v 12.882545 24.653097 1.722817
v 12.909490 24.657890 1.109111
v 13.475358 24.509825 1.320935
v 13.499405 24.535698 1.328976
v 13.500381 24.512053 1.127234
v 13.470404 24.478371 1.141103
v 11.040907 24.427174 1.314931
v 11.073656 24.424627 1.231423
v 12.871436 24.552744 2.082244
v 13.489979 24.464840 2.259984
v 13.503983 24.492043 1.984111
v 12.493229 24.611666 1.959454
v 13.010729 24.503595 1.815874
v 12.950387 24.714554 -0.966690
v 12.960964 24.721682 -1.090816
v 13.488239 24.423386 -1.027103
v 13.467377 24.411831 -1.257215
v 11.143661 24.524458 -0.822428
v 11.124146 24.487406 -1.210677
v 11.114326 24.529604 -0.989849
v 11.677517 24.589420 -1.237476
v 13.132997 24.605772 -1.168052
v 13.131505 24.610832 -1.250810
v 12.945240 24.685482 -2.215347
v 12.956097 24.693863 -2.343812
v 13.497684 24.415253 -2.252909
v 13.497041 24.392132 -2.419058
v 11.065453 24.501867 -2.236558
v 11.105966 24.489435 -2.427527
v 11.081053 24.515490 -2.426576
v 13.129320 24.559986 -2.310326
v 13.454608 24.462090 -1.792103
v 13.462118 24.452938 -2.073138
v 13.437625 24.443745 -1.851351
v 13.489388 24.488356 -2.100916
v 11.030768 24.500156 -1.925076
v 12.956875 24.680208 -2.492072
v 13.499934 24.457897 -2.580681
v 13.505396 24.520479 -2.827966
v 13.475139 24.513060 -2.795063
v 11.109356 24.480062 -3.114415
v 11.062153 24.512817 -2.721854
v 12.334624 24.800840 -2.908589
v 12.213095 24.765352 -2.624041
v 12.444976 24.786592 -2.834130
v 12.385109 24.719610 2.795990
v 12.868046 24.656393 2.814928
v 13.517786 24.397707 2.813531
v 13.561069 24.421217 3.438441
v 13.542610 24.423702 2.835671
v 11.101077 24.507891 2.954619
v 11.107091 24.489100 3.155953
v 11.122013 24.502834 2.734796
v 11.083234 24.519505 2.749158
v 13.016307 24.641184 2.655798
v 13.375889 24.571585 -0.174656
v 13.190195 24.476562 -0.035951
v 13.345886 24.562801 1.501629
v 13.358493 24.506203 -0.856033
v 13.178180 24.463589 -0.817442
v 13.092865 24.486294 -0.852261
v 13.227615 24.511572 0.738416
v 13.151291 24.597403 2.419812
v 13.362297 24.573771 -0.545628
v 13.275416 24.499754 0.456424
v 13.218078 24.533577 0.576337
v 13.229384 24.443991 1.111675
v 13.131510 24.571949 1.754471
v 13.361991 24.417057 -1.205562
v 13.217472 24.471882 -1.206343
v 13.397415 24.393332 -2.301233
v 13.455850 24.403929 -2.440862
v 13.220533 24.509701 -2.321397
v 13.286805 24.447357 -2.199983
v 13.283603 24.485220 -1.947800
v 13.286364 24.519037 -2.425348
v 13.201159 24.429916 -1.074834
v 13.231178 24.426050 -1.006879
v 13.252578 24.434914 -1.169694
v 13.147928 24.594921 1.918759
v 13.179461 24.511072 1.278119
v 13.220197 24.453060 0.957848
v 13.246867 24.540295 -1.353374
v 13.243332 24.461475 0.191940
v 12.473865 24.687611 3.429122
v 12.647003 24.557659 3.239593
v 12.470162 24.656324 -3.192274
v 12.608702 24.612228 -3.219106
v 12.776156 24.773434 0.764743
v 12.636685 24.784595 0.772857
v 12.804656 24.576519 2.401246
v 12.679329 24.665241 2.480647
v 12.776581 24.649515 1.966798
v 12.769774 24.662056 1.760908
v 12.690763 24.665674 2.016534
v 12.772756 24.715481 -1.967436
v 12.586482 24.725786 -2.867042
v 12.775899 24.544476 2.753007
v 12.806286 24.546484 2.729625
v 12.588908 24.722691 -2.241082
v 12.685798 24.672462 2.249902
v 11.816627 24.639662 -1.034717
v 11.817945 24.692657 -0.836068
v 11.985784 24.700584 -0.834171
v 12.011950 24.733425 -0.440353
v 11.954830 24.743944 1.852505
v 11.838171 24.619411 -1.251226
v 12.018197 24.672379 -2.250351
v 11.693492 24.607269 -3.004988
v 12.137918 24.710167 -2.447550
v 12.107406 24.737612 1.895079
v 11.994100 24.740805 -0.605017
v 11.539731 24.567743 -0.779576
v 11.357862 24.624002 2.716992
v 11.356010 24.654413 2.882145
v 13.519350 24.509954 -3.095936
v 13.151261 24.550713 -2.480313
v 13.434025 24.485460 -2.506673
v 11.877055 24.630449 -2.507489
v 12.797240 24.720444 -1.639680
v 11.543384 24.531879 -1.189118
v 13.357550 24.433065 -1.042080
v 13.015621 24.503275 -0.645407
v 13.015580 24.490835 -0.326998
v 12.447454 24.626455 -0.254067
v 12.456326 24.575155 0.167448
v 12.959981 24.709198 0.601689
v 13.332074 24.509809 0.610821
v 13.391323 24.416994 0.999339
v 13.345426 24.538033 1.308143
v 13.055604 24.546577 1.590049
v 13.321383 24.545057 1.765604
v 12.166630 24.746483 2.158920
v 13.015818 24.535515 2.027615
v 12.920366 24.536819 2.070088
v 12.536537 24.656332 2.299503
v 12.825650 24.565493 2.519439
v 12.821107 24.554983 2.592124
v 13.009489 24.623075 2.449960
v 13.007944 24.637171 2.800852
v 12.497413 24.674259 2.986966
v 13.354762 24.444956 -1.391732
v 12.794925 24.615978 -3.110766
v 11.090367 24.500944 -3.104349
v 11.120335 24.419678 0.147577
v 11.097925 24.452848 0.085301
v 11.085597 24.509390 3.153167
v 12.240099 24.869667 -3.240170
v 12.337895 24.849785 -3.330382
v 13.082914 24.708792 -3.392760
v 13.191294 24.689926 -3.447179
v 12.436810 24.772484 -3.398962
v 12.597686 24.714815 -3.427445
v 12.048621 24.837923 -3.265016
v 11.235977 24.617001 -3.392068
v 11.352033 24.666103 -3.457979
v 13.375577 24.655796 -3.388083
v 12.776680 24.724909 -3.374806
v 11.483695 24.672451 -3.493774
v 11.521305 24.707298 -3.448565
v 12.922133 24.730112 -3.406106
v 12.941288 24.756985 -3.328598
v 13.498323 24.597960 -3.407916
v 13.471424 24.598991 -3.440376
v 11.733056 24.731091 -3.438785
v 11.085736 24.580261 -3.388098
v 11.096339 24.573048 -3.423128
v 12.236434 24.765093 -3.246186
v 12.334709 24.751167 -3.328169
v 13.080974 24.631630 -3.392912
v 13.093712 24.608671 -3.337232
v 13.203981 24.588881 -3.449199
v 12.457875 24.664753 -3.408819
v 12.596539 24.615250 -3.418810
v 11.674439 24.637388 -3.461866
v 11.664457 24.614075 -3.425224
v 12.064890 24.751322 -3.275195
v 11.246241 24.517485 -3.394944
v 11.390954 24.590582 -3.487811
v 13.470325 24.500154 -3.370958
v 12.908376 24.626934 -3.342287
v 12.814117 24.650599 -3.398766
v 13.502584 24.512592 -3.391486
v 13.485825 24.517485 -3.429622
v 11.098193 24.481073 -3.391753
v 11.085001 24.500599 -3.411240
v 11.423293 24.760820 3.413786
v 11.549653 24.820221 3.398990
v 13.369004 24.543362 3.388198
v 13.566033 24.495869 3.450061
v 13.548402 24.517529 3.441898
v 13.536706 24.492672 3.481382
v 12.756071 24.686527 3.346385
v 12.762172 24.653358 3.390268
v 12.868567 24.688515 3.284015
v 12.862975 24.767782 3.241704
v 13.031018 24.684511 3.335868
v 13.028313 24.714497 3.291982
v 13.202662 24.587450 3.363366
v 12.481844 24.809687 3.398792
v 12.470201 24.794476 3.452439
v 12.662010 24.672758 3.455021
v 11.760129 24.818443 3.487242
v 11.867414 24.855070 3.437345
v 12.032975 24.833750 3.456179
v 12.201073 24.749315 3.544628
v 12.386849 24.746805 3.567144
v 11.105240 24.582659 3.397472
v 11.543724 24.709198 3.424592
v 11.724503 24.734335 3.488744
v 11.722589 24.716576 3.440257
v 13.234365 24.463022 3.333127
v 13.370289 24.461298 3.406892
v 13.528965 24.410877 3.442263
v 13.550014 24.431421 3.475892
v 12.754172 24.573112 3.381536
v 12.864418 24.654272 3.243404
v 12.845030 24.663864 3.288001
v 13.026290 24.600349 3.293800
v 13.196141 24.521955 3.378362
v 12.490053 24.722969 3.469808
v 12.491813 24.691181 3.436402
v 12.666224 24.624010 3.509976
v 12.664718 24.570034 3.483676
v 12.660158 24.559555 3.439434
v 11.871639 24.742008 3.425479
v 11.866653 24.761091 3.476024
v 12.024653 24.733322 3.462884
v 11.128091 24.488434 3.388313
v 11.144240 24.515589 3.431680
v 11.382577 24.671999 3.414431
v 12.210704 24.646069 3.541860
v 12.384023 24.660803 3.573972
v 12.383763 24.637457 3.519898
v 11.103291 24.508518 3.392109
v 11.130517 24.557993 3.437747
vn 0.2782 -0.9601 -0.0279
vn -0.0513 -0.9919 -0.1163
vn 0.0088 -0.9983 -0.0582
vn 0.0648 -0.9968 0.0463
vn 0.1150 -0.9922 -0.0487
vn 0.4504 -0.8896 0.0761
vn 0.4337 -0.8901 -0.1405
vn -0.0710 -0.9914 -0.1098
vn -0.0422 -0.9915 -0.1232
vn 0.2730 -0.9619 -0.0147
vn 0.2607 -0.9654 -0.0113
vn -0.3672 -0.9268 -0.0788
vn -0.0288 -0.9629 -0.2683
vn 0.1678 -0.9851 0.0388
vn 0.1054 -0.9944 -0.0091
vn 0.1185 -0.9916 0.0510
vn -0.1324 -0.9901 0.0469
vn 0.3928 -0.9165 0.0758
vn 0.4282 -0.8882 -0.1665
vn 0.5287 -0.8481 -0.0338
vn 0.3138 -0.9487 0.0389
vn 0.1810 -0.9835 0.0063
vn 0.2175 -0.9602 0.1752
vn 0.2693 -0.9630 -0.0071
vn 0.4280 -0.9036 -0.0151
vn 0.3824 -0.9195 -0.0913
vn -0.0674 -0.9973 -0.0284
vn 0.0033 -0.9984 -0.0570
vn -0.0988 0.9830 0.1547
vn -0.2372 0.9705 0.0424
vn 0.1575 0.9864 0.0468
vn -0.0006 0.9941 0.1086
vn 0.0306 0.9995 -0.0127
vn -0.3687 0.9294 -0.0140
vn -0.2701 0.9627 0.0182
vn -0.2081 0.9780 0.0141
vn 0.3358 0.9396 0.0662
vn 0.5135 0.8567 -0.0489
vn 0.1194 0.9824 -0.1438
vn -0.1760 0.9843 -0.0109
vn -0.2182 0.9586 -0.1828
vn -0.3791 0.9251 -0.0200
vn -0.1778 0.9841 -0.0028
vn -0.1506 0.9858 -0.0743
vn -0.1410 -0.9875 -0.0703
vn 0.0546 0.9984 0.0170
vn -0.6879 0.5880 -0.4255
vn 0.6335 0.3067 -0.7104
vn -0.2250 -0.9570 -0.1830
vn -0.6794 -0.7215 -0.1336
vn -0.4205 -0.8491 -0.3197
vn -0.0412 -0.9985 0.0370
vn 0.2861 -0.9560 -0.0654
vn 0.8131 -0.5794 -0.0561
vn 0.0420 -0.9937 0.1042
vn -0.0766 -0.9843 0.1590
vn -0.7660 -0.6419 0.0349
vn -0.0859 -0.9362 0.3408
vn -0.4611 -0.8631 -0.2060
vn -0.5675 -0.8223 -0.0429
vn -0.1153 -0.9752 -0.1889
vn -0.4378 -0.8851 -0.1582
vn -0.6400 -0.7482 -0.1750
vn 0.1115 -0.9708 0.2123
vn -0.5224 -0.8449 0.1147
vn -0.5323 0.8463 0.0226
vn 0.8771 0.4678 -0.1091
vn -0.7604 0.6494 0.0050
vn 0.6820 0.7312 -0.0163
vn 0.7067 0.7000 -0.1023
vn 0.6985 0.7083 0.1021
vn -0.9721 0.2316 0.0372
vn 0.5066 0.8175 0.2740
vn -0.0427 0.9654 -0.2573
vn 0.7195 0.6897 -0.0814
vn 0.2932 0.9510 -0.0982
vn 0.3122 0.9481 -0.0609
vn -0.7693 0.5530 -0.3200
vn -0.4387 0.8930 0.1001
vn -0.2554 0.9663 -0.0318
vn 0.2214 0.9730 0.0648
vn -0.1402 0.9885 -0.0570
vn 0.3085 0.9505 0.0372
vn 0.6806 0.7059 0.1962
vn -0.1215 0.9899 -0.0729
vn 0.5166 0.8476 -0.1209
vn 0.0279 0.9992 -0.0287
vn -0.0852 0.9963 -0.0150
vn -0.3081 0.9512 -0.0144
vn -0.7819 -0.6223 0.0375
vn 0.0026 -0.9433 0.3321
vn 0.4215 0.8683 0.2617
vn -0.1554 0.8398 0.5202
vn -0.1855 0.8512 0.4910
vn 0.2632 -0.7199 -0.6423
vn -0.3595 -0.7806 -0.5112
vn -0.0282 -0.7759 -0.6303
vn 0.2632 -0.4398 -0.8587
vn 0.3881 -0.8874 -0.2487
vn 0.5753 0.6074 -0.5477
vn 0.1355 0.9312 -0.3383
vn -0.7171 0.3213 -0.6184
vn -0.1540 0.8182 -0.5539
vn -0.4203 -0.9064 0.0421
vn 0.5392 -0.8409 -0.0462
vn -0.1651 -0.9765 -0.1382
vn 0.0851 -0.9274 -0.3644
vn 0.3239 -0.9448 -0.0487
vn -0.2581 -0.9231 -0.2851
vn -0.2133 -0.9684 0.1296
vn -0.1677 -0.9816 0.0918
vn -0.3351 -0.9349 -0.1170
vn -0.9976 0.0563 0.0399
vn 0.4292 -0.9004 0.0711
vn 0.9329 0.3442 0.1056
vn -0.5073 -0.8614 -0.0247
vn -0.4303 -0.9026 0.0097
vn -0.0300 -0.9949 0.0964
vn -0.1849 -0.9813 0.0528
vn -0.4442 -0.8937 -0.0635
vn 0.4821 -0.8753 -0.0367
vn 0.2729 -0.9618 0.0220
vn 0.2812 -0.9589 0.0366
vn -0.0089 -0.9903 0.1388
vn 0.4014 -0.9150 -0.0402
vn 0.1803 -0.9824 -0.0495
vn 0.0019 -0.9984 -0.0563
vn -0.6046 -0.7945 -0.0564
vn -0.5472 -0.8286 -0.1181
vn 0.0238 -0.9980 -0.0578
vn -0.4899 -0.8571 -0.1595
vn -0.5154 -0.8566 -0.0252
vn -0.2996 -0.9469 0.1169
vn 0.1382 -0.9900 0.0290
vn -0.2370 -0.9692 0.0672
vn 0.0432 0.9965 0.0717
vn 0.3232 0.9357 -0.1411
vn -0.2321 0.9721 -0.0350
vn -0.3288 0.9444 0.0068
vn -0.5306 0.8390 -0.1206
vn 0.2863 0.9399 -0.1863
vn 0.2233 0.9688 -0.1077
vn 0.2947 0.9436 0.1510
vn -0.3579 0.9327 -0.0450
vn -0.0856 0.9963 0.0044
vn -0.1043 0.9942 -0.0261
vn -0.1432 0.9835 -0.1109
vn -0.0038 0.9958 -0.0917
vn -0.1068 0.9942 -0.0141
vn 0.2752 0.9610 -0.0262
vn 0.5645 0.8236 0.0553
vn 0.3838 0.9234 -0.0071
vn 0.1096 0.9931 0.0411
vn 0.3556 0.9342 0.0288
vn 0.5927 0.7929 0.1415
vn -0.2695 0.9629 -0.0091
vn 0.1455 0.9843 -0.0996
vn 0.2603 -0.9655 -0.0003
vn -0.2874 0.9568 0.0436
vn 0.1437 -0.9799 0.1386
vn 0.3692 -0.9201 -0.1311
vn 0.0426 -0.9989 0.0174
vn 0.3636 -0.9276 0.0857
vn 0.1514 -0.9735 -0.1713
vn -0.2304 -0.9689 -0.0900
vn 0.2477 -0.9681 -0.0384
vn 0.0402 -0.9850 -0.1680
vn -0.0218 -0.9995 -0.0213
vn -0.0165 -0.9987 -0.0483
vn 0.4131 -0.9107 0.0047
vn 0.1134 -0.9935 -0.0049
vn 0.4710 -0.8799 0.0632
vn 0.3624 -0.9308 -0.0477
vn -0.0577 -0.9958 0.0716
vn -0.4105 -0.8946 0.1763
vn -0.0266 -0.9993 -0.0256
vn 0.0242 -0.9947 -0.1004
vn 0.2432 -0.9661 -0.0867
vn 0.0281 -0.9995 -0.0107
vn 0.1915 -0.9684 0.1598
vn 0.2428 -0.9693 -0.0375
vn -0.0256 -0.9997 0.0023
vn 0.3829 -0.9238 -0.0042
vn 0.4177 -0.9084 -0.0172
vn 0.2143 -0.9714 -0.1020
vn 0.1875 -0.9692 0.1598
vn -0.5317 -0.8457 0.0465
vn -0.0114 -0.9968 -0.0796
vn 0.1513 -0.9883 0.0169
vn -0.0004 -0.9993 0.0376
vn -0.0007 -0.9887 -0.1501
vn -0.0349 -0.9772 -0.2093
vn -0.2372 -0.9643 0.1181
vn -0.0113 -0.9971 -0.0757
vn -0.0527 -0.9905 0.1267
vn 0.3297 -0.9432 0.0401
vn 0.0368 -0.9982 0.0481
vn 0.2744 -0.9616 -0.0047
vn 0.0470 -0.9836 0.1739
vn 0.0621 -0.9945 0.0839
vn 0.2436 -0.9698 -0.0067
vn 0.2191 -0.9737 0.0630
vn 0.2392 -0.9709 -0.0144
vn 0.3656 -0.9307 -0.0026
vn 0.2988 -0.9527 -0.0550
vn 0.1597 -0.9711 -0.1775
vn 0.2322 -0.9365 0.2626
vn 0.1143 -0.9801 -0.1620
vn 0.1757 -0.9784 0.1094
vn 0.0944 -0.9905 0.0995
vn 0.2160 -0.9763 -0.0132
vn 0.1571 -0.9840 0.0843
vn 0.3580 -0.9336 0.0128
vn 0.4353 -0.9002 -0.0121
vn 0.1504 -0.9854 0.0794
vn 0.1502 -0.9880 0.0369
vn -0.0041 0.9933 0.1152
vn -0.2357 0.9444 -0.2292
vn 0.0004 0.9994 -0.0360
vn -0.3756 0.9225 -0.0889
vn -0.1950 0.9805 0.0227
vn -0.0080 0.9935 0.1135
vn 0.2966 0.9526 0.0683
vn -0.1845 0.9765 0.1117
vn -0.0563 0.9957 0.0737
vn -0.0665 0.9964 -0.0524
vn -0.2289 0.9732 0.0231
vn -0.5213 0.8365 0.1690
vn -0.1652 0.9851 0.0479
vn -0.4276 0.9040 0.0037
vn -0.0960 0.9315 0.3508
vn 0.0247 0.9996 0.0114
vn 0.4624 0.8609 -0.2123
vn -0.1119 0.9931 -0.0350
vn -0.4013 0.9138 -0.0635
vn -0.1851 0.9626 -0.1977
vn -0.2591 0.9658 0.0060
vn -0.4271 0.9039 0.0252
vn -0.2097 0.9768 0.0436
vn -0.1791 0.9795 0.0927
vn 0.3812 0.9242 0.0245
vn 0.3698 0.9235 0.1018
vn 0.0401 0.9657 0.2566
vn -0.1357 0.9906 -0.0192
vn 0.0050 0.9998 0.0191
vn 0.1631 0.9670 0.1956
vn 0.1659 0.9840 -0.0643
vn -0.3713 0.9242 -0.0895
vn -0.4162 0.9072 0.0607
vn -0.3553 0.9285 -0.1079
vn 0.0687 0.9970 -0.0354
vn -0.2413 0.9704 0.0107
vn -0.1619 0.9842 -0.0720
vn -0.0084 0.9942 -0.1074
vn -0.0092 0.9948 -0.1011
vn -0.0574 0.9950 -0.0811
vn -0.2928 0.9541 0.0629
vn -0.2610 0.9651 -0.0208
vn -0.0558 0.9750 0.2152
vn -0.0196 0.9936 -0.1115
vn -0.2474 0.9272 -0.2811
vn -0.1050 0.9895 -0.0997
vn -0.1347 0.9887 -0.0653
vn -0.4274 0.9040 -0.0077
vn -0.4843 0.8741 0.0385
vn -0.3203 0.9319 0.1702
vn -0.5887 -0.8030 0.0924
vn 0.2457 0.9573 -0.1526
vn -0.3248 0.8838 -0.3367
vn 0.1322 0.7215 -0.6796
vn 0.4527 0.6701 -0.5882
vn 0.1039 -0.9496 0.2959
vn -0.6836 -0.7281 -0.0507
vn 0.7373 -0.6751 -0.0259
vn 0.9210 -0.3893 -0.0118
vn -0.8096 -0.5819 -0.0775
vn -0.8592 -0.5087 -0.0551
vn 0.8607 -0.5076 0.0396
vn 0.8976 -0.4386 0.0431
vn -0.8032 -0.5818 -0.1278
vn 0.2339 -0.9721 -0.0158
vn -0.1722 -0.9832 0.0597
vn -0.3237 -0.8718 -0.3676
vn -0.7976 -0.6029 0.0206
vn -0.5261 -0.7607 -0.3802
vn -0.2781 -0.9486 0.1514
vn 0.6057 -0.7952 -0.0293
vn 0.7911 -0.6007 0.1155
vn -0.9888 -0.1405 -0.0493
vn 0.9107 -0.4131 -0.0000
vn -0.8933 -0.4494 0.0083
vn -0.0023 -0.9998 -0.0218
vn 0.0192 -0.9884 -0.1503
vn -0.2577 -0.9542 0.1518
vn -0.1589 -0.9871 -0.0212
vn -0.1164 -0.9705 0.2110
vn -0.0497 -0.9296 0.3652
vn -0.8695 -0.4925 0.0375
vn -0.0487 -0.9974 0.0535
vn 0.3498 -0.9328 0.0871
vn -0.3043 -0.9396 0.1570
vn -0.6439 -0.7649 -0.0187
vn -0.1261 -0.9863 -0.1066
vn 0.8908 -0.4529 -0.0367
vn -0.5929 -0.8023 0.0693
vn -0.3794 -0.9252 -0.0028
vn -0.0735 -0.9785 -0.1926
vn -0.0200 -0.9971 0.0735
vn 0.6522 -0.7556 0.0608
vn -0.2077 -0.9715 -0.1146
vn 0.4907 -0.8591 0.1453
vn -0.1726 -0.9848 0.0184
vn -0.0471 -0.9878 0.1486
vn -0.1658 -0.9185 -0.3590
vn 0.2003 -0.9791 -0.0349
vn -0.8283 -0.5594 0.0305
vn 0.4514 0.8922 -0.0147
vn -0.5461 -0.8367 -0.0410
vn -0.0494 0.9566 -0.2872
vn 0.1373 0.9883 0.0665
vn -0.8161 0.5751 0.0558
vn 0.0207 0.9994 0.0271
vn 0.1355 0.9902 -0.0343
vn 0.7011 0.7107 0.0577
vn 0.3344 0.9368 0.1026
vn -0.8467 0.5249 0.0874
vn 0.0297 0.9688 0.2459
vn 0.7205 0.6850 0.1082
vn -0.8069 0.5892 -0.0408
vn 0.7746 0.6261 0.0897
vn 0.0858 0.9943 0.0630
vn -0.7337 0.6790 0.0253
vn 0.4002 0.9163 0.0170
vn 0.3007 0.8002 0.5189
vn 0.5384 0.7378 0.4072
vn 0.5334 0.8346 0.1374
vn 0.0951 0.9812 -0.1679
vn -0.0776 0.9967 -0.0217
vn 0.7476 0.6632 0.0346
vn -0.9855 0.1625 0.0485
vn 0.7208 0.6911 -0.0524
vn 0.5178 0.8555 -0.0091
vn -0.6618 0.7485 -0.0421
vn 0.3319 0.9387 -0.0932
vn -0.0280 0.9989 0.0375
vn -0.0352 0.9968 0.0723
vn -0.0568 0.9676 -0.2461
vn -0.7987 0.6017 0.0048
vn 0.1953 0.9797 0.0461
vn -0.8779 0.4149 -0.2392
vn 0.4901 0.8671 0.0892
vn -0.7465 0.6511 0.1373
vn -0.1061 0.9889 -0.1036
vn -0.3534 0.9316 -0.0857
vn 0.0565 0.9969 -0.0541
vn 0.2708 0.9501 -0.1549
vn -0.2271 0.9702 0.0841
vn -0.6680 0.7340 0.1226
vn 0.1952 0.9684 0.1552
vn 0.2222 0.9670 -0.1243
vn 0.5594 0.8279 -0.0408
vn 0.1419 0.9669 0.2122
vn 0.3846 0.9231 -0.0007
vn 0.3430 0.9333 0.1062
vn -0.0522 0.9877 -0.1476
vn 0.0121 0.9958 0.0907
vn -0.4623 0.8812 0.0985
vn -0.5715 0.8206 -0.0109
vn 0.1277 0.9867 0.1003
vn -0.4020 0.9031 -0.1512
vn 0.0874 0.9899 -0.1120
vn 0.1480 0.9242 0.3520
vn -0.4300 0.8730 -0.2300
vn -0.5437 0.8263 0.1470
vn 0.5476 0.8357 0.0412
vn 0.3731 -0.9263 -0.0531
vn 0.8057 -0.5910 -0.0405
vn -0.2909 -0.8657 0.4072
vn 0.0993 -0.9475 0.3040
vn 0.1777 -0.8453 0.5038
vn 0.1021 -0.9798 0.1720
vn 0.1681 -0.9462 0.2765
vn -0.1629 0.8826 0.4409
vn 0.2106 0.9210 0.3277
vn -0.1811 0.7622 0.6215
vn -0.1761 0.8811 0.4390
vn -0.1435 0.6489 0.7472
vn -0.9135 0.0325 0.4056
vn -0.3441 0.9385 0.0279
vn 0.1448 -0.9201 -0.3640
vn 0.0347 -0.8504 -0.5250
vn -0.5016 -0.7976 -0.3350
vn -0.5690 -0.4181 -0.7081
vn -0.4308 -0.6913 -0.5801
vn -0.0962 -0.8246 -0.5575
vn 0.2450 -0.9454 -0.2148
vn 0.4732 -0.8139 -0.3370
vn -0.6848 -0.3459 -0.6414
vn -0.0086 0.9391 -0.3436
vn -0.8197 0.3711 -0.4362
vn 0.5493 0.7030 -0.4517
vn 0.6003 0.7622 -0.2424
vn 0.4077 0.3907 -0.8253
vn 0.4148 0.6743 -0.6109
vn -0.6856 0.6621 -0.3027
vn 0.8512 0.0156 -0.5247
vn -0.9446 0.1109 -0.3090
vn 0.2381 -0.9709 0.0252
vn -0.0162 -0.9941 -0.1076
vn -0.5943 -0.8022 -0.0574
vn -0.4616 -0.8821 -0.0936
vn -0.2711 -0.9567 0.1059
vn -0.9954 -0.0825 0.0484
vn -0.9983 0.0212 -0.0546
vn 0.9883 -0.1202 -0.0942
vn 0.3426 -0.9395 -0.0062
vn -0.9903 0.1356 -0.0294
vn -0.5271 -0.8068 -0.2668
vn -0.5542 -0.8318 0.0306
vn 0.9869 0.1472 0.0654
vn 0.9903 0.0155 0.1379
vn 0.5448 -0.8143 0.2002
vn -0.2120 -0.9533 0.2149
vn 0.2415 -0.9300 0.2773
vn -0.3407 -0.9385 -0.0562
vn -0.7186 -0.6950 -0.0242
vn 0.5794 -0.8141 -0.0405
vn -0.6559 -0.7514 0.0726
vn 0.5680 -0.8172 -0.0974
vn -0.0165 -0.9999 -0.0013
vn -0.3988 -0.9033 -0.1579
vn -0.9980 -0.0631 0.0026
vn -0.2870 -0.9445 0.1601
vn 0.9965 0.0601 0.0578
vn 0.4228 -0.9012 0.0955
vn -0.7392 -0.5649 -0.3666
vn -0.9954 -0.0102 0.0957
vn 0.9981 0.0599 -0.0152
vn -0.9954 0.0285 0.0913
vn 0.1486 -0.9708 -0.1881
vn 0.9922 -0.0999 0.0743
vn 0.2100 -0.9775 -0.0224
vn -0.9949 0.0581 -0.0823
vn -0.9156 0.3982 0.0557
vn -0.5781 -0.8072 -0.1193
vn -0.9970 0.0555 -0.0541
vn 0.1490 -0.9873 0.0546
vn -0.3545 -0.9337 -0.0497
vn -0.1379 -0.9900 -0.0283
vn -0.2257 -0.9575 -0.1798
vn 0.9961 0.0251 -0.0851
vn 0.5892 -0.8080 -0.0011
vn -0.1208 -0.9926 -0.0109
vn 0.3420 -0.9187 0.1974
vn -0.6555 -0.7458 -0.1188
vn 0.1782 -0.9384 0.2962
vn 0.3896 -0.9207 -0.0237
vn 0.0664 -0.9269 0.3693
vn -0.5402 -0.8171 0.2014
vn -0.2936 -0.9549 0.0433
vn 0.5100 -0.8579 0.0627
vn -0.1459 -0.9853 0.0891
vn -0.8420 -0.4147 -0.3451
vn -0.6431 -0.7587 0.1037
vn -0.4731 -0.6850 -0.5540
vn -0.4614 -0.8762 -0.1391
vn -0.3255 -0.8817 0.3416
vn -0.0620 -0.9439 0.3242
vn -0.0808 -0.9945 -0.0673
vn -0.0369 -0.9991 -0.0202
vn -0.0376 -0.9991 -0.0182
vn 0.0390 -0.9972 0.0643
vn 0.1408 -0.9837 0.1115
vn -0.1723 -0.9776 -0.1212
vn -0.3364 -0.9177 0.2112
vn -0.1779 -0.9802 0.0870
vn 0.1078 -0.9917 -0.0698
vn 0.4454 -0.8891 -0.1055
vn -0.1572 -0.9192 -0.3611
vn -0.0891 -0.9946 -0.0535
vn 0.6948 -0.7133 0.0923
vn -0.1461 -0.9240 -0.3533
vn 0.1377 -0.9819 -0.1303
vn 0.0413 -0.9952 0.0882
vn -0.5149 -0.8076 -0.2874
vn 0.0011 -0.9983 -0.0588
vn -0.1363 -0.9593 0.2475
vn 0.1349 -0.9834 -0.1213
vn -0.3483 -0.9243 -0.1561
vn 0.6587 -0.7503 -0.0569
vn -0.2608 -0.9617 0.0846
vn 0.1408 -0.9884 -0.0567
vn 0.0395 -0.9981 -0.0473
vn -0.4998 -0.8658 -0.0258
vn -0.3032 -0.9528 -0.0155
vn 0.2015 -0.9794 -0.0089
vn -0.0920 -0.9950 0.0379
vn -0.6765 0.7337 -0.0643
vn 0.3349 0.9349 0.1172
vn 0.6527 0.7544 -0.0699
vn 0.5257 0.8333 0.1708
vn -0.1242 0.9887 0.0837
vn 0.4216 0.9011 -0.1013
vn 0.0562 0.9961 -0.0679
vn 0.4358 0.8987 0.0488
vn -0.0206 0.9923 0.1218
vn -0.1566 0.9268 0.3414
vn 0.1102 0.9248 -0.3641
vn -0.3924 0.9133 -0.1094
vn 0.7010 0.6938 0.1653
vn 0.3149 0.9352 -0.1618
vn 0.5545 0.8314 -0.0361
vn 0.2109 0.9670 -0.1432
vn -0.1560 0.9352 -0.3179
vn 0.6375 0.7675 0.0667
vn 0.1522 0.9820 0.1115
vn 0.7159 0.6976 0.0274
vn -0.3421 0.9243 0.1693
vn 0.5257 0.8501 0.0312
vn -0.1079 0.9933 -0.0423
vn 0.4151 0.9049 -0.0941
vn 0.4814 0.8624 0.1566
vn 0.3495 0.9129 0.2107
vn -0.3934 0.9160 -0.0783
vn 0.1483 0.9653 -0.2151
vn -0.2546 0.9665 -0.0335
vn 0.7405 0.5625 0.3677
vn -0.2833 0.9559 -0.0770
vn -0.1915 0.9753 -0.1103
vn 0.8316 0.4211 0.3622
vn -0.0039 0.9979 0.0647
vn -0.1487 0.9795 -0.1357
vn 0.7170 0.5439 0.4360
vn -0.1518 0.9883 0.0176
vn 0.3994 0.8968 -0.1903
vn 0.2452 0.9524 -0.1812
vn -0.1498 0.9887 -0.0084
vn 0.3469 0.8666 0.3586
vn 0.1158 0.9792 0.1663
vn 0.1395 0.9896 0.0354
vn -0.3975 0.9085 0.1292
vn -0.4431 0.8951 -0.0493
vn -0.1052 0.9941 -0.0262
vn 0.3440 0.9267 -0.1512
vn 0.5152 0.8373 -0.1829
vn 0.3121 0.9490 0.0445
vn 0.6806 0.6027 0.4165
vn 0.1306 0.9871 -0.0931
vn 0.4808 0.6251 0.6149
vn 0.0512 0.9912 -0.1223
vn 0.0831 0.9947 0.0598
vn 0.6236 0.7723 0.1213
vn -0.3693 0.9244 0.0949
vn 0.1552 0.9878 0.0105
vn 0.2244 0.9740 -0.0315
vn 0.2645 0.9272 -0.2653
vn -0.3655 0.9234 0.1171
vn 0.3601 0.9197 0.1567
vn -0.0694 0.9944 0.0796
vn -0.2933 0.9560 0.0051
vn 0.2347 0.9184 0.3185
vn -0.4160 0.9077 0.0547
vn 0.2367 0.9442 0.2289
vn 0.0805 0.9961 -0.0351
vn 0.1120 0.9900 -0.0857
vn -0.1415 0.9851 0.0978
vn -0.5955 0.8018 0.0502
vn -0.5493 0.8084 0.2113
vn -0.2281 0.9736 0.0123
vn 0.4874 0.8720 0.0452
vn -0.0898 0.9960 0.0032
vn -0.3917 0.9193 0.0380
vn -0.2908 0.9561 0.0356
vn -0.1873 0.9819 0.0288
vn 0.3494 -0.9368 -0.0200
vn -0.7891 0.1436 -0.5973
vn 0.3049 0.0612 -0.9504
vn -0.1456 0.0938 -0.9849
vn -0.0382 0.9987 -0.0343
vn -0.5189 0.8548 -0.0087
vn -0.3176 -0.9480 0.0188
vn 0.5541 -0.7856 0.2752
vn -0.7898 -0.4942 -0.3634
vn 0.0860 -0.9709 0.2234
vn 0.4871 -0.8674 -0.1021
vn 0.1679 0.9794 -0.1122
vn 0.0373 -0.9453 0.3241
vn 0.1961 -0.9804 -0.0181
vn -0.0461 0.9552 -0.2924
vn -0.1059 0.9208 -0.3753
vn 0.3829 0.9186 0.0973
vn -0.2411 0.9529 -0.1839
vn 0.0893 0.9931 0.0765
vn 0.2252 0.9587 -0.1739
vn 0.3100 0.9164 -0.2533
vn -0.3266 0.9249 0.1948
vn 0.5657 0.8245 0.0148
vn 0.4695 0.8796 -0.0769
vn -0.0645 0.9978 -0.0139
vn -0.4210 0.9070 -0.0113
vn -0.1780 0.9799 0.0903
vn 0.3501 -0.9289 0.1210
vn 0.0456 -0.9822 -0.1823
vn -0.1440 -0.9869 0.0733
vn -0.5909 -0.8039 -0.0680
vn -0.0220 -0.9963 -0.0833
vn 0.1971 -0.9518 0.2350
vn 0.3994 -0.9158 0.0429
vn 0.2064 -0.9779 0.0343
vn 0.3246 -0.9458 0.0040
vn 0.1410 -0.9896 0.0284
vn 0.3597 -0.9291 0.0863
vn -0.0837 -0.9955 0.0449
vn -0.2613 -0.9387 -0.2247
vn 0.1363 -0.9907 -0.0002
vn 0.0466 -0.9836 0.1741
vn -0.2486 -0.9685 -0.0111
vn -0.4954 -0.8529 -0.1646
vn -0.2462 -0.9688 0.0288
vn -0.4854 -0.8558 0.1790
vn -0.3077 -0.9514 -0.0119
vn -0.1653 -0.9828 -0.0828
vn -0.4026 -0.9096 0.1025
vn 0.0021 -0.9994 0.0350
vn 0.0067 -0.9911 -0.1328
vn -0.2155 -0.9592 -0.1828
vn 0.0509 -0.9631 0.2641
vn 0.1827 -0.9819 -0.0505
vn -0.2373 -0.9675 0.0873
vn 0.0726 -0.9807 -0.1816
vn 0.1808 -0.9814 -0.0649
vn -0.0439 -0.9989 0.0164
vn 0.3089 -0.9396 0.1473
vn 0.2815 -0.9589 0.0348
vn 0.3192 -0.9459 -0.0574
vn 0.2427 -0.9594 -0.1435
vn 0.0655 -0.9978 0.0048
vn 0.0041 -1.0000 0.0082
vn 0.2608 -0.9651 0.0226
vn 0.2944 -0.9483 -0.1182
vn 0.0636 -0.9925 0.1043
vn 0.2661 -0.9638 0.0190
vn 0.1705 -0.9853 -0.0067
vn 0.4243 -0.8836 0.1981
vn 0.4108 -0.9108 -0.0424
vn 0.0335 -0.9984 -0.0451
vn 0.0645 -0.9968 0.0476
vn 0.3647 -0.9311 0.0002
vn -0.1692 0.9852 -0.0284
vn 0.0566 -0.9984 0.0019
vn 0.0323 -0.9977 -0.0591
vn -0.2007 0.9772 -0.0686
vn -0.2805 0.9584 0.0524
vn -0.1182 0.9733 0.1970
vn -0.0081 0.9985 -0.0536
vn -0.3545 0.9288 -0.1084
vn -0.2145 0.9600 0.1801
vn 0.0069 0.9958 -0.0913
vn 0.5977 0.7988 0.0683
vn 0.0094 0.9996 0.0269
vn -0.3936 0.9184 -0.0399
vn -0.1824 0.9549 -0.2343
vn 0.0147 0.9964 0.0832
vn -0.2325 0.9726 -0.0074
vn -0.0193 0.9863 -0.1640
vn -0.4853 0.8713 -0.0727
vn -0.3176 0.9295 0.1875
vn -0.2065 0.9651 0.1608
vn -0.4619 0.8868 -0.0138
vn 0.0612 0.9970 -0.0465
vn 0.0961 0.7225 -0.6846
vn 0.0102 0.9947 0.1028
vn -0.0400 0.9931 0.1099
vn -0.0882 0.9958 0.0259
vn -0.1571 0.9853 0.0674
vn -0.1980 0.9669 -0.1609
vn -0.3546 0.9303 -0.0939
vn 0.2922 0.9254 0.2416
vn -0.0268 0.9837 -0.1780
vn 0.2910 0.9491 0.1203
vn 0.3042 0.9523 -0.0239
vn 0.4667 0.8699 0.1595
vn 0.2007 0.9786 0.0459
vn 0.0353 0.9909 0.1297
vn 0.3784 0.8873 -0.2635
vn 0.2368 0.9710 -0.0331
vn 0.0188 0.9991 -0.0393
vn -0.1183 0.9892 0.0863
vn 0.0640 0.9793 0.1919
vn -0.1881 0.9821 0.0112
vn -0.1836 0.9823 -0.0360
vn 0.2014 0.9671 0.1556
vn -0.0647 0.9803 0.1866
vn 0.2403 0.9680 -0.0730
vn 0.0761 0.9970 -0.0126
vn -0.3210 0.9469 0.0152
vn -0.2881 0.9571 -0.0325
vn -0.4524 0.8899 -0.0581
vn -0.3429 0.9388 -0.0313
vn -0.0307 0.9988 -0.0376
vn -0.0586 0.9965 -0.0603
vn -0.2990 0.9442 -0.1379
vn -0.2992 0.9521 0.0629
vn -0.2427 0.9701 0.0085
vn -0.2672 0.9634 -0.0218
vn -0.2163 0.9688 0.1212
vn -0.1447 0.9892 0.0231
vn -0.3585 0.9334 0.0150
vn -0.3431 0.9393 -0.0026
vn -0.1795 0.9766 -0.1187
vn -0.3561 0.9304 0.0869
vn -0.4084 0.8931 -0.1889
vn -0.4485 0.8912 0.0681
vn -0.2871 0.9579 -0.0012
vn -0.1912 0.9790 0.0711
vn 0.0303 0.9993 0.0224
vn -0.1791 0.9835 -0.0260
vn -0.5901 -0.8009 -0.1022
vn -0.0295 0.9976 0.0631
vn -0.2254 0.9489 0.2208
vn -0.5273 -0.6398 -0.5591
vn -0.8205 -0.5325 -0.2078
vn -0.7560 -0.6477 0.0948
vn -0.9464 -0.3227 0.0168
vn -0.9134 -0.4001 0.0754
vn 0.7459 -0.6632 0.0620
vn -0.5013 -0.8556 0.1288
vn -0.9687 -0.2394 -0.0650
vn -0.5045 -0.8228 -0.2618
vn -0.3281 -0.9373 -0.1177
vn 0.6386 -0.7656 0.0782
vn -0.2174 -0.9754 -0.0365
vn -0.6792 -0.6517 -0.3376
vn -0.7783 -0.5939 0.2039
vn -0.6757 -0.7268 0.1236
vn -0.0118 -0.9832 0.1822
vn -0.4066 -0.9134 0.0205
vn 0.8306 -0.5291 0.1735
vn -0.7777 -0.6209 0.0983
vn 0.8211 -0.5634 0.0919
vn 0.8755 -0.4823 -0.0306
vn 0.0556 -0.9912 0.1198
vn 0.2888 -0.9562 0.0476
vn -0.4676 -0.8716 0.1470
vn -0.5137 0.8330 -0.2055
vn -0.7269 0.6820 0.0814
vn 0.7160 0.6976 -0.0266
vn -0.7166 0.6923 -0.0846
vn -0.6750 0.7323 0.0899
vn 0.3391 0.9382 -0.0696
vn 0.5706 0.8203 0.0398
vn -0.6739 0.7385 0.0240
vn -0.7519 0.6552 0.0732
vn -0.2874 0.9578 -0.0033
vn 0.6802 0.7315 0.0480
vn 0.3513 0.9278 0.1254
vn 0.5095 0.7994 0.3183
vn -0.2916 0.9551 -0.0527
vn 0.0650 0.9239 0.3771
vn -0.8531 0.4504 -0.2632
vn 0.4126 0.9097 -0.0466
vn 0.6389 0.7684 0.0373
vn -0.8983 0.4393 -0.0023
vn 0.2202 0.9613 -0.1658
vn 0.4122 0.9058 -0.0985
vn 0.1320 0.9910 0.0216
vn 0.7213 0.6877 -0.0825
vn -0.2152 0.9699 -0.1141
vn 0.3346 0.9414 -0.0418
vn 0.1946 0.9809 -0.0062
vn -0.7616 0.6399 0.1027
vn 0.3399 0.9271 -0.1581
vn 0.4915 0.8541 0.1703
vn -0.0922 0.9711 -0.2202
vn -0.0202 0.9980 0.0595
vn -0.2074 0.9699 0.1273
vn 0.5412 0.8073 0.2353
vn 0.7331 0.6796 -0.0270
vn 0.6824 0.7294 0.0477
vn -0.4592 0.8883 0.0104
vn -0.1518 -0.9216 0.3571
vn -0.3718 -0.8851 0.2799
vn 0.0651 -0.8157 0.5748
vn -0.4469 0.8049 0.3904
vn 0.2357 -0.9353 0.2639
vn 0.0612 0.9529 0.2971
vn -0.4617 -0.7373 -0.4931
vn 0.9468 -0.0978 0.3067
vn -0.7697 -0.0520 0.6362
vn -0.6813 -0.7312 0.0345
vn 0.0140 -0.7967 -0.6042
vn 0.1055 -0.2070 -0.9726
vn 0.3583 0.6755 -0.6445
vn 0.3974 -0.6501 -0.6476
vn -0.5138 0.8001 -0.3096
vn -0.1905 0.9242 -0.3311
vn 0.3465 0.7022 -0.6220
vn 0.4880 0.8518 -0.1904
vn -0.2580 0.9458 -0.1974
vn 0.6890 0.7232 -0.0484
vn -0.0046 0.9181 -0.3964
vn -0.6721 0.6810 -0.2908
vn -0.7218 -0.0954 -0.6855
vn 0.4473 -0.8793 -0.1635
vn -0.0044 -0.9998 0.0196
vn 0.9995 -0.0240 0.0189
vn -0.9976 0.0069 0.0692
vn 0.9975 0.0008 0.0706
vn 0.9970 -0.0209 -0.0739
vn 0.4942 -0.8690 0.0252
vn 0.9995 -0.0208 -0.0221
vn 0.2051 -0.9787 0.0117
vn -0.1329 -0.9884 0.0738
vn -0.2041 -0.8922 0.4028
vn 0.1050 -0.9509 0.2912
vn -0.5616 -0.8195 0.1137
vn 0.5813 -0.8128 -0.0373
vn -0.1361 -0.9893 -0.0529
vn 0.6970 -0.7134 0.0721
vn -0.3014 -0.9535 0.0032
vn -0.1652 -0.9862 -0.0040
vn -0.9994 0.0145 0.0307
vn -0.0026 -0.9998 0.0213
vn -0.6354 -0.7720 0.0180
vn -0.7652 -0.6360 0.1005
vn -0.1493 -0.9888 -0.0054
vn -0.0320 -0.9983 0.0489
vn -0.9903 -0.1361 0.0283
vn -0.2656 -0.9638 0.0231
vn 0.0512 -0.9982 -0.0320
vn -0.9969 0.0208 0.0759
vn -0.0286 -0.9994 0.0199
vn 0.5006 -0.8651 -0.0313
vn 0.9989 -0.0475 0.0007
vn -0.2376 -0.9713 -0.0067
vn -0.3697 -0.9290 -0.0201
vn -0.0465 -0.9850 -0.1662
vn 0.9958 0.0763 -0.0514
vn -0.6827 -0.7034 -0.1980
vn -0.3041 -0.9122 0.2746
vn -0.6733 -0.5680 -0.4733
vn -0.9951 -0.0643 0.0751
vn 0.9946 0.0975 -0.0360
vn 0.4359 -0.8986 -0.0511
vn 0.4023 -0.9103 0.0980
vn 0.4233 -0.8619 0.2792
vn 0.3833 -0.9191 -0.0912
vn 0.3987 -0.9132 0.0843
vn -0.9917 -0.1174 -0.0520
vn -0.1636 -0.9597 -0.2286
vn 0.2251 -0.9735 0.0411
vn 0.2667 -0.9625 0.0490
vn 0.0695 -0.9870 0.1451
vn -0.5437 -0.8377 0.0518
vn 0.9967 -0.0129 -0.0800
vn -0.1076 -0.9942 0.0008
vn -0.7257 -0.6870 -0.0381
vn -0.9883 -0.1133 0.1017
vn -0.2933 -0.9539 0.0633
vn -0.2875 -0.9543 0.0814
vn -0.9949 -0.0696 -0.0733
vn 0.5572 -0.8206 0.1267
vn 0.9990 -0.0240 0.0368
vn -0.1084 -0.9694 0.2203
vn -0.9802 0.1564 -0.1212
vn -0.5080 -0.8287 0.2349
vn -0.1355 -0.9905 0.0249
vn -0.9974 -0.0715 0.0067
vn -0.0847 -0.9896 -0.1166
vn -0.0559 -0.9955 -0.0766
vn 0.9969 -0.0369 0.0702
vn 0.6697 -0.7419 0.0326
vn 0.9990 -0.0117 -0.0438
vn -0.5466 -0.8239 -0.1499
vn -0.9977 0.0060 -0.0675
vn 0.9910 0.1233 0.0524
vn -0.9952 -0.0844 -0.0490
vn -0.9984 -0.0340 0.0451
vn -0.4304 -0.8993 -0.0779
vn 0.1356 -0.9906 -0.0194
vn 0.9858 0.1661 0.0223
vn 0.4114 -0.9071 0.0890
vn -0.1515 -0.9845 0.0881
vn 0.0538 -0.9879 0.1454
vn -0.4907 -0.8670 0.0865
vn 0.3096 -0.9458 -0.0981
vn -0.1822 -0.9741 -0.1343
vn 0.9884 -0.0719 -0.1336
vn 0.2905 -0.9405 -0.1760
vn 0.1775 -0.9763 0.1239
vn 0.0128 -0.9990 -0.0422
vn -0.4160 -0.9043 -0.0961
vn -0.6098 -0.7892 0.0728
vn -0.9984 0.0252 -0.0514
vn 0.9974 0.0564 -0.0443
vn -0.9868 -0.1086 -0.1204
vn -0.0249 -0.9698 0.2427
vn 0.9893 0.0947 0.1107
vn 0.9971 -0.0050 0.0763
vn 0.9874 0.0241 0.1564
vn -0.3778 -0.9254 0.0301
vn 0.1291 -0.9911 0.0315
vn -0.3849 -0.8417 -0.3786
vn 0.2654 -0.9489 -0.1707
vn -0.2879 -0.9282 0.2358
vn 0.1401 -0.9881 -0.0642
vn 0.7663 -0.6186 0.1734
vn 0.0336 -0.9920 0.1216
vn -0.1574 -0.9873 -0.0216
vn -0.9989 -0.0106 0.0455
vn 0.4272 -0.8955 -0.1248
vn 0.4418 -0.8970 -0.0133
vn 0.4086 -0.9119 -0.0384
vn 0.0829 -0.9964 0.0149
vn 0.4167 -0.8975 -0.1446
vn -0.2145 -0.9486 -0.2328
vn -0.6478 -0.7245 -0.2354
vn -0.0804 -0.9937 -0.0780
vn -0.5192 -0.8232 0.2297
vn -0.4556 -0.8898 -0.0274
vn 0.2073 -0.9577 0.1997
vn 0.0658 -0.9174 0.3924
vn -0.4466 -0.8744 0.1894
vn -0.5901 -0.8022 -0.0908
vn 0.5010 -0.8548 0.1355
vn -0.1233 -0.9863 0.1092
vn -0.4722 -0.8814 -0.0158
vn -0.6275 -0.6402 -0.4431
vn -0.6055 -0.7957 0.0125
vn 0.1129 -0.9932 -0.0281
vn -0.1076 -0.9885 -0.1061
vn -0.3235 -0.9427 0.0816
vn -0.0094 -0.9984 0.0558
vn -0.2057 -0.8916 0.4033
vn 0.1442 -0.9881 -0.0535
vn 0.2722 -0.8837 0.3807
vn -0.5702 -0.8180 -0.0757
vn 0.2708 -0.9626 0.0060
vn -0.6092 -0.7860 -0.1051
vn -0.4906 -0.8709 0.0281
vn 0.3613 -0.9281 -0.0896
vn -0.1094 -0.9904 -0.0844
vn -0.1377 -0.9901 0.0278
vn 0.1427 -0.9382 -0.3153
vn -0.2801 -0.9230 0.2639
vn -0.1273 -0.9918 0.0147
vn -0.4162 -0.9090 -0.0242
vn -0.1996 -0.9771 -0.0742
vn 0.0334 -0.9558 0.2921
vn -0.3608 -0.9182 0.1633
vn 0.2539 -0.9587 0.1280
vn -0.1637 -0.9682 0.1894
vn 0.1619 -0.9868 -0.0007
vn -0.3078 -0.9357 -0.1724
vn 0.0685 -0.9776 -0.1990
vn 0.1616 -0.9840 -0.0752
vn 0.1115 -0.9865 0.1203
vn 0.7070 -0.6994 0.1047
vn -0.4135 -0.8912 0.1864
vn -0.3286 -0.9235 0.1979
vn 0.0046 -0.9943 -0.1064
vn -0.1512 -0.9875 -0.0437
vn -0.4357 -0.8994 -0.0359
vn -0.6440 -0.7584 0.0999
vn 0.1273 -0.9839 0.1256
vn -0.3370 -0.9325 0.1300
vn 0.3537 -0.9274 -0.1216
vn 0.2815 -0.9549 0.0946
vn -0.3386 -0.9407 0.0202
vn -0.2353 -0.9651 0.1152
vn -0.7127 -0.6761 -0.1870
vn 0.0079 -0.9995 -0.0299
vn -0.6228 -0.7732 -0.1196
vn -0.4146 -0.8890 0.1946
vn 0.1254 -0.9826 -0.1373
vn -0.3257 -0.9204 -0.2162
vn 0.3554 -0.9329 -0.0587
vn -0.3733 -0.9271 -0.0325
vn -0.5755 -0.8065 -0.1354
vn 0.2675 -0.9619 -0.0572
vn 0.0900 -0.9959 -0.0042
vn 0.2094 -0.9778 0.0116
vn -0.3431 -0.9351 0.0890
vn -0.0664 -0.9958 -0.0630
vn -0.2790 -0.9603 -0.0053
vn 0.0470 -0.9919 -0.1183
vn 0.2316 -0.9720 -0.0400
vn 0.1369 -0.9903 -0.0239
vn -0.6371 -0.7708 -0.0059
vn -0.5966 -0.7956 0.1057
vn -0.0279 -0.9960 -0.0851
vn 0.3303 -0.9346 0.1321
vn 0.2979 -0.9091 0.2911
vn 0.4636 -0.8834 -0.0684
vn 0.1965 -0.9801 0.0269
vn -0.2446 -0.9674 0.0664
vn -0.3102 -0.9503 -0.0279
vn 0.3013 -0.9409 0.1548
vn 0.2921 -0.9563 0.0105
vn -0.0836 -0.9951 0.0523
vn 0.1815 -0.9789 -0.0936
vn 0.4027 -0.9141 -0.0471
vn -0.1882 -0.9821 -0.0010
vn 0.0943 -0.9942 -0.0518
vn -0.1255 -0.9866 0.1047
vn -0.6284 -0.7772 -0.0312
vn -0.1379 -0.9874 0.0770
vn -0.4880 -0.8689 0.0835
vn -0.4602 -0.8837 0.0850
vn 0.1364 0.9904 -0.0232
vn -0.6301 0.7756 0.0367
vn -0.1003 0.9944 -0.0325
vn 0.2390 0.9598 0.1473
vn 0.3244 0.9454 -0.0304
vn 0.1596 0.9868 0.0290
vn -0.2265 0.9739 0.0136
vn -0.3167 0.9394 -0.1315
vn 0.1340 0.9427 -0.3056
vn 0.5781 0.8159 -0.0068
vn 0.6972 0.6988 -0.1597
vn 0.0530 0.9973 -0.0499
vn 0.7753 0.6234 -0.1010
vn 0.1452 0.9891 -0.0229
vn 0.0540 0.9970 -0.0556
vn -0.0292 0.9940 0.1055
vn -0.1963 0.9792 -0.0514
vn 0.7057 0.7085 -0.0039
vn -0.0204 0.9857 0.1670
vn -0.2367 0.9643 0.1190
vn 0.7014 0.6963 0.1526
vn 0.4711 0.8813 0.0381
vn 0.5274 0.8483 0.0465
vn -0.4309 0.9024 -0.0070
vn 0.4058 0.9139 0.0146
vn 0.2479 0.9685 0.0229
vn 0.4768 0.8736 -0.0970
vn 0.0900 0.9943 0.0567
vn -0.0459 0.9860 -0.1602
vn 0.4704 0.8791 -0.0768
vn 0.1186 0.9826 0.1426
vn -0.2253 0.9683 0.1079
vn 0.3249 0.9434 0.0662
vn 0.1693 0.9779 0.1227
vn 0.6767 0.7096 0.1962
vn 0.7263 0.6859 0.0446
vn 0.1486 0.9889 0.0030
vn 0.1987 0.9571 -0.2108
vn 0.6723 0.5645 0.4788
vn -0.4477 0.8852 -0.1262
vn -0.3700 0.9287 0.0226
vn -0.4531 0.8878 0.0809
vn -0.3508 0.9349 0.0533
vn -0.4000 0.9127 -0.0835
vn 0.2305 0.9213 0.3132
vn -0.2246 0.9706 -0.0865
vn 0.0841 0.9749 0.2061
vn 0.5401 0.8073 0.2375
vn 0.3528 0.9334 -0.0653
vn 0.3549 0.9348 -0.0099
vn -0.2095 0.9775 -0.0242
vn 0.5903 0.7610 0.2690
vn -0.0686 0.9976 -0.0072
vn -0.3522 0.8699 -0.3453
vn -0.0242 0.9928 -0.1175
vn -0.6278 0.6842 -0.3712
vn -0.1261 0.9311 -0.3422
vn 0.3628 0.9241 0.1200
vn 0.2819 0.9594 -0.0047
vn 0.1312 0.9639 -0.2318
vn -0.4959 0.8668 0.0529
vn -0.1328 0.9907 -0.0281
vn 0.5039 0.8323 -0.2308
vn -0.1960 0.9480 0.2508
vn -0.5175 0.8506 0.0932
vn -0.3415 0.9260 -0.1609
vn -0.0030 0.9997 0.0255
vn 0.3181 0.9218 0.2213
vn 0.5648 0.7992 0.2059
vn 0.3249 0.9453 0.0273
vn -0.1499 0.9887 0.0004
vn 0.4124 0.8925 -0.1828
vn 0.3260 0.9117 -0.2502
vn -0.4870 0.8653 -0.1188
vn -0.2391 0.9670 -0.0876
vn -0.4613 0.8839 0.0766
vn -0.2037 0.9783 0.0388
vn 0.0239 0.9983 -0.0523
vn -0.0639 0.9892 0.1315
vn 0.7855 0.4987 0.3664
vn 0.3842 0.9231 -0.0146
vn 0.4179 0.9036 0.0943
vn 0.0921 0.9942 -0.0562
vn 0.6184 0.7829 -0.0689
vn -0.0021 0.9677 -0.2523
vn 0.4841 0.8749 0.0148
vn 0.3185 0.9430 0.0962
vn 0.6318 0.7658 -0.1201
vn 0.3609 0.9117 -0.1964
vn 0.5241 0.8375 0.1549
vn -0.2978 0.9546 -0.0081
vn 0.3560 0.9193 -0.1677
vn 0.1520 0.9708 0.1858
vn 0.0090 0.9988 0.0482
vn 0.3690 0.9288 0.0343
vn -0.1622 0.9651 0.2057
vn 0.0676 0.9910 0.1155
vn -0.1425 0.9873 0.0705
vn 0.3817 0.9243 -0.0050
vn -0.7996 0.5774 -0.1650
vn -0.3483 0.9374 -0.0033
vn 0.1951 0.9802 0.0350
vn 0.1585 0.9831 -0.0917
vn -0.1369 0.9826 -0.1255
vn -0.4142 0.9021 0.1212
vn -0.0328 0.9974 0.0640
vn -0.3342 0.9196 -0.2065
vn 0.1533 0.9662 0.2074
vn -0.1516 0.9202 -0.3609
vn -0.3507 0.9363 0.0210
vn 0.1668 0.9783 0.1230
vn 0.4985 0.8570 0.1311
vn 0.1773 0.9841 -0.0039
vn -0.3770 0.9220 -0.0877
vn -0.0778 0.9164 -0.3927
vn 0.3089 0.9349 0.1750
vn 0.1853 0.9767 -0.1081
vn 0.3315 0.9336 -0.1360
vn 0.6351 0.7650 -0.1068
vn 0.5676 0.8221 -0.0452
vn 0.6654 0.7463 0.0167
vn 0.4710 0.8733 0.1242
vn -0.5074 0.8597 0.0592
vn 0.3373 0.9412 0.0175
vn 0.3258 0.8801 -0.3455
vn -0.0300 0.9994 0.0169
vn -0.2257 0.9741 -0.0124
vn -0.2388 0.9711 0.0031
vn 0.5948 0.8028 0.0418
vn 0.2328 0.9721 -0.0274
vn 0.0576 0.9476 -0.3141
vn -0.0981 0.9948 0.0284
vn 0.0540 0.9971 0.0528
vn 0.2140 0.9754 0.0523
vn -0.1475 0.9811 0.1250
vn 0.1397 0.9899 -0.0224
vn -0.0478 0.9968 0.0637
vn 0.2013 0.9527 -0.2276
vn -0.3674 0.9102 0.1911
vn 0.1949 0.9795 -0.0511
vn -0.0069 0.9954 -0.0956
vn -0.4788 0.8770 0.0410
vn -0.4758 0.8773 0.0626
vn -0.4386 0.8939 0.0927
vn -0.1628 0.9853 0.0514
vn -0.1950 0.9808 -0.0090
vn -0.0662 0.9793 0.1915
vn 0.0189 0.9907 -0.1350
vn -0.0753 0.9642 -0.2543
vn -0.4977 0.8520 -0.1625
vn 0.2211 0.9751 0.0179
vn -0.2538 0.9663 0.0438
vn 0.4177 0.8298 0.3700
vn 0.0725 0.9957 -0.0572
vn -0.0556 0.9981 -0.0272
vn 0.2775 0.9574 -0.0794
vn 0.5411 0.8360 0.0908
vn -0.1749 0.9644 -0.1985
vn -0.2385 0.9710 0.0131
vn -0.1199 -0.0528 0.9914
vn 0.6403 -0.0035 0.7681
vn 0.5645 0.0349 0.8247
vn -0.0827 0.0001 0.9966
vn -0.2221 -0.9657 0.1348
vn 0.4260 0.0354 0.9040
vn -0.0374 0.1242 0.9916
vn 0.1017 0.0848 0.9912
vn -0.2856 0.0861 0.9545
vn -0.4256 -0.1841 0.8860
vn 0.5154 -0.0718 0.8540
vn -0.2021 -0.0491 0.9781
vn -0.1858 -0.1239 0.9747
vn 0.2656 -0.2327 0.9356
vn 0.2129 -0.2010 0.9562
vn 0.0907 -0.9959 0.0019
vn 0.2844 0.9522 0.1117
vn 0.0989 0.9946 -0.0328
vn 0.1747 0.2061 -0.9628
vn -0.3040 -0.9527 -0.0033
vn 0.0721 -0.0403 -0.9966
vn -0.0932 0.0217 -0.9954
vn 0.1490 -0.9887 -0.0140
vn 0.0837 -0.2303 -0.9695
vn 0.4310 -0.1940 -0.8812
vn -0.7761 0.1442 -0.6140
vn -0.5599 -0.8284 0.0154
vn 0.0283 -0.2258 -0.9738
vn -0.0969 -0.9951 -0.0173
vn -0.6900 -0.0347 -0.7230
vn -0.0930 -0.0587 -0.9939
vn -0.3773 -0.9261 -0.0021
vn 0.4256 -0.0953 -0.8999
vn 0.1884 -0.0839 -0.9785
vn -0.0962 0.0369 -0.9947
vn -0.0059 -0.9989 -0.0457
vn 0.5568 0.8291 -0.0507
vn -0.3860 0.9224 -0.0128
vn 0.2867 0.9580 -0.0041
vn 0.4384 0.8978 -0.0410
vn 0.0655 0.9972 -0.0366
vn 0.0489 0.9988 -0.0066
vn -0.5297 -0.8044 -0.2692
vn -0.0267 0.9985 0.0485
vn 0.6273 0.7691 0.1225
vn -0.1832 0.9652 0.1865
vn -0.1997 -0.9703 -0.1368
vn -0.8623 -0.4588 -0.2143
vn 0.0815 -0.9748 0.2079
vn 0.3458 0.9381 -0.0185
vn -0.2042 0.9281 -0.3114
vn -0.0499 0.9885 -0.1425
vn 0.0268 0.9982 0.0543
vn -0.0538 0.9270 -0.3713
vn 0.3729 0.9208 -0.1147
vn -0.2942 0.9399 0.1731
vn 0.6096 0.7892 0.0742
vn 0.4659 0.8816 -0.0756
vn -0.1271 0.9863 -0.1049
vn -0.5017 0.8567 -0.1194
vn -0.1538 0.9854 0.0730
vn 0.2079 -0.9549 0.2119
vn 0.0885 -0.9747 -0.2054
vn -0.0409 -0.9955 0.0850
vn -0.6086 -0.7918 -0.0509
vn -0.1694 -0.9852 -0.0267
vn 0.1414 -0.9885 -0.0544
vn 0.2341 -0.9713 0.0412
vn 0.1926 -0.9802 0.0460
vn 0.2374 -0.9714 0.0022
vn -0.3310 -0.9114 -0.2447
vn 0.0086 -0.9937 -0.1115
vn -0.2896 -0.9503 -0.1141
vn -0.5021 -0.8502 -0.1582
vn -0.2720 -0.9620 0.0246
vn -0.5089 -0.8532 -0.1142
vn -0.1234 -0.9909 -0.0539
vn 0.1811 -0.9295 0.3212
vn 0.1291 -0.9579 0.2563
vn -0.1903 -0.9724 -0.1349
vn -0.2203 -0.9594 -0.1760
vn 0.2187 -0.8954 0.3879
vn -0.2477 -0.9643 0.0932
vn -0.0644 -0.9976 0.0269
vn 0.2517 -0.9633 0.0938
vn 0.2115 -0.9698 -0.1213
vn 0.1620 -0.9859 0.0409
vn 0.2269 -0.9736 -0.0239
vn -0.0177 -0.9904 0.1371
vn 0.2477 -0.9688 0.0119
vn 0.1839 -0.9828 0.0173
vn 0.3361 -0.9380 0.0851
vn 0.4905 -0.8690 0.0658
vn 0.2977 -0.9526 -0.0631
vn 0.3926 -0.9197 0.0062
vn -0.1709 0.9849 -0.0289
vn -0.1941 0.9717 -0.1347
vn -0.0172 0.9776 0.2097
vn 0.0780 0.9954 -0.0564
vn 0.6027 0.7954 0.0638
vn -0.0458 0.9972 0.0592
vn -0.4042 0.9132 -0.0509
vn 0.0581 0.9977 0.0358
vn -0.2580 0.9661 0.0102
vn -0.2855 0.9584 -0.0039
vn -0.3127 0.9495 0.0257
vn 0.0651 0.9966 -0.0504
vn 0.1049 0.9883 0.1106
vn -0.0151 0.9993 0.0349
vn -0.1737 0.9733 -0.1498
vn 0.2814 0.9547 0.0966
vn 0.2739 0.9612 -0.0339
vn 0.1860 0.9812 0.0508
vn 0.1740 0.9761 0.1304
vn -0.0146 0.9721 -0.2342
vn -0.1589 0.9868 0.0303
vn -0.0101 0.9946 0.1034
vn 0.3242 0.9390 -0.1151
vn 0.0610 0.9981 -0.0061
vn -0.3788 0.9251 -0.0272
vn -0.2661 0.9568 0.1171
vn -0.2517 0.9633 -0.0938
vn -0.2503 0.9681 -0.0150
vn -0.1930 0.9750 -0.1101
vn -0.3674 0.9274 -0.0699
vn -0.4830 0.8751 -0.0308
vn -0.3038 0.9521 -0.0353
vn -0.0645 0.9974 -0.0320
vn -0.1887 0.9799 0.0650
vn -0.5750 -0.8172 -0.0397
vn 0.6808 -0.7291 0.0697
vn -0.9347 -0.3488 -0.0687
vn -0.5291 -0.8335 -0.1594
vn 0.7045 -0.7041 0.0890
vn -0.8010 -0.4988 -0.3310
vn -0.7019 -0.6797 0.2129
vn -0.1985 -0.9792 -0.0416
vn 0.8992 -0.4258 0.1007
vn 0.0092 -0.9919 0.1267
vn -0.3205 0.9226 -0.2147
vn -0.5416 0.8363 0.0852
vn -0.7622 0.6409 -0.0911
vn 0.3574 0.9313 -0.0701
vn 0.5855 0.8050 0.0961
vn -0.6619 0.7465 0.0684
vn 0.7902 0.6114 0.0413
vn -0.6917 0.7219 -0.0206
vn 0.7511 0.6539 -0.0915
vn 0.7348 0.6425 0.2173
vn 0.8355 0.5493 -0.0152
vn -0.1752 -0.9331 0.3142
vn -0.3933 0.8725 0.2901
vn 0.0815 0.9278 0.3640
vn -0.4900 -0.6704 -0.5572
vn 0.3586 0.6798 -0.6398
vn -0.5169 0.7401 -0.4302
vn -0.2036 0.9091 -0.3633
vn 0.6234 0.7800 -0.0541
vn 0.6355 -0.7410 -0.2169
vn 0.9995 -0.0273 0.0187
vn -0.9977 -0.0390 0.0563
vn 0.9969 -0.0137 0.0778
vn 0.9952 -0.0796 -0.0561
vn 0.4392 -0.8976 -0.0365
vn 0.9998 -0.0041 -0.0175
vn -0.1051 -0.9932 0.0508
vn -0.2297 -0.9223 0.3107
vn -0.5395 -0.8378 0.0835
vn 0.6011 -0.7974 -0.0535
vn -0.2212 -0.9635 -0.1505
vn -0.3064 -0.9519 -0.0012
vn -0.1444 -0.9895 0.0065
vn -0.9975 0.0605 0.0372
vn -0.0798 -0.9955 0.0513
vn -0.7583 -0.6399 0.1247
vn -0.7644 -0.6368 0.1014
vn -0.1534 -0.9880 -0.0197
vn -0.4187 -0.8959 0.1485
vn 0.0916 -0.9941 -0.0582
vn -0.9933 0.0948 0.0654
vn 0.4631 -0.8861 -0.0174
vn 0.9998 0.0156 -0.0111
vn -0.3846 -0.9219 -0.0473
vn -0.3637 -0.9287 -0.0720
vn -0.0880 -0.9854 -0.1460
vn -0.6677 -0.7237 -0.1746
vn -0.2122 -0.9251 0.3149
vn 0.9976 0.0622 -0.0288
vn 0.4671 -0.8808 -0.0777
vn 0.4538 -0.8881 0.0736
vn 0.1892 -0.9753 0.1139
vn 0.4760 -0.8782 -0.0465
vn 0.4149 -0.9068 0.0744
vn -0.9995 -0.0255 -0.0174
vn -0.0296 -0.9836 -0.1777
vn 0.2709 -0.9593 0.0794
vn 0.2661 -0.9442 0.1939
vn -0.3837 -0.9139 -0.1325
vn 0.9968 0.0103 -0.0798
vn -0.1219 -0.9925 0.0096
vn -0.9750 -0.2062 0.0833
vn -0.2691 -0.9618 0.0501
vn 0.5238 -0.8449 0.1084
vn -0.1202 -0.9655 0.2312
vn -0.9868 -0.1161 -0.1127
vn -0.9976 -0.0686 0.0077
vn -0.0161 -0.9941 -0.1075
vn 0.9929 -0.0755 0.0917
vn 0.6059 -0.7919 0.0759
vn 0.9983 -0.0427 -0.0398
vn -0.4940 -0.8659 -0.0781
vn -0.9907 -0.1066 -0.0845
vn 0.9955 0.0560 0.0762
vn -0.9977 -0.0260 -0.0623
vn -0.4351 -0.8974 -0.0736
vn 0.1898 -0.9799 -0.0618
vn -0.0233 -0.9997 0.0068
vn 0.3480 -0.9339 -0.0818
vn 0.9695 -0.2210 -0.1062
vn 0.3332 -0.9211 -0.2012
vn -0.0762 -0.9964 0.0359
vn -0.6094 -0.7845 0.1150
vn -0.5852 -0.8105 0.0256
vn -0.9902 0.1389 -0.0155
vn 0.9976 -0.0270 -0.0636
vn -0.9875 0.0193 -0.1564
vn 0.0365 -0.9744 0.2216
vn 0.9972 -0.0344 0.0656
vn 0.9973 0.0075 0.0733
vn -0.4047 -0.8370 -0.3682
vn 0.1444 -0.9864 -0.0789
vn 0.2590 -0.9393 -0.2251
vn 0.7851 -0.6042 0.1360
vn 0.0535 -0.9934 0.1016
vn -0.1638 -0.9862 -0.0243
vn -0.9942 0.0812 0.0708
vn 0.4042 -0.9088 -0.1029
vn -0.0369 -0.9907 -0.1312
vn -0.1736 -0.9501 -0.2593
vn -0.6174 -0.7579 -0.2106
vn -0.2002 -0.9795 -0.0217
vn -0.4401 -0.8791 0.1828
vn 0.0931 -0.9219 0.3761
vn -0.6325 -0.7740 -0.0288
vn 0.4668 -0.8780 0.1059
vn -0.2191 -0.9752 -0.0301
vn -0.1214 -0.9717 -0.2025
vn -0.6071 -0.7946 0.0101
vn 0.0891 -0.9960 -0.0063
vn -0.2861 -0.9524 0.1049
vn 0.0277 -0.9949 0.0968
vn 0.0427 -0.9986 0.0305
vn 0.3346 -0.8851 0.3236
vn -0.5892 -0.8060 -0.0560
vn 0.2681 -0.9631 0.0225
vn -0.2229 -0.9675 -0.1190
vn 0.1925 -0.9639 -0.1840
vn -0.1613 -0.9869 -0.0035
vn -0.3077 -0.9294 0.2038
vn -0.1325 -0.9911 0.0086
vn -0.2730 -0.9544 -0.1209
vn 0.0351 -0.9561 0.2909
vn 0.0476 -0.9949 0.0888
vn -0.1937 -0.9577 0.2128
vn -0.1174 -0.9735 0.1964
vn -0.0005 -0.9961 -0.0883
vn -0.3008 -0.9369 -0.1782
vn -0.1340 -0.9751 -0.1768
vn -0.2065 -0.9630 0.1734
vn -0.3863 -0.9223 0.0148
vn -0.5980 -0.8005 0.0396
vn 0.0717 -0.9832 0.1677
vn -0.1714 -0.9847 -0.0312
vn -0.3715 -0.9282 -0.0221
vn -0.6877 -0.6889 -0.2290
vn -0.5148 -0.8309 -0.2113
vn -0.6741 -0.7274 -0.1282
vn 0.3840 -0.9231 -0.0209
vn 0.0667 -0.9976 -0.0199
vn 0.2365 -0.9716 -0.0066
vn -0.2663 -0.9609 0.0759
vn -0.2297 -0.9732 0.0146
vn 0.0013 -0.9865 -0.1636
vn -0.6746 -0.7376 -0.0303
vn -0.5037 -0.8639 0.0006
vn 0.1764 -0.9809 0.0818
vn 0.4660 -0.8818 -0.0720
vn 0.1620 -0.9867 0.0122
vn -0.2359 -0.9704 -0.0523
vn -0.2149 -0.9764 -0.0230
vn 0.1720 -0.9813 -0.0862
vn 0.4178 -0.9082 -0.0255
vn -0.1757 -0.9844 0.0071
vn -0.6465 -0.7628 -0.0136
vn -0.3370 -0.9407 0.0385
vn 0.1892 0.9811 -0.0419
vn -0.5900 0.8074 0.0036
vn -0.1427 0.9898 -0.0000
vn 0.1419 0.9879 0.0618
vn 0.3068 0.9507 -0.0461
vn 0.1622 0.9864 0.0269
vn -0.1103 0.9923 0.0567
vn 0.1139 0.8847 -0.4520
vn 0.5740 0.8188 -0.0007
vn 0.8047 0.5642 0.1851
vn 0.7727 0.6263 -0.1036
vn 0.0409 0.9979 -0.0504
vn -0.0408 0.9942 0.0993
vn -0.0169 0.9966 0.0811
vn 0.6405 0.7672 0.0337
vn -0.0814 0.9967 -0.0069
vn 0.0617 0.9890 0.1346
vn 0.6520 0.7154 0.2511
vn 0.1902 0.9183 0.3472
vn 0.5656 0.8241 0.0313
vn -0.3174 0.9481 0.0204
vn 0.2497 0.9603 -0.1244
vn 0.2450 0.9691 0.0291
vn 0.1877 0.9804 0.0593
vn 0.2019 0.9768 0.0715
vn -0.2690 0.9595 0.0832
vn 0.0447 0.9849 0.1671
vn 0.6752 0.7117 0.1939
vn 0.1430 0.9897 0.0067
vn 0.2697 0.9310 -0.2461
vn -0.4452 0.8863 -0.1276
vn -0.4255 0.9035 0.0521
vn -0.4341 0.8985 0.0655
vn -0.4159 0.9063 -0.0751
vn 0.3173 0.9184 0.2363
vn 0.1124 0.9702 0.2147
vn 0.3177 0.8757 -0.3637
vn 0.3058 0.9499 -0.0640
vn -0.2601 0.9631 -0.0688
vn 0.6320 0.7432 0.2196
vn -0.1235 0.9913 0.0449
vn -0.2608 0.9110 -0.3194
vn -0.0833 0.9929 -0.0846
vn -0.2715 0.9346 -0.2298
vn 0.5287 0.8477 -0.0429
vn 0.1589 0.9864 -0.0420
vn 0.1120 0.9705 -0.2137
vn 0.5350 0.8172 -0.2147
vn 0.1430 0.9857 0.0895
vn -0.5417 0.8368 0.0800
vn -0.1944 0.9770 -0.0872
vn 0.0726 0.9973 0.0110
vn 0.1077 0.9919 0.0677
vn 0.6338 0.7642 0.1198
vn 0.3667 0.9294 0.0411
vn 0.0179 0.9963 0.0840
vn 0.2024 0.9673 -0.1528
vn -0.5172 0.8532 -0.0676
vn -0.1712 0.9823 0.0753
vn 0.0843 0.9919 -0.0949
vn -0.1652 0.9690 0.1837
vn 0.8492 0.4634 0.2532
vn 0.4381 0.8981 0.0391
vn 0.6217 0.7735 -0.1235
vn 0.2124 0.9767 0.0296
vn 0.5926 0.8050 -0.0298
vn -0.1040 0.9691 -0.2237
vn 0.1528 0.9710 0.1839
vn 0.3995 0.9164 0.0246
vn 0.3529 0.9210 -0.1647
vn 0.0071 0.9936 0.1125
vn 0.2813 0.9595 -0.0158
vn -0.0892 0.9960 -0.0000
vn -0.2113 0.9650 0.1554
vn 0.2134 0.9713 0.1051
vn -0.7985 0.5783 -0.1669
vn -0.4058 0.9138 0.0154
vn 0.5187 0.8434 0.1402
vn -0.0915 0.9830 -0.1594
vn -0.3201 0.9265 -0.1978
vn 0.3255 0.9108 0.2539
vn -0.3544 0.9349 0.0185
vn -0.0987 0.9923 0.0751
vn -0.1079 0.9200 -0.3767
vn 0.3537 0.9250 0.1390
vn 0.5866 0.8089 -0.0383
vn 0.2909 0.3516 -0.8898
vn 0.6060 0.7954 0.0083
vn -0.4704 0.8822 0.0205
vn 0.3026 0.9531 -0.0040
vn 0.1935 0.8763 -0.4411
vn -0.0438 0.9987 0.0258
vn -0.0443 0.9978 0.0502
vn 0.5660 0.8209 0.0759
vn 0.0301 0.9969 -0.0728
vn 0.5152 0.8569 -0.0140
vn 0.2657 0.9525 0.1489
vn 0.1210 0.9911 -0.0552
vn 0.1433 0.9896 -0.0122
vn -0.3206 0.9349 -0.1524
vn 0.1321 0.9755 -0.1760
vn -0.4964 0.8632 0.0925
vn 0.1672 0.9856 0.0261
vn -0.5088 0.8592 0.0537
vn -0.4489 0.8857 0.1180
vn -0.2898 0.9570 -0.0117
vn -0.0915 0.9924 -0.0826
vn -0.0466 0.9823 -0.1814
vn -0.6300 0.7765 0.0102
vn 0.3322 0.9418 0.0515
vn 0.2101 0.9774 0.0250
vn 0.2917 0.9543 -0.0644
vn 0.5595 0.8208 0.1150
vn 0.0397 0.9972 0.0632
vn -0.1827 0.9823 0.0419
vn -0.1538 -0.1438 0.9776
vn 0.6693 -0.0660 0.7401
vn 0.5698 -0.0000 0.8218
vn -0.0139 0.1107 0.9938
vn 0.4469 -0.0130 0.8945
vn -0.0321 -0.0240 0.9992
vn 0.1530 -0.0603 0.9864
vn -0.0347 -0.3225 0.9459
vn -0.4443 0.0577 0.8940
vn 0.5291 0.0301 0.8481
vn -0.1174 0.1787 0.9769
vn -0.1235 0.2105 0.9697
vn 0.1071 -0.9941 0.0159
vn 0.3501 -0.1648 -0.9221
vn -0.2510 -0.9673 -0.0363
vn 0.0826 -0.2201 -0.9720
vn 0.3772 0.1636 -0.9116
vn -0.6703 0.5614 -0.4853
vn -0.5855 -0.8106 -0.0124
vn -0.1279 -0.9918 0.0019
vn -0.1123 -0.0143 -0.9936
vn -0.4296 -0.9019 -0.0445
vn 0.4149 0.0630 -0.9077
vn 0.1207 0.0379 -0.9920
vn -0.0078 -0.9989 -0.0471
vn 0.5659 0.8236 -0.0389
vn 0.4400 0.8971 -0.0395
vn 0.0150 0.9994 -0.0296
vt 0.714142 0.161201
vt 0.744982 0.184100
vt 0.683860 0.171118
vt 0.707855 0.488725
vt 0.734166 0.471380
vt 0.734685 0.505469
vt 0.549888 0.379892
vt 0.590165 0.387255
vt 0.550546 0.403010
vt 0.655961 0.239370
vt 0.678553 0.215758
vt 0.681555 0.293951
vt 0.650362 0.327824
vt 0.679912 0.322943
vt 0.758752 0.515682
vt 0.783336 0.539793
vt 0.763793 0.558382
vt 0.763851 0.492735
vt 0.806047 0.511704
vt 0.794864 0.289276
vt 0.791754 0.325347
vt 0.764446 0.337490
vt 0.640234 0.369647
vt 0.627832 0.392179
vt 0.706001 0.033927
vt 0.735079 0.061834
vt 0.716920 0.081294
vt 0.523609 0.467843
vt 0.493869 0.464650
vt 0.494545 0.441462
vt 0.576276 0.200869
vt 0.599648 0.215528
vt 0.575658 0.218368
vt 0.730506 0.029569
vt 0.628491 0.446689
vt 0.661636 0.430457
vt 0.654420 0.466919
vt 0.693486 0.413419
vt 0.680197 0.486250
vt 0.636772 0.495871
vt 0.728831 0.249309
vt 0.707412 0.313446
vt 0.663662 0.546956
vt 0.700787 0.549816
vt 0.740412 0.589826
vt 0.755283 0.063260
vt 0.751823 0.100107
vt 0.731810 0.348608
vt 0.741737 0.304590
vt 0.821467 0.158435
vt 0.769921 0.150462
vt 0.787689 0.135216
vt 0.843585 0.230249
vt 0.807993 0.229241
vt 0.790961 0.198730
vt 0.823139 0.250338
vt 0.813379 0.282685
vt 0.574038 0.420124
vt 0.697141 0.443076
vt 0.228627 0.490524
vt 0.212689 0.510873
vt 0.211868 0.494103
vt 0.052387 0.292653
vt 0.052243 0.244347
vt 0.088518 0.242474
vt 0.144902 0.515737
vt 0.108647 0.514117
vt 0.135489 0.479620
vt 0.303124 0.383894
vt 0.216591 0.388926
vt 0.259144 0.349299
vt 0.191867 0.247410
vt 0.169693 0.219969
vt 0.223115 0.215685
vt 0.124732 0.257405
vt 0.090730 0.215137
vt 0.102637 0.183930
vt 0.164855 0.173645
vt 0.114093 0.062456
vt 0.144444 0.048293
vt 0.139332 0.082059
vt 0.366757 0.040745
vt 0.393982 0.051824
vt 0.373246 0.065252
vt 0.332435 0.415295
vt 0.358972 0.445857
vt 0.323930 0.467514
vt 0.139925 0.108980
vt 0.198642 0.072125
vt 0.123159 0.340619
vt 0.082828 0.345181
vt 0.105680 0.309682
vt 0.085384 0.149817
vt 0.027929 0.158147
vt 0.061775 0.134357
vt 0.056922 0.515405
vt 0.037964 0.558760
vt 0.031648 0.495128
vt 0.005588 0.478271
vt 0.070779 0.455656
vt 0.037253 0.425706
vt 0.085535 0.427012
vt 0.480314 0.256266
vt 0.457543 0.257320
vt 0.445961 0.249929
vt 0.256302 0.520969
vt 0.266636 0.493299
vt 0.262092 0.530678
vt 0.878548 0.120728
vt 0.877005 0.123823
vt 0.872698 0.119997
vt 0.911375 0.410084
vt 0.912818 0.417188
vt 0.904256 0.412608
vt 0.427572 0.268295
vt 0.436638 0.242998
vt 0.954997 0.540048
vt 0.945911 0.514948
vt 0.954089 0.507334
vt 0.486352 0.395989
vt 0.484058 0.405162
vt 0.481746 0.400969
vt 0.502690 0.109055
vt 0.491975 0.147728
vt 0.489459 0.111412
vt 0.691608 0.355050
vt 0.678426 0.353869
vt 0.975005 0.486926
vt 0.973388 0.520294
vt 0.970907 0.486639
vt 0.707178 0.404065
vt 0.675055 0.389477
vt 0.711097 0.390152
vt 0.480497 0.266049
vt 0.481005 0.287708
vt 0.933182 0.035066
vt 0.928475 0.044519
vt 0.928580 0.002244
vt 0.439763 0.217874
vt 0.455532 0.221415
vt 0.436502 0.220364
vt 0.472828 0.490135
vt 0.494722 0.500105
vt 0.480879 0.500316
vt 0.481776 0.244298
vt 0.520547 0.251167
vt 0.515541 0.174179
vt 0.515279 0.149134
vt 0.521903 0.147779
vt 0.509676 0.180769
vt 0.484803 0.685273
vt 0.495017 0.708552
vt 0.483566 0.709047
vt 0.551081 0.098217
vt 0.539116 0.107506
vt 0.530669 0.102945
vt 0.620511 0.565443
vt 0.602836 0.573099
vt 0.623440 0.557758
vt 0.411642 0.430105
vt 0.405938 0.461060
vt 0.406073 0.430631
vt 0.983024 0.082983
vt 0.982992 0.109407
vt 0.973695 0.054586
vt 0.417438 0.354730
vt 0.421741 0.303068
vt 0.421507 0.348365
vt 1.000000 0.249827
vt 0.996612 0.252287
vt 0.991119 0.229887
vt 0.981551 0.357651
vt 0.988266 0.390320
vt 0.980502 0.371758
vt 0.990794 0.462660
vt 0.990175 0.493429
vt 0.986930 0.477141
vt 0.930223 0.502279
vt 0.937838 0.534159
vt 0.927229 0.513200
vt 0.370171 0.500733
vt 0.398319 0.499289
vt 0.408333 0.511142
vt 0.164577 0.373718
vt 0.135043 0.390755
vt 0.136091 0.373818
vt 0.985921 0.450592
vt 0.981698 0.423318
vt 0.985912 0.415143
vt 0.365879 0.395104
vt 0.348457 0.376084
vt 0.362540 0.373204
vt 0.322198 0.308168
vt 0.314158 0.343192
vt 0.318412 0.302556
vt 0.920575 0.210495
vt 0.928877 0.197459
vt 0.934006 0.198791
vt 0.413772 0.191854
vt 0.417168 0.159592
vt 0.421383 0.166113
vt 0.312462 0.126936
vt 0.313370 0.108122
vt 0.323891 0.103629
vt 0.380517 0.469107
vt 0.410183 0.479870
vt 0.398127 0.219250
vt 0.416703 0.220087
vt 0.413903 0.225939
vt 0.335540 0.331483
vt 0.335688 0.358475
vt 0.458658 0.708654
vt 0.468000 0.687907
vt 0.469348 0.706227
vt 0.296289 0.070005
vt 0.286622 0.045989
vt 0.301452 0.071999
vt 0.245430 0.574047
vt 0.226331 0.566305
vt 0.222758 0.557786
vt 0.238381 0.040696
vt 0.247494 0.012284
vt 0.251209 0.049825
vt 0.143931 0.547231
vt 0.113457 0.557898
vt 0.419476 0.065433
vt 0.421655 0.012079
vt 0.427236 0.012401
vt 0.932567 0.002819
vt 0.501831 0.590520
vt 0.484191 0.595250
vt 0.502123 0.584419
vt 0.350077 0.586694
vt 0.368399 0.596273
vt 0.348261 0.591375
vt 0.875800 0.574876
vt 0.867568 0.612636
vt 0.869408 0.583602
vt 0.891396 0.515811
vt 0.887407 0.517671
vt 0.894564 0.469565
vt 0.856622 0.307221
vt 0.868272 0.364305
vt 0.857515 0.343327
vt 0.887970 0.062469
vt 0.872462 0.092202
vt 0.867415 0.093061
vt 0.852550 0.261295
vt 0.849849 0.289534
vt 0.859307 0.121608
vt 0.789911 0.017869
vt 0.757596 0.013733
vt 0.780396 0.012754
vt 0.893804 0.152772
vt 0.874228 0.182958
vt 0.868830 0.183252
vt 0.145983 0.007920
vt 0.172267 0.009149
vt 0.146531 0.012241
vt 0.884629 0.152674
vt 0.892844 0.138197
vt 0.883557 0.370702
vt 0.876362 0.343580
vt 0.889552 0.372328
vt 0.454301 0.590445
vt 0.435343 0.592441
vt 0.434732 0.549134
vt 0.838556 0.014976
vt 0.840910 0.038959
vt 0.625888 0.156270
vt 0.655683 0.166143
vt 0.660476 0.190499
vt 0.530242 0.373670
vt 0.521499 0.384038
vt 0.761537 0.363416
vt 0.731651 0.375319
vt 0.529094 0.222322
vt 0.550247 0.236367
vt 0.525296 0.238345
vt 0.626939 0.233640
vt 0.625580 0.214756
vt 0.461979 0.106221
vt 0.436633 0.105570
vt 0.437186 0.079362
vt 0.934109 0.083588
vt 0.930021 0.126173
vt 0.921858 0.078644
vt 0.824639 0.094705
vt 0.849849 0.131229
vt 0.826955 0.118129
vt 0.965430 0.336948
vt 0.976260 0.305799
vt 0.978663 0.322051
vt 0.530844 0.207820
vt 0.510963 0.204891
vt 0.535916 0.156179
vt 0.472341 0.136605
vt 0.437645 0.138863
vt 0.550454 0.505150
vt 0.520828 0.511942
vt 0.520653 0.500522
vt 0.472545 0.467566
vt 0.441804 0.481216
vt 0.478907 0.450511
vt 0.489354 0.093672
vt 0.688271 0.145094
vt 0.737238 0.131167
vt 0.703532 0.531881
vt 0.674094 0.498729
vt 0.761886 0.404034
vt 0.785234 0.377709
vt 0.810328 0.409642
vt 0.642235 0.524452
vt 0.501647 0.534758
vt 0.469560 0.533919
vt 0.189366 0.631442
vt 0.179565 0.643924
vt 0.179565 0.596599
vt 0.489124 0.042894
vt 0.514960 0.043690
vt 0.515075 0.063697
vt 0.585680 0.300090
vt 0.608740 0.287446
vt 0.610393 0.304879
vt 0.626008 0.326864
vt 0.607762 0.325287
vt 0.608868 0.355252
vt 0.593714 0.093634
vt 0.625440 0.112668
vt 0.596790 0.133504
vt 0.655140 0.271380
vt 0.653552 0.116322
vt 0.661871 0.140573
vt 0.402310 0.265860
vt 0.422011 0.252946
vt 0.401550 0.284611
vt 0.186088 0.142180
vt 0.201629 0.169281
vt 0.008111 0.430538
vt 0.024228 0.206514
vt 0.014260 0.234292
vt 0.006574 0.198535
vt 0.036421 0.266471
vt 0.015521 0.265598
vt 0.226391 0.249977
vt 0.219627 0.235511
vt 0.392268 0.073200
vt 0.415705 0.112271
vt 0.391227 0.115149
vt 0.006627 0.098424
vt 0.016143 0.070893
vt 0.030414 0.072773
vt 0.363550 0.351983
vt 0.366843 0.325758
vt 0.193287 0.271619
vt 0.162958 0.268076
vt 0.282912 0.112438
vt 0.249410 0.137092
vt 0.257451 0.108191
vt 0.328149 0.514821
vt 0.299076 0.502153
vt 0.328245 0.502221
vt 0.012806 0.567132
vt 0.012474 0.508844
vt 0.372466 0.450579
vt 0.336907 0.065898
vt 0.338360 0.078200
vt 0.360480 0.098349
vt 0.359801 0.140858
vt 0.278435 0.046946
vt 0.281744 0.092872
vt 0.169424 0.493917
vt 0.671456 0.578843
vt 0.060785 0.593950
vt 0.036462 0.590929
vt 0.735015 0.432310
vt 0.732474 0.452369
vt 0.756140 0.225166
vt 0.620819 0.488924
vt 0.634649 0.510949
vt 0.565951 0.164896
vt 0.552830 0.320878
vt 0.579075 0.319996
vt 0.563660 0.363984
vt 0.670364 0.079428
vt 0.643773 0.071991
vt 0.643421 0.052858
vt 0.788695 0.346383
vt 0.759616 0.437263
vt 0.762609 0.426616
vt 0.777707 0.455313
vt 0.722618 0.545431
vt 0.789999 0.476024
vt 0.474805 0.434869
vt 0.551176 0.267104
vt 0.573484 0.265957
vt 0.621032 0.194063
vt 0.709932 0.108830
vt 0.514713 0.422090
vt 0.582917 0.459952
vt 0.609986 0.461025
vt 0.656543 0.355351
vt 0.763280 0.048826
vt 0.815886 0.333782
vt 0.812880 0.355320
vt 0.810807 0.370252
vt 0.837021 0.501539
vt 0.816278 0.428760
vt 0.845679 0.460430
vt 0.811526 0.548258
vt 0.217240 0.373193
vt 0.240065 0.354069
vt 0.111656 0.123279
vt 0.097860 0.096653
vt 0.138991 0.306125
vt 0.116278 0.083353
vt 0.112191 0.471458
vt 0.287962 0.166068
vt 0.298718 0.202427
vt 0.273371 0.201982
vt 0.298649 0.327007
vt 0.269675 0.307809
vt 0.292306 0.360363
vt 0.083842 0.493302
vt 0.085462 0.508908
vt 0.060889 0.086807
vt 0.057338 0.108890
vt 0.088539 0.437784
vt 0.221354 0.540061
vt 0.157617 0.451349
vt 0.202330 0.462970
vt 0.389752 0.445226
vt 0.115550 0.453017
vt 0.297667 0.304350
vt 0.277565 0.268116
vt 0.299047 0.267765
vt 0.269360 0.288617
vt 0.059223 0.198846
vt 0.247524 0.215626
vt 0.217004 0.198249
vt 0.202819 0.093920
vt 0.356623 0.465592
vt 0.273593 0.220937
vt 0.238769 0.461962
vt 0.265742 0.458109
vt 0.277209 0.406024
vt 0.218498 0.412812
vt 0.195763 0.501983
vt 0.184044 0.545909
vt 0.169321 0.576853
vt 0.164706 0.120708
vt 0.113624 0.133061
vt 0.170748 0.044855
vt 0.087202 0.369106
vt 0.088538 0.523404
vt 0.084544 0.559685
vt 0.091792 0.064926
vt 0.086273 0.049955
vt 0.060333 0.377533
vt 0.041366 0.409801
vt 0.037512 0.370596
vt 0.033473 0.288670
vt 0.033198 0.334531
vt 0.445688 0.509258
vt 0.437116 0.511937
vt 0.440825 0.502108
vt 0.379703 0.265122
vt 0.370539 0.254870
vt 0.389452 0.252033
vt 0.425526 0.009202
vt 0.874936 0.186015
vt 0.916090 0.412900
vt 0.635649 0.558870
vt 0.943147 0.129618
vt 0.954264 0.179243
vt 0.943619 0.158830
vt 0.843098 0.430276
vt 0.849849 0.460102
vt 0.968020 0.360953
vt 0.962395 0.354230
vt 0.941054 0.235029
vt 0.937670 0.211012
vt 0.946285 0.233806
vt 0.935875 0.070013
vt 0.942956 0.096372
vt 0.960095 0.320853
vt 0.963425 0.306156
vt 0.975061 0.187670
vt 0.975660 0.216701
vt 0.971491 0.214857
vt 0.945610 0.471714
vt 0.940103 0.474486
vt 0.940515 0.458150
vt 0.621041 0.548608
vt 0.618796 0.542549
vt 0.604446 0.542688
vt 0.458324 0.406464
vt 0.179565 0.596599
vt 0.179565 0.638891
vt 0.173886 0.632644
vt 0.500097 0.377729
vt 0.484732 0.387316
vt 0.488532 0.351691
vt 0.843524 0.535469
vt 0.838443 0.536554
vt 0.840951 0.502151
vt 0.846893 0.483647
vt 0.941699 0.439210
vt 0.970239 0.388208
vt 0.958021 0.331997
vt 0.955882 0.351232
vt 0.949184 0.354663
vt 0.461764 0.393940
vt 0.491896 0.288992
vt 0.439432 0.208754
vt 0.946644 0.192468
vt 0.534032 0.126229
vt 0.539826 0.125928
vt 0.455187 0.498433
vt 0.960095 0.036396
vt 0.973084 0.118518
vt 0.968201 0.115737
vt 0.504949 0.238584
vt 0.491780 0.513310
vt 0.545341 0.092787
vt 0.533039 0.561324
vt 0.545931 0.556058
vt 0.581035 0.575723
vt 0.532662 0.089231
vt 0.553620 0.071813
vt 0.556931 0.042752
vt 0.565906 0.039707
vt 0.573434 0.041729
vt 0.518621 0.395094
vt 0.520406 0.411898
vt 0.652601 0.501450
vt 0.655025 0.509794
vt 0.739024 0.406401
vt 0.932517 0.389240
vt 0.939826 0.406120
vt 0.006466 0.164570
vt 0.001090 0.191432
vt 0.001930 0.158524
vt 0.493826 0.401633
vt 0.493812 0.408734
vt 0.478641 0.416808
vt 0.210928 0.561171
vt 0.228765 0.143924
vt 0.232587 0.160400
vt 0.926505 0.420256
vt 0.928283 0.446071
vt 0.925544 0.451006
vt 0.019249 0.350709
vt 0.019606 0.372638
vt 0.014701 0.386820
vt 0.005623 0.220404
vt 0.009022 0.245506
vt 0.980290 0.306965
vt 0.919230 0.400826
vt 0.924381 0.378979
vt 0.413182 0.541022
vt 0.416575 0.522936
vt 0.418403 0.543814
vt 0.985323 0.493375
vt 0.932259 0.472442
vt 0.926778 0.469948
vt 0.224737 0.549687
vt 0.243184 0.543442
vt 0.424065 0.063524
vt 0.012712 0.052228
vt 0.009841 0.069631
vt 0.303840 0.622815
vt 0.303840 0.596599
vt 0.307685 0.604315
vt 0.119093 0.606597
vt 0.124979 0.596599
vt 0.126523 0.640575
vt 0.380452 0.490563
vt 0.370904 0.389359
vt 0.420564 0.566570
vt 0.412090 0.589896
vt 0.986054 0.518325
vt 0.993276 0.551635
vt 0.989385 0.550806
vt 0.916090 0.499521
vt 0.005378 0.533756
vt 0.409093 0.456011
vt 0.392362 0.392389
vt 0.374631 0.403166
vt 0.189480 0.390191
vt 0.941813 0.293660
vt 0.947393 0.305357
vt 0.942635 0.338928
vt 0.371181 0.209606
vt 0.369742 0.222636
vt 0.924561 0.213250
vt 0.418227 0.191141
vt 0.356657 0.154825
vt 0.360169 0.171988
vt 0.343423 0.168781
vt 0.125787 0.162397
vt 0.160390 0.145715
vt 0.320490 0.128015
vt 0.421242 0.088015
vt 0.418440 0.135636
vt 0.415121 0.509330
vt 0.392235 0.192837
vt 0.392714 0.176383
vt 0.329563 0.252322
vt 0.345894 0.239535
vt 0.335226 0.149674
vt 0.336208 0.176695
vt 0.355513 0.499673
vt 0.359057 0.514118
vt 0.347700 0.535240
vt 0.343091 0.181555
vt 0.336597 0.131662
vt 0.304979 0.089807
vt 0.301580 0.099807
vt 0.304064 0.083656
vt 0.320271 0.094142
vt 0.295125 0.044334
vt 0.242363 0.289156
vt 0.241797 0.267940
vt 0.246719 0.265713
vt 0.203706 0.525553
vt 0.190197 0.510637
vt 0.113196 0.374421
vt 0.410573 0.410722
vt 0.375223 0.418575
vt 0.356801 0.409709
vt 0.356990 0.402698
vt 0.559305 0.019093
vt 0.977867 0.552062
vt 0.976528 0.575218
vt 0.973904 0.549034
vt 0.439808 0.595184
vt 0.552658 0.588859
vt 0.528154 0.591514
vt 0.524229 0.584810
vt 0.880909 0.485512
vt 0.875171 0.491841
vt 0.881701 0.463066
vt 0.727180 0.594058
vt 0.763283 0.594968
vt 0.906737 0.444570
vt 0.899632 0.468534
vt 0.414962 0.594851
vt 0.893643 0.673831
vt 0.892600 0.726506
vt 0.888248 0.710751
vt 0.912531 0.419368
vt 0.909153 0.417238
vt 0.951403 0.583241
vt 0.938079 0.585058
vt 0.936917 0.581926
vt 0.417726 0.591631
vt 0.703449 0.010364
vt 0.722438 0.006297
vt 0.897898 0.003147
vt 0.902157 0.004778
vt 0.894525 0.033940
vt 0.601829 0.013977
vt 0.575467 0.009933
vt 0.604215 0.009502
vt 0.879188 0.137240
vt 0.876413 0.153951
vt 0.856821 0.187100
vt 0.619522 -0.000000
vt 0.865304 0.200328
vt 0.120961 0.010964
vt 0.090618 0.012226
vt 0.121558 0.006822
vt 0.886782 0.092764
vt 0.899105 0.063131
vt 0.908913 0.056579
vt 0.250583 0.011668
vt 0.277990 0.007930
vt 0.277055 0.011698
vt 0.231929 -0.000000
vt 0.250768 0.008782
vt 0.900232 0.417238
vt 0.916090 0.003247
vt 0.917994 -0.000000
vt 0.835035 0.563973
vt 0.839730 0.590399
vt 0.813562 0.590578
vt 0.453598 0.311806
vt 0.427301 0.293996
vt 0.451208 0.283902
vt 0.463974 0.158252
vt 0.460522 0.175390
vt 0.439407 0.188350
vt 0.459785 0.191918
vt 0.972623 0.444715
vt 0.968075 0.415286
vt 0.506131 0.221983
vt 0.987875 0.204809
vt 0.981850 0.239829
vt 0.840479 0.255661
vt 0.622068 0.252138
vt 0.511575 0.100591
vt 0.509376 0.666852
vt 0.479946 0.661775
vt 0.831497 0.335197
vt 0.835941 0.320815
vt 0.504223 0.617678
vt 0.481093 0.613909
vt 0.500643 0.595942
vt 0.840165 0.294707
vt 0.838824 0.268869
vt 0.937883 0.181665
vt 0.990075 0.142743
vt 0.979793 0.146383
vt 0.846862 0.163816
vt 0.527520 0.708542
vt 0.508942 0.729879
vt 0.919872 0.485423
vt 0.949734 0.554193
vt 0.445769 0.516824
vt 0.448421 0.536134
vt 0.935972 0.556968
vt 0.596723 0.060211
vt 0.616337 0.053529
vt 0.617889 0.074602
vt 0.538181 0.064397
vt 0.512791 0.079474
vt 0.463834 0.073301
vt 0.975544 0.037180
vt 0.838841 0.051237
vt 0.484261 0.303931
vt 0.512836 0.314079
vt 0.454994 0.362445
vt 0.477581 0.728801
vt 0.484181 0.208758
vt 0.488606 0.193451
vt 0.494921 0.169941
vt 0.485320 0.737068
vt 0.500243 0.746949
vt 0.527520 0.599569
vt 0.544918 0.623801
vt 0.527737 0.622933
vt 0.167681 0.605736
vt 0.577008 0.028909
vt 0.601577 0.047347
vt 0.591579 0.561114
vt 0.573168 0.235842
vt 0.570833 0.090028
vt 0.567437 0.111956
vt 0.580482 0.156393
vt 0.553698 0.141424
vt 0.567921 0.130968
vt 0.588939 0.517925
vt 0.582757 0.547245
vt 0.685987 0.118507
vt 0.793569 0.069480
vt 0.815040 0.052313
vt 0.793848 0.084709
vt 0.558239 0.472553
vt 0.580921 0.492790
vt 0.515761 0.354902
vt 0.535979 0.143548
vt 0.621100 0.141680
vt 0.646548 0.092900
vt 0.791255 0.057922
vt 0.548143 0.433132
vt 0.625337 0.281646
vt 0.309262 0.049621
vt 0.313554 0.064611
vt 0.274774 0.028649
vt 0.453616 0.595942
vt 0.477581 0.618074
vt 0.448308 0.627945
vt 0.239313 0.308389
vt 0.241573 0.324828
vt 0.222796 0.323921
vt 0.270976 0.161128
vt 0.315796 0.157270
vt 0.296877 0.153975
vt 0.319592 0.374875
vt 0.327792 0.385359
vt 0.414307 0.391191
vt 0.393649 0.376488
vt 0.477581 0.727135
vt 0.324000 0.239251
vt 0.299484 0.238305
vt 0.412436 0.207159
vt 0.077311 0.631732
vt 0.050838 0.625842
vt 0.075575 0.617582
vt 0.474408 0.661584
vt 0.445269 0.668473
vt 0.017133 0.321983
vt 0.166464 0.301633
vt 0.224875 0.265073
vt 0.326701 0.221885
vt 0.320332 0.209336
vt 0.339920 0.204297
vt 0.315921 0.144292
vt 0.005931 0.122218
vt 0.227552 0.127233
vt 0.283615 0.132249
vt 0.427301 0.708707
vt 0.445838 0.729766
vt 0.015694 0.405626
vt 0.138348 0.409165
vt 0.110747 0.407976
vt 0.469081 0.737142
vt 0.456191 0.747838
vt 0.326302 0.491332
vt 0.415601 0.495198
vt 0.114879 0.632139
vt 0.114879 0.644411
vt 0.330397 0.541604
vt 0.299751 0.537782
vt 0.244419 0.558669
vt 0.373666 0.287607
vt 0.397671 0.318586
vt 0.356326 0.115098
vt 0.347291 0.287699
vt 0.363776 0.195355
vt 0.388344 0.154007
vt 0.269880 0.599841
vt 0.282499 0.596599
vt 0.282499 0.620806
vt 0.392848 0.406286
vt 0.295180 0.560609
vt 0.299722 0.567340
vt 0.268177 0.576455
vt 0.276082 0.237537
vt 0.301899 0.442375
vt 0.297639 0.470176
vt 0.266181 0.546395
vt 0.259513 0.060963
vt 0.169550 0.340267
vt 0.194942 0.335788
vt 0.061432 0.355808
vt 0.087220 0.403909
vt 0.060737 0.017288
vt 0.057990 0.058250
vt 0.032885 0.042048
vt 0.014230 0.290509
vt 0.319027 0.587012
vt 0.324501 0.572771
vt 0.017049 0.015480
vt 0.013476 0.035181
vt 0.108591 0.593524
vt 0.364880 0.306892
vt 0.340110 0.312265
vt 0.601517 0.250106
vt 0.606266 0.268523
vt 0.251575 0.232543
vt 0.196269 0.119809
vt 0.225508 0.113837
vt 0.175688 0.404957
vt 0.792756 0.595942
vt 0.792004 0.108441
vt 0.679351 0.044132
vt 0.460347 0.443374
vt 0.460706 0.050485
vt 0.548520 0.536552
vt 0.520332 0.533568
vt 0.649590 0.030450
vt 0.611925 0.040739
vt 0.621602 0.022327
vt 0.734472 0.523312
vt 0.142625 0.335462
vt 0.137974 0.356506
vt 0.054085 0.340980
vt 0.646689 0.659701
vt 0.646689 0.595942
vt 0.650062 0.622928
vt 0.207048 0.053644
vt 0.200499 0.028351
vt 0.381031 0.534859
vt 0.191461 0.356411
vt 0.191023 0.372945
vt 0.229596 0.023041
vt 0.113475 0.432718
vt 0.035691 0.355605
vt 0.158447 0.421495
vt 0.901471 0.000000
vt 0.953506 0.259565
vt 0.947163 0.199494
vt 0.939436 0.380949
vt 0.438185 0.483970
vt 0.459589 0.419599
vt 0.939131 0.499471
vt 0.936262 0.492443
vt 0.974507 0.148104
vt 0.516484 0.131142
vt 0.509065 0.283414
vt 0.419601 0.388555
vt 0.420587 0.222705
vt 0.418714 0.248809
vt 0.982147 0.335685
vt 0.418007 0.208294
vt 0.329669 0.395882
vt 0.427301 0.266160
vt 0.978395 0.020045
vt 0.977247 0.055874
vt 0.369248 0.406200
vt 0.392019 0.422031
vt -0.000000 0.466169
vt 0.996733 0.274831
vt 0.303840 0.620257
vt 0.300561 0.644014
vt 0.300561 0.596599
vt -0.000000 0.124996
vt 0.010933 0.295729
vt 0.993490 0.575110
vt 0.974586 0.020295
vt 0.293140 0.016629
vt 0.871704 0.527775
vt 0.110623 0.596599
vt 0.838143 0.593408
vt 0.303444 0.591724
vt 0.873618 0.138691
vt 0.989997 0.576804
vt 0.978013 0.578194
vt 0.898949 0.826655
vt 0.898650 0.822193
vt 0.912531 0.824400
vt 0.908425 0.033169
vt 0.916090 0.005846
vt 0.020193 0.011764
vt 0.297573 0.650014
vt 0.297573 0.596599
vt 0.300561 0.624851
vt 0.974549 0.000100
vt 0.202410 0.002672
vt 0.231526 0.004625
vt 0.912474 0.002217
vt 0.979294 0.279061
vt 0.961443 0.023977
vt 0.962072 0.000000
vt 0.638532 0.576612
vt 0.622680 0.584380
vt 0.608234 0.590604
vt 0.539131 0.027581
vt 0.541989 0.051227
vt 0.434317 0.044350
vt 0.460662 0.016384
vt 0.917236 0.054243
vt 0.529836 0.291078
vt 0.529972 0.308557
vt 0.506372 0.635009
vt 0.428440 0.315816
vt 0.536237 0.340760
vt 0.959356 0.285384
vt 0.960095 0.307167
vt 0.930976 0.156732
vt 0.849343 0.203438
vt 0.991534 0.175590
vt 0.445207 0.448900
vt 0.442279 0.415726
vt 0.533705 0.362147
vt 0.512329 0.688113
vt 0.517671 0.699126
vt 0.438318 0.390408
vt 0.433107 0.360156
vt 0.231322 0.596599
vt 0.241594 0.627317
vt 0.231322 0.631717
vt 0.832051 0.368677
vt 0.836433 0.403158
vt 0.710944 0.373733
vt 0.597730 0.231887
vt 0.557148 0.118353
vt 0.433564 0.340885
vt 0.457158 0.336490
vt 0.525581 0.268888
vt 0.939185 0.256944
vt 0.931396 0.243541
vt 0.983505 0.253009
vt 0.990861 0.280181
vt 0.523762 0.489665
vt 0.497682 0.484811
vt 0.527520 0.649576
vt 0.538727 0.646736
vt 0.974491 0.468266
vt 0.485661 0.325163
vt 0.516652 0.330977
vt 0.593232 0.633868
vt 0.614470 0.619320
vt 0.616803 0.639827
vt 0.269880 0.618928
vt 0.258032 0.625810
vt 0.258032 0.596599
vt 0.026069 0.615486
vt 0.050838 0.599351
vt 0.050838 0.632711
vt 0.582885 0.593340
vt 0.146202 0.623150
vt 0.126523 0.623150
vt 0.132710 0.596599
vt 0.677981 0.184391
vt 0.684777 0.373043
vt 0.471920 0.508657
vt 0.550541 0.595942
vt 0.007262 0.611504
vt 0.024242 0.633187
vt -0.000000 0.638970
vt 0.203502 0.622450
vt 0.203502 0.596599
vt 0.219230 0.604569
vt 0.548114 0.462246
vt 0.635414 0.595942
vt 0.616891 0.617204
vt 0.616803 0.599638
vt 0.146202 0.596680
vt 0.161866 0.614087
vt 0.146202 0.620716
vt 0.312972 0.028264
vt 0.337657 0.044436
vt 0.339526 0.024147
vt 0.207555 0.578342
vt 0.223943 0.585362
vt 0.477333 0.642706
vt 0.449813 0.633940
vt 0.324808 0.269956
vt 0.550541 0.655297
vt 0.569081 0.618080
vt 0.568158 0.637549
vt 0.569081 0.631626
vt 0.587524 0.609850
vt 0.593232 0.638927
vt 0.297869 0.136532
vt 0.297821 0.404282
vt 0.316682 0.363454
vt 0.442374 0.688583
vt 0.395353 0.350048
vt 0.219230 0.596748
vt 0.231322 0.596599
vt 0.231322 0.628315
vt 0.017676 0.336994
vt 0.336905 0.095688
vt 0.297376 0.118798
vt 0.352581 0.485776
vt 0.405861 0.516584
vt 0.381422 0.509566
vt 0.257006 0.090426
vt 0.232882 0.065904
vt 0.230447 0.093642
vt 0.092545 0.614439
vt 0.077311 0.625223
vt 0.077311 0.596599
vt 0.371843 0.241160
vt 0.101426 0.623394
vt 0.092545 0.596599
vt 0.114879 0.596599
vt 0.189366 0.596599
vt 0.203502 0.608409
vt 0.189366 0.627109
vt 0.266138 0.593386
vt 0.243448 0.592398
vt 0.166621 0.354216
vt 0.057822 0.072311
vt 0.010894 0.590652
vt 0.854692 0.581030
vt 0.849849 0.613501
vt 0.853329 0.630301
vt 0.870052 0.629508
vt 0.866587 0.647083
vt 0.884899 0.650415
vt 0.875031 0.729286
vt 0.892172 0.755932
vt 0.879089 0.756453
vt 0.882483 0.774944
vt 0.899652 0.776849
vt 0.876742 0.674300
vt 0.875584 0.704518
vt 0.889834 0.443070
vt 0.896874 0.419377
vt 0.865770 0.288936
vt 0.871079 0.312779
vt 0.512940 0.023617
vt 0.676328 0.008905
vt 0.879900 0.200295
vt 0.869623 0.262113
vt 0.865905 0.231905
vt 0.883363 0.229719
vt 0.650547 0.001862
vt 0.372634 0.021124
vt 0.569081 0.595942
vt 0.569983 0.615101
vt 0.258032 0.596599
vt 0.258032 0.618105
vt 0.241594 0.611804
vt 0.839140 0.567322
vt 0.484163 0.222503
vt 0.426627 0.314596
vt 0.178352 0.580750
vt 0.013160 0.015114
vt 0.431359 0.011994
vt 0.477581 0.645195
vt 0.833772 0.351622
vt 0.593232 0.608665
vt 0.598657 0.595942
vt 0.024242 0.596599
vt 0.022755 0.616666
vt 0.024242 0.596599
vt 0.635414 0.641604
vt 0.167681 0.596599
vt 0.635414 0.629988
vt 0.646689 0.618644
vt 0.646689 0.649204
vt 0.550541 0.595942
vt 0.437102 0.699399
vt 0.077311 0.596599
vt 0.287792 0.614465
vt 0.282499 0.596599
vt 0.297573 0.596599
vt 0.092328 0.645044
vt 0.895628 0.153723
vt 0.637504 0.595942
vt 0.487283 0.018236
s 0
f 4/1/1 52/2/1 366/3/1
f 114/4/2 14/5/2 37/6/2
f 85/7/3 25/8/3 150/9/3
f 107/10/4 117/11/4 28/12/4
f 101/13/5 28/12/5 369/14/5
f 126/15/6 34/16/6 125/17/6
f 127/18/7 143/19/7 126/15/7
f 130/20/8 45/21/8 122/22/8
f 99/23/9 151/24/9 25/8/9
f 366/3/10 52/2/10 117/11/10
f 119/25/11 59/26/11 56/27/11
f 39/28/12 73/29/12 72/30/12
f 24/31/13 95/32/13 50/33/13
f 119/25/14 3/34/14 59/26/14
f 88/35/15 98/36/15 103/37/15
f 151/24/16 152/38/16 98/36/16
f 103/37/17 371/39/17 38/40/17
f 28/12/18 6/41/18 113/42/18
f 27/43/19 115/44/19 2/45/19
f 28/12/20 113/42/20 369/14/20
f 132/46/21 7/47/21 56/27/21
f 122/22/22 9/48/22 46/49/22
f 135/50/23 120/51/23 123/52/23
f 412/53/24 29/54/24 30/55/24
f 145/56/25 130/20/25 29/54/25
f 130/20/26 134/57/26 45/21/26
f 151/24/27 21/58/27 25/8/27
f 98/36/28 152/38/28 116/59/28
f 268/60/29 190/61/29 191/62/29
f 242/63/30 255/64/30 282/65/30
f 688/66/31 187/67/31 267/68/31
f 274/69/32 223/70/32 213/71/32
f 283/72/33 288/73/33 285/74/33
f 175/75/34 164/76/34 288/73/34
f 179/77/35 232/78/35 288/73/35
f 198/79/36 303/80/36 297/81/36
f 202/82/37 154/83/37 210/84/37
f 525/85/38 159/86/38 192/87/38
f 229/88/39 297/81/39 234/89/39
f 172/90/40 245/91/40 155/92/40
f 243/93/41 157/94/41 248/95/41
f 251/96/42 240/97/42 263/98/42
f 263/98/43 272/99/43 269/100/43
f 269/100/44 160/101/44 307/102/44
f 410/103/45 353/104/45 64/105/45
f 264/106/46 669/107/46 222/108/46
f 786/109/47 787/110/47 764/111/47
f 799/112/48 804/113/48 805/114/48
f 332/115/49 408/116/49 64/105/49
f 344/117/50 374/118/50 447/119/50
f 391/120/51 356/121/51 355/122/51
f 431/123/52 354/124/52 430/125/52
f 369/14/53 399/126/53 368/127/53
f 382/128/54 375/129/54 381/130/54
f 498/131/55 393/132/55 499/133/55
f 352/134/56 405/135/56 353/104/56
f 436/136/57 348/137/57 759/138/57
f 450/139/58 449/140/58 411/141/58
f 357/142/59 461/143/59 358/144/59
f 351/145/60 48/146/60 410/103/60
f 455/147/61 458/148/61 459/149/61
f 454/150/62 458/148/62 455/147/62
f 457/151/63 77/152/63 350/153/63
f 473/154/64 327/155/64 328/156/64
f 315/157/65 485/158/65 314/159/65
f 527/160/66 603/161/66 526/162/66
f 552/163/67 553/164/67 623/165/67
f 532/166/68 555/167/68 533/168/68
f 566/169/69 567/170/69 565/171/69
f 587/172/70 588/173/70 589/174/70
f 272/175/71 598/176/71 597/177/71
f 341/178/72 608/179/72 607/180/72
f 642/181/73 640/182/73 641/183/73
f 673/184/74 671/185/74 672/186/74
f 605/187/75 528/188/75 529/189/75
f 646/190/76 630/191/76 629/192/76
f 513/193/77 554/194/77 514/195/77
f 540/196/78 575/197/78 574/198/78
f 572/199/79 519/200/79 520/201/79
f 578/202/80 549/203/80 550/204/80
f 644/205/81 603/161/81 602/206/81
f 698/207/82 540/208/82 541/209/82
f 693/210/83 630/191/83 692/211/83
f 537/212/84 692/213/84 630/214/84
f 667/215/85 507/216/85 668/217/85
f 656/218/86 512/219/86 511/220/86
f 299/221/87 654/222/87 710/223/87
f 688/66/88 261/224/88 678/225/88
f 617/226/89 783/227/89 618/228/89
f 759/138/90 760/229/90 436/136/90
f 719/230/91 720/231/91 32/232/91
f 740/233/92 741/234/92 739/235/92
f 227/236/93 737/237/93 746/238/93
f 745/239/94 744/240/94 748/241/94
f 772/242/95 756/243/95 757/244/95
f 768/245/96 766/246/96 767/247/96
f 774/248/97 772/242/97 773/249/97
f 766/246/98 764/111/98 765/250/98
f 141/251/99 757/252/99 756/253/99
f 793/254/100 791/255/100 790/256/100
f 796/257/101 797/258/101 795/259/101
f 792/260/102 785/261/102 793/254/102
f 800/262/103 778/263/103 239/264/103
f 726/265/104 732/266/104 344/267/104
f 141/251/105 777/268/105 312/269/105
f 51/270/106 491/271/106 102/272/106
f 322/273/107 85/7/107 387/274/107
f 129/275/108 324/276/108 9/48/108
f 49/277/109 471/278/109 325/279/109
f 325/279/110 471/278/110 48/146/110
f 326/280/111 108/281/111 107/10/111
f 71/282/112 429/283/112 433/284/112
f 428/285/113 580/286/113 551/287/113
f 147/288/114 336/289/114 146/290/114
f 397/291/115 557/292/115 559/293/115
f 81/294/116 79/295/116 420/296/116
f 70/297/117 422/298/117 429/283/117
f 82/299/118 84/300/118 340/301/118
f 446/302/119 342/303/119 68/304/119
f 71/282/120 57/305/120 430/125/120
f 4/1/121 425/306/121 54/307/121
f 114/4/122 497/308/122 370/309/122
f 371/39/123 114/4/123 370/309/123
f 500/310/124 41/311/124 139/312/124
f 370/309/125 497/308/125 492/313/125
f 393/132/126 498/131/126 152/38/126
f 75/314/127 32/232/127 19/315/127
f 468/316/128 462/317/128 17/318/128
f 17/319/129 74/320/129 468/321/129
f 20/322/130 487/323/130 481/324/130
f 481/324/131 8/325/131 486/326/131
f 486/326/132 8/325/132 93/327/132
f 89/328/133 13/329/133 96/330/133
f 28/12/134 494/331/134 107/10/134
f 13/329/135 495/332/135 109/333/135
f 207/334/136 563/335/136 281/336/136
f 232/78/137 680/337/137 290/338/137
f 272/99/138 529/339/138 160/101/138
f 180/340/139 543/341/139 577/342/139
f 177/343/140 566/344/140 543/341/140
f 544/345/141 283/72/141 545/346/141
f 545/346/142 283/72/142 285/74/142
f 209/347/143 579/348/143 205/349/143
f 552/350/144 622/351/144 199/352/144
f 206/353/145 693/210/145 211/354/145
f 568/355/146 231/356/146 283/72/146
f 670/357/147 581/358/147 705/359/147
f 606/360/148 218/361/148 594/362/148
f 263/98/149 610/363/149 598/364/149
f 603/161/150 644/205/150 271/365/150
f 709/366/151 210/84/151 624/367/151
f 632/368/152 205/349/152 649/369/152
f 222/108/153 218/361/153 606/360/153
f 221/370/154 507/216/154 667/215/154
f 221/370/155 667/215/155 661/371/155
f 677/372/156 688/66/156 267/68/156
f 678/225/157 187/67/157 688/66/157
f 2/45/158 723/373/158 27/43/158
f 241/374/159 747/375/159 240/97/159
f 116/59/160 149/376/160 40/377/160
f 9/48/161 399/126/161 113/42/161
f 46/49/162 113/42/162 6/41/162
f 117/11/163 52/2/163 131/378/163
f 91/379/164 38/40/164 35/380/164
f 81/294/165 87/381/165 24/31/165
f 80/382/166 44/383/166 22/384/166
f 58/385/167 110/386/167 104/387/167
f 116/59/168 103/37/168 98/36/168
f 122/22/169 45/21/169 42/388/169
f 121/389/170 153/390/170 128/391/170
f 16/392/171 2/45/171 115/44/171
f 34/16/172 126/15/172 143/19/172
f 124/393/173 143/19/173 127/18/173
f 38/40/174 91/379/174 103/37/174
f 18/394/175 72/30/175 68/304/175
f 103/37/176 116/59/176 371/39/176
f 85/7/177 22/384/177 25/8/177
f 44/383/178 80/382/178 20/322/178
f 9/48/179 113/42/179 46/49/179
f 86/395/180 23/396/180 20/322/180
f 29/54/181 130/20/181 131/378/181
f 107/10/182 108/281/182 117/11/182
f 131/378/183 6/41/183 117/11/183
f 52/2/184 120/51/184 30/55/184
f 11/397/185 108/281/185 95/32/185
f 112/398/186 56/27/186 7/47/186
f 72/30/187 5/399/187 39/28/187
f 22/384/188 99/23/188 25/8/188
f 26/400/189 92/401/189 91/379/189
f 21/58/190 151/24/190 88/35/190
f 22/384/191 93/327/191 99/23/191
f 102/272/192 11/397/192 51/270/192
f 106/402/193 99/23/193 93/327/193
f 102/272/194 108/281/194 11/397/194
f 56/27/195 112/398/195 58/385/195
f 28/12/196 117/11/196 6/41/196
f 3/34/197 133/403/197 59/26/197
f 59/26/198 132/46/198 56/27/198
f 7/47/199 123/52/199 54/307/199
f 54/307/200 123/52/200 120/51/200
f 6/41/201 130/20/201 46/49/201
f 9/48/202 122/22/202 129/275/202
f 130/20/203 122/22/203 46/49/203
f 121/389/204 149/376/204 153/390/204
f 6/41/205 131/378/205 130/20/205
f 37/6/206 127/18/206 126/15/206
f 133/403/207 132/46/207 59/26/207
f 138/404/208 45/21/208 134/57/208
f 144/405/209 42/388/209 138/404/209
f 41/311/210 137/406/210 139/312/210
f 143/19/211 124/393/211 381/407/211
f 136/408/212 385/409/212 128/391/212
f 34/16/213 143/19/213 142/410/213
f 134/57/214 130/20/214 145/56/214
f 153/390/215 136/408/215 128/391/215
f 88/35/216 151/24/216 98/36/216
f 161/411/217 560/412/217 213/71/217
f 229/88/218 183/413/218 296/414/218
f 279/415/219 155/92/219 175/75/219
f 164/76/220 179/77/220 288/73/220
f 297/81/221 167/416/221 198/79/221
f 267/68/222 187/67/222 194/417/222
f 291/418/223 216/419/223 217/420/223
f 214/421/224 213/71/224 224/422/224
f 276/423/225 274/69/225 213/71/225
f 283/72/226 231/356/226 288/73/226
f 194/417/227 263/98/227 269/100/227
f 265/424/228 249/425/228 251/96/228
f 256/426/229 296/414/229 254/427/229
f 307/102/230 244/428/230 269/100/230
f 190/61/231 264/106/231 188/429/231
f 677/372/232 236/430/232 196/431/232
f 204/432/233 271/365/233 159/86/233
f 267/68/234 194/417/234 193/433/234
f 224/422/235 212/434/235 214/421/235
f 215/435/236 280/436/236 226/437/236
f 247/438/237 164/76/237 180/340/237
f 243/93/238 179/77/238 247/438/238
f 289/439/239 285/74/239 181/440/239
f 234/89/240 170/441/240 229/88/240
f 210/84/241 154/83/241 209/347/241
f 195/442/242 192/87/242 159/86/242
f 217/420/243 286/443/243 289/439/243
f 270/444/244 219/445/244 268/60/244
f 225/446/245 305/447/245 223/70/245
f 191/62/246 189/448/246 677/372/246
f 191/62/247 677/372/247 196/431/247
f 231/356/248 279/415/248 175/75/248
f 261/224/249 228/449/249 227/450/249
f 235/451/250 184/452/250 229/88/250
f 303/80/251 795/259/251 238/453/251
f 242/63/252 155/92/252 245/91/252
f 245/91/253 172/90/253 682/454/253
f 250/455/254 678/225/254 258/456/254
f 258/456/255 678/225/255 241/374/255
f 248/95/256 183/413/256 184/452/256
f 175/75/257 242/63/257 282/65/257
f 193/433/258 194/417/258 269/100/258
f 187/67/259 249/425/259 265/424/259
f 250/455/260 187/67/260 678/225/260
f 198/79/261 252/457/261 300/458/261
f 253/459/262 186/460/262 162/461/262
f 269/100/263 272/99/263 160/101/263
f 251/96/264 241/374/264 240/97/264
f 177/343/265 255/64/265 242/63/265
f 308/462/266 242/63/266 173/463/266
f 444/464/267 341/465/267 380/466/267
f 634/467/268 635/468/268 697/469/268
f 618/228/269 783/227/269 784/470/269
f 790/256/270 791/255/270 654/471/270
f 799/112/271 798/472/271 804/113/271
f 490/473/272 315/157/272 314/159/272
f 422/474/273 416/475/273 421/476/273
f 385/409/274 503/477/274 386/478/274
f 397/291/275 390/479/275 323/480/275
f 407/481/276 411/482/276 408/483/276
f 428/285/277 433/484/277 429/485/277
f 397/291/278 330/486/278 402/487/278
f 417/488/279 334/489/279 412/490/279
f 342/491/280 379/492/280 384/493/280
f 492/313/281 105/494/281 90/495/281
f 105/494/282 484/496/282 90/495/282
f 443/497/283 355/122/283 356/121/283
f 436/136/284 433/484/284 348/137/284
f 444/498/285 358/499/285 376/500/285
f 350/501/286 392/502/286 398/503/286
f 381/407/287 375/504/287 345/505/287
f 382/506/288 381/407/288 343/507/288
f 342/491/289 384/493/289 321/508/289
f 323/480/290 390/479/290 338/509/290
f 329/510/291 396/511/291 395/512/291
f 392/502/292 391/120/292 448/513/292
f 391/120/293 355/122/293 448/513/293
f 352/134/294 406/514/294 405/135/294
f 351/145/295 410/103/295 64/105/295
f 410/103/296 352/134/296 353/104/296
f 450/139/297 411/141/297 65/515/297
f 421/476/298 416/475/298 415/516/298
f 109/333/299 425/306/299 366/3/299
f 425/306/300 4/1/300 366/3/300
f 427/517/301 328/156/301 426/518/301
f 348/137/302 433/484/302 428/285/302
f 444/464/303 380/466/303 445/519/303
f 437/520/304 335/521/304 336/522/304
f 351/145/305 456/523/305 48/146/305
f 75/314/306 463/524/306 461/143/306
f 328/156/307 472/525/307 473/154/307
f 31/526/308 469/527/308 360/528/308
f 472/525/309 347/529/309 478/530/309
f 473/154/310 472/525/310 478/530/310
f 478/530/311 480/531/311 479/532/311
f 479/532/312 60/533/312 478/530/312
f 337/534/313 501/535/313 5/399/313
f 493/536/314 377/537/314 492/313/314
f 339/538/315 152/38/315 498/131/315
f 388/539/316 502/540/316 321/508/316
f 521/541/317 576/542/317 522/543/317
f 506/544/318 460/545/318 504/546/318
f 511/220/319 512/219/319 510/547/319
f 290/338/320 517/548/320 518/549/320
f 527/550/321 601/551/321 603/552/321
f 535/553/322 587/554/322 589/555/322
f 542/556/323 543/341/323 565/557/323
f 557/292/324 558/558/324 559/293/324
f 576/542/325 577/342/325 542/556/325
f 527/550/326 586/559/326 534/560/326
f 609/561/327 607/562/327 608/563/327
f 597/177/328 598/176/328 599/564/328
f 601/551/329 604/565/329 602/566/329
f 605/187/330 272/175/330 597/177/330
f 612/567/331 188/429/331 614/568/331
f 619/569/332 617/226/332 618/228/332
f 620/570/333 622/351/333 623/571/333
f 638/572/334 639/573/334 648/574/334
f 645/575/335 642/576/335 641/577/335
f 642/181/336 643/578/336 640/182/336
f 206/353/337 647/579/337 629/192/337
f 609/561/338 685/580/338 749/581/338
f 611/582/339 610/583/339 713/584/339
f 596/585/340 341/178/340 607/180/340
f 598/176/341 611/582/341 599/564/341
f 610/363/342 611/586/342 598/364/342
f 603/161/343 601/587/343 602/206/343
f 629/192/344 647/579/344 646/190/344
f 646/190/345 691/588/345 648/589/345
f 691/588/346 646/190/346 647/579/346
f 673/184/347 273/590/347 671/185/347
f 555/591/348 556/592/348 533/593/348
f 636/594/349 698/207/349 651/595/349
f 539/596/350 540/196/350 574/198/350
f 577/342/351 543/341/351 542/556/351
f 573/597/352 572/199/352 520/201/352
f 637/598/353 203/599/353 700/600/353
f 232/78/354 156/601/354 675/602/354
f 232/78/355 675/602/355 680/337/355
f 550/204/356 704/603/356 578/202/356
f 551/604/357 580/605/357 579/348/357
f 551/604/358 579/348/358 617/226/358
f 596/606/359 641/183/359 640/182/359
f 572/199/360 699/607/360 627/608/360
f 696/609/361 546/610/361 635/468/361
f 582/611/362 700/600/362 524/612/362
f 600/613/363 686/614/363 260/615/363
f 700/600/364 523/616/364 524/612/364
f 703/617/365 582/611/365 704/603/365
f 706/618/366 550/204/366 660/619/366
f 706/618/367 707/620/367 548/621/367
f 707/620/368 668/217/368 548/621/368
f 660/619/369 667/215/369 707/620/369
f 668/217/370 507/216/370 508/622/370
f 695/623/371 569/624/371 284/625/371
f 613/626/372 679/627/372 189/448/372
f 536/628/373 672/186/373 671/185/373
f 526/162/374 586/629/374 527/160/374
f 652/630/375 592/631/375 591/632/375
f 762/633/376 479/532/376 480/531/376
f 373/634/377 735/635/377 313/636/377
f 720/231/378 733/637/378 726/265/378
f 727/638/379 730/639/379 731/640/379
f 728/641/380 729/642/380 725/643/380
f 734/644/381 2/45/381 729/645/381
f 734/644/382 723/373/382 2/45/382
f 747/646/383 241/647/383 748/241/383
f 741/234/384 749/581/384 753/648/384
f 743/649/385 750/650/385 751/651/385
f 745/239/386 748/241/386 241/647/386
f 754/652/387 747/646/387 755/653/387
f 732/654/388 753/655/388 752/656/388
f 685/580/389 752/657/389 749/581/389
f 773/658/390 772/659/390 757/252/390
f 760/660/391 761/661/391 758/662/391
f 769/663/392 771/664/392 770/665/392
f 763/666/393 765/250/393 764/111/393
f 771/667/394 792/260/394 770/668/394
f 765/250/395 767/247/395 766/246/395
f 776/669/396 769/663/396 770/665/396
f 777/268/397 141/251/397 756/253/397
f 776/670/398 770/668/398 790/256/398
f 780/671/399 778/672/399 779/673/399
f 785/261/400 787/110/400 786/109/400
f 788/674/401 789/675/401 781/676/401
f 791/677/402 793/678/402 794/679/402
f 792/260/403 793/254/403 790/256/403
f 764/111/404 788/674/404 786/109/404
f 654/222/405 802/680/405 790/681/405
f 777/682/406 805/114/406 804/113/406
f 759/138/407 618/683/407 784/684/407
f 313/685/408 735/686/408 724/687/408
f 439/688/409 318/689/409 69/690/409
f 420/296/410 79/295/410 455/147/410
f 452/691/411 440/692/411 416/693/411
f 416/693/412 440/692/412 451/694/412
f 321/508/413 601/551/413 527/550/413
f 601/551/414 321/508/414 384/493/414
f 528/188/415 386/695/415 503/696/415
f 136/408/416 503/477/416 385/409/416
f 533/593/417 395/512/417 534/560/417
f 49/277/418 456/523/418 78/697/418
f 48/146/419 456/523/419 325/279/419
f 565/171/420 334/489/420 542/698/420
f 565/171/421 409/699/421 334/489/421
f 145/56/422 412/53/422 409/700/422
f 10/701/423 326/280/423 107/10/423
f 328/156/424 467/702/424 347/529/424
f 429/283/425 71/282/425 70/297/425
f 400/703/426 457/151/426 464/704/426
f 330/705/427 138/404/427 402/706/427
f 403/707/428 465/708/428 331/709/428
f 404/710/429 134/57/429 333/711/429
f 81/294/430 420/296/430 87/381/430
f 81/294/431 471/278/431 49/277/431
f 573/712/432 415/516/432 574/198/432
f 65/515/433 416/693/433 451/694/433
f 522/713/434 319/714/434 335/521/434
f 336/289/435 320/715/435 135/50/435
f 77/152/436 387/716/436 506/717/436
f 534/560/437 388/539/437 527/550/437
f 589/174/438 338/509/438 390/479/438
f 388/539/439 321/508/439 527/550/439
f 152/38/440 339/538/440 149/376/440
f 599/564/441 382/128/441 597/177/441
f 143/19/442 381/407/442 345/505/442
f 604/565/443 379/492/443 595/718/443
f 608/179/444 341/178/444 311/719/444
f 447/720/445 66/721/445 344/267/445
f 311/719/446 685/722/446 608/179/446
f 142/410/447 345/505/447 313/685/447
f 97/723/448 346/724/448 434/725/448
f 468/321/449 435/726/449 462/727/449
f 433/284/450 67/728/450 71/282/450
f 623/165/451 437/520/451 620/729/451
f 147/288/452 437/730/452 336/289/452
f 349/731/453 406/514/453 453/732/453
f 441/733/454 398/503/454 392/502/454
f 350/153/455 77/152/455 391/734/455
f 392/502/456 448/513/456 441/733/456
f 69/690/457 353/104/457 405/135/457
f 65/515/458 414/735/458 450/139/458
f 79/295/459 414/735/459 418/736/459
f 430/125/460 354/124/460 70/297/460
f 354/124/461 458/148/461 424/737/461
f 355/122/462 443/497/462 448/513/462
f 356/738/463 506/717/463 504/739/463
f 357/740/464 76/741/464 461/742/464
f 444/498/465 376/500/465 447/743/465
f 60/533/466 359/744/466 489/745/466
f 469/527/467 33/746/467 360/528/467
f 471/278/468 361/747/468 23/396/468
f 361/747/469 471/278/469 50/33/469
f 89/328/470 362/748/470 97/723/470
f 362/748/471 89/328/471 432/749/471
f 53/750/472 474/751/472 363/752/472
f 432/749/473 89/328/473 96/330/473
f 484/496/474 364/753/474 90/495/474
f 33/746/475 365/754/475 484/496/475
f 368/127/476 106/402/476 101/13/476
f 369/14/477 368/127/477 101/13/477
f 425/306/478 118/755/478 54/307/478
f 377/537/479 493/536/479 370/309/479
f 371/39/480 370/309/480 493/536/480
f 372/756/481 148/757/481 140/758/481
f 492/313/482 377/537/482 370/309/482
f 476/759/483 26/400/483 383/760/483
f 457/761/484 350/501/484 398/503/484
f 474/751/485 420/296/485 12/762/485
f 424/737/486 440/692/486 452/691/486
f 96/330/487 13/329/487 423/763/487
f 110/386/488 100/764/488 434/725/488
f 60/533/489 97/723/489 362/748/489
f 438/765/490 141/251/490 148/757/490
f 462/727/491 467/702/491 57/305/491
f 21/58/492 470/766/492 150/9/492
f 93/327/493 22/384/493 486/326/493
f 97/723/494 60/533/494 489/745/494
f 494/331/495 47/767/495 10/701/495
f 28/12/496 101/13/496 494/331/496
f 129/275/497 42/388/497 41/311/497
f 508/622/498 509/768/498 616/769/498
f 507/216/499 221/370/499 655/770/499
f 561/771/500 178/772/500 514/773/500
f 515/774/501 694/775/501 171/776/501
f 518/549/502 581/358/502 293/777/502
f 680/337/503 517/548/503 290/338/503
f 570/778/504 291/418/504 663/779/504
f 627/608/505 519/200/505 572/199/505
f 523/616/506 700/600/506 203/599/506
f 531/780/507 583/781/507 274/69/507
f 585/782/508 691/588/508 628/783/508
f 587/554/509 162/461/509 186/460/509
f 537/212/510 630/214/510 646/784/510
f 629/192/511 630/191/511 206/353/511
f 546/610/512 696/609/512 538/785/512
f 658/786/513 538/785/513 696/609/513
f 575/787/514 540/208/514 698/207/514
f 635/788/515 546/789/515 631/790/515
f 209/347/516 617/226/516 579/348/516
f 693/791/517 692/213/517 554/792/517
f 308/462/518 173/463/518 558/793/518
f 171/776/519 694/775/519 560/412/519
f 568/355/520 237/794/520 231/356/520
f 176/795/521 569/624/521 695/623/521
f 287/796/522 571/797/522 292/798/522
f 704/603/523 182/799/523 578/202/523
f 295/800/524 157/94/524 521/541/524
f 581/358/525 517/548/525 185/801/525
f 581/358/526 670/357/526 664/802/526
f 583/803/527 537/212/527 591/804/527
f 186/460/528 588/805/528 587/554/528
f 676/806/529 590/807/529 671/185/529
f 591/804/530 639/808/530 652/809/530
f 593/810/531 594/362/531 218/361/531
f 640/182/532 595/811/532 596/606/532
f 687/812/533 641/577/533 607/813/533
f 272/99/534 263/98/534 598/364/534
f 606/360/535 197/814/535 220/815/535
f 612/567/536 614/568/536 262/816/536
f 263/98/537 240/97/537 610/363/537
f 613/626/538 189/448/538 188/429/538
f 264/106/539 614/568/539 188/429/539
f 616/769/540 709/366/540 624/367/540
f 653/817/541 625/818/541 211/354/541
f 169/819/542 649/369/542 703/617/542
f 207/334/543 634/467/543 697/469/543
f 178/820/544 635/468/544 653/817/544
f 292/798/545 650/821/545 636/594/545
f 701/822/546 649/369/546 205/349/546
f 652/823/547 639/824/547 711/825/547
f 648/589/548 691/588/548 638/826/548
f 645/575/549 641/577/549 687/812/549
f 259/827/550 712/828/550 657/829/550
f 659/830/551 286/443/551 658/786/551
f 661/371/552 667/215/552 660/619/552
f 264/106/553 268/60/553 669/107/553
f 218/361/554 222/108/554 669/107/554
f 689/831/555 192/87/555 665/832/555
f 259/827/556 666/833/556 220/815/556
f 268/60/557 219/445/557 669/107/557
f 298/834/558 221/370/558 661/371/558
f 674/835/559 237/794/559 174/836/559
f 677/372/560 679/627/560 688/66/560
f 189/448/561 679/627/561 677/372/561
f 228/449/562 261/224/562 613/626/562
f 181/440/563 232/78/563 290/338/563
f 682/454/564 253/459/564 257/837/564
f 682/454/565 690/838/565 253/459/565
f 160/101/566 186/460/566 307/102/566
f 239/839/567 684/840/567 302/841/567
f 714/842/568 308/462/568 558/793/568
f 174/836/569 237/794/569 568/355/569
f 298/834/570 710/223/570 221/370/570
f 750/843/571 712/828/571 310/844/571
f 798/845/572 302/841/572 621/846/572
f 745/847/573 678/225/573 227/450/573
f 241/374/574 678/225/574 745/847/574
f 141/251/575 133/403/575 757/252/575
f 792/260/576 763/666/576 785/261/576
f 764/111/577 766/246/577 789/675/577
f 799/112/578 805/114/578 756/243/578
f 778/672/579 780/671/579 300/458/579
f 798/845/580 239/839/580 302/841/580
f 489/745/581 346/724/581 97/723/581
f 472/525/582 328/156/582 347/529/582
f 506/717/583 391/734/583 77/152/583
f 438/765/584 132/46/584 133/403/584
f 399/126/585 369/14/585 113/42/585
f 178/820/586 626/848/586 516/849/586
f 94/850/587 10/701/587 483/851/587
f 31/526/588 727/638/588 731/640/588
f 612/567/589 511/220/589 510/547/589
f 544/345/590 547/852/590 284/625/590
f 519/200/591 627/608/591 701/822/591
f 703/617/592 550/204/592 169/819/592
f 213/71/593 694/775/593 224/422/593
f 575/787/594 699/607/594 572/199/594
f 185/801/595 702/853/595 165/854/595
f 590/807/596 307/102/596 690/838/596
f 651/595/597 292/798/597 636/594/597
f 652/630/598 159/86/598 592/631/598
f 233/855/599 671/185/599 273/590/599
f 199/352/600 256/426/600 552/350/600
f 170/441/601 235/451/601 229/88/601
f 112/398/602 54/307/602 118/755/602
f 53/750/603 11/397/603 95/32/603
f 88/35/604 91/379/604 92/401/604
f 73/29/605 68/304/605 72/30/605
f 102/272/606 117/11/606 108/281/606
f 86/395/607 471/278/607 23/396/607
f 80/382/608 86/395/608 20/322/608
f 140/758/609 7/47/609 132/46/609
f 725/856/610 125/17/610 34/16/610
f 114/4/611 40/377/611 14/5/611
f 30/55/612 131/378/612 52/2/612
f 42/388/613 129/275/613 122/22/613
f 24/31/614 471/278/614 81/294/614
f 100/764/615 58/385/615 112/398/615
f 123/52/616 7/47/616 55/857/616
f 104/387/617 61/858/617 58/385/617
f 57/305/618 67/728/618 462/727/618
f 726/265/619 19/315/619 32/232/619
f 63/859/620 18/394/620 68/304/620
f 17/319/621 67/728/621 62/860/621
f 32/232/622 31/526/622 731/640/622
f 83/861/623 31/526/623 15/862/623
f 88/35/624 26/400/624 21/58/624
f 53/750/625 24/31/625 87/381/625
f 38/40/626 493/536/626 35/380/626
f 94/850/627 326/280/627 10/701/627
f 393/132/628 152/38/628 151/24/628
f 8/325/629 106/402/629 93/327/629
f 111/863/630 488/864/630 1/865/630
f 393/132/631 151/24/631 99/23/631
f 61/858/632 56/27/632 58/385/632
f 121/389/633 40/377/633 149/376/633
f 114/4/634 371/39/634 116/59/634
f 52/2/635 4/1/635 120/51/635
f 127/18/636 14/5/636 124/393/636
f 125/17/637 2/45/637 16/392/637
f 126/15/638 36/866/638 37/6/638
f 128/391/639 14/5/639 40/377/639
f 4/1/640 54/307/640 120/51/640
f 125/17/641 36/866/641 126/15/641
f 135/50/642 30/55/642 120/51/642
f 385/409/643 124/393/643 128/391/643
f 146/290/644 123/52/644 55/857/644
f 147/288/645 55/857/645 140/758/645
f 138/404/646 42/388/646 45/21/646
f 42/388/647 137/406/647 41/311/647
f 142/410/648 725/856/648 34/16/648
f 780/671/649 303/80/649 198/79/649
f 150/9/650 25/8/650 21/58/650
f 116/59/651 152/38/651 149/376/651
f 193/433/652 236/430/652 267/68/652
f 156/601/653 232/78/653 179/77/653
f 289/439/654 518/549/654 293/777/654
f 305/447/655 219/445/655 196/431/655
f 229/88/656 184/452/656 183/413/656
f 172/90/657 230/867/657 277/868/657
f 196/431/658 268/60/658 191/62/658
f 271/365/659 195/442/659 159/86/659
f 274/69/660 225/446/660 223/70/660
f 212/434/661 226/437/661 280/436/661
f 215/435/662 658/786/662 280/436/662
f 288/73/663 181/440/663 285/74/663
f 255/64/664 164/76/664 282/65/664
f 248/95/665 254/427/665 183/413/665
f 258/456/666 251/96/666 250/455/666
f 265/424/667 263/98/667 194/417/667
f 678/225/668 261/224/668 227/450/668
f 251/96/669 249/425/669 250/455/669
f 245/91/670 257/837/670 246/869/670
f 196/870/671 219/871/671 270/872/671
f 161/411/672 213/71/672 223/70/672
f 242/63/673 246/869/673 173/463/673
f 213/71/674 214/421/674 276/423/674
f 172/90/675 279/415/675 230/867/675
f 167/416/676 229/88/676 296/414/676
f 247/438/677 179/77/677 164/76/677
f 217/420/678 216/419/678 286/443/678
f 254/427/679 296/414/679 183/413/679
f 200/873/680 238/453/680 301/874/680
f 749/581/681 208/875/681 609/561/681
f 209/347/682 632/368/682 210/84/682
f 260/615/683 310/844/683 197/814/683
f 217/420/684 293/777/684 291/418/684
f 259/827/685 220/815/685 197/814/685
f 161/411/686 275/876/686 560/412/686
f 305/447/687 225/446/687 219/445/687
f 581/358/688 663/779/688 293/777/688
f 290/338/689 518/549/689 181/440/689
f 305/447/690 273/590/690 223/70/690
f 163/877/691 223/70/691 273/590/691
f 191/62/692 190/61/692 189/448/692
f 309/878/693 299/221/693 301/874/693
f 275/876/694 171/776/694 560/412/694
f 297/81/695 238/453/695 234/89/695
f 167/416/696 252/457/696 198/79/696
f 236/430/697 677/372/697 267/68/697
f 279/415/698 231/356/698 237/794/698
f 175/75/699 288/73/699 231/356/699
f 780/671/700 198/79/700 300/458/700
f 184/452/701 243/93/701 248/95/701
f 193/433/702 244/428/702 158/879/702
f 243/93/703 156/601/703 179/77/703
f 242/63/704 175/75/704 155/92/704
f 247/438/705 157/94/705 243/93/705
f 194/417/706 187/67/706 265/424/706
f 250/455/707 249/425/707 187/67/707
f 244/428/708 307/102/708 158/879/708
f 164/76/709 175/75/709 282/65/709
f 246/869/710 278/880/710 173/463/710
f 308/462/711 177/343/711 242/63/711
f 248/95/712 295/800/712 254/427/712
f 254/427/713 552/350/713 256/426/713
f 255/64/714 543/341/714 180/340/714
f 257/837/715 162/461/715 278/880/715
f 236/430/716 233/855/716 196/431/716
f 233/855/717 305/447/717 196/431/717
f 337/534/718 506/544/718 387/274/718
f 306/881/719 236/430/719 158/879/719
f 753/648/720 749/581/720 752/657/720
f 760/660/721 759/882/721 761/661/721
f 332/883/722 407/481/722 408/483/722
f 415/516/723 416/475/723 65/884/723
f 422/474/724 428/285/724 429/485/724
f 388/539/725 389/885/725 502/540/725
f 343/507/726 385/409/726 386/478/726
f 379/886/727 380/466/727 341/465/727
f 374/118/728 311/719/728 341/178/728
f 445/519/729 358/144/729 444/464/729
f 505/887/730 443/497/730 356/121/730
f 375/504/731 313/685/731 345/505/731
f 405/135/732 406/514/732 349/731/732
f 444/888/733 374/118/733 341/178/733
f 389/885/734 395/512/734 396/511/734
f 379/492/735 342/491/735 380/889/735
f 414/735/736 449/140/736 450/139/736
f 392/502/737 350/501/737 391/120/737
f 409/699/738 412/490/738 334/489/738
f 415/516/739 65/884/739 411/482/739
f 335/521/740 320/890/740 336/522/740
f 320/890/741 319/714/741 417/488/741
f 459/149/742 466/891/742 427/517/742
f 426/518/743 328/156/743 327/155/743
f 406/514/744 465/892/744 453/732/744
f 532/166/745 534/893/745 585/782/745
f 539/894/746 562/895/746 540/208/746
f 589/174/747 559/293/747 535/896/747
f 574/897/748 572/199/748 573/597/748
f 541/209/749 540/208/749 562/895/749
f 522/543/750 295/800/750 521/541/750
f 584/898/751 591/632/751 592/631/751
f 585/782/752 534/893/752 586/629/752
f 564/899/753 555/167/753 563/335/753
f 613/626/754 188/429/754 612/567/754
f 620/729/755 621/900/755 622/901/755
f 639/902/756 638/826/756 711/903/756
f 646/190/757 648/589/757 639/902/757
f 609/561/758 608/563/758 685/580/758
f 607/562/759 641/183/759 596/606/759
f 602/566/760 604/565/760 595/718/760
f 529/339/761 272/99/761 605/904/761
f 714/905/762 567/170/762 566/169/762
f 580/906/763 519/907/763 579/908/763
f 635/468/764 634/467/764 653/817/764
f 565/557/765 543/341/765 566/344/765
f 576/542/766 521/541/766 577/342/766
f 528/188/767 588/173/767 529/189/767
f 637/598/768 649/369/768 203/599/768
f 552/350/769 295/800/769 553/909/769
f 169/819/770 632/368/770 649/369/770
f 617/226/771 619/569/771 551/604/771
f 623/571/772 622/351/772 552/350/772
f 643/578/773 642/181/773 600/613/773
f 660/619/774 550/204/774 549/203/774
f 668/217/775 707/620/775 667/215/775
f 707/620/776 706/618/776 660/619/776
f 558/793/777 715/910/777 714/842/777
f 754/911/778 713/584/778 610/583/778
f 716/912/779 621/900/779 620/729/779
f 785/913/780 508/622/780 507/216/780
f 719/230/781 731/640/781 730/639/781
f 732/266/782 726/265/782 733/637/782
f 729/642/783 728/641/783 734/914/783
f 227/450/784 744/915/784 745/847/784
f 735/686/785 736/916/785 724/687/785
f 750/843/786 739/235/786 751/917/786
f 763/666/787 771/667/787 762/918/787
f 755/919/788 736/920/788 735/635/788
f 732/921/789 733/922/789 753/923/789
f 311/719/790 344/117/790 732/654/790
f 765/250/791 763/666/791 762/918/791
f 790/256/792 770/668/792 792/260/792
f 782/924/793 783/925/793 781/676/793
f 756/243/794 805/114/794 777/682/794
f 799/926/795 239/839/795 798/845/795
f 779/673/796 795/259/796 780/671/796
f 781/676/797 789/675/797 782/924/797
f 764/927/798 789/928/798 788/929/798
f 785/913/799 794/679/799 793/678/799
f 804/930/800 621/900/800 716/912/800
f 801/931/801 802/680/801 803/932/801
f 803/932/802 802/680/802 654/222/802
f 784/933/803 761/661/803 759/882/803
f 134/57/804 402/706/804 138/404/804
f 769/663/805 488/864/805 489/745/805
f 404/934/806 557/292/806 402/487/806
f 732/654/807 685/722/807 311/719/807
f 312/935/808 620/729/808 437/520/808
f 716/912/809 777/936/809 804/930/809
f 312/269/810 148/757/810 141/251/810
f 713/584/811 735/635/811 373/634/811
f 724/687/812 142/410/812 313/685/812
f 315/157/813 717/937/813 718/938/813
f 33/746/814 314/159/814 485/158/814
f 490/473/815 314/159/815 105/494/815
f 485/158/816 718/938/816 721/939/816
f 480/531/817 765/940/817 762/633/817
f 468/321/818 316/941/818 435/726/818
f 480/531/819 435/726/819 316/941/819
f 74/320/820 765/940/820 316/941/820
f 436/942/821 758/943/821 62/860/821
f 618/683/822 348/137/822 619/944/822
f 403/945/823 80/382/823 317/946/823
f 317/947/824 465/708/824 403/707/824
f 464/704/825 317/947/825 400/703/825
f 439/688/826 401/948/826 318/689/826
f 80/382/827 400/949/827 317/946/827
f 318/950/828 401/951/828 556/592/828
f 423/763/829 491/271/829 51/270/829
f 51/270/830 96/330/830 423/763/830
f 421/476/831 573/712/831 520/952/831
f 420/296/832 474/751/832 87/381/832
f 135/50/833 417/953/833 412/53/833
f 319/714/834 576/954/834 417/488/834
f 505/887/835 321/955/835 502/956/835
f 68/304/836 321/955/836 63/859/836
f 394/957/837 85/7/837 322/273/837
f 528/188/838 605/187/838 386/695/838
f 77/152/839 394/958/839 322/959/839
f 441/733/840 389/960/840 396/961/840
f 77/962/841 322/963/841 387/964/841
f 534/560/842 395/512/842 388/539/842
f 397/291/843 589/174/843 390/479/843
f 144/405/844 323/965/844 137/406/844
f 137/406/845 338/966/845 139/312/845
f 324/276/846 499/133/846 496/967/846
f 9/48/847 496/967/847 399/126/847
f 324/276/848 500/310/848 339/538/848
f 407/481/849 539/596/849 411/482/849
f 408/116/850 449/140/850 64/105/850
f 108/281/851 482/968/851 95/32/851
f 412/53/852 145/56/852 29/54/852
f 466/891/853 328/156/853 427/517/853
f 327/155/854 475/969/854 426/518/854
f 335/521/855 623/165/855 553/164/855
f 400/949/856 22/384/856 394/957/856
f 457/151/857 400/703/857 394/958/857
f 329/510/858 556/592/858 401/951/858
f 441/733/859 329/970/859 442/971/859
f 329/970/860 401/948/860 442/971/860
f 533/593/861 329/510/861 395/512/861
f 330/705/862 144/405/862 138/404/862
f 557/292/863 397/291/863 402/487/863
f 48/146/864 86/395/864 331/972/864
f 407/481/865 564/973/865 563/974/865
f 331/972/866 465/892/866 48/146/866
f 403/945/867 331/972/867 86/395/867
f 318/950/868 564/973/868 332/883/868
f 353/104/869 332/115/869 64/105/869
f 69/690/870 332/115/870 353/104/870
f 409/699/871 567/170/871 333/975/871
f 145/56/872 333/711/872 134/57/872
f 333/975/873 715/976/873 404/934/873
f 78/697/874 81/294/874 49/277/874
f 411/482/875 574/198/875 415/516/875
f 417/488/876 542/698/876 334/489/876
f 422/474/877 520/952/877 580/286/877
f 580/286/878 428/285/878 422/474/878
f 422/298/879 452/691/879 416/693/879
f 387/274/880 150/9/880 337/534/880
f 553/164/881 522/713/881 335/521/881
f 135/50/882 146/290/882 336/289/882
f 443/497/883 389/960/883 448/513/883
f 501/535/884 337/534/884 150/9/884
f 460/545/885 337/534/885 5/399/885
f 338/966/886 136/408/886 139/312/886
f 502/956/887 443/497/887 505/887/887
f 338/509/888 528/188/888 503/696/888
f 339/538/889 153/390/889 149/376/889
f 498/131/890 499/133/890 339/538/890
f 378/977/891 82/299/891 340/301/891
f 340/301/892 76/978/892 378/977/892
f 84/979/893 461/742/893 340/980/893
f 341/178/894 595/718/894 379/492/894
f 599/564/895 375/129/895 382/128/895
f 384/493/896 604/565/896 601/551/896
f 445/519/897 342/303/897 446/302/897
f 343/981/898 605/187/898 597/177/898
f 375/129/899 713/584/899 373/634/899
f 382/128/900 343/981/900 597/177/900
f 66/721/901 726/265/901 344/267/901
f 142/410/902 143/19/902 345/505/902
f 35/380/903 492/313/903 90/495/903
f 110/386/904 346/724/904 104/387/904
f 105/494/905 33/746/905 484/496/905
f 104/387/906 488/864/906 111/863/906
f 435/726/907 478/530/907 347/529/907
f 347/529/908 462/727/908 435/726/908
f 62/860/909 433/284/909 436/942/909
f 428/285/910 619/944/910 348/137/910
f 69/690/911 349/731/911 439/688/911
f 140/758/912 148/757/912 437/730/912
f 147/288/913 140/758/913 437/730/913
f 43/982/914 453/732/914 464/983/914
f 349/731/915 43/982/915 439/688/915
f 449/140/916 351/145/916 64/105/916
f 351/984/917 78/985/917 456/986/917
f 57/305/918 431/123/918 430/125/918
f 465/892/919 410/103/919 48/146/919
f 70/297/920 71/282/920 430/125/920
f 431/123/921 467/702/921 466/891/921
f 451/694/922 414/735/922 65/515/922
f 406/514/923 352/134/923 465/892/923
f 78/697/924 414/735/924 79/295/924
f 354/124/925 466/891/925 458/148/925
f 452/691/926 354/124/926 424/737/926
f 463/524/927 358/144/927 461/143/927
f 356/987/928 504/988/928 505/989/928
f 359/990/929 769/991/929 489/992/929
f 359/744/930 762/633/930 771/664/930
f 479/532/931 359/744/931 60/533/931
f 722/993/932 485/158/932 721/939/932
f 360/528/933 727/638/933 31/526/933
f 485/158/934 360/528/934 33/746/934
f 50/33/935 482/968/935 361/747/935
f 94/850/936 361/747/936 482/968/936
f 473/154/937 432/749/937 475/969/937
f 363/752/938 96/330/938 53/750/938
f 362/994/939 473/995/939 478/996/939
f 363/752/940 475/969/940 432/749/940
f 91/379/941 364/753/941 383/760/941
f 364/753/942 84/300/942 82/299/942
f 383/760/943 82/299/943 476/759/943
f 35/380/944 90/495/944 364/753/944
f 365/754/945 469/527/945 83/861/945
f 364/753/946 83/861/946 84/300/946
f 484/496/947 365/754/947 364/753/947
f 102/272/948 366/3/948 419/997/948
f 367/998/949 499/133/949 393/132/949
f 366/3/950 491/271/950 109/333/950
f 399/126/951 367/998/951 368/127/951
f 106/402/952 368/127/952 367/998/952
f 118/755/953 109/333/953 495/332/953
f 19/315/954 447/720/954 376/999/954
f 153/390/955 500/310/955 139/312/955
f 139/312/956 136/408/956 153/390/956
f 372/756/957 140/758/957 132/46/957
f 372/756/958 438/765/958 148/757/958
f 84/300/959 83/861/959 15/862/959
f 84/300/960 15/862/960 75/314/960
f 19/315/961 463/524/961 75/314/961
f 39/28/962 476/759/962 378/977/962
f 76/978/963 39/28/963 378/977/963
f 446/1000/964 76/741/964 357/740/964
f 440/692/965 418/736/965 451/694/965
f 357/142/966 445/519/966 446/302/966
f 26/400/967 91/379/967 383/760/967
f 441/733/968 442/971/968 398/503/968
f 10/701/969 107/10/969 494/331/969
f 418/736/970 424/737/970 454/150/970
f 459/1001/971 420/1002/971 455/1003/971
f 419/997/972 366/3/972 117/11/972
f 474/1004/973 426/1005/973 475/1006/973
f 423/763/974 13/329/974 109/333/974
f 424/737/975 458/148/975 454/150/975
f 12/762/976 427/517/976 426/518/976
f 43/982/977 442/971/977 439/688/977
f 89/328/978 97/723/978 434/725/978
f 478/530/979 60/533/979 362/748/979
f 438/765/980 133/403/980 141/251/980
f 464/983/981 398/503/981 43/982/981
f 26/400/982 470/766/982 21/58/982
f 15/862/983 31/526/983 75/314/983
f 470/766/984 501/535/984 150/9/984
f 39/28/985 470/766/985 477/1007/985
f 481/324/986 44/383/986 20/322/986
f 476/759/987 477/1007/987 26/400/987
f 474/751/988 53/750/988 87/381/988
f 47/1008/989 481/1009/989 487/1010/989
f 483/851/990 47/767/990 487/323/990
f 22/384/991 44/383/991 486/326/991
f 483/851/992 20/322/992 23/396/992
f 94/850/993 483/851/993 23/396/993
f 1/865/994 769/663/994 776/669/994
f 27/43/995 717/937/995 490/473/995
f 434/725/996 13/329/996 89/328/996
f 101/13/997 47/767/997 494/331/997
f 490/473/998 105/494/998 27/43/998
f 27/43/999 105/494/999 492/313/999
f 100/764/1000 13/329/1000 434/725/1000
f 118/755/1001 100/764/1001 112/398/1001
f 497/308/1002 27/43/1002 492/313/1002
f 37/6/1003 497/308/1003 114/4/1003
f 497/308/1004 16/392/1004 115/44/1004
f 36/866/1005 16/392/1005 497/308/1005
f 505/1011/1006 18/1012/1006 63/1013/1006
f 500/310/1007 129/275/1007 41/311/1007
f 5/399/1008 72/30/1008 460/545/1008
f 72/30/1009 504/546/1009 460/545/1009
f 154/83/1010 783/227/1010 617/226/1010
f 508/622/1011 786/1014/1011 509/768/1011
f 655/770/1012 785/913/1012 507/216/1012
f 709/366/1013 509/768/1013 201/1015/1013
f 201/1015/1014 786/1014/1014 788/1016/1014
f 512/219/1015 737/1017/1015 510/547/1015
f 228/449/1016 737/1017/1016 227/450/1016
f 612/567/1017 510/547/1017 228/449/1017
f 262/816/1018 511/220/1018 612/567/1018
f 656/218/1019 738/1018/1019 512/219/1019
f 516/1019/1020 514/773/1020 178/772/1020
f 212/434/1021 280/436/1021 514/195/1021
f 693/791/1022 513/1020/1022 516/1019/1022
f 280/436/1023 561/1021/1023 514/195/1023
f 514/195/1024 214/421/1024 212/434/1024
f 281/336/1025 555/167/1025 625/818/1025
f 224/422/1026 695/623/1026 226/437/1026
f 171/1022/1027 695/1023/1027 515/1024/1027
f 694/775/1028 515/774/1028 224/422/1028
f 626/848/1029 653/817/1029 211/354/1029
f 570/1025/1030 582/1026/1030 524/1027/1030
f 182/799/1031 663/779/1031 662/1028/1031
f 571/797/1032 524/612/1032 292/798/1032
f 180/340/1033 521/541/1033 157/94/1033
f 523/616/1034 650/821/1034 292/798/1034
f 204/432/1035 526/162/1035 603/161/1035
f 525/85/1036 584/898/1036 592/631/1036
f 525/85/1037 689/831/1037 304/1029/1037
f 304/1029/1038 584/898/1038 525/85/1038
f 592/631/1039 159/86/1039 525/85/1039
f 586/629/1040 711/903/1040 638/826/1040
f 160/101/1041 588/805/1041 186/460/1041
f 271/365/1042 204/432/1042 603/161/1042
f 530/1030/1043 274/69/1043 276/423/1043
f 537/212/1044 530/1031/1044 692/213/1044
f 530/1031/1045 554/792/1045 692/213/1045
f 554/194/1046 276/423/1046 214/421/1046
f 532/166/1047 628/783/1047 633/1032/1047
f 583/1033/1048 531/1034/1048 537/1035/1048
f 173/463/1049 535/553/1049 559/1036/1049
f 278/880/1050 587/554/1050 535/553/1050
f 536/628/1051 277/868/1051 672/186/1051
f 172/90/1052 536/628/1052 682/454/1052
f 536/628/1053 690/838/1053 682/454/1053
f 658/786/1054 287/796/1054 538/785/1054
f 590/807/1055 536/628/1055 671/185/1055
f 562/895/1056 698/207/1056 541/209/1056
f 546/610/1057 538/785/1057 287/796/1057
f 284/625/1058 176/795/1058 544/345/1058
f 283/72/1059 176/795/1059 568/355/1059
f 547/852/1060 285/74/1060 289/439/1060
f 651/595/1061 546/610/1061 287/796/1061
f 286/443/1062 547/852/1062 289/439/1062
f 547/852/1063 215/435/1063 284/625/1063
f 624/367/1064 548/621/1064 616/769/1064
f 550/204/1065 706/618/1065 548/621/1065
f 708/1037/1066 550/204/1066 548/621/1066
f 549/203/1067 294/1038/1067 660/619/1067
f 625/818/1068 532/166/1068 633/1032/1068
f 696/609/1069 280/436/1069 658/786/1069
f 559/1036/1070 558/793/1070 173/463/1070
f 630/191/1071 693/210/1071 206/353/1071
f 696/609/1072 178/820/1072 561/1021/1072
f 207/334/1073 562/895/1073 563/335/1073
f 308/462/1074 566/344/1074 177/343/1074
f 226/437/1075 284/625/1075 215/435/1075
f 570/778/1076 216/419/1076 291/418/1076
f 216/419/1077 287/796/1077 286/443/1077
f 662/1028/1078 578/202/1078 182/799/1078
f 519/200/1079 205/349/1079 579/348/1079
f 680/337/1080 235/451/1080 702/853/1080
f 680/337/1081 185/801/1081 517/548/1081
f 705/359/1082 185/801/1082 165/854/1082
f 649/369/1083 582/611/1083 703/617/1083
f 663/779/1084 581/358/1084 664/802/1084
f 700/600/1085 582/611/1085 637/598/1085
f 584/898/1086 274/69/1086 583/781/1086
f 638/826/1087 585/782/1087 586/629/1087
f 158/879/1088 676/806/1088 306/881/1088
f 646/784/1089 591/804/1089 537/212/1089
f 266/1039/1090 192/87/1090 195/442/1090
f 266/1039/1091 594/362/1091 593/810/1091
f 665/832/1092 593/810/1092 218/361/1092
f 600/613/1093 606/360/1093 594/362/1093
f 602/206/1094 640/182/1094 644/205/1094
f 642/181/1095 686/614/1095 600/613/1095
f 222/108/1096 614/568/1096 264/106/1096
f 643/578/1097 600/613/1097 266/1039/1097
f 260/615/1098 197/814/1098 606/360/1098
f 607/562/1099 609/561/1099 687/1040/1099
f 613/626/1100 612/567/1100 228/449/1100
f 666/833/1101 262/816/1101 614/568/1101
f 208/875/1102 686/614/1102 645/1041/1102
f 208/875/1103 740/233/1103 260/615/1103
f 168/1042/1104 615/1043/1104 298/834/1104
f 615/1043/1105 234/89/1105 200/873/1105
f 234/89/1106 166/1044/1106 170/441/1106
f 299/221/1107 200/873/1107 301/874/1107
f 615/1043/1108 710/223/1108 298/834/1108
f 616/1045/1109 668/1046/1109 508/1047/1109
f 622/351/1110 302/841/1110 199/352/1110
f 617/226/1111 209/347/1111 154/83/1111
f 624/367/1112 632/368/1112 708/1037/1112
f 650/821/1113 627/608/1113 699/607/1113
f 653/817/1114 281/336/1114 625/818/1114
f 701/822/1115 627/608/1115 203/599/1115
f 206/353/1116 628/783/1116 647/579/1116
f 697/469/1117 651/595/1117 698/207/1117
f 628/783/1118 691/588/1118 647/579/1118
f 211/354/1119 633/1032/1119 206/353/1119
f 697/469/1120 635/468/1120 631/1048/1120
f 632/368/1121 209/347/1121 205/349/1121
f 632/368/1122 169/819/1122 708/1037/1122
f 634/467/1123 281/336/1123 653/817/1123
f 699/607/1124 636/594/1124 650/821/1124
f 687/1040/1125 208/875/1125 645/1041/1125
f 203/599/1126 649/369/1126 701/822/1126
f 644/205/1127 640/182/1127 643/578/1127
f 266/1049/1128 644/1050/1128 643/1051/1128
f 654/222/1129 794/679/1129 655/770/1129
f 652/1052/1130 711/1053/1130 204/1054/1130
f 710/223/1131 655/770/1131 221/370/1131
f 309/878/1132 654/222/1132 299/221/1132
f 656/218/1133 743/1055/1133 742/1056/1133
f 657/829/1134 262/816/1134 259/827/1134
f 712/828/1135 743/1055/1135 657/829/1135
f 225/446/1136 689/831/1136 219/445/1136
f 219/445/1137 689/831/1137 665/832/1137
f 660/619/1138 670/357/1138 661/371/1138
f 689/831/1139 525/85/1139 192/87/1139
f 215/435/1140 659/830/1140 658/786/1140
f 705/359/1141 661/371/1141 670/357/1141
f 168/1042/1142 298/834/1142 661/371/1142
f 662/1028/1143 663/779/1143 664/802/1143
f 665/832/1144 669/107/1144 219/445/1144
f 220/815/1145 222/108/1145 606/360/1145
f 277/868/1146 673/184/1146 672/186/1146
f 673/184/1147 275/876/1147 163/877/1147
f 230/867/1148 681/1057/1148 277/868/1148
f 673/184/1149 163/877/1149 273/590/1149
f 275/876/1150 674/835/1150 174/836/1150
f 237/794/1151 230/867/1151 279/415/1151
f 184/452/1152 675/602/1152 156/601/1152
f 261/224/1153 679/627/1153 613/626/1153
f 233/855/1154 306/881/1154 676/806/1154
f 256/426/1155 252/457/1155 296/414/1155
f 186/460/1156 690/838/1156 307/102/1156
f 186/460/1157 253/459/1157 690/838/1157
f 252/457/1158 684/840/1158 300/458/1158
f 199/352/1159 684/840/1159 683/1058/1159
f 568/355/1160 171/776/1160 174/836/1160
f 300/458/1161 684/840/1161 239/839/1161
f 190/61/1162 188/429/1162 189/448/1162
f 165/854/1163 170/441/1163 166/1044/1163
f 291/418/1164 293/777/1164 663/779/1164
f 166/1044/1165 705/359/1165 165/854/1165
f 210/84/1166 201/1015/1166 202/82/1166
f 259/827/1167 310/844/1167 712/828/1167
f 610/363/1168 747/375/1168 754/1059/1168
f 723/1060/1169 737/237/1169 717/1061/1169
f 718/1062/1170 737/237/1170 738/1063/1170
f 721/1064/1171 738/1063/1171 742/1065/1171
f 730/1066/1172 739/1067/1172 719/1068/1172
f 720/231/1173 726/265/1173 32/232/1173
f 720/1069/1174 739/1067/1174 741/1070/1174
f 733/922/1175 741/1070/1175 753/923/1175
f 722/1071/1176 742/1065/1176 743/649/1176
f 743/649/1177 727/1072/1177 722/1071/1177
f 734/914/1178 746/238/1178 723/1060/1178
f 724/1073/1179 748/241/1179 725/643/1179
f 736/1074/1180 747/646/1180 724/1073/1180
f 728/641/1181 744/240/1181 734/914/1181
f 748/241/1182 728/641/1182 725/643/1182
f 751/651/1183 730/1066/1183 727/1072/1183
f 3/34/1184 757/252/1184 133/403/1184
f 740/233/1185 749/581/1185 741/234/1185
f 740/233/1186 750/843/1186 310/844/1186
f 772/242/1187 778/263/1187 756/243/1187
f 758/943/1188 17/319/1188 62/860/1188
f 778/263/1189 800/262/1189 756/243/1189
f 796/1075/1190 779/1076/1190 772/242/1190
f 773/658/1191 3/34/1191 119/25/1191
f 758/662/1192 789/675/1192 768/245/1192
f 761/661/1193 782/924/1193 758/662/1193
f 763/666/1194 787/110/1194 785/261/1194
f 17/319/1195 767/1077/1195 74/320/1195
f 789/675/1196 766/246/1196 768/245/1196
f 774/1078/1197 119/25/1197 61/858/1197
f 790/256/1198 802/1079/1198 776/670/1198
f 796/1075/1199 774/248/1199 797/1080/1199
f 111/863/1200 774/1078/1200 61/858/1200
f 775/1081/1201 797/1080/1201 774/248/1201
f 801/1082/1202 776/670/1202 802/1079/1202
f 800/262/1203 799/112/1203 756/243/1203
f 1/865/1204 775/1083/1204 111/863/1204
f 202/82/1205 788/1016/1205 781/1084/1205
f 239/839/1206 778/672/1206 300/458/1206
f 781/1084/1207 154/83/1207 202/82/1207
f 301/874/1208 797/258/1208 801/931/1208
f 797/258/1209 238/453/1209 795/259/1209
f 309/878/1210 801/931/1210 803/932/1210
f 49/277/1211 325/279/1211 456/523/1211
f 518/549/1212 517/548/1212 581/358/1212
f 704/1085/1213 582/1026/1213 182/1086/1213
f 264/106/1214 190/61/1214 268/60/1214
f 489/745/1215 488/864/1215 346/724/1215
f 506/717/1216 356/738/1216 391/734/1216
f 438/765/1217 372/756/1217 132/46/1217
f 178/820/1218 653/817/1218 626/848/1218
f 544/345/1219 545/346/1219 547/852/1219
f 703/617/1220 704/603/1220 550/204/1220
f 213/71/1221 560/412/1221 694/775/1221
f 575/787/1222 698/207/1222 699/607/1222
f 185/801/1223 680/337/1223 702/853/1223
f 590/807/1224 158/879/1224 307/102/1224
f 651/595/1225 287/796/1225 292/798/1225
f 652/630/1226 204/432/1226 159/86/1226
f 233/855/1227 676/806/1227 671/185/1227
f 199/352/1228 683/1058/1228 256/426/1228
f 170/441/1229 702/853/1229 235/451/1229
f 112/398/1230 7/47/1230 54/307/1230
f 53/750/1231 51/270/1231 11/397/1231
f 88/35/1232 103/37/1232 91/379/1232
f 73/1087/1233 446/1088/1233 68/1089/1233
f 102/272/1234 419/997/1234 117/11/1234
f 140/758/1235 55/857/1235 7/47/1235
f 725/856/1236 729/645/1236 125/17/1236
f 114/4/1237 116/59/1237 40/377/1237
f 30/55/1238 29/54/1238 131/378/1238
f 24/31/1239 50/33/1239 471/278/1239
f 100/764/1240 110/386/1240 58/385/1240
f 104/387/1241 111/863/1241 61/858/1241
f 57/305/1242 71/282/1242 67/728/1242
f 726/265/1243 66/721/1243 19/315/1243
f 17/319/1244 462/727/1244 67/728/1244
f 32/232/1245 75/314/1245 31/526/1245
f 83/861/1246 469/527/1246 31/526/1246
f 88/35/1247 92/401/1247 26/400/1247
f 53/750/1248 95/32/1248 24/31/1248
f 38/40/1249 371/39/1249 493/536/1249
f 94/850/1250 482/968/1250 326/280/1250
f 8/325/1251 101/13/1251 106/402/1251
f 61/858/1252 119/25/1252 56/27/1252
f 121/389/1253 128/391/1253 40/377/1253
f 127/18/1254 37/6/1254 14/5/1254
f 125/17/1255 729/645/1255 2/45/1255
f 128/391/1256 124/393/1256 14/5/1256
f 125/17/1257 16/392/1257 36/866/1257
f 135/50/1258 412/53/1258 30/55/1258
f 385/409/1259 381/407/1259 124/393/1259
f 146/290/1260 135/50/1260 123/52/1260
f 147/288/1261 146/290/1261 55/857/1261
f 42/388/1262 144/405/1262 137/406/1262
f 142/410/1263 724/687/1263 725/856/1263
f 780/671/1264 795/259/1264 303/80/1264
f 193/433/1265 158/879/1265 236/430/1265
f 289/439/1266 181/440/1266 518/549/1266
f 196/431/1267 270/444/1267 268/60/1267
f 271/365/1268 644/205/1268 195/442/1268
f 274/69/1269 304/1029/1269 225/446/1269
f 212/434/1270 224/422/1270 226/437/1270
f 288/73/1271 232/78/1271 181/440/1271
f 255/64/1272 180/340/1272 164/76/1272
f 258/456/1273 241/374/1273 251/96/1273
f 265/424/1274 251/96/1274 263/98/1274
f 245/91/1275 682/454/1275 257/837/1275
f 242/63/1276 245/91/1276 246/869/1276
f 172/90/1277 155/92/1277 279/415/1277
f 167/416/1278 297/81/1278 229/88/1278
f 200/873/1279 234/89/1279 238/453/1279
f 749/581/1280 740/233/1280 208/875/1280
f 260/615/1281 740/233/1281 310/844/1281
f 217/420/1282 289/439/1282 293/777/1282
f 161/411/1283 163/877/1283 275/876/1283
f 305/447/1284 233/855/1284 273/590/1284
f 163/877/1285 161/411/1285 223/70/1285
f 275/876/1286 174/836/1286 171/776/1286
f 297/81/1287 303/80/1287 238/453/1287
f 167/416/1288 296/414/1288 252/457/1288
f 184/452/1289 156/601/1289 243/93/1289
f 193/433/1290 269/100/1290 244/428/1290
f 247/438/1291 180/340/1291 157/94/1291
f 246/869/1292 257/837/1292 278/880/1292
f 248/95/1293 157/94/1293 295/800/1293
f 254/427/1294 295/800/1294 552/350/1294
f 255/64/1295 177/343/1295 543/341/1295
f 257/837/1296 253/459/1296 162/461/1296
f 236/430/1297 306/881/1297 233/855/1297
f 337/534/1298 460/545/1298 506/544/1298
f 343/507/1299 381/407/1299 385/409/1299
f 374/118/1300 344/117/1300 311/719/1300
f 445/519/1301 357/142/1301 358/144/1301
f 375/504/1302 373/1090/1302 313/685/1302
f 444/888/1303 447/119/1303 374/118/1303
f 389/885/1304 388/539/1304 395/512/1304
f 414/735/1305 413/1091/1305 449/140/1305
f 335/521/1306 319/714/1306 320/890/1306
f 459/149/1307 458/148/1307 466/891/1307
f 532/166/1308 533/168/1308 534/893/1308
f 539/894/1309 563/335/1309 562/895/1309
f 574/897/1310 575/787/1310 572/199/1310
f 522/543/1311 553/909/1311 295/800/1311
f 584/898/1312 583/781/1312 591/632/1312
f 564/899/1313 556/1092/1313 555/167/1313
f 714/905/1314 715/976/1314 567/170/1314
f 580/605/1315 520/201/1315 519/200/1315
f 528/188/1316 589/174/1316 588/173/1316
f 558/558/1317 557/292/1317 715/976/1317
f 754/911/1318 755/919/1318 713/584/1318
f 719/230/1319 32/232/1319 731/640/1319
f 227/450/1320 746/1093/1320 744/915/1320
f 750/843/1321 740/233/1321 739/235/1321
f 763/666/1322 792/260/1322 771/667/1322
f 782/924/1323 784/933/1323 783/925/1323
f 799/112/1324 800/262/1324 239/264/1324
f 779/673/1325 796/257/1325 795/259/1325
f 804/1094/1326 798/845/1326 621/846/1326
f 134/57/1327 404/710/1327 402/706/1327
f 404/934/1328 715/976/1328 557/292/1328
f 732/654/1329 752/656/1329 685/722/1329
f 312/935/1330 716/912/1330 620/729/1330
f 716/912/1331 312/935/1331 777/936/1331
f 312/269/1332 437/730/1332 148/757/1332
f 713/584/1333 755/919/1333 735/635/1333
f 315/157/1334 490/473/1334 717/937/1334
f 33/746/1335 105/494/1335 314/159/1335
f 485/158/1336 315/157/1336 718/938/1336
f 480/531/1337 316/941/1337 765/940/1337
f 468/321/1338 74/320/1338 316/941/1338
f 74/320/1339 767/1077/1339 765/940/1339
f 436/942/1340 760/1095/1340 758/943/1340
f 618/683/1341 759/138/1341 348/137/1341
f 403/945/1342 86/395/1342 80/382/1342
f 317/947/1343 453/1096/1343 465/708/1343
f 464/704/1344 453/1096/1344 317/947/1344
f 439/688/1345 442/971/1345 401/948/1345
f 423/763/1346 109/333/1346 491/271/1346
f 51/270/1347 53/750/1347 96/330/1347
f 421/476/1348 415/516/1348 573/712/1348
f 135/50/1349 320/715/1349 417/953/1349
f 319/714/1350 522/713/1350 576/954/1350
f 505/887/1351 63/859/1351 321/955/1351
f 68/304/1352 342/303/1352 321/955/1352
f 394/957/1353 22/384/1353 85/7/1353
f 77/152/1354 457/151/1354 394/958/1354
f 441/733/1355 448/513/1355 389/960/1355
f 397/291/1356 559/293/1356 589/174/1356
f 144/405/1357 397/1097/1357 323/965/1357
f 137/406/1358 323/965/1358 338/966/1358
f 324/276/1359 339/538/1359 499/133/1359
f 9/48/1360 324/276/1360 496/967/1360
f 324/276/1361 129/275/1361 500/310/1361
f 407/481/1362 563/974/1362 539/596/1362
f 408/116/1363 411/141/1363 449/140/1363
f 108/281/1364 326/280/1364 482/968/1364
f 466/891/1365 467/702/1365 328/156/1365
f 327/155/1366 473/154/1366 475/969/1366
f 335/521/1367 437/520/1367 623/165/1367
f 400/949/1368 80/382/1368 22/384/1368
f 329/510/1369 533/593/1369 556/592/1369
f 441/733/1370 396/961/1370 329/970/1370
f 330/705/1371 397/1097/1371 144/405/1371
f 48/146/1372 471/278/1372 86/395/1372
f 407/481/1373 332/883/1373 564/973/1373
f 318/950/1374 556/592/1374 564/973/1374
f 69/690/1375 318/689/1375 332/115/1375
f 409/699/1376 565/171/1376 567/170/1376
f 145/56/1377 409/700/1377 333/711/1377
f 333/975/1378 567/170/1378 715/976/1378
f 78/697/1379 79/295/1379 81/294/1379
f 411/482/1380 539/596/1380 574/198/1380
f 417/488/1381 576/954/1381 542/698/1381
f 422/474/1382 421/476/1382 520/952/1382
f 422/298/1383 70/297/1383 452/691/1383
f 387/274/1384 85/7/1384 150/9/1384
f 443/497/1385 502/956/1385 389/960/1385
f 338/966/1386 503/477/1386 136/408/1386
f 338/509/1387 589/174/1387 528/188/1387
f 339/538/1388 500/310/1388 153/390/1388
f 378/977/1389 476/759/1389 82/299/1389
f 340/980/1390 461/742/1390 76/741/1390
f 84/300/1391 75/314/1391 461/143/1391
f 341/178/1392 596/585/1392 595/718/1392
f 599/564/1393 611/582/1393 375/129/1393
f 384/493/1394 379/492/1394 604/565/1394
f 445/519/1395 380/466/1395 342/303/1395
f 343/981/1396 386/695/1396 605/187/1396
f 375/129/1397 611/582/1397 713/584/1397
f 35/380/1398 493/536/1398 492/313/1398
f 110/386/1399 434/725/1399 346/724/1399
f 104/387/1400 346/724/1400 488/864/1400
f 435/726/1401 480/531/1401 478/530/1401
f 347/529/1402 467/702/1402 462/727/1402
f 62/860/1403 67/728/1403 433/284/1403
f 428/285/1404 551/287/1404 619/944/1404
f 69/690/1405 405/135/1405 349/731/1405
f 43/982/1406 349/731/1406 453/732/1406
f 449/140/1407 413/1091/1407 351/145/1407
f 351/984/1408 413/1098/1408 78/985/1408
f 57/305/1409 467/702/1409 431/123/1409
f 465/892/1410 352/134/1410 410/103/1410
f 451/694/1411 418/736/1411 414/735/1411
f 78/985/1412 413/1098/1412 414/1099/1412
f 354/124/1413 431/123/1413 466/891/1413
f 452/691/1414 70/297/1414 354/124/1414
f 463/524/1415 376/999/1415 358/144/1415
f 359/990/1416 771/1100/1416 769/991/1416
f 359/744/1417 479/532/1417 762/633/1417
f 722/993/1418 360/528/1418 485/158/1418
f 360/528/1419 722/993/1419 727/638/1419
f 50/33/1420 95/32/1420 482/968/1420
f 94/850/1421 23/396/1421 361/747/1421
f 473/154/1422 362/748/1422 432/749/1422
f 363/752/1423 432/749/1423 96/330/1423
f 363/752/1424 474/751/1424 475/969/1424
f 91/379/1425 35/380/1425 364/753/1425
f 383/760/1426 364/753/1426 82/299/1426
f 365/754/1427 33/746/1427 469/527/1427
f 364/753/1428 365/754/1428 83/861/1428
f 102/272/1429 491/271/1429 366/3/1429
f 367/998/1430 496/967/1430 499/133/1430
f 399/126/1431 496/967/1431 367/998/1431
f 367/998/1432 393/132/1432 106/402/1432
f 393/132/1433 99/23/1433 106/402/1433
f 118/755/1434 425/306/1434 109/333/1434
f 19/315/1435 66/721/1435 447/720/1435
f 19/315/1436 376/999/1436 463/524/1436
f 39/28/1437 477/1007/1437 476/759/1437
f 76/978/1438 73/29/1438 39/28/1438
f 446/302/1439 73/29/1439 76/978/1439
f 440/692/1440 424/737/1440 418/736/1440
f 454/150/1441 455/147/1441 79/295/1441
f 79/295/1442 418/736/1442 454/150/1442
f 459/1001/1443 12/1101/1443 420/1002/1443
f 474/751/1444 12/762/1444 426/518/1444
f 12/1101/1445 459/1001/1445 427/1102/1445
f 43/982/1446 398/503/1446 442/971/1446
f 464/983/1447 457/761/1447 398/503/1447
f 26/400/1448 477/1007/1448 470/766/1448
f 470/766/1449 5/399/1449 501/535/1449
f 39/28/1450 5/399/1450 470/766/1450
f 481/324/1451 486/326/1451 44/383/1451
f 47/1008/1452 8/1103/1452 481/1009/1452
f 483/851/1453 10/701/1453 47/767/1453
f 483/851/1454 487/323/1454 20/322/1454
f 1/865/1455 488/864/1455 769/663/1455
f 27/43/1456 723/373/1456 717/937/1456
f 101/13/1457 8/325/1457 47/767/1457
f 100/764/1458 495/332/1458 13/329/1458
f 118/755/1459 495/332/1459 100/764/1459
f 497/308/1460 115/44/1460 27/43/1460
f 37/6/1461 36/866/1461 497/308/1461
f 505/1011/1462 504/1104/1462 18/1012/1462
f 72/30/1463 18/394/1463 504/546/1463
f 154/83/1464 781/1084/1464 783/227/1464
f 508/622/1465 785/913/1465 786/1014/1465
f 655/770/1466 794/679/1466 785/913/1466
f 709/366/1467 616/769/1467 509/768/1467
f 201/1015/1468 509/768/1468 786/1014/1468
f 512/219/1469 738/1018/1469 737/1017/1469
f 228/449/1470 510/547/1470 737/1017/1470
f 262/1105/1471 656/1106/1471 511/1107/1471
f 656/218/1472 742/1056/1472 738/1018/1472
f 516/1019/1473 513/1020/1473 514/773/1473
f 693/791/1474 554/792/1474 513/1020/1474
f 514/195/1475 554/194/1475 214/421/1475
f 281/336/1476 563/335/1476 555/167/1476
f 224/422/1477 515/774/1477 695/623/1477
f 171/1022/1478 176/1108/1478 695/1023/1478
f 693/210/1479 516/849/1479 211/354/1479
f 516/849/1480 626/848/1480 211/354/1480
f 570/1025/1481 182/1086/1481 582/1026/1481
f 182/799/1482 570/778/1482 663/779/1482
f 571/797/1483 570/778/1483 524/612/1483
f 180/340/1484 577/342/1484 521/541/1484
f 523/616/1485 203/599/1485 650/821/1485
f 292/798/1486 524/612/1486 523/616/1486
f 204/432/1487 711/903/1487 526/162/1487
f 586/629/1488 526/162/1488 711/903/1488
f 160/101/1489 529/339/1489 588/805/1489
f 530/1030/1490 531/780/1490 274/69/1490
f 537/212/1491 531/1109/1491 530/1031/1491
f 554/194/1492 530/1030/1492 276/423/1492
f 532/166/1493 585/782/1493 628/783/1493
f 173/463/1494 278/880/1494 535/553/1494
f 278/880/1495 162/461/1495 587/554/1495
f 536/628/1496 172/90/1496 277/868/1496
f 536/628/1497 590/807/1497 690/838/1497
f 658/786/1498 286/443/1498 287/796/1498
f 562/895/1499 697/469/1499 698/207/1499
f 284/625/1500 569/624/1500 176/795/1500
f 283/72/1501 544/345/1501 176/795/1501
f 547/852/1502 545/346/1502 285/74/1502
f 651/1110/1503 631/790/1503 546/789/1503
f 286/443/1504 659/830/1504 547/852/1504
f 547/852/1505 659/830/1505 215/435/1505
f 624/367/1506 708/1037/1506 548/621/1506
f 708/1037/1507 169/819/1507 550/204/1507
f 549/203/1508 578/202/1508 294/1038/1508
f 625/818/1509 555/167/1509 532/166/1509
f 696/609/1510 561/1021/1510 280/436/1510
f 696/609/1511 635/468/1511 178/820/1511
f 207/334/1512 697/469/1512 562/895/1512
f 308/462/1513 714/842/1513 566/344/1513
f 226/437/1514 695/623/1514 284/625/1514
f 570/778/1515 571/797/1515 216/419/1515
f 216/419/1516 571/797/1516 287/796/1516
f 662/1111/1517 294/1112/1517 578/1113/1517
f 519/200/1518 701/822/1518 205/349/1518
f 680/337/1519 675/602/1519 235/451/1519
f 705/359/1520 581/358/1520 185/801/1520
f 649/369/1521 637/598/1521 582/611/1521
f 584/898/1522 304/1029/1522 274/69/1522
f 638/826/1523 691/588/1523 585/782/1523
f 158/879/1524 590/807/1524 676/806/1524
f 646/784/1525 639/808/1525 591/804/1525
f 266/1039/1526 593/810/1526 192/87/1526
f 266/1039/1527 600/613/1527 594/362/1527
f 665/832/1528 192/87/1528 593/810/1528
f 600/613/1529 260/615/1529 606/360/1529
f 602/206/1530 595/811/1530 640/182/1530
f 642/181/1531 645/1041/1531 686/614/1531
f 222/108/1532 666/833/1532 614/568/1532
f 666/833/1533 259/827/1533 262/816/1533
f 208/875/1534 260/615/1534 686/614/1534
f 168/1042/1535 166/1044/1535 615/1043/1535
f 234/89/1536 615/1043/1536 166/1044/1536
f 299/221/1537 615/1043/1537 200/873/1537
f 615/1043/1538 299/221/1538 710/223/1538
f 616/1045/1539 548/1114/1539 668/1046/1539
f 622/351/1540 621/846/1540 302/841/1540
f 624/367/1541 210/84/1541 632/368/1541
f 650/821/1542 203/599/1542 627/608/1542
f 206/353/1543 633/1032/1543 628/783/1543
f 697/469/1544 631/1048/1544 651/595/1544
f 211/354/1545 625/818/1545 633/1032/1545
f 634/467/1546 207/334/1546 281/336/1546
f 699/607/1547 698/207/1547 636/594/1547
f 687/1040/1548 609/561/1548 208/875/1548
f 266/1039/1549 195/442/1549 644/205/1549
f 654/471/1550 791/255/1550 794/1115/1550
f 710/223/1551 654/222/1551 655/770/1551
f 309/878/1552 803/932/1552 654/222/1552
f 656/218/1553 657/829/1553 743/1055/1553
f 657/1116/1554 656/1106/1554 262/1105/1554
f 712/828/1555 750/843/1555 743/1055/1555
f 225/446/1556 304/1029/1556 689/831/1556
f 660/619/1557 294/1038/1557 670/357/1557
f 705/359/1558 168/1042/1558 661/371/1558
f 670/357/1559 294/1038/1559 664/802/1559
f 294/1038/1560 662/1028/1560 664/802/1560
f 665/832/1561 218/361/1561 669/107/1561
f 220/815/1562 666/833/1562 222/108/1562
f 277/868/1563 681/1057/1563 673/184/1563
f 673/184/1564 681/1057/1564 275/876/1564
f 230/867/1565 674/835/1565 681/1057/1565
f 275/876/1566 681/1057/1566 674/835/1566
f 237/794/1567 674/835/1567 230/867/1567
f 184/452/1568 235/451/1568 675/602/1568
f 261/224/1569 688/66/1569 679/627/1569
f 256/426/1570 683/1058/1570 252/457/1570
f 252/457/1571 683/1058/1571 684/840/1571
f 199/352/1572 302/841/1572 684/840/1572
f 568/355/1573 176/795/1573 171/776/1573
f 165/854/1574 702/853/1574 170/441/1574
f 166/1044/1575 168/1042/1575 705/359/1575
f 210/84/1576 709/366/1576 201/1015/1576
f 259/827/1577 197/814/1577 310/844/1577
f 610/363/1578 240/97/1578 747/375/1578
f 723/1060/1579 746/238/1579 737/237/1579
f 718/1062/1580 717/1061/1580 737/237/1580
f 721/1064/1581 718/1062/1581 738/1063/1581
f 730/1066/1582 751/651/1582 739/1067/1582
f 720/1069/1583 719/1068/1583 739/1067/1583
f 733/922/1584 720/1069/1584 741/1070/1584
f 722/1071/1585 721/1064/1585 742/1065/1585
f 743/649/1586 751/651/1586 727/1072/1586
f 734/914/1587 744/240/1587 746/238/1587
f 724/1073/1588 747/646/1588 748/241/1588
f 736/1074/1589 755/653/1589 747/646/1589
f 728/641/1590 748/241/1590 744/240/1590
f 3/34/1591 773/658/1591 757/252/1591
f 772/242/1592 779/1076/1592 778/263/1592
f 758/943/1593 768/1117/1593 17/319/1593
f 758/662/1594 782/924/1594 789/675/1594
f 761/661/1595 784/933/1595 782/924/1595
f 763/666/1596 764/111/1596 787/110/1596
f 17/319/1597 768/1117/1597 767/1077/1597
f 774/1078/1598 773/658/1598 119/25/1598
f 796/1075/1599 772/242/1599 774/248/1599
f 111/863/1600 775/1083/1600 774/1078/1600
f 775/1081/1601 801/1082/1601 797/1080/1601
f 801/1082/1602 775/1081/1602 776/670/1602
f 1/865/1603 776/669/1603 775/1083/1603
f 202/82/1604 201/1015/1604 788/1016/1604
f 301/874/1605 238/453/1605 797/258/1605
f 309/878/1606 301/874/1606 801/931/1606
