# Blender 4.5.3 LTS
# www.blender.org
g bluerov2_base_phy.001_Mesh
v -0.127550 0.162194 -0.059825
v -0.123022 0.284447 -0.045685
v 0.084324 -0.125394 0.120091
v -0.224703 0.150177 -0.045929
v 0.167160 0.190037 -0.002903
v 0.167315 -0.190036 -0.002916
v -0.123996 0.214598 -0.058029
v -0.167315 0.190036 -0.002916
v -0.167160 -0.190037 -0.002903
v -0.127154 0.037500 -0.098681
v -0.132418 -0.192521 0.120148
v -0.224812 -0.149787 -0.045748
v -0.143711 0.199252 -0.058213
v -0.127655 -0.207985 0.124336
v -0.123431 0.041977 -0.098455
v -0.139658 0.244217 -0.054962
v -0.224834 -0.183364 0.124939
v -0.162277 0.162458 -0.058428
v -0.123803 0.047881 -0.096514
v -0.165237 0.221756 -0.055468
v -0.137746 0.192045 0.120191
v -0.169382 0.244546 -0.052483
v -0.171862 0.198913 -0.056374
v -0.072602 -0.108509 0.124710
v -0.128263 0.053435 -0.092984
v -0.136572 0.207608 0.124127
v -0.190931 0.161867 -0.055712
v -0.128597 0.058388 -0.088385
v -0.123985 0.064727 -0.080274
v -0.143698 0.279328 -0.045890
v -0.224769 0.183364 0.124846
v -0.160072 0.271530 -0.045895
v -0.174701 0.260968 -0.046387
v -0.189248 0.246606 -0.045798
v -0.164018 0.188352 0.113689
v 0.164015 0.188347 0.113711
v -0.164013 -0.188347 0.113705
v 0.170495 -0.188347 0.113740
v -0.123264 0.282006 -0.047948
v 0.072656 -0.108530 0.124599
v -0.148083 0.275567 -0.047745
v -0.184902 0.247715 -0.048247
v -0.167206 0.190049 0.099653
v 0.163596 -0.190022 0.099992
v 0.167289 0.190049 0.099653
v -0.163758 0.261438 -0.049873
v -0.167289 -0.190049 0.099653
v -0.124875 0.274108 -0.050628
v -0.144337 0.266815 -0.051132
v -0.084285 -0.125378 0.120172
v 0.173941 0.189375 -0.003392
v -0.177861 -0.188348 -0.003798
v -0.173988 0.189367 -0.003399
v -0.124016 0.257299 -0.053909
v -0.222336 0.151218 -0.048286
v -0.211902 0.161969 -0.051976
v -0.222748 0.169091 -0.046577
v -0.216184 0.189043 -0.048394
v -0.205873 0.186242 -0.052136
v -0.218088 0.191517 -0.045816
v -0.188941 0.208142 -0.053733
v -0.207957 0.203161 -0.049910
v -0.143755 0.042057 -0.096301
v -0.176422 -0.185288 0.120873
v -0.150878 0.048518 -0.092878
v -0.176441 0.185281 0.120873
v -0.210724 0.211863 -0.045807
v 0.176430 -0.185285 0.120873
v 0.176445 0.185279 0.120874
v -0.205724 0.216738 -0.048316
v -0.176967 -0.187257 0.112731
v -0.176959 0.187259 0.112734
v 0.176967 0.187257 0.112732
v -0.192442 0.225834 -0.050980
v -0.201028 0.230338 -0.045800
v -0.177438 0.188695 0.099593
v -0.178084 -0.188496 0.099411
v -0.196132 0.233352 -0.048261
v 0.177438 -0.188695 0.099593
v 0.178084 0.188496 0.099411
v -0.121339 0.284463 -0.013714
v -0.132314 0.155142 -0.000193
v -0.224575 0.155953 -0.014241
v -0.124216 0.279097 -0.010885
v -0.127258 0.267060 -0.007818
v -0.119936 0.254258 -0.005643
v -0.148109 0.063219 -0.078741
v -0.133517 0.282398 -0.014103
v -0.148090 0.247552 -0.005833
v -0.143430 0.277211 -0.012243
v -0.158917 0.037500 -0.093928
v -0.148657 0.269247 -0.009961
v -0.150633 0.276474 -0.014113
v -0.160961 0.268513 -0.012173
v -0.167863 0.266492 -0.014129
v -0.166529 0.256362 -0.009477
v -0.158285 0.054753 -0.086744
v -0.184339 0.185615 -0.004372
v -0.176162 0.259398 -0.013303
v 0.177861 0.188348 -0.003798
v 0.184340 -0.185615 -0.004372
v -0.179817 0.234948 -0.007723
v -0.188658 0.247299 -0.014195
v -0.185002 0.247593 -0.011748
v -0.160485 0.042034 -0.092911
v -0.132962 0.148365 -0.000267
v 0.183203 -0.184680 0.112733
v -0.121404 0.181019 -0.000533
v -0.132980 0.162003 -0.000394
v -0.141029 0.178272 -0.000991
v -0.168311 -0.194386 0.121124
v -0.142574 0.179829 -0.001072
v -0.147882 0.184202 -0.001457
v -0.189384 -0.182205 -0.004892
v 0.189384 0.182205 -0.004892
v -0.186832 0.183805 -0.004609
v -0.129564 0.223433 -0.002696
v -0.150937 0.210661 -0.002755
v -0.172418 0.221235 -0.005211
v -0.220090 0.182940 -0.013409
v -0.215893 0.197842 -0.013722
v -0.210336 0.212733 -0.014190
v -0.200538 0.231122 -0.014197
v -0.175173 0.044475 -0.087910
v -0.222696 0.156682 -0.012169
v -0.207064 0.213064 -0.011416
v -0.196218 0.233239 -0.011743
v 0.186863 0.183784 -0.004613
v 0.186832 -0.183805 -0.004609
v -0.186863 -0.183784 -0.004613
v -0.215300 0.177290 -0.009949
v -0.218094 0.151064 -0.009852
v -0.174394 0.058741 -0.076299
v 0.184614 0.181166 0.121162
v -0.186951 -0.179588 0.121255
v 0.184614 -0.181166 0.121162
v -0.198980 0.199727 -0.007334
v -0.184614 0.181166 0.121162
v -0.189000 -0.180742 0.112508
v -0.192495 0.225816 -0.009030
v 0.189000 0.180742 0.112508
v -0.188994 0.180747 0.112511
v -0.208073 0.161380 -0.007194
v 0.189482 -0.182269 0.099635
v -0.189482 0.182269 0.099635
v -0.190003 -0.181799 0.099757
v 0.190003 0.181799 0.099757
v -0.201206 0.148341 -0.005803
v -0.201842 0.155102 -0.005984
v -0.201178 0.161902 -0.006000
v -0.082762 -0.124563 0.120218
v -0.127377 -0.172177 -0.059722
v -0.121339 -0.284463 -0.046286
v -0.160542 -0.172194 -0.058410
v -0.189956 -0.162088 -0.055847
v -0.188624 0.037500 -0.083510
v -0.181520 -0.198755 -0.055377
v -0.119042 -0.222144 -0.057484
v -0.147337 -0.213136 -0.057294
v -0.194558 0.176821 -0.005381
v 0.194557 -0.176822 -0.005381
v -0.185755 0.046243 -0.082548
v -0.158357 -0.232777 -0.054998
v -0.183148 0.052858 -0.078986
v -0.179817 -0.234946 -0.052278
v 0.189287 0.177266 0.121368
v -0.189287 0.177266 0.121368
v -0.189287 -0.177266 0.121368
v 0.189287 -0.177266 0.121368
v 0.193206 -0.176386 0.112760
v -0.222711 -0.170815 -0.045818
v -0.217807 -0.192473 -0.045816
v -0.210336 -0.212733 -0.045810
v -0.200538 -0.231122 -0.045803
v -0.188658 -0.247299 -0.045805
v -0.191305 0.042073 -0.081384
v -0.222342 -0.151334 -0.048280
v -0.219237 -0.176280 -0.048398
v -0.213580 -0.197730 -0.048357
v -0.205781 -0.216674 -0.048302
v -0.196218 -0.233239 -0.048257
v -0.185002 -0.247593 -0.048252
v 0.197833 0.172019 -0.005740
v -0.197833 -0.172019 -0.005740
v -0.211920 -0.162125 -0.051969
v -0.207471 -0.192172 -0.051259
v -0.192495 -0.225816 -0.050970
v -0.195595 -0.200227 -0.053182
v -0.164180 -0.186547 0.120535
v -0.124216 -0.279097 -0.049115
v -0.127258 -0.267060 -0.052182
v -0.127296 -0.249645 -0.054869
v -0.196051 -0.174403 -0.005540
v 0.196051 0.174403 -0.005540
v -0.196052 0.174402 -0.005540
v -0.133517 -0.282398 -0.045897
v 0.196052 -0.174401 -0.005540
v -0.143430 -0.277211 -0.047757
v -0.148657 -0.269247 -0.050039
v -0.150633 -0.276474 -0.045887
v -0.194646 -0.170229 0.121623
v 0.194651 -0.170220 0.121623
v -0.193140 0.172493 0.121549
v 0.193140 0.172493 0.121549
v -0.153752 -0.252243 -0.052906
v -0.196787 0.171002 0.112876
v 0.196790 0.170998 0.112872
v -0.196790 -0.170998 0.112872
v -0.160961 -0.268513 -0.047827
v -0.167863 -0.266492 -0.045871
v -0.166528 -0.256363 -0.050524
v -0.198434 0.171179 0.099394
v 0.198434 -0.171179 0.099394
v 0.198672 0.170604 0.099675
v -0.198672 -0.170604 0.099675
v -0.176162 -0.259398 -0.046697
v -0.173377 -0.185929 0.120751
v -0.199381 0.168282 -0.005875
v 0.199381 -0.168282 -0.005875
v -0.122832 -0.173943 -0.000270
v -0.123022 -0.284447 -0.014315
v -0.224703 -0.150487 -0.014140
v -0.127271 -0.220477 -0.002471
v -0.132975 -0.148300 -0.000267
v -0.132966 -0.161933 -0.000393
v -0.134945 -0.168458 -0.000541
v -0.139657 -0.244217 -0.005038
v -0.138376 -0.174801 -0.000812
v -0.142514 -0.179816 -0.001068
v -0.147791 -0.184143 -0.001451
v -0.159569 -0.213186 -0.003449
v -0.169382 -0.244547 -0.007517
v -0.199203 0.168483 -0.005864
v -0.199202 -0.168485 -0.005865
v 0.199202 0.168485 -0.005865
v 0.199203 -0.168483 -0.005864
v -0.173941 -0.189375 -0.003392
v -0.179253 -0.184093 0.120955
v -0.079560 -0.120856 0.120527
v 0.195979 -0.167122 0.121701
v 0.195979 0.167122 0.121701
v -0.194646 0.170229 0.121623
v 0.198070 -0.167979 0.112764
v -0.176748 -0.216491 -0.005371
v -0.143698 -0.279328 -0.014110
v -0.160072 -0.271530 -0.014105
v -0.174701 -0.260968 -0.013613
v -0.189248 -0.246606 -0.014202
v -0.123264 -0.282006 -0.012052
v -0.148083 -0.275567 -0.012255
v 0.201317 -0.161732 -0.006034
v -0.201317 0.161732 -0.006034
v 0.201231 0.162085 -0.006018
v -0.184902 -0.247715 -0.011753
v -0.201231 -0.162085 -0.006018
v -0.163758 -0.261438 -0.010127
v -0.124875 -0.274108 -0.009372
v -0.144337 -0.266815 -0.008868
v -0.124016 -0.257299 -0.006091
v -0.222690 -0.156537 -0.012159
v -0.218085 -0.150946 -0.009847
v -0.208090 -0.161289 -0.007196
v -0.201206 -0.148341 -0.005803
v -0.201842 -0.155100 -0.005984
v -0.222868 -0.169808 -0.014181
v -0.215291 -0.177061 -0.009930
v -0.201178 -0.161901 -0.006000
v -0.218425 -0.183306 -0.012216
v 0.197722 0.161329 0.121792
v -0.197722 0.161329 0.121792
v 0.197735 -0.161284 0.121794
v 0.201026 -0.161920 0.107180
v -0.201112 -0.161486 0.107145
v -0.201024 0.161920 0.107194
v -0.217796 -0.192191 -0.013806
v -0.175377 0.066418 -0.057452
v 0.201112 0.161486 0.107145
v -0.202739 -0.198135 -0.008109
v -0.190931 -0.207456 -0.006535
v -0.207030 -0.213063 -0.011397
v -0.189018 0.062898 -0.056015
v -0.210724 -0.211863 -0.014193
v 0.082760 -0.124562 0.120221
v -0.132940 0.072277 -0.059849
v -0.118895 0.072588 -0.059984
v -0.201984 0.155128 -0.006002
v -0.192442 -0.225834 -0.009020
v -0.201028 -0.230338 -0.014200
v -0.196132 -0.233352 -0.011739
v -0.130214 0.072196 -0.059813
v 0.127377 0.172177 -0.059722
v 0.121339 0.284463 -0.046286
v 0.160542 0.172194 -0.058410
v 0.189956 0.162088 -0.055847
v -0.170217 0.067691 -0.057975
v -0.185530 0.061056 -0.065425
v 0.181520 0.198755 -0.055377
v 0.201945 0.155132 -0.005999
v -0.127458 0.069818 -0.068858
v 0.119042 0.222144 -0.057484
v 0.147337 0.213136 -0.057294
v -0.162073 -0.205573 0.124169
v 0.201843 0.155149 0.105107
v -0.161094 0.064841 -0.071537
v -0.198392 -0.155151 0.121852
v -0.198392 0.155151 0.121852
v -0.190202 -0.201475 0.124821
v 0.158357 0.232777 -0.054998
v 0.179817 0.234946 -0.052278
v 0.201840 -0.155153 0.105127
v -0.201872 -0.155150 0.105089
v 0.224812 0.149787 -0.045748
v 0.222711 0.170815 -0.045818
v 0.217807 0.192473 -0.045816
v 0.210336 0.212733 -0.045810
v 0.200538 0.231122 -0.045803
v 0.188658 0.247299 -0.045805
v 0.201255 -0.148051 -0.005826
v 0.201347 0.148524 -0.005845
v 0.222342 0.151334 -0.048280
v -0.201347 -0.148524 -0.005845
v 0.219237 0.176280 -0.048398
v -0.201255 0.148051 -0.005826
v 0.213580 0.197730 -0.048357
v 0.205781 0.216674 -0.048302
v 0.196218 0.233239 -0.048257
v 0.185002 0.247593 -0.048252
v 0.211920 0.162125 -0.051969
v 0.207471 0.192172 -0.051259
v 0.192495 0.225816 -0.050970
v 0.195595 0.200227 -0.053182
v 0.124216 0.279097 -0.049115
v 0.201206 -0.148341 -0.005803
v 0.201206 0.148341 -0.005803
v 0.127258 0.267060 -0.052182
v 0.127296 0.249645 -0.054869
v 0.133517 0.282398 -0.045897
v -0.197735 0.149018 0.121794
v 0.197722 -0.148973 0.121792
v 0.197735 0.149018 0.121794
v 0.201112 -0.148816 0.107145
v 0.201026 0.148382 0.107180
v 0.143430 0.277211 -0.047757
v -0.201026 -0.148382 0.107180
v 0.148657 0.269247 -0.050039
v -0.201113 0.148814 0.107131
v 0.150633 0.276474 -0.045887
v 0.153752 0.252243 -0.052906
v 0.160961 0.268513 -0.047827
v 0.167863 0.266492 -0.045871
v 0.166528 0.256363 -0.050524
v 0.198146 0.138840 -0.005267
v -0.198146 -0.138840 -0.005267
v 0.176162 0.259398 -0.046697
v -0.079855 -0.121226 0.120547
v 0.122832 0.173943 -0.000270
v 0.123022 0.284447 -0.014315
v 0.224703 0.150487 -0.014140
v 0.127271 0.220477 -0.002471
v 0.132975 0.148300 -0.000267
v 0.132311 0.155147 -0.000297
v 0.132966 0.161933 -0.000393
v 0.134945 0.168458 -0.000541
v 0.079971 -0.121392 0.120497
v 0.139657 0.244217 -0.005038
v 0.138376 0.174801 -0.000812
v 0.142514 0.179816 -0.001068
v 0.147791 0.184143 -0.001451
v 0.159569 0.213186 -0.003449
v 0.197868 -0.138337 -0.005225
v -0.197868 0.138337 -0.005225
v 0.199213 0.141782 -0.005451
v 0.169382 0.244547 -0.007517
v -0.223977 0.037512 -0.047034
v -0.220692 0.037500 -0.055624
v -0.210735 0.037500 -0.068725
v -0.195979 0.143180 0.121701
v -0.195979 -0.143180 0.121701
v 0.195979 -0.143180 0.121701
v 0.195979 0.143180 0.121701
v -0.199071 -0.141948 0.107167
v 0.199255 -0.142394 0.107143
v 0.199071 0.141948 0.107167
v -0.199255 0.142394 0.107143
v 0.176748 0.216491 -0.005371
v 0.143698 0.279328 -0.014110
v 0.160072 0.271530 -0.014105
v 0.174701 0.260968 -0.013613
v 0.189248 0.246606 -0.014202
v 0.123264 0.282006 -0.012052
v 0.148083 0.275567 -0.012255
v 0.184902 0.247715 -0.011753
v 0.163758 0.261438 -0.010127
v -0.223590 0.040115 -0.047430
v 0.124875 0.274108 -0.009372
v 0.144337 0.266815 -0.008868
v -0.219388 0.043420 -0.055730
v -0.219600 0.037515 -0.058073
v 0.124016 0.257299 -0.006091
v -0.211097 0.037517 -0.068269
v -0.202355 0.042095 -0.074594
v 0.196069 -0.135849 -0.004973
v -0.196069 0.135849 -0.004973
v 0.222690 0.156537 -0.012159
v 0.218085 0.150946 -0.009847
v 0.208090 0.161289 -0.007196
v -0.221696 0.044255 -0.048596
v 0.201842 0.155100 -0.005984
v -0.211761 0.045649 -0.064407
v 0.222868 0.169808 -0.014181
v 0.194631 -0.140044 0.121621
v 0.194639 0.140059 0.121622
v -0.193140 -0.137809 0.121549
v 0.215291 0.177061 -0.009930
v -0.193140 0.137809 0.121549
v 0.193183 0.133837 0.112649
v -0.193183 -0.133838 0.112650
v 0.201178 0.161901 -0.006000
v 0.193187 -0.133840 0.112643
v -0.193187 0.133840 0.112643
v 0.218425 0.183306 -0.012216
v 0.217796 0.192191 -0.013806
v 0.194869 -0.133550 0.099519
v -0.194502 -0.133050 0.099508
v 0.202739 0.198135 -0.008109
v 0.194502 0.133050 0.099508
v -0.194869 0.133550 0.099519
v 0.190931 0.207456 -0.006535
v 0.207030 0.213063 -0.011397
v 0.210724 0.211863 -0.014193
v -0.191729 0.130409 -0.004349
v 0.191887 0.130584 -0.004371
v 0.191729 -0.130409 -0.004349
v -0.191887 -0.130584 -0.004371
v 0.192442 0.225834 -0.009020
v 0.201028 0.230338 -0.014200
v 0.196132 0.233352 -0.011739
v 0.127549 -0.162193 -0.059825
v 0.123022 -0.284447 -0.045685
v 0.224703 -0.150177 -0.045929
v 0.123996 -0.214598 -0.058029
v -0.215189 0.048988 -0.055756
v 0.143711 -0.199252 -0.058213
v 0.139658 -0.244217 -0.054962
v -0.202177 0.047548 -0.071882
v 0.162277 -0.162458 -0.058428
v -0.191834 0.130629 -0.004366
v 0.191784 0.130574 -0.004357
v -0.191784 -0.130574 -0.004357
v 0.165237 -0.221756 -0.055468
v -0.190837 -0.198666 0.123135
v 0.169382 -0.244546 -0.052483
v -0.139136 -0.203114 0.122127
v 0.171862 -0.198913 -0.056374
v 0.189077 0.132867 0.121352
v -0.189305 -0.133066 0.121351
v 0.190931 -0.161867 -0.055712
v 0.143698 -0.279328 -0.045890
v 0.160072 -0.271530 -0.045895
v 0.174701 -0.260968 -0.046387
v 0.183209 -0.123895 -0.003314
v 0.183248 0.123855 -0.003322
v 0.189248 -0.246606 -0.045798
v -0.183209 0.123895 -0.003314
v -0.183248 -0.123855 -0.003322
v 0.123264 -0.282006 -0.047948
v 0.148083 -0.275567 -0.047745
v 0.184902 -0.247715 -0.048247
v 0.163758 -0.261438 -0.049873
v 0.124875 -0.274108 -0.050628
v 0.144337 -0.266815 -0.051132
v -0.212778 0.052494 -0.051799
v -0.076553 -0.116028 0.121403
v 0.124016 -0.257299 -0.053909
v -0.199540 0.054055 -0.066830
v 0.186085 0.125934 -0.003654
v 0.186085 -0.125934 -0.003654
v -0.186085 0.125934 -0.003654
v -0.186085 -0.125934 -0.003654
v 0.222336 -0.151218 -0.048286
v 0.211902 -0.161969 -0.051976
v 0.183706 0.128669 0.121240
v -0.183738 0.128691 0.121241
v -0.183727 -0.128683 0.121241
v 0.184809 -0.129212 0.121295
v -0.206595 0.056084 -0.053237
v 0.222748 -0.169091 -0.046577
v -0.186856 0.126515 0.103599
v -0.202855 0.058151 -0.054057
v 0.186522 0.126286 0.103598
v -0.186522 -0.126286 0.103598
v 0.186856 -0.126515 0.103599
v 0.216184 -0.189043 -0.048394
v 0.205873 -0.186242 -0.052136
v 0.218088 -0.191517 -0.045816
v 0.188941 -0.208142 -0.053733
v 0.207957 -0.203161 -0.049910
v -0.180106 0.122743 -0.003015
v -0.180629 -0.122934 -0.003068
v 0.180629 0.122934 -0.003068
v 0.180106 -0.122743 -0.003015
v 0.210724 -0.211863 -0.045807
v 0.205724 -0.216738 -0.048316
v 0.192442 -0.225834 -0.050980
v 0.201028 -0.230338 -0.045800
v 0.196132 -0.233352 -0.048261
v 0.132314 -0.155142 -0.000193
v 0.224575 -0.155953 -0.014241
v 0.121339 -0.284463 -0.013714
v 0.132962 -0.148365 -0.000267
v 0.121404 -0.181019 -0.000533
v 0.132980 -0.162003 -0.000394
v 0.141029 -0.178272 -0.000991
v 0.142574 -0.179829 -0.001072
v 0.147882 -0.184202 -0.001457
v 0.129564 -0.223433 -0.002696
v 0.150937 -0.210661 -0.002755
v 0.176958 -0.122977 0.112351
v -0.176961 0.122979 0.112360
v 0.172418 -0.221234 -0.005211
v -0.176952 -0.122978 0.112366
v 0.176951 0.122975 0.112355
v -0.197915 0.059897 -0.054763
v -0.177955 0.121785 0.099487
v -0.177329 -0.121548 0.099251
v 0.177329 0.121548 0.099251
v 0.177955 -0.121785 0.099487
v 0.179815 -0.234950 -0.007723
v -0.173154 -0.120808 -0.002375
v -0.170333 0.120255 -0.002136
v 0.170333 -0.120255 -0.002136
v 0.220090 -0.182940 -0.013409
v 0.173154 0.120808 -0.002375
v 0.215893 -0.197842 -0.013722
v 0.210336 -0.212733 -0.014190
v 0.200538 -0.231122 -0.014197
v 0.188658 -0.247299 -0.014195
v 0.222696 -0.156682 -0.012169
v 0.207064 -0.213064 -0.011416
v 0.196218 -0.233239 -0.011743
v 0.185002 -0.247593 -0.011748
v 0.215300 -0.177290 -0.009949
v 0.218094 -0.151064 -0.009852
v 0.198980 -0.199727 -0.007334
v 0.192495 -0.225816 -0.009030
v 0.208073 -0.161380 -0.007193
v 0.201842 -0.155102 -0.005984
v 0.201178 -0.161902 -0.006000
v 0.124216 -0.279097 -0.010885
v 0.127258 -0.267060 -0.007818
v -0.131334 0.074568 0.086030
v 0.119936 -0.254258 -0.005643
v -0.167265 0.123537 0.121047
v 0.177835 -0.125530 0.121225
v -0.127524 0.037500 0.140668
v -0.224743 0.037500 0.086131
v 0.133517 -0.282398 -0.014103
v 0.148089 -0.247552 -0.005833
v 0.143430 -0.277211 -0.012243
v -0.217594 -0.186157 0.123409
v 0.148657 -0.269247 -0.009961
v -0.127270 0.073613 0.096272
v 0.150633 -0.276474 -0.014113
v -0.167301 -0.120241 -0.001913
v 0.167180 -0.120241 -0.001904
v -0.167180 0.120241 -0.001904
v 0.167301 0.120241 -0.001913
v 0.160961 -0.268513 -0.012173
v 0.167863 -0.266492 -0.014129
v 0.166529 -0.256362 -0.009476
v -0.126268 0.070248 0.109962
v 0.176162 -0.259398 -0.013303
v -0.206642 -0.188156 0.122376
v -0.126314 0.066011 0.119661
v -0.224149 -0.186277 0.124973
v 0.164155 -0.123861 0.120920
v 0.163985 0.121958 0.113736
v -0.163985 -0.121958 0.113738
v -0.163981 0.121962 0.113752
v 0.163981 -0.121962 0.113753
v -0.163495 -0.120288 0.100070
v 0.164056 -0.120251 0.100227
v 0.163495 0.120288 0.100070
v -0.164056 0.120251 0.100227
v 0.161545 -0.120753 -0.001513
v -0.164154 -0.120238 -0.001677
v -0.161545 0.120753 -0.001513
v 0.164154 0.120238 -0.001677
v -0.141292 0.063048 0.122771
v -0.149757 0.068898 0.107673
v -0.220291 -0.190335 0.124741
v -0.154088 0.122800 -0.001066
v -0.156595 0.071809 0.089215
v 0.154088 -0.122800 -0.001066
v -0.151027 0.125873 0.113283
v 0.151022 -0.125870 0.113249
v -0.151019 -0.125877 0.113281
v 0.151018 0.125872 0.113250
v 0.150106 0.124578 0.099674
v 0.150693 -0.124247 0.099700
v -0.150693 0.124247 0.099700
v -0.150106 -0.124578 0.099674
v 0.147778 -0.126147 -0.000758
v 0.147836 0.126107 -0.000761
v -0.147778 0.126147 -0.000758
v -0.147836 -0.126107 -0.000761
v -0.175395 0.067388 0.096206
v -0.210784 -0.195463 0.124674
v -0.163957 0.064854 0.111821
v 0.078330 -0.118959 0.120866
v -0.182772 0.066898 0.085085
v -0.164180 0.186544 0.120533
v -0.142565 -0.130416 -0.000557
v 0.142511 -0.130470 -0.000555
v 0.142565 0.130416 -0.000557
v -0.142511 0.130470 -0.000555
v -0.181687 0.061048 0.110382
v 0.145300 -0.132415 0.120127
v 0.141263 -0.133816 0.112336
v -0.141263 0.133816 0.112336
v 0.141259 0.133818 0.112328
v -0.141260 -0.133818 0.112330
v 0.139636 0.133539 0.099540
v -0.139636 -0.133539 0.099540
v 0.139996 -0.133049 0.099525
v -0.139996 0.133049 0.099525
v 0.138171 -0.135767 -0.000397
v -0.138206 -0.135716 -0.000398
v 0.138206 0.135716 -0.000398
v -0.138171 0.135767 -0.000397
v -0.161204 0.037500 0.135314
v -0.190462 0.037500 0.124546
v -0.123193 0.043371 0.140182
v -0.135077 0.041998 0.139414
v -0.151462 0.037509 0.137450
v -0.140972 0.137589 0.120065
v 0.140972 0.137589 0.120065
v 0.077107 -0.116989 0.121171
v -0.167564 0.037510 0.133496
v -0.187401 0.042514 0.125299
v 0.134979 0.141732 -0.000314
v 0.134957 -0.141788 -0.000313
v -0.133404 0.145742 -0.000281
v -0.134979 -0.141732 -0.000314
v -0.149273 0.046983 0.135882
v -0.173382 0.185928 0.120751
v -0.168425 0.044809 0.131805
v -0.132389 -0.207901 0.137283
v -0.155859 -0.184852 0.141633
v -0.178955 0.194528 0.121593
v -0.224769 -0.183364 0.136918
v 0.136915 -0.145768 0.120009
v -0.136915 0.145768 0.120009
v -0.136915 -0.145768 0.120009
v 0.136915 0.145768 0.120009
v -0.135395 0.141940 0.106835
v 0.135395 -0.141940 0.106835
v -0.135224 -0.142360 0.106823
v 0.135224 0.142360 0.106823
v -0.181715 0.049227 0.124779
v -0.134404 -0.205401 0.138885
v -0.121827 0.050948 0.136895
v -0.162428 0.052393 0.129449
v -0.142807 0.056089 0.130876
v -0.136235 0.148980 0.120010
v 0.136235 -0.148980 0.120010
v 0.136235 0.148980 0.120010
v -0.136235 -0.148980 0.120010
v 0.133359 0.148826 0.106915
v -0.133440 0.148422 0.106955
v 0.133440 -0.148422 0.106955
v -0.133359 -0.148826 0.106915
v -0.131961 -0.155115 -0.000292
v -0.132280 0.155149 -0.000305
v -0.191878 0.053372 0.115441
v 0.131961 0.155115 -0.000292
v 0.132446 0.155155 0.101795
v -0.132386 -0.155157 0.100708
v 0.132446 -0.155147 0.101797
v -0.132386 0.155145 0.100709
v -0.179254 0.184093 0.120955
v 0.135410 0.155150 0.120057
v 0.135625 -0.155151 0.120004
v 0.135410 -0.155150 0.120057
v -0.168056 0.058303 0.121448
v 0.132386 -0.155145 0.100709
v 0.136235 0.161322 0.120010
v 0.136235 -0.161322 0.120010
v -0.136235 -0.161322 0.120010
v 0.133440 0.161881 0.106954
v -0.133359 0.161476 0.106914
v 0.133359 -0.161476 0.106914
v -0.133440 -0.161881 0.106954
v -0.167820 -0.205098 0.137111
v -0.225106 0.037527 0.084091
v -0.134970 0.168520 -0.000576
v 0.134970 -0.168520 -0.000576
v -0.222914 0.044584 0.084471
v -0.217934 0.050522 0.084540
v -0.205801 0.058610 0.084396
v 0.135826 -0.170610 0.099668
v 0.136062 0.171188 0.099354
v -0.135826 0.170610 0.099668
v -0.136062 -0.171188 0.099354
v -0.138040 -0.167251 0.120026
v 0.138040 -0.167251 0.120026
v 0.138040 0.167251 0.120026
v -0.138040 0.167251 0.120026
v 0.137854 -0.167677 0.120111
v 0.137855 0.167679 0.120111
v -0.137854 0.167677 0.120111
v -0.137855 -0.167679 0.120111
v 0.138197 -0.174549 -0.000795
v -0.138197 0.174549 -0.000795
v -0.221397 0.042418 0.094542
v -0.218313 0.048007 0.093046
v -0.211189 0.053459 0.095141
v -0.199857 0.059785 0.094905
v -0.221112 0.037500 0.096772
v -0.140972 0.172713 0.120065
v 0.140972 0.172713 0.120065
v -0.140972 -0.172713 0.120065
v 0.140972 -0.172713 0.120065
v -0.140840 0.173150 0.120155
v -0.140842 -0.173152 0.120155
v 0.140842 0.173152 0.120155
v 0.140840 -0.173150 0.120155
v -0.215717 0.042017 0.104113
v -0.178620 -0.202124 0.138274
v -0.213212 0.047854 0.102255
v -0.211942 0.037500 0.109509
v -0.196205 -0.200116 0.136804
v -0.144916 -0.177492 0.120119
v 0.144916 0.177492 0.120119
v 0.144916 -0.177492 0.120119
v -0.144916 0.177492 0.120119
v 0.145671 -0.180910 0.112519
v -0.144890 0.177967 0.120208
v 0.144892 0.177968 0.120208
v -0.144892 -0.177968 0.120208
v -0.201392 0.054972 0.105386
v -0.144451 0.181784 0.099613
v 0.144451 -0.181784 0.099613
v 0.145012 0.182265 0.099658
v -0.145012 -0.182265 0.099658
v -0.211104 0.037517 0.110218
v -0.202171 0.047649 0.113770
v -0.072981 -0.109396 0.123769
v -0.202321 0.042115 0.116566
v 0.147411 -0.179990 0.120161
v 0.149668 0.181367 0.120192
v -0.149668 0.181367 0.120192
v -0.151269 -0.184679 0.112691
v -0.151263 0.184677 0.112685
v 0.151270 0.184679 0.112694
v 0.154161 -0.187494 -0.001903
v -0.154161 0.187494 -0.001903
v -0.154083 -0.187468 -0.001897
v 0.154083 0.187468 -0.001897
v -0.192324 -0.184754 0.140248
v -0.074725 -0.112820 0.122190
v 0.155979 -0.184708 0.120342
v -0.155667 -0.184494 0.120311
v 0.156493 -0.188095 0.106069
v -0.156425 0.188495 0.099455
v -0.157081 -0.188707 0.099559
v 0.157081 0.188707 0.099559
v 0.160748 0.189428 -0.002394
v -0.160748 -0.189428 -0.002394
v 0.160865 -0.189445 -0.002403
v -0.160865 0.189445 -0.002403
v -0.159706 0.206062 0.124695
v -0.072654 -0.108708 0.124460
v -0.127226 -0.037498 -0.098679
v -0.161192 -0.037500 -0.093364
v -0.190462 -0.037500 -0.082594
v -0.073768 -0.111005 0.122875
v -0.186082 -0.037502 -0.084601
v 0.160995 0.186003 0.120444
v -0.160983 -0.185999 0.120460
v -0.160996 0.186002 0.120459
v 0.161124 -0.186037 0.120450
v -0.119108 -0.041714 -0.098609
v -0.135165 -0.043506 -0.097189
v -0.151479 -0.037509 -0.095494
v -0.167552 -0.037510 -0.091547
v -0.187397 -0.042518 -0.083348
v -0.160716 -0.045040 -0.092183
v -0.177785 -0.194238 0.140269
v -0.190792 0.201339 0.124815
v -0.140668 -0.198064 0.140786
v -0.119141 -0.049793 -0.095870
v -0.185160 -0.047003 -0.082394
v -0.135426 -0.051960 -0.093219
v -0.156702 -0.050488 -0.090321
v -0.172154 -0.052546 -0.084185
v -0.191544 -0.053281 -0.073782
v -0.151404 -0.058377 -0.084808
v -0.126983 -0.058862 -0.088091
v -0.168057 -0.058307 -0.079491
v -0.130183 -0.064372 -0.080275
v -0.225074 -0.183382 0.136626
v -0.222562 -0.188206 0.137122
v -0.214700 -0.193945 0.137039
v -0.223584 -0.040134 -0.047432
v -0.221942 -0.043864 -0.048474
v -0.220063 -0.037499 -0.057002
v -0.220113 -0.042366 -0.055034
v -0.218076 -0.048683 -0.050315
v -0.212239 -0.049829 -0.059327
v -0.212773 -0.052496 -0.051800
v -0.208456 -0.055066 -0.052830
v -0.221112 -0.037500 -0.054820
v -0.215716 -0.042016 -0.062162
v -0.202632 -0.058041 -0.054032
v -0.189760 -0.062701 -0.055924
v -0.203754 -0.053302 -0.063934
v -0.212491 -0.184683 0.139008
v -0.185285 -0.060467 -0.067140
v -0.203736 -0.193158 0.138945
v -0.211941 -0.037500 -0.067558
v -0.211102 -0.037517 -0.068267
v -0.202083 -0.047605 -0.071911
v -0.180828 0.201584 0.123476
v -0.202312 -0.042118 -0.074619
v -0.127790 -0.070780 -0.066314
v -0.130201 -0.072198 -0.059813
v -0.127116 -0.128321 0.119979
v -0.083724 -0.114251 0.139949
v -0.072686 -0.108357 0.135739
v -0.151679 -0.066177 -0.071896
v -0.159899 -0.069303 -0.058630
v -0.151119 -0.128191 0.120326
v -0.172406 -0.063490 -0.068966
v -0.183157 -0.064728 -0.056752
v -0.116409 -0.119550 0.120626
v -0.137172 0.203161 0.122088
v -0.126613 -0.037500 0.140696
v -0.167267 -0.123537 0.121047
v -0.125156 -0.074689 0.088107
v -0.224601 -0.037500 0.087033
v -0.124129 -0.043269 0.140157
v -0.121830 -0.050950 0.136889
v -0.145048 -0.055604 0.130998
v -0.122499 -0.063305 0.124465
v -0.143770 -0.042052 0.138253
v -0.150931 -0.048478 0.134838
v -0.149219 -0.061810 0.122535
v -0.158920 -0.037500 0.135881
v -0.160472 -0.042029 0.134868
v -0.224049 -0.130028 0.125075
v -0.218199 -0.124814 0.125089
v -0.207969 -0.120196 0.124643
v -0.175161 -0.044473 0.129867
v -0.185986 -0.114485 0.124594
v -0.168557 -0.055402 0.124789
v -0.186106 -0.037502 0.126544
v -0.220219 -0.128780 0.123943
v -0.185752 -0.046244 0.124501
v -0.183148 -0.052854 0.120943
v -0.188631 -0.037500 0.125459
v -0.191313 -0.042078 0.123331
v -0.184186 -0.059355 0.111685
v -0.157225 -0.071867 0.088850
v -0.186455 -0.065815 0.084180
v -0.206547 -0.127500 0.122466
v -0.187589 -0.119709 0.122455
v -0.187158 -0.064202 0.096287
v -0.127665 -0.071497 0.106032
v -0.161724 -0.068932 0.101351
v -0.147916 -0.066922 0.113463
v -0.167249 -0.063956 0.112500
v -0.123547 -0.066641 0.118551
v -0.080981 -0.113397 0.139687
v -0.077921 -0.111545 0.139123
v -0.121620 -0.110576 0.123141
v -0.210682 0.184907 0.122558
v -0.119106 -0.115170 0.121591
v 0.073754 -0.110977 0.122872
v -0.122465 -0.108516 0.124865
v -0.220692 -0.037500 0.097576
v -0.152608 -0.110092 0.124428
v -0.210737 -0.037500 0.110676
v -0.211102 -0.037517 0.110216
v -0.201343 -0.037500 0.117853
v -0.155560 -0.113136 0.122695
v -0.225104 -0.037527 0.084104
v -0.222405 -0.041650 0.092383
v -0.218455 -0.037521 0.101644
v -0.202356 -0.042092 0.116546
v -0.222916 -0.044574 0.084513
v -0.218339 -0.044978 0.097781
v -0.211755 -0.045648 0.106367
v -0.219317 -0.049004 0.087109
v -0.202178 -0.047549 0.113832
v -0.077808 -0.111454 0.139093
v 0.072651 -0.108702 0.124467
v -0.212776 -0.052093 0.095895
v -0.224239 0.186165 0.125038
v -0.200516 -0.054052 0.108011
v -0.205925 -0.058589 0.084364
v 0.074101 -0.111670 0.122568
v -0.202246 -0.058142 0.096675
v 0.127527 0.037500 -0.098715
v 0.161192 0.037500 -0.093364
v 0.190462 0.037500 -0.082594
v 0.119108 0.041714 -0.098609
v 0.135165 0.043506 -0.097189
v 0.151479 0.037509 -0.095494
v 0.167552 0.037510 -0.091547
v 0.187397 0.042518 -0.083348
v 0.160716 0.045040 -0.092183
v -0.140559 -0.125781 0.141607
v -0.224439 -0.133360 0.137185
v 0.119141 0.049793 -0.095870
v -0.137698 -0.114520 0.139936
v 0.185160 0.047003 -0.082394
v 0.135426 0.051960 -0.093219
v 0.156702 0.050488 -0.090321
v 0.172154 0.052546 -0.084185
v -0.221977 0.188842 0.124594
v 0.191544 0.053281 -0.073782
v 0.151404 0.058377 -0.084808
v 0.126983 0.058862 -0.088091
v -0.203722 0.193157 0.122818
v 0.168057 0.058307 -0.079491
v 0.130183 0.064372 -0.080275
v -0.179585 -0.125465 0.140527
v 0.223584 0.040134 -0.047432
v 0.221942 0.043864 -0.048474
v 0.221112 0.037500 -0.054820
v 0.220113 0.042366 -0.055034
v 0.218076 0.048683 -0.050315
v 0.212239 0.049829 -0.059327
v 0.212773 0.052496 -0.051800
v 0.208456 0.055066 -0.052830
v -0.189593 -0.131942 0.140395
v 0.215716 0.042016 -0.062162
v 0.202632 0.058041 -0.054032
v 0.189760 0.062701 -0.055924
v 0.211941 0.037500 -0.067558
v -0.211525 0.195184 0.124684
v -0.072647 -0.108361 0.135488
v -0.142287 -0.109140 0.136665
v 0.203754 0.053302 -0.063934
v 0.185285 0.060467 -0.067140
v -0.190194 -0.115250 0.136943
v 0.211102 0.037517 -0.068267
v 0.202083 0.047605 -0.071911
v 0.202312 0.042118 -0.074619
v -0.158300 -0.110804 0.137616
v -0.178846 -0.115608 0.138753
v -0.120177 -0.109398 0.137946
v 0.120072 0.072651 -0.060002
v 0.127824 0.068866 -0.071385
v 0.130201 0.072198 -0.059813
v -0.073313 -0.108362 0.136716
v 0.148762 0.070916 -0.059301
v 0.151679 0.066177 -0.071896
v 0.172406 0.063490 -0.068966
v -0.212161 -0.132032 0.138963
v 0.175024 0.066488 -0.057482
v -0.224149 -0.130451 0.136793
v 0.126613 0.037500 0.140696
v 0.125156 0.074689 0.088107
v 0.224703 0.037500 0.086650
v 0.124129 0.043269 0.140157
v -0.215504 -0.126009 0.138043
v -0.201629 -0.124088 0.139225
v 0.127156 0.037500 0.140633
v 0.121830 0.050950 0.136889
v -0.220542 -0.126489 0.136830
v 0.145048 0.055604 0.130998
v 0.122499 0.063305 0.124465
v 0.143770 0.042052 0.138253
v 0.150931 0.048478 0.134838
v 0.149219 0.061810 0.122535
v 0.158920 0.037500 0.135881
v -0.210665 -0.121174 0.137025
v 0.160472 0.042029 0.134868
v -0.074778 -0.109210 0.137832
v 0.175161 0.044473 0.129867
v 0.168557 0.055402 0.124789
v 0.188631 0.037500 0.125459
v 0.185752 0.046244 0.124501
v 0.183148 0.052854 0.120943
v 0.191313 0.042078 0.123331
v 0.184186 0.059355 0.111685
v 0.157225 0.071867 0.088850
v 0.132977 -0.189883 0.120059
v 0.186455 0.065815 0.084180
v 0.224713 -0.183365 0.124758
v 0.132379 -0.207902 0.124481
v -0.072663 0.108543 0.124587
v -0.124883 0.208091 0.137300
v -0.131683 0.193262 0.141538
v 0.072700 -0.108356 0.135768
v 0.198304 -0.187203 0.121829
v 0.187158 0.064202 0.096287
v -0.079675 0.120995 0.120554
v 0.127665 0.071497 0.106032
v 0.161724 0.068932 0.101351
v 0.164247 -0.186609 0.120553
v -0.140914 0.204137 0.139309
v 0.147916 0.066922 0.113463
v 0.167249 0.063956 0.112500
v 0.166846 -0.186593 0.120560
v 0.123544 0.066641 0.118552
v 0.185834 -0.197322 0.122347
v 0.220692 0.037500 0.097576
v 0.210737 0.037500 0.110676
v -0.079915 0.121295 0.120537
v 0.225104 0.037527 0.084104
v 0.222405 0.041650 0.092383
v 0.218455 0.037521 0.101644
v 0.211102 0.037517 0.110216
v -0.084319 0.125392 0.120171
v 0.202356 0.042092 0.116546
v 0.222916 0.044574 0.084513
v 0.218339 0.044978 0.097781
v 0.211755 0.045648 0.106367
v -0.082734 0.124539 0.120220
v 0.219317 0.049004 0.087109
v 0.202178 0.047549 0.113832
v 0.145655 -0.199210 0.121304
v 0.212776 0.052093 0.095895
v 0.200516 0.054052 0.108011
v 0.205925 0.058589 0.084364
v 0.202246 0.058142 0.096675
v -0.159035 0.206062 0.137213
v 0.225074 -0.183382 0.125139
v 0.222625 -0.188382 0.124917
v 0.217395 -0.192281 0.124679
v 0.208800 -0.196128 0.124653
v 0.194152 -0.200525 0.124640
v 0.123431 -0.041977 -0.098455
v 0.123803 -0.047881 -0.096514
v 0.128263 -0.053435 -0.092984
v 0.128597 -0.058388 -0.088385
v 0.123985 -0.064727 -0.080274
v 0.126617 -0.037500 -0.098744
v 0.127154 -0.037500 -0.098681
v 0.215700 -0.187989 0.123293
v 0.143755 -0.042057 -0.096301
v 0.150878 -0.048518 -0.092878
v 0.148109 -0.063219 -0.078741
v 0.158917 -0.037500 -0.093928
v 0.158285 -0.054753 -0.086744
v -0.072654 0.108703 0.124453
v 0.160485 -0.042034 -0.092911
v 0.175173 -0.044475 -0.087910
v 0.174394 -0.058741 -0.076299
v 0.188624 -0.037500 -0.083510
v 0.185755 -0.046243 -0.082548
v 0.183148 -0.052858 -0.078986
v 0.191305 -0.042073 -0.081384
v -0.073933 0.111427 0.122586
v -0.073765 0.111000 0.122877
v -0.188739 0.196520 0.139353
v 0.142157 -0.204743 0.122748
v -0.189390 0.201639 0.136953
v 0.124153 -0.072522 -0.059949
v -0.179046 0.201775 0.138381
v 0.170217 -0.067691 -0.057975
v 0.185530 -0.061056 -0.065425
v 0.127664 -0.069754 -0.068978
v 0.161094 -0.064841 -0.071537
v 0.220692 -0.037500 -0.055624
v 0.210735 -0.037500 -0.068725
v 0.211097 -0.037517 -0.068269
v 0.167717 -0.205106 0.124649
v 0.223590 -0.040115 -0.047430
v 0.219388 -0.043420 -0.055730
v 0.219600 -0.037515 -0.058073
v 0.202355 -0.042095 -0.074594
v 0.221948 -0.043853 -0.048470
v 0.211761 -0.045649 -0.064407
v -0.169558 0.184819 0.141240
v 0.079364 -0.112520 0.139435
v 0.215189 -0.048988 -0.055756
v 0.202177 -0.047548 -0.071882
v 0.075061 -0.109434 0.138062
v -0.192324 0.184754 0.140248
v 0.212778 -0.052494 -0.051799
v 0.199540 -0.054055 -0.066830
v 0.206589 -0.056087 -0.053238
v 0.202856 -0.058151 -0.054057
v 0.197915 -0.059897 -0.054763
v 0.077751 -0.111426 0.139066
v 0.127524 -0.037500 0.140668
v 0.224649 -0.037500 0.086531
v 0.131334 -0.074568 0.086030
v 0.131321 -0.189690 0.141713
v 0.132591 -0.207784 0.137540
v 0.151462 -0.037509 0.137450
v 0.161204 -0.037500 0.135314
v 0.190462 -0.037500 0.124546
v 0.123192 -0.043371 0.140182
v 0.135077 -0.041998 0.139414
v 0.138934 -0.201864 0.140052
v 0.167564 -0.037510 0.133496
v 0.187401 -0.042515 0.125299
v 0.149273 -0.046983 0.135882
v 0.168425 -0.044808 0.131805
v 0.181714 -0.049227 0.124779
v 0.121837 -0.050894 0.136801
v 0.121828 -0.050950 0.136894
v 0.162429 -0.052392 0.129449
v 0.172607 -0.184836 0.141147
v 0.142807 -0.056089 0.130876
v 0.191878 -0.053372 0.115441
v 0.168056 -0.058303 0.121448
v 0.141294 -0.063048 0.122771
v -0.072684 0.108356 0.135717
v 0.175364 -0.195931 0.140106
v 0.223915 -0.042214 0.086213
v 0.220773 -0.047617 0.084501
v 0.214214 -0.053344 0.086562
v 0.205686 -0.058418 0.086392
v 0.187110 -0.065759 0.085786
v 0.221291 -0.042024 0.095091
v 0.218313 -0.048007 0.093046
v 0.189518 -0.063465 0.095795
v 0.221112 -0.037500 0.096772
v 0.207268 -0.053301 0.101864
v 0.199609 -0.057921 0.100968
v 0.218376 -0.037499 0.101387
v 0.215717 -0.042017 0.104113
v 0.213212 -0.047854 0.102255
v 0.189859 -0.184784 0.140383
v 0.197702 -0.190153 0.139777
v 0.211942 -0.037500 0.109509
v -0.080684 0.113269 0.139665
v 0.181687 -0.061047 0.110383
v 0.211104 -0.037517 0.110218
v 0.202172 -0.047649 0.113769
v 0.161555 -0.205882 0.136923
v 0.189764 -0.201521 0.137013
v 0.202321 -0.042116 0.116566
v 0.201346 -0.037500 0.117852
v 0.127270 -0.073613 0.096272
v 0.126268 -0.070248 0.109962
v 0.126321 -0.066012 0.119660
v 0.189503 -0.199285 0.138604
v -0.075013 0.109404 0.138051
v 0.149758 -0.068897 0.107674
v 0.156595 -0.071809 0.089215
v -0.078224 0.111743 0.139179
v 0.168860 -0.068510 0.097185
v 0.163960 -0.064856 0.111816
v 0.072644 -0.108359 0.135482
v -0.224147 0.186284 0.136790
v -0.220250 0.190374 0.137019
v -0.210342 0.195640 0.137088
v 0.212160 -0.184695 0.138963
v 0.223499 -0.187813 0.136737
v 0.220321 -0.188205 0.137734
v 0.073328 -0.108368 0.136735
v -0.217110 0.184665 0.138545
v 0.073551 -0.108463 0.136920
v 0.211245 -0.195336 0.136989
v -0.204682 0.190220 0.139301
v -0.073532 0.108450 0.136913
v -0.072645 0.108359 0.135484
v 0.126629 -0.129460 0.119947
v 0.224834 -0.133362 0.124939
v -0.075397 0.109659 0.138166
v 0.074105 -0.050101 0.137500
v 0.115407 -0.121092 0.120457
v 0.119348 -0.114703 0.121483
v 0.149237 -0.129304 0.120261
v 0.151115 -0.128190 0.120326
v -0.112106 -0.124727 0.120135
v -0.133486 0.127438 0.120044
v 0.072891 0.063839 0.123689
v -0.116472 -0.119493 0.120765
v 0.142643 -0.109413 0.124323
v 0.173780 -0.112423 0.124644
v 0.080344 0.121861 0.120403
v 0.202354 -0.118268 0.124941
v 0.077680 0.117998 0.120899
v -0.189306 0.133066 0.121350
v 0.181564 -0.115476 0.123349
v -0.112392 -0.124536 0.120223
v -0.149221 0.129318 0.120260
v 0.078215 0.118776 0.120900
v 0.218087 -0.130204 0.123518
v 0.200022 -0.129012 0.121964
v 0.224149 -0.130450 0.124972
v 0.084275 0.125375 0.120172
v 0.082731 0.124538 0.120222
v -0.151101 0.128201 0.120325
v 0.220291 -0.126391 0.124741
v 0.194649 -0.122359 0.122319
v 0.211530 -0.121661 0.124603
v -0.118835 0.115611 0.121400
v 0.131561 -0.126566 0.141696
v 0.224769 -0.133362 0.136918
v 0.170129 -0.131910 0.141178
v -0.122472 -0.108766 0.124466
v 0.200872 -0.132001 0.139809
v -0.122032 -0.109745 0.123615
v -0.224264 0.130547 0.125118
v 0.072617 0.108501 0.124747
v -0.218866 0.125093 0.125041
v -0.205916 0.119490 0.124610
v 0.151480 -0.119069 0.140746
v 0.073044 0.109575 0.123606
v -0.220192 0.128749 0.123950
v 0.225074 -0.133344 0.136626
v 0.072965 0.109425 0.123778
v 0.222562 -0.128521 0.137122
v -0.120392 -0.112934 0.122135
v 0.214700 -0.122781 0.137038
v 0.194419 -0.116355 0.137292
v -0.188041 0.116344 0.123647
v 0.214565 -0.129064 0.138634
v 0.196091 -0.122779 0.139383
v -0.195965 0.122530 0.122402
v -0.204698 0.129615 0.122239
v 0.121046 -0.108788 0.137384
v 0.116042 -0.112359 0.139416
v 0.137429 -0.109146 0.137425
v 0.162760 -0.114674 0.139229
v 0.167599 -0.111605 0.137124
v -0.120213 0.113194 0.122037
v -0.141850 0.109428 0.124273
v -0.161863 0.114593 0.122523
v -0.122226 -0.108450 0.136269
v -0.172948 0.112299 0.124631
v -0.114481 -0.113267 0.139658
v -0.155145 0.131818 0.141628
v -0.224713 0.133361 0.137007
v 0.072927 0.108351 0.136390
v -0.134309 0.119239 0.140947
v 0.079313 0.112491 0.139438
v -0.170924 0.120817 0.140287
v 0.074970 0.109355 0.137974
v 0.077789 0.111451 0.139081
v -0.189651 0.131940 0.140436
v -0.139618 0.109105 0.136974
v -0.167435 0.111513 0.136906
v -0.196490 0.116680 0.136800
v -0.180753 0.114897 0.138190
v -0.121837 -0.050894 0.136800
v -0.120061 -0.109509 0.138069
v -0.144748 0.112142 0.138984
v -0.122201 -0.108551 0.136152
v 0.073315 0.108351 0.136737
v -0.217842 0.129909 0.138255
v 0.073737 0.108563 0.137092
v -0.199886 0.131976 0.139898
v 0.072647 0.108358 0.135491
v -0.225073 0.133344 0.136626
v -0.112373 0.124559 0.120163
v -0.122517 0.108614 0.124709
v -0.110836 0.125373 0.120172
v -0.222635 0.128360 0.136851
v -0.201627 0.124088 0.139225
v -0.215987 0.123401 0.136727
v -0.209223 0.121628 0.137671
v -0.115542 0.120918 0.120576
v 0.130839 0.186277 0.119950
v 0.110849 -0.125372 0.120102
v 0.122436 -0.108674 0.124501
v 0.124877 0.208091 0.124465
v 0.115430 -0.121088 0.120558
v 0.195453 0.187866 0.121665
v 0.155650 0.184486 0.120310
v 0.164183 0.186545 0.120533
v 0.112200 -0.124660 0.120201
v 0.166911 0.186594 0.120565
v 0.139589 0.194599 0.120548
v -0.122174 0.109436 0.123811
v 0.182960 0.198430 0.122431
v 0.122491 -0.108644 0.124617
v 0.224147 0.186285 0.124975
v 0.220502 0.190277 0.124942
v -0.122205 0.108453 0.136315
v 0.210290 0.195700 0.124740
v -0.115834 0.112504 0.139431
v 0.189294 0.201662 0.124814
v -0.120989 0.108834 0.137512
v 0.216351 0.189055 0.123449
v 0.121851 -0.110144 0.123367
v 0.179057 0.201788 0.123391
v 0.121034 -0.111788 0.122480
v -0.122496 0.108469 0.135302
v -0.122206 0.108558 0.136141
v -0.121839 0.050895 0.136802
v -0.120175 0.109399 0.137947
v 0.135905 0.204155 0.122333
v 0.159038 0.206062 0.124552
v 0.130982 0.190262 0.141692
v 0.111343 -0.114256 0.139952
v 0.133266 0.207644 0.137772
v 0.122204 -0.108452 0.136319
v 0.224769 0.183364 0.136918
v 0.141846 0.201514 0.140050
v 0.177262 0.184821 0.141037
v 0.114144 -0.113413 0.139687
v 0.175364 0.195931 0.140106
v 0.117268 -0.111525 0.139105
v 0.189859 0.184784 0.140383
v 0.159565 0.206074 0.137071
v 0.190408 0.201383 0.137015
v 0.178628 0.201499 0.138477
v 0.220283 0.188195 0.137742
v 0.211957 0.184696 0.138980
v 0.223726 0.187443 0.136641
v 0.121902 -0.108424 0.136588
v 0.119675 -0.109774 0.138169
v 0.204100 0.192876 0.139001
v 0.211926 0.195070 0.136980
v 0.133644 0.127351 0.120052
v 0.225073 0.133345 0.125139
v 0.122482 0.108538 0.124727
v 0.120399 0.112916 0.122141
v 0.112367 0.124557 0.120221
v 0.119166 0.115025 0.121411
v 0.151116 0.128192 0.120326
v 0.115562 0.120896 0.120579
v 0.167437 0.123491 0.120985
v 0.184824 0.129356 0.121263
v 0.161297 0.110714 0.124689
v 0.195270 0.116458 0.124641
v 0.156633 0.112395 0.123062
v 0.121427 0.110936 0.122903
v 0.224769 0.133362 0.124846
v 0.122032 0.109745 0.123615
v 0.219946 0.128929 0.123850
v 0.204158 0.127425 0.122334
v 0.196163 0.131851 0.121711
v 0.122464 0.108745 0.124415
v 0.223109 0.128915 0.125012
v 0.214755 0.122840 0.124705
v 0.194278 0.120359 0.122803
v 0.127338 0.125691 0.141685
v 0.122203 0.108455 0.136322
v 0.224834 0.133362 0.136825
v 0.169559 0.131907 0.141240
v 0.114604 0.113224 0.139639
v 0.120054 0.109509 0.138069
v 0.151290 0.116991 0.140298
v 0.122499 0.108467 0.135290
v 0.224252 0.130829 0.136841
v 0.222038 0.127846 0.137052
v 0.213865 0.122446 0.137049
v 0.195642 0.116470 0.136801
v 0.122201 0.108561 0.136153
v 0.218634 0.130272 0.138156
v 0.178382 0.114552 0.138272
v 0.204187 0.123328 0.138852
v 0.121838 0.050895 0.136800
v 0.200895 0.131997 0.139928
v 0.120104 0.109446 0.137992
v 0.116052 0.112351 0.139413
v 0.137128 0.109130 0.137439
v 0.166527 0.111482 0.137132
v 0.075336 0.113895 0.121877
v 0.083732 0.114261 0.139889
v 0.080903 0.113356 0.139709
v 0.111332 0.114271 0.139888
v 0.113551 0.113638 0.139752
v -0.116044 0.112354 0.139426
v -0.113683 0.113584 0.139738
v -0.111406 0.114262 0.139872
v -0.083762 0.114269 0.139882
v -0.081186 0.113471 0.139740
v 0.080532 -0.122080 0.120474
v 0.083750 -0.114268 0.139883
v 0.080888 -0.113350 0.139707
v 0.113536 -0.113644 0.139753
v -0.114597 -0.122113 0.120476
v -0.111331 -0.114272 0.139884
v -0.113909 -0.113494 0.139748
v -0.116667 -0.111936 0.139237
v 0.082429 -0.065804 0.120019
v 0.083291 0.065948 0.120027
v 0.079113 0.065657 0.120564
v 0.078754 -0.065601 0.120663
v 0.075260 0.064916 0.121846
v 0.073204 -0.064037 0.123358
v 0.073378 0.064152 0.123201
v 0.072626 0.063375 0.124388
v 0.072528 -0.062959 0.125050
v 0.072593 -0.063277 0.124567
v 0.084406 0.044129 0.139995
v 0.082108 0.044521 0.139870
v 0.081045 -0.044906 0.139787
v 0.079578 0.045697 0.139577
v 0.076851 -0.047417 0.138724
v 0.074321 -0.049866 0.137563
v 0.074327 0.049857 0.137552
v 0.072964 -0.051937 0.136314
v 0.073254 0.051434 0.136698
v 0.072573 0.053405 0.135650
v 0.072563 -0.053608 0.135362
v 0.112266 -0.065826 0.120010
v 0.111863 0.065977 0.120045
v 0.115436 -0.065668 0.120469
v 0.119418 0.064902 0.121658
v 0.121541 0.064136 0.122996
v 0.121345 -0.064143 0.122793
v 0.122449 -0.063297 0.124218
v 0.111230 0.044163 0.139984
v 0.114369 0.044920 0.139758
v 0.115053 -0.045215 0.139683
v 0.118925 0.047599 0.138498
v 0.119141 -0.047828 0.138451
v 0.122549 -0.053020 0.135639
v 0.122730 0.053208 0.135173
v 0.072560 0.058418 0.130827
v 0.122560 0.058127 0.130819
v -0.083301 -0.065948 0.120026
v -0.081419 0.065683 0.120044
v -0.080105 -0.065754 0.120398
v -0.077118 -0.065338 0.121116
v -0.077125 0.065341 0.121115
v -0.074812 0.064759 0.122118
v -0.074811 -0.064758 0.122118
v -0.073378 -0.064152 0.123201
v -0.072626 -0.063375 0.124388
v -0.072593 0.063277 0.124567
v -0.081045 0.044906 0.139786
v -0.080188 -0.045348 0.139747
v -0.076851 0.047417 0.138724
v -0.074327 -0.049857 0.137551
v -0.074324 0.049863 0.137565
v -0.073254 -0.051434 0.136698
v -0.072971 0.051915 0.136329
v -0.072573 -0.053405 0.135650
v -0.072563 0.053608 0.135362
v -0.112266 0.065826 0.120010
v -0.115436 0.065668 0.120469
v -0.116362 -0.065532 0.120661
v -0.117275 -0.065399 0.120871
v -0.119100 0.065001 0.121510
v -0.119389 -0.064911 0.121644
v -0.121541 -0.064136 0.122996
v -0.121343 0.064144 0.122790
v -0.121265 -0.064264 0.122753
v -0.122449 0.063297 0.124218
v -0.111230 -0.044163 0.139984
v -0.111428 0.044180 0.139979
v -0.114369 -0.044920 0.139758
v -0.115053 0.045215 0.139683
v -0.118925 -0.047599 0.138498
v -0.119139 0.047827 0.138452
v -0.122549 -0.053020 0.135637
v -0.122549 0.053020 0.135639
v -0.122730 0.053209 0.135173
v -0.072560 0.057993 0.131274
v -0.072560 -0.058418 0.130827
v -0.122560 -0.058127 0.130819
v -0.122560 0.058142 0.130804
v -0.189074 0.132864 0.121352
v -0.189063 -0.132855 0.121353
v 0.189067 -0.132859 0.121353
v -0.144045 0.071163 -0.059409
v -0.159802 0.069258 -0.058616
v -0.219534 0.046908 -0.049617
v -0.216458 0.049734 -0.050733
v -0.223541 -0.040032 -0.047402
v -0.219527 -0.046904 -0.049621
v -0.216455 -0.049735 -0.050734
v -0.201941 -0.058230 -0.054116
v -0.132929 -0.072254 -0.059845
v -0.118295 -0.072562 -0.059985
v -0.144027 -0.071166 -0.059410
v 0.223541 0.040032 -0.047402
v 0.223983 0.037499 -0.047003
v 0.219527 0.046904 -0.049621
v 0.216455 0.049735 -0.050734
v 0.201941 0.058230 -0.054116
v 0.118325 0.072561 -0.059985
v 0.144027 0.071166 -0.059410
v 0.159811 0.069259 -0.058616
v 0.131704 -0.072440 -0.059897
v 0.144045 -0.071163 -0.059409
v 0.159802 -0.069258 -0.058616
v 0.175377 -0.066418 -0.057452
v 0.223545 -0.040014 -0.047400
v 0.219534 -0.046908 -0.049617
v 0.216458 -0.049734 -0.050733
v -0.119004 0.074951 -0.000017
v -0.127392 0.074783 -0.000082
v -0.134533 0.074303 -0.000283
v -0.167667 0.070203 -0.001914
v -0.182359 0.066930 -0.003230
v -0.206295 0.058259 -0.006697
v -0.214817 0.053155 -0.008737
v -0.216436 0.051851 -0.009260
v -0.220806 0.047728 -0.010906
v -0.221892 0.046254 -0.011498
v -0.223711 0.042973 -0.012928
v -0.119006 -0.074951 -0.000020
v -0.134533 -0.074303 -0.000283
v -0.151537 -0.072701 -0.000918
v -0.182358 -0.066931 -0.003233
v -0.206295 -0.058259 -0.006697
v -0.195380 -0.062908 -0.004839
v -0.214817 -0.053155 -0.008737
v -0.216436 -0.051851 -0.009260
v -0.219494 -0.049088 -0.010365
v -0.221892 -0.046254 -0.011498
v -0.224249 -0.042110 -0.013161
v -0.223711 -0.042973 -0.012928
v -0.225000 -0.037500 -0.015000
v 0.223711 -0.042973 -0.012928
v 0.225000 -0.037500 -0.015000
v 0.220806 -0.047728 -0.010906
v 0.219494 -0.049088 -0.010365
v 0.216436 -0.051851 -0.009260
v 0.212738 -0.054525 -0.008190
v 0.195338 -0.062916 -0.004838
v 0.167636 -0.070221 -0.001918
v 0.134533 -0.074303 -0.000283
v 0.127392 -0.074783 -0.000082
v 0.119006 0.074951 -0.000020
v 0.127393 0.074813 -0.000082
v 0.134533 0.074303 -0.000283
v 0.151537 0.072701 -0.000918
v 0.167636 0.070221 -0.001918
v 0.182358 0.066931 -0.003233
v 0.195338 0.062916 -0.004833
v 0.214817 0.053155 -0.008737
v 0.219494 0.049088 -0.010365
v 0.221892 0.046254 -0.011498
v 0.224249 0.042110 -0.013161
v 0.182215 -0.186402 -0.004173
v 0.191757 -0.179660 -0.005126
v 0.199182 -0.141725 -0.005446
v 0.172231 -0.120726 -0.002292
v 0.162375 -0.120676 -0.001558
v -0.191757 -0.179660 -0.005126
v -0.196077 -0.135888 -0.004974
v -0.172231 -0.120726 -0.002292
v -0.162376 -0.120676 -0.001558
v -0.138210 -0.174524 -0.000795
v -0.182215 0.186402 -0.004173
v -0.191757 0.179660 -0.005126
v -0.199182 0.141725 -0.005446
v -0.172231 0.120726 -0.002292
v -0.162375 0.120676 -0.001558
v 0.191757 0.179660 -0.005126
v 0.196077 0.135888 -0.004974
v 0.172231 0.120726 -0.002292
v 0.081565 -0.113625 0.139751
v 0.122472 -0.108462 0.135491
v 0.082704 -0.065948 0.120066
v 0.079732 -0.045585 0.139538
v 0.076633 -0.047630 0.138698
v 0.072542 -0.052627 0.135928
v 0.113605 -0.065897 0.120133
v 0.121790 0.063940 0.123280
v 0.111393 -0.044177 0.139970
v -0.224834 0.133362 0.124940
v 0.224834 0.183364 0.124940
v -0.076541 0.116009 0.121407
v -0.110802 -0.125385 0.120171
v -0.113670 -0.123266 0.120374
v -0.122499 -0.108467 0.135292
v -0.121359 -0.108642 0.137085
v -0.122466 0.108792 0.124458
v -0.081685 -0.065913 0.120120
v -0.073241 0.064052 0.123351
v -0.080364 -0.045223 0.139648
v -0.076633 -0.047630 0.138698
v -0.073804 -0.050424 0.137321
v -0.072363 -0.053550 0.135207
v -0.122584 -0.062964 0.124669
v -0.112087 -0.044246 0.139916
v -0.115265 -0.045341 0.139573
v -0.083420 -0.044205 0.139953
v -0.180618 -0.131920 0.140792
v -0.126617 0.037500 -0.098744
v -0.186097 0.037502 0.126548
v -0.201346 0.037500 0.117852
v -0.201343 -0.037500 -0.075901
v -0.159358 -0.037500 0.135778
v 0.186082 0.037502 -0.084601
v 0.183157 0.064728 -0.056752
v 0.159358 0.037500 0.135778
v 0.159346 -0.037500 -0.093828
v 0.186100 -0.037502 -0.084594
v 0.189018 -0.062898 -0.056015
v 0.221696 -0.044255 -0.048596
v 0.214770 -0.051169 -0.051283
v 0.127221 -0.037498 0.140631
v -0.151542 0.072689 -0.000920
v -0.224249 0.042110 -0.013161
v 0.214817 -0.053155 -0.008737
v 0.206295 0.058259 -0.006697
v 0.212738 0.054525 -0.008190
v 0.164438 -0.190080 -0.002683
v 0.173921 -0.189374 -0.003440
v 0.186951 -0.179588 0.121255
v 0.193140 -0.172493 0.121549
v 0.151477 -0.123644 -0.000919
v 0.139706 -0.133407 -0.000447
v 0.140972 -0.137589 0.120065
v 0.138040 -0.143051 0.120026
v -0.135410 -0.155152 0.120057
v -0.135625 -0.155151 0.120004
v -0.133533 -0.165275 -0.000473
v -0.149668 -0.181367 0.120192
v -0.166910 0.186592 0.120623
v -0.195979 0.167122 0.121701
v -0.151477 0.123644 -0.000919
v -0.139706 0.133407 -0.000447
v -0.132446 0.155147 0.101797
v -0.150614 0.186101 -0.001650
v -0.164438 0.190080 -0.002683
v 0.182485 0.186262 -0.004198
v 0.136601 0.138061 -0.000347
v 0.144392 0.181799 -0.001235
v 0.159351 0.189568 -0.002285
v 0.080521 0.122066 0.120476
v 0.072666 0.108427 0.124930
v 0.121350 0.108650 0.137094
v 0.082292 0.065935 0.120084
v 0.076176 0.065193 0.121400
v 0.083465 0.044201 0.139956
v 0.080353 0.045222 0.139647
v 0.076633 0.047630 0.138698
v 0.073742 0.050482 0.137303
v 0.112026 0.065958 0.120045
v 0.119057 -0.065005 0.121494
v 0.121812 -0.063934 0.123266
v 0.112087 0.044246 0.139916
v 0.115264 0.045341 0.139573
v -0.224834 0.183364 0.136825
v -0.184822 0.129355 0.121263
v -0.121443 0.110896 0.122914
v 0.224947 0.183361 0.136513
v -0.073538 -0.108452 0.136916
v -0.073142 0.108384 0.136471
v -0.081665 0.065911 0.120137
v -0.073141 -0.063960 0.123552
v -0.079732 0.045585 0.139538
v -0.076633 0.047630 0.138698
v -0.074157 0.050062 0.137495
v -0.072552 0.052583 0.135962
v -0.121811 0.063934 0.123265
v -0.119050 -0.047777 0.138456
v -0.083891 0.044163 0.139984
v -0.224824 -0.133362 0.124917
v -0.224959 -0.133364 0.136506
v -0.186100 0.037502 -0.084594
v -0.223545 0.040014 -0.047400
v -0.221948 0.043853 -0.048470
v -0.214770 0.051169 -0.051283
v -0.127221 0.037498 0.140631
v -0.175024 -0.066488 -0.057482
v 0.186106 0.037502 0.126544
v 0.201343 0.037500 0.117853
v 0.201338 -0.037500 -0.075904
v 0.224483 -0.037498 0.088388
v 0.186097 -0.037502 0.126548
v -0.225000 0.037500 -0.015000
v -0.212738 -0.054525 -0.008190
v 0.206220 -0.058284 -0.006683
v 0.182346 -0.066921 -0.003227
v 0.133404 -0.145742 -0.000281
v 0.133616 -0.165410 -0.000479
v -0.194635 -0.140052 0.121621
v -0.159351 -0.189568 -0.002285
v -0.138040 0.143051 0.120026
v -0.155662 0.184491 0.120311
v 0.145586 0.127547 -0.000665
v 0.132386 0.155157 0.100708
v 0.135625 0.155151 0.120004
v 0.081579 0.113630 0.139752
v 0.075348 -0.064941 0.121814
v 0.083891 -0.044163 0.139984
v 0.081748 -0.044663 0.139825
v 0.114955 -0.045152 0.139626
v 0.119036 -0.047760 0.138460
v 0.122730 -0.053209 0.135173
v 0.072560 -0.057993 0.131274
v 0.122560 -0.058142 0.130804
v -0.224948 0.183361 0.125252
v 0.198307 0.155151 0.121826
v -0.075857 -0.065101 0.121549
v -0.075858 0.065101 0.121549
v -0.072528 0.062959 0.125050
v -0.119034 0.047758 0.138461
v -0.122730 -0.053208 0.135173
v 0.184825 -0.129357 0.121263
v -0.197722 -0.161329 0.121792
v -0.159346 0.037500 -0.093828
v -0.223043 0.037499 0.092346
v 0.127226 0.037498 -0.098679
v 0.220063 0.037499 -0.057002
v -0.151673 -0.072694 -0.000926
v -0.167726 -0.070215 -0.001918
v 0.151673 0.072694 -0.000926
v 0.216436 0.051851 -0.009260
v 0.201984 -0.155128 -0.006002
v 0.149668 -0.181367 0.120192
v -0.201968 -0.155133 -0.006002
v -0.140972 -0.137589 0.120065
v -0.138040 -0.143051 0.120026
v -0.135625 0.155151 0.120004
v 0.186951 0.179588 0.121255
v 0.194646 0.170229 0.121623
v 0.145298 0.132416 0.120126
v 0.133533 0.165275 -0.000473
v 0.072360 0.053600 0.135168
v 0.115986 0.065598 0.120565
v 0.119050 0.047777 0.138456
v 0.122549 0.053020 0.135637
v -0.081748 0.044663 0.139825
v -0.113605 0.065897 0.120133
v -0.114955 0.045152 0.139626
v 0.189307 -0.133068 0.121352
v -0.223045 -0.037499 0.092342
v 0.223045 0.037499 0.092342
v -0.212738 0.054525 -0.008190
v -0.127393 -0.074813 -0.000082
v 0.224249 -0.042110 -0.013161
v 0.151542 -0.072689 -0.000920
v 0.220805 0.047729 -0.010905
v 0.173376 -0.185927 0.120797
v -0.184614 -0.181166 0.121162
v -0.193140 -0.172493 0.121549
v -0.195979 -0.167122 0.121701
v -0.197735 -0.149018 0.121794
v -0.154162 -0.122774 -0.001070
v -0.145586 -0.127547 -0.000665
v -0.132289 -0.155148 -0.000304
v -0.144392 -0.181799 -0.001235
v -0.132446 -0.155155 0.101795
v -0.194639 0.140059 0.121622
v -0.134957 0.141788 -0.000313
v 0.138040 0.143051 0.120026
v 0.149245 0.129298 0.120262
v -0.112444 -0.065946 0.120069
v 0.192324 -0.131972 0.140248
v 0.201343 0.037500 -0.075901
v -0.220805 -0.047729 -0.010905
v 0.179253 -0.184093 0.120963
v 0.132280 -0.155149 -0.000305
v 0.150614 -0.186101 -0.001650
v -0.182485 -0.186262 -0.004198
v -0.136601 -0.138061 -0.000347
v -0.186952 0.179587 0.121255
v -0.135410 0.155152 0.120057
v -0.133616 0.165410 -0.000479
v 0.110792 0.125387 0.120170
v 0.192324 0.131972 0.140248
v -0.149213 -0.129324 0.120260
v 0.224834 -0.183364 0.136826
v -0.201338 0.037500 -0.075904
v -0.218376 0.037499 0.101387
v -0.127527 -0.037500 -0.098715
v -0.223952 -0.037500 -0.047013
v -0.127156 -0.037500 0.140633
v -0.219494 0.049088 -0.010365
v 0.221892 -0.046254 -0.011498
v 0.223711 0.042973 -0.012928
v 0.119004 -0.074951 -0.000017
v 0.193140 -0.137809 0.121549
v 0.191834 -0.130629 -0.004366
v -0.145289 -0.132426 0.120127
v -0.201872 0.155152 0.105088
v -0.184823 -0.129356 0.121263
v 0.223977 -0.037513 -0.047034
v 0.225000 0.037500 -0.015000
v -0.199213 -0.141782 -0.005451
v -0.145287 0.132427 0.120126
v -0.136235 0.161322 0.120010
v 0.173384 0.185925 0.120797
v 0.193140 0.137809 0.121549
v 0.138210 0.174524 -0.000795
v 0.198307 -0.155151 0.121826
v -0.195363 0.062915 -0.004836
v -0.166844 -0.186592 0.120622
v 0.179253 0.184093 0.120963
v 0.189307 0.133067 0.121352
v 0.162376 0.120676 -0.001558
v 0.154162 0.122774 -0.001070
v 0.156079 -0.184653 0.120320
vn -0.0151 0.0322 -0.9994
vn -0.1225 -0.0021 -0.9925
vn -0.0369 0.0071 -0.9993
vn -0.0977 0.0230 -0.9950
vn -0.0379 0.0012 -0.9993
vn -0.1068 0.0057 -0.9943
vn -0.9848 0.0091 -0.1733
vn -0.6591 -0.0005 -0.7520
vn -0.9392 -0.0008 -0.3435
vn 0.6384 0.0014 0.7697
vn 0.3901 -0.0000 0.9208
vn 0.6134 0.0219 0.7894
vn -0.0755 -0.0004 -0.9971
vn -0.1103 0.0003 -0.9939
vn -0.4164 -0.0008 -0.9092
vn -0.2732 -0.0021 -0.9619
vn -0.1410 -0.0332 -0.9895
vn -0.5515 -0.0010 -0.8342
vn 0.0424 -0.8518 0.5221
vn -0.1063 -0.0005 0.9943
vn -0.0528 0.0201 0.9984
vn -0.0023 -0.2423 0.9702
vn -0.0607 -0.0241 0.9979
vn -0.1579 0.0004 0.9875
vn -0.0453 0.0003 0.9990
vn -0.1925 -0.0014 0.9813
vn -0.1742 0.0067 0.9847
vn -0.1787 -0.0065 0.9839
vn -0.3192 -0.0009 0.9477
vn -0.3241 -0.0019 0.9460
vn -0.4067 0.0001 0.9136
vn -0.4094 0.0021 0.9124
vn -0.5752 0.0004 0.8180
vn -0.5005 -0.0113 0.8656
vn -0.8574 -0.0034 0.5146
vn -0.6875 -0.0088 0.7261
vn -0.8958 -0.0046 0.4445
vn -0.9350 -0.0004 0.3547
vn 0.0033 -0.0208 -0.9998
vn 0.0329 -0.0028 -0.9995
vn 0.0660 0.0012 -0.9978
vn 0.2226 0.0231 -0.9746
vn 0.1647 -0.0040 -0.9863
vn 0.1301 0.0015 -0.9915
vn 0.4087 0.0031 -0.9127
vn 0.3846 -0.0024 -0.9231
vn 0.2320 0.1240 -0.9648
vn 0.8942 -0.0113 -0.4475
vn 0.4476 -0.0050 -0.8942
vn 0.8980 0.0098 -0.4399
vn 0.0527 0.0031 0.9986
vn 0.1675 0.0002 0.9859
vn 0.0421 -0.0138 0.9990
vn 0.1797 0.0004 0.9837
vn 0.1571 0.0005 0.9876
vn 0.0527 -0.0002 0.9986
vn 0.2590 -0.0004 0.9659
vn 0.3628 0.0018 0.9319
vn 0.3650 0.0007 0.9310
vn 0.9002 0.0017 0.4356
vn 0.9456 -0.0017 0.3254
vn 0.6081 0.0322 0.7932
vn -0.0104 0.0173 -0.9998
vn 0.0483 -0.0095 0.9988
vn -0.0467 0.1523 -0.9872
vn -0.0070 0.0906 -0.9959
vn -0.0399 0.0734 -0.9965
vn -0.0512 0.0445 -0.9977
vn -0.1118 0.0555 -0.9922
vn -0.0966 0.4693 -0.8777
vn -0.1347 0.8544 -0.5019
vn -0.0217 0.8526 -0.5220
vn -0.7715 0.2902 -0.5662
vn -0.7171 0.0788 -0.6925
vn -0.9537 0.2274 -0.1967
vn -0.5560 0.6247 -0.5483
vn -0.0873 0.2405 -0.9667
vn -0.4180 0.7272 -0.5445
vn -0.0857 0.8420 0.5326
vn -0.0353 0.3669 0.9296
vn 0.0179 0.8679 0.4964
vn -0.0826 0.4617 0.8832
vn -0.0805 0.2309 0.9696
vn -0.1418 0.8054 0.5755
vn -0.0046 0.1019 0.9948
vn -0.1572 0.0759 0.9846
vn -0.4112 0.6359 0.6531
vn -0.7476 0.4873 0.4513
vn -0.0787 0.1336 0.9879
vn -0.2532 0.7796 0.5728
vn -0.0283 0.0470 0.9985
vn 0.6640 -0.7150 0.2187
vn -0.0077 -0.0656 -0.9978
vn -0.0171 -0.0321 -0.9993
vn -0.0868 -0.0705 -0.9937
vn -0.0495 -0.0503 -0.9975
vn -0.1347 -0.8276 -0.5449
vn -0.0888 -0.2110 -0.9734
vn 0.3693 -0.8609 -0.3499
vn -0.0395 -0.0472 -0.9981
vn -0.1528 0.0075 -0.9882
vn -0.0228 -0.1919 -0.9811
vn -0.0451 -0.3563 -0.9333
vn -0.2796 -0.1973 -0.9396
vn -0.4120 -0.6241 -0.6639
vn -0.7881 -0.4944 -0.3668
vn -0.1960 -0.7871 -0.5849
vn -0.0407 -0.8536 -0.5194
vn -0.1021 -0.8323 -0.5449
vn -0.1502 -0.5541 -0.8188
vn -0.0399 -0.1668 0.9852
vn -0.0191 -0.0413 0.9990
vn -0.0448 -0.0842 0.9954
vn -0.0471 -0.4213 0.9057
vn -0.0473 -0.9135 0.4040
vn 0.0145 -0.5614 0.8274
vn -0.1361 -0.5440 0.8280
vn -0.1456 -0.8703 0.4704
vn -0.0127 -0.2643 0.9644
vn -0.0067 -0.1503 0.9886
vn -0.6229 -0.4376 0.6484
vn -0.6654 -0.1270 0.7356
vn -0.8110 -0.4139 0.4134
vn -0.0925 -0.1910 0.9772
vn -0.0643 -0.0344 0.9973
vn -0.1637 -0.1139 0.9799
vn -0.3662 -0.8046 0.4675
vn -0.1888 -0.5410 0.8195
vn -0.1795 -0.8808 0.4382
vn 0.0370 0.0214 -0.9991
vn 0.0667 0.0771 -0.9948
vn 0.0388 0.0245 -0.9989
vn 0.0317 0.1026 -0.9942
vn 0.0130 0.1244 -0.9921
vn 0.0168 0.0504 -0.9986
vn 0.0052 0.0337 -0.9994
vn 0.0825 0.2551 -0.9634
vn 0.0074 0.3746 -0.9272
vn 0.1549 0.1688 -0.9734
vn 0.4161 0.6844 -0.5987
vn 0.7999 0.3677 -0.4742
vn 0.2392 0.7939 -0.5590
vn 0.0537 0.5272 -0.8481
vn 0.0819 0.8382 -0.5392
vn -0.0128 0.8755 -0.4830
vn 0.2776 0.7971 -0.5362
vn 0.0399 0.1674 0.9851
vn 0.0053 0.0718 0.9974
vn 0.0363 0.0430 0.9984
vn 0.2431 0.8012 0.5468
vn 0.0538 0.8799 0.4720
vn 0.0601 0.4648 0.8834
vn 0.0079 0.8264 0.5630
vn 0.0179 0.2643 0.9643
vn 0.7105 0.3738 0.5962
vn 0.7327 0.0983 0.6734
vn 0.9405 0.2758 0.1986
vn 0.1114 0.2224 0.9686
vn 0.1001 0.0372 0.9943
vn 0.3496 0.6960 0.6272
vn 0.2721 0.2958 0.9157
vn 0.0203 -0.1967 -0.9803
vn 0.1634 -0.0212 -0.9863
vn 0.0080 -0.0612 -0.9981
vn 0.0483 -0.4756 -0.8783
vn -0.6675 -0.4230 -0.6128
vn 0.0509 -0.0316 -0.9982
vn 0.0967 -0.1082 -0.9894
vn 0.0506 -0.0509 -0.9974
vn 0.0222 -0.4467 -0.8944
vn 0.1395 -0.8728 -0.4677
vn 0.0401 -0.8454 -0.5326
vn 0.0258 -0.4197 -0.9073
vn 0.0834 -0.2670 -0.9601
vn 0.2672 -0.8155 -0.5134
vn 0.6009 -0.6182 -0.5067
vn 0.1996 -0.1958 -0.9601
vn 0.7532 -0.4523 -0.4777
vn 0.2901 -0.7723 -0.5652
vn 0.1628 -0.0878 0.9827
vn 0.4521 -0.5879 0.6708
vn 0.7591 -0.3801 0.5284
vn 0.0903 -0.2616 0.9609
vn 0.2937 -0.7656 0.5723
vn 0.0768 -0.5400 0.8382
vn 0.0671 -0.0478 0.9966
vn 0.0276 -0.8562 0.5159
vn 0.1252 -0.8818 0.4547
vn 0.2451 -0.8481 0.4697
vn 0.0020 -0.0013 -1.0000
vn 0.2960 0.0215 -0.9550
vn 0.8914 -0.4163 0.1792
vn -0.0050 -0.0022 -1.0000
vn 0.5040 0.8351 0.2204
vn 0.3345 0.9185 0.2108
vn -0.0482 0.0196 -0.9986
vn -0.0519 0.0084 -0.9986
vn -0.0539 0.0038 -0.9985
vn -0.0568 0.0014 -0.9984
vn -0.9684 -0.1194 0.2188
vn -0.0585 -0.0020 -0.9983
vn -0.9687 0.1177 0.2186
vn -0.9823 0.0018 0.1874
vn -0.7763 -0.0761 -0.6258
vn -0.2430 0.7768 -0.5810
vn -0.7989 0.0750 0.5968
vn -0.0549 0.0012 0.9985
vn -0.0317 -0.9983 0.0484
vn -0.0142 -0.9503 0.3110
vn 0.0001 -0.1057 -0.9944
vn 0.0003 -0.1472 -0.9891
vn -0.0002 -0.1139 -0.9935
vn 0.0008 -0.2607 -0.9654
vn -0.0006 -0.1971 -0.9804
vn -0.0011 -0.3875 -0.9219
vn 0.0011 -0.5319 -0.8468
vn -0.0061 -0.8361 -0.5486
vn 0.0054 -0.0761 0.9971
vn 0.7925 -0.0654 0.6064
vn 0.0082 -0.9510 0.3090
vn 0.0386 -0.9982 0.0456
vn 0.0106 -0.0001 -0.9999
vn 0.0006 -0.0016 -1.0000
vn -0.8917 -0.4156 0.1792
vn -0.6640 -0.7150 0.2186
vn 0.0131 0.0017 -0.9999
vn 0.0123 0.0007 -0.9999
vn 0.0403 0.0065 -0.9992
vn 0.0524 -0.0009 -0.9986
vn 0.0553 -0.0316 -0.9980
vn 0.0502 0.0002 -0.9987
vn 0.0458 0.0012 -0.9989
vn 0.0535 -0.0002 -0.9986
vn 0.9681 0.1260 0.2164
vn 0.0514 -0.0004 -0.9987
vn 0.6701 -0.2162 -0.7101
vn 0.7893 0.0742 -0.6095
vn 0.0311 -0.0534 0.9981
vn 0.0550 0.0005 0.9985
vn 0.0403 -0.0007 0.9992
vn -0.0227 0.3062 -0.9517
vn -0.0012 -1.0000 -0.0082
vn 0.0020 -0.8023 0.5969
vn -0.0011 -0.9033 0.4291
vn -0.6462 -0.0017 0.7632
vn -0.3890 0.0003 0.9212
vn -0.6135 -0.0220 0.7894
vn 0.1541 -0.0034 -0.9881
vn 0.1246 -0.0003 -0.9922
vn 0.4396 0.0030 -0.8982
vn 0.1225 -0.0010 -0.9925
vn 0.1507 0.0039 -0.9886
vn 0.4218 -0.0033 -0.9067
vn 0.4010 0.0040 -0.9161
vn 0.9100 0.0091 -0.4144
vn 0.4641 0.0035 -0.8858
vn 0.7927 -0.0045 -0.6096
vn 0.9407 -0.0005 -0.3393
vn 0.9876 0.0026 -0.1571
vn 0.1061 0.0003 0.9944
vn 0.0765 -0.0278 0.9967
vn 0.0012 0.2414 0.9704
vn 0.0179 0.1330 0.9909
vn 0.1585 0.0001 0.9874
vn 0.0453 -0.0003 0.9990
vn 0.1928 0.0011 0.9812
vn 0.1551 0.0003 0.9879
vn 0.3268 0.0018 0.9451
vn 0.3906 -0.0013 0.9206
vn 0.2440 0.0009 0.9698
vn 0.3208 0.0002 0.9471
vn 0.5322 0.0163 0.8465
vn 0.5296 -0.0003 0.8482
vn 0.7033 -0.0023 0.7109
vn 0.0372 -0.0121 -0.9992
vn -0.0122 -0.0606 -0.9981
vn -0.1810 -0.0017 -0.9835
vn -0.0826 -0.0008 -0.9966
vn -0.0416 -0.0103 -0.9991
vn -0.1299 -0.0009 -0.9915
vn -0.4094 -0.0024 -0.9123
vn -0.4004 -0.0016 -0.9163
vn -0.3049 0.0019 -0.9524
vn -0.3761 0.0010 -0.9266
vn -0.8961 -0.0112 -0.4437
vn -0.9814 -0.0045 -0.1918
vn -0.9704 -0.0019 -0.2413
vn -0.7538 -0.0042 -0.6571
vn -0.0517 -0.0169 0.9985
vn -0.1677 0.0003 0.9858
vn -0.0442 0.0093 0.9990
vn -0.1797 -0.0004 0.9837
vn -0.1553 0.0002 0.9879
vn -0.0526 0.0002 0.9986
vn -0.3651 -0.0006 0.9310
vn -0.1896 -0.0057 0.9818
vn -0.3591 -0.0005 0.9333
vn -0.9056 -0.0023 0.4241
vn -0.9458 0.0017 0.3247
vn -0.6091 -0.0333 0.7924
vn -0.0091 -0.0389 -0.9992
vn 0.0251 0.0039 -0.9997
vn 0.0025 0.0331 -0.9994
vn -0.0257 0.0532 0.9983
vn -0.0042 -0.0930 -0.9957
vn -0.0117 -0.3211 -0.9470
vn -0.0392 -0.1543 -0.9872
vn -0.0253 -0.0610 -0.9978
vn -0.0468 -0.0353 -0.9983
vn -0.0420 -0.0650 -0.9970
vn -0.0976 -0.1195 -0.9880
vn -0.1859 -0.9121 -0.3654
vn -0.1151 -0.3447 -0.9316
vn -0.0887 -0.8331 -0.5460
vn 0.0029 -0.8379 -0.5458
vn -0.1659 -0.1017 -0.9809
vn -0.4675 -0.5617 -0.6826
vn -0.6675 -0.4822 -0.5674
vn -0.3025 -0.7005 -0.6464
vn -0.0077 -0.4168 0.9090
vn -0.1246 -0.5139 0.8487
vn -0.1042 -0.8569 0.5048
vn -0.0127 -0.1715 0.9851
vn -0.0410 -0.1400 0.9893
vn -0.2741 -0.8038 0.5281
vn -0.0190 -0.0386 0.9991
vn -0.5808 -0.5722 0.5790
vn -0.1149 -0.0527 0.9920
vn -0.6461 -0.1073 0.7557
vn -0.0891 -0.2378 0.9672
vn -0.3570 -0.7823 0.5105
vn -0.0511 0.0525 -0.9973
vn -0.0971 0.1275 -0.9871
vn -0.1126 0.7374 -0.6660
vn 0.4788 0.7622 -0.4356
vn -0.0803 0.2712 -0.9592
vn -0.0409 0.3833 -0.9227
vn -0.4289 0.6564 -0.6207
vn -0.2186 0.2379 -0.9464
vn -0.7647 0.5239 -0.3753
vn -0.2205 0.7787 -0.5874
vn -0.1604 0.8620 -0.4808
vn -0.0198 0.4199 -0.9074
vn -0.0385 0.8500 -0.5253
vn -0.0164 0.2354 -0.9718
vn -0.0088 0.1183 -0.9929
vn -0.1007 0.8801 -0.4639
vn -0.0130 0.2851 0.9584
vn -0.0967 0.4197 0.9025
vn -0.0156 0.0780 0.9968
vn -0.0374 0.1166 0.9925
vn -0.0395 0.0208 0.9990
vn -0.0352 0.5479 0.8358
vn -0.0096 0.3327 0.9430
vn -0.0004 0.1942 0.9810
vn -0.6461 0.0816 0.7589
vn -0.6871 0.3292 0.6477
vn -0.9270 0.2268 0.2988
vn -0.1080 0.0426 0.9932
vn -0.1821 0.2340 0.9550
vn -0.0810 0.1937 0.9777
vn -0.4914 0.5663 0.6617
vn -0.3009 0.7269 0.6174
vn 0.0667 -0.0663 -0.9956
vn 0.0389 -0.0355 -0.9986
vn 0.0412 -0.0324 -0.9986
vn 0.0309 -0.1014 -0.9944
vn 0.0767 -0.2761 -0.9581
vn 0.0198 -0.1918 -0.9812
vn 0.5690 -0.5048 -0.6491
vn 0.6583 -0.1266 -0.7420
vn 0.8074 -0.4393 -0.3939
vn 0.2809 -0.7938 -0.5395
vn 0.4285 -0.7523 -0.5004
vn 0.2060 -0.8484 -0.4877
vn 0.1481 -0.1230 -0.9813
vn 0.1244 -0.8553 -0.5030
vn 0.0059 -0.0653 0.9979
vn 0.0332 -0.1694 0.9850
vn 0.0292 -0.0372 0.9989
vn 0.0961 -0.8725 0.4790
vn 0.1691 -0.8963 0.4100
vn 0.1224 -0.3898 0.9127
vn 0.0020 -0.8326 0.5539
vn 0.0322 -0.2837 0.9584
vn 0.0778 -0.1046 0.9915
vn 0.1065 -0.0434 0.9934
vn 0.2417 -0.2698 0.9321
vn 0.3043 -0.6921 0.6545
vn 0.6253 -0.6344 0.4544
vn 0.0252 0.0057 -0.9997
vn 0.0124 0.0930 -0.9956
vn 0.0072 0.0361 -0.9993
vn 0.0138 0.0379 -0.9992
vn -0.6639 0.7151 0.2186
vn 0.0092 0.6949 -0.7191
vn 0.2859 0.9360 -0.2055
vn 0.0797 0.2308 -0.9697
vn -0.1893 0.9576 -0.2170
vn 0.0779 0.0637 -0.9949
vn 0.0405 0.8427 -0.5369
vn 0.0958 0.4378 -0.8940
vn 0.0297 0.2285 -0.9731
vn 0.1656 0.1077 -0.9803
vn 0.4650 0.5660 -0.6807
vn 0.6732 0.4841 -0.5590
vn 0.3183 0.6690 -0.6717
vn 0.0306 0.0412 0.9987
vn 0.0862 0.2114 0.9736
vn 0.0171 0.1779 0.9839
vn 0.5988 0.5787 0.5536
vn 0.1322 0.1238 0.9835
vn 0.6443 0.1048 0.7575
vn 0.2975 0.7286 0.6170
vn 0.1532 0.8248 0.5443
vn 0.0176 0.4917 0.8706
vn 0.0658 0.8194 0.5694
vn 0.0171 0.8940 0.4477
vn 0.0398 0.3651 0.9301
vn 0.1112 0.8448 0.5234
vn 0.0142 -0.0027 -0.9999
vn 0.0063 -0.0027 -1.0000
vn -0.0069 -0.0076 -0.9999
vn -0.0042 -0.0060 -1.0000
vn -0.0065 0.0453 -0.9990
vn 0.8912 0.4166 0.1793
vn 0.6642 0.7148 0.2188
vn -0.0472 -0.0172 -0.9987
vn -0.0553 -0.0044 -0.9985
vn -0.0524 -0.0082 -0.9986
vn -0.9683 -0.1188 0.2196
vn -0.0593 -0.0022 -0.9982
vn -0.0621 0.0078 -0.9980
vn -0.0655 0.0045 -0.9978
vn -0.7976 0.1106 -0.5929
vn -0.0317 -0.8966 0.4417
vn -0.8000 -0.4434 0.4044
vn -0.7902 -0.0715 -0.6087
vn -0.0520 -0.0012 0.9986
vn -0.0500 -0.0002 0.9987
vn -0.0479 0.9219 0.3845
vn -0.0306 0.9446 0.3268
vn -0.0308 0.9986 0.0435
vn -0.0954 0.8048 0.5858
vn -0.3062 0.8351 0.4569
vn -0.0002 0.1144 -0.9934
vn 0.0001 0.1043 -0.9945
vn 0.0005 0.1553 -0.9879
vn -0.0005 0.1972 -0.9804
vn 0.0007 0.3425 -0.9395
vn -0.0003 0.3888 -0.9213
vn 0.8000 0.4434 0.4042
vn 0.3303 0.8354 -0.4394
vn 0.0597 0.8610 -0.5052
vn 0.0072 0.0003 -1.0000
vn 0.0020 -0.0014 -1.0000
vn -0.8920 0.4152 0.1790
vn 0.0096 0.0009 -1.0000
vn 0.0055 -0.0667 -0.9978
vn 0.0143 -0.0104 -0.9998
vn 0.0165 -0.0283 -0.9995
vn 0.0488 0.0242 -0.9985
vn 0.0561 0.0033 -0.9984
vn 0.0420 -0.0099 -0.9991
vn 0.0475 -0.0029 -0.9989
vn 0.9678 0.1285 0.2163
vn 0.0586 0.0019 -0.9983
vn 0.0513 -0.0010 -0.9987
vn 0.0047 0.0618 0.9981
vn 0.0527 -0.0004 0.9986
vn 0.0467 0.0004 0.9989
vn 0.0658 0.0335 0.9973
vn 0.0219 -0.8820 -0.4708
vn 0.7782 -0.1026 0.6196
vn 0.0381 -0.4407 -0.8968
vn 0.7911 0.0712 -0.6076
vn -0.1474 0.1488 -0.9778
vn -0.0538 0.4132 -0.9090
vn -0.0552 0.2148 -0.9751
vn -0.1783 0.4461 -0.8770
vn -0.0728 0.5958 -0.7998
vn -0.2285 0.1149 -0.9667
vn -0.0803 0.1019 -0.9915
vn -0.2091 0.6526 -0.7283
vn -0.0709 0.7379 -0.6711
vn -0.1295 0.8435 -0.5213
vn -0.2491 0.2098 -0.9455
vn -0.2654 0.7867 -0.5574
vn -0.3196 0.3013 -0.8984
vn -0.3973 0.1382 -0.9072
vn -0.3864 0.4297 -0.8161
vn -0.3536 0.6446 -0.6779
vn -0.1709 0.8951 -0.4119
vn -0.0783 0.9505 -0.3007
vn -0.0441 0.9352 -0.3514
vn -0.3158 0.8716 -0.3750
vn -0.2112 0.9283 -0.3059
vn -0.0316 0.8594 -0.5104
vn -0.8919 0.2223 -0.3938
vn -0.8417 0.2313 -0.4879
vn -0.9234 0.0973 -0.3712
vn -0.5563 0.2285 -0.7990
vn -0.5466 0.1205 -0.8287
vn -0.8258 0.4374 -0.3560
vn -0.8260 0.3901 -0.4069
vn -0.6744 0.4518 -0.5839
vn -0.7129 0.2536 -0.6538
vn -0.5277 0.5284 -0.6651
vn -0.4695 0.2323 -0.8518
vn -0.6575 0.6574 -0.3681
vn -0.6133 0.7328 -0.2947
vn -0.4616 0.7375 -0.4929
vn -0.4516 0.8222 -0.3465
vn -0.0480 0.8787 0.4750
vn -0.0130 0.8558 0.5172
vn 0.0020 0.9297 0.3682
vn -0.0401 0.9453 0.3237
vn -0.1253 0.9425 0.3098
vn -0.1450 0.9844 0.0993
vn -0.0416 0.9839 0.1740
vn -0.0529 0.9971 0.0540
vn -0.1921 0.8969 0.3983
vn -0.2324 0.9509 0.2044
vn -0.2372 0.7705 0.5916
vn -0.1024 0.8348 0.5410
vn -0.2694 0.9612 0.0591
vn -0.2938 0.8571 0.4232
vn -0.3888 0.8942 0.2220
vn -0.1238 0.1830 0.9753
vn -0.1803 0.2029 0.9625
vn -0.0578 0.0989 0.9934
vn -0.1759 0.3728 0.9111
vn -0.2499 0.2009 0.9472
vn -0.2907 0.3099 0.9052
vn -0.4503 0.2785 0.8484
vn -0.1028 0.4454 0.8894
vn -0.0623 0.2566 0.9645
vn -0.2189 0.5951 0.7733
vn -0.1184 0.6654 0.7370
vn -0.3485 0.5426 0.7643
vn -0.4006 0.6920 0.6005
vn -0.0531 0.8237 0.5645
vn -0.1054 0.5840 0.8049
vn -0.8665 0.3032 0.3965
vn -0.8670 0.4864 0.1086
vn -0.9516 0.2766 0.1338
vn -0.7272 0.6221 0.2900
vn -0.6668 0.7408 0.0814
vn -0.5614 0.7804 0.2754
vn -0.4526 0.8895 0.0620
vn -0.8458 0.1457 0.5132
vn -0.9398 0.1752 0.2933
vn -0.6482 0.5803 0.4931
vn -0.7656 0.2719 0.5831
vn -0.4654 0.7683 0.4395
vn -0.6726 0.2555 0.6945
vn -0.5433 0.5192 0.6597
vn -0.5782 0.2332 0.7819
vn -0.4034 0.1227 0.9068
vn -0.5486 0.1209 0.8273
vn -0.1224 -0.2395 -0.9631
vn -0.1620 -0.1868 -0.9689
vn -0.0668 -0.1154 -0.9911
vn -0.2420 -0.3037 -0.9215
vn -0.2760 -0.2044 -0.9392
vn -0.4461 -0.2655 -0.8547
vn -0.0227 -0.4827 -0.8755
vn -0.0393 -0.1849 -0.9820
vn -0.1124 -0.5414 -0.8332
vn -0.2909 -0.5912 -0.7523
vn -0.3751 -0.4834 -0.7910
vn -0.0410 -0.7284 -0.6839
vn -0.1521 -0.7509 -0.6427
vn -0.2330 -0.7775 -0.5841
vn -0.3986 -0.6808 -0.6145
vn -0.0528 -0.8604 -0.5069
vn -0.2188 -0.8876 -0.4054
vn -0.3231 -0.8472 -0.4218
vn -0.8734 -0.1512 -0.4629
vn -0.8947 -0.1608 -0.4167
vn -0.9254 -0.0939 -0.3671
vn -0.8302 -0.3255 -0.4526
vn -0.8917 -0.3560 -0.2795
vn -0.6278 -0.6524 -0.4246
vn -0.4514 -0.8326 -0.3209
vn -0.7276 -0.5920 -0.3467
vn -0.7616 -0.2711 -0.5886
vn -0.4820 -0.7416 -0.4665
vn -0.2886 -0.9107 -0.2956
vn -0.6753 -0.2512 -0.6934
vn -0.5404 -0.5080 -0.6707
vn -0.5788 -0.2330 -0.7815
vn -0.4032 -0.1230 -0.9068
vn -0.5487 -0.1208 -0.8273
vn -0.1431 -0.9001 -0.4114
vn -0.0808 -0.9564 -0.2807
vn -0.1621 -0.9391 -0.3030
vn -0.1887 -0.4405 0.8777
vn -0.0922 -0.4371 0.8947
vn -0.0636 -0.2703 0.9607
vn -0.2285 -0.1149 0.9667
vn -0.1596 -0.1551 0.9749
vn -0.0732 -0.1073 0.9915
vn -0.2489 -0.2095 0.9456
vn -0.2484 -0.6785 0.6913
vn -0.1390 -0.8200 0.5552
vn -0.1234 -0.6747 0.7277
vn -0.3083 -0.3016 0.9022
vn -0.3974 -0.1383 0.9072
vn -0.3864 -0.4296 0.8162
vn -0.3532 -0.6477 0.6751
vn -0.3141 -0.8298 0.4613
vn -0.2175 -0.8799 0.4224
vn -0.0462 -0.9607 0.2739
vn -0.1434 -0.9857 0.0889
vn -0.0390 -0.9956 0.0855
vn -0.2965 -0.9297 0.2184
vn -0.1671 -0.9559 0.2416
vn -0.1141 -0.9138 0.3898
vn -0.0409 -0.8981 0.4380
vn -0.0135 -0.8654 0.5009
vn -0.0102 -0.8668 0.4986
vn -0.0627 -0.8178 0.5720
vn -0.8946 -0.2848 0.3444
vn -0.8168 -0.2689 0.5105
vn -0.9392 -0.1452 0.3111
vn -0.5563 -0.2284 0.7990
vn -0.5466 -0.1205 0.8287
vn -0.8906 -0.4427 0.1045
vn -0.9589 -0.2766 0.0629
vn -0.7799 -0.4505 0.4345
vn -0.6782 -0.4549 0.5771
vn -0.7091 -0.2554 0.6573
vn -0.7147 -0.6850 0.1415
vn -0.5255 -0.5279 0.6672
vn -0.4695 -0.2328 0.8517
vn -0.5965 -0.7398 0.3114
vn -0.4607 -0.7418 0.4873
vn -0.4638 -0.8833 0.0687
vn -0.4216 -0.8689 0.2592
vn -0.2767 -0.9592 0.0572
vn 0.1224 0.2395 -0.9631
vn 0.1620 0.1868 -0.9689
vn 0.0668 0.1154 -0.9911
vn 0.2420 0.3037 -0.9215
vn 0.2760 0.2044 -0.9392
vn 0.4461 0.2655 -0.8547
vn 0.0227 0.4827 -0.8755
vn 0.0393 0.1849 -0.9820
vn 0.1124 0.5414 -0.8332
vn 0.2909 0.5912 -0.7523
vn 0.3751 0.4834 -0.7910
vn 0.0410 0.7284 -0.6839
vn 0.1521 0.7509 -0.6427
vn 0.2330 0.7775 -0.5841
vn 0.3986 0.6808 -0.6145
vn 0.0562 0.8529 -0.5191
vn 0.2157 0.8914 -0.3986
vn 0.3231 0.8472 -0.4218
vn 0.8734 0.1512 -0.4629
vn 0.8947 0.1608 -0.4167
vn 0.9254 0.0939 -0.3671
vn 0.8302 0.3255 -0.4526
vn 0.8917 0.3560 -0.2795
vn 0.6278 0.6524 -0.4246
vn 0.4514 0.8326 -0.3209
vn 0.7276 0.5920 -0.3467
vn 0.7616 0.2711 -0.5886
vn 0.4820 0.7416 -0.4665
vn 0.2842 0.9132 -0.2920
vn 0.6753 0.2512 -0.6934
vn 0.5404 0.5080 -0.6707
vn 0.5788 0.2330 -0.7815
vn 0.4032 0.1230 -0.9068
vn 0.5487 0.1208 -0.8273
vn 0.1473 0.8975 -0.4157
vn 0.1294 0.9430 -0.3066
vn 0.1887 0.4405 0.8777
vn 0.0922 0.4371 0.8947
vn 0.0636 0.2703 0.9607
vn 0.2285 0.1149 0.9667
vn 0.1596 0.1551 0.9749
vn 0.0732 0.1073 0.9915
vn 0.2489 0.2095 0.9456
vn 0.2484 0.6785 0.6913
vn 0.1390 0.8200 0.5552
vn 0.1234 0.6747 0.7277
vn 0.3083 0.3016 0.9022
vn 0.3974 0.1383 0.9072
vn 0.3864 0.4296 0.8162
vn 0.3532 0.6477 0.6751
vn 0.3141 0.8298 0.4613
vn 0.2175 0.8799 0.4224
vn 0.0462 0.9607 0.2739
vn 0.1434 0.9857 0.0890
vn 0.0390 0.9956 0.0855
vn 0.2965 0.9297 0.2184
vn 0.1671 0.9559 0.2416
vn 0.1141 0.9138 0.3898
vn 0.0409 0.8981 0.4379
vn 0.0627 0.8178 0.5720
vn 0.8946 0.2848 0.3444
vn 0.8168 0.2689 0.5105
vn 0.9392 0.1452 0.3111
vn 0.5563 0.2284 0.7990
vn 0.5466 0.1205 0.8287
vn 0.8906 0.4427 0.1045
vn 0.9589 0.2766 0.0629
vn 0.7799 0.4505 0.4345
vn 0.6782 0.4549 0.5771
vn 0.7091 0.2554 0.6573
vn 0.7147 0.6850 0.1415
vn 0.5255 0.5279 0.6672
vn 0.4695 0.2328 0.8517
vn 0.5965 0.7398 0.3114
vn 0.4607 0.7418 0.4873
vn 0.4639 0.8832 0.0687
vn 0.4216 0.8689 0.2592
vn 0.2768 0.9592 0.0571
vn 0.1474 -0.1488 -0.9778
vn 0.0538 -0.4132 -0.9090
vn 0.0552 -0.2148 -0.9751
vn 0.1783 -0.4461 -0.8770
vn 0.0728 -0.5958 -0.7998
vn 0.2285 -0.1149 -0.9667
vn 0.0803 -0.1019 -0.9915
vn 0.2091 -0.6526 -0.7283
vn 0.0709 -0.7379 -0.6711
vn 0.1296 -0.8433 -0.5215
vn 0.2491 -0.2098 -0.9455
vn 0.2654 -0.7867 -0.5574
vn 0.3196 -0.3013 -0.8984
vn 0.3973 -0.1382 -0.9072
vn 0.3864 -0.4297 -0.8161
vn 0.3536 -0.6446 -0.6779
vn 0.1711 -0.8949 -0.4121
vn 0.0733 -0.9489 -0.3069
vn 0.0479 -0.9318 -0.3599
vn 0.3158 -0.8716 -0.3750
vn 0.2113 -0.9283 -0.3061
vn 0.0311 -0.8596 -0.5101
vn 0.8920 -0.2222 -0.3937
vn 0.8417 -0.2313 -0.4879
vn 0.9235 -0.0969 -0.3712
vn 0.5563 -0.2285 -0.7990
vn 0.5466 -0.1205 -0.8287
vn 0.8258 -0.4374 -0.3560
vn 0.8260 -0.3901 -0.4069
vn 0.6744 -0.4518 -0.5839
vn 0.7129 -0.2536 -0.6538
vn 0.5277 -0.5284 -0.6651
vn 0.4695 -0.2323 -0.8518
vn 0.6515 -0.6509 -0.3898
vn 0.4616 -0.7375 -0.4929
vn 0.4516 -0.8222 -0.3465
vn 0.6133 -0.7328 -0.2946
vn 0.1238 -0.1830 0.9753
vn 0.1803 -0.2029 0.9625
vn 0.0578 -0.0989 0.9934
vn 0.1759 -0.3728 0.9111
vn 0.2499 -0.2009 0.9472
vn 0.2907 -0.3100 0.9052
vn 0.4503 -0.2785 0.8483
vn 0.1028 -0.4454 0.8894
vn 0.0623 -0.2566 0.9645
vn 0.2189 -0.5951 0.7733
vn 0.1184 -0.6654 0.7370
vn 0.2355 -0.7664 0.5977
vn 0.3485 -0.5426 0.7643
vn 0.4036 -0.6984 0.5910
vn 0.1054 -0.5841 0.8048
vn 0.1093 -0.8351 0.5391
vn 0.7218 -0.6271 0.2929
vn 0.5837 -0.8034 0.1175
vn 0.7680 -0.6340 0.0911
vn 0.8845 -0.2613 0.3864
vn 0.9353 -0.3416 0.0924
vn 0.5240 -0.7511 0.4016
vn 0.4443 -0.8903 0.1000
vn 0.4129 -0.8491 0.3294
vn 0.3110 -0.9249 0.2188
vn 0.8487 -0.1261 0.5137
vn 0.9626 -0.1603 0.2184
vn 0.6618 -0.5746 0.4816
vn 0.7646 -0.2725 0.5841
vn 0.6726 -0.2555 0.6945
vn 0.5386 -0.5218 0.6616
vn 0.5782 -0.2332 0.7819
vn 0.4034 -0.1227 0.9068
vn 0.5486 -0.1209 0.8273
vn 0.0480 -0.8787 0.4749
vn 0.0130 -0.8560 0.5169
vn -0.0020 -0.9297 0.3682
vn 0.0402 -0.9453 0.3237
vn 0.1230 -0.9424 0.3110
vn 0.1452 -0.9850 0.0937
vn 0.0416 -0.9839 0.1740
vn 0.0529 -0.9971 0.0540
vn 0.1934 -0.8959 0.4000
vn 0.2031 -0.9581 0.2019
vn 0.2902 -0.9548 0.0642
vn 0.2876 -0.8569 0.4279
vn -0.2399 0.0015 -0.9708
vn -0.0779 -0.0007 -0.9970
vn -0.2523 -0.0021 -0.9676
vn -0.4459 0.0025 -0.8951
vn -0.4635 -0.0030 -0.8861
vn -0.6843 0.0027 -0.7292
vn -0.7017 -0.0023 -0.7125
vn -0.8735 0.0021 -0.4868
vn -0.8845 -0.0022 -0.4665
vn -0.8627 0.0002 -0.5057
vn -0.8452 -0.0275 -0.5338
vn -0.0425 0.9991 0.0005
vn -0.0499 -0.0045 0.9987
vn -0.1469 -0.0077 0.9891
vn -0.2006 -0.0062 0.9797
vn -0.6162 0.7876 -0.0011
vn -0.8037 0.5951 -0.0021
vn -0.9688 0.2479 -0.0018
vn -0.9869 0.1612 -0.0011
vn -0.2399 -0.0015 0.9708
vn -0.0779 0.0007 0.9970
vn -0.2524 0.0021 0.9676
vn -0.4458 -0.0025 0.8951
vn -0.4621 0.0025 0.8868
vn -0.6843 -0.0027 0.7292
vn -0.7017 0.0023 0.7125
vn -0.8759 -0.0021 0.4824
vn -0.8890 0.0031 0.4580
vn -0.9838 -0.0015 0.1791
vn -0.9864 0.0005 0.1641
vn -0.1193 -0.9929 0.0017
vn -0.0754 0.0062 0.9971
vn -0.1067 0.0055 0.9943
vn -0.1474 0.0077 0.9890
vn -0.2011 0.0064 0.9795
vn -0.6175 -0.7866 0.0001
vn -0.8034 -0.5955 -0.0013
vn -0.9688 -0.2479 -0.0017
vn -0.0396 -0.9440 -0.3276
vn -0.0032 -0.8033 0.5955
vn -0.0003 -0.6035 0.7973
vn 0.0013 -0.8013 0.5983
vn 0.9710 -0.2389 0.0038
vn 0.9873 -0.1589 0.0049
vn 0.8070 -0.5906 0.0014
vn 0.6181 -0.7861 0.0013
vn 0.2067 0.0111 0.9783
vn 0.1475 0.0080 0.9890
vn 0.0425 -0.9991 0.0005
vn 0.0502 0.0043 0.9987
vn 0.2399 -0.0015 -0.9708
vn 0.0779 0.0007 -0.9970
vn 0.2523 0.0021 -0.9676
vn 0.4459 -0.0025 -0.8951
vn 0.4635 0.0030 -0.8861
vn 0.6843 -0.0027 -0.7292
vn 0.7017 0.0023 -0.7125
vn 0.8735 -0.0021 -0.4868
vn 0.8845 0.0023 -0.4665
vn 0.8625 -0.0004 -0.5060
vn 0.8453 0.0273 -0.5336
vn 0.2399 0.0015 0.9708
vn 0.0779 -0.0007 0.9970
vn 0.2524 -0.0021 0.9676
vn 0.4458 0.0025 0.8951
vn 0.4621 -0.0025 0.8868
vn 0.6843 0.0027 0.7292
vn 0.7017 -0.0023 0.7125
vn 0.8767 0.0022 0.4810
vn 0.8882 -0.0027 0.4594
vn 0.9843 0.0004 0.1762
vn 0.9859 -0.0015 0.1671
vn 0.1192 0.9929 0.0017
vn 0.0446 0.9990 0.0027
vn 0.0766 -0.0063 0.9970
vn 0.1071 -0.0059 0.9942
vn 0.1480 -0.0079 0.9889
vn 0.6175 0.7866 0.0001
vn 0.8034 0.5955 -0.0013
vn 0.9688 0.2479 -0.0017
vn 0.9869 0.1612 -0.0011
vn 0.0481 0.9270 -0.3719
vn 0.0204 0.9521 -0.3052
vn -0.0003 0.4243 0.9055
vn -0.0001 0.4635 0.8861
vn -0.0005 0.4555 0.8902
vn 0.0003 0.6035 0.7974
vn 0.0033 0.8033 0.5956
vn -0.0011 0.6174 0.7866
vn -0.0014 0.8013 0.5983
vn 0.0002 0.8600 0.5103
vn -0.0002 0.8570 0.5154
vn -0.0740 0.0008 -0.9973
vn -0.9961 -0.0002 0.0879
vn 0.0740 0.0008 0.9973
vn -0.0446 -0.9990 0.0027
vn 0.9973 -0.0023 0.0739
vn 0.9961 -0.0000 0.0880
vn 0.0973 -0.9773 0.1884
vn -0.0810 -0.9953 0.0522
vn 0.2898 -0.9557 0.0504
vn 0.2846 -0.9252 0.2508
vn 0.4647 -0.8686 0.1722
vn 0.6428 -0.7643 0.0524
vn 0.6197 -0.7412 0.2579
vn 0.7573 -0.6309 0.1686
vn 0.8952 -0.4437 0.0421
vn 0.8533 -0.4493 0.2644
vn 0.9040 -0.3920 0.1709
vn 0.9678 -0.1172 0.2226
vn 0.9782 -0.1903 0.0827
vn 0.9811 -0.0021 0.1934
vn 0.9951 -0.0885 0.0434
vn 0.9757 0.2002 0.0896
vn 0.9192 0.3702 0.1342
vn 0.8656 0.4362 0.2457
vn 0.7981 0.6011 0.0409
vn 0.7449 0.6391 0.1915
vn 0.6859 0.6833 0.2502
vn 0.5678 0.8180 0.0926
vn 0.5418 0.8175 0.1953
vn 0.2923 0.9550 0.0496
vn 0.2660 0.9462 0.1842
vn -0.0916 0.9939 0.0610
vn -0.1059 0.9744 0.1985
vn -0.4655 0.8643 0.1907
vn -0.4749 0.8781 0.0577
vn -0.7636 0.6221 0.1730
vn -0.7788 0.6256 0.0451
vn -0.9335 0.2860 0.2161
vn -0.9132 0.3974 0.0898
vn -0.9831 0.1636 0.0817
vn -0.9703 0.1139 0.2133
vn -0.9931 0.1098 0.0413
vn -0.9764 -0.0994 0.1915
vn -0.9716 -0.2154 0.0984
vn -0.9638 -0.1607 0.2126
vn -0.8946 -0.4451 0.0394
vn -0.9191 -0.3544 0.1724
vn -0.8028 -0.5764 0.1528
vn -0.6585 -0.7507 0.0528
vn -0.6313 -0.7578 0.1650
vn -0.5893 -0.7735 0.2331
vn -0.3219 -0.9405 0.1091
vn -0.3536 -0.9123 0.2063
vn -0.0877 -0.9699 0.2270
vn -0.0857 -0.9963 0.0012
vn 0.2267 -0.9738 -0.0154
vn 0.5121 -0.8589 0.0062
vn 0.7800 -0.6258 0.0054
vn 0.9284 -0.3712 0.0140
vn 0.9859 -0.1657 0.0238
vn 0.9957 -0.0929 0.0031
vn 0.9946 0.1031 0.0086
vn 0.9694 0.2456 0.0031
vn 0.8771 0.4799 0.0175
vn 0.7022 0.7120 -0.0023
vn 0.4558 0.8901 0.0066
vn 0.1125 0.9936 0.0064
vn -0.1559 0.9877 0.0141
vn -0.4664 0.8846 -0.0033
vn -0.7846 0.6200 -0.0003
vn -0.9644 0.2644 -0.0018
vn -0.9928 0.1193 0.0071
vn -0.9913 -0.1315 0.0077
vn -0.9536 -0.3010 -0.0057
vn -0.7555 -0.6550 -0.0159
vn -0.4535 -0.8912 -0.0067
vn -0.0108 -0.9983 0.0567
vn -0.2929 -0.9388 0.1813
vn -0.3255 -0.9440 0.0542
vn 0.0901 -0.9779 0.1886
vn -0.2884 -0.9255 0.2457
vn -0.6418 -0.7457 0.1787
vn -0.6576 -0.7513 0.0551
vn -0.6147 -0.7497 0.2451
vn -0.8682 -0.4596 0.1870
vn -0.8999 -0.4343 0.0392
vn -0.8505 -0.4614 0.2524
vn -0.9780 -0.1898 0.0870
vn -0.9822 0.0024 0.1876
vn -0.9947 0.0911 0.0481
vn -0.9785 0.1892 0.0826
vn -0.9687 0.1191 0.2176
vn -0.9095 0.4041 0.0974
vn -0.8658 0.4355 0.2464
vn -0.7877 0.6151 0.0348
vn -0.7523 0.6318 0.1870
vn -0.6681 0.7045 0.2395
vn -0.5494 0.8308 0.0887
vn -0.2736 0.9607 0.0472
vn -0.2854 0.9371 0.2012
vn 0.1098 0.9920 0.0624
vn 0.1229 0.9726 0.1973
vn 0.4649 0.8637 0.1947
vn 0.4915 0.8690 0.0572
vn 0.5613 0.4624 -0.6864
vn 0.7649 0.6201 0.1742
vn 0.7892 0.6124 0.0463
vn 0.9336 0.2865 0.2154
vn 0.9214 0.3780 0.0900
vn 0.9860 0.1444 0.0839
vn 0.9728 0.1174 0.1996
vn 0.9929 0.1130 0.0363
vn 0.9706 -0.2233 0.0895
vn 0.9740 -0.0965 0.2049
vn 0.9639 -0.1596 0.2130
vn 0.8876 -0.4590 0.0397
vn 0.9067 -0.3909 0.1584
vn 0.8085 -0.5742 0.1287
vn 0.6490 -0.7587 0.0557
vn 0.6883 -0.7093 0.1522
vn 0.4657 -0.8670 0.1775
vn 0.5027 -0.8359 0.2204
vn 0.3347 -0.9184 0.2109
vn 0.3059 -0.9507 0.0512
vn 0.0650 -0.9646 0.2554
vn -0.2815 -0.9594 -0.0200
vn 0.1906 -0.9817 -0.0056
vn -0.6459 -0.7634 0.0044
vn -0.8820 -0.4713 0.0044
vn -0.9834 -0.1815 0.0065
vn -0.9944 -0.1042 0.0167
vn -0.9855 0.1692 0.0104
vn -0.8981 0.4399 0.0034
vn -0.7141 0.7000 0.0104
vn -0.4827 0.8758 -0.0027
vn -0.1774 0.9841 0.0128
vn 0.0728 0.9973 0.0014
vn 0.3587 0.9332 -0.0208
vn 0.6332 0.7739 -0.0046
vn 0.8914 0.4532 -0.0040
vn 0.9660 0.2570 -0.0273
vn 0.9931 -0.1099 0.0412
vn 0.9609 -0.2768 -0.0094
vn 0.9923 -0.1234 0.0071
vn 0.8321 -0.5544 0.0165
vn 0.6222 -0.7829 0.0036
vn -0.2942 0.9388 0.1794
vn 0.0004 0.9984 0.0567
vn -0.3084 0.9495 0.0581
vn -0.2839 0.9263 0.2479
vn 0.0847 0.9776 0.1928
vn -0.6430 0.7456 0.1753
vn -0.6417 0.7647 0.0591
vn -0.6148 0.7496 0.2451
vn -0.8676 0.4620 0.1840
vn -0.8924 0.4498 0.0362
vn -0.8505 0.4614 0.2524
vn -0.9768 0.1953 0.0875
vn -0.9947 0.0913 0.0482
vn -0.9757 -0.2003 0.0894
vn -0.9192 -0.3702 0.1343
vn -0.8659 -0.4358 0.2457
vn -0.7981 -0.6011 0.0409
vn -0.7404 -0.6436 0.1938
vn -0.6684 -0.7042 0.2395
vn -0.5677 -0.8177 0.0955
vn -0.2922 -0.9551 0.0496
vn -0.2780 -0.9398 0.1988
vn 0.0917 -0.9939 0.0611
vn 0.1257 -0.9726 0.1955
vn 0.4652 -0.8643 0.1914
vn 0.4749 -0.8781 0.0577
vn -0.1124 -0.7158 -0.6892
vn 0.7636 -0.6221 0.1730
vn 0.7788 -0.6256 0.0451
vn 0.9336 -0.2859 0.2161
vn 0.9132 -0.3974 0.0898
vn 0.9831 -0.1636 0.0817
vn 0.9703 -0.1139 0.2133
vn 0.9931 -0.1098 0.0413
vn 0.9764 0.0994 0.1916
vn 0.9716 0.2154 0.0984
vn 0.9638 0.1607 0.2126
vn 0.8946 0.4451 0.0394
vn 0.9191 0.3544 0.1724
vn 0.8061 0.5751 0.1398
vn 0.6651 0.7447 0.0557
vn 0.6923 0.7036 0.1601
vn 0.4634 0.8679 0.1791
vn 0.3194 0.9461 0.0533
vn 0.0712 0.9639 0.2567
vn 0.0847 0.9964 -0.0011
vn -0.2267 0.9738 -0.0155
vn -0.5125 0.8587 0.0061
vn -0.7800 0.6258 0.0054
vn -0.9284 0.3712 0.0140
vn -0.9859 0.1657 0.0238
vn -0.9950 -0.0991 0.0155
vn -0.9694 -0.2456 0.0031
vn -0.8771 -0.4799 0.0175
vn -0.7022 -0.7120 -0.0023
vn -0.4558 -0.8901 0.0066
vn -0.1125 -0.9936 0.0064
vn 0.1559 -0.9877 0.0141
vn 0.4664 -0.8846 -0.0033
vn 0.7846 -0.6200 -0.0003
vn 0.9644 -0.2644 -0.0018
vn 0.9928 -0.1193 0.0071
vn 0.9913 0.1315 0.0077
vn 0.9536 0.3010 -0.0057
vn 0.7555 0.6550 -0.0159
vn 0.4559 0.8900 -0.0105
vn 0.0108 0.9983 0.0567
vn 0.2929 0.9388 0.1814
vn 0.3255 0.9440 0.0542
vn -0.0899 0.9779 0.1889
vn 0.2891 0.9252 0.2457
vn 0.6418 0.7457 0.1787
vn 0.6576 0.7513 0.0551
vn 0.6148 0.7497 0.2451
vn 0.8682 0.4596 0.1870
vn 0.8999 0.4343 0.0392
vn 0.8505 0.4614 0.2524
vn 0.9780 0.1898 0.0870
vn 0.9817 -0.0122 0.1902
vn 0.9951 -0.0887 0.0437
vn 0.9785 -0.1892 0.0826
vn 0.9677 -0.1259 0.2187
vn 0.9095 -0.4041 0.0974
vn 0.8660 -0.4353 0.2463
vn 0.7877 -0.6151 0.0348
vn 0.7522 -0.6318 0.1869
vn 0.6683 -0.7043 0.2395
vn 0.5494 -0.8308 0.0887
vn 0.1668 -0.7394 -0.6523
vn 0.2735 -0.9607 0.0472
vn 0.2860 -0.9372 0.1995
vn -0.1098 -0.9920 0.0624
vn -0.1240 -0.9725 0.1972
vn -0.4649 -0.8638 0.1943
vn -0.4916 -0.8690 0.0571
vn -0.7650 -0.6200 0.1742
vn -0.7892 -0.6124 0.0463
vn -0.9336 -0.2865 0.2154
vn -0.9214 -0.3780 0.0900
vn -0.9860 -0.1444 0.0839
vn -0.9728 -0.1174 0.1996
vn -0.9929 -0.1130 0.0363
vn -0.9706 0.2233 0.0895
vn -0.9740 0.0965 0.2049
vn -0.9639 0.1596 0.2130
vn -0.8876 0.4590 0.0397
vn -0.9067 0.3909 0.1584
vn -0.8085 0.5742 0.1287
vn -0.6490 0.7587 0.0557
vn -0.6883 0.7093 0.1522
vn -0.4657 0.8670 0.1775
vn -0.4996 0.8378 0.2201
vn -0.3343 0.9185 0.2111
vn -0.3059 0.9507 0.0512
vn -0.0649 0.9645 0.2561
vn 0.2812 0.9594 -0.0199
vn -0.1906 0.9817 -0.0056
vn 0.6459 0.7634 0.0044
vn 0.8820 0.4713 0.0044
vn 0.9834 0.1815 0.0065
vn 0.9944 0.1043 0.0167
vn 0.9855 -0.1693 0.0104
vn 0.8981 -0.4399 0.0034
vn 0.7141 -0.7000 0.0104
vn 0.4827 -0.8758 -0.0027
vn 0.1774 -0.9841 0.0128
vn -0.0728 -0.9973 0.0014
vn -0.3587 -0.9332 -0.0208
vn -0.6332 -0.7739 -0.0046
vn -0.8914 -0.4532 -0.0040
vn -0.9660 -0.2570 -0.0273
vn -0.9931 0.1099 0.0412
vn -0.9609 0.2768 -0.0094
vn -0.9923 0.1234 0.0071
vn -0.8365 0.5480 0.0074
vn -0.6222 0.7829 0.0036
vn -0.0517 0.1154 -0.9920
vn -0.0201 0.1473 -0.9889
vn -0.0174 0.0663 -0.9976
vn -0.0681 0.0169 -0.9975
vn -0.0439 0.0482 -0.9979
vn -0.0188 0.0165 -0.9997
vn -0.0903 0.0880 -0.9920
vn -0.0952 0.0515 -0.9941
vn -0.1360 0.0206 -0.9905
vn -0.1671 0.0870 -0.9821
vn -0.0617 0.5089 -0.8586
vn -0.2810 0.8199 -0.4988
vn -0.0913 0.9347 -0.3436
vn -0.2201 0.5055 -0.8343
vn -0.4417 0.7140 -0.5432
vn -0.3780 0.3472 -0.8582
vn -0.5885 0.6525 -0.4773
vn -0.2146 0.3236 -0.9215
vn -0.0412 0.2645 -0.9635
vn -0.0933 0.2410 -0.9660
vn -0.2392 0.1542 -0.9586
vn -0.1512 0.1660 -0.9745
vn -0.8353 0.1394 -0.5319
vn -0.5385 0.0295 -0.8421
vn -0.9298 0.0236 -0.3673
vn -0.5145 0.1369 -0.8465
vn -0.2856 0.0377 -0.9576
vn -0.2384 0.0667 -0.9689
vn -0.3427 0.1364 -0.9295
vn -0.8322 0.3779 -0.4058
vn -0.8940 0.2475 -0.3736
vn -0.4927 0.2499 -0.8335
vn -0.7800 0.4762 -0.4061
vn -0.4445 0.3314 -0.8322
vn -0.6889 0.6091 -0.3931
vn -0.0753 0.1351 0.9880
vn -0.0142 0.1299 0.9914
vn -0.0387 0.2101 0.9769
vn -0.1730 0.5114 0.8418
vn -0.0485 0.3773 0.9248
vn -0.0091 0.8844 0.4667
vn -0.3757 0.7830 0.4958
vn -0.2424 0.8896 0.3872
vn -0.1312 0.2894 0.9482
vn -0.3163 0.4748 0.8213
vn -0.5165 0.7334 0.4420
vn -0.1839 0.2386 0.9535
vn -0.5692 0.6353 0.5219
vn -0.1132 0.0890 0.9896
vn -0.1796 0.1566 0.9712
vn -0.3941 0.3465 0.8513
vn -0.7187 0.5830 0.3789
vn -0.2425 0.1526 0.9581
vn -0.4683 0.3146 0.8257
vn -0.0110 0.0335 0.9994
vn -0.0275 0.0258 0.9993
vn -0.0239 0.0230 0.9995
vn -0.0232 0.0755 0.9969
vn -0.0295 0.0412 0.9987
vn -0.2172 0.0895 0.9720
vn -0.1427 0.0620 0.9878
vn -0.1263 0.0775 0.9890
vn -0.0569 0.0631 0.9964
vn -0.5962 0.0501 0.8013
vn -0.8496 0.2021 0.4872
vn -0.9348 0.0588 0.3503
vn -0.4642 0.2160 0.8590
vn -0.7710 0.4980 0.3970
vn -0.8494 0.3647 0.3814
vn -0.3756 0.0805 0.9233
vn -0.2295 0.0283 0.9729
vn -0.3562 0.0119 0.9343
vn -0.1786 0.0503 0.9826
vn -0.1555 0.0530 0.9864
vn -0.0667 -0.0246 -0.9975
vn -0.0191 -0.0232 -0.9995
vn -0.0515 -0.0639 -0.9966
vn -0.1173 -0.0628 -0.9911
vn -0.1768 -0.1534 -0.9722
vn -0.0837 -0.1023 -0.9912
vn -0.0279 -0.1234 -0.9920
vn -0.5538 -0.0257 -0.8323
vn -0.9192 -0.1376 -0.3689
vn -0.9294 -0.0313 -0.3677
vn -0.5450 -0.1101 -0.8312
vn -0.8946 -0.2627 -0.3616
vn -0.5273 -0.1851 -0.8293
vn -0.8493 -0.3822 -0.3642
vn -0.4849 -0.2427 -0.8402
vn -0.7710 -0.5027 -0.3909
vn -0.4513 -0.3057 -0.8384
vn -0.6901 -0.6002 -0.4044
vn -0.2714 -0.0879 -0.9585
vn -0.2429 -0.1507 -0.9583
vn -0.1851 -0.0815 -0.9793
vn -0.1343 -0.0201 -0.9907
vn -0.2708 -0.0322 -0.9621
vn -0.1730 -0.5114 -0.8418
vn -0.0485 -0.3773 -0.9248
vn -0.0091 -0.8844 -0.4667
vn -0.3757 -0.7830 -0.4958
vn -0.2424 -0.8896 -0.3872
vn -0.0929 -0.1568 -0.9832
vn -0.0349 -0.2078 -0.9776
vn -0.1293 -0.2920 -0.9476
vn -0.3163 -0.4748 -0.8213
vn -0.5165 -0.7334 -0.4420
vn -0.1889 -0.2421 -0.9517
vn -0.5692 -0.6353 -0.5219
vn -0.3931 -0.3516 -0.8496
vn -0.0540 -0.1168 0.9917
vn -0.0204 -0.1480 0.9888
vn -0.0202 -0.0713 0.9972
vn -0.0363 -0.0266 0.9990
vn -0.0124 -0.0260 0.9996
vn -0.0309 -0.0189 0.9993
vn -0.0710 -0.0722 0.9949
vn -0.0314 -0.0441 0.9985
vn -0.0283 -0.0583 0.9979
vn -0.0488 -0.0514 0.9975
vn -0.0667 -0.0490 0.9966
vn -0.0761 -0.0492 0.9959
vn -0.1504 -0.1623 0.9752
vn -0.1228 -0.0923 0.9881
vn -0.1682 -0.0870 0.9819
vn -0.1227 -0.0619 0.9905
vn -0.1418 -0.0579 0.9882
vn -0.1028 -0.0586 0.9930
vn -0.0617 -0.5089 0.8586
vn -0.2810 -0.8199 0.4988
vn -0.0913 -0.9347 0.3436
vn -0.2201 -0.5055 0.8343
vn -0.4417 -0.7140 0.5432
vn -0.3780 -0.3472 0.8582
vn -0.5885 -0.6525 0.4773
vn -0.2146 -0.3236 0.9215
vn -0.0412 -0.2645 0.9635
vn -0.0934 -0.2409 0.9660
vn -0.2386 -0.1549 0.9587
vn -0.8998 -0.1490 0.4100
vn -0.6207 -0.0570 0.7820
vn -0.9288 -0.0239 0.3697
vn -0.3587 -0.0735 0.9305
vn -0.2295 -0.0295 0.9729
vn -0.3542 -0.0109 0.9351
vn -0.1921 -0.0601 0.9795
vn -0.1817 -0.0392 0.9826
vn -0.8506 -0.2774 0.4468
vn -0.5954 -0.1329 0.7924
vn -0.2454 -0.0858 0.9656
vn -0.4681 -0.2180 0.8564
vn -0.7796 -0.4706 0.4133
vn -0.8541 -0.3514 0.3834
vn -0.4453 -0.3305 0.8321
vn -0.6889 -0.6091 0.3931
vn 0.0667 0.0245 -0.9975
vn 0.0191 0.0232 -0.9995
vn 0.0515 0.0639 -0.9966
vn 0.1173 0.0628 -0.9911
vn 0.1768 0.1534 -0.9722
vn 0.0837 0.1023 -0.9912
vn 0.0279 0.1234 -0.9920
vn 0.5538 0.0257 -0.8323
vn 0.9192 0.1376 -0.3689
vn 0.9294 0.0313 -0.3677
vn 0.5450 0.1101 -0.8312
vn 0.8946 0.2627 -0.3616
vn 0.5273 0.1851 -0.8293
vn 0.8493 0.3822 -0.3642
vn 0.4849 0.2427 -0.8402
vn 0.7710 0.5027 -0.3909
vn 0.4513 0.3057 -0.8384
vn 0.6901 0.6002 -0.4044
vn 0.2714 0.0879 -0.9585
vn 0.2429 0.1507 -0.9583
vn 0.1851 0.0815 -0.9793
vn 0.1343 0.0201 -0.9907
vn 0.2708 0.0322 -0.9621
vn 0.1730 0.5114 -0.8418
vn 0.0485 0.3773 -0.9248
vn 0.0091 0.8844 -0.4667
vn 0.3757 0.7830 -0.4958
vn 0.2424 0.8896 -0.3872
vn 0.0929 0.1568 -0.9832
vn 0.0349 0.2078 -0.9776
vn 0.1293 0.2920 -0.9476
vn 0.3163 0.4748 -0.8213
vn 0.5165 0.7334 -0.4420
vn 0.1889 0.2421 -0.9517
vn 0.5692 0.6353 -0.5219
vn 0.3931 0.3516 -0.8496
vn 0.0540 0.1168 0.9917
vn 0.0204 0.1480 0.9888
vn 0.0202 0.0713 0.9972
vn 0.0363 0.0266 0.9990
vn 0.0124 0.0260 0.9996
vn 0.0309 0.0189 0.9993
vn 0.0710 0.0722 0.9949
vn 0.0314 0.0441 0.9985
vn 0.0283 0.0583 0.9979
vn 0.0488 0.0514 0.9975
vn 0.0667 0.0490 0.9966
vn 0.0762 0.0493 0.9959
vn 0.1504 0.1623 0.9752
vn 0.1228 0.0923 0.9881
vn 0.1682 0.0870 0.9819
vn 0.1227 0.0619 0.9905
vn 0.1418 0.0579 0.9882
vn 0.1028 0.0586 0.9930
vn 0.0617 0.5089 0.8586
vn 0.2810 0.8199 0.4988
vn 0.0913 0.9347 0.3436
vn 0.2201 0.5055 0.8343
vn 0.4417 0.7140 0.5432
vn 0.3780 0.3472 0.8582
vn 0.5885 0.6525 0.4773
vn 0.2146 0.3236 0.9215
vn 0.0412 0.2645 0.9635
vn 0.0934 0.2409 0.9660
vn 0.2386 0.1549 0.9587
vn 0.8998 0.1490 0.4100
vn 0.6207 0.0570 0.7820
vn 0.9288 0.0239 0.3697
vn 0.3587 0.0735 0.9305
vn 0.2295 0.0295 0.9729
vn 0.3542 0.0109 0.9351
vn 0.1921 0.0601 0.9795
vn 0.1817 0.0392 0.9826
vn 0.8506 0.2774 0.4468
vn 0.5954 0.1329 0.7924
vn 0.2454 0.0858 0.9656
vn 0.4681 0.2180 0.8564
vn 0.7796 0.4706 0.4133
vn 0.8541 0.3514 0.3834
vn 0.4453 0.3305 0.8321
vn 0.6889 0.6091 0.3931
vn 0.0517 -0.1154 -0.9920
vn 0.0201 -0.1473 -0.9889
vn 0.0174 -0.0663 -0.9976
vn 0.0681 -0.0169 -0.9975
vn 0.0439 -0.0482 -0.9979
vn 0.0187 -0.0164 -0.9997
vn 0.0903 -0.0880 -0.9920
vn 0.0952 -0.0515 -0.9941
vn 0.1360 -0.0206 -0.9905
vn 0.1671 -0.0870 -0.9821
vn 0.0617 -0.5089 -0.8586
vn 0.2810 -0.8199 -0.4988
vn 0.0913 -0.9347 -0.3436
vn 0.2201 -0.5055 -0.8343
vn 0.4417 -0.7140 -0.5432
vn 0.3780 -0.3472 -0.8582
vn 0.5885 -0.6525 -0.4773
vn 0.2146 -0.3236 -0.9215
vn 0.0412 -0.2645 -0.9635
vn 0.0933 -0.2410 -0.9660
vn 0.2392 -0.1542 -0.9586
vn 0.1512 -0.1660 -0.9745
vn 0.8353 -0.1394 -0.5319
vn 0.5384 -0.0295 -0.8422
vn 0.9298 -0.0236 -0.3673
vn 0.5145 -0.1369 -0.8465
vn 0.2856 -0.0377 -0.9576
vn 0.2384 -0.0667 -0.9689
vn 0.3427 -0.1364 -0.9295
vn 0.8322 -0.3779 -0.4058
vn 0.8940 -0.2475 -0.3736
vn 0.4927 -0.2499 -0.8335
vn 0.7800 -0.4762 -0.4061
vn 0.4445 -0.3314 -0.8322
vn 0.6889 -0.6091 -0.3931
vn 0.0110 -0.0335 0.9994
vn 0.0275 -0.0258 0.9993
vn 0.0239 -0.0230 0.9995
vn 0.0232 -0.0755 0.9969
vn 0.0295 -0.0412 0.9987
vn 0.2172 -0.0895 0.9720
vn 0.1427 -0.0620 0.9878
vn 0.1262 -0.0775 0.9890
vn 0.0768 -0.1373 0.9876
vn 0.0570 -0.0624 0.9964
vn 0.1126 -0.0896 0.9896
vn 0.5962 -0.0501 0.8013
vn 0.8496 -0.2021 0.4872
vn 0.9348 -0.0588 0.3503
vn 0.4642 -0.2160 0.8590
vn 0.7710 -0.4980 0.3970
vn 0.8494 -0.3647 0.3814
vn 0.4523 -0.3046 0.8382
vn 0.6901 -0.6002 0.4044
vn 0.3756 -0.0805 0.9233
vn 0.2433 -0.1520 0.9580
vn 0.2295 -0.0277 0.9729
vn 0.3561 -0.0118 0.9344
vn 0.1786 -0.0502 0.9826
vn 0.1554 -0.0529 0.9864
vn 0.1789 -0.1587 0.9710
vn 0.0146 -0.1304 0.9914
vn 0.0387 -0.2101 0.9769
vn 0.1730 -0.5114 0.8418
vn 0.0485 -0.3773 0.9248
vn 0.0091 -0.8844 0.4667
vn 0.3757 -0.7830 0.4958
vn 0.2424 -0.8896 0.3872
vn 0.1312 -0.2894 0.9482
vn 0.3163 -0.4748 0.8213
vn 0.5165 -0.7334 0.4420
vn 0.1839 -0.2386 0.9535
vn 0.5692 -0.6353 0.5219
vn 0.3931 -0.3516 0.8496
vn -0.0223 -0.0015 -0.9998
vn -0.0068 -0.0020 -1.0000
vn -0.0404 -0.0018 -0.9992
vn -0.0635 -0.0016 -0.9980
vn -0.0634 0.0003 -0.9980
vn -0.0913 0.0008 -0.9958
vn -0.0910 -0.0012 -0.9959
vn -0.1237 0.0006 -0.9923
vn -0.1741 -0.0013 -0.9847
vn -0.1284 -0.0005 -0.9917
vn -0.2561 -0.0006 -0.9667
vn -0.2135 -0.0007 -0.9769
vn -0.3125 -0.0022 -0.9499
vn -0.3855 -0.0008 -0.9227
vn -0.3857 0.0008 -0.9226
vn -0.4939 -0.0005 -0.8695
vn -0.4936 0.0005 -0.8697
vn -0.5846 0.0023 -0.8113
vn -0.6226 -0.0021 -0.7826
vn -0.8255 0.2815 0.4892
vn -0.0080 0.0013 1.0000
vn -0.0459 -0.0052 0.9989
vn -0.0275 -0.0002 0.9996
vn -0.0245 -0.0003 0.9997
vn -0.0310 0.0002 0.9995
vn -0.0508 0.0008 0.9987
vn -0.0433 0.0001 0.9991
vn -0.0367 0.0003 0.9993
vn -0.1324 0.0001 0.9912
vn -0.1459 0.0003 0.9893
vn -0.2540 -0.0009 0.9672
vn -0.2540 0.0010 0.9672
vn -0.3093 -0.0003 0.9510
vn -0.3093 0.0003 0.9510
vn -0.3867 -0.0017 0.9222
vn -0.3868 0.0017 0.9222
vn -0.5424 -0.0010 0.8401
vn -0.7436 0.0023 0.6686
vn -0.7458 -0.0011 0.6662
vn 0.8284 -0.2859 0.4818
vn 0.0223 0.0015 -0.9998
vn 0.0069 0.0020 -1.0000
vn 0.0405 0.0019 -0.9992
vn 0.0633 0.0015 -0.9980
vn 0.0634 -0.0003 -0.9980
vn 0.0912 -0.0008 -0.9958
vn 0.1237 -0.0006 -0.9923
vn 0.1741 0.0013 -0.9847
vn 0.1284 0.0005 -0.9917
vn 0.2561 0.0006 -0.9667
vn 0.2135 0.0007 -0.9769
vn 0.3125 0.0022 -0.9499
vn 0.3855 0.0008 -0.9227
vn 0.4936 -0.0005 -0.8697
vn 0.6226 0.0021 -0.7825
vn 0.0459 0.0052 0.9989
vn 0.0080 -0.0013 1.0000
vn 0.0087 -0.0088 0.9999
vn 0.0245 0.0003 0.9997
vn 0.0310 -0.0002 0.9995
vn 0.0275 0.0002 0.9996
vn 0.0507 -0.0007 0.9987
vn 0.0433 -0.0001 0.9991
vn 0.0367 -0.0003 0.9993
vn 0.1324 -0.0001 0.9912
vn 0.1459 -0.0003 0.9893
vn 0.2016 -0.0067 0.9794
vn 0.2540 0.0009 0.9672
vn 0.2540 -0.0010 0.9672
vn 0.3093 0.0003 0.9510
vn 0.3093 -0.0003 0.9510
vn 0.3867 0.0017 0.9222
vn 0.3868 -0.0017 0.9222
vn 0.5424 0.0010 0.8401
vn 0.7436 -0.0023 0.6686
vn 0.7458 0.0011 0.6662
vn 0.0134 -0.0010 -0.9999
vn -0.0070 0.0012 -1.0000
vn -0.0078 -0.0014 1.0000
vn 0.0078 0.0014 1.0000
vn -0.0245 0.2413 0.9701
vn -0.0328 -0.2155 0.9759
vn 0.5214 0.0050 0.8533
vn 0.9001 -0.0014 0.4356
vn -0.2376 -0.0024 -0.9714
vn -0.6300 -0.2424 -0.7378
vn -0.9409 0.0003 -0.3386
vn -0.9876 -0.0024 -0.1572
vn -0.6213 -0.0000 0.7836
vn -0.9483 -0.0018 0.3173
vn 0.7434 0.0024 -0.6689
vn 0.9352 -0.0017 -0.3542
vn 0.9739 0.0006 -0.2270
vn 0.1265 0.0013 0.9920
vn 0.9457 0.0017 0.3250
vn -0.9993 0.0112 -0.0349
vn -1.0000 -0.0029 0.0004
vn 0.9991 -0.0047 -0.0432
vn 0.9990 0.0045 -0.0439
vn -0.0262 0.0606 -0.9978
vn -0.0230 0.0435 -0.9988
vn -0.0542 -0.0272 -0.9982
vn -0.0155 -0.4008 -0.9160
vn -0.0219 -0.8482 -0.5291
vn -0.0088 -0.2127 0.9771
vn 0.0170 -0.0320 -0.9993
vn 0.0269 -0.2512 0.9676
vn 0.0042 -0.2065 0.9784
vn 0.0108 -0.2767 0.9609
vn 0.0229 -0.5482 0.8360
vn 0.0923 0.0104 -0.9957
vn 0.0091 0.0064 -0.9999
vn -0.0061 0.0080 -0.9999
vn -0.0019 0.0068 -1.0000
vn -0.0565 -0.0040 -0.9984
vn 0.0433 -0.0292 -0.9986
vn 0.0011 -0.9115 -0.4113
vn -0.0000 -0.2134 0.9770
vn 0.0015 -0.1968 0.9804
vn -0.0001 -0.3347 0.9423
vn 0.0018 -0.3805 0.9248
vn -0.0005 -0.5354 0.8446
vn -0.0037 -0.0015 -1.0000
vn 0.0117 -0.0002 -0.9999
vn 0.0044 -0.0024 -1.0000
vn -0.0006 -1.0000 0.0011
vn 0.6968 0.0088 0.7172
vn 0.9474 0.0061 0.3200
vn -0.1918 -0.0309 -0.9809
vn -0.9055 0.0014 0.4244
vn -0.4940 -0.0051 0.8695
vn 0.7497 0.0008 -0.6618
vn 0.9740 0.0005 -0.2264
vn 0.0690 0.0295 0.9972
vn 0.4500 0.0013 0.8930
vn 0.8471 0.0033 0.5314
vn 0.9522 0.0017 0.3055
vn 0.9197 -0.0021 0.3927
vn -0.6636 0.0054 -0.7481
vn -0.7546 -0.0000 -0.6562
vn -0.9783 -0.0011 -0.2074
vn -0.9455 -0.0017 0.3256
vn 0.9989 -0.0021 -0.0468
vn 1.0000 0.0026 0.0012
vn -0.9991 0.0043 -0.0431
vn -0.9998 -0.0076 -0.0167
vn -0.0223 -0.0494 -0.9985
vn -0.0142 0.0369 -0.9992
vn -0.0578 0.0296 -0.9979
vn -0.0011 0.0783 -0.9969
vn -0.0027 0.0705 -0.9975
vn 0.0187 -0.0238 -0.9995
vn 0.0442 0.0671 -0.9968
vn 0.0275 0.4707 -0.8819
vn 0.0258 0.8736 -0.4859
vn 0.0054 0.2161 0.9764
vn 0.0114 0.2706 0.9626
vn -0.0048 0.0006 -1.0000
vn 0.0013 -0.0042 -1.0000
vn -0.0077 0.0015 -1.0000
vn -0.0004 0.8430 -0.5379
vn 0.0032 0.8235 -0.5673
vn 0.0001 0.2097 0.9778
vn 0.0001 0.3820 0.9242
vn -0.0009 0.3826 0.9239
vn -0.0001 0.8010 0.5987
vn 0.0001 0.7981 0.6025
vn 0.0428 0.9990 -0.0096
vn -0.0028 -0.0014 -1.0000
vn 0.0047 -0.0021 -1.0000
vn 0.0099 -0.0047 -0.9999
vn 0.0080 -0.0034 -1.0000
vn -0.0000 0.9999 -0.0131
vn -0.0004 1.0000 -0.0094
vn 0.0038 0.9378 0.3473
vn -0.0302 0.8477 0.5297
vn -0.0086 0.2956 0.9553
vn -0.0444 0.3964 0.9170
vn -0.1851 -0.5280 -0.8288
vn -0.0369 -0.3928 0.9189
vn -0.0102 -0.2914 0.9565
vn -0.1001 -0.5818 0.8071
vn -0.0068 -0.8691 0.4947
vn -0.0015 -0.9037 0.4282
vn 0.1851 0.5280 -0.8288
vn 0.0369 0.3928 0.9189
vn 0.0102 0.2914 0.9565
vn 0.1001 0.5818 0.8071
vn 0.0011 0.9114 0.4115
vn 0.0066 0.8690 0.4947
vn 0.0086 -0.2955 0.9553
vn 0.0444 -0.3965 0.9170
vn 0.0531 -0.8236 0.5647
vn 0.0302 -0.8477 0.5296
vn -0.0005 -0.8911 0.4538
vn -0.0771 -0.0062 0.9970
vn -0.1064 -0.0058 0.9943
vn -0.0740 -0.0008 0.9973
vn -0.9869 -0.1612 -0.0011
vn -0.0001 -0.1936 0.9811
vn -0.0000 -0.1960 0.9806
vn 0.0005 -0.2789 0.9603
vn 0.0001 -0.2308 0.9730
vn 0.0017 -0.4010 0.9161
vn 0.0003 -0.4271 0.9042
vn 0.0002 -0.4630 0.8864
vn 0.0002 -0.4561 0.8899
vn 0.0007 -0.4731 0.8810
vn 0.0004 -0.5078 0.8615
vn 0.0011 -0.6169 0.7870
vn -0.0003 -0.8608 0.5089
vn -0.0029 -0.8310 0.5563
vn 0.0004 -0.9082 0.4185
vn 0.0007 -0.8877 0.4605
vn -0.0000 -0.8653 0.5013
vn -0.0005 -0.8669 0.4985
vn 0.1067 0.0054 0.9943
vn 0.0764 0.0066 0.9971
vn 0.0740 -0.0008 -0.9973
vn 0.0005 0.1983 0.9801
vn -0.0000 0.1904 0.9817
vn -0.0000 0.2953 0.9554
vn -0.0006 0.2792 0.9602
vn 0.0001 0.2727 0.9621
vn -0.0017 0.4006 0.9163
vn -0.0004 0.5079 0.8614
vn -0.0007 0.4734 0.8809
vn -0.0012 0.7183 0.6957
vn -0.0004 0.9080 0.4190
vn -0.0012 0.8819 0.4714
vn 0.0001 0.9422 0.3351
vn -0.0000 0.8668 0.4986
vn -0.0000 0.8647 0.5022
vn -0.9973 0.0022 0.0738
vn -0.9927 -0.1153 0.0340
vn 0.9927 0.1153 0.0340
vn -0.0283 0.0248 0.9993
vn -0.0087 0.0088 0.9999
vn -0.0381 0.0438 0.9983
vn -0.0532 0.0460 0.9975
vn -0.0686 0.0503 0.9964
vn -0.0769 0.0539 0.9956
vn -0.1073 0.0649 0.9921
vn -0.1920 0.0021 0.9814
vn -0.1788 0.0107 0.9838
vn -0.1725 0.0263 0.9847
vn -0.1788 0.0420 0.9830
vn -0.0124 -0.0706 -0.9974
vn -0.0084 -0.0022 1.0000
vn -0.0161 -0.0062 0.9999
vn -0.0266 -0.0130 0.9996
vn -0.1798 -0.0105 0.9836
vn -0.1919 -0.0021 0.9814
vn -0.1727 -0.0265 0.9846
vn -0.1588 -0.0547 0.9858
vn 0.0124 0.0706 -0.9974
vn 0.0085 0.0023 1.0000
vn 0.0162 0.0068 0.9998
vn 0.0267 0.0128 0.9996
vn 0.1798 0.0105 0.9836
vn 0.1919 0.0021 0.9814
vn 0.1727 0.0265 0.9846
vn 0.1588 0.0547 0.9858
vn 0.0283 -0.0248 0.9993
vn 0.0381 -0.0438 0.9983
vn 0.0532 -0.0460 0.9975
vn 0.0686 -0.0503 0.9964
vn 0.0769 -0.0540 0.9956
vn 0.1072 -0.0650 0.9921
vn 0.1919 -0.0021 0.9814
vn 0.1788 -0.0106 0.9838
vn 0.1724 -0.0263 0.9847
vn 0.1787 -0.0421 0.9830
vn -0.0226 0.0005 -0.9997
vn -0.0404 0.0009 -0.9992
vn -0.1591 0.0020 -0.9873
vn -0.2029 0.0012 -0.9792
vn -0.2543 0.0005 -0.9671
vn -0.3126 0.0022 -0.9499
vn -0.0274 0.0002 0.9996
vn -0.0246 0.0004 0.9997
vn -0.0310 -0.0002 0.9995
vn -0.0366 -0.0003 0.9993
vn -0.0432 -0.0001 0.9991
vn -0.0531 0.0002 0.9986
vn -0.0532 -0.0002 0.9986
vn -0.0647 0.0001 0.9979
vn -0.0648 -0.0001 0.9979
vn -0.0742 0.0005 0.9972
vn -0.0843 -0.0000 0.9964
vn -0.0853 -0.0001 0.9964
vn -0.0743 -0.0005 0.9972
vn -0.0994 0.0002 0.9950
vn -0.1003 -0.0001 0.9950
vn -0.1158 -0.0003 0.9933
vn -0.1155 0.0003 0.9933
vn -0.1340 0.0004 0.9910
vn -0.1660 -0.0013 0.9861
vn -0.1459 -0.0004 0.9893
vn -0.1663 0.0014 0.9861
vn -0.5425 0.0010 0.8401
vn 0.0395 -0.0008 -0.9992
vn 0.0908 0.0012 -0.9959
vn 0.1591 -0.0020 -0.9873
vn 0.2029 -0.0012 -0.9792
vn 0.2543 -0.0005 -0.9671
vn 0.3126 -0.0022 -0.9499
vn 0.3857 -0.0008 -0.9226
vn 0.4939 0.0005 -0.8695
vn 0.5839 -0.0023 -0.8118
vn 0.0274 -0.0002 0.9996
vn 0.0246 -0.0004 0.9997
vn 0.0310 0.0002 0.9995
vn 0.0366 0.0003 0.9993
vn 0.0432 0.0001 0.9991
vn 0.0531 -0.0002 0.9986
vn 0.0532 0.0002 0.9986
vn 0.0648 -0.0000 0.9979
vn 0.0648 0.0001 0.9979
vn 0.0742 -0.0004 0.9972
vn 0.0844 -0.0000 0.9964
vn 0.0853 0.0001 0.9964
vn 0.0743 0.0004 0.9972
vn 0.0994 -0.0002 0.9950
vn 0.1003 0.0001 0.9950
vn 0.1157 0.0003 0.9933
vn 0.1155 -0.0003 0.9933
vn 0.1340 -0.0004 0.9910
vn 0.1660 0.0013 0.9861
vn 0.1459 0.0004 0.9893
vn 0.1664 -0.0014 0.9861
vn 0.5425 -0.0010 0.8401
vt 0.176252 0.702830
vt 0.162384 0.700859
vt 0.183982 0.703326
vt 0.176141 0.547182
vt 0.183834 0.546681
vt 0.164711 0.548835
vt 0.436730 0.192768
vt 0.421845 0.193510
vt 0.421721 0.164856
vt 0.588554 0.557082
vt 0.603812 0.556556
vt 0.584584 0.593189
vt 0.175751 0.666197
vt 0.173722 0.583819
vt 0.145315 0.584135
vt 0.143240 0.698214
vt 0.156092 0.665987
vt 0.412405 0.055644
vt 0.393012 0.084451
vt 0.384776 0.053201
vt 0.387709 0.165596
vt 0.829034 0.652928
vt 0.818962 0.696374
vt 0.818331 0.652628
vt 0.819053 0.553626
vt 0.835852 0.596693
vt 0.820416 0.597320
vt 0.839036 0.653511
vt 0.840746 0.695300
vt 0.841049 0.554720
vt 0.862104 0.595224
vt 0.862107 0.654776
vt 0.872107 0.694019
vt 0.602186 0.193178
vt 0.589972 0.156571
vt 0.625000 0.154993
vt 0.593224 0.093683
vt 0.572687 0.092109
vt 0.586024 0.057187
vt 0.579589 0.192667
vt 0.564241 0.158482
vt 0.316018 0.546676
vt 0.323888 0.547179
vt 0.322309 0.583791
vt 0.342015 0.584026
vt 0.338923 0.700651
vt 0.330081 0.666125
vt 0.378084 0.665605
vt 0.402185 0.554387
vt 0.384654 0.584445
vt 0.416334 0.585083
vt 0.408188 0.694907
vt 0.416338 0.664917
vt 0.681151 0.696378
vt 0.663208 0.653264
vt 0.680889 0.652651
vt 0.661558 0.596648
vt 0.665071 0.554302
vt 0.677480 0.597270
vt 0.647265 0.694707
vt 0.623824 0.654882
vt 0.623444 0.595107
vt 0.577938 0.692798
vt 0.564339 0.658237
vt 0.584586 0.656811
vt 0.316167 0.703318
vt 0.681241 0.553622
vt 0.145678 0.715808
vt 0.173101 0.707590
vt 0.153663 0.693841
vt 0.150381 0.689167
vt 0.129388 0.694180
vt 0.417308 0.983003
vt 0.430765 0.963667
vt 0.417241 0.950582
vt 0.435162 0.055588
vt 0.434265 0.062500
vt 0.436309 0.062500
vt 0.428148 0.049897
vt 0.407541 0.057197
vt 0.409706 0.040302
vt 0.433167 0.033529
vt 0.413984 0.008199
vt 0.569915 0.963456
vt 0.600621 0.953201
vt 0.570717 0.944534
vt 0.584244 0.981057
vt 0.617736 0.972718
vt 0.568173 0.989303
vt 0.852165 0.726439
vt 0.823614 0.708598
vt 0.831188 0.743055
vt 0.583898 0.056514
vt 0.567431 0.045485
vt 0.566087 0.055254
vt 0.595029 0.046042
vt 0.569309 0.033155
vt 0.598603 0.028710
vt 0.586622 0.007474
vt 0.625000 0.063647
vt 0.169316 0.560568
vt 0.176570 0.544107
vt 0.167100 0.552476
vt 0.125000 0.548373
vt 0.147321 0.552515
vt 0.150082 0.545671
vt 0.142756 0.530278
vt 0.157017 0.539739
vt 0.187595 0.540380
vt 0.185852 0.531276
vt 0.184129 0.502965
vt 0.160199 0.504703
vt 0.424081 0.198467
vt 0.434018 0.207277
vt 0.434689 0.194112
vt 0.402713 0.215635
vt 0.429024 0.221793
vt 0.401498 0.194505
vt 0.404337 0.284429
vt 0.429468 0.296212
vt 0.430657 0.278845
vt 0.418429 0.248548
vt 0.848434 0.522389
vt 0.836271 0.555742
vt 0.862989 0.558797
vt 0.589758 0.294776
vt 0.568040 0.297399
vt 0.578308 0.308234
vt 0.581242 0.265562
vt 0.568965 0.282070
vt 0.595955 0.310550
vt 0.622897 0.248596
vt 0.619254 0.299972
vt 0.566552 0.199364
vt 0.566441 0.187474
vt 0.563697 0.187508
vt 0.592891 0.208668
vt 0.603145 0.191103
vt 0.582350 0.196265
vt 0.612718 0.191318
vt 0.567035 0.211493
vt 0.577647 0.215019
vt 0.567420 0.237342
vt 0.346339 0.693843
vt 0.384621 0.696977
vt 0.349618 0.689167
vt 0.342584 0.695588
vt 0.327385 0.713963
vt 0.339432 0.694046
vt 0.322619 0.694093
vt 0.390073 0.731221
vt 0.398785 0.791611
vt 0.417956 0.699959
vt 0.433625 0.704530
vt 0.433916 0.694750
vt 0.431959 0.717279
vt 0.415788 0.764986
vt 0.430080 0.786541
vt 0.429274 0.805470
vt 0.431845 0.754187
vt 0.633839 0.721961
vt 0.677611 0.704628
vt 0.648493 0.692303
vt 0.565399 0.753245
vt 0.569427 0.786409
vt 0.584081 0.764415
vt 0.581690 0.801253
vt 0.630127 0.769786
vt 0.564788 0.696959
vt 0.565742 0.687500
vt 0.563696 0.687500
vt 0.591348 0.708800
vt 0.591036 0.691079
vt 0.565803 0.716386
vt 0.576119 0.698125
vt 0.353694 0.474315
vt 0.314154 0.531238
vt 0.323484 0.543972
vt 0.343363 0.539548
vt 0.335167 0.546359
vt 0.366103 0.562093
vt 0.403374 0.547223
vt 0.352680 0.552528
vt 0.411989 0.462640
vt 0.432100 0.464448
vt 0.427428 0.443001
vt 0.411227 0.442448
vt 0.408862 0.529144
vt 0.432043 0.509221
vt 0.435682 0.551416
vt 0.422234 0.552942
vt 0.436309 0.562492
vt 0.432770 0.537350
vt 0.581623 0.555916
vt 0.567823 0.549624
vt 0.566596 0.556953
vt 0.588924 0.539349
vt 0.567789 0.536520
vt 0.583112 0.482223
vt 0.602338 0.553801
vt 0.568117 0.451635
vt 0.568229 0.467594
vt 0.567162 0.510246
vt 0.174313 0.601548
vt 0.174652 0.616969
vt 0.171683 0.573076
vt 0.173310 0.586713
vt 0.168563 0.676217
vt 0.163542 0.691116
vt 0.147422 0.681907
vt 0.134255 0.672124
vt 0.378783 0.089592
vt 0.389356 0.103279
vt 0.395720 0.148184
vt 0.389356 0.162783
vt 0.395721 0.117881
vt 0.397094 0.133032
vt 0.434728 0.187500
vt 0.432734 0.990956
vt 0.433154 0.012444
vt 0.565281 0.062500
vt 0.845325 0.697255
vt 0.862989 0.558976
vt 0.875000 0.686354
vt 0.550167 0.306954
vt 0.559453 0.307130
vt 0.294736 0.534279
vt 0.293714 0.525729
vt 0.205577 0.532268
vt 0.318472 0.474122
vt 0.210556 0.505100
vt 0.409863 0.333986
vt 0.419893 0.415567
vt 0.427213 0.334604
vt 0.679016 0.546350
vt 0.825449 0.523726
vt 0.565280 0.562500
vt 0.559589 0.442866
vt 0.550058 0.443047
vt 0.325687 0.632391
vt 0.325348 0.616969
vt 0.328317 0.573076
vt 0.330690 0.560550
vt 0.330507 0.672805
vt 0.328317 0.660862
vt 0.352578 0.681907
vt 0.378783 0.573531
vt 0.389758 0.560992
vt 0.378783 0.660408
vt 0.365745 0.672124
vt 0.389356 0.587217
vt 0.395721 0.632119
vt 0.389356 0.646721
vt 0.434265 0.562500
vt 0.434727 0.687500
vt 0.654675 0.552744
vt 0.631205 0.690851
vt 0.625000 0.563646
vt 0.174324 0.741434
vt 0.397642 0.951196
vt 0.552233 0.415379
vt 0.565313 0.415766
vt 0.563121 0.334353
vt 0.588445 0.692911
vt 0.605378 0.693441
vt 0.584584 0.656810
vt 0.160885 0.700504
vt 0.170727 0.666151
vt 0.141733 0.665824
vt 0.170617 0.583849
vt 0.161046 0.549404
vt 0.141721 0.584176
vt 0.402664 0.054476
vt 0.389147 0.084417
vt 0.419456 0.085062
vt 0.389135 0.165584
vt 0.409558 0.194613
vt 0.417086 0.165015
vt 0.432802 0.192886
vt 0.438177 0.164313
vt 0.829034 0.597072
vt 0.818896 0.553625
vt 0.818331 0.597372
vt 0.819115 0.696373
vt 0.835805 0.653304
vt 0.820637 0.652684
vt 0.839037 0.596489
vt 0.834113 0.554265
vt 0.865125 0.555854
vt 0.850380 0.694714
vt 0.624889 0.056037
vt 0.590838 0.093467
vt 0.625000 0.095007
vt 0.601555 0.193348
vt 0.593278 0.156292
vt 0.585863 0.192789
vt 0.183938 0.546675
vt 0.323811 0.547177
vt 0.316119 0.546679
vt 0.344439 0.699675
vt 0.324391 0.666193
vt 0.322638 0.702952
vt 0.339335 0.549457
vt 0.330080 0.583875
vt 0.378041 0.584394
vt 0.401974 0.695624
vt 0.352666 0.665841
vt 0.399736 0.554049
vt 0.416330 0.585082
vt 0.436003 0.692864
vt 0.433510 0.664324
vt 0.420773 0.693562
vt 0.680876 0.553628
vt 0.663208 0.596736
vt 0.680889 0.597349
vt 0.661558 0.653352
vt 0.665671 0.695733
vt 0.677480 0.652730
vt 0.623445 0.654893
vt 0.658780 0.554708
vt 0.623875 0.595119
vt 0.577892 0.557205
vt 0.564339 0.591763
vt 0.584588 0.593188
vt 0.316063 0.703321
vt 0.176255 0.702830
vt 0.183881 0.703323
vt 0.681248 0.696377
vt 0.177092 0.703451
vt 0.172449 0.744845
vt 0.154067 0.714422
vt 0.159241 0.694901
vt 0.150382 0.689167
vt 0.153666 0.693850
vt 0.129390 0.694180
vt 0.432701 0.989839
vt 0.415061 0.991313
vt 0.425453 0.964921
vt 0.430930 0.945460
vt 0.399372 0.952198
vt 0.416864 0.056392
vt 0.432531 0.045585
vt 0.433898 0.055283
vt 0.406943 0.046604
vt 0.431519 0.033301
vt 0.376543 0.036984
vt 0.411555 0.020320
vt 0.589263 0.949647
vt 0.583077 0.979337
vt 0.566705 0.968318
vt 0.613183 0.952865
vt 0.617746 0.972721
vt 0.570593 0.997133
vt 0.837224 0.695745
vt 0.854059 0.715986
vt 0.827763 0.729044
vt 0.567759 0.051531
vt 0.589594 0.057835
vt 0.565742 0.062500
vt 0.590221 0.040237
vt 0.567193 0.037288
vt 0.586318 0.007267
vt 0.147321 0.552516
vt 0.125000 0.548377
vt 0.150068 0.545704
vt 0.157014 0.539740
vt 0.142749 0.530278
vt 0.160201 0.504703
vt 0.434564 0.208872
vt 0.422919 0.197412
vt 0.435722 0.195618
vt 0.429785 0.219052
vt 0.405003 0.201089
vt 0.428933 0.259429
vt 0.401979 0.226200
vt 0.412678 0.307439
vt 0.407207 0.288337
vt 0.427612 0.306993
vt 0.386451 0.308751
vt 0.375000 0.295756
vt 0.430118 0.290258
vt 0.823811 0.512265
vt 0.844338 0.512229
vt 0.827939 0.545548
vt 0.855115 0.543334
vt 0.851924 0.560874
vt 0.578363 0.308234
vt 0.606368 0.298907
vt 0.594336 0.310196
vt 0.600174 0.311729
vt 0.567014 0.187724
vt 0.566106 0.194713
vt 0.563583 0.187500
vt 0.591066 0.190786
vt 0.580158 0.204499
vt 0.612946 0.191156
vt 0.592890 0.208667
vt 0.566428 0.204431
vt 0.567318 0.217172
vt 0.586340 0.264180
vt 0.389946 0.695063
vt 0.346334 0.693853
vt 0.349617 0.689167
vt 0.340755 0.694894
vt 0.397425 0.733731
vt 0.356046 0.756550
vt 0.433492 0.699407
vt 0.433541 0.687473
vt 0.436303 0.687507
vt 0.432020 0.719024
vt 0.433025 0.709485
vt 0.431097 0.742683
vt 0.415594 0.697979
vt 0.433207 0.781742
vt 0.677723 0.704760
vt 0.633838 0.721962
vt 0.652554 0.692995
vt 0.569486 0.785278
vt 0.567057 0.754000
vt 0.585096 0.741910
vt 0.575284 0.801457
vt 0.625431 0.773372
vt 0.608930 0.702541
vt 0.591067 0.690786
vt 0.575379 0.699210
vt 0.567012 0.716716
vt 0.565562 0.697340
vt 0.312324 0.540722
vt 0.314072 0.531733
vt 0.320551 0.554033
vt 0.332909 0.552440
vt 0.330686 0.560571
vt 0.335157 0.546395
vt 0.341277 0.539467
vt 0.397571 0.533737
vt 0.348613 0.543742
vt 0.395247 0.553411
vt 0.427899 0.454679
vt 0.415090 0.490752
vt 0.362433 0.468026
vt 0.416973 0.555478
vt 0.432529 0.545583
vt 0.433897 0.555283
vt 0.429445 0.534624
vt 0.654344 0.555985
vt 0.595537 0.534090
vt 0.650786 0.512799
vt 0.567758 0.551533
vt 0.586928 0.553656
vt 0.565742 0.562500
vt 0.567194 0.537289
vt 0.569194 0.508453
vt 0.582446 0.441493
vt 0.570213 0.451584
vt 0.564136 0.442703
vt 0.595236 0.468551
vt 0.567198 0.468208
vt 0.174313 0.632391
vt 0.169493 0.672805
vt 0.171683 0.660862
vt 0.179496 0.551125
vt 0.169320 0.560592
vt 0.125000 0.663628
vt 0.378782 0.176469
vt 0.434663 0.187500
vt 0.571733 0.948499
vt 0.567257 0.014833
vt 0.563703 0.062493
vt 0.434728 0.062500
vt 0.862579 0.558995
vt 0.625000 0.063646
vt 0.612789 0.191151
vt 0.565658 0.295823
vt 0.559584 0.307135
vt 0.550076 0.306954
vt 0.575022 0.287163
vt 0.567211 0.253089
vt 0.205602 0.532113
vt 0.294742 0.534310
vt 0.203996 0.540404
vt 0.293818 0.526140
vt 0.210490 0.505424
vt 0.318410 0.474240
vt 0.409853 0.333983
vt 0.402388 0.419293
vt 0.381177 0.335687
vt 0.563702 0.562493
vt 0.433990 0.522296
vt 0.430889 0.471369
vt 0.325687 0.601548
vt 0.326690 0.586713
vt 0.323588 0.702817
vt 0.331437 0.676217
vt 0.336711 0.690723
vt 0.366109 0.562099
vt 0.378782 0.573531
vt 0.395721 0.601820
vt 0.677360 0.545687
vt 0.600815 0.559140
vt 0.428284 0.801507
vt 0.565280 0.687500
vt 0.375000 0.941184
vt 0.410546 0.796126
vt 0.434728 0.562500
vt 0.170175 0.695054
vt 0.181268 0.704613
vt 0.181416 0.694830
vt 0.166287 0.705329
vt 0.178901 0.713801
vt 0.161540 0.687500
vt 0.179671 0.687500
vt 0.162143 0.715619
vt 0.178573 0.721904
vt 0.167001 0.736926
vt 0.160898 0.695018
vt 0.145604 0.723372
vt 0.153319 0.698246
vt 0.139421 0.687500
vt 0.138516 0.702870
vt 0.137241 0.712662
vt 0.401627 0.964513
vt 0.415580 0.949079
vt 0.406543 0.945661
vt 0.410629 0.987414
vt 0.417607 0.970267
vt 0.381970 0.956953
vt 0.385627 0.943959
vt 0.394576 0.986624
vt 0.428727 0.058364
vt 0.418381 0.061597
vt 0.429200 0.062497
vt 0.400697 0.055001
vt 0.375000 0.062500
vt 0.399184 0.062500
vt 0.427513 0.051356
vt 0.420378 0.052929
vt 0.412022 0.049106
vt 0.407374 0.062428
vt 0.403646 0.046294
vt 0.375000 0.045343
vt 0.380262 0.055048
vt 0.420389 0.043671
vt 0.424767 0.039977
vt 0.408659 0.035559
vt 0.387938 0.036785
vt 0.421974 0.028043
vt 0.391879 0.017741
vt 0.410618 0.013961
vt 0.602025 0.945112
vt 0.613796 0.941142
vt 0.606742 0.939122
vt 0.592133 0.944503
vt 0.590196 0.958398
vt 0.570719 0.961877
vt 0.578971 0.945473
vt 0.567641 0.947641
vt 0.594623 0.966308
vt 0.577988 0.972115
vt 0.625000 0.965563
vt 0.618774 0.954253
vt 0.566270 0.982228
vt 0.596792 0.981669
vt 0.576806 1.000000
vt 0.825010 0.694958
vt 0.833933 0.687717
vt 0.820665 0.687500
vt 0.832780 0.703049
vt 0.842897 0.687658
vt 0.843427 0.699877
vt 0.861874 0.695344
vt 0.817631 0.709910
vt 0.818154 0.698985
vt 0.840320 0.711751
vt 0.829375 0.717957
vt 0.843235 0.724683
vt 0.856332 0.706190
vt 0.875000 0.713084
vt 0.817971 0.742745
vt 0.828609 0.735706
vt 0.818047 0.713034
vt 0.576237 0.054500
vt 0.566215 0.051049
vt 0.565914 0.062525
vt 0.574893 0.045199
vt 0.566189 0.040957
vt 0.577114 0.036453
vt 0.565835 0.028006
vt 0.577006 0.023153
vt 0.566236 0.000000
vt 0.583676 0.062500
vt 0.574287 0.062500
vt 0.584680 0.045718
vt 0.586334 0.055213
vt 0.588229 0.034189
vt 0.592617 0.062423
vt 0.596299 0.046275
vt 0.599321 0.054959
vt 0.619719 0.055043
vt 0.625000 0.062500
vt 0.600811 0.062500
vt 0.602687 0.036484
vt 0.625000 0.045343
vt 0.174949 0.552622
vt 0.166053 0.562290
vt 0.179332 0.562500
vt 0.160852 0.550052
vt 0.157106 0.562348
vt 0.138113 0.554657
vt 0.183878 0.542219
vt 0.183844 0.555220
vt 0.175006 0.538666
vt 0.154269 0.538300
vt 0.138151 0.546271
vt 0.179657 0.527232
vt 0.166159 0.525262
vt 0.156764 0.525313
vt 0.125000 0.536912
vt 0.177610 0.508949
vt 0.148879 0.511101
vt 0.125000 0.529254
vt 0.418978 0.187500
vt 0.428723 0.191665
vt 0.429201 0.187500
vt 0.421175 0.195800
vt 0.427650 0.198078
vt 0.417554 0.206877
vt 0.420936 0.221705
vt 0.425840 0.205486
vt 0.413666 0.194789
vt 0.411802 0.213372
vt 0.405537 0.234128
vt 0.419181 0.260797
vt 0.407378 0.187573
vt 0.403609 0.203785
vt 0.400672 0.195040
vt 0.380253 0.194958
vt 0.375000 0.187500
vt 0.399187 0.187500
vt 0.396226 0.213352
vt 0.375000 0.204655
vt 0.375000 0.291552
vt 0.384327 0.302610
vt 0.403407 0.291232
vt 0.415568 0.300929
vt 0.417081 0.286073
vt 0.375000 0.284437
vt 0.403200 0.276763
vt 0.833738 0.544653
vt 0.817633 0.540091
vt 0.818877 0.552840
vt 0.838467 0.562500
vt 0.829831 0.554952
vt 0.820326 0.562500
vt 0.839099 0.554987
vt 0.843377 0.532642
vt 0.832840 0.513058
vt 0.830541 0.533189
vt 0.846679 0.551754
vt 0.860578 0.562500
vt 0.861461 0.547130
vt 0.862748 0.537344
vt 0.865929 0.523306
vt 0.843397 0.500000
vt 0.588810 0.304205
vt 0.570200 0.288078
vt 0.569479 0.305595
vt 0.578366 0.253943
vt 0.583551 0.285356
vt 0.597159 0.282292
vt 0.595728 0.293255
vt 0.598148 0.236081
vt 0.601543 0.306235
vt 0.607944 0.310365
vt 0.614410 0.308692
vt 0.625000 0.292191
vt 0.625000 0.302557
vt 0.574070 0.194084
vt 0.583692 0.187573
vt 0.574282 0.187500
vt 0.599303 0.194995
vt 0.625000 0.187500
vt 0.600813 0.187500
vt 0.566263 0.198904
vt 0.565906 0.187475
vt 0.579861 0.199779
vt 0.587983 0.200890
vt 0.592622 0.187571
vt 0.569140 0.207031
vt 0.596352 0.203706
vt 0.625000 0.204664
vt 0.619719 0.194958
vt 0.577870 0.210814
vt 0.590379 0.214409
vt 0.612063 0.213206
vt 0.565929 0.221757
vt 0.578584 0.221549
vt 0.566243 0.263474
vt 0.325051 0.697378
vt 0.333947 0.687710
vt 0.320668 0.687500
vt 0.339148 0.699948
vt 0.342895 0.687652
vt 0.365066 0.695346
vt 0.316122 0.707781
vt 0.316156 0.694780
vt 0.324995 0.711334
vt 0.345731 0.711700
vt 0.361849 0.703728
vt 0.320343 0.722768
vt 0.336897 0.727794
vt 0.345491 0.726941
vt 0.396226 0.713352
vt 0.362353 0.775115
vt 0.400924 0.773754
vt 0.405537 0.734128
vt 0.418978 0.687500
vt 0.428723 0.691665
vt 0.429201 0.687500
vt 0.421175 0.695799
vt 0.427650 0.698078
vt 0.417554 0.706877
vt 0.420936 0.721705
vt 0.425840 0.705486
vt 0.413666 0.694788
vt 0.411802 0.713372
vt 0.419181 0.760797
vt 0.407378 0.687573
vt 0.403609 0.703785
vt 0.400672 0.695040
vt 0.360542 0.687500
vt 0.399187 0.687500
vt 0.403407 0.791232
vt 0.416168 0.792128
vt 0.666262 0.705347
vt 0.682367 0.709909
vt 0.681123 0.697160
vt 0.661533 0.687500
vt 0.670168 0.695047
vt 0.679673 0.687500
vt 0.660901 0.695013
vt 0.656623 0.717358
vt 0.657659 0.746443
vt 0.669459 0.716811
vt 0.653321 0.698246
vt 0.639422 0.687500
vt 0.638538 0.702870
vt 0.630402 0.712684
vt 0.600203 0.734562
vt 0.598558 0.780893
vt 0.588810 0.804205
vt 0.570200 0.788078
vt 0.569479 0.805595
vt 0.578366 0.753943
vt 0.583551 0.785356
vt 0.595728 0.793255
vt 0.601543 0.806237
vt 0.613556 0.804517
vt 0.629722 0.793449
vt 0.663931 0.759964
vt 0.574070 0.694084
vt 0.583692 0.687573
vt 0.574282 0.687500
vt 0.599303 0.694994
vt 0.600813 0.687500
vt 0.566263 0.698905
vt 0.565906 0.687475
vt 0.579861 0.699779
vt 0.587983 0.700890
vt 0.592622 0.687571
vt 0.569140 0.707031
vt 0.596352 0.703706
vt 0.625427 0.694961
vt 0.577870 0.710814
vt 0.590379 0.714409
vt 0.565929 0.721757
vt 0.578584 0.721549
vt 0.566243 0.763474
vt 0.329825 0.554945
vt 0.318732 0.545387
vt 0.318584 0.555170
vt 0.333713 0.544671
vt 0.321099 0.536199
vt 0.338460 0.562500
vt 0.320329 0.562500
vt 0.337857 0.534381
vt 0.321427 0.528095
vt 0.358657 0.489656
vt 0.339102 0.554982
vt 0.364800 0.520204
vt 0.346681 0.551754
vt 0.360579 0.562500
vt 0.361484 0.547130
vt 0.369615 0.537310
vt 0.399944 0.466195
vt 0.415582 0.448393
vt 0.406542 0.445781
vt 0.410217 0.507869
vt 0.417607 0.470267
vt 0.361489 0.474909
vt 0.428727 0.558364
vt 0.418381 0.561597
vt 0.429200 0.562496
vt 0.400697 0.555002
vt 0.399184 0.562500
vt 0.427513 0.551356
vt 0.420378 0.552929
vt 0.412022 0.549106
vt 0.407374 0.562428
vt 0.403646 0.546294
vt 0.374533 0.555045
vt 0.420389 0.543671
vt 0.408659 0.535559
vt 0.421974 0.528043
vt 0.424767 0.539977
vt 0.674990 0.555042
vt 0.666068 0.562283
vt 0.679334 0.562500
vt 0.667220 0.546951
vt 0.657103 0.562342
vt 0.656572 0.550124
vt 0.634929 0.554652
vt 0.682368 0.540087
vt 0.681847 0.551016
vt 0.659680 0.538248
vt 0.670625 0.532044
vt 0.654512 0.523065
vt 0.643670 0.543810
vt 0.602688 0.536485
vt 0.681953 0.536966
vt 0.648156 0.494089
vt 0.574893 0.545199
vt 0.568086 0.536250
vt 0.566203 0.545819
vt 0.576989 0.555170
vt 0.567555 0.554471
vt 0.584136 0.536763
vt 0.567872 0.528041
vt 0.583136 0.528949
vt 0.577743 0.500943
vt 0.583676 0.562500
vt 0.570066 0.562500
vt 0.584680 0.545718
vt 0.586334 0.555213
vt 0.592616 0.562424
vt 0.596298 0.546274
vt 0.599322 0.554959
vt 0.639443 0.562500
vt 0.600811 0.562500
vt 0.602024 0.445115
vt 0.628160 0.455503
vt 0.611787 0.444167
vt 0.592133 0.444503
vt 0.590196 0.458398
vt 0.570719 0.461877
vt 0.578971 0.445473
vt 0.567641 0.447641
vt 0.594617 0.466309
vt 0.579133 0.468153
vt 0.566899 0.492760
vt 0.597687 0.501529
vt 0.161777 0.687500
vt 0.179168 0.562500
vt 0.160515 0.562500
vt 0.136711 0.687500
vt 0.135110 0.562500
vt 0.407070 0.062500
vt 0.388636 0.187500
vt 0.408278 0.187500
vt 0.420282 0.062500
vt 0.421118 0.187500
vt 0.429167 0.062497
vt 0.429184 0.187500
vt 0.477964 0.945767
vt 0.477166 0.959186
vt 0.473080 0.011983
vt 0.471154 0.027985
vt 0.469013 0.036546
vt 0.466756 0.045573
vt 0.464424 0.054905
vt 0.462525 0.062500
vt 0.838224 0.562500
vt 0.820830 0.687500
vt 0.839491 0.687500
vt 0.863300 0.562500
vt 0.864890 0.687500
vt 0.592928 0.187500
vt 0.611392 0.062500
vt 0.591722 0.062500
vt 0.579718 0.187500
vt 0.578883 0.062500
vt 0.568747 0.187500
vt 0.567809 0.062500
vt 0.477159 0.290742
vt 0.476125 0.281828
vt 0.474757 0.273689
vt 0.473078 0.237954
vt 0.471150 0.222001
vt 0.469013 0.213453
vt 0.466757 0.204428
vt 0.464424 0.195095
vt 0.406578 0.305579
vt 0.693198 0.491441
vt 0.790358 0.536352
vt 0.786573 0.502977
vt 0.464424 0.554905
vt 0.462525 0.562500
vt 0.466756 0.545573
vt 0.469013 0.536546
vt 0.471155 0.527979
vt 0.473087 0.511822
vt 0.477964 0.445767
vt 0.477166 0.459187
vt 0.338223 0.562500
vt 0.320832 0.687500
vt 0.339485 0.687500
vt 0.368322 0.562500
vt 0.372633 0.687500
vt 0.407070 0.562500
vt 0.408278 0.687500
vt 0.420282 0.562500
vt 0.421117 0.687500
vt 0.429167 0.562496
vt 0.429184 0.687500
vt 0.661775 0.687500
vt 0.679170 0.562500
vt 0.660509 0.562500
vt 0.631680 0.687500
vt 0.627385 0.562500
vt 0.592928 0.687500
vt 0.591721 0.562500
vt 0.579718 0.687500
vt 0.578883 0.562500
vt 0.568340 0.687500
vt 0.568232 0.562500
vt 0.477159 0.790742
vt 0.477963 0.804233
vt 0.476125 0.781828
vt 0.474757 0.773689
vt 0.473078 0.737954
vt 0.469013 0.713454
vt 0.466757 0.704428
vt 0.464424 0.695095
vt 0.462525 0.687500
vt 0.181100 0.737636
vt 0.404609 0.804163
vt 0.415737 0.808541
vt 0.707419 0.704403
vt 0.708688 0.708142
vt 0.791312 0.708143
vt 0.709642 0.713648
vt 0.786810 0.745649
vt 0.790326 0.714096
vt 0.691859 0.760966
vt 0.683981 0.775010
vt 0.785483 0.753608
vt 0.179372 0.687500
vt 0.462525 0.187500
vt 0.679370 0.687500
vt 0.477963 0.304233
vt 0.984355 0.928688
vt 0.999900 0.892129
vt 0.953081 0.891634
vt 0.952641 0.951102
vt 0.921121 0.928159
vt 0.890714 0.891738
vt 0.891761 0.952145
vt 0.858641 0.928003
vt 0.825182 0.892389
vt 0.830039 0.953140
vt 0.812500 0.928486
vt 0.781250 0.953630
vt 0.781250 0.912862
vt 0.750002 0.953724
vt 0.750000 0.907108
vt 0.718750 0.912753
vt 0.718759 0.953630
vt 0.687500 0.912753
vt 0.669733 0.953137
vt 0.643990 0.891609
vt 0.640597 0.927735
vt 0.624052 0.952444
vt 0.593750 0.903020
vt 0.595300 0.952137
vt 0.549029 0.891577
vt 0.546666 0.928103
vt 0.552082 0.952053
vt 0.485485 0.891889
vt 0.484684 0.928685
vt 0.485552 0.951266
vt 0.418301 0.930507
vt 0.421748 0.891681
vt 0.419251 0.949764
vt 0.359522 0.926878
vt 0.358456 0.891817
vt 0.376966 0.949006
vt 0.297757 0.948701
vt 0.312500 0.911916
vt 0.281250 0.912244
vt 0.250000 0.948668
vt 0.250000 0.898057
vt 0.218750 0.912120
vt 0.218750 0.948676
vt 0.177034 0.892145
vt 0.187475 0.948732
vt 0.156250 0.948844
vt 0.112289 0.891596
vt 0.111506 0.927782
vt 0.107692 0.948597
vt 0.051883 0.910530
vt 0.055488 0.949526
vt 0.016995 0.949380
vt 0.016299 0.891840
vt 0.000811 0.929267
vt 0.999916 0.607216
vt 0.983925 0.607071
vt 0.917210 0.603644
vt 0.858088 0.600478
vt 0.811383 0.598990
vt 0.781250 0.598579
vt 0.749676 0.598664
vt 0.749677 0.598673
vt 0.718750 0.599142
vt 0.671146 0.600887
vt 0.625305 0.603251
vt 0.575368 0.606069
vt 0.513034 0.609758
vt 0.475980 0.612193
vt 0.426223 0.612671
vt 0.356576 0.614031
vt 0.293244 0.614495
vt 0.252949 0.614513
vt 0.203052 0.613931
vt 0.135399 0.612505
vt 0.078055 0.610675
vt 0.010965 0.607935
vt 0.953196 0.928103
vt 0.950378 0.891578
vt 0.999188 0.929267
vt 0.952683 0.951101
vt 0.887266 0.928178
vt 0.887899 0.891595
vt 0.891762 0.952145
vt 0.828147 0.928151
vt 0.822942 0.892178
vt 0.830097 0.953139
vt 0.781242 0.953630
vt 0.781250 0.912753
vt 0.749998 0.953724
vt 0.750000 0.907154
vt 0.718750 0.912863
vt 0.718750 0.953630
vt 0.687500 0.912829
vt 0.669780 0.953137
vt 0.641553 0.891817
vt 0.640578 0.927745
vt 0.624003 0.952444
vt 0.593750 0.903025
vt 0.588109 0.952128
vt 0.546361 0.891633
vt 0.546640 0.928103
vt 0.500900 0.951504
vt 0.483302 0.891832
vt 0.484698 0.928685
vt 0.418247 0.930557
vt 0.419054 0.891586
vt 0.419534 0.949769
vt 0.359506 0.926865
vt 0.356076 0.891608
vt 0.376908 0.949005
vt 0.297756 0.948701
vt 0.312500 0.911875
vt 0.281250 0.912123
vt 0.250000 0.895029
vt 0.218750 0.912239
vt 0.174762 0.892359
vt 0.109305 0.891738
vt 0.125000 0.948969
vt 0.078972 0.928160
vt 0.094784 0.948313
vt 0.063146 0.949485
vt 0.046798 0.891634
vt 0.015593 0.928690
vt 0.017362 0.949377
vt 0.953854 0.606423
vt 0.999917 0.607251
vt 0.888783 0.601859
vt 0.829867 0.599533
vt 0.783240 0.598665
vt 0.749666 0.598662
vt 0.750000 0.907111
vt 0.718750 0.599103
vt 0.749666 0.598663
vt 0.666141 0.601005
vt 0.625258 0.603181
vt 0.574456 0.606117
vt 0.523842 0.609909
vt 0.486547 0.610985
vt 0.438670 0.612334
vt 0.393793 0.613421
vt 0.330876 0.614305
vt 0.252715 0.614505
vt 0.250000 0.898052
vt 0.203399 0.613942
vt 0.152941 0.613621
vt 0.112381 0.611850
vt 0.033785 0.608978
vt 0.953237 0.928104
vt 0.953080 0.891634
vt 0.952580 0.951102
vt 0.999189 0.929267
vt 0.887309 0.928187
vt 0.891756 0.952145
vt 0.828168 0.928159
vt 0.830096 0.953139
vt 0.781250 0.912901
vt 0.749997 0.953724
vt 0.718750 0.912714
vt 0.687500 0.912754
vt 0.669817 0.953138
vt 0.640596 0.927733
vt 0.624070 0.952444
vt 0.588220 0.952129
vt 0.546679 0.928103
vt 0.500875 0.951506
vt 0.484683 0.928685
vt 0.418294 0.930558
vt 0.419368 0.949765
vt 0.359520 0.926874
vt 0.376969 0.949008
vt 0.079005 0.928159
vt 0.094784 0.948312
vt 0.063149 0.949484
vt 0.049568 0.891578
vt 0.015575 0.928690
vt 0.016525 0.950154
vt 0.983910 0.607070
vt 0.917213 0.603646
vt 0.858087 0.600478
vt 0.953195 0.928103
vt 0.952556 0.951102
vt 0.830095 0.953139
vt 0.669820 0.953138
vt 0.640577 0.927743
vt 0.624106 0.952444
vt 0.587926 0.952128
vt 0.546628 0.928103
vt 0.503183 0.951541
vt 0.484697 0.928685
vt 0.418253 0.930512
vt 0.419122 0.949760
vt 0.359507 0.926862
vt 0.377020 0.949008
vt 0.297756 0.948702
vt 0.078971 0.928160
vt 0.094786 0.948312
vt 0.063139 0.949484
vt 0.015585 0.928690
vt 0.016500 0.950154
vt 0.173134 0.740273
vt 0.183819 0.750000
vt 0.181868 0.718866
vt 0.159984 0.696004
vt 0.170518 0.712002
vt 0.179034 0.696004
vt 0.156167 0.727324
vt 0.154812 0.712114
vt 0.133095 0.699600
vt 0.130872 0.711484
vt 0.425532 0.943354
vt 0.433822 0.954774
vt 0.434565 0.943194
vt 0.425880 0.957035
vt 0.433826 0.963870
vt 0.424987 0.982582
vt 0.431921 0.971921
vt 0.418384 0.965782
vt 0.413614 0.944321
vt 0.412960 0.954904
vt 0.413219 1.000000
vt 0.403415 0.970069
vt 0.398882 0.943907
vt 0.387549 0.953101
vt 0.433773 0.050260
vt 0.424639 0.058791
vt 0.434290 0.058840
vt 0.424774 0.042135
vt 0.408897 0.054930
vt 0.408326 0.043543
vt 0.391133 0.054012
vt 0.418146 0.036097
vt 0.435840 0.031876
vt 0.435792 0.040781
vt 0.424779 0.030011
vt 0.412941 0.020111
vt 0.396296 0.033867
vt 0.435202 0.023781
vt 0.424960 0.018308
vt 0.434213 0.000000
vt 0.603060 0.957962
vt 0.604840 0.941223
vt 0.590805 0.945938
vt 0.573619 0.954519
vt 0.579105 0.943878
vt 0.569495 0.942345
vt 0.566000 0.958958
vt 0.566086 0.949446
vt 0.583491 0.957220
vt 0.573948 0.964245
vt 0.564672 0.968522
vt 0.584903 0.967511
vt 0.570473 0.972798
vt 0.614143 0.966792
vt 0.598189 0.976886
vt 0.575027 0.982640
vt 0.565384 0.988710
vt 0.586773 1.000000
vt 0.578524 1.000000
vt 0.817841 0.704728
vt 0.826777 0.701545
vt 0.824984 0.698894
vt 0.820389 0.724890
vt 0.829206 0.703874
vt 0.875000 0.710515
vt 0.867568 0.705593
vt 0.851243 0.706732
vt 0.832684 0.740330
vt 0.833761 0.717194
vt 0.846843 0.728768
vt 0.573913 0.056311
vt 0.568877 0.045008
vt 0.565467 0.056581
vt 0.576190 0.031636
vt 0.565800 0.023737
vt 0.565738 0.031749
vt 0.575017 0.018342
vt 0.565612 0.000000
vt 0.583317 0.047339
vt 0.587025 0.020100
vt 0.593862 0.054194
vt 0.583690 0.058759
vt 0.594541 0.037826
vt 0.601869 0.048522
vt 0.613637 0.046202
vt 0.625000 0.034725
vt 0.595952 0.008424
vt 0.161476 0.549539
vt 0.179462 0.549555
vt 0.168603 0.531804
vt 0.141136 0.538078
vt 0.140185 0.519345
vt 0.161808 0.510688
vt 0.179585 0.507514
vt 0.424681 0.191265
vt 0.434104 0.199864
vt 0.434264 0.190846
vt 0.424022 0.202222
vt 0.434250 0.209382
vt 0.424675 0.211660
vt 0.434262 0.218251
vt 0.424861 0.219964
vt 0.434199 0.226263
vt 0.424983 0.231658
vt 0.434616 0.261290
vt 0.411765 0.209182
vt 0.412975 0.229900
vt 0.403917 0.212642
vt 0.390935 0.195935
vt 0.408920 0.195124
vt 0.381949 0.211657
vt 0.405205 0.258187
vt 0.426381 0.295481
vt 0.420895 0.306121
vt 0.430505 0.307655
vt 0.434000 0.291042
vt 0.433914 0.300554
vt 0.404942 0.289459
vt 0.409195 0.304062
vt 0.416509 0.292781
vt 0.383971 0.286425
vt 0.388651 0.301649
vt 0.426052 0.285755
vt 0.435328 0.281478
vt 0.415097 0.282489
vt 0.429527 0.277202
vt 0.424973 0.267360
vt 0.826866 0.509727
vt 0.816181 0.500000
vt 0.820362 0.528809
vt 0.826780 0.548453
vt 0.817168 0.548544
vt 0.824987 0.551100
vt 0.838526 0.531755
vt 0.829206 0.546126
vt 0.832206 0.544207
vt 0.835652 0.542790
vt 0.839973 0.541901
vt 0.842915 0.541680
vt 0.839903 0.500000
vt 0.854426 0.525176
vt 0.875000 0.539485
vt 0.851379 0.543319
vt 0.867376 0.544419
vt 0.845050 0.541869
vt 0.574468 0.306646
vt 0.566178 0.295226
vt 0.565435 0.306807
vt 0.574120 0.292965
vt 0.566174 0.286130
vt 0.575013 0.267418
vt 0.568079 0.278079
vt 0.581616 0.284218
vt 0.586386 0.305679
vt 0.587040 0.295096
vt 0.587059 0.229889
vt 0.596584 0.279930
vt 0.601118 0.306093
vt 0.612451 0.296900
vt 0.564829 0.199741
vt 0.573973 0.193622
vt 0.565276 0.191103
vt 0.583415 0.202559
vt 0.593859 0.195764
vt 0.583725 0.191189
vt 0.601872 0.201478
vt 0.600537 0.198872
vt 0.564580 0.209581
vt 0.573580 0.205360
vt 0.590136 0.211807
vt 0.598374 0.215787
vt 0.576280 0.218361
vt 0.564798 0.226219
vt 0.564160 0.218124
vt 0.575040 0.231692
vt 0.565969 0.261019
vt 0.338524 0.700461
vt 0.320538 0.700445
vt 0.331397 0.718196
vt 0.362698 0.711934
vt 0.403856 0.757632
vt 0.360193 0.755019
vt 0.377983 0.788208
vt 0.424681 0.691265
vt 0.434104 0.699864
vt 0.434264 0.690846
vt 0.424022 0.702222
vt 0.434250 0.709382
vt 0.424675 0.711660
vt 0.434262 0.718251
vt 0.424861 0.719964
vt 0.434199 0.726263
vt 0.424983 0.731658
vt 0.434616 0.761290
vt 0.411765 0.709183
vt 0.412975 0.729900
vt 0.403917 0.712642
vt 0.374337 0.695963
vt 0.408920 0.695124
vt 0.426381 0.795481
vt 0.420895 0.806121
vt 0.430505 0.807654
vt 0.434000 0.791042
vt 0.433914 0.800554
vt 0.404942 0.789459
vt 0.409195 0.804062
vt 0.416509 0.792781
vt 0.426052 0.785755
vt 0.435328 0.781478
vt 0.415097 0.782489
vt 0.429527 0.777202
vt 0.424973 0.767360
vt 0.629591 0.774903
vt 0.604643 0.802567
vt 0.679638 0.721191
vt 0.673220 0.701547
vt 0.682832 0.701456
vt 0.675013 0.698900
vt 0.661474 0.718245
vt 0.670794 0.703873
vt 0.667794 0.705793
vt 0.664348 0.707210
vt 0.660027 0.708099
vt 0.657085 0.708320
vt 0.598831 0.777684
vt 0.638483 0.726567
vt 0.598374 0.715786
vt 0.648621 0.706681
vt 0.632624 0.705581
vt 0.654950 0.708131
vt 0.574468 0.806646
vt 0.566178 0.795226
vt 0.565435 0.806807
vt 0.574120 0.792965
vt 0.566174 0.786130
vt 0.575013 0.767418
vt 0.568079 0.778079
vt 0.581616 0.784218
vt 0.586386 0.805679
vt 0.587040 0.795096
vt 0.587059 0.729889
vt 0.564829 0.699741
vt 0.573973 0.693622
vt 0.565276 0.691103
vt 0.583415 0.702559
vt 0.593859 0.695764
vt 0.583725 0.691189
vt 0.601872 0.701478
vt 0.600537 0.698872
vt 0.564580 0.709581
vt 0.573580 0.705361
vt 0.590136 0.711807
vt 0.576280 0.718361
vt 0.564798 0.726219
vt 0.564160 0.718124
vt 0.575040 0.731692
vt 0.565969 0.761019
vt 0.370408 0.475099
vt 0.395357 0.447432
vt 0.318132 0.531134
vt 0.340016 0.553996
vt 0.329482 0.537998
vt 0.320966 0.553996
vt 0.350399 0.521062
vt 0.345188 0.537886
vt 0.376484 0.554062
vt 0.394123 0.533856
vt 0.425532 0.443354
vt 0.433822 0.454774
vt 0.434564 0.443193
vt 0.425880 0.457035
vt 0.433826 0.463870
vt 0.424987 0.482582
vt 0.431921 0.471921
vt 0.418384 0.465782
vt 0.413614 0.444321
vt 0.412960 0.454904
vt 0.412941 0.520111
vt 0.401168 0.472316
vt 0.433773 0.550260
vt 0.424639 0.558791
vt 0.434290 0.558840
vt 0.424774 0.542134
vt 0.408897 0.554930
vt 0.408326 0.543543
vt 0.418146 0.536097
vt 0.435840 0.531875
vt 0.435792 0.540781
vt 0.424779 0.530011
vt 0.435202 0.523781
vt 0.424960 0.518308
vt 0.434031 0.488981
vt 0.682159 0.545272
vt 0.673223 0.548455
vt 0.675015 0.551106
vt 0.677217 0.522716
vt 0.670794 0.546126
vt 0.594541 0.537827
vt 0.632432 0.544407
vt 0.648757 0.543268
vt 0.609904 0.466915
vt 0.666239 0.532806
vt 0.641716 0.513417
vt 0.573913 0.556311
vt 0.568877 0.545008
vt 0.565467 0.556581
vt 0.576190 0.531636
vt 0.565800 0.523737
vt 0.565738 0.531749
vt 0.575017 0.518342
vt 0.565384 0.488710
vt 0.583317 0.547339
vt 0.587025 0.520100
vt 0.593862 0.554194
vt 0.583690 0.558759
vt 0.601869 0.548522
vt 0.613637 0.546202
vt 0.596184 0.492390
vt 0.611535 0.447919
vt 0.590805 0.445938
vt 0.573619 0.454519
vt 0.579105 0.443879
vt 0.569495 0.442345
vt 0.566000 0.458958
vt 0.566086 0.449446
vt 0.583491 0.457219
vt 0.573948 0.464245
vt 0.564672 0.468522
vt 0.584903 0.467511
vt 0.570473 0.472798
vt 0.575027 0.482640
vt 0.177718 0.593356
vt 0.184281 0.593190
vt 0.169988 0.593812
vt 0.161222 0.594652
vt 0.161226 0.655347
vt 0.152579 0.654095
vt 0.152774 0.595871
vt 0.135245 0.652529
vt 0.399636 0.150493
vt 0.375182 0.152116
vt 0.409144 0.147997
vt 0.404861 0.149139
vt 0.413609 0.146801
vt 0.418249 0.145546
vt 0.418262 0.104457
vt 0.422979 0.105785
vt 0.422974 0.144224
vt 0.427503 0.107471
vt 0.427493 0.142535
vt 0.429198 0.108552
vt 0.429200 0.141447
vt 0.434031 0.988981
vt 0.567255 0.038289
vt 0.816113 0.657857
vt 0.823880 0.690060
vt 0.824738 0.657563
vt 0.824985 0.687185
vt 0.826788 0.684530
vt 0.834182 0.593140
vt 0.832097 0.569656
vt 0.829197 0.567782
vt 0.613095 0.097438
vt 0.625000 0.067584
vt 0.610283 0.065400
vt 0.596963 0.150517
vt 0.590875 0.148914
vt 0.596963 0.099483
vt 0.590875 0.101086
vt 0.586418 0.147742
vt 0.586418 0.102259
vt 0.581814 0.146530
vt 0.581814 0.103470
vt 0.577091 0.145287
vt 0.571581 0.143837
vt 0.571581 0.106163
vt 0.562500 0.141447
vt 0.567255 0.538289
vt 0.322282 0.656644
vt 0.315736 0.656810
vt 0.330012 0.656188
vt 0.338778 0.655348
vt 0.338774 0.594653
vt 0.347421 0.595905
vt 0.364848 0.597474
vt 0.399636 0.650493
vt 0.367398 0.652427
vt 0.409144 0.647997
vt 0.404861 0.649139
vt 0.413609 0.646801
vt 0.418249 0.645546
vt 0.422974 0.644224
vt 0.427493 0.642535
vt 0.429198 0.608552
vt 0.429200 0.641447
vt 0.676120 0.559940
vt 0.683887 0.592143
vt 0.676454 0.557261
vt 0.675015 0.562815
vt 0.673212 0.565470
vt 0.675262 0.592437
vt 0.665818 0.656860
vt 0.667903 0.680344
vt 0.670803 0.682218
vt 0.613095 0.597438
vt 0.625705 0.567697
vt 0.610283 0.565400
vt 0.596963 0.650517
vt 0.590875 0.648914
vt 0.596963 0.599483
vt 0.590875 0.601086
vt 0.586418 0.647741
vt 0.586418 0.602259
vt 0.581814 0.646530
vt 0.581814 0.603470
vt 0.577091 0.645287
vt 0.571581 0.643837
vt 0.571581 0.606163
vt 0.562500 0.641447
vt 0.816200 0.750000
vt 0.318995 0.593263
vt 0.183952 0.656806
vt 0.816114 0.592143
vt 0.683886 0.657857
vt 0.829954 0.696002
vt 0.603358 0.056607
vt 0.829881 0.553995
vt 0.591428 0.693029
vt 0.577951 0.557203
vt 0.134016 0.665750
vt 0.147851 0.551074
vt 0.393203 0.196596
vt 0.417085 0.084985
vt 0.432971 0.057119
vt 0.438177 0.085687
vt 0.853286 0.555944
vt 0.588288 0.192856
vt 0.572411 0.057275
vt 0.323059 0.702909
vt 0.339532 0.549468
vt 0.420751 0.556421
vt 0.431794 0.692993
vt 0.434644 0.557105
vt 0.667239 0.695841
vt 0.564340 0.591764
vt 0.510336 0.161448
vt 0.515917 0.088813
vt 0.510052 0.661283
vt 0.510237 0.588726
vt 0.157418 0.695593
vt 0.160567 0.694049
vt 0.384987 0.975515
vt 0.376543 0.036985
vt 0.868874 0.701739
vt 0.567986 0.012387
vt 0.133882 0.562091
vt 0.164881 0.546495
vt 0.410884 0.307546
vt 0.427283 0.306996
vt 0.383833 0.308901
vt 0.600542 0.311846
vt 0.602589 0.313112
vt 0.336451 0.691018
vt 0.312404 0.540380
vt 0.332914 0.552436
vt 0.349968 0.545773
vt 0.637993 0.496346
vt 0.600715 0.438081
vt 0.595897 0.439452
vt 0.602614 0.436846
vt 0.578264 0.441742
vt 0.173310 0.647225
vt 0.378782 0.176470
vt 0.375000 0.185086
vt 0.311535 0.542392
vt 0.188453 0.542383
vt 0.296848 0.542373
vt 0.203140 0.542382
vt 0.204011 0.540350
vt 0.295988 0.540343
vt 0.380880 0.335738
vt 0.384800 0.425078
vt 0.430507 0.415352
vt 0.602600 0.328461
vt 0.602597 0.421522
vt 0.599653 0.419965
vt 0.600137 0.329884
vt 0.593710 0.331519
vt 0.592507 0.418244
vt 0.582186 0.333109
vt 0.326690 0.647225
vt 0.331437 0.676216
vt 0.395720 0.601816
vt 0.397094 0.616968
vt 0.625000 0.941020
vt 0.552175 0.334621
vt 0.585955 0.057187
vt 0.571066 0.057274
vt 0.176145 0.547182
vt 0.330324 0.702017
vt 0.577465 0.692793
vt 0.669416 0.554024
vt 0.592888 0.556929
vt 0.124952 0.552483
vt 0.375000 0.058658
vt 0.422972 0.056643
vt 0.433906 0.057155
vt 0.832737 0.695831
vt 0.597573 0.056758
vt 0.573035 0.157865
vt 0.571862 0.192725
vt 0.564637 0.091545
vt 0.410068 0.665122
vt 0.423553 0.556610
vt 0.433887 0.557092
vt 0.564340 0.658236
vt 0.510336 0.088552
vt 0.515917 0.161187
vt 0.510052 0.588717
vt 0.510237 0.661274
vt 0.160574 0.694061
vt 0.163539 0.691129
vt 0.384990 0.975515
vt 0.875000 0.697443
vt 0.620976 0.033638
vt 0.167104 0.552483
vt 0.133881 0.562093
vt 0.164881 0.546512
vt 0.185338 0.527845
vt 0.186337 0.534377
vt 0.187583 0.540332
vt 0.602612 0.313154
vt 0.625000 0.206481
vt 0.339504 0.694164
vt 0.352680 0.552529
vt 0.415345 0.442673
vt 0.428975 0.443033
vt 0.600732 0.438073
vt 0.602617 0.436856
vt 0.595907 0.439446
vt 0.168563 0.676218
vt 0.375000 0.185089
vt 0.188460 0.542382
vt 0.311552 0.542373
vt 0.203146 0.542383
vt 0.296865 0.542392
vt 0.296003 0.540401
vt 0.427231 0.334603
vt 0.427321 0.415394
vt 0.602594 0.421533
vt 0.602592 0.328484
vt 0.599633 0.419957
vt 0.599694 0.330021
vt 0.592401 0.418226
vt 0.592537 0.331747
vt 0.564767 0.334250
vt 0.564866 0.415758
vt 0.552234 0.443020
vt 0.395720 0.632123
vt 0.397094 0.616970
vt 0.552209 0.334621
vt 0.552150 0.415379
vt 0.156603 0.750000
vt 0.130729 0.694954
vt 0.419793 1.000000
vt 0.604035 0.937362
vt 0.622324 0.942394
vt 0.860557 0.687500
vt 0.811898 0.698743
vt 0.813895 0.700400
vt 0.816155 0.704792
vt 0.862396 0.730328
vt 0.817639 0.750000
vt 0.594097 0.013487
vt 0.139458 0.562500
vt 0.162912 0.540932
vt 0.816023 0.545511
vt 0.813516 0.550048
vt 0.818047 0.536965
vt 0.818014 0.508091
vt 0.869292 0.555040
vt 0.622896 0.307536
vt 0.604195 0.312551
vt 0.337088 0.709068
vt 0.683977 0.704489
vt 0.686485 0.699952
vt 0.681953 0.713035
vt 0.605011 0.811734
vt 0.649349 0.780674
vt 0.688101 0.551257
vt 0.686105 0.549600
vt 0.683845 0.545206
vt 0.662911 0.488137
vt 0.647648 0.467704
vt 0.605351 0.438689
vt 0.384801 0.062500
vt 0.476129 0.968141
vt 0.474761 0.976292
vt 0.473573 1.000000
vt 0.820629 0.562500
vt 0.615229 0.187500
vt 0.811792 0.551326
vt 0.796349 0.551175
vt 0.703392 0.551326
vt 0.704952 0.550021
vt 0.794573 0.549360
vt 0.707287 0.545869
vt 0.792581 0.545597
vt 0.791312 0.541859
vt 0.708690 0.541852
vt 0.790718 0.539310
vt 0.709425 0.538415
vt 0.709674 0.535904
vt 0.785278 0.494985
vt 0.685399 0.477480
vt 0.605796 0.422291
vt 0.604018 0.328868
vt 0.606727 0.331117
vt 0.613687 0.424566
vt 0.612496 0.333874
vt 0.630266 0.431623
vt 0.620335 0.336751
vt 0.628703 0.339285
vt 0.648602 0.440386
vt 0.474760 0.476293
vt 0.476129 0.468141
vt 0.320628 0.562500
vt 0.471150 0.722001
vt 0.688208 0.698674
vt 0.703108 0.698575
vt 0.796608 0.698674
vt 0.704372 0.699313
vt 0.795048 0.699978
vt 0.705776 0.701183
vt 0.792713 0.704131
vt 0.790580 0.711553
vt 0.709282 0.710690
vt 0.605534 0.919833
vt 0.604826 0.827766
vt 0.612746 0.825746
vt 0.612476 0.916134
vt 0.630465 0.818288
vt 0.620330 0.913251
vt 0.647811 0.810007
vt 0.629166 0.910584
vt 0.440237 0.154835
vt 0.440237 0.654835
vt 0.998531 0.947855
vt 0.750000 0.907210
vt 0.343750 0.948829
vt 0.250000 0.895031
vt 0.000100 0.892129
vt 0.998407 0.950374
vt 0.160097 0.750000
vt 0.421478 1.000000
vt 0.427557 0.000000
vt 0.406878 0.000000
vt 0.381942 0.021079
vt 0.823883 0.696039
vt 0.823546 0.692739
vt 0.832241 0.705807
vt 0.835679 0.707216
vt 0.839970 0.708099
vt 0.842915 0.708321
vt 0.844855 0.708154
vt 0.822443 0.750000
vt 0.572443 0.000000
vt 0.600713 0.059912
vt 0.600012 0.056982
vt 0.599900 0.053991
vt 0.600538 0.051130
vt 0.625000 0.045133
vt 0.134585 0.550554
vt 0.183843 0.527299
vt 0.823880 0.559940
vt 0.823542 0.557231
vt 0.823883 0.553961
vt 0.600010 0.193017
vt 0.600713 0.190088
vt 0.599900 0.196009
vt 0.613973 0.203799
vt 0.625000 0.204834
vt 0.619758 0.232361
vt 0.316157 0.722701
vt 0.676120 0.690060
vt 0.676458 0.692769
vt 0.676117 0.696039
vt 0.600010 0.693017
vt 0.600713 0.690088
vt 0.599900 0.696009
vt 0.613973 0.703799
vt 0.676117 0.553961
vt 0.667759 0.544193
vt 0.664322 0.542784
vt 0.660030 0.541901
vt 0.657085 0.541679
vt 0.655145 0.541846
vt 0.600713 0.559912
vt 0.600012 0.556982
vt 0.599900 0.553991
vt 0.600538 0.551130
vt 0.177716 0.656642
vt 0.169978 0.656185
vt 0.132719 0.597569
vt 0.396931 0.098813
vt 0.375177 0.097884
vt 0.403283 0.100452
vt 0.409146 0.102005
vt 0.413614 0.103202
vt 0.824738 0.592437
vt 0.824985 0.562815
vt 0.826788 0.565470
vt 0.829197 0.682218
vt 0.834183 0.656860
vt 0.832097 0.680344
vt 0.835631 0.678875
vt 0.835632 0.571125
vt 0.840208 0.677963
vt 0.843124 0.655771
vt 0.843123 0.594229
vt 0.840208 0.572037
vt 0.842915 0.677759
vt 0.845683 0.677982
vt 0.845683 0.572018
vt 0.842915 0.572241
vt 0.851299 0.654326
vt 0.850082 0.678888
vt 0.851299 0.595674
vt 0.850298 0.571059
vt 0.854842 0.680253
vt 0.854842 0.569747
vt 0.875000 0.653077
vt 0.874295 0.682303
vt 0.875000 0.596923
vt 0.874137 0.567722
vt 0.602293 0.062815
vt 0.610283 0.184600
vt 0.625000 0.182416
vt 0.613097 0.152562
vt 0.603026 0.186312
vt 0.577091 0.104713
vt 0.562500 0.108553
vt 0.330022 0.593815
vt 0.347226 0.654129
vt 0.396931 0.598813
vt 0.403278 0.600450
vt 0.409146 0.602005
vt 0.413614 0.603202
vt 0.418262 0.604457
vt 0.422979 0.605785
vt 0.427503 0.607471
vt 0.675262 0.657563
vt 0.675015 0.687186
vt 0.673212 0.684530
vt 0.670803 0.567782
vt 0.665818 0.593140
vt 0.667903 0.569656
vt 0.664369 0.571125
vt 0.664368 0.678875
vt 0.659792 0.572037
vt 0.656877 0.594229
vt 0.656877 0.655771
vt 0.659792 0.677963
vt 0.657085 0.572241
vt 0.654317 0.572018
vt 0.654317 0.677982
vt 0.657085 0.677759
vt 0.648701 0.595674
vt 0.649918 0.571112
vt 0.648701 0.654326
vt 0.649702 0.678941
vt 0.645158 0.569747
vt 0.645158 0.680253
vt 0.613097 0.652562
vt 0.625863 0.682278
vt 0.602293 0.562815
vt 0.610283 0.684600
vt 0.603027 0.686312
vt 0.577091 0.604713
vt 0.562500 0.608553
s 1
g off
f 283/1/1 364/2/2 3/3/3
f 1191/4/4 1190/5/5 1179/6/6
f 1620/7/7 1208/8/8 1175/9/9
f 1621/10/10 1343/11/11 1354/12/12
f 364/2/2 1551/13/13 3/3/3
f 1179/6/6 1622/14/14 1623/15/15
f 638/16/16 1381/17/17 364/2/2
f 879/18/18 1675/19/19 638/20/16
f 1208/8/8 1623/21/15 1175/9/9
f 1677/22/20 1371/23/21 1676/24/22
f 1361/25/23 1625/26/24 1624/27/25
f 1552/28/26 1079/29/27 1677/22/20
f 1236/30/28 1626/31/29 1625/26/24
f 1553/32/30 1082/33/31 1552/28/26
f 1238/34/32 1627/35/33 1626/36/29
f 1168/37/34 1554/38/35 1160/39/36
f 1234/40/37 1710/41/38 1627/35/33
f 1190/5/5 1751/42/39 1319/43/40
f 1628/44/41 1319/43/40 1711/45/42
f 1267/46/43 1555/47/44 1629/48/45
f 1711/45/42 1318/49/46 1402/50/47
f 1402/50/47 1318/49/46 1556/51/48
f 1287/52/49 1629/48/45 1630/53/50
f 1295/54/51 1678/55/52 1557/56/53
f 1632/57/54 1342/58/55 1631/59/56
f 1303/60/57 1679/61/58 1678/55/52
f 1712/62/59 1343/11/11 1632/57/54
f 1343/11/11 1712/62/59 1354/12/12
f 1297/63/60 1680/64/61 1106/65/62
f 3/3/3 1555/47/44 1264/66/63
f 1190/5/5 1628/44/41 1622/14/14
f 1371/23/21 1557/56/53 1676/24/22
f 1363/67/64 1624/27/25 1631/59/56
f 650/68/65 21/69/66 646/70/67
f 646/70/67 681/71/68 877/72/69
f 650/68/65 646/70/67 877/72/69
f 824/73/70 772/74/71 26/75/72
f 899/76/73 31/77/74 1683/78/75
f 921/79/76 877/80/69 31/77/74
f 925/81/77 877/80/69 921/79/76
f 942/82/78 925/81/77 921/79/76
f 824/83/70 925/81/77 942/82/78
f 1030/84/79 1004/85/80 995/86/81
f 1063/87/82 1004/85/80 1030/84/79
f 1059/88/83 1004/85/80 1063/87/82
f 1063/87/82 1030/84/79 1061/89/84
f 1059/90/83 996/91/85 1004/92/80
f 1159/93/86 1153/94/87 1152/95/88
f 1162/96/89 1154/97/90 1153/94/87
f 1059/98/83 1063/99/82 1154/97/90
f 1078/100/91 1162/96/89 1159/93/86
f 1772/101/92 1174/102/93 1185/103/94
f 1220/104/95 1634/105/96 483/106/97
f 1219/107/98 483/106/97 553/108/99
f 1174/102/93 1255/109/100 1262/110/101
f 553/108/99 1174/102/93 1196/111/102
f 1219/107/98 553/108/99 1228/112/103
f 1209/113/104 1205/114/105 1203/115/106
f 1219/116/98 1206/117/107 1209/113/104
f 1220/118/95 1219/116/98 1209/113/104
f 1228/119/103 1227/120/108 1230/121/109
f 1228/119/103 1230/121/109 1216/122/110
f 1216/122/110 1230/121/109 1206/117/107
f 1237/123/111 1232/124/112 1240/125/113
f 1247/126/114 1241/127/115 1291/128/116
f 1244/129/117 1242/130/118 1247/126/114
f 1247/126/114 1291/128/116 1365/131/119
f 1237/132/111 1247/126/114 1235/133/120
f 1258/134/121 1233/135/122 1254/136/123
f 1259/137/124 1252/138/125 1250/139/126
f 1259/137/124 1240/140/113 1252/138/125
f 1260/141/127 1261/142/128 1258/134/121
f 1243/143/129 1261/142/128 1260/141/127
f 1244/129/117 1259/137/124 1261/142/128
f 1774/144/130 1268/145/131 1780/146/132
f 1268/145/131 1774/144/130 1272/147/133
f 1273/148/134 779/149/135 1263/150/136
f 1268/145/131 1272/147/133 1273/148/134
f 1275/151/137 1273/148/134 1292/152/138
f 1284/153/139 1278/154/140 1277/155/141
f 1284/153/139 1280/156/142 1278/154/140
f 1275/151/137 1280/156/142 1284/153/139
f 1275/151/137 1286/157/143 1280/156/142
f 1268/145/131 1275/151/137 1284/153/139
f 1293/158/144 1292/152/138 1266/159/145
f 1286/157/143 1292/152/138 1293/158/144
f 1275/151/137 1292/152/138 1286/157/143
f 1286/157/143 1293/158/144 1282/160/146
f 1302/161/147 1294/162/148 1300/163/149
f 1306/164/150 1305/165/151 1307/166/152
f 1307/166/152 1305/165/151 1296/167/153
f 1307/166/152 1296/167/153 1299/168/154
f 1302/161/147 1307/166/152 1299/168/154
f 1310/169/155 1298/170/156 1636/171/157
f 1313/172/158 1300/163/149 1309/173/159
f 1314/174/160 1308/175/161 1310/169/155
f 1302/161/147 1300/163/149 1313/172/158
f 1306/164/150 1313/172/158 1314/174/160
f 1307/166/152 1302/161/147 1313/172/158
f 1320/176/162 1322/177/163 1315/178/164
f 1323/179/165 1315/178/164 1321/180/166
f 1781/181/167 1332/182/168 1324/183/169
f 1327/184/170 1325/185/171 1334/186/172
f 1328/187/173 1327/184/170 1334/186/172
f 1337/188/174 1326/189/175 1327/184/170
f 1335/190/176 1331/191/177 1316/192/178
f 1336/193/179 1331/191/177 1335/190/176
f 1336/193/179 1332/182/168 1331/191/177
f 1326/189/175 1337/188/174 1336/193/179
f 1351/194/180 1347/195/181 1346/196/182
f 1353/197/183 1348/198/184 1347/195/181
f 1353/197/183 1352/199/185 1348/198/184
f 1355/200/186 1353/197/183 1351/194/180
f 1352/199/185 1358/201/187 1359/202/188
f 1352/199/185 1359/202/188 1349/203/189
f 1174/102/93 665/204/190 1705/205/191
f 1174/102/93 636/206/192 1669/207/193
f 21/69/66 752/208/194 1670/209/195
f 877/72/69 138/210/196 167/211/197
f 877/80/69 203/212/198 1609/213/199
f 1220/118/95 338/214/200 377/215/201
f 877/80/69 270/216/202 306/217/203
f 877/80/69 1220/118/95 1209/113/104
f 31/77/74 1209/113/104 1558/218/204
f 1030/84/79 26/75/72 772/74/71
f 1061/89/84 772/74/71 790/219/205
f 1154/97/90 790/220/205 942/82/78
f 1153/94/87 942/82/78 921/79/76
f 1152/95/88 921/79/76 899/76/73
f 1633/221/206 899/76/73 1683/78/75
f 1232/124/112 996/91/85 1078/222/91
f 1252/223/125 1078/222/91 1083/224/207
f 1252/138/125 1083/100/207 1159/93/86
f 1233/135/122 1159/93/86 1633/221/206
f 1241/127/115 1288/225/208 1289/226/209
f 1227/120/108 1241/127/115 1242/130/118
f 1230/121/109 1242/130/118 1243/143/129
f 1206/117/107 1243/143/129 1260/141/127
f 1205/114/105 1260/141/127 1258/134/121
f 1203/115/106 1258/134/121 1254/136/123
f 1619/227/210 1186/228/211 1012/229/212
f 1186/228/211 1360/230/213 1560/231/214
f 1058/232/215 1211/233/216 1049/234/217
f 1338/235/218 1232/124/112 1235/236/120
f 1316/192/178 1340/237/219 1346/196/182
f 1335/190/176 1346/196/182 1347/195/181
f 1336/193/179 1347/195/181 1348/198/184
f 1326/189/175 1348/198/184 1349/203/189
f 1325/185/171 1349/203/189 1359/202/188
f 1325/185/171 1359/202/188 1358/201/187
f 1358/201/187 1350/238/220 1345/239/221
f 1263/150/136 687/240/222 1673/241/223
f 1315/178/164 637/242/224 1708/243/225
f 734/244/226 721/245/227 1263/150/136
f 1268/145/131 134/246/228 1780/146/132
f 1775/247/229 1333/248/230 1781/181/167
f 1268/145/131 204/249/231 166/250/232
f 1333/248/230 1775/247/229 380/251/233
f 1268/145/131 269/252/234 241/253/235
f 1331/191/177 1268/145/131 1284/153/139
f 1329/254/236 1284/153/139 1559/255/237
f 1294/162/148 1338/235/218 1341/256/238
f 1304/257/239 1341/256/238 1752/258/240
f 1304/257/239 1752/258/240 1355/200/186
f 1309/173/159 1355/200/186 1351/194/180
f 1298/170/156 1351/194/180 1340/237/219
f 1293/158/144 1296/167/153 1305/165/151
f 1282/160/146 1305/165/151 1306/164/150
f 1280/156/142 1306/164/150 1314/174/160
f 1278/154/140 1314/174/160 1310/169/155
f 1559/255/237 1310/169/155 1636/171/157
f 1292/152/138 21/69/66 837/259/241
f 1266/159/145 837/260/241 26/75/72
f 996/91/85 1294/162/148 1299/168/154
f 1004/85/80 1299/168/154 1296/167/153
f 1263/150/136 1174/102/93 21/69/66
f 1233/135/122 31/77/74 1558/218/204
f 995/86/81 1266/159/145 26/75/72
f 996/91/85 1338/235/218 1294/162/148
f 1253/261/242 1249/262/243 1638/263/244
f 1298/170/156 1329/254/236 1559/255/237
f 1564/264/245 1246/265/246 1245/266/247
f 239/267/248 1566/268/249 1685/269/250
f 1639/270/251 1000/271/252 1686/272/253
f 761/273/254 1685/274/250 1640/275/255
f 1686/276/253 1057/277/256 1567/278/257
f 1567/278/257 994/279/258 1687/280/259
f 1714/281/260 1368/282/261 1647/283/262
f 829/284/263 1568/285/264 1575/286/265
f 1641/287/266 1133/288/267 1714/281/260
f 1642/31/268 1145/289/269 1641/287/266
f 875/290/270 1569/32/271 1568/285/264
f 875/291/270 1570/292/272 1569/293/271
f 1145/294/269 1643/295/273 1163/296/274
f 1017/297/275 1255/298/100 1257/299/276
f 1176/300/277 1739/301/278 1173/302/279
f 1262/303/101 1715/304/280 1438/305/281
f 1213/306/282 1437/307/283 1176/300/277
f 1226/308/284 1438/305/281 1645/309/285
f 880/310/286 1572/311/287 1202/312/288
f 1367/313/289 1716/314/290 1445/315/291
f 1574/316/292 1231/317/293 1573/318/294
f 1646/319/295 1246/265/246 1574/316/292
f 1281/320/296 1688/321/297 1716/314/290
f 1246/265/246 1646/319/295 1245/266/247
f 1279/322/298 1452/323/299 1290/324/300
f 1561/325/301 151/326/302 50/327/303
f 1017/297/275 1715/304/280 1255/298/100
f 1173/302/279 1566/268/249 151/326/302
f 1368/282/261 1445/315/291 1647/283/262
f 1375/328/304 1575/286/265 1573/318/294
f 11/329/305 453/330/306 111/331/307
f 11/329/305 111/331/307 1779/332/308
f 238/333/309 217/334/310 573/335/311
f 217/334/310 111/331/307 573/335/311
f 307/336/312 451/337/313 302/338/314
f 14/339/315 302/338/314 453/340/306
f 302/338/314 451/337/313 453/340/306
f 560/341/316 591/342/317 575/343/318
f 573/344/311 608/345/319 591/342/317
f 111/346/307 451/347/313 573/344/311
f 661/348/320 729/349/321 694/350/322
f 661/348/320 791/351/323 729/349/321
f 791/351/323 789/352/324 729/349/321
f 694/350/322 729/349/321 732/353/325
f 649/354/326 789/355/324 791/356/323
f 803/357/327 818/358/328 651/359/329
f 820/360/330 818/358/328 803/357/327
f 804/361/331 820/360/330 803/357/327
f 729/362/321 820/360/330 804/361/331
f 1768/363/332 866/364/333 484/365/334
f 839/366/335 867/367/336 886/368/337
f 852/369/338 858/370/339 851/371/340
f 853/372/341 866/373/333 858/370/339
f 855/374/342 867/375/336 853/372/341
f 876/376/343 886/377/337 1200/378/344
f 878/379/345 836/380/346 886/377/337
f 882/381/347 886/377/337 855/374/342
f 916/382/348 952/383/349 913/384/350
f 928/385/351 1576/386/352 913/384/350
f 913/384/350 952/383/349 928/385/351
f 953/387/353 916/388/348 1377/389/354
f 1376/390/355 1377/389/354 916/388/348
f 914/391/356 963/392/357 1649/393/358
f 961/394/359 968/395/360 914/391/356
f 1576/396/352 969/397/361 961/394/359
f 968/395/360 972/398/362 963/392/357
f 968/395/360 979/399/363 972/398/362
f 969/397/361 979/399/363 968/395/360
f 969/397/361 952/400/349 979/399/363
f 998/401/364 1725/402/365 1743/403/366
f 1007/404/367 1009/405/368 1025/406/369
f 1032/407/370 992/408/371 1031/409/372
f 1034/410/373 1009/405/368 1033/411/374
f 1035/412/375 1009/405/368 1034/410/373
f 1009/405/368 998/401/364 1043/413/376
f 1071/414/377 1009/405/368 1035/412/375
f 1093/415/378 1115/416/379 1109/417/380
f 1137/418/381 1138/419/382 1144/420/383
f 1137/418/381 1144/420/383 1094/421/384
f 1094/421/384 1144/420/383 1100/422/385
f 1144/420/383 1115/416/379 1100/422/385
f 1109/417/380 1131/423/386 1155/424/387
f 1157/425/388 1161/426/389 1156/427/390
f 1131/423/386 1144/420/383 1157/425/388
f 1144/420/383 1138/419/382 1161/426/389
f 1271/428/391 1169/429/392 1165/430/393
f 1171/431/394 618/432/395 1165/430/393
f 1165/430/393 1169/429/392 1172/433/396
f 1169/429/392 576/434/397 1172/433/396
f 576/434/397 1194/435/398 554/436/399
f 554/436/399 1194/435/398 1188/437/400
f 1177/438/401 1183/439/402 1170/440/403
f 1187/441/404 1193/442/405 1189/443/406
f 1188/437/400 1194/435/398 1187/441/404
f 1194/435/398 1195/444/407 1193/442/405
f 1199/445/408 1218/446/409 1207/447/410
f 1212/448/411 1217/449/412 1198/450/413
f 1214/451/414 1217/449/412 1212/448/411
f 1215/452/415 1218/446/409 1214/451/414
f 1312/453/416 1223/454/417 1311/455/418
f 1223/454/417 1224/456/419 1225/457/420
f 1225/457/420 1224/456/419 1215/452/415
f 11/329/305 689/458/421 1605/205/422
f 733/459/423 722/460/424 11/329/305
f 828/461/425 1703/206/426 1766/462/427
f 573/335/311 1726/210/428 238/333/309
f 573/335/311 1727/463/429 168/211/430
f 573/344/311 1691/216/431 1728/213/432
f 866/373/333 413/464/433 378/215/434
f 560/341/316 858/370/339 866/373/333
f 560/341/316 1648/465/435 858/370/339
f 14/339/315 648/466/436 302/338/314
f 302/338/314 694/350/322 307/336/312
f 307/220/312 732/467/325 608/345/319
f 804/361/331 591/342/317 608/345/319
f 803/357/327 575/343/318 591/342/317
f 802/468/437 17/469/438 575/343/318
f 649/354/326 937/470/439 760/224/440
f 760/471/440 937/472/439 818/358/328
f 914/391/356 651/359/329 818/358/328
f 944/473/441 1248/474/442 1563/475/443
f 944/473/441 882/381/347 951/476/444
f 951/476/444 855/374/342 947/477/445
f 947/477/445 853/372/341 979/399/363
f 852/369/338 972/398/362 979/399/363
f 851/371/340 963/392/357 972/398/362
f 851/371/340 1649/393/358 963/392/357
f 355/478/446 1370/479/447 151/480/302
f 610/481/448 1370/479/447 355/478/446
f 473/482/449 610/481/448 355/478/446
f 473/482/449 902/483/450 610/481/448
f 777/484/451 902/485/450 473/486/449
f 1207/447/410 916/382/348 913/384/350
f 1189/443/406 1212/448/411 1210/487/452
f 1193/442/405 1214/451/414 1212/448/411
f 1214/451/414 1180/488/453 1215/452/415
f 1215/452/415 1178/489/454 1225/457/420
f 1225/457/420 1177/438/401 1223/454/417
f 1165/430/393 666/490/455 683/241/456
f 1165/430/393 1602/242/457 1603/491/458
f 990/492/459 1701/493/460 1784/494/461
f 1717/495/462 1188/437/400 1764/496/463
f 998/401/364 136/246/464 169/250/465
f 1188/437/400 339/497/466 379/251/467
f 998/401/364 1599/249/468 240/253/233
f 1188/437/400 1043/413/376 998/401/364
f 1187/441/404 992/408/371 1043/413/376
f 1197/498/469 1109/417/380 1199/445/408
f 1199/445/408 1130/257/470 1740/258/471
f 1740/258/471 1130/257/470 1201/499/472
f 1201/499/472 1155/424/387 1217/449/412
f 1157/425/388 1198/450/413 1217/449/412
f 1094/421/384 993/500/473 1137/418/381
f 1137/418/381 1071/414/377 1138/419/382
f 1138/419/382 1035/412/375 1161/426/389
f 1033/411/374 1156/427/390 1161/426/389
f 1031/409/372 1754/501/474 1156/427/390
f 1025/406/369 453/340/306 11/502/305
f 1060/503/475 14/339/315 453/340/306
f 791/356/323 1100/422/385 1093/415/378
f 661/348/320 1094/421/384 1100/422/385
f 1165/430/393 11/329/305 828/461/425
f 651/359/329 1648/465/435 17/469/438
f 1094/421/384 14/339/315 993/500/473
f 913/384/350 1093/415/378 1197/498/469
f 1198/450/413 992/408/371 1166/504/476
f 63/505/477 19/506/478 15/507/479
f 65/508/480 25/509/481 19/506/478
f 1692/510/482 63/505/477 1577/511/483
f 97/512/484 28/513/485 25/509/481
f 97/512/484 87/514/486 28/513/485
f 105/515/487 65/508/480 63/505/477
f 133/516/488 87/514/486 97/512/484
f 124/517/489 97/512/484 65/508/480
f 1650/518/490 124/517/489 1692/510/482
f 162/519/491 164/520/492 124/517/489
f 304/521/493 284/522/494 299/523/495
f 296/524/496 295/525/497 304/521/493
f 87/526/486 299/523/495 29/527/498
f 133/528/488 296/524/496 304/521/493
f 394/529/499 398/530/500 374/531/501
f 401/532/502 1650/533/490 1755/534/503
f 407/535/504 397/536/505 394/529/499
f 409/537/506 400/538/507 398/530/500
f 445/539/508 401/532/502 409/537/506
f 162/540/491 176/541/509 445/539/508
f 442/542/510 407/535/504 1653/543/511
f 442/542/510 409/537/506 397/536/505
f 475/544/512 445/539/508 409/537/506
f 164/545/492 445/539/508 475/544/512
f 489/546/513 442/542/510 1653/543/511
f 489/546/513 475/544/512 442/542/510
f 133/547/488 475/544/512 296/548/496
f 574/549/514 1438/550/515 1435/551/516
f 574/549/514 571/552/517 590/553/518
f 593/554/519 562/555/520 551/556/521
f 590/553/518 562/555/520 593/554/519
f 609/557/522 590/553/518 607/558/523
f 685/559/524 589/560/525 609/557/522
f 611/561/526 607/558/523 593/554/519
f 617/562/527 607/558/523 718/563/528
f 634/564/529 635/565/530 1654/566/531
f 645/567/532 639/568/533 635/565/530
f 647/569/534 640/570/535 639/568/533
f 662/571/536 645/567/532 633/572/537
f 663/573/538 647/569/534 645/567/532
f 664/574/539 663/573/538 645/567/532
f 685/575/524 660/576/540 663/573/538
f 685/575/524 675/577/541 660/576/540
f 1443/578/542 589/579/525 1451/580/543
f 589/579/525 685/575/524 664/574/539
f 715/581/544 698/582/545 695/583/546
f 716/584/547 699/585/548 698/582/545
f 717/586/549 700/587/550 699/585/548
f 718/588/528 611/589/526 700/587/550
f 1756/590/551 715/581/544 1693/591/552
f 730/592/553 717/586/549 716/584/547
f 728/593/554 730/592/553 715/581/544
f 741/594/555 718/588/528 717/586/549
f 746/595/556 728/593/554 1756/590/551
f 747/596/557 741/594/555 730/592/553
f 749/597/558 747/596/557 728/593/554
f 747/596/557 749/597/558 640/598/535
f 1578/599/559 749/597/558 1579/600/560
f 675/601/541 747/596/557 660/602/540
f 784/603/561 785/604/562 774/605/563
f 788/606/564 786/607/565 785/604/562
f 788/606/564 787/608/566 786/607/565
f 792/609/567 784/603/561 783/610/568
f 794/611/569 788/606/564 784/603/561
f 796/612/570 793/613/571 788/606/564
f 799/614/572 794/611/569 792/609/567
f 799/614/572 798/615/573 794/611/569
f 800/616/574 797/617/575 796/612/570
f 801/618/576 798/615/573 799/614/572
f 834/619/577 819/620/578 800/616/574
f 807/621/579 805/622/580 1758/623/581
f 808/624/582 806/625/583 805/622/580
f 810/626/584 815/627/585 809/628/586
f 814/629/587 810/626/584 808/624/582
f 817/630/588 815/627/585 810/626/584
f 819/631/578 835/632/589 815/627/585
f 822/633/590 814/629/587 807/621/579
f 823/634/591 817/630/588 810/626/584
f 825/635/592 823/634/591 814/629/587
f 823/634/591 825/635/592 787/636/566
f 778/637/593 825/635/592 1580/638/594
f 797/639/575 823/634/591 793/640/571
f 798/641/573 801/642/576 831/643/595
f 831/643/595 1468/644/596 832/645/597
f 800/646/574 831/643/595 834/647/577
f 834/647/577 832/645/597 835/632/589
f 847/648/598 843/649/599 842/650/600
f 1581/651/601 846/652/602 838/653/603
f 850/654/604 847/648/598 846/652/602
f 856/655/605 848/656/606 844/657/607
f 854/658/608 856/655/605 847/648/598
f 857/659/609 854/658/608 1581/651/601
f 859/660/610 860/661/611 854/658/608
f 863/662/612 872/663/613 856/655/605
f 869/664/614 864/665/615 840/666/616
f 868/667/617 864/665/615 870/668/618
f 870/668/618 864/665/615 869/664/614
f 872/669/613 870/668/618 871/670/619
f 863/671/612 868/667/617 872/669/613
f 871/670/619 869/664/614 873/672/620
f 873/672/620 1436/673/621 1439/674/622
f 848/675/606 873/672/620 845/676/623
f 888/677/624 889/678/625 1718/679/626
f 890/680/627 857/681/609 885/682/628
f 891/683/629 888/677/624 887/684/630
f 892/685/631 889/678/625 888/677/624
f 893/686/632 884/687/633 889/678/625
f 894/688/634 892/685/631 888/677/624
f 895/689/635 890/680/627 893/686/632
f 859/690/610 862/691/636 895/689/635
f 898/692/637 893/686/632 892/685/631
f 900/693/638 895/689/635 893/686/632
f 860/694/611 895/689/635 900/693/638
f 901/695/639 898/692/637 894/688/634
f 903/696/640 900/693/638 898/692/637
f 868/667/617 863/671/612 903/696/640
f 865/697/641 868/667/617 901/695/639
f 908/698/642 909/699/643 1694/700/644
f 912/701/645 910/702/646 909/699/643
f 912/701/645 911/703/647 910/702/646
f 915/704/648 908/698/642 907/705/649
f 918/706/650 912/701/645 908/698/642
f 920/707/651 917/708/652 912/701/645
f 924/709/653 918/706/650 915/704/648
f 924/709/653 923/710/654 918/706/650
f 926/711/655 922/712/656 920/707/651
f 927/713/657 923/710/654 924/709/653
f 960/714/658 946/715/659 926/711/655
f 1695/716/660 929/717/661 1472/718/662
f 932/719/663 930/720/664 929/717/661
f 934/721/665 939/722/666 933/723/667
f 938/724/668 934/721/665 932/719/663
f 945/725/669 939/722/666 934/721/665
f 946/715/659 1583/726/670 939/722/666
f 948/727/671 938/724/668 1695/716/660
f 949/728/672 945/725/669 934/721/665
f 950/729/673 949/728/672 938/724/668
f 949/728/672 950/729/673 911/703/647
f 1582/730/674 950/729/673 1741/731/675
f 922/712/656 949/728/672 917/708/652
f 923/710/654 927/713/657 959/732/676
f 926/711/655 959/732/676 960/714/658
f 960/714/658 958/733/677 1583/726/670
f 976/734/678 971/735/679 967/736/680
f 1584/737/681 975/738/682 964/739/683
f 980/740/684 976/734/678 975/738/682
f 983/741/685 977/742/686 973/743/687
f 982/744/688 983/741/685 976/734/678
f 1656/745/689 982/744/688 1584/737/681
f 985/746/690 986/747/691 982/744/688
f 988/748/692 1006/749/693 983/741/685
f 1001/750/694 989/751/695 965/752/696
f 999/753/697 989/751/695 1002/754/698
f 1002/754/698 989/751/695 1001/750/694
f 1006/749/693 1002/754/698 1005/755/699
f 988/748/692 999/753/697 1006/749/693
f 1005/755/699 1001/750/694 1008/756/700
f 1008/756/700 1711/757/42 1402/758/47
f 977/742/686 1008/756/700 974/759/701
f 1014/760/702 1015/761/703 1719/762/704
f 1018/763/705 1656/745/689 1657/764/706
f 1019/765/707 1014/760/702 1013/766/708
f 1020/767/709 1015/761/703 1014/760/702
f 1021/768/710 1016/769/711 1015/761/703
f 1023/770/712 1020/767/709 1014/760/702
f 1024/771/713 1018/763/705 1021/768/710
f 985/746/690 987/772/714 1024/771/713
f 1026/773/715 1021/768/710 1020/767/709
f 1027/774/716 1024/771/713 1021/768/710
f 986/747/691 1024/771/713 1027/774/716
f 1028/775/717 1026/773/715 1023/770/712
f 1029/776/718 1027/774/716 1026/773/715
f 999/753/697 988/748/692 1029/776/718
f 991/777/719 999/753/697 1028/775/717
f 1044/778/720 1037/779/721 1036/780/722
f 1045/781/723 1038/782/724 1037/779/721
f 1585/783/725 1044/778/720 1041/784/726
f 1048/785/727 1039/786/728 1038/782/724
f 1048/785/727 1046/787/729 1039/786/728
f 1050/788/730 1045/781/723 1044/778/720
f 1052/789/731 1046/787/729 1048/785/727
f 1051/790/732 1048/785/727 1045/781/723
f 1586/791/733 1051/790/732 1585/783/725
f 1054/792/734 1055/793/735 1051/790/732
f 1067/794/736 1479/795/737 1066/796/738
f 1065/797/739 1064/798/740 1067/794/736
f 1046/787/729 1066/796/738 1040/799/741
f 1052/789/731 1065/797/739 1067/794/736
f 1072/800/742 1074/801/743 1769/802/744
f 1075/803/745 1586/791/733 1658/804/746
f 1588/805/747 1073/806/748 1072/800/742
f 1077/807/749 1070/808/750 1074/801/743
f 1081/809/751 1075/803/745 1077/807/749
f 1054/792/734 1056/810/752 1081/809/751
f 1080/811/753 1077/807/749 1073/806/748
f 1085/812/754 1081/809/751 1077/807/749
f 1055/793/735 1081/809/751 1085/812/754
f 1087/813/755 1080/811/753 1589/814/756
f 1087/813/755 1085/812/754 1080/811/753
f 1052/789/731 1085/812/754 1065/797/739
f 1099/815/757 1095/816/758 1590/817/759
f 1103/818/760 1101/819/761 1095/816/758
f 1104/820/762 1102/821/763 1101/819/761
f 1107/822/764 1103/818/760 1098/823/765
f 1108/824/766 1104/820/762 1103/818/760
f 1110/825/767 1108/824/766 1103/818/760
f 1112/826/768 1105/827/769 1108/824/766
f 1112/826/768 1111/828/770 1105/827/769
f 1110/825/767 1411/829/771 1113/830/772
f 1113/830/772 1112/826/768 1110/825/767
f 1122/831/773 1118/832/774 1117/833/775
f 1121/834/776 1122/831/773 1116/835/777
f 1125/836/778 1119/837/779 1118/832/774
f 1126/838/780 1123/839/781 1119/837/779
f 1127/840/782 1121/834/776 1659/841/783
f 1129/842/784 1125/836/778 1122/831/773
f 1128/843/785 1129/842/784 1121/834/776
f 1135/844/786 1128/843/785 1127/840/782
f 1136/845/787 1125/836/778 1129/842/784
f 1139/846/788 1136/845/787 1128/843/785
f 1111/828/770 1126/838/780 1125/836/778
f 1136/845/787 1139/846/788 1102/821/763
f 1660/847/789 1139/846/788 1140/848/790
f 1111/828/770 1136/845/787 1105/827/769
f 1143/849/791 1629/850/792 1401/851/793
f 1143/849/791 1142/852/794 1146/853/795
f 1147/854/796 1141/855/797 1092/856/798
f 1146/853/795 1141/855/797 1147/854/796
f 1150/857/799 1146/853/795 1149/858/800
f 1112/826/768 1113/830/772 1150/857/799
f 1120/859/801 1149/858/800 1147/854/796
f 1123/839/781 1149/858/800 1120/859/801
f 1134/860/802 1149/858/800 1123/839/781
f 91/861/803 1757/862/804 775/863/805
f 156/864/806 775/863/805 776/865/807
f 376/866/808 776/867/807 821/868/809
f 375/869/810 821/868/809 813/870/811
f 374/871/812 813/870/811 1758/872/813
f 551/556/521 1487/873/814 1591/874/815
f 700/587/550 1778/875/816 1491/876/817
f 700/587/550 1491/876/817 1492/877/818
f 699/585/548 1492/877/818 1494/878/819
f 698/582/545 1494/878/819 1592/879/820
f 695/583/546 1592/879/820 1661/880/821
f 849/881/822 555/882/823 631/883/824
f 861/884/825 631/883/824 632/885/826
f 883/886/827 632/887/826 731/888/828
f 881/889/829 731/888/828 719/890/830
f 841/891/831 719/890/830 556/892/832
f 1696/893/833 864/665/615 1697/894/834
f 1697/894/834 865/697/641 1500/895/835
f 1500/895/835 865/697/641 1502/896/836
f 1501/897/837 901/695/639 1503/898/838
f 1503/898/838 894/688/634 1742/899/839
f 1742/899/839 891/683/629 1507/900/840
f 783/610/568 1041/784/726 1036/780/722
f 792/609/567 1036/780/722 1037/779/721
f 792/609/567 1037/779/721 1038/782/724
f 799/614/572 1038/782/724 1039/786/728
f 799/614/572 1039/786/728 1040/799/741
f 826/901/841 1040/799/741 1066/796/738
f 826/901/841 1066/796/738 1479/795/737
f 826/901/841 1479/795/737 1468/644/596
f 1098/823/765 838/653/603 842/650/600
f 1387/902/842 1432/903/843 1423/904/844
f 1142/852/794 873/672/620 869/664/614
f 1141/855/797 869/664/614 840/666/616
f 1659/841/783 1722/905/845 1511/906/846
f 1116/835/777 1512/907/847 1722/905/845
f 1117/833/775 1593/908/848 1512/907/847
f 1118/832/774 1663/909/849 1593/908/848
f 1663/909/849 1119/837/779 1516/910/850
f 1092/856/798 1519/911/851 1723/912/852
f 1047/913/853 904/914/854 905/915/855
f 1053/916/856 905/915/855 906/917/857
f 1069/918/858 906/917/857 941/919/859
f 1068/920/860 941/919/859 931/921/861
f 1769/922/862 931/921/861 1472/923/863
f 978/924/864 1090/925/865 1096/926/866
f 984/927/867 1096/926/866 1097/928/868
f 1011/929/869 1097/928/868 1132/930/870
f 1010/931/871 1132/930/870 1124/932/872
f 966/933/873 1124/932/872 1091/934/874
f 989/751/695 1698/935/875 1521/936/876
f 989/751/695 1524/937/877 1698/935/875
f 991/777/719 1525/938/878 1524/937/877
f 991/777/719 1526/939/879 1525/938/878
f 1028/775/717 1526/939/879 991/777/719
f 1023/770/712 1527/940/880 1028/775/717
f 1019/765/707 1724/941/881 1023/770/712
f 1013/766/708 1530/942/882 1019/765/707
f 1530/942/882 1013/766/708 1770/943/883
f 907/705/649 1577/511/483 15/507/479
f 915/704/648 15/507/479 19/506/478
f 915/704/648 19/506/478 25/509/481
f 924/709/653 25/509/481 28/513/485
f 924/709/653 28/513/485 29/944/498
f 955/945/884 29/527/498 299/523/495
f 954/946/885 299/523/495 284/522/494
f 633/572/537 964/739/683 967/736/680
f 1626/947/886 1394/948/887 1429/949/888
f 1397/950/889 1424/951/890 1433/952/891
f 1385/953/892 1384/954/893 1567/955/894
f 571/552/517 1008/756/700 1001/750/694
f 562/555/520 1001/750/694 965/752/696
f 904/914/854 1757/862/804 10/956/895
f 556/892/832 1509/957/896 841/891/831
f 551/556/521 1521/936/876 1487/873/814
f 555/882/823 1090/925/865 970/958/897
f 1092/856/798 1721/959/898 1519/911/851
f 966/933/873 1511/906/899 1770/943/900
f 38/960/901 44/961/902 79/962/903
f 68/963/904 38/960/901 107/964/905
f 107/964/905 79/962/903 144/965/906
f 1598/966/907 107/964/905 170/967/908
f 170/967/908 144/965/906 213/968/909
f 202/969/910 170/967/908 243/970/911
f 271/971/912 243/970/911 272/972/913
f 1777/973/914 272/972/913 310/974/915
f 1777/973/914 341/975/916 339/976/466
f 339/976/466 382/977/917 411/978/918
f 382/977/917 423/979/919 419/980/920
f 411/978/918 419/980/920 1459/981/921
f 419/980/920 492/982/922 485/983/923
f 492/982/922 527/984/924 518/985/925
f 485/983/923 518/985/925 554/986/399
f 518/985/925 582/987/926 580/988/927
f 554/986/399 580/988/927 576/989/397
f 596/990/928 582/987/926 600/991/929
f 1172/992/396 580/988/927 596/990/928
f 619/993/930 600/991/929 625/994/931
f 618/995/395 596/990/928 619/993/930
f 596/990/928 618/995/395 1172/992/396
f 652/996/932 619/993/930 657/997/933
f 652/996/932 657/997/933 671/998/934
f 684/999/935 671/998/934 679/1000/936
f 684/999/937 692/1001/938 688/1002/939
f 692/1001/938 701/1003/940 709/1004/941
f 709/1004/941 701/1003/940 727/1005/942
f 727/1005/942 743/1006/943 737/1007/944
f 727/1005/942 737/1007/944 750/1008/945
f 737/1007/944 764/1009/946 762/1010/947
f 762/1010/947 764/1009/946 1003/1011/948
f 764/1009/946 44/1012/902 38/1013/901
f 79/962/903 1596/1014/949 1597/1015/950
f 79/962/903 1597/1015/950 101/1016/951
f 144/965/906 101/1016/951 161/1017/952
f 213/968/909 161/1017/952 219/1018/953
f 272/972/913 219/1018/953 251/1019/954
f 310/974/915 251/1019/954 547/1020/955
f 341/975/916 1700/1021/956 318/1022/957
f 382/977/917 318/1022/957 370/1023/958
f 423/979/919 370/1023/958 433/1024/959
f 492/982/922 433/1024/959 461/1025/960
f 527/984/924 461/1025/960 531/1026/961
f 582/987/926 531/1026/961 585/1027/962
f 600/991/929 585/1027/962 1600/1028/963
f 625/994/931 1600/1028/963 1601/1029/964
f 657/997/933 1601/1029/964 1665/1030/965
f 679/1000/936 1665/1030/965 1744/1031/966
f 692/1001/938 1744/1031/967 1666/1032/968
f 701/1003/940 1666/1032/968 513/1033/969
f 743/1006/943 513/1033/969 1745/1034/970
f 44/1012/902 1745/1034/970 1596/1035/949
f 47/961/971 71/1036/972 77/1037/973
f 37/1038/974 64/1039/975 71/1036/972
f 77/1037/973 139/1040/976 146/1041/977
f 71/1036/972 135/1042/978 139/1040/976
f 146/1041/977 208/1043/979 215/1044/980
f 139/1040/976 201/1045/981 208/1043/979
f 208/1043/979 1691/1046/431 273/1047/982
f 273/1047/982 305/1048/983 311/1049/984
f 344/1050/985 305/1048/983 1729/1051/986
f 381/1052/987 1729/1051/986 1667/1053/988
f 424/1054/989 381/1052/987 417/1055/990
f 417/1055/990 1667/1053/988 1458/1056/991
f 491/1057/992 417/1055/990 484/1058/334
f 525/1059/993 491/1057/992 521/1060/994
f 521/1060/994 484/1058/334 839/1061/335
f 581/1062/995 521/1060/994 578/1063/996
f 581/1062/995 597/1064/997 602/1065/998
f 578/1063/996 833/1066/999 597/1064/997
f 602/1065/998 622/1067/1000 624/1068/1001
f 597/1064/997 1766/1069/427 622/1067/1000
f 833/1066/999 1766/1069/427 597/1064/997
f 622/1067/1000 654/1070/1002 658/1071/1003
f 658/1071/1003 654/1070/1002 672/1072/1004
f 672/1072/1004 1604/999/1005 678/1073/1006
f 693/1074/1007 1604/999/1008 689/1002/1009
f 704/1075/1010 693/1074/1007 712/1004/1011
f 704/1075/1010 712/1004/1011 725/1005/1012
f 745/1076/1013 725/1005/1012 740/1077/1014
f 745/1076/1013 740/1077/1014 753/1078/1015
f 753/1078/1015 740/1077/1014 1607/1079/1016
f 753/1078/1015 1607/1079/1016 763/1080/1017
f 766/1081/1018 753/1078/1015 37/1082/974
f 37/1082/974 763/1080/1017 189/1083/1019
f 47/961/971 52/1084/1020 1668/1085/1021
f 77/1037/973 114/1086/1022 52/1084/1020
f 146/1041/977 184/1087/1023 114/1086/1022
f 215/1044/980 255/1088/1024 184/1087/1023
f 273/1047/982 1702/1089/1025 255/1088/1024
f 311/1090/984 321/1091/1026 1702/1092/1025
f 344/1050/985 353/1093/1027 321/1091/1026
f 424/1054/989 434/1094/1028 353/1093/1027
f 424/1054/989 465/1095/1029 434/1094/1028
f 525/1059/993 529/1096/1030 465/1095/1029
f 525/1059/993 586/1097/1031 529/1096/1030
f 581/1062/995 1730/1098/1032 586/1097/1031
f 602/1065/998 1731/1099/1033 1730/1098/1032
f 624/1068/1001 1747/1100/1034 1731/1099/1033
f 658/1071/1003 673/1101/1035 1747/1100/1034
f 1734/1102/1036 1606/1103/1037 1732/1101/1038
f 704/1075/1010 228/1104/1039 1606/1103/1037
f 704/1075/1010 1733/1105/1040 228/1104/1039
f 745/1076/1013 1668/1106/1021 1733/1105/1040
f 72/1107/1041 43/961/1042 76/1108/1043
f 66/1109/1044 35/1110/1045 72/1107/1041
f 142/1111/1046 76/1108/1043 145/965/1047
f 1748/1112/1048 72/1107/1041 142/1111/1046
f 206/1113/1049 145/965/1047 212/968/1050
f 242/1114/1051 142/1111/1046 206/1113/1049
f 270/1046/202 206/1113/1049 274/1115/1052
f 306/1116/203 274/1115/1052 1767/974/1053
f 306/1116/203 346/1117/1054 338/1051/200
f 338/1051/200 384/1118/1055 1735/1119/1056
f 384/1118/1055 427/979/1057 420/1120/1058
f 1735/1119/1056 420/1120/1058 1457/1121/1059
f 420/1120/1058 488/982/1060 483/1122/97
f 488/982/1060 524/984/1061 519/1123/1062
f 483/1122/97 519/1123/1062 553/1124/99
f 519/1123/1062 584/987/1063 579/1125/1064
f 595/1126/1065 584/987/1063 601/991/1066
f 1192/1127/1067 579/1125/1064 595/1126/1065
f 620/1128/1068 601/991/1066 626/994/1069
f 1772/1129/92 595/1126/1065 620/1128/1068
f 595/1126/1065 1772/1129/92 1192/1127/1067
f 653/996/1070 620/1128/1068 656/997/1071
f 653/996/1070 656/997/1071 670/998/1072
f 1749/999/1073 670/998/1072 1612/1000/1074
f 1749/999/1075 691/1001/1076 1773/1002/1077
f 691/1001/1076 703/1003/1078 711/1004/1079
f 711/1004/1079 703/1003/1078 724/1005/1080
f 724/1005/1080 742/1006/1081 738/1077/1082
f 738/1077/1082 742/1006/1081 754/1130/1083
f 738/1077/1082 754/1130/1083 752/1131/194
f 752/1131/194 754/1130/1083 1670/1132/195
f 754/1130/1083 765/1133/1084 35/1134/1045
f 1670/1132/195 35/1134/1045 612/1135/1085
f 76/1108/1043 1614/1014/1086 53/1136/1087
f 76/1108/1043 53/1136/1087 98/1137/1088
f 145/965/1047 98/1137/1088 160/1138/1089
f 212/968/1050 160/1138/1089 218/1018/1090
f 274/1115/1052 218/1018/1090 252/1019/1091
f 1767/974/1053 252/1019/1091 286/1020/1092
f 346/1117/1054 286/1021/1092 323/1022/1093
f 384/1118/1055 323/1022/1093 371/1023/1094
f 427/979/1057 371/1023/1094 431/1024/1095
f 488/982/1060 431/1024/1095 464/1025/1096
f 524/984/1061 464/1025/1096 530/1026/1097
f 584/987/1063 530/1026/1097 587/1027/1098
f 601/991/1066 587/1027/1098 1610/1028/1099
f 626/994/1069 1610/1028/1099 1611/1029/1100
f 656/997/1071 1611/1029/1100 643/1030/1101
f 1612/1000/1074 643/1030/1101 674/1031/1102
f 691/1001/1076 674/1031/1103 1750/1032/1104
f 703/1003/1078 1750/1032/1104 110/1033/1105
f 742/1006/1081 110/1033/1105 1613/1034/1106
f 765/1133/1084 1613/1034/1106 1614/1035/1086
f 45/961/1107 73/1139/1108 80/1037/1109
f 36/1038/1110 69/1140/1111 73/1139/1108
f 80/1037/1109 141/1040/1112 147/1041/1113
f 73/1139/1108 1706/966/1114 141/1040/1112
f 147/1041/1113 207/1043/1115 214/1044/1116
f 141/1040/1112 1707/1141/1117 207/1043/1115
f 207/1043/1115 269/1046/234 277/1047/1118
f 277/1047/1118 1684/1048/1119 303/1049/1120
f 342/1050/1121 1684/1048/1119 340/1051/1122
f 383/1052/1123 340/1051/1122 412/1142/1124
f 426/1054/1125 383/1052/1123 416/1143/1126
f 416/1143/1126 412/1142/1124 455/1144/1127
f 490/1057/1128 416/1143/1126 482/1145/1129
f 526/1059/1130 490/1057/1128 522/1146/1131
f 522/1146/1131 482/1145/1129 1323/1147/165
f 583/1062/1132 522/1146/1131 577/1148/1133
f 583/1062/1132 598/1149/1134 599/1065/1135
f 577/1148/1133 1321/1150/166 598/1149/1134
f 599/1065/1135 621/1151/1136 623/1068/1137
f 598/1149/1134 1708/1152/225 621/1151/1136
f 1321/1150/166 1708/1152/225 598/1149/1134
f 621/1151/1136 655/1153/1138 659/1071/1139
f 659/1071/1139 655/1153/1138 669/1072/1140
f 669/1072/1140 682/999/1141 1672/1073/1142
f 690/1074/1143 682/999/1144 687/1002/1145
f 702/1075/1146 690/1074/1143 710/1004/1147
f 702/1075/1146 710/1004/1147 726/1005/1148
f 744/1076/1149 726/1005/1148 739/1077/1150
f 744/1076/1149 739/1077/1150 755/1154/1151
f 755/1154/1151 739/1077/1150 751/1155/1152
f 755/1154/1151 751/1155/1152 1269/1156/1153
f 767/1081/1154 755/1154/1151 36/1157/1110
f 36/1157/1110 1269/1156/1153 1270/1158/1155
f 45/961/1107 100/1084/1156 1618/1085/1157
f 80/1037/1109 115/1086/1158 100/1084/1156
f 147/1041/1113 183/1087/1159 115/1086/1158
f 214/1044/1116 253/1088/1160 183/1087/1159
f 277/1047/1118 298/1089/1161 253/1088/1160
f 303/1090/1120 319/1091/1162 298/1092/1161
f 342/1050/1121 352/1093/1163 319/1091/1162
f 426/1054/1125 432/1094/1164 352/1093/1163
f 426/1054/1125 462/1095/1165 432/1094/1164
f 526/1059/1130 533/1096/1166 462/1095/1165
f 526/1059/1130 588/1097/1167 533/1096/1166
f 583/1062/1132 1783/1098/1168 588/1097/1167
f 599/1065/1135 1671/1099/1169 1783/1098/1168
f 623/1068/1137 1616/1100/1170 1671/1099/1169
f 659/1071/1139 676/1101/1171 1616/1100/1170
f 677/1102/1172 1709/1103/1173 361/1101/1174
f 702/1075/1146 366/1104/1175 1709/1103/1173
f 702/1075/1146 1617/1105/1176 366/1104/1175
f 744/1076/1149 1618/1106/1157 1617/1105/1176
f 16/1159/1177 54/1160/1178 7/1161/1179
f 18/1162/1180 13/1163/1181 1/1164/1182
f 16/1159/1177 7/1161/1179 20/1165/1183
f 23/1166/1184 18/1162/1180 27/1167/1185
f 20/1165/1183 23/1166/1184 61/1168/1186
f 39/1169/1187 30/1170/1188 2/1171/1189
f 41/1172/1190 32/1173/1191 30/1170/1188
f 42/1174/1192 33/1175/1193 46/1176/1194
f 48/1177/1195 41/1172/1190 39/1169/1187
f 46/1176/1194 41/1172/1190 49/1178/1196
f 74/1179/1197 42/1174/1192 22/1180/1198
f 49/1178/1196 48/1177/1195 54/1181/1178
f 22/1180/1198 49/1178/1196 16/1182/1177
f 57/1183/1199 55/1184/1200 4/1185/1201
f 58/1186/1202 56/1187/1203 57/1183/1199
f 59/1188/1204 27/1189/1185 56/1187/1203
f 62/1190/1205 59/1188/1204 58/1186/1202
f 67/1191/1206 58/1186/1202 60/1192/1207
f 70/1193/1208 62/1190/1205 58/1186/1202
f 74/1194/1197 61/1195/1186 62/1190/1205
f 75/1196/1209 70/1193/1208 67/1191/1206
f 78/1197/1210 74/1194/1197 70/1193/1208
f 34/1198/1211 78/1197/1210 75/1196/1209
f 89/1199/1212 86/1200/1213 85/1201/1214
f 90/1202/1215 84/1203/1216 81/1204/1217
f 93/1205/1218 90/1202/1215 88/1206/1219
f 89/1199/1212 85/1201/1214 92/1207/1220
f 94/1208/1221 92/1207/1220 90/1202/1215
f 95/1209/1222 94/1208/1221 93/1205/1218
f 96/1210/1223 94/1208/1221 99/1211/1224
f 119/1212/1225 89/1199/1212 102/1213/1226
f 102/1213/1226 96/1210/1223 104/1214/1227
f 104/1214/1227 99/1211/1224 103/1215/1228
f 140/1216/1229 104/1214/1227 127/1217/1230
f 108/1218/1231 714/1219/1232 696/1220/1233
f 117/1221/1234 112/1222/1235 108/1218/1231
f 137/1223/1236 116/1224/1237 1541/1225/1238
f 89/1226/1212 118/1227/1239 117/1221/1234
f 119/1228/1225 118/1227/1239 89/1226/1212
f 125/1229/1240 120/1230/1241 83/1231/1242
f 126/1232/1243 123/1233/1244 122/1234/1245
f 127/1235/1230 103/1236/1228 123/1233/1244
f 131/1237/1246 126/1232/1243 120/1230/1241
f 140/1238/1229 127/1235/1230 126/1232/1243
f 143/1239/1247 131/1237/1246 132/1240/1248
f 143/1239/1247 137/1241/1236 131/1237/1246
f 195/1242/1249 137/1241/1236 143/1239/1247
f 1542/1243/1250 137/1241/1236 195/1242/1249
f 119/1244/1225 102/1245/1226 137/1241/1236
f 154/1246/1251 152/1247/1252 159/1248/1253
f 157/1249/1254 154/1246/1251 159/1248/1253
f 165/1250/1255 157/1249/1254 163/1251/1256
f 163/1251/1256 159/1248/1253 192/1252/1257
f 177/1253/1258 171/1254/1259 12/1255/1260
f 178/1256/1261 172/1257/1262 171/1254/1259
f 179/1258/1263 173/1259/1264 172/1257/1262
f 180/1260/1265 174/1261/1266 173/1259/1264
f 181/1262/1267 175/1263/1268 174/1261/1266
f 186/1264/1269 179/1258/1263 178/1256/1261
f 186/1264/1269 180/1260/1265 179/1258/1263
f 187/1265/1270 181/1262/1267 180/1260/1265
f 188/1266/1271 187/1265/1270 186/1264/1269
f 155/1267/1272 188/1266/1271 185/1268/1273
f 157/1269/1254 165/1270/1255 188/1266/1271
f 198/1271/1274 190/1272/1275 153/1273/1276
f 200/1274/1277 198/1271/1274 196/1275/1278
f 205/1276/1279 191/1277/1280 199/1278/1281
f 163/1279/1256 192/1280/1257 205/1276/1279
f 209/1281/1282 199/1278/1281 198/1271/1274
f 210/1282/1283 209/1281/1282 200/1274/1277
f 211/1283/1284 209/1281/1282 216/1284/1285
f 163/1279/1256 205/1276/1279 165/1270/1255
f 165/1270/1255 211/1283/1284 182/1285/1286
f 182/1285/1286 216/1284/1285 175/1263/1268
f 187/1265/1270 182/1285/1286 181/1262/1267
f 227/1286/1287 259/1287/1288 223/1288/1289
f 1540/1289/1290 220/1290/1291 226/1291/1292
f 231/1292/1293 229/1293/1294 230/1294/1295
f 227/1286/1287 223/1288/1289 231/1292/1293
f 231/1292/1293 230/1294/1295 758/1295/1296
f 231/1292/1293 758/1295/1296 769/1296/1297
f 231/1292/1293 769/1296/1297 9/1297/1298
f 232/1298/1299 231/1292/1293 244/1299/1300
f 279/1300/1301 1746/1301/1302 130/1302/1303
f 244/1299/1300 237/1303/1304 279/1300/1301
f 249/1304/1305 245/1305/1306 221/1306/1307
f 250/1307/1308 246/1308/1309 245/1305/1306
f 254/1309/1310 247/1310/1311 256/1311/1312
f 257/1312/1313 250/1307/1308 249/1304/1305
f 256/1311/1312 250/1307/1308 258/1313/1314
f 287/1314/1315 254/1309/1310 232/1315/1299
f 258/1313/1314 257/1312/1313 259/1316/1288
f 232/1315/1299 258/1313/1314 227/1317/1287
f 265/1318/1316 260/1319/1317 222/1320/1318
f 266/1321/1319 262/1322/1320 261/1323/1321
f 193/1324/1322 234/1325/1323 262/1322/1320
f 275/1326/1324 268/1327/1325 265/1318/1316
f 278/1328/1326 262/1322/1320 266/1321/1319
f 279/1329/1301 193/1324/1322 262/1322/1320
f 280/1330/1327 266/1321/1319 268/1327/1325
f 287/1314/1315 279/1329/1301 278/1328/1326
f 288/1331/1328 280/1330/1327 282/1332/1329
f 289/1333/1330 287/1314/1315 280/1330/1327
f 248/1334/1331 289/1333/1330 288/1331/1328
f 293/1335/1332 291/1336/1333 301/1337/1334
f 297/1338/1335 293/1335/1332 301/1337/1334
f 309/1339/1336 297/1338/1335 308/1340/1337
f 308/1340/1337 301/1337/1334 336/1341/1338
f 320/1342/1339 313/1343/1340 312/1344/1341
f 322/1345/1342 314/1346/1343 313/1343/1340
f 324/1347/1344 315/1348/1345 314/1346/1343
f 325/1349/1346 316/1350/1347 315/1348/1345
f 326/1351/1348 317/1352/1349 316/1350/1347
f 329/1353/1350 324/1347/1344 322/1345/1342
f 329/1353/1350 325/1349/1346 324/1347/1344
f 330/1354/1351 326/1351/1348 325/1349/1346
f 331/1355/1352 330/1354/1351 329/1353/1350
f 294/1356/1353 331/1355/1352 328/1357/1354
f 297/1338/1335 309/1339/1336 331/1355/1352
f 343/1358/1355 332/1359/1356 292/1360/1357
f 347/1361/1358 343/1358/1355 337/1362/1359
f 348/1363/1360 335/1364/1361 345/1365/1362
f 308/1340/1337 336/1341/1338 348/1363/1360
f 349/1366/1363 345/1365/1362 343/1358/1355
f 350/1367/1364 349/1366/1363 347/1361/1358
f 351/1368/1365 349/1366/1363 354/1369/1366
f 308/1340/1337 348/1363/1360 309/1339/1336
f 309/1339/1336 351/1368/1365 327/1370/1367
f 327/1370/1367 354/1369/1366 317/1352/1349
f 330/1354/1351 327/1370/1367 326/1351/1348
f 365/1371/1368 399/1372/1369 359/1373/1370
f 1776/1374/1371 356/1375/1372 363/1376/1373
f 369/1377/1374 367/1378/1375 368/1379/1376
f 365/1371/1368 359/1373/1370 369/1377/1374
f 369/1377/1374 368/1379/1376 759/1380/1377
f 369/1377/1374 759/1380/1377 768/1381/1378
f 369/1377/1374 768/1381/1378 5/1382/1379
f 373/1383/1380 369/1377/1374 385/1384/1381
f 428/1385/1382 1615/1386/1383 128/1387/1384
f 385/1384/1381 51/1388/1385 428/1385/1382
f 390/1389/1386 386/1390/1387 357/1391/1388
f 391/1392/1389 387/1393/1390 386/1390/1387
f 392/1394/1391 388/1395/1392 393/1396/1393
f 395/1397/1394 391/1392/1389 390/1389/1386
f 393/1396/1393 391/1392/1389 396/1398/1395
f 435/1399/1396 392/1394/1391 373/1383/1380
f 396/1398/1395 395/1397/1394 399/1372/1369
f 373/1383/1380 396/1398/1395 365/1371/1368
f 410/1400/1397 404/1401/1398 358/1402/1399
f 414/1403/1400 406/1404/1401 405/1405/1402
f 406/1404/1401 194/1406/1403 235/1407/1404
f 422/1408/1405 421/1409/1406 410/1400/1397
f 425/1410/1407 406/1404/1401 414/1403/1400
f 428/1385/1382 194/1406/1403 406/1404/1401
f 429/1411/1408 414/1403/1400 421/1409/1406
f 435/1399/1396 428/1385/1382 425/1410/1407
f 436/1412/1409 429/1411/1408 430/1413/1410
f 437/1414/1411 435/1399/1396 429/1411/1408
f 389/1415/1412 437/1414/1411 436/1412/1409
f 444/1416/1413 474/1417/1414 441/1418/1415
f 446/1419/1416 443/1420/1417 438/1421/1418
f 444/1416/1413 441/1418/1415 450/1422/1419
f 454/1423/1420 446/1419/1416 457/1424/1421
f 450/1422/1419 454/1423/1420 496/1425/1422
f 466/1426/1423 458/1427/1424 439/1428/1425
f 467/1429/1426 459/1430/1427 458/1427/1424
f 468/1431/1428 460/1432/1429 469/1433/1430
f 470/1434/1431 467/1429/1426 466/1426/1423
f 469/1433/1430 467/1429/1426 471/1435/1432
f 504/1436/1433 468/1431/1428 452/1437/1434
f 471/1435/1432 470/1434/1431 474/1417/1414
f 452/1437/1434 471/1435/1432 444/1416/1413
f 487/1438/1435 480/1439/1436 440/1440/1437
f 493/1441/1438 481/1442/1439 487/1438/1435
f 494/1443/1440 457/1424/1421 481/1442/1439
f 497/1444/1441 494/1443/1440 493/1441/1438
f 502/1445/1442 493/1441/1438 495/1446/1443
f 503/1447/1444 497/1444/1441 493/1441/1438
f 504/1436/1433 496/1425/1422 497/1444/1441
f 505/1448/1445 503/1447/1444 502/1445/1442
f 506/1449/1446 504/1436/1433 503/1447/1444
f 463/1450/1447 506/1449/1446 505/1448/1445
f 511/1451/1448 713/1452/1449 697/1453/1450
f 516/1454/1451 514/1455/1452 511/1451/1448
f 544/1456/1453 129/1457/1454 1531/1458/1455
f 558/1459/1456 517/1460/1457 516/1454/1451
f 520/1461/1458 517/1460/1457 558/1459/1456
f 538/1462/1459 532/1463/1460 508/1464/1461
f 539/1465/1462 536/1466/1463 535/1467/1464
f 540/1468/1465 537/1469/1466 536/1466/1463
f 542/1470/1467 539/1465/1462 532/1463/1460
f 545/1471/1468 540/1468/1465 539/1465/1462
f 546/1472/1469 542/1470/1467 543/1473/1470
f 546/1472/1469 544/1456/1453 542/1470/1467
f 197/1474/1471 544/1456/1453 546/1472/1469
f 1532/1475/1472 544/1456/1453 197/1474/1471
f 520/1461/1458 528/1476/1473 544/1456/1453
f 558/1459/1456 552/1477/1474 550/1478/1475
f 559/1479/1476 549/1480/1477 509/1481/1478
f 563/1482/1479 559/1479/1476 557/1483/1480
f 558/1459/1456 550/1478/1475 561/1484/1481
f 568/1485/1482 561/1484/1481 559/1479/1476
f 569/1486/1483 568/1485/1482 563/1482/1479
f 570/1487/1484 568/1485/1482 572/1488/1485
f 520/1461/1458 558/1459/1456 528/1476/1473
f 528/1476/1473 570/1487/1484 541/1489/1486
f 541/1489/1486 572/1488/1485 537/1469/1466
f 545/1471/1468 541/1489/1486 540/1468/1465
f 152/1247/1252 827/1490/1487 1469/1491/1488
f 152/1247/1252 1470/1492/1489 827/1490/1487
f 154/1246/1251 832/1493/1490 1470/1492/1489
f 18/1162/1180 1461/1494/1491 276/1495/1492
f 1655/1496/1493 832/1493/1490 154/1246/1251
f 27/1167/1185 276/1495/1492 281/1497/1494
f 155/1267/1272 1467/1498/1495 816/1499/1496
f 185/1268/1273 811/1500/1497 812/1501/1498
f 185/1268/1273 1466/1502/1499 811/1500/1497
f 177/1253/1258 1465/1503/1500 1466/1502/1499
f 1462/1504/1501 1652/1505/1502 55/1184/1200
f 806/1506/1503 1465/1503/1500 177/1253/1258
f 1652/1505/1502 1651/1507/1504 55/1184/1200
f 1464/1508/1505 806/1506/1503 177/1253/1258
f 4/1185/1201 374/1509/812 1758/1510/813
f 88/1206/1219 2/1171/1189 30/1170/1188
f 93/1205/1218 30/1170/1188 32/1173/1191
f 95/1209/1222 32/1173/1191 33/1175/1193
f 103/1215/1228 33/1175/1193 34/1511/1211
f 123/1233/1244 34/1198/1211 75/1196/1209
f 122/1234/1245 75/1196/1209 67/1191/1206
f 121/1512/1506 67/1191/1206 60/1192/1207
f 120/1230/1241 60/1192/1207 57/1183/1199
f 83/1231/1242 57/1183/1199 4/1185/1201
f 1486/1513/1507 106/1514/1508 1488/1515/1509
f 1736/1516/1510 630/1517/1511 1488/1515/1509
f 1499/1518/1512 606/1519/1513 613/1520/1514
f 1778/1521/816 447/1522/1515 403/1523/1516
f 262/1322/1320 1501/1524/837 1662/1525/1517
f 1491/1526/817 143/1239/1247 1720/1527/1518
f 261/1323/1321 1662/1525/1517 1504/1528/1519
f 1720/1527/1518 132/1240/1248 1493/1529/1520
f 261/1323/1321 1504/1528/1519 1505/1530/1521
f 1493/1529/1520 132/1240/1248 1760/1531/1522
f 260/1319/1317 1505/1530/1521 1506/1532/1523
f 125/1229/1240 1760/1531/1522 132/1240/1248
f 260/1319/1317 1506/1532/1523 1508/1533/1524
f 83/1231/1242 1496/1534/1525 125/1229/1240
f 222/1320/1318 1508/1533/1524 1509/1535/896
f 196/1275/1278 221/1306/1307 245/1305/1306
f 200/1274/1277 245/1305/1306 246/1308/1309
f 210/1282/1283 246/1308/1309 247/1310/1311
f 175/1263/1268 247/1310/1311 248/1334/1331
f 174/1261/1266 248/1334/1331 288/1331/1328
f 173/1259/1264 288/1331/1328 282/1332/1329
f 172/1257/1262 282/1332/1329 275/1326/1324
f 171/1254/1259 275/1326/1324 265/1318/1316
f 12/1255/1260 265/1318/1316 222/1320/1318
f 152/1247/1252 438/1421/1418 441/1418/1415
f 192/1252/1257 441/1418/1415 474/1417/1414
f 191/1277/1280 474/1417/1414 470/1434/1431
f 190/1272/1275 470/1434/1431 466/1426/1423
f 153/1273/1276 466/1426/1423 439/1428/1425
f 516/1454/1451 220/1290/1291 223/1288/1289
f 552/1477/1474 223/1288/1289 259/1287/1288
f 550/1478/1475 259/1316/1288 257/1312/1313
f 549/1480/1477 257/1312/1313 249/1304/1305
f 509/1481/1478 249/1304/1305 221/1306/1307
f 487/1438/1435 508/1464/1461 532/1463/1460
f 495/1446/1443 532/1463/1460 534/1536/1526
f 502/1445/1442 534/1536/1526 535/1467/1464
f 505/1448/1445 535/1467/1464 536/1466/1463
f 463/1450/1447 536/1466/1463 537/1469/1466
f 460/1432/1429 537/1469/1466 572/1488/1485
f 460/1432/1429 572/1488/1485 569/1486/1483
f 459/1430/1427 569/1486/1483 563/1482/1479
f 458/1427/1424 563/1482/1479 557/1483/1480
f 439/1428/1425 557/1483/1480 509/1481/1478
f 291/1336/1333 956/1537/1527 1476/1538/1528
f 291/1336/1333 1477/1539/1529 956/1537/1527
f 293/1335/1332 1478/1540/1530 1477/1539/1529
f 1481/1541/1531 1482/1542/1532 446/1419/1416
f 457/1424/1421 1482/1542/1532 1587/1543/1533
f 294/1356/1353 1475/1544/1534 940/1545/1535
f 328/1357/1354 935/1546/1536 936/1547/1537
f 328/1357/1354 1474/1548/1538 935/1546/1536
f 320/1342/1339 1473/1549/1539 1474/1548/1538
f 930/1550/1540 1473/1549/1539 320/1342/1339
f 1471/1551/1541 930/1550/1540 320/1342/1339
f 440/1440/1437 1769/1552/862 1472/1553/863
f 510/1554/1542 1763/1555/1543 507/1556/1544
f 642/1557/1545 627/1558/1546 1518/1559/1547
f 1523/1560/1548 604/1561/1549 615/1562/1550
f 1516/1563/850 1765/1564/1551 402/1565/1552
f 406/1404/1401 1594/1566/1553 1595/1567/1554
f 1663/1568/849 546/1472/1469 1515/1569/1555
f 405/1405/1402 1595/1567/1554 1699/1570/1556
f 1515/1569/1555 543/1473/1470 1514/1571/1557
f 405/1405/1402 1699/1570/1556 1528/1572/1558
f 1514/1571/1557 543/1473/1470 1513/1573/1559
f 404/1401/1398 1528/1572/1558 1529/1574/1560
f 538/1462/1459 1513/1573/1559 543/1473/1470
f 404/1401/1398 1529/1574/1560 1762/1575/1561
f 508/1464/1461 1510/1576/1562 538/1462/1459
f 358/1402/1399 1762/1575/1561 1770/1577/900
f 337/1362/1359 357/1391/1388 386/1390/1387
f 347/1361/1358 386/1390/1387 387/1393/1390
f 350/1367/1364 387/1393/1390 388/1395/1392
f 317/1352/1349 388/1395/1392 389/1415/1412
f 316/1350/1347 389/1415/1412 436/1412/1409
f 315/1348/1345 436/1412/1409 430/1413/1410
f 314/1346/1343 430/1413/1410 422/1408/1405
f 313/1343/1340 422/1408/1405 410/1400/1397
f 312/1344/1341 410/1400/1397 358/1402/1399
f 291/1336/1333 1/1164/1182 7/1161/1179
f 336/1341/1338 7/1161/1179 54/1160/1178
f 335/1364/1361 54/1181/1178 48/1177/1195
f 332/1359/1356 48/1177/1195 39/1169/1187
f 292/1360/1357 39/1169/1187 2/1171/1189
f 117/1221/1234 356/1375/1372 359/1373/1370
f 86/1578/1213 359/1373/1370 399/1372/1369
f 85/1201/1214 399/1372/1369 395/1397/1394
f 84/1203/1216 395/1397/1394 390/1389/1386
f 81/1204/1217 390/1389/1386 357/1391/1388
f 152/1247/1252 1062/1579/1563 438/1421/1418
f 291/1336/1333 285/1580/1564 1/1164/1182
f 81/1204/1217 292/1360/1357 2/1171/1189
f 220/1290/1291 1763/1555/1543 1497/1581/1565
f 356/1375/1372 1486/1513/1507 1520/1582/1566
f 509/1481/1478 153/1273/1276 439/1428/1425
f 1549/1583/1567 1371/23/21 1079/29/27
f 1160/39/36 1082/1584/31 1168/37/34
f 1236/30/28 1361/25/23 1674/1585/1568
f 1106/65/62 1221/1586/1569 1297/63/60
f 1339/1587/1570 1621/10/10 1354/12/12
f 1179/6/6 1190/5/5 1622/14/14
f 364/2/2 1381/17/17 1551/13/13
f 638/16/16 1675/1588/19 1381/17/17
f 1181/1589/1571 1179/6/6 1623/15/15
f 1208/8/8 1181/1590/1571 1623/21/15
f 879/18/18 1383/1591/1572 1675/19/19
f 879/18/18 40/1592/1573 1383/1591/1572
f 40/1592/1573 1386/1593/1574 1383/1591/1572
f 1361/25/23 1236/30/28 1625/26/24
f 1677/22/20 1079/29/27 1371/23/21
f 1552/28/26 1082/33/31 1079/29/27
f 1236/30/28 1238/1594/32 1626/31/29
f 1082/1584/31 1553/293/30 1168/37/34
f 1238/34/32 1251/1595/1575 1627/35/33
f 1251/1595/1575 1234/40/37 1627/35/33
f 1554/38/35 997/1596/1576 1160/39/36
f 1620/7/7 1175/9/9 1234/40/37
f 1271/1597/391 1264/66/63 1555/47/44
f 1711/45/42 1319/43/40 1322/1598/163
f 1267/46/43 1271/1597/391 1555/47/44
f 1711/45/42 1322/1598/163 1318/49/46
f 1287/52/49 1267/46/43 1629/48/45
f 1318/49/46 1330/1599/1577 1556/51/48
f 1265/1600/1578 1287/52/49 1630/53/50
f 1556/51/48 1330/1599/1577 1317/1601/1579
f 1295/54/51 1301/1602/1580 1678/55/52
f 1631/59/56 1342/58/55 1363/67/64
f 1301/1602/1580 1303/60/57 1678/55/52
f 1632/57/54 1343/11/11 1342/58/55
f 1303/60/57 1221/1586/1569 1679/61/58
f 1106/65/62 1679/61/58 1221/1586/1569
f 1339/1587/1570 1354/12/12 1412/1603/1581
f 3/3/3 1551/13/13 1555/47/44
f 1190/5/5 1319/43/40 1628/44/41
f 1234/40/37 1175/9/9 1413/1604/1582
f 1413/1604/1582 1710/41/38 1234/40/37
f 40/1592/1573 997/1596/1576 1681/1605/1583
f 997/1596/1576 1554/38/35 1681/1605/1583
f 1681/1605/1583 1386/1593/1574 40/1592/1573
f 1371/23/21 1295/54/51 1557/56/53
f 1363/67/64 1361/25/23 1624/27/25
f 1297/63/60 1265/1600/1578 1682/1606/1584
f 1265/1600/1578 1630/53/50 1682/1606/1584
f 1682/1606/1584 1680/64/61 1297/63/60
f 1317/1601/1579 1339/1587/1570 1414/1607/1585
f 1339/1587/1570 1412/1603/1581 1414/1607/1585
f 1414/1607/1585 1556/51/48 1317/1601/1579
f 1608/1608/1586 21/69/66 781/1609/1587
f 21/69/66 1670/209/195 781/1609/1587
f 646/70/67 21/69/66 1608/1608/1586
f 650/68/65 837/259/241 21/69/66
f 824/73/70 790/219/205 772/74/71
f 837/260/241 824/73/70 26/75/72
f 650/1610/65 824/73/70 837/260/241
f 899/76/73 921/79/76 31/77/74
f 925/81/77 650/1611/65 877/80/69
f 790/220/205 824/83/70 942/82/78
f 824/83/70 650/1611/65 925/81/77
f 1059/90/83 1078/222/91 996/91/85
f 1059/90/83 1162/1612/89 1078/222/91
f 1633/221/206 1159/93/86 1152/95/88
f 1154/97/90 1063/99/82 1061/1613/84
f 1159/93/86 1162/96/89 1153/94/87
f 1162/96/89 1059/98/83 1154/97/90
f 1634/105/96 1220/104/95 1182/1614/1588
f 1174/102/93 1192/1615/1067 1185/103/94
f 553/108/99 1192/1615/1067 1174/102/93
f 1219/107/98 1220/104/95 483/106/97
f 1196/111/102 1174/102/93 1262/110/101
f 1228/112/103 553/108/99 1196/111/102
f 1558/218/204 1209/113/104 1203/115/106
f 1209/113/104 1206/117/107 1205/114/105
f 1219/116/98 1216/122/110 1206/117/107
f 1219/116/98 1228/119/103 1216/122/110
f 1635/1616/1589 1565/1617/1590 1227/120/108
f 1228/119/103 1635/1616/1589 1227/120/108
f 1228/119/103 1196/1618/102 1635/1616/1589
f 1237/123/111 1235/236/120 1232/124/112
f 1241/127/115 1289/226/209 1291/128/116
f 1244/129/117 1243/143/129 1242/130/118
f 1247/126/114 1242/130/118 1241/127/115
f 1365/131/119 1366/1619/1591 1247/126/114
f 1366/1619/1591 1367/1620/289 1235/133/120
f 1235/133/120 1247/126/114 1366/1619/1591
f 1237/132/111 1244/129/117 1247/126/114
f 1258/134/121 1250/139/126 1233/135/122
f 1258/134/121 1261/142/128 1250/139/126
f 1261/142/128 1259/137/124 1250/139/126
f 1259/137/124 1237/132/111 1240/140/113
f 1243/143/129 1244/129/117 1261/142/128
f 1244/129/117 1237/132/111 1259/137/124
f 1263/150/136 779/149/135 1269/1621/1153
f 1273/148/134 1272/147/133 779/149/135
f 1275/151/137 1268/145/131 1273/148/134
f 1559/255/237 1284/153/139 1277/155/141
f 1280/156/142 1286/157/143 1282/160/146
f 1302/161/147 1299/168/154 1294/162/148
f 1310/169/155 1308/175/161 1298/170/156
f 1308/175/161 1313/172/158 1309/173/159
f 1314/174/160 1313/172/158 1308/175/161
f 1306/164/150 1307/166/152 1313/172/158
f 1322/177/163 1319/1622/40 1315/178/164
f 1738/1623/1592 1315/178/164 1708/243/225
f 1738/1623/1592 1321/180/166 1315/178/164
f 1323/179/165 1320/176/162 1315/178/164
f 1332/182/168 1323/179/165 482/1624/1129
f 1781/181/167 1333/248/230 1332/182/168
f 1332/182/168 482/1624/1129 1324/183/169
f 1327/184/170 1326/189/175 1325/185/171
f 1320/176/162 1327/184/170 1328/187/173
f 1323/179/165 1327/184/170 1320/176/162
f 1316/192/178 1331/191/177 1329/254/236
f 1336/193/179 1337/188/174 1332/182/168
f 1337/188/174 1323/179/165 1332/182/168
f 1327/184/170 1323/179/165 1337/188/174
f 1344/1625/1593 1341/256/238 1338/235/218
f 1344/1625/1593 1355/200/186 1341/256/238
f 1340/237/219 1351/194/180 1346/196/182
f 1348/198/184 1352/199/185 1349/203/189
f 1351/194/180 1353/197/183 1347/195/181
f 1353/197/183 1344/1625/1593 1352/199/185
f 1355/200/186 1344/1625/1593 1353/197/183
f 1364/1626/1594 1357/1627/1595 1344/1625/1593
f 1344/1625/1593 1363/1628/64 1364/1626/1594
f 1356/1629/1596 1350/238/220 1358/201/187
f 1358/201/187 1357/1627/1595 1356/1629/1596
f 1344/1625/1593 1357/1627/1595 1358/201/187
f 1352/199/185 1344/1625/1593 1358/201/187
f 21/69/66 1174/102/93 1705/205/191
f 1773/458/1597 21/69/66 1705/205/191
f 1174/102/93 1669/207/193 665/204/190
f 1773/458/1597 708/1630/1598 21/69/66
f 736/459/1599 752/208/194 21/69/66
f 21/69/66 708/1630/1598 720/460/1600
f 720/460/1600 736/459/1599 21/69/66
f 1174/102/93 1772/101/92 636/206/192
f 877/72/69 681/71/68 138/210/196
f 167/211/197 203/463/198 877/72/69
f 1609/213/199 270/216/202 877/80/69
f 1220/118/95 306/217/203 338/214/200
f 377/215/201 415/1631/1601 1220/118/95
f 415/1631/1601 1182/1632/1588 1220/118/95
f 1220/118/95 877/80/69 306/217/203
f 31/77/74 877/80/69 1209/113/104
f 1030/84/79 995/86/81 26/75/72
f 1061/89/84 1030/84/79 772/74/71
f 1154/97/90 1061/1613/84 790/220/205
f 1153/94/87 1154/97/90 942/82/78
f 1152/95/88 1153/94/87 921/79/76
f 1633/221/206 1152/95/88 899/76/73
f 1252/223/125 1232/124/112 1078/222/91
f 1250/139/126 1252/138/125 1159/93/86
f 1233/135/122 1250/139/126 1159/93/86
f 1241/127/115 1227/120/108 1288/225/208
f 1227/120/108 1565/1617/1590 1288/225/208
f 1230/121/109 1227/120/108 1242/130/118
f 1206/117/107 1230/121/109 1243/143/129
f 1205/114/105 1206/117/107 1260/141/127
f 1203/115/106 1205/114/105 1258/134/121
f 1558/218/204 1203/115/106 1254/136/123
f 1315/178/164 1319/1622/40 1751/1633/39
f 1257/1634/276 1255/109/100 1174/102/93
f 1315/178/164 1751/1633/39 1190/1635/5
f 1257/1634/276 1174/102/93 1017/1636/275
f 1174/102/93 1315/178/164 1017/1636/275
f 1017/1636/275 1315/178/164 1190/1635/5
f 1022/1637/1602 1017/1636/275 1191/1638/4
f 1017/1636/275 1190/1635/5 1191/1638/4
f 1012/229/212 1022/1637/1602 1619/227/210
f 1022/1637/1602 1191/1638/4 1619/227/210
f 1560/231/214 1012/229/212 1186/228/211
f 1058/232/215 1560/1639/214 1360/1640/213
f 1360/1640/213 1211/233/216 1058/232/215
f 1211/233/216 1204/1641/1603 1049/234/217
f 1344/1625/1593 1338/235/218 1235/236/120
f 1235/133/120 1367/1620/289 1368/1642/261
f 1363/1628/64 1344/1625/1593 1361/1643/23
f 1344/1625/1593 1235/133/120 1361/1643/23
f 1361/1643/23 1235/133/120 1368/1642/261
f 1362/1644/1604 1361/1643/23 1368/1642/261
f 1362/1644/1604 1368/1642/261 1369/1645/1605
f 1148/1646/1606 1239/1647/1607 1362/1644/1604
f 1369/1645/1605 1148/1646/1606 1362/1644/1604
f 1148/1646/1606 1167/1648/1608 1239/1647/1607
f 1249/262/243 1239/1647/1607 1167/1648/1608
f 1167/1648/1608 1638/263/244 1249/262/243
f 1335/190/176 1316/192/178 1346/196/182
f 1336/193/179 1335/190/176 1347/195/181
f 1326/189/175 1336/193/179 1348/198/184
f 1325/185/171 1326/189/175 1349/203/189
f 1334/186/172 1325/185/171 1358/201/187
f 1334/186/172 1358/201/187 1345/239/221
f 1315/178/164 1263/150/136 1673/241/223
f 667/490/1609 1315/178/164 1673/241/223
f 1263/150/136 707/1649/1610 687/240/222
f 667/490/1609 1737/491/1611 1315/178/164
f 1315/178/164 1737/491/1611 637/242/224
f 721/245/227 707/1649/1610 1263/150/136
f 1263/150/136 751/1650/1152 734/244/226
f 1263/150/136 1269/1621/1153 751/1650/1152
f 166/250/232 134/246/228 1268/145/131
f 340/1651/1122 1684/1652/1119 1333/248/230
f 380/251/233 340/1651/1122 1333/248/230
f 241/253/235 204/249/231 1268/145/131
f 1684/1652/1119 269/252/234 1268/145/131
f 1268/145/131 1332/182/168 1684/1652/1119
f 1332/182/168 1333/248/230 1684/1652/1119
f 1331/191/177 1332/182/168 1268/145/131
f 1329/254/236 1331/191/177 1284/153/139
f 1300/163/149 1294/162/148 1341/256/238
f 1304/257/239 1300/163/149 1341/256/238
f 1309/173/159 1304/257/239 1355/200/186
f 1308/175/161 1309/173/159 1351/194/180
f 1298/170/156 1308/175/161 1351/194/180
f 1293/158/144 1266/159/145 1296/167/153
f 1282/160/146 1293/158/144 1305/165/151
f 1280/156/142 1282/160/146 1306/164/150
f 1278/154/140 1280/156/142 1314/174/160
f 1277/155/141 1278/154/140 1310/169/155
f 1559/255/237 1277/155/141 1310/169/155
f 1273/148/134 1263/150/136 21/69/66
f 1292/152/138 1273/148/134 21/69/66
f 1266/159/145 1292/152/138 837/260/241
f 1004/85/80 996/1653/85 1299/168/154
f 995/86/81 1004/85/80 1296/167/153
f 1263/150/136 1315/178/164 1174/102/93
f 1233/135/122 1633/221/206 31/77/74
f 995/86/81 1296/167/153 1266/159/145
f 996/91/85 1232/124/112 1338/235/218
f 1164/1654/1612 1049/234/217 1204/1641/1603
f 1164/1654/1612 1204/1641/1603 1253/261/242
f 1638/263/244 1164/1654/1612 1253/261/242
f 1298/170/156 1340/237/219 1329/254/236
f 1570/292/272 1637/1655/1613 830/1656/1614
f 1022/1657/1602 1000/271/252 1017/297/275
f 1176/300/277 1173/302/279 1562/1658/1615
f 1229/1659/1616 1564/264/245 1245/266/247
f 1281/320/296 1367/313/289 1366/1660/1591
f 1290/324/300 1283/1661/1617 1279/322/298
f 239/267/248 151/326/302 1566/268/249
f 1639/270/251 1017/297/275 1000/271/252
f 1686/272/253 1000/271/252 1057/1662/256
f 761/273/254 239/1663/248 1685/274/250
f 748/1664/1618 761/273/254 1640/275/255
f 1057/277/256 994/279/258 1567/278/257
f 24/1665/1619 748/1664/1618 1640/275/255
f 1714/281/260 1133/288/267 1368/282/261
f 829/284/263 874/1666/1620 1568/285/264
f 874/1666/1620 875/290/270 1568/285/264
f 1641/287/266 1145/289/269 1133/288/267
f 1145/294/269 1642/36/268 1643/295/273
f 875/291/270 981/1667/1621 1570/292/272
f 981/1667/1621 1637/1655/1613 1570/292/272
f 1163/296/274 1643/295/273 1644/1668/1622
f 1644/1668/1622 1114/1669/1623 1163/296/274
f 1570/292/272 830/1656/1614 1571/1670/1624
f 1262/303/101 1255/298/100 1715/304/280
f 1176/300/277 1437/307/283 1739/301/278
f 1226/308/284 1262/303/101 1438/305/281
f 1213/306/282 1442/1671/1625 1437/307/283
f 1274/1672/1626 1226/308/284 1645/309/285
f 1213/306/282 1202/312/288 1442/1671/1625
f 1202/312/288 1572/311/287 1442/1671/1625
f 1256/1673/1627 1274/1672/1626 1645/309/285
f 1573/318/294 1231/317/293 1375/328/304
f 1367/313/289 1281/320/296 1716/314/290
f 1574/316/292 1246/265/246 1231/317/293
f 1281/320/296 1283/1661/1617 1688/321/297
f 1290/324/300 1688/321/297 1283/1661/1617
f 1229/1659/1616 1245/266/247 1689/1674/1628
f 1561/325/301 1173/302/279 151/326/302
f 1017/297/275 1639/270/251 1715/304/280
f 1173/302/279 1739/301/278 1566/268/249
f 830/1656/1614 24/1665/1619 1454/1675/1629
f 24/1665/1619 1640/275/255 1454/1675/1629
f 1454/1675/1629 1571/1670/1624 830/1656/1614
f 994/279/258 1114/1669/1623 1453/1676/1630
f 1114/1669/1623 1644/1668/1622 1453/1676/1630
f 1453/1676/1630 1687/280/259 994/279/258
f 1368/282/261 1367/313/289 1445/315/291
f 1375/328/304 829/284/263 1575/286/265
f 1279/322/298 1256/1673/1627 1456/1677/1631
f 1256/1673/1627 1645/309/285 1456/1677/1631
f 1456/1677/1631 1452/323/299 1279/322/298
f 880/310/286 1229/1659/1616 1455/1678/1632
f 1229/1659/1616 1689/1674/1628 1455/1678/1632
f 1455/1678/1632 1572/311/287 880/310/286
f 780/1679/1633 763/1680/1017 11/329/305
f 11/329/305 1779/332/308 780/1679/1633
f 1779/332/308 111/331/307 217/334/310
f 453/340/306 451/337/313 111/1681/307
f 17/469/438 560/341/316 575/343/318
f 560/341/316 573/344/311 591/342/317
f 573/344/311 451/347/313 608/345/319
f 608/345/319 451/347/313 307/220/312
f 648/466/436 661/348/320 694/350/322
f 649/354/326 818/1682/328 789/355/324
f 802/468/437 803/357/327 651/359/329
f 732/467/325 729/362/321 804/361/331
f 729/362/321 789/1683/324 820/360/330
f 820/360/330 789/1683/324 818/358/328
f 1753/1684/1634 828/461/425 1766/462/427
f 866/364/333 1768/363/332 456/1685/1635
f 1753/1684/1634 833/1686/999 828/461/425
f 828/461/425 833/1686/999 836/1687/346
f 836/1687/346 833/1686/999 839/366/335
f 867/367/336 839/366/335 484/365/334
f 484/365/334 866/364/333 867/367/336
f 1374/1688/1636 1184/1689/1637 828/461/425
f 828/461/425 836/1687/346 1374/1688/1636
f 836/1687/346 839/366/335 886/368/337
f 851/371/340 858/370/339 1648/465/435
f 852/369/338 853/372/341 858/370/339
f 853/372/341 867/375/336 866/373/333
f 886/377/337 882/381/347 1200/378/344
f 876/376/343 878/379/345 886/377/337
f 855/374/342 886/377/337 867/375/336
f 1248/474/442 944/473/441 953/387/353
f 944/473/441 951/476/444 953/387/353
f 951/476/444 947/477/445 952/400/349
f 953/387/353 951/476/444 916/388/348
f 951/476/444 952/400/349 916/388/348
f 916/388/348 1375/1690/304 1376/390/355
f 914/391/356 968/395/360 963/392/357
f 961/394/359 969/397/361 968/395/360
f 1576/396/352 928/1691/351 969/397/361
f 928/1691/351 952/400/349 969/397/361
f 979/399/363 952/400/349 947/477/445
f 1784/494/461 782/1692/1638 990/492/459
f 1725/402/365 998/401/364 1007/404/367
f 782/1692/1638 1007/404/367 990/492/459
f 1007/404/367 998/401/364 1009/405/368
f 990/492/459 1007/404/367 1025/406/369
f 1032/407/370 1043/413/376 992/408/371
f 1032/407/370 1033/411/374 1043/413/376
f 1033/411/374 1009/405/368 1043/413/376
f 993/500/473 1060/503/475 1071/414/377
f 1060/503/475 1025/406/369 1009/405/368
f 1071/414/377 1060/503/475 1009/405/368
f 1093/415/378 1100/422/385 1115/416/379
f 1109/417/380 1115/416/379 1131/423/386
f 1754/501/474 1157/425/388 1156/427/390
f 1155/424/387 1131/423/386 1157/425/388
f 1157/425/388 1144/420/383 1161/426/389
f 1131/423/386 1115/416/379 1144/420/383
f 1165/430/393 1172/433/396 1171/431/394
f 1169/429/392 1170/440/403 576/434/397
f 576/434/397 1170/440/403 1194/435/398
f 1690/1693/1639 1188/437/400 1717/495/462
f 1690/1693/1639 554/436/399 1188/437/400
f 1178/489/454 1180/488/453 1183/439/402
f 1285/1694/1640 1276/1695/1641 1177/438/401
f 1177/438/401 1178/489/454 1183/439/402
f 1285/1694/1640 1177/438/401 1170/440/403
f 1170/440/403 1183/439/402 1194/435/398
f 1166/504/476 1187/441/404 1189/443/406
f 1187/441/404 1194/435/398 1193/442/405
f 1194/435/398 1183/439/402 1195/444/407
f 1195/444/407 1183/439/402 1180/488/453
f 1199/445/408 1207/447/410 1197/498/469
f 1199/445/408 1201/499/472 1218/446/409
f 1210/487/452 1212/448/411 1198/450/413
f 1214/451/414 1218/446/409 1217/449/412
f 1215/452/415 1224/456/419 1218/446/409
f 1217/449/412 1218/446/409 1201/499/472
f 1224/456/419 1207/447/410 1218/446/409
f 1373/1696/1642 1295/1697/51 1207/447/410
f 1373/1696/1642 1207/447/410 1222/1698/1643
f 1312/453/416 1222/1698/1643 1223/454/417
f 1223/454/417 1222/1698/1643 1224/456/419
f 1222/1698/1643 1207/447/410 1224/456/419
f 828/461/425 11/329/305 1605/205/422
f 668/204/1644 828/461/425 1605/205/422
f 11/329/305 705/1630/1645 689/458/421
f 668/204/1644 1704/207/1646 828/461/425
f 722/460/424 705/1630/1645 11/329/305
f 11/329/305 1607/1699/1016 733/459/423
f 828/461/425 1704/207/1646 1703/206/426
f 11/329/305 763/1680/1017 1607/1699/1016
f 168/211/430 1726/210/428 573/335/311
f 1728/213/432 1727/212/429 573/344/311
f 1729/214/986 305/217/983 866/373/333
f 866/373/333 456/1700/1635 413/464/433
f 378/215/434 1729/214/986 866/373/333
f 305/217/983 1691/216/431 573/344/311
f 573/344/311 866/373/333 305/217/983
f 866/373/333 573/344/311 560/341/316
f 560/341/316 17/469/438 1648/465/435
f 302/338/314 648/466/436 694/350/322
f 307/336/312 694/350/322 732/353/325
f 608/345/319 732/467/325 804/361/331
f 804/361/331 803/357/327 591/342/317
f 803/357/327 802/468/437 575/343/318
f 649/354/326 913/384/350 1576/386/352
f 649/354/326 1576/386/352 937/470/439
f 818/358/328 937/472/439 961/394/359
f 961/394/359 914/391/356 818/358/328
f 1200/378/344 944/473/441 1563/475/443
f 1200/378/344 882/381/347 944/473/441
f 951/476/444 882/381/347 855/374/342
f 947/477/445 855/374/342 853/372/341
f 979/399/363 853/372/341 852/369/338
f 852/369/338 851/371/340 972/398/362
f 851/371/340 1648/465/435 1649/393/358
f 828/461/425 1184/1689/1637 1561/1701/301
f 1264/1702/63 1271/428/391 1165/430/393
f 828/461/425 1561/1701/301 50/1703/303
f 1264/1702/63 1165/430/393 3/1704/3
f 1165/430/393 828/461/425 3/1704/3
f 3/1704/3 828/461/425 50/1703/303
f 283/1705/1 3/1704/3 50/1703/303
f 283/1705/1 50/1703/303 151/480/302
f 1370/479/447 283/1705/1 151/480/302
f 777/484/451 773/1706/1647 902/485/450
f 773/1706/1647 897/1707/1648 902/485/450
f 1197/498/469 1207/447/410 913/384/350
f 1207/447/410 1295/1697/51 1371/1708/21
f 829/1709/263 1375/1690/304 916/388/348
f 916/388/348 1207/447/410 1371/1708/21
f 916/388/348 1371/1708/21 829/1709/263
f 1371/1708/21 1372/1710/1649 829/1709/263
f 829/1709/263 1372/1710/1649 874/1711/1620
f 1089/1712/1650 896/1713/1651 1372/1710/1649
f 896/1713/1651 874/1711/1620 1372/1710/1649
f 957/1714/1652 896/1713/1651 1158/1715/1653
f 896/1713/1651 1089/1712/1650 1158/1715/1653
f 1166/504/476 1189/443/406 1210/487/452
f 1189/443/406 1193/442/405 1212/448/411
f 1193/442/405 1195/444/407 1214/451/414
f 1195/444/407 1180/488/453 1214/451/414
f 1215/452/415 1180/488/453 1178/489/454
f 1225/457/420 1178/489/454 1177/438/401
f 1223/454/417 1177/438/401 1550/1716/1654
f 1177/438/401 1276/1695/1641 1550/1716/1654
f 1550/1716/1654 1311/455/418 1223/454/417
f 990/492/459 1165/430/393 683/241/456
f 688/240/1655 990/492/459 683/241/456
f 1165/430/393 1603/491/458 666/490/455
f 688/240/1655 706/1649/1656 990/492/459
f 1165/430/393 618/432/395 1602/242/457
f 735/244/1657 1701/493/460 990/492/459
f 990/492/459 706/1649/1656 723/245/1658
f 723/245/1658 735/244/1657 990/492/459
f 998/401/364 1743/403/366 136/246/464
f 169/250/465 1599/249/468 998/401/364
f 379/251/467 1764/496/463 1188/437/400
f 271/1717/912 1777/1718/914 998/401/364
f 240/253/233 271/1717/912 998/401/364
f 1777/1718/914 339/497/466 1188/437/400
f 1188/437/400 998/401/364 1777/1718/914
f 1188/437/400 1187/441/404 1043/413/376
f 1187/441/404 1166/504/476 992/408/371
f 1093/415/378 1109/417/380 1197/498/469
f 1199/445/408 1109/417/380 1130/257/470
f 1201/499/472 1130/257/470 1155/424/387
f 1155/424/387 1157/425/388 1217/449/412
f 1157/425/388 1754/501/474 1198/450/413
f 1137/418/381 993/500/473 1071/414/377
f 1138/419/382 1071/414/377 1035/412/375
f 1161/426/389 1035/412/375 1034/410/373
f 1161/426/389 1034/410/373 1033/411/374
f 1033/411/374 1032/407/370 1156/427/390
f 1032/407/370 1031/409/372 1156/427/390
f 990/492/459 1025/406/369 11/329/305
f 1025/406/369 1060/503/475 453/340/306
f 1060/503/475 993/500/473 14/339/315
f 649/354/326 791/356/323 1093/415/378
f 791/351/323 661/348/320 1100/422/385
f 661/348/320 648/466/436 1094/421/384
f 1165/430/393 990/492/459 11/329/305
f 651/359/329 914/391/356 1648/465/435
f 1094/421/384 648/466/436 14/339/315
f 913/384/350 649/354/326 1093/415/378
f 943/1719/1659 957/1714/1652 1158/1715/1653
f 943/1719/1659 1158/1715/1653 1151/1720/1660
f 897/1707/1648 773/1706/1647 943/1719/1659
f 1151/1720/1660 897/1707/1648 943/1719/1659
f 1198/450/413 1754/501/474 992/408/371
f 1577/511/483 63/505/477 15/507/479
f 63/505/477 65/508/480 19/506/478
f 28/513/485 87/514/486 29/944/498
f 65/508/480 97/512/484 25/509/481
f 1692/510/482 105/515/487 63/505/477
f 105/515/487 124/517/489 65/508/480
f 1692/510/482 124/517/489 105/515/487
f 133/516/488 304/1721/493 87/514/486
f 124/517/489 164/520/492 97/512/484
f 164/520/492 133/516/488 97/512/484
f 1650/518/490 176/1722/509 124/517/489
f 176/1722/509 162/519/491 124/517/489
f 296/524/496 489/1723/513 295/525/497
f 304/521/493 295/525/497 284/522/494
f 87/526/486 304/521/493 299/523/495
f 394/529/499 397/536/505 398/530/500
f 400/538/507 401/532/502 1755/534/503
f 401/532/502 176/541/509 1650/533/490
f 397/536/505 409/537/506 398/530/500
f 409/537/506 401/532/502 400/538/507
f 407/535/504 442/542/510 397/536/505
f 445/539/508 176/541/509 401/532/502
f 442/542/510 475/544/512 409/537/506
f 164/545/492 162/540/491 445/539/508
f 489/546/513 296/548/496 475/544/512
f 133/547/488 164/545/492 475/544/512
f 1434/1724/1661 574/549/514 1435/551/516
f 574/549/514 1441/1725/1662 1438/550/515
f 1441/1725/1662 574/549/514 589/560/525
f 590/553/518 571/552/517 562/555/520
f 589/560/525 574/549/514 590/553/518
f 607/558/523 590/553/518 593/554/519
f 609/557/522 589/560/525 590/553/518
f 617/562/527 609/557/522 607/558/523
f 617/562/527 685/559/524 609/557/522
f 718/563/528 607/558/523 611/561/526
f 633/572/537 634/564/529 1654/566/531
f 639/568/533 640/570/535 1578/1726/559
f 634/564/529 645/567/532 635/565/530
f 645/567/532 647/569/534 639/568/533
f 633/572/537 1445/1727/291 1447/1728/1663
f 633/572/537 645/567/532 634/564/529
f 647/569/534 660/576/540 640/570/535
f 633/572/537 1447/1728/1663 1449/1729/1664
f 1449/1729/1664 662/571/536 633/572/537
f 663/573/538 660/576/540 647/569/534
f 662/571/536 664/574/539 645/567/532
f 1451/580/543 664/574/539 662/571/536
f 1451/580/543 589/579/525 664/574/539
f 664/574/539 685/575/524 663/573/538
f 685/575/524 617/1730/527 675/577/541
f 1443/578/542 1441/1731/1662 589/579/525
f 1693/591/552 715/581/544 695/583/546
f 715/581/544 716/584/547 698/582/545
f 716/584/547 717/586/549 699/585/548
f 717/586/549 718/588/528 700/587/550
f 1756/590/551 728/593/554 715/581/544
f 715/581/544 730/592/553 716/584/547
f 730/592/553 741/594/555 717/586/549
f 741/594/555 617/1732/527 718/588/528
f 728/593/554 747/596/557 730/592/553
f 746/595/556 749/597/558 728/593/554
f 747/596/557 675/601/541 741/594/555
f 675/601/541 617/1732/527 741/594/555
f 1579/600/560 749/597/558 746/595/556
f 1578/599/559 640/598/535 749/597/558
f 660/602/540 747/596/557 640/598/535
f 783/610/568 784/603/561 774/605/563
f 786/607/565 787/608/566 778/1733/593
f 784/603/561 788/606/564 785/604/562
f 788/606/564 793/613/571 787/608/566
f 792/609/567 794/611/569 784/603/561
f 794/611/569 795/1734/1665 788/606/564
f 795/1734/1665 796/612/570 788/606/564
f 796/612/570 797/617/575 793/613/571
f 794/611/569 798/615/573 795/1734/1665
f 798/615/573 796/612/570 795/1734/1665
f 798/615/573 800/616/574 796/612/570
f 800/616/574 819/620/578 797/617/575
f 807/621/579 808/624/582 805/622/580
f 806/625/583 808/624/582 809/628/586
f 807/621/579 814/629/587 808/624/582
f 808/624/582 810/626/584 809/628/586
f 817/630/588 819/631/578 815/627/585
f 814/629/587 823/634/591 810/626/584
f 822/633/590 825/635/592 814/629/587
f 823/634/591 797/639/575 817/630/588
f 797/639/575 819/631/578 817/630/588
f 1580/638/594 825/635/592 822/633/590
f 778/637/593 787/636/566 825/635/592
f 793/640/571 823/634/591 787/636/566
f 831/643/595 826/901/841 1468/644/596
f 831/643/595 801/642/576 826/901/841
f 834/647/577 831/643/595 832/645/597
f 800/646/574 798/641/573 831/643/595
f 819/631/578 834/647/577 835/632/589
f 1448/1735/1666 1446/1736/1667 842/650/600
f 842/650/600 843/649/599 1448/1735/1666
f 843/649/599 844/657/607 1450/1737/1668
f 844/657/607 845/1738/623 1450/1737/1668
f 838/653/603 846/652/602 842/650/600
f 846/652/602 847/648/598 842/650/600
f 847/648/598 844/657/607 843/649/599
f 844/657/607 848/656/606 845/1738/623
f 1581/651/601 850/654/604 846/652/602
f 850/654/604 854/658/608 847/648/598
f 847/648/598 856/655/605 844/657/607
f 1581/651/601 854/658/608 850/654/604
f 856/655/605 872/663/613 848/656/606
f 854/658/608 860/661/611 856/655/605
f 857/659/609 862/1739/636 854/658/608
f 862/1739/636 859/660/610 854/658/608
f 860/661/611 863/662/612 856/655/605
f 868/667/617 865/697/641 864/665/615
f 871/670/619 870/668/618 869/664/614
f 872/669/613 868/667/617 870/668/618
f 1439/674/622 1440/1740/1669 873/672/620
f 873/672/620 1739/1741/1670 1436/673/621
f 873/672/620 1440/1740/1669 845/676/623
f 848/675/606 871/670/619 873/672/620
f 848/675/606 872/669/613 871/670/619
f 887/684/630 888/677/624 1718/679/626
f 884/687/633 890/680/627 885/682/628
f 890/680/627 862/691/636 857/681/609
f 892/685/631 893/686/632 889/678/625
f 893/686/632 890/680/627 884/687/633
f 891/683/629 894/688/634 888/677/624
f 895/689/635 862/691/636 890/680/627
f 894/688/634 898/692/637 892/685/631
f 898/692/637 900/693/638 893/686/632
f 860/694/611 859/690/610 895/689/635
f 901/695/639 903/696/640 898/692/637
f 903/696/640 863/671/612 900/693/638
f 863/671/612 860/694/611 900/693/638
f 901/695/639 868/667/617 903/696/640
f 907/705/649 908/698/642 1694/700/644
f 910/702/646 911/703/647 1582/730/674
f 908/698/642 912/701/645 909/699/643
f 912/701/645 917/708/652 911/703/647
f 915/704/648 918/706/650 908/698/642
f 918/706/650 919/1742/1671 912/701/645
f 919/1742/1671 920/707/651 912/701/645
f 920/707/651 922/712/656 917/708/652
f 918/706/650 923/710/654 919/1742/1671
f 923/710/654 920/707/651 919/1742/1671
f 923/710/654 926/711/655 920/707/651
f 926/711/655 946/715/659 922/712/656
f 1695/716/660 932/719/663 929/717/661
f 930/720/664 932/719/663 933/723/667
f 1695/716/660 938/724/668 932/719/663
f 932/719/663 934/721/665 933/723/667
f 945/725/669 946/715/659 939/722/666
f 938/724/668 949/728/672 934/721/665
f 948/727/671 950/729/673 938/724/668
f 949/728/672 922/712/656 945/725/669
f 922/712/656 946/715/659 945/725/669
f 1741/731/675 950/729/673 948/727/671
f 1582/730/674 911/703/647 950/729/673
f 917/708/652 949/728/672 911/703/647
f 958/733/677 955/945/884 954/946/885
f 959/732/676 955/945/884 958/733/677
f 959/732/676 927/713/657 955/945/884
f 960/714/658 959/732/676 958/733/677
f 926/711/655 923/710/654 959/732/676
f 946/715/659 960/714/658 1583/726/670
f 1409/1743/1672 1407/1744/1673 967/736/680
f 967/736/680 971/735/679 1409/1743/1672
f 971/735/679 973/743/687 1713/1745/1674
f 973/743/687 974/759/701 1713/1745/1674
f 964/739/683 975/738/682 967/736/680
f 975/738/682 976/734/678 967/736/680
f 976/734/678 973/743/687 971/735/679
f 973/743/687 977/742/686 974/759/701
f 1584/737/681 980/740/684 975/738/682
f 980/740/684 982/744/688 976/734/678
f 976/734/678 983/741/685 973/743/687
f 1584/737/681 982/744/688 980/740/684
f 983/741/685 1006/749/693 977/742/686
f 982/744/688 986/747/691 983/741/685
f 1656/745/689 987/772/714 982/744/688
f 987/772/714 985/746/690 982/744/688
f 986/747/691 988/748/692 983/741/685
f 999/753/697 991/777/719 989/751/695
f 1005/755/699 1002/754/698 1001/750/694
f 1006/749/693 999/753/697 1002/754/698
f 1008/756/700 1400/1746/1675 1711/757/42
f 1402/758/47 1403/1747/1676 1008/756/700
f 1008/756/700 1403/1747/1676 974/759/701
f 977/742/686 1005/755/699 1008/756/700
f 977/742/686 1006/749/693 1005/755/699
f 1013/766/708 1014/760/702 1719/762/704
f 1016/769/711 1018/763/705 1657/764/706
f 1018/763/705 987/772/714 1656/745/689
f 1020/767/709 1021/768/710 1015/761/703
f 1021/768/710 1018/763/705 1016/769/711
f 1019/765/707 1023/770/712 1014/760/702
f 1024/771/713 987/772/714 1018/763/705
f 1023/770/712 1026/773/715 1020/767/709
f 1026/773/715 1027/774/716 1021/768/710
f 986/747/691 985/746/690 1024/771/713
f 1028/775/717 1029/776/718 1026/773/715
f 1029/776/718 988/748/692 1027/774/716
f 988/748/692 986/747/691 1027/774/716
f 1028/775/717 999/753/697 1029/776/718
f 1041/784/726 1044/778/720 1036/780/722
f 1044/778/720 1045/781/723 1037/779/721
f 1039/786/728 1046/787/729 1040/799/741
f 1045/781/723 1048/785/727 1038/782/724
f 1585/783/725 1050/788/730 1044/778/720
f 1050/788/730 1051/790/732 1045/781/723
f 1585/783/725 1051/790/732 1050/788/730
f 1052/789/731 1067/794/736 1046/787/729
f 1051/790/732 1055/793/735 1048/785/727
f 1055/793/735 1052/789/731 1048/785/727
f 1586/791/733 1056/810/752 1051/790/732
f 1056/810/752 1054/792/734 1051/790/732
f 1065/797/739 1087/813/755 1064/798/740
f 1067/794/736 1064/798/740 1479/795/737
f 1046/787/729 1067/794/736 1066/796/738
f 1072/800/742 1073/806/748 1074/801/743
f 1070/808/750 1075/803/745 1658/804/746
f 1075/803/745 1056/810/752 1586/791/733
f 1073/806/748 1077/807/749 1074/801/743
f 1077/807/749 1075/803/745 1070/808/750
f 1588/805/747 1080/811/753 1073/806/748
f 1081/809/751 1056/810/752 1075/803/745
f 1588/805/747 1589/814/756 1080/811/753
f 1080/811/753 1085/812/754 1077/807/749
f 1055/793/735 1054/792/734 1081/809/751
f 1087/813/755 1065/797/739 1085/812/754
f 1052/789/731 1055/793/735 1085/812/754
f 1098/823/765 1099/815/757 1590/817/759
f 1101/819/761 1102/821/763 1660/847/789
f 1099/815/757 1103/818/760 1095/816/758
f 1103/818/760 1104/820/762 1101/819/761
f 1098/823/765 1557/1748/53 1408/1749/1677
f 1098/823/765 1103/818/760 1099/815/757
f 1104/820/762 1105/827/769 1102/821/763
f 1098/823/765 1408/1749/1677 1410/1750/1678
f 1410/1750/1678 1107/822/764 1098/823/765
f 1108/824/766 1105/827/769 1104/820/762
f 1107/822/764 1110/825/767 1103/818/760
f 1411/829/771 1110/825/767 1107/822/764
f 1110/825/767 1112/826/768 1108/824/766
f 1112/826/768 1134/860/802 1111/828/770
f 1113/830/772 1411/829/771 1405/1751/1679
f 1405/1751/1679 1404/1752/1680 1113/830/772
f 1659/841/783 1121/834/776 1116/835/777
f 1116/835/777 1122/831/773 1117/833/775
f 1119/837/779 1123/839/781 1120/859/801
f 1122/831/773 1125/836/778 1118/832/774
f 1125/836/778 1126/838/780 1119/837/779
f 1127/840/782 1128/843/785 1121/834/776
f 1121/834/776 1129/842/784 1122/831/773
f 1126/838/780 1134/860/802 1123/839/781
f 1128/843/785 1136/845/787 1129/842/784
f 1135/844/786 1139/846/788 1128/843/785
f 1136/845/787 1111/828/770 1125/836/778
f 1111/828/770 1134/860/802 1126/838/780
f 1140/848/790 1139/846/788 1135/844/786
f 1660/847/789 1102/821/763 1139/846/788
f 1105/827/769 1136/845/787 1102/821/763
f 1399/1753/1681 1143/849/791 1401/851/793
f 1143/849/791 1404/1752/1680 1629/850/792
f 1404/1752/1680 1143/849/791 1113/830/772
f 1146/853/795 1142/852/794 1141/855/797
f 1113/830/772 1143/849/791 1146/853/795
f 1149/858/800 1146/853/795 1147/854/796
f 1150/857/799 1113/830/772 1146/853/795
f 1134/860/802 1150/857/799 1149/858/800
f 1134/860/802 1112/826/768 1150/857/799
f 91/861/803 10/956/895 1757/862/804
f 156/864/806 91/861/803 775/863/805
f 376/866/808 156/1754/806 776/867/807
f 375/869/810 376/866/808 821/868/809
f 374/871/812 375/869/810 813/870/811
f 593/554/519 551/556/521 1591/874/815
f 1489/1755/1682 593/554/519 1591/874/815
f 611/561/526 593/554/519 1489/1755/1682
f 1490/1756/1683 611/561/526 1489/1755/1682
f 1778/1757/816 611/561/526 1490/1756/1683
f 700/587/550 611/589/526 1778/875/816
f 699/585/548 700/587/550 1492/877/818
f 698/582/545 699/585/548 1494/878/819
f 695/583/546 698/582/545 1592/879/820
f 849/881/822 1759/1758/1684 555/882/823
f 861/884/825 849/881/822 631/883/824
f 883/886/827 861/1759/825 632/887/826
f 881/889/829 883/886/827 731/888/828
f 841/891/831 881/889/829 719/890/830
f 1696/893/833 1721/959/898 864/665/615
f 1721/959/898 840/666/616 864/665/615
f 1697/894/834 864/665/615 865/697/641
f 1502/896/836 865/697/641 901/695/639
f 901/695/639 1501/897/837 1502/896/836
f 1503/898/838 901/695/639 894/688/634
f 1742/899/839 894/688/634 891/683/629
f 1507/900/840 891/683/629 887/684/630
f 887/684/630 1509/957/1685 1507/900/840
f 783/610/568 774/605/563 1041/784/726
f 792/609/567 783/610/568 1036/780/722
f 799/614/572 792/609/567 1038/782/724
f 801/618/576 799/614/572 1040/799/741
f 826/901/841 801/642/576 1040/799/741
f 1098/823/765 1590/817/759 838/653/603
f 842/650/600 1446/1736/1667 1444/1760/1686
f 842/650/600 1444/1760/1686 1575/1761/1687
f 1557/1748/53 1098/823/765 1676/1762/22
f 1098/823/765 842/650/600 1676/1762/22
f 1676/1762/22 842/650/600 1575/1761/1687
f 1390/1763/1688 1676/1762/22 1575/1761/1687
f 1390/1763/1688 1575/1761/1687 1426/1764/1689
f 1426/1764/1689 1392/1765/1690 1390/1763/1688
f 1569/1766/1691 1428/1767/1692 1393/1768/1693
f 1569/1766/1691 1393/1768/1693 1392/1765/1690
f 1426/1764/1689 1569/1766/1691 1392/1765/1690
f 1428/1767/1692 1430/1769/1694 1395/1770/1695
f 1428/1767/1692 1395/1770/1695 1393/1768/1693
f 1432/903/843 1398/1771/1696 1395/1770/1695
f 1430/1769/1694 1432/903/843 1395/1770/1695
f 1387/902/842 1398/1771/1696 1432/903/843
f 1423/904/844 1422/1772/1697 1383/1773/1572
f 1423/904/844 1383/1773/1572 1387/902/842
f 1143/849/791 1399/1753/1681 1378/1774/1698
f 1739/1741/1670 873/672/620 1415/1775/1699
f 873/672/620 1143/849/791 1415/1775/1699
f 1415/1775/1699 1143/849/791 1378/1774/1698
f 1417/1776/1700 1415/1775/1699 1378/1774/1698
f 1417/1776/1700 1378/1774/1698 1381/1777/17
f 1418/1778/1701 1417/1776/1700 1381/1777/17
f 1418/1778/1701 1381/1777/17 1675/1779/19
f 1421/1780/1702 1418/1778/1701 1675/1779/19
f 1422/1781/1697 1421/1780/1702 1675/1779/19
f 1422/1781/1697 1675/1779/19 1383/1782/1572
f 1142/852/794 1143/849/791 873/672/620
f 1141/855/797 1142/852/794 869/664/614
f 1092/856/798 1141/855/797 840/666/616
f 1659/841/783 1116/835/777 1722/905/845
f 1116/835/777 1117/833/775 1512/907/847
f 1117/833/775 1118/832/774 1593/908/848
f 1118/832/774 1119/837/779 1663/909/849
f 1119/837/779 1120/859/801 1516/910/850
f 1516/910/850 1120/859/801 1664/1783/1703
f 1664/1783/1703 1120/859/801 1517/1784/1704
f 1120/859/801 1147/854/796 1517/1784/1704
f 1517/1784/1704 1147/854/796 1723/912/852
f 1147/854/796 1092/856/798 1723/912/852
f 1047/913/853 1042/1785/1705 904/914/854
f 1053/916/856 1047/913/853 905/915/855
f 1069/918/858 1053/916/856 906/917/857
f 1068/920/860 1069/918/858 941/919/859
f 1769/922/862 1068/920/860 931/921/861
f 978/924/864 970/958/897 1090/925/865
f 984/927/867 978/924/864 1096/926/866
f 1011/929/869 984/927/867 1097/928/868
f 1010/931/871 1011/929/869 1132/930/870
f 966/933/873 1010/931/871 1124/932/872
f 1521/936/876 965/752/696 989/751/695
f 1524/937/877 989/751/695 991/777/719
f 1028/775/717 1594/1786/1553 1526/939/879
f 1028/775/717 1527/940/880 1594/1786/1553
f 1023/770/712 1724/941/881 1527/940/880
f 1019/765/707 1530/942/882 1724/941/881
f 907/705/649 1694/700/644 1577/511/483
f 915/704/648 907/705/649 15/507/479
f 924/709/653 915/704/648 25/509/481
f 927/713/657 924/709/653 29/944/498
f 955/945/884 927/713/657 29/527/498
f 954/946/885 955/945/884 299/523/495
f 633/572/537 1654/566/531 964/739/683
f 967/736/680 1407/1744/1673 1406/1787/1706
f 967/736/680 1406/1787/1706 1388/1788/1707
f 1445/1727/291 633/572/537 1647/1789/262
f 633/572/537 967/736/680 1647/1789/262
f 1647/1789/262 967/736/680 1388/1788/1707
f 1647/1789/262 1388/1788/1707 1389/1790/1708
f 1425/1791/1709 1647/1789/262 1389/1790/1708
f 1425/1791/1709 1389/1790/1708 1391/1792/1710
f 1391/1792/1710 1427/1793/1711 1425/1791/1709
f 1427/1793/1711 1391/1792/1710 1626/947/886
f 1429/949/888 1427/1793/1711 1626/947/886
f 1431/1794/1712 1429/949/888 1394/948/887
f 1431/1794/1712 1394/948/887 1396/1795/1713
f 1431/1794/1712 1396/1795/1713 1397/950/889
f 1433/952/891 1431/1794/1712 1397/950/889
f 1397/950/889 1385/953/892 1424/951/890
f 1567/955/894 1424/951/890 1385/953/892
f 574/549/514 1434/1724/1661 1416/1796/1714
f 1400/1746/1675 1008/756/700 1379/1797/1715
f 1008/756/700 574/549/514 1379/1797/1715
f 1379/1797/1715 574/549/514 1416/1796/1714
f 1380/1798/1716 1379/1797/1715 1416/1796/1714
f 1380/1798/1716 1416/1796/1714 1419/1799/1717
f 1382/1800/1718 1380/1798/1716 1419/1799/1717
f 1382/1800/1718 1419/1799/1717 1420/1801/1719
f 1384/1802/893 1382/1800/1718 1420/1801/1719
f 1384/1802/893 1420/1801/1719 1567/1803/894
f 571/552/517 574/549/514 1008/756/700
f 562/555/520 571/552/517 1001/750/694
f 551/556/521 562/555/520 965/752/696
f 904/914/854 1042/1785/1705 1757/862/804
f 556/892/832 1661/880/1720 1509/957/896
f 1509/957/896 1661/880/1720 12/1804/1260
f 551/556/521 965/752/696 1521/936/876
f 555/882/823 1759/1758/1684 1090/925/865
f 1092/856/798 840/666/616 1721/959/898
f 966/933/873 1091/934/874 1511/906/899
f 1770/943/900 1511/906/899 312/1805/1341
f 68/963/904 1003/1806/948 38/960/901
f 107/964/905 38/960/901 79/962/903
f 1598/966/907 68/963/904 107/964/905
f 170/967/908 107/964/905 144/965/906
f 202/969/910 1598/966/907 170/967/908
f 243/970/911 170/967/908 213/968/909
f 272/972/913 243/970/911 213/968/909
f 271/971/912 202/969/910 243/970/911
f 1777/973/914 271/971/912 272/972/913
f 1777/973/914 310/1807/915 341/975/916
f 339/976/466 341/975/916 382/977/917
f 411/978/918 382/977/917 419/980/920
f 419/980/920 423/979/919 492/982/922
f 1459/981/921 419/980/920 485/983/923
f 485/983/923 492/982/922 518/985/925
f 518/985/925 527/984/924 582/987/926
f 554/986/399 518/985/925 580/988/927
f 596/990/928 580/988/927 582/987/926
f 1172/992/396 576/989/397 580/988/927
f 619/993/930 596/990/928 600/991/929
f 1602/1808/457 618/995/395 619/993/930
f 657/997/933 619/993/930 625/994/931
f 652/996/932 1602/1808/457 619/993/930
f 684/999/935 652/996/932 671/998/934
f 684/999/937 686/1809/1721 692/1001/938
f 688/1002/939 692/1001/938 709/1004/941
f 727/1005/942 701/1003/940 743/1006/943
f 737/1007/944 743/1006/943 764/1009/946
f 750/1008/945 737/1007/944 762/1010/947
f 1003/1011/948 764/1009/946 38/1013/901
f 79/962/903 44/961/902 1596/1014/949
f 144/965/906 79/962/903 101/1016/951
f 213/968/909 144/965/906 161/1017/952
f 272/972/913 213/968/909 219/1018/953
f 310/974/915 272/972/913 251/1019/954
f 341/975/916 310/1807/915 1700/1021/956
f 382/977/917 341/975/916 318/1022/957
f 423/979/919 382/977/917 370/1023/958
f 492/982/922 423/979/919 433/1024/959
f 527/984/924 492/982/922 461/1025/960
f 582/987/926 527/984/924 531/1026/961
f 600/991/929 582/987/926 585/1027/962
f 625/994/931 600/991/929 1600/1028/963
f 657/997/933 625/994/931 1601/1029/964
f 671/998/934 657/997/933 1665/1030/965
f 679/1000/936 671/998/934 1665/1030/965
f 692/1001/938 686/1809/1721 1744/1031/967
f 701/1003/940 692/1001/938 1666/1032/968
f 743/1006/943 701/1003/940 513/1033/969
f 764/1009/946 743/1006/943 1745/1034/970
f 44/1012/902 764/1009/946 1745/1034/970
f 47/961/971 37/1038/974 71/1036/972
f 37/1038/974 189/1806/1019 64/1039/975
f 77/1037/973 71/1036/972 139/1040/976
f 71/1036/972 64/1039/975 135/1042/978
f 146/1041/977 139/1040/976 208/1043/979
f 139/1040/976 135/1042/978 201/1045/981
f 215/1044/980 208/1043/979 273/1047/982
f 208/1043/979 201/1045/981 1691/1046/431
f 273/1047/982 1691/1046/431 305/1048/983
f 344/1050/985 311/1090/984 305/1048/983
f 381/1052/987 344/1050/985 1729/1051/986
f 417/1055/990 381/1052/987 1667/1053/988
f 491/1057/992 424/1054/989 417/1055/990
f 484/1058/334 417/1055/990 1458/1056/991
f 521/1060/994 491/1057/992 484/1058/334
f 581/1062/995 525/1059/993 521/1060/994
f 578/1063/996 521/1060/994 839/1061/335
f 581/1062/995 578/1063/996 597/1064/997
f 578/1063/996 839/1061/335 833/1066/999
f 602/1065/998 597/1064/997 622/1067/1000
f 622/1067/1000 1766/1069/427 1703/1808/426
f 624/1068/1001 622/1067/1000 658/1071/1003
f 622/1067/1000 1703/1808/426 654/1070/1002
f 672/1072/1004 654/1070/1002 1604/999/1005
f 693/1074/1007 1734/1102/1036 1604/999/1008
f 712/1004/1011 693/1074/1007 689/1002/1009
f 745/1076/1013 704/1075/1010 725/1005/1012
f 766/1081/1018 745/1076/1013 753/1078/1015
f 37/1082/974 753/1078/1015 763/1080/1017
f 47/1810/971 766/1081/1018 37/1082/974
f 47/961/971 77/1037/973 52/1084/1020
f 766/1081/1018 47/1810/971 1668/1106/1021
f 77/1037/973 146/1041/977 114/1086/1022
f 146/1041/977 215/1044/980 184/1087/1023
f 215/1044/980 273/1047/982 255/1088/1024
f 273/1047/982 311/1049/984 1702/1089/1025
f 311/1090/984 344/1050/985 321/1091/1026
f 344/1050/985 381/1052/987 353/1093/1027
f 381/1052/987 424/1054/989 353/1093/1027
f 424/1054/989 491/1057/992 465/1095/1029
f 491/1057/992 525/1059/993 465/1095/1029
f 525/1059/993 581/1062/995 586/1097/1031
f 581/1062/995 602/1065/998 1730/1098/1032
f 602/1065/998 624/1068/1001 1731/1099/1033
f 624/1068/1001 658/1071/1003 1747/1100/1034
f 658/1071/1003 672/1072/1004 673/1101/1035
f 672/1072/1004 678/1073/1006 673/1101/1035
f 1734/1102/1036 693/1074/1007 1606/1103/1037
f 693/1074/1007 704/1075/1010 1606/1103/1037
f 704/1075/1010 745/1076/1013 1733/1105/1040
f 745/1076/1013 766/1081/1018 1668/1106/1021
f 72/1107/1041 35/1110/1045 43/961/1042
f 66/1109/1044 612/1811/1085 35/1110/1045
f 142/1111/1046 72/1107/1041 76/1108/1043
f 1748/1112/1048 66/1109/1044 72/1107/1041
f 206/1113/1049 142/1111/1046 145/965/1047
f 242/1114/1051 1748/1112/1048 142/1111/1046
f 274/1115/1052 206/1113/1049 212/968/1050
f 270/1046/202 242/1114/1051 206/1113/1049
f 306/1116/203 270/1046/202 274/1115/1052
f 306/1116/203 1767/1807/1053 346/1117/1054
f 338/1051/200 346/1117/1054 384/1118/1055
f 1735/1119/1056 384/1118/1055 420/1120/1058
f 420/1120/1058 427/979/1057 488/982/1060
f 1457/1121/1059 420/1120/1058 483/1122/97
f 483/1122/97 488/982/1060 519/1123/1062
f 519/1123/1062 524/984/1061 584/987/1063
f 553/1124/99 519/1123/1062 579/1125/1064
f 595/1126/1065 579/1125/1064 584/987/1063
f 1192/1127/1067 553/1124/99 579/1125/1064
f 620/1128/1068 595/1126/1065 601/991/1066
f 636/1808/192 1772/1129/92 620/1128/1068
f 656/997/1071 620/1128/1068 626/994/1069
f 653/996/1070 636/1808/192 620/1128/1068
f 1749/999/1073 653/996/1070 670/998/1072
f 1749/999/1075 680/1809/1722 691/1001/1076
f 1773/1002/1077 691/1001/1076 711/1004/1079
f 724/1005/1080 703/1003/1078 742/1006/1081
f 754/1130/1083 742/1006/1081 765/1133/1084
f 1670/1132/195 754/1130/1083 35/1134/1045
f 35/1134/1045 765/1133/1084 43/1810/1042
f 76/1108/1043 43/961/1042 1614/1014/1086
f 43/1810/1042 765/1133/1084 1614/1035/1086
f 145/965/1047 76/1108/1043 98/1137/1088
f 212/968/1050 145/965/1047 160/1138/1089
f 274/1115/1052 212/968/1050 218/1018/1090
f 1767/974/1053 274/1115/1052 252/1019/1091
f 346/1117/1054 1767/1807/1053 286/1021/1092
f 384/1118/1055 346/1117/1054 323/1022/1093
f 427/979/1057 384/1118/1055 371/1023/1094
f 488/982/1060 427/979/1057 431/1024/1095
f 524/984/1061 488/982/1060 464/1025/1096
f 584/987/1063 524/984/1061 530/1026/1097
f 601/991/1066 584/987/1063 587/1027/1098
f 626/994/1069 601/991/1066 1610/1028/1099
f 656/997/1071 626/994/1069 1611/1029/1100
f 670/998/1072 656/997/1071 643/1030/1101
f 1612/1000/1074 670/998/1072 643/1030/1101
f 691/1001/1076 680/1809/1722 674/1031/1103
f 703/1003/1078 691/1001/1076 1750/1032/1104
f 742/1006/1081 703/1003/1078 110/1033/1105
f 765/1133/1084 742/1006/1081 1613/1034/1106
f 45/961/1107 36/1038/1110 73/1139/1108
f 36/1038/1110 1270/1811/1155 69/1140/1111
f 80/1037/1109 73/1139/1108 141/1040/1112
f 73/1139/1108 69/1140/1111 1706/966/1114
f 147/1041/1113 141/1040/1112 207/1043/1115
f 141/1040/1112 1706/966/1114 1707/1141/1117
f 214/1044/1116 207/1043/1115 277/1047/1118
f 207/1043/1115 1707/1141/1117 269/1046/234
f 277/1047/1118 269/1046/234 1684/1048/1119
f 342/1050/1121 303/1090/1120 1684/1048/1119
f 383/1052/1123 342/1050/1121 340/1051/1122
f 416/1143/1126 383/1052/1123 412/1142/1124
f 490/1057/1128 426/1054/1125 416/1143/1126
f 482/1145/1129 416/1143/1126 455/1144/1127
f 522/1146/1131 490/1057/1128 482/1145/1129
f 583/1062/1132 526/1059/1130 522/1146/1131
f 577/1148/1133 522/1146/1131 1323/1147/165
f 583/1062/1132 577/1148/1133 598/1149/1134
f 577/1148/1133 1323/1147/165 1321/1150/166
f 599/1065/1135 598/1149/1134 621/1151/1136
f 621/1151/1136 1708/1152/225 637/1808/224
f 623/1068/1137 621/1151/1136 659/1071/1139
f 621/1151/1136 637/1808/224 655/1153/1138
f 669/1072/1140 655/1153/1138 682/999/1141
f 690/1074/1143 677/1102/1172 682/999/1144
f 710/1004/1147 690/1074/1143 687/1002/1145
f 744/1076/1149 702/1075/1146 726/1005/1148
f 767/1081/1154 744/1076/1149 755/1154/1151
f 36/1157/1110 755/1154/1151 1269/1156/1153
f 45/1810/1107 767/1081/1154 36/1157/1110
f 45/961/1107 80/1037/1109 100/1084/1156
f 767/1081/1154 45/1810/1107 1618/1106/1157
f 80/1037/1109 147/1041/1113 115/1086/1158
f 147/1041/1113 214/1044/1116 183/1087/1159
f 214/1044/1116 277/1047/1118 253/1088/1160
f 277/1047/1118 303/1049/1120 298/1089/1161
f 303/1090/1120 342/1050/1121 319/1091/1162
f 342/1050/1121 383/1052/1123 352/1093/1163
f 383/1052/1123 426/1054/1125 352/1093/1163
f 426/1054/1125 490/1057/1128 462/1095/1165
f 490/1057/1128 526/1059/1130 462/1095/1165
f 526/1059/1130 583/1062/1132 588/1097/1167
f 583/1062/1132 599/1065/1135 1783/1098/1168
f 599/1065/1135 623/1068/1137 1671/1099/1169
f 623/1068/1137 659/1071/1139 1616/1100/1170
f 659/1071/1139 669/1072/1140 676/1101/1171
f 669/1072/1140 1672/1073/1142 676/1101/1171
f 677/1102/1172 690/1074/1143 1709/1103/1173
f 690/1074/1143 702/1075/1146 1709/1103/1173
f 702/1075/1146 744/1076/1149 1617/1105/1176
f 744/1076/1149 767/1081/1154 1618/1106/1157
f 1/1164/1182 13/1163/1181 7/1161/1179
f 20/1165/1183 7/1161/1179 13/1163/1181
f 20/1165/1183 22/1812/1198 16/1159/1177
f 23/1166/1184 13/1163/1181 18/1162/1180
f 23/1166/1184 20/1165/1183 13/1163/1181
f 61/1168/1186 23/1166/1184 27/1167/1185
f 39/1169/1187 41/1172/1190 30/1170/1188
f 41/1172/1190 33/1175/1193 32/1173/1191
f 42/1174/1192 34/1511/1211 33/1175/1193
f 46/1176/1194 33/1175/1193 41/1172/1190
f 48/1177/1195 49/1178/1196 41/1172/1190
f 22/1180/1198 42/1174/1192 46/1176/1194
f 74/1179/1197 78/1813/1210 42/1174/1192
f 22/1180/1198 46/1176/1194 49/1178/1196
f 16/1182/1177 49/1178/1196 54/1181/1178
f 57/1183/1199 56/1187/1203 55/1184/1200
f 58/1186/1202 59/1188/1204 56/1187/1203
f 60/1192/1207 58/1186/1202 57/1183/1199
f 59/1188/1204 61/1195/1186 27/1189/1185
f 67/1191/1206 70/1193/1208 58/1186/1202
f 62/1190/1205 61/1195/1186 59/1188/1204
f 70/1193/1208 74/1194/1197 62/1190/1205
f 75/1196/1209 78/1197/1210 70/1193/1208
f 34/1198/1211 42/1814/1192 78/1197/1210
f 74/1194/1197 22/1815/1198 61/1195/1186
f 22/1815/1198 20/1816/1183 61/1195/1186
f 88/1206/1219 90/1202/1215 81/1204/1217
f 90/1202/1215 92/1207/1220 84/1203/1216
f 92/1207/1220 85/1201/1214 84/1203/1216
f 93/1205/1218 94/1208/1221 90/1202/1215
f 96/1210/1223 92/1207/1220 94/1208/1221
f 96/1210/1223 89/1199/1212 92/1207/1220
f 95/1209/1222 99/1211/1224 94/1208/1221
f 102/1213/1226 89/1199/1212 96/1210/1223
f 104/1214/1227 96/1210/1223 99/1211/1224
f 140/1216/1229 102/1213/1226 104/1214/1227
f 108/1218/1231 109/1817/1723 82/1818/1724
f 696/1220/1233 109/1817/1723 108/1218/1231
f 108/1218/1231 112/1222/1235 714/1219/1232
f 117/1221/1234 118/1227/1239 112/1222/1235
f 118/1227/1239 113/1819/1725 112/1222/1235
f 757/1820/1726 113/1819/1725 118/1227/1239
f 771/1821/1727 757/1820/1726 118/1227/1239
f 8/1822/1728 771/1821/1727 118/1227/1239
f 118/1227/1239 53/1823/1729 8/1822/1728
f 53/1823/1729 137/1223/1236 1541/1225/1238
f 119/1228/1225 53/1823/1729 118/1227/1239
f 119/1228/1225 137/1223/1236 53/1823/1729
f 86/1578/1213 89/1824/1212 117/1221/1234
f 121/1512/1506 126/1232/1243 122/1234/1245
f 126/1232/1243 127/1235/1230 123/1233/1244
f 127/1235/1230 104/1825/1227 103/1236/1228
f 125/1229/1240 131/1237/1246 120/1230/1241
f 120/1230/1241 126/1232/1243 121/1512/1506
f 132/1240/1248 131/1237/1246 125/1229/1240
f 131/1237/1246 137/1241/1236 126/1232/1243
f 137/1241/1236 140/1238/1229 126/1232/1243
f 137/1241/1236 102/1245/1226 140/1238/1229
f 148/1826/1730 149/1827/1731 143/1239/1247
f 149/1827/1731 150/1828/1732 143/1239/1247
f 143/1239/1247 150/1828/1732 233/1829/1733
f 195/1242/1249 143/1239/1247 233/1829/1733
f 116/1830/1237 137/1241/1236 1542/1243/1250
f 157/1249/1254 155/1831/1272 154/1246/1251
f 158/1832/1734 159/1248/1253 152/1247/1252
f 158/1832/1734 192/1252/1257 159/1248/1253
f 163/1251/1256 157/1249/1254 159/1248/1253
f 177/1253/1258 178/1256/1261 171/1254/1259
f 178/1256/1261 179/1258/1263 172/1257/1262
f 179/1258/1263 180/1260/1265 173/1259/1264
f 180/1260/1265 181/1262/1267 174/1261/1266
f 181/1262/1267 182/1285/1286 175/1263/1268
f 177/1253/1258 185/1268/1273 178/1256/1261
f 185/1268/1273 186/1264/1269 178/1256/1261
f 186/1264/1269 187/1265/1270 180/1260/1265
f 185/1268/1273 188/1266/1271 186/1264/1269
f 188/1266/1271 165/1270/1255 187/1265/1270
f 155/1267/1272 157/1269/1254 188/1266/1271
f 196/1275/1278 198/1271/1274 153/1273/1276
f 198/1271/1274 199/1278/1281 190/1272/1275
f 199/1278/1281 191/1277/1280 190/1272/1275
f 205/1276/1279 192/1280/1257 191/1277/1280
f 200/1274/1277 209/1281/1282 198/1271/1274
f 211/1283/1284 199/1278/1281 209/1281/1282
f 211/1283/1284 205/1276/1279 199/1278/1281
f 210/1282/1283 216/1284/1285 209/1281/1282
f 165/1270/1255 205/1276/1279 211/1283/1284
f 182/1285/1286 211/1283/1284 216/1284/1285
f 187/1265/1270 165/1270/1255 182/1285/1286
f 224/1833/1735 1732/1834/1736 220/1290/1291
f 1732/1834/1736 225/1835/1737 220/1290/1291
f 225/1835/1737 226/1291/1292 220/1290/1291
f 1540/1289/1290 229/1293/1294 220/1290/1291
f 229/1293/1294 223/1288/1289 220/1290/1291
f 231/1292/1293 223/1288/1289 229/1293/1294
f 231/1292/1293 232/1298/1299 227/1286/1287
f 237/1303/1304 231/1292/1293 9/1297/1298
f 244/1299/1300 231/1292/1293 237/1303/1304
f 279/1300/1301 237/1303/1304 1746/1301/1302
f 249/1304/1305 250/1307/1308 245/1305/1306
f 250/1307/1308 247/1310/1311 246/1308/1309
f 254/1309/1310 248/1334/1331 247/1310/1311
f 256/1311/1312 247/1310/1311 250/1307/1308
f 257/1312/1313 258/1313/1314 250/1307/1308
f 232/1315/1299 254/1309/1310 256/1311/1312
f 287/1314/1315 289/1333/1330 254/1309/1310
f 232/1315/1299 256/1311/1312 258/1313/1314
f 227/1317/1287 258/1313/1314 259/1316/1288
f 262/1322/1320 264/1836/1738 263/1837/1739
f 260/1319/1317 266/1321/1319 261/1323/1321
f 262/1322/1320 267/1838/1740 264/1836/1738
f 265/1318/1316 268/1327/1325 260/1319/1317
f 268/1327/1325 266/1321/1319 260/1319/1317
f 234/1325/1323 267/1838/1740 262/1322/1320
f 278/1328/1326 279/1329/1301 262/1322/1320
f 1536/1839/1741 193/1324/1322 279/1329/1301
f 279/1329/1301 130/1840/1303 1536/1839/1741
f 275/1326/1324 280/1330/1327 268/1327/1325
f 280/1330/1327 278/1328/1326 266/1321/1319
f 282/1332/1329 280/1330/1327 275/1326/1324
f 280/1330/1327 287/1314/1315 278/1328/1326
f 288/1331/1328 289/1333/1330 280/1330/1327
f 248/1334/1331 254/1309/1310 289/1333/1330
f 287/1314/1315 232/1315/1299 279/1329/1301
f 232/1315/1299 244/1841/1300 279/1329/1301
f 297/1338/1335 294/1356/1353 293/1335/1332
f 300/1842/1742 301/1337/1334 291/1336/1333
f 300/1842/1742 336/1341/1338 301/1337/1334
f 308/1340/1337 297/1338/1335 301/1337/1334
f 320/1342/1339 322/1345/1342 313/1343/1340
f 322/1345/1342 324/1347/1344 314/1346/1343
f 324/1347/1344 325/1349/1346 315/1348/1345
f 325/1349/1346 326/1351/1348 316/1350/1347
f 326/1351/1348 327/1370/1367 317/1352/1349
f 320/1342/1339 328/1357/1354 322/1345/1342
f 328/1357/1354 329/1353/1350 322/1345/1342
f 329/1353/1350 330/1354/1351 325/1349/1346
f 328/1357/1354 331/1355/1352 329/1353/1350
f 331/1355/1352 309/1339/1336 330/1354/1351
f 294/1356/1353 297/1338/1335 331/1355/1352
f 337/1362/1359 343/1358/1355 292/1360/1357
f 343/1358/1355 345/1365/1362 332/1359/1356
f 345/1365/1362 335/1364/1361 332/1359/1356
f 348/1363/1360 336/1341/1338 335/1364/1361
f 347/1361/1358 349/1366/1363 343/1358/1355
f 351/1368/1365 345/1365/1362 349/1366/1363
f 351/1368/1365 348/1363/1360 345/1365/1362
f 350/1367/1364 354/1369/1366 349/1366/1363
f 309/1339/1336 348/1363/1360 351/1368/1365
f 327/1370/1367 351/1368/1365 354/1369/1366
f 330/1354/1351 309/1339/1336 327/1370/1367
f 360/1843/1743 361/1844/1744 356/1375/1372
f 361/1844/1744 362/1845/1745 356/1375/1372
f 362/1845/1745 363/1376/1373 356/1375/1372
f 1776/1374/1371 367/1378/1375 356/1375/1372
f 367/1378/1375 359/1373/1370 356/1375/1372
f 369/1377/1374 359/1373/1370 367/1378/1375
f 369/1377/1374 373/1383/1380 365/1371/1368
f 51/1388/1385 369/1377/1374 5/1382/1379
f 385/1384/1381 369/1377/1374 51/1388/1385
f 428/1385/1382 51/1388/1385 1615/1386/1383
f 390/1389/1386 391/1392/1389 386/1390/1387
f 391/1392/1389 388/1395/1392 387/1393/1390
f 392/1394/1391 389/1415/1412 388/1395/1392
f 393/1396/1393 388/1395/1392 391/1392/1389
f 395/1397/1394 396/1398/1395 391/1392/1389
f 373/1383/1380 392/1394/1391 393/1396/1393
f 435/1399/1396 437/1414/1411 392/1394/1391
f 373/1383/1380 393/1396/1393 396/1398/1395
f 365/1371/1368 396/1398/1395 399/1372/1369
f 406/1404/1401 408/1846/1746 334/1847/1747
f 404/1401/1398 414/1403/1400 405/1405/1402
f 406/1404/1401 418/1848/1748 408/1846/1746
f 410/1400/1397 421/1409/1406 404/1401/1398
f 421/1409/1406 414/1403/1400 404/1401/1398
f 418/1848/1748 406/1404/1401 235/1407/1404
f 425/1410/1407 428/1385/1382 406/1404/1401
f 1546/1849/1749 194/1406/1403 428/1385/1382
f 428/1385/1382 128/1387/1384 1546/1849/1749
f 422/1408/1405 429/1411/1408 421/1409/1406
f 429/1411/1408 425/1410/1407 414/1403/1400
f 430/1413/1410 429/1411/1408 422/1408/1405
f 429/1411/1408 435/1399/1396 425/1410/1407
f 436/1412/1409 437/1414/1411 429/1411/1408
f 389/1415/1412 392/1394/1391 437/1414/1411
f 435/1399/1396 373/1383/1380 428/1385/1382
f 373/1383/1380 385/1384/1381 428/1385/1382
f 438/1421/1418 443/1420/1417 441/1418/1415
f 450/1422/1419 441/1418/1415 443/1420/1417
f 450/1422/1419 452/1437/1434 444/1416/1413
f 454/1423/1420 443/1420/1417 446/1419/1416
f 454/1423/1420 450/1422/1419 443/1420/1417
f 496/1425/1422 454/1423/1420 457/1424/1421
f 466/1426/1423 467/1429/1426 458/1427/1424
f 467/1429/1426 460/1432/1429 459/1430/1427
f 468/1431/1428 463/1450/1447 460/1432/1429
f 469/1433/1430 460/1432/1429 467/1429/1426
f 470/1434/1431 471/1435/1432 467/1429/1426
f 452/1437/1434 468/1431/1428 469/1433/1430
f 504/1436/1433 506/1449/1446 468/1431/1428
f 452/1437/1434 469/1433/1430 471/1435/1432
f 444/1416/1413 471/1435/1432 474/1417/1414
f 487/1438/1435 481/1442/1439 480/1439/1436
f 493/1441/1438 494/1443/1440 481/1442/1439
f 495/1446/1443 493/1441/1438 487/1438/1435
f 494/1443/1440 496/1425/1422 457/1424/1421
f 502/1445/1442 503/1447/1444 493/1441/1438
f 497/1444/1441 496/1425/1422 494/1443/1440
f 503/1447/1444 504/1436/1433 497/1444/1441
f 505/1448/1445 506/1449/1446 503/1447/1444
f 463/1450/1447 468/1431/1428 506/1449/1446
f 504/1436/1433 452/1437/1434 496/1425/1422
f 452/1437/1434 450/1422/1419 496/1425/1422
f 511/1451/1448 512/1850/1750 507/1556/1544
f 697/1453/1450 512/1850/1750 511/1451/1448
f 511/1451/1448 514/1455/1452 713/1452/1449
f 516/1454/1451 517/1460/1457 514/1455/1452
f 517/1460/1457 515/1851/1751 514/1455/1452
f 756/1852/1752 515/1851/1751 517/1460/1457
f 770/1853/1753 756/1852/1752 517/1460/1457
f 6/1854/1754 770/1853/1753 517/1460/1457
f 517/1460/1457 1597/1855/1755 6/1854/1754
f 1597/1855/1755 544/1456/1453 1531/1458/1455
f 520/1461/1458 1597/1855/1755 517/1460/1457
f 520/1461/1458 544/1456/1453 1597/1855/1755
f 552/1477/1474 558/1459/1456 516/1454/1451
f 534/1536/1526 539/1465/1462 535/1467/1464
f 539/1465/1462 540/1468/1465 536/1466/1463
f 540/1468/1465 541/1489/1486 537/1469/1466
f 538/1462/1459 542/1470/1467 532/1463/1460
f 532/1463/1460 539/1465/1462 534/1536/1526
f 543/1473/1470 542/1470/1467 538/1462/1459
f 542/1470/1467 544/1456/1453 539/1465/1462
f 544/1456/1453 545/1471/1468 539/1465/1462
f 544/1456/1453 528/1476/1473 545/1471/1468
f 333/1856/1756 547/1857/1757 546/1472/1469
f 547/1857/1757 548/1858/1758 546/1472/1469
f 546/1472/1469 548/1858/1758 236/1859/1759
f 197/1474/1471 546/1472/1469 236/1859/1759
f 129/1457/1454 544/1456/1453 1532/1475/1472
f 557/1483/1480 559/1479/1476 509/1481/1478
f 559/1479/1476 561/1484/1481 549/1480/1477
f 561/1484/1481 550/1478/1475 549/1480/1477
f 563/1482/1479 568/1485/1482 559/1479/1476
f 570/1487/1484 561/1484/1481 568/1485/1482
f 570/1487/1484 558/1459/1456 561/1484/1481
f 569/1486/1483 572/1488/1485 568/1485/1482
f 528/1476/1473 558/1459/1456 570/1487/1484
f 541/1489/1486 570/1487/1484 572/1488/1485
f 545/1471/1468 528/1476/1473 541/1489/1486
f 290/1860/1760 1/1164/1182 285/1580/1564
f 1460/1861/1761 1/1164/1182 290/1860/1760
f 18/1162/1180 1/1164/1182 1460/1861/1761
f 152/1247/1252 154/1246/1251 1470/1492/1489
f 1461/1494/1491 18/1162/1180 1460/1861/1761
f 27/1167/1185 18/1162/1180 276/1495/1492
f 154/1246/1251 155/1831/1272 1655/1496/1493
f 1655/1496/1493 155/1831/1272 816/1862/1496
f 523/1863/1762 27/1189/1185 281/1864/1494
f 486/1865/1763 56/1187/1203 523/1863/1762
f 56/1187/1203 27/1189/1185 523/1863/1762
f 155/1267/1272 185/1268/1273 1467/1498/1495
f 185/1268/1273 812/1501/1498 1467/1498/1495
f 472/1866/1764 56/1187/1203 486/1865/1763
f 1463/1867/1765 56/1187/1203 472/1866/1764
f 1462/1504/1501 55/1184/1200 1463/1867/1765
f 55/1184/1200 56/1187/1203 1463/1867/1765
f 185/1268/1273 177/1253/1258 1466/1502/1499
f 177/1253/1258 12/1255/1260 1464/1508/1505
f 12/1255/1260 4/1185/1201 1758/1510/813
f 4/1185/1201 55/1184/1200 1651/1507/1504
f 4/1185/1201 1651/1507/1504 374/1509/812
f 1758/1510/813 1464/1508/1505 12/1255/1260
f 88/1206/1219 81/1204/1217 2/1171/1189
f 93/1205/1218 88/1206/1219 30/1170/1188
f 95/1209/1222 93/1205/1218 32/1173/1191
f 99/1211/1224 95/1209/1222 33/1175/1193
f 103/1215/1228 99/1211/1224 33/1175/1193
f 123/1233/1244 103/1236/1228 34/1198/1211
f 122/1234/1245 123/1233/1244 75/1196/1209
f 121/1512/1506 122/1234/1245 67/1191/1206
f 120/1230/1241 121/1512/1506 60/1192/1207
f 83/1231/1242 120/1230/1241 57/1183/1199
f 1498/1868/1766 224/1833/1735 1497/1581/1565
f 224/1833/1735 220/1290/1291 1497/1581/1565
f 1486/1513/1507 82/1818/1724 106/1514/1508
f 1488/1515/1509 106/1514/1508 1736/1516/1510
f 644/1869/1767 224/1833/1735 1498/1868/1766
f 1498/1868/1766 628/1870/1768 644/1869/1767
f 1488/1515/1509 630/1517/1511 616/1871/1769
f 1488/1515/1509 616/1871/1769 1591/1872/815
f 616/1871/1769 605/1873/1770 1591/1872/815
f 613/1520/1514 628/1870/1768 1498/1868/1766
f 1498/1868/1766 1499/1518/1512 613/1520/1514
f 1591/1872/815 605/1873/1770 592/1874/1771
f 1730/1875/1772 606/1519/1513 1499/1518/1512
f 1591/1872/815 592/1874/1771 1545/1876/1773
f 1591/1872/815 1545/1876/1773 1489/1877/1682
f 1697/1878/834 1539/1879/1774 1499/1518/1512
f 1539/1879/1774 1730/1875/1772 1499/1518/1512
f 1489/1877/1682 1545/1876/1773 566/1880/1775
f 566/1880/1775 1544/1881/1776 1489/1877/1682
f 1697/1878/834 1538/1882/1777 564/1883/1778
f 564/1883/1778 1539/1879/1774 1697/1878/834
f 1489/1877/1682 1544/1881/1776 1490/1884/1683
f 1544/1881/1776 498/1885/1779 1490/1884/1683
f 1500/1886/835 499/1887/1780 1538/1882/1777
f 1500/1886/835 1538/1882/1777 1697/1878/834
f 498/1885/1779 478/1888/1781 1490/1884/1683
f 1500/1886/835 479/1889/1782 499/1887/1780
f 1490/1884/1683 478/1888/1781 1778/1890/816
f 478/1888/1781 447/1891/1515 1778/1890/816
f 1502/1892/836 449/1893/1783 479/1889/1782
f 1502/1892/836 479/1889/1782 1500/1886/835
f 403/1523/1516 1543/1894/1784 1778/1521/816
f 1537/1895/1785 449/1896/1783 1502/1897/836
f 1771/1898/1786 1537/1895/1785 1502/1897/836
f 1543/1894/1784 148/1826/1730 1491/1526/817
f 1543/1894/1784 1491/1526/817 1778/1521/816
f 1771/1898/1786 1502/1897/836 1501/1524/837
f 263/1837/1739 1771/1898/1786 1501/1524/837
f 262/1322/1320 263/1837/1739 1501/1524/837
f 148/1826/1730 143/1239/1247 1491/1526/817
f 261/1323/1321 262/1322/1320 1662/1525/1517
f 1720/1527/1518 143/1239/1247 132/1240/1248
f 260/1319/1317 261/1323/1321 1505/1530/1521
f 125/1229/1240 1495/1899/1787 1760/1531/1522
f 125/1229/1240 1496/1534/1525 1495/1899/1787
f 222/1320/1318 260/1319/1317 1508/1533/1524
f 83/1231/1242 1661/1900/1720 1496/1534/1525
f 196/1275/1278 153/1273/1276 221/1306/1307
f 200/1274/1277 196/1275/1278 245/1305/1306
f 210/1282/1283 200/1274/1277 246/1308/1309
f 216/1284/1285 210/1282/1283 247/1310/1311
f 175/1263/1268 216/1284/1285 247/1310/1311
f 174/1261/1266 175/1263/1268 248/1334/1331
f 173/1259/1264 174/1261/1266 288/1331/1328
f 172/1257/1262 173/1259/1264 282/1332/1329
f 171/1254/1259 172/1257/1262 275/1326/1324
f 12/1255/1260 171/1254/1259 265/1318/1316
f 158/1832/1734 152/1247/1252 441/1418/1415
f 192/1252/1257 158/1832/1734 441/1418/1415
f 191/1277/1280 192/1280/1257 474/1417/1414
f 190/1272/1275 191/1277/1280 470/1434/1431
f 153/1273/1276 190/1272/1275 466/1426/1423
f 511/1451/1448 507/1556/1544 220/1290/1291
f 516/1454/1451 511/1451/1448 220/1290/1291
f 552/1477/1474 516/1454/1451 223/1288/1289
f 550/1478/1475 552/1477/1474 259/1316/1288
f 549/1480/1477 550/1478/1475 257/1312/1313
f 509/1481/1478 549/1480/1477 249/1304/1305
f 487/1438/1435 440/1440/1437 508/1464/1461
f 495/1446/1443 487/1438/1435 532/1463/1460
f 502/1445/1442 495/1446/1443 534/1536/1526
f 505/1448/1445 502/1445/1442 535/1467/1464
f 463/1450/1447 505/1448/1445 536/1466/1463
f 460/1432/1429 463/1450/1447 537/1469/1466
f 459/1430/1427 460/1432/1429 569/1486/1483
f 458/1427/1424 459/1430/1427 563/1482/1479
f 439/1428/1425 458/1427/1424 557/1483/1480
f 1480/1901/1788 438/1421/1418 1062/1579/1563
f 446/1419/1416 438/1421/1418 1480/1901/1788
f 291/1336/1333 293/1335/1332 1477/1539/1529
f 1481/1541/1531 446/1419/1416 1480/1901/1788
f 1478/1540/1530 293/1335/1332 962/1902/1789
f 457/1424/1421 446/1419/1416 1482/1542/1532
f 293/1335/1332 294/1356/1353 962/1902/1789
f 962/1902/1789 294/1356/1353 940/1545/1535
f 1088/1903/1790 457/1424/1421 1587/1543/1533
f 1086/1904/1791 481/1442/1439 1088/1903/1790
f 481/1442/1439 457/1424/1421 1088/1903/1790
f 294/1356/1353 328/1357/1354 1475/1544/1534
f 328/1357/1354 936/1547/1537 1475/1544/1534
f 1084/1905/1792 481/1442/1439 1086/1904/1791
f 1485/1906/1793 481/1442/1439 1084/1905/1792
f 1484/1907/1794 480/1439/1436 1485/1906/1793
f 480/1439/1436 481/1442/1439 1485/1906/1793
f 328/1357/1354 320/1342/1339 1474/1548/1538
f 1076/1908/1795 480/1439/1436 1484/1907/1794
f 1483/1909/1796 480/1439/1436 1076/1908/1795
f 1472/1553/863 1471/1551/1541 312/1344/1341
f 1471/1551/1541 320/1342/1339 312/1344/1341
f 312/1344/1341 440/1440/1437 1472/1553/863
f 440/1440/1437 480/1439/1436 1483/1909/1796
f 440/1440/1437 1483/1909/1796 1769/1552/862
f 1522/1910/1797 360/1843/1743 1520/1582/1566
f 360/1843/1743 356/1375/1372 1520/1582/1566
f 510/1554/1542 1518/1559/1547 1763/1555/1543
f 641/1911/1798 360/1843/1743 1522/1910/1797
f 1522/1910/1797 629/1912/1799 641/1911/1798
f 1518/1559/1547 510/1554/1542 642/1557/1545
f 1518/1559/1547 627/1558/1546 614/1913/1800
f 1518/1559/1547 614/1913/1800 1723/1914/852
f 614/1913/1800 603/1915/1801 1723/1914/852
f 615/1562/1550 629/1912/1799 1522/1910/1797
f 1522/1910/1797 1523/1560/1548 615/1562/1550
f 1723/1914/852 603/1915/1801 594/1916/1802
f 1783/1917/1803 604/1561/1549 1523/1560/1548
f 1723/1914/852 594/1916/1802 1535/1918/1804
f 1723/1914/852 1535/1918/1804 1517/1919/1704
f 1524/1920/877 1782/1921/1805 1523/1560/1548
f 1782/1921/1805 1783/1917/1803 1523/1560/1548
f 1517/1919/1704 1535/1918/1804 565/1922/1806
f 565/1922/1806 1534/1923/1807 1517/1919/1704
f 1524/1920/877 1548/1924/1808 567/1925/1809
f 567/1925/1809 1782/1921/1805 1524/1920/877
f 1517/1919/1704 1534/1923/1807 1664/1926/1703
f 1534/1923/1807 501/1927/1810 1664/1926/1703
f 1525/1928/878 500/1929/1811 1548/1924/1808
f 1525/1928/878 1548/1924/1808 1524/1920/877
f 501/1927/1810 477/1930/1812 1664/1926/1703
f 1525/1928/878 476/1931/1813 500/1929/1811
f 1664/1926/1703 477/1930/1812 1516/1563/850
f 477/1930/1812 1765/1564/1551 1516/1563/850
f 1526/1932/879 448/1933/1814 476/1931/1813
f 1526/1932/879 476/1931/1813 1525/1928/878
f 402/1565/1552 1533/1934/1815 1516/1563/850
f 1547/1935/1816 448/1933/1814 1526/1932/879
f 372/1936/1817 1547/1935/1816 1526/1932/879
f 1533/1934/1815 333/1856/1756 1663/1568/849
f 1533/1934/1815 1663/1568/849 1516/1563/850
f 372/1936/1817 1526/1932/879 1594/1566/1553
f 334/1847/1747 372/1936/1817 1594/1566/1553
f 406/1404/1401 334/1847/1747 1594/1566/1553
f 333/1856/1756 546/1472/1469 1663/1568/849
f 405/1405/1402 406/1404/1401 1595/1567/1554
f 1515/1569/1555 546/1472/1469 543/1473/1470
f 404/1401/1398 405/1405/1402 1528/1572/1558
f 538/1462/1459 1761/1937/1818 1513/1573/1559
f 538/1462/1459 1510/1576/1562 1761/1937/1818
f 358/1402/1399 404/1401/1398 1762/1575/1561
f 508/1464/1461 1511/1938/899 1510/1576/1562
f 337/1362/1359 292/1360/1357 357/1391/1388
f 347/1361/1358 337/1362/1359 386/1390/1387
f 350/1367/1364 347/1361/1358 387/1393/1390
f 354/1369/1366 350/1367/1364 388/1395/1392
f 317/1352/1349 354/1369/1366 388/1395/1392
f 316/1350/1347 317/1352/1349 389/1415/1412
f 315/1348/1345 316/1350/1347 436/1412/1409
f 314/1346/1343 315/1348/1345 430/1413/1410
f 313/1343/1340 314/1346/1343 422/1408/1405
f 312/1344/1341 313/1343/1340 410/1400/1397
f 300/1842/1742 291/1336/1333 7/1161/1179
f 336/1341/1338 300/1842/1742 7/1161/1179
f 335/1364/1361 336/1341/1338 54/1181/1178
f 332/1359/1356 335/1364/1361 48/1177/1195
f 292/1360/1357 332/1359/1356 39/1169/1187
f 108/1218/1231 82/1818/1724 356/1375/1372
f 117/1221/1234 108/1218/1231 356/1375/1372
f 86/1578/1213 117/1221/1234 359/1373/1370
f 85/1201/1214 86/1200/1213 399/1372/1369
f 84/1203/1216 85/1201/1214 395/1397/1394
f 81/1204/1217 84/1203/1216 390/1389/1386
f 152/1247/1252 1469/1491/1488 1062/1579/1563
f 291/1336/1333 1476/1538/1528 285/1580/1564
f 222/1320/1318 1509/1535/896 12/1255/1260
f 1661/1900/1720 83/1231/1242 12/1255/1260
f 83/1231/1242 4/1185/1201 12/1255/1260
f 81/1204/1217 357/1391/1388 292/1360/1357
f 220/1290/1291 507/1556/1544 1763/1555/1543
f 356/1375/1372 82/1818/1724 1486/1513/1507
f 509/1481/1478 221/1306/1307 153/1273/1276
f 312/1344/1341 1511/1938/899 508/1464/1461
f 358/1402/1399 1770/1577/900 312/1344/1341
f 312/1344/1341 508/1464/1461 440/1440/1437
