# Blender 4.5.3 LTS
# www.blender.org
o Cube
v 0.653747 0.878587 1.113231
v 0.753168 0.712181 1.175331
v 0.731948 0.622039 1.271758
v 0.842978 0.605332 1.197911
v 0.797668 0.518850 1.306852
v 0.828095 0.461366 1.285668
v 0.756836 0.443070 1.322844
v 0.854154 0.107348 1.215221
v 0.836647 0.034580 1.205281
v 0.809510 -0.032068 1.200207
v 0.758622 -0.227376 1.086703
v 0.757152 -0.373762 0.930648
v 0.762022 -0.456325 0.815067
v 0.792318 -0.548320 0.653632
v 0.836308 -0.664160 0.464290
v 0.819478 -0.769064 0.108674
v 0.731580 -1.048215 -0.370996
v 0.756183 -1.023495 -0.510159
v 0.678091 -1.045787 -0.667894
v 0.808399 -0.711279 -0.954661
v 0.708681 -0.125720 -1.060111
v 0.724257 0.269577 -0.985703
v 0.612887 0.608685 -0.737197
v 0.755570 0.749120 -0.470610
v 0.744586 0.812086 -0.144173
v 0.885998 0.982241 0.435926
v 0.832628 1.023358 0.767994
v 0.874426 0.996340 0.747158
v 0.713278 1.011047 0.980144
v 0.628346 0.989436 1.059179
v -0.512220 1.072742 1.102476
v -0.347726 1.255860 1.208301
v -0.054964 1.200711 1.333246
v -0.022282 1.048593 1.492351
v 0.138830 1.056659 1.398376
v 0.214537 1.172687 1.250120
v 0.264793 1.040747 1.338883
v 0.461026 1.051511 1.146951
v 0.490145 0.929138 1.202395
v 0.422233 0.699973 -0.924076
v 0.184347 0.745017 -0.914180
v 0.121474 0.591930 -0.987903
v 0.038717 0.680716 -0.947005
v -0.077424 0.708354 -0.943059
v -0.466997 0.647038 -0.987697
v -0.495301 0.722838 -0.933224
v -0.484254 0.631157 -0.988187
v -0.750050 0.867245 -0.578198
v -0.773601 0.841043 -0.542673
v -0.730726 0.861440 -0.394806
v -0.638422 0.870706 -0.110620
v -0.593970 0.880769 0.030617
v -0.590840 0.832641 0.126433
v -0.579492 0.853937 0.222287
v -0.583528 0.886320 0.323418
v -0.624314 0.979303 0.679369
v -0.701540 0.191527 1.062520
v -0.594518 0.498813 1.162201
v -0.624073 0.675079 1.184236
v -0.621519 0.714245 1.192126
v -0.607873 0.760445 1.198221
v -0.586831 0.808772 1.231155
v -0.552469 1.002866 1.057464
v -0.624859 0.629455 -0.855161
v -0.704606 0.205224 -0.928734
v -0.704755 0.115997 -0.990533
v -0.750438 0.002235 -1.049307
v -0.817129 -0.133729 -1.088994
v -0.838374 -0.251311 -1.148920
v -0.893664 -0.346072 -1.130800
v -0.904621 -0.488818 -1.175658
v -0.896611 -0.664966 -1.099078
v -0.811539 -0.855287 -1.039963
v -0.862168 -0.903112 -0.879291
v -1.019631 -0.832818 -0.504373
v -0.952292 -0.919785 -0.346109
v -1.071463 -0.811156 -0.192684
v -1.045217 -0.794179 -0.086981
v -0.937291 -0.650702 0.203868
v -0.847623 -0.458370 0.559064
v 0.704653 -0.445379 0.942172
v 0.398573 -0.334249 1.240299
v -0.169386 -0.356328 1.292417
v -0.172743 -0.255319 1.331970
v -0.655756 -1.016360 -1.023541
v -0.374073 -1.144618 -1.094413
v -0.161397 -1.204655 -1.102214
v 0.353975 -1.168331 -1.029571
v 0.844597 -0.448927 0.619470
v 0.908446 -0.651931 0.317603
v 0.797989 -0.343935 0.866126
v 0.854247 -0.525087 0.534092
v 0.836209 -0.964301 -0.458050
v 0.929016 -0.629855 0.294963
v 0.827015 -0.933286 -0.616865
v 0.831007 -0.286392 0.831053
v 0.940848 -0.744738 -0.179724
v 0.922424 -0.819351 -0.338943
v 0.627438 -0.944419 -0.897167
v 0.807153 -0.164894 1.043217
v 0.899385 -0.484544 0.446922
v 0.813525 -0.772760 -0.874656
v 0.876638 -0.335714 0.595244
v 0.977606 -0.646075 0.006394
v 0.906051 -0.888826 -0.514542
v 0.855920 -0.157941 0.877616
v 0.868991 -0.210696 0.730633
v 1.017737 -0.579248 0.100413
v 0.843468 -0.128360 0.968769
v 0.923481 -0.347281 0.433263
v 0.831870 0.001136 1.186247
v 0.887732 -0.259408 0.578826
v 1.018691 -0.693787 -0.284048
v 0.977148 -0.807183 -0.519158
v 0.951476 -0.787501 -0.638575
v 0.925106 -0.792433 -0.682307
v 1.010174 -0.753546 -0.476142
v 0.876149 0.014356 1.034012
v 0.883200 -0.154351 0.605116
v 0.969492 -0.407634 0.291220
v 1.003176 -0.768393 -0.523196
v 0.875144 0.113835 1.200196
v 0.886892 0.024356 0.946056
v 0.877222 -0.106624 0.723580
v 1.050018 -0.473829 0.051303
v 1.067086 -0.565672 -0.065055
v 1.046017 -0.684684 -0.414447
v 1.013760 -0.735206 -0.506365
v 0.882408 -0.051343 0.786503
v 0.904304 -0.204631 0.483024
v 1.107103 -0.535868 -0.149760
v 1.050855 -0.660152 -0.433845
v 1.104329 -0.579470 -0.292446
v 1.079810 -0.620416 -0.331399
v 1.075877 -0.633875 -0.372651
v 0.987333 -0.666182 -0.575416
v 0.829838 -0.728326 -0.903159
v 0.706850 -0.749869 -1.077992
v 0.958742 -0.219167 0.295209
v 1.130890 -0.531436 -0.244573
v 1.099841 -0.592518 -0.334512
v 1.081282 -0.600478 -0.377503
v 0.900479 0.166638 1.183781
v 0.876359 -0.018046 0.551848
v 1.127777 -0.515608 -0.214947
v 1.123035 -0.550206 -0.295619
v 1.104098 -0.558392 -0.335640
v 0.938284 -0.585677 -0.673291
v 0.893827 0.046367 0.794330
v 1.091056 -0.328044 -0.068370
v 1.125189 -0.516870 -0.298029
v 1.039585 -0.519178 -0.478510
v 1.125898 -0.410401 -0.297644
v 0.836175 -0.539629 -0.875337
v 0.887248 0.188503 1.213677
v 0.874185 0.053505 0.544691
v 0.894287 -0.010369 0.433973
v 1.037132 -0.101345 0.070019
v 0.929466 0.245101 1.168901
v 0.933790 0.212389 0.960877
v 0.925591 -0.456159 -0.681184
v 0.915850 0.225070 1.200449
v 0.919065 0.180724 0.795656
v 1.103633 -0.337852 -0.340318
v 0.878513 0.093248 0.614624
v 0.923568 0.261864 1.193709
v 0.896830 0.049515 0.427110
v 1.119427 -0.359131 -0.249970
v 1.107441 -0.247875 -0.300560
v 0.873798 0.365382 1.246978
v 1.102547 -0.196250 -0.335199
v 0.967952 0.360080 1.083813
v 0.897432 0.176664 0.613323
v 1.012500 0.016277 0.134741
v 1.013721 -0.280019 -0.490542
v 0.804687 -0.129263 -0.818861
v 0.922133 0.378596 1.184145
v 0.959414 0.346651 1.127736
v 0.889183 0.128705 0.505431
v 1.074154 -0.033396 -0.245532
v 0.909369 0.127148 0.427128
v 1.005091 0.078584 0.157613
v 1.080614 -0.116381 -0.368694
v 0.771281 -0.150160 -0.900241
v 0.911379 0.199770 0.516077
v 1.031044 0.027177 -0.050288
v 0.976654 0.380613 0.747384
v 1.088683 -0.082383 -0.337612
v 0.849800 -0.079173 -0.726594
v 0.980244 0.412994 1.068772
v 0.977958 0.270755 0.332072
v 1.002141 0.196885 0.204820
v 0.929554 0.464474 1.150422
v 0.969272 0.364446 0.553221
v 1.006115 0.198748 0.081935
v 1.015357 0.137832 0.001577
v 1.080406 0.032419 -0.367967
v 0.994097 0.506526 1.006382
v 1.013657 0.539356 0.786809
v 1.011669 0.278407 0.222459
v 1.067583 0.074525 -0.396888
v 0.939079 0.037289 -0.590745
v 1.063931 0.126799 -0.262046
v 1.074341 0.128552 -0.362770
v 0.960585 0.623129 1.005293
v 1.021458 0.618002 0.874139
v 1.002033 0.381113 0.361079
v 0.777718 -0.003697 -0.854709
v 1.016740 0.314672 0.111368
v 1.073920 0.201812 -0.401650
v 1.011692 0.491377 0.533113
v 1.061849 0.347406 -0.252885
v 0.823912 0.085582 -0.767654
v 1.031747 0.581817 0.609556
v 1.064244 0.243318 -0.426576
v 0.878353 0.068512 -0.677766
v 0.851792 0.729341 1.089743
v 1.029154 0.436797 0.293676
v 1.024781 0.659310 0.841520
v 1.055213 0.468245 -0.134647
v 1.071573 0.392158 -0.399286
v 0.973993 0.694979 0.924082
v 1.045484 0.584520 0.393916
v 1.064474 0.569813 0.225112
v 1.036975 0.435684 0.100636
v 1.049959 0.683002 0.547671
v 0.722048 0.239043 -0.999275
v 1.067529 0.404028 -0.298619
v 1.070533 0.384033 -0.440493
v 0.967844 0.346276 -0.582364
v 0.796866 0.291668 -0.845993
v 1.057489 0.577750 -0.051026
v 0.872109 0.315716 -0.720050
v 0.813474 0.769160 1.091013
v 1.067628 0.630483 0.129040
v 1.064651 0.474126 -0.353810
v 1.063897 0.453381 -0.391045
v 1.052113 0.429440 -0.427808
v 0.962263 0.367274 -0.576861
v 0.844360 0.782245 1.057161
v 1.042006 0.785132 0.688646
v 1.067666 0.700082 0.294307
v 1.074619 0.685468 0.211967
v 1.059544 0.511268 -0.343961
v 1.036361 0.528479 -0.367445
v 0.951738 0.485446 -0.497265
v 0.723642 0.842494 1.095298
v 0.975429 0.853054 0.770131
v 1.057657 0.752779 0.502286
v 1.040681 0.602911 -0.077996
v 1.063436 0.743772 0.341251
v 1.067264 0.730964 0.287635
v 1.059912 0.711691 0.227340
v 1.002324 0.694864 0.057199
v 0.984781 0.652492 -0.107534
v 0.914432 0.908490 0.814784
v 1.055573 0.826777 0.493740
v 1.058721 0.786971 0.412693
v 1.059710 0.772522 0.350327
v 1.045637 0.755754 0.283416
v 0.815273 0.894568 0.986856
v 1.047864 0.870080 0.554759
v 1.054394 0.816963 0.422430
v 1.041965 0.799764 0.359350
v 0.891446 0.649141 -0.415635
v 0.771398 0.520579 -0.650197
v 0.663095 0.495794 -0.797031
v 1.037359 0.899887 0.556834
v 1.044729 0.872039 0.493069
v 1.039612 0.842257 0.432527
v 0.970196 0.826914 0.270887
v 0.895056 0.734740 -0.092091
v 0.883878 0.695493 -0.251843
v 0.972500 0.941577 0.639818
v 0.981850 0.935082 0.500279
v 0.881638 0.778608 0.008699
v 0.879699 0.809278 0.089998
v 0.834913 0.693384 -0.435670
v 0.709254 0.646414 -0.594200
v 0.840987 0.979961 0.841071
v 0.933360 0.969851 0.669349
v 0.903104 0.987483 0.580952
v 0.866340 0.867671 0.199177
v 0.798461 0.705715 -0.462446
v 0.604383 0.521354 -0.842956
v 0.794469 0.727807 -0.431854
v 0.820012 1.006037 0.395819
v 0.666274 0.885542 -0.007358
v 0.697956 0.810525 -0.351477
v 0.718453 0.781940 -0.480270
v 0.756239 1.044958 0.869179
v 0.799643 1.029040 0.583510
v 0.814973 0.988241 0.354255
v 0.663579 0.928362 0.080951
v 0.674261 0.855588 -0.122503
v 0.753523 1.056944 0.837159
v 0.754393 1.023409 0.339510
v 0.666141 0.809629 -0.521084
v 0.734870 1.039352 0.502468
v 0.581761 0.714773 -0.679182
v 0.552672 0.635604 -0.788967
v 0.699173 1.078849 0.879657
v 0.687017 1.067483 0.724715
v 0.640104 1.047627 0.381868
v 0.595336 0.922112 -0.064436
v 0.625176 0.882313 -0.175363
v 0.605549 0.879414 -0.506035
v 0.652415 1.043131 0.247255
v 0.582263 0.908452 -0.246120
v 0.604905 0.874687 -0.547031
v 0.681430 1.079570 0.913561
v 0.614087 1.054433 0.476867
v 0.636237 1.049009 0.254914
v 0.610838 0.956520 0.050576
v 0.542043 0.804574 -0.660086
v 0.613041 1.110176 0.942040
v 0.569910 0.841338 -0.603157
v 0.490487 1.135285 1.048163
v 0.591464 1.093533 0.785962
v 0.600874 1.071423 0.629482
v 0.580636 1.057784 0.168320
v 0.582263 0.896191 -0.510574
v 0.578903 0.881321 -0.547198
v 0.531637 1.134046 1.003294
v 0.489480 1.005120 -0.240840
v 0.534279 0.825904 -0.645315
v 0.480400 0.772639 -0.760731
v 0.466315 0.758756 -0.796190
v 0.507949 1.056676 0.309399
v 0.541496 1.064718 0.107450
v 0.474550 0.999383 -0.365416
v 0.451642 1.073477 0.212850
v 0.565266 1.065820 0.181845
v 0.551343 1.072104 0.142876
v 0.518115 1.070150 0.068851
v 0.419886 0.832484 -0.659373
v 0.529599 1.134822 0.967449
v 0.503761 1.083333 0.665978
v 0.490732 1.054734 0.478939
v 0.487748 1.051369 0.389425
v 0.456994 1.102520 -0.019965
v 0.483486 0.972081 -0.417889
v 0.394521 0.951676 -0.459905
v 0.437154 0.751655 -0.829748
v 0.421619 0.727186 -0.897627
v 0.518829 1.078470 0.145273
v 0.523494 1.082586 0.104507
v 0.443360 1.091719 -0.106487
v 0.494468 1.089847 0.100547
v 0.487469 1.092859 0.046403
v 0.355208 0.795791 -0.760344
v 0.459233 1.112339 0.025672
v 0.442219 1.034667 -0.339149
v 0.439565 1.163407 1.027619
v 0.385445 1.129267 0.804727
v 0.436332 1.082606 0.646020
v 0.330067 1.041725 0.449927
v 0.433411 1.124622 -0.024682
v 0.304807 0.923555 -0.508822
v 0.276121 0.743339 -0.912425
v 0.430752 1.164397 1.059868
v 0.431594 1.120617 0.021727
v 0.400698 1.140915 -0.086033
v 0.411253 1.069480 -0.301477
v 0.247944 0.868156 -0.607755
v 0.297667 1.054918 0.502524
v 0.340741 1.044724 0.375663
v 0.368370 1.103420 0.142731
v 0.397013 1.144168 -0.045187
v 0.356051 1.180697 1.108341
v 0.289619 1.159463 0.849747
v 0.339562 1.170426 -0.203849
v 0.189252 0.831771 -0.698980
v 0.226868 0.764135 -0.886605
v 0.367545 1.154119 1.134949
v 0.341407 1.193217 1.083658
v 0.365606 1.166886 -0.118005
v 0.239067 0.965560 -0.466366
v 0.249452 1.132970 0.142828
v 0.289450 1.048102 0.401233
v 0.262619 1.060425 0.367957
v 0.189537 1.194579 -0.011575
v 0.311154 1.194400 -0.163113
v 0.238094 1.148450 -0.263323
v 0.175764 0.878549 -0.604561
v 0.206806 1.199102 0.940600
v 0.249653 1.217277 1.129541
v 0.259518 1.055875 0.448020
v 0.155340 0.776265 -0.896688
v 0.128492 0.920016 -0.568455
v 0.087569 0.782529 -0.896740
v 0.226526 1.202847 1.186235
v 0.188484 1.136728 0.667119
v 0.174134 1.128387 0.257411
v 0.105504 0.868643 -0.669491
v 0.097813 0.796275 -0.877595
v 0.130926 1.129059 0.386357
v 0.082855 1.227050 -0.209399
v 0.142097 1.235299 1.172321
v 0.177936 1.234249 1.132053
v 0.088110 1.202324 0.097301
v 0.084146 1.246542 -0.175177
v 0.138324 1.122204 -0.331586
v 0.120957 1.199642 1.264359
v 0.079107 1.200647 0.793056
v -0.009001 0.839656 -0.859361
v 0.037610 0.814604 -0.882127
v 0.115515 1.154917 0.619449
v 0.104432 1.146320 0.523842
v 0.035921 1.171477 0.444975
v 0.081339 1.168050 0.270066
v -0.020785 0.933560 -0.665497
v -0.009058 1.260102 1.178854
v 0.002994 1.188861 0.333764
v 0.025976 1.014132 -0.512247
v -0.064617 1.240842 0.837783
v -0.004305 1.207084 0.673918
v -0.070601 1.248365 0.075917
v -0.023404 0.813669 -0.886286
v -0.024794 1.214053 0.208205
v -0.133117 1.197209 -0.338692
v -0.050878 0.851444 -0.865371
v -0.160567 1.253299 0.798172
v -0.147684 1.275027 -0.029713
v -0.063577 1.275118 -0.184692
v -0.075360 0.872574 -0.840332
v -0.032984 1.136927 -0.386672
v -0.110139 1.045372 -0.546402
v -0.097051 1.219825 0.501636
v -0.100751 1.220218 0.386329
v -0.163402 0.984296 -0.681766
v -0.128023 0.888718 -0.844926
v -0.105854 1.267790 1.197930
v -0.131533 1.240959 0.202425
v -0.224510 0.734437 -0.943530
v -0.216972 1.267946 0.922922
v -0.221517 1.296805 -0.188097
v -0.159255 0.914129 -0.816290
v -0.200686 1.257182 1.232819
v -0.197339 1.240388 0.342169
v -0.296755 1.264972 0.156559
v -0.270158 1.280011 -0.235975
v -0.230802 1.234753 -0.308353
v -0.235940 1.112335 -0.497452
v -0.202358 0.926481 -0.818801
v -0.195408 0.887343 -0.848872
v -0.197134 1.240938 0.549277
v -0.282922 1.276537 0.024003
v -0.292962 0.917687 -0.820265
v -0.279904 1.262407 1.216548
v -0.308259 1.269678 0.092429
v -0.271614 1.297981 -0.190142
v -0.305175 1.041895 -0.640291
v -0.246197 0.953392 -0.784886
v -0.343886 0.742532 -0.938622
v -0.306738 1.270632 0.946976
v -0.300198 1.252744 0.590370
v -0.325421 1.257627 0.253581
v -0.300556 1.277432 -0.188355
v -0.302102 1.273234 -0.230491
v -0.325089 1.241489 -0.304157
v -0.321239 1.215084 -0.355715
v -0.344499 1.264036 1.132141
v -0.336895 1.252994 0.403241
v -0.309861 1.267414 0.007687
v -0.366114 1.113301 -0.531838
v -0.332296 1.252691 0.151647
v -0.398780 1.199408 -0.256588
v -0.353927 1.230428 -0.301249
v -0.358512 1.218846 -0.348903
v -0.356122 1.199230 -0.386098
v -0.384153 1.178325 -0.426269
v -0.366738 1.251220 0.486724
v -0.351902 1.249881 0.366309
v -0.348704 1.244105 0.264656
v -0.385131 1.205623 -0.346171
v -0.387361 1.199184 -0.387203
v -0.387761 1.260069 1.017004
v -0.414264 1.172004 -0.005762
v -0.412706 1.183350 -0.383544
v -0.416253 1.179669 -0.425171
v -0.413418 1.157484 -0.461873
v -0.429648 0.796479 -0.896419
v -0.369230 1.245112 1.168726
v -0.379756 1.255597 1.083337
v -0.383644 1.254248 0.627365
v -0.392224 1.249963 0.585465
v -0.383864 1.240630 0.486725
v -0.515232 1.096035 -0.482141
v -0.443363 1.158237 -0.420434
v -0.463390 1.135969 -0.471757
v -0.495306 0.989070 -0.664601
v -0.399400 1.260196 0.924948
v -0.432748 1.257045 0.805853
v -0.407973 1.254580 0.694009
v -0.465512 1.163393 0.507874
v -0.434816 1.149455 0.211610
v -0.483363 1.087171 -0.533654
v -0.443169 1.168766 1.147166
v -0.419287 1.254336 0.926862
v -0.434065 1.242420 0.720697
v -0.521872 0.871933 -0.820401
v -0.455549 1.241444 0.825755
v -0.493128 1.106657 0.422692
v -0.493878 1.076370 0.053014
v -0.485191 1.111817 -0.142339
v -0.559507 1.044653 -0.294887
v -0.531612 1.077074 -0.523284
v -0.537867 1.053616 -0.556923
v -0.583184 1.017976 -0.591507
v -0.502540 1.057571 0.220148
v -0.523585 1.039087 -0.021989
v -0.569429 1.048923 -0.516927
v -0.577771 1.039345 -0.554634
v -0.601831 0.932064 -0.702218
v -0.524386 1.016725 0.158652
v -0.525702 1.150994 0.767498
v -0.559279 1.042556 0.565030
v -0.602915 0.951700 -0.161984
v -0.682888 0.946017 -0.577858
v -0.611440 1.012005 -0.547984
v -0.619206 1.006834 -0.585490
v -0.627739 0.986826 -0.615160
v -0.606586 0.801583 -0.789372
v -0.534662 1.015041 0.344889
v -0.566368 0.960703 -0.011419
v -0.650148 0.919450 -0.262274
v -0.645502 0.967029 -0.406097
v -0.585420 1.055544 0.721560
v -0.661859 0.960182 -0.619405
v -0.559457 1.039806 0.890238
v -0.586289 0.948634 0.468498
v -0.556753 0.936408 0.155420
v -0.698316 0.819954 -0.682928
v -0.611422 0.933640 0.807593
v -0.627601 0.821717 0.404791
v -0.619552 0.824460 0.022714
v -0.647147 0.928087 0.650435
v -0.759555 0.762364 -0.241518
v -0.773785 0.642374 -0.696231
v -0.601092 0.906318 0.926354
v -0.644036 0.928131 0.667757
v -0.672361 0.779960 -0.056502
v -0.829964 0.771861 -0.513176
v -0.784752 0.811131 -0.574177
v -0.592582 0.901713 1.017422
v -0.665646 0.876471 0.606015
v -0.603138 0.735543 0.224330
v -0.604013 0.732986 0.174830
v -0.811731 0.795710 -0.545481
v -0.627674 0.760344 0.320852
v -0.620212 0.698687 0.163230
v -0.879167 0.709853 -0.487088
v -0.676330 0.842407 0.633529
v -0.699381 0.803586 0.569531
v -0.832874 0.751242 -0.550506
v -0.615058 0.704026 0.221363
v -0.738721 0.699543 -0.076325
v -0.921945 0.650893 -0.463143
v -0.860684 0.734328 -0.518879
v -0.689387 0.833081 0.602902
v -0.878717 0.693277 -0.523087
v -0.686101 0.730301 0.399460
v -0.640697 0.677638 0.206438
v -0.647974 0.675069 0.158766
v -0.803736 0.397464 -0.757993
v -0.658945 0.686561 0.915799
v -0.712757 0.781487 0.574329
v -0.721278 0.755103 0.534447
v -0.741226 0.633337 0.060580
v -0.889415 0.621629 -0.274724
v -0.915831 0.636138 -0.395406
v -0.906578 0.676340 -0.496345
v -0.663006 0.692154 0.824562
v -0.673842 0.693604 0.753051
v -0.698229 0.699091 0.670134
v -0.862995 0.604074 -0.163069
v -0.916876 0.395738 -0.621756
v -0.799312 0.577326 0.214642
v -0.676681 0.271115 -0.923737
v -0.737315 0.721548 0.564734
v -0.751665 0.717324 0.534441
v -0.760594 0.692921 0.501050
v -0.763430 0.642050 0.374976
v -0.788410 0.596237 0.286436
v -0.840501 0.589245 -0.066273
v -0.954240 0.524283 -0.507563
v -0.735829 0.635531 0.637081
v -0.800689 0.572684 0.137715
v -0.964611 0.535511 -0.472855
v -0.633173 0.696852 1.157497
v -0.770082 0.679857 0.533518
v -0.797508 0.653696 0.499299
v -0.810556 0.573203 0.084213
v -0.814753 0.577078 0.038248
v -0.908221 0.528496 -0.250773
v -0.866622 0.518966 -0.120900
v -0.716417 0.613239 0.715785
v -0.813822 0.587865 0.347295
v -0.823884 0.469066 0.016238
v -0.819902 0.620111 0.500468
v -0.804284 0.562195 0.247254
v -0.796034 0.485735 0.161763
v -1.022938 0.353822 -0.458686
v -1.001547 0.427975 -0.486786
v -0.695347 0.619488 0.804286
v -0.840843 0.594297 0.454416
v -0.820450 0.560554 0.347421
v -0.799444 0.426383 0.084986
v -0.887309 0.454118 -0.145382
v -0.936036 0.386240 -0.219602
v -0.985249 0.367616 -0.328604
v -1.044724 0.266847 -0.506855
v -0.827172 0.236115 -0.803440
v -0.654893 0.643160 1.132899
v -0.852875 0.557257 0.503745
v -0.836418 0.478270 0.388814
v -0.796678 0.432755 0.237807
v -0.838228 0.402354 -0.014202
v -0.925528 0.205965 -0.706106
v -0.642872 0.664582 1.162514
v -0.718576 0.573240 0.832433
v -0.750086 0.559426 0.713663
v -0.848364 0.533029 0.537386
v -0.860511 0.511106 0.502421
v -0.779508 0.367198 0.175252
v -0.675786 0.596903 1.104558
v -0.875236 0.308902 -0.044511
v -1.030664 0.120524 -0.612999
v -0.848401 0.105528 -0.857906
v -0.643104 0.626578 1.158248
v -0.698946 0.550172 1.075425
v -0.870447 0.484096 0.550460
v -0.769856 0.328749 0.135402
v -0.776529 0.317742 0.126053
v -0.664739 0.613582 1.136245
v -0.758485 0.480565 0.924586
v -0.975810 0.271162 -0.216257
v -1.087972 0.184536 -0.480332
v -0.824354 0.036022 -0.933541
v -0.662545 0.574405 1.132582
v -0.886352 0.418826 0.617198
v -0.876100 0.464077 0.538742
v -0.858001 0.375752 0.397709
v -1.045677 0.192664 -0.327801
v -0.687168 0.561614 1.107304
v -0.908609 0.380025 0.628929
v -0.886800 0.441652 0.576328
v -1.104252 0.124476 -0.452876
v -0.959586 -0.086230 -0.855557
v -0.837833 0.402753 0.812635
v -0.906590 0.342368 0.705710
v -0.847939 0.291438 0.278004
v -0.844620 0.261464 0.214786
v -0.829121 0.275449 0.079894
v -0.956564 0.202594 -0.101553
v -0.685329 0.523539 1.103838
v -0.714629 0.514093 1.072718
v -0.898039 0.399438 0.583316
v -0.857127 0.234253 0.134065
v -0.717036 0.491012 1.073710
v -0.929900 0.257247 0.549565
v -0.883994 0.215322 0.064145
v -1.117117 0.082255 -0.487730
v -1.010632 -0.046171 -0.755273
v -0.754126 0.446592 1.034123
v -0.894645 0.239609 0.367979
v -1.135130 -0.036538 -0.332029
v -0.795359 0.392041 0.985615
v -0.931778 0.311794 0.655818
v -0.891206 0.195128 0.241112
v -1.040943 0.098050 -0.199774
v -0.749241 0.426101 1.041726
v -0.873058 0.328979 0.848069
v -0.906610 0.162816 0.148301
v -0.974481 0.089930 0.017550
v -0.643949 0.404608 1.108685
v -0.779494 0.401742 1.017047
v -0.816143 0.347093 0.985433
v -0.942517 0.275198 0.710270
v -0.938955 0.190086 0.510563
v -1.170651 -0.062693 -0.453963
v -0.786185 0.359725 1.010404
v -0.956677 0.226439 0.706596
v -0.925398 0.155139 0.350243
v -0.967458 0.060017 0.133614
v -1.068658 -0.137945 -0.717922
v -0.840868 0.313145 0.956053
v -1.099920 -0.251847 -0.725092
v -0.980879 -0.282999 -0.958485
v -0.825911 0.296454 0.979669
v -0.957660 0.213807 0.757633
v -0.956769 0.069885 0.268067
v -1.121680 -0.095515 -0.200573
v -0.862456 0.268868 0.948686
v -0.930240 0.208371 0.848939
v -0.965361 0.071422 0.466644
v -1.060343 -0.070761 -0.018882
v -0.704884 0.327437 1.063902
v -0.864966 0.237728 0.948684
v -0.966570 0.108823 0.630057
v -1.011417 -0.034229 0.140436
v -0.907721 0.194074 0.909847
v -0.966416 0.170719 0.778490
v -1.199043 -0.203363 -0.455684
v -1.126344 -0.278820 -0.682506
v -0.957107 0.140717 0.836428
v -0.994743 -0.023156 0.258738
v -1.223735 -0.291227 -0.413174
v -0.982983 -0.434311 -1.029577
v -0.905909 0.157493 0.915696
v -0.939033 0.132652 0.887469
v -0.931352 -0.012889 0.848824
v -0.986946 -0.022092 0.416478
v -1.193181 -0.274711 -0.270130
v -0.976302 0.014986 0.486625
v -1.042299 -0.125524 0.159272
v -1.194010 -0.347875 -0.531028
v -0.911127 0.062716 0.908723
v -0.938997 0.077646 0.882703
v -1.018043 -0.116004 0.309876
v -1.103603 -0.221798 0.004917
v -0.961300 -0.527568 -1.097009
v -1.030491 -0.571223 -0.977888
v -1.236345 -0.447823 -0.338972
v -1.231600 -0.428555 -0.417380
v -1.081825 -0.584136 -0.865873
v -0.949808 -0.106092 0.618029
v -0.997502 -0.189812 0.383991
v -1.068326 -0.252997 0.185059
v -1.135966 -0.557881 -0.705465
v -0.708123 -0.068137 1.050275
v -0.905215 -0.037508 0.901894
v -0.972232 -0.132705 0.492079
v -1.099031 -0.337662 0.111518
v -0.910469 -0.065582 0.890826
v -1.241575 -0.520697 -0.356148
v -1.179048 -0.495936 -0.124360
v -1.080773 -0.623692 -0.843362
v -0.930547 -0.715094 -1.019545
v -0.994672 -0.257845 0.380582
v -1.040537 -0.299893 0.245302
v -1.220000 -0.591896 -0.256446
v -1.234398 -0.567849 -0.319781
v -0.936947 -0.216098 0.604628
v -1.121091 -0.648892 -0.620919
v -0.958452 -0.764038 -0.918290
v -0.882033 -0.192298 0.877841
v -1.128106 -0.611450 -0.095393
v -1.200885 -0.647023 -0.257878
v -1.164825 -0.716173 -0.304531
v -1.042450 -0.771910 -0.721601
v -0.858358 -0.219872 0.906009
v -0.830317 -0.338373 0.788021
v -1.096314 -0.743139 -0.533494
v -0.828730 -0.404164 0.684184
v -1.117876 -0.743198 -0.173410
v -0.912362 -0.833519 -0.904212
v -1.113077 -0.779660 -0.249344
v -0.796274 -0.289708 0.935967
v -0.891326 -0.520083 0.389734
v -0.711683 -0.441083 0.935471
v -0.877781 -0.636394 0.323343
v -0.870598 -0.946916 -0.755296
v -0.691227 -0.563714 0.810646
v -1.003649 -0.854529 -0.126979
v -0.705300 -0.433744 0.948965
v -0.803166 -0.627201 0.480704
v -0.933161 -0.842936 0.043979
v -0.828305 -1.018590 -0.518289
v -0.751422 -0.559645 0.674637
v -0.886889 -0.897782 -0.001741
v -0.772655 -0.931023 -0.991446
v -0.819018 -0.823728 0.248791
v -0.784744 -1.055000 -0.613425
v -0.867572 -0.954786 -0.230021
v -0.752586 -1.014933 -0.857145
v -0.811196 -0.873048 0.168154
v -0.519038 -0.284644 1.127593
v -0.656320 -0.720349 0.647720
v -0.699503 -0.781664 0.490713
v -0.770632 -1.013516 -0.288051
v -0.699063 -1.084430 -0.760088
v -0.624616 -0.537977 0.959878
v -0.682775 -0.764845 0.543220
v -0.733623 -0.937132 0.117649
v -0.734002 -1.086155 -0.613905
v -0.622500 -0.564853 0.937245
v -0.641105 -1.068275 -0.941091
v -0.455596 -0.472417 1.097550
v -0.625547 -0.734384 0.681235
v -0.618196 -0.849449 0.445099
v -0.567675 -0.625910 0.953446
v -0.644958 -0.776530 0.571113
v -0.645883 -1.021029 -0.122052
v -0.594900 -1.105556 -0.422341
v -0.603188 -1.149347 -0.714960
v -0.601214 -0.726492 0.732333
v -0.568687 -0.965343 0.224277
v -0.623335 -1.143038 -0.668734
v -0.560321 -1.126190 -0.921139
v -0.507244 -0.641914 0.983881
v -0.545386 -0.665927 0.932098
v -0.567282 -0.720091 0.787629
v -0.542619 -0.830171 0.564983
v -0.478881 -0.611359 1.014070
v -0.506885 -0.720845 0.841191
v -0.503528 -1.092270 -1.071199
v -0.413104 -0.593952 1.057494
v -0.441316 -0.811302 0.679995
v -0.431408 -0.626336 1.028359
v -0.443410 -0.651851 0.985381
v -0.515976 -1.085004 -0.251406
v -0.276295 -0.553926 1.150462
v -0.345175 -0.575642 1.102460
v -0.520732 -1.187807 -0.713750
v -0.462313 -1.186792 -0.886126
v -0.413769 -1.168011 -1.014777
v -0.362869 -0.608839 1.073101
v -0.375791 -0.632309 1.031807
v -0.339397 -0.992365 0.347214
v -0.417424 -1.221795 -0.727940
v -0.364408 -1.188204 -0.523079
v -0.414570 -1.227093 -0.773550
v -0.292158 -0.591231 1.119334
v -0.305754 -0.612112 1.080786
v -0.324207 -0.930015 0.492506
v -0.342202 -1.124743 -0.263190
v -0.335399 -1.233572 -0.908151
v -0.181336 -0.539167 1.202679
v -0.211029 -0.577626 1.167687
v -0.232159 -0.595133 1.128072
v -0.195650 -0.641573 1.045063
v -0.208720 -1.082368 0.036520
v 0.011941 -0.752508 0.823156
v -0.125343 -0.836401 0.648661
v -0.221071 -1.008762 0.379279
v -0.251909 -1.246162 -0.683331
v -0.283549 -1.266126 -0.816776
v -0.022229 -0.502736 1.223802
v -0.025478 -0.585180 1.173390
v -0.278575 -1.230587 -0.981875
v -0.281000 -1.197170 -1.064021
v 0.009188 -0.320047 1.306964
v -0.050054 -1.035216 0.349792
v -0.185537 -1.242383 -1.018307
v 0.121484 -0.709224 0.936635
v 0.017686 -1.062104 0.282751
v -0.113016 -1.170876 -0.303338
v -0.184021 -1.285734 -0.861964
v 0.244020 -0.495594 1.199975
v 0.157901 -0.586299 1.161045
v 0.125288 -0.854869 0.641871
v -0.135715 -1.267003 -0.718331
v 0.111711 -0.613549 1.129818
v 0.013846 -0.926144 0.512154
v 0.117321 -1.152585 -0.120000
v -0.082081 -1.292700 -0.896772
v -0.073981 -1.262351 -1.000853
v -0.042940 -1.277475 -0.762065
v 0.230169 -0.626493 1.118166
v 0.379699 -0.716782 0.937408
v 0.259854 -0.808414 0.753534
v 0.191761 -1.102461 0.162707
v 0.041224 -1.286846 -0.935814
v 0.068997 -1.242866 -1.036769
v 0.292571 -0.590461 1.142143
v 0.306305 -0.630447 1.113512
v 0.344979 -1.075812 0.313714
v 0.156287 -1.210223 -0.416744
v 0.326533 -0.649278 1.074727
v 0.105518 -1.268956 -0.749379
v 0.140567 -1.270138 -0.850428
v 0.386174 -0.559004 1.139384
v 0.150890 -1.259502 -0.977741
v 0.428224 -0.609415 1.054534
v 0.368838 -0.923202 0.573164
v 0.257195 -1.178066 -0.238742
v 0.213500 -1.251870 -0.742183
v 0.391543 -0.693141 0.976518
v 0.233826 -1.245937 -0.906468
v 0.509356 -0.445000 1.162513
v 0.510443 -0.858344 0.687651
v 0.390610 -1.058062 0.366700
v 0.298900 -1.218307 -0.590938
v 0.461102 -0.781694 0.817961
v 0.471384 -0.971592 0.501502
v 0.381662 -1.172362 -0.275795
v 0.254625 -1.222612 -1.004894
v 0.461498 -1.006826 0.446376
v 0.425732 -1.062077 0.356701
v 0.520105 -0.599185 0.988262
v 0.461442 -1.029734 0.389283
v 0.533353 -0.844326 0.692111
v 0.502147 -0.967002 0.501359
v 0.496902 -0.988228 0.442484
v 0.479142 -1.093294 0.131657
v 0.587341 -0.374064 1.165793
v 0.608358 -0.544068 0.962318
v 0.542121 -0.872285 0.634844
v 0.509213 -1.083556 0.101231
v 0.330891 -1.222688 -0.787672
v 0.615374 -0.627483 0.851121
v 0.595107 -0.972170 0.220682
v 0.546699 -1.106122 -0.053576
v 0.631469 -0.876836 0.456550
v 0.520792 -1.149555 -0.380612
v 0.359926 -1.203548 -0.882810
v 0.707534 -0.826319 0.399538
v 0.641523 -1.027211 -0.088567
v 0.649478 -0.287453 1.186897
v 0.685779 -0.752432 0.619430
v 0.436080 -1.163870 -0.872164
v 0.683364 -0.879784 0.238954
v 0.647094 -1.092155 -0.262765
v 0.717784 -0.569660 0.768233
v 0.598530 -1.122486 -0.469971
v 0.791050 -0.840813 -0.028748
v 0.773241 -0.917586 -0.167115
v 0.766512 -0.702796 0.550911
v 0.657624 -1.090201 -0.499555
v 0.560204 -1.109336 -0.751946
v 0.401750 0.945569 1.275990
v -0.158783 1.167193 1.404772
v -0.352087 1.186856 1.339960
v -0.378363 1.171266 1.339376
v 0.564497 0.917310 1.149827
v -0.301512 1.193705 1.348205
v 0.285567 0.960187 1.385760
v -0.109826 1.068964 1.500691
v -0.450223 1.073964 1.325014
v 0.343721 0.906141 1.362102
v -0.340724 1.159552 1.383683
v -0.377124 1.087098 1.401687
v -0.499610 0.993223 1.305996
v 0.538516 0.772893 1.231667
v -0.281674 1.107346 1.473648
v 0.489619 0.763445 1.271147
v -0.239155 1.103800 1.488559
v -0.248394 1.073875 1.521472
v 0.656277 0.778465 1.173646
v 0.452739 0.778351 1.300168
v -0.216751 1.042055 1.549486
v -0.272549 1.072707 1.503837
v -0.542256 0.911492 1.275382
v 0.100258 0.927535 1.544997
v -0.371122 0.996530 1.452807
v 0.343272 0.821875 1.433116
v 0.284205 0.855497 1.483932
v -0.250052 0.984489 1.563731
v 0.444156 0.757372 1.332758
v -0.100632 0.965708 1.593863
v 0.527974 0.728839 1.272840
v -0.027921 0.923065 1.606252
v -0.386864 0.916924 1.459358
v -0.566054 0.853539 1.257507
v 0.487423 0.732445 1.305814
v 0.059348 0.884881 1.604353
v 0.641479 0.688088 1.258818
v 0.159464 0.841803 1.590015
v -0.185079 0.935874 1.606948
v -0.220469 0.935951 1.599720
v -0.222212 0.876306 1.611678
v -0.575968 0.801732 1.249496
v 0.272357 0.807257 1.553718
v -0.393138 0.804427 1.462394
v 0.056627 0.867413 1.612155
v -0.108022 0.854626 1.636784
v 0.406521 0.707311 1.479749
v -0.198366 0.784211 1.635994
v -0.509748 0.727958 1.316309
v 0.581567 0.650745 1.346495
v 0.370985 0.723957 1.507932
v 0.293610 0.771005 1.548293
v 0.127718 0.765556 1.608168
v 0.049567 0.808271 1.625061
v 0.551332 0.627431 1.408374
v 0.489632 0.654039 1.439801
v -0.190263 0.821446 1.638451
v 0.446897 0.672261 1.464001
v 0.431599 0.684773 1.473218
v -0.052379 0.746156 1.648805
v -0.294593 0.728821 1.544729
v -0.162004 0.742946 1.647712
v -0.395538 0.674328 1.430395
v -0.557897 0.643690 1.243137
v 0.267847 0.677421 1.543032
v 0.144741 0.667993 1.593182
v -0.454180 0.618754 1.338242
v 0.604562 0.590141 1.395211
v 0.571984 0.606883 1.409306
v 0.663898 0.567578 1.372059
v 0.487824 0.644329 1.444102
v 0.372223 0.631411 1.480405
v -0.005489 0.663231 1.636910
v 0.514914 0.616443 1.429709
v -0.164522 0.653758 1.643878
v -0.519039 0.561029 1.244297
v -0.167842 0.564398 1.616854
v -0.291301 0.586859 1.498061
v 0.462505 0.588801 1.434556
v 0.275734 0.569119 1.491776
v 0.036380 0.583187 1.609240
v 0.535457 0.521494 1.399147
v -0.136221 0.536053 1.621451
v -0.409497 0.461400 1.286231
v -0.476793 0.457827 1.220908
v 0.648998 0.420560 1.354055
v 0.353309 0.487775 1.408559
v -0.270818 0.485652 1.474059
v 0.312660 0.462595 1.415275
v 0.141963 0.497354 1.534369
v 0.546759 0.425277 1.371000
v -0.144792 0.436208 1.590805
v -0.424558 0.423919 1.256649
v -0.484331 0.377196 1.196740
v 0.402457 0.454948 1.387887
v -0.118839 0.377160 1.570654
v 0.059913 0.384019 1.534428
v 0.598373 0.305580 1.341313
v 0.165508 0.427323 1.496545
v 0.644598 0.063090 1.289709
v 0.375593 0.411410 1.382927
v -0.226466 0.321809 1.470265
v -0.296081 0.382810 1.407426
v -0.153884 0.259863 1.521496
v -0.413461 0.332184 1.267025
v -0.326774 0.318610 1.360107
v 0.764327 0.065656 1.250689
v 0.399204 0.288912 1.372450
v 0.253266 0.342712 1.428522
v 0.165044 0.271046 1.458632
v 0.077937 0.261100 1.491658
v -0.015545 0.209572 1.498105
v -0.465964 0.186293 1.231934
v -0.602370 0.093468 1.131641
v 0.478478 0.094728 1.335792
v -0.282725 0.198560 1.389325
v -0.358936 0.183608 1.319121
v 0.370793 0.100390 1.362980
v 0.274397 0.162104 1.399850
v 0.100183 0.092442 1.440426
v -0.139900 0.100970 1.477813
v -0.219074 0.103556 1.421586
v 0.661850 -0.078588 1.253095
v -0.357280 0.084556 1.309309
v 0.761031 -0.123802 1.197431
v -0.161467 -0.002493 1.431888
v -0.498755 0.037188 1.204981
v -0.359499 -0.030165 1.287112
v 0.240592 -0.008596 1.375514
v 0.070937 -0.162603 1.363953
v 0.543162 -0.166169 1.263642
v -0.153088 -0.134399 1.388946
v -0.278580 -0.126672 1.316494
v 0.717801 -0.196796 1.192761
v -0.573809 -0.127312 1.135342
v -0.380310 0.572888 -1.037602
v -0.234921 0.571726 -1.027197
v 0.297944 0.540975 -1.028003
v -0.525472 0.504377 -1.003069
v -0.026709 0.512016 -1.017339
v 0.028659 0.507227 -1.019637
v 0.496132 0.517352 -1.011029
v -0.452741 0.546300 -1.053435
v -0.456418 0.492086 -1.076828
v -0.430544 0.523128 -1.069355
v 0.240166 0.474799 -1.067493
v -0.262845 0.476725 -1.083770
v 0.545947 0.423306 -1.057081
v -0.062056 0.444477 -1.056513
v -0.002349 0.415501 -1.075851
v 0.159933 0.421124 -1.097764
v -0.441179 0.458684 -1.106630
v -0.419041 0.467773 -1.106145
v 0.392396 0.416903 -1.095314
v -0.296789 0.400088 -1.143500
v -0.072996 0.384412 -1.104036
v -0.429642 0.406350 -1.146299
v 0.234910 0.358210 -1.148747
v -0.529684 0.353246 -1.062510
v -0.393706 0.329171 -1.206454
v 0.101774 0.303884 -1.191383
v -0.249146 0.311015 -1.206934
v 0.647618 0.248354 -1.129115
v -0.519829 0.257093 -1.128790
v -0.427247 0.307219 -1.203777
v 0.014877 0.194866 -1.291538
v 0.200070 0.241196 -1.247792
v 0.353722 0.230733 -1.232438
v 0.667291 0.265773 -1.086433
v -0.644499 0.188956 -1.004660
v 0.616226 0.210834 -1.164945
v -0.410900 0.245318 -1.256383
v -0.398828 0.288858 -1.238079
v -0.203688 0.220658 -1.283320
v 0.667969 0.238062 -1.115695
v -0.373453 0.189939 -1.316711
v 0.500293 0.183123 -1.226838
v 0.650076 0.206681 -1.150302
v 0.665131 0.205819 -1.122477
v 0.228326 0.177116 -1.295086
v 0.331601 0.109396 -1.325471
v 0.603655 0.140047 -1.207913
v 0.629402 0.152760 -1.187674
v 0.645583 0.161086 -1.161052
v 0.582527 0.079163 -1.251749
v -0.541411 0.138628 -1.190370
v -0.392070 0.160995 -1.326531
v -0.370657 0.157199 -1.343997
v -0.345033 0.083366 -1.403533
v -0.127078 0.029184 -1.442677
v 0.610014 0.087404 -1.231679
v 0.626688 0.096910 -1.202838
v 0.393996 -0.006994 -1.377928
v 0.563820 0.011428 -1.297403
v 0.669580 0.039250 -1.125978
v -0.375606 0.094416 -1.381004
v 0.023705 -0.022548 -1.460050
v 0.591157 0.019330 -1.277336
v 0.608372 0.029374 -1.247063
v -0.575966 0.035897 -1.237656
v 0.545710 -0.062091 -1.344854
v -0.349048 0.002317 -1.452261
v -0.195356 -0.036592 -1.491260
v 0.514309 -0.126876 -1.395851
v 0.572342 -0.052296 -1.324618
v 0.590105 -0.041667 -1.293770
v -0.302854 -0.081715 -1.520349
v 0.649021 -0.197987 -1.219244
v -0.120203 -0.109239 -1.529279
v 0.139416 -0.132955 -1.504936
v 0.553069 -0.128292 -1.373327
v 0.572660 -0.118423 -1.341931
v -0.599209 -0.028461 -1.268336
v -0.462677 -0.062076 -1.416372
v 0.228750 -0.180868 -1.509028
v -0.462618 -0.206776 -1.481923
v -0.313909 -0.113970 -1.526692
v -0.092442 -0.161090 -1.538264
v 0.078105 -0.171275 -1.528654
v 0.385973 -0.190240 -1.469483
v 0.527367 -0.203953 -1.421438
v 0.555762 -0.191201 -1.388076
v 0.607195 -0.212171 -1.303643
v -0.700736 -0.212333 -1.287256
v -0.589191 -0.269902 -1.419962
v -0.388806 -0.174157 -1.503564
v -0.228316 -0.261788 -1.518519
v 0.333059 -0.319199 -1.467016
v 0.558756 -0.286355 -1.392977
v 0.620644 -0.451218 -1.312798
v -0.324126 -0.362723 -1.487331
v 0.050343 -0.333137 -1.507654
v 0.428674 -0.408346 -1.425119
v -0.468524 -0.345935 -1.457953
v -0.681293 -0.332878 -1.370035
v -0.136663 -0.482194 -1.483525
v 0.217849 -0.463410 -1.463784
v 0.594785 -0.448332 -1.337363
v 0.018717 -0.474010 -1.483485
v -0.622059 -0.314782 -1.409319
v -0.615644 -0.496851 -1.373105
v -0.433200 -0.540983 -1.423989
v 0.470694 -0.495489 -1.384421
v -0.785076 -0.409897 -1.300392
v -0.701356 -0.382934 -1.359016
v -0.244944 -0.512742 -1.464869
v 0.576985 -0.617755 -1.292118
v 0.627396 -0.499489 -1.301960
v 0.102481 -0.708982 -1.403015
v 0.663300 -0.563651 -1.249626
v 0.737761 -0.559848 -1.102374
v -0.815361 -0.433136 -1.271208
v -0.174818 -0.732268 -1.404434
v 0.254433 -0.664521 -1.392281
v -0.577825 -0.641494 -1.345817
v -0.047442 -0.731994 -1.405697
v 0.427688 -0.668634 -1.337332
v 0.699435 -0.673558 -1.188287
v -0.751971 -0.539372 -1.284956
v -0.280832 -0.791936 -1.370671
v -0.464692 -0.743654 -1.344877
v 0.465763 -0.762968 -1.280548
v 0.634745 -0.743063 -1.193074
v -0.856737 -0.497292 -1.218855
v 0.324170 -0.780131 -1.325576
v -0.720352 -0.655034 -1.262640
v -0.855183 -0.593003 -1.181040
v 0.066770 -0.855382 -1.350045
v 0.143723 -0.916485 -1.309746
v 0.541211 -0.834789 -1.197857
v -0.184406 -0.872257 -1.350338
v -0.045421 -0.915354 -1.334146
v -0.633401 -0.776350 -1.262092
v 0.504207 -0.898603 -1.177453
v -0.491320 -0.847920 -1.292141
v -0.341819 -0.869204 -1.328046
v -0.266054 -0.958383 -1.301082
v -0.742192 -0.774626 -1.186946
v -0.177140 -0.986855 -1.296915
v -0.029920 -1.006465 -1.286126
v 0.268759 -0.933152 -1.268385
v 0.442801 -0.941350 -1.186450
v -0.795705 -0.783472 -1.130450
v -0.404631 -0.942071 -1.272875
v -0.676997 -0.875911 -1.165807
v -0.527002 -0.929797 -1.225613
v 0.073961 -1.055418 -1.241551
v 0.296758 -1.047996 -1.182254
v -0.105925 -1.067944 -1.250055
v 0.181743 -1.054843 -1.216265
v 0.394021 -1.029564 -1.146495
v 0.426450 -1.016057 -1.135167
v 0.524071 -0.961238 -1.050006
v -0.263886 -1.063187 -1.234380
v -0.595531 -0.959520 -1.155186
v -0.390229 -1.063123 -1.188240
v 0.389167 -1.084083 -1.100127
v -0.122178 -1.121402 -1.206121
v 0.063455 -1.131927 -1.182420
v 0.242932 -1.154498 -1.105685
v -0.538766 -1.029478 -1.127163
v 0.338378 -1.128519 -1.087433
v -0.663417 -0.959005 -1.093616
v -0.274209 -1.141362 -1.155027
v -0.182751 -1.154927 -1.165341
v -0.055596 -1.197991 -1.122421
v 0.048687 -1.192201 -1.118098
v 0.156291 -1.187971 -1.096037
vn 0.8136 -0.4485 0.3701
vn 0.9009 -0.2751 0.3359
vn 0.8707 -0.3785 0.3140
vn 0.8335 -0.3781 0.4028
vn 0.6704 -0.7132 0.2049
vn 0.6879 -0.7051 0.1721
vn 0.7743 -0.5762 0.2618
vn 0.8819 -0.2834 0.3768
vn 0.6242 -0.7724 0.1171
vn 0.7038 -0.7089 0.0465
vn 0.7328 -0.6453 0.2157
vn 0.7991 -0.4771 0.3658
vn 0.8674 -0.4000 0.2960
vn 0.7089 -0.6576 0.2549
vn 0.7053 -0.6710 0.2287
vn 0.9195 -0.1784 0.3503
vn 0.6114 -0.7379 -0.2859
vn 0.6726 -0.5975 -0.4367
vn 0.6571 -0.6876 -0.3090
vn 0.9518 -0.1567 0.2636
vn 0.7128 -0.6600 0.2373
vn 0.7075 -0.6818 0.1859
vn 0.9230 -0.3004 0.2403
vn 0.9616 -0.2178 0.1672
vn 0.9470 -0.2446 0.2083
vn 0.9731 -0.1490 0.1758
vn 0.8741 -0.4083 0.2629
vn 0.7569 -0.6299 0.1743
vn 0.7291 -0.6515 0.2094
vn 0.7290 -0.6757 -0.1093
vn 0.8478 -0.3754 -0.3746
vn 0.7545 -0.6020 -0.2614
vn 0.7421 -0.5163 -0.4274
vn 0.6603 -0.6327 -0.4047
vn 0.6820 -0.5947 -0.4255
vn 0.8138 -0.5732 0.0957
vn 0.8318 -0.5528 0.0507
vn 0.8493 -0.5252 0.0539
vn 0.7887 -0.5564 -0.2613
vn 0.8984 -0.3481 0.2680
vn 0.9155 -0.3245 0.2379
vn 0.8915 -0.3324 0.3078
vn 0.9958 -0.0746 0.0534
vn 0.9989 0.0157 0.0441
vn 0.9986 -0.0525 0.0049
vn 0.7362 -0.6470 0.1987
vn 0.9201 -0.3736 -0.1175
vn 0.8314 -0.5443 0.1115
vn 0.8524 -0.3762 0.3633
vn 0.6734 -0.2683 0.6889
vn 0.6391 -0.3089 0.7044
vn 0.9708 -0.2337 0.0543
vn 0.9571 -0.2694 0.1064
vn 0.9935 -0.1130 0.0138
vn 0.9546 -0.0522 0.2934
vn 0.9394 -0.0548 0.3385
vn 0.9746 0.0671 0.2136
vn 0.9125 -0.3294 0.2426
vn 0.9450 -0.0772 0.3179
vn 0.7969 -0.5862 0.1461
vn 0.7964 -0.5927 0.1198
vn 0.7949 -0.5952 0.1176
vn 0.7989 -0.5899 0.1172
vn 0.7988 -0.5903 0.1164
vn 0.9092 -0.3533 -0.2201
vn 0.9098 -0.0588 -0.4109
vn 0.9036 -0.0344 -0.4270
vn 0.5209 -0.2132 0.8266
vn 0.7787 -0.5845 -0.2279
vn 0.8660 -0.2746 0.4180
vn 0.9958 0.0512 0.0764
vn 0.7984 -0.5394 -0.2675
vn 0.9190 -0.1270 -0.3732
vn 0.9041 -0.0617 -0.4229
vn 0.8899 0.0127 -0.4561
vn 0.9020 -0.0686 -0.4261
vn 0.9118 -0.0560 -0.4067
vn 0.8947 -0.1122 -0.4323
vn 0.8947 0.0309 -0.4456
vn 0.9809 -0.0628 0.1838
vn 0.9730 0.0626 0.2220
vn 0.9042 -0.0456 -0.4246
vn 0.9092 0.0242 -0.4157
vn 0.8177 -0.2280 0.5286
vn 0.9909 0.1061 0.0826
vn 0.9958 0.0682 0.0618
vn 0.9954 0.0831 0.0476
vn 0.9051 0.0572 -0.4213
vn 0.9017 0.0801 -0.4248
vn 0.9864 -0.1545 -0.0558
vn 0.9700 -0.2432 0.0036
vn 0.8782 0.0859 -0.4705
vn 0.9340 -0.3120 0.1742
vn 0.9544 -0.2441 0.1718
vn 0.9296 -0.3039 0.2083
vn 0.9687 -0.2372 -0.0732
vn 0.9886 -0.1431 -0.0478
vn 0.9648 0.0422 0.2596
vn 0.9979 -0.0418 0.0499
vn 0.9134 0.0600 -0.4026
vn 0.9383 -0.1388 0.3169
vn 0.9573 -0.0097 0.2891
vn 0.9460 0.0595 0.3187
vn 0.9673 0.0908 0.2368
vn 0.9422 0.1013 -0.3194
vn 0.7106 -0.0202 0.7033
vn 0.9712 -0.2266 0.0744
vn 0.9619 -0.2501 0.1105
vn 0.9769 -0.0949 0.1914
vn 0.9685 0.0448 0.2448
vn 0.9750 -0.2208 0.0236
vn 0.9589 -0.2825 -0.0275
vn 0.9961 0.0876 -0.0085
vn 0.9843 0.1014 0.1442
vn 0.8925 -0.0508 0.4482
vn 0.9036 0.0272 0.4276
vn 0.8168 0.1059 0.5671
vn 0.9838 0.1058 0.1447
vn 0.9284 0.1055 -0.3564
vn 0.9398 -0.1457 0.3090
vn 0.9720 -0.0651 0.2257
vn 0.9747 -0.1204 0.1881
vn 0.6505 -0.0145 0.7594
vn 0.6532 0.0400 0.7561
vn 0.9378 -0.2038 0.2812
vn 0.9286 -0.2325 0.2893
vn 0.9442 -0.2734 0.1836
vn 0.8803 0.1528 0.4491
vn 0.8298 0.2081 0.5178
vn 0.8578 0.0757 -0.5084
vn 0.8621 0.0591 -0.5034
vn 0.8758 0.0119 -0.4826
vn 0.5943 0.2388 0.7680
vn 0.9617 -0.2740 -0.0028
vn 0.9777 -0.2062 0.0392
vn 0.9377 -0.3274 0.1166
vn 0.9906 0.0301 0.1334
vn 0.9949 -0.0557 0.0840
vn 0.8669 0.2391 0.4375
vn 0.9897 0.1131 0.0876
vn 0.9936 0.0814 0.0786
vn 0.9901 0.0403 0.1346
vn 0.9820 -0.1518 0.1120
vn 0.8302 -0.0290 -0.5567
vn 0.8782 -0.0412 -0.4766
vn 0.6749 0.4284 0.6008
vn 0.9995 0.0190 0.0240
vn 0.8308 0.3208 0.4549
vn 0.9489 -0.2680 0.1667
vn 0.9399 -0.3365 0.0582
vn 0.9480 0.0765 -0.3089
vn 0.9211 0.1056 -0.3746
vn 0.9255 0.0856 -0.3689
vn 0.9083 0.0201 -0.4179
vn 0.8742 -0.0369 -0.4841
vn 0.9619 -0.2659 0.0641
vn 0.9371 -0.2658 0.2261
vn 0.9647 -0.2071 0.1625
vn 0.9721 -0.0333 -0.2324
vn 0.9942 -0.0276 0.1039
vn 0.9802 -0.1893 0.0576
vn 0.9800 -0.1949 0.0411
vn 0.8900 -0.0513 -0.4532
vn 0.6647 0.4574 0.5908
vn 0.8603 0.3286 0.3899
vn 0.8252 0.3611 0.4343
vn 0.9908 -0.0824 0.1070
vn 0.9901 -0.1364 0.0329
vn 0.9802 -0.1757 0.0909
vn 0.9985 0.0491 0.0256
vn 0.9926 -0.0951 0.0762
vn 0.9904 -0.1213 0.0661
vn 0.9880 -0.1542 0.0021
vn 0.9980 -0.0246 0.0576
vn 0.9896 -0.1358 0.0478
vn 0.7897 0.1433 -0.5965
vn 0.8114 -0.0079 -0.5845
vn 0.8276 0.2695 -0.4924
vn 0.7866 0.2282 -0.5737
vn 0.9054 0.0477 -0.4219
vn 0.9984 -0.0458 0.0321
vn 0.9954 -0.0894 0.0331
vn 0.9974 0.0659 0.0287
vn 0.9994 0.0174 -0.0300
vn 0.9993 0.0380 -0.0015
vn 0.9022 0.1667 -0.3977
vn 0.9909 -0.1312 -0.0298
vn 0.6828 0.4203 -0.5976
vn 0.8500 0.3905 0.3537
vn 0.8008 0.4542 0.3904
vn 0.9888 0.1311 0.0718
vn 0.9957 -0.0423 0.0822
vn 0.9956 -0.0901 -0.0242
vn 0.9994 -0.0316 0.0142
vn 0.7755 0.2593 -0.5756
vn 0.7000 0.5897 -0.4029
vn 0.7717 0.4968 -0.3971
vn 0.6644 0.4632 -0.5866
vn 0.6248 0.5074 -0.5934
vn 0.5057 0.5231 0.6860
vn 0.4511 0.4991 0.7399
vn 0.4325 0.5789 0.6912
vn 0.9982 -0.0106 0.0598
vn 0.9865 0.0854 -0.1398
vn 0.8741 0.4750 -0.1017
vn 0.6508 0.5636 -0.5088
vn 0.7927 0.3960 -0.4634
vn 0.9996 0.0202 -0.0206
vn 0.9997 0.0116 -0.0231
vn 0.9927 0.1103 -0.0492
vn 0.9930 -0.0124 -0.1171
vn 0.7277 0.6155 -0.3026
vn 0.6863 0.6723 -0.2775
vn 0.7308 0.6112 -0.3040
vn 0.7063 0.6719 -0.2227
vn 0.6692 0.7094 -0.2211
vn 0.7061 0.4593 0.5390
vn 0.7375 0.5354 0.4117
vn 0.9915 0.1157 -0.0600
vn 0.9954 0.0911 0.0303
vn 0.9829 0.1580 -0.0947
vn 0.9471 0.2016 -0.2497
vn 0.7047 0.6366 -0.3132
vn 0.6185 0.5395 -0.5713
vn 0.6401 0.4777 -0.6017
vn 0.9783 0.1765 -0.1086
vn 0.9451 0.2159 -0.2451
vn 0.8153 0.5280 0.2377
vn 0.9551 0.2260 -0.1919
vn 0.7617 0.5566 -0.3316
vn 0.7688 0.5717 -0.2866
vn 0.6194 0.6995 -0.3564
vn 0.5857 0.7886 -0.1870
vn 0.5772 0.7768 -0.2517
vn 0.6449 0.6467 -0.4074
vn 0.9417 0.3345 -0.0372
vn 0.6249 0.7225 -0.2957
vn 0.5353 0.7960 -0.2825
vn 0.5990 0.5009 -0.6247
vn 0.6861 0.7019 0.1913
vn 0.5887 0.7842 -0.1960
vn 0.4922 0.5357 0.6861
vn 0.5099 0.4996 0.7003
vn 0.4620 0.8860 -0.0404
vn 0.6137 0.7764 0.1438
vn 0.4827 0.7955 -0.3664
vn 0.5108 0.7684 -0.3856
vn 0.6279 0.6646 -0.4049
vn 0.6561 0.5367 0.5306
vn 0.5665 0.6067 0.5576
vn 0.6731 0.6202 0.4029
vn 0.6955 0.6261 0.3526
vn 0.6092 0.7890 -0.0793
vn 0.6533 0.5314 -0.5393
vn 0.6358 0.5068 -0.5822
vn 0.4995 0.8321 -0.2411
vn 0.5950 0.7968 -0.1051
vn 0.5054 0.8386 -0.2034
vn 0.5590 0.7051 -0.4363
vn 0.6293 0.7680 -0.1192
vn 0.6630 0.5789 -0.4747
vn 0.6200 0.4705 -0.6278
vn 0.6054 0.4860 -0.6303
vn 0.7483 -0.5221 0.4092
vn 0.6811 -0.6164 -0.3952
vn 0.5930 -0.7606 -0.2644
vn 0.9222 0.0465 -0.3838
vn 0.4694 0.5984 0.6493
vn 0.3965 -0.1156 0.9107
vn 0.5613 -0.2147 0.7993
vn 0.8358 -0.4117 0.3633
vn 0.8197 -0.3672 0.4395
vn 0.8007 -0.4445 0.4016
vn 0.8505 -0.4007 0.3406
vn 0.4237 0.8784 -0.2211
vn 0.3112 0.9484 -0.0608
vn 0.5415 0.7422 -0.3949
vn 0.5263 0.7434 -0.4128
vn 0.5253 0.8046 -0.2769
vn 0.5206 0.8444 -0.1264
vn 0.6432 0.7566 -0.1175
vn 0.5989 0.4911 -0.6326
vn 0.6738 0.4639 -0.5751
vn 0.6964 0.4611 -0.5499
vn 0.4155 0.9096 0.0066
vn 0.4359 0.8949 0.0954
vn 0.3932 0.8848 -0.2501
vn 0.2097 0.9745 -0.0806
vn 0.4508 0.4610 0.7644
vn 0.5333 0.4006 0.7450
vn 0.5893 0.7286 0.3492
vn 0.4762 0.8633 0.1670
vn 0.2271 0.9697 -0.0898
vn 0.4103 0.8844 -0.2223
vn 0.6213 0.7712 -0.1387
vn 0.6506 0.6497 -0.3931
vn 0.5502 0.7206 0.4218
vn 0.6659 0.7188 -0.1997
vn 0.1156 0.9930 -0.0250
vn 0.0718 0.9947 -0.0731
vn 0.4760 0.8486 0.2310
vn 0.1260 0.9866 -0.1035
vn 0.6448 0.6878 -0.3333
vn 0.5014 0.6011 -0.6223
vn 0.6029 0.6399 -0.4766
vn 0.6523 0.4662 -0.5976
vn 0.4822 0.7099 0.5133
vn 0.2346 0.9649 -0.1184
vn 0.2118 0.9710 -0.1110
vn 0.2496 0.9586 -0.1367
vn 0.5042 0.8236 -0.2598
vn 0.6522 0.7546 -0.0718
vn 0.5916 0.7266 -0.3493
vn 0.2031 0.7810 -0.5906
vn 0.5038 0.7408 0.4443
vn 0.2994 0.9493 -0.0961
vn 0.2398 0.9707 -0.0171
vn 0.7263 0.6690 -0.1578
vn 0.3173 0.7575 -0.5706
vn 0.1197 0.8405 -0.5285
vn 0.7013 0.5116 -0.4965
vn 0.6942 0.5156 -0.5023
vn 0.7139 0.6513 -0.2571
vn 0.5991 0.7920 -0.1172
vn 0.2022 0.8804 -0.4290
vn 0.5882 0.5941 -0.5487
vn 0.5613 0.6710 -0.4845
vn 0.0430 0.9882 0.1473
vn 0.0350 0.9949 0.0942
vn 0.1015 0.9865 0.1284
vn 0.1036 0.9840 0.1447
vn 0.1133 0.9805 0.1608
vn 0.6267 0.7096 -0.3221
vn 0.7022 0.6272 -0.3371
vn 0.3111 0.8689 -0.3851
vn 0.5639 0.5127 0.6474
vn -0.0241 0.9982 -0.0550
vn -0.0223 0.9997 0.0126
vn 0.2785 0.8706 -0.4056
vn 0.3178 0.8332 -0.4525
vn 0.4555 0.6901 -0.5623
vn 0.1687 0.9545 -0.2459
vn 0.6919 0.6429 -0.3286
vn 0.7211 0.6666 -0.1885
vn 0.0888 0.8700 -0.4850
vn 0.2087 0.8916 -0.4018
vn 0.2721 0.8951 -0.3532
vn 0.0691 0.8266 -0.5585
vn 0.5861 0.7553 -0.2932
vn 0.2983 0.9545 0.0040
vn 0.2432 0.9656 -0.0919
vn 0.2352 0.9666 -0.1016
vn 0.1500 0.9687 -0.1980
vn 0.0599 0.9772 -0.2037
vn 0.1659 0.9580 -0.2341
vn -0.0047 0.9991 0.0430
vn 0.1617 0.9650 0.2064
vn 0.1747 0.9626 0.2069
vn 0.1408 0.9718 0.1893
vn 0.6979 0.6902 -0.1913
vn 0.7203 0.6616 -0.2083
vn 0.1528 0.7852 -0.6000
vn 0.4095 0.5788 -0.7052
vn 0.0758 0.6635 -0.7444
vn 0.4512 0.8872 0.0961
vn 0.0475 0.9988 0.0104
vn 0.3082 0.9268 -0.2145
vn 0.2576 0.9624 0.0856
vn 0.2850 0.9584 0.0143
vn 0.6854 0.7192 -0.1135
vn 0.6808 0.7242 -0.1096
vn 0.7024 0.7025 -0.1149
vn 0.0369 0.8503 -0.5250
vn 0.1186 0.9094 -0.3987
vn 0.0759 0.9205 -0.3832
vn 0.0947 0.9146 -0.3930
vn 0.1446 0.9590 0.2436
vn 0.1940 0.9480 0.2524
vn 0.1284 0.9580 0.2566
vn 0.4607 0.7630 0.4534
vn 0.2083 0.9489 -0.2369
vn 0.4393 0.7669 -0.4679
vn 0.4102 0.7674 -0.4927
vn 0.1709 0.9007 -0.3995
vn 0.1699 0.8948 -0.4129
vn 0.0889 0.9297 -0.3575
vn 0.3206 0.9454 0.0586
vn 0.2142 0.9680 -0.1310
vn 0.5624 0.8154 -0.1370
vn 0.5035 0.8640 0.0020
vn 0.6144 0.7881 -0.0374
vn 0.1286 0.7953 -0.5924
vn 0.1983 0.7636 -0.6145
vn 0.2158 0.9596 -0.1807
vn 0.1934 0.9575 -0.2142
vn 0.2605 0.9251 0.2762
vn 0.3232 0.9306 0.1716
vn 0.2984 0.9212 0.2497
vn 0.2695 0.9441 0.1898
vn 0.1705 0.9155 -0.3645
vn 0.1673 0.9542 0.2481
vn 0.2168 0.9559 0.1979
vn 0.2622 0.9545 0.1421
vn 0.1656 0.9515 0.2594
vn 0.5284 0.8397 -0.1257
vn 0.2130 0.7535 -0.6220
vn 0.0746 0.8752 -0.4780
vn 0.1519 0.8826 -0.4450
vn 0.5194 0.6294 0.5780
vn 0.4925 0.5632 0.6635
vn 0.1438 0.9896 0.0092
vn 0.1975 0.9796 -0.0364
vn 0.2610 0.9441 0.2016
vn 0.4726 0.7172 0.5122
vn 0.3988 0.7195 0.5686
vn 0.3585 0.9010 0.2443
vn 0.2116 0.6196 -0.7559
vn 0.1528 0.7681 -0.6218
vn 0.3670 0.8547 0.3672
vn 0.2717 0.9463 -0.1749
vn 0.2746 0.9274 -0.2541
vn 0.2644 0.7973 -0.5426
vn 0.3179 0.7655 -0.5594
vn 0.2653 0.8931 -0.3633
vn 0.3663 0.9052 -0.2153
vn 0.4686 0.8808 0.0682
vn 0.4366 0.8993 0.0248
vn 0.4774 0.8786 0.0082
vn 0.2108 0.8002 -0.5615
vn 0.3504 0.8395 0.4152
vn 0.3106 0.9164 0.2525
vn 0.2177 0.9373 0.2720
vn 0.1903 0.9817 -0.0063
vn 0.4279 0.8898 0.1586
vn 0.4473 0.8825 0.1451
vn 0.4735 0.8672 0.1541
vn 0.2934 0.9366 0.1917
vn 0.2500 0.8174 0.5190
vn 0.2083 0.8459 -0.4909
vn 0.2274 0.9565 -0.1827
vn 0.2576 0.9525 0.1623
vn 0.2549 0.9500 -0.1804
vn 0.3084 0.8949 -0.3226
vn 0.0984 0.5889 -0.8022
vn 0.1954 0.7312 -0.6536
vn 0.2723 0.7436 -0.6106
vn 0.2000 0.9726 -0.1186
vn 0.3423 0.9238 -0.1715
vn 0.3749 0.9105 0.1744
vn 0.3880 0.8044 -0.4499
vn 0.3684 0.8127 -0.4515
vn 0.1359 0.9761 0.1698
vn 0.3543 0.9256 0.1334
vn 0.3342 0.9389 0.0827
vn 0.3263 0.7774 -0.5378
vn 0.2439 0.7561 -0.6073
vn 0.3253 0.7526 -0.5726
vn 0.2432 0.7893 -0.5637
vn 0.0957 0.5035 -0.8586
vn 0.4257 0.9012 -0.0812
vn 0.3482 0.9292 -0.1239
vn 0.3816 0.9155 -0.1278
vn 0.3683 0.9294 -0.0238
vn 0.3038 0.9459 -0.1142
vn 0.2613 0.9538 0.1484
vn 0.1853 0.8343 -0.5192
vn 0.2808 0.8031 -0.5255
vn 0.2207 0.7282 -0.6489
vn 0.1619 0.8335 0.5283
vn 0.1357 0.9882 -0.0710
vn 0.1806 0.9592 -0.2174
vn 0.1916 0.8137 -0.5488
vn 0.3089 0.8543 -0.4180
vn 0.2082 0.9668 0.1483
vn 0.1859 0.9758 0.1148
vn 0.2552 0.9660 -0.0421
vn 0.2634 0.9642 0.0297
vn 0.2776 0.8443 -0.4583
vn 0.1113 0.6450 -0.7561
vn 0.1530 0.7301 -0.6660
vn 0.0811 0.4196 -0.9041
vn 0.0412 0.4905 -0.8705
vn 0.0645 0.9762 0.2071
vn 0.0657 0.9970 -0.0417
vn 0.1191 0.9867 0.1110
vn 0.1790 0.8333 -0.5231
vn -0.0041 0.5896 -0.8077
vn 0.1358 0.9899 0.0397
vn 0.2157 0.8394 -0.4988
vn 0.2432 0.8670 -0.4349
vn 0.2212 0.6186 -0.7540
vn 0.1431 0.9891 -0.0344
vn 0.1163 0.8531 -0.5086
vn 0.0867 0.8857 -0.4560
vn 0.0899 0.9820 -0.1659
vn -0.1240 0.9896 0.0723
vn -0.2703 0.9508 -0.1517
vn -0.0457 0.6035 -0.7960
vn -0.0682 0.5872 -0.8066
vn -0.0273 0.9053 0.4239
vn 0.0020 0.9199 0.3921
vn -0.3381 0.9406 0.0305
vn -0.1014 0.9918 0.0775
vn 0.0244 0.8415 -0.5397
vn 0.0167 0.8370 -0.5469
vn -0.0345 0.5345 -0.8444
vn -0.5620 0.7639 -0.3174
vn -0.5661 0.8217 -0.0657
vn 0.0336 0.8616 -0.5064
vn -0.1179 0.8729 -0.4734
vn -0.0133 0.8304 -0.5570
vn -0.5230 0.8519 0.0272
vn -0.2486 0.9153 -0.3169
vn -0.4934 0.8685 0.0482
vn -0.6578 0.7532 -0.0043
vn -0.4490 0.8893 -0.0868
vn -0.5770 0.8065 -0.1285
vn -0.3685 0.8900 -0.2686
vn -0.3593 0.8195 -0.4465
vn 0.0041 0.8846 -0.4663
vn 0.0529 0.8617 -0.5047
vn 0.0033 0.8873 -0.4613
vn 0.0626 0.9974 0.0357
vn -0.2163 0.9763 0.0072
vn -0.0308 0.9995 -0.0095
vn -0.6984 0.7154 -0.0207
vn -0.6149 0.7872 -0.0479
vn -0.5116 0.8588 -0.0284
vn -0.6437 0.7555 -0.1217
vn -0.4351 0.7846 -0.4417
vn 0.0153 0.8826 -0.4700
vn -0.1311 0.9902 0.0490
vn -0.4231 0.8747 0.2364
vn -0.0711 0.9712 0.2274
vn -0.1908 0.9809 -0.0383
vn 0.0415 0.9984 -0.0374
vn -0.7089 0.7046 0.0331
vn -0.5307 0.8472 -0.0244
vn -0.5983 0.8005 -0.0356
vn -0.5259 0.8503 -0.0202
vn -0.5214 0.7342 -0.4348
vn 0.0182 0.8563 -0.5162
vn -0.1440 0.7916 -0.5938
vn -0.1879 0.7978 -0.5729
vn -0.6484 0.7445 0.1589
vn -0.0215 0.9990 -0.0386
vn -0.4946 0.8670 -0.0610
vn -0.5249 0.8477 -0.0767
vn -0.5245 0.8482 -0.0741
vn -0.7578 0.6514 -0.0371
vn -0.6016 0.6622 -0.4468
vn -0.7896 0.5790 0.2032
vn -0.1533 0.9863 -0.0616
vn -0.2717 0.9601 -0.0667
vn -0.0452 0.9989 -0.0102
vn -0.6969 0.7083 -0.1127
vn -0.7533 0.6430 -0.1379
vn -0.6278 0.7640 -0.1493
vn -0.7458 0.6627 0.0686
vn -0.6382 0.7692 -0.0324
vn -0.6602 0.7511 -0.0082
vn -0.0721 0.8292 -0.5543
vn -0.1912 0.7915 -0.5805
vn -0.2343 0.7988 -0.5541
vn -0.5621 0.8136 0.1489
vn -0.4790 0.8706 0.1121
vn -0.6042 0.7854 0.1345
vn -0.2792 0.9595 0.0366
vn -0.2776 0.9593 0.0524
vn -0.7307 0.6707 -0.1273
vn -0.1190 0.5762 -0.8086
vn -0.1485 0.6057 -0.7817
vn -0.5166 0.8528 0.0766
vn -0.6990 0.7141 0.0386
vn -0.6834 0.7158 -0.1433
vn -0.6307 0.7664 -0.1219
vn -0.8094 0.5726 -0.1309
vn -0.8089 0.5863 0.0441
vn -0.4933 0.7534 -0.4348
vn -0.2422 0.7870 -0.5675
vn -0.4147 0.4662 -0.7814
vn -0.8408 0.5401 -0.0364
vn -0.6510 0.7590 -0.0136
vn -0.7477 0.6582 0.0876
vn -0.5920 0.7086 -0.3840
vn -0.8726 0.4885 0.0046
vn -0.6393 0.3923 -0.6614
vn -0.4370 0.6193 -0.6523
vn -0.8235 0.5674 0.0054
vn -0.8374 0.5150 -0.1830
vn -0.8961 0.4309 -0.1063
vn -0.6359 0.7698 -0.0548
vn -0.6350 0.7052 -0.3155
vn -0.4593 0.6404 -0.6156
vn -0.3353 0.7505 -0.5695
vn -0.2290 0.7864 -0.5738
vn -0.8694 0.4574 0.1872
vn -0.8170 0.5356 0.2136
vn -0.8252 0.5317 0.1908
vn -0.7419 0.6675 0.0639
vn -0.7248 0.6845 0.0784
vn -0.7177 0.6927 0.0715
vn -0.8787 0.4772 0.0103
vn -0.8463 0.5239 0.0966
vn -0.9389 0.3441 -0.0025
vn -0.9275 0.3738 -0.0019
vn -0.7751 0.6069 0.1757
vn -0.7807 0.6055 0.1546
vn -0.6906 0.7232 0.0026
vn -0.6937 0.7182 -0.0542
vn -0.6949 0.7142 0.0843
vn -0.5501 0.5829 -0.5980
vn -0.9120 0.3823 0.1489
vn -0.9040 0.4275 0.0060
vn -0.6934 0.7125 -0.1080
vn -0.6924 0.3993 -0.6010
vn -0.9153 0.3719 0.1544
vn -0.9303 0.3459 -0.1218
vn -0.8819 0.4235 -0.2071
vn -0.9140 0.3813 0.1384
vn -0.8803 0.4472 0.1584
vn -0.8305 0.5084 0.2276
vn -0.7212 0.4251 -0.5470
vn -0.7142 0.4343 -0.5489
vn 0.6211 0.7173 0.3158
vn -0.2229 0.4959 -0.8393
vn -0.9123 0.3468 0.2180
vn -0.9390 0.2719 0.2108
vn -0.9498 0.2660 0.1646
vn 0.2832 0.6780 0.6783
vn -0.7664 0.5972 0.2368
vn -0.7545 0.5956 0.2757
vn -0.7853 0.5767 0.2250
vn -0.9395 0.2988 0.1675
vn -0.9384 0.2805 0.2016
vn -0.8302 0.4798 0.2839
vn -0.8393 0.4474 0.3087
vn -0.8502 0.4154 0.3233
vn -0.7869 0.6171 0.0021
vn -0.7957 0.6047 0.0350
vn -0.7399 0.4532 -0.4970
vn -0.9476 0.2953 0.1219
vn -0.8551 0.4414 -0.2721
vn -0.8854 0.4359 -0.1615
vn -0.9826 0.1682 0.0790
vn -0.9064 0.3480 0.2394
vn -0.9400 0.2414 0.2412
vn -0.7527 0.4801 -0.4505
vn -0.7105 0.6184 -0.3357
vn -0.9153 0.3256 -0.2373
vn -0.8152 0.4622 -0.3491
vn -0.9778 0.1924 -0.0831
vn -0.9654 0.2603 -0.0131
vn -0.9760 0.1932 -0.1008
vn -0.8450 0.5305 -0.0682
vn -0.7277 0.3028 -0.6155
vn -0.7529 0.3650 -0.5476
vn -0.9478 0.3178 0.0254
vn -0.8631 0.4708 -0.1830
vn -0.8090 0.5198 -0.2745
vn -0.9678 0.2517 0.0050
vn -0.9353 0.3539 -0.0018
vn -0.7624 0.6226 0.1766
vn -0.8867 0.4593 0.0528
vn -0.7553 0.6288 0.1849
vn -0.7176 0.6318 -0.2931
vn -0.8595 0.4824 -0.1690
vn -0.8038 0.4833 -0.3468
vn -0.7327 0.5989 -0.3232
vn -0.7171 0.6970 -0.0004
vn -0.6483 0.7414 -0.1734
vn -0.6643 0.7318 -0.1524
vn -0.8590 0.4831 -0.1697
vn -0.7519 0.5859 -0.3022
vn -0.7665 0.5659 -0.3037
vn -0.7285 0.6044 0.3225
vn -0.6571 0.6913 0.3004
vn -0.6971 0.6274 0.3471
vn -0.8582 0.4441 0.2575
vn -0.8583 0.4643 0.2184
vn -0.7833 0.4255 -0.4532
vn -0.8330 0.4922 -0.2527
vn -0.6927 0.6518 -0.3088
vn -0.9309 0.2951 0.2153
vn -0.9457 0.2749 0.1737
vn -0.9265 0.2262 0.3006
vn -0.8992 0.2544 0.3560
vn -0.9016 0.2839 0.3262
vn -0.8602 0.4902 -0.1405
vn -0.7973 0.5272 0.2939
vn -0.9457 0.3065 0.1078
vn -0.9469 0.3115 0.0802
vn -0.9661 0.2515 0.0584
vn -0.5833 0.8099 0.0620
vn -0.8240 0.5665 -0.0085
vn -0.5744 0.8172 0.0462
vn -0.8172 0.3020 -0.4910
vn -0.9204 0.3866 -0.0591
vn -0.7066 0.6504 -0.2788
vn -0.6757 0.6746 -0.2973
vn -0.8754 0.3007 0.3784
vn -0.8425 0.4048 0.3555
vn -0.5646 0.8019 0.1953
vn -0.8880 0.4481 0.1036
vn -0.8607 0.3494 -0.3702
vn -0.9486 0.2898 0.1273
vn -0.8778 0.2994 0.3740
vn -0.8585 0.4953 -0.1328
vn -0.8935 0.4413 -0.0836
vn -0.8001 0.5667 -0.1966
vn -0.6472 0.7177 0.2571
vn -0.6349 0.7338 0.2418
vn -0.9312 0.2550 0.2604
vn -0.9202 0.2904 0.2627
vn -0.9314 0.2511 0.2635
vn -0.9414 0.1811 0.2845
vn -0.9377 0.1530 0.3121
vn -0.9544 0.1023 0.2804
vn -0.6950 0.6723 -0.2550
vn -0.6720 0.7179 -0.1818
vn -0.6624 0.7213 -0.2023
vn -0.6529 0.7221 -0.2288
vn -0.9517 0.0833 0.2955
vn -0.9696 0.0325 0.2426
vn -0.9218 0.3857 0.0384
vn -0.9940 -0.0543 0.0951
vn -0.9346 0.3121 0.1708
vn -0.9488 0.3011 0.0950
vn -0.9234 0.3119 -0.2238
vn -0.8632 0.3443 -0.3693
vn -0.8886 0.4382 0.1358
vn -0.7027 0.6773 -0.2179
vn -0.7290 0.6629 -0.1704
vn -0.8070 0.5353 0.2495
vn -0.9529 -0.0706 0.2949
vn -0.9329 0.1798 0.3120
vn -0.9072 0.3048 0.2899
vn -0.7651 0.2806 -0.5795
vn -0.8241 0.2939 -0.4842
vn -0.6917 0.2902 -0.6613
vn -0.6719 0.3331 -0.6615
vn -0.7069 0.2619 -0.6570
vn -0.9478 0.2688 0.1714
vn -0.8125 0.5111 0.2804
vn -0.8005 0.4186 0.4290
vn -0.8743 0.4658 0.1365
vn -0.9739 0.0825 -0.2116
vn -0.9558 0.1391 -0.2590
vn -0.9704 0.0895 -0.2243
vn -0.7139 0.3507 -0.6061
vn -0.9608 0.2325 -0.1512
vn -0.9971 -0.0366 -0.0670
vn -0.9974 -0.0552 -0.0469
vn -0.9955 0.0035 -0.0949
vn -0.9314 0.0350 0.3623
vn -0.9322 0.0329 0.3604
vn -0.9327 0.0403 0.3584
vn -0.9473 -0.0027 0.3202
vn -0.9489 0.2115 0.2344
vn -0.8075 0.5057 0.3038
vn -0.8589 0.4449 0.2536
vn -0.7858 0.4471 0.4274
vn -0.7878 0.4546 0.4156
vn -0.9673 0.1378 -0.2130
vn -0.9245 0.3629 0.1163
vn -0.9338 0.0384 0.3558
vn -0.7913 0.3152 -0.5239
vn -0.6499 0.3785 -0.6591
vn -0.6644 0.4087 -0.6258
vn -0.7370 -0.0710 0.6721
vn -0.7101 -0.0932 0.6979
vn -0.7130 -0.1087 0.6927
vn -0.9156 -0.0393 0.4001
vn -0.8985 0.3726 0.2320
vn -0.9053 0.4219 0.0500
vn -0.9624 -0.1927 0.1917
vn -0.7535 0.3115 -0.5789
vn -0.6583 0.4851 -0.5757
vn -0.9212 -0.0828 0.3802
vn -0.8713 0.3293 0.3639
vn -0.8841 0.2735 0.3789
vn -0.8844 0.3752 -0.2776
vn -0.9316 0.3234 -0.1661
vn -0.6668 0.4636 -0.5835
vn -0.6770 -0.1060 0.7283
vn -0.6190 -0.1911 0.7618
vn -0.6898 -0.0960 0.7176
vn -0.9258 -0.0863 0.3682
vn -0.9654 0.2142 -0.1484
vn -0.9563 0.2903 -0.0346
vn -0.9762 -0.0188 -0.2159
vn -0.9314 0.2416 -0.2723
vn -0.9215 0.3149 0.2274
vn -0.8184 0.5354 0.2089
vn -0.8977 0.4292 0.0999
vn -0.8120 0.5537 0.1846
vn -0.9661 0.2096 -0.1505
vn -0.9545 0.2224 -0.1988
vn -0.9457 0.3147 -0.0815
vn -0.8980 0.3396 0.2797
vn -0.9372 0.3132 0.1535
vn -0.7574 0.3766 -0.5334
vn -0.8343 0.4949 0.2428
vn -0.7602 0.6215 -0.1892
vn -0.8464 0.3177 0.4274
vn -0.7755 0.4755 0.4153
vn -0.8582 0.2163 0.4655
vn -0.8381 0.4272 0.3393
vn -0.6641 0.5131 -0.5438
vn -0.7057 0.4444 -0.5518
vn -0.6874 -0.0987 0.7195
vn -0.9257 -0.0784 0.3702
vn -0.7017 0.6932 0.1644
vn -0.5675 -0.1975 0.7993
vn -0.5990 -0.2397 0.7640
vn -0.9536 0.2987 -0.0385
vn -0.9384 0.2656 -0.2211
vn -0.9007 0.2806 -0.3315
vn -0.7900 0.3306 -0.5163
vn -0.8441 0.5100 0.1656
vn -0.8915 0.3985 0.2155
vn -0.8757 0.3550 0.3273
vn -0.7860 0.5815 0.2097
vn -0.7445 0.6063 0.2795
vn -0.9201 0.3185 0.2278
vn -0.5669 -0.1899 0.8016
vn -0.9560 0.2589 -0.1377
vn -0.8665 0.4015 -0.2966
vn -0.9144 0.3481 -0.2066
vn -0.8188 0.5009 -0.2805
vn -0.8279 0.5577 -0.0597
vn -0.8780 0.3822 0.2880
vn -0.8433 0.5329 0.0696
vn -0.7760 0.6169 0.1311
vn -0.8596 0.4554 0.2315
vn -0.5716 -0.1575 0.8053
vn -0.5192 -0.1323 0.8443
vn -0.5213 -0.2449 0.8175
vn -0.8707 0.3684 0.3258
vn -0.8443 0.4567 0.2804
vn -0.8174 0.5327 0.2193
vn -0.8353 0.2893 -0.4675
vn -0.5959 -0.0790 0.7991
vn -0.5414 -0.0494 0.8393
vn -0.6018 -0.0923 0.7933
vn -0.8669 0.4208 0.2670
vn -0.8679 0.4742 0.1476
vn -0.9452 0.2739 -0.1777
vn -0.9408 0.3341 -0.0574
vn -0.8993 0.0751 0.4308
vn -0.8727 0.4588 -0.1669
vn -0.9208 0.3724 -0.1165
vn -0.6166 0.0466 0.7859
vn -0.8436 0.3422 0.4138
vn -0.8830 0.4572 0.1064
vn -0.8142 0.2946 -0.5003
vn -0.7339 0.3711 -0.5689
vn -0.7833 0.2885 -0.5506
vn -0.8111 0.0907 0.5778
vn -0.9601 0.2751 0.0496
vn -0.8877 0.4589 0.0371
vn -0.8822 0.4695 0.0357
vn -0.9045 0.3584 0.2314
vn -0.9151 0.3215 0.2436
vn -0.8876 0.2356 -0.3959
vn -0.7956 0.2261 0.5621
vn -0.8578 0.4404 0.2651
vn -0.8816 0.3721 0.2905
vn -0.9783 0.2005 -0.0531
vn -0.9992 0.0378 0.0105
vn -0.9744 0.2091 -0.0830
vn -0.9130 0.3839 0.1382
vn -0.8698 0.2246 -0.4393
vn -0.6290 0.0424 0.7763
vn -0.4914 0.0953 0.8657
vn -0.8627 0.3422 0.3723
vn -0.8192 0.2147 0.5318
vn -0.9760 0.2150 0.0344
vn -0.8857 0.2116 -0.4132
vn -0.8856 0.2393 -0.3980
vn -0.9778 0.0895 0.1896
vn -0.9803 -0.0045 0.1973
vn -0.9265 0.3631 0.0989
vn -0.9249 0.3679 0.0959
vn -0.9344 0.2949 0.1999
vn -0.9502 0.2139 0.2266
vn -0.9605 0.1692 -0.2210
vn -0.9554 0.1071 -0.2753
vn -0.9681 0.1973 -0.1546
vn -0.8554 0.1952 -0.4798
vn -0.8695 0.3004 0.3920
vn -0.9590 -0.1772 0.2212
vn -0.9436 0.3309 0.0132
vn -0.9860 0.1443 0.0834
vn -0.9734 0.2288 -0.0077
vn -0.9265 0.3738 0.0433
vn -0.9936 0.0792 0.0800
vn -0.9243 0.1008 -0.3681
vn -0.9407 0.0797 -0.3298
vn -0.6259 -0.0087 0.7798
vn -0.6259 -0.0221 0.7796
vn -0.6954 0.0522 0.7168
vn -0.6391 -0.0214 0.7688
vn -0.9618 -0.1304 0.2406
vn -0.9437 -0.0292 0.3296
vn -0.9426 0.2883 0.1683
vn -0.9385 0.2479 0.2405
vn -0.9565 0.2737 0.1006
vn -0.9528 0.2895 0.0914
vn -0.8168 -0.0911 -0.5697
vn -0.8632 -0.1411 -0.4847
vn -0.9684 -0.0028 -0.2494
vn -0.9027 -0.0834 -0.4222
vn -0.9083 0.1099 -0.4036
vn -0.9813 -0.1076 0.1598
vn -0.9550 0.0311 0.2950
vn -0.9590 -0.0144 0.2831
vn -0.9524 0.1314 0.2752
vn -0.7012 -0.0724 0.7093
vn -0.6338 -0.1145 0.7650
vn -0.6509 -0.0672 0.7562
vn -0.9730 -0.0456 0.2262
vn -0.9471 -0.1725 -0.2707
vn -0.9397 -0.0384 0.3400
vn -0.9273 -0.0592 0.3697
vn -0.8276 -0.1870 0.5293
vn -0.8509 -0.0470 0.5232
vn -0.9919 -0.1137 -0.0571
vn -0.9971 0.0611 0.0457
vn -0.5875 -0.1040 0.8025
vn -0.9360 -0.2610 0.2360
vn -0.9210 -0.1967 0.3362
vn -0.9456 -0.0938 -0.3114
vn -0.9395 -0.1880 -0.2863
vn -0.8280 -0.3429 -0.4437
vn -0.7020 -0.3778 -0.6037
vn -0.7377 -0.4511 -0.5023
vn -0.8966 -0.1975 0.3963
vn -0.9746 0.0173 0.2233
vn -0.8970 -0.3879 -0.2119
vn -0.8470 -0.4376 -0.3017
vn -0.9754 -0.2204 0.0061
vn -0.7548 -0.5169 -0.4038
vn -0.9114 -0.1552 0.3811
vn -0.8332 -0.2992 0.4650
vn -0.9242 -0.0963 0.3696
vn -0.9403 -0.3284 0.0891
vn -0.9522 -0.2867 0.1051
vn -0.7995 -0.5587 -0.2207
vn -0.8893 -0.3076 0.3384
vn -0.7610 -0.3091 0.5703
vn -0.8675 -0.4135 0.2767
vn -0.8326 -0.5513 -0.0524
vn -0.8183 -0.5492 -0.1697
vn -0.8120 -0.3555 0.4629
vn -0.8376 -0.3185 0.4438
vn -0.8137 -0.4683 0.3442
vn -0.6474 -0.3087 0.6968
vn -0.7520 -0.6558 0.0669
vn -0.8281 -0.5381 0.1575
vn -0.7103 -0.6944 -0.1157
vn -0.6578 -0.5742 -0.4875
vn -0.7139 -0.5937 -0.3713
vn -0.8553 -0.3356 0.3948
vn -0.8601 -0.3891 0.3299
vn -0.7799 -0.4776 0.4047
vn -0.6945 -0.6981 0.1740
vn -0.6139 -0.7892 0.0186
vn -0.8934 0.3701 0.2548
vn -0.7155 0.3970 -0.5749
vn -0.7657 -0.1496 -0.6255
vn -0.6593 -0.2543 0.7075
vn -0.9173 0.1824 0.3541
vn -0.8495 -0.4560 0.2654
vn -0.7719 -0.5242 0.3598
vn -0.5916 -0.7842 0.1871
vn -0.7498 -0.4705 0.4651
vn -0.6267 -0.3686 0.6866
vn -0.6025 -0.7976 0.0288
vn -0.6748 -0.6012 0.4281
vn -0.8098 -0.4716 0.3491
vn -0.8177 -0.3841 0.4288
vn -0.4751 -0.8658 0.1572
vn -0.4961 -0.8286 0.2596
vn -0.6372 -0.6562 -0.4042
vn -0.6148 -0.7370 -0.2806
vn -0.6803 -0.6578 -0.3232
vn -0.8099 -0.4298 0.3993
vn -0.7148 -0.5826 0.3870
vn -0.7317 -0.5287 0.4302
vn -0.3943 -0.9029 0.1713
vn -0.5481 -0.8136 -0.1943
vn -0.6070 -0.7926 -0.0574
vn -0.5144 -0.2588 0.8175
vn -0.6072 -0.4225 0.6729
vn -0.4692 -0.3464 0.8123
vn -0.6548 -0.6316 0.4151
vn -0.3845 -0.8785 0.2835
vn -0.5081 -0.7775 0.3707
vn -0.4339 -0.8915 0.1303
vn -0.7671 -0.5161 0.3810
vn -0.7274 -0.5177 0.4504
vn -0.6406 -0.6619 0.3892
vn -0.4540 -0.8036 0.3849
vn -0.4099 -0.8321 0.3736
vn -0.4620 -0.8045 0.3733
vn -0.5182 -0.8448 -0.1334
vn -0.5414 -0.7766 -0.3221
vn -0.5611 -0.7121 -0.4220
vn -0.6128 -0.4761 0.6307
vn -0.6576 -0.6582 0.3666
vn -0.5301 -0.7438 0.4071
vn -0.2931 -0.9324 0.2112
vn -0.6175 -0.6775 0.3995
vn -0.3035 -0.9064 0.2937
vn -0.4176 -0.9077 0.0399
vn -0.4311 -0.8978 -0.0899
vn -0.5876 -0.6106 0.5310
vn -0.6585 -0.6053 0.4471
vn -0.4800 -0.6058 0.6345
vn -0.7375 -0.5880 0.3322
vn -0.4293 -0.8269 0.3633
vn -0.3416 -0.8582 0.3831
vn -0.3679 -0.8500 0.3771
vn -0.4256 -0.8218 0.3787
vn -0.2828 -0.6591 0.6968
vn -0.3516 -0.4771 0.8055
vn -0.2000 -0.8843 0.4220
vn -0.3628 -0.4784 0.7997
vn -0.1530 -0.8733 0.4626
vn -0.3487 -0.9356 0.0545
vn -0.2901 -0.9349 0.2043
vn -0.3972 -0.7362 0.5480
vn -0.2283 -0.9476 0.2234
vn -0.3649 -0.4745 0.8010
vn -0.3634 -0.4365 0.8230
vn -0.4775 -0.8336 -0.2778
vn -0.4117 -0.8840 -0.2212
vn -0.4913 -0.8536 -0.1732
vn -0.4488 -0.7642 -0.4632
vn -0.3898 -0.8496 -0.3553
vn -0.3893 -0.7432 0.5442
vn -0.2332 -0.8164 0.5282
vn -0.2259 -0.8138 0.5355
vn -0.1230 -0.8379 0.5318
vn -0.2333 -0.9228 0.3066
vn -0.2519 -0.9547 0.1586
vn -0.3973 -0.3416 0.8517
vn -0.2152 -0.3922 0.8943
vn -0.1794 -0.9571 0.2278
vn -0.1979 -0.9526 0.2311
vn -0.3818 -0.9115 -0.1528
vn -0.4145 -0.8983 -0.1458
vn -0.3911 -0.7444 0.5412
vn -0.0777 -0.8682 0.4902
vn -0.1054 -0.8420 0.5290
vn -0.0584 -0.8962 0.4398
vn -0.1919 -0.5033 0.8425
vn -0.4095 -0.7334 0.5426
vn -0.1876 -0.8602 0.4742
vn -0.1878 -0.8492 0.4935
vn -0.0898 -0.8755 0.4749
vn -0.1496 -0.8689 0.4718
vn -0.1439 -0.9677 0.2071
vn -0.1210 -0.9150 0.3849
vn -0.1531 -0.8840 0.4417
vn -0.0356 -0.8673 0.4965
vn -0.1500 -0.9665 0.2084
vn -0.3543 -0.7881 -0.5034
vn -0.2709 -0.8571 -0.4381
vn -0.0437 -0.8938 0.4463
vn -0.1649 -0.9689 0.1843
vn -0.3224 -0.9198 -0.2236
vn -0.2531 -0.9638 -0.0843
vn -0.2771 -0.9131 -0.2990
vn -0.0600 -0.8983 0.4352
vn -0.0548 -0.8384 0.5424
vn 0.0349 -0.4681 0.8830
vn 0.0668 -0.3972 0.9153
vn 0.0260 -0.5377 0.8428
vn -0.1078 -0.9698 0.2186
vn -0.0724 -0.9795 0.1882
vn -0.1476 -0.9877 -0.0523
vn -0.0512 -0.9004 0.4321
vn -0.1203 -0.8475 -0.5170
vn -0.1726 -0.9176 -0.3579
vn -0.0933 -0.9640 0.2490
vn -0.0663 -0.9024 0.4258
vn 0.1369 -0.4252 0.8947
vn -0.0427 -0.8697 0.4918
vn -0.0769 -0.8656 0.4948
vn -0.0639 -0.9791 0.1930
vn -0.0590 -0.9980 -0.0219
vn 0.0058 -0.9894 0.1448
vn -0.0527 -0.9257 -0.3747
vn -0.0277 -0.9853 -0.1686
vn 0.0873 -0.4764 0.8749
vn -0.0611 -0.8785 0.4738
vn 0.0442 -0.9876 0.1505
vn 0.0795 -0.9829 -0.1660
vn 0.0858 -0.6507 0.7545
vn 0.0682 -0.6319 0.7721
vn 0.0441 -0.6053 0.7948
vn 0.1307 -0.9876 0.0867
vn 0.0918 -0.8780 -0.4699
vn -0.0017 -0.9660 0.2585
vn -0.0263 -0.8927 0.4498
vn -0.0504 -0.9780 0.2023
vn 0.1867 -0.9824 0.0071
vn 0.1709 -0.4814 0.8597
vn 0.2005 -0.5239 0.8278
vn 0.3252 -0.5589 0.7628
vn -0.0331 -0.8814 0.4713
vn 0.0188 -0.8798 0.4750
vn -0.0093 -0.8986 0.4388
vn -0.0145 -0.9818 0.1895
vn 0.0445 -0.9854 0.1644
vn 0.1993 -0.9774 0.0704
vn 0.3964 -0.7275 0.5600
vn 0.1416 -0.8656 0.4803
vn 0.3864 -0.5197 0.7620
vn 0.2060 -0.3599 0.9100
vn 0.3496 -0.7443 0.5691
vn 0.4491 -0.6721 0.5887
vn 0.3946 -0.7130 0.5796
vn 0.1948 -0.9766 0.0908
vn 0.1781 -0.9352 -0.3061
vn 0.2171 -0.9738 -0.0673
vn 0.2085 -0.8074 0.5519
vn -0.0554 -0.8454 0.5312
vn 0.1042 -0.8331 0.5432
vn 0.0812 -0.8489 0.5223
vn 0.1584 -0.9801 0.1200
vn 0.2415 -0.9143 0.3253
vn 0.2929 -0.9424 -0.1614
vn 0.3016 -0.8805 -0.3657
vn 0.2859 -0.9538 -0.0922
vn 0.1496 -0.8474 0.5095
vn 0.4874 -0.4618 0.7411
vn 0.3179 -0.9479 -0.0185
vn 0.1411 -0.9353 0.3246
vn 0.3228 -0.9244 0.2030
vn 0.4699 -0.8275 0.3073
vn 0.5210 -0.6419 0.5625
vn 0.5098 -0.5454 0.6653
vn 0.4004 -0.7978 0.4508
vn 0.5633 -0.7052 0.4305
vn 0.4886 -0.7104 0.5065
vn 0.5763 -0.7823 0.2364
vn 0.5804 -0.7759 0.2472
vn 0.4132 -0.8987 -0.1471
vn 0.6349 -0.5837 0.5061
vn 0.6137 -0.5983 0.5151
vn 0.4529 -0.8679 0.2039
vn 0.3569 -0.8244 -0.4392
vn 0.6661 -0.7161 0.2088
vn 0.6832 -0.6856 0.2513
vn 0.4208 -0.9071 -0.0096
vn 0.7188 -0.5277 0.4525
vn 0.7373 -0.5009 0.4533
vn 0.2965 -0.9527 0.0667
vn 0.5417 -0.8242 0.1650
vn 0.5389 -0.8158 -0.2101
vn 0.6144 -0.6818 -0.3970
vn 0.7150 -0.6475 0.2635
vn 0.4642 -0.8850 -0.0372
vn 0.8020 -0.4519 0.3906
vn -0.6865 -0.6992 -0.1994
vn -0.2429 -0.7519 -0.6129
vn 0.0096 -0.8097 -0.5868
vn 0.1070 -0.7858 -0.6092
vn 0.1905 -0.7799 -0.5961
vn 0.5344 -0.8395 -0.0981
vn 0.6005 -0.7900 -0.1235
vn 0.1312 -0.3409 0.9309
vn 0.5602 0.5235 0.6420
vn 0.3940 0.6218 0.6768
vn 0.1858 0.7059 0.6835
vn -0.4333 0.7095 0.5557
vn 0.0694 0.8118 0.5797
vn -0.1856 0.8309 0.5245
vn -0.1663 0.7498 0.6405
vn -0.1812 0.7061 0.6845
vn -0.1818 0.8011 0.5702
vn -0.6032 0.4642 0.6486
vn -0.6583 0.3895 0.6441
vn -0.5984 0.4399 0.6696
vn 0.5880 0.4637 0.6628
vn 0.4476 0.4774 0.7561
vn 0.1411 0.7037 0.6963
vn 0.1357 0.7219 0.6786
vn -0.4286 0.7251 0.5390
vn -0.5999 0.4300 0.6747
vn -0.7884 0.4302 0.4397
vn -0.8366 0.3263 0.4401
vn -0.6789 0.2627 0.6856
vn 0.7229 0.5100 0.4662
vn 0.6940 0.4170 0.5869
vn -0.6038 0.3444 0.7189
vn -0.6078 0.3341 0.7204
vn 0.3887 0.6338 0.6687
vn 0.5927 0.5877 0.5508
vn 0.2237 0.6556 0.7212
vn -0.8711 0.2534 0.4206
vn -0.7106 0.1277 0.6919
vn 0.4369 0.6703 0.5998
vn 0.7020 0.5486 0.4541
vn 0.6923 0.4216 0.5856
vn 0.2750 0.6248 0.7308
vn 0.2230 0.4670 0.8557
vn 0.3125 0.6239 0.7163
vn 0.3444 0.6163 0.7083
vn 0.3689 0.5439 0.7537
vn 0.5709 0.6578 0.4913
vn -0.5194 0.2888 0.8042
vn -0.4676 0.2129 0.8579
vn -0.3501 0.4108 0.8418
vn -0.6015 0.0988 0.7928
vn -0.8768 0.1965 0.4389
vn -0.7156 -0.0369 0.6976
vn -0.7933 0.0059 0.6088
vn 0.5816 0.6173 0.5298
vn 0.0137 0.3958 0.9183
vn -0.0108 0.4175 0.9086
vn 0.0610 0.3368 0.9396
vn 0.6796 0.5854 0.4420
vn 0.3274 0.5276 0.7839
vn 0.2235 0.2481 0.9426
vn 0.3621 0.3786 0.8518
vn -0.1831 0.2672 0.9461
vn -0.1121 0.2107 0.9711
vn -0.0502 0.1731 0.9836
vn -0.3095 0.2654 0.9131
vn 0.3354 0.0640 0.9399
vn 0.2885 0.0055 0.9575
vn 0.4457 0.0342 0.8946
vn 0.2081 0.1095 0.9720
vn 0.1301 0.1965 0.9718
vn -0.6322 0.0392 0.7738
vn 0.5666 0.5299 0.6310
vn 0.5643 0.5605 0.6062
vn 0.5452 0.1977 0.8147
vn 0.5732 0.1669 0.8022
vn 0.6700 0.6333 0.3872
vn -0.0201 0.0999 0.9948
vn -0.6730 -0.1391 0.7265
vn -0.5931 -0.0905 0.8000
vn -0.7370 -0.1451 0.6601
vn -0.7107 -0.2336 0.6636
vn 0.3851 -0.1971 0.9016
vn 0.5698 0.1099 0.8144
vn 0.2186 0.0141 0.9757
vn -0.6911 -0.3228 0.6467
vn 0.5576 0.6382 0.5308
vn 0.4818 0.2255 0.8468
vn 0.4828 0.2270 0.8458
vn 0.6965 0.4303 0.5742
vn 0.3455 -0.1984 0.9172
vn -0.6086 -0.1645 0.7763
vn 0.4488 0.5332 0.7171
vn 0.4474 0.2745 0.8512
vn 0.4242 0.7172 0.5529
vn 0.5356 0.6703 0.5136
vn 0.5902 0.6168 0.5208
vn 0.4748 0.1188 0.8720
vn 0.3377 -0.3726 0.8644
vn 0.4438 0.0335 0.8955
vn 0.3672 0.4070 0.8364
vn 0.3662 -0.1936 0.9102
vn -0.0087 -0.0427 0.9990
vn -0.3382 -0.0309 0.9406
vn 0.2236 -0.3653 0.9036
vn 0.0524 -0.1591 0.9859
vn 0.1706 -0.1355 0.9760
vn 0.0503 -0.1139 0.9922
vn 0.3146 -0.1364 0.9394
vn 0.2267 -0.1732 0.9584
vn -0.5599 -0.2658 0.7848
vn -0.6120 -0.3441 0.7120
vn 0.2627 -0.2630 0.9284
vn 0.2170 -0.4235 0.8796
vn 0.1449 -0.2850 0.9475
vn -0.7031 -0.3140 0.6380
vn -0.3435 -0.2962 0.8912
vn -0.5395 -0.2525 0.8032
vn 0.4225 -0.3980 0.8143
vn 0.4249 -0.3090 0.8509
vn 0.4157 -0.2652 0.8700
vn -0.6403 -0.3593 0.6789
vn -0.7057 -0.2420 0.6659
vn -0.7084 -0.2934 0.6419
vn 0.1282 -0.2725 0.9536
vn 0.1065 -0.2249 0.9686
vn 0.0353 -0.3279 0.9440
vn 0.1122 -0.2517 0.9613
vn 0.1542 -0.2011 0.9674
vn 0.1590 -0.1599 0.9742
vn 0.2656 -0.1878 0.9456
vn 0.3508 -0.3323 0.8755
vn 0.2475 -0.1234 0.9610
vn -0.7572 -0.1889 0.6253
vn -0.7376 -0.2569 0.6244
vn 0.3798 -0.2030 0.9025
vn 0.1914 -0.2883 0.9382
vn -0.7273 -0.0212 0.6860
vn -0.7510 -0.0840 0.6549
vn -0.7646 -0.1037 0.6362
vn 0.2473 -0.0768 0.9659
vn 0.4184 -0.1254 0.8995
vn 0.3364 -0.2858 0.8973
vn 0.3820 -0.1938 0.9036
vn 0.4653 -0.2462 0.8502
vn 0.2271 -0.1579 0.9610
vn -0.6685 -0.1724 0.7234
vn -0.7044 -0.1860 0.6850
vn -0.7522 -0.1182 0.6483
vn -0.7017 0.0121 0.7123
vn -0.6604 -0.0504 0.7492
vn 0.2541 -0.1382 0.9572
vn 0.3029 -0.1487 0.9414
vn 0.2946 -0.2619 0.9190
vn 0.2327 -0.2571 0.9380
vn -0.5106 -0.2494 0.8228
vn -0.1946 -0.3166 0.9284
vn -0.6032 -0.2260 0.7649
vn -0.6215 0.0247 0.7830
vn 0.5010 -0.2835 0.8177
vn 0.3119 -0.2494 0.9168
vn 0.6262 -0.3766 0.6827
vn -0.6451 -0.0861 0.7592
vn -0.6661 -0.0845 0.7411
vn 0.2440 -0.2332 0.9413
vn -0.5431 -0.2445 0.8033
vn -0.5784 -0.0008 0.8157
vn -0.5679 -0.0633 0.8207
vn 0.2481 -0.2787 0.9278
vn -0.3795 -0.3081 0.8724
vn -0.2226 -0.3473 0.9109
vn -0.5557 -0.2221 0.8011
vn -0.5476 -0.1580 0.8217
vn -0.5910 -0.1419 0.7941
vn -0.5043 -0.2862 0.8148
vn -0.5267 -0.1893 0.8287
vn -0.5420 -0.1657 0.8239
vn -0.4750 0.7858 0.3961
vn -0.7705 0.5843 0.2549
vn -0.7391 -0.0554 0.6713
vn -0.7356 -0.0873 0.6717
vn -0.7170 -0.1633 0.6776
vn -0.5980 -0.0629 0.7990
vn -0.5976 0.3413 -0.7256
vn 0.0325 0.4026 -0.9148
vn 0.0654 0.4385 -0.8963
vn -0.0341 0.4726 -0.8806
vn 0.0080 0.5217 -0.8531
vn 0.0177 0.5055 -0.8626
vn -0.0604 0.4432 -0.8944
vn 0.4669 0.5553 -0.6882
vn 0.1203 0.5439 -0.8305
vn -0.5422 0.3902 -0.7441
vn -0.6848 0.2731 -0.6756
vn -0.3065 0.4655 -0.8303
vn 0.0154 0.5190 -0.8547
vn -0.0939 0.5027 -0.8593
vn -0.0321 0.5424 -0.8395
vn -0.1265 0.4666 -0.8754
vn 0.1153 0.4495 -0.8858
vn 0.0957 0.5287 -0.8434
vn 0.1590 0.5295 -0.8333
vn -0.0470 0.6139 -0.7880
vn -0.0945 0.6218 -0.7775
vn -0.0496 0.5432 -0.8381
vn -0.1931 0.5149 -0.8352
vn -0.7342 0.3066 -0.6057
vn 0.1258 0.5889 -0.7983
vn 0.0688 0.6539 -0.7534
vn 0.0267 0.6045 -0.7962
vn 0.4705 0.5783 -0.6665
vn -0.0553 0.6152 -0.7864
vn -0.0453 0.6684 -0.7425
vn -0.6770 0.2854 -0.6784
vn -0.3688 0.5085 -0.7781
vn -0.6246 0.3786 -0.6831
vn -0.7164 0.3743 -0.5888
vn -0.1602 0.5593 -0.8133
vn 0.1124 0.6490 -0.7524
vn 0.1382 0.6790 -0.7210
vn 0.0660 0.6700 -0.7394
vn -0.3658 0.4602 -0.8090
vn -0.6138 0.3895 -0.6867
vn 0.0325 0.6704 -0.7413
vn 0.0538 0.6315 -0.7735
vn 0.6524 0.5748 -0.4939
vn 0.4722 0.5387 -0.6978
vn 0.1618 0.5798 -0.7985
vn 0.2600 0.5196 -0.8139
vn 0.3557 0.4740 -0.8055
vn 0.8193 0.4257 -0.3842
vn 0.7912 0.1476 -0.5934
vn -0.2731 0.5789 -0.7683
vn -0.5872 0.4406 -0.6791
vn 0.1020 0.5986 -0.7945
vn 0.8482 0.2790 -0.4503
vn -0.1782 0.5934 -0.7849
vn 0.5141 0.3765 -0.7707
vn 0.5095 0.3795 -0.7723
vn 0.4564 0.4079 -0.7908
vn 0.4287 0.4120 -0.8041
vn 0.7296 0.3864 -0.5643
vn 0.8490 0.1369 -0.5103
vn 0.8053 0.2099 -0.5544
vn 0.8796 0.0253 -0.4751
vn 0.8794 0.0279 -0.4753
vn 0.2152 0.5692 -0.7935
vn -0.0128 0.6129 -0.7901
vn 0.0789 0.6422 -0.7625
vn 0.0518 0.5932 -0.8034
vn 0.1862 0.5310 -0.8267
vn 0.2580 0.5086 -0.8215
vn 0.2100 0.4886 -0.8469
vn 0.7607 0.3412 -0.5522
vn 0.8553 0.1408 -0.4987
vn 0.8215 0.1901 -0.5376
vn 0.8182 0.0495 -0.5728
vn -0.3958 0.4893 -0.7771
vn 0.1139 0.5271 -0.8421
vn 0.7625 0.3442 -0.5478
vn 0.8502 0.1682 -0.4988
vn 0.8220 0.1993 -0.5335
vn -0.6975 0.4616 -0.5481
vn -0.6626 0.4978 -0.5596
vn 0.3452 0.4612 -0.8174
vn 0.3879 0.4454 -0.8070
vn 0.3911 0.3820 -0.8373
vn 0.0333 0.5431 -0.8390
vn 0.7603 0.3385 -0.5544
vn 0.8308 0.1828 -0.5257
vn 0.8149 0.2082 -0.5409
vn -0.0322 0.5458 -0.8373
vn 0.1503 0.4294 -0.8905
vn 0.8976 0.0878 -0.4320
vn 0.8771 0.0763 -0.4743
vn -0.5639 0.4607 -0.6854
vn -0.6467 0.4649 -0.6047
vn 0.7510 0.3296 -0.5722
vn 0.7734 0.2778 -0.5699
vn 0.7941 0.2226 -0.5655
vn 0.8584 0.1191 -0.4990
vn -0.4928 0.4615 -0.7377
vn -0.4902 0.4249 -0.7610
vn -0.4983 0.5020 -0.7069
vn -0.4700 0.4177 -0.7776
vn 0.0793 0.5091 -0.8571
vn -0.4565 0.3256 -0.8280
vn -0.4012 0.1011 -0.9104
vn -0.5292 0.3656 -0.7657
vn -0.0179 0.1988 -0.9799
vn 0.0184 0.1922 -0.9812
vn 0.1060 0.1069 -0.9886
vn 0.0382 0.0945 -0.9948
vn 0.6498 0.3364 -0.6816
vn 0.8124 0.1658 -0.5590
vn -0.6083 0.4397 -0.6608
vn -0.6845 0.3913 -0.6151
vn -0.3471 0.1163 -0.9306
vn -0.2120 -0.1173 -0.9702
vn -0.5110 0.3311 -0.7932
vn 0.8646 0.1124 -0.4897
vn 0.8608 0.1146 -0.4959
vn -0.1698 -0.1853 -0.9679
vn -0.0932 -0.1536 -0.9837
vn 0.8081 0.0613 -0.5859
vn 0.8388 0.0277 -0.5437
vn 0.6438 -0.0659 -0.7624
vn -0.2716 -0.1753 -0.9463
vn 0.4755 0.0587 -0.8778
vn 0.3181 -0.2131 -0.9238
vn -0.5647 0.2784 -0.7769
vn -0.6214 0.3518 -0.7001
vn -0.6207 0.3798 -0.6859
vn 0.1971 0.1499 -0.9689
vn 0.2295 -0.1608 -0.9599
vn 0.1711 -0.2339 -0.9571
vn 0.5465 -0.1811 -0.8177
vn -0.4981 0.1629 -0.8517
vn -0.0310 -0.1392 -0.9898
vn 0.0547 -0.2319 -0.9712
vn -0.0373 -0.2313 -0.9722
vn 0.3553 -0.2825 -0.8911
vn -0.5869 0.2469 -0.7711
vn 0.0700 -0.1615 -0.9844
vn -0.3912 -0.2367 -0.8893
vn -0.3488 -0.1794 -0.9199
vn -0.2388 -0.2594 -0.9358
vn -0.6619 0.0526 -0.7477
vn -0.5613 0.0430 -0.8265
vn 0.1227 -0.3393 -0.9326
vn 0.2168 -0.3283 -0.9194
vn 0.5241 -0.2554 -0.8125
vn 0.4573 -0.3403 -0.8216
vn 0.8847 0.0589 -0.4625
vn 0.3217 -0.3448 -0.8818
vn -0.3710 -0.3111 -0.8750
vn -0.0634 -0.3218 -0.9447
vn -0.1253 -0.2564 -0.9584
vn 0.0306 -0.3327 -0.9425
vn 0.7387 -0.1266 -0.6620
vn 0.3873 -0.4210 -0.8202
vn -0.5071 -0.1108 -0.8547
vn -0.5302 -0.2758 -0.8017
vn -0.1552 -0.3405 -0.9274
vn 0.5791 -0.5087 -0.6371
vn -0.6415 -0.2358 -0.7300
vn -0.7045 0.0025 -0.7097
vn 0.6045 -0.4797 -0.6360
vn -0.6094 -0.3106 -0.7295
vn -0.6697 -0.2823 -0.6869
vn -0.2665 -0.3417 -0.9012
vn 0.1574 -0.4068 -0.8999
vn 0.1196 -0.3919 -0.9122
vn 0.2770 -0.3942 -0.8763
vn 0.0407 -0.4157 -0.9086
vn 0.2784 -0.4766 -0.8339
vn 0.4883 -0.4830 -0.7268
vn 0.3687 -0.4808 -0.7956
vn -0.4520 -0.4153 -0.7894
vn -0.5265 -0.3269 -0.7848
vn -0.0654 -0.3865 -0.9200
vn 0.5753 -0.5715 -0.5852
vn -0.6798 -0.3395 -0.6501
vn -0.3358 -0.4249 -0.8407
vn -0.1641 -0.4710 -0.8668
vn -0.5768 -0.4289 -0.6952
vn -0.0684 -0.4902 -0.8689
vn -0.2105 -0.3969 -0.8934
vn -0.2916 -0.5050 -0.8124
vn 0.3168 -0.5847 -0.7468
vn -0.6415 -0.4740 -0.6032
vn -0.4096 -0.5398 -0.7355
vn 0.2010 -0.4827 -0.8524
vn 0.1436 -0.5640 -0.8132
vn 0.2247 -0.5826 -0.7811
vn 0.5864 -0.5930 -0.5518
vn 0.0678 -0.5052 -0.8603
vn -0.0074 -0.5849 -0.8111
vn 0.4844 -0.5572 -0.6745
vn 0.4720 -0.5668 -0.6753
vn -0.1900 -0.6078 -0.7711
vn -0.6036 -0.5752 -0.5522
vn -0.4870 -0.6018 -0.6329
vn -0.5087 -0.5223 -0.6844
vn -0.3402 -0.6565 -0.6733
vn 0.4744 -0.5945 -0.6493
vn 0.5477 -0.6307 -0.5498
vn 0.1306 -0.6792 -0.7222
vn 0.2623 -0.7188 -0.6438
vn -0.4579 -0.6746 -0.5789
vn 0.3669 -0.6815 -0.6332
vn -0.5319 -0.6155 -0.5816
vn -0.0296 -0.6789 -0.7336
vn -0.1255 -0.7463 -0.6537
vn -0.5669 -0.6639 -0.4876
vn 0.8983 0.0285 -0.4384
vn 0.7100 -0.5469 -0.4435
vn 0.9040 -0.3191 0.2844
vn 0.9815 -0.0320 0.1888
vn 0.8071 -0.5759 0.1302
vn 0.9896 0.0453 0.1364
vn 0.9487 -0.2389 0.2071
vn 0.9590 -0.2780 -0.0549
vn 0.9393 -0.1450 -0.3109
vn 0.9432 -0.1339 -0.3042
vn 0.8228 -0.5312 0.2018
vn 0.8155 -0.5461 0.1916
vn 0.7928 -0.5851 0.1710
vn 0.9374 -0.3102 -0.1585
vn 0.9354 -0.3197 0.1513
vn 0.8053 -0.5788 0.1283
vn 0.9118 -0.0577 -0.4066
vn 0.9438 -0.3305 0.0054
vn 0.8137 -0.5741 0.0913
vn 0.9172 -0.3979 0.0219
vn 0.9854 -0.1653 -0.0400
vn 0.9344 -0.1946 -0.2985
vn 0.8440 -0.5323 0.0659
vn 0.9898 -0.1257 -0.0666
vn 0.9894 -0.0730 -0.1254
vn 0.9072 -0.0884 -0.4112
vn 0.9209 -0.1340 -0.3661
vn 0.8891 -0.0145 -0.4575
vn 0.9512 -0.2860 0.1161
vn 0.9942 -0.0062 -0.1077
vn 0.7282 -0.3582 0.5843
vn 0.5918 -0.1790 0.7859
vn 0.9697 0.0714 -0.2336
vn 0.8920 0.0976 -0.4414
vn 0.9837 -0.1758 0.0390
vn 0.9705 0.0279 0.2396
vn 0.9994 0.0120 0.0325
vn 0.9894 0.0712 0.1265
vn 0.9672 0.0026 -0.2539
vn 0.9219 0.0032 -0.3873
vn 0.9826 -0.0227 0.1842
vn 0.8345 -0.0262 -0.5504
vn 0.9348 -0.2659 0.2357
vn 0.9355 -0.2256 0.2720
vn 0.9000 0.2233 0.3744
vn 0.9988 -0.0462 -0.0161
vn 0.8433 -0.0901 -0.5299
vn 0.9961 0.0763 0.0449
vn 0.9923 0.1210 0.0256
vn 0.9117 0.3982 -0.1015
vn 0.7984 0.4439 -0.4069
vn 0.7604 0.4413 -0.4764
vn 0.9910 0.0242 0.1316
vn 0.9962 -0.0145 0.0855
vn 0.9912 0.1241 0.0460
vn 0.8844 0.3999 -0.2407
vn 0.7372 0.4332 -0.5185
vn 0.8942 0.4135 -0.1715
vn 0.8684 0.4956 -0.0146
vn 0.7581 0.6444 -0.0998
vn 0.7460 0.6025 -0.2836
vn 0.9930 0.1064 0.0516
vn 0.8135 0.5693 -0.1190
vn 0.7486 0.5887 -0.3050
vn 0.7005 0.6282 -0.3386
vn 0.9215 0.3084 0.2360
vn 0.9718 0.2322 -0.0420
vn 0.8447 0.5282 -0.0867
vn 0.7639 0.5684 -0.3055
vn 0.6276 0.7660 -0.1393
vn 0.5887 0.7353 -0.3359
vn 0.4461 0.8410 -0.3061
vn 0.6942 0.6277 -0.3521
vn 0.6970 0.6214 -0.3578
vn 0.6764 0.6643 -0.3182
vn 0.6841 -0.6722 0.2830
vn 0.5973 0.7799 0.1869
vn 0.6855 0.4407 -0.5796
vn 0.7427 0.6638 -0.0882
vn 0.6045 0.6740 -0.4246
vn 0.2463 0.9624 -0.1149
vn 0.7021 0.4311 -0.5668
vn 0.5020 0.7860 0.3608
vn 0.2484 0.9618 -0.1149
vn 0.2423 0.9606 -0.1359
vn 0.6832 0.6310 -0.3674
vn 0.3607 0.9224 -0.1381
vn 0.4512 0.8922 -0.0173
vn 0.7133 0.6910 -0.1173
vn 0.6988 0.7058 -0.1163
vn 0.0703 0.9883 -0.1354
vn 0.0672 0.9868 -0.1476
vn 0.0428 0.9911 -0.1261
vn -0.0099 0.9856 -0.1687
vn 0.0805 0.8212 -0.5649
vn 0.2101 0.9034 -0.3738
vn 0.1976 0.9764 0.0869
vn 0.6840 0.7139 0.1503
vn 0.7056 0.6284 -0.3275
vn 0.1171 0.9751 0.1885
vn 0.2250 0.9665 0.1233
vn 0.6115 0.7905 -0.0351
vn 0.1691 0.9090 -0.3810
vn 0.1782 0.9120 -0.3695
vn 0.0183 0.9950 -0.0979
vn 0.5825 0.8123 -0.0301
vn 0.0940 0.8028 -0.5888
vn 0.3619 0.8800 0.3076
vn 0.0663 0.9821 -0.1761
vn 0.1145 0.9759 0.1859
vn 0.6484 0.7371 -0.1904
vn 0.1406 0.9112 -0.3873
vn -0.0020 0.9850 0.1726
vn 0.6714 0.7356 0.0898
vn 0.7010 0.6872 -0.1909
vn 0.4292 0.8983 0.0943
vn 0.4843 0.8745 -0.0260
vn 0.4718 0.7173 0.5127
vn 0.7007 0.6873 -0.1915
vn 0.0777 0.7961 -0.6002
vn 0.3562 0.9015 0.2459
vn 0.2985 0.9134 0.2767
vn 0.0261 0.8023 -0.5964
vn 0.3470 0.9355 0.0666
vn 0.4072 0.7941 0.4513
vn 0.3534 0.8962 0.2681
vn 0.1659 0.8799 -0.4453
vn 0.2320 0.9705 0.0657
vn 0.2067 0.8994 -0.3852
vn 0.2285 0.9171 0.3266
vn 0.3225 0.9134 0.2485
vn 0.2962 0.8827 -0.3649
vn 0.3242 0.9293 -0.1768
vn 0.0371 0.7090 -0.7042
vn -0.0612 0.7419 -0.6678
vn 0.0046 0.9970 0.0778
vn -0.2212 0.9712 -0.0886
vn -0.3235 0.9459 -0.0240
vn 0.0538 0.9691 -0.2407
vn -0.5240 0.8493 -0.0647
vn -0.4453 0.8953 -0.0057
vn 0.0040 0.9879 -0.1552
vn -0.1181 0.9929 0.0167
vn -0.5376 0.8370 -0.1021
vn 0.0385 0.9951 -0.0913
vn -0.4281 0.8908 0.1522
vn -0.3688 0.9234 0.1068
vn -0.2609 0.9639 -0.0540
vn -0.5219 0.8440 -0.1240
vn -0.4949 0.8665 -0.0648
vn -0.6090 0.7925 -0.0334
vn -0.6121 0.7901 -0.0309
vn -0.6174 0.7863 -0.0215
vn -0.6218 0.7830 -0.0162
vn -0.3379 0.9044 -0.2606
vn -0.1086 0.9941 0.0051
vn -0.0724 0.9970 -0.0280
vn -0.5291 0.8376 -0.1357
vn -0.5916 0.7980 -0.1154
vn -0.2591 0.9123 -0.3173
vn -0.2801 0.8111 -0.5135
vn -0.2028 0.8025 -0.5612
vn -0.2391 0.8177 -0.5236
vn -0.2845 0.8678 -0.4075
vn -0.6057 0.7864 -0.1212
vn -0.3352 0.8860 -0.3205
vn -0.3405 0.9265 -0.1600
vn -0.6842 0.7279 0.0446
vn -0.6972 0.7100 0.0991
vn -0.3254 0.9132 -0.2454
vn -0.3267 0.9002 -0.2879
vn -0.3051 0.9499 -0.0678
vn -0.3316 0.8236 -0.4601
vn -0.5480 0.7581 -0.3536
vn -0.7560 0.6284 0.1831
vn -0.7552 0.6292 0.1838
vn -0.9209 0.3746 0.1076
vn -0.8316 0.5076 0.2256
vn -0.7506 0.6407 -0.1615
vn 0.6740 0.6719 -0.3070
vn -0.7857 0.6154 -0.0638
vn -0.9528 0.3001 0.0461
vn -0.9719 0.2314 -0.0441
vn -0.0483 0.8735 0.4844
vn 0.6026 0.3763 0.7037
vn -0.7800 0.5757 0.2453
vn -0.7929 0.5360 0.2898
vn -0.9537 0.2759 0.1202
vn -0.7736 0.5314 0.3452
vn -0.8419 0.5074 -0.1838
vn -0.8090 0.5874 -0.0224
vn -0.8953 0.3201 -0.3098
vn -0.9045 0.3770 0.1993
vn -0.9112 0.3685 0.1844
vn -0.8816 0.4388 -0.1737
vn -0.8772 0.3615 -0.3159
vn -0.9089 0.4149 0.0425
vn -0.8281 0.5148 -0.2218
vn -0.8609 0.4546 0.2286
vn -0.6523 0.7557 0.0589
vn -0.9173 0.2393 0.3182
vn -0.6438 0.6973 0.3151
vn -0.6852 0.6705 0.2843
vn -0.7500 0.6032 0.2712
vn -0.7560 0.6081 -0.2423
vn -0.5721 0.7806 -0.2518
vn -0.5345 0.8338 -0.1385
vn -0.5668 0.7860 -0.2468
vn -0.8123 0.3886 0.4350
vn -0.8299 0.3581 0.4278
vn -0.6260 0.7701 0.1229
vn -0.8922 0.4269 0.1471
vn -0.6262 0.7700 0.1221
vn -0.7282 0.6825 0.0618
vn -0.9300 0.1943 0.3121
vn -0.6446 0.7244 -0.2445
vn -0.7535 0.6160 -0.2299
vn -0.9904 0.0408 -0.1321
vn -0.9933 0.0644 0.0961
vn -0.9409 0.2272 -0.2510
vn -0.9234 0.1635 0.3473
vn -0.8986 0.2541 0.3576
vn -0.8953 0.2180 0.3885
vn -0.8970 0.2546 0.3615
vn -0.9421 0.2491 0.2243
vn -0.7876 0.4359 0.4355
vn -0.9920 -0.0745 0.1017
vn -0.9860 -0.0463 -0.1599
vn -0.8733 0.1956 0.4463
vn -0.7875 0.3187 0.5275
vn -0.9795 0.1654 -0.1148
vn -0.9825 -0.1507 -0.1090
vn -0.9772 -0.0607 -0.2037
vn -0.8402 0.5227 0.1445
vn -0.9593 0.1519 0.2380
vn -0.9619 0.0515 -0.2687
vn -0.7855 0.5052 0.3575
vn -0.9621 0.0911 -0.2569
vn -0.7631 0.3177 0.5627
vn -0.9324 0.3277 0.1526
vn -0.9680 -0.0147 -0.2503
vn -0.8746 0.1345 0.4659
vn -0.7809 0.5293 0.3316
vn -0.7548 0.2892 0.5888
vn -0.8246 0.4900 0.2827
vn -0.7929 0.5335 -0.2946
vn -0.7402 0.2757 0.6132
vn -0.9573 0.2710 0.1003
vn -0.9457 0.2793 0.1664
vn -0.7200 0.6837 -0.1189
vn -0.7398 0.1057 0.6645
vn -0.9585 0.2477 -0.1410
vn -0.7484 0.6540 0.1105
vn -0.7831 0.1080 0.6125
vn -0.8393 0.4987 0.2164
vn -0.8599 0.4599 0.2217
vn -0.8559 0.4833 0.1840
vn -0.8374 0.5083 -0.2009
vn -0.7605 0.0587 0.6467
vn -0.8237 0.3130 -0.4728
vn -0.6790 0.1076 0.7262
vn -0.8961 0.3887 0.2142
vn -0.8260 0.5606 -0.0581
vn -0.5139 -0.0893 0.8532
vn -0.6195 -0.0254 0.7845
vn -0.6825 0.3129 0.6605
vn -0.6665 0.1222 0.7354
vn -0.9603 0.2790 -0.0019
vn -0.9700 0.2089 -0.1244
vn -0.8577 0.5129 -0.0362
vn -0.8616 0.2638 -0.4337
vn -0.9709 0.2038 -0.1256
vn -0.9071 0.4129 -0.0821
vn -0.8739 0.3928 0.2862
vn -0.9465 0.3049 -0.1056
vn -0.6112 -0.0113 0.7914
vn -0.9801 0.1593 -0.1182
vn -0.9924 0.1136 -0.0464
vn -0.9151 0.1891 -0.3562
vn -0.9607 0.2114 0.1801
vn -0.6815 0.0825 0.7271
vn -0.8881 0.2862 0.3597
vn -0.6987 -0.0622 0.7127
vn -0.9627 0.2668 0.0458
vn -0.9638 0.1088 0.2433
vn -0.9972 0.0585 -0.0460
vn -0.9122 -0.2089 0.3524
vn -0.9013 -0.4290 -0.0608
vn -0.8224 -0.5314 0.2032
vn -0.6995 -0.1783 0.6921
vn -0.8025 -0.4860 0.3460
vn -0.6812 -0.6481 0.3406
vn -0.6673 -0.6722 0.3207
vn -0.7380 -0.5092 0.4428
vn -0.7473 -0.4783 0.4613
vn -0.5723 -0.7488 0.3343
vn -0.7198 -0.5241 0.4553
vn -0.5457 -0.7123 0.4414
vn -0.5383 -0.7333 0.4152
vn -0.4719 -0.2840 0.8346
vn -0.2853 -0.5488 0.7858
vn -0.2965 -0.5412 0.7869
vn -0.1151 -0.6276 0.7700
vn -0.4164 -0.8973 -0.1464
vn -0.2694 -0.9584 0.0941
vn -0.2989 -0.5355 0.7898
vn -0.1398 -0.6131 0.7775
vn -0.0804 -0.8714 0.4839
vn -0.2659 -0.5284 0.8062
vn -0.1536 -0.5937 0.7899
vn -0.2550 -0.9622 0.0958
vn 0.0373 -0.7796 0.6251
vn -0.0152 -0.7421 0.6701
vn 0.0199 -0.5775 0.8161
vn -0.0208 -0.9036 0.4279
vn 0.4111 -0.6796 0.6075
vn 0.4482 -0.8298 0.3325
vn 0.1305 -0.8589 0.4952
vn 0.4579 -0.7841 0.4190
vn 0.4673 -0.8207 0.3288
vn 0.5529 -0.7945 0.2513
vn 0.3966 -0.8005 0.4493
vn 0.5991 -0.7504 0.2792
vn 0.5070 -0.7655 0.3962
vn 0.6401 -0.7230 0.2599
vn 0.6628 -0.6221 0.4167
vn 0.6938 -0.7041 0.1511
vn -0.7258 -0.4074 0.5544
vn 0.5766 -0.4204 0.7005
vn 0.6627 0.3735 0.6491
vn -0.1956 0.8447 0.4983
vn -0.6525 0.4447 0.6136
vn 0.0952 0.7460 0.6591
vn -0.2170 0.6083 0.7635
vn -0.5610 0.3623 0.7443
vn -0.3410 0.4070 0.8474
vn -0.0289 0.4691 0.8827
vn -0.1802 0.4261 0.8866
vn 0.1846 0.3767 0.9078
vn 0.4057 0.6286 0.6635
vn 0.1203 0.2836 0.9514
vn 0.0888 0.3181 0.9439
vn -0.1957 0.1983 0.9604
vn 0.3848 0.6987 0.6031
vn -0.5679 0.0695 0.8201
vn 0.5526 0.7045 0.4453
vn 0.5791 0.4863 0.6543
vn 0.7116 0.5962 0.3717
vn 0.1232 0.1715 0.9775
vn -0.0132 0.1125 0.9936
vn -0.1448 0.0644 0.9874
vn -0.0628 0.0946 0.9935
vn -0.3035 0.0032 0.9528
vn 0.3870 -0.3649 0.8468
vn 0.2216 -0.0146 0.9750
vn 0.2646 -0.3436 0.9011
vn 0.4263 -0.0390 0.9037
vn 0.2834 -0.2319 0.9305
vn 0.2536 -0.2206 0.9418
vn 0.3035 -0.1489 0.9411
vn 0.3034 -0.1573 0.9398
vn -0.3612 -0.2576 0.8962
vn 0.4036 -0.4373 0.8037
vn -0.3525 -0.2468 0.9027
vn -0.6289 -0.1687 0.7590
vn 0.2296 -0.2488 0.9409
vn -0.6691 -0.0653 0.7403
vn -0.6117 -0.1457 0.7776
vn -0.5899 -0.0162 0.8073
vn -0.6129 -0.1387 0.7779
vn -0.1915 0.8719 0.4506
vn -0.8973 0.2141 0.3860
vn -0.4691 -0.2854 0.8358
vn -0.4010 0.4602 -0.7921
vn -0.3882 0.5086 -0.7685
vn -0.5994 0.3620 -0.7139
vn -0.2124 0.5601 -0.8007
vn 0.1773 0.6321 -0.7544
vn 0.3112 0.4919 -0.8132
vn -0.4393 0.5884 -0.6789
vn 0.6335 0.5691 -0.5242
vn 0.8572 0.1561 -0.4907
vn 0.4020 0.4337 -0.8064
vn 0.5872 0.1168 -0.8009
vn 0.3305 0.4591 -0.8246
vn 0.4088 0.1711 -0.8965
vn -0.4723 0.5402 -0.6965
vn -0.4959 0.4900 -0.7169
vn 0.4537 0.4116 -0.7904
vn 0.5448 0.1950 -0.8156
vn 0.8834 0.0624 -0.4644
vn 0.3345 0.4615 -0.8217
vn 0.4625 0.4042 -0.7892
vn 0.5374 0.2019 -0.8188
vn 0.3160 0.4583 -0.8307
vn -0.3970 0.4873 -0.7778
vn 0.3088 0.4469 -0.8396
vn 0.5124 0.2857 -0.8098
vn 0.4565 0.4004 -0.7946
vn 0.4901 0.3309 -0.8064
vn 0.5382 0.2106 -0.8161
vn -0.2845 0.5043 -0.8153
vn 0.4870 0.3070 -0.8177
vn 0.5392 0.2157 -0.8141
vn -0.4694 0.3856 -0.7943
vn 0.2873 0.1509 -0.9459
vn -0.0171 0.1618 -0.9867
vn 0.3317 0.3474 -0.8771
vn 0.4963 0.2182 -0.8403
vn -0.3140 0.0832 -0.9458
vn -0.6653 0.2625 -0.6989
vn 0.6832 -0.0677 -0.7271
vn 0.8153 -0.0159 -0.5789
vn -0.7953 0.2365 -0.5582
vn -0.6768 -0.1515 -0.7205
vn 0.4558 -0.4998 -0.7365
vn 0.5491 -0.5261 -0.6494
vn 0.3782 -0.5473 -0.7466
vn 0.3769 -0.5800 -0.7221
vn -0.6034 -0.5769 -0.5505
vn 0.8601 -0.2543 -0.4422
vt 0.421562 0.001600
vt 0.442531 0.024308
vt 0.414021 0.015927
vt 0.440154 0.003014
vt 0.473693 0.003055
vt 0.498409 0.012095
vt 0.479052 0.021710
vt 0.452113 0.018166
vt 0.550566 0.003359
vt 0.557889 0.020431
vt 0.545297 0.035820
vt 0.461719 0.004814
vt 0.481187 0.028575
vt 0.529145 0.008178
vt 0.528495 0.035048
vt 0.463544 0.033362
vt 0.584312 0.007600
vt 0.602985 0.062026
vt 0.576241 0.030444
vt 0.447677 0.040918
vt 0.514463 0.010956
vt 0.510557 0.041800
vt 0.418220 0.030337
vt 0.417736 0.050217
vt 0.403844 0.046300
vt 0.429995 0.046709
vt 0.502955 0.051663
vt 0.562713 0.049758
vt 0.537985 0.054917
vt 0.563303 0.034792
vt 0.573333 0.053736
vt 0.579748 0.055372
vt 0.615610 0.030208
vt 0.620926 0.066261
vt 0.562500 0.054688
vt 0.557836 0.054669
vt 0.391324 0.033854
vt 0.382813 0.076879
vt 0.446678 0.068252
vt 0.434352 0.064858
vt 0.517990 0.060932
vt 0.560645 0.058676
vt 0.551231 0.060701
vt 0.378906 0.056783
vt 0.377180 0.061586
vt 0.411918 0.074651
vt 0.398801 0.068022
vt 0.427570 0.070842
vt 0.466457 0.052640
vt 0.484306 0.060471
vt 0.460765 0.068840
vt 0.525589 0.069049
vt 0.506673 0.065737
vt 0.539062 0.070282
vt 0.535076 0.074828
vt 0.542969 0.066406
vt 0.546875 0.066406
vt 0.553063 0.065266
vt 0.604640 0.069095
vt 0.568954 0.069646
vt 0.378475 0.073216
vt 0.547173 0.070407
vt 0.542969 0.070313
vt 0.386733 0.086651
vt 0.454371 0.088302
vt 0.542969 0.074219
vt 0.539063 0.074219
vt 0.557949 0.082183
vt 0.610426 0.074680
vt 0.578161 0.079351
vt 0.531022 0.074434
vt 0.519074 0.089656
vt 0.539221 0.078125
vt 0.539061 0.089702
vt 0.382757 0.088428
vt 0.533989 0.092890
vt 0.624482 0.097350
vt 0.601145 0.093091
vt 0.427980 0.085632
vt 0.417061 0.109145
vt 0.578584 0.095993
vt 0.390851 0.101251
vt 0.386677 0.096655
vt 0.430994 0.108421
vt 0.448389 0.103668
vt 0.468233 0.097774
vt 0.455939 0.101435
vt 0.543850 0.098243
vt 0.387393 0.103176
vt 0.469533 0.109906
vt 0.481516 0.079530
vt 0.505512 0.110038
vt 0.539062 0.107855
vt 0.379660 0.114451
vt 0.402472 0.124465
vt 0.397539 0.120200
vt 0.461865 0.116816
vt 0.500231 0.120349
vt 0.449857 0.118422
vt 0.535156 0.131077
vt 0.389778 0.122588
vt 0.518836 0.130071
vt 0.542969 0.115301
vt 0.547607 0.126406
vt 0.542940 0.128388
vt 0.497909 0.128529
vt 0.493470 0.141132
vt 0.375174 0.130221
vt 0.470532 0.121711
vt 0.479612 0.145317
vt 0.404519 0.133979
vt 0.394015 0.138985
vt 0.560146 0.112418
vt 0.587054 0.145064
vt 0.375903 0.142013
vt 0.436792 0.143760
vt 0.460978 0.129295
vt 0.513160 0.142541
vt 0.505763 0.149360
vt 0.411215 0.151361
vt 0.546875 0.143256
vt 0.537525 0.150207
vt 0.492259 0.151816
vt 0.572750 0.154959
vt 0.550801 0.149628
vt 0.383105 0.159595
vt 0.546867 0.154473
vt 0.403811 0.168076
vt 0.478069 0.160099
vt 0.458304 0.152351
vt 0.610204 0.141270
vt 0.624410 0.146150
vt 0.606804 0.159360
vt 0.595730 0.168073
vt 0.460596 0.168461
vt 0.484338 0.170418
vt 0.550581 0.164291
vt 0.535377 0.171471
vt 0.451785 0.178168
vt 0.433285 0.165526
vt 0.554688 0.170504
vt 0.393782 0.188199
vt 0.427880 0.181816
vt 0.417398 0.185275
vt 0.525130 0.187203
vt 0.503151 0.161549
vt 0.474996 0.185335
vt 0.550761 0.186142
vt 0.458103 0.193028
vt 0.425768 0.172943
vt 0.505743 0.180762
vt 0.541856 0.184615
vt 0.491558 0.188597
vt 0.572602 0.188519
vt 0.554850 0.186271
vt 0.606687 0.193895
vt 0.590814 0.193037
vt 0.623278 0.190487
vt 0.518562 0.197979
vt 0.550781 0.193367
vt 0.546597 0.194264
vt 0.554688 0.192080
vt 0.500498 0.198781
vt 0.571780 0.193560
vt 0.443339 0.204145
vt 0.432832 0.215892
vt 0.492293 0.203175
vt 0.483716 0.202865
vt 0.546716 0.199460
vt 0.550995 0.202550
vt 0.565486 0.204956
vt 0.389563 0.197374
vt 0.379626 0.219626
vt 0.376764 0.185906
vt 0.462380 0.204306
vt 0.521048 0.203125
vt 0.613008 0.226341
vt 0.623758 0.195648
vt 0.484375 0.207031
vt 0.478956 0.207031
vt 0.490504 0.207031
vt 0.507842 0.212447
vt 0.524643 0.211729
vt 0.395085 0.204930
vt 0.425775 0.227533
vt 0.471617 0.210938
vt 0.463220 0.214201
vt 0.477958 0.210938
vt 0.484832 0.211036
vt 0.590597 0.224541
vt 0.470484 0.214844
vt 0.476945 0.214940
vt 0.456235 0.222518
vt 0.469335 0.218750
vt 0.462600 0.220286
vt 0.486407 0.227006
vt 0.542208 0.229445
vt 0.524794 0.228653
vt 0.558904 0.225882
vt 0.456761 0.218386
vt 0.515262 0.230908
vt 0.586186 0.247978
vt 0.446444 0.230677
vt 0.461632 0.232575
vt 0.387032 0.277823
vt 0.453069 0.245102
vt 0.442987 0.238133
vt 0.506436 0.234422
vt 0.494006 0.241141
vt 0.562123 0.236349
vt 0.400023 0.226248
vt 0.400202 0.265394
vt 0.420850 0.245444
vt 0.432932 0.245702
vt 0.551890 0.260665
vt 0.611244 0.258108
vt 0.468050 0.247676
vt 0.537408 0.276794
vt 0.530721 0.250553
vt 0.566406 0.241682
vt 0.562444 0.243790
vt 0.623827 0.251649
vt 0.568071 0.251085
vt 0.464844 0.000000
vt 0.625000 0.017554
vt 0.602657 0.000757
vt 0.624900 0.164213
vt 0.375000 0.166184
vt 0.375000 0.096495
vt 0.375000 0.116244
vt 0.375000 0.049897
vt 0.382987 0.017664
vt 0.472490 0.259100
vt 0.452007 0.261227
vt 0.507312 0.274061
vt 0.477218 0.257356
vt 0.517857 0.268361
vt 0.530974 0.266100
vt 0.567990 0.259894
vt 0.596981 0.273799
vt 0.574404 0.269706
vt 0.430432 0.254032
vt 0.422433 0.267836
vt 0.478486 0.269663
vt 0.461328 0.271726
vt 0.375543 0.261783
vt 0.376975 0.294744
vt 0.417900 0.265999
vt 0.418033 0.277989
vt 0.437510 0.278480
vt 0.489488 0.285033
vt 0.570100 0.284570
vt 0.413231 0.280887
vt 0.524741 0.285261
vt 0.474687 0.287053
vt 0.465147 0.290465
vt 0.411640 0.294624
vt 0.448053 0.293637
vt 0.510785 0.286942
vt 0.582971 0.286631
vt 0.574229 0.284969
vt 0.590155 0.289358
vt 0.401864 0.316834
vt 0.429335 0.296708
vt 0.570070 0.289268
vt 0.544092 0.285925
vt 0.574488 0.289342
vt 0.406250 0.309600
vt 0.497713 0.296619
vt 0.488171 0.289389
vt 0.538503 0.309714
vt 0.587132 0.293504
vt 0.615636 0.278702
vt 0.602127 0.298322
vt 0.509735 0.314126
vt 0.551645 0.310835
vt 0.606445 0.300785
vt 0.492329 0.318825
vt 0.482239 0.308512
vt 0.496094 0.300865
vt 0.503922 0.304625
vt 0.500000 0.303596
vt 0.507813 0.308558
vt 0.384605 0.316998
vt 0.464938 0.311629
vt 0.474140 0.310825
vt 0.558797 0.308664
vt 0.609858 0.306819
vt 0.617157 0.309546
vt 0.499870 0.308940
vt 0.503906 0.308594
vt 0.526551 0.316986
vt 0.587834 0.311720
vt 0.503906 0.313453
vt 0.561951 0.319265
vt 0.548784 0.318403
vt 0.410689 0.309379
vt 0.406250 0.326288
vt 0.447261 0.323621
vt 0.431220 0.330466
vt 0.477132 0.336316
vt 0.511331 0.320088
vt 0.516103 0.324208
vt 0.515891 0.319793
vt 0.543912 0.325892
vt 0.621095 0.308761
vt 0.617210 0.333486
vt 0.402344 0.327875
vt 0.468419 0.338069
vt 0.511566 0.324799
vt 0.568831 0.334509
vt 0.601288 0.320343
vt 0.583605 0.339525
vt 0.499301 0.334214
vt 0.398413 0.340674
vt 0.427795 0.349541
vt 0.531995 0.340191
vt 0.612724 0.341968
vt 0.402352 0.343265
vt 0.524728 0.336844
vt 0.521665 0.330198
vt 0.563086 0.346419
vt 0.418235 0.364364
vt 0.462504 0.343561
vt 0.500699 0.353963
vt 0.517170 0.331165
vt 0.593152 0.348674
vt 0.479301 0.352318
vt 0.474031 0.345565
vt 0.527465 0.346116
vt 0.538837 0.355250
vt 0.580915 0.352926
vt 0.392514 0.338235
vt 0.375379 0.349383
vt 0.469318 0.352047
vt 0.512644 0.364391
vt 0.382191 0.363415
vt 0.398438 0.358270
vt 0.617425 0.348626
vt 0.613257 0.354294
vt 0.391545 0.361437
vt 0.446864 0.365851
vt 0.574484 0.365113
vt 0.586930 0.366208
vt 0.451317 0.377388
vt 0.474703 0.374010
vt 0.531339 0.380201
vt 0.399319 0.371643
vt 0.394529 0.375071
vt 0.487320 0.365941
vt 0.501146 0.379323
vt 0.382842 0.378342
vt 0.527471 0.379867
vt 0.433773 0.384250
vt 0.609324 0.364795
vt 0.605377 0.384345
vt 0.613403 0.366230
vt 0.609128 0.375648
vt 0.428859 0.403222
vt 0.487112 0.381021
vt 0.583393 0.389285
vt 0.394057 0.397583
vt 0.480110 0.392971
vt 0.546594 0.372491
vt 0.564842 0.383362
vt 0.549860 0.396248
vt 0.609396 0.386847
vt 0.461814 0.379248
vt 0.447376 0.396134
vt 0.468747 0.389482
vt 0.492042 0.396592
vt 0.543280 0.409231
vt 0.566675 0.405505
vt 0.605469 0.391953
vt 0.377246 0.405553
vt 0.433339 0.413484
vt 0.526938 0.400597
vt 0.601423 0.396326
vt 0.505775 0.400940
vt 0.492955 0.412165
vt 0.462869 0.408835
vt 0.473755 0.409328
vt 0.582515 0.412691
vt 0.601583 0.404926
vt 0.621760 0.391374
vt 0.620623 0.423158
vt 0.390635 0.411187
vt 0.419245 0.426296
vt 0.513289 0.411259
vt 0.560336 0.420775
vt 0.602334 0.415327
vt 0.477787 0.422127
vt 0.597656 0.410156
vt 0.597270 0.416604
vt 0.457371 0.422446
vt 0.539186 0.421129
vt 0.531353 0.425351
vt 0.525609 0.415118
vt 0.507854 0.429613
vt 0.527023 0.425571
vt 0.597717 0.431029
vt 0.385755 0.435229
vt 0.383296 0.423297
vt 0.501522 0.433794
vt 0.495153 0.432444
vt 0.575938 0.431991
vt 0.593128 0.424584
vt 0.620507 0.438431
vt 0.527344 0.429822
vt 0.543774 0.432857
vt 0.539063 0.432990
vt 0.562770 0.440867
vt 0.509348 0.433731
vt 0.531238 0.429672
vt 0.496185 0.437794
vt 0.535163 0.443116
vt 0.538365 0.437500
vt 0.546875 0.437500
vt 0.542969 0.437500
vt 0.551035 0.441406
vt 0.485967 0.437320
vt 0.475011 0.443989
vt 0.471155 0.440893
vt 0.485031 0.442320
vt 0.542969 0.441406
vt 0.546875 0.441406
vt 0.393825 0.444871
vt 0.384189 0.444832
vt 0.462702 0.445290
vt 0.452995 0.437654
vt 0.510855 0.452265
vt 0.546875 0.445313
vt 0.554852 0.445411
vt 0.550781 0.445313
vt 0.579862 0.460166
vt 0.387956 0.449493
vt 0.448191 0.449219
vt 0.462322 0.449414
vt 0.489581 0.458031
vt 0.550735 0.449716
vt 0.384215 0.464664
vt 0.440999 0.453125
vt 0.417415 0.440894
vt 0.458570 0.464923
vt 0.452515 0.451161
vt 0.524940 0.465794
vt 0.558063 0.460964
vt 0.563403 0.456594
vt 0.556201 0.452580
vt 0.397865 0.451216
vt 0.406188 0.451345
vt 0.415200 0.457031
vt 0.416068 0.453125
vt 0.428775 0.457007
vt 0.613510 0.452743
vt 0.601597 0.466369
vt 0.426340 0.461204
vt 0.438125 0.457604
vt 0.467772 0.471741
vt 0.506107 0.468236
vt 0.566520 0.464844
vt 0.622544 0.464939
vt 0.489108 0.473357
vt 0.562400 0.469699
vt 0.541742 0.474132
vt 0.562500 0.463294
vt 0.495247 0.478516
vt 0.601742 0.484057
vt 0.429919 0.478204
vt 0.452337 0.488068
vt 0.474713 0.484322
vt 0.566406 0.470676
vt 0.566334 0.476754
vt 0.570602 0.471850
vt 0.585270 0.477329
vt 0.574219 0.479026
vt 0.382738 0.486710
vt 0.538265 0.494597
vt 0.526501 0.486335
vt 0.568718 0.492356
vt 0.552730 0.487475
vt 0.433214 0.493733
vt 0.514618 0.475289
vt 0.495442 0.490252
vt 0.570312 0.477201
vt 0.574459 0.484890
vt 0.410438 0.497623
vt 0.437032 0.506992
vt 0.584761 0.500372
vt 0.383134 0.508138
vt 0.476666 0.503160
vt 0.460591 0.499655
vt 0.508675 0.498032
vt 0.513216 0.486231
vt 0.523114 0.501527
vt 0.570614 0.503811
vt 0.624844 0.449083
vt 0.497631 0.505928
vt 0.375000 0.386719
vt 0.550529 0.507443
vt 0.535106 0.523304
vt 0.441310 0.515182
vt 0.436915 0.515300
vt 0.517386 0.518358
vt 0.509586 0.508361
vt 0.566406 0.509691
vt 0.562500 0.522757
vt 0.570340 0.512980
vt 0.392664 0.530389
vt 0.465344 0.518121
vt 0.445494 0.523609
vt 0.492492 0.521944
vt 0.488090 0.505415
vt 0.566406 0.517864
vt 0.474349 0.525133
vt 0.486923 0.522582
vt 0.558594 0.534266
vt 0.585742 0.530468
vt 0.566777 0.524182
vt 0.441382 0.530783
vt 0.449240 0.536604
vt 0.486249 0.530069
vt 0.554550 0.544969
vt 0.562500 0.529324
vt 0.445313 0.532457
vt 0.466172 0.541893
vt 0.493563 0.528536
vt 0.488112 0.536394
vt 0.447697 0.543046
vt 0.453157 0.544697
vt 0.517600 0.534040
vt 0.503436 0.548275
vt 0.536650 0.550032
vt 0.546371 0.549659
vt 0.562527 0.535229
vt 0.558604 0.540071
vt 0.427793 0.559450
vt 0.422027 0.516730
vt 0.437399 0.556900
vt 0.525571 0.552372
vt 0.418242 0.564611
vt 0.409545 0.568352
vt 0.405810 0.523506
vt 0.493156 0.536338
vt 0.486098 0.566049
vt 0.559010 0.559928
vt 0.449219 0.552819
vt 0.457031 0.556469
vt 0.470387 0.558746
vt 0.442863 0.568681
vt 0.493962 0.564262
vt 0.554688 0.560759
vt 0.382822 0.581679
vt 0.453125 0.553362
vt 0.453125 0.560722
vt 0.515206 0.558057
vt 0.505177 0.559974
vt 0.532955 0.564720
vt 0.376661 0.570682
vt 0.520499 0.566851
vt 0.457287 0.565046
vt 0.479948 0.564351
vt 0.472593 0.570230
vt 0.505327 0.576914
vt 0.482663 0.570509
vt 0.490905 0.578067
vt 0.550398 0.587339
vt 0.554688 0.575564
vt 0.422402 0.580130
vt 0.461138 0.575869
vt 0.497090 0.585127
vt 0.499951 0.562542
vt 0.522091 0.576347
vt 0.539139 0.587267
vt 0.572674 0.571748
vt 0.554702 0.597344
vt 0.621539 0.562292
vt 0.594770 0.581471
vt 0.594297 0.559256
vt 0.386806 0.591239
vt 0.457031 0.572207
vt 0.457031 0.584034
vt 0.472810 0.574841
vt 0.467305 0.590801
vt 0.579794 0.593164
vt 0.481066 0.588880
vt 0.508340 0.586973
vt 0.378817 0.587478
vt 0.378263 0.579808
vt 0.382812 0.588522
vt 0.432978 0.595915
vt 0.432513 0.576670
vt 0.453074 0.589366
vt 0.457379 0.591408
vt 0.390742 0.599408
vt 0.566136 0.609975
vt 0.619388 0.575493
vt 0.600451 0.597097
vt 0.382811 0.595859
vt 0.394643 0.607535
vt 0.451839 0.597924
vt 0.491682 0.601740
vt 0.625793 0.588077
vt 0.527314 0.603533
vt 0.528242 0.585144
vt 0.550966 0.610531
vt 0.609350 0.605528
vt 0.386719 0.597656
vt 0.386302 0.604324
vt 0.453299 0.601618
vt 0.488806 0.595831
vt 0.466258 0.609288
vt 0.390625 0.606845
vt 0.445312 0.612858
vt 0.444627 0.620272
vt 0.449692 0.607623
vt 0.534786 0.614335
vt 0.546684 0.619995
vt 0.596705 0.626236
vt 0.436591 0.629825
vt 0.492356 0.605437
vt 0.482963 0.620323
vt 0.511226 0.600860
vt 0.497140 0.610887
vt 0.514256 0.619304
vt 0.629837 0.602835
vt 0.627845 0.622085
vt 0.390424 0.614372
vt 0.491029 0.621317
vt 0.377380 0.625582
vt 0.449244 0.614597
vt 0.450754 0.634582
vt 0.550869 0.624086
vt 0.579239 0.629049
vt 0.412276 0.615686
vt 0.400765 0.625304
vt 0.395426 0.614022
vt 0.497698 0.622338
vt 0.536173 0.645867
vt 0.394476 0.619734
vt 0.442324 0.632622
vt 0.477412 0.617742
vt 0.467257 0.630534
vt 0.479806 0.633146
vt 0.522792 0.630938
vt 0.488957 0.635860
vt 0.502242 0.640112
vt 0.384293 0.639758
vt 0.406392 0.634174
vt 0.402344 0.634051
vt 0.422888 0.639703
vt 0.424926 0.621974
vt 0.574490 0.644589
vt 0.398438 0.631132
vt 0.390793 0.653132
vt 0.406299 0.642117
vt 0.436403 0.640783
vt 0.454469 0.645378
vt 0.547073 0.645772
vt 0.402344 0.641746
vt 0.468738 0.646240
vt 0.410148 0.646172
vt 0.490335 0.649581
vt 0.603759 0.654885
vt 0.633780 0.638705
vt 0.628054 0.653964
vt 0.406036 0.651187
vt 0.436728 0.649196
vt 0.431966 0.652689
vt 0.477249 0.654938
vt 0.504203 0.662412
vt 0.522541 0.658996
vt 0.575811 0.660355
vt 0.411068 0.652674
vt 0.422123 0.657533
vt 0.457709 0.662995
vt 0.442840 0.664497
vt 0.489615 0.664142
vt 0.387636 0.675318
vt 0.415840 0.662045
vt 0.429865 0.660165
vt 0.569236 0.667534
vt 0.423146 0.667016
vt 0.477776 0.668894
vt 0.529392 0.678352
vt 0.546911 0.662943
vt 0.542986 0.675152
vt 0.613030 0.669760
vt 0.417969 0.670665
vt 0.419577 0.692834
vt 0.464523 0.673935
vt 0.455290 0.674493
vt 0.555535 0.677717
vt 0.414063 0.669079
vt 0.413158 0.685265
vt 0.410156 0.658617
vt 0.417969 0.678894
vt 0.487244 0.678905
vt 0.503720 0.682721
vt 0.472471 0.685384
vt 0.622064 0.681839
vt 0.607291 0.691489
vt 0.544813 0.691747
vt 0.592313 0.698150
vt 0.441354 0.698568
vt 0.465001 0.698311
vt 0.484735 0.693034
vt 0.412685 0.699375
vt 0.454079 0.696576
vt 0.572629 0.700806
vt 0.493063 0.703705
vt 0.414392 0.702595
vt 0.539122 0.702871
vt 0.535697 0.692457
vt 0.381242 0.726704
vt 0.441819 0.715114
vt 0.463398 0.710304
vt 0.591495 0.703667
vt 0.630991 0.696972
vt 0.620804 0.710914
vt 0.481322 0.709773
vt 0.529304 0.715481
vt 0.567438 0.713969
vt 0.536073 0.710284
vt 0.607719 0.724308
vt 0.514439 0.727081
vt 0.517280 0.709395
vt 0.530478 0.723285
vt 0.580552 0.731105
vt 0.414230 0.722448
vt 0.410055 0.730337
vt 0.435130 0.752223
vt 0.535188 0.730243
vt 0.558442 0.729637
vt 0.487199 0.752134
vt 0.522693 0.739241
vt 0.405903 0.749422
vt 0.530917 0.740993
vt 0.554324 0.744943
vt 0.639868 0.732474
vt 0.610077 0.739894
vt 0.463993 0.751065
vt 0.446708 0.752678
vt 0.514236 0.751525
vt 0.525306 0.748728
vt 0.540431 0.763854
vt 0.636176 0.572688
vt 0.634014 0.670363
vt 0.367839 0.595391
vt 0.371179 0.563427
vt 0.425425 0.746048
vt 0.425977 0.782742
vt 0.518475 0.760318
vt 0.412716 0.773682
vt 0.409792 0.774669
vt 0.556669 0.781640
vt 0.482881 0.780237
vt 0.439888 0.774509
vt 0.472018 0.762310
vt 0.527854 0.777871
vt 0.506612 0.776011
vt 0.620817 0.773966
vt 0.597855 0.784030
vt 0.605455 0.756698
vt 0.457438 0.772042
vt 0.446589 0.795876
vt 0.462360 0.796538
vt 0.532211 0.790476
vt 0.582666 0.796636
vt 0.566027 0.786713
vt 0.385025 0.793576
vt 0.414029 0.792684
vt 0.398814 0.812327
vt 0.456258 0.795463
vt 0.494698 0.796053
vt 0.490071 0.783657
vt 0.564506 0.795468
vt 0.417969 0.794511
vt 0.444161 0.800742
vt 0.465984 0.807034
vt 0.605953 0.801753
vt 0.620537 0.798016
vt 0.419874 0.802645
vt 0.454110 0.800832
vt 0.515576 0.806695
vt 0.440056 0.804688
vt 0.485478 0.816138
vt 0.570033 0.811020
vt 0.575805 0.814310
vt 0.422620 0.809067
vt 0.418043 0.813293
vt 0.435623 0.808594
vt 0.459547 0.812652
vt 0.414063 0.815323
vt 0.431691 0.816061
vt 0.410156 0.822924
vt 0.573341 0.826167
vt 0.542966 0.815746
vt 0.418049 0.821278
vt 0.414063 0.821885
vt 0.526221 0.825662
vt 0.406250 0.830870
vt 0.402344 0.838951
vt 0.600107 0.816648
vt 0.592688 0.832136
vt 0.620838 0.823758
vt 0.609449 0.839544
vt 0.414063 0.828846
vt 0.410156 0.829799
vt 0.475070 0.842262
vt 0.573281 0.839791
vt 0.377021 0.842329
vt 0.383248 0.848175
vt 0.526174 0.845811
vt 0.548222 0.843082
vt 0.578823 0.841842
vt 0.410156 0.836963
vt 0.406250 0.838079
vt 0.414670 0.851397
vt 0.398155 0.850323
vt 0.406260 0.845618
vt 0.402344 0.847794
vt 0.463140 0.845977
vt 0.503356 0.862711
vt 0.472507 0.857394
vt 0.445962 0.826741
vt 0.447658 0.866439
vt 0.568279 0.862772
vt 0.621586 0.846038
vt 0.616000 0.860829
vt 0.402486 0.870657
vt 0.583146 0.860769
vt 0.593153 0.853282
vt 0.603640 0.861631
vt 0.433152 0.878341
vt 0.461706 0.884166
vt 0.395984 0.871419
vt 0.380071 0.869609
vt 0.530078 0.880604
vt 0.572205 0.879858
vt 0.590139 0.876131
vt 0.422437 0.891549
vt 0.622340 0.880569
vt 0.609103 0.876165
vt 0.482312 0.888223
vt 0.475312 0.879126
vt 0.393461 0.903323
vt 0.406250 0.888667
vt 0.448791 0.896847
vt 0.513101 0.905856
vt 0.594148 0.890606
vt 0.579238 0.894672
vt 0.607792 0.892382
vt 0.402344 0.894079
vt 0.439499 0.912044
vt 0.578153 0.912814
vt 0.602535 0.909234
vt 0.406626 0.901130
vt 0.402254 0.911788
vt 0.616973 0.914148
vt 0.483631 0.921494
vt 0.476676 0.932468
vt 0.490874 0.910692
vt 0.594080 0.923004
vt 0.406250 0.913996
vt 0.400575 0.924168
vt 0.422003 0.925768
vt 0.410276 0.917193
vt 0.545365 0.913774
vt 0.528706 0.927257
vt 0.582637 0.932619
vt 0.408654 0.931620
vt 0.418265 0.927828
vt 0.390242 0.943537
vt 0.380708 0.924285
vt 0.561313 0.939190
vt 0.610926 0.925085
vt 0.603846 0.937391
vt 0.433094 0.938589
vt 0.455813 0.926689
vt 0.445998 0.945101
vt 0.463973 0.941370
vt 0.532839 0.945729
vt 0.477983 0.937603
vt 0.618984 0.939979
vt 0.469212 0.940460
vt 0.375702 0.968939
vt 0.591304 0.951010
vt 0.469219 0.945576
vt 0.464196 0.945804
vt 0.497006 0.946942
vt 0.474479 0.941576
vt 0.412173 0.944783
vt 0.383280 0.958098
vt 0.450342 0.949648
vt 0.444772 0.949290
vt 0.499034 0.953126
vt 0.606166 0.956207
vt 0.424735 0.964799
vt 0.409367 0.961424
vt 0.514433 0.960953
vt 0.624416 0.960659
vt 0.487762 0.964891
vt 0.518321 0.978230
vt 0.557833 0.980835
vt 0.405569 0.984356
vt 0.428563 0.984481
vt 0.548252 0.968714
vt 0.536787 0.982477
vt 0.609941 0.970740
vt 0.595909 0.990487
vt 0.524701 0.996801
vt 0.513213 0.996703
vt 0.562576 0.990690
vt 0.500550 0.998515
vt 0.421879 0.998871
vt 0.405021 0.998026
vt 0.454343 0.990550
vt 0.438337 0.998143
vt 0.584884 0.765005
vt 0.625000 0.861619
vt 0.622697 0.896260
vt 0.625000 0.911954
vt 0.625000 0.927683
vt 0.625000 0.980469
vt 0.587682 1.000000
vt 0.562735 0.998715
vt 0.548363 0.997319
vt 0.458746 0.999863
vt 0.377339 0.896904
vt 0.210372 0.501783
vt 0.229080 0.511709
vt 0.222801 0.526552
vt 0.234537 0.499916
vt 0.248838 0.517830
vt 0.282237 0.504331
vt 0.287921 0.532742
vt 0.274416 0.531349
vt 0.320313 0.510242
vt 0.324614 0.512721
vt 0.319245 0.517425
vt 0.297702 0.515129
vt 0.313691 0.509643
vt 0.309555 0.530277
vt 0.304160 0.530522
vt 0.325095 0.527795
vt 0.169535 0.546534
vt 0.158694 0.540121
vt 0.162992 0.506835
vt 0.299787 0.542976
vt 0.304586 0.537622
vt 0.308700 0.536550
vt 0.339025 0.521405
vt 0.351882 0.534247
vt 0.325833 0.542790
vt 0.211218 0.554735
vt 0.209003 0.529907
vt 0.305734 0.550621
vt 0.254155 0.548443
vt 0.223950 0.556017
vt 0.285318 0.555106
vt 0.360620 0.546397
vt 0.328960 0.557138
vt 0.160888 0.560923
vt 0.183503 0.556376
vt 0.180349 0.543080
vt 0.275588 0.561304
vt 0.262618 0.566198
vt 0.143598 0.573468
vt 0.135079 0.543180
vt 0.171068 0.560746
vt 0.301203 0.562117
vt 0.301322 0.571171
vt 0.365728 0.556241
vt 0.331292 0.574223
vt 0.367710 0.565531
vt 0.227668 0.572977
vt 0.295582 0.562098
vt 0.285423 0.576143
vt 0.199506 0.587436
vt 0.263286 0.569666
vt 0.247081 0.571989
vt 0.296430 0.584007
vt 0.251506 0.589602
vt 0.223085 0.579631
vt 0.264009 0.582263
vt 0.299771 0.588405
vt 0.182618 0.597222
vt 0.170168 0.601038
vt 0.207636 0.587735
vt 0.194723 0.593679
vt 0.278399 0.596022
vt 0.313690 0.594834
vt 0.356884 0.582791
vt 0.335771 0.598429
vt 0.227940 0.604669
vt 0.350566 0.607520
vt 0.159380 0.587065
vt 0.167633 0.605794
vt 0.161988 0.610253
vt 0.191413 0.596574
vt 0.249375 0.608550
vt 0.293005 0.613985
vt 0.125890 0.596103
vt 0.135409 0.588926
vt 0.131862 0.612220
vt 0.151807 0.609426
vt 0.205524 0.613728
vt 0.183148 0.601563
vt 0.177697 0.606305
vt 0.292791 0.596666
vt 0.186613 0.620095
vt 0.270970 0.612604
vt 0.139972 0.631838
vt 0.172490 0.629638
vt 0.158311 0.641804
vt 0.359576 0.640951
vt 0.363371 0.613669
vt 0.264907 0.631209
vt 0.204618 0.648583
vt 0.317613 0.623169
vt 0.289092 0.655206
vt 0.294123 0.632564
vt 0.223422 0.628944
vt 0.246778 0.649314
vt 0.214667 0.657378
vt 0.348531 0.653077
vt 0.345255 0.640709
vt 0.194430 0.653577
vt 0.171228 0.651904
vt 0.284544 0.666395
vt 0.289040 0.636933
vt 0.164133 0.670421
vt 0.155399 0.700123
vt 0.200030 0.666040
vt 0.317387 0.666906
vt 0.314695 0.646083
vt 0.133498 0.688325
vt 0.265660 0.694684
vt 0.323739 0.678770
vt 0.197373 0.688182
vt 0.226456 0.680618
vt 0.258565 0.669645
vt 0.239940 0.689092
vt 0.241213 0.664337
vt 0.185803 0.705927
vt 0.310859 0.697165
vt 0.305343 0.677129
vt 0.342664 0.675388
vt 0.326217 0.699529
vt 0.203404 0.708748
vt 0.220481 0.702652
vt 0.253493 0.688993
vt 0.245927 0.712685
vt 0.290668 0.685805
vt 0.283550 0.706610
vt 0.296918 0.708702
vt 0.345179 0.696206
vt 0.125220 0.692203
vt 0.125345 0.700509
vt 0.152928 0.720360
vt 0.132446 0.718256
vt 0.320791 0.713987
vt 0.222777 0.722713
vt 0.285575 0.719491
vt 0.249632 0.738109
vt 0.367481 0.704838
vt 0.345575 0.719497
vt 0.179307 0.737611
vt 0.281013 0.734302
vt 0.317964 0.727394
vt 0.300906 0.735517
vt 0.191701 0.749587
vt 0.154574 0.747361
vt 0.253924 0.747896
vt 0.282186 0.745616
vt 0.317783 0.748113
vt 0.351351 0.742385
vt 0.302642 0.500000
vt 0.311483 0.501872
vt 0.323214 0.500000
vt 0.338215 0.502076
vt 0.359131 0.661778
vt 0.277344 0.750000
vt 0.125000 0.727573
vt 0.126446 0.565824
vt 0.126656 0.527782
vt 0.667078 0.509590
vt 0.662394 0.511887
vt 0.661456 0.501256
vt 0.729484 0.501056
vt 0.753700 0.501794
vt 0.744904 0.519772
vt 0.758773 0.520642
vt 0.782982 0.500127
vt 0.801641 0.516453
vt 0.773765 0.511228
vt 0.811981 0.500324
vt 0.833343 0.520207
vt 0.817932 0.534611
vt 0.846608 0.502597
vt 0.865040 0.510951
vt 0.671529 0.531453
vt 0.651677 0.528240
vt 0.671224 0.524134
vt 0.685471 0.518665
vt 0.675781 0.527142
vt 0.793304 0.526997
vt 0.708349 0.517060
vt 0.740935 0.529190
vt 0.704452 0.529463
vt 0.755802 0.533932
vt 0.781556 0.534355
vt 0.679871 0.534671
vt 0.675749 0.536188
vt 0.655081 0.547461
vt 0.701894 0.539732
vt 0.741068 0.538731
vt 0.793403 0.542610
vt 0.873326 0.529526
vt 0.840834 0.533195
vt 0.690745 0.553370
vt 0.772259 0.550453
vt 0.633494 0.508102
vt 0.680990 0.543505
vt 0.664477 0.560894
vt 0.712151 0.550537
vt 0.728344 0.564477
vt 0.686255 0.555797
vt 0.761481 0.563509
vt 0.787697 0.558239
vt 0.857115 0.554276
vt 0.851304 0.557425
vt 0.810668 0.558667
vt 0.831635 0.562484
vt 0.846750 0.562139
vt 0.871232 0.554557
vt 0.871897 0.559137
vt 0.855470 0.558594
vt 0.692175 0.558902
vt 0.691338 0.563994
vt 0.792906 0.566633
vt 0.855469 0.562443
vt 0.851563 0.562500
vt 0.702058 0.569875
vt 0.843750 0.570005
vt 0.839783 0.576961
vt 0.847656 0.568703
vt 0.851563 0.567703
vt 0.805509 0.573722
vt 0.710748 0.583411
vt 0.703125 0.575213
vt 0.744108 0.584792
vt 0.811880 0.585903
vt 0.847656 0.575023
vt 0.843750 0.576162
vt 0.860294 0.583484
vt 0.704684 0.582790
vt 0.764482 0.590511
vt 0.843750 0.582593
vt 0.839844 0.583766
vt 0.668756 0.577430
vt 0.668071 0.590673
vt 0.832031 0.592558
vt 0.826488 0.599672
vt 0.734786 0.595050
vt 0.835777 0.584576
vt 0.839844 0.590415
vt 0.835938 0.591592
vt 0.722094 0.601402
vt 0.778402 0.599416
vt 0.855204 0.610159
vt 0.842204 0.608541
vt 0.699066 0.574728
vt 0.669151 0.601882
vt 0.835938 0.598650
vt 0.832031 0.599699
vt 0.872734 0.603765
vt 0.697929 0.602926
vt 0.712723 0.592637
vt 0.746703 0.600795
vt 0.702006 0.616876
vt 0.721122 0.605753
vt 0.770868 0.606745
vt 0.748839 0.608335
vt 0.832087 0.606307
vt 0.827889 0.607589
vt 0.659727 0.625600
vt 0.712262 0.612163
vt 0.722864 0.630116
vt 0.735030 0.618042
vt 0.846231 0.634774
vt 0.833793 0.616059
vt 0.702006 0.631375
vt 0.819234 0.628191
vt 0.686664 0.625827
vt 0.669130 0.636733
vt 0.794570 0.607295
vt 0.806762 0.619116
vt 0.795582 0.634186
vt 0.842035 0.634454
vt 0.680147 0.633641
vt 0.770999 0.637067
vt 0.750756 0.639009
vt 0.829286 0.640768
vt 0.772255 0.621652
vt 0.680564 0.655378
vt 0.709364 0.653312
vt 0.656631 0.649557
vt 0.669650 0.644647
vt 0.786665 0.664522
vt 0.806042 0.658867
vt 0.847710 0.640793
vt 0.843956 0.654079
vt 0.871487 0.652447
vt 0.855034 0.649108
vt 0.827982 0.659678
vt 0.687087 0.673302
vt 0.748777 0.669999
vt 0.735949 0.645364
vt 0.767633 0.667978
vt 0.862219 0.663603
vt 0.836586 0.673746
vt 0.659140 0.667836
vt 0.734057 0.679160
vt 0.857440 0.672467
vt 0.641639 0.670911
vt 0.647621 0.657801
vt 0.869428 0.677894
vt 0.640492 0.683630
vt 0.703995 0.680926
vt 0.798493 0.693632
vt 0.786039 0.684477
vt 0.818453 0.674130
vt 0.771360 0.693010
vt 0.815278 0.695981
vt 0.848142 0.684259
vt 0.838046 0.701788
vt 0.676490 0.696437
vt 0.663842 0.684814
vt 0.749767 0.689793
vt 0.847079 0.695096
vt 0.699632 0.700196
vt 0.736741 0.705854
vt 0.657911 0.703961
vt 0.857491 0.714546
vt 0.752195 0.707401
vt 0.874561 0.716633
vt 0.723932 0.695796
vt 0.714530 0.711654
vt 0.822198 0.717700
vt 0.646212 0.712934
vt 0.693771 0.716178
vt 0.790291 0.715796
vt 0.805921 0.716517
vt 0.840475 0.714607
vt 0.775432 0.708923
vt 0.764165 0.719003
vt 0.835262 0.716225
vt 0.738908 0.724654
vt 0.667655 0.719412
vt 0.681163 0.730158
vt 0.718079 0.733071
vt 0.835645 0.727316
vt 0.789657 0.730610
vt 0.815654 0.737726
vt 0.692999 0.740203
vt 0.829365 0.734166
vt 0.668945 0.738085
vt 0.736607 0.742727
vt 0.761840 0.730624
vt 0.752255 0.740345
vt 0.771258 0.745066
vt 0.802682 0.744186
vt 0.831191 0.746218
vt 0.678234 0.749309
vt 0.707301 0.748846
vt 0.720969 0.748067
vt 0.753686 0.748879
vt 0.685893 0.500000
vt 0.701393 0.502138
vt 0.773438 0.500000
vt 0.875000 0.664106
vt 0.875000 0.675422
vt 0.817745 0.750000
vt 0.405014 0.002019
vt 0.564100 0.010075
vt 0.448989 0.052592
vt 0.597596 0.141059
vt 0.583426 0.161098
vt 0.444891 0.310043
vt 0.623927 0.359882
vt 0.623512 0.372727
vt 0.625000 0.320313
vt 0.625000 0.406250
vt 0.619464 0.412576
vt 0.625000 0.479022
vt 0.616425 0.506496
vt 0.375000 0.441406
vt 0.375000 0.312833
vt 0.419937 0.593610
vt 0.502463 0.767487
vt 0.464266 0.963492
vt 0.448119 0.972664
vt 0.469441 0.979299
vt 0.484375 0.980794
vt 0.381341 0.999230
vt 0.484375 0.997769
vt 0.625000 0.816674
vt 0.375000 0.984375
vt 0.375000 0.851398
vt 0.375000 0.777764
vt 0.197878 0.513995
vt 0.355343 0.501340
vt 0.139727 0.511553
vt 0.180311 0.509645
vt 0.366186 0.502867
vt 0.127583 0.621885
vt 0.139690 0.733038
vt 0.246094 0.500000
vt 0.253906 0.500000
vt 0.260632 0.502819
vt 0.134894 0.749436
vt 0.125000 0.675912
vt 0.797587 0.500875
vt 0.810683 0.606053
vt 0.786955 0.744501
vt 0.646650 0.748063
vt 0.627704 0.747435
s 1
f 13/1/1 89/2/2 91/3/3
f 13/1/1 14/4/4 89/2/2
f 909/5/5 16/6/6 90/7/7
f 14/4/4 92/8/8 89/2/2
f 17/9/9 93/10/10 98/11/11
f 15/12/12 94/13/13 92/8/8
f 919/14/14 98/11/11 97/15/15
f 92/8/8 101/16/16 89/2/2
f 19/17/17 102/18/18 95/19/19
f 91/3/3 89/2/2 103/20/20
f 918/21/21 97/15/15 104/22/22
f 96/23/23 106/24/24 109/25/25
f 89/2/2 101/16/16 103/20/20
f 96/23/23 103/20/20 107/26/26
f 94/13/13 108/27/27 101/16/16
f 96/23/23 107/26/26 106/24/24
f 98/11/11 114/28/28 113/29/29
f 105/30/30 115/31/31 114/28/32
f 95/19/19 116/32/33 115/31/31
f 95/19/19 102/18/18 116/32/33
f 99/33/34 138/34/35 102/18/18
f 114/28/36 121/35/37 117/36/38
f 114/28/32 115/31/31 121/35/39
f 100/37/40 109/25/41 122/38/42
f 107/26/43 119/39/44 124/40/45
f 104/22/22 113/29/29 126/41/46
f 117/36/38 128/42/47 127/43/48
f 111/44/49 122/38/50 9/45/51
f 109/25/41 123/46/52 118/47/53
f 107/26/43 124/40/45 129/48/54
f 110/49/55 120/50/56 130/51/57
f 108/27/27 131/52/58 125/53/59
f 106/24/24 129/48/54 123/46/52
f 113/29/60 133/54/60 140/55/60
f 113/29/61 134/56/62 133/54/63
f 113/29/61 135/57/64 134/56/62
f 127/43/65 132/58/65 135/57/65
f 115/31/31 137/59/66 136/60/67
f 9/45/51 122/38/50 8/61/68
f 134/56/69 142/62/69 141/63/69
f 109/25/41 118/47/53 143/64/70
f 124/40/45 144/65/71 129/48/54
f 133/54/72 147/66/72 146/67/72
f 141/63/73 142/62/73 147/66/73
f 132/58/74 152/68/75 142/62/76
f 132/58/77 136/60/77 152/68/77
f 137/59/66 20/69/78 148/70/79
f 131/52/58 145/71/80 150/72/81
f 142/62/76 152/68/75 151/73/82
f 151/73/82 152/68/75 153/74/83
f 122/38/42 143/64/70 155/75/84
f 145/71/80 168/76/85 150/72/81
f 140/55/86 153/74/87 168/76/85
f 20/69/78 1173/77/88 154/78/89
f 123/46/52 149/79/90 160/80/91
f 148/70/79 154/78/89 161/81/92
f 143/64/93 159/82/94 162/83/95
f 149/79/90 163/84/96 160/80/91
f 149/79/90 165/85/97 163/84/96
f 144/65/71 157/86/98 156/87/99
f 152/68/75 161/81/92 164/88/100
f 162/83/101 159/82/101 166/89/101
f 157/86/98 167/90/102 156/87/99
f 139/91/103 158/92/104 157/86/98
f 153/74/83 164/88/100 169/93/105
f 162/83/106 166/89/106 170/94/106
f 118/47/53 172/95/107 178/96/108
f 118/47/53 123/46/52 172/95/107
f 156/87/109 167/90/109 179/97/109
f 157/86/98 174/98/110 167/90/102
f 157/86/98 158/92/104 174/98/110
f 123/46/52 160/80/91 172/95/107
f 165/85/97 179/97/111 173/99/112
f 150/72/81 168/76/85 158/92/104
f 168/76/85 169/93/113 180/100/114
f 166/89/115 178/96/116 177/101/117
f 168/76/85 180/100/114 186/102/118
f 158/92/104 186/102/118 174/98/110
f 171/103/119 183/104/119 188/105/119
f 167/90/120 182/106/121 192/107/122
f 170/94/123 177/101/117 6/108/124
f 181/109/125 191/110/126 179/97/127
f 178/96/116 190/111/128 193/112/129
f 181/109/125 192/107/122 191/110/126
f 175/113/130 189/114/131 183/104/132
f 6/108/124 193/112/129 5/115/133
f 160/80/91 187/116/134 190/111/135
f 179/97/127 191/110/126 185/117/136
f 174/98/110 196/118/137 195/119/138
f 190/111/128 198/120/139 193/112/129
f 188/105/140 197/121/141 203/122/142
f 192/107/122 200/123/143 191/110/126
f 183/104/132 202/124/144 201/125/145
f 193/112/129 4/126/146 5/115/133
f 186/102/118 203/122/142 196/118/137
f 203/122/142 197/121/141 204/127/147
f 193/112/129 205/128/148 4/126/146
f 185/117/136 207/129/149 194/130/150
f 192/107/122 195/119/138 200/123/143
f 197/121/151 201/125/151 204/127/151
f 184/131/152 21/132/153 208/133/154
f 189/114/131 208/133/154 213/134/155
f 194/130/150 211/135/156 187/116/134
f 191/110/157 218/136/158 207/129/149
f 203/122/142 210/137/159 212/138/160
f 201/125/145 202/124/144 210/137/159
f 187/116/134 214/139/161 199/140/162
f 210/137/159 202/124/144 215/141/163
f 187/116/134 211/135/156 214/139/161
f 194/130/150 207/129/149 211/135/156
f 4/126/146 205/128/148 217/142/164
f 198/120/139 219/143/165 222/144/166
f 195/119/138 220/145/167 209/146/168
f 195/119/138 212/138/160 220/145/167
f 207/129/149 218/136/158 223/147/169
f 210/137/159 215/141/163 221/148/170
f 199/140/162 226/149/171 206/150/172
f 211/135/156 223/147/169 214/139/161
f 209/146/168 220/145/167 225/151/173
f 212/138/160 221/148/170 228/152/174
f 218/136/158 224/153/175 223/147/169
f 212/138/160 228/152/174 220/145/167
f 202/124/144 230/154/176 229/155/177
f 213/134/155 231/156/178 233/157/179
f 213/134/155 227/158/180 231/156/178
f 214/139/161 223/147/169 226/149/171
f 225/151/173 220/145/181 232/159/182
f 228/152/183 237/160/184 236/161/185
f 221/148/186 238/162/186 237/160/186
f 225/151/173 232/159/182 235/163/187
f 230/154/176 233/157/179 239/164/188
f 219/143/165 241/165/189 248/166/190
f 223/147/169 243/167/191 242/168/192
f 224/153/175 235/163/187 243/167/193
f 220/145/181 244/169/194 232/159/182
f 236/161/195 245/170/196 244/169/197
f 238/162/198 246/171/199 245/170/196
f 234/172/200 247/173/201 2/174/202
f 226/149/171 242/168/192 249/175/203
f 235/163/204 250/176/204 243/167/204
f 232/159/205 244/169/205 250/176/205
f 233/157/179 231/156/178 267/177/206
f 231/156/178 22/178/207 267/177/206
f 242/168/208 252/179/209 251/180/210
f 242/168/208 253/181/211 252/179/209
f 243/167/212 254/182/213 253/181/214
f 250/176/215 255/183/216 254/182/213
f 244/169/197 245/170/196 255/183/216
f 240/184/217 248/166/190 256/185/218
f 249/175/203 258/186/219 257/187/220
f 251/180/210 259/188/221 258/186/219
f 251/180/210 260/189/222 259/188/221
f 253/181/214 254/182/213 260/189/223
f 239/164/188 266/190/224 246/171/225
f 258/186/219 263/191/226 257/187/220
f 258/186/219 264/192/227 263/191/226
f 241/165/189 268/193/228 248/166/190
f 257/187/229 270/194/230 269/195/231
f 260/189/223 254/182/213 271/196/232
f 255/183/216 273/197/233 272/198/234
f 255/183/216 265/199/235 273/197/233
f 262/200/236 269/195/236 268/193/236
f 270/194/230 271/196/232 269/195/231
f 254/182/237 272/198/234 276/201/238
f 246/171/199 279/202/239 265/199/235
f 248/166/190 274/203/240 256/185/218
f 269/195/231 271/196/232 275/204/241
f 240/184/242 30/205/243 247/173/201
f 274/203/240 282/206/244 281/207/245
f 271/196/232 277/208/246 283/209/247
f 265/199/235 279/202/239 278/210/248
f 261/211/249 29/212/250 240/184/217
f 256/185/218 280/213/251 261/211/249
f 274/203/240 28/214/252 280/213/251
f 274/203/240 281/207/245 28/214/252
f 273/197/233 278/210/248 289/215/253
f 266/190/224 23/216/254 279/202/255
f 275/204/241 26/217/256 282/206/244
f 271/196/232 26/217/256 275/204/241
f 273/197/233 306/218/257 25/219/258
f 278/210/248 284/220/259 286/221/260
f 267/177/206 285/222/261 23/216/254
f 261/211/249 280/213/251 29/212/250
f 284/220/262 279/202/239 24/223/263
f 920/224/264 90/7/7 15/12/12
f 1215/225/265 99/33/34 922/226/266
f 21/132/153 1117/227/267 208/133/154
f 208/133/154 1117/227/267 227/158/180
f 3/228/268 217/142/164 2/174/202
f 7/229/269 170/94/123 6/230/124
f 8/61/68 155/75/270 7/229/269
f 10/231/271 111/44/49 9/45/272
f 11/232/273 100/37/274 10/231/271
f 282/206/244 287/233/275 292/234/276
f 283/209/247 294/235/277 293/236/278
f 283/209/247 288/237/279 294/235/277
f 25/219/258 306/218/257 295/238/280
f 286/221/260 290/239/281 289/215/253
f 24/223/263 279/202/239 290/239/282
f 279/202/255 300/240/283 298/241/284
f 27/242/285 292/234/276 296/243/286
f 287/233/275 297/244/287 299/245/288
f 279/202/255 23/216/254 300/240/283
f 1/246/289 30/205/243 927/247/290
f 291/248/291 296/243/286 302/249/292
f 296/243/286 299/245/288 303/250/293
f 297/244/287 294/235/277 308/251/294
f 290/239/281 307/252/295 289/215/253
f 290/239/281 298/241/296 307/252/295
f 291/248/291 302/249/292 311/253/297
f 296/243/286 303/250/293 302/249/292
f 295/238/280 306/218/257 305/254/298
f 299/245/288 304/255/299 312/256/300
f 311/253/301 302/249/301 316/257/301
f 299/245/288 320/258/302 303/250/293
f 299/245/288 312/256/300 320/258/302
f 294/235/277 314/259/303 308/251/294
f 300/240/283 317/260/304 310/261/305
f 315/262/306 317/260/304 300/240/283
f 30/205/243 29/212/250 318/263/307
f 302/249/308 319/264/309 316/257/310
f 307/252/295 322/265/311 309/266/312
f 307/252/295 323/267/313 322/265/311
f 317/260/304 323/267/314 310/261/305
f 29/212/250 324/268/315 318/263/307
f 308/251/294 321/269/316 313/270/317
f 309/266/312 325/271/318 305/254/298
f 317/260/304 326/272/319 323/267/320
f 315/262/306 326/272/319 317/260/304
f 301/273/321 327/274/322 300/240/283
f 305/254/298 350/275/323 314/259/303
f 322/265/311 331/276/324 309/266/312
f 327/274/325 326/272/319 315/262/326
f 328/277/327 327/274/322 301/273/321
f 313/270/317 332/278/328 329/279/329
f 313/270/330 333/280/331 332/278/332
f 321/269/333 330/281/333 334/282/333
f 330/281/334 314/259/334 335/283/334
f 323/267/335 331/276/324 322/265/311
f 30/205/243 318/263/307 38/284/336
f 320/258/302 312/256/300 339/285/337
f 304/255/299 329/279/329 340/286/338
f 323/267/335 342/287/339 331/276/324
f 328/277/327 344/288/340 327/274/322
f 301/273/321 345/289/341 328/277/327
f 312/256/300 340/286/338 339/285/337
f 330/281/342 346/290/342 334/282/342
f 330/281/343 335/283/343 347/291/343
f 325/271/318 348/292/344 305/254/298
f 327/274/325 336/293/345 326/272/319
f 344/288/346 336/293/345 327/274/325
f 335/283/347 349/294/347 347/291/347
f 336/293/345 343/295/348 323/267/320
f 342/287/349 353/296/349 331/276/349
f 324/268/350 337/297/351 354/298/352
f 319/264/353 356/299/354 355/300/355
f 340/286/338 329/279/329 367/301/356
f 349/294/357 352/302/358 332/278/359
f 348/292/344 358/303/360 341/304/361
f 343/295/362 364/305/362 353/296/362
f 40/306/363 360/307/364 345/289/341
f 318/263/365 354/298/365 361/308/365
f 339/285/337 340/286/338 357/309/366
f 341/304/367 362/310/368 352/302/369
f 353/296/370 364/305/371 325/271/372
f 336/293/345 359/311/373 343/295/348
f 351/312/374 365/313/375 336/293/376
f 332/278/377 368/314/378 367/301/379
f 362/310/368 368/314/378 332/278/377
f 318/263/380 361/308/380 370/315/380
f 337/297/351 355/300/355 371/316/381
f 364/305/382 372/317/383 348/292/344
f 360/307/384 374/318/385 351/312/386
f 361/308/387 354/298/352 376/319/388
f 372/317/389 377/320/390 363/321/391
f 359/311/392 378/322/393 364/305/382
f 337/297/351 371/316/381 386/323/394
f 356/299/354 366/324/395 355/300/355
f 362/310/368 379/325/396 368/314/378
f 369/326/397 379/325/398 362/310/399
f 374/318/385 373/327/400 351/312/386
f 367/301/401 381/328/402 380/329/403
f 368/314/404 381/328/402 367/301/401
f 372/317/389 383/330/405 377/320/390
f 378/322/393 384/331/406 372/317/383
f 365/313/407 385/332/408 359/311/373
f 375/333/409 37/334/410 38/284/336
f 357/309/366 380/329/411 388/335/412
f 377/320/390 382/336/413 369/326/397
f 375/333/409 370/315/414 36/337/415
f 370/315/416 376/319/416 387/338/416
f 354/298/352 386/323/394 376/319/388
f 373/327/400 385/332/408 365/313/407
f 41/339/417 389/340/418 374/318/385
f 370/315/419 387/338/419 392/341/419
f 366/324/395 388/335/420 393/342/421
f 385/332/422 390/343/423 378/322/393
f 371/316/381 393/342/421 386/323/394
f 373/327/400 395/344/424 385/332/408
f 393/342/425 388/335/425 408/345/425
f 381/328/426 397/346/427 388/335/428
f 384/331/406 398/347/429 372/317/383
f 392/341/430 400/348/431 399/349/432
f 376/319/388 386/323/394 400/348/433
f 394/350/434 397/346/435 381/328/436
f 382/336/413 401/351/437 379/325/398
f 399/349/432 404/352/438 392/341/430
f 398/347/439 402/353/440 383/330/441
f 386/323/394 393/342/421 405/354/442
f 396/355/443 406/356/443 395/344/443
f 391/357/444 407/358/445 396/355/446
f 386/323/394 405/354/442 416/359/447
f 393/342/448 408/345/448 405/354/448
f 401/351/437 411/360/449 394/350/434
f 402/353/440 401/351/437 382/336/413
f 395/344/450 412/361/451 390/343/423
f 399/349/432 413/362/452 404/352/438
f 411/360/453 414/363/454 397/346/427
f 406/356/455 412/361/451 395/344/450
f 400/348/433 413/362/452 399/349/432
f 403/364/456 415/365/457 427/366/458
f 391/357/444 419/367/459 407/358/445
f 409/368/460 417/369/461 408/345/462
f 410/370/463 417/369/464 409/368/460
f 401/351/437 420/371/465 411/360/449
f 398/347/429 403/364/456 421/372/466
f 412/361/451 428/373/467 415/365/457
f 419/367/459 422/374/468 406/356/455
f 413/362/452 33/375/469 404/352/438
f 416/359/447 423/376/470 400/348/433
f 398/347/429 421/372/466 425/377/471
f 403/364/456 427/366/458 421/372/472
f 422/374/468 426/378/473 406/356/455
f 418/379/474 434/380/475 401/351/437
f 406/356/455 426/378/473 412/361/451
f 423/376/470 413/362/452 400/348/433
f 417/369/464 416/359/447 405/354/442
f 410/370/463 429/381/476 417/369/464
f 414/363/454 430/382/477 410/370/463
f 426/378/473 431/383/478 412/361/451
f 422/374/479 432/384/480 426/378/473
f 44/385/481 435/386/482 419/367/459
f 413/362/452 433/387/483 33/375/469
f 420/371/465 434/380/475 414/363/454
f 431/383/478 428/373/467 412/361/451
f 422/374/479 435/386/482 432/384/480
f 423/376/470 436/388/484 413/362/452
f 418/379/474 424/389/485 434/380/475
f 427/366/458 428/373/467 444/390/486
f 432/384/480 435/386/482 446/391/487
f 429/381/476 423/376/470 416/359/447
f 434/380/475 440/392/488 430/382/477
f 431/383/478 444/390/486 428/373/467
f 438/393/489 445/394/490 431/383/478
f 438/393/491 446/391/491 445/394/491
f 429/381/476 447/395/492 423/376/470
f 430/382/477 447/395/492 429/381/476
f 425/377/471 443/396/493 442/397/494
f 421/372/472 444/390/486 443/396/493
f 437/398/495 448/399/496 424/389/485
f 437/398/495 442/397/494 452/400/497
f 445/394/498 446/391/487 449/401/499
f 433/387/483 450/402/500 439/403/501
f 424/389/485 451/404/502 441/405/503
f 437/398/495 452/400/497 448/399/496
f 431/383/478 453/406/504 444/390/486
f 445/394/490 454/407/505 431/383/478
f 446/391/487 455/408/506 449/401/499
f 442/397/507 459/409/508 452/400/497
f 443/396/493 462/410/509 461/411/510
f 444/390/486 453/406/504 466/412/511
f 452/400/497 465/413/512 448/399/496
f 452/400/497 459/409/508 465/413/512
f 461/411/513 460/414/513 442/397/513
f 451/404/502 467/415/514 441/405/503
f 459/409/508 468/416/515 465/413/512
f 460/414/516 469/417/517 468/416/515
f 461/411/518 469/417/517 460/414/516
f 462/410/509 469/417/519 461/411/510
f 462/410/520 471/418/520 470/419/520
f 462/410/509 472/420/521 471/418/522
f 462/410/509 466/412/511 472/420/521
f 458/421/523 474/422/524 464/423/525
f 467/415/526 475/424/527 458/421/528
f 470/419/529 468/416/515 469/417/517
f 471/418/530 476/425/530 470/419/530
f 471/418/522 472/420/521 477/426/531
f 463/427/532 32/428/533 450/402/534
f 464/423/525 473/429/535 457/430/536
f 465/413/512 479/431/537 451/404/502
f 476/425/538 480/432/539 468/416/540
f 472/420/541 480/432/541 477/426/541
f 472/420/542 482/433/542 481/434/542
f 453/406/504 449/401/543 492/435/544
f 463/427/532 484/436/545 32/428/533
f 473/429/535 486/437/546 457/430/536
f 474/422/547 488/438/548 473/429/549
f 479/431/537 497/439/550 467/415/526
f 482/433/551 490/440/551 481/434/551
f 484/436/545 499/441/552 32/428/533
f 486/437/553 495/442/554 456/443/555
f 488/438/556 496/444/557 487/445/558
f 468/416/515 506/446/559 479/431/537
f 468/416/515 490/440/560 489/447/561
f 482/433/562 498/448/563 491/449/564
f 466/412/511 492/435/544 498/448/563
f 485/450/565 499/441/552 484/436/545
f 478/451/566 500/452/567 485/450/565
f 493/453/568 500/452/567 478/451/566
f 494/454/569 500/452/569 493/453/569
f 475/424/570 496/444/557 488/438/556
f 449/401/499 483/455/571 502/456/572
f 494/454/573 503/457/574 500/452/567
f 501/458/575 503/457/574 494/454/576
f 497/439/550 504/459/577 475/424/527
f 479/431/537 505/460/578 497/439/550
f 498/448/579 489/447/579 491/449/579
f 492/435/544 509/461/580 498/448/563
f 483/455/571 46/462/581 502/456/572
f 497/439/550 511/463/582 504/459/577
f 505/460/578 511/463/582 497/439/550
f 489/447/561 513/464/583 507/465/584
f 509/461/585 513/464/585 508/466/585
f 505/460/578 516/467/586 511/463/582
f 46/462/581 524/468/587 502/456/588
f 503/457/574 517/469/589 499/441/552
f 504/459/577 518/470/590 496/444/557
f 511/463/582 525/471/591 504/459/577
f 514/472/592 521/473/592 513/464/592
f 510/474/593 521/473/593 514/472/593
f 515/475/594 523/476/595 510/474/596
f 502/456/588 524/468/587 515/475/594
f 517/469/589 31/477/597 499/441/552
f 506/446/559 527/478/598 519/479/599
f 520/480/600 528/481/601 507/465/602
f 518/470/590 529/482/603 496/444/557
f 512/483/604 533/484/605 516/467/606
f 528/481/607 527/478/608 507/465/584
f 522/485/609 520/480/610 521/473/611
f 515/475/594 530/486/612 523/476/595
f 529/482/603 531/487/613 517/469/589
f 518/470/590 56/488/614 529/482/603
f 530/486/615 520/480/610 522/485/609
f 524/468/587 534/489/616 530/486/612
f 531/487/613 63/490/617 31/477/597
f 525/471/591 55/491/618 532/492/619
f 519/479/599 52/493/620 526/494/621
f 527/478/598 51/495/622 519/479/599
f 534/489/616 48/496/623 530/486/624
f 28/214/252 27/242/625 291/248/291
f 276/201/238 25/219/258 288/237/279
f 285/222/261 301/273/321 23/216/254
f 455/408/506 45/497/626 483/455/571
f 52/493/627 53/498/628 533/484/629
f 404/352/438 33/375/469 34/499/630
f 50/500/631 539/501/632 527/478/633
f 538/502/634 542/503/635 56/488/614
f 51/495/636 543/504/637 537/505/638
f 49/506/639 544/507/640 528/481/601
f 534/489/616 545/508/641 48/496/623
f 531/487/613 546/509/642 63/490/617
f 536/510/643 547/511/644 532/492/619
f 53/498/645 549/512/645 54/513/645
f 537/505/646 549/512/647 53/498/628
f 545/508/641 550/514/648 49/506/649
f 55/491/650 551/515/651 536/510/643
f 54/513/652 548/516/653 55/491/654
f 544/507/640 553/517/655 528/481/601
f 540/518/656 556/519/657 545/508/641
f 547/511/644 554/520/658 538/502/659
f 536/510/643 555/521/660 547/511/644
f 545/508/641 556/519/657 550/514/648
f 549/512/661 557/522/662 548/516/653
f 553/517/663 559/523/664 50/500/665
f 556/519/666 560/524/666 544/507/666
f 555/521/660 561/525/667 547/511/644
f 557/522/668 563/526/669 551/515/651
f 552/527/670 564/528/671 557/522/672
f 555/521/673 568/529/673 561/525/673
f 563/526/669 569/530/674 555/521/675
f 558/531/676 570/532/677 552/527/678
f 50/500/631 571/533/679 539/501/632
f 559/523/664 572/534/680 50/500/665
f 562/535/681 573/536/682 553/517/683
f 542/503/635 575/537/684 535/538/685
f 554/520/686 575/537/684 542/503/635
f 568/529/687 576/539/688 554/520/686
f 569/530/689 568/529/689 555/521/689
f 539/501/632 577/540/690 558/531/676
f 571/533/679 577/540/690 539/501/632
f 540/518/656 573/536/682 562/535/681
f 574/541/691 567/542/692 541/543/693
f 575/537/684 574/541/691 535/538/685
f 565/544/694 579/545/695 564/528/696
f 540/518/656 587/546/697 573/536/682
f 569/530/698 581/547/698 568/529/698
f 563/526/669 583/548/699 569/530/674
f 557/522/668 584/549/700 563/526/669
f 581/547/701 588/550/702 576/539/688
f 570/532/703 589/551/704 565/544/694
f 587/546/705 590/552/705 559/523/705
f 567/542/692 591/553/706 546/509/642
f 582/554/707 588/550/702 581/547/701
f 583/548/708 592/555/709 582/554/710
f 586/556/711 595/557/712 570/532/677
f 571/533/679 596/558/713 577/540/690
f 572/534/680 596/558/714 571/533/679
f 591/553/706 61/559/715 546/509/642
f 577/540/716 597/560/717 586/556/718
f 584/549/700 593/561/719 563/526/669
f 585/562/720 599/563/721 584/549/722
f 586/556/718 600/564/723 595/557/724
f 579/545/725 602/565/725 585/562/725
f 589/551/704 603/566/726 579/545/695
f 590/552/727 604/567/728 572/534/680
f 587/546/697 605/568/729 590/552/730
f 574/541/691 606/569/731 567/542/692
f 575/537/684 606/569/731 574/541/691
f 599/563/732 607/570/733 593/561/734
f 600/564/735 609/571/735 594/572/735
f 596/558/736 610/573/736 597/560/736
f 572/534/680 612/574/737 596/558/714
f 578/575/738 613/576/739 587/546/697
f 580/577/740 614/578/741 566/579/742
f 567/542/692 615/580/743 591/553/706
f 601/581/744 588/550/745 593/561/734
f 607/570/746 616/582/746 601/581/746
f 608/583/747 617/584/748 607/570/749
f 614/578/741 620/585/750 566/579/742
f 602/565/751 608/583/751 599/563/751
f 603/566/752 618/586/753 602/565/754
f 610/573/755 619/587/756 600/564/757
f 591/553/758 59/588/758 60/589/758
f 615/580/743 621/590/759 591/553/706
f 588/550/702 623/591/760 598/592/761
f 616/582/762 624/593/763 588/550/702
f 617/584/748 625/594/764 607/570/749
f 606/569/731 627/595/765 615/580/743
f 598/592/761 623/591/760 606/569/731
f 619/587/756 609/571/766 600/564/757
f 578/575/738 629/596/767 613/576/739
f 65/597/768 630/598/769 614/578/741
f 621/590/770 631/599/771 59/588/772
f 615/580/743 631/599/773 621/590/759
f 606/569/731 632/600/774 627/595/765
f 625/594/775 633/601/775 624/593/775
f 609/571/776 634/602/776 603/566/776
f 620/585/777 629/596/767 578/575/738
f 66/603/778 630/598/769 65/597/768
f 619/587/779 634/602/779 609/571/779
f 612/574/737 638/604/780 611/605/781
f 613/576/782 639/606/783 604/567/728
f 66/603/778 640/607/784 630/598/769
f 636/608/785 641/609/786 631/599/787
f 627/595/788 641/609/788 636/608/788
f 625/594/764 643/610/789 633/601/790
f 617/584/748 643/610/789 625/594/764
f 626/611/791 644/612/792 617/584/748
f 632/600/774 646/613/793 627/595/765
f 642/614/794 647/615/795 623/591/796
f 643/610/797 648/616/798 633/601/799
f 604/567/728 645/617/800 612/574/737
f 639/606/783 649/618/801 604/567/728
f 629/596/767 639/606/783 613/576/739
f 630/598/769 650/619/802 620/585/750
f 647/615/795 652/620/803 623/591/796
f 635/621/804 654/622/804 634/602/804
f 628/623/805 655/624/806 635/621/807
f 638/604/780 656/625/808 628/623/805
f 67/626/809 68/627/810 640/607/784
f 646/613/811 657/628/811 641/609/811
f 632/600/812 657/628/812 646/613/812
f 655/624/813 660/629/813 635/621/813
f 657/628/814 58/630/815 641/609/786
f 659/631/816 647/615/795 642/614/794
f 644/612/792 662/632/817 648/616/798
f 629/596/767 664/633/818 639/606/783
f 650/619/802 665/634/819 620/585/750
f 637/635/820 666/636/821 658/637/822
f 656/625/808 663/638/823 655/624/824
f 649/618/801 668/639/825 645/617/800
f 661/640/826 58/630/826 657/628/826
f 659/631/816 670/641/827 647/615/795
f 653/642/828 667/643/829 644/612/792
f 654/622/830 667/643/829 653/642/828
f 660/629/831 671/644/831 654/622/831
f 645/617/800 672/645/832 656/625/808
f 663/638/823 675/646/833 660/629/834
f 656/625/808 676/647/835 663/638/823
f 661/640/836 677/648/837 58/630/838
f 669/649/839 678/650/839 666/636/839
f 652/620/803 674/651/840 651/652/841
f 665/634/819 687/653/842 629/596/767
f 673/654/843 699/655/844 661/640/845
f 674/651/840 679/656/846 651/652/841
f 670/641/847 680/657/847 652/620/847
f 667/643/829 681/658/848 662/632/817
f 664/633/849 682/659/849 649/618/849
f 669/649/850 683/660/850 678/650/850
f 671/644/851 685/661/852 667/643/829
f 650/619/802 687/653/842 665/634/819
f 683/660/853 699/655/844 673/654/843
f 674/651/840 688/662/854 679/656/846
f 676/647/835 686/663/855 675/646/833
f 650/619/802 690/664/856 687/653/842
f 69/665/857 70/666/858 650/619/802
f 688/662/859 691/667/859 679/656/859
f 684/668/860 692/669/860 680/657/860
f 686/663/855 693/670/861 671/644/862
f 672/645/832 698/671/863 676/647/835
f 668/639/825 694/672/864 672/645/832
f 689/673/865 682/659/865 664/633/865
f 674/651/840 695/674/866 688/662/854
f 680/657/867 696/675/868 674/651/840
f 694/672/864 698/671/863 672/645/832
f 697/676/869 701/677/870 681/658/871
f 698/671/863 702/678/872 686/663/855
f 690/664/856 689/673/873 687/653/842
f 691/667/874 57/679/875 699/655/844
f 696/675/876 703/680/877 695/674/866
f 684/668/878 704/681/878 692/669/878
f 689/673/873 706/682/879 682/659/880
f 704/681/881 707/683/882 696/675/868
f 702/678/872 708/684/883 693/670/884
f 682/659/885 715/685/886 694/672/864
f 705/686/887 709/687/888 682/659/889
f 690/664/856 710/688/890 689/673/873
f 70/666/858 710/688/890 690/664/856
f 696/675/876 712/689/891 703/680/877
f 701/677/870 713/690/892 704/681/881
f 693/670/893 714/691/894 697/676/895
f 708/684/896 714/691/894 693/670/893
f 697/676/869 716/692/897 701/677/870
f 714/691/894 716/692/897 697/676/895
f 706/682/898 718/693/899 705/686/887
f 710/688/890 706/682/879 689/673/873
f 711/694/900 719/695/901 700/696/902
f 712/689/903 719/695/901 711/694/900
f 707/683/882 720/697/904 712/689/905
f 698/671/863 717/698/906 702/678/872
f 694/672/864 722/699/907 698/671/863
f 716/692/897 713/690/892 701/677/870
f 717/698/906 721/700/908 708/684/909
f 723/701/910 724/702/911 710/688/890
f 718/693/899 726/703/912 709/687/888
f 724/702/911 727/704/913 706/682/914
f 716/692/897 728/705/915 713/690/892
f 721/700/916 729/706/917 714/691/894
f 722/699/907 730/707/918 717/698/906
f 720/697/919 733/708/920 719/695/921
f 729/706/917 734/709/922 716/692/897
f 731/710/923 726/703/912 718/693/899
f 730/707/924 729/706/917 721/700/916
f 722/699/907 735/711/925 730/707/918
f 715/685/886 735/711/925 722/699/907
f 713/690/892 736/712/926 733/708/927
f 726/703/912 737/713/928 725/714/929
f 731/710/923 737/713/928 726/703/912
f 733/708/920 732/715/930 719/695/921
f 728/705/915 736/712/926 713/690/892
f 729/706/917 745/716/931 734/709/922
f 730/707/924 741/717/932 729/706/917
f 727/704/933 739/718/934 731/710/923
f 724/702/911 739/718/935 727/704/913
f 72/719/936 740/720/937 724/702/911
f 735/711/925 742/721/938 730/707/918
f 737/713/928 743/722/939 725/714/929
f 731/710/923 746/723/940 737/713/928
f 739/718/941 746/723/940 731/710/923
f 737/713/928 746/723/940 744/724/942
f 740/720/937 747/725/943 739/718/941
f 743/722/944 749/726/945 738/727/946
f 744/724/942 750/728/947 743/722/948
f 739/718/941 752/729/949 746/723/940
f 748/730/950 753/731/951 733/708/920
f 741/717/932 756/732/952 745/716/931
f 746/723/940 751/733/953 744/724/942
f 752/729/949 755/734/954 746/723/940
f 749/726/945 79/735/955 735/711/925
f 750/728/956 757/736/957 749/726/945
f 753/731/951 760/737/958 732/715/930
f 751/733/953 759/738/959 750/728/960
f 755/734/954 75/739/961 751/733/953
f 752/729/949 75/739/961 755/734/954
f 73/740/962 758/741/963 747/725/943
f 742/721/938 761/742/964 741/717/932
f 761/742/964 80/743/965 741/717/932
f 757/736/957 78/744/966 79/735/955
f 759/738/959 77/745/967 757/736/957
f 75/739/961 76/746/968 759/738/959
f 529/482/603 535/538/685 531/487/613
f 55/491/618 536/510/643 532/492/619
f 51/495/969 537/505/646 52/493/627
f 524/468/587 540/518/656 534/489/616
f 1092/747/970 66/603/778 65/597/768
f 71/748/971 723/701/910 710/688/890
f 631/599/787 641/609/786 986/749/972
f 546/509/642 62/750/973 63/490/617
f 753/731/951 754/751/974 765/752/975
f 77/745/967 766/753/976 78/744/966
f 76/746/968 766/753/976 77/745/967
f 762/754/977 767/755/978 760/737/958
f 752/729/949 770/756/979 75/739/961
f 78/744/966 774/757/980 79/735/955
f 754/751/974 771/758/981 765/752/975
f 79/735/955 774/757/980 763/759/982
f 766/753/976 776/760/983 772/761/984
f 76/746/968 776/760/983 766/753/976
f 773/762/985 777/763/986 74/764/987
f 774/757/980 768/765/988 763/759/982
f 771/758/981 780/766/989 765/752/975
f 774/757/980 781/767/990 768/765/988
f 770/756/979 782/768/991 776/760/983
f 777/763/986 783/769/992 775/770/993
f 760/737/958 767/755/978 779/771/994
f 767/755/978 784/772/995 790/773/996
f 781/767/990 785/774/997 768/765/988
f 772/761/984 786/775/998 778/776/999
f 770/756/979 787/777/1000 782/768/991
f 775/770/993 787/777/1000 770/756/979
f 762/754/977 765/752/1001 788/778/1002
f 782/768/991 786/775/998 772/761/984
f 765/752/975 780/766/989 791/779/1003
f 778/776/1004 792/780/1005 781/767/1006
f 783/769/992 787/777/1007 775/770/993
f 789/781/1008 783/769/992 777/763/986
f 85/782/1009 789/781/1008 777/763/986
f 765/752/975 791/779/1003 793/783/1010
f 780/766/989 794/784/1011 791/779/1003
f 785/774/997 781/767/990 794/784/1012
f 782/768/991 795/785/1013 786/775/998
f 791/779/1003 798/786/1014 793/783/1010
f 791/779/1003 794/784/1011 798/786/1014
f 786/775/998 799/787/1015 792/780/1005
f 787/777/1000 800/788/1016 782/768/991
f 797/789/1017 800/788/1016 787/777/1000
f 793/783/1018 803/790/1019 802/791/1020
f 793/783/1018 804/792/1021 803/790/1019
f 798/786/1022 805/793/1023 804/792/1024
f 794/784/1025 792/780/1005 805/793/1023
f 795/785/1013 799/787/1015 786/775/998
f 802/791/1026 806/794/1027 790/773/996
f 804/792/1024 805/793/1023 807/795/1028
f 790/773/996 806/794/1027 809/796/1029
f 803/790/1030 807/795/1028 802/791/1026
f 800/788/1016 816/797/1031 796/798/1032
f 806/794/1033 812/799/1033 811/800/1033
f 792/780/1005 799/787/1015 805/793/1023
f 796/798/1032 813/801/1034 795/785/1013
f 797/789/1017 816/797/1031 800/788/1016
f 790/773/996 815/802/1035 814/803/1036
f 790/773/996 809/796/1029 815/802/1035
f 801/804/1037 817/805/1038 797/789/1039
f 808/806/1040 818/807/1041 801/804/1037
f 809/796/1042 820/808/1043 819/809/1044
f 811/800/1045 812/799/1045 820/808/1045
f 813/801/1034 821/810/1046 799/787/1015
f 816/797/1031 822/811/1047 796/798/1032
f 84/812/1048 790/773/996 83/813/1049
f 813/801/1034 828/814/1050 821/810/1046
f 822/811/1047 823/815/1051 796/798/1032
f 817/805/1038 824/816/1052 816/797/1053
f 815/802/1054 826/817/1054 825/818/1054
f 819/809/1044 820/808/1043 826/817/1055
f 812/799/1056 807/795/1028 833/819/1057
f 823/815/1051 828/814/1050 813/801/1034
f 790/773/996 814/803/1036 830/820/1058
f 814/803/1059 832/821/1060 831/822/1061
f 825/818/1062 833/819/1057 832/821/1060
f 805/793/1023 821/810/1046 827/823/1063
f 821/810/1046 834/824/1064 837/825/1065
f 832/821/1060 833/819/1057 831/822/1061
f 810/826/1066 827/823/1063 836/827/1067
f 822/811/1047 838/828/1068 823/815/1051
f 818/807/1041 86/829/1069 843/830/1070
f 831/822/1061 833/819/1057 841/831/1071
f 822/811/1047 839/832/1072 838/828/1068
f 824/816/1052 829/833/1073 839/832/1074
f 818/807/1041 843/830/1070 842/834/1075
f 807/795/1028 836/827/1067 835/835/1076
f 827/823/1063 837/825/1065 856/836/1077
f 83/813/1049 840/837/1078 844/838/1079
f 830/820/1058 841/831/1080 840/837/1078
f 828/814/1050 823/815/1051 849/839/1081
f 838/828/1068 839/832/1072 854/840/1082
f 829/833/1073 842/834/1075 850/841/1083
f 833/819/1057 835/835/1076 847/842/1084
f 823/815/1051 838/828/1068 849/839/1081
f 843/830/1070 87/843/1085 846/844/1086
f 837/825/1065 848/845/1087 845/846/1088
f 849/839/1081 838/828/1068 854/840/1082
f 844/838/1079 840/837/1078 851/847/1089
f 841/831/1071 847/842/1084 855/848/1090
f 836/827/1067 856/836/1077 853/849/1091
f 834/824/1064 857/850/1092 848/845/1087
f 850/841/1083 846/844/1086 858/851/1093
f 834/824/1064 849/839/1081 857/850/1092
f 850/841/1083 858/851/1093 860/852/1094
f 846/844/1086 859/853/1095 858/851/1096
f 846/844/1086 87/843/1085 859/853/1095
f 840/837/1078 852/854/1097 851/847/1089
f 835/835/1076 853/849/1091 863/855/1098
f 860/852/1094 858/851/1093 872/856/1099
f 858/851/1096 859/853/1095 865/857/1100
f 852/854/1101 861/858/1102 867/859/1103
f 858/851/1096 865/857/1100 872/856/1104
f 859/853/1095 866/860/1105 865/857/1100
f 845/846/1088 869/861/1106 884/862/1107
f 848/845/1087 864/863/1108 869/861/1106
f 872/856/1104 865/857/1100 873/864/1109
f 867/859/1110 868/865/1111 874/866/1112
f 861/858/1113 862/867/1114 871/868/1115
f 857/850/1092 870/869/1116 878/870/1117
f 872/856/1104 873/864/1109 879/871/1118
f 871/868/1119 876/872/1119 868/865/1119
f 862/867/1114 880/873/1120 871/868/1115
f 874/866/1112 882/874/1121 82/875/1122
f 880/873/1123 876/872/1124 871/868/1125
f 870/869/1116 872/856/1099 878/870/1117
f 872/856/1104 879/871/1118 885/876/1126
f 865/857/1100 875/877/1127 881/878/1128
f 876/872/1124 882/874/1121 874/866/1112
f 880/873/1123 886/879/1129 876/872/1124
f 863/855/1098 877/880/1130 883/881/1131
f 877/880/1130 884/862/1107 887/882/1132
f 878/870/1117 888/883/1133 891/884/1134
f 872/856/1104 885/876/1126 878/870/1117
f 875/877/1135 889/885/1136 881/878/1137
f 877/880/1130 887/882/1132 883/881/1131
f 884/862/1107 890/886/1138 887/882/1132
f 884/862/1107 891/884/1134 890/886/1138
f 882/874/1121 911/887/1139 82/875/1122
f 878/870/1117 885/876/1126 888/883/1133
f 873/864/1109 881/878/1137 902/888/1140
f 887/882/1141 896/889/1141 895/890/1141
f 891/884/1134 897/891/1142 893/892/1143
f 892/893/1144 898/894/1145 882/874/1121
f 883/881/1146 900/895/1147 894/896/1148
f 897/891/1142 901/897/1149 896/889/1150
f 881/878/1137 908/898/1151 902/888/1140
f 892/893/1144 903/899/1152 899/900/1153
f 892/893/1144 894/896/1148 903/899/1152
f 897/891/1142 905/901/1154 901/897/1149
f 889/885/1136 88/902/1155 908/898/1151
f 896/889/1150 901/897/1149 904/903/1156
f 901/897/1149 910/904/1157 904/903/1156
f 901/897/1149 905/901/1154 910/904/1157
f 902/888/1140 908/898/1151 917/905/1158
f 899/900/1153 81/906/1159 911/887/1139
f 899/900/1153 916/907/1160 81/906/1159
f 907/908/1161 917/905/1158 915/909/1162
f 913/910/1163 88/902/1164 922/911/266
f 904/903/1156 919/912/1165 918/913/21
f 908/898/1151 913/910/1163 921/914/1166
f 917/905/1158 921/914/1166 915/909/1162
f 904/903/1156 918/913/21 16/915/6
f 81/906/1159 13/916/1 12/917/1167
f 916/907/1160 920/918/264 14/919/4
f 79/735/955 763/759/982 761/742/964
f 74/764/987 764/920/1168 752/729/949
f 86/829/1069 1226/921/1169 843/830/1070
f 1228/922/1170 1229/923/1171 866/860/1105
f 866/860/1105 1230/924/1172 889/885/1136
f 88/902/1164 1215/925/265 922/911/266
f 921/914/1173 19/926/17 18/927/1174
f 921/914/1173 18/927/1174 17/928/9
f 920/918/264 15/929/12 14/919/4
f 844/838/1079 851/847/1089 1052/930/1175
f 38/931/336 37/932/410 929/933/1176
f 36/934/415 35/935/1177 37/932/410
f 33/936/469 930/937/1178 34/938/630
f 925/939/1179 926/940/1179 933/941/1179
f 33/936/469 924/942/1180 930/937/1178
f 928/943/1181 937/944/1182 939/945/1183
f 928/943/1181 933/941/1184 937/944/1182
f 933/941/1185 934/946/1186 937/944/1187
f 37/932/410 35/935/1177 929/933/1176
f 938/947/1188 936/948/1189 927/949/290
f 924/942/1180 943/950/1190 930/937/1178
f 924/942/1180 940/951/1191 943/950/1190
f 939/945/1192 944/952/1192 940/951/1192
f 937/944/1187 934/946/1186 944/952/1193
f 931/953/1194 935/954/1195 947/955/1196
f 929/933/1176 948/956/1197 932/957/1198
f 944/952/1199 947/955/1196 950/958/1200
f 946/959/1201 949/960/1202 929/933/1176
f 930/937/1178 943/950/1190 952/961/1203
f 935/954/1195 945/962/1204 955/963/1205
f 938/947/1188 953/964/1206 936/948/1189
f 951/965/1207 938/947/1188 942/966/1208
f 948/956/1197 951/965/1207 942/966/1208
f 34/938/630 954/967/1209 958/968/1210
f 34/938/630 952/961/1203 954/967/1209
f 953/964/1211 959/969/1212 941/970/1213
f 951/965/1207 957/971/1214 938/947/1188
f 950/958/1215 962/972/1216 943/950/1217
f 955/963/1205 963/973/1218 950/958/1215
f 956/974/1219 966/975/1220 955/963/1205
f 62/750/973 964/976/1221 956/974/1219
f 946/959/1201 965/977/1222 949/960/1202
f 952/961/1223 961/978/1224 968/979/1225
f 949/960/1202 969/980/1226 948/956/1197
f 958/968/1227 967/981/1228 960/982/1229
f 961/978/1230 979/983/1231 968/979/1232
f 961/978/1230 963/973/1233 979/983/1231
f 948/956/1197 969/980/1226 951/965/1207
f 965/977/1234 975/984/1235 974/985/1236
f 960/982/1229 976/986/1237 975/984/1235
f 967/981/1228 968/979/1238 976/986/1237
f 966/975/1220 970/987/1239 963/973/1218
f 957/971/1214 978/988/1240 977/989/1241
f 951/965/1207 978/988/1240 957/971/1214
f 965/977/1242 974/985/1236 973/990/1243
f 969/980/1226 981/991/1244 951/965/1207
f 968/979/1232 979/983/1231 982/992/1245
f 966/975/1220 983/993/1246 970/987/1247
f 971/994/1248 985/995/1249 966/975/1220
f 973/990/1243 987/996/1250 981/991/1251
f 976/986/1237 982/992/1252 975/984/1235
f 986/749/972 989/997/1253 971/994/1248
f 972/998/1254 991/999/1255 990/1000/1256
f 981/991/1251 987/996/1250 980/1001/1257
f 974/985/1236 988/1002/1258 987/996/1250
f 983/993/1246 997/1003/1259 970/987/1247
f 4/1004/146 3/1005/268 5/1006/133
f 3/1005/268 990/1000/1260 992/1007/1261
f 972/998/1262 977/989/1263 991/999/1264
f 980/1001/1265 994/1008/1266 993/1009/1267
f 977/989/1268 996/1010/1268 991/999/1268
f 993/1009/1267 994/1008/1266 996/1010/1269
f 984/1011/1270 997/1003/1270 982/992/1270
f 970/987/1247 997/1003/1259 984/1011/1271
f 3/1005/268 992/1007/1261 5/1006/133
f 994/1008/1266 1001/1012/1272 996/1010/1269
f 997/1003/1273 995/1013/1274 982/992/1275
f 992/1007/1261 990/1000/1260 7/1014/1276
f 990/1000/1277 1004/1015/1277 1008/1016/1277
f 58/630/838 1007/1017/1278 998/1018/1279
f 998/1018/1279 1007/1017/1278 989/997/1253
f 988/1002/1258 1003/1019/1280 987/996/1250
f 1001/1012/1272 1009/1020/1281 1004/1015/1282
f 1000/1021/1283 1014/1022/1284 999/1023/1285
f 1002/1024/1286 1012/1025/1287 1011/1026/1288
f 987/996/1250 1003/1019/1280 1012/1025/1287
f 1007/1017/1289 1015/1027/1290 1006/1028/1291
f 1004/1015/1282 1017/1029/1292 1013/1030/1293
f 1004/1015/1282 1009/1020/1281 1017/1029/1292
f 1014/1022/1284 1018/1031/1294 1005/1032/1295
f 1008/1016/1296 1020/1033/1297 1022/1034/1298
f 1009/1020/1299 1011/1026/1288 1023/1035/1300
f 1006/1028/1291 1025/1036/1301 1010/1037/1302
f 7/1014/269 1022/1034/1298 1029/1038/1303
f 1018/1031/1294 1034/1039/1304 1003/1019/1280
f 1015/1027/1305 1028/1040/1306 1025/1036/1307
f 1020/1033/1297 1023/1035/1300 1030/1041/1308
f 1011/1026/1288 1031/1042/1309 1023/1035/1300
f 1019/1043/1310 1032/1044/1311 1021/1045/1312
f 1020/1033/1297 1030/1041/1308 1037/1046/1313
f 1023/1035/1300 1031/1042/1309 1030/1041/1308
f 1025/1036/1301 1038/1047/1314 1024/1048/1315
f 1028/1040/1306 1038/1047/1316 1025/1036/1307
f 1027/1049/1317 1039/1050/1318 1028/1040/1306
f 1030/1041/1308 1040/1051/1319 1037/1046/1313
f 1031/1042/1309 1041/1052/1320 1030/1041/1308
f 1032/1044/1311 1041/1052/1320 1031/1042/1309
f 1033/1053/1321 1042/1054/1322 1032/1044/1311
f 1026/1055/1323 1043/1056/1324 1018/1031/1294
f 1024/1048/1315 1044/1057/1325 1026/1055/1323
f 1035/1058/1326 1039/1050/1318 1027/1049/1317
f 9/1059/51 1029/1038/1303 10/1060/1327
f 1020/1033/1297 1037/1046/1313 1022/1034/1298
f 1029/1038/1303 1045/1061/1328 1047/1062/1329
f 1029/1038/1303 1022/1034/1298 1045/1061/1328
f 1030/1041/1308 1041/1052/1320 1040/1051/1319
f 1038/1047/1314 1044/1057/1325 1024/1048/1315
f 1039/1050/1318 1046/1063/1330 1038/1047/1331
f 1042/1054/1322 1051/1064/1332 1041/1052/1320
f 1034/1039/1304 1042/1054/1322 1033/1053/1321
f 1026/1055/1323 1048/1065/1333 1043/1056/1324
f 1044/1057/1325 1048/1065/1333 1026/1055/1323
f 1035/1058/1326 1046/1063/1330 1039/1050/1318
f 1041/1052/1320 1051/1064/1332 1040/1051/1319
f 1018/1031/1294 1052/1066/1175 1034/1039/1304
f 1036/1067/1334 1049/1068/1335 1035/1058/1326
f 1022/1034/1298 1053/1069/1336 1045/1061/1328
f 1037/1046/1313 1051/1064/1332 1053/1069/1336
f 1043/1056/1324 1052/1066/1175 1018/1031/1294
f 1048/1065/1337 1054/1070/1338 1043/1056/1324
f 1050/1071/1339 1055/1072/1339 1044/1057/1339
f 1049/1068/1335 1050/1071/1340 1046/1063/1341
f 1042/1054/1322 82/1073/1122 1051/1064/1332
f 1055/1072/1342 1054/1070/1338 1048/1065/1333
f 1045/1061/1328 1053/1069/1336 911/1074/1139
f 1051/1064/1332 82/1073/1122 1053/1069/1336
f 1043/1056/1324 844/1075/1079 1052/1066/1175
f 1055/1072/1342 84/1076/1048 1054/1070/1338
f 1050/1071/1340 779/1077/994 1055/1072/1343
f 1049/1068/1335 1057/1078/1344 1050/1071/1340
f 439/1079/501 450/1080/500 924/942/1180
f 32/1081/1345 926/940/1345 925/939/1345
f 32/1081/533 499/1082/552 926/940/1346
f 945/962/1204 63/490/617 956/974/1219
f 61/559/715 964/976/1221 62/750/973
f 60/589/1347 971/994/1248 964/976/1221
f 60/589/1348 59/588/772 971/994/1349
f 641/609/786 998/1018/1279 986/749/972
f 677/648/837 1016/1083/1350 1007/1017/1278
f 57/679/875 1036/1067/1334 1016/1083/1350
f 84/1076/1048 83/1084/1049 1054/1070/1338
f 1053/1069/1336 82/1073/1122 911/1074/1139
f 10/1060/1327 1047/1062/1329 11/1085/273
f 941/970/1213 2/1086/202 247/1087/201
f 45/1088/626 47/1089/1351 46/1090/581
f 44/1091/481 43/1092/1352 1062/1093/1353
f 43/1092/1352 1063/1094/1354 1062/1093/1353
f 41/1095/1355 1060/1096/1356 42/1097/1357
f 40/1098/363 1064/1099/1358 1076/1100/1359
f 301/1101/321 285/1102/261 1064/1099/1358
f 47/1089/1351 1066/1103/1360 1061/1104/1361
f 47/1089/1351 1065/1105/1362 1066/1103/1360
f 1058/1106/1363 1067/1107/1364 1065/1105/1362
f 42/1097/1357 1068/1108/1365 1063/1094/1366
f 40/1098/363 1076/1100/1359 1060/1096/1356
f 1059/1109/1367 1071/1110/1368 1069/1111/1369
f 1062/1093/1353 1072/1112/1370 1071/1110/1368
f 1068/1108/1365 1073/1113/1371 1072/1112/1370
f 1067/1107/1364 1066/1103/1360 1065/1105/1362
f 1067/1107/1364 1075/1114/1372 1074/1115/1373
f 1060/1096/1356 1076/1100/1359 1068/1108/1365
f 1066/1103/1360 1081/1116/1374 1061/1104/1361
f 1058/1106/1363 1069/1111/1369 1077/1117/1375
f 1071/1110/1368 1078/1118/1376 1077/1117/1375
f 1071/1110/1368 1072/1112/1370 1078/1118/1376
f 1073/1113/1371 1068/1108/1365 1080/1119/1377
f 285/1102/261 267/1120/206 1070/1121/1378
f 1075/1114/1372 1077/1117/1375 1082/1122/1379
f 1073/1113/1371 1083/1123/1380 1072/1112/1370
f 1061/1104/1361 580/577/740 64/1124/1381
f 1074/1115/1382 1079/1125/1383 1086/1126/1384
f 1075/1114/1372 1082/1122/1379 1079/1125/1385
f 1077/1117/1375 1084/1127/1386 1082/1122/1379
f 1084/1127/1386 1078/1118/1387 1096/1128/1388
f 1082/1122/1389 1087/1129/1390 1079/1125/1383
f 1078/1118/1376 1088/1130/1391 1096/1128/1388
f 1080/1119/1377 1089/1131/1392 1073/1113/1371
f 1070/1121/1378 1091/1132/1393 1085/1133/1394
f 1081/1116/1374 1092/747/970 580/577/740
f 1080/1119/1377 1090/1134/1395 1089/1131/1392
f 1076/1100/1359 1099/1135/1396 1090/1134/1395
f 1070/1121/1378 1085/1133/1394 1093/1136/1397
f 267/1120/206 22/1137/207 1091/1132/1393
f 1091/1132/1398 227/1138/180 1097/1139/1399
f 1095/1140/1400 1094/1141/1401 1087/1129/1390
f 1084/1127/1386 1096/1128/1388 1095/1140/1400
f 1090/1134/1395 1102/1142/1402 1089/1131/1392
f 1085/1133/1403 1101/1143/1403 1100/1144/1403
f 1094/1141/1401 1086/1126/1384 1087/1129/1390
f 1095/1140/1400 1098/1145/1404 1094/1141/1401
f 1089/1131/1392 1088/1130/1391 1083/1123/1380
f 1093/1136/1405 1104/1146/1406 1107/1147/1407
f 1093/1136/1408 1105/1148/1408 1104/1146/1408
f 1093/1136/1409 1106/1149/1410 1105/1148/1411
f 1100/1144/1412 1101/1143/1413 1106/1149/1410
f 1092/747/970 65/597/768 580/577/740
f 1090/1134/1395 1099/1135/1396 1103/1150/1414
f 1098/1145/1404 1111/1151/1415 1110/1152/1416
f 1098/1145/1404 1112/1153/1417 1111/1151/1415
f 1103/1150/1418 1099/1135/1419 1115/1154/1420
f 1104/1146/1421 1114/1155/1422 1113/1156/1423
f 1105/1148/1411 1106/1149/1410 1114/1155/1422
f 1101/1143/1424 1097/1139/1399 1117/1157/267
f 1102/1142/1402 1112/1153/1417 1088/1130/1391
f 1111/1151/1425 1118/1158/1425 1110/1152/1425
f 1102/1142/1402 1119/1159/1426 1112/1153/1417
f 1107/1147/1427 1121/1160/1428 1120/1161/1429
f 1113/1156/1423 1114/1155/1422 1121/1160/1428
f 1108/1162/1430 1122/1163/1431 1092/747/970
f 1094/1141/1401 1122/1163/1431 1108/1162/1430
f 1099/1135/1432 1123/1164/1433 1126/1165/1434
f 1112/1153/1417 1125/1166/1435 1111/1151/1415
f 1116/1167/1436 1128/1168/1437 1127/1169/1438
f 1120/1161/1429 1121/1160/1428 1128/1168/1437
f 1111/1151/1415 1125/1166/1435 1129/1170/1439
f 1112/1153/1417 1119/1159/1426 1125/1166/1435
f 1103/1150/1418 1132/1171/1440 1119/1159/1426
f 1103/1150/1418 1115/1154/1420 1132/1171/1440
f 1117/1157/267 1130/1172/1441 1145/1173/1442
f 1109/1174/1443 1135/1175/1444 1122/1163/1431
f 1123/1164/1445 1134/1176/1446 1133/1177/1447
f 1127/1169/1438 1128/1168/1437 1134/1176/1448
f 1117/1157/267 21/1178/153 1130/1172/1441
f 1122/1163/1431 67/626/809 66/603/778
f 1118/1158/1449 1136/1179/1450 1109/1174/1451
f 1124/1180/1452 1136/1179/1450 1118/1158/1449
f 1125/1166/1435 1131/1181/1453 1129/1170/1439
f 1119/1159/1426 1132/1171/1440 1131/1181/1453
f 1129/1170/1454 1138/1182/1455 1136/1179/1456
f 1131/1181/1457 1139/1183/1457 1129/1170/1457
f 1131/1181/1458 1141/1184/1459 1140/1185/1460
f 1126/1165/1461 1144/1186/1461 1143/1187/1461
f 1133/1177/1447 1134/1176/1446 1144/1186/1462
f 1136/1179/1463 1146/1188/1464 1135/1175/1444
f 1139/1183/1465 1148/1189/1466 1129/1170/1467
f 1134/1176/1448 1145/1173/1468 1144/1186/1469
f 1146/1188/1464 68/627/810 1135/1175/1444
f 1139/1183/1465 1153/1190/1470 1148/1189/1466
f 1149/1191/1471 1153/1190/1470 1139/1183/1465
f 1144/1186/1472 1152/1192/1473 1151/1193/1474
f 1153/1190/1470 1156/1194/1475 1148/1189/1466
f 1143/1187/1476 1151/1193/1474 1155/1195/1477
f 1147/1196/1478 1157/1197/1479 1146/1188/1480
f 1137/1198/1481 1150/1199/1482 1159/1200/1483
f 1151/1193/1474 1152/1192/1473 1160/1201/1484
f 1138/1182/1455 1162/1202/1485 1147/1196/1478
f 1140/1185/1486 1161/1203/1487 1158/1204/1488
f 1150/1199/1482 1155/1195/1477 1159/1200/1483
f 1155/1195/1477 1160/1201/1484 1165/1205/1489
f 1146/1188/1464 69/665/857 68/627/810
f 1147/1196/1478 1162/1202/1490 1157/1197/1479
f 1154/1206/1491 1159/1200/1483 1161/1203/1487
f 1156/1194/1475 1163/1207/1492 1162/1202/1493
f 1153/1190/1470 1164/1208/1494 1156/1194/1475
f 1146/1188/1464 1166/1209/1495 69/665/857
f 1162/1202/1496 1167/1210/1496 1157/1197/1496
f 1161/1203/1487 1159/1200/1483 1171/1211/1497
f 1155/1195/1477 1165/1205/1489 1176/1212/1498
f 1160/1201/1484 1170/1213/1499 1169/1214/1500
f 1130/1172/1441 1173/1215/88 1172/1216/1501
f 1159/1200/1483 1176/1212/1498 1171/1211/1497
f 1165/1205/1489 1169/1214/1500 1179/1217/1502
f 1164/1208/1494 1177/1218/1503 1163/1207/1492
f 1158/1204/1488 1175/1219/1504 1168/1220/1505
f 1161/1203/1487 1171/1211/1497 1178/1221/1506
f 1170/1213/1507 1172/1216/1507 1180/1222/1507
f 1158/1204/1488 1178/1221/1506 1175/1219/1504
f 1169/1214/1500 1184/1223/1508 1179/1217/1502
f 1167/1210/1509 1181/1224/1510 1166/1209/1495
f 1163/1207/1492 1181/1224/1510 1167/1210/1509
f 1175/1219/1504 1182/1225/1511 1168/1220/1505
f 1169/1214/1500 1185/1226/1512 1184/1223/1508
f 1181/1224/1510 1186/1227/1513 1174/1228/1514
f 1180/1222/1515 138/1229/35 1185/1226/1512
f 1186/1227/1513 1189/1230/1516 71/748/1517
f 1181/1224/1510 1189/1230/1516 1186/1227/1513
f 1182/1225/1511 1183/1231/1518 1164/1208/1494
f 1171/1211/1497 1191/1232/1519 1190/1233/1520
f 1176/1212/1498 1187/1234/1521 1191/1232/1519
f 1178/1221/1506 1190/1233/1520 1194/1235/1522
f 1187/1234/1521 1184/1223/1508 1203/1236/1523
f 1184/1223/1508 1192/1237/1524 1204/1238/1525
f 1177/1218/1503 1195/1239/1526 1188/1240/1527
f 1194/1235/1522 1193/1241/1528 1175/1219/1504
f 1185/1226/1512 138/1229/35 1196/1242/1529
f 1189/1230/1530 72/719/936 723/701/910
f 1183/1231/1518 1197/1243/1531 1177/1218/1503
f 1193/1241/1528 1199/1244/1532 1182/1225/1511
f 1188/1240/1527 1200/1245/1533 1189/1230/1516
f 1190/1233/1520 1191/1232/1519 1194/1235/1522
f 1196/1242/1529 138/1229/35 1215/1246/265
f 1195/1239/1526 1200/1245/1533 1188/1240/1527
f 1194/1235/1522 1201/1247/1534 1193/1241/1528
f 138/1229/35 99/1248/34 1215/1246/265
f 1198/1249/1535 1206/1250/1536 1197/1243/1531
f 1203/1236/1523 1204/1238/1525 1210/1251/1537
f 1205/1252/1538 740/720/937 72/719/936
f 1197/1243/1531 1208/1253/1539 1195/1239/1526
f 1191/1232/1540 1203/1236/1523 1209/1254/1541
f 1203/1236/1523 1210/1251/1537 1212/1255/1542
f 1196/1242/1529 1215/1246/265 1214/1256/1543
f 1202/1257/1544 1211/1258/1545 1201/1247/1534
f 1204/1238/1546 1214/1256/1543 1213/1259/1547
f 1199/1244/1532 1216/1260/1548 1206/1250/1536
f 1201/1247/1534 1216/1260/1548 1199/1244/1532
f 1205/1252/1538 73/740/962 740/720/937
f 1207/1261/1549 73/740/962 1205/1252/1538
f 1208/1253/1539 1217/1262/1550 1207/1261/1551
f 1206/1250/1536 1218/1263/1552 1208/1253/1539
f 1213/1259/1553 1214/1256/1543 1219/1264/1554
f 1209/1254/1541 1221/1265/1555 1211/1258/1545
f 1212/1255/1542 1221/1265/1555 1209/1254/1541
f 1210/1251/1537 1222/1266/1556 1212/1255/1542
f 1208/1253/1539 1223/1267/1557 1217/1262/1550
f 1219/1264/1554 1224/1268/1558 1210/1251/1537
f 1215/1246/265 1219/1264/1554 1214/1256/1543
f 1217/1262/1550 1225/1269/1559 1207/1261/1551
f 1216/1260/1548 1226/1270/1169 1218/1263/1552
f 1220/1271/1560 1227/1272/1561 1216/1260/1548
f 1221/1265/1555 1228/1273/1170 1220/1271/1560
f 1222/1266/1556 1230/1274/1172 1221/1265/1555
f 1219/1264/1554 88/1275/1164 1224/1268/1558
f 1225/1269/1562 1223/1267/1557 85/1276/1009
f 1218/1263/1552 808/1277/1040 1223/1267/1557
f 1226/1270/1169 86/1278/1069 1218/1263/1552
f 1228/1273/1170 87/1279/1085 1227/1272/1561
f 1215/1246/265 88/1275/1164 1219/1264/1554
f 455/1280/506 1058/1106/1363 45/1088/626
f 435/1281/482 1058/1106/1363 455/1280/506
f 391/1282/444 41/1095/1355 42/1097/1357
f 1173/1215/88 20/1283/78 1180/1222/1563
f 1180/1222/1515 137/1284/1564 138/1229/35
f 88/1275/1155 889/1285/1136 1222/1266/1556
f 12/1286/1167 13/1/1 91/3/3
f 11/232/273 12/1286/1167 91/3/3
f 14/4/4 15/12/12 92/8/8
f 919/14/14 17/9/9 98/11/11
f 17/9/9 18/1287/1174 93/10/10
f 15/12/12 90/7/7 94/13/13
f 19/17/17 922/226/266 99/33/34
f 918/21/21 919/14/1165 97/15/15
f 18/1287/1174 19/17/17 95/19/19
f 11/232/273 91/3/3 100/37/274
f 100/37/274 91/3/3 96/23/23
f 92/8/8 94/13/13 101/16/16
f 16/6/6 918/21/21 104/22/22
f 93/10/10 18/1287/1174 105/30/30
f 18/1287/1174 95/19/19 105/30/30
f 96/23/23 91/3/3 103/20/20
f 90/7/7 16/6/6 104/22/22
f 19/17/17 99/33/34 102/18/18
f 100/37/40 96/23/1565 109/25/41
f 90/7/7 104/22/22 94/13/13
f 113/29/29 97/15/15 98/11/11
f 103/20/20 101/16/16 110/49/55
f 98/11/11 93/10/10 114/28/28
f 93/10/10 105/30/30 114/28/28
f 107/26/26 103/20/20 112/1288/1566
f 101/16/16 108/27/27 110/49/55
f 94/13/13 104/22/22 108/27/27
f 104/22/22 97/15/15 113/29/29
f 105/30/30 95/19/19 115/31/31
f 103/20/20 110/49/55 112/1288/1566
f 110/49/55 108/27/27 120/50/56
f 113/29/1567 114/28/36 117/36/38
f 107/26/26 112/1288/1566 119/39/1568
f 111/44/49 100/37/274 122/38/50
f 109/25/25 106/24/24 123/46/1569
f 120/50/56 108/27/27 125/53/59
f 108/27/27 104/22/22 126/41/46
f 113/29/1567 117/36/38 127/43/48
f 117/36/1570 121/35/1571 128/42/1572
f 121/35/1571 115/31/31 128/42/1572
f 106/24/24 107/26/26 129/48/54
f 119/39/1568 112/1288/1566 130/51/57
f 112/1288/1566 110/49/55 130/51/57
f 108/27/1573 126/41/1574 131/52/58
f 126/41/1574 113/29/1575 131/52/58
f 127/43/1576 128/42/1576 132/58/1576
f 131/52/58 113/29/1575 140/55/1577
f 113/29/1567 127/43/48 135/57/1578
f 132/58/1579 128/42/1572 136/60/67
f 128/42/1572 115/31/31 136/60/67
f 115/31/31 116/32/33 137/59/66
f 116/32/33 102/18/18 137/59/1564
f 130/51/57 120/50/56 139/91/103
f 133/54/1580 134/56/1581 141/63/1582
f 134/56/1583 135/57/1583 142/62/1583
f 135/57/1584 132/58/1584 142/62/1584
f 102/18/18 138/34/35 137/59/1564
f 122/38/42 109/25/41 143/64/70
f 124/40/45 119/39/44 144/65/71
f 125/53/59 131/52/58 150/72/81
f 131/52/58 140/55/1577 145/71/80
f 140/55/1585 133/54/1585 146/67/1585
f 133/54/1580 141/63/1582 147/66/1586
f 136/60/67 137/59/66 148/70/79
f 123/46/52 129/48/54 149/79/90
f 120/50/56 125/53/59 150/72/81
f 140/55/1587 146/67/1587 151/73/1587
f 146/67/1588 147/66/1589 151/73/82
f 147/66/1589 142/62/76 151/73/82
f 152/68/1590 136/60/67 148/70/79
f 143/64/93 118/47/1591 159/82/94
f 119/39/1568 130/51/57 144/65/71
f 140/55/1592 151/73/1592 153/74/1592
f 148/70/79 20/69/78 154/78/89
f 8/61/68 122/38/50 155/75/270
f 129/48/54 144/65/71 156/87/99
f 144/65/71 130/51/57 157/86/98
f 130/51/57 139/91/103 157/86/98
f 139/91/103 120/50/56 158/92/104
f 145/71/80 140/55/1577 168/76/85
f 120/50/56 150/72/81 158/92/104
f 152/68/75 148/70/79 161/81/92
f 155/75/270 143/64/1593 162/83/1594
f 149/79/90 129/48/54 165/85/97
f 129/48/54 156/87/99 165/85/97
f 153/74/83 152/68/75 164/88/100
f 168/76/85 153/74/87 169/93/113
f 155/75/270 162/83/1594 170/94/123
f 169/93/113 164/88/100 171/103/1595
f 164/88/100 161/81/92 175/113/130
f 154/78/89 1173/77/88 21/132/153
f 159/82/94 118/47/1591 178/96/116
f 163/84/96 165/85/97 173/99/112
f 171/103/1595 164/88/100 175/113/130
f 175/113/130 161/81/92 176/1289/1596
f 170/94/123 166/89/115 177/101/117
f 166/89/115 159/82/94 178/96/116
f 165/85/97 156/87/99 179/97/1597
f 161/81/92 154/78/89 176/1289/1596
f 179/97/127 167/90/120 181/109/125
f 167/90/102 174/98/110 182/106/1598
f 158/92/104 168/76/85 186/102/118
f 171/103/1595 175/113/130 183/104/132
f 176/1289/1596 154/78/89 184/131/152
f 173/99/112 179/97/127 185/117/136
f 169/93/113 171/103/1595 188/105/140
f 175/113/130 176/1289/1596 189/114/131
f 184/131/152 154/78/89 21/132/153
f 172/95/107 160/80/91 190/111/135
f 160/80/91 163/84/96 187/116/134
f 180/100/114 169/93/113 188/105/140
f 177/101/117 178/96/116 193/112/129
f 178/96/108 172/95/107 190/111/135
f 163/84/96 173/99/112 187/116/134
f 181/109/125 167/90/120 192/107/122
f 6/108/124 177/101/117 193/112/129
f 187/116/134 173/99/112 194/130/150
f 173/99/112 185/117/136 194/130/150
f 192/107/122 182/106/121 195/119/1599
f 182/106/1598 174/98/110 195/119/1600
f 174/98/110 186/102/118 196/118/137
f 188/105/1601 183/104/132 197/121/1602
f 180/100/114 188/105/140 203/122/142
f 190/111/135 187/116/134 199/140/162
f 186/102/118 180/100/114 203/122/142
f 197/121/1602 183/104/132 201/125/145
f 183/104/132 189/114/131 202/124/144
f 198/120/1603 190/111/135 206/150/172
f 202/124/144 189/114/131 216/1290/1604
f 189/114/131 176/1289/1596 208/133/154
f 176/1289/1596 184/131/152 208/133/154
f 193/112/129 198/120/139 205/128/148
f 185/117/1605 191/110/157 207/129/149
f 200/123/143 195/119/138 209/146/168
f 203/122/142 204/127/147 210/137/159
f 206/150/172 190/111/135 199/140/162
f 191/110/1606 200/123/1606 218/136/1606
f 196/118/137 203/122/142 212/138/160
f 204/127/147 201/125/145 210/137/159
f 216/1290/1604 189/114/131 213/134/155
f 195/119/138 196/118/137 212/138/160
f 218/136/158 200/123/143 224/153/175
f 205/128/148 198/120/139 222/144/166
f 198/120/1607 206/150/1607 219/143/1607
f 200/123/143 209/146/168 225/151/173
f 212/138/160 210/137/159 221/148/170
f 211/135/156 207/129/149 223/147/169
f 224/153/175 200/123/143 225/151/173
f 199/140/162 214/139/161 226/149/171
f 202/124/144 216/1290/1604 230/154/176
f 213/134/155 208/133/154 227/158/180
f 221/148/1608 215/141/1608 229/155/1608
f 215/141/163 202/124/144 229/155/1609
f 2/174/202 217/142/164 234/172/200
f 230/154/176 216/1290/1604 233/157/179
f 216/1290/1604 213/134/155 233/157/179
f 205/128/148 222/144/166 240/184/217
f 224/153/175 225/151/173 235/163/187
f 220/145/1610 228/152/183 236/161/185
f 228/152/174 221/148/170 237/160/1611
f 221/148/1612 229/155/1613 238/162/1614
f 229/155/177 230/154/176 239/164/188
f 217/142/164 205/128/148 240/184/217
f 219/143/1615 206/150/172 241/165/1616
f 206/150/172 226/149/171 241/165/1616
f 231/156/178 227/158/180 22/178/207
f 217/142/164 240/184/217 234/172/200
f 222/144/166 219/143/165 248/166/190
f 226/149/171 223/147/169 242/168/192
f 223/147/169 224/153/175 243/167/191
f 220/145/1617 236/161/1617 244/169/1617
f 236/161/1618 237/160/1618 245/170/1618
f 237/160/1619 238/162/1619 245/170/1619
f 238/162/1614 229/155/1613 246/171/225
f 229/155/1613 239/164/188 246/171/225
f 241/165/1616 226/149/171 249/175/203
f 235/163/1620 232/159/1620 250/176/1620
f 234/172/200 240/184/242 247/173/201
f 240/184/217 222/144/166 248/166/190
f 249/175/203 242/168/208 251/180/210
f 242/168/192 243/167/191 253/181/1621
f 243/167/212 250/176/215 254/182/213
f 250/176/215 244/169/197 255/183/216
f 241/165/1616 249/175/203 257/187/220
f 249/175/203 251/180/210 258/186/219
f 251/180/1622 252/179/1622 260/189/1622
f 252/179/1623 253/181/214 260/189/223
f 239/164/188 233/157/179 267/177/206
f 240/184/217 256/185/218 261/211/249
f 241/165/1616 257/187/220 262/200/1624
f 258/186/1625 259/188/1625 264/192/1625
f 259/188/1626 260/189/223 264/192/1627
f 255/183/216 245/170/196 265/199/235
f 241/165/189 262/200/1628 268/193/228
f 262/200/1624 257/187/220 269/195/1629
f 257/187/1630 263/191/1630 270/194/1630
f 263/191/1631 264/192/1627 270/194/230
f 264/192/1627 260/189/223 271/196/232
f 254/182/237 255/183/216 272/198/234
f 245/170/196 246/171/199 265/199/235
f 239/164/188 267/177/206 266/190/224
f 270/194/230 264/192/1627 271/196/232
f 246/171/225 266/190/224 279/202/255
f 248/166/190 268/193/228 274/203/240
f 268/193/1632 269/195/231 275/204/241
f 271/196/1633 254/182/237 276/201/238
f 271/196/1633 276/201/238 277/208/1634
f 247/173/201 30/205/243 1/246/289
f 274/203/240 268/193/228 282/206/244
f 273/197/233 265/199/235 278/210/248
f 240/184/242 29/212/250 30/205/243
f 256/185/218 274/203/240 280/213/251
f 282/206/244 268/193/1632 275/204/241
f 276/201/238 272/198/234 25/219/258
f 278/210/248 279/202/239 284/220/262
f 266/190/224 267/177/206 23/216/254
f 271/196/232 293/236/278 26/217/256
f 271/196/232 283/209/247 293/236/278
f 272/198/234 273/197/233 25/219/258
f 306/218/257 273/197/233 289/215/253
f 289/215/253 278/210/248 286/221/260
f 286/221/1635 284/220/1636 24/223/1637
f 920/224/1638 909/5/5 90/7/7
f 281/207/245 282/206/244 27/242/285
f 28/214/1639 281/207/245 27/242/285
f 3/228/268 4/126/146 217/142/164
f 7/229/269 155/75/270 170/94/123
f 10/231/271 100/37/274 111/44/49
f 29/212/250 280/213/251 291/248/291
f 27/242/285 282/206/244 292/234/276
f 287/233/275 26/217/256 293/236/278
f 288/237/279 25/219/258 295/238/280
f 291/248/291 27/242/285 296/243/286
f 292/234/276 287/233/275 299/245/288
f 287/233/275 293/236/278 297/244/287
f 290/239/1640 279/202/255 298/241/284
f 296/243/286 292/234/276 299/245/288
f 297/244/287 293/236/278 294/235/277
f 299/245/288 297/244/287 304/255/299
f 288/237/279 295/238/280 305/254/298
f 298/241/284 300/240/283 310/261/305
f 300/240/283 23/216/254 301/273/321
f 304/255/299 297/244/287 308/251/294
f 306/218/257 289/215/253 309/266/312
f 298/241/284 310/261/305 307/252/1641
f 29/212/250 291/248/291 311/253/297
f 304/255/299 308/251/294 313/270/317
f 294/235/277 288/237/279 314/259/303
f 288/237/279 305/254/298 314/259/303
f 289/215/253 307/252/295 309/266/312
f 302/249/308 303/250/293 319/264/309
f 306/218/257 309/266/312 305/254/298
f 319/264/309 303/250/293 320/258/302
f 308/251/1642 314/259/1642 321/269/1642
f 307/252/1643 310/261/1643 323/267/1643
f 29/212/250 311/253/297 324/268/315
f 300/240/283 327/274/1644 315/262/306
f 324/268/1645 311/253/1645 316/257/1645
f 316/257/1646 319/264/1647 337/297/351
f 304/255/299 313/270/317 329/279/329
f 321/269/1648 314/259/1648 330/281/1648
f 927/247/290 30/205/243 38/284/336
f 313/270/1649 321/269/1649 333/280/1649
f 321/269/1650 334/282/1650 333/280/1650
f 309/266/1651 331/276/1652 325/271/372
f 326/272/319 336/293/345 323/267/320
f 324/268/350 316/257/1646 337/297/351
f 319/264/1653 320/258/1654 338/1291/1655
f 338/1291/1655 320/258/1654 339/285/1656
f 312/256/300 304/255/299 340/286/338
f 305/254/298 341/304/361 350/275/323
f 323/267/320 343/295/348 342/287/1657
f 328/277/1658 345/289/1658 344/288/1658
f 301/273/321 40/306/363 345/289/341
f 333/280/1659 334/282/1659 346/290/1659
f 330/281/1660 347/291/1660 346/290/1660
f 335/283/1661 314/259/303 350/275/323
f 305/254/298 348/292/344 341/304/361
f 337/297/351 319/264/353 355/300/355
f 332/278/332 333/280/331 346/290/1662
f 346/290/1663 347/291/1663 349/294/1663
f 335/283/1664 350/275/1664 349/294/1664
f 344/288/1665 351/312/374 336/293/376
f 344/288/1665 345/289/1666 351/312/374
f 319/264/1667 338/1291/1655 356/299/354
f 338/1291/1655 339/285/1656 356/299/354
f 350/275/1668 352/302/1668 349/294/1668
f 342/287/1657 343/295/348 353/296/1669
f 318/263/307 324/268/315 354/298/1670
f 339/285/1656 357/309/1671 356/299/354
f 346/290/1672 349/294/357 332/278/359
f 350/275/323 341/304/361 352/302/1673
f 331/276/1652 353/296/370 325/271/372
f 345/289/341 360/307/364 351/312/1674
f 329/279/329 332/278/328 367/301/1675
f 332/278/377 352/302/369 362/310/368
f 341/304/1676 358/303/1676 362/310/1676
f 348/292/344 363/321/1677 358/303/360
f 325/271/318 364/305/382 348/292/344
f 336/293/345 365/313/407 359/311/373
f 38/284/336 318/263/307 375/333/409
f 356/299/354 357/309/1671 366/324/395
f 357/309/366 340/286/338 367/301/356
f 358/303/1678 369/326/397 362/310/399
f 358/303/1679 363/321/1679 369/326/1679
f 375/333/1680 318/263/1680 370/315/1680
f 348/292/344 372/317/1681 363/321/1677
f 343/295/348 359/311/373 364/305/1682
f 351/312/386 373/327/400 365/313/407
f 370/315/1683 361/308/1683 376/319/1683
f 363/321/391 377/320/390 369/326/397
f 364/305/382 378/322/393 372/317/383
f 357/309/366 367/301/356 380/329/411
f 368/314/378 379/325/396 381/328/1684
f 359/311/392 385/332/422 378/322/393
f 360/307/364 41/339/1355 374/318/1685
f 354/298/352 337/297/351 386/323/394
f 371/316/381 355/300/355 366/324/395
f 366/324/395 357/309/1671 388/335/420
f 377/320/390 383/330/441 382/336/413
f 375/333/409 36/337/415 37/334/410
f 380/329/403 381/328/402 388/335/1686
f 369/326/397 382/336/413 379/325/398
f 374/318/385 389/340/418 373/327/400
f 36/337/415 370/315/1687 392/341/430
f 41/339/1355 391/357/444 389/340/418
f 371/316/381 366/324/395 393/342/421
f 381/328/1684 379/325/396 394/350/1688
f 378/322/393 403/364/456 384/331/406
f 378/322/393 390/343/423 403/364/456
f 389/340/418 396/355/1689 373/327/400
f 389/340/418 391/357/444 396/355/1689
f 387/338/1690 376/319/388 400/348/433
f 372/317/1691 398/347/1691 383/330/1691
f 385/332/422 395/344/450 390/343/423
f 392/341/1692 387/338/1690 400/348/433
f 379/325/398 401/351/437 394/350/1693
f 383/330/441 402/353/440 382/336/413
f 373/327/400 396/355/1689 395/344/424
f 392/341/430 404/352/438 36/337/415
f 388/335/428 397/346/427 409/368/460
f 384/331/406 403/364/456 398/347/429
f 42/1292/1357 43/1293/1352 391/357/444
f 408/345/462 388/335/428 409/368/460
f 396/355/446 407/358/445 406/356/1694
f 400/348/433 386/323/394 416/359/447
f 397/346/427 410/370/463 409/368/460
f 394/350/434 411/360/449 397/346/435
f 390/343/423 415/365/457 403/364/456
f 390/343/423 412/361/451 415/365/457
f 43/1293/1352 44/385/481 391/357/444
f 405/354/442 408/345/1695 417/369/464
f 397/346/427 414/363/454 410/370/463
f 407/358/1696 419/367/1696 406/356/1696
f 391/357/444 44/385/481 419/367/459
f 411/360/453 420/371/465 414/363/454
f 401/351/437 402/353/440 418/379/474
f 402/353/440 425/377/471 424/389/485
f 402/353/440 398/347/439 425/377/471
f 401/351/437 434/380/475 420/371/465
f 402/353/440 424/389/485 418/379/474
f 427/366/458 415/365/457 428/373/467
f 410/370/463 430/382/477 429/381/476
f 417/369/464 429/381/476 416/359/447
f 414/363/454 434/380/475 430/382/477
f 426/378/473 432/384/480 431/383/478
f 422/374/468 419/367/459 435/386/482
f 413/362/452 436/388/484 433/387/483
f 421/372/472 427/366/458 444/390/486
f 432/384/480 438/393/489 431/383/478
f 433/387/483 439/403/501 33/375/469
f 425/377/471 437/398/495 424/389/485
f 437/398/495 425/377/471 442/397/494
f 425/377/471 421/372/466 443/396/493
f 438/393/489 432/384/480 446/391/487
f 430/382/477 440/392/488 447/395/492
f 424/389/485 441/405/503 434/380/475
f 423/376/470 447/395/492 436/388/484
f 434/380/475 441/405/503 440/392/488
f 445/394/1697 449/401/543 454/407/505
f 424/389/485 448/399/496 451/404/502
f 431/383/478 454/407/505 453/406/504
f 436/388/484 456/443/555 433/387/483
f 447/395/492 440/392/488 457/430/536
f 440/392/488 441/405/503 458/421/1698
f 442/397/1699 460/414/516 459/409/508
f 442/397/494 443/396/493 461/411/510
f 443/396/493 444/390/486 462/410/509
f 446/391/487 435/386/482 455/408/506
f 433/387/483 463/427/532 450/402/534
f 433/387/483 456/443/555 463/427/532
f 447/395/492 457/430/536 436/388/484
f 440/392/488 464/423/525 457/430/536
f 440/392/488 458/421/523 464/423/525
f 448/399/496 465/413/512 451/404/502
f 462/410/509 444/390/486 466/412/511
f 436/388/484 457/430/536 456/443/555
f 441/405/503 467/415/1700 458/421/1698
f 459/409/508 460/414/516 468/416/515
f 462/410/1701 470/419/1701 469/417/1701
f 453/406/504 454/407/505 449/401/543
f 458/421/528 475/424/527 474/422/1702
f 470/419/1703 476/425/538 468/416/540
f 471/418/1704 477/426/1704 476/425/1704
f 456/443/555 478/451/1705 463/427/532
f 464/423/525 474/422/524 473/429/535
f 451/404/502 479/431/537 467/415/514
f 465/413/512 468/416/515 479/431/537
f 476/425/1706 477/426/1706 480/432/1706
f 472/420/1707 481/434/1707 480/432/1707
f 472/420/521 466/412/511 482/433/562
f 449/401/499 455/408/506 483/455/571
f 463/427/1708 485/450/565 484/436/545
f 463/427/1708 478/451/1709 485/450/565
f 457/430/536 486/437/546 456/443/555
f 473/429/535 487/445/1710 486/437/546
f 473/429/535 488/438/1711 487/445/1710
f 474/422/547 475/424/1712 488/438/548
f 467/415/526 497/439/550 475/424/527
f 468/416/1713 480/432/1714 490/440/1715
f 480/432/1714 481/434/1716 490/440/1715
f 482/433/1717 491/449/1717 490/440/1717
f 482/433/562 466/412/511 498/448/563
f 466/412/511 453/406/504 492/435/544
f 456/443/555 493/453/1718 478/451/1705
f 456/443/555 494/454/1719 493/453/1718
f 456/443/555 495/442/554 494/454/1719
f 486/437/553 487/445/558 495/442/554
f 485/450/565 500/452/567 499/441/552
f 495/442/1720 501/458/1720 494/454/1720
f 495/442/554 487/445/558 501/458/575
f 468/416/515 489/447/561 506/446/559
f 490/440/560 491/449/1721 489/447/561
f 449/401/543 502/456/588 492/435/544
f 500/452/567 503/457/574 499/441/552
f 487/445/558 496/444/557 501/458/575
f 475/424/570 504/459/577 496/444/557
f 479/431/537 506/446/559 505/460/578
f 506/446/559 489/447/561 507/465/584
f 498/448/1722 508/466/1722 489/447/1722
f 501/458/575 496/444/557 503/457/574
f 498/448/1723 509/461/1723 508/466/1723
f 492/435/1724 510/474/1725 509/461/1726
f 503/457/574 496/444/557 517/469/589
f 506/446/559 512/483/604 505/460/578
f 489/447/561 508/466/1727 513/464/583
f 509/461/1726 514/472/1728 513/464/1729
f 509/461/1726 510/474/1725 514/472/1728
f 492/435/544 515/475/594 510/474/596
f 492/435/544 502/456/588 515/475/594
f 505/460/578 512/483/604 516/467/586
f 512/483/604 506/446/559 519/479/599
f 513/464/1730 520/480/1730 507/465/1730
f 513/464/1731 521/473/611 520/480/610
f 510/474/1732 522/485/1733 521/473/1734
f 510/474/1732 523/476/1735 522/485/1733
f 504/459/577 525/471/591 518/470/590
f 506/446/559 507/465/584 527/478/608
f 496/444/557 529/482/603 517/469/589
f 511/463/582 516/467/586 525/471/591
f 512/483/604 526/494/621 533/484/605
f 512/483/604 519/479/599 526/494/621
f 523/476/1736 530/486/1736 522/485/1736
f 525/471/591 532/492/619 518/470/590
f 516/467/606 533/484/605 525/471/591
f 515/475/594 524/468/587 530/486/612
f 517/469/589 531/487/613 31/477/597
f 525/471/591 533/484/605 55/491/618
f 528/481/1737 50/500/665 527/478/1738
f 526/494/621 52/493/620 533/484/1739
f 519/479/1740 51/495/1740 52/493/1740
f 530/486/1741 48/496/1741 520/480/1741
f 280/213/251 28/214/252 291/248/291
f 282/206/244 26/217/256 287/233/275
f 283/209/247 277/208/246 288/237/279
f 277/208/1634 276/201/238 288/237/279
f 286/221/1635 24/223/1637 290/239/1742
f 1060/1294/1356 360/307/364 40/306/363
f 44/385/481 1059/1295/1367 435/1296/482
f 483/455/571 45/497/626 46/462/581
f 46/462/581 47/1297/1351 524/468/587
f 524/468/587 47/1297/1351 64/1298/1381
f 520/480/600 48/496/1743 49/506/639
f 520/480/600 49/506/639 528/481/601
f 533/484/605 53/498/1744 54/513/1745
f 533/484/605 54/513/1745 55/491/618
f 450/402/534 32/428/533 928/1299/1746
f 39/1300/1747 927/247/290 38/284/336
f 518/470/590 538/502/659 56/488/614
f 527/478/1748 539/501/632 51/495/1749
f 531/487/613 535/538/685 541/543/1750
f 51/495/1749 539/501/632 543/504/1751
f 48/496/1743 545/508/1752 49/506/639
f 531/487/613 541/543/1750 546/509/642
f 532/492/619 547/511/644 538/502/659
f 54/513/652 549/512/661 548/516/653
f 49/506/639 550/514/1753 544/507/640
f 534/489/616 540/518/656 545/508/641
f 56/488/614 542/503/635 535/538/685
f 55/491/1754 548/516/1754 551/515/1754
f 537/505/638 552/527/1755 549/512/1756
f 528/481/1737 553/517/663 50/500/665
f 537/505/638 543/504/637 552/527/1755
f 550/514/1753 556/519/1757 544/507/640
f 538/502/634 554/520/686 542/503/635
f 548/516/1758 557/522/668 551/515/651
f 549/512/1756 552/527/1755 557/522/1759
f 543/504/1751 558/531/676 552/527/678
f 543/504/1751 539/501/632 558/531/676
f 544/507/640 560/524/1760 553/517/655
f 547/511/1761 561/525/1761 554/520/1761
f 556/519/657 562/535/681 560/524/1760
f 556/519/657 540/518/656 562/535/681
f 536/510/643 563/526/669 555/521/660
f 536/510/643 551/515/651 563/526/669
f 552/527/1762 565/544/694 564/528/696
f 560/524/1760 562/535/681 553/517/655
f 541/543/1750 567/542/692 546/509/642
f 561/525/1763 568/529/1763 554/520/1763
f 552/527/1764 570/532/1764 565/544/1764
f 50/500/631 572/534/680 571/533/679
f 553/517/663 573/536/682 559/523/664
f 64/1124/1381 566/579/742 540/518/656
f 535/538/685 574/541/691 541/543/1750
f 558/531/676 577/540/1765 570/532/677
f 64/1124/1381 580/577/740 566/579/742
f 554/520/686 576/539/688 575/537/684
f 568/529/687 581/547/701 576/539/688
f 569/530/1766 582/554/1766 581/547/1766
f 569/530/1767 583/548/708 582/554/710
f 557/522/672 564/528/671 584/549/1768
f 564/528/1769 579/545/1769 585/562/1769
f 570/532/677 577/540/1765 586/556/711
f 573/536/682 587/546/697 559/523/664
f 540/518/656 578/575/738 587/546/697
f 564/528/671 585/562/1770 584/549/1768
f 559/523/664 590/552/727 572/534/680
f 540/518/656 566/579/742 578/575/738
f 582/554/1771 592/555/1772 588/550/745
f 563/526/669 593/561/719 583/548/699
f 565/544/694 589/551/704 579/545/695
f 570/532/1773 594/572/1774 589/551/704
f 570/532/1775 595/557/1775 594/572/1775
f 583/548/1776 593/561/1776 592/555/1776
f 577/540/716 596/558/1777 597/560/717
f 576/539/688 598/592/761 575/537/684
f 576/539/688 588/550/702 598/592/761
f 592/555/1772 593/561/734 588/550/745
f 586/556/718 597/560/717 600/564/723
f 584/549/722 599/563/721 593/561/1778
f 585/562/1779 602/565/1779 599/563/1779
f 579/545/1780 603/566/752 602/565/754
f 589/551/704 594/572/1774 603/566/726
f 595/557/1781 600/564/1781 594/572/1781
f 590/552/727 605/568/729 604/567/728
f 575/537/684 598/592/761 606/569/731
f 593/561/734 607/570/733 601/581/744
f 599/563/1782 608/583/1782 607/570/1782
f 597/560/717 610/573/1783 600/564/723
f 596/558/1784 611/605/781 610/573/1785
f 596/558/1786 612/574/737 611/605/781
f 572/534/680 604/567/728 612/574/737
f 61/559/715 591/553/706 60/589/1787
f 601/581/744 616/582/1788 588/550/745
f 594/572/1774 609/571/1789 603/566/726
f 566/579/742 620/585/777 578/575/738
f 602/565/1790 618/586/1790 608/583/1790
f 610/573/1785 611/605/781 619/587/1791
f 587/546/697 613/576/739 605/568/729
f 580/577/740 65/597/768 614/578/741
f 591/553/1792 621/590/1792 59/588/1792
f 567/542/692 606/569/731 615/580/743
f 607/570/1793 625/594/1793 616/582/1793
f 603/566/1794 626/611/791 618/586/1795
f 605/568/729 613/576/739 604/567/728
f 606/569/731 623/591/796 622/1301/1796
f 616/582/1797 625/594/1797 624/593/1797
f 608/583/1798 618/586/1798 617/584/1798
f 619/587/1791 611/605/781 628/623/805
f 588/550/702 633/601/1799 623/591/760
f 624/593/763 633/601/1799 588/550/702
f 603/566/1794 634/602/1800 626/611/791
f 614/578/741 630/598/769 620/585/750
f 615/580/1801 636/608/1801 631/599/1801
f 615/580/743 627/595/765 636/608/1802
f 606/569/731 622/1301/1796 632/600/774
f 618/586/1795 626/611/791 617/584/1803
f 619/587/1791 635/621/807 634/602/1804
f 619/587/1791 628/623/805 635/621/807
f 611/605/781 638/604/780 628/623/805
f 633/601/1799 642/614/1805 623/591/760
f 626/611/791 634/602/1800 644/612/792
f 612/574/737 645/617/800 638/604/780
f 627/595/1806 646/613/1806 641/609/1806
f 622/1301/1796 637/635/820 658/637/822
f 633/601/1807 648/616/1807 642/614/1807
f 617/584/748 644/612/792 643/610/789
f 604/567/728 649/618/801 645/617/800
f 622/1301/1796 658/637/822 632/600/774
f 623/591/796 651/652/841 622/1301/1796
f 623/591/796 652/620/803 651/652/841
f 643/610/797 644/612/792 648/616/798
f 634/602/1800 653/642/828 644/612/792
f 634/602/1808 654/622/830 653/642/828
f 628/623/805 656/625/808 655/624/806
f 632/600/774 658/637/822 657/628/1809
f 622/1301/1796 651/652/841 637/635/820
f 648/616/1810 659/631/816 642/614/1811
f 635/621/1812 660/629/1812 654/622/1812
f 638/604/780 645/617/800 656/625/808
f 630/598/769 640/607/784 650/619/802
f 658/637/1813 661/640/1813 657/628/1813
f 648/616/1810 662/632/1814 659/631/816
f 655/624/1815 663/638/823 660/629/834
f 639/606/783 664/633/818 649/618/801
f 620/585/777 665/634/819 629/596/767
f 658/637/822 666/636/821 661/640/1816
f 640/607/784 68/627/810 650/619/802
f 637/635/1817 669/649/1818 666/636/1819
f 644/612/792 667/643/829 662/632/817
f 654/622/1820 671/644/851 667/643/829
f 666/636/1821 673/654/1821 661/640/1821
f 637/635/1817 651/652/841 669/649/1818
f 659/631/816 662/632/1814 670/641/827
f 656/625/808 672/645/832 676/647/835
f 629/596/1822 687/653/1822 664/633/1822
f 666/636/1823 678/650/1823 673/654/1823
f 647/615/795 670/641/1824 652/620/803
f 660/629/1825 675/646/1825 671/644/1825
f 663/638/823 676/647/835 675/646/833
f 645/617/800 668/639/825 672/645/832
f 68/627/810 69/665/857 650/619/802
f 661/640/1826 699/655/844 677/648/837
f 651/652/841 679/656/846 669/649/1818
f 649/618/801 682/659/885 668/639/825
f 678/650/1827 683/660/853 673/654/843
f 669/649/1828 679/656/1829 683/660/853
f 652/620/803 680/657/867 674/651/840
f 670/641/1830 684/668/1830 680/657/1830
f 670/641/1831 662/632/1831 684/668/1831
f 667/643/829 685/661/852 681/658/848
f 675/646/833 686/663/855 671/644/1832
f 687/653/842 689/673/873 664/633/1833
f 650/619/802 70/666/858 690/664/856
f 679/656/1829 691/667/874 683/660/853
f 662/632/1834 681/658/1834 684/668/1834
f 671/644/851 693/670/1835 685/661/852
f 683/660/853 691/667/874 699/655/844
f 688/662/854 695/674/866 691/667/874
f 674/651/840 696/675/876 695/674/866
f 680/657/867 692/669/1836 696/675/868
f 685/661/852 697/676/1837 681/658/848
f 676/647/835 698/671/863 686/663/855
f 695/674/866 700/696/1838 691/667/874
f 681/658/871 701/677/870 684/668/1839
f 685/661/852 693/670/1835 697/676/1837
f 695/674/866 703/680/877 700/696/902
f 692/669/1836 704/681/881 696/675/868
f 684/668/1840 701/677/1840 704/681/1840
f 686/663/855 702/678/872 693/670/861
f 668/639/825 682/659/885 694/672/864
f 682/659/1841 706/682/1841 705/686/1841
f 682/659/885 709/687/1842 715/685/886
f 703/680/877 711/694/900 700/696/902
f 703/680/1843 712/689/1843 711/694/1843
f 696/675/1844 707/683/1844 712/689/1844
f 704/681/881 713/690/892 707/683/882
f 694/672/864 715/685/886 722/699/907
f 705/686/887 718/693/899 709/687/888
f 700/696/1838 719/695/921 691/667/874
f 712/689/1845 720/697/919 719/695/921
f 708/684/909 721/700/908 714/691/1846
f 702/678/872 717/698/906 708/684/883
f 698/671/863 722/699/907 717/698/906
f 710/688/890 724/702/911 706/682/879
f 709/687/1842 725/714/1847 715/685/886
f 709/687/1848 726/703/1848 725/714/1848
f 706/682/898 727/704/933 718/693/899
f 707/683/882 713/690/892 720/697/904
f 714/691/894 729/706/917 716/692/897
f 717/698/906 730/707/918 721/700/908
f 691/667/874 719/695/921 732/715/930
f 720/697/904 713/690/892 733/708/1849
f 718/693/899 727/704/933 731/710/923
f 723/701/910 72/719/936 724/702/911
f 57/679/875 691/667/874 1036/1067/1334
f 716/692/897 734/709/922 728/705/915
f 715/685/886 725/714/1847 735/711/925
f 691/667/874 732/715/930 1036/1067/1334
f 734/709/922 745/716/931 728/705/915
f 725/714/1847 738/727/946 735/711/925
f 724/702/911 740/720/937 739/718/935
f 730/707/924 742/721/938 741/717/932
f 725/714/1847 743/722/944 738/727/946
f 729/706/917 741/717/932 745/716/931
f 737/713/928 744/724/942 743/722/948
f 728/705/915 745/716/931 736/712/926
f 736/712/926 748/730/950 733/708/927
f 736/712/926 745/716/931 748/730/950
f 738/727/946 749/726/945 735/711/925
f 744/724/942 751/733/953 750/728/1850
f 733/708/920 753/731/951 732/715/930
f 739/718/941 747/725/943 752/729/949
f 743/722/944 750/728/956 749/726/945
f 746/723/940 755/734/954 751/733/953
f 745/716/931 754/751/974 748/730/950
f 745/716/931 756/732/952 754/751/974
f 741/717/932 80/743/965 756/732/952
f 747/725/943 758/741/963 752/729/949
f 735/711/925 79/735/955 742/721/938
f 750/728/1851 759/738/959 757/736/957
f 742/721/938 79/735/955 761/742/964
f 749/726/945 757/736/957 79/735/955
f 732/715/930 760/737/958 1057/1078/1344
f 748/730/950 754/751/974 753/731/951
f 751/733/953 75/739/961 759/738/959
f 758/741/963 74/764/987 752/729/949
f 529/482/603 56/488/614 535/538/685
f 518/470/590 532/492/619 538/502/659
f 52/493/627 537/505/646 53/498/628
f 524/468/587 64/1298/1381 540/518/656
f 66/603/778 67/626/809 640/607/784
f 740/720/937 73/740/962 747/725/943
f 759/738/959 76/746/968 77/745/967
f 757/736/957 77/745/967 78/744/966
f 699/655/844 57/679/875 1016/1083/1350
f 677/648/837 699/655/844 1016/1083/1350
f 59/588/772 631/599/771 986/749/1852
f 546/509/642 61/559/715 62/750/973
f 762/754/977 753/731/1853 765/752/1001
f 758/741/963 773/762/985 74/764/987
f 80/743/965 771/758/981 756/732/952
f 761/742/964 768/765/988 80/743/965
f 761/742/964 763/759/982 768/765/988
f 78/744/1854 766/753/1855 769/1302/1856
f 754/751/974 756/732/952 771/758/981
f 80/743/965 768/765/988 771/758/981
f 78/744/1854 769/1302/1856 774/757/1857
f 766/753/976 772/761/984 769/1302/1858
f 75/739/961 770/756/979 76/746/968
f 752/729/949 775/770/993 770/756/979
f 752/729/949 764/920/1168 775/770/993
f 74/764/987 777/763/986 764/920/1168
f 769/1302/1858 778/776/999 774/757/980
f 769/1302/1858 772/761/984 778/776/999
f 764/920/1168 777/763/986 775/770/993
f 76/746/968 770/756/979 776/760/983
f 773/762/985 85/782/1009 777/763/986
f 771/758/981 768/765/988 785/774/997
f 776/760/983 782/768/991 772/761/984
f 767/755/978 762/754/977 784/772/995
f 780/766/989 771/758/981 785/774/997
f 784/772/995 762/754/977 788/778/1002
f 774/757/980 778/776/999 781/767/990
f 779/771/994 767/755/978 790/773/996
f 788/778/1859 765/752/975 793/783/1010
f 778/776/999 786/775/998 792/780/1005
f 784/772/995 788/778/1859 793/783/1010
f 780/766/989 785/774/997 794/784/1860
f 782/768/991 796/798/1032 795/785/1013
f 783/769/992 797/789/1039 787/777/1007
f 794/784/1025 781/767/1006 792/780/1005
f 782/768/991 800/788/1016 796/798/1032
f 789/781/1008 801/804/1037 783/769/992
f 790/773/996 784/772/995 802/791/1026
f 784/772/995 793/783/1010 802/791/1026
f 793/783/1861 798/786/1861 804/792/1861
f 798/786/1022 794/784/1025 805/793/1023
f 783/769/992 801/804/1037 797/789/1039
f 84/812/1862 779/771/994 790/773/996
f 803/790/1030 804/792/1024 807/795/1028
f 85/782/1009 808/806/1040 789/781/1008
f 807/795/1028 805/793/1023 810/826/1066
f 795/785/1013 813/801/1034 799/787/1015
f 789/781/1008 808/806/1040 801/804/1037
f 809/796/1029 806/794/1027 811/800/1863
f 806/794/1027 802/791/1026 812/799/1056
f 802/791/1026 807/795/1028 812/799/1056
f 815/802/1035 809/796/1029 819/809/1864
f 809/796/1029 811/800/1863 820/808/1865
f 805/793/1023 799/787/1015 821/810/1046
f 797/789/1017 817/805/1866 816/797/1031
f 796/798/1032 823/815/1051 813/801/1034
f 816/797/1031 824/816/1867 822/811/1047
f 801/804/1037 818/807/1041 817/805/1038
f 814/803/1036 815/802/1035 825/818/1868
f 815/802/1035 819/809/1864 826/817/1869
f 820/808/1870 812/799/1870 833/819/1870
f 810/826/1066 805/793/1023 827/823/1063
f 83/813/1049 790/773/996 830/820/1058
f 817/805/1038 818/807/1041 829/833/1073
f 818/807/1041 808/806/1040 86/829/1069
f 830/820/1058 814/803/1036 831/822/1871
f 814/803/1036 825/818/1868 832/821/1872
f 825/818/1062 826/817/1055 833/819/1057
f 826/817/1055 820/808/1043 833/819/1057
f 807/795/1028 810/826/1066 836/827/1067
f 821/810/1046 828/814/1050 834/824/1064
f 817/805/1038 829/833/1073 824/816/1052
f 833/819/1057 807/795/1028 835/835/1076
f 827/823/1063 821/810/1046 837/825/1065
f 824/816/1867 839/832/1873 822/811/1047
f 83/813/1049 830/820/1058 840/837/1078
f 830/820/1058 831/822/1871 841/831/1080
f 836/827/1067 827/823/1063 856/836/1077
f 829/833/1073 818/807/1041 842/834/1075
f 856/836/1077 837/825/1065 845/846/1088
f 839/832/1074 829/833/1073 850/841/1083
f 834/824/1064 828/814/1050 849/839/1081
f 850/841/1083 842/834/1075 846/844/1086
f 842/834/1075 843/830/1070 846/844/1086
f 841/831/1071 833/819/1057 847/842/1084
f 837/825/1065 834/824/1064 848/845/1087
f 854/840/1082 839/832/1074 850/841/1083
f 840/837/1078 841/831/1080 852/854/1097
f 835/835/1076 836/827/1067 853/849/1091
f 852/854/1874 841/831/1874 855/848/1874
f 854/840/1082 850/841/1083 860/852/1094
f 855/848/1090 847/842/1084 861/858/1113
f 848/845/1087 857/850/1092 864/863/1108
f 849/839/1081 854/840/1082 870/869/1116
f 859/853/1095 87/843/1085 1228/922/1170
f 852/854/1875 855/848/1090 861/858/1113
f 861/858/1113 847/842/1084 862/867/1114
f 847/842/1084 835/835/1076 863/855/1098
f 857/850/1092 849/839/1081 870/869/1116
f 851/847/1089 852/854/1097 867/859/1110
f 854/840/1082 860/852/1094 870/869/1116
f 859/853/1095 1228/922/1170 866/860/1105
f 851/847/1089 82/875/1122 1052/930/1175
f 861/858/1102 868/865/1876 867/859/1103
f 856/836/1077 845/846/1088 884/862/1107
f 845/846/1088 848/845/1087 869/861/1106
f 868/865/1877 861/858/1113 871/868/1115
f 847/842/1084 863/855/1098 862/867/1114
f 870/869/1116 860/852/1094 872/856/1099
f 867/859/1110 874/866/1112 851/847/1089
f 853/849/1091 856/836/1077 877/880/1130
f 865/857/1100 866/860/1105 875/877/1127
f 851/847/1089 874/866/1112 82/875/1122
f 868/865/1878 876/872/1124 874/866/1112
f 862/867/1114 863/855/1098 886/879/1129
f 863/855/1098 853/849/1091 877/880/1130
f 877/880/1130 856/836/1077 884/862/1107
f 864/863/1108 857/850/1092 878/870/1117
f 864/863/1108 878/870/1117 869/861/1106
f 873/864/1109 865/857/1100 881/878/1137
f 886/879/1129 863/855/1098 883/881/1131
f 884/862/1107 869/861/1106 891/884/1134
f 880/873/1123 862/867/1114 886/879/1129
f 869/861/1106 878/870/1117 891/884/1134
f 875/877/1127 866/860/1105 889/885/1136
f 876/872/1124 892/893/1144 882/874/1121
f 876/872/1124 886/879/1129 892/893/1144
f 890/886/1879 891/884/1134 893/892/1143
f 879/871/1118 873/864/1109 902/888/1140
f 892/893/1144 886/879/1129 894/896/1148
f 886/879/1129 883/881/1131 894/896/1148
f 883/881/1131 887/882/1132 895/890/1880
f 887/882/1132 890/886/1138 896/889/1881
f 890/886/1882 893/892/1883 896/889/1150
f 891/884/1134 888/883/1133 897/891/1142
f 885/876/1126 879/871/1118 902/888/1140
f 881/878/1137 889/885/1136 908/898/1151
f 892/893/1144 899/900/1153 898/894/1145
f 883/881/1884 895/890/1885 900/895/1886
f 893/892/1883 897/891/1142 896/889/1150
f 882/874/1121 898/894/1145 911/887/1139
f 895/890/1885 896/889/1150 904/903/1156
f 897/891/1142 888/883/1133 905/901/1154
f 900/895/1886 895/890/1885 906/1303/1887
f 895/890/1885 904/903/1156 906/1303/1887
f 888/883/1133 885/876/1126 907/908/1161
f 885/876/1126 902/888/1140 907/908/1161
f 908/898/1151 88/902/1164 913/910/1163
f 894/896/1148 900/895/1147 912/1304/1888
f 905/901/1154 888/883/1133 907/908/1161
f 903/899/1152 894/896/1148 912/1304/1888
f 912/1304/1888 900/895/1886 906/1303/1887
f 898/894/1145 899/900/1153 911/887/1139
f 909/1305/5 906/1303/1887 914/1306/1889
f 906/1303/1887 904/903/1156 914/1306/1889
f 905/901/1154 907/908/1161 915/909/1162
f 907/908/1161 902/888/1140 917/905/1158
f 899/900/1153 903/899/1152 916/907/1160
f 905/901/1154 915/909/1162 910/904/1157
f 903/899/1152 912/1304/1888 916/907/1160
f 904/903/1156 910/904/1157 919/912/14
f 916/907/1160 912/1304/1888 920/918/264
f 912/1304/1888 906/1303/1887 920/918/264
f 906/1303/1887 909/1305/5 920/918/1638
f 917/905/1158 908/898/1151 921/914/1166
f 914/1306/1889 904/903/1156 16/915/6
f 921/914/1173 913/910/1163 922/911/266
f 81/906/1159 916/907/1160 13/916/1
f 915/909/1162 921/914/1173 17/928/9
f 81/906/1159 12/917/1167 11/1307/273
f 13/916/1 916/907/1160 14/919/4
f 909/1305/5 914/1306/1889 16/1308/6
f 910/904/1157 915/909/1162 919/912/14
f 915/909/1162 17/928/9 919/912/14
f 753/731/951 762/754/1890 760/737/958
f 85/782/1009 1223/1309/1557 808/806/1040
f 843/830/1070 1226/921/1169 87/843/1085
f 866/860/1105 1229/923/1171 1230/924/1172
f 921/914/1173 922/911/266 19/926/17
f 911/887/1139 81/906/1159 1056/1310/1891
f 1054/1311/1338 83/813/1049 844/838/1079
f 1057/1312/1344 760/737/958 779/771/994
f 924/942/1180 450/1080/534 928/943/1746
f 923/1313/1892 38/931/336 929/933/1176
f 931/953/1194 499/1082/552 31/1314/597
f 928/943/1181 925/939/1893 933/941/1184
f 926/940/1346 499/1082/552 931/953/1194
f 923/1313/1892 929/933/1176 932/957/1198
f 933/941/1185 926/940/1894 934/946/1186
f 931/953/1194 31/1314/597 935/954/1195
f 927/949/290 936/948/1189 1/1315/289
f 924/942/1180 928/943/1746 939/945/1895
f 926/940/1894 931/953/1194 934/946/1186
f 39/1316/1747 938/947/1188 927/949/290
f 923/1313/1892 938/947/1188 39/1316/1747
f 35/935/1177 34/938/630 946/959/1201
f 924/942/1180 939/945/1895 940/951/1191
f 935/954/1195 31/1317/597 945/962/1204
f 31/1317/597 63/490/617 945/962/1204
f 1/1315/289 941/970/1213 247/1087/201
f 1/1315/289 936/948/1189 941/970/1213
f 923/1313/1892 942/966/1208 938/947/1188
f 923/1313/1892 932/957/1198 942/966/1208
f 929/933/1176 35/935/1177 946/959/1201
f 939/945/1183 937/944/1182 944/952/1896
f 934/946/1186 931/953/1194 947/955/1196
f 944/952/1199 934/946/1186 947/955/1196
f 932/957/1198 948/956/1197 942/966/1208
f 929/933/1176 949/960/1202 948/956/1197
f 34/938/630 930/937/1178 952/961/1203
f 940/951/1897 944/952/1199 950/958/1200
f 943/950/1898 940/951/1898 950/958/1898
f 947/955/1196 935/954/1195 955/963/1205
f 955/963/1205 945/962/1204 956/974/1219
f 936/948/1189 953/964/1206 941/970/1213
f 938/947/1188 957/971/1214 953/964/1206
f 946/959/1201 34/938/630 958/968/1227
f 952/961/1223 943/950/1899 961/978/1224
f 947/955/1196 955/963/1205 950/958/1215
f 941/970/1213 959/969/1212 2/1086/202
f 946/959/1201 958/968/1227 960/982/1229
f 961/978/1900 943/950/1900 962/972/1900
f 950/958/1215 963/973/1218 962/972/1216
f 956/974/1219 964/976/1221 966/975/1220
f 958/968/1210 954/967/1209 967/981/1901
f 955/963/1205 966/975/1220 963/973/1218
f 946/959/1201 960/982/1229 965/977/1902
f 967/981/1903 954/967/1904 968/979/1225
f 954/967/1904 952/961/1223 968/979/1225
f 961/978/1905 962/972/1216 963/973/1218
f 949/960/1202 965/977/1222 969/980/1226
f 964/976/1221 971/994/1248 966/975/1220
f 2/1086/202 959/969/1906 3/1005/268
f 959/969/1906 953/964/1206 972/998/1262
f 969/980/1226 965/977/1222 973/990/1243
f 965/977/1234 960/982/1229 975/984/1235
f 960/982/1229 967/981/1228 976/986/1237
f 963/973/1218 970/987/1239 979/983/1907
f 972/998/1262 953/964/1206 977/989/1263
f 953/964/1206 957/971/1214 977/989/1263
f 951/965/1908 980/1001/1265 978/988/1909
f 951/965/1910 981/991/1251 980/1001/1257
f 976/986/1911 968/979/1911 982/992/1911
f 3/1005/268 959/969/1906 972/998/1262
f 982/992/1912 979/983/1913 984/1011/1914
f 59/588/772 986/749/1852 971/994/1349
f 969/980/1226 973/990/1243 981/991/1251
f 973/990/1243 974/985/1236 987/996/1250
f 974/985/1236 975/984/1235 988/1002/1258
f 979/983/1913 970/987/1915 984/1011/1914
f 966/975/1220 985/995/1249 983/993/1246
f 971/994/1248 989/997/1253 985/995/1249
f 3/1005/268 972/998/1262 990/1000/1260
f 977/989/1241 978/988/1240 993/1009/1267
f 978/988/1909 980/1001/1265 993/1009/1267
f 980/1001/1265 987/996/1916 994/1008/1266
f 975/984/1235 982/992/1917 995/1013/1274
f 977/989/1241 993/1009/1267 996/1010/1269
f 983/993/1246 985/995/1249 999/1023/1285
f 986/749/972 998/1018/1279 989/997/1253
f 988/1002/1258 975/984/1235 995/1013/1274
f 983/993/1246 999/1023/1285 997/1003/1259
f 991/999/1918 996/1010/1269 1001/1012/1272
f 985/995/1249 989/997/1253 1000/1021/1283
f 5/1006/133 992/1007/1919 7/1014/269
f 988/1002/1258 995/1013/1274 1003/1019/1280
f 641/609/786 58/630/815 998/1018/1279
f 990/1000/1256 991/999/1255 1004/1015/1920
f 991/999/1921 1001/1012/1272 1004/1015/1282
f 994/1008/1266 987/996/1916 1002/1024/1286
f 997/1003/1273 1005/1032/1295 995/1013/1274
f 985/995/1249 1000/1021/1283 999/1023/1285
f 6/1318/124 5/1006/133 7/1014/269
f 7/1014/269 990/1000/1922 1008/1016/1923
f 997/1003/1259 999/1023/1285 1005/1032/1924
f 989/997/1253 1006/1028/1291 1000/1021/1283
f 989/997/1253 1007/1017/1289 1006/1028/1291
f 1001/1012/1272 994/1008/1266 1009/1020/1281
f 994/1008/1266 1002/1024/1286 1009/1020/1281
f 995/1013/1274 1005/1032/1295 1003/1019/1280
f 1000/1021/1283 1006/1028/1291 1010/1037/1302
f 1008/1016/1296 1004/1015/1282 1013/1030/1293
f 1009/1020/1299 1002/1024/1925 1011/1026/1288
f 1002/1024/1286 987/996/1916 1012/1025/1287
f 999/1023/1285 1014/1022/1284 1005/1032/1926
f 1000/1021/1283 1010/1037/1302 1014/1022/1284
f 1005/1032/1295 1018/1031/1294 1003/1019/1280
f 1007/1017/1278 1016/1083/1350 1015/1027/1927
f 1011/1026/1288 1012/1025/1287 1021/1045/1312
f 1003/1019/1280 1019/1043/1310 1012/1025/1287
f 7/1014/269 1008/1016/1923 1022/1034/1298
f 1008/1016/1296 1013/1030/1293 1020/1033/1297
f 1013/1030/1293 1017/1029/1292 1023/1035/1300
f 1017/1029/1292 1009/1020/1928 1023/1035/1300
f 1012/1025/1287 1019/1043/1310 1021/1045/1312
f 1010/1037/1302 1024/1048/1315 1014/1022/1284
f 1010/1037/1302 1025/1036/1301 1024/1048/1315
f 1013/1030/1293 1023/1035/1300 1020/1033/1297
f 1006/1028/1291 1015/1027/1290 1025/1036/1301
f 1015/1027/1305 1016/1083/1350 1027/1049/1317
f 1011/1026/1288 1021/1045/1312 1031/1042/1309
f 1003/1019/1280 1034/1039/1304 1019/1043/1310
f 1014/1022/1284 1024/1048/1315 1026/1055/1323
f 1014/1022/1284 1026/1055/1323 1018/1031/1294
f 1015/1027/1305 1027/1049/1317 1028/1040/1306
f 1021/1045/1312 1032/1044/1311 1031/1042/1309
f 1016/1083/1350 1035/1058/1326 1027/1049/1317
f 1019/1043/1310 1033/1053/1321 1032/1044/1311
f 1019/1043/1310 1034/1039/1304 1033/1053/1321
f 1016/1083/1350 1036/1067/1334 1035/1058/1326
f 1028/1040/1929 1039/1050/1929 1038/1047/1929
f 10/1060/1327 1029/1038/1303 1047/1062/1329
f 1032/1044/1311 1042/1054/1322 1041/1052/1320
f 1038/1047/1930 1046/1063/1930 1044/1057/1930
f 1035/1058/1326 1049/1068/1335 1046/1063/1931
f 1046/1063/1341 1050/1071/1340 1044/1057/1932
f 1037/1046/1313 1040/1051/1319 1051/1064/1332
f 1022/1034/1298 1037/1046/1313 1053/1069/1336
f 1034/1039/1304 1052/1066/1175 1042/1054/1322
f 1036/1067/1334 732/715/930 1049/1068/1335
f 1047/1062/1329 1045/1061/1328 1056/1319/1891
f 1044/1057/1325 1055/1072/1342 1048/1065/1333
f 1042/1054/1322 1052/1066/1175 82/1073/1122
f 1056/1319/1891 1045/1061/1328 911/1074/1139
f 1049/1068/1335 732/715/930 1057/1078/1344
f 1043/1056/1324 1054/1070/1338 844/1075/1079
f 1050/1071/1340 1057/1078/1344 779/1077/994
f 38/931/336 923/1313/1892 39/1316/1747
f 36/1320/415 34/938/630 35/935/1177
f 36/1321/415 404/1322/438 34/938/630
f 33/936/469 439/1079/501 924/942/1180
f 928/943/1181 32/1081/1933 925/939/1893
f 63/490/617 62/750/973 956/974/1219
f 61/559/715 60/589/1787 964/976/1934
f 58/630/838 677/648/837 1007/1017/1278
f 1055/1072/1935 779/1077/994 84/1076/1862
f 11/1085/273 1056/1319/1891 81/1323/1159
f 11/1085/273 1047/1062/1329 1056/1319/1891
f 8/1324/68 1029/1038/1303 9/1059/51
f 8/1324/68 7/1014/269 1029/1038/1303
f 435/1281/482 1059/1109/1367 1058/1106/1363
f 41/1095/1355 360/1325/364 1060/1096/1356
f 47/1089/1351 1061/1104/1361 64/1124/1381
f 1058/1106/1363 1065/1105/1362 45/1088/626
f 43/1092/1352 42/1097/1357 1063/1094/1354
f 45/1088/626 1065/1105/1362 47/1089/1936
f 1059/1109/1367 44/1091/481 1062/1093/1353
f 40/1098/363 301/1101/321 1064/1099/1358
f 42/1097/1357 1060/1096/1356 1068/1108/1365
f 1058/1106/1363 1059/1109/1367 1069/1111/1369
f 1064/1099/1358 285/1102/261 1070/1121/1378
f 1059/1109/1367 1062/1093/1353 1071/1110/1368
f 1062/1093/1353 1063/1094/1354 1072/1112/1370
f 1063/1094/1354 1068/1108/1365 1072/1112/1370
f 1067/1107/1937 1074/1115/1938 1066/1103/1360
f 1067/1107/1364 1058/1106/1363 1075/1114/1372
f 1075/1114/1372 1058/1106/1363 1077/1117/1375
f 1069/1111/1369 1071/1110/1368 1077/1117/1375
f 1075/1114/1939 1079/1125/1383 1074/1115/1382
f 1077/1117/1375 1078/1118/1940 1084/1127/1386
f 1074/1115/1938 1086/1126/1384 1066/1103/1360
f 1078/1118/1376 1072/1112/1370 1088/1130/1391
f 1068/1108/1365 1076/1100/1359 1090/1134/1395
f 1076/1100/1359 1064/1099/1358 1099/1135/1396
f 1064/1099/1358 1070/1121/1378 1099/1135/1396
f 1061/1104/1361 1081/1116/1374 580/577/740
f 1066/1103/1360 1086/1126/1384 1081/1116/1374
f 1072/1112/1370 1083/1123/1380 1088/1130/1391
f 1080/1119/1377 1068/1108/1365 1090/1134/1395
f 1070/1121/1378 267/1120/206 1091/1132/1393
f 1073/1113/1371 1089/1131/1392 1083/1123/1380
f 1099/1135/1396 1070/1121/1378 1093/1136/1941
f 1081/1116/1374 1086/1126/1384 1092/747/970
f 1079/1125/1383 1087/1129/1390 1086/1126/1384
f 1082/1122/1379 1095/1140/1400 1087/1129/1942
f 1082/1122/1379 1084/1127/1386 1095/1140/1400
f 1085/1133/1394 1091/1132/1393 1097/1139/1943
f 1091/1132/1944 22/1137/1944 227/1138/1944
f 1093/1136/1397 1085/1133/1394 1100/1144/1945
f 1085/1133/1946 1097/1139/1399 1101/1143/1424
f 1089/1131/1392 1102/1142/1402 1088/1130/1391
f 1102/1142/1402 1090/1134/1395 1103/1150/1418
f 1099/1135/1396 1093/1136/1941 1107/1147/1947
f 1093/1136/1948 1100/1144/1948 1106/1149/1948
f 1094/1141/1401 1108/1162/1430 1086/1126/1384
f 1097/1139/1399 227/1138/180 1117/1157/267
f 1086/1126/1384 1108/1162/1430 1092/747/970
f 1098/1145/1404 1109/1174/1443 1094/1141/1401
f 1098/1145/1949 1110/1152/1950 1109/1174/1451
f 1098/1145/1404 1095/1140/1400 1112/1153/1417
f 1095/1140/1400 1096/1128/1388 1112/1153/1417
f 1107/1147/1407 1104/1146/1406 1113/1156/1951
f 1104/1146/1952 1105/1148/1952 1114/1155/1952
f 1106/1149/1410 1101/1143/1413 1117/1157/1953
f 1096/1128/1388 1088/1130/1391 1112/1153/1417
f 1102/1142/1402 1103/1150/1418 1119/1159/1426
f 1099/1135/1954 1107/1147/1954 1116/1167/1954
f 1114/1155/1422 1106/1149/1410 1117/1157/1953
f 1110/1152/1950 1118/1158/1449 1109/1174/1451
f 1116/1167/1955 1107/1147/1955 1120/1161/1955
f 1107/1147/1956 1113/1156/1956 1121/1160/1956
f 1092/747/970 1122/1163/1431 66/603/778
f 1094/1141/1401 1109/1174/1443 1122/1163/1431
f 1099/1135/1957 1116/1167/1957 1123/1164/1957
f 1121/1160/1428 1114/1155/1422 1117/1157/1953
f 1111/1151/1958 1124/1180/1452 1118/1158/1449
f 1115/1154/1959 1099/1135/1432 1126/1165/1434
f 1123/1164/1960 1116/1167/1961 1127/1169/1962
f 1116/1167/1963 1120/1161/1963 1128/1168/1963
f 1111/1151/1415 1129/1170/1439 1124/1180/1964
f 1128/1168/1437 1121/1160/1428 1145/1173/1468
f 1121/1160/1428 1117/1157/1953 1145/1173/1468
f 1125/1166/1435 1119/1159/1426 1131/1181/1453
f 1126/1165/1434 1123/1164/1433 1133/1177/1965
f 1123/1164/1960 1127/1169/1962 1134/1176/1966
f 1122/1163/1431 1135/1175/1444 67/626/809
f 1109/1174/1443 1136/1179/1463 1135/1175/1444
f 1124/1180/1452 1129/1170/1967 1136/1179/1450
f 1132/1171/1440 1115/1154/1420 1137/1198/1481
f 1115/1154/1959 1126/1165/1434 1142/1326/1968
f 1131/1181/1458 1140/1185/1460 1139/1183/1969
f 1131/1181/1458 1132/1171/1440 1141/1184/1459
f 1132/1171/1440 1137/1198/1481 1141/1184/1459
f 1137/1198/1481 1115/1154/1959 1142/1326/1968
f 1142/1326/1968 1126/1165/1970 1143/1187/1476
f 1126/1165/1434 1133/1177/1965 1144/1186/1971
f 1134/1176/1448 1128/1168/1437 1145/1173/1468
f 1136/1179/1456 1147/1196/1478 1146/1188/1480
f 1129/1170/1454 1148/1189/1972 1138/1182/1455
f 1139/1183/1465 1140/1185/1486 1149/1191/1471
f 67/626/809 1135/1175/1444 68/627/810
f 1137/1198/1481 1142/1326/1968 1150/1199/1482
f 1142/1326/1968 1143/1187/1476 1155/1195/1477
f 1143/1187/1476 1144/1186/1472 1151/1193/1474
f 1144/1186/1472 1145/1173/1442 1152/1192/1473
f 1136/1179/1456 1138/1182/1455 1147/1196/1478
f 1140/1185/1460 1141/1184/1459 1154/1206/1491
f 1141/1184/1459 1137/1198/1481 1154/1206/1491
f 1150/1199/1482 1142/1326/1968 1155/1195/1477
f 1148/1189/1972 1156/1194/1475 1138/1182/1455
f 1145/1173/1442 1130/1172/1441 1152/1192/1473
f 1140/1185/1486 1158/1204/1488 1149/1191/1471
f 1154/1206/1491 1137/1198/1481 1159/1200/1483
f 1155/1195/1477 1151/1193/1474 1160/1201/1484
f 1138/1182/1455 1156/1194/1475 1162/1202/1493
f 1140/1185/1460 1154/1206/1491 1161/1203/1487
f 1149/1191/1471 1158/1204/1488 1153/1190/1470
f 1146/1188/1464 1157/1197/1973 1166/1209/1495
f 1162/1202/1493 1163/1207/1492 1167/1210/1509
f 1158/1204/1488 1168/1220/1505 1153/1190/1470
f 1165/1205/1489 1160/1201/1484 1169/1214/1500
f 1160/1201/1484 1152/1192/1974 1170/1213/1499
f 1156/1194/1475 1164/1208/1494 1163/1207/1492
f 1159/1200/1483 1155/1195/1477 1176/1212/1498
f 1170/1213/1975 1152/1192/1473 1172/1216/1501
f 1152/1192/1473 1130/1172/1441 1172/1216/1501
f 69/665/857 1166/1209/1495 70/666/858
f 1157/1197/1973 1167/1210/1509 1166/1209/1495
f 1153/1190/1470 1168/1220/1505 1164/1208/1494
f 1158/1204/1488 1161/1203/1487 1178/1221/1506
f 1176/1212/1498 1165/1205/1489 1179/1217/1502
f 1169/1214/1500 1170/1213/1499 1180/1222/1515
f 1166/1209/1495 1174/1228/1514 70/666/858
f 1166/1209/1495 1181/1224/1510 1174/1228/1514
f 1168/1220/1505 1182/1225/1511 1164/1208/1494
f 70/666/858 1174/1228/1514 71/748/1976
f 1169/1214/1500 1180/1222/1515 1185/1226/1512
f 1172/1216/1501 1173/1215/88 1180/1222/1563
f 1174/1228/1514 1186/1227/1513 71/748/1977
f 1164/1208/1494 1183/1231/1518 1177/1218/1503
f 1176/1212/1498 1179/1217/1502 1187/1234/1521
f 1163/1207/1492 1188/1240/1527 1181/1224/1510
f 1163/1207/1492 1177/1218/1503 1188/1240/1527
f 1184/1223/1508 1185/1226/1512 1192/1237/1524
f 71/748/971 1189/1230/1530 723/701/910
f 1178/1221/1506 1171/1211/1497 1190/1233/1520
f 1187/1234/1521 1179/1217/1502 1184/1223/1508
f 1181/1224/1510 1188/1240/1527 1189/1230/1516
f 1171/1211/1497 1176/1212/1498 1191/1232/1519
f 1175/1219/1504 1193/1241/1528 1182/1225/1511
f 1178/1221/1506 1194/1235/1522 1175/1219/1504
f 1191/1232/1540 1187/1234/1521 1203/1236/1523
f 1182/1225/1511 1198/1249/1535 1183/1231/1518
f 1204/1238/1546 1192/1237/1978 1196/1242/1529
f 1192/1237/1524 1185/1226/1512 1196/1242/1979
f 1183/1231/1518 1198/1249/1535 1197/1243/1531
f 1182/1225/1511 1199/1244/1532 1198/1249/1535
f 1189/1230/1530 1200/1245/1533 72/719/936
f 1177/1218/1503 1197/1243/1531 1195/1239/1526
f 1193/1241/1528 1201/1247/1534 1199/1244/1532
f 1203/1236/1523 1184/1223/1508 1204/1238/1525
f 72/719/936 1200/1245/1533 1205/1252/1538
f 1198/1249/1535 1199/1244/1532 1206/1250/1536
f 1194/1235/1522 1202/1257/1544 1201/1247/1534
f 1194/1235/1522 1191/1232/1519 1202/1257/1544
f 1195/1239/1526 1207/1261/1551 1200/1245/1533
f 1197/1243/1531 1206/1250/1536 1208/1253/1539
f 1202/1257/1544 1191/1232/1540 1209/1254/1541
f 1204/1238/1546 1196/1242/1529 1214/1256/1543
f 1195/1239/1526 1208/1253/1539 1207/1261/1551
f 1209/1254/1541 1203/1236/1523 1212/1255/1542
f 1210/1251/1537 1204/1238/1980 1213/1259/1981
f 1200/1245/1533 1207/1261/1551 1205/1252/1538
f 1201/1247/1534 1211/1258/1545 1216/1260/1548
f 1202/1257/1544 1209/1254/1541 1211/1258/1545
f 1206/1250/1536 1216/1260/1548 1218/1263/1552
f 1213/1259/1981 1219/1264/1554 1210/1251/1537
f 1211/1258/1545 1220/1271/1560 1216/1260/1548
f 1211/1258/1545 1221/1265/1555 1220/1271/1560
f 1212/1255/1542 1222/1266/1556 1221/1265/1555
f 1208/1253/1539 1218/1263/1552 1223/1267/1557
f 1210/1251/1537 1224/1268/1558 1222/1266/1556
f 1207/1261/1549 1225/1269/1982 73/740/962
f 1216/1260/1548 1227/1272/1561 1226/1270/1169
f 1220/1271/1560 1228/1273/1170 1227/1272/1561
f 1221/1265/1555 1229/1327/1171 1228/1273/1170
f 1221/1265/1555 1230/1274/1172 1229/1327/1171
f 73/740/962 1225/1269/1562 773/1328/985
f 1217/1262/1550 1223/1267/1557 1225/1269/1559
f 1224/1268/1558 88/1275/1155 1222/1266/1556
f 773/1328/985 1225/1269/1562 85/1276/1009
f 1218/1263/1552 86/1278/1069 808/1277/1040
f 1130/1172/1441 21/1178/153 1173/1215/88
f 1180/1222/1983 20/1283/78 137/1284/66
f 1222/1266/1556 889/1285/1136 1230/1274/1172
f 1227/1272/1561 87/1279/1085 1226/1270/1169
f 73/740/962 773/1328/985 758/1329/963
f 70/666/858 71/748/1976 710/688/890
