# Blender 4.5.3 LTS
# www.blender.org
o duct_front_right
v 0.113260 0.113684 0.008867
v 0.115242 0.115652 0.007779
v 0.113931 0.114534 0.007805
v 0.138826 0.087051 0.008799
v 0.109620 0.110416 0.009532
v 0.130981 0.079988 0.012224
v 0.119425 0.119243 0.009499
v 0.111055 0.132778 0.010120
v 0.123584 0.122993 0.012427
v 0.147899 0.095219 0.012107
v 0.112871 0.122104 0.008388
v 0.115071 0.117545 0.007898
v 0.125283 0.103789 -0.010757
v 0.123758 0.108566 -0.010522
v 0.123580 0.110464 -0.013090
v 0.122179 0.109105 -0.013001
v 0.129475 0.103494 -0.010718
v 0.129767 0.103757 -0.015283
v 0.124334 0.098866 -0.015358
v 0.124556 0.099059 -0.010742
v 0.120264 0.105101 -0.010373
v 0.118112 0.096617 -0.009806
v 0.134278 0.079095 -0.009921
v 0.124188 0.098734 -0.015423
v 0.129908 0.103884 -0.015480
v 0.142444 0.086487 -0.011131
v 0.129130 0.104038 -0.010557
v 0.119447 0.104309 -0.012127
v 0.112596 0.101809 -0.012553
v 0.115901 0.107756 -0.015545
v 0.120548 0.105844 -0.015623
v 0.121770 0.113052 -0.015628
v 0.109289 0.102500 -0.014870
v 0.108230 0.102941 -0.017357
v 0.121332 0.108812 -0.015682
v 0.121282 0.108669 -0.019228
v 0.120380 0.106156 -0.019133
v 0.123341 0.107907 -0.019263
v 0.123718 0.106442 -0.015648
v 0.123097 0.105722 -0.019268
v 0.123342 0.104182 -0.020889
v 0.125080 0.107765 -0.020891
v 0.121272 0.110707 -0.021086
v 0.127894 0.110046 -0.020672
v 0.127975 0.106143 -0.020746
v 0.128116 0.113706 -0.020832
v 0.126692 0.102976 -0.020747
v 0.129443 0.103719 -0.020795
v 0.127067 0.103366 -0.018048
v 0.129799 0.101032 -0.020906
v 0.127259 0.097898 -0.020906
v 0.125404 0.101897 -0.020752
v 0.127365 0.099510 -0.014842
v 0.131294 0.100228 -0.014846
v 0.135050 0.097442 -0.020834
v 0.132241 0.098147 -0.020905
v 0.124203 0.098207 -0.020792
v 0.125196 0.094818 -0.018015
v 0.124008 0.098416 -0.017992
v 0.126459 0.093898 -0.020802
v 0.125002 0.101383 -0.018041
v 0.121663 0.100662 -0.017993
v 0.122166 0.100901 -0.020751
v 0.119168 0.105279 -0.020883
v 0.118443 0.101487 -0.020759
v 0.118742 0.101170 -0.018003
v 0.118640 0.095430 -0.017997
v 0.117991 0.097711 -0.020773
v 0.119383 0.093538 -0.020772
v 0.124476 0.088428 -0.017999
v 0.126954 0.089677 -0.020791
v 0.127277 0.090184 -0.018035
v 0.124458 0.088051 -0.020774
v 0.128871 0.092579 -0.018016
v 0.132568 0.093206 -0.018034
v 0.130185 0.092935 -0.020764
v 0.132277 0.089639 -0.017981
v 0.132373 0.089284 -0.020762
v 0.134117 0.091217 -0.018005
v 0.134525 0.091403 -0.020756
v 0.131161 0.096340 -0.020906
v 0.136064 0.089526 -0.020847
v 0.131123 0.086410 -0.020906
v 0.132669 0.093522 -0.020745
v 0.129136 0.095918 -0.020906
v 0.129381 0.095807 -0.014846
v 0.132077 0.097540 -0.014846
v 0.131563 0.085298 -0.014844
v 0.133810 0.087655 -0.020759
v 0.134452 0.084438 -0.020765
v 0.130151 0.082386 -0.020906
v 0.128469 0.087154 -0.014845
v 0.127262 0.086503 -0.020906
v 0.126852 0.083511 -0.020933
v 0.126605 0.084822 -0.014845
v 0.129017 0.082211 -0.014844
v 0.116588 0.090967 -0.020658
v 0.127648 0.078925 -0.020682
v 0.131478 0.076577 -0.016239
v 0.116391 0.090443 -0.016404
v 0.133387 0.080765 -0.020776
v 0.126879 0.079003 -0.015697
v 0.135523 0.076215 -0.020733
v 0.136325 0.075734 -0.016975
v 0.141807 0.076658 -0.017675
v 0.137747 0.080397 -0.020751
v 0.141922 0.077528 -0.020720
v 0.145358 0.079117 -0.018485
v 0.146310 0.080080 -0.020279
v 0.149626 0.084915 -0.020784
v 0.144639 0.082415 -0.020902
v 0.141435 0.081835 -0.020905
v 0.140115 0.084217 -0.020904
v 0.141222 0.081851 -0.014844
v 0.140826 0.085928 -0.014845
v 0.144828 0.082895 -0.014846
v 0.144165 0.086131 -0.020904
v 0.144332 0.085741 -0.014844
v 0.141190 0.086011 -0.020906
v 0.139734 0.088805 -0.020749
v 0.142998 0.089495 -0.020782
v 0.139780 0.089155 -0.018016
v 0.143007 0.089795 -0.018020
v 0.146725 0.088547 -0.020713
v 0.146314 0.088789 -0.017993
v 0.143198 0.091884 -0.017988
v 0.146690 0.092481 -0.017983
v 0.146781 0.092884 -0.020769
v 0.143145 0.092194 -0.020774
v 0.145142 0.095602 -0.020911
v 0.140022 0.093172 -0.020757
v 0.140086 0.092832 -0.017987
v 0.141313 0.096036 -0.020914
v 0.136268 0.092832 -0.020775
v 0.141530 0.099442 -0.020907
v 0.137866 0.098897 -0.020764
v 0.141112 0.098772 -0.014845
v 0.138577 0.094774 -0.020789
v 0.137824 0.091074 -0.020760
v 0.141967 0.095442 -0.014846
v 0.145061 0.095912 -0.014845
v 0.144921 0.099667 -0.014843
v 0.144900 0.099537 -0.020907
v 0.149250 0.098432 -0.020676
v 0.147653 0.099951 -0.020864
v 0.134674 0.112891 -0.020702
v 0.140519 0.102511 -0.020794
v 0.139022 0.110129 -0.020582
v 0.137735 0.111686 -0.017305
v 0.130857 0.114401 -0.019089
v 0.149176 0.099193 -0.015747
v 0.142749 0.107190 -0.015364
v 0.134882 0.113944 -0.017586
v 0.147933 0.112133 -0.012121
v 0.130041 0.121334 -0.017670
v 0.140470 0.120947 -0.014000
v 0.126215 0.114434 -0.019693
v 0.118766 0.111749 -0.019980
v 0.123920 0.116168 -0.019432
v 0.125490 0.118543 -0.017743
v 0.138357 0.130124 -0.010341
v 0.129546 0.120485 -0.013729
v 0.138238 0.128163 -0.007592
v 0.132090 0.118263 -0.010667
v 0.123263 0.111216 -0.013592
v 0.139986 0.125154 -0.004608
v 0.132386 0.109078 -0.009932
v 0.139438 0.118761 -0.005888
v 0.147819 0.123746 0.003067
v 0.145713 0.117125 -0.002295
v 0.140428 0.111904 -0.006961
v 0.157797 0.100400 -0.004246
v 0.151709 0.094925 -0.008564
v 0.148435 0.083698 -0.012605
v 0.155687 0.089979 -0.010460
v 0.161133 0.094975 -0.006914
v 0.164041 0.100339 -0.001642
v 0.166590 0.095341 -0.007613
v 0.167126 0.099146 -0.002080
v 0.169943 0.099254 -0.001766
v 0.155576 0.087897 0.013121
v 0.158205 0.086615 0.015375
v 0.159908 0.079678 0.016341
v 0.158043 0.089813 0.016266
v 0.163087 0.083526 0.022115
v 0.159325 0.095200 0.023393
v 0.166319 0.102804 0.001871
v 0.156147 0.094177 0.016386
v 0.168658 0.100732 0.000382
v 0.172614 0.105366 0.009062
v 0.175758 0.103617 0.006021
v 0.171734 0.099955 -0.003965
v 0.177852 0.107288 0.019896
v 0.178374 0.105645 0.009495
v 0.180399 0.107724 0.031415
v 0.179905 0.107906 0.013695
v 0.176003 0.104433 0.003103
v 0.181503 0.108572 0.025821
v 0.179407 0.106510 0.041272
v 0.181166 0.109873 0.023444
v 0.181559 0.109254 0.033293
v 0.177955 0.106097 0.049675
v 0.165227 0.127969 0.034452
v 0.165345 0.128070 0.022809
v 0.180393 0.109058 0.039983
v 0.164377 0.126883 0.041194
v 0.155223 0.142833 0.034634
v 0.161644 0.124407 0.050446
v 0.156285 0.135989 0.046995
v 0.154036 0.143117 0.036945
v 0.151763 0.140854 0.047936
v 0.151729 0.131942 0.057649
v 0.155737 0.118758 0.061682
v 0.145299 0.126409 0.066480
v 0.141768 0.131951 0.066041
v 0.148187 0.137938 0.056034
v 0.152517 0.142873 0.038425
v 0.147186 0.138047 0.055043
v 0.150944 0.138939 0.038274
v 0.148949 0.137942 0.047139
v 0.137793 0.129592 0.067944
v 0.144084 0.133529 0.057508
v 0.148603 0.133010 0.048118
v 0.143761 0.128525 0.057153
v 0.137272 0.127403 0.065688
v 0.140263 0.123494 0.061412
v 0.124214 0.117377 0.075463
v 0.131285 0.121599 0.069730
v 0.135387 0.118807 0.065495
v 0.128170 0.114816 0.069413
v 0.121820 0.113032 0.072622
v 0.115957 0.107753 0.072776
v 0.108465 0.103183 0.074772
v 0.126429 0.107413 0.068768
v 0.129910 0.103886 0.072663
v 0.123562 0.107973 0.072786
v 0.120028 0.107370 0.072842
v 0.124188 0.098734 0.072592
v 0.122028 0.105310 0.072802
v 0.120456 0.106066 0.075622
v 0.121463 0.108797 0.075601
v 0.119482 0.109160 0.077323
v 0.123547 0.107430 0.075702
v 0.123385 0.109855 0.077330
v 0.132065 0.104303 0.077108
v 0.125017 0.106463 0.077323
v 0.123542 0.114308 0.077258
v 0.139854 0.104699 0.073684
v 0.114458 0.106122 0.077154
v 0.124767 0.116771 0.076552
v 0.113088 0.106275 0.076877
v 0.135105 0.100871 0.074991
v 0.136928 0.118401 0.073346
v 0.147326 0.111604 0.069702
v 0.132928 0.124101 0.073217
v 0.155832 0.086464 0.073316
v 0.166866 0.096984 0.066327
v 0.162049 0.091767 0.070223
v 0.169074 0.097390 0.063926
v 0.153807 0.083646 0.073327
v 0.158942 0.088483 0.069809
v 0.147533 0.078116 0.072749
v 0.149572 0.080143 0.074479
v 0.140902 0.072021 0.073007
v 0.141991 0.074434 0.074315
v 0.134283 0.066833 0.071186
v 0.120377 0.087355 0.072974
v 0.126470 0.093107 0.074793
v 0.123441 0.096692 0.077139
v 0.112604 0.096250 0.074986
v 0.102462 0.096589 0.072523
v 0.113047 0.080288 0.068268
v 0.103822 0.088588 0.069714
v 0.094774 0.089663 0.065526
v 0.092255 0.087076 0.062459
v 0.104950 0.073214 0.059331
v 0.092245 0.078480 0.054392
v 0.099428 0.068440 0.047677
v 0.116802 0.051761 0.050370
v 0.121570 0.056023 0.059479
v 0.127570 0.061570 0.066655
v 0.126038 0.058620 0.063445
v 0.128224 0.060839 0.063732
v 0.119998 0.053331 0.052423
v 0.117938 0.051357 0.050309
v 0.135806 0.067626 0.069521
v 0.129994 0.067123 0.064454
v 0.139485 0.075426 0.069222
v 0.149710 0.084918 0.069556
v 0.136741 0.081359 0.067741
v 0.130454 0.075852 0.065532
v 0.116958 0.091021 0.065313
v 0.124631 0.070476 0.061303
v 0.109794 0.084777 0.059928
v 0.122981 0.066350 0.058189
v 0.119657 0.068036 0.056324
v 0.101996 0.082831 0.053508
v 0.102342 0.089260 0.059949
v 0.102492 0.078021 0.048866
v 0.093493 0.083318 0.048298
v 0.096635 0.086073 0.054582
v 0.092941 0.081231 0.042699
v 0.087397 0.082585 0.044470
v 0.096522 0.077811 0.038835
v 0.091864 0.079517 0.032229
v 0.086095 0.080868 0.032607
v 0.086070 0.080750 0.024261
v 0.094284 0.071808 0.032434
v 0.089919 0.076463 0.029723
v 0.082723 0.080023 0.033711
v 0.088151 0.078401 0.029871
v 0.088269 0.078274 0.027296
v 0.087295 0.075159 0.030286
v 0.085842 0.076932 0.028264
v 0.087778 0.074635 0.027223
v 0.085666 0.074480 0.025307
v 0.085808 0.074352 0.031899
v 0.083536 0.076787 0.028447
v 0.082842 0.077697 0.034657
v 0.082503 0.078172 0.022375
v 0.084542 0.078695 0.013363
v 0.082079 0.078505 0.028629
v 0.085553 0.082512 0.007965
v 0.083437 0.080662 0.017675
v 0.091720 0.068010 0.022855
v 0.096399 0.066001 0.022853
v 0.096381 0.066109 0.034465
v 0.113561 0.047790 0.031358
v 0.113615 0.047880 0.023498
v 0.114694 0.049870 0.013217
v 0.099251 0.068280 0.010027
v 0.091742 0.068006 0.034315
v 0.087801 0.072055 0.028203
v 0.118798 0.052900 0.003230
v 0.088039 0.083152 0.001956
v 0.105427 0.073555 -0.002950
v 0.114258 0.081565 -0.012137
v 0.103465 0.088664 -0.012357
v 0.127279 0.060772 -0.008878
v 0.097454 0.083249 -0.005942
v 0.122914 0.056728 -0.003664
v 0.125151 0.057669 -0.004198
v 0.132892 0.065584 -0.013110
v 0.139421 0.070866 -0.015895
v 0.116329 0.049906 0.012238
v 0.117880 0.051400 0.010733
v 0.124678 0.058587 -0.001832
v 0.123330 0.059271 -0.000016
v 0.129858 0.062271 -0.008230
v 0.134451 0.071246 -0.010036
v 0.137517 0.069174 -0.013098
v 0.128542 0.065573 -0.005920
v 0.125037 0.061386 -0.001939
v 0.123839 0.064986 -0.001503
v 0.138435 0.068857 0.015269
v 0.137401 0.071556 0.013117
v 0.145200 0.067444 0.015187
v 0.139034 0.077013 0.009508
v 0.134302 0.075062 0.011687
v 0.121798 0.067090 -0.000573
v 0.128810 0.078615 0.013398
v 0.131392 0.085146 0.009606
v 0.125338 0.079688 0.015676
v 0.142428 0.079839 0.008314
v 0.139225 0.092197 0.008427
v 0.131845 0.085378 0.011538
v 0.126188 0.080257 0.017370
v 0.150878 0.102191 0.030141
v 0.123307 0.077653 0.027970
v 0.121871 0.076571 0.026488
v 0.124849 0.079051 0.036514
v 0.127502 0.081434 0.041584
v 0.123351 0.077905 0.037237
v 0.127634 0.081756 0.044559
v 0.128197 0.069465 0.032605
v 0.128176 0.078538 0.043337
v 0.131408 0.071417 0.040667
v 0.128729 0.075220 0.041507
v 0.121316 0.062715 0.055277
v 0.120082 0.065601 0.055379
v 0.116030 0.062814 0.049253
v 0.117712 0.055982 0.046509
v 0.112752 0.059750 0.038393
v 0.111733 0.059029 0.027757
v 0.114920 0.053696 0.034831
v 0.097788 0.074962 0.032046
v 0.094404 0.071918 0.024930
v 0.097843 0.075012 0.025320
v 0.094346 0.071863 0.024734
v 0.097927 0.075052 0.025156
v 0.095829 0.077191 0.028505
v 0.093057 0.080739 0.031084
v 0.094450 0.071958 0.032240
v 0.089883 0.076717 0.027704
v 0.089265 0.077419 0.029998
v 0.086337 0.080825 0.032353
v 0.089971 0.080180 0.032132
v 0.089058 0.080388 0.029388
v 0.089164 0.080347 0.027581
v 0.086316 0.080752 0.024848
v 0.092590 0.109348 0.031546
v 0.089421 0.112891 0.028748
v 0.089910 0.113742 0.022018
v 0.091564 0.110494 0.026172
v 0.090372 0.114153 0.036931
v 0.090893 0.114624 0.030213
v 0.091090 0.114603 0.026824
v 0.092650 0.115015 0.026167
v 0.093209 0.116707 0.014801
v 0.092866 0.116383 0.018736
v 0.093978 0.117001 0.026985
v 0.093197 0.116250 0.022559
v 0.091530 0.114006 0.030492
v 0.094327 0.116518 0.030242
v 0.093680 0.117130 0.030525
v 0.092776 0.115835 0.036845
v 0.093529 0.116191 0.034447
v 0.096055 0.118539 0.032066
v 0.096274 0.119463 0.025955
v 0.097057 0.118983 0.026480
v 0.112920 0.133255 0.025952
v 0.115855 0.136623 0.022331
v 0.116048 0.136689 0.019408
v 0.112314 0.132737 0.013505
v 0.096553 0.118559 0.014328
v 0.093163 0.115487 0.020180
v 0.113109 0.133438 0.031584
v 0.104196 0.125394 0.010444
v 0.110360 0.132135 0.012460
v 0.101327 0.124052 0.010680
v 0.102663 0.125217 0.008332
v 0.096979 0.120102 0.010844
v 0.105302 0.106530 0.012850
v 0.125373 0.074938 0.022293
v 0.102127 0.103672 0.017561
v 0.100191 0.101938 0.023375
v 0.099058 0.101176 0.027536
v 0.099745 0.101577 0.030279
v 0.125354 0.074921 0.034748
v 0.098781 0.102605 0.026065
v 0.095316 0.106277 0.025190
v 0.092979 0.080746 0.026192
v 0.089970 0.080205 0.025036
v 0.102670 0.104162 0.040360
v 0.130091 0.079187 0.043898
v 0.154114 0.100817 0.025055
v 0.129033 0.127892 0.034356
v 0.137658 0.086001 0.048420
v 0.145948 0.093463 0.046270
v 0.151977 0.098896 0.039221
v 0.129050 0.127907 0.023139
v 0.126756 0.125851 0.016745
v 0.118272 0.139277 0.020312
v 0.117280 0.138377 0.026404
v 0.125953 0.132759 0.025338
v 0.122748 0.136207 0.025524
v 0.119519 0.139980 0.028588
v 0.151858 0.136822 0.029535
v 0.117454 0.138533 0.030559
v 0.118467 0.139449 0.035400
v 0.123527 0.135300 0.031998
v 0.151817 0.136916 0.027793
v 0.151773 0.139650 0.032310
v 0.151595 0.139741 0.024814
v 0.151366 0.133389 0.025244
v 0.151111 0.132744 0.026236
v 0.130002 0.128996 0.027684
v 0.131805 0.129089 0.028588
v 0.156275 0.127620 0.025229
v 0.154265 0.129879 0.028925
v 0.151054 0.133079 0.030922
v 0.156256 0.127609 0.031848
v 0.127843 0.131157 0.031208
v 0.129901 0.128886 0.029681
v 0.159704 0.130714 0.024929
v 0.151923 0.135969 0.032131
v 0.159649 0.130664 0.032240
v 0.155270 0.135827 0.029584
v 0.153772 0.137549 0.029129
v 0.149975 0.131153 0.029743
v 0.155031 0.136089 0.027248
v 0.149344 0.131053 0.027730
v 0.148415 0.132806 0.028451
v 0.159815 0.130813 0.024735
v 0.170928 0.111891 0.030572
v 0.170423 0.111562 0.021821
v 0.156402 0.127491 0.032588
v 0.152312 0.134292 0.024922
v 0.153590 0.128323 0.016991
v 0.159754 0.130758 0.032434
v 0.155609 0.135673 0.029786
v 0.153742 0.137814 0.029539
v 0.152254 0.134210 0.032218
v 0.151715 0.140003 0.032478
v 0.151651 0.139952 0.024585
v 0.155078 0.136239 0.026718
v 0.152188 0.142560 0.017352
v 0.149965 0.138816 0.013458
v 0.150949 0.136573 0.018796
v 0.151250 0.126252 0.009393
v 0.149232 0.133548 0.011050
v 0.145641 0.130067 0.002968
v 0.145655 0.134576 0.002574
v 0.147040 0.137916 0.002083
v 0.149619 0.139058 0.003586
v 0.153718 0.141564 0.014060
v 0.153776 0.133156 0.002664
v 0.153910 0.143341 0.020705
v 0.142748 0.132601 -0.007930
v 0.156253 0.119218 -0.003835
v 0.136954 0.127635 -0.013265
v 0.167068 0.097156 -0.008967
v 0.162589 0.124838 0.008633
v 0.164733 0.093562 -0.010944
v 0.160828 0.091400 -0.013794
v 0.151215 0.094313 -0.016251
v 0.155183 0.085407 -0.016174
v 0.151384 0.088164 -0.017184
v 0.149129 0.083113 -0.018174
v 0.149132 0.081760 -0.017543
v 0.151047 0.091403 -0.020663
v 0.147753 0.078378 -0.017228
v 0.154592 0.084562 -0.014364
v 0.145469 0.076250 -0.015281
v 0.140542 0.076408 -0.012201
v 0.155169 0.142724 0.022428
v 0.163854 0.132975 0.022848
v 0.156287 0.141670 0.026835
v 0.158441 0.139313 0.025501
v 0.157947 0.137289 0.028024
v 0.156332 0.139120 0.026994
v 0.160199 0.137198 0.028954
v 0.163837 0.133004 0.034316
v 0.157346 0.138092 0.030187
v 0.157021 0.140815 0.031457
v 0.155910 0.139646 0.029441
v 0.168387 0.109838 0.012927
v 0.166056 0.107620 0.006902
v 0.160639 0.105620 0.000709
v 0.163252 0.104526 0.001774
v 0.160768 0.104838 0.001118
v 0.161818 0.102466 -0.000726
v 0.150208 0.095247 0.012576
v 0.152557 0.091286 0.011710
v 0.153132 0.083043 0.010997
v 0.147072 0.086144 0.008448
v 0.146465 0.098712 0.012606
v 0.149611 0.097623 0.013684
v 0.138791 0.091629 0.010221
v 0.146382 0.098459 0.014745
v 0.150718 0.102547 0.019951
v 0.149997 0.098154 0.014680
v 0.153080 0.096759 0.015774
v 0.150277 0.101825 0.023017
v 0.152195 0.103874 0.030680
v 0.149069 0.100862 0.037843
v 0.148700 0.100724 0.041534
v 0.158719 0.096630 0.032623
v 0.162152 0.089719 0.031668
v 0.160612 0.089275 0.036865
v 0.156013 0.094289 0.040828
v 0.167208 0.102096 0.055646
v 0.157859 0.090424 0.040801
v 0.153573 0.096413 0.041274
v 0.163830 0.104206 0.055148
v 0.150171 0.098012 0.042638
v 0.160877 0.105205 0.056330
v 0.149436 0.097190 0.043770
v 0.142671 0.095301 0.047562
v 0.161600 0.102982 0.057665
v 0.152404 0.091342 0.045483
v 0.163481 0.100735 0.058674
v 0.155371 0.088243 0.044240
v 0.150332 0.086733 0.047519
v 0.157729 0.077886 0.042754
v 0.145577 0.083005 0.049172
v 0.153354 0.074343 0.044523
v 0.145707 0.075465 0.046947
v 0.134840 0.088250 0.048741
v 0.138168 0.077208 0.047580
v 0.144587 0.069890 0.043914
v 0.137100 0.071937 0.044264
v 0.134640 0.074584 0.045356
v 0.125041 0.061527 0.059206
v 0.131964 0.077000 0.044989
v 0.138380 0.068730 0.041742
v 0.124649 0.058548 0.058965
v 0.121091 0.056152 0.053293
v 0.123318 0.059839 0.056794
v 0.134874 0.069353 0.040851
v 0.143710 0.065910 0.039992
v 0.146235 0.061683 0.033491
v 0.135116 0.065290 0.032591
v 0.145290 0.061095 0.027886
v 0.135240 0.064757 0.026415
v 0.128907 0.069675 0.022691
v 0.137146 0.065408 0.021156
v 0.134659 0.069532 0.016364
v 0.144649 0.063704 0.019800
v 0.130562 0.072171 0.016313
v 0.120371 0.064523 0.002057
v 0.122220 0.061194 0.001380
v 0.127887 0.077782 0.014623
v 0.120008 0.068133 0.001185
v 0.119226 0.068314 0.000768
v 0.110248 0.084958 -0.003162
v 0.103786 0.079132 0.005703
v 0.116627 0.063507 0.006698
v 0.117339 0.055801 0.011469
v 0.113257 0.060296 0.015923
v 0.115175 0.052523 0.023848
v 0.099582 0.075215 0.017502
v 0.091644 0.079631 0.024936
v 0.095918 0.079687 0.013998
v 0.100463 0.083681 0.003644
v 0.093570 0.083399 0.008631
v 0.090274 0.081207 0.017645
v 0.090176 0.084723 0.006208
v 0.095115 0.091176 -0.007794
v 0.095064 0.089512 -0.003315
v 0.102683 0.095676 -0.009874
v 0.098634 0.088260 -0.001090
v 0.106089 0.094507 -0.008116
v 0.105584 0.088313 -0.003228
v 0.113250 0.092146 -0.007393
v 0.129218 0.074586 -0.007560
v 0.124785 0.070603 -0.004244
v 0.102230 0.096427 -0.015189
v 0.092679 0.087805 -0.005960
v 0.113727 0.096644 -0.018300
v 0.109673 0.103056 -0.018764
v 0.113734 0.093866 -0.017224
v 0.115100 0.105868 -0.020059
v 0.113145 0.100748 -0.018973
v 0.114391 0.101057 -0.020727
v 0.114514 0.096088 -0.020724
v 0.118686 0.108655 -0.021087
v 0.115733 0.049563 0.037577
v 0.115380 0.049168 0.022244
v 0.153286 0.063100 0.020271
v 0.155346 0.060311 0.025658
v 0.160088 0.061662 0.024426
v 0.162439 0.060238 0.028969
v 0.155269 0.059845 0.029485
v 0.152573 0.062464 0.036339
v 0.159030 0.064906 0.036680
v 0.153090 0.067262 0.041009
v 0.160168 0.069486 0.038541
v 0.164164 0.061929 0.029468
v 0.163928 0.061744 0.027609
v 0.165299 0.071741 0.026287
v 0.165054 0.078302 0.030986
v 0.163223 0.071734 0.035949
v 0.164138 0.076850 0.034633
v 0.160637 0.081889 0.039638
v 0.158120 0.086534 0.041987
v 0.166965 0.099138 0.059107
v 0.169139 0.100706 0.057065
v 0.169785 0.099221 0.058927
v 0.166514 0.095671 0.063707
v 0.175609 0.103406 0.051879
v 0.173021 0.101347 0.059431
v 0.172163 0.105166 0.048508
v 0.167362 0.108991 0.047020
v 0.174722 0.107462 0.040552
v 0.164612 0.106360 0.052958
v 0.148936 0.119713 0.055679
v 0.149352 0.125004 0.051549
v 0.142941 0.114196 0.062290
v 0.156791 0.099203 0.062470
v 0.135632 0.108121 0.066476
v 0.129615 0.103565 0.067867
v 0.143906 0.087892 0.068189
v 0.151142 0.094326 0.065947
v 0.158793 0.092924 0.065843
v 0.124564 0.099064 0.067903
v 0.114511 0.099359 0.068012
v 0.119178 0.104596 0.069464
v 0.124333 0.098865 0.072451
v 0.129766 0.103756 0.072522
v 0.118293 0.105731 0.070279
v 0.120179 0.105342 0.067690
v 0.124771 0.103327 0.067925
v 0.129475 0.103494 0.067885
v 0.123936 0.108277 0.067498
v 0.124468 0.109168 0.068119
v 0.121732 0.112851 0.072541
v 0.120939 0.109175 0.070836
v 0.119752 0.107762 0.070766
v 0.109675 0.124993 0.048942
v 0.104842 0.126070 0.048944
v 0.116266 0.107714 0.072622
v 0.121173 0.105896 0.072650
v 0.120736 0.107788 0.072692
v 0.122593 0.108178 0.072657
v 0.121201 0.108206 0.065602
v 0.120929 0.105999 0.065620
v 0.122567 0.106355 0.065083
v 0.123063 0.106218 0.072667
v 0.123034 0.107758 0.065619
v 0.103860 0.126025 0.048846
v 0.107199 0.128921 0.048353
v 0.112606 0.123610 0.048202
v 0.109432 0.130721 0.047271
v 0.106808 0.128485 0.046345
v 0.096115 0.119323 0.045928
v 0.102671 0.124028 0.046348
v 0.109187 0.130203 0.045428
v 0.099274 0.122180 0.045335
v 0.096056 0.118427 0.042409
v 0.113116 0.134173 0.042403
v 0.116280 0.136791 0.036799
v 0.114555 0.135922 0.043600
v 0.126908 0.125986 0.040225
v 0.122692 0.122189 0.045746
v 0.115664 0.115945 0.048794
v 0.114131 0.124945 0.047685
v 0.114982 0.119184 0.048727
v 0.113815 0.120323 0.049486
v 0.115304 0.115379 0.049931
v 0.113940 0.114509 0.049328
v 0.107964 0.108918 0.047021
v 0.108281 0.109207 0.046321
v 0.110489 0.115679 0.049045
v 0.106381 0.119125 0.048685
v 0.115285 0.136194 0.034206
v 0.112030 0.133644 0.029914
v 0.114865 0.135772 0.030130
v 0.117131 0.137057 0.031017
v 0.114703 0.136070 0.027072
v 0.115291 0.135405 0.026890
v 0.118587 0.138368 0.028977
v 0.117655 0.137536 0.026406
v 0.112746 0.134301 0.025134
v 0.108951 0.101102 0.070523
v 0.107527 0.093804 0.064661
v 0.099925 0.093249 0.064756
v 0.092350 0.086717 0.055496
v 0.087208 0.084066 0.052748
v 0.096633 0.092530 0.066535
v 0.083076 0.079293 0.039653
v 0.086722 0.082526 0.052391
v 0.084462 0.079174 0.044268
v 0.152436 0.127540 0.044154
v 0.169536 0.110872 0.039862
v 0.152088 0.133115 0.037038
v 0.175867 0.108479 0.032300
v 0.174882 0.109001 0.023791
v 0.164122 0.083413 0.026396
v 0.162953 0.072825 0.020629
v 0.157758 0.074972 0.014927
v 0.161515 0.066266 0.021472
v 0.154835 0.068416 0.015972
v 0.148792 0.069568 0.013730
v 0.149881 0.076756 0.010562
v 0.132976 0.086368 0.046239
v 0.140113 0.092823 0.046604
v 0.144961 0.097151 0.043637
v 0.128416 0.130097 0.026114
v 0.100401 0.102118 0.034981
v 0.095700 0.105819 0.031849
v 0.098908 0.101070 0.029626
v 0.104496 0.125753 0.008130
v 0.106671 0.118866 0.008385
v 0.119881 0.106895 -0.012911
v 0.110761 0.115650 0.008004
v 0.120126 0.108848 -0.013781
v 0.117002 0.106877 -0.015037
v 0.120716 0.106340 -0.015485
v 0.122136 0.108515 -0.015511
v 0.121819 0.112689 -0.015442
v 0.122365 0.107896 -0.007875
v 0.120818 0.107840 -0.008474
v 0.123177 0.106605 -0.008464
v 0.122720 0.105894 -0.015499
v 0.121279 0.105794 -0.008386
v 0.109140 0.125277 0.008329
v 0.088220 0.078521 0.028101
v 0.094283 0.083204 0.029062
v 0.093831 0.082867 0.027451
v 0.095134 0.081408 0.027890
v 0.094846 0.081716 0.029827
v 0.089819 0.076582 0.027266
v 0.114040 0.048842 0.039789
v 0.119218 0.105343 0.077331
v 0.122463 0.103905 0.077332
v 0.122806 0.105580 0.075702
v 0.140098 0.102485 -0.018003
v 0.134551 0.108513 -0.018016
v 0.134628 0.108824 -0.020776
v 0.128177 0.109738 -0.017954
v 0.135579 0.099061 -0.018014
v 0.131959 0.103797 -0.017995
v 0.128238 0.106247 -0.018014
v 0.134212 0.101733 -0.020738
v 0.138254 0.094867 -0.018018
v 0.137653 0.098963 -0.018024
v 0.134534 0.095046 -0.018018
v 0.136207 0.093222 -0.018029
v 0.134225 0.094942 -0.020745
v 0.138240 0.091100 -0.017988
v 0.138187 0.087415 -0.020780
v 0.137804 0.087291 -0.017992
v 0.136121 0.089106 -0.018008
v 0.137126 0.084253 -0.020776
v 0.137429 0.080763 -0.017965
v 0.136833 0.084358 -0.018005
v 0.134754 0.084372 -0.017989
v 0.133758 0.080864 -0.018005
v 0.134094 0.087489 -0.018024
v 0.091041 0.123385 0.029867
v 0.095360 0.118644 0.028927
v 0.094380 0.117762 0.031713
v 0.091014 0.123360 0.027272
v 0.091548 0.123998 0.029489
v 0.084809 0.130506 0.030004
v 0.084456 0.130249 0.031072
v 0.084444 0.132613 0.030792
v 0.085333 0.132674 0.034550
v 0.084789 0.128343 0.032487
v 0.086378 0.124349 0.032741
v 0.088740 0.118208 0.033229
v 0.091490 0.115176 0.032690
v 0.091204 0.114900 0.029400
v 0.091009 0.114726 0.033528
v 0.092609 0.116167 0.030172
v 0.090217 0.118327 0.030270
v 0.093603 0.117061 0.028633
v 0.090364 0.118460 0.026915
v 0.092672 0.116224 0.027019
v 0.094676 0.118027 0.025885
v 0.091410 0.119402 0.028681
v 0.092418 0.120309 0.027271
v 0.091986 0.119921 0.030485
v 0.082877 0.129514 0.031218
v 0.082655 0.131472 0.029589
v 0.089838 0.117984 0.031809
v 0.087888 0.116343 0.029287
v 0.085999 0.119453 0.030751
v 0.083895 0.124918 0.031897
v 0.083180 0.127148 0.032165
v 0.084220 0.122563 0.031938
v 0.087427 0.116174 0.029203
v 0.085545 0.118888 0.031022
v 0.085205 0.122966 0.036217
v 0.087289 0.116758 0.034013
v 0.083953 0.129577 0.035783
v 0.087485 0.127565 0.041274
v 0.088587 0.119517 0.039620
v 0.090220 0.114015 0.036141
v 0.093303 0.116795 0.042624
v 0.091043 0.122058 0.043397
v 0.090720 0.129394 0.044331
v 0.094368 0.121917 0.045597
v 0.094091 0.125735 0.046275
v 0.095288 0.130480 0.046827
v 0.098496 0.125900 0.047970
v 0.095230 0.122557 0.046242
v 0.097962 0.120987 0.045178
v 0.097369 0.120453 0.046563
v 0.095685 0.123167 0.044773
v 0.099659 0.122514 0.047823
v 0.098009 0.124775 0.047726
v 0.098300 0.125097 0.046162
v 0.099966 0.122791 0.046276
v 0.098843 0.126186 0.046481
v 0.103515 0.125985 0.047167
v 0.101369 0.124054 0.046795
v 0.101060 0.123777 0.048345
v 0.093822 0.127711 0.044490
v 0.098442 0.130150 0.046115
v 0.101791 0.128319 0.046969
v 0.101702 0.128544 0.048639
v 0.103515 0.125986 0.048779
v 0.102456 0.129368 0.046921
v 0.101395 0.132813 0.046126
v 0.102718 0.129313 0.048577
v 0.104967 0.127298 0.047196
v 0.104969 0.127296 0.048770
v 0.107427 0.129509 0.048359
v 0.107115 0.129228 0.046794
v 0.105244 0.131890 0.046440
v 0.105626 0.131897 0.048067
v 0.106433 0.132813 0.047740
v 0.105710 0.135643 0.045114
v 0.106392 0.132399 0.046167
v 0.108831 0.130773 0.047836
v 0.110524 0.132300 0.045186
v 0.108516 0.130490 0.046273
v 0.111111 0.132826 0.046549
v 0.109316 0.135033 0.046266
v 0.108660 0.134628 0.044802
v 0.109830 0.136031 0.045638
v 0.109361 0.135463 0.044179
v 0.110981 0.138769 0.041341
v 0.112394 0.133983 0.045611
v 0.111824 0.133467 0.044252
v 0.116149 0.137380 0.041301
v 0.115775 0.137042 0.039256
v 0.117517 0.138640 0.034010
v 0.119096 0.140053 0.032832
v 0.114075 0.139843 0.037428
v 0.112404 0.142717 0.033795
v 0.108723 0.143322 0.036953
v 0.102801 0.145943 0.034455
v 0.107982 0.144925 0.033625
v 0.103863 0.142691 0.039740
v 0.107777 0.140704 0.040647
v 0.105399 0.142159 0.039905
v 0.105952 0.139051 0.040245
v 0.106131 0.139217 0.042497
v 0.100118 0.139615 0.042749
v 0.103336 0.141271 0.041246
v 0.099153 0.142840 0.039666
v 0.103071 0.142390 0.040105
v 0.097241 0.145594 0.035264
v 0.094794 0.141640 0.039486
v 0.095613 0.139568 0.041419
v 0.092267 0.136631 0.041400
v 0.091583 0.143549 0.035226
v 0.090218 0.140543 0.037315
v 0.090534 0.133634 0.041462
v 0.087926 0.141003 0.033993
v 0.087598 0.134712 0.038025
v 0.088799 0.129528 0.040214
v 0.086348 0.127705 0.036907
v 0.085663 0.136917 0.033081
v 0.085926 0.139888 0.030333
v 0.084251 0.133816 0.028765
v 0.084449 0.132567 0.026329
v 0.085917 0.139546 0.026444
v 0.085099 0.135113 0.024362
v 0.084754 0.128574 0.024832
v 0.085864 0.130087 0.021048
v 0.086578 0.135473 0.021115
v 0.087548 0.139882 0.022582
v 0.088371 0.143908 0.026633
v 0.090426 0.142471 0.021594
v 0.091957 0.139412 0.017516
v 0.088977 0.134603 0.017508
v 0.089861 0.129004 0.015853
v 0.092510 0.136797 0.015758
v 0.093515 0.135650 0.014643
v 0.092215 0.130741 0.013955
v 0.092066 0.132543 0.014470
v 0.088560 0.129357 0.017222
v 0.087712 0.123061 0.019582
v 0.091880 0.126383 0.016383
v 0.090974 0.125565 0.017354
v 0.088592 0.127430 0.017337
v 0.089905 0.124604 0.016501
v 0.091374 0.122981 0.015341
v 0.091571 0.126102 0.014533
v 0.095350 0.122829 0.012599
v 0.095256 0.127061 0.012102
v 0.097443 0.125226 0.011399
v 0.099122 0.122031 0.011219
v 0.094749 0.129429 0.013440
v 0.100485 0.123268 0.011484
v 0.098787 0.121739 0.009604
v 0.101790 0.124435 0.008617
v 0.100667 0.123421 0.013366
v 0.101441 0.124178 0.014132
v 0.098717 0.130489 0.014389
v 0.099906 0.127303 0.012299
v 0.099946 0.127303 0.010143
v 0.092407 0.132912 0.014488
v 0.099967 0.127343 0.013162
v 0.099698 0.128226 0.014243
v 0.100008 0.126730 0.008793
v 0.095681 0.129070 0.010036
v 0.099987 0.127650 0.009408
v 0.099849 0.129423 0.009052
v 0.097913 0.134760 0.010526
v 0.101400 0.130366 0.009483
v 0.102482 0.131440 0.008968
v 0.104825 0.130713 0.008773
v 0.103989 0.130968 0.009342
v 0.101718 0.137255 0.010957
v 0.108050 0.135171 0.010527
v 0.109533 0.139636 0.013736
v 0.111465 0.133149 0.010534
v 0.105205 0.140498 0.013167
v 0.098157 0.140013 0.013042
v 0.099232 0.143438 0.015766
v 0.106187 0.144455 0.017448
v 0.096902 0.145359 0.018446
v 0.103896 0.146391 0.019997
v 0.113403 0.140498 0.016760
v 0.110446 0.145303 0.021842
v 0.105702 0.147693 0.025217
v 0.100836 0.148453 0.024695
v 0.113708 0.144541 0.026061
v 0.109577 0.146446 0.025060
v 0.115883 0.142462 0.023236
v 0.119202 0.140120 0.025282
v 0.116751 0.137907 0.017172
v 0.116912 0.142359 0.027651
v 0.116793 0.142418 0.029431
v 0.116543 0.142348 0.027925
v 0.113513 0.144038 0.026530
v 0.116263 0.142080 0.027961
v 0.116347 0.142189 0.029196
v 0.112949 0.144351 0.030842
v 0.115556 0.141142 0.030918
v 0.116181 0.141813 0.029312
v 0.115115 0.140746 0.029385
v 0.116176 0.141764 0.027785
v 0.115058 0.140694 0.025846
v 0.114892 0.140546 0.027535
v 0.113660 0.139435 0.026997
v 0.116647 0.137811 0.026922
v 0.117465 0.138549 0.023662
v 0.116978 0.138125 0.024478
v 0.114803 0.136150 0.028690
v 0.114104 0.135520 0.025454
v 0.117303 0.138401 0.029194
v 0.116230 0.137435 0.030214
v 0.116951 0.138087 0.032719
v 0.113629 0.139408 0.030129
v 0.112285 0.138197 0.030681
v 0.112802 0.138663 0.028630
v 0.113852 0.139609 0.031657
v 0.109511 0.146077 0.031692
v 0.106614 0.147155 0.031815
v 0.103790 0.148159 0.031299
v 0.107664 0.147144 0.032303
v 0.113085 0.144891 0.031323
v 0.108014 0.145989 0.035833
v 0.114113 0.143238 0.035392
v 0.108937 0.143301 0.039925
v 0.113688 0.140127 0.040450
v 0.108004 0.139635 0.044057
v 0.103602 0.138134 0.045833
v 0.101115 0.143909 0.041148
v 0.098928 0.139347 0.044672
v 0.094838 0.142422 0.041089
v 0.097082 0.145849 0.038027
v 0.103397 0.146711 0.036655
v 0.097566 0.147912 0.033756
v 0.099236 0.148679 0.031025
v 0.101457 0.148661 0.028284
v 0.094024 0.148187 0.027008
v 0.092459 0.147867 0.029854
v 0.102198 0.148520 0.030236
v 0.111750 0.137716 0.027688
v 0.113343 0.139151 0.025599
v 0.102678 0.148407 0.026503
v 0.110319 0.145728 0.025607
v 0.106847 0.147121 0.025337
v 0.087063 0.145764 0.028588
v 0.089757 0.146401 0.025390
v 0.093124 0.146620 0.034539
v 0.089716 0.146247 0.032066
v 0.087871 0.144691 0.032625
v 0.090420 0.143534 0.037149
v 0.087090 0.141284 0.035753
v 0.090324 0.140179 0.040240
v 0.088209 0.134349 0.041254
v 0.092920 0.137070 0.043802
v 0.085788 0.135473 0.037988
v 0.083614 0.135556 0.033380
v 0.085064 0.141144 0.031996
v 0.085472 0.143101 0.028566
v 0.083785 0.139014 0.027400
v 0.082679 0.133625 0.028340
v 0.086766 0.143760 0.024978
v 0.083148 0.133656 0.024320
v 0.085085 0.139876 0.023650
v 0.085138 0.134092 0.019744
v 0.087008 0.140759 0.021015
v 0.089436 0.142092 0.019275
v 0.087777 0.136445 0.017152
v 0.085908 0.129582 0.017796
v 0.090582 0.131716 0.013213
v 0.092474 0.136201 0.013248
v 0.093675 0.141390 0.015719
v 0.092239 0.145529 0.021255
v 0.096611 0.147774 0.023260
v 0.091163 0.126986 0.012558
v 0.089396 0.122386 0.015060
v 0.095482 0.118825 0.011807
v 0.094104 0.117554 0.015635
v 0.090565 0.114326 0.019827
v 0.089060 0.118369 0.017827
v 0.085097 0.124882 0.020012
v 0.086763 0.117687 0.022854
v 0.087262 0.115729 0.027690
v 0.085456 0.119171 0.026174
v 0.089139 0.113042 0.028344
v 0.084066 0.123087 0.025071
v 0.084143 0.124157 0.025389
v 0.083079 0.127826 0.025368
v 0.089963 0.118099 0.025446
v 0.082775 0.130408 0.026471
v 0.082655 0.131511 0.027852
v 0.088904 0.117146 0.028483
v 0.085421 0.120759 0.026017
v 0.087865 0.116353 0.027872
v 0.087404 0.116125 0.027970
v 0.087031 0.117500 0.027265
v 0.091493 0.115161 0.027398
v 0.091151 0.114854 0.023960
v 0.091779 0.115422 0.024514
v 0.086409 0.124279 0.024438
v 0.088917 0.118121 0.024101
v 0.088218 0.118499 0.023434
v 0.085842 0.124436 0.023052
v 0.091169 0.114892 0.021763
v 0.084858 0.128982 0.025580
v 0.084865 0.130438 0.027190
v 0.084398 0.130676 0.026410
v 0.085063 0.131759 0.027451
v 0.085127 0.131678 0.029700
v 0.091544 0.124016 0.027683
v 0.087265 0.115717 0.029476
v 0.096744 0.134838 0.046269
v 0.101149 0.133166 0.047793
v 0.108456 0.144129 0.032729
v 0.114987 0.140323 0.032960
v 0.113809 0.135255 0.031283
v 0.113124 0.134638 0.028241
v 0.103941 0.146164 0.031588
v 0.108807 0.139381 0.029787
v 0.108941 0.139501 0.027170
v 0.108203 0.138982 0.027680
v 0.102420 0.146730 0.030477
v 0.101603 0.145810 0.029605
v 0.108214 0.138976 0.029478
v 0.101233 0.146172 0.027475
v 0.100374 0.146954 0.030537
v 0.102426 0.146456 0.027114
v 0.100353 0.146964 0.026397
v 0.096884 0.146656 0.025068
v 0.096329 0.147042 0.029906
v 0.102724 0.146691 0.026109
v 0.103488 0.146475 0.024813
v 0.098573 0.144725 0.019989
v 0.105270 0.144391 0.020165
v 0.108829 0.144543 0.023310
v 0.114509 0.141246 0.022795
v 0.109142 0.142380 0.019027
v 0.111980 0.142944 0.023449
v 0.114203 0.141229 0.023919
v 0.108390 0.144169 0.024426
v 0.105350 0.142149 0.017281
v 0.107754 0.140676 0.016498
v 0.112751 0.139158 0.017606
v 0.109121 0.136832 0.013497
v 0.104705 0.135789 0.012158
v 0.101329 0.139466 0.014195
v 0.109003 0.130942 0.011025
v 0.115291 0.136590 0.016932
v 0.106140 0.139223 0.014663
v 0.103149 0.141426 0.016050
v 0.105699 0.138824 0.016225
v 0.106567 0.139606 0.017259
v 0.103303 0.142562 0.017278
v 0.107916 0.129965 0.011697
v 0.106118 0.133110 0.011551
v 0.106676 0.128833 0.008637
v 0.103936 0.131292 0.014224
v 0.107110 0.129220 0.014158
v 0.100946 0.138102 0.013888
v 0.107848 0.129888 0.013180
v 0.098701 0.139331 0.014606
v 0.095419 0.139488 0.015777
v 0.094589 0.142913 0.019044
v 0.101116 0.132644 0.014345
v 0.096342 0.138111 0.014655
v 0.100450 0.132081 0.015369
v 0.095669 0.137783 0.015660
v 0.094256 0.136165 0.015642
v 0.099216 0.130969 0.015369
v 0.100731 0.130541 0.014280
v 0.100028 0.129552 0.013254
v 0.102237 0.131284 0.013256
v 0.100764 0.129792 0.013007
v 0.103657 0.130969 0.013078
v 0.103667 0.131034 0.012420
v 0.101839 0.131156 0.010224
v 0.101997 0.131185 0.012262
v 0.100518 0.129494 0.012511
v 0.103746 0.131013 0.010081
v 0.100764 0.129792 0.009977
v 0.099957 0.129348 0.010229
v 0.099911 0.129343 0.012274
v 0.092847 0.145188 0.023737
v 0.091597 0.145824 0.027158
v 0.091961 0.145727 0.031221
v 0.088285 0.144582 0.028572
v 0.088245 0.144093 0.029987
v 0.087144 0.142823 0.028449
v 0.103846 0.146378 0.032110
v 0.088410 0.128097 0.039708
v 0.088574 0.121031 0.037523
v 0.089879 0.124581 0.040675
v 0.085674 0.124975 0.033841
v 0.087244 0.120543 0.033896
v 0.089397 0.116841 0.034047
v 0.093098 0.116610 0.040138
v 0.091875 0.120665 0.041423
v 0.096684 0.119865 0.044218
v 0.096104 0.119315 0.045594
v 0.095012 0.122343 0.044168
v 0.091543 0.126090 0.042567
v 0.089941 0.128869 0.041367
v 0.091530 0.126063 0.040027
v 0.093708 0.134780 0.043111
v 0.095955 0.133254 0.044564
v 0.093165 0.136664 0.041465
v 0.095723 0.137694 0.041525
v 0.094270 0.136125 0.041557
v 0.099233 0.131009 0.041822
v 0.098980 0.130969 0.045158
v 0.099250 0.130852 0.045478
v 0.100423 0.132077 0.041823
v 0.100662 0.132151 0.045554
v 0.100497 0.132312 0.045148
v 0.099314 0.135163 0.044997
v 0.096897 0.137532 0.043094
v 0.095426 0.138588 0.041466
vn 0.6401 -0.7459 -0.1841
vn 0.6342 -0.7476 -0.1971
vn 0.6674 -0.7357 -0.1149
vn 0.6720 -0.7334 -0.1026
vn 0.6349 -0.7472 -0.1964
vn -0.4199 -0.3990 -0.8152
vn -0.0210 -0.0488 -0.9986
vn -0.0115 -0.0352 -0.9993
vn 0.2615 0.2063 -0.9429
vn -0.2461 -0.2541 -0.9353
vn 0.2344 0.2003 -0.9513
vn 0.3383 0.3618 -0.8687
vn 0.4521 0.4004 -0.7971
vn 0.4598 0.3672 -0.8086
vn 0.3133 0.0880 -0.9456
vn 0.2885 0.1520 -0.9453
vn 0.9129 0.2861 0.2911
vn 0.9056 0.3072 0.2925
vn 0.9147 0.2623 0.3073
vn 0.8919 0.0530 0.4492
vn 0.8874 0.4044 0.2213
vn 0.6018 0.6613 0.4477
vn 0.7270 0.6684 0.1571
vn 0.7218 0.6725 0.1634
vn -0.4731 0.5564 0.6831
vn -0.4548 0.5164 0.7256
vn -0.5825 0.6338 0.5089
vn 0.6373 0.7497 -0.1783
vn 0.5963 0.7745 -0.2112
vn 0.6009 0.7719 -0.2076
vn -0.0109 -0.0215 0.9997
vn -0.0131 -0.0534 0.9985
vn 0.0158 -0.0209 0.9997
vn 0.7459 0.6608 0.0832
vn 0.6693 -0.7430 -0.0004
vn 0.6695 -0.7428 -0.0007
vn 0.6691 -0.7432 0.0001
vn 0.6697 -0.7426 -0.0012
vn 0.0350 -0.0022 0.9994
vn -0.7784 -0.6137 0.1322
vn -0.8118 -0.5805 0.0633
vn -0.7395 -0.6427 0.2002
vn 0.0741 -0.0082 0.9972
vn 0.0530 0.1017 0.9934
vn -0.1431 0.3945 0.9077
vn 0.0659 0.2910 0.9545
vn 0.2579 0.0456 0.9651
vn 0.0623 -0.1283 0.9898
vn -0.6691 0.7432 0.0011
vn -0.6921 0.7201 -0.0484
vn -0.7068 0.7026 -0.0828
vn 0.7327 0.6749 -0.0875
vn 0.7264 0.6794 -0.1042
vn 0.7287 0.6778 -0.0983
vn -0.7271 0.6730 -0.1359
vn -0.1282 -0.0220 0.9915
vn -0.2134 0.5456 0.8104
vn -0.4455 0.5877 0.6754
vn 0.7345 0.6735 -0.0826
vn -0.0021 0.0316 0.9995
vn 0.0239 0.0331 0.9992
vn 0.0284 0.0128 0.9995
vn 0.0044 -0.0069 1.0000
vn -0.0019 -0.0128 0.9999
vn -0.5225 0.7486 0.4082
vn -0.5522 0.5327 0.6413
vn -0.4536 0.7352 0.5037
vn -0.0186 0.0077 0.9998
vn 0.9412 -0.3377 0.0002
vn 0.9561 -0.2903 -0.0404
vn 0.9530 -0.3013 -0.0311
vn -0.5874 -0.7991 -0.1276
vn -0.3459 -0.9373 0.0428
vn -0.5184 -0.8518 -0.0756
vn 0.9642 -0.2561 -0.0688
vn -0.6875 -0.6951 -0.2101
vn -0.0203 0.0165 0.9997
vn 0.0009 0.9995 -0.0327
vn -0.0446 0.9969 -0.0644
vn -0.1843 0.9696 -0.1609
vn -0.9831 0.1094 0.1467
vn -0.7651 0.2835 -0.5782
vn -0.7431 0.2193 -0.6323
vn -0.7885 0.3818 -0.4821
vn 0.0824 0.7283 -0.6803
vn 0.1386 0.7658 -0.6279
vn 0.1752 0.7877 -0.5906
vn 0.1608 0.9838 0.0799
vn -0.6779 0.0774 -0.7311
vn 0.0105 -0.0304 -0.9995
vn 0.0529 -0.0087 -0.9986
vn 0.0941 0.1813 -0.9789
vn -0.4415 -0.6955 -0.5668
vn -0.3841 -0.6862 -0.6177
vn -0.5168 -0.7015 -0.4906
vn 0.0423 -0.0118 -0.9990
vn 0.0256 -0.0235 -0.9994
vn 0.0589 -0.0345 -0.9977
vn 0.0485 -0.0024 -0.9988
vn -0.0007 0.0381 -0.9993
vn 0.0119 0.0373 -0.9992
vn -0.2610 0.9599 -0.1025
vn -0.1766 0.9839 -0.0263
vn -0.1526 0.9883 -0.0050
vn 0.9242 -0.3747 -0.0743
vn 0.9242 -0.3746 -0.0741
vn 0.9781 -0.1889 -0.0876
vn -0.0335 0.0028 -0.9994
vn -0.0352 0.0061 -0.9994
vn 0.7679 -0.6223 0.1521
vn -0.0333 -0.0551 -0.9979
vn 0.1765 -0.9691 -0.1722
vn -0.9127 -0.4085 -0.0023
vn -0.7594 -0.6426 0.1020
vn -0.8285 -0.5566 0.0617
vn 0.0218 -0.0096 -0.9997
vn 0.0312 0.0021 -0.9995
vn -0.8599 -0.4496 -0.2416
vn -0.8964 -0.4068 -0.1760
vn -0.9197 -0.3721 -0.1252
vn -0.9488 -0.3131 -0.0428
vn -0.9461 0.3124 -0.0858
vn -0.9448 0.3152 -0.0895
vn -0.9465 0.3115 -0.0847
vn -0.0196 -0.0309 -0.9993
vn -0.9475 0.3092 -0.0817
vn 0.2912 -0.9469 -0.1363
vn 0.2564 -0.9617 -0.0973
vn 0.0661 -0.9931 -0.0967
vn -0.0036 -0.0017 -1.0000
vn -0.0003 -0.0007 -1.0000
vn -0.0118 -0.0127 -0.9998
vn -0.0023 -0.9962 -0.0868
vn 0.0001 -0.0393 -0.9992
vn -0.0059 -0.0225 -0.9997
vn 0.0061 -0.0458 -0.9989
vn -0.1544 -0.9833 -0.0962
vn -0.1606 -0.9815 -0.1041
vn 0.0021 -0.0000 -1.0000
vn -0.0008 0.0002 -1.0000
vn 0.9838 -0.0469 -0.1731
vn 0.9938 -0.0179 -0.1102
vn 0.9737 -0.0676 -0.2177
vn 0.9435 -0.1116 -0.3121
vn 0.9478 0.3164 0.0383
vn 0.8861 0.4575 -0.0744
vn 0.8252 0.5490 -0.1326
vn 0.7359 0.6652 -0.1258
vn -0.0024 0.0001 -1.0000
vn -0.0057 0.0013 -1.0000
vn -0.5358 0.8383 -0.1004
vn -0.5368 0.8375 -0.1017
vn -0.5298 0.8430 -0.0930
vn -0.5430 0.8326 -0.1091
vn 0.0012 -0.0022 -1.0000
vn -0.0189 0.0206 -0.9996
vn 0.7307 0.6758 -0.0967
vn 0.0018 -0.0108 -0.9999
vn -0.0017 -0.0149 -0.9999
vn 0.0339 -0.9901 -0.1362
vn 0.1968 -0.9776 -0.0748
vn -0.1733 -0.9798 -0.0995
vn -0.4202 -0.9051 -0.0648
vn -0.5198 -0.8530 0.0462
vn 0.0969 0.9848 -0.1439
vn 0.0831 0.9821 -0.1689
vn 0.1089 0.9865 -0.1221
vn -0.6472 0.7531 -0.1184
vn -0.6756 0.7323 -0.0859
vn -0.6766 0.7315 -0.0847
vn -0.0003 -0.0150 -0.9999
vn -0.7781 -0.6084 -0.1565
vn -0.7637 -0.6323 -0.1303
vn -0.7631 -0.6333 -0.1292
vn -0.7004 0.7116 -0.0557
vn -0.4598 -0.3379 -0.8213
vn -0.4499 -0.3314 -0.8293
vn -0.0071 -0.0614 -0.9981
vn -0.1194 -0.1189 -0.9857
vn 0.0220 0.0168 -0.9996
vn -0.0214 0.0445 -0.9988
vn 0.0029 0.0141 -0.9999
vn -0.0530 0.0727 -0.9959
vn -0.7484 -0.6550 -0.1042
vn 0.2294 -0.9677 -0.1042
vn -0.0040 -0.0383 -0.9993
vn 0.0101 -0.0438 -0.9990
vn -0.4757 0.8774 -0.0626
vn -0.5792 0.8151 0.0093
vn -0.2041 0.9786 0.0261
vn 0.8377 0.5352 -0.1087
vn 0.7257 0.6878 -0.0169
vn 0.7867 0.6140 -0.0638
vn -0.0007 0.0003 -1.0000
vn -0.0005 0.0008 -1.0000
vn -0.6147 0.7862 -0.0628
vn 0.8694 0.4735 -0.1411
vn -0.0010 -0.0003 -1.0000
vn -0.9587 -0.2794 -0.0539
vn -0.8580 0.5129 0.0281
vn -0.5106 -0.8515 -0.1192
vn -0.8652 0.4999 -0.0387
vn -0.9658 0.2333 0.1128
vn -0.9212 0.3881 0.0280
vn 0.1289 -0.1634 -0.9781
vn 0.0405 -0.0020 -0.9992
vn 0.0128 -0.0427 -0.9990
vn -0.0239 -0.9935 0.1114
vn -0.0714 0.0289 -0.9970
vn -0.0115 0.0331 -0.9994
vn -0.0470 -0.0433 -0.9980
vn 0.9882 -0.1366 0.0694
vn 0.7781 -0.6219 -0.0882
vn 0.0002 -0.0002 -1.0000
vn 0.7296 0.6741 -0.1156
vn -0.7655 0.6312 -0.1250
vn 0.3207 0.9431 0.0872
vn 0.0468 0.0595 -0.9971
vn -0.0283 -0.0070 -0.9996
vn -0.0301 -0.0148 -0.9994
vn -0.0212 -0.0517 -0.9984
vn -0.0716 -0.9828 -0.1701
vn -0.3354 -0.9315 -0.1408
vn -0.5639 -0.8168 -0.1216
vn -0.6230 -0.7777 -0.0839
vn -0.8178 -0.5634 -0.1174
vn -0.8455 -0.5239 -0.1038
vn 0.0082 -0.0196 -0.9998
vn -0.0006 -0.0092 -1.0000
vn 0.3399 -0.9162 -0.2123
vn -0.0121 -0.9921 -0.1245
vn 0.3711 -0.8979 -0.2368
vn -0.0131 -0.0168 -0.9998
vn 0.0243 -0.0564 -0.9981
vn 0.5785 -0.8129 -0.0671
vn 0.6813 -0.7264 -0.0902
vn 0.2494 -0.2682 -0.9305
vn 0.0391 -0.0111 -0.9992
vn 0.0393 -0.0452 -0.9982
vn -0.0152 -0.0354 -0.9993
vn -0.2467 0.9679 -0.0490
vn -0.2133 0.9765 -0.0294
vn -0.1781 0.9840 -0.0089
vn 0.9743 0.2021 -0.0991
vn 0.8742 0.4846 0.0295
vn 0.9346 0.3542 -0.0324
vn -0.0380 -0.0000 -0.9993
vn -0.0001 0.0002 -1.0000
vn -0.0005 -0.0003 -1.0000
vn 0.9851 0.0960 -0.1425
vn -0.2782 0.9581 -0.0679
vn 0.0003 0.0008 -1.0000
vn -0.9874 -0.1561 0.0248
vn -0.9896 -0.1395 0.0339
vn -0.9911 -0.1264 0.0411
vn -0.9850 -0.1719 0.0161
vn -0.0259 -0.9985 -0.0477
vn 0.0092 -0.9996 -0.0284
vn -0.0531 -0.9966 -0.0632
vn -0.0104 0.0356 -0.9993
vn 0.1252 0.1174 -0.9852
vn 0.0181 0.0338 -0.9993
vn 0.0403 -0.9991 -0.0112
vn 0.0011 0.0360 -0.9994
vn -0.2065 0.9709 -0.1209
vn -0.2008 0.9730 -0.1137
vn 0.0366 0.9944 -0.0994
vn 0.0500 0.9929 -0.1077
vn 0.2642 0.9619 -0.0705
vn 0.0187 0.0249 -0.9995
vn 0.2471 0.9678 -0.0489
vn 0.0029 0.0098 -0.9999
vn 0.0051 0.0068 -1.0000
vn 0.0039 0.0151 -0.9999
vn 0.0010 0.0026 -1.0000
vn -0.9961 0.0440 -0.0761
vn -0.9923 0.0645 -0.1056
vn -0.9823 0.1009 -0.1577
vn 0.1847 -0.9735 -0.1347
vn 0.1777 -0.9760 -0.1255
vn -0.0644 -0.9911 -0.1163
vn -0.9994 0.0125 -0.0308
vn -0.0590 -0.9922 -0.1094
vn -0.0042 -0.0429 -0.9991
vn -0.0223 -0.0179 -0.9996
vn 0.0346 -0.0223 -0.9992
vn 0.0285 -0.0157 -0.9995
vn -0.2942 -0.9499 -0.1054
vn -0.2978 -0.9483 -0.1097
vn 0.0543 -0.0789 -0.9954
vn -0.0583 0.9983 -0.0040
vn 0.0332 0.9985 0.0438
vn 0.1121 0.9901 0.0849
vn 0.0118 0.0084 -0.9999
vn -0.0008 0.0283 -0.9996
vn -0.0787 0.0717 -0.9943
vn -0.0421 0.0088 -0.9991
vn -0.0230 0.0247 -0.9994
vn 0.9879 0.1511 -0.0355
vn 0.9992 0.0359 0.0167
vn 0.9961 -0.0636 0.0616
vn 0.9655 0.2478 -0.0798
vn 0.1354 -0.0928 -0.9864
vn 0.0003 0.0005 -1.0000
vn 0.0003 0.0004 -1.0000
vn -0.1500 0.9873 -0.0523
vn 0.0003 0.0001 -1.0000
vn -0.9989 -0.0462 -0.0054
vn -0.9986 -0.0529 -0.0010
vn -0.9992 -0.0372 -0.0117
vn -0.9981 -0.0614 0.0048
vn 0.2278 -0.9694 -0.0915
vn 0.1006 -0.9947 -0.0194
vn 0.1646 -0.9848 -0.0556
vn 0.0283 -0.9994 0.0212
vn 0.0444 -0.0183 -0.9988
vn 0.0149 0.0724 -0.9973
vn 0.0219 -0.0526 -0.9984
vn 0.0240 0.0242 -0.9994
vn 0.0965 0.1093 -0.9893
vn -0.0118 0.0156 -0.9998
vn 0.5285 0.4679 -0.7083
vn 0.4176 0.9070 -0.0545
vn 0.6032 0.7885 -0.1201
vn 0.6864 0.7234 -0.0743
vn 0.8662 0.4891 -0.1020
vn 0.3622 0.3502 -0.8638
vn 0.3670 0.9302 -0.0012
vn 0.6870 0.5735 -0.4462
vn 0.8293 0.5515 -0.0901
vn 0.5790 0.7662 0.2788
vn 0.3522 0.2265 -0.9081
vn 0.3373 0.1709 -0.9257
vn 0.4316 0.2840 -0.8562
vn 0.4349 0.2515 -0.8646
vn -0.0264 0.3552 -0.9344
vn 0.2719 0.2059 -0.9400
vn -0.0453 0.9155 0.3997
vn 0.0262 0.1824 -0.9829
vn 0.0782 0.8776 -0.4730
vn 0.0660 0.8868 -0.4574
vn 0.1060 0.8550 -0.5077
vn -0.2326 0.5958 -0.7687
vn -0.1986 0.4676 -0.8613
vn -0.2575 0.3507 -0.9004
vn -0.4674 0.7771 -0.4214
vn -0.5289 0.6955 -0.4863
vn -0.4574 0.7129 -0.5316
vn -0.6521 0.7172 -0.2456
vn -0.1743 0.8057 -0.5661
vn -0.7889 0.5108 0.3416
vn -0.6709 0.5962 0.4410
vn -0.6770 0.4295 0.5977
vn -0.6618 0.4654 -0.5878
vn -0.4771 0.2505 0.8424
vn -0.8014 0.3577 0.4794
vn -0.5720 0.1595 0.8046
vn -0.7494 -0.6557 -0.0916
vn -0.7472 -0.6619 -0.0599
vn -0.7465 -0.6634 -0.0513
vn -0.7498 -0.6544 -0.0981
vn -0.2725 -0.0480 0.9610
vn -0.7362 0.0142 0.6766
vn -0.5387 -0.1531 0.8285
vn -0.6744 -0.3702 0.6389
vn -0.4880 -0.3921 0.7798
vn -0.3386 -0.2598 0.9044
vn -0.1613 -0.3285 0.9306
vn -0.3370 -0.4748 0.8130
vn 0.2216 -0.3810 0.8976
vn 0.0429 -0.5115 0.8582
vn -0.0341 -0.6375 0.7697
vn -0.2396 -0.6253 0.7427
vn -0.0396 -0.7759 0.6296
vn 0.0889 -0.7747 0.6261
vn -0.0667 -0.7757 -0.6276
vn -0.1096 -0.7579 -0.6431
vn -0.4496 -0.5089 -0.7341
vn -0.2666 -0.7323 0.6266
vn 0.0753 -0.8279 -0.5558
vn 0.0933 -0.8308 -0.5487
vn 0.5822 0.0736 -0.8097
vn 0.8095 0.1187 -0.5750
vn 0.7474 0.0202 -0.6641
vn 0.8454 -0.0499 0.5318
vn 0.8063 0.0658 0.5878
vn 0.8536 -0.0993 0.5113
vn 0.8494 0.2850 -0.4441
vn 0.9095 0.1862 -0.3717
vn 0.8252 0.5152 -0.2315
vn 0.7427 0.5105 -0.4333
vn 0.5750 0.4628 0.6747
vn 0.5730 0.4626 0.6765
vn 0.8006 0.0847 0.5932
vn -0.1578 -0.8280 0.5381
vn -0.1103 -0.8961 0.4299
vn -0.3141 -0.8578 0.4068
vn -0.3734 -0.7135 0.5929
vn 0.5265 -0.8441 0.1012
vn 0.6527 -0.7567 0.0381
vn 0.6612 -0.7502 0.0101
vn 0.4668 -0.8704 0.1566
vn -0.3216 -0.9321 0.1665
vn 0.4625 -0.8719 0.1609
vn -0.4014 -0.9076 0.1232
vn 0.0912 -0.9944 -0.0534
vn 0.8440 -0.5322 -0.0664
vn 0.9501 -0.3110 -0.0242
vn 0.9064 -0.4111 -0.0969
vn 0.9384 -0.0155 -0.3451
vn 0.8682 -0.4347 -0.2394
vn 0.9364 0.0170 -0.3505
vn 0.8609 -0.4520 -0.2336
vn -0.1574 -0.9611 -0.2270
vn 0.9261 -0.3515 0.1374
vn 0.8427 -0.5366 0.0427
vn 0.8568 -0.5128 0.0543
vn 0.9145 0.3876 -0.1163
vn 0.7698 0.6340 0.0735
vn 0.8084 -0.5780 0.1116
vn 0.9509 -0.2662 0.1579
vn 0.8310 0.5402 -0.1327
vn 0.8344 0.5410 0.1054
vn 0.7313 0.6315 0.2576
vn 0.7661 0.5797 0.2777
vn 0.6682 0.5738 0.4736
vn 0.7681 0.5886 0.2521
vn 0.7490 0.5471 0.3738
vn 0.7111 0.5145 0.4791
vn 0.7191 0.6325 0.2877
vn 0.7088 0.5811 0.3998
vn 0.6514 0.4680 0.5972
vn 0.5834 0.4068 0.7030
vn 0.5162 0.3400 0.7861
vn 0.5035 0.3961 0.7678
vn 0.6350 0.5271 0.5647
vn -0.3552 0.8732 0.3337
vn -0.2260 0.9231 0.3110
vn -0.1912 0.9384 0.2879
vn -0.3564 0.9193 0.1668
vn -0.0287 0.9860 0.1642
vn -0.8659 0.4478 -0.2229
vn -0.9299 0.3530 -0.1032
vn -0.9767 0.1299 -0.1705
vn -0.9665 0.0449 -0.2526
vn -0.8722 0.2582 -0.4155
vn -0.1895 0.7769 0.6004
vn -0.7763 0.5271 -0.3456
vn -0.9028 -0.1550 -0.4013
vn -0.8017 -0.0200 -0.5973
vn -0.7756 0.3703 -0.5112
vn -0.6598 0.2722 -0.7004
vn -0.6888 -0.0764 -0.7209
vn -0.6645 0.6141 -0.4258
vn -0.5901 0.6397 -0.4925
vn -0.5498 0.0196 -0.8351
vn -0.5230 0.2333 -0.8198
vn -0.4879 0.2135 -0.8464
vn -0.0128 -0.0416 -0.9991
vn 0.0111 -0.0040 -0.9999
vn 0.0157 -0.0044 -0.9999
vn -0.5067 0.7385 -0.4448
vn -0.5199 0.5773 -0.6297
vn -0.3700 0.0741 -0.9261
vn -0.7528 -0.6531 0.0815
vn -0.7473 -0.6608 0.0696
vn -0.7502 -0.6568 0.0758
vn -0.0205 0.0083 -0.9998
vn -0.0309 -0.0311 -0.9990
vn -0.0040 0.0306 -0.9995
vn 0.0038 0.0276 -0.9996
vn 0.7035 0.6789 0.2102
vn 0.8961 -0.3327 -0.2937
vn 0.1612 -0.9083 0.3861
vn 0.6165 -0.2214 0.7556
vn 0.7065 -0.1571 0.6901
vn 0.7530 -0.1189 0.6472
vn 0.1617 -0.9113 0.3786
vn -0.6435 -0.4558 0.6150
vn -0.5776 -0.4812 0.6594
vn -0.3853 -0.5319 0.7540
vn -0.5362 -0.8293 -0.1570
vn 0.0191 0.0154 0.9997
vn -0.2244 0.2771 0.9343
vn -0.0573 0.0499 0.9971
vn -0.7867 -0.3794 0.4871
vn 0.1561 -0.1637 0.9741
vn 0.0301 -0.0029 0.9995
vn 0.2609 0.1196 0.9579
vn 0.3478 0.1921 0.9177
vn 0.2435 0.1051 0.9642
vn 0.1833 -0.0504 0.9818
vn -0.1329 -0.0060 0.9911
vn -0.4757 0.3199 0.8194
vn -0.4534 0.6254 0.6351
vn 0.2308 0.1644 0.9590
vn 0.7609 0.6474 0.0437
vn 0.4134 0.2516 0.8751
vn 0.3317 0.2533 0.9088
vn -0.4996 0.7853 0.3657
vn -0.4673 0.6699 0.5770
vn 0.1918 0.1510 0.9697
vn 0.3218 0.2627 0.9096
vn 0.6162 0.1241 0.7777
vn 0.5486 -0.3981 0.7353
vn 0.7256 -0.6483 0.2307
vn 0.7257 -0.6432 0.2440
vn 0.7378 -0.1994 0.6449
vn 0.7351 0.0100 0.6779
vn 0.6763 -0.4838 0.5555
vn 0.4424 -0.7854 -0.4329
vn 0.5789 -0.8069 -0.1173
vn 0.6605 -0.7493 -0.0478
vn 0.6730 -0.7378 0.0524
vn 0.6552 -0.7482 0.1045
vn 0.5138 -0.3661 0.7759
vn 0.6767 -0.7340 -0.0570
vn 0.2274 -0.5410 0.8097
vn 0.4143 -0.5708 0.7089
vn 0.1412 -0.3484 0.9266
vn 0.0555 0.0233 0.9982
vn -0.2458 -0.2840 0.9268
vn -0.1786 -0.2745 0.9449
vn 0.0244 -0.1920 0.9811
vn -0.7189 -0.6850 0.1182
vn 0.1472 -0.1847 0.9717
vn -0.1578 -0.2643 0.9514
vn -0.3007 -0.3030 0.9043
vn -0.3324 -0.4346 0.8370
vn -0.3399 -0.4148 0.8441
vn -0.5002 -0.5607 0.6598
vn -0.4163 -0.4687 0.7791
vn -0.4688 -0.5498 0.6913
vn -0.1528 -0.6090 0.7783
vn -0.5627 -0.6357 0.5284
vn -0.6216 -0.6727 0.4012
vn -0.4798 -0.7514 0.4529
vn -0.2268 -0.7678 0.5992
vn -0.1868 -0.6828 0.7063
vn 0.5378 -0.7975 0.2734
vn -0.2592 -0.8625 0.4346
vn 0.1807 -0.9037 0.3882
vn 0.7233 -0.6876 -0.0628
vn 0.7151 -0.6894 -0.1156
vn 0.7161 -0.6945 -0.0700
vn 0.7405 -0.5175 -0.4288
vn 0.6904 -0.7231 -0.0200
vn 0.5524 -0.7939 0.2540
vn 0.6241 -0.0135 -0.7813
vn 0.6176 -0.2741 -0.7372
vn 0.7716 -0.1184 -0.6250
vn 0.4078 -0.1943 -0.8922
vn 0.4309 -0.4578 -0.7776
vn 0.1943 -0.0078 -0.9809
vn 0.1766 -0.4155 -0.8923
vn 0.3537 0.1456 -0.9240
vn 0.2074 0.3076 -0.9286
vn 0.5185 0.3006 -0.8005
vn 0.4454 0.6465 -0.6194
vn 0.3869 0.4672 -0.7950
vn 0.6160 0.2574 -0.7445
vn 0.5701 0.4434 -0.6916
vn 0.6048 0.6156 -0.5053
vn 0.1744 0.8246 -0.5381
vn 0.1821 0.7000 -0.6906
vn 0.3290 0.8981 -0.2918
vn 0.2284 0.8758 -0.4252
vn -0.0269 0.9740 -0.2248
vn -0.1123 0.9891 -0.0948
vn 0.6106 0.7503 -0.2535
vn 0.4078 0.8916 -0.1967
vn 0.7519 0.6587 -0.0273
vn 0.7468 0.6642 -0.0330
vn 0.7458 0.6661 0.0094
vn -0.2409 0.9683 -0.0668
vn -0.1757 0.9833 0.0468
vn -0.0702 -0.0485 -0.9963
vn -0.0771 -0.0507 -0.9957
vn -0.0749 -0.0500 -0.9959
vn 0.7296 0.6838 -0.0042
vn 0.7352 0.6774 -0.0234
vn 0.7420 0.6703 0.0093
vn 0.5024 -0.8622 0.0654
vn -0.1708 -0.0806 -0.9820
vn 0.6585 -0.2642 -0.7047
vn 0.2171 -0.0487 0.9749
vn 0.4041 -0.0727 0.9118
vn 0.2321 -0.0507 0.9714
vn -0.4756 -0.6630 0.5781
vn 0.0986 -0.7689 0.6317
vn -0.1842 -0.8006 -0.5701
vn -0.1051 -0.8104 -0.5763
vn -0.0440 -0.8144 -0.5786
vn 0.0052 -0.8154 -0.5788
vn -0.7372 -0.6752 0.0245
vn -0.7444 -0.6675 0.0156
vn -0.7771 -0.6294 -0.0028
vn -0.7495 -0.6615 -0.0272
vn -0.7411 -0.6703 -0.0370
vn -0.6243 -0.7707 -0.1276
vn -0.6433 -0.7420 -0.1887
vn -0.8360 -0.4582 -0.3018
vn -0.9785 0.1810 -0.0986
vn -0.8831 -0.2888 -0.3698
vn -0.6940 -0.7200 -0.0087
vn -0.9248 0.3803 -0.0118
vn -0.9795 -0.0041 -0.2013
vn -0.5747 -0.8183 -0.0085
vn -0.0338 -0.0777 -0.9964
vn -0.7216 -0.6903 0.0530
vn -0.6225 -0.7703 0.1380
vn -0.5671 -0.8236 0.0106
vn -0.7190 -0.6869 -0.1058
vn -0.6838 -0.6504 -0.3308
vn -0.6243 -0.6681 -0.4048
vn -0.0744 -0.1033 0.9919
vn -0.7291 -0.6844 -0.0011
vn -0.6588 0.2619 0.7053
vn -0.9874 -0.0639 -0.1450
vn -0.7714 0.2630 -0.5795
vn -0.6056 -0.5809 -0.5439
vn -0.4966 -0.5548 -0.6675
vn -0.5753 -0.6231 -0.5299
vn -0.3433 -0.4257 -0.8372
vn -0.3364 -0.4069 -0.8493
vn -0.4175 -0.4061 -0.8128
vn -0.4499 -0.5404 -0.7110
vn -0.5120 -0.5025 -0.6966
vn 0.3080 -0.8658 -0.3945
vn 0.4559 -0.8735 -0.1709
vn 0.2932 -0.8916 -0.3450
vn 0.4340 -0.8291 -0.3524
vn 0.5427 -0.8041 -0.2427
vn 0.5483 -0.8022 -0.2363
vn 0.1423 0.5660 0.8121
vn 0.7175 -0.6942 0.0576
vn 0.7015 -0.7118 0.0337
vn 0.8949 0.0093 0.4461
vn 0.9388 0.0512 0.3407
vn 0.9070 -0.0583 0.4172
vn 0.0531 -0.9208 0.3865
vn -0.0357 -0.8521 0.5221
vn 0.0184 -0.9310 0.3646
vn 0.8187 -0.2847 0.4987
vn 0.7909 -0.5005 0.3520
vn 0.7452 -0.1845 0.6408
vn 0.7604 -0.0100 0.6494
vn 0.5290 -0.0995 0.8428
vn 0.6781 0.0021 0.7350
vn 0.5739 -0.2669 0.7742
vn 0.6719 -0.7406 0.0097
vn 0.6735 -0.7391 0.0116
vn 0.6660 -0.7460 -0.0002
vn 0.6450 0.2090 0.7351
vn 0.7584 0.0376 -0.6507
vn 0.7636 0.0301 -0.6449
vn 0.5134 0.4386 -0.7376
vn 0.8100 -0.1416 -0.5692
vn 0.8085 -0.1256 -0.5749
vn -0.0470 -0.6722 -0.7389
vn -0.2142 -0.7386 -0.6392
vn -0.1110 -0.5550 -0.8244
vn -0.1352 -0.3695 -0.9193
vn -0.2962 -0.3749 -0.8785
vn 0.4700 0.4890 -0.7349
vn 0.1512 0.7087 -0.6891
vn 0.2026 0.7031 -0.6816
vn -0.3027 -0.1736 -0.9371
vn -0.5388 -0.2873 -0.7919
vn -0.6776 -0.4419 -0.5878
vn -0.6359 0.7713 0.0276
vn -0.6507 0.7568 0.0620
vn -0.6240 0.7799 0.0496
vn 0.0188 -0.2070 -0.9782
vn 0.0693 0.1382 -0.9880
vn -0.6564 0.7533 0.0395
vn -0.6759 0.7338 0.0682
vn -0.6239 0.7815 -0.0054
vn -0.7378 0.6750 -0.0085
vn -0.6374 0.7703 -0.0178
vn -0.6119 0.7908 0.0134
vn -0.6400 0.7676 -0.0336
vn -0.6151 0.7879 -0.0294
vn -0.7391 -0.5432 0.3983
vn -0.6293 -0.3866 0.6742
vn -0.5044 -0.2997 0.8098
vn -0.6351 0.7702 -0.0588
vn -0.6520 -0.7348 0.1870
vn -0.7810 -0.6137 -0.1164
vn -0.5808 -0.7014 0.4131
vn -0.6748 -0.5223 0.5213
vn -0.5209 -0.5254 -0.6728
vn -0.5406 -0.5036 -0.6739
vn -0.8022 -0.1070 -0.5874
vn -0.7933 -0.1410 -0.5923
vn -0.8631 0.0541 -0.5022
vn -0.8713 0.1177 -0.4764
vn 0.7563 0.2644 -0.5984
vn 0.7027 0.4714 -0.5330
vn 0.7010 0.3485 -0.6222
vn 0.8015 0.5414 -0.2540
vn 0.8931 0.2625 -0.3653
vn 0.7101 0.6954 -0.1102
vn 0.8315 0.5551 0.0227
vn 0.9468 0.2962 -0.1258
vn 0.6688 -0.7434 -0.0001
vn 0.6689 -0.7434 -0.0001
vn 0.6689 -0.7433 -0.0001
vn 0.6688 -0.7434 -0.0000
vn 0.7537 0.6566 0.0268
vn 0.7619 0.6476 0.0083
vn 0.7601 0.6497 -0.0114
vn -0.6690 0.7433 -0.0000
vn -0.6675 0.7446 -0.0013
vn -0.6664 0.7456 -0.0022
vn -0.6648 0.7470 -0.0036
vn -0.0676 -0.0477 -0.9966
vn 0.6896 0.7147 0.1168
vn 0.7759 0.6300 -0.0325
vn -0.0523 0.1221 0.9911
vn 0.2036 0.1594 0.9660
vn 0.0437 0.1233 0.9914
vn -0.7281 -0.6852 0.0191
vn -0.7373 -0.6745 0.0383
vn -0.7328 -0.6803 -0.0129
vn -0.7286 -0.6850 -0.0024
vn -0.7521 -0.6584 0.0299
vn 0.1501 0.0946 0.9841
vn 0.0694 0.0508 0.9963
vn -0.1371 0.9832 0.1204
vn 0.1004 0.9947 0.0217
vn 0.0056 0.9972 0.0740
vn 0.1619 0.9868 0.0033
vn -0.9982 0.0100 -0.0590
vn 0.0901 0.9955 -0.0306
vn 0.1492 0.9888 -0.0097
vn -0.5249 0.0109 0.8511
vn -0.4154 -0.0171 0.9095
vn -0.3709 -0.0210 0.9285
vn -0.6475 0.0222 0.7617
vn -0.7337 0.6794 -0.0138
vn -0.6762 0.7367 0.0108
vn -0.6509 0.7588 0.0239
vn -0.7168 -0.5980 -0.3586
vn -0.7771 -0.6073 -0.1654
vn -0.8051 -0.5784 -0.1317
vn -0.7547 0.0294 -0.6554
vn -0.7997 -0.5723 0.1813
vn -0.7612 -0.6071 0.2282
vn -0.6854 -0.5700 0.4531
vn -0.6051 0.7961 0.0008
vn -0.7246 0.6890 -0.0160
vn 0.4412 -0.5776 0.6868
vn -0.1795 0.9673 0.1792
vn -0.6949 0.7191 0.0025
vn -0.6671 0.7450 0.0048
vn -0.5802 0.8132 0.0456
vn -0.7131 0.7001 -0.0361
vn 0.6884 0.7245 0.0355
vn -0.7543 0.6556 0.0335
vn -0.8141 0.5756 -0.0766
vn -0.7296 0.6801 0.0716
vn -0.6485 0.7398 0.1792
vn -0.2461 0.1794 -0.9525
vn 0.2555 -0.1660 -0.9524
vn -0.6438 0.7649 0.0229
vn -0.5691 0.8222 -0.0085
vn 0.3043 0.9237 0.2328
vn -0.6943 -0.7190 -0.0321
vn -0.6070 0.7893 0.0929
vn -0.6319 0.7744 0.0329
vn -0.6300 0.7755 0.0422
vn -0.6959 0.7181 0.0062
vn 0.6268 0.1968 -0.7539
vn 0.4420 0.8844 0.1497
vn -0.6545 0.7553 -0.0336
vn -0.6643 0.7418 0.0921
vn -0.7053 0.7085 -0.0234
vn -0.8065 0.5502 0.2166
vn -0.7484 0.6576 0.0864
vn -0.6841 0.7286 -0.0321
vn -0.6693 0.7430 -0.0009
vn -0.6672 0.7449 0.0016
vn -0.6084 0.7911 -0.0631
vn -0.3463 0.8946 -0.2825
vn -0.5118 0.2195 0.8306
vn 0.3092 -0.5207 0.7958
vn -0.2628 0.6818 0.6827
vn -0.6697 0.7426 0.0038
vn -0.6691 0.7431 -0.0116
vn -0.6713 0.7411 -0.0113
vn -0.6719 0.7407 -0.0024
vn 0.7943 -0.3707 0.4814
vn -0.6748 0.7379 0.0141
vn -0.1807 -0.1361 -0.9741
vn -0.3598 -0.3072 -0.8810
vn -0.4564 -0.4367 -0.7753
vn -0.5610 -0.4881 -0.6687
vn -0.6058 -0.5727 -0.5523
vn -0.6916 -0.6492 -0.3165
vn -0.7060 -0.6487 -0.2842
vn -0.6964 -0.6496 -0.3051
vn -0.7145 -0.5643 -0.4137
vn -0.6945 -0.6216 -0.3624
vn 0.5338 -0.8455 -0.0097
vn 0.5253 -0.8509 -0.0068
vn 0.5321 -0.8466 -0.0092
vn -0.6956 -0.6546 0.2960
vn -0.7258 -0.6763 0.1255
vn 0.4602 -0.0788 -0.8843
vn 0.5344 -0.1038 -0.8389
vn 0.4528 -0.0763 -0.8883
vn -0.2815 -0.0217 -0.9593
vn -0.3418 -0.0056 -0.9398
vn -0.3345 -0.0076 -0.9424
vn -0.2772 -0.0228 -0.9605
vn 0.5428 -0.1067 -0.8330
vn 0.7651 0.6424 0.0444
vn -0.0053 0.9984 -0.0571
vn -0.1392 0.9853 -0.0988
vn 0.2749 0.3683 -0.8881
vn 0.1101 0.1130 -0.9875
vn 0.1111 0.1212 -0.9864
vn 0.0668 0.0485 -0.9966
vn 0.0578 0.0437 -0.9974
vn -0.4581 -0.4390 0.7729
vn -0.6048 -0.5310 0.5935
vn 0.6691 -0.7431 0.0001
vn 0.6691 -0.7431 -0.0000
vn 0.6691 -0.7432 -0.0000
vn 0.7528 0.6320 -0.1840
vn 0.7242 0.6224 -0.2969
vn 0.7208 0.6229 0.3042
vn 0.6593 0.5553 0.5069
vn 0.6691 -0.7432 -0.0001
vn 0.6695 -0.7428 0.0003
vn 0.6087 0.5355 -0.5854
vn 0.6690 -0.7433 -0.0001
vn 0.6442 0.6126 -0.4580
vn -0.7320 0.6808 0.0247
vn -0.6388 0.7692 -0.0163
vn -0.5864 0.8100 -0.0050
vn 0.7280 0.6162 -0.3005
vn 0.6993 0.6876 -0.1955
vn 0.6803 0.7145 -0.1632
vn 0.0956 0.9941 0.0514
vn 0.0372 0.4387 0.8979
vn 0.0606 0.3720 0.9262
vn 0.0362 0.6085 0.7927
vn -0.6012 0.7989 -0.0180
vn -0.6579 0.7531 -0.0049
vn 0.6724 0.6391 0.3735
vn 0.7073 0.6513 0.2750
vn 0.6884 0.7071 0.1615
vn 0.0631 0.3738 -0.9253
vn 0.0441 0.5189 -0.8537
vn 0.0432 0.6518 -0.7571
vn -0.9987 -0.0000 0.0500
vn -0.9987 -0.0476 0.0171
vn -0.9976 -0.0053 0.0695
vn -0.9992 0.0149 0.0365
vn -0.9864 0.1581 -0.0442
vn 0.0631 0.3225 -0.9445
vn -0.9713 0.2078 -0.1158
vn 0.0305 -0.5050 -0.8626
vn 0.0356 0.0867 -0.9956
vn -0.6487 -0.5506 -0.5254
vn 0.1029 -0.9893 -0.1030
vn 0.1567 -0.9645 -0.2127
vn 0.1349 -0.9765 -0.1682
vn 0.0344 -0.6637 -0.7472
vn -0.7230 -0.6908 -0.0003
vn -0.6976 -0.7142 0.0572
vn -0.7233 -0.6900 0.0284
vn 0.0469 -0.5360 0.8429
vn 0.0263 -0.3114 0.9499
vn 0.0176 -0.7717 0.6358
vn -0.7367 -0.6758 -0.0230
vn -0.7198 -0.6925 -0.0475
vn 0.0607 -0.1448 0.9876
vn 0.7212 0.5987 0.3484
vn 0.7964 0.5443 0.2635
vn 0.5037 -0.1190 0.8557
vn 0.0772 -0.9957 -0.0508
vn 0.7523 -0.6588 0.0007
vn 0.7501 -0.6614 0.0013
vn 0.7532 -0.6578 0.0004
vn 0.7535 -0.6574 0.0003
vn 0.6700 -0.7424 0.0007
vn 0.6697 -0.7427 0.0004
vn 0.6695 -0.7428 0.0002
vn 0.6692 -0.7431 -0.0000
vn -0.4121 -0.2434 0.8780
vn -0.1288 -0.1003 0.9866
vn -0.1372 -0.0991 0.9856
vn -0.0563 -0.0616 0.9965
vn 0.7536 0.6569 0.0242
vn 0.7580 0.6520 0.0175
vn 0.7557 0.6549 -0.0043
vn 0.7353 0.6775 0.0157
vn -0.0486 -0.0504 0.9975
vn 0.7457 0.6657 -0.0295
vn 0.7362 0.6768 0.0029
vn 0.3356 -0.2855 -0.8977
vn 0.1757 -0.1969 -0.9645
vn 0.1129 -0.1612 -0.9804
vn -0.6507 0.7438 0.1528
vn -0.6470 0.7450 0.1624
vn -0.6518 0.7435 0.1499
vn 0.7319 0.6809 -0.0269
vn 0.4108 -0.5662 0.7145
vn 0.3136 -0.3022 0.9002
vn 0.3932 -0.5128 0.7632
vn 0.2842 -0.2319 0.9303
vn -0.6460 0.7453 0.1648
vn 0.7977 0.5358 -0.2768
vn 0.3867 -0.3129 -0.8675
vn -0.9916 0.1132 0.0620
vn -0.9636 0.2460 0.1049
vn -0.0568 -0.0596 -0.9966
vn -0.0586 -0.0654 -0.9961
vn -0.0534 -0.0489 -0.9974
vn -0.0507 -0.0405 -0.9979
vn -0.6699 0.7425 -0.0000
vn -0.6794 0.7337 0.0084
vn -0.6874 0.7261 0.0156
vn 0.0614 0.0789 0.9950
vn 0.0571 0.0698 0.9959
vn 0.0635 0.0834 0.9945
vn -0.7695 -0.6184 -0.1594
vn -0.7655 -0.6290 0.1354
vn -0.6449 -0.7622 -0.0552
vn -0.6460 -0.7394 0.1897
vn -0.8104 -0.5105 0.2875
vn -0.6972 0.7165 0.0245
vn -0.9387 -0.3004 0.1691
vn -0.7596 -0.6502 -0.0171
vn -0.7421 -0.6703 -0.0058
vn -0.7529 -0.6575 -0.0293
vn -0.7564 -0.6541 0.0030
vn -0.7407 -0.6718 -0.0105
vn 0.0171 -0.0255 -0.9995
vn 0.0049 -0.0519 -0.9986
vn 0.0414 0.0273 -0.9988
vn 0.0515 0.0495 -0.9974
vn -0.7374 -0.6751 0.0226
vn -0.9855 0.1536 0.0727
vn -0.9836 0.1735 -0.0493
vn -0.9417 -0.3107 -0.1294
vn -0.7464 -0.6650 0.0264
vn -0.9131 0.3947 0.1025
vn -0.9561 0.1742 0.2357
vn -0.9693 -0.1616 0.1851
vn 0.0553 0.0659 0.9963
vn -0.7408 -0.4653 0.4845
vn -0.9125 -0.1678 0.3730
vn -0.8323 -0.1038 0.5446
vn -0.8942 0.2304 0.3838
vn -0.8811 0.4060 0.2426
vn -0.2665 0.9370 -0.2260
vn -0.1546 0.8963 -0.4156
vn 0.0454 0.9661 -0.2542
vn 0.6894 0.4875 -0.5359
vn 0.6590 0.5451 -0.5183
vn 0.7761 0.5543 -0.3007
vn 0.0750 0.9628 -0.2597
vn 0.0686 0.9636 -0.2583
vn 0.5587 0.3772 -0.7387
vn -0.3229 0.8888 -0.3252
vn 0.5854 0.4211 -0.6928
vn 0.4103 0.3099 -0.8577
vn -0.3841 0.7858 -0.4847
vn 0.6241 0.1469 -0.7674
vn 0.5581 0.4532 -0.6951
vn 0.6381 0.5343 -0.5545
vn 0.7286 0.5421 -0.4187
vn 0.7165 0.6128 -0.3333
vn 0.7637 -0.1505 -0.6278
vn 0.5757 0.0738 -0.8143
vn 0.3575 0.2285 -0.9056
vn 0.3262 0.2728 -0.9051
vn 0.2982 0.1964 -0.9341
vn 0.2760 0.0656 -0.9589
vn 0.6735 -0.3834 -0.6320
vn 0.2879 0.0192 -0.9575
vn 0.8979 -0.3987 -0.1869
vn 0.9662 -0.1696 -0.1940
vn 0.8091 -0.4224 -0.4086
vn 0.5489 -0.3521 -0.7581
vn 0.2882 -0.1750 -0.9414
vn 0.9853 0.0377 -0.1665
vn 0.9660 0.2304 -0.1175
vn 0.0164 0.0027 -0.9999
vn 0.5714 -0.8206 0.0132
vn 0.0956 -0.3100 -0.9459
vn 0.1570 -0.1850 -0.9701
vn 0.4623 -0.3737 -0.8041
vn -0.0953 -0.2988 -0.9495
vn 0.6306 -0.7632 0.1410
vn 0.6740 -0.7383 -0.0247
vn 0.6577 -0.7527 0.0297
vn 0.6678 -0.7439 -0.0264
vn 0.6903 -0.7056 -0.1603
vn 0.4456 -0.4145 0.7935
vn 0.2570 -0.5609 0.7870
vn 0.4004 -0.2355 0.8855
vn -0.0540 0.9973 0.0490
vn 0.4570 0.8894 0.0084
vn 0.1599 0.9812 -0.1083
vn 0.6475 0.7566 -0.0908
vn -0.4014 0.9159 -0.0073
vn 0.7479 0.6630 -0.0329
vn 0.8750 0.4842 -0.0049
vn 0.0862 0.0340 -0.9957
vn 0.7186 0.6954 -0.0126
vn 0.7564 0.6541 0.0040
vn 0.5733 0.0609 0.8171
vn -0.2106 0.7823 0.5863
vn 0.3786 0.6844 0.6231
vn 0.8792 0.4765 0.0059
vn 0.7510 0.6603 0.0051
vn -0.2635 0.3816 -0.8860
vn 0.1629 0.9390 -0.3030
vn 0.7093 0.3656 -0.6027
vn 0.8679 -0.4453 -0.2200
vn 0.7097 -0.5503 0.4399
vn 0.7100 -0.5493 0.4406
vn 0.6290 -0.7306 0.2657
vn 0.1833 -0.0935 -0.9786
vn 0.1907 -0.2759 -0.9421
vn 0.1849 -0.1226 -0.9751
vn 0.9861 0.0275 0.1640
vn 0.1741 0.0381 -0.9840
vn -0.7075 0.5758 -0.4098
vn 0.0984 0.0541 0.9937
vn 0.7392 -0.3749 0.5595
vn -0.4445 0.1084 0.8892
vn -0.4266 0.8733 0.2352
vn -0.6085 -0.7054 0.3636
vn -0.5145 -0.6403 0.5703
vn -0.5078 -0.5023 0.6999
vn -0.4618 -0.6249 0.6295
vn -0.1790 0.4323 0.8838
vn -0.9440 -0.2610 -0.2020
vn -0.3628 -0.5612 0.7439
vn -0.7342 -0.0581 -0.6765
vn -0.7801 0.1272 -0.6126
vn -0.6968 -0.1402 -0.7035
vn -0.5123 -0.4471 -0.7332
vn 0.3652 0.2240 -0.9036
vn 0.4838 -0.0256 -0.8748
vn 0.2351 0.0759 -0.9690
vn 0.3574 0.4694 -0.8074
vn 0.3757 0.4132 -0.8295
vn 0.4498 0.6157 -0.6469
vn 0.4771 0.6618 -0.5783
vn -0.6707 0.7402 0.0468
vn -0.6964 0.7152 0.0581
vn -0.6951 0.7177 0.0409
vn -0.7325 0.6786 0.0539
vn 0.6292 0.6735 -0.3879
vn 0.5705 0.6236 -0.5344
vn 0.2104 0.7820 0.5867
vn -0.0202 0.8800 0.4745
vn 0.1780 0.7944 0.5807
vn -0.0560 0.8865 0.4593
vn -0.7336 0.6789 0.0302
vn -0.7817 0.6232 -0.0236
vn 0.6990 0.7069 0.1080
vn 0.7946 0.5752 0.1943
vn -0.7263 0.6858 -0.0471
vn -0.7098 0.7027 -0.0489
vn 0.6285 0.6725 0.3908
vn 0.7268 0.5548 0.4049
vn 0.9317 0.3392 0.1301
vn 0.8689 0.2955 0.3972
vn 0.6628 0.7440 0.0849
vn 0.6175 0.4031 -0.6754
vn 0.5585 0.4814 -0.6755
vn 0.2924 0.7289 -0.6191
vn 0.7916 0.0841 -0.6052
vn 0.8191 0.3106 0.4823
vn 0.5201 0.5486 0.6546
vn 0.3952 0.5540 0.7327
vn 0.4969 0.5447 0.6756
vn 0.3102 0.7187 -0.6224
vn 0.1448 0.8147 -0.5615
vn 0.3443 0.5043 0.7920
vn 0.0831 0.8540 -0.5136
vn -0.6538 0.7473 0.1187
vn 0.2062 0.2858 0.9359
vn 0.3939 0.2614 0.8812
vn -0.7206 -0.0841 0.6882
vn -0.7716 0.1237 0.6239
vn -0.7175 -0.1333 0.6837
vn -0.5355 -0.4150 0.7355
vn -0.1565 -0.7329 0.6621
vn -0.4948 -0.4595 0.7376
vn 0.5667 0.0480 0.8225
vn 0.3834 0.0769 0.9204
vn 0.1544 -0.0757 0.9851
vn 0.6096 -0.0913 0.7874
vn -0.1464 -0.0577 0.9875
vn 0.3739 -0.2920 0.8803
vn 0.1101 -0.3780 0.9192
vn -0.1679 -0.3201 0.9324
vn -0.0040 -0.5912 0.8065
vn -0.1286 -0.5514 0.8242
vn -0.2731 -0.3782 0.8845
vn -0.3262 -0.2139 0.9208
vn 0.7533 0.0461 0.6561
vn 0.5333 0.4232 0.7324
vn 0.3436 0.5818 0.7372
vn 0.7570 0.0572 0.6509
vn 0.2146 0.6836 0.6976
vn 0.0318 0.7672 0.6407
vn 0.8128 -0.1264 0.5687
vn 0.8147 -0.1522 0.5595
vn 0.7610 -0.0157 -0.6485
vn 0.8026 0.0314 -0.5956
vn 0.8057 0.0716 -0.5880
vn 0.8749 -0.0636 -0.4802
vn 0.9022 -0.1216 -0.4137
vn -0.0173 -0.8532 -0.5213
vn -0.0020 -0.8601 -0.5101
vn -0.1536 -0.7970 -0.5841
vn -0.1723 -0.7885 -0.5904
vn -0.3943 -0.8218 0.4114
vn -0.1429 -0.7876 0.5994
vn -0.2082 -0.7533 0.6238
vn -0.1950 -0.9286 0.3157
vn -0.4152 -0.8786 0.2359
vn -0.2268 -0.9716 -0.0670
vn -0.4413 -0.8921 -0.0975
vn -0.6387 -0.7200 -0.2714
vn -0.3606 -0.8537 -0.3758
vn -0.1565 -0.8665 -0.4740
vn -0.4219 -0.7838 -0.4557
vn -0.6267 -0.6481 -0.4327
vn -0.6046 -0.4427 -0.6622
vn -0.5969 -0.4213 0.6828
vn -0.7288 -0.2751 0.6271
vn -0.4337 -0.6034 0.6692
vn -0.7733 -0.1464 0.6169
vn -0.1793 -0.7703 0.6120
vn -0.7199 0.6902 -0.0735
vn -0.8717 0.0304 0.4892
vn 0.3264 0.9208 -0.2137
vn -0.4327 0.1702 0.8853
vn -0.1213 0.7947 -0.5947
vn 0.4157 0.4436 0.7940
vn 0.5818 0.4690 0.6645
vn 0.5546 0.3659 0.7473
vn 0.6698 0.4820 0.5648
vn 0.7001 0.3881 0.5994
vn 0.5615 0.5937 0.5763
vn 0.7935 0.5244 0.3088
vn 0.8911 0.2257 0.3936
vn 0.9692 0.2312 0.0851
vn 0.6566 0.6944 0.2946
vn 0.4896 0.7936 0.3613
vn 0.3956 0.9005 0.1805
vn 0.3236 0.9165 0.2352
vn 0.3923 0.6979 0.5992
vn 0.2288 0.8824 0.4111
vn -0.1413 0.9352 0.3246
vn 0.2131 0.9560 0.2015
vn -0.1762 0.8849 0.4312
vn -0.3843 0.8584 0.3398
vn -0.3859 0.9128 0.1335
vn -0.3208 0.9409 0.1086
vn 0.1014 0.7918 0.6023
vn -0.2445 0.7698 0.5896
vn 0.2710 0.5851 0.7643
vn 0.0001 0.6337 0.7735
vn 0.1993 0.4055 0.8921
vn 0.5048 0.2820 0.8158
vn 0.3947 0.1731 0.9024
vn -0.8466 0.4473 -0.2885
vn -0.8755 0.3741 -0.3058
vn -0.7987 0.3096 -0.5160
vn -0.7510 0.5713 -0.3309
vn -0.4879 -0.4946 -0.7193
vn -0.3065 -0.3377 -0.8900
vn -0.8875 0.3183 -0.3332
vn -0.2195 -0.1536 -0.9634
vn -0.2280 -0.2915 -0.9290
vn -0.2101 -0.3627 -0.9079
vn -0.6189 0.5161 -0.5921
vn -0.2413 -0.3700 -0.8971
vn -0.3516 0.1704 -0.9205
vn -0.1713 -0.1703 -0.9704
vn -0.8155 0.1958 -0.5446
vn -0.8469 0.0391 -0.5304
vn -0.8093 -0.0568 -0.5846
vn -0.9221 -0.2498 -0.2955
vn -0.9404 -0.2577 -0.2218
vn -0.3507 0.2485 -0.9029
vn -0.0582 0.0117 -0.9982
vn -0.0090 -0.0083 -0.9999
vn 0.5323 -0.4112 -0.7400
vn 0.6295 -0.2940 -0.7193
vn 0.4708 -0.5933 -0.6529
vn 0.7080 -0.0696 -0.7028
vn 0.8008 0.0786 -0.5937
vn -0.0164 -0.0022 -0.9999
vn -0.0885 -0.0566 0.9945
vn -0.1204 -0.0676 0.9904
vn -0.1343 -0.0724 0.9883
vn -0.0720 -0.0510 0.9961
vn 0.9807 0.0608 -0.1856
vn 0.9943 0.0277 0.1030
vn 0.5803 -0.8141 -0.0243
vn 0.5895 -0.8077 -0.0096
vn 0.6053 -0.7959 0.0101
vn 0.6351 -0.7724 -0.0008
vn 0.8247 0.2247 0.5191
vn 0.1112 -0.7828 -0.6122
vn 0.0147 -0.9519 -0.3060
vn -0.0064 -0.9924 0.1231
vn 0.3294 -0.7606 -0.5595
vn 0.3346 -0.9350 0.1171
vn 0.0661 -0.8298 0.5542
vn 0.4358 -0.5859 0.6832
vn 0.2261 -0.5713 0.7890
vn 0.5985 -0.3250 0.7323
vn 0.8541 -0.3842 0.3506
vn 0.7023 -0.7116 -0.0185
vn 0.7802 -0.4754 -0.4066
vn 0.9852 -0.0598 -0.1604
vn 0.9857 0.1021 0.1339
vn 0.9212 0.0366 0.3873
vn 0.8436 -0.1492 0.5158
vn 0.8035 0.0850 0.5892
vn 0.7302 0.0560 0.6809
vn -0.0042 -0.8043 0.5943
vn 0.0606 -0.8185 0.5713
vn -0.1006 -0.7576 0.6449
vn 0.8355 -0.0219 -0.5491
vn 0.8487 -0.1092 -0.5175
vn 0.8695 -0.1919 -0.4551
vn -0.1494 -0.7826 -0.6043
vn -0.0152 -0.7978 -0.6028
vn -0.0187 -0.7194 -0.6944
vn -0.5101 -0.4856 -0.7099
vn -0.4346 -0.5697 -0.6975
vn -0.0789 -0.8985 -0.4319
vn -0.1443 -0.8235 -0.5487
vn 0.7777 -0.6216 0.0936
vn 0.7514 -0.6551 0.0789
vn -0.2849 -0.8534 -0.4365
vn 0.5573 -0.8028 -0.2120
vn -0.3357 -0.9062 -0.2571
vn -0.4875 -0.6072 -0.6275
vn -0.5613 -0.6876 -0.4606
vn -0.3162 -0.7486 -0.5828
vn -0.3779 -0.5893 -0.7141
vn -0.4660 -0.4793 -0.7437
vn -0.5720 -0.4289 -0.6991
vn -0.7077 -0.4043 -0.5794
vn -0.4530 -0.2731 -0.8486
vn -0.2526 -0.1401 -0.9574
vn -0.3171 -0.4590 -0.8299
vn -0.1233 -0.0387 -0.9916
vn 0.0153 -0.1439 -0.9895
vn -0.1575 -0.2868 -0.9449
vn -0.0105 -0.5827 -0.8126
vn -0.2227 -0.6456 -0.7305
vn 0.2021 -0.6244 -0.7545
vn 0.0587 0.1419 -0.9881
vn -0.0742 0.4421 -0.8939
vn -0.1800 0.4086 -0.8948
vn 0.7274 0.6781 0.1056
vn 0.7351 0.6728 0.0836
vn 0.7299 0.6764 0.0987
vn 0.6693 -0.7430 0.0008
vn 0.6695 -0.7428 0.0004
vn 0.6691 -0.7432 0.0013
vn -0.7462 -0.6458 -0.1615
vn -0.7459 -0.6505 -0.1431
vn -0.7385 -0.6709 -0.0674
vn 0.6698 -0.7425 -0.0002
vn -0.7250 -0.5216 -0.4498
vn 0.0192 0.0043 -0.9998
vn 0.0524 0.0027 -0.9986
vn 0.0148 -0.0252 -0.9996
vn -0.0069 -0.0423 -0.9991
vn -0.6668 0.7452 -0.0060
vn -0.6653 0.7466 -0.0090
vn -0.6678 0.7444 -0.0040
vn -0.6691 0.7432 -0.0013
vn 0.7458 0.6607 -0.0851
vn 0.7454 0.6614 -0.0836
vn 0.7463 0.6600 -0.0866
vn -0.0053 -0.0869 -0.9962
vn 0.3769 0.3676 -0.8502
vn -0.4835 0.6086 -0.6291
vn -0.4802 0.4675 -0.7422
vn -0.4943 0.4512 -0.7431
vn 0.7466 0.6596 -0.0874
vn -0.4489 0.6756 -0.5848
vn -0.5443 0.4214 0.7254
vn 0.6791 -0.5919 0.4342
vn 0.1873 0.8395 0.5101
vn 0.5226 0.7958 0.3060
vn 0.3629 0.8392 0.4051
vn 0.5706 0.7782 0.2625
vn -0.4388 0.4591 -0.7724
vn -0.4390 0.4619 -0.7706
vn -0.0168 -0.0018 0.9999
vn -0.0140 -0.0326 0.9994
vn -0.0085 0.0094 0.9999
vn 0.0028 -0.0297 0.9996
vn -0.7379 -0.6713 -0.0704
vn 0.0102 0.0313 0.9995
vn 0.9970 -0.0639 0.0433
vn 0.9869 0.1606 -0.0137
vn 0.9738 0.2255 -0.0305
vn -0.1681 -0.9853 0.0293
vn 0.1363 -0.9902 -0.0308
vn 0.2048 -0.9778 -0.0442
vn 0.0277 0.0269 0.9993
vn 0.9910 -0.1211 0.0576
vn 0.1262 -0.1804 0.9755
vn 0.3177 -0.0313 0.9477
vn 0.1366 -0.1726 0.9755
vn -0.1732 0.9846 0.0218
vn -0.2024 0.9788 0.0310
vn -0.1981 0.9797 0.0294
vn -0.1677 0.9856 0.0201
vn 0.0183 -0.0114 0.9998
vn 0.0128 -0.0108 0.9999
vn -0.9713 -0.2333 -0.0470
vn -0.9539 0.2924 0.0678
vn -0.0893 -0.3295 0.9399
vn -0.2376 -0.9704 0.0431
vn -0.1008 0.7272 0.6790
vn -0.1080 0.2865 0.9520
vn -0.0602 0.2500 0.9664
vn 0.1661 0.2293 0.9591
vn 0.3150 0.3249 0.8917
vn 0.2591 0.2524 0.9323
vn -0.6483 0.7603 -0.0390
vn -0.6663 0.7439 -0.0503
vn -0.6514 0.7584 -0.0220
vn 0.2783 0.2790 0.9191
vn -0.6795 0.7274 -0.0958
vn -0.6307 0.7623 -0.1454
vn -0.6579 0.7472 0.0943
vn -0.6551 0.7535 -0.0551
vn -0.6790 0.7340 -0.0162
vn 0.4654 -0.4322 -0.7724
vn -0.5770 0.8095 -0.1084
vn -0.1657 0.6908 -0.7038
vn -0.7290 0.6806 -0.0727
vn -0.7360 0.6704 -0.0943
vn -0.7111 0.7031 0.0034
vn 0.4914 0.4634 0.7374
vn 0.6121 0.5325 0.5845
vn 0.3976 0.3332 0.8549
vn -0.6700 0.7423 -0.0003
vn -0.8832 -0.3814 -0.2728
vn 0.3427 0.2750 0.8983
vn 0.0889 0.0632 0.9940
vn 0.2368 0.2381 0.9419
vn 0.9119 0.1995 0.3587
vn 0.8410 0.2310 0.4892
vn 0.9025 0.1979 0.3826
vn 0.2496 0.2452 0.9368
vn 0.8597 0.2190 0.4614
vn 0.7345 0.6661 0.1300
vn 0.7413 0.6664 0.0799
vn 0.6960 0.2695 0.6656
vn 0.9069 0.2318 -0.3519
vn 0.9097 0.1291 -0.3948
vn 0.9093 0.1189 -0.3987
vn 0.9060 0.2417 -0.3475
vn 0.5940 -0.4882 -0.6394
vn 0.6194 -0.7791 -0.0966
vn 0.5887 -0.7823 -0.2035
vn 0.6474 -0.7614 0.0347
vn -0.3594 -0.8819 -0.3051
vn -0.5454 -0.8193 -0.1769
vn -0.2696 -0.8865 -0.3760
vn 0.6757 -0.7371 0.0023
vn 0.6754 -0.7374 0.0054
vn -0.3561 -0.3384 0.8710
vn -0.1564 -0.2292 0.9607
vn -0.2042 -0.2100 0.9561
vn -0.6341 -0.7712 -0.0556
vn -0.8504 -0.4588 0.2577
vn -0.2561 -0.1685 0.9519
vn -0.8444 -0.4601 0.2745
vn -0.8735 -0.3271 0.3606
vn -0.2597 -0.1172 0.9585
vn -0.4315 -0.3481 0.8322
vn -0.0732 -0.0939 0.9929
vn -0.3343 -0.2860 0.8980
vn 0.6700 -0.7424 -0.0023
vn -0.5721 -0.5379 0.6192
vn -0.7716 0.6204 0.1403
vn -0.7110 0.7026 0.0276
vn -0.8256 0.1296 0.5491
vn -0.6402 0.7676 0.0292
vn -0.6249 0.7801 0.0299
vn -0.4397 0.8841 -0.1579
vn -0.5940 0.8025 -0.0565
vn -0.5997 0.7985 -0.0519
vn 0.5087 -0.3550 -0.7843
vn -0.6509 0.7590 -0.0150
vn 0.7520 0.6588 0.0242
vn -0.6688 0.7435 0.0011
vn -0.6692 0.7431 0.0020
vn 0.2521 -0.0105 0.9677
vn 0.1688 0.0479 0.9845
vn 0.2714 -0.0244 0.9621
vn 0.1431 0.0662 0.9875
vn -0.8297 -0.3680 0.4198
vn -0.8132 -0.0024 -0.5819
vn -0.0879 -0.9953 0.0410
vn -0.6519 0.7576 -0.0330
vn -0.2120 -0.6239 -0.7522
vn -0.9371 -0.2982 -0.1813
vn -0.2462 -0.9684 0.0396
vn -0.6188 0.5735 -0.5369
vn 0.7372 0.6713 0.0774
vn -0.2753 0.5100 -0.8149
vn -0.3260 0.7082 -0.6262
vn 0.0683 0.5743 -0.8158
vn -0.2212 0.8118 -0.5405
vn -0.3789 0.8547 -0.3549
vn -0.1085 0.8976 -0.4273
vn -0.3409 0.9172 -0.2062
vn -0.7528 0.5523 0.3582
vn -0.7492 0.5642 0.3469
vn -0.7928 0.3558 0.4949
vn -0.8361 0.4165 0.3570
vn -0.8441 0.4423 0.3032
vn -0.9120 0.2358 0.3355
vn -0.9791 -0.0674 0.1920
vn -0.9378 0.2206 0.2680
vn -0.9723 0.2228 0.0712
vn -0.6228 -0.6042 0.4970
vn -0.6290 -0.7103 0.3160
vn -0.9570 -0.0481 0.2861
vn -0.8978 -0.4116 0.1566
vn -0.7567 -0.6475 0.0901
vn -0.3099 -0.5715 -0.7598
vn -0.7905 -0.4955 -0.3599
vn -0.6143 -0.7404 -0.2728
vn -0.9213 -0.3237 -0.2155
vn -0.3703 -0.9257 -0.0771
vn -0.4939 -0.8634 0.1030
vn 0.5891 0.4677 0.6589
vn 0.9689 0.2239 -0.1057
vn 0.8291 -0.1100 -0.5482
vn 0.5662 -0.2057 -0.7982
vn 0.6325 -0.4087 -0.6579
vn 0.3390 -0.5003 -0.7967
vn 0.1167 -0.5352 -0.8366
vn 0.2770 -0.2806 -0.9190
vn 0.0113 -0.8521 0.5232
vn -0.6737 0.7369 -0.0556
vn -0.6634 0.7450 -0.0696
vn -0.6859 0.7248 -0.0654
vn -0.6511 0.7567 -0.0595
vn -0.6939 0.7181 -0.0529
vn -0.7717 0.0993 -0.6282
vn 0.7369 0.6005 -0.3105
vn 0.7297 0.6099 -0.3091
vn 0.6847 -0.7288 -0.0118
vn -0.6686 -0.6546 0.3528
vn -0.7066 -0.6540 0.2701
vn -0.6789 -0.7126 0.1770
vn -0.1171 -0.0179 0.9930
vn -0.2768 -0.5544 0.7849
vn 0.4873 -0.0779 0.8697
vn 0.5855 -0.1109 0.8030
vn 0.4963 -0.0808 0.8644
vn 0.5209 -0.8536 -0.0053
vn 0.9893 -0.1306 0.0645
vn 0.5946 -0.1140 0.7959
vn -0.1522 0.3983 -0.9045
vn -0.2284 0.4567 -0.8598
vn -0.0904 -0.0654 -0.9938
vn -0.3559 -0.2397 -0.9032
vn -0.2120 -0.2310 -0.9496
vn -0.8667 -0.3130 -0.3884
vn -0.5597 -0.8189 0.1270
vn -0.8571 -0.4418 -0.2651
vn -0.8770 -0.2791 -0.3911
vn -0.5206 -0.8285 0.2063
vn -0.1472 -0.2475 -0.9576
vn -0.2825 -0.8882 0.3624
vn -0.4218 0.7092 0.5650
vn -0.4794 0.5962 0.6440
vn -0.5282 0.5371 0.6577
vn -0.8501 -0.1218 -0.5124
vn -0.5234 0.4862 0.6998
vn -0.7102 -0.6598 0.2455
vn -0.1022 -0.0143 -0.9947
vn -0.0083 -0.0276 -0.9996
vn -0.1139 -0.0133 -0.9934
vn -0.0236 0.0190 -0.9995
vn -0.0322 0.0142 -0.9994
vn -0.4510 0.5141 0.7296
vn 0.0301 -0.0051 -0.9995
vn 0.7446 0.6638 0.0704
vn 0.0133 -0.0109 -0.9999
vn 0.0678 -0.9943 -0.0827
vn -0.8497 -0.5270 -0.0173
vn -0.9623 -0.2625 0.0710
vn -0.8807 -0.4736 0.0017
vn 0.8332 -0.5431 0.1040
vn -0.9727 -0.2160 0.0851
vn 0.2177 0.9743 0.0577
vn -0.3940 0.9167 -0.0670
vn -0.1740 0.3167 -0.9325
vn 0.3593 0.0410 -0.9323
vn 0.9742 0.2174 -0.0608
vn 0.1082 0.8229 -0.5577
vn 0.1086 0.8230 -0.5576
vn 0.6393 0.7484 -0.1766
vn 0.1233 0.2005 -0.9719
vn -0.0619 -0.8108 0.5820
vn 0.1036 0.8547 0.5087
vn 0.9768 0.1997 -0.0776
vn -0.7515 -0.6596 -0.0129
vn -0.7509 -0.6604 -0.0027
vn 0.6119 -0.7909 -0.0066
vn 0.3234 -0.4179 -0.8490
vn 0.5042 -0.5457 -0.6693
vn 0.5369 -0.5668 -0.6249
vn -0.0973 0.1031 0.9899
vn 0.1643 -0.0651 0.9843
vn 0.1084 -0.0288 0.9937
vn -0.1652 0.1461 0.9754
vn -0.7511 -0.5714 0.3306
vn -0.8620 -0.4908 0.1271
vn -0.8593 -0.4937 0.1337
vn -0.9195 -0.3857 -0.0759
vn -0.5869 0.7307 -0.3487
vn -0.6328 0.7335 -0.2481
vn -0.6468 0.7324 -0.2127
vn 0.2533 -0.3647 -0.8960
vn -0.5724 0.7283 -0.3768
vn 0.7296 0.6836 0.0219
vn 0.7260 0.6875 0.0169
vn -0.6897 0.7214 0.0631
vn -0.5796 0.8093 -0.0950
vn -0.5854 0.8059 -0.0879
vn -0.0025 -0.0196 0.9998
vn 0.0300 0.7675 0.6403
vn -0.1694 -0.9330 -0.3174
vn -0.0973 -0.9752 -0.1990
vn -0.1210 -0.9639 -0.2371
vn -0.1930 -0.9141 -0.3567
vn -0.2314 -0.2992 -0.9257
vn -0.2819 -0.3244 -0.9029
vn -0.1562 -0.3076 -0.9386
vn -0.3064 -0.3171 -0.8976
vn -0.6921 -0.6788 0.2453
vn 0.3413 -0.9349 0.0971
vn -0.4712 0.8540 -0.2208
vn -0.4962 0.1609 0.8532
vn -0.0365 -0.0249 0.9990
vn 0.0073 -0.0257 0.9996
vn 0.2564 0.7349 0.6279
vn 0.3348 0.7560 0.5624
vn 0.2178 0.7219 0.6568
vn 0.1164 0.6809 0.7231
vn -0.6349 0.4836 0.6026
vn -0.6117 0.6125 0.5007
vn -0.6387 0.4383 0.6325
vn 0.2052 0.9679 -0.1451
vn -0.8514 0.4915 0.1828
vn -0.8920 0.4343 0.1253
vn -0.8835 0.4475 0.1384
vn -0.9264 0.3709 0.0644
vn -0.6358 0.2541 0.7288
vn 0.8196 -0.0554 0.5703
vn -0.6277 0.6779 0.3827
vn 0.1156 0.8469 -0.5190
vn -0.8074 0.5810 -0.1023
vn -0.8011 0.5873 -0.1155
vn -0.8125 0.5758 -0.0914
vn -0.7306 -0.6727 -0.1166
vn -0.7284 -0.6777 -0.1006
vn -0.7301 -0.6741 -0.1121
vn -0.7278 -0.6789 -0.0968
vn 0.0131 0.0108 -0.9999
vn -0.1815 -0.9773 -0.1095
vn -0.1863 -0.9776 -0.0976
vn -0.1791 -0.9771 -0.1152
vn -0.0058 0.0002 -1.0000
vn -0.0022 0.0028 -1.0000
vn 0.0010 0.0074 -1.0000
vn -0.1888 -0.9778 -0.0913
vn 0.0012 0.0016 -1.0000
vn -0.0022 0.0011 -1.0000
vn 0.0141 0.0136 -0.9998
vn -0.0885 0.9947 0.0516
vn 0.0103 0.0077 -0.9999
vn 0.7800 0.5954 0.1924
vn 0.3637 0.8630 -0.3507
vn 0.0230 0.0268 -0.9994
vn 0.9394 0.1898 -0.2854
vn 0.9837 -0.0087 -0.1796
vn 0.9825 -0.1212 -0.1414
vn 0.9948 0.0212 -0.0992
vn 0.9810 -0.1729 -0.0876
vn -0.0047 0.0040 -1.0000
vn -0.0009 0.0022 -1.0000
vn 0.0001 0.0030 -1.0000
vn 0.9572 -0.2822 -0.0648
vn 0.0003 0.0064 -1.0000
vn 0.7322 0.6724 -0.1086
vn 0.7235 0.6837 -0.0951
vn 0.7233 0.6840 -0.0948
vn 0.9443 -0.3150 -0.0950
vn 0.0465 -0.0042 -0.9989
vn 0.0774 0.0639 -0.9950
vn 0.7155 0.6937 -0.0828
vn -0.6212 0.7738 -0.1236
vn -0.6317 0.7672 -0.1112
vn -0.6317 0.7671 -0.1115
vn -0.8188 0.5689 -0.0773
vn -0.9843 -0.1538 -0.0865
vn -0.9825 -0.1598 -0.0955
vn -0.9867 -0.1450 -0.0733
vn -0.9797 -0.1683 -0.1085
vn -0.6409 0.7611 -0.1000
vn 0.9946 0.0226 -0.1011
vn 0.6842 -0.7224 -0.1003
vn 0.6840 -0.7226 -0.1006
vn 0.6873 -0.7199 -0.0965
vn 0.7692 0.6299 -0.1077
vn 0.7694 0.6296 -0.1081
vn 0.7618 0.6408 -0.0949
vn 0.7775 0.6169 -0.1225
vn -0.0011 0.0084 -1.0000
vn -0.0030 0.0100 -0.9999
vn -0.0075 0.0086 -0.9999
vn 0.6804 -0.7253 -0.1049
vn -0.0824 -0.0847 -0.9930
vn 0.8569 -0.5135 0.0445
vn -0.9424 0.3145 -0.1135
vn -0.9418 0.3157 -0.1151
vn -0.9914 0.0748 -0.1071
vn -0.7265 -0.6748 -0.1296
vn -0.7136 -0.6919 -0.1095
vn -0.7129 -0.6928 -0.1085
vn -0.7010 -0.7074 -0.0907
vn -0.0426 -0.0009 -0.9991
vn -0.9909 0.0807 -0.1079
vn -0.9831 -0.1587 -0.0912
vn -0.9825 -0.1608 -0.0937
vn -0.0078 -0.0024 -1.0000
vn 0.0046 -0.0033 -1.0000
vn 0.0014 -0.0040 -1.0000
vn 0.0046 -0.0025 -1.0000
vn 0.9936 -0.0349 -0.1076
vn 0.9933 -0.0375 -0.1090
vn 0.9548 -0.2742 -0.1148
vn 0.9753 0.1996 -0.0946
vn 0.0110 0.0015 -0.9999
vn 0.0083 -0.0072 -0.9999
vn 0.6259 -0.7707 -0.1192
vn 0.6257 -0.7708 -0.1193
vn 0.6322 -0.7667 -0.1118
vn 0.9767 0.1950 -0.0893
vn 0.6190 -0.7750 -0.1270
vn 0.0087 -0.0009 -1.0000
vn 0.9539 -0.2762 -0.1176
vn 0.0844 0.9953 -0.0467
vn 0.0645 0.9950 -0.0757
vn 0.0519 0.9942 -0.0937
vn 0.0289 0.9915 -0.1270
vn 0.0720 0.9794 -0.1886
vn 0.2117 0.8072 -0.5510
vn -0.2535 -0.6525 -0.7141
vn -0.2043 -0.8962 0.3939
vn 0.5044 -0.5770 0.6424
vn 0.5101 0.3824 0.7704
vn 0.7767 0.6254 0.0754
vn 0.7159 0.6124 0.3353
vn 0.7074 0.6203 -0.3389
vn 0.6563 0.5684 0.4961
vn 0.7699 -0.6382 -0.0020
vn 0.7767 -0.6299 -0.0060
vn 0.7719 -0.6357 -0.0031
vn 0.2506 0.1843 0.9504
vn 0.3360 0.2767 0.9003
vn 0.3303 0.2705 0.9043
vn 0.7005 0.6057 0.3774
vn 0.5920 0.3415 0.7299
vn 0.9106 0.0032 0.4132
vn 0.8876 -0.0183 0.4602
vn 0.9454 0.0430 0.3230
vn 0.9855 0.0214 -0.1681
vn 0.9257 -0.0954 -0.3661
vn 0.9718 -0.0139 -0.2354
vn 0.9542 0.0475 -0.2953
vn 0.8828 0.3696 0.2900
vn 0.8819 0.3660 0.2971
vn 0.4593 0.3097 0.8326
vn 0.7106 0.4121 0.5703
vn 0.6682 -0.7439 0.0027
vn 0.6686 -0.7436 0.0015
vn 0.6779 -0.7351 0.0024
vn 0.6694 -0.7429 0.0010
vn 0.6722 -0.7404 0.0004
vn 0.6689 0.4844 0.5638
vn -0.5214 -0.5005 -0.6911
vn -0.5215 -0.5188 -0.6774
vn -0.5213 -0.5474 -0.6547
vn 0.4998 0.3454 -0.7943
vn 0.2352 0.3024 -0.9237
vn 0.4033 0.3324 -0.8526
vn 0.6690 -0.7432 0.0001
vn -0.5643 -0.5460 0.6193
vn -0.5639 -0.5541 0.6123
vn -0.5642 -0.5490 0.6167
vn -0.5643 -0.5416 0.6231
vn 0.6689 -0.7434 -0.0005
vn -0.5206 -0.4730 -0.7109
vn -0.6690 0.7433 -0.0002
vn -0.6689 0.7433 -0.0002
vn -0.6690 0.7432 -0.0000
vn -0.6690 0.7433 0.0002
vn -0.6602 0.7511 -0.0009
vn -0.7520 -0.6240 -0.2126
vn -0.6179 -0.5433 -0.5684
vn -0.7364 -0.6398 -0.2198
vn -0.3250 -0.2430 -0.9139
vn -0.2799 -0.2169 -0.9352
vn -0.3355 -0.2491 -0.9085
vn -0.7107 -0.5624 0.4225
vn -0.6587 0.7524 0.0053
vn -0.5315 0.8471 0.0008
vn 0.4153 0.5815 -0.6995
vn 0.3833 0.4029 -0.8311
vn 0.4021 0.4970 -0.7690
vn 0.3649 0.3238 -0.8729
vn -0.2400 -0.1937 -0.9513
vn -0.9076 -0.2507 -0.3369
vn -0.6696 -0.1048 -0.7353
vn -0.5982 -0.0961 -0.7956
vn -0.6055 -0.0970 -0.7899
vn -0.6725 -0.1052 -0.7326
vn -0.7681 -0.1095 -0.6309
vn -0.7786 -0.1275 -0.6145
vn -0.7790 -0.1284 -0.6137
vn 0.0188 0.4014 -0.9157
vn 0.8653 0.3631 0.3456
vn -0.8772 -0.4370 0.1987
vn -0.8790 -0.2693 0.3934
vn -0.9188 -0.3126 0.2409
vn -0.9570 -0.1243 0.2620
vn -0.9173 -0.0200 0.3977
vn -0.7428 -0.3869 0.5464
vn -0.8144 -0.5155 0.2664
vn -0.7657 -0.0738 0.6390
vn -0.6046 -0.4171 0.6787
vn -0.7337 -0.5656 0.3766
vn -0.6302 -0.2531 0.7340
vn -0.5969 0.0465 0.8010
vn -0.4708 -0.0925 0.8774
vn -0.5279 -0.2572 0.8094
vn -0.3746 0.1285 0.9182
vn -0.2859 -0.0123 0.9582
vn -0.4091 -0.1727 0.8960
vn 0.6823 -0.7309 -0.0181
vn 0.6967 -0.7170 0.0251
vn 0.6457 -0.7551 -0.1136
vn -0.5702 -0.6634 -0.4845
vn -0.5698 -0.6548 -0.4965
vn -0.5704 -0.6738 -0.4697
vn -0.5704 -0.6812 -0.4589
vn -0.3311 -0.1994 0.9223
vn -0.3313 -0.1959 0.9229
vn -0.4304 -0.0631 0.9004
vn 0.9081 -0.4102 0.0841
vn 0.8902 -0.4442 0.1013
vn 0.8950 -0.4354 0.0969
vn 0.7757 0.5747 0.2609
vn 0.7755 0.5757 0.2593
vn 0.7759 0.5737 0.2624
vn 0.7753 0.5766 0.2577
vn 0.6690 -0.7433 -0.0000
vn 0.6690 -0.7432 -0.0001
vn 0.6691 -0.7432 -0.0002
vn 0.4419 0.1560 -0.8834
vn 0.3402 0.1928 -0.9204
vn 0.3401 0.1839 -0.9222
vn 0.4087 0.0994 -0.9073
vn 0.8756 -0.4694 0.1137
vn 0.2840 0.0038 -0.9588
vn 0.1465 0.0260 -0.9889
vn 0.1466 0.0280 -0.9888
vn 0.1711 -0.0655 -0.9831
vn -0.6050 -0.7542 -0.2553
vn -0.6000 -0.7555 -0.2631
vn -0.5922 -0.7575 -0.2749
vn -0.5870 -0.7587 -0.2827
vn 0.5010 0.0076 -0.8654
vn 0.2874 -0.1100 -0.9515
vn 0.7109 -0.7029 -0.0247
vn 0.8411 -0.5283 0.1163
vn 0.7575 -0.6526 0.0200
vn 0.8085 0.5884 -0.0118
vn 0.8129 0.5820 -0.0242
vn 0.8161 0.5769 -0.0337
vn 0.8044 0.5942 -0.0004
vn 0.0222 -0.2127 -0.9769
vn 0.0563 -0.2875 -0.9561
vn -0.0226 -0.1792 -0.9835
vn 0.5952 -0.7947 -0.1195
vn -0.6591 -0.7517 0.0233
vn -0.6474 -0.7602 0.0546
vn -0.6392 -0.7653 0.0756
vn -0.0083 -0.2474 -0.9689
vn -0.6673 -0.7448 0.0001
vn 0.6687 -0.7435 -0.0013
vn 0.6685 -0.7437 -0.0005
vn 0.6688 -0.7434 -0.0018
vn 0.6683 -0.7439 0.0002
vn -0.0410 -0.1598 -0.9863
vn 0.7106 -0.6844 -0.1634
vn 0.5702 -0.8193 0.0606
vn 0.6173 -0.7867 -0.0055
vn 0.8036 0.5463 -0.2363
vn 0.7994 0.5622 -0.2119
vn 0.7950 0.5763 -0.1895
vn 0.4386 -0.8718 0.2183
vn -0.1106 -0.4552 -0.8835
vn -0.1642 -0.3288 -0.9300
vn 0.8064 0.5328 -0.2565
vn -0.6426 -0.7321 0.2261
vn -0.6479 -0.7215 0.2441
vn -0.6384 -0.7400 0.2118
vn -0.6524 -0.7122 0.2592
vn -0.2226 -0.3216 -0.9203
vn -0.2271 -0.3042 -0.9252
vn 0.6694 -0.7429 -0.0000
vn 0.6694 -0.7429 -0.0003
vn 0.6690 -0.7433 -0.0008
vn 0.6689 -0.7434 -0.0006
vn 0.7029 0.5077 -0.4982
vn 0.7108 0.5070 -0.4875
vn 0.7198 0.5061 -0.4752
vn 0.7270 0.5052 -0.4649
vn -0.2233 -0.3724 -0.9008
vn 0.8087 -0.5491 -0.2109
vn 0.7896 -0.6074 -0.0875
vn 0.7969 -0.5914 -0.1233
vn 0.7669 -0.6418 0.0032
vn -0.2882 -0.5165 -0.8063
vn -0.3813 -0.6172 -0.6882
vn -0.4325 -0.4859 -0.7595
vn -0.5543 -0.6999 0.4503
vn -0.5556 -0.6917 0.4614
vn -0.5571 -0.6796 0.4772
vn -0.5581 -0.6701 0.4895
vn -0.5446 -0.6123 -0.5731
vn 0.6708 -0.7416 -0.0002
vn 0.6709 -0.7416 -0.0001
vn 0.6711 -0.7414 -0.0001
vn 0.6710 -0.7415 -0.0005
vn -0.6076 -0.7061 -0.3636
vn -0.5330 -0.7161 -0.4507
vn 0.6705 -0.7419 0.0035
vn 0.6690 -0.7432 -0.0026
vn -0.3312 -0.8204 -0.4661
vn -0.4903 -0.7938 -0.3599
vn -0.2976 -0.8906 -0.3438
vn -0.0973 -0.9238 -0.3704
vn -0.1062 -0.8262 -0.5533
vn -0.2724 -0.7086 -0.6509
vn -0.1875 -0.7085 -0.6803
vn -0.1631 -0.5878 -0.7924
vn 0.2219 -0.0079 -0.9750
vn 0.6713 -0.7412 0.0013
vn 0.0944 -0.5767 -0.8115
vn -0.0311 -0.6495 -0.7597
vn -0.6194 -0.7778 0.1064
vn -0.0093 -0.7387 -0.6740
vn 0.1019 -0.7597 -0.6423
vn -0.6740 -0.5995 -0.4317
vn -0.3037 -0.2998 -0.9044
vn 0.3400 -0.6510 -0.6786
vn 0.1387 -0.8875 -0.4395
vn 0.3187 -0.5586 -0.7658
vn 0.5541 -0.4048 -0.7274
vn 0.5919 -0.5171 -0.6183
vn 0.4470 -0.7376 -0.5061
vn 0.6260 -0.2135 -0.7500
vn 0.7784 -0.2377 -0.5811
vn 0.7409 -0.5019 -0.4463
vn 0.7619 -0.0637 -0.6446
vn 0.8737 0.0933 -0.4774
vn 0.9062 -0.2727 -0.3231
vn 0.9166 -0.3672 -0.1579
vn 0.9966 -0.0809 -0.0159
vn 0.9833 0.0398 0.1776
vn 0.9428 -0.1903 0.2739
vn 0.9141 -0.3590 0.1884
vn 0.9561 0.0328 0.2913
vn 0.8951 0.0001 0.4458
vn 0.8377 -0.2402 0.4904
vn 0.7683 -0.4424 0.4627
vn 0.5503 -0.6438 0.5318
vn 0.6595 -0.6748 0.3312
vn 0.7022 -0.2447 0.6687
vn 0.5195 -0.4944 0.6969
vn 0.7888 -0.0315 0.6139
vn 0.6657 -0.0606 0.7438
vn 0.4903 -0.1356 0.8610
vn 0.5342 -0.3484 0.7702
vn 0.5578 -0.2896 0.7778
vn 0.5446 -0.2420 0.8030
vn 0.8175 0.2902 0.4975
vn 0.8709 0.0745 0.4858
vn 0.5544 0.4153 0.7213
vn 0.6204 0.5291 0.5789
vn 0.5156 0.3555 0.7796
vn 0.6528 0.5970 0.4663
vn 0.0400 0.0602 0.9974
vn -0.3216 -0.4030 0.8568
vn 0.7381 0.1806 0.6501
vn 0.6531 0.2653 0.7093
vn 0.5892 0.0927 0.8026
vn 0.6684 -0.7438 -0.0001
vn 0.4584 0.2415 0.8553
vn 0.2527 -0.1676 0.9529
vn 0.6700 -0.7424 0.0002
vn 0.7939 0.5673 -0.2190
vn 0.3796 0.1273 0.9163
vn -0.3791 -0.5862 0.7160
vn 0.3802 0.2641 0.8864
vn -0.0959 -0.1061 0.9897
vn -0.4028 -0.5957 0.6949
vn -0.4541 -0.6076 0.6516
vn 0.6716 -0.7409 0.0042
vn 0.6757 -0.7372 0.0032
vn 0.6658 -0.7461 -0.0010
vn 0.6668 -0.7452 -0.0044
vn 0.6898 -0.7240 -0.0004
vn 0.7034 -0.7108 -0.0100
vn -0.7058 -0.6972 0.1256
vn 0.9413 0.3375 0.0004
vn 0.8829 0.4695 -0.0133
vn 0.7902 0.6079 0.0783
vn 0.0364 -0.0873 0.9955
vn 0.0019 -0.0432 0.9991
vn -0.0061 -0.0499 0.9987
vn 0.0150 -0.0341 0.9993
vn 0.9178 0.3945 0.0435
vn 0.9184 0.3955 0.0138
vn 0.9556 0.2947 -0.0066
vn 0.9128 0.3983 -0.0900
vn 0.9937 0.1063 -0.0356
vn -0.5052 -0.5209 0.6881
vn -0.3976 -0.4412 0.8045
vn -0.3853 -0.4317 0.8156
vn -0.3851 -0.1214 -0.9149
vn -0.2717 -0.0409 -0.9615
vn -0.2276 -0.1017 -0.9684
vn -0.3780 0.0525 -0.9243
vn 0.9964 -0.0741 -0.0400
vn -0.2210 0.1467 -0.9642
vn 0.9959 0.0644 -0.0636
vn -0.2496 0.3086 -0.9178
vn -0.0584 0.2905 -0.9551
vn 0.3525 -0.1580 -0.9224
vn 0.5558 -0.7408 -0.3772
vn 0.0952 0.2979 -0.9498
vn 0.1718 0.4051 -0.8980
vn -0.3105 -0.9501 -0.0283
vn -0.2969 -0.9549 -0.0060
vn -0.2509 -0.9680 0.0004
vn 0.0648 -0.4840 -0.8727
vn -0.0361 0.4430 -0.8958
vn 0.1128 0.6174 -0.7785
vn 0.3255 0.5923 -0.7370
vn 0.2976 0.4028 -0.8656
vn -0.1900 0.5475 -0.8149
vn -0.0791 0.7227 -0.6866
vn 0.2026 0.7901 -0.5785
vn -0.1706 0.8026 -0.5716
vn 0.1186 0.8917 -0.4368
vn 0.3857 0.8531 -0.3515
vn 0.4735 0.6567 -0.5870
vn 0.5935 0.7495 -0.2933
vn 0.1981 0.9230 -0.3299
vn 0.3567 0.9065 -0.2259
vn 0.0404 0.9734 -0.2255
vn 0.5242 0.8313 -0.1848
vn 0.6668 0.7437 -0.0474
vn 0.6771 0.7156 -0.1714
vn 0.5623 0.6035 -0.5653
vn -0.3983 0.9169 0.0237
vn -0.0534 0.9979 -0.0372
vn -0.3357 0.9417 -0.0238
vn 0.6600 0.7475 0.0752
vn 0.3264 0.8207 0.4689
vn 0.0969 0.6683 0.7375
vn 0.1031 0.6869 0.7194
vn 0.0626 0.6594 0.7492
vn -0.2210 0.3537 0.9089
vn -0.7640 0.6452 -0.0082
vn -0.8744 0.4851 -0.0080
vn 0.0850 0.6514 -0.7539
vn 0.0552 0.6581 -0.7509
vn 0.0559 0.6588 -0.7503
vn -0.6163 -0.5149 -0.5959
vn -0.4545 -0.3578 -0.8157
vn -0.4220 -0.3627 -0.8309
vn -0.8528 0.5162 -0.0793
vn -0.7011 0.7130 -0.0050
vn -0.6905 0.7234 0.0030
vn -0.7973 0.6035 -0.0059
vn -0.6821 0.7312 -0.0001
vn -0.6251 -0.3457 0.6998
vn -0.4904 -0.3816 0.7835
vn -0.3840 -0.2527 0.8881
vn -0.6756 0.7372 -0.0012
vn -0.5866 -0.2645 0.7655
vn -0.8145 -0.5581 0.1583
vn -0.7230 -0.6248 0.2947
vn -0.7603 -0.6019 0.2442
vn -0.6691 0.7431 0.0001
vn -0.1403 -0.3014 0.9431
vn 0.6695 -0.7428 -0.0017
vn 0.6690 -0.7433 -0.0014
vn 0.6714 -0.7411 0.0005
vn 0.6525 -0.7577 -0.0092
vn 0.6696 -0.7427 -0.0013
vn 0.4876 0.5281 0.6952
vn 0.4254 0.5272 0.7356
vn 0.3015 0.5177 0.8007
vn 0.6692 -0.7431 0.0001
vn 0.6726 -0.7400 0.0030
vn -0.6668 -0.6516 0.3616
vn 0.6707 -0.7417 0.0027
vn -0.2807 -0.3211 -0.9045
vn -0.4542 -0.3574 -0.8161
vn -0.3647 -0.3399 -0.8669
vn 0.7283 -0.6845 -0.0318
vn 0.5439 0.4950 -0.6776
vn 0.3946 0.4863 -0.7796
vn 0.4803 0.4932 -0.7253
vn -0.1968 -0.3001 -0.9334
vn -0.6690 0.7432 0.0002
vn -0.6694 0.7429 0.0001
vn -0.6692 0.7431 -0.0002
vn -0.6693 0.7430 0.0001
vn 0.6355 0.4917 -0.5953
vn -0.1017 -0.0692 -0.9924
vn 0.0245 0.0736 -0.9970
vn 0.2900 0.4576 -0.8405
vn 0.5518 0.5407 -0.6350
vn 0.4999 0.4808 -0.7204
vn 0.2701 0.7598 -0.5913
vn 0.1579 0.6811 -0.7150
vn 0.1052 0.6482 -0.7542
vn 0.4995 0.8404 0.2105
vn 0.2782 0.9204 0.2748
vn 0.5259 0.7774 0.3451
vn 0.1305 0.9572 0.2583
vn 0.3030 0.8799 0.3660
vn 0.3000 0.7600 0.5765
vn 0.6461 0.7310 0.2196
vn 0.4724 0.6617 0.5822
vn 0.5040 0.6063 0.6151
vn 0.2446 0.6019 0.7601
vn -0.0030 0.7419 0.6705
vn 0.0354 0.5025 0.8638
vn 0.2912 0.4924 0.8203
vn -0.1676 0.5322 0.8299
vn -0.3046 0.6408 0.7047
vn -0.1683 0.8234 0.5419
vn 0.1132 0.8974 0.4264
vn -0.0961 0.9431 0.3182
vn -0.0181 0.9910 0.1330
vn 0.0874 0.9879 0.1284
vn 0.0060 0.9996 -0.0293
vn -0.2086 0.9705 -0.1208
vn -0.2763 0.9557 0.1013
vn 0.6779 0.6442 -0.3542
vn 0.7009 0.6744 -0.2322
vn 0.7049 0.6748 -0.2187
vn 0.6337 0.5867 0.5042
vn 0.5106 0.5101 0.6922
vn 0.4864 0.4898 0.7235
vn -0.6691 0.7432 0.0002
vn 0.6840 0.6226 0.3800
vn 0.4374 0.4267 0.7916
vn 0.1351 0.9844 -0.1127
vn -0.1390 -0.0809 0.9870
vn -0.1474 -0.0878 0.9852
vn -0.1012 -0.0483 0.9937
vn -0.1403 -0.0872 0.9863
vn 0.1841 0.7081 0.6817
vn 0.2323 0.7248 0.6486
vn 0.2305 0.6265 0.7445
vn 0.2291 0.6175 0.7524
vn -0.6600 0.7513 -0.0024
vn -0.4344 0.8385 0.3289
vn -0.4385 0.8449 -0.3064
vn -0.3059 0.8565 0.4158
vn -0.6398 0.6609 0.3922
vn -0.4854 0.6716 0.5598
vn -0.7245 0.4751 0.4993
vn -0.5566 0.4832 0.6758
vn -0.6840 0.2153 0.6970
vn -0.8089 0.2354 0.5388
vn -0.4489 0.3742 0.8114
vn -0.9402 0.1961 0.2787
vn -0.8700 0.4104 0.2734
vn -0.8864 0.4623 -0.0226
vn -0.9479 0.3098 -0.0746
vn -0.9933 0.1148 0.0117
vn -0.9579 0.1080 -0.2660
vn -0.7277 0.5884 -0.3523
vn -0.8632 0.3703 -0.3433
vn -0.7360 0.4490 -0.5067
vn -0.8546 0.1662 -0.4921
vn -0.5582 0.5772 -0.5961
vn -0.6939 0.3034 -0.6530
vn -0.8214 0.0010 -0.5703
vn -0.5997 0.1335 -0.7890
vn -0.4680 0.3473 -0.8126
vn -0.3824 0.5798 -0.7195
vn -0.3796 0.7860 -0.4879
vn -0.1438 0.9299 -0.3386
vn -0.5853 -0.0765 -0.8072
vn -0.6877 -0.2592 -0.6782
vn -0.5269 -0.2745 -0.8044
vn 0.6610 -0.7503 -0.0098
vn 0.6697 -0.7426 -0.0050
vn 0.6768 -0.7362 0.0023
vn -0.7054 -0.5618 -0.4322
vn -0.7107 -0.4363 -0.5519
vn -0.8817 -0.1945 -0.4299
vn -0.8319 -0.4800 -0.2786
vn -0.7827 -0.6221 -0.0197
vn -0.8155 -0.5700 -0.1005
vn -0.8883 -0.4317 -0.1569
vn -0.9233 -0.2792 -0.2636
vn -0.9538 -0.0823 -0.2890
vn -0.6623 -0.1692 0.7299
vn -0.7806 -0.1257 0.6123
vn -0.7996 -0.1177 0.5889
vn -0.6313 -0.1788 0.7546
vn 0.0341 0.0423 0.9985
vn -0.0011 0.1290 0.9917
vn -0.4221 -0.3407 0.8401
vn -0.6307 -0.5597 0.5375
vn -0.9853 0.0001 -0.1709
vn -0.9967 0.0289 -0.0754
vn -0.7403 -0.6533 0.1584
vn -0.9237 0.2000 0.3269
vn -0.6585 0.7526 0.0067
vn -0.6297 0.7769 -0.0012
vn -0.5457 0.8379 0.0082
vn 0.3090 0.3369 0.8894
vn 0.4072 0.5370 0.7388
vn -0.4483 0.8935 -0.0273
vn -0.3682 0.9297 0.0039
vn -0.0323 0.4489 0.8930
vn -0.3674 0.2392 0.8988
vn -0.0589 0.4425 0.8948
vn -0.5299 0.0622 0.8457
vn -0.2815 0.0883 0.9555
vn -0.4742 0.0963 0.8751
vn -0.7837 -0.1454 0.6039
vn -0.9423 0.3348 0.0038
vn -0.9421 0.3353 0.0037
vn -0.9422 0.3351 0.0037
vn -0.2351 0.0905 0.9677
vn 0.6249 0.3561 -0.6947
vn 0.5570 0.3038 0.7730
vn 0.3122 0.2413 0.9189
vn 0.4462 0.2773 0.8509
vn 0.6462 0.7392 0.1898
vn 0.6728 -0.7398 -0.0010
vn 0.6693 -0.7430 -0.0003
vn 0.6701 -0.7423 -0.0006
vn 0.1406 0.1903 0.9716
vn 0.5627 0.3511 -0.7484
vn 0.3859 0.3089 -0.8693
vn 0.3617 0.2475 -0.8988
vn 0.5805 0.4351 -0.6883
vn 0.6953 0.5479 -0.4651
vn 0.8767 0.4715 -0.0958
vn 0.7181 0.3326 -0.6113
vn 0.7822 0.5376 0.3150
vn 0.9040 0.2122 0.3711
vn 0.9040 0.3458 -0.2513
vn 0.8712 0.3691 -0.3236
vn 0.6908 -0.7230 -0.0039
vn 0.6237 0.3972 0.6732
vn 0.7746 0.4533 -0.4411
vn 0.8237 0.2808 -0.4926
vn 0.8709 0.1884 -0.4539
vn 0.8597 -0.0382 -0.5093
vn 0.8620 -0.0440 -0.5049
vn 0.9708 -0.0156 0.2393
vn 0.3336 0.2777 -0.9009
vn 0.2281 0.1634 -0.9598
vn 0.2223 0.1572 -0.9622
vn 0.7880 0.6157 -0.0024
vn 0.7908 0.6121 -0.0000
vn 0.7672 0.6414 0.0041
vn 0.7799 -0.6259 -0.0079
vn 0.3409 0.2857 -0.8956
vn 0.7672 0.6414 0.0046
vn 0.2463 0.1796 0.9524
vn 0.8167 -0.0724 0.5725
vn 0.6696 -0.7427 -0.0000
vn -0.8093 -0.5793 0.0971
vn -0.7672 -0.1073 -0.6324
vn -0.9423 0.3346 0.0036
vn -0.9761 0.0266 0.2156
vn -0.2840 0.3152 0.9056
vn -0.1792 0.0803 0.9805
vn -0.1249 0.2675 0.9554
vn 0.1271 0.3531 0.9269
vn 0.0256 0.2338 0.9720
vn -0.0168 0.1701 0.9853
vn 0.6321 0.5172 0.5770
vn -0.1895 -0.2681 0.9446
vn -0.3479 -0.3515 0.8692
vn -0.1897 -0.2683 0.9445
vn -0.4849 -0.5323 0.6939
vn -0.5955 -0.7260 0.3439
vn -0.6118 -0.5938 0.5226
vn -0.6156 -0.6308 0.4724
vn 0.6694 -0.7429 0.0001
vn -0.6306 -0.5920 0.5020
vn -0.7017 -0.7078 -0.0812
vn -0.5356 -0.7330 0.4193
vn -0.6805 -0.6435 -0.3505
vn 0.5678 -0.8231 -0.0068
vn 0.5703 -0.8214 -0.0083
vn 0.5713 -0.8207 -0.0087
vn 0.5657 -0.8246 -0.0060
vn -0.3628 -0.5868 0.7239
vn -0.2484 -0.5352 0.8074
vn -0.2803 -0.2881 0.9156
vn -0.7180 -0.6960 0.0020
vn -0.7181 -0.6959 0.0027
vn -0.6893 -0.7244 0.0024
vn -0.7010 -0.7131 0.0011
vn -0.6789 -0.7343 -0.0026
vn -0.6709 -0.7416 0.0016
vn -0.3498 -0.3366 -0.8743
vn -0.2265 -0.2465 -0.9423
vn -0.2339 -0.2520 -0.9390
vn -0.0924 -0.9179 -0.3859
vn 0.0099 -0.8020 -0.5973
vn -0.0166 -0.9987 0.0482
vn 0.1176 -0.9607 0.2513
vn 0.1252 -0.9874 -0.0966
vn -0.1965 -0.9646 0.1760
vn -0.0159 -0.9862 -0.1647
vn -0.1647 -0.9856 -0.0379
vn -0.4013 -0.9115 0.0899
vn 0.0893 -0.8421 0.5319
vn -0.1801 -0.8654 0.4676
vn -0.4265 -0.8642 -0.2670
vn -0.5583 -0.7127 0.4247
vn -0.4230 -0.7964 0.4323
vn -0.3589 -0.7712 0.5258
vn -0.4920 -0.6602 -0.5675
vn -0.4280 -0.7083 -0.5614
vn -0.6103 -0.7720 -0.1775
vn -0.3771 -0.3798 -0.8447
vn -0.1820 0.2292 -0.9562
vn -0.4365 -0.4665 -0.7693
vn -0.3544 -0.4244 -0.8332
vn -0.6423 -0.6027 -0.4734
vn -0.5535 -0.6203 -0.5558
vn -0.4545 -0.6745 0.5817
vn -0.2044 -0.7674 0.6077
vn -0.3190 -0.6784 0.6619
vn -0.3112 -0.4969 0.8101
vn 0.1311 -0.2755 0.9523
vn -0.2910 -0.3446 0.8925
vn 0.0822 -0.5307 0.8435
vn -0.1533 -0.5946 0.7893
vn -0.5286 -0.5804 0.6194
vn 0.0046 -0.6952 0.7188
vn -0.6554 -0.6663 -0.3556
vn 0.6698 -0.7425 -0.0005
vn 0.6696 -0.7427 -0.0010
vn 0.6698 -0.7425 -0.0004
vn 0.6698 -0.7426 -0.0000
vn -0.4438 -0.4950 0.7470
vn -0.5567 -0.5357 0.6349
vn -0.4789 -0.5086 0.7155
vn -0.5995 -0.5485 0.5829
vn -0.0341 -0.7793 0.6257
vn 0.3188 0.1445 0.9368
vn 0.0882 0.0335 0.9955
vn -0.0036 -0.0105 0.9999
vn 0.4059 0.1866 0.8947
vn 0.6678 -0.7444 0.0019
vn 0.6699 -0.7425 -0.0009
vn 0.6684 -0.7438 0.0047
vn 0.6699 -0.7424 -0.0003
vn -0.6792 -0.6162 0.3988
vn 0.3454 0.2399 0.9072
vn 0.6377 0.3956 0.6609
vn 0.4132 0.2766 0.8676
vn 0.6716 -0.7409 0.0027
vn 0.6730 -0.7396 -0.0002
vn 0.0635 -0.1887 0.9800
vn -0.6518 -0.7582 0.0140
vn -0.5423 -0.8341 0.1011
vn -0.5956 -0.8010 0.0604
vn -0.7135 -0.6994 -0.0421
vn 0.1678 0.2346 -0.9575
vn 0.6720 -0.7405 -0.0044
vn 0.5600 0.4106 0.7196
vn 0.4552 0.3410 0.8225
vn 0.4492 0.3370 0.8274
vn 0.5673 0.4154 0.7110
vn 0.6649 -0.7469 -0.0086
vn -0.0042 -0.0512 0.9987
vn -0.0182 -0.0593 0.9981
vn 0.0305 -0.0288 0.9991
vn 0.2311 -0.2547 0.9390
vn 0.1836 -0.6101 0.7708
vn 0.0324 -0.0321 0.9990
vn 0.3079 -0.7145 0.6283
vn 0.3035 -0.5735 0.7609
vn 0.2716 -0.4916 0.8274
vn 0.0346 -0.0264 0.9991
vn 0.5961 0.4821 0.6421
vn 0.7161 0.3542 0.6015
vn 0.7465 0.2954 0.5962
vn 0.5911 0.4795 0.6486
vn 0.8156 0.0812 0.5729
vn 0.0364 -0.0426 0.9984
vn 0.0250 -0.0288 0.9993
vn 0.0393 -0.0483 0.9981
vn 0.0484 -0.0558 0.9973
vn 0.0499 -0.0606 0.9969
vn 0.0254 -0.0282 0.9993
vn -0.5759 -0.5799 0.5762
vn -0.4072 -0.6585 0.6329
vn -0.5685 -0.5764 0.5870
vn -0.3982 -0.6609 0.6361
vn -0.2424 -0.7772 0.5806
vn 0.6690 -0.7429 0.0234
vn 0.6684 -0.7434 0.0253
vn 0.6698 -0.7423 0.0211
vn 0.6682 -0.7435 0.0259
vn 0.0551 -0.0406 0.9977
vn 0.0467 -0.0394 0.9981
vn 0.8900 -0.3937 -0.2299
vn 0.5844 -0.7462 0.3189
vn 0.5376 -0.6865 0.4897
vn 0.5592 -0.7137 0.4218
vn 0.2072 -0.9111 -0.3564
vn 0.0551 -0.0402 0.9977
vn 0.4203 -0.5369 0.7315
vn 0.0703 -0.2310 0.9704
vn -0.1697 -0.9371 0.3052
vn 0.8257 -0.5625 -0.0428
vn 0.3855 -0.9217 -0.0420
vn 0.3772 -0.9222 -0.0852
vn 0.4240 -0.8650 0.2683
vn 0.0244 -0.9965 0.0795
vn 0.1157 -0.9856 0.1235
vn -0.2089 -0.9779 -0.0027
vn -0.0812 -0.9966 0.0123
vn -0.0926 -0.9955 0.0215
vn 0.0992 -0.2295 -0.9682
vn 0.0736 -0.2080 -0.9754
vn 0.3811 -0.3338 -0.8622
vn 0.4258 -0.8525 0.3032
vn 0.0566 -0.2208 0.9737
vn 0.3456 -0.8024 -0.4866
vn 0.2316 -0.9635 0.1342
vn 0.7605 -0.4095 0.5040
vn 0.5013 -0.5202 0.6914
vn 0.3173 -0.0413 0.9474
vn 0.9437 -0.3165 -0.0964
vn 0.6745 -0.7381 -0.0190
vn 0.6798 -0.7334 -0.0093
vn 0.6926 -0.7212 0.0135
vn 0.9997 -0.0061 0.0217
vn 0.9998 -0.0043 0.0203
vn 0.3896 -0.1324 -0.9114
vn 0.3669 -0.0124 -0.9302
vn 0.6616 -0.7487 -0.0408
vn 0.9241 -0.3063 -0.2285
vn 0.9127 -0.3136 -0.2621
vn 0.9585 -0.2718 -0.0862
vn 0.9630 -0.2636 -0.0553
vn 0.3314 -0.0484 0.9422
vn 0.9620 -0.0382 0.2703
vn 0.3413 -0.8526 0.3958
vn 0.3379 -0.9293 0.1488
vn 0.3439 -0.9037 -0.2550
vn 0.6335 -0.7735 0.0190
vn 0.6761 -0.6738 -0.2981
vn 0.8717 -0.4888 0.0365
vn 0.7667 0.6383 0.0690
vn 0.6757 0.4147 0.6095
vn -0.6816 -0.6414 -0.3522
vn -0.3586 -0.3430 -0.8682
vn -0.1115 -0.9870 -0.1159
vn -0.1432 -0.9630 -0.2284
vn -0.0508 -0.6628 0.7471
vn -0.4089 -0.6665 0.6234
vn -0.4663 -0.8394 0.2792
vn -0.4259 -0.8245 0.3725
vn -0.4297 -0.6821 0.5917
vn 0.1306 -0.1699 0.9768
vn 0.1523 -0.1893 0.9700
vn -0.5610 -0.5603 0.6094
vn 0.7983 0.0726 -0.5978
vn 0.7371 0.2137 -0.6411
vn 0.9037 0.2155 -0.3699
vn 0.8019 0.3552 -0.4805
vn 0.9199 0.3282 0.2148
vn 0.9097 0.4086 0.0738
vn 0.8142 0.5714 -0.1024
vn 0.6630 0.4615 -0.5894
vn 0.6829 0.6167 -0.3916
vn 0.6703 -0.7421 -0.0006
vn 0.6689 -0.7433 0.0001
vn 0.6375 0.3173 -0.7021
vn 0.5128 0.3604 -0.7792
vn 0.6757 -0.7372 -0.0068
vn 0.6769 -0.7361 -0.0081
vn 0.7220 0.4810 0.4973
vn 0.7231 0.4865 0.4904
vn 0.7241 0.4932 0.4821
vn -0.5176 -0.3466 0.7823
vn 0.7249 0.4986 0.4754
vn 0.5531 0.2342 -0.7995
vn 0.7229 -0.6798 0.1234
vn 0.5990 0.1413 -0.7882
vn 0.6447 -0.0469 -0.7630
vn 0.7729 0.5704 -0.2781
vn 0.8681 0.4962 -0.0101
vn 0.8443 0.5263 -0.1012
vn 0.6693 -0.7430 0.0040
vn 0.2627 0.2575 -0.9299
vn -0.1006 -0.3026 -0.9478
vn 0.7174 0.5861 -0.3766
vn 0.4976 -0.2110 -0.8414
vn 0.0529 -0.6484 -0.7594
vn 0.0780 -0.6432 -0.7617
vn -0.0230 -0.6878 -0.7255
vn -0.4288 -0.7569 -0.4931
vn 0.4317 -0.1543 -0.8887
vn 0.0621 -0.0826 -0.9946
vn 0.0383 -0.0475 -0.9981
vn 0.0698 -0.1153 -0.9909
vn 0.0348 -0.0521 -0.9980
vn -0.4099 -0.7752 -0.4806
vn 0.0257 -0.0309 -0.9992
vn -0.5477 -0.8354 0.0455
vn -0.6993 -0.7122 -0.0615
vn -0.4891 -0.8670 0.0960
vn -0.6145 -0.7498 0.2455
vn 0.6676 -0.7437 -0.0354
vn 0.6705 -0.7411 -0.0332
vn 0.6755 -0.7372 0.0162
vn 0.6730 -0.7397 -0.0064
vn 0.6734 -0.7387 0.0300
vn -0.1709 -0.5466 -0.8197
vn 0.6698 -0.7425 0.0028
vn 0.7673 0.6384 -0.0615
vn 0.7673 0.6384 -0.0614
vn 0.7671 0.6385 -0.0620
vn 0.7670 0.6386 -0.0619
vn 0.6095 0.1281 -0.7824
vn 0.7846 0.2460 -0.5691
vn 0.7370 0.2191 -0.6394
vn 0.5566 0.0965 -0.8251
vn 0.0935 -0.4448 -0.8907
vn 0.2304 -0.4953 -0.8376
vn 0.7715 0.2883 -0.5672
vn 0.7273 -0.0427 -0.6849
vn 0.6772 -0.1627 -0.7176
vn 0.0567 -0.0581 -0.9967
vn 0.0544 -0.0545 -0.9970
vn 0.0276 -0.0299 -0.9992
vn 0.4121 0.5058 0.7578
vn 0.1101 0.4466 0.8879
vn 0.2336 0.3121 0.9209
vn 0.2331 0.3173 0.9192
vn 0.0397 0.1459 0.9885
vn 0.0401 0.1393 0.9894
vn -0.1368 -0.0426 0.9897
vn -0.1592 -0.0394 0.9865
vn 0.6690 -0.7433 0.0005
vn 0.6690 -0.7433 0.0004
vn 0.6690 -0.7432 0.0002
s 1
f 1//1 3//2 2//3
f 1//1 2//3 7//4
f 1//1 5//5 3//2
f 6//6 1//7 4//8
f 4//8 1//7 7//9
f 6//6 5//10 1//7
f 11//11 8//12 7//9
f 7//9 8//12 9//13
f 10//14 7//9 9//13
f 4//8 7//9 10//14
f 2//15 12//16 7//9
f 7//9 12//16 11//11
f 14//17 12//18 13//19
f 13//19 12//18 2//20
f 11//21 12//18 14//17
f 14//22 17//23 15//24
f 15//25 16//26 14//27
f 11//28 14//29 16//30
f 17//31 14//32 13//33
f 15//24 17//23 18//34
f 17//35 19//36 18//37
f 20//38 19//36 17//35
f 17//31 13//33 20//39
f 19//40 20//41 21//42
f 13//33 21//43 20//39
f 20//44 28//45 22//46
f 20//44 22//46 23//47
f 20//44 23//47 26//48
f 24//49 20//50 25//51
f 28//52 20//53 24//54
f 25//51 20//50 27//55
f 27//56 20//44 26//48
f 29//57 28//45 30//58
f 28//45 29//57 22//46
f 24//54 30//59 28//52
f 24//60 31//61 30//62
f 30//62 31//61 35//63
f 30//62 35//63 32//64
f 34//65 30//58 32//66
f 34//65 33//67 30//58
f 29//57 30//58 33//67
f 32//64 35//63 39//68
f 36//69 35//70 37//71
f 35//72 36//73 38//74
f 31//75 37//71 35//70
f 35//72 38//74 39//76
f 39//68 25//77 32//64
f 40//78 31//79 39//80
f 39//68 31//61 24//60
f 39//81 38//81 40//81
f 39//68 24//60 25//77
f 40//82 42//83 41//84
f 40//85 41//86 37//87
f 37//88 31//79 40//78
f 38//89 42//83 40//82
f 41//90 42//91 47//92
f 38//93 43//94 42//95
f 43//96 46//97 42//91
f 46//97 44//98 42//91
f 44//98 45//99 42//91
f 45//99 47//92 42//91
f 48//100 50//101 47//92
f 47//102 49//103 48//104
f 49//105 47//106 45//107
f 41//90 47//92 50//101
f 51//108 57//109 50//101
f 53//110 51//110 50//110
f 41//90 50//101 52//111
f 50//101 57//109 52//111
f 53//112 50//112 54//112
f 54//113 50//114 56//115
f 55//116 50//101 48//100
f 55//116 56//117 50//101
f 60//118 58//119 57//120
f 57//120 58//119 59//121
f 57//122 59//123 61//124
f 51//108 60//125 57//109
f 57//122 61//124 52//126
f 52//127 61//128 63//129
f 59//130 62//131 61//132
f 63//129 61//128 62//133
f 63//134 41//90 52//111
f 65//135 64//136 63//134
f 63//134 64//136 41//90
f 65//137 63//129 66//138
f 63//129 62//133 66//138
f 66//139 62//131 59//130
f 66//139 59//130 67//140
f 65//141 66//142 67//143
f 68//144 65//141 67//143
f 68//145 67//146 69//147
f 67//146 70//148 69//147
f 67//140 58//149 70//150
f 59//130 58//149 67//140
f 71//151 70//152 72//153
f 73//154 70//152 71//151
f 74//155 72//156 70//150
f 69//147 70//148 73//157
f 70//150 58//149 74//155
f 74//155 77//158 72//156
f 77//158 74//155 75//159
f 76//160 75//161 74//162
f 76//160 74//162 60//163
f 60//163 74//162 58//164
f 78//165 72//166 77//167
f 77//168 79//169 78//170
f 77//158 75//159 79//171
f 79//172 75//173 80//174
f 78//170 79//169 80//175
f 82//176 80//177 81//178
f 81//178 80//177 84//179
f 83//180 80//181 82//182
f 83//180 78//183 80//181
f 80//174 75//173 84//184
f 84//185 75//161 76//160
f 81//178 84//179 85//186
f 85//186 84//179 76//187
f 85//186 76//187 60//125
f 85//186 60//125 51//108
f 86//188 81//189 85//190
f 86//191 85//192 51//193
f 87//194 86//195 53//194
f 87//196 81//189 86//188
f 86//191 51//193 53//197
f 53//194 54//198 87//194
f 54//113 56//115 87//199
f 87//196 56//200 81//189
f 92//201 83//201 88//201
f 88//202 83//203 91//204
f 89//205 90//206 83//180
f 83//180 82//182 89//205
f 83//180 90//206 91//207
f 92//208 93//208 83//208
f 93//209 71//210 83//180
f 83//180 71//210 78//183
f 71//210 93//209 94//211
f 95//212 94//212 93//212
f 95//213 93//213 92//213
f 96//214 95//214 92//214
f 96//215 94//215 95//215
f 92//214 88//214 96//214
f 88//202 91//204 96//216
f 96//217 91//217 94//217
f 94//211 73//218 71//210
f 73//218 94//211 69//219
f 69//219 94//211 97//220
f 97//220 94//211 98//221
f 98//221 94//211 91//207
f 103//222 99//223 98//224
f 98//224 99//223 102//225
f 98//224 100//226 97//227
f 98//224 102//225 100//226
f 91//207 101//228 98//221
f 101//228 103//229 98//221
f 103//222 105//230 104//231
f 103//222 104//231 99//223
f 107//232 105//230 103//222
f 103//229 106//233 107//234
f 103//229 101//228 106//233
f 107//232 108//235 105//230
f 109//236 108//235 107//232
f 109//237 107//234 110//238
f 107//234 111//239 110//238
f 112//240 111//239 107//234
f 112//240 107//234 106//233
f 114//241 111//242 112//243
f 114//244 112//245 113//246
f 112//240 106//233 113//247
f 115//248 116//248 114//249
f 114//244 113//246 115//250
f 116//251 111//242 114//241
f 115//248 118//252 116//248
f 116//253 117//254 111//255
f 118//256 117//254 116//253
f 115//257 117//258 118//259
f 119//260 120//261 117//262
f 115//257 119//263 117//258
f 117//262 120//261 121//264
f 110//238 117//262 121//264
f 110//238 111//239 117//262
f 120//265 122//266 121//267
f 121//267 122//266 123//268
f 121//267 123//268 125//269
f 110//238 121//264 124//270
f 121//267 125//269 124//271
f 126//272 125//273 123//274
f 127//275 125//273 126//272
f 127//276 124//277 125//278
f 128//279 127//280 129//281
f 127//276 128//282 124//277
f 129//281 127//280 126//283
f 129//284 133//285 130//286
f 129//284 130//286 128//287
f 132//288 131//289 129//281
f 131//290 133//285 129//284
f 129//281 126//283 132//288
f 140//291 130//292 133//293
f 82//294 134//295 133//285
f 134//295 138//296 133//285
f 133//285 136//297 135//298
f 137//299 133//300 135//301
f 133//285 138//296 136//297
f 140//302 133//300 137//299
f 133//285 131//290 139//303
f 133//285 139//303 82//294
f 137//304 141//304 140//305
f 141//306 130//292 140//291
f 137//304 142//307 141//304
f 142//308 130//309 141//310
f 142//308 143//311 130//309
f 137//312 135//313 142//314
f 142//314 135//313 143//315
f 144//316 130//286 143//317
f 143//317 145//318 144//316
f 143//317 135//298 145//318
f 146//319 148//320 145//318
f 145//318 147//321 146//319
f 145//318 135//298 147//321
f 145//322 148//322 144//322
f 146//323 149//324 148//325
f 148//325 149//324 144//326
f 150//327 153//327 149//327
f 150//328 149//324 146//323
f 152//329 151//330 149//324
f 144//326 149//324 151//330
f 152//331 149//331 153//331
f 152//332 153//333 154//334
f 154//334 153//333 156//335
f 153//333 157//336 155//337
f 153//333 155//337 156//335
f 150//338 157//338 153//338
f 155//337 157//336 159//339
f 46//340 157//341 150//342
f 157//336 46//343 43//344
f 43//344 158//345 157//336
f 159//339 157//336 158//345
f 155//346 159//347 160//348
f 159//347 158//349 160//348
f 155//346 160//348 161//350
f 161//351 160//352 162//353
f 160//352 32//66 162//353
f 160//352 34//65 32//66
f 160//348 158//349 34//354
f 162//353 32//66 165//355
f 161//351 162//353 163//356
f 163//356 162//353 164//357
f 162//353 165//355 164//357
f 25//358 165//359 32//360
f 25//358 27//361 165//359
f 164//357 165//355 27//56
f 164//357 27//56 167//362
f 163//356 164//357 166//363
f 166//363 164//357 168//364
f 164//357 167//362 168//364
f 166//363 168//364 169//365
f 169//365 168//364 170//366
f 168//364 171//367 170//366
f 168//364 167//362 171//367
f 171//367 167//362 173//368
f 170//366 171//367 172//369
f 171//367 173//368 172//369
f 173//368 26//48 174//370
f 173//368 174//370 175//371
f 173//368 175//371 176//372
f 167//362 26//48 173//368
f 172//369 173//368 176//372
f 172//369 176//372 177//373
f 177//373 176//372 179//374
f 176//372 175//371 178//375
f 179//374 176//372 178//375
f 179//376 181//377 177//378
f 180//379 179//374 178//375
f 182//380 179//376 180//381
f 181//377 179//376 182//380
f 181//382 182//383 183//384
f 180//385 184//386 182//387
f 184//388 183//384 182//383
f 185//389 183//384 184//388
f 184//388 186//390 185//389
f 188//391 186//390 184//388
f 187//392 188//393 184//386
f 184//386 189//394 187//392
f 189//394 184//386 180//385
f 189//395 191//396 190//397
f 187//398 189//395 190//397
f 191//396 189//395 180//379
f 191//399 178//400 192//401
f 191//399 192//401 194//402
f 191//396 180//379 178//375
f 193//403 190//397 191//396
f 193//404 191//399 194//402
f 193//403 194//405 195//406
f 194//407 198//408 195//406
f 198//408 194//407 196//409
f 194//410 197//411 196//412
f 194//410 192//413 197//411
f 195//406 198//408 199//414
f 199//415 198//416 201//417
f 198//408 200//418 201//419
f 198//408 196//409 200//418
f 199//415 201//417 202//420
f 202//420 201//417 205//421
f 201//419 204//422 203//423
f 201//419 203//423 205//424
f 200//418 204//422 201//419
f 205//424 203//423 206//425
f 205//424 206//425 202//426
f 207//427 206//425 203//423
f 209//428 206//425 207//427
f 202//426 206//425 208//429
f 209//428 208//429 206//425
f 207//427 210//430 209//428
f 209//428 210//430 211//431
f 209//428 211//431 212//432
f 212//432 208//429 209//428
f 212//432 213//433 208//429
f 214//434 213//433 212//432
f 212//432 215//435 214//434
f 212//432 216//436 215//435
f 212//432 211//431 216//436
f 215//437 216//438 218//439
f 216//438 211//440 217//441
f 216//438 217//441 218//439
f 218//442 217//443 219//444
f 218//442 219//444 220//445
f 218//442 220//445 222//446
f 215//437 218//439 221//447
f 221//448 218//442 222//446
f 222//446 220//445 223//449
f 222//446 223//449 224//450
f 225//451 222//446 224//450
f 221//448 222//446 225//451
f 228//452 225//451 226//453
f 225//451 224//450 226//453
f 227//454 225//451 228//452
f 227//454 221//448 225//451
f 227//454 228//452 231//455
f 228//452 226//453 229//456
f 228//452 229//456 230//457
f 231//458 228//452 230//457
f 231//459 237//460 232//461
f 233//462 231//455 232//463
f 233//462 227//454 231//455
f 230//457 234//464 231//458
f 235//465 231//466 234//467
f 235//468 236//469 231//459
f 231//459 236//469 237//460
f 232//461 237//460 238//470
f 238//470 237//460 239//471
f 237//472 240//472 239//472
f 237//473 241//473 240//473
f 236//474 241//474 237//474
f 241//475 242//476 240//477
f 241//478 244//478 242//478
f 243//479 244//480 241//481
f 236//482 243//482 241//482
f 244//483 247//484 242//485
f 243//479 246//486 244//480
f 247//484 244//483 245//487
f 245//487 244//483 246//488
f 248//489 253//490 247//491
f 247//491 252//492 248//489
f 247//484 249//493 242//485
f 249//493 247//484 251//494
f 247//484 250//495 251//494
f 250//496 247//491 253//490
f 252//497 247//497 245//497
f 254//498 253//490 248//489
f 214//434 215//435 253//490
f 254//498 214//434 253//490
f 253//490 215//435 255//499
f 250//496 253//490 255//499
f 255//500 215//437 221//447
f 250//495 255//500 227//501
f 255//500 221//447 227//501
f 256//502 254//498 248//489
f 258//503 254//498 256//502
f 257//504 213//433 254//498
f 257//504 254//498 258//503
f 213//433 214//434 254//498
f 260//505 259//506 258//507
f 258//508 259//509 257//504
f 260//505 258//507 256//510
f 261//511 259//512 260//513
f 262//514 261//511 260//513
f 262//514 260//513 263//515
f 260//505 256//510 263//516
f 264//517 262//514 263//515
f 264//518 263//519 265//520
f 263//521 252//492 265//520
f 263//521 248//489 252//492
f 256//502 248//489 263//521
f 266//522 264//518 265//520
f 265//520 267//523 266//522
f 265//520 252//492 268//524
f 265//520 268//524 267//523
f 249//525 268//525 269//525
f 269//526 268//524 252//492
f 267//523 268//524 270//527
f 268//524 249//493 270//527
f 270//527 251//494 271//528
f 270//527 271//528 273//529
f 267//523 270//527 272//530
f 272//530 270//527 273//529
f 270//527 249//493 251//494
f 273//529 276//531 272//530
f 273//529 271//528 274//532
f 273//529 274//532 275//533
f 275//533 276//531 273//529
f 281//534 272//530 276//531
f 277//535 276//531 275//533
f 277//535 278//536 276//531
f 279//537 276//531 278//536
f 280//538 276//531 279//537
f 281//534 276//531 280//538
f 282//539 266//540 281//534
f 282//539 281//534 280//538
f 266//522 272//530 281//534
f 285//541 282//542 280//538
f 284//543 283//544 282//545
f 283//544 286//546 282//545
f 284//543 282//545 285//547
f 282//539 264//548 266//540
f 286//546 264//517 282//545
f 286//546 262//514 264//517
f 287//549 286//550 283//551
f 287//549 288//552 286//550
f 288//552 262//553 286//550
f 290//554 289//555 288//552
f 288//552 289//555 262//553
f 291//556 290//554 288//552
f 291//556 288//552 287//549
f 292//557 290//554 291//556
f 292//557 291//556 293//558
f 293//558 291//556 287//549
f 297//559 294//560 293//558
f 294//560 292//557 293//558
f 287//549 295//561 293//558
f 296//562 293//558 295//561
f 297//559 293//558 296//562
f 299//563 297//559 296//562
f 301//564 298//565 297//559
f 297//559 298//565 294//560
f 302//566 297//559 299//563
f 300//567 297//559 302//566
f 300//567 301//564 297//559
f 303//568 300//567 302//566
f 306//569 303//568 302//566
f 304//570 302//566 299//563
f 305//571 302//566 304//570
f 306//569 302//566 305//571
f 306//572 311//573 307//574
f 310//575 306//569 307//576
f 310//575 303//568 306//569
f 308//577 306//578 305//579
f 308//580 309//581 306//572
f 309//581 311//573 306//572
f 307//574 311//573 312//582
f 311//583 314//583 312//583
f 309//584 313//584 311//584
f 311//585 313//585 314//585
f 312//586 314//587 315//588
f 314//589 316//589 315//589
f 314//590 318//590 316//590
f 313//591 317//592 314//593
f 314//593 317//592 318//594
f 317//595 319//596 318//597
f 320//598 318//597 319//596
f 316//599 318//597 320//598
f 326//600 320//601 321//602
f 321//602 320//603 323//604
f 320//598 319//596 322//605
f 320//603 322//606 324//607
f 323//604 320//603 324//607
f 325//608 316//599 320//598
f 320//609 326//609 325//609
f 328//610 327//611 326//600
f 332//612 326//600 327//611
f 328//610 326//600 329//613
f 329//613 326//600 330//614
f 325//608 326//600 332//612
f 330//614 326//600 331//615
f 326//600 321//602 331//615
f 319//596 317//595 332//612
f 327//616 319//616 332//616
f 332//612 333//617 325//608
f 332//612 317//595 333//617
f 325//608 333//617 316//599
f 315//618 316//618 333//618
f 315//619 333//619 313//619
f 313//620 333//620 317//620
f 334//621 331//615 336//622
f 330//614 331//615 334//621
f 331//615 321//602 335//623
f 331//615 335//623 336//622
f 336//622 338//624 337//625
f 339//626 336//622 337//625
f 336//622 340//627 338//624
f 341//628 336//622 339//626
f 336//622 335//623 340//627
f 334//621 336//622 341//628
f 342//629 334//630 341//631
f 342//629 341//631 339//632
f 343//633 342//629 339//632
f 344//634 342//629 343//633
f 349//635 342//635 344//635
f 342//629 346//636 345//637
f 342//629 345//637 334//630
f 348//638 346//639 342//640
f 347//641 348//642 342//643
f 347//644 342//645 349//646
f 353//647 347//644 349//646
f 350//648 352//649 349//646
f 350//648 349//646 351//650
f 351//651 349//652 344//653
f 353//647 349//646 352//649
f 354//654 353//647 352//649
f 356//655 353//656 354//657
f 355//658 347//659 353//656
f 356//655 355//658 353//656
f 357//660 355//661 356//662
f 357//660 356//662 358//663
f 356//662 359//664 358//663
f 356//655 354//657 359//665
f 359//665 354//657 360//666
f 359//665 360//666 361//667
f 362//668 359//664 361//669
f 362//668 358//663 359//664
f 362//668 361//669 363//670
f 367//671 362//672 363//673
f 362//668 364//674 358//663
f 364//674 362//668 365//675
f 366//676 365//677 362//672
f 366//676 362//672 367//671
f 367//671 369//678 368//679
f 368//679 366//676 367//671
f 367//671 363//673 369//678
f 369//678 371//680 368//679
f 369//678 363//673 370//681
f 369//678 370//681 371//680
f 368//679 371//680 372//682
f 371//680 370//681 373//683
f 371//680 373//683 372//682
f 373//684 376//685 374//686
f 372//682 373//683 374//687
f 375//688 373//684 370//689
f 377//690 373//684 375//688
f 378//691 376//685 373//684
f 377//690 378//691 373//684
f 377//692 379//693 378//694
f 378//694 379//693 380//695
f 380//695 296//696 378//694
f 378//694 296//696 376//697
f 379//698 381//699 380//700
f 381//699 296//562 380//700
f 383//701 381//699 382//702
f 381//699 379//698 382//702
f 299//563 296//562 381//699
f 304//570 299//563 381//699
f 304//570 381//699 383//701
f 386//703 383//701 384//704
f 384//704 383//701 385//705
f 386//703 304//570 383//701
f 383//701 382//702 385//705
f 386//706 387//707 388//708
f 386//706 393//709 387//707
f 388//710 391//711 386//712
f 308//713 386//714 389//715
f 389//715 386//714 390//716
f 305//579 386//717 308//577
f 390//718 386//703 384//704
f 386//703 305//571 304//570
f 391//711 392//719 386//712
f 386//720 392//721 393//722
f 393//723 395//724 394//725
f 393//723 394//725 387//726
f 395//724 393//723 396//727
f 393//722 397//728 396//729
f 393//722 392//721 397//728
f 392//730 398//731 397//732
f 398//731 396//733 397//732
f 398//734 402//734 399//734
f 399//735 400//736 398//731
f 401//737 398//738 392//739
f 400//736 396//733 398//731
f 398//738 401//737 402//740
f 402//741 407//742 403//743
f 403//744 404//745 402//746
f 402//747 404//747 399//747
f 402//748 401//749 405//750
f 405//751 406//752 402//741
f 406//752 407//742 402//741
f 408//753 411//753 407//753
f 413//754 408//754 407//754
f 407//742 410//755 409//756
f 407//742 409//756 403//743
f 407//742 412//757 410//755
f 411//758 412//757 407//742
f 413//759 407//759 406//759
f 411//760 408//761 413//762
f 413//762 414//763 411//760
f 413//764 415//764 414//764
f 413//765 406//765 415//765
f 405//751 415//766 406//752
f 405//751 416//767 415//766
f 417//768 415//768 416//768
f 414//769 415//769 411//769
f 415//770 417//771 418//772
f 415//770 418//772 419//773
f 415//770 419//773 411//758
f 411//758 419//773 412//757
f 412//774 419//774 420//774
f 420//775 419//775 418//775
f 420//776 421//777 422//778
f 420//776 427//779 421//777
f 423//780 420//776 422//778
f 420//776 423//780 424//781
f 420//776 424//781 428//782
f 420//776 425//783 426//784
f 420//776 428//782 425//783
f 412//785 420//776 426//784
f 418//772 427//779 420//776
f 429//786 428//786 424//786
f 430//787 428//787 429//787
f 430//788 425//788 428//788
f 8//789 431//790 430//791
f 430//791 431//790 432//792
f 410//793 425//793 430//793
f 430//791 432//792 410//755
f 429//794 8//789 430//791
f 431//795 5//10 432//796
f 432//796 5//10 433//797
f 432//796 433//797 409//798
f 410//755 432//792 409//756
f 409//798 433//797 435//799
f 6//6 433//797 5//10
f 434//800 433//797 6//6
f 434//800 435//799 433//797
f 434//800 436//801 435//799
f 403//744 435//799 436//801
f 409//798 435//799 403//744
f 403//744 436//801 441//802
f 437//803 440//804 436//801
f 436//805 438//806 437//807
f 439//808 438//809 436//801
f 439//808 436//801 434//800
f 440//804 441//802 436//801
f 403//744 441//802 404//745
f 437//810 442//811 441//812
f 441//802 440//804 437//803
f 441//813 442//814 399//815
f 441//813 399//815 404//816
f 437//810 391//817 442//811
f 388//710 442//818 391//711
f 443//819 399//735 442//820
f 442//821 388//822 443//823
f 399//735 443//819 400//736
f 443//823 387//824 400//825
f 443//823 388//822 387//824
f 445//826 444//827 439//808
f 439//808 444//827 438//809
f 446//828 439//829 434//829
f 446//828 445//828 439//829
f 446//828 6//829 4//830
f 434//829 6//829 446//828
f 446//831 451//832 447//833
f 446//831 447//833 450//834
f 446//828 448//830 445//828
f 449//835 448//830 446//828
f 450//836 449//835 446//828
f 446//831 452//837 451//832
f 10//14 452//837 446//831
f 446//828 4//830 10//838
f 9//13 8//12 452//837
f 452//837 8//12 453//839
f 452//837 453//839 451//832
f 10//14 9//13 452//837
f 429//794 423//780 453//840
f 423//780 422//778 453//840
f 453//840 8//789 429//794
f 454//841 453//840 422//778
f 453//840 454//841 457//842
f 451//832 453//839 455//843
f 455//843 453//839 456//844
f 453//839 457//845 456//844
f 462//846 457//846 458//846
f 461//847 458//848 457//849
f 457//842 454//841 459//850
f 457//842 459//850 460//851
f 460//852 461//853 457//854
f 462//855 456//856 457//857
f 462//858 463//859 464//860
f 463//859 462//858 458//861
f 465//862 462//858 464//860
f 462//855 466//863 456//856
f 466//864 462//858 465//862
f 455//865 466//865 467//865
f 466//863 455//866 456//856
f 469//867 466//867 465//867
f 467//868 466//869 468//870
f 468//871 466//871 470//871
f 470//872 466//873 469//874
f 470//875 473//876 468//877
f 472//878 471//879 470//872
f 471//880 473//876 470//875
f 472//878 470//872 469//874
f 473//881 461//853 447//833
f 447//833 474//882 473//881
f 473//883 474//883 468//883
f 461//847 473//876 471//880
f 474//884 467//868 468//870
f 451//885 467//886 474//887
f 451//885 474//887 447//888
f 469//889 475//890 472//891
f 472//891 475//890 477//892
f 471//893 472//894 476//895
f 476//895 472//894 477//896
f 478//897 477//898 475//899
f 477//898 478//897 463//900
f 476//895 477//896 463//901
f 481//902 478//897 475//899
f 478//897 479//903 463//900
f 480//904 479//905 478//906
f 481//907 480//908 478//909
f 464//910 479//903 481//902
f 481//902 475//899 464//910
f 479//911 483//912 481//913
f 482//914 481//913 483//912
f 481//907 482//915 480//908
f 483//916 480//916 482//916
f 483//917 479//905 480//904
f 463//900 479//903 464//910
f 476//918 458//861 471//919
f 463//859 458//861 476//918
f 465//920 464//921 475//922
f 475//922 469//923 465//920
f 471//880 458//848 461//847
f 484//924 469//925 490//926
f 484//927 488//928 469//929
f 487//930 469//931 485//932
f 469//931 486//933 485//932
f 469//931 489//934 486//933
f 490//926 469//925 487//935
f 488//936 489//934 469//931
f 490//937 492//938 491//939
f 490//937 491//939 484//940
f 494//941 492//938 490//937
f 490//942 487//943 493//944
f 490//942 493//944 494//945
f 495//946 492//938 494//941
f 217//443 495//947 494//948
f 217//443 494//948 219//444
f 219//444 494//948 493//949
f 484//940 496//950 495//946
f 495//946 496//950 492//938
f 217//443 497//951 495//947
f 497//951 498//952 495//947
f 495//947 498//952 499//953
f 499//953 488//936 495//947
f 484//927 495//954 488//928
f 499//953 500//955 489//934
f 499//953 501//956 500//955
f 499//953 498//952 501//956
f 488//936 499//953 489//934
f 501//956 169//365 500//955
f 501//956 502//957 169//365
f 503//958 502//957 501//956
f 498//952 503//958 501//956
f 503//958 166//363 502//957
f 503//958 163//356 166//363
f 504//959 163//356 503//958
f 497//951 504//959 503//958
f 497//951 503//958 498//952
f 504//959 161//351 163//356
f 505//960 161//350 504//961
f 505//960 504//961 497//962
f 507//963 505//964 506//965
f 506//966 505//960 508//967
f 507//963 509//968 505//964
f 505//960 509//969 161//350
f 508//967 505//960 497//962
f 510//970 156//335 509//968
f 510//970 509//968 507//963
f 156//335 511//971 509//968
f 509//969 511//972 161//350
f 511//972 155//346 161//350
f 156//335 155//337 511//971
f 154//334 156//335 510//970
f 512//973 154//334 510//970
f 512//973 510//970 192//974
f 192//974 510//970 197//975
f 197//975 510//970 513//976
f 510//970 507//963 513//976
f 196//977 513//976 204//422
f 197//975 513//976 196//977
f 513//976 507//963 506//965
f 513//976 506//965 204//422
f 192//978 514//979 512//973
f 514//979 515//980 512//973
f 515//980 154//334 512//973
f 515//980 151//981 154//334
f 515//980 516//982 151//981
f 515//980 518//983 516//982
f 514//984 517//984 515//984
f 517//985 518//983 515//980
f 110//986 518//987 519//988
f 519//988 518//987 520//989
f 518//983 517//985 520//990
f 518//987 521//991 516//992
f 521//991 518//987 110//986
f 110//238 124//270 521//993
f 521//993 124//270 128//287
f 521//993 128//287 144//316
f 516//992 521//991 144//326
f 108//235 520//994 105//230
f 105//995 520//990 522//996
f 520//989 108//997 519//988
f 522//996 520//990 517//985
f 522//996 344//998 105//995
f 523//999 522//1000 514//1001
f 523//999 524//1002 522//1000
f 524//1002 344//653 522//1000
f 514//1001 522//1000 517//1003
f 174//370 524//1004 523//1005
f 174//370 525//1006 524//1004
f 525//1006 351//650 524//1004
f 524//1002 351//651 344//653
f 23//47 350//648 525//1006
f 525//1006 350//648 351//650
f 26//48 23//47 525//1006
f 26//48 525//1006 174//370
f 178//400 523//999 514//1001
f 175//371 174//370 523//1005
f 175//371 523//1005 178//375
f 110//986 519//988 109//236
f 109//236 519//988 108//235
f 516//992 144//326 151//330
f 178//400 514//1001 192//401
f 210//1007 207//1008 508//1009
f 210//1007 508//1009 217//441
f 207//1008 526//1010 508//1009
f 526//1010 506//965 508//1009
f 508//1009 497//1011 217//441
f 204//422 506//965 526//1010
f 526//1010 529//1012 527//1013
f 204//1014 526//1014 527//1014
f 528//1015 529//1012 526//1010
f 528//1015 526//1010 207//1008
f 532//1016 527//1013 529//1012
f 531//1017 529//1017 528//1017
f 530//1018 532//1018 529//1018
f 530//1019 529//1019 531//1019
f 527//1013 532//1016 533//1020
f 535//1021 533//1020 532//1016
f 534//1022 535//1022 532//1022
f 534//1023 532//1023 530//1023
f 535//1021 207//1008 533//1020
f 536//1024 535//1024 534//1024
f 536//1025 528//1025 535//1025
f 528//1015 207//1008 535//1021
f 492//1026 531//1027 536//1028
f 492//1029 536//1030 534//1031
f 531//1032 528//1032 536//1032
f 492//1029 534//1031 491//1033
f 530//1034 491//1034 534//1034
f 533//1020 203//423 204//422
f 533//1020 204//422 527//1013
f 207//1035 203//1035 533//1035
f 496//1036 531//1027 492//1026
f 496//1037 530//1037 531//1037
f 491//1038 530//1038 496//1038
f 502//957 166//363 169//365
f 489//934 500//955 537//1039
f 500//955 538//1040 537//1039
f 500//955 539//1041 538//1040
f 500//955 169//365 539//1041
f 538//1040 539//1041 540//1042
f 541//1043 540//1043 539//1043
f 542//1044 541//1044 539//1044
f 539//1041 172//369 542//1045
f 169//365 172//369 539//1041
f 172//369 177//373 542//1045
f 543//1046 541//1047 542//1048
f 543//1046 542//1048 544//1049
f 544//1049 542//1048 177//378
f 177//378 181//377 544//1049
f 544//1050 181//382 545//1051
f 544//1050 545//1051 546//1052
f 547//1053 544//1050 546//1052
f 547//1053 543//1054 544//1050
f 547//1053 548//1055 543//1054
f 547//1053 552//1056 548//1055
f 547//1053 546//1052 365//675
f 549//1057 547//1058 365//677
f 550//1059 547//1058 549//1057
f 550//1059 551//1060 547//1058
f 551//1061 552//1056 547//1053
f 548//1055 552//1056 553//1062
f 553//1062 552//1056 551//1061
f 540//1063 541//1064 553//1065
f 553//1065 541//1064 548//1066
f 188//393 187//392 553//1065
f 188//391 553//1062 551//1061
f 553//1065 187//392 540//1063
f 188//391 551//1061 186//390
f 554//1067 551//1060 550//1059
f 554//1067 555//1068 551//1060
f 186//390 551//1061 555//1069
f 186//390 555//1069 558//1070
f 368//679 555//1068 554//1067
f 556//1071 555//1068 368//679
f 556//1071 557//1072 555//1068
f 558//1070 555//1069 557//1073
f 558//1070 557//1073 561//1074
f 186//390 558//1070 559//1075
f 560//1076 559//1075 558//1070
f 558//1070 561//1074 560//1076
f 557//1073 564//1077 561//1074
f 562//1078 561//1079 564//1080
f 562//1078 563//1081 561//1079
f 560//1076 561//1074 563//1082
f 564//1083 557//1084 566//1085
f 562//1078 564//1080 565//1086
f 566//1087 565//1086 564//1080
f 557//1084 568//1088 566//1085
f 565//1086 566//1087 567//1089
f 566//1090 568//1090 567//1090
f 569//1091 568//1088 557//1084
f 569//1091 571//1092 568//1088
f 570//1093 567//1094 568//1095
f 571//1096 570//1093 568//1095
f 573//1097 572//1098 571//1096
f 571//1096 572//1098 570//1093
f 573//1099 571//1092 574//1100
f 569//1091 574//1100 571//1092
f 569//1091 576//1101 574//1100
f 575//1102 573//1099 574//1100
f 574//1100 576//1101 575//1102
f 579//1103 576//1101 569//1091
f 575//1102 576//1101 577//1104
f 578//1105 577//1104 576//1101
f 576//1101 580//1106 578//1105
f 580//1106 576//1101 579//1103
f 578//1105 580//1106 581//1107
f 582//1108 581//1107 580//1106
f 580//1106 583//1109 582//1108
f 374//686 583//1109 580//1106
f 374//686 580//1106 579//1103
f 374//686 585//1110 583//1109
f 584//1111 583//1112 295//1113
f 584//1111 582//1114 583//1112
f 295//1113 583//1112 585//1115
f 374//686 376//685 585//1110
f 376//1116 295//1113 585//1115
f 582//1114 584//1111 586//1117
f 586//1117 584//1111 587//1118
f 584//1119 287//549 283//551
f 295//561 287//549 584//1119
f 584//1119 283//551 587//1120
f 589//1121 587//1120 588//1122
f 588//1122 587//1120 284//1123
f 586//1124 587//1125 589//1126
f 284//1123 587//1120 283//551
f 379//698 589//1121 588//1122
f 589//1126 590//1127 586//1124
f 590//1127 589//1126 379//693
f 590//1128 591//1129 586//1130
f 592//1131 591//1129 590//1128
f 590//1128 593//1132 592//1131
f 590//1128 375//688 593//1132
f 377//690 375//688 590//1128
f 590//1127 379//693 377//692
f 594//1133 592//1131 593//1132
f 593//1132 595//1134 594//1133
f 593//1132 375//688 595//1134
f 375//688 596//1135 595//1134
f 595//1134 596//1135 597//1136
f 597//1136 594//1133 595//1134
f 355//661 599//1137 597//1136
f 355//661 597//1136 598//1138
f 597//1136 600//1139 598//1138
f 594//1133 597//1136 599//1137
f 596//1135 600//1139 597//1136
f 363//670 603//1140 600//1139
f 596//1135 363//670 600//1139
f 600//1141 601//1142 602//1143
f 603//1144 601//1142 600//1141
f 602//1143 598//1145 600//1141
f 363//670 361//669 603//1140
f 603//1146 361//1146 604//1146
f 603//1144 604//1147 601//1142
f 604//1148 360//1148 605//1148
f 601//1149 604//1149 605//1149
f 360//666 604//1150 361//667
f 606//1151 605//1152 360//1153
f 605//1152 608//1154 601//1155
f 606//1151 607//1156 605//1152
f 607//1156 608//1154 605//1152
f 608//1154 610//1157 609//1158
f 601//1155 608//1154 609//1158
f 607//1156 610//1157 608//1154
f 610//1157 611//1159 609//1158
f 607//1156 612//1160 610//1157
f 610//1157 384//704 611//1159
f 612//1160 384//704 610//1157
f 612//1160 390//718 384//704
f 614//1161 613//1162 612//1160
f 390//718 612//1160 613//1162
f 614//1161 612//1160 607//1156
f 617//1163 613//1162 614//1161
f 615//1164 614//1161 607//1156
f 616//1165 614//1161 615//1164
f 616//1165 617//1163 614//1161
f 618//1166 307//1167 617//1163
f 307//1167 613//1162 617//1163
f 618//1166 617//1163 616//1165
f 620//1168 618//1166 616//1165
f 619//1169 323//1170 618//1166
f 619//1169 618//1166 620//1168
f 323//1170 324//1171 618//1166
f 324//1171 307//576 618//1166
f 620//1168 616//1165 622//1172
f 619//1169 620//1168 621//1173
f 621//1173 620//1168 622//1172
f 622//1172 616//1165 615//1164
f 622//1172 615//1164 624//1174
f 623//1175 622//1172 624//1174
f 621//1173 622//1172 623//1175
f 624//1174 615//1164 607//1156
f 624//1174 607//1156 606//1151
f 625//1176 624//1174 606//1151
f 623//1175 624//1174 625//1176
f 625//1176 606//1151 627//1177
f 29//57 625//1176 22//46
f 22//46 625//1176 626//1178
f 29//57 623//1175 625//1176
f 625//1176 627//1177 626//1178
f 627//1177 354//654 352//649
f 354//654 627//1177 360//1153
f 626//1178 627//1177 352//649
f 606//1151 360//1153 627//1177
f 626//1178 352//649 350//648
f 23//47 626//1178 350//648
f 22//46 626//1178 23//47
f 29//57 621//1173 623//1175
f 34//65 621//1173 33//67
f 34//65 619//1169 621//1173
f 33//67 621//1173 29//57
f 629//1179 323//1180 619//1181
f 628//1182 619//1181 34//354
f 628//1182 629//1179 619//1181
f 629//1183 628//1184 338//624
f 335//623 629//1183 340//627
f 629//1179 335//1185 323//1180
f 340//627 629//1183 338//624
f 631//1186 630//1187 628//1184
f 632//1188 628//1184 630//1187
f 338//624 628//1184 632//1188
f 631//1189 628//1182 34//354
f 337//625 338//624 632//1188
f 337//625 632//1188 100//1190
f 632//1188 630//1187 100//1190
f 633//1191 631//1186 158//345
f 633//1191 634//1192 631//1186
f 631//1186 634//1192 630//1187
f 158//349 631//1189 34//354
f 633//1193 635//1194 634//1195
f 635//1194 630//1196 634//1195
f 636//1197 630//1196 635//1194
f 633//1191 637//1198 635//1199
f 635//1199 65//135 636//1200
f 65//135 635//1199 64//136
f 637//1198 64//136 635//1199
f 36//1201 637//1202 43//1203
f 37//1204 637//1202 36//1201
f 37//1204 64//1205 637//1202
f 637//1198 158//345 43//344
f 633//1191 158//345 637//1198
f 630//1196 636//1197 100//226
f 100//226 636//1197 97//227
f 68//1206 97//220 636//1200
f 636//1200 65//135 68//1206
f 389//1207 613//1208 307//1209
f 389//1207 390//1210 613//1208
f 611//1159 385//705 638//1211
f 384//704 385//705 611//1159
f 611//1159 638//1211 639//1212
f 609//1158 611//1159 639//1212
f 609//1158 639//1212 346//639
f 639//1213 329//1214 346//636
f 639//1213 328//1215 329//1214
f 639//1213 638//1216 328//1215
f 385//705 284//1123 638//1211
f 638//1216 284//543 285//547
f 638//1216 285//547 328//1215
f 601//1155 609//1158 602//1217
f 602//1217 609//1158 348//638
f 348//638 609//1158 346//639
f 598//1145 602//1143 348//642
f 357//660 640//1218 599//1137
f 640//1218 641//1219 599//1137
f 357//660 599//1137 355//661
f 594//1133 599//1137 641//1219
f 641//1219 644//1220 594//1133
f 642//1221 643//1222 641//1219
f 642//1221 641//1219 640//1218
f 644//1220 641//1219 643//1222
f 592//1131 594//1133 644//1220
f 645//1223 592//1131 644//1220
f 644//1220 643//1222 645//1223
f 645//1223 643//1222 646//1224
f 647//1225 645//1223 646//1224
f 645//1223 647//1225 591//1129
f 592//1131 645//1223 591//1129
f 591//1129 647//1225 581//1107
f 578//1105 581//1107 647//1225
f 647//1225 646//1224 577//1104
f 647//1225 577//1104 578//1105
f 648//1226 577//1104 646//1224
f 648//1226 646//1224 649//1227
f 646//1224 643//1222 649//1227
f 643//1228 650//1228 649//1228
f 650//1229 651//1230 649//1227
f 651//1230 652//1231 649//1227
f 652//1231 654//1232 649//1227
f 649//1227 654//1232 653//1233
f 648//1226 649//1227 653//1233
f 655//1234 654//1232 560//1076
f 653//1233 654//1232 655//1234
f 652//1231 560//1076 654//1232
f 575//1102 653//1233 655//1234
f 575//1102 655//1234 573//1099
f 573//1099 655//1234 656//1235
f 655//1234 560//1076 656//1235
f 656//1236 659//1237 657//1238
f 657//1238 573//1097 656//1236
f 563//1081 658//1239 656//1240
f 656//1235 560//1076 563//1082
f 656//1240 658//1239 659//1241
f 657//1242 659//1243 660//1244
f 660//1245 659//1246 661//1247
f 659//1246 658//1248 661//1247
f 661//1249 199//415 662//1250
f 663//1251 199//414 661//1247
f 658//1248 663//1251 661//1247
f 660//1252 661//1249 259//512
f 661//1249 662//1250 259//512
f 663//1251 665//1253 199//414
f 666//1254 664//1255 663//1251
f 664//1255 665//1253 663//1251
f 562//1256 663//1251 658//1248
f 666//1254 663//1251 562//1256
f 666//1254 562//1256 565//1257
f 666//1254 565//1257 567//1258
f 667//1259 664//1255 666//1254
f 667//1259 666//1254 567//1258
f 667//1259 668//1260 664//1255
f 669//1261 667//1259 567//1258
f 226//453 668//1260 667//1259
f 226//453 667//1259 669//1261
f 671//1262 669//1261 670//1263
f 669//1261 567//1258 670//1263
f 229//456 669//1261 671//1262
f 229//456 226//453 669//1261
f 234//464 229//456 671//1262
f 234//464 671//1262 672//1264
f 672//1264 671//1262 673//1265
f 671//1262 674//1266 673//1265
f 671//1262 670//1263 674//1266
f 674//1266 670//1263 675//1267
f 673//1265 674//1266 675//1267
f 670//1263 572//1268 675//1267
f 675//1267 572//1268 660//1244
f 675//1267 660//1244 261//1269
f 289//555 675//1267 261//1269
f 673//1265 675//1267 289//555
f 676//1270 672//1264 673//1265
f 290//554 673//1265 289//555
f 676//1270 673//1265 290//554
f 677//1271 678//1272 676//1270
f 677//1271 676//1270 292//557
f 676//1273 678//1274 238//1275
f 292//557 676//1270 290//554
f 676//1276 680//1277 679//1278
f 681//1279 676//1280 679//1281
f 684//1282 680//1277 676//1276
f 682//1283 676//1280 681//1279
f 676//1284 682//1285 683//1286
f 683//1286 684//1287 676//1284
f 235//1288 672//1289 676//1290
f 235//1288 676//1290 238//1291
f 680//1292 684//1293 686//1294
f 683//1286 685//1295 684//1287
f 684//1296 685//1296 686//1296
f 686//1297 688//1298 687//1299
f 686//1294 687//1300 680//1292
f 685//1301 688//1298 686//1297
f 688//1302 691//1302 689//1302
f 681//1303 688//1303 689//1303
f 691//1304 688//1305 690//1306
f 688//1305 685//1307 690//1306
f 692//1308 688//1298 681//1309
f 688//1298 692//1308 687//1299
f 692//1310 693//1311 694//1312
f 679//1313 693//1311 692//1310
f 679//1281 692//1314 681//1279
f 692//1310 694//1312 687//1315
f 697//1316 694//1317 693//1318
f 696//1319 695//1320 694//1321
f 687//1315 694//1312 695//1322
f 696//1323 694//1317 697//1316
f 696//1324 697//1325 698//1326
f 699//1327 698//1328 697//1329
f 699//1327 697//1329 693//1330
f 680//1331 699//1332 679//1313
f 699//1332 693//1311 679//1313
f 695//1333 700//1333 699//1333
f 699//1334 700//1334 698//1334
f 680//1331 695//1322 699//1332
f 700//1335 696//1324 698//1326
f 700//1336 695//1320 696//1319
f 695//1322 680//1331 687//1315
f 691//1337 701//1337 689//1337
f 701//1338 691//1339 702//1340
f 702//1340 691//1339 690//1341
f 690//1341 703//1342 702//1340
f 702//1343 705//1344 701//1345
f 704//1346 702//1340 703//1342
f 702//1343 704//1347 705//1344
f 701//1345 705//1344 706//1348
f 706//1348 705//1344 709//1349
f 705//1344 708//1350 427//779
f 427//779 707//1351 705//1344
f 705//1352 707//1352 709//1352
f 705//1344 704//1347 708//1350
f 706//1348 709//1349 710//1353
f 709//1354 707//1354 710//1354
f 707//1351 418//772 710//1353
f 710//1353 418//772 417//771
f 710//1353 417//771 416//767
f 706//1348 710//1353 405//751
f 405//751 710//1353 416//767
f 708//1350 704//1347 711//1355
f 427//779 708//1350 711//1355
f 711//1355 704//1347 713//1356
f 427//779 711//1355 712//1357
f 711//1355 713//1356 712//1357
f 713//1358 714//1359 460//852
f 713//1358 715//1360 714//1359
f 459//850 713//1361 460//851
f 459//1362 712//1362 713//1362
f 704//1346 715//1360 713//1358
f 450//834 714//1359 715//1360
f 450//834 715//1360 449//1363
f 449//1363 715//1360 716//1364
f 717//1365 716//1364 715//1360
f 704//1346 717//1365 715//1360
f 704//1346 703//1342 717//1365
f 717//1366 718//1367 716//1368
f 718//1369 717//1365 703//1342
f 716//1368 718//1367 720//1370
f 718//1369 703//1342 690//1341
f 718//1371 690//1306 719//1372
f 718//1367 719//1373 720//1370
f 720//1374 685//1375 683//1376
f 719//1377 685//1375 720//1374
f 683//1378 721//1378 720//1378
f 716//1379 720//1380 721//1381
f 683//1382 724//1383 721//1384
f 721//1381 722//1385 723//1386
f 722//1387 721//1388 724//1389
f 723//1386 716//1379 721//1381
f 682//1390 724//1383 683//1382
f 725//1391 724//1383 682//1390
f 724//1389 725//1392 722//1387
f 725//1391 689//1393 701//1394
f 725//1391 682//1390 689//1393
f 725//1392 701//1395 706//1396
f 725//1392 706//1396 722//1387
f 448//1397 716//1364 723//1398
f 448//1397 723//1398 445//826
f 723//1386 722//1385 444//1399
f 445//826 723//1398 444//827
f 722//1387 706//1396 444//1400
f 685//1307 719//1372 690//1306
f 449//1363 716//1364 448//1397
f 460//852 714//1359 447//833
f 450//834 447//833 714//1359
f 427//779 712//1357 726//1401
f 726//1401 712//1357 459//1402
f 427//779 726//1401 727//1403
f 726//1401 459//1402 728//1404
f 728//1404 727//1405 726//1401
f 728//1406 729//1407 731//1408
f 729//1409 728//1409 459//1409
f 730//1410 727//1405 728//1404
f 731//1411 730//1411 728//1411
f 729//1407 732//1412 731//1408
f 731//1408 732//1412 733//1413
f 731//1414 454//1415 730//1416
f 733//1417 454//1415 731//1414
f 732//1418 454//1418 733//1418
f 729//1419 459//1419 732//1419
f 732//1420 459//1420 454//1420
f 730//1410 422//778 734//1421
f 730//1410 734//1421 727//1405
f 422//778 730//1410 454//841
f 421//1422 734//1422 422//1422
f 421//1423 727//1423 734//1423
f 427//1424 727//1424 421//1424
f 427//779 418//772 707//1351
f 444//1400 706//1396 405//750
f 681//1425 689//1425 682//1425
f 678//1274 232//1426 238//1275
f 232//1427 678//1272 677//1271
f 735//1428 232//1427 677//1271
f 735//1428 677//1271 736//1429
f 736//1429 677//1271 292//557
f 298//565 736//1429 294//560
f 736//1429 292//557 294//560
f 737//1430 735//1428 736//1429
f 737//1430 736//1429 298//565
f 740//1431 735//1428 737//1430
f 738//1432 737//1430 298//565
f 739//1433 737//1430 738//1432
f 739//1433 740//1431 737//1430
f 271//1434 233//1435 740//1436
f 740//1431 233//462 735//1428
f 274//1437 271//1434 740//1436
f 275//1438 740//1436 739//1439
f 275//1438 274//1437 740//1436
f 741//1440 742//1441 739//1439
f 741//1440 739//1439 310//1442
f 310//575 739//1433 303//568
f 739//1433 738//1432 303//568
f 742//1441 275//1438 739//1439
f 277//535 742//1443 743//1444
f 743//1445 742//1441 741//1440
f 277//535 275//533 742//1443
f 741//1440 319//1446 743//1444
f 277//535 743//1444 278//536
f 278//536 743//1444 327//611
f 743//1444 319//1446 327//611
f 319//1446 741//1440 322//606
f 322//606 741//1440 310//1442
f 738//1432 298//565 301//564
f 303//568 738//1432 301//564
f 233//462 232//463 735//1428
f 235//465 234//467 672//1447
f 670//1263 567//1258 570//1448
f 670//1263 570//1448 572//1268
f 224//450 668//1260 226//453
f 224//450 223//449 668//1260
f 668//1260 744//1449 664//1255
f 223//449 744//1449 668//1260
f 744//1449 745//1450 664//1255
f 744//1449 487//930 745//1450
f 223//449 746//1451 744//1449
f 744//1449 746//1451 487//930
f 219//444 746//1451 223//449
f 493//949 487//930 746//1451
f 219//444 493//949 746//1451
f 664//1255 745//1450 665//1253
f 745//1450 485//932 747//1452
f 745//1450 747//1452 665//1253
f 487//930 485//932 745//1450
f 747//1452 193//403 195//406
f 748//1453 193//403 747//1452
f 485//932 748//1453 747//1452
f 665//1253 747//1452 195//406
f 485//932 486//933 748//1453
f 486//933 190//397 748//1453
f 748//1453 190//397 193//403
f 665//1253 195//406 199//414
f 662//1454 213//433 257//504
f 259//509 662//1454 257//504
f 662//1250 199//415 202//420
f 202//426 208//429 662//1454
f 662//1454 208//429 213//433
f 572//1268 657//1242 660//1244
f 261//511 660//1252 259//512
f 563//1081 562//1078 658//1239
f 573//1097 657//1238 572//1098
f 648//1226 653//1233 575//1102
f 749//1455 652//1231 651//1230
f 559//1075 560//1076 652//1231
f 749//1455 559//1075 652//1231
f 749//1455 651//1230 185//389
f 749//1455 185//389 186//390
f 186//390 559//1075 749//1455
f 750//1456 185//389 651//1230
f 651//1230 650//1229 750//1456
f 750//1456 751//1457 183//384
f 185//389 750//1456 183//384
f 750//1456 752//1458 751//1457
f 750//1456 650//1229 752//1458
f 753//1459 751//1457 752//1458
f 752//1458 650//1229 642//1221
f 752//1458 642//1221 753//1459
f 753//1459 640//1218 754//1460
f 754//1460 755//1461 753//1459
f 755//1461 751//1457 753//1459
f 640//1218 753//1459 642//1221
f 755//1461 545//1051 751//1457
f 755//1461 546//1052 545//1051
f 546//1052 755//1461 364//674
f 754//1460 364//674 755//1461
f 754//1460 640//1218 357//660
f 358//663 364//674 754//1460
f 754//1460 357//660 358//663
f 183//384 751//1457 545//1051
f 643//1222 642//1221 650//1229
f 575//1102 577//1104 648//1226
f 598//1145 348//642 355//1462
f 596//1135 370//689 363//670
f 370//689 596//1135 375//688
f 591//1129 581//1107 586//1130
f 382//702 379//698 588//1122
f 382//702 588//1122 284//1123
f 581//1107 582//1108 586//1130
f 757//1463 579//1464 569//1465
f 756//1466 374//687 579//1464
f 756//1466 579//1464 757//1463
f 368//679 757//1463 758//1467
f 368//679 756//1466 757//1463
f 757//1463 569//1465 758//1467
f 758//1467 569//1465 557//1072
f 758//1467 557//1072 556//1071
f 758//1467 556//1071 368//679
f 368//679 372//682 756//1466
f 372//682 374//687 756//1466
f 368//679 554//1067 550//1059
f 368//679 550//1059 549//1057
f 549//1057 366//676 368//679
f 549//1057 365//677 366//676
f 543//1046 548//1468 541//1047
f 365//675 546//1052 364//674
f 183//384 545//1051 181//382
f 538//1040 540//1042 187//398
f 538//1040 187//398 190//397
f 537//1039 538//1040 190//397
f 486//933 537//1039 190//397
f 489//934 537//1039 486//933
f 491//939 496//950 484//940
f 451//832 759//1469 467//1470
f 759//1469 455//843 467//1470
f 455//843 759//1469 451//832
f 461//853 460//852 447//833
f 444//1471 760//1471 438//1471
f 444//1400 405//750 760//1472
f 760//1472 761//1473 438//1474
f 405//750 761//1473 760//1472
f 392//739 761//1475 401//737
f 401//749 761//1473 405//750
f 761//1476 762//1476 438//1476
f 761//1477 392//1478 762//1479
f 762//1480 437//807 438//806
f 391//1481 437//1481 762//1481
f 762//1479 392//1478 391//1482
f 8//12 763//1483 431//1484
f 431//795 763//1485 764//1486
f 5//10 431//795 764//1486
f 5//10 764//1486 766//1487
f 765//1488 21//1489 764//1490
f 764//1490 763//1491 765//1488
f 766//1492 764//1490 21//1489
f 5//10 766//1487 3//1493
f 766//1492 21//1489 3//1494
f 21//1495 765//1496 768//1497
f 765//1488 763//1491 767//1498
f 768//1497 765//1496 767//1499
f 21//42 768//1500 19//40
f 769//1501 19//1502 768//1503
f 768//1503 770//1504 769//1501
f 771//1505 770//1504 768//1503
f 767//1499 771//1506 768//1497
f 18//1507 770//1504 771//1505
f 15//24 18//34 771//1508
f 767//1499 15//25 771//1506
f 18//1507 775//1509 770//1504
f 770//1510 772//1510 773//1510
f 772//1511 770//1512 774//1513
f 770//1514 773//1514 769//1514
f 775//1515 774//1513 770//1512
f 775//1509 18//1507 19//1502
f 769//1516 776//1516 775//1516
f 19//1502 769//1501 775//1509
f 775//1517 776//1517 774//1517
f 774//1518 776//1518 772//1518
f 772//1519 776//1519 773//1519
f 769//1520 773//1520 776//1520
f 763//1521 777//1521 767//1522
f 777//1521 16//1522 767//1522
f 767//1499 16//26 15//25
f 11//28 16//30 777//1523
f 8//12 11//11 777//1524
f 777//1524 763//1483 8//12
f 429//1525 424//1525 423//1525
f 410//1526 426//1526 425//1526
f 410//1527 412//1527 426//1527
f 387//726 394//725 400//1528
f 400//1528 394//725 778//1529
f 400//1528 778//1529 396//727
f 779//1530 778//1530 780//1530
f 779//1531 395//1532 778//1533
f 396//727 778//1529 395//724
f 780//1534 778//1535 394//1536
f 780//1534 394//1536 781//1537
f 780//1538 781//1539 779//1540
f 781//1539 782//1541 779//1540
f 394//1542 782//1543 781//1544
f 782//1545 395//1532 779//1531
f 395//1546 782//1543 394//1542
f 307//574 783//1547 389//1548
f 389//1548 783//1547 308//580
f 307//574 312//582 783//1547
f 783//1547 309//581 308//580
f 783//1549 315//1550 309//1551
f 312//586 315//588 783//1552
f 385//705 382//702 284//1123
f 295//1113 376//1116 296//1553
f 355//1462 348//642 347//641
f 346//636 329//1214 345//637
f 345//1554 329//1555 330//1556
f 334//1557 345//1554 330//1556
f 99//1558 344//998 343//1559
f 99//1558 104//1560 344//998
f 104//1560 105//995 344//998
f 343//1559 337//625 102//1561
f 339//626 337//625 343//1559
f 343//1559 102//1561 99//1558
f 100//1190 102//1561 337//625
f 335//623 321//602 323//604
f 784//1562 327//611 328//610
f 328//1215 285//547 784//1563
f 784//1562 278//536 327//611
f 279//537 278//536 784//1562
f 285//541 279//537 784//1562
f 322//606 310//1442 324//607
f 324//1171 310//575 307//576
f 309//1551 315//1550 313//1564
f 303//568 301//564 300//567
f 289//555 261//1269 262//553
f 285//541 280//538 279//537
f 266//522 267//523 272//530
f 271//528 251//494 233//1565
f 785//1566 249//493 269//526
f 785//1566 269//526 786//1567
f 269//526 246//488 786//1567
f 245//487 246//488 269//526
f 269//526 252//492 245//487
f 240//1568 785//1569 786//1570
f 240//1568 786//1570 787//1571
f 787//1572 786//1573 246//1574
f 239//1575 240//1575 787//1575
f 239//1576 787//1577 236//1578
f 236//1578 787//1577 243//1579
f 787//1572 246//1574 243//1580
f 240//477 242//476 785//1581
f 249//493 785//1566 242//485
f 251//494 227//501 233//1582
f 251//494 250//495 227//501
f 239//471 236//469 235//468
f 238//470 239//471 235//468
f 230//457 229//456 234//464
f 220//445 219//444 223//449
f 211//440 210//1007 217//441
f 196//977 204//422 200//418
f 169//365 170//366 172//369
f 167//362 27//56 26//48
f 154//334 151//981 152//332
f 146//1583 46//340 150//342
f 147//321 135//298 136//297
f 788//1584 147//1585 136//1586
f 788//1587 789//1588 147//1589
f 147//1589 789//1588 790//1590
f 146//319 147//321 790//1591
f 790//1591 46//97 146//319
f 789//1592 44//1593 790//1594
f 46//97 790//1591 44//98
f 789//1595 793//1596 791//1597
f 791//1598 44//1593 789//1592
f 789//1595 788//1599 792//1600
f 792//1600 793//1596 789//1595
f 793//1596 794//1601 791//1597
f 48//104 49//103 793//1602
f 49//1603 794//1601 793//1596
f 795//1604 793//1604 792//1604
f 48//1605 793//1605 795//1605
f 55//116 48//100 795//1606
f 795//1607 792//1608 55//1609
f 45//107 791//1610 794//1611
f 49//105 45//107 794//1611
f 792//1600 797//1612 796//1613
f 796//1613 798//1614 792//1600
f 788//1599 797//1612 792//1600
f 55//1609 792//1608 798//1615
f 799//1616 798//1614 796//1613
f 798//1617 799//1618 800//1619
f 798//1615 800//1620 55//1609
f 81//1621 800//1622 134//295
f 56//117 800//1622 81//1621
f 800//1619 799//1618 134//1623
f 56//117 55//116 800//1622
f 799//1624 796//1625 134//1626
f 136//1586 797//1627 788//1584
f 136//1628 796//1629 797//1630
f 138//1631 796//1629 136//1628
f 134//1626 796//1625 138//1632
f 44//1633 791//1610 45//107
f 128//287 130//286 144//316
f 131//1634 801//1635 139//1636
f 119//260 139//303 120//261
f 82//294 139//303 119//260
f 139//1637 122//1638 120//1639
f 801//1640 122//1638 139//1637
f 132//1641 122//1642 801//1643
f 132//1644 801//1635 131//1634
f 81//1621 134//295 82//294
f 122//1642 132//1641 126//272
f 126//272 123//274 122//1642
f 119//260 802//1645 82//294
f 113//247 802//1645 119//260
f 115//1646 113//1646 119//1646
f 803//1647 802//1648 805//1649
f 803//1650 804//1651 802//1652
f 802//1652 804//1651 82//1653
f 113//247 805//1654 802//1645
f 805//1649 807//1655 803//1647
f 113//247 106//233 805//1654
f 106//1656 806//1657 805//1649
f 805//1649 806//1657 807//1655
f 807//1658 806//1659 808//1660
f 807//1658 808//1660 803//1661
f 90//1662 808//1663 809//1664
f 90//1662 810//1665 808//1663
f 806//1659 809//1666 808//1660
f 803//1661 808//1660 810//1667
f 82//1668 810//1669 89//1670
f 89//1671 810//1665 90//1662
f 804//1672 810//1669 82//1668
f 803//1661 810//1667 804//1673
f 90//1662 809//1664 101//1674
f 101//1675 809//1676 106//1677
f 809//1676 806//1678 106//1677
f 91//207 90//206 101//228
f 69//219 97//220 68//1206
f 71//1679 72//166 78//165
f 37//87 41//86 64//1680
f 36//1681 43//94 38//93
f 3//1494 21//1489 13//1682
f 13//1683 2//1683 3//1683
f 813//1684 812//1685 811//1686
f 811//1686 812//1685 814//1687
f 811//1686 817//1688 813//1684
f 811//1689 814//1690 815//1691
f 816//1692 811//1693 815//1694
f 811//1686 816//1695 817//1688
f 813//1684 817//1688 821//1696
f 816//1697 818//1698 817//1699
f 818//1700 819//1701 817//1702
f 819//1701 820//1703 817//1702
f 817//1704 820//1705 821//1696
f 813//1684 821//1696 823//1706
f 821//1696 820//1705 822//1707
f 821//1696 822//1707 823//1706
f 826//1708 813//1709 823//1710
f 826//1708 823//1710 824//1711
f 823//1710 825//1712 824//1711
f 823//1706 822//1707 825//1713
f 828//828 813//1709 826//1708
f 827//1714 828//1715 826//1716
f 827//1717 826//1718 824//1719
f 828//828 812//1720 813//1709
f 828//828 831//708 812//1720
f 829//1721 830//1722 828//1723
f 829//1721 828//1723 832//1724
f 830//1725 831//708 828//828
f 832//1726 828//1715 827//1714
f 832//1727 833//1728 829//1729
f 832//1727 834//1730 833//1728
f 827//1731 834//1730 832//1727
f 834//1732 835//1733 836//1734
f 837//1735 835//1736 834//1737
f 834//1732 836//1734 833//1738
f 827//1731 837//1739 834//1730
f 827//1731 838//1740 837//1739
f 838//1741 839//1742 837//1743
f 839//1742 840//1744 837//1743
f 840//1745 835//1736 837//1735
f 840//1746 841//1746 835//1746
f 842//1747 841//1748 840//1749
f 839//1750 842//1747 840//1749
f 843//1751 844//1752 842//1753
f 838//1754 843//1754 842//1754
f 838//1755 842//1755 839//1755
f 844//1756 845//1757 842//1758
f 845//1757 841//1759 842//1758
f 845//1757 847//1760 841//1759
f 849//1761 845//1757 846//1762
f 846//1762 845//1757 844//1756
f 848//1763 847//1760 845//1757
f 849//1761 848//1763 845//1757
f 851//1764 849//1761 850//1765
f 850//1765 849//1761 846//1762
f 851//1764 852//1766 849//1761
f 852//1766 848//1763 849//1761
f 852//1766 853//1767 848//1763
f 855//1768 853//1767 852//1766
f 854//1769 852//1766 851//1764
f 854//1769 855//1768 852//1766
f 855//1768 856//1770 853//1767
f 857//1771 856//1770 855//1768
f 857//1771 855//1768 858//1772
f 858//1772 855//1768 854//1769
f 854//1773 861//1774 858//1775
f 859//1776 860//1777 858//1778
f 859//1776 858//1778 861//1779
f 862//1780 858//1772 860//1781
f 862//1780 863//1782 858//1772
f 863//1782 857//1771 858//1772
f 863//1783 864//1784 857//1785
f 863//1786 865//1787 864//1788
f 862//1789 865//1787 863//1786
f 865//1790 862//1791 859//1792
f 861//1793 865//1794 859//1795
f 861//1793 864//1796 865//1794
f 857//1785 864//1784 866//1797
f 861//1793 866//1798 864//1796
f 866//1798 867//1799 868//1800
f 866//1798 872//1801 867//1799
f 868//1802 869//1803 866//1804
f 866//1804 869//1803 857//1805
f 870//1806 866//1798 861//1793
f 871//1807 866//1798 870//1806
f 866//1798 871//1807 872//1801
f 873//1808 872//1809 875//1810
f 874//1811 872//1812 873//1813
f 874//1811 867//1814 872//1812
f 875//1815 872//1801 871//1807
f 876//1816 875//1815 871//1807
f 875//1815 876//1816 878//1817
f 873//1808 875//1810 877//1818
f 878//1819 877//1820 875//1821
f 876//1816 882//1822 878//1817
f 878//1819 879//1823 877//1820
f 878//1824 880//1825 879//1826
f 881//1827 880//1825 878//1824
f 878//1817 882//1822 881//1828
f 883//1829 882//1830 884//1831
f 880//1832 882//1833 883//1834
f 884//1831 882//1830 886//1835
f 882//1822 876//1816 885//1836
f 885//1836 886//1837 882//1822
f 880//1832 881//1838 882//1833
f 886//1839 887//1840 884//1841
f 889//1842 887//1840 886//1839
f 886//1837 885//1836 888//1843
f 886//1837 888//1843 889//1844
f 887//1845 889//1846 888//1847
f 887//1845 888//1847 890//1848
f 890//1849 888//1850 891//1851
f 891//1851 888//1850 892//1852
f 885//1836 892//1853 888//1843
f 891//1854 892//1855 893//1856
f 893//1856 892//1855 894//1857
f 894//1858 892//1853 885//1836
f 885//1836 895//1859 894//1858
f 895//1859 897//1860 894//1858
f 893//1861 894//1862 896//1863
f 896//1863 894//1862 897//1864
f 895//1859 899//1865 897//1860
f 896//1866 897//1867 898//1868
f 898//1868 897//1867 899//1869
f 900//1870 899//1865 902//1871
f 901//1872 899//1869 900//1873
f 898//1868 899//1869 901//1872
f 895//1859 902//1871 899//1865
f 904//1874 903//1875 902//1871
f 903//1875 900//1870 902//1871
f 904//1874 902//1871 895//1859
f 906//1876 904//1874 905//1877
f 904//1874 907//1878 905//1877
f 904//1874 906//1876 903//1875
f 895//1859 908//1879 904//1874
f 904//1874 909//1880 907//1878
f 908//1879 909//1880 904//1874
f 909//1880 908//1879 907//1878
f 895//1859 911//1881 908//1879
f 907//1882 908//1882 910//1882
f 911//1883 910//1883 908//1883
f 885//1836 911//1881 895//1859
f 912//1884 911//1881 885//1836
f 912//1884 913//1885 911//1881
f 911//1886 913//1886 910//1886
f 915//1887 913//1885 914//1888
f 912//1884 914//1888 913//1885
f 913//1889 915//1889 910//1889
f 915//1887 914//1888 907//1878
f 915//1890 907//1890 910//1890
f 917//1891 914//1888 912//1884
f 907//1878 914//1888 916//1892
f 916//1892 914//1888 917//1891
f 912//1884 918//1893 917//1891
f 918//1893 919//1894 917//1891
f 921//1895 917//1891 919//1894
f 920//1896 917//1891 921//1895
f 916//1892 917//1891 920//1896
f 921//1895 919//1894 922//1897
f 924//1898 921//1895 922//1897
f 923//1899 920//1896 921//1895
f 923//1899 921//1895 924//1898
f 924//1898 925//1900 926//1901
f 922//1897 925//1900 924//1898
f 927//1902 923//1899 924//1898
f 819//1701 924//1898 926//1901
f 927//1902 924//1898 819//1701
f 927//1902 819//1701 818//1700
f 928//1903 923//1899 927//1902
f 928//1903 927//1902 929//1904
f 929//1904 927//1902 818//1700
f 930//1905 929//1904 818//1700
f 929//1904 930//1905 932//1906
f 928//1903 929//1904 931//1907
f 929//1904 932//1906 931//1907
f 932//1906 930//1905 933//1908
f 932//1906 933//1908 934//1909
f 935//1910 932//1906 934//1909
f 936//1911 932//1906 935//1910
f 936//1911 931//1907 932//1906
f 936//1911 938//1912 937//1913
f 937//1913 931//1907 936//1911
f 935//1910 940//1914 936//1911
f 939//1915 938//1912 936//1911
f 940//1914 939//1915 936//1911
f 940//1914 934//1909 946//1916
f 935//1910 934//1909 940//1914
f 941//1917 944//1918 940//1914
f 940//1914 946//1916 941//1917
f 940//1914 942//1919 939//1915
f 940//1914 943//1920 942//1919
f 940//1914 945//1921 943//1920
f 944//1918 945//1921 940//1914
f 946//1916 934//1909 947//1922
f 950//1923 946//1916 947//1922
f 948//1924 946//1925 949//1926
f 941//1927 946//1925 948//1924
f 949//1928 946//1928 950//1928
f 951//1929 949//1929 950//1929
f 947//1922 951//1930 950//1923
f 952//1931 953//1932 951//1930
f 952//1931 951//1930 947//1922
f 953//835 949//37 951//1933
f 953//1932 952//1931 954//1934
f 953//1932 954//1934 955//1935
f 944//1918 941//1917 953//1932
f 944//1918 953//1932 955//1935
f 953//835 948//1936 949//37
f 953//1937 941//1937 948//1937
f 955//1935 954//1934 956//1938
f 945//1921 955//1935 956//1939
f 944//1918 955//1935 945//1921
f 957//1940 956//1938 954//1934
f 959//1941 956//1941 957//1941
f 959//1942 958//1943 956//1939
f 945//1921 956//1939 958//1943
f 961//1944 959//1945 960//1946
f 960//1946 959//1945 957//1947
f 963//1948 959//1945 961//1944
f 963//1948 962//1949 959//1945
f 958//1950 959//1950 962//1950
f 970//1951 963//1952 961//1953
f 967//1954 963//1955 943//1956
f 943//1956 963//1955 964//1957
f 964//1958 963//1952 969//1959
f 963//1952 965//1960 968//1961
f 966//1962 965//1960 963//1952
f 970//1951 966//1962 963//1952
f 967//1963 962//1964 963//1965
f 963//1952 968//1961 969//1959
f 960//1966 970//1967 961//1968
f 960//1966 971//1969 970//1967
f 972//1970 966//1962 970//1951
f 970//1967 971//1969 973//1971
f 973//1972 972//1970 970//1951
f 973//1971 974//1973 976//1974
f 973//1971 971//1969 974//1973
f 973//1975 975//1975 972//1975
f 976//1976 975//1976 973//1976
f 977//1977 976//1974 980//1978
f 978//1979 976//1980 977//1981
f 976//1982 978//1982 975//1982
f 976//1974 974//1973 979//1983
f 976//1974 979//1983 980//1978
f 980//1978 983//1984 981//1985
f 980//1978 981//1985 982//1986
f 977//1977 980//1978 982//1986
f 980//1978 979//1983 983//1984
f 983//1984 984//1987 985//1988
f 979//1983 984//1987 983//1984
f 983//1984 985//1988 986//1989
f 981//1985 983//1984 986//1989
f 985//1988 987//1990 986//1989
f 986//1989 987//1990 988//1991
f 986//1989 988//1991 990//1992
f 981//1985 986//1989 989//1993
f 989//1993 986//1989 990//1992
f 989//1993 990//1992 995//1994
f 990//1992 991//1995 994//1996
f 990//1992 992//1997 991//1995
f 988//1991 992//1997 990//1992
f 995//1994 990//1992 993//1998
f 993//1998 990//1992 994//1996
f 995//1994 998//1999 996//2000
f 997//2001 995//1994 996//2000
f 997//2001 989//1993 995//1994
f 998//1999 995//1994 993//1998
f 999//2002 998//2003 1000//2004
f 998//1999 999//2005 996//2000
f 998//2006 993//2007 1000//2008
f 1000//2008 993//2007 1001//2009
f 1002//2010 1000//2008 1001//2009
f 1003//2011 1000//2004 1002//2012
f 1003//2011 999//2002 1000//2004
f 1004//2013 999//2014 1003//2015
f 1003//2016 1005//2017 1004//2018
f 1003//2011 1006//2019 1005//2020
f 1003//2011 1002//2012 1006//2019
f 1007//2021 1005//2020 1006//2019
f 1007//2021 1006//2019 1008//2022
f 1006//2019 1002//2012 1008//2022
f 1007//2021 1008//2022 1010//2023
f 1008//2024 1001//2025 1009//2026
f 1010//2023 1008//2022 1009//2027
f 1008//2024 1002//2028 1001//2025
f 1010//2029 1012//2030 1007//2031
f 1010//2023 1009//2027 1011//2032
f 1011//2033 1012//2033 1010//2033
f 1012//2034 1013//2035 996//2036
f 1014//2037 1013//2035 1012//2034
f 1012//2034 1016//2038 1014//2037
f 1011//2039 1015//2040 1012//2041
f 1015//2042 1016//2038 1012//2034
f 996//2036 1017//2043 1012//2034
f 1007//2031 1012//2030 1017//2044
f 901//1872 1017//2043 996//2036
f 901//1872 1018//2045 1017//2043
f 1007//2046 1017//2047 1018//2048
f 1018//2045 1019//2049 1015//2042
f 1018//2045 900//1873 1019//2049
f 901//1872 900//1873 1018//2045
f 1020//2050 1018//2051 1015//2052
f 1007//2046 1018//2048 1020//2053
f 1020//2054 1021//2055 1023//2056
f 1022//2057 1021//2055 1020//2054
f 1020//2050 1015//2052 1022//2058
f 1020//2054 1023//2056 1007//2021
f 1024//2059 1005//2017 1023//2060
f 1007//2021 1023//2056 1005//2020
f 1025//2061 1024//2059 1023//2060
f 1021//2062 1025//2061 1023//2060
f 1026//2063 1027//2064 1025//2061
f 1021//2062 1026//2063 1025//2061
f 1025//2061 1027//2064 1024//2065
f 1027//2064 1028//2066 1024//2065
f 1028//2067 1027//2068 1030//2069
f 1027//2068 1026//2070 1029//2071
f 1030//2069 1027//2068 1029//2071
f 1030//2069 1029//2071 1031//2072
f 901//2073 1028//2067 1030//2069
f 1030//2069 1031//2072 1032//2074
f 898//2075 1030//2069 1032//2074
f 901//2073 1030//2069 898//2075
f 1032//2074 1033//2076 898//2075
f 1032//2074 1031//2072 1033//2076
f 1033//2076 1035//2077 1034//2078
f 893//2079 1033//2076 1034//2078
f 898//2075 1033//2076 893//2079
f 1031//2072 1035//2077 1033//2076
f 1034//2078 1035//2077 1036//2080
f 1035//2077 1037//2081 1036//2080
f 1035//2077 1038//2082 1037//2081
f 1039//2083 1038//2082 1035//2077
f 1031//2072 1039//2083 1035//2077
f 1039//2083 1040//2084 1038//2082
f 1029//2071 1039//2083 1031//2072
f 1041//2085 1040//2084 1039//2083
f 1029//2071 1026//2070 1039//2083
f 1026//2070 1041//2085 1039//2083
f 1041//2085 1045//2086 1042//2087
f 992//1997 1041//2085 1042//2087
f 992//1997 1043//2088 1041//2085
f 1041//2085 1043//2088 1044//2089
f 1041//2085 1044//2089 1040//2084
f 1026//2070 1045//2086 1041//2085
f 1045//2090 1046//2091 1042//2092
f 1045//2090 1021//2062 1046//2091
f 1026//2063 1021//2062 1045//2090
f 1048//2093 1046//2094 1047//2095
f 1011//2032 1047//2096 1046//2057
f 1011//2032 1046//2057 1022//2057
f 1022//2057 1046//2057 1021//2055
f 1046//2094 1048//2093 1042//2097
f 1048//2093 1047//2095 991//2098
f 991//1995 992//1997 1048//2099
f 992//1997 1042//2087 1048//2099
f 1050//2100 991//2101 1047//2102
f 1011//2032 1009//2027 1047//2096
f 1009//2026 1049//2103 1047//2102
f 1047//2102 1049//2103 1050//2100
f 1049//2104 994//2105 1050//2106
f 1050//2106 994//2105 991//2107
f 1001//2009 994//2105 1049//2104
f 1001//2025 1049//2103 1009//2026
f 1044//2089 1051//2108 1054//2109
f 1052//2110 1051//2108 1044//2089
f 1043//2088 1052//2110 1044//2089
f 1044//2089 1054//2109 1053//2111
f 1040//2084 1044//2089 1053//2111
f 1054//2109 1051//2108 1055//2112
f 1056//2113 1054//2109 1055//2112
f 1053//2111 1054//2109 1056//2113
f 1056//2113 1055//2112 1057//2114
f 1058//2115 1056//2113 1057//2114
f 1037//2081 1056//2113 1058//2115
f 1038//2082 1056//2113 1037//2081
f 1038//2082 1053//2111 1056//2113
f 1059//2116 1058//2115 1061//2117
f 1060//2118 1058//2115 1059//2116
f 1058//2115 1057//2114 1061//2117
f 1037//2081 1058//2115 1060//2118
f 1061//2117 1062//2119 847//1760
f 1061//2117 1063//2120 1062//2119
f 1061//2117 1057//2114 1063//2120
f 1059//2116 1061//2117 848//1763
f 848//1763 1061//2117 847//1760
f 1063//2120 1051//2108 1064//2121
f 1055//2112 1051//2108 1063//2120
f 1063//2120 1064//2121 1065//2122
f 1062//2119 1063//2120 1065//2122
f 1057//2114 1055//2112 1063//2120
f 1066//2123 1062//2119 1065//2122
f 1066//2123 1065//2122 1068//2124
f 1065//2122 1064//2121 1067//2125
f 1065//2122 1067//2125 1069//2126
f 1068//2124 1065//2122 1069//2126
f 1069//2126 1067//2125 1071//2127
f 1070//2128 1069//2126 1071//2127
f 1068//2124 1069//2126 1070//2128
f 1071//2127 1067//2125 1072//2129
f 1073//2130 1071//2127 1072//2129
f 1070//2128 1071//2127 1073//2130
f 1074//2131 1070//2128 1073//2130
f 1074//2131 1073//2130 1075//2132
f 1075//2132 1073//2130 1076//2133
f 1073//2130 1072//2129 1076//2133
f 1076//2133 1072//2129 1077//2134
f 1076//2133 1077//2134 984//1987
f 971//1969 1076//2133 974//1973
f 974//1973 1076//2133 984//1987
f 1075//2132 1076//2133 971//1969
f 984//1987 1077//2134 985//1988
f 1077//2134 987//1990 985//1988
f 1077//2134 1078//2135 987//1990
f 1077//2134 1072//2129 1078//2135
f 1072//2129 1052//2110 1078//2135
f 1078//2135 1052//2110 1079//2136
f 987//1990 1078//2135 1079//2136
f 1079//2136 1052//2110 1043//2088
f 988//1991 1079//2136 992//1997
f 992//1997 1079//2136 1043//2088
f 987//1990 1079//2136 988//1991
f 1080//2137 1075//2132 971//1969
f 1080//2137 1074//2131 1075//2132
f 1081//2138 1074//2131 1080//2137
f 1081//2138 1080//2137 1082//2139
f 1082//2139 1080//2137 971//1969
f 1082//2140 957//1947 1083//2141
f 1082//2140 1083//2141 1084//2142
f 1084//2143 1085//2144 1082//2139
f 1082//2139 971//1969 960//1966
f 960//1946 957//1947 1082//2140
f 1085//2144 1081//2138 1082//2139
f 1085//2144 1086//2145 1081//2138
f 1087//2146 1086//2145 1085//2144
f 1084//2143 1087//2146 1085//2144
f 1090//2147 1088//2148 1087//2146
f 1088//2148 1089//2149 1087//2146
f 1087//2146 1089//2149 1091//2150
f 1090//2147 1087//2146 1084//2143
f 1087//2146 1091//2150 1086//2145
f 1091//2150 1093//2151 1086//2145
f 1092//2152 1091//2153 1089//2154
f 1093//2155 1091//2153 1092//2152
f 1093//2151 1068//2124 1086//2145
f 1092//2156 1094//2157 1093//2158
f 833//1738 1093//2158 1094//2157
f 1093//2158 833//1738 1095//2159
f 1093//2151 1095//2160 1068//2124
f 1095//2160 1096//2161 1066//2123
f 1095//2160 1066//2123 1068//2124
f 1096//2162 1095//2159 833//1738
f 1096//2161 836//2163 1066//2123
f 836//1734 1096//2162 833//1738
f 829//1729 1094//2164 1097//2165
f 1097//2165 1094//2164 1099//2166
f 1094//2157 1098//2167 1099//2168
f 1098//2167 1094//2157 1092//2156
f 829//1729 833//1728 1094//2164
f 1100//2169 843//2170 1099//2166
f 1099//2171 1101//2172 1100//2173
f 1099//2166 843//2170 838//1740
f 1097//2165 1099//2166 838//1740
f 1101//2172 1099//2174 1098//2175
f 1098//2175 1089//2176 1101//2172
f 1089//2176 1100//2173 1101//2172
f 1088//2177 1100//2177 1089//2177
f 843//2178 1100//2179 1088//2180
f 1092//2181 1089//2176 1098//2175
f 1097//2165 838//1740 827//1731
f 827//1717 824//1719 1097//2182
f 1097//2183 1102//2184 829//2185
f 1097//2186 824//2186 1102//2186
f 1084//2142 1103//2187 1102//2188
f 1103//2187 1104//2189 1102//2188
f 830//1725 1102//2188 1104//2189
f 829//2185 1102//2184 830//2190
f 1084//2142 1102//2188 1090//838
f 1090//838 1102//2188 824//1711
f 1106//2191 1105//2192 1104//2193
f 1104//2193 1105//2192 831//2194
f 830//1725 1104//2189 831//708
f 1106//2191 1104//2193 1103//2195
f 1106//2191 1103//2195 1107//2196
f 1107//2196 1105//2197 1106//2191
f 1107//2196 1103//2195 1109//2198
f 947//1922 1108//2199 1107//2196
f 1107//2196 1108//2200 933//2201
f 1107//2196 933//2201 1105//2197
f 947//1922 1107//2196 1109//2198
f 1084//2142 1083//2141 1109//2202
f 1103//2187 1084//2142 1109//2202
f 947//1922 1109//2198 1083//2203
f 934//1909 933//1908 1108//2199
f 934//1909 1108//2199 947//1922
f 831//2194 1105//2192 1110//2204
f 1110//2204 1105//2197 933//2201
f 1111//2205 814//1687 1110//2204
f 1112//2206 1111//2205 1110//2204
f 1112//2206 1110//2204 933//2201
f 1110//2204 814//1687 831//2194
f 1113//2207 1112//2206 930//2208
f 1112//2206 1113//2207 1111//2205
f 1112//2209 933//1908 930//1905
f 1115//2210 1111//2211 1113//2212
f 1113//2213 930//1905 818//1700
f 1114//2214 1115//2215 1113//2213
f 1113//2213 818//1700 1114//2214
f 1115//2216 815//1691 814//1690
f 1111//2211 1115//2210 814//2217
f 815//2218 1115//2215 1114//2214
f 815//1694 1114//2219 816//1692
f 816//1697 1114//2220 818//1698
f 824//1711 850//2221 1090//838
f 1090//2147 1116//2222 1088//2148
f 1090//2147 846//1762 1116//2222
f 850//1765 846//1762 1090//2147
f 846//1762 844//1756 1116//2222
f 843//1751 1116//2223 844//1752
f 1088//2180 1116//2224 843//2178
f 1086//2145 1068//2124 1074//2131
f 1086//2145 1074//2131 1081//2138
f 954//1934 1083//2203 957//1940
f 952//1931 1083//2203 954//1934
f 952//1931 947//1922 1083//2203
f 1068//2124 1070//2128 1074//2131
f 1072//2129 1067//2125 1052//2110
f 1067//2125 1064//2121 1051//2108
f 1067//2125 1051//2108 1052//2110
f 835//2225 1066//2123 836//2163
f 835//2225 1062//2119 1066//2123
f 847//1760 1062//2119 835//2225
f 1036//2080 1037//2081 1060//2118
f 1117//2226 1060//2118 856//1770
f 856//1770 1060//2118 853//1767
f 853//1767 1060//2118 1059//2116
f 1036//2080 1060//2118 1117//2226
f 873//2227 1117//2226 856//1770
f 873//2227 1118//2228 1117//2226
f 1118//2228 1036//2080 1117//2226
f 884//2229 1034//2078 1118//2228
f 1034//2078 1036//2080 1118//2228
f 883//2230 1118//2228 877//2231
f 884//2229 1118//2228 883//2230
f 873//2227 877//2231 1118//2228
f 853//1767 1059//2116 848//1763
f 1040//2084 1053//2111 1038//2082
f 893//2079 1034//2078 884//2229
f 999//2005 1028//2067 901//2073
f 1024//2065 1028//2066 1004//2013
f 1004//2013 1028//2066 999//2014
f 1005//2017 1024//2059 1004//2018
f 1022//2232 1015//2040 1011//2039
f 1120//2233 1119//2234 1019//2235
f 1019//2235 1119//2234 1121//2236
f 1120//2237 1019//2238 900//2239
f 1015//2042 1019//2049 1121//2240
f 1015//2042 1121//2240 1122//830
f 1124//2241 1122//2242 1121//2236
f 1121//2236 1119//2234 1123//2243
f 1123//2243 1124//2241 1121//2236
f 1125//2244 1122//2242 1124//2241
f 1124//2245 1126//2246 1125//2247
f 1124//2245 1129//2248 1126//2246
f 1124//2241 1127//2249 1128//2250
f 1127//2249 1124//2241 1123//2243
f 1124//2241 1128//2250 1129//2251
f 1126//2252 1129//2253 1130//2254
f 1130//2254 1129//2253 1128//2255
f 1130//2254 1128//2255 1131//2256
f 1133//2257 1130//2254 1131//2256
f 1126//2258 1130//2259 1132//2260
f 1132//2261 1130//2262 1133//2263
f 1134//2264 1133//2263 1135//2265
f 1137//2266 1133//2263 1134//2264
f 1133//2263 1131//2267 1135//2265
f 1133//2263 1137//2266 1136//2268
f 1132//2261 1133//2263 1136//2268
f 1136//2268 1137//2266 1140//2269
f 1134//2264 1138//2270 1137//2266
f 1137//2266 1138//2270 1139//2271
f 1139//2271 1140//2269 1137//2266
f 1143//2272 1136//2268 1140//2269
f 1141//2273 1143//2274 1140//2269
f 1140//2269 1142//2275 1141//2273
f 1140//2269 1139//2271 1142//2275
f 1144//2276 1143//2277 1141//2278
f 1145//2279 1143//2277 1144//2276
f 1136//2280 1143//2280 1145//2280
f 1016//2281 1145//2279 1014//2282
f 1145//2279 1144//2276 1014//2282
f 1016//2281 1136//2283 1145//2279
f 1144//2276 1141//2278 1013//2284
f 1014//2282 1144//2276 1013//2284
f 1142//2275 1148//2285 1141//2273
f 1139//2271 1146//2286 1142//2275
f 1146//2286 1147//2287 1142//2275
f 1142//2275 1147//2287 1149//2288
f 1142//2275 1149//2288 1148//2285
f 1149//2288 1150//2289 1152//2290
f 1151//2291 1150//2289 1149//2288
f 1149//2288 1154//2292 1151//2291
f 1149//2288 1152//2290 1153//2293
f 1149//2288 1153//2293 1148//2285
f 1149//2288 1147//2287 1154//2292
f 1151//2291 1154//2292 1155//2294
f 1154//2295 1156//2295 1155//2295
f 1156//2296 1154//2297 1147//2298
f 1156//2296 1147//2298 1157//2299
f 1157//2300 1158//2301 1156//2302
f 1156//2302 1158//2301 1155//2303
f 1139//2271 1158//2304 1146//2286
f 1157//2305 1146//2306 1158//2307
f 1138//2270 1155//2294 1158//2304
f 1139//2271 1138//2270 1158//2304
f 1147//2308 1146//2306 1157//2305
f 1151//2291 1155//2294 1138//2270
f 982//2309 1153//2310 1152//2311
f 997//2312 1153//2310 982//2309
f 996//2036 1153//2310 997//2312
f 996//2036 1013//2035 1153//2310
f 1141//2273 1153//2293 1013//2313
f 1148//2285 1153//2293 1141//2273
f 1152//2314 1160//2315 1159//2316
f 1161//2317 1152//2311 1159//2318
f 982//2309 1152//2311 1161//2317
f 1152//2290 1150//2289 1160//2319
f 1161//2320 1163//2321 1162//2322
f 1161//2320 1162//2322 977//2323
f 1161//2324 977//1977 982//1986
f 1161//2317 1159//2318 1163//2325
f 1163//2326 1164//2327 1166//2328
f 1165//2329 1164//2327 1163//2326
f 1163//2325 1159//2318 1165//2330
f 1162//2331 1163//2332 1166//2333
f 1164//2334 1151//2291 1166//2335
f 1162//2331 1166//2333 1169//2336
f 1168//2337 1167//2338 1166//2335
f 1166//2335 1167//2338 1170//2339
f 1168//2337 1166//2335 1151//2291
f 1166//2333 1170//2340 1169//2336
f 1171//2341 1170//2342 1172//2343
f 1169//2344 1170//2342 1171//2341
f 1172//2343 1170//2342 1167//2345
f 1173//2346 1171//2347 1172//2348
f 1173//2346 1172//2348 942//2349
f 1167//2350 942//2349 1172//2348
f 1174//2351 1171//2347 1173//2346
f 1174//2352 1173//2353 964//2354
f 964//2354 1173//2353 943//2355
f 942//2356 943//2355 1173//2353
f 964//2357 1171//2358 1174//2359
f 964//2357 1169//2360 1171//2358
f 1169//2336 964//2361 1175//2362
f 1162//2331 1169//2336 1175//2362
f 969//2363 1176//2363 1175//2363
f 1175//2364 1176//2365 1177//2366
f 1175//2367 1177//2367 1162//2367
f 1175//2362 964//2361 969//2368
f 1176//2365 1178//2369 1177//2366
f 1177//2370 1178//2370 1179//2370
f 1162//2371 1177//2371 1179//2371
f 1162//2372 1179//2372 1180//2372
f 1180//2373 1179//2374 1178//2375
f 1180//2376 977//1981 1162//2377
f 1184//2378 1180//2376 1181//2379
f 1181//2379 1180//2376 1182//2380
f 1182//2381 1180//2382 1183//2383
f 1180//2373 1178//2375 1183//2384
f 1184//2378 977//1981 1180//2376
f 1181//2385 1185//2385 1184//2385
f 1185//2386 975//2386 1184//2386
f 1184//2387 975//2387 978//2387
f 978//1979 977//1981 1184//2378
f 1185//2388 972//2388 975//2388
f 1186//2389 1185//2389 1181//2389
f 1186//2390 966//2390 1185//2390
f 966//1962 972//1970 1185//2391
f 1181//2392 1187//2393 1186//2394
f 1186//2395 1187//2396 966//1962
f 1182//2381 1183//2383 1187//2397
f 1187//2397 1183//2383 965//2398
f 1181//2392 1182//2399 1187//2393
f 966//1962 1187//2396 965//1960
f 1183//2400 1178//2401 968//2402
f 1183//2400 968//2402 965//2403
f 1176//2404 968//2404 1178//2404
f 968//2405 1176//2405 969//2405
f 1188//2406 938//1912 1168//2337
f 1168//2337 1138//2270 1188//2406
f 939//1915 1168//2337 938//1912
f 1168//2337 939//1915 1167//2338
f 1138//2270 1168//2337 1151//2291
f 937//1913 938//1912 1188//2406
f 937//1913 1188//2406 1189//2407
f 1189//2407 1188//2406 1134//2264
f 1134//2264 1188//2406 1138//2270
f 1189//2407 1135//2265 1190//2408
f 1189//2407 1190//2408 1191//2409
f 937//1913 1189//2407 1191//2409
f 1134//2264 1135//2265 1189//2407
f 1190//2408 1192//2410 1191//2409
f 1191//2409 1192//2410 1193//2411
f 1191//2409 1193//2411 937//1913
f 928//1903 931//1907 1193//2411
f 1193//2411 1192//2410 928//1903
f 937//1913 1193//2411 931//1907
f 1190//2408 920//1896 1192//2410
f 920//1896 923//1899 1192//2410
f 1192//2410 923//1899 928//1903
f 916//1892 920//1896 1190//2408
f 1135//2265 916//1892 1190//2408
f 942//1919 1167//2338 939//1915
f 1165//2412 1159//2412 1164//2412
f 1164//2334 1160//2319 1150//2289
f 1150//2289 1151//2291 1164//2334
f 1159//2316 1160//2315 1164//2413
f 1132//2414 1136//2283 1125//2244
f 1125//2244 1136//2283 1016//2281
f 1135//2265 1131//2267 905//1877
f 905//1877 916//1892 1135//2265
f 1132//2260 1125//2415 1126//2258
f 1131//2267 1127//2416 1194//2417
f 1127//2249 1131//2418 1128//2250
f 905//1877 1131//2267 1194//2417
f 906//1876 905//1877 1194//2417
f 1123//2243 1119//2419 1194//2420
f 1127//2249 1123//2243 1194//2420
f 906//2421 1194//2420 903//2422
f 903//2422 1194//2420 1119//2419
f 1016//2281 1122//2242 1125//2244
f 1015//2042 1122//830 1016//2038
f 903//2422 1119//2419 1120//2237
f 900//2239 903//2422 1120//2237
f 1001//2009 993//2007 994//2105
f 996//2000 999//2005 901//2073
f 982//1986 989//1993 997//2001
f 982//1986 981//1985 989//1993
f 974//1973 984//1987 979//1983
f 967//1954 943//1956 945//2423
f 958//2424 967//1954 945//2423
f 967//1963 958//2425 962//1964
f 819//1701 926//1901 820//1703
f 926//1901 925//1900 1195//2426
f 926//1901 1195//2426 1197//2427
f 926//1901 1198//2428 820//1703
f 1198//2428 926//1901 1196//2429
f 926//1901 1197//2427 1196//2429
f 820//1705 1198//2430 1199//2431
f 1198//2428 1196//2429 1199//2431
f 1199//2431 1196//2429 1200//2432
f 820//1705 1199//2431 822//1707
f 822//1707 1199//2431 1200//2432
f 1196//2429 1201//2433 1200//2432
f 1200//2432 1201//2433 825//2434
f 822//1707 1200//2432 825//1713
f 850//2221 825//1712 1201//2435
f 1201//2435 851//2436 850//2221
f 1196//2429 1202//2437 1201//2433
f 1202//2437 1203//2438 1201//2433
f 1201//2435 1204//2439 851//2436
f 1203//2440 1204//2439 1201//2435
f 1204//2441 1203//2442 854//2443
f 1204//2444 854//1769 851//1764
f 854//2443 1203//2442 1205//2445
f 1205//2446 1203//2438 1202//2437
f 854//1773 1205//2447 861//1774
f 870//1806 1205//2446 1202//2437
f 870//1806 861//1793 1205//2446
f 1197//2427 1202//2437 1196//2429
f 1206//2448 870//1806 1202//2437
f 1206//2448 1202//2437 1197//2427
f 1207//2449 870//1806 1206//2448
f 1207//2450 1206//2451 1208//2452
f 1197//2453 1208//2453 1206//2453
f 1208//2454 1195//2454 925//2454
f 1197//2455 1195//2455 1208//2455
f 1208//2452 925//2456 1207//2450
f 922//1897 1207//2449 925//1900
f 1207//2449 922//1897 870//1806
f 922//1897 919//1894 1209//2457
f 922//1897 1209//2457 870//1806
f 1209//2458 919//2459 1211//2460
f 1209//2458 1211//2460 1210//2461
f 1210//2462 870//1806 1209//2457
f 919//2463 1212//2464 1211//2465
f 1211//2465 1212//2464 1213//2466
f 1211//2460 1213//2467 1210//2461
f 1213//2466 1212//2464 1214//2468
f 1215//2469 1213//2467 1214//2470
f 1210//2461 1213//2467 1215//2469
f 1214//2470 1216//2471 1215//2469
f 1210//2472 1215//2469 1216//2471
f 1214//2473 1217//2474 1216//2475
f 1216//2475 1217//2474 1218//2476
f 1216//2475 1218//2476 871//2477
f 1216//2478 871//2478 1210//2478
f 871//2477 1218//2476 876//2479
f 1219//2480 1218//2481 1217//2482
f 1219//2480 1212//2483 1218//2481
f 1218//2484 1212//2485 1220//2486
f 1220//2486 876//2487 1218//2484
f 1220//2488 912//1884 885//1836
f 1221//2489 912//1884 1220//2488
f 1221//2490 1220//2486 1212//2485
f 885//1836 876//1816 1220//2488
f 1212//2485 1222//2491 1221//2490
f 918//1893 912//1884 1221//2489
f 1221//2490 1222//2491 918//2492
f 918//2493 1222//2494 919//2463
f 1222//2494 1212//2464 919//2463
f 1217//2482 1212//2483 1219//2480
f 1214//2468 1212//2464 1217//2495
f 871//1807 870//1806 1210//2462
f 905//1877 907//1878 916//1892
f 896//2496 898//2075 893//2079
f 891//2497 893//2079 884//2229
f 890//2498 891//2497 884//2229
f 890//2498 884//2229 887//2499
f 880//2500 883//2230 877//2231
f 880//2500 877//2231 879//2501
f 874//2502 873//2227 869//2503
f 868//2504 874//2505 869//2504
f 867//835 874//2505 868//2504
f 873//2227 857//1771 869//2503
f 873//2227 856//1770 857//1771
f 859//1792 862//1791 860//2506
f 824//1711 825//1712 850//2221
f 847//1760 835//2225 841//1759
f 814//1687 812//1685 831//2194
