# Blender 4.5.3 LTS
# www.blender.org
o duct_right_up_rear
v -0.111024 0.219936 0.004487
v -0.110193 0.221413 -0.001864
v -0.111086 0.217308 0.004486
v -0.111875 0.219479 0.004602
v -0.110995 0.220510 0.014122
v -0.111446 0.219866 0.013784
v -0.110699 0.216383 -0.001864
v -0.110375 0.221359 0.012604
v -0.110340 0.221851 0.013174
v -0.108307 0.222699 0.008298
v -0.106496 0.223392 0.004667
v -0.105967 0.222925 0.001062
v -0.106045 0.222659 -0.001863
v -0.105498 0.219271 -0.001863
v -0.105338 0.223675 -0.001863
v -0.108044 0.220032 -0.001863
v -0.106991 0.220284 0.001312
v -0.108728 0.218680 0.001312
v -0.108352 0.217392 -0.001863
v -0.105356 0.213867 -0.001863
v -0.107191 0.216883 0.001312
v -0.107163 0.214631 -0.001861
v -0.106200 0.217234 -0.001863
v -0.103271 0.213897 -0.001846
v -0.105454 0.218487 0.001312
v -0.105227 0.216052 0.001311
v -0.104133 0.217844 0.001392
v -0.104567 0.220440 0.001268
v -0.107491 0.221639 0.001312
v -0.104418 0.220174 0.003218
v -0.105277 0.221241 0.006811
v -0.103991 0.219190 0.001477
v -0.103681 0.217986 0.001567
v -0.103678 0.219223 0.001561
v -0.103251 0.219423 0.001390
v -0.104163 0.224623 0.002420
v -0.104966 0.221817 0.007258
v -0.103226 0.217702 0.001344
v -0.103424 0.223375 -0.001863
v -0.106527 0.227343 -0.001816
v -0.106133 0.229632 -0.001846
v -0.106871 0.228760 0.005018
v -0.112028 0.235508 -0.001865
v -0.109663 0.233036 0.002948
v -0.112742 0.234191 -0.001869
v -0.113451 0.234075 0.001313
v -0.110342 0.231614 0.002229
v -0.112616 0.235448 0.001309
v -0.114444 0.234733 0.001029
v -0.113662 0.236104 0.000978
v -0.114362 0.234350 0.008312
v -0.116403 0.236615 0.004590
v -0.120697 0.235709 0.009792
v -0.117195 0.237527 0.001070
v -0.122281 0.238427 0.001057
v -0.122224 0.237854 0.004193
v -0.118409 0.237832 0.001228
v -0.118734 0.236296 0.001321
v -0.119135 0.236621 -0.001863
v -0.118728 0.238146 -0.001863
v -0.121997 0.238578 -0.001863
v -0.121997 0.236982 -0.001863
v -0.122274 0.236787 0.000995
v -0.121033 0.235938 0.004567
v -0.123459 0.236739 0.001326
v -0.123934 0.237010 -0.001860
v -0.124958 0.235951 0.004566
v -0.123492 0.238350 0.001262
v -0.123934 0.238600 -0.001858
v -0.127404 0.237916 0.000899
v -0.127207 0.238159 -0.001863
v -0.127104 0.236295 0.001223
v -0.126793 0.236613 -0.001863
v -0.128532 0.237577 0.001412
v -0.128323 0.235984 0.001068
v -0.129347 0.234646 0.005625
v -0.125035 0.234699 0.007959
v -0.128548 0.232430 0.010666
v -0.132649 0.232450 0.006147
v -0.131502 0.234672 0.001073
v -0.135759 0.231408 0.002535
v -0.132547 0.234033 0.001254
v -0.133461 0.235386 0.001009
v -0.132369 0.235982 0.001306
v -0.133213 0.234190 -0.001866
v -0.139468 0.226972 -0.001861
v -0.133800 0.235411 -0.001863
v -0.137817 0.232331 -0.001857
v -0.134117 0.234148 0.004990
v -0.142390 0.223829 -0.001863
v -0.139683 0.229115 0.002487
v -0.139872 0.226059 0.007067
v -0.142384 0.222802 0.001312
v -0.135171 0.231093 0.009327
v -0.130485 0.232043 0.012924
v -0.133510 0.227038 0.015310
v -0.137006 0.225981 0.012154
v -0.137108 0.221456 0.013930
v -0.139436 0.222234 0.010285
v -0.135341 0.222404 0.015847
v -0.135648 0.219607 0.015999
v -0.132296 0.221415 0.018894
v -0.129649 0.226650 0.018245
v -0.127450 0.221869 0.021532
v -0.132805 0.216972 0.018662
v -0.129035 0.218740 0.021241
v -0.123342 0.218461 0.023554
v -0.128475 0.214337 0.020784
v -0.134645 0.213830 0.016275
v -0.128513 0.210243 0.018658
v -0.132663 0.209293 0.015476
v -0.123731 0.215554 0.022591
v -0.125042 0.211143 0.020272
v -0.121092 0.206350 0.016526
v -0.122134 0.210943 0.020263
v -0.124667 0.206598 0.016761
v -0.122910 0.203231 0.012870
v -0.128069 0.204714 0.013741
v -0.125684 0.200416 0.007395
v -0.133469 0.205672 0.010981
v -0.129750 0.202026 0.008302
v -0.135488 0.203538 0.003252
v -0.130579 0.200492 0.002856
v -0.126532 0.198797 -0.001822
v -0.132791 0.200962 -0.001859
v -0.129191 0.201240 -0.001861
v -0.139776 0.207299 -0.001826
v -0.136110 0.205247 -0.001863
v -0.138953 0.209916 0.001980
v -0.140616 0.213642 -0.001862
v -0.135656 0.205649 0.002391
v -0.131618 0.202681 0.002264
v -0.129015 0.201780 0.002647
v -0.129503 0.203367 0.007371
v -0.132699 0.204781 0.006136
v -0.132058 0.205775 0.008959
v -0.134938 0.206608 0.006145
v -0.132109 0.206347 0.006135
v -0.132804 0.207350 0.010427
v -0.133266 0.207370 0.006136
v -0.132153 0.206694 0.010247
v -0.130093 0.206752 0.012331
v -0.127986 0.204770 0.010897
v -0.126649 0.208441 0.015856
v -0.134513 0.210701 0.012263
v -0.130181 0.211429 0.016459
v -0.131518 0.215929 0.017413
v -0.133736 0.212461 0.014127
v -0.128173 0.213193 0.018509
v -0.127415 0.217376 0.020182
v -0.125016 0.214177 0.020150
v -0.123021 0.218624 0.021940
v -0.122128 0.213458 0.019971
v -0.122579 0.207952 0.015979
v -0.125113 0.205890 0.013414
v -0.118358 0.209879 0.016709
v -0.120380 0.205879 0.013371
v -0.115408 0.208429 0.013826
v -0.116887 0.204520 0.009929
v -0.121719 0.205797 0.012560
v -0.121162 0.204800 0.011845
v -0.118434 0.204629 0.010575
v -0.121293 0.204489 0.004624
v -0.122102 0.205527 0.004776
v -0.122174 0.205230 0.004540
v -0.119367 0.204248 -0.001744
v -0.118281 0.203735 -0.001863
v -0.120671 0.204385 0.002313
v -0.120296 0.203299 0.001495
v -0.120248 0.202512 0.001463
v -0.117984 0.201701 -0.001859
v -0.119932 0.199023 0.001283
v -0.119008 0.198725 -0.001864
v -0.116315 0.201279 -0.001851
v -0.116250 0.200142 0.002467
v -0.111838 0.201732 -0.001851
v -0.108045 0.207239 -0.001863
v -0.107975 0.204945 -0.001843
v -0.111747 0.202898 0.004193
v -0.108910 0.206401 0.006705
v -0.114119 0.202760 0.007877
v -0.119756 0.200361 0.006998
v -0.117596 0.203759 0.012303
v -0.112464 0.206984 0.012477
v -0.117475 0.208069 0.017099
v -0.113543 0.210901 0.016762
v -0.108652 0.210053 0.010804
v -0.107715 0.215042 0.012325
v -0.111148 0.214333 0.016367
v -0.106272 0.211344 0.007665
v -0.105528 0.209219 0.001689
v -0.104875 0.215388 0.007119
v -0.106296 0.215480 0.009138
v -0.104830 0.216266 0.005627
v -0.108263 0.215490 0.012923
v -0.108152 0.215677 0.001312
v -0.109618 0.216406 0.015089
v -0.110148 0.217851 0.001311
v -0.110396 0.218236 0.016132
v -0.109945 0.220360 0.015544
v -0.113100 0.218480 0.018738
v -0.116811 0.215467 0.020842
v -0.116557 0.221218 0.020781
v -0.112866 0.223755 0.017633
v -0.111838 0.226606 0.015081
v -0.107790 0.222155 0.012492
v -0.119988 0.224497 0.020952
v -0.117571 0.228412 0.017673
v -0.118992 0.232515 0.014182
v -0.122673 0.229724 0.017665
v -0.113780 0.230515 0.013276
v -0.110331 0.230642 0.009346
v -0.106550 0.225793 0.008432
v -0.125567 0.226641 0.019797
v -0.127022 0.229986 0.016734
v -0.125491 0.233420 0.013361
v -0.129067 0.235719 0.007638
v -0.125460 0.237021 0.006646
v -0.123926 0.223905 0.021579
v -0.122861 0.220523 0.023032
v -0.120597 0.218783 0.022897
v -0.121457 0.215759 0.022558
v -0.118507 0.212420 0.020320
v -0.107726 0.221854 0.012019
v -0.109510 0.220453 0.001312
v -0.122323 0.199260 0.003378
v -0.125029 0.199262 0.002615
v -0.120274 0.199517 0.001481
v -0.122663 0.199674 0.002802
v -0.125596 0.199549 0.001587
v -0.124132 0.200167 0.002523
v -0.120264 0.200308 0.001483
v -0.121481 0.200297 0.002683
v -0.124074 0.200407 0.003081
v -0.121742 0.202428 0.003051
v -0.122663 0.202674 0.002802
v -0.124192 0.202423 0.003011
v -0.125614 0.202544 0.001582
v -0.125750 0.200377 0.001528
v -0.123980 0.203262 0.002807
v -0.126647 0.204243 -0.001730
v -0.125737 0.203373 0.001531
v -0.125233 0.204385 0.002333
v -0.124636 0.204490 0.004632
v -0.122965 0.204420 0.003332
v -0.121529 0.203288 0.002681
v -0.127482 0.204602 0.010378
v -0.123780 0.205501 0.004655
v -0.124750 0.204796 0.011815
v -0.124086 0.205799 0.012229
v -0.127647 0.203743 -0.001863
v -0.128144 0.203822 0.007847
v -0.127945 0.201699 -0.001852
v -0.106891 0.210098 0.001917
v -0.110048 0.205981 0.002720
v -0.112593 0.203609 0.001559
v -0.117017 0.201698 0.002238
v -0.113239 0.204783 0.006138
v -0.116461 0.203170 0.006897
v -0.117740 0.203763 0.007877
v -0.113699 0.206502 0.006136
v -0.112491 0.207465 0.006136
v -0.111056 0.206617 0.006136
v -0.113917 0.205938 0.009282
v -0.113355 0.207254 0.010577
v -0.111269 0.211687 0.012750
v -0.111958 0.207462 0.009138
v -0.108707 0.209486 0.006501
v -0.107590 0.213354 0.007951
v -0.105785 0.213177 0.002496
v -0.107913 0.214373 0.007828
v -0.105958 0.214258 0.000841
v -0.109524 0.215014 0.011134
v -0.111001 0.216512 0.014146
v -0.109821 0.214407 0.012263
v -0.111153 0.217091 0.013850
v -0.112202 0.217052 0.015024
v -0.112336 0.216336 0.015625
v -0.114602 0.219506 0.017833
v -0.112369 0.220761 0.015675
v -0.112218 0.217542 0.014059
v -0.115141 0.214347 0.017515
v -0.118277 0.217404 0.020091
v -0.118957 0.213667 0.019229
v -0.121953 0.218056 0.021655
v -0.118360 0.220978 0.019936
v -0.121625 0.222811 0.020291
v -0.116451 0.223733 0.017949
v -0.119198 0.226706 0.017407
v -0.114406 0.227637 0.014153
v -0.111770 0.223428 0.014347
v -0.107907 0.223680 0.008714
v -0.109656 0.226737 0.009516
v -0.105802 0.224120 0.002526
v -0.108901 0.228854 0.004925
v -0.111050 0.230510 0.006143
v -0.112172 0.229678 0.009440
v -0.113192 0.229840 0.010470
v -0.112665 0.229796 0.006136
v -0.113822 0.230820 0.006135
v -0.113267 0.232430 0.006138
v -0.113922 0.230837 0.009941
v -0.118125 0.233928 0.008669
v -0.117416 0.230614 0.013149
v -0.120854 0.231288 0.013375
v -0.123905 0.229392 0.015886
v -0.123901 0.223813 0.019919
v -0.129669 0.229330 0.013914
v -0.127004 0.224763 0.018602
v -0.125136 0.231272 0.013420
v -0.121883 0.231390 0.012033
v -0.124767 0.232975 0.010976
v -0.124105 0.231389 0.012271
v -0.122174 0.231691 0.004669
v -0.123929 0.235055 0.004704
v -0.123757 0.231692 0.004667
v -0.122050 0.234950 0.004584
v -0.124139 0.235514 0.004576
v -0.121665 0.235521 0.004678
v -0.121700 0.233642 0.009086
v -0.120891 0.234071 0.009373
v -0.130182 0.220469 0.018571
v -0.126421 0.220290 0.020535
v -0.132749 0.225004 0.015080
v -0.133616 0.220879 0.015595
v -0.136158 0.222414 0.012253
v -0.133033 0.227295 0.013017
v -0.136253 0.227310 0.008907
v -0.138340 0.223813 0.007951
v -0.138657 0.227153 0.003629
v -0.134101 0.229793 0.008783
v -0.134863 0.230549 0.006136
v -0.133440 0.229702 0.006135
v -0.132232 0.230665 0.006136
v -0.132819 0.229743 0.010511
v -0.132040 0.230883 0.009781
v -0.140020 0.224038 0.002961
v -0.138020 0.222794 0.007822
v -0.139973 0.222908 0.000841
v -0.140606 0.223690 -0.001860
v -0.139918 0.222634 -0.001863
v -0.139080 0.220207 -0.001863
v -0.137226 0.219119 -0.001863
v -0.139029 0.220212 0.001312
v -0.137095 0.222357 -0.001864
v -0.140540 0.218632 -0.001863
v -0.138583 0.216832 -0.001863
v -0.140532 0.218386 0.001312
v -0.142926 0.215122 -0.001861
v -0.141894 0.213272 0.002946
v -0.142598 0.219323 0.001470
v -0.142680 0.217755 0.001340
v -0.142373 0.217912 0.001550
v -0.141278 0.215498 0.006615
v -0.139217 0.215368 0.010060
v -0.141006 0.216158 0.005920
v -0.138183 0.215011 0.012378
v -0.139454 0.210695 0.007559
v -0.136776 0.205883 0.006047
v -0.136992 0.209781 0.011006
v -0.136033 0.216749 0.015477
v -0.137580 0.215577 0.012986
v -0.137946 0.215629 0.001311
v -0.137102 0.218633 0.001312
v -0.140503 0.215987 0.001312
v -0.136134 0.217165 0.001312
v -0.138795 0.216972 0.001312
v -0.135899 0.219591 0.001311
v -0.135664 0.217733 0.015902
v -0.137586 0.221366 0.001312
v -0.140508 0.221306 0.001311
v -0.138757 0.221804 0.010886
v -0.141944 0.220975 0.004681
v -0.140248 0.221439 0.007654
v -0.141244 0.220619 0.004773
v -0.142060 0.219202 0.001532
v -0.142035 0.217996 0.001524
v -0.141829 0.219222 0.001350
v -0.141760 0.217820 0.001334
v -0.139675 0.214550 -0.001863
v -0.135738 0.215754 -0.001864
v -0.135556 0.215808 0.012604
v -0.137624 0.214468 0.008299
v -0.134914 0.219755 -0.001863
v -0.134907 0.217231 0.004487
v -0.134485 0.217301 0.013784
v -0.134936 0.216657 0.014122
v -0.134053 0.217689 0.004601
v -0.134873 0.219909 0.004487
v -0.134778 0.220076 0.013850
v -0.135786 0.221674 0.012484
v -0.134060 0.219469 0.004582
v -0.133713 0.219623 0.014055
v -0.133690 0.217479 0.014527
v -0.133584 0.216396 0.015632
v -0.135591 0.215316 0.013174
v -0.133364 0.218524 0.016113
v -0.133635 0.220251 0.015319
v -0.134900 0.220720 0.014236
v -0.138023 0.213487 0.008715
v -0.139435 0.213774 0.004667
v -0.140129 0.213047 0.002526
v -0.139963 0.214242 0.001062
v -0.136696 0.209631 0.007802
v -0.133845 0.207487 0.009276
v -0.111883 0.217691 0.004617
v -0.112221 0.219624 0.014135
v -0.112206 0.220212 0.015150
v -0.132118 0.236373 -0.001863
v -0.131338 0.235023 -0.001862
v -0.128661 0.236097 -0.001863
v -0.129077 0.237649 -0.001863
v -0.117588 0.235984 0.000997
v -0.117269 0.236100 -0.001863
v -0.114599 0.235016 -0.001863
v -0.116859 0.237631 -0.001863
v -0.113808 0.236387 -0.001863
v -0.118566 0.199092 -0.017371
v -0.122317 0.199002 -0.053905
v -0.124022 0.198161 -0.017187
v -0.121914 0.198240 -0.017201
v -0.120061 0.198525 -0.006603
v -0.120136 0.198636 -0.015101
v -0.111509 0.202380 -0.017362
v -0.113042 0.201653 -0.053904
v -0.114152 0.200394 -0.001863
v -0.129190 0.199684 -0.017365
v -0.126487 0.198683 -0.011419
v -0.134779 0.202652 -0.017362
v -0.128955 0.199334 -0.001859
v -0.131141 0.200830 -0.053906
v -0.109217 0.232693 -0.053905
v -0.139657 0.207973 -0.053904
v -0.142036 0.212939 -0.017366
v -0.142565 0.218614 -0.053905
v -0.138885 0.206689 -0.017362
v -0.141184 0.209817 -0.001863
v -0.136002 0.203334 -0.001863
v -0.129317 0.201577 -0.001868
v -0.138323 0.209559 -0.002295
v -0.122877 0.198611 -0.002214
v -0.117096 0.201643 -0.001857
v -0.123726 0.200671 -0.002746
v -0.133416 0.204029 -0.002733
v -0.112605 0.216501 -0.002737
v -0.138117 0.212407 -0.002262
v -0.133219 0.216647 -0.002730
v -0.134223 0.221928 -0.001863
v -0.133669 0.215834 -0.001875
v -0.111574 0.222030 -0.002363
v -0.134599 0.222243 -0.002738
v -0.128960 0.235264 -0.002651
v -0.138736 0.225533 -0.002737
v -0.126070 0.236176 -0.002328
v -0.112266 0.235830 -0.001863
v -0.118873 0.236014 -0.002734
v -0.121019 0.238555 -0.001866
v -0.126604 0.238024 -0.002140
v -0.114988 0.234665 -0.001873
v -0.129504 0.237181 -0.002300
v -0.135274 0.234516 -0.001863
v -0.134487 0.232265 -0.002141
v -0.129110 0.237458 -0.009663
v -0.133920 0.235450 -0.017360
v -0.138298 0.231154 -0.017362
v -0.129162 0.237530 -0.017367
v -0.121622 0.238252 -0.017349
v -0.123931 0.239055 -0.017180
v -0.126026 0.238769 -0.012530
v -0.131648 0.236390 -0.053906
v -0.140234 0.227829 -0.053905
v -0.119181 0.237855 -0.053904
v -0.115276 0.237122 -0.017367
v -0.108458 0.232153 -0.017362
v -0.121900 0.239013 -0.017186
v -0.119331 0.238475 -0.010388
v -0.120561 0.239372 -0.014538
v -0.120581 0.257302 -0.028091
v -0.121919 0.260395 -0.025955
v -0.120677 0.238586 -0.005094
v -0.123041 0.238739 -0.002660
v -0.125820 0.238641 -0.006291
v -0.123761 0.260402 -0.025829
v -0.126698 0.262104 -0.023597
v -0.119277 0.262182 -0.023761
v -0.125288 0.257108 -0.028428
v -0.126270 0.257705 -0.028133
v -0.126585 0.262016 -0.035611
v -0.126183 0.257563 -0.035611
v -0.122630 0.257535 -0.032611
v -0.119734 0.257496 -0.035611
v -0.119347 0.262091 -0.035611
v -0.119451 0.259868 -0.026557
v -0.122406 0.262229 -0.029349
v -0.122152 0.262235 -0.026893
v -0.122102 0.254659 -0.027540
v -0.124326 0.262217 -0.027618
v -0.123063 0.255168 -0.029395
v -0.124039 0.255228 -0.027073
v -0.122962 0.240493 -0.018327
v -0.127110 0.238039 -0.009657
v -0.104327 0.225838 -0.017366
v -0.104716 0.227302 -0.001863
v -0.104747 0.219574 -0.001859
v -0.102906 0.221543 -0.013624
v -0.103020 0.218664 -0.002156
v -0.102830 0.221928 -0.010425
v -0.102876 0.220741 -0.005100
v -0.106918 0.221136 -0.002131
v -0.107530 0.227462 -0.002291
v -0.107566 0.225095 -0.002155
v -0.111556 0.232262 -0.002721
v -0.109495 0.219273 -0.002180
v -0.104650 0.217491 -0.002747
v -0.108441 0.216500 -0.002126
v -0.105782 0.216450 -0.001865
v -0.107716 0.205547 -0.001863
v -0.107335 0.210755 -0.001863
v -0.110262 0.214177 -0.001848
v -0.103692 0.212563 -0.001859
v -0.102967 0.215629 -0.006526
v -0.103101 0.215380 -0.014564
v -0.107051 0.206622 -0.017362
v -0.104068 0.212295 -0.017367
v -0.105474 0.209505 -0.053905
v -0.103508 0.221761 -0.053905
v -0.103161 0.220373 -0.017344
v -0.102304 0.217696 -0.017220
v -0.102347 0.215725 -0.012959
v -0.084011 0.218318 -0.032691
v -0.102177 0.219325 -0.017273
v -0.084329 0.221055 -0.028222
v -0.083986 0.221801 -0.035611
v -0.081590 0.219935 -0.026392
v -0.081690 0.222097 -0.026598
v -0.079533 0.222203 -0.035611
v -0.079438 0.222315 -0.023711
v -0.079323 0.219432 -0.029144
v -0.079473 0.214966 -0.035611
v -0.084053 0.215352 -0.035611
v -0.079337 0.217202 -0.027936
v -0.081335 0.215036 -0.026203
v -0.079368 0.214884 -0.023733
v -0.080988 0.218597 -0.025551
v -0.079295 0.218979 -0.026638
v -0.086320 0.219669 -0.027087
v -0.086890 0.217722 -0.027536
v -0.086378 0.218649 -0.029401
v -0.081619 0.217140 -0.026462
v -0.084240 0.216238 -0.028085
v -0.107910 0.212566 -0.002736
v -0.112634 0.217886 -0.001863
v -0.107682 0.209402 -0.002752
v -0.112452 0.203885 -0.002356
v -0.142008 0.224375 -0.017358
v -0.143263 0.221211 -0.014085
v -0.142875 0.221969 -0.009976
v -0.141965 0.225835 -0.001858
v -0.143370 0.219644 -0.017195
v -0.143435 0.217616 -0.017180
v -0.144876 0.218590 -0.018328
v -0.161536 0.216101 -0.028326
v -0.161917 0.218920 -0.032621
v -0.161878 0.221815 -0.035611
v -0.161674 0.220899 -0.028139
v -0.161945 0.215366 -0.035611
v -0.166472 0.214965 -0.035611
v -0.166398 0.222203 -0.035611
v -0.166150 0.214881 -0.024832
v -0.166597 0.217271 -0.027852
v -0.166612 0.218429 -0.029369
v -0.159647 0.219240 -0.029150
v -0.159052 0.217906 -0.028587
v -0.166594 0.219928 -0.028063
v -0.166638 0.218604 -0.026606
v -0.159626 0.219838 -0.027520
v -0.166568 0.222275 -0.023759
v -0.164744 0.219522 -0.025918
v -0.164782 0.217804 -0.025822
v -0.164224 0.222095 -0.026595
v -0.142957 0.215432 -0.007364
v -0.142957 0.218379 -0.002153
v -0.141365 0.218522 -0.002214
v -0.142969 0.221185 -0.005704
v -0.139719 0.216241 -0.002131
v -0.136878 0.216937 -0.002736
v -0.136291 0.217963 -0.001853
v -0.136827 0.219921 -0.002744
v -0.139028 0.221227 -0.001861
v -0.139273 0.221036 -0.002739
v -0.138609 0.225422 -0.001861
v -0.143282 0.215695 -0.013017
v -0.159613 0.217761 -0.026843
v -0.125243 0.198551 -0.005171
v -0.124014 0.176773 -0.025957
v -0.122189 0.176763 -0.025830
v -0.126659 0.174981 -0.023755
v -0.119260 0.175400 -0.024857
v -0.120483 0.180012 -0.028327
v -0.122760 0.196825 -0.018265
v -0.123299 0.179632 -0.032616
v -0.119580 0.179640 -0.035615
v -0.119347 0.175077 -0.035611
v -0.120109 0.198011 -0.012994
v -0.121667 0.174951 -0.027860
v -0.122781 0.174937 -0.029375
v -0.126585 0.175151 -0.035611
v -0.126197 0.179671 -0.035611
v -0.126480 0.177296 -0.026557
v -0.125350 0.179865 -0.028091
v -0.125366 0.197772 -0.014547
v -0.124310 0.174955 -0.028063
v -0.123616 0.181904 -0.029155
v -0.124220 0.181923 -0.027520
v -0.122992 0.174911 -0.026606
v -0.122198 0.181919 -0.026808
v -0.122251 0.182503 -0.028534
v -0.126421 0.179691 -0.035679
v -0.126774 0.174956 -0.035611
v -0.119153 0.175011 -0.035611
v -0.119411 0.178708 -0.029957
v -0.109192 0.182104 -0.037127
v -0.119495 0.179523 -0.056449
v -0.112229 0.180820 -0.056400
v -0.101479 0.183791 -0.062777
v -0.103441 0.184500 -0.056402
v -0.110254 0.179850 -0.062537
v -0.118210 0.177983 -0.062686
v -0.109559 0.177082 -0.066150
v -0.119641 0.173479 -0.066332
v -0.124792 0.175161 -0.066152
v -0.096762 0.183959 -0.066144
v -0.103646 0.177992 -0.066399
v -0.111397 0.174360 -0.065478
v -0.091664 0.185046 -0.065325
v -0.090837 0.186990 -0.066366
v -0.102218 0.177780 -0.065359
v -0.107656 0.174923 -0.041469
v -0.108251 0.174606 -0.053026
v -0.109962 0.174243 -0.057089
v -0.096359 0.180885 -0.041827
v -0.087955 0.184944 -0.023713
v -0.088518 0.187896 -0.041661
v -0.102689 0.174497 -0.023840
v -0.095061 0.178930 -0.023099
v -0.104713 0.174844 -0.021910
v -0.091637 0.183065 -0.021918
v -0.081030 0.196939 -0.021897
v -0.090540 0.188506 -0.023286
v -0.099492 0.180951 -0.023148
v -0.083995 0.190123 -0.022744
v -0.080866 0.194355 -0.023159
v -0.082306 0.196658 -0.041533
v -0.076372 0.204954 -0.023656
v -0.077059 0.204241 -0.022459
v -0.075732 0.218318 -0.021922
v -0.074711 0.219462 -0.022604
v -0.074540 0.218735 -0.024213
v -0.077172 0.234144 -0.022779
v -0.074866 0.224666 -0.023751
v -0.074783 0.212534 -0.023848
v -0.077013 0.212743 -0.041186
v -0.074904 0.212908 -0.036691
v -0.074786 0.215225 -0.027636
v -0.076289 0.218283 -0.026329
v -0.076366 0.216895 -0.027899
v -0.076482 0.218958 -0.029758
v -0.074732 0.219237 -0.031148
v -0.074719 0.221723 -0.027391
v -0.074918 0.224259 -0.036678
v -0.077044 0.224244 -0.041293
v -0.078011 0.210446 -0.065794
v -0.077281 0.221159 -0.065363
v -0.079039 0.232977 -0.042199
v -0.078883 0.230782 -0.065325
v -0.081659 0.237766 -0.065908
v -0.082468 0.245257 -0.023042
v -0.077336 0.234133 -0.028775
v -0.085583 0.245715 -0.041540
v -0.085282 0.244514 -0.065367
v -0.091197 0.251385 -0.065860
v -0.088685 0.252916 -0.023133
v -0.093487 0.254079 -0.041516
v -0.100585 0.258488 -0.065381
v -0.095616 0.258008 -0.029587
v -0.102262 0.259816 -0.041661
v -0.110180 0.262512 -0.065377
v -0.107336 0.264083 -0.029759
v -0.111759 0.263328 -0.041659
v -0.123057 0.264465 -0.065263
v -0.117302 0.264539 -0.041259
v -0.116875 0.266658 -0.023270
v -0.117265 0.266647 -0.036663
v -0.128776 0.264354 -0.041270
v -0.128647 0.266648 -0.036685
v -0.123422 0.266838 -0.031134
v -0.126205 0.266814 -0.027907
v -0.129063 0.266679 -0.023752
v -0.122703 0.266881 -0.023086
v -0.121972 0.266794 -0.024746
v -0.134411 0.265535 -0.022735
v -0.138983 0.263968 -0.029546
v -0.136007 0.262825 -0.042012
v -0.135668 0.262558 -0.065355
v -0.148245 0.257375 -0.041440
v -0.145272 0.258548 -0.065356
v -0.153761 0.252440 -0.065363
v -0.156769 0.253382 -0.023806
v -0.150179 0.258744 -0.023635
v -0.157891 0.248713 -0.041797
v -0.160588 0.244644 -0.065352
v -0.164908 0.238088 -0.041532
v -0.162337 0.246024 -0.029499
v -0.168233 0.234742 -0.030146
v -0.167513 0.237503 -0.022953
v -0.161575 0.247276 -0.022351
v -0.148502 0.259708 -0.022636
v -0.168688 0.230322 -0.021920
v -0.156399 0.251671 -0.021918
v -0.147692 0.255368 -0.023182
v -0.159209 0.244403 -0.023229
v -0.143140 0.261016 -0.021912
v -0.135237 0.261220 -0.023251
v -0.123413 0.265892 -0.021917
v -0.126809 0.262339 -0.023562
v -0.119030 0.262273 -0.023477
v -0.111358 0.261382 -0.023164
v -0.105685 0.262812 -0.021926
v -0.101584 0.256468 -0.023894
v -0.106605 0.264135 -0.023289
v -0.089560 0.251698 -0.021916
v -0.097719 0.259683 -0.022641
v -0.080837 0.239801 -0.021916
v -0.089683 0.247894 -0.023207
v -0.091040 0.244618 -0.027061
v -0.096652 0.250402 -0.026955
v -0.081536 0.234886 -0.023185
v -0.086465 0.237861 -0.027010
v -0.082266 0.229603 -0.025670
v -0.079201 0.222449 -0.023496
v -0.079287 0.214418 -0.023695
v -0.079169 0.219877 -0.026878
v -0.079166 0.217291 -0.026733
v -0.079311 0.222396 -0.035611
v -0.081864 0.222257 -0.026840
v -0.079188 0.219851 -0.029182
v -0.079186 0.217512 -0.029304
v -0.076330 0.220076 -0.027180
v -0.079393 0.214771 -0.035611
v -0.082303 0.214949 -0.027561
v -0.084042 0.215377 -0.035620
v -0.084102 0.208592 -0.029739
v -0.083800 0.220597 -0.056406
v -0.084130 0.221980 -0.035560
v -0.084126 0.213385 -0.056422
v -0.085908 0.206156 -0.037165
v -0.086885 0.201196 -0.029841
v -0.090644 0.196612 -0.034032
v -0.086071 0.205093 -0.056503
v -0.082081 0.217361 -0.062645
v -0.090511 0.196482 -0.056426
v -0.083936 0.206618 -0.062560
v -0.081006 0.205750 -0.066329
v -0.088110 0.197218 -0.062691
v -0.087921 0.192875 -0.066183
v -0.093032 0.192024 -0.060953
v -0.092746 0.190885 -0.063361
v -0.109800 0.205542 -0.067101
v -0.106372 0.206448 -0.060602
v -0.107644 0.206378 -0.064325
v -0.092930 0.188497 -0.065480
v -0.095306 0.188350 -0.063319
v -0.110915 0.203146 -0.064110
v -0.096437 0.188729 -0.060914
v -0.110828 0.201932 -0.060445
v -0.096571 0.189569 -0.057744
v -0.108975 0.203762 -0.053370
v -0.095539 0.191161 -0.055242
v -0.110459 0.202396 -0.056667
v -0.097676 0.189175 -0.048883
v -0.103505 0.184394 -0.031733
v -0.096271 0.189597 -0.032913
v -0.095950 0.187229 -0.026922
v -0.089659 0.194020 -0.026751
v -0.108473 0.177774 -0.023988
v -0.122002 0.171428 -0.021889
v -0.119060 0.175078 -0.023599
v -0.110712 0.180335 -0.029643
v -0.121563 0.174792 -0.026818
v -0.126861 0.174830 -0.023498
v -0.136394 0.173164 -0.021923
v -0.136566 0.176353 -0.023267
v -0.124831 0.174813 -0.027692
v -0.132155 0.178332 -0.026873
v -0.126561 0.178270 -0.028073
v -0.133893 0.180048 -0.030175
v -0.134820 0.181346 -0.036822
v -0.145910 0.181838 -0.024073
v -0.145235 0.185135 -0.029781
v -0.143284 0.185324 -0.036730
v -0.149937 0.190249 -0.034501
v -0.153112 0.190238 -0.026836
v -0.161083 0.197809 -0.023949
v -0.156499 0.189663 -0.023205
v -0.157021 0.197469 -0.029904
v -0.160671 0.207966 -0.033907
v -0.156726 0.199005 -0.036876
v -0.162604 0.206610 -0.026849
v -0.163170 0.215005 -0.028492
v -0.166702 0.214476 -0.023511
v -0.166538 0.214771 -0.035611
v -0.166755 0.222427 -0.023488
v -0.169280 0.209342 -0.021909
v -0.166744 0.216866 -0.027288
v -0.166745 0.220330 -0.027308
v -0.169369 0.217811 -0.026391
v -0.169462 0.218097 -0.029766
v -0.166766 0.218475 -0.029734
v -0.166621 0.222396 -0.035612
v -0.161867 0.221945 -0.035644
v -0.163465 0.222207 -0.027772
v -0.161844 0.215177 -0.035617
v -0.160584 0.207195 -0.056426
v -0.162202 0.217635 -0.056540
v -0.163477 0.213093 -0.062702
v -0.161487 0.226746 -0.056909
v -0.163401 0.224725 -0.062633
v -0.164970 0.230483 -0.066372
v -0.166421 0.219428 -0.066141
v -0.156979 0.238320 -0.056255
v -0.160895 0.233536 -0.062593
v -0.157839 0.240608 -0.063643
v -0.160896 0.241670 -0.066552
v -0.153148 0.245690 -0.062568
v -0.152045 0.244956 -0.057758
v -0.137743 0.232598 -0.053374
v -0.139150 0.231209 -0.056442
v -0.139595 0.230765 -0.060607
v -0.150469 0.246061 -0.055183
v -0.145223 0.250945 -0.057080
v -0.150307 0.246422 -0.037194
v -0.149329 0.247636 -0.057720
v -0.135995 0.234688 -0.055831
v -0.136805 0.233470 -0.053386
v -0.140214 0.229328 -0.050383
v -0.135039 0.235236 -0.060255
v -0.131697 0.236875 -0.050382
v -0.124511 0.236702 -0.050540
v -0.130699 0.235038 -0.050534
v -0.136414 0.230962 -0.050611
v -0.123570 0.239002 -0.060451
v -0.120943 0.238684 -0.050384
v -0.131024 0.237336 -0.060632
v -0.135068 0.234051 -0.064092
v -0.127220 0.236490 -0.067323
v -0.130806 0.232802 -0.072210
v -0.136152 0.231645 -0.067085
v -0.125975 0.230918 -0.078066
v -0.129251 0.225279 -0.082261
v -0.133713 0.229922 -0.073318
v -0.132686 0.222214 -0.081007
v -0.137434 0.226657 -0.071467
v -0.140346 0.223130 -0.068562
v -0.138292 0.230789 -0.064315
v -0.140713 0.217658 -0.069057
v -0.136168 0.217321 -0.077123
v -0.143335 0.220943 -0.060147
v -0.142190 0.211611 -0.061160
v -0.143145 0.218219 -0.050385
v -0.141258 0.217617 -0.050514
v -0.138365 0.208731 -0.050498
v -0.140862 0.209339 -0.050382
v -0.137703 0.204526 -0.053335
v -0.139159 0.205999 -0.056488
v -0.135119 0.202476 -0.050386
v -0.130183 0.199481 -0.060621
v -0.135297 0.202151 -0.057498
v -0.125786 0.198623 -0.050383
v -0.127619 0.201008 -0.050563
v -0.133428 0.203710 -0.050540
v -0.136807 0.203618 -0.053449
v -0.150262 0.190922 -0.055364
v -0.149302 0.189386 -0.057831
v -0.141334 0.183859 -0.056498
v -0.145662 0.184613 -0.062719
v -0.149496 0.188717 -0.060803
v -0.150610 0.188396 -0.063286
v -0.134917 0.201979 -0.060555
v -0.135164 0.203559 -0.064842
v -0.130458 0.203484 -0.070937
v -0.136195 0.205513 -0.067065
v -0.125293 0.201361 -0.069820
v -0.126244 0.206707 -0.078358
v -0.132360 0.207537 -0.075307
v -0.137096 0.211230 -0.072891
v -0.131616 0.213153 -0.081021
v -0.127084 0.212062 -0.083745
v -0.129233 0.217121 -0.085097
v -0.123513 0.210548 -0.083562
v -0.124085 0.218353 -0.089360
v -0.123848 0.222310 -0.087319
v -0.121773 0.218622 -0.089266
v -0.120510 0.214417 -0.086443
v -0.119808 0.207653 -0.079681
v -0.115960 0.211792 -0.081693
v -0.115456 0.217294 -0.084021
v -0.119962 0.221541 -0.087069
v -0.115062 0.222793 -0.082657
v -0.109645 0.218241 -0.077085
v -0.108155 0.211460 -0.071999
v -0.114155 0.206476 -0.074453
v -0.103642 0.211750 -0.060649
v -0.105884 0.218931 -0.070448
v -0.102577 0.219857 -0.060424
v -0.105322 0.223858 -0.067299
v -0.110204 0.226657 -0.074381
v -0.109903 0.231821 -0.067076
v -0.107423 0.230632 -0.063960
v -0.110632 0.233626 -0.065006
v -0.116033 0.229261 -0.077911
v -0.121133 0.228786 -0.080912
v -0.119545 0.234918 -0.071573
v -0.116255 0.237800 -0.061036
v -0.110878 0.235166 -0.060611
v -0.110208 0.234319 -0.050386
v -0.110337 0.234764 -0.056448
v -0.108484 0.232965 -0.053138
v -0.106951 0.231391 -0.055788
v -0.104331 0.226138 -0.050384
v -0.109499 0.231016 -0.050531
v -0.117502 0.236030 -0.050498
v -0.105510 0.213029 -0.050695
v -0.139570 0.225927 -0.050519
v -0.105124 0.222573 -0.050511
v -0.102834 0.217941 -0.050384
v -0.105051 0.209381 -0.050382
v -0.111793 0.204065 -0.050559
v -0.120620 0.200456 -0.050611
v -0.109099 0.204096 -0.050386
v -0.108193 0.204561 -0.053358
v -0.115652 0.199746 -0.050383
v -0.115114 0.199814 -0.061275
v -0.122049 0.198126 -0.060826
v -0.120327 0.202559 -0.072328
v -0.093991 0.192219 -0.057687
v -0.106763 0.205941 -0.056479
v -0.106248 0.230803 -0.060435
v -0.094079 0.244966 -0.057638
v -0.093102 0.245083 -0.060639
v -0.092607 0.246453 -0.063491
v -0.089281 0.245783 -0.066284
v -0.086290 0.236351 -0.062499
v -0.090072 0.240096 -0.056143
v -0.092824 0.248623 -0.065520
v -0.095906 0.248751 -0.062503
v -0.097524 0.254092 -0.066334
v -0.101687 0.258367 -0.066362
v -0.109381 0.259918 -0.066190
v -0.099685 0.252190 -0.062803
v -0.102281 0.252016 -0.056273
v -0.105849 0.255570 -0.062549
v -0.113421 0.258289 -0.062586
v -0.112506 0.256401 -0.056427
v -0.122734 0.259410 -0.062580
v -0.124022 0.262226 -0.066209
v -0.131067 0.262650 -0.066411
v -0.132373 0.258366 -0.062702
v -0.137733 0.259422 -0.066156
v -0.118534 0.263500 -0.066357
v -0.153412 0.251919 -0.066365
v -0.140107 0.255589 -0.062587
v -0.148086 0.254156 -0.066197
v -0.150840 0.249056 -0.063459
v -0.152946 0.248749 -0.065495
v -0.149302 0.248258 -0.060040
v -0.139447 0.254186 -0.056521
v -0.133322 0.256434 -0.056512
v -0.140450 0.253519 -0.037060
v -0.131749 0.256636 -0.034031
v -0.136935 0.257856 -0.026557
v -0.126550 0.258828 -0.028406
v -0.126185 0.257477 -0.035626
v -0.140845 0.254572 -0.029778
v -0.151692 0.249487 -0.025818
v -0.151096 0.247365 -0.029585
v -0.158814 0.239054 -0.026942
v -0.157236 0.237590 -0.033866
v -0.160963 0.227999 -0.033638
v -0.162647 0.230075 -0.026900
v -0.159165 0.232991 -0.037359
v -0.165797 0.229814 -0.023256
v -0.126778 0.262155 -0.035611
v -0.123089 0.257880 -0.056377
v -0.119447 0.257447 -0.035658
v -0.119153 0.262225 -0.035612
v -0.119333 0.259240 -0.027379
v -0.121144 0.262356 -0.027490
v -0.123430 0.262379 -0.029692
v -0.122727 0.265236 -0.029689
v -0.124697 0.265188 -0.028275
v -0.124381 0.262377 -0.026886
v -0.123455 0.265236 -0.026385
v -0.121315 0.265040 -0.027450
v -0.120050 0.266845 -0.029239
v -0.112473 0.258517 -0.026892
v -0.112648 0.256346 -0.033896
v -0.102733 0.252103 -0.034403
v -0.103788 0.253956 -0.029395
v -0.095241 0.246226 -0.033877
v -0.090229 0.240072 -0.033725
v -0.095399 0.246161 -0.054743
v -0.095861 0.245683 -0.055371
v -0.096627 0.247584 -0.057799
v -0.087135 0.234357 -0.033683
v -0.085269 0.228585 -0.036838
v -0.084164 0.228392 -0.029897
v -0.085085 0.228836 -0.056127
v -0.083388 0.228643 -0.062586
v -0.079685 0.224035 -0.066187
v -0.083993 0.237917 -0.066183
v -0.079775 0.230529 -0.066417
v -0.077852 0.218271 -0.066350
v -0.140584 0.260204 -0.066214
v -0.138501 0.206514 -0.063842
v -0.139596 0.206388 -0.060420
v -0.153231 0.191114 -0.063047
v -0.157351 0.196520 -0.062754
v -0.152251 0.192290 -0.058182
v -0.153080 0.188592 -0.065462
v -0.156884 0.198956 -0.056431
v -0.158461 0.193630 -0.066093
v -0.150184 0.184365 -0.066361
v -0.157627 0.189861 -0.066355
v -0.164339 0.205090 -0.066150
v -0.161113 0.203900 -0.062696
v -0.167026 0.209844 -0.066372
v -0.167997 0.210421 -0.065358
v -0.164822 0.200349 -0.065778
v -0.167814 0.222010 -0.066382
v -0.167204 0.230263 -0.065291
v -0.164844 0.236524 -0.065888
v -0.168689 0.220767 -0.065354
v -0.168893 0.212886 -0.041271
v -0.168747 0.224449 -0.041265
v -0.171056 0.224647 -0.023745
v -0.171007 0.224299 -0.036700
v -0.171030 0.212902 -0.036685
v -0.171234 0.218759 -0.031130
v -0.171207 0.221690 -0.028710
v -0.169579 0.220279 -0.027833
v -0.171175 0.218629 -0.024684
v -0.171192 0.212582 -0.023700
v -0.171200 0.215439 -0.028818
v -0.170825 0.225331 -0.022599
v -0.170373 0.209637 -0.022712
v -0.167415 0.200277 -0.029161
v -0.160474 0.188421 -0.029409
v -0.165366 0.200362 -0.041508
v -0.166551 0.197648 -0.022760
v -0.161051 0.190882 -0.021899
v -0.159551 0.187042 -0.022841
v -0.153694 0.181358 -0.022767
v -0.149857 0.180069 -0.021877
v -0.146576 0.176518 -0.022647
v -0.147714 0.177292 -0.030295
v -0.136227 0.172346 -0.030866
v -0.137234 0.172322 -0.023321
v -0.153648 0.184123 -0.041605
v -0.145024 0.178036 -0.041696
v -0.138004 0.174045 -0.036414
v -0.137431 0.169919 -0.035149
v -0.137493 0.169728 -0.050911
v -0.137636 0.174674 -0.053446
v -0.136672 0.169696 -0.054311
v -0.134629 0.172960 -0.058682
v -0.133678 0.173754 -0.060442
v -0.139075 0.175727 -0.065456
v -0.131712 0.174061 -0.066234
v -0.148351 0.180647 -0.065852
v -0.128612 0.173201 -0.064374
v -0.120885 0.172669 -0.064295
v -0.128078 0.172173 -0.063339
v -0.133934 0.170135 -0.059241
v -0.123089 0.169834 -0.063927
v -0.129122 0.169695 -0.062357
v -0.125213 0.169582 -0.059698
v -0.129023 0.169797 -0.058052
v -0.131903 0.169741 -0.054991
v -0.122459 0.169584 -0.061056
v -0.126884 0.169702 -0.054835
v -0.124670 0.169582 -0.056814
v -0.129054 0.172455 -0.057707
v -0.124043 0.169729 -0.053238
v -0.127105 0.172450 -0.054686
v -0.124293 0.172446 -0.053017
v -0.128496 0.172453 -0.053166
v -0.124430 0.172435 -0.050536
v -0.124086 0.169740 -0.050326
v -0.126948 0.172455 -0.050477
v -0.127100 0.169721 -0.050150
v -0.128716 0.169720 -0.052967
v -0.129952 0.169584 -0.048598
v -0.132342 0.169582 -0.051723
v -0.131495 0.172501 -0.055021
v -0.130021 0.175585 -0.049412
v -0.135002 0.169581 -0.049008
v -0.134789 0.175584 -0.049988
v -0.132172 0.175585 -0.051512
v -0.132865 0.175586 -0.046556
v -0.132828 0.169585 -0.046661
v -0.133666 0.169728 -0.043644
v -0.129368 0.169724 -0.044530
v -0.133299 0.172469 -0.043268
v -0.128436 0.172441 -0.045168
v -0.127128 0.169710 -0.048052
v -0.126936 0.172454 -0.047772
v -0.124342 0.172460 -0.045187
v -0.124135 0.169733 -0.047948
v -0.124404 0.172463 -0.047639
v -0.124004 0.169717 -0.045037
v -0.122505 0.169587 -0.042023
v -0.127207 0.169704 -0.043130
v -0.126362 0.169657 -0.035502
v -0.128634 0.172447 -0.039116
v -0.127512 0.172450 -0.043192
v -0.128204 0.169676 -0.038457
v -0.125384 0.169583 -0.040421
v -0.124012 0.175584 -0.037260
v -0.124569 0.169584 -0.037803
v -0.124993 0.175584 -0.041054
v -0.121996 0.175586 -0.041803
v -0.120671 0.169584 -0.040382
v -0.120559 0.175586 -0.038965
v -0.121617 0.169579 -0.037388
v -0.119068 0.169708 -0.035830
v -0.123313 0.169622 -0.031394
v -0.122155 0.169740 -0.034085
v -0.123801 0.169730 -0.034106
v -0.117592 0.169692 -0.040966
v -0.117326 0.172473 -0.039976
v -0.121833 0.169731 -0.045034
v -0.118587 0.172463 -0.043375
v -0.118203 0.172457 -0.036386
v -0.116723 0.172515 -0.030221
v -0.112934 0.172454 -0.034257
v -0.112556 0.172466 -0.043391
v -0.121540 0.172435 -0.034154
v -0.118824 0.172432 -0.032747
v -0.119111 0.169740 -0.032659
v -0.119783 0.169597 -0.027760
v -0.116744 0.169728 -0.029797
v -0.113722 0.169703 -0.032533
v -0.114902 0.169635 -0.026425
v -0.122712 0.169466 -0.024552
v -0.108591 0.169778 -0.035151
v -0.117280 0.170433 -0.024295
v -0.112239 0.171488 -0.027221
v -0.110197 0.170120 -0.031003
v -0.109575 0.172368 -0.031271
v -0.108085 0.173601 -0.035540
v -0.108484 0.169751 -0.051626
v -0.113033 0.169582 -0.051763
v -0.114019 0.169749 -0.054957
v -0.109577 0.169716 -0.055357
v -0.111119 0.169560 -0.048048
v -0.114919 0.169583 -0.046936
v -0.116536 0.169709 -0.044531
v -0.112335 0.169781 -0.043638
v -0.112134 0.169711 -0.036796
v -0.113820 0.175586 -0.046482
v -0.111010 0.175583 -0.049316
v -0.113001 0.175585 -0.051513
v -0.115807 0.175585 -0.049932
v -0.115761 0.169584 -0.049791
v -0.118755 0.169708 -0.048072
v -0.121822 0.169658 -0.047974
v -0.118822 0.169785 -0.050190
v -0.121767 0.169756 -0.050273
v -0.117158 0.169729 -0.053011
v -0.114450 0.172460 -0.054951
v -0.119008 0.172454 -0.050445
v -0.117485 0.172483 -0.053145
v -0.116865 0.172473 -0.057683
v -0.121598 0.172469 -0.053015
v -0.118825 0.172447 -0.054717
v -0.119022 0.169719 -0.054896
v -0.121930 0.169718 -0.053188
v -0.116920 0.169749 -0.058076
v -0.120358 0.169583 -0.058190
v -0.122605 0.169584 -0.056269
v -0.121134 0.175584 -0.057009
v -0.124671 0.175584 -0.056677
v -0.124733 0.175585 -0.060326
v -0.121167 0.175587 -0.060408
v -0.113067 0.169818 -0.060026
v -0.113324 0.173353 -0.061028
v -0.117902 0.172132 -0.063369
v -0.117229 0.169995 -0.062698
v -0.121543 0.172449 -0.050551
v -0.121489 0.172462 -0.047719
v -0.121647 0.172433 -0.045210
v -0.118993 0.172479 -0.047746
v -0.116737 0.172454 -0.044277
v -0.110340 0.172051 -0.022750
v -0.119439 0.170542 -0.022653
v -0.126480 0.170432 -0.023093
v -0.130594 0.169633 -0.026356
v -0.132761 0.171114 -0.026629
v -0.135303 0.169833 -0.030592
v -0.133173 0.169751 -0.033999
v -0.129122 0.169736 -0.029793
v -0.125959 0.169620 -0.026662
v -0.124700 0.171229 -0.027766
v -0.122421 0.171240 -0.026325
v -0.121318 0.171235 -0.028298
v -0.122466 0.174790 -0.029670
v -0.123072 0.171247 -0.029715
v -0.126898 0.169772 -0.032630
v -0.129507 0.172483 -0.030098
v -0.133235 0.172532 -0.035476
v -0.126897 0.172477 -0.035392
v -0.127095 0.172434 -0.032758
v -0.124169 0.172387 -0.034152
v -0.154379 0.185407 -0.065399
v -0.159797 0.191421 -0.065367
v -0.160350 0.191543 -0.041673
v -0.138744 0.178006 -0.066159
v -0.136020 0.179820 -0.062640
v -0.126240 0.177890 -0.062732
v -0.133444 0.180822 -0.056432
v -0.126226 0.179489 -0.056456
v -0.150824 0.191208 -0.055277
v -0.083333 0.200885 -0.024004
v -0.082874 0.198350 -0.066364
v -0.085025 0.193112 -0.065375
v -0.081005 0.200357 -0.065384
vn -0.8808 0.4722 -0.0350
vn -0.8612 0.4856 -0.1504
vn -0.7605 0.6434 -0.0875
vn -0.8649 -0.4950 -0.0834
vn -0.1564 -0.0041 -0.9877
vn -0.1410 0.0017 -0.9900
vn -0.1361 0.0034 -0.9907
vn -0.9834 -0.1784 -0.0338
vn -0.5800 0.7913 -0.1934
vn -0.4665 0.8844 -0.0155
vn -0.7659 0.5837 -0.2695
vn -0.5185 0.8547 -0.0271
vn -0.9069 0.3449 -0.2420
vn -0.8684 0.4005 -0.2924
vn -0.8890 0.3635 -0.2786
vn -0.7158 0.6884 -0.1176
vn -0.2049 0.9752 0.0842
vn -0.2937 0.9534 -0.0691
vn 0.0003 -0.0001 -1.0000
vn -0.0000 -0.0000 -1.0000
vn 0.0023 -0.0011 -1.0000
vn 0.0011 0.0068 -1.0000
vn -0.8203 0.5712 -0.0302
vn -0.8568 0.5129 -0.0531
vn 0.0004 -0.0001 -1.0000
vn -0.2823 -0.9444 0.1686
vn 0.6692 -0.7247 -0.1644
vn 0.9801 -0.1143 0.1624
vn 0.0003 -0.0003 -1.0000
vn 0.0005 -0.0002 -1.0000
vn 0.0028 -0.0005 -1.0000
vn 0.0064 -0.0008 -1.0000
vn -0.0012 -0.0012 -1.0000
vn 0.7487 0.6404 -0.1711
vn 0.0726 0.9886 0.1319
vn -0.9413 0.3244 0.0931
vn 0.0074 -0.0014 -1.0000
vn -0.6727 0.7285 -0.1294
vn 0.0001 -0.0002 1.0000
vn -0.0179 -0.0021 0.9998
vn -0.0236 0.0161 0.9996
vn -0.1712 0.0003 0.9852
vn -0.7515 -0.6428 -0.1483
vn -0.0437 0.0158 0.9989
vn 0.0103 0.0054 0.9999
vn -0.3375 -0.0112 0.9413
vn 0.0066 0.0030 1.0000
vn -0.3769 -0.9223 0.0850
vn -0.2451 -0.9691 0.0285
vn -0.3361 -0.9394 0.0673
vn -0.8905 -0.4550 0.0060
vn -0.8178 -0.5753 -0.0126
vn -0.8055 -0.5923 -0.0167
vn -0.9089 -0.4167 0.0126
vn -0.3418 -0.0178 0.9396
vn -0.2619 0.0051 0.9651
vn -0.0379 -0.8739 0.4846
vn 0.4217 -0.0147 0.9066
vn 0.3878 -0.0025 0.9218
vn 0.3703 0.0036 0.9289
vn 0.5188 -0.7330 0.4398
vn 0.5253 -0.7280 0.4405
vn 0.6134 -0.6632 0.4289
vn -0.8002 -0.5996 -0.0133
vn 0.9735 0.2213 0.0583
vn 0.9365 0.3023 0.1776
vn 0.9959 0.0680 0.0601
vn 0.9166 0.2143 0.3374
vn 0.6322 -0.6584 0.4086
vn 0.4305 -0.0178 0.9024
vn 0.9666 -0.2331 0.1065
vn 0.9951 -0.0701 0.0696
vn -0.0012 0.0026 -1.0000
vn -0.0180 -0.0074 -0.9998
vn -0.0088 -0.0106 -0.9999
vn 0.8271 0.5534 0.0981
vn 0.0030 -0.0007 -1.0000
vn 0.8105 0.5244 0.2610
vn 0.6698 0.7170 0.1932
vn 0.0041 0.0008 -1.0000
vn 0.6559 0.7521 0.0640
vn -0.6943 -0.7002 -0.1662
vn -0.6681 -0.7404 -0.0743
vn -0.8669 -0.4858 -0.1117
vn -0.5338 -0.8148 -0.2262
vn -0.8496 0.5011 -0.1645
vn -0.8615 0.4830 -0.1569
vn -0.8423 0.5118 -0.1690
vn -0.8685 0.4717 -0.1521
vn 0.2019 -0.1363 -0.9699
vn 0.2037 -0.1413 -0.9688
vn 0.1969 -0.1226 -0.9727
vn 0.2085 -0.1548 -0.9657
vn 0.5294 0.8244 0.2005
vn 0.4155 0.8953 0.1606
vn 0.3214 0.9091 0.2650
vn 0.4380 0.8051 0.4000
vn 0.0559 0.9686 0.2424
vn 0.1199 0.8837 0.4525
vn 0.1698 0.9664 0.1931
vn 0.3316 0.9328 0.1411
vn 0.0967 0.9836 0.1524
vn 0.1408 0.9871 0.0763
vn -0.1824 0.0276 -0.9828
vn -0.1987 0.0489 -0.9788
vn -0.1365 -0.0306 -0.9902
vn 0.9611 -0.2435 -0.1304
vn 0.9644 -0.2253 -0.1383
vn 0.9664 -0.2132 -0.1435
vn 0.9586 -0.2558 -0.1249
vn 0.1310 0.9893 0.0644
vn -0.9953 -0.0005 -0.0968
vn -0.9953 -0.0000 -0.0965
vn -0.9953 -0.0009 -0.0970
vn -0.9953 -0.0006 -0.0968
vn 0.1264 -0.9768 -0.1730
vn -0.0868 -0.9828 -0.1633
vn -0.1456 -0.9547 -0.2594
vn -0.2213 -0.9534 -0.2052
vn -0.2088 -0.0101 -0.9779
vn -0.2701 0.0349 -0.9622
vn -0.2272 0.0033 -0.9738
vn -0.1274 -0.9884 -0.0824
vn 0.1390 -0.9594 -0.2455
vn 0.1353 -0.9839 -0.1169
vn 0.9891 0.0002 -0.1474
vn 0.9894 0.0045 -0.1450
vn 0.9899 0.0103 -0.1416
vn -0.1641 -0.0425 -0.9855
vn 0.9902 0.0148 -0.1391
vn -0.1459 0.9759 0.1626
vn -0.0981 0.9800 0.1733
vn -0.1243 0.9883 0.0887
vn -0.1332 0.9881 0.0774
vn 0.0013 0.0010 -1.0000
vn 0.0011 0.0006 -1.0000
vn 0.0014 0.0013 -1.0000
vn -0.9646 -0.2387 -0.1120
vn -0.9586 -0.2567 -0.1231
vn -0.9707 -0.2186 -0.0998
vn -0.9763 -0.1981 -0.0871
vn 0.0010 0.0003 -1.0000
vn 0.1663 -0.9698 -0.1783
vn 0.1371 -0.9867 -0.0879
vn -0.3400 -0.2441 -0.9082
vn 0.0679 0.2191 -0.9733
vn 0.3606 -0.8772 -0.3170
vn 0.3345 -0.9282 -0.1632
vn 0.2029 -0.8873 -0.4143
vn 0.3164 -0.7981 -0.5128
vn 0.5173 -0.7982 -0.3086
vn 0.7001 -0.6918 -0.1767
vn 0.4199 -0.8912 -0.1718
vn 0.5417 -0.8093 -0.2270
vn 0.6785 -0.7313 -0.0698
vn -0.0006 0.0264 -0.9997
vn 0.0765 0.0196 -0.9969
vn -0.1966 0.0441 -0.9795
vn 0.2615 0.0019 -0.9652
vn 0.8492 0.5096 -0.1387
vn 0.8316 0.5345 -0.1506
vn 0.8780 0.4640 -0.1173
vn -0.0024 0.0015 -1.0000
vn -0.0025 0.0013 -1.0000
vn -0.0003 0.0007 -1.0000
vn 0.8757 -0.4767 -0.0771
vn 0.8965 0.4312 -0.1021
vn -0.7371 0.6671 0.1077
vn -0.5628 0.7788 0.2771
vn -0.5799 0.8028 0.1388
vn -0.6065 0.7912 0.0785
vn -0.8336 0.5260 0.1687
vn 0.0009 0.0002 -1.0000
vn -0.9610 0.2716 0.0520
vn -0.6338 0.6423 0.4311
vn -0.8550 0.3834 0.3493
vn -0.9693 0.2071 0.1323
vn -0.4097 0.7177 0.5631
vn -0.5811 0.4778 0.6588
vn -0.7448 0.3965 0.5367
vn -0.8480 0.2507 0.4669
vn -0.7764 0.2092 0.5946
vn -0.7012 0.2303 0.6747
vn -0.5809 0.1945 0.7904
vn -0.7033 0.0557 0.7087
vn -0.4195 0.4844 0.7677
vn -0.3595 0.2774 0.8910
vn -0.4624 -0.0041 0.8867
vn -0.6085 -0.1105 0.7858
vn -0.4049 -0.3026 0.8628
vn -0.0669 -0.0181 0.9976
vn -0.5345 -0.5169 0.6687
vn -0.6600 -0.2869 0.6943
vn -0.3559 -0.5248 0.7733
vn -0.1438 -0.5182 0.8431
vn -0.1112 -0.3568 0.9275
vn 0.0685 -0.5415 0.8379
vn -0.1106 -0.6850 0.7201
vn 0.1060 -0.7009 0.7053
vn 0.0002 -0.8317 0.5553
vn -0.2811 -0.7507 0.5979
vn -0.1336 -0.9232 0.3604
vn -0.3672 -0.8400 0.3996
vn -0.5433 -0.6827 0.4887
vn -0.3661 -0.9087 0.2004
vn -0.6261 -0.7542 0.1977
vn -0.2615 -0.9562 0.1312
vn -0.5006 -0.8619 0.0805
vn -0.0015 -0.0043 -1.0000
vn 0.0028 -0.0106 -0.9999
vn 0.0238 -0.0005 -0.9997
vn -0.0161 -0.0128 -0.9998
vn -0.8208 -0.5567 0.1282
vn -0.0138 -0.0081 -0.9999
vn 0.6865 0.6952 -0.2132
vn 0.7055 0.7053 -0.0693
vn 0.8689 0.4747 -0.1400
vn 0.9067 0.4215 0.0163
vn -0.0037 -0.0038 -1.0000
vn 0.4691 0.8665 -0.1708
vn 0.4432 0.8949 -0.0518
vn 0.2158 0.9022 -0.3736
vn -0.1666 0.9623 -0.2151
vn 0.5301 0.7859 -0.3183
vn 0.9321 -0.3513 -0.0880
vn 0.9575 -0.2787 -0.0737
vn 0.9998 0.0106 -0.0158
vn 0.4591 0.7664 -0.4493
vn 0.6861 0.6504 -0.3258
vn -0.0035 0.0007 -1.0000
vn -0.0036 -0.0012 -1.0000
vn -0.0036 -0.0007 -1.0000
vn 0.6177 0.6571 -0.4320
vn 0.5762 0.7243 -0.3786
vn 0.6670 0.7422 -0.0653
vn 0.6608 0.7475 -0.0677
vn -0.0038 -0.0034 -1.0000
vn 0.9950 0.0994 0.0022
vn 0.4213 0.6878 -0.5911
vn 0.2340 0.8521 -0.4681
vn 0.2349 0.6420 -0.7299
vn 0.6757 0.4631 -0.5736
vn 0.4757 0.4769 -0.7391
vn 0.3880 0.4014 -0.8297
vn 0.5840 0.1867 -0.7900
vn 0.6579 0.3434 -0.6702
vn 0.4262 0.1242 -0.8961
vn 0.1989 0.4101 -0.8901
vn 0.0301 -0.0184 -0.9994
vn -0.0757 0.4725 -0.8781
vn -0.0258 0.6752 -0.7372
vn 0.1507 0.7689 -0.6214
vn -0.1973 0.7591 -0.6203
vn -0.3105 0.5775 -0.7550
vn -0.4569 0.6117 -0.6458
vn -0.4006 0.7610 -0.5104
vn -0.1725 0.8438 -0.5082
vn 0.0014 0.9947 -0.1028
vn 0.0029 0.9970 -0.0779
vn 0.0078 0.9970 -0.0776
vn 0.3556 0.6675 -0.6541
vn 0.1468 0.9862 0.0770
vn 0.0397 0.9987 -0.0331
vn 0.1358 0.9776 0.1608
vn 0.3462 0.9364 -0.0570
vn 0.6452 0.7627 -0.0443
vn -0.0125 0.9989 -0.0456
vn 0.8529 0.5187 -0.0599
vn 0.9819 -0.1241 -0.1433
vn -0.0340 0.0084 -0.9994
vn -0.0902 -0.0040 -0.9959
vn -0.1187 -0.0194 -0.9927
vn 0.4411 0.8955 -0.0589
vn -0.1667 0.9820 -0.0892
vn -0.9544 -0.0683 -0.2905
vn -0.9525 -0.0749 -0.2951
vn -0.9482 -0.1004 -0.3014
vn -0.9534 -0.0619 -0.2954
vn -0.9567 -0.0614 -0.2845
vn -0.0140 0.0076 -0.9999
vn -0.9594 -0.0564 -0.2764
vn 0.0009 0.0032 -1.0000
vn 0.0013 -0.0025 -1.0000
vn 0.5299 -0.8387 0.1255
vn 0.3513 -0.9182 0.1832
vn 0.3178 -0.9422 0.1059
vn 0.2000 -0.9604 0.1941
vn 0.0122 -0.0074 -0.9999
vn 0.0102 -0.0084 -0.9999
vn 0.7468 -0.6528 0.1270
vn 0.5683 -0.7892 0.2328
vn 0.7117 -0.6199 0.3306
vn 0.4492 -0.8054 0.3867
vn 0.1639 -0.9206 0.3545
vn 0.2876 -0.7871 0.5457
vn 0.5549 -0.6210 0.5535
vn 0.3264 -0.6109 0.7213
vn 0.5477 -0.4456 0.7081
vn 0.7393 -0.4403 0.5095
vn 0.6744 -0.2516 0.6942
vn 0.8617 -0.3626 0.3549
vn 0.7913 -0.2790 0.5441
vn 0.8793 -0.4558 0.1383
vn 0.9178 -0.2548 0.3044
vn 0.6252 0.6643 0.4098
vn 0.6157 0.6709 0.4134
vn 0.5486 0.7124 0.4376
vn 0.0549 0.9981 0.0262
vn 0.2258 0.9674 0.1149
vn 0.0972 0.9930 0.0675
vn 0.6139 0.6500 0.4479
vn 0.6889 0.7111 0.1405
vn 0.8057 0.3869 0.4485
vn 0.8061 0.3671 0.4642
vn -0.1021 0.9936 0.0492
vn 0.7254 0.6871 0.0408
vn 0.8590 0.5118 0.0150
vn 0.7558 0.6536 0.0395
vn 0.9214 0.3887 0.0053
vn 0.7406 -0.1416 0.6569
vn 0.6972 -0.0273 0.7164
vn 0.9784 -0.2056 0.0223
vn 0.9792 -0.2019 0.0216
vn 0.9717 -0.2345 0.0275
vn 0.6122 -0.0096 0.7907
vn 0.7056 0.1591 0.6906
vn 0.4560 0.1957 0.8682
vn 0.4571 -0.2118 0.8638
vn 0.5882 0.3084 0.7476
vn 0.7719 0.2943 0.5635
vn 0.3276 0.5714 0.7525
vn 0.6279 0.4509 0.6344
vn 0.2306 0.4431 0.8663
vn 0.4872 0.6491 0.5842
vn 0.2150 0.7618 0.6111
vn 0.0261 0.6628 0.7483
vn 0.6566 0.6141 0.4379
vn 0.8286 0.3732 0.4172
vn -0.2417 0.6634 0.7082
vn -0.1610 0.5333 0.8305
vn -0.1247 0.8055 0.5793
vn -0.1276 0.9327 0.3375
vn -0.3299 0.8664 0.3749
vn -0.3142 0.9297 0.1919
vn -0.0757 0.4479 0.8909
vn 0.0300 0.3008 0.9532
vn 0.3192 0.0404 0.9468
vn 0.1876 -0.3173 0.9296
vn 0.3085 -0.4416 0.8425
vn 0.8230 -0.4251 0.3768
vn 0.8440 -0.3932 0.3648
vn 0.7875 -0.4660 0.4034
vn 0.5716 -0.8204 0.0121
vn 0.5162 -0.8561 0.0260
vn 0.5661 -0.8242 0.0135
vn -0.2128 -0.9770 0.0149
vn 0.5063 -0.8619 0.0284
vn -0.0002 -0.0001 1.0000
vn -0.0002 -0.0000 1.0000
vn -0.0005 -0.0002 1.0000
vn 0.9708 -0.2381 0.0281
vn -0.0000 -0.0000 1.0000
vn -0.1815 0.9823 0.0470
vn -0.8534 0.5186 0.0528
vn -0.4729 0.8811 -0.0002
vn -0.3825 0.8847 0.2665
vn 0.6210 0.6430 0.4482
vn 0.0261 -0.9695 0.2438
vn -0.1996 -0.9584 0.2040
vn 0.1878 -0.9004 -0.3924
vn 0.1828 -0.7752 -0.6047
vn 0.1806 -0.7456 -0.6414
vn -0.6012 -0.0955 -0.7933
vn -0.6594 -0.1627 -0.7340
vn -0.5531 -0.0516 -0.8315
vn -0.2967 -0.8498 -0.4357
vn 0.1876 -0.9144 -0.3587
vn 0.4954 0.1277 -0.8592
vn 0.3566 0.4195 -0.8348
vn 0.3173 0.4838 -0.8157
vn 0.0727 -0.3184 -0.9452
vn -0.4835 0.0083 -0.8753
vn -0.5696 0.0051 -0.8219
vn -0.4513 0.7702 -0.4506
vn -0.0773 0.0744 -0.9942
vn -0.1437 0.1510 -0.9780
vn -0.0570 0.0510 -0.9971
vn 0.1112 0.9087 -0.4024
vn -0.0213 0.9192 -0.3931
vn 0.2090 0.8903 -0.4046
vn -0.7175 0.0149 -0.6964
vn -0.7018 0.0369 -0.7114
vn 0.0164 -0.0341 -0.9993
vn -0.1926 -0.9534 -0.2321
vn -0.7158 -0.0011 -0.6983
vn 0.0132 -0.6853 -0.7281
vn 0.7095 0.0171 -0.7045
vn 0.6942 -0.0047 -0.7198
vn 0.8912 0.0046 -0.4536
vn 0.1301 -0.9686 -0.2118
vn 0.8998 0.0324 -0.4350
vn 0.9616 -0.0233 -0.2735
vn 0.2759 0.6226 -0.7323
vn 0.5888 0.0377 -0.8074
vn 0.5870 0.1523 -0.7951
vn 0.4770 0.1247 -0.8700
vn 0.9588 -0.0475 -0.2802
vn 0.9255 -0.2110 -0.3146
vn 0.5232 0.2384 -0.8182
vn 0.0897 0.9936 -0.0683
vn -0.0139 0.9991 -0.0399
vn 0.0001 0.9988 -0.0498
vn -0.3617 0.9308 -0.0533
vn 0.4015 0.0623 -0.9137
vn -0.5734 0.1804 -0.7992
vn -0.5096 0.1124 -0.8531
vn -0.4058 0.0108 -0.9139
vn -0.0506 0.4489 -0.8922
vn -0.4586 0.7544 -0.4697
vn -0.6650 0.2891 -0.6886
vn -0.0500 -0.1035 -0.9934
vn -0.0518 -0.0968 -0.9940
vn -0.0024 0.0248 -0.9997
vn -0.0139 -0.0036 -0.9999
vn -0.0333 0.9808 -0.1922
vn 0.0693 0.9370 -0.3424
vn -0.7621 0.6462 -0.0396
vn -0.8165 0.5748 -0.0540
vn -0.7687 0.6383 -0.0413
vn -0.8218 0.5670 -0.0555
vn -0.5767 0.6073 -0.5464
vn -0.0097 0.9993 -0.0349
vn 0.0086 0.9984 -0.0552
vn -0.1091 -0.2388 -0.9649
vn 0.0471 0.6126 -0.7890
vn -0.0130 0.9993 -0.0340
vn -0.4566 0.8879 -0.0562
vn -0.6917 0.7210 -0.0413
vn 0.0128 0.9546 -0.2975
vn -0.9883 0.1438 -0.0518
vn -0.5717 0.7918 -0.2152
vn -0.2208 0.9255 -0.3079
vn -0.4048 0.9074 -0.1126
vn 0.1072 -0.0070 -0.9942
vn 0.0457 0.0051 -0.9989
vn 0.1448 -0.0264 -0.9891
vn -0.3434 0.9340 -0.0985
vn 0.9631 0.0816 -0.2564
vn 0.8827 0.3456 -0.3185
vn 0.5270 0.0375 -0.8490
vn 0.3557 0.8446 -0.4002
vn -0.4846 0.0060 -0.8747
vn 0.8257 0.4590 -0.3279
vn -0.5482 0.8279 -0.1185
vn -0.7927 0.6054 -0.0711
vn -0.4854 0.8718 -0.0659
vn -0.9322 0.3614 -0.0183
vn -0.8821 0.4425 -0.1615
vn -0.6967 0.6839 -0.2166
vn -0.4684 0.8169 -0.3366
vn -0.4141 0.8885 -0.1977
vn -0.5212 0.7903 -0.3221
vn 0.1887 0.9297 -0.3163
vn 0.1035 0.9267 -0.3613
vn 0.1730 0.9263 -0.3347
vn -0.0211 0.9408 -0.3383
vn 0.7000 0.6949 -0.1647
vn 0.9880 0.1442 -0.0553
vn -0.0673 0.9448 -0.3206
vn 0.7124 0.7005 -0.0416
vn -0.4618 0.7548 -0.4657
vn -0.6713 0.6587 -0.3398
vn -0.9598 -0.2570 -0.1126
vn 0.0002 -0.0008 -1.0000
vn -0.0001 -0.0007 -1.0000
vn -0.0000 -0.0007 -1.0000
vn -0.0004 -0.0006 -1.0000
vn -0.6990 0.7121 -0.0664
vn -0.9216 0.3880 0.0057
vn -0.8422 0.5385 -0.0259
vn -0.5455 0.6328 -0.5495
vn -0.6836 0.4171 -0.5989
vn -0.6809 0.5592 -0.4729
vn -0.6212 0.7792 -0.0838
vn -0.1240 0.9920 0.0230
vn -0.7899 0.4960 -0.3607
vn 0.5067 0.8575 -0.0891
vn -0.8404 0.3526 -0.4116
vn -0.9163 0.3607 -0.1742
vn -0.9007 -0.4008 -0.1676
vn -0.8614 -0.4578 -0.2201
vn -0.8857 -0.3316 -0.3248
vn -0.8914 -0.3212 -0.3197
vn -0.9148 -0.3752 -0.1494
vn -0.2489 -0.9683 -0.0227
vn -0.4409 -0.8960 -0.0522
vn -0.3879 -0.9215 -0.0180
vn -0.3890 -0.9201 0.0464
vn -0.6731 -0.7394 -0.0170
vn -0.8745 -0.3208 -0.3638
vn -0.1913 -0.9131 0.3601
vn -0.9057 -0.4238 -0.0118
vn -0.6716 0.1723 -0.7206
vn -0.7677 0.1309 -0.6272
vn -0.8341 0.1232 -0.5376
vn -0.9654 -0.2605 -0.0130
vn -0.6493 -0.4591 -0.6063
vn -0.6031 -0.5456 -0.5818
vn -0.5223 -0.7903 -0.3205
vn -0.6510 -0.4132 -0.6368
vn -0.5468 0.3016 -0.7811
vn -0.6006 -0.0620 -0.7971
vn -0.6634 -0.1580 -0.7313
vn -0.9980 -0.0029 -0.0633
vn -0.9968 -0.0065 -0.0801
vn -0.9960 -0.0021 -0.0888
vn 0.9285 -0.3247 -0.1800
vn -0.4421 0.1150 -0.8896
vn -0.3348 0.3961 -0.8550
vn -0.2503 0.1298 -0.9594
vn -0.4050 -0.2184 -0.8878
vn -0.4706 -0.3706 -0.8007
vn -0.1648 -0.4105 -0.8969
vn -0.2458 -0.5712 -0.7831
vn -0.5267 -0.5422 -0.6547
vn -0.6833 -0.3108 -0.6607
vn -0.7559 -0.4592 -0.4667
vn -0.9123 -0.0431 -0.4072
vn -0.7654 -0.2316 -0.6005
vn -0.9747 -0.0726 -0.2115
vn -0.7888 -0.5417 -0.2906
vn -0.6693 -0.6567 -0.3476
vn -0.6615 -0.5780 -0.4779
vn 0.4029 -0.9105 -0.0926
vn -0.5714 -0.6076 -0.5517
vn -0.1670 -0.9859 -0.0103
vn 0.0028 0.0011 -1.0000
vn 0.0028 0.0014 -1.0000
vn 0.0032 0.0026 -1.0000
vn -0.6610 -0.7469 -0.0728
vn -0.7662 -0.6417 -0.0337
vn -0.6880 -0.7229 -0.0634
vn -0.8023 -0.5967 -0.0182
vn 0.0030 0.0008 -1.0000
vn -0.9452 0.3254 -0.0263
vn -0.4575 -0.7353 -0.5000
vn -0.3187 -0.7168 -0.6202
vn -0.2948 -0.8594 -0.4178
vn -0.4974 -0.8074 -0.3174
vn -0.1546 -0.7430 -0.6512
vn 0.0562 -0.6856 -0.7258
vn 0.2050 -0.7439 -0.6361
vn 0.0873 -0.4675 -0.8797
vn 0.3275 -0.4677 -0.8210
vn 0.3852 -0.6492 -0.6559
vn -0.0046 -0.9954 -0.0952
vn -0.0012 -0.9979 -0.0644
vn 0.0029 -0.9969 -0.0780
vn -0.0085 -0.9963 -0.0852
vn -0.7358 -0.5884 -0.3351
vn -0.5892 -0.6439 -0.4880
vn -0.5257 -0.6587 -0.5383
vn 0.1635 -0.8362 -0.5236
vn -0.0012 -0.9992 -0.0400
vn -0.0006 -0.9992 -0.0398
vn -0.9976 -0.0505 -0.0477
vn -0.8420 -0.4684 -0.2678
vn 0.0013 -0.0266 -0.9996
vn -0.0001 -0.0254 -0.9997
vn -0.0011 -0.0202 -0.9998
vn -0.0007 -0.0224 -0.9997
vn -0.5787 -0.0385 0.8147
vn -0.0006 -0.0173 -0.9999
vn -0.6343 -0.7077 -0.3112
vn -0.6272 -0.7029 -0.3355
vn -0.4431 -0.8377 -0.3192
vn 0.0002 -0.0225 -0.9997
vn 0.6425 -0.7092 -0.2903
vn 0.7692 -0.5599 -0.3078
vn 0.9298 -0.3357 -0.1510
vn 0.4150 -0.4133 0.8105
vn 0.9889 -0.1243 -0.0816
vn 0.9984 -0.0391 -0.0411
vn 0.5548 -0.6783 -0.4817
vn 0.5601 -0.6746 -0.4808
vn 0.5338 -0.7384 -0.4121
vn -0.1650 -0.8657 -0.4725
vn 0.4793 -0.8132 -0.3301
vn 0.3603 -0.1974 -0.9117
vn 0.5362 -0.1522 -0.8302
vn 0.6035 -0.3879 -0.6967
vn 0.6833 -0.0982 -0.7235
vn 0.7489 -0.3143 -0.5834
vn 0.7500 -0.4859 -0.4487
vn 0.6130 -0.5267 -0.5889
vn 0.8338 -0.3582 -0.4201
vn 0.8478 -0.4748 -0.2361
vn 0.6902 -0.6417 -0.3345
vn 0.6674 -0.5969 -0.4453
vn -0.0007 0.0046 -1.0000
vn -0.0000 0.0044 -1.0000
vn 0.0013 0.0039 -1.0000
vn -0.5091 -0.8552 -0.0977
vn -0.4181 -0.9054 -0.0733
vn -0.1604 -0.9870 -0.0061
vn -0.0034 0.0054 -1.0000
vn 0.6653 -0.7436 -0.0674
vn 0.7711 -0.6360 -0.0306
vn 0.6214 -0.7793 -0.0809
vn -0.0637 -0.9978 0.0184
vn 0.5752 -0.6229 -0.5301
vn 0.4667 -0.7403 -0.4839
vn 0.8228 -0.5682 -0.0094
vn 0.9716 0.2274 -0.0648
vn 0.9176 -0.3458 -0.1960
vn 0.8939 0.3204 -0.3135
vn 0.8894 0.3322 -0.3140
vn 0.8731 0.4343 -0.2216
vn 0.9220 0.3609 -0.1404
vn 0.8686 0.4917 -0.0612
vn 0.9409 -0.3263 -0.0908
vn -0.0002 -0.0001 -1.0000
vn 0.0013 0.0003 -1.0000
vn 0.8372 0.5455 -0.0383
vn -0.0068 -0.0023 -1.0000
vn -0.0002 -0.0002 -1.0000
vn -0.0001 -0.0000 -1.0000
vn -0.5864 -0.8082 -0.0548
vn -0.5061 -0.8624 0.0095
vn -0.5606 -0.8274 -0.0335
vn 0.7572 -0.6522 -0.0358
vn 0.7491 -0.6619 -0.0271
vn 0.7333 -0.6798 -0.0107
vn -0.0004 -0.0002 -1.0000
vn -0.0014 -0.0016 -1.0000
vn -0.0004 -0.0000 -1.0000
vn 0.6515 0.7581 0.0289
vn 0.6589 0.7514 0.0367
vn 0.6758 0.7350 0.0547
vn 0.7711 -0.6347 -0.0511
vn -0.9387 -0.2868 0.1916
vn -0.9827 -0.1637 0.0864
vn -0.9939 -0.0224 0.1075
vn -0.9961 0.0621 0.0621
vn -0.9159 -0.2166 0.3379
vn -0.6060 0.6819 0.4095
vn -0.6244 0.6440 0.4420
vn -0.6288 0.6403 0.4411
vn -0.1872 0.0259 0.9820
vn -0.5489 -0.0401 0.8350
vn -0.3032 -0.0200 0.9527
vn -0.5873 0.7181 0.3735
vn -0.8020 0.4392 0.4049
vn -0.5675 0.6964 0.4392
vn -0.8408 -0.4073 0.3566
vn -0.7914 -0.2786 0.5441
vn -0.7126 -0.6297 0.3095
vn -0.7314 -0.4550 0.5080
vn -0.7234 0.6755 0.1427
vn -0.8807 0.4731 0.0237
vn -0.7219 -0.1239 0.6809
vn 0.1080 0.9931 0.0453
vn -0.0677 0.9976 0.0129
vn -0.1422 0.9898 0.0089
vn -0.6448 0.7639 0.0267
vn -0.0000 -0.0001 1.0000
vn -0.0000 -0.0002 1.0000
vn 0.0003 0.0001 1.0000
vn -0.0001 -0.0001 1.0000
vn -0.8854 0.4638 0.0295
vn 0.1800 0.9827 0.0431
vn 0.0046 -0.0001 1.0000
vn -0.7766 0.6299 0.0050
vn -0.8011 0.5975 0.0347
vn -0.6982 0.7116 -0.0780
vn 0.0154 -0.0021 0.9999
vn 0.6313 0.7755 0.0080
vn 0.0007 0.0002 1.0000
vn -0.9882 0.1520 0.0179
vn -0.9956 0.0892 0.0274
vn -0.9998 0.0076 0.0171
vn 0.7196 0.0298 -0.6937
vn -0.7327 -0.6798 0.0303
vn -0.7871 -0.6166 0.0157
vn -0.7245 -0.6886 0.0324
vn 0.0001 0.0002 1.0000
vn -0.7924 -0.6098 0.0142
vn -0.0054 -0.9990 0.0450
vn -0.1656 -0.9860 0.0176
vn 0.4480 -0.8928 0.0470
vn -0.0003 0.0003 1.0000
vn 0.0073 0.0003 1.0000
vn -0.2339 -0.9721 0.0158
vn 0.3194 -0.9472 -0.0278
vn 0.3679 -0.9276 -0.0650
vn -0.6947 -0.6416 0.3253
vn -0.7220 -0.5469 0.4239
vn -0.7256 -0.5266 0.4430
vn -0.6836 -0.6679 0.2942
vn 0.6932 -0.7207 0.0043
vn -0.4580 -0.8007 0.3862
vn -0.4520 -0.7743 0.4430
vn -0.4454 -0.7872 0.4265
vn 0.8063 -0.5890 0.0545
vn -0.2761 -0.8508 0.4470
vn -0.2457 -0.8640 0.4395
vn 0.6200 -0.1334 0.7732
vn 0.5833 0.0173 0.8121
vn 0.6130 -0.2077 0.7623
vn -0.0809 0.0331 0.9962
vn 0.0757 -0.0048 0.9971
vn 0.5948 -0.3633 0.7171
vn 0.0268 -0.0038 0.9996
vn 0.0200 -0.0046 0.9998
vn 0.5787 0.0185 0.8153
vn 0.8231 0.5636 0.0689
vn 0.1989 -0.5614 0.8033
vn 0.2427 0.9242 0.2950
vn -0.9466 0.1899 0.2605
vn 0.3881 0.9216 0.0082
vn -0.8547 0.5071 0.1110
vn -0.6310 -0.7701 -0.0932
vn -0.0001 -0.0002 -1.0000
vn -0.0002 0.0002 -1.0000
vn 0.8782 -0.4779 -0.0193
vn 0.8612 -0.4856 -0.1505
vn 0.7344 -0.6748 -0.0724
vn 0.5186 -0.8546 -0.0268
vn 0.4908 -0.8703 -0.0410
vn 0.9860 -0.1544 -0.0624
vn 0.5668 -0.8057 -0.1718
vn 0.7617 -0.5843 -0.2799
vn 0.4632 -0.8861 -0.0156
vn 0.9999 -0.0127 -0.0061
vn 0.1186 -0.0073 -0.9929
vn 0.1293 -0.0031 -0.9916
vn 0.1332 -0.0017 -0.9911
vn 0.7552 0.6552 -0.0195
vn 0.6831 0.6816 -0.2623
vn 0.4719 0.8814 -0.0212
vn 0.8681 0.4660 -0.1709
vn 0.7735 0.6327 -0.0376
vn 0.1106 -0.0102 -0.9938
vn 0.4192 0.8734 -0.2478
vn 0.9965 -0.0077 -0.0838
vn 0.9993 0.0034 -0.0365
vn 0.9985 0.0039 -0.0541
vn 0.9993 0.0035 -0.0365
vn 0.2440 -0.9693 -0.0293
vn 0.5739 -0.5901 -0.5679
vn 0.5663 -0.5608 -0.6040
vn 0.7620 0.1501 -0.6300
vn 0.7473 0.2415 -0.6190
vn 0.7498 0.0966 -0.6546
vn 0.7928 -0.0050 -0.6094
vn 0.9837 0.0365 -0.1760
vn 0.9772 0.0599 -0.2039
vn 0.6380 0.4563 -0.6203
vn 0.8128 0.1547 -0.5616
vn 0.8824 0.3405 -0.3248
vn 0.8738 -0.3571 -0.3301
vn 0.9097 0.0402 -0.4132
vn 0.8891 -0.3630 -0.2787
vn 0.2045 -0.9752 0.0844
vn 0.9069 -0.3449 -0.2420
vn 0.8683 -0.4006 -0.2924
vn 0.9778 0.0545 -0.2022
vn 0.6994 -0.7048 -0.1191
vn 0.7630 -0.6452 -0.0380
vn 0.7774 0.4963 -0.3863
vn 0.6595 0.5942 -0.4603
vn 0.1414 0.9899 -0.0105
vn -0.4127 0.9042 -0.1098
vn 0.4104 0.9119 -0.0043
vn 0.4653 0.8844 -0.0374
vn 0.1362 0.9897 -0.0430
vn 0.3637 0.9275 -0.0866
vn -0.3976 -0.8938 -0.2076
vn -0.9492 -0.3068 -0.0692
vn -0.8737 0.3574 -0.3300
vn -0.4193 -0.8780 -0.2309
vn -0.4362 -0.8994 -0.0296
vn -0.4327 -0.9011 -0.0291
vn -0.9974 0.0014 -0.0723
vn -0.9993 0.0036 -0.0362
vn 0.7751 0.5416 -0.3253
vn -0.9993 0.0042 -0.0363
vn -0.4017 0.8692 -0.2884
vn -0.6075 0.5344 -0.5877
vn -0.6453 0.4191 -0.6387
vn -0.1657 -0.0075 -0.9861
vn -0.7531 -0.0926 -0.6513
vn 0.2450 0.9678 -0.0571
vn -0.4148 0.8905 0.1870
vn -0.3849 0.9192 0.0836
vn -0.8586 -0.4962 -0.1292
vn -0.8528 -0.5074 -0.1239
vn -0.8445 -0.5228 -0.1166
vn -0.8377 -0.5347 -0.1108
vn -0.0001 -0.0003 -1.0000
vn 0.0001 -0.0005 -1.0000
vn 0.0002 -0.0006 -1.0000
vn -0.0003 -0.0001 -1.0000
vn 0.3760 -0.9228 -0.0842
vn 0.3712 -0.9252 -0.0785
vn -0.3855 0.9188 0.0844
vn 0.9610 0.2576 -0.1009
vn 0.9665 0.2270 -0.1197
vn 0.9716 0.1889 -0.1426
vn 0.9740 0.1620 -0.1585
vn -0.1247 -0.9885 -0.0852
vn -0.3533 -0.8948 -0.2730
vn -0.2433 0.1076 -0.9640
vn -0.9626 0.2523 -0.0985
vn -0.9618 0.2551 -0.0998
vn -0.9634 0.2500 -0.0973
vn -0.3712 -0.9255 -0.0749
vn -0.3752 -0.9243 -0.0703
vn -0.9610 0.2574 -0.1010
vn 0.3752 0.9240 0.0744
vn 0.3766 0.9235 0.0726
vn 0.8623 -0.4975 -0.0949
vn 0.8626 -0.4970 -0.0945
vn 0.8630 -0.4964 -0.0941
vn 0.8633 -0.4959 -0.0938
vn 0.5175 -0.8554 -0.0202
vn 0.2622 -0.9649 -0.0137
vn 0.0351 -0.9992 -0.0206
vn -0.3288 -0.9444 -0.0100
vn -0.0060 -0.1597 -0.9871
vn 0.0013 -0.2010 -0.9796
vn -0.0082 -0.1475 -0.9890
vn -0.0086 -0.1449 -0.9894
vn 0.3471 -0.9315 -0.1090
vn 0.3172 -0.9440 -0.0905
vn 0.2608 -0.9640 0.0520
vn 0.4513 -0.8920 0.0234
vn 0.5698 -0.8215 -0.0199
vn -0.2815 -0.9590 -0.0335
vn -0.2924 -0.9562 -0.0164
vn -0.3392 -0.9404 0.0238
vn -0.4342 -0.9006 -0.0223
vn -0.5906 -0.8068 -0.0123
vn -0.8415 -0.5396 -0.0248
vn -0.0000 0.0001 -1.0000
vn 0.0001 -0.0000 -1.0000
vn -0.0000 -0.0001 -1.0000
vn -0.8048 -0.5934 -0.0149
vn -0.9510 -0.3087 -0.0199
vn -0.9997 -0.0085 -0.0221
vn -0.6466 -0.7628 0.0011
vn -0.8941 -0.4473 0.0229
vn 0.0010 0.0011 1.0000
vn 0.0215 0.0001 0.9998
vn 0.1080 0.0511 0.9928
vn 0.0410 0.0106 0.9991
vn 0.4319 0.4454 -0.7843
vn 0.1274 0.0821 0.9884
vn 0.0038 -0.0972 0.9953
vn -0.0045 -0.0304 0.9995
vn -0.0031 0.6861 -0.7275
vn 0.2191 0.6293 0.7457
vn 0.0771 -0.0124 0.9969
vn 0.0256 -0.0022 0.9997
vn -0.0109 0.0071 0.9999
vn 0.0001 -0.0198 0.9998
vn 0.0133 -0.0054 0.9999
vn 0.9218 0.2269 -0.3144
vn 0.8506 0.0763 0.5202
vn 0.5861 -0.7184 -0.3746
vn -0.0153 0.0067 0.9999
vn -0.0161 -0.0061 0.9999
vn -0.0022 -0.0788 0.9969
vn -0.0307 -0.0592 0.9978
vn 0.0252 -0.0341 0.9991
vn 0.6230 0.7822 0.0094
vn 0.6225 0.7825 0.0128
vn 0.6224 0.7826 0.0143
vn 0.0507 -0.1435 0.9883
vn 0.0433 0.0560 0.9975
vn -0.0292 0.0361 0.9989
vn -0.0111 -0.0032 0.9999
vn -0.0366 -0.1152 0.9927
vn -0.0574 -0.6493 -0.7584
vn -0.0303 -0.1098 0.9935
vn 0.1740 -0.1322 0.9758
vn 0.1153 -0.0679 0.9910
vn -0.5518 0.8340 -0.0014
vn -0.6266 0.7792 0.0157
vn -0.3513 0.9361 0.0190
vn -0.3542 0.9347 0.0288
vn -0.2525 0.9635 0.0888
vn -0.7705 0.6374 -0.0074
vn -0.0029 0.0032 -1.0000
vn -0.3608 0.9325 -0.0119
vn -0.4331 0.9011 -0.0206
vn -0.3337 0.9427 -0.0067
vn 0.0323 0.9994 -0.0118
vn 0.0212 0.2121 -0.9770
vn -0.0137 0.1680 -0.9857
vn -0.0120 0.1727 -0.9849
vn -0.3546 0.9350 0.0078
vn -0.2771 0.9586 -0.0659
vn 0.0001 0.0004 -1.0000
vn -0.8694 0.4935 -0.0244
vn 0.1755 0.9842 -0.0244
vn 0.4128 0.9107 -0.0146
vn 0.7055 0.7081 -0.0291
vn 0.5478 0.8364 0.0188
vn 0.7274 0.6860 -0.0148
vn 0.3099 0.9507 0.0124
vn 0.0133 0.2146 -0.9766
vn 0.0369 0.2225 -0.9742
vn 0.2737 0.9614 -0.0274
vn 0.1616 0.9829 0.0880
vn 0.8463 -0.3868 -0.3662
vn 0.8987 -0.2900 -0.3290
vn 0.8068 -0.4810 -0.3430
vn 0.8640 -0.3029 -0.4021
vn 0.9338 0.2738 0.2302
vn 0.9418 0.2614 0.2115
vn 0.9409 0.2629 0.2138
vn 0.9333 0.2746 0.2315
vn 0.1804 0.9832 0.0286
vn -0.0786 0.9539 0.2896
vn 0.6088 0.5662 0.5557
vn 0.0494 0.7303 0.6813
vn -0.4286 0.9020 0.0530
vn -0.6840 0.5221 0.5094
vn -0.9260 0.2969 0.2331
vn -0.8113 0.4243 0.4022
vn 0.0542 -0.7460 0.6637
vn 0.0108 -0.7790 0.6269
vn 0.0710 -0.7459 0.6622
vn -0.0409 -0.6267 0.7782
vn 0.0371 -0.7423 0.6691
vn -0.9478 0.2556 0.1904
vn -0.1126 -0.5828 0.8048
vn -0.9960 -0.0892 -0.0095
vn -0.9960 -0.0884 -0.0090
vn -0.9961 -0.0879 -0.0087
vn -0.9959 -0.0899 -0.0099
vn -0.5172 -0.8558 0.0102
vn -0.0036 -0.9995 -0.0329
vn 0.0508 -0.9963 -0.0694
vn 0.0212 -0.9992 -0.0344
vn -0.0262 -0.9996 -0.0123
vn 0.0011 0.9998 -0.0215
vn 0.0042 0.9999 -0.0148
vn 0.0062 0.9999 0.0101
vn 0.9868 -0.1611 0.0164
vn 0.9966 -0.0815 -0.0086
vn 0.9976 -0.0685 -0.0054
vn 0.9877 -0.1558 0.0099
vn -0.0220 0.9995 -0.0220
vn -0.0361 0.9993 0.0009
vn 0.0013 0.9999 0.0157
vn -0.9159 0.0582 0.3973
vn -0.9946 -0.0154 0.1029
vn -0.9857 0.0006 0.1683
vn -0.8762 0.0784 0.4755
vn 0.7351 -0.0389 0.6768
vn 0.8805 0.0387 0.4725
vn 0.6683 -0.0670 0.7408
vn 0.3031 0.9474 0.1029
vn 0.9204 0.0678 0.3851
vn -0.2108 0.0818 -0.9741
vn 0.3162 -0.0608 -0.9467
vn -0.0274 0.9996 0.0120
vn 0.0442 -0.6549 0.7544
vn 0.0887 -0.5403 0.8368
vn 0.8909 -0.4454 0.0889
vn -0.0454 -0.9985 -0.0309
vn -0.7465 -0.4189 -0.5171
vn 0.8386 -0.3333 -0.4309
vn 0.6653 -0.4871 -0.5657
vn -0.0753 -0.5903 -0.8037
vn -0.1926 -0.5293 -0.8263
vn -0.1428 -0.5566 -0.8184
vn -0.0151 -0.6173 -0.7866
vn 0.8494 0.2520 -0.4637
vn -0.9970 0.0699 0.0344
vn -0.8572 -0.3172 -0.4057
vn -0.3727 0.9258 0.0637
vn 0.9181 0.3954 -0.0269
vn 0.8825 0.4688 0.0378
vn 0.9557 0.2888 -0.0572
vn -0.0649 -0.1250 0.9900
vn 0.1791 0.0188 0.9837
vn -0.0997 -0.0352 0.9944
vn -0.0703 -0.0538 0.9961
vn 0.9197 0.3903 -0.0424
vn 0.9669 0.1838 0.1770
vn 0.9697 0.2136 0.1183
vn -0.0721 0.0124 0.9973
vn -0.0923 -0.0446 0.9947
vn 0.0764 0.1523 0.9854
vn -0.5204 -0.4986 -0.6933
vn -0.3799 -0.7389 0.5564
vn 0.0502 0.0340 0.9982
vn 0.1058 -0.0295 0.9939
vn -0.3778 -0.3779 0.8452
vn 0.0344 0.1096 0.9934
vn -0.0588 0.6817 0.7292
vn -0.7248 0.2414 -0.6453
vn 0.0214 0.0507 0.9985
vn -0.0120 0.0210 0.9997
vn -0.0987 0.0338 0.9945
vn -0.0114 0.0007 0.9999
vn 0.0157 0.0030 0.9999
vn 0.9426 -0.3332 0.0229
vn 0.9798 -0.1990 0.0215
vn 0.9908 -0.1050 0.0849
vn 0.9163 -0.3903 -0.0900
vn 0.9414 -0.3371 -0.0083
vn 0.7957 -0.6055 -0.0142
vn 0.7602 -0.6497 0.0014
vn 0.9185 -0.3901 -0.0645
vn 0.9870 0.1584 -0.0279
vn 0.8932 -0.4492 -0.0214
vn 0.9947 0.0931 -0.0444
vn 0.0730 -0.0228 -0.9971
vn 0.1025 -0.0132 -0.9946
vn 0.1130 -0.0099 -0.9935
vn 0.7900 -0.5595 -0.2508
vn -0.3104 -0.8616 -0.4017
vn -0.3125 -0.8600 -0.4034
vn -0.3108 -0.8613 -0.4020
vn -0.6461 0.0255 -0.7629
vn 0.0346 -0.0352 -0.9988
vn 0.7136 0.6528 -0.2542
vn -0.3993 0.7458 -0.5331
vn -0.3843 0.7733 -0.5043
vn -0.3980 0.7484 -0.5306
vn -0.3832 0.7753 -0.5021
vn -0.9996 0.0079 -0.0258
vn -0.9982 -0.0346 -0.0498
vn -0.9996 -0.0133 -0.0244
vn -0.0895 0.9914 0.0959
vn -0.2700 0.9625 -0.0257
vn -0.1443 0.9886 0.0433
vn 0.1688 0.9773 0.1280
vn 0.2311 0.9535 0.1935
vn -0.0664 0.9908 -0.1177
vn 0.4378 0.8050 0.4005
vn -0.6831 0.0394 0.7293
vn -0.5390 0.0552 0.8405
vn -0.7266 0.0321 0.6863
vn -0.1753 0.9840 -0.0304
vn -0.0853 0.9963 -0.0087
vn 0.9996 0.0268 -0.0131
vn 0.9995 0.0208 -0.0236
vn 0.9994 0.0320 0.0143
vn 0.9997 -0.0032 -0.0222
vn 0.9997 -0.0230 -0.0089
vn -0.1520 -0.9883 0.0154
vn -0.1586 -0.9873 0.0127
vn -0.0821 -0.9966 -0.0088
vn 0.9999 -0.0117 0.0111
vn -0.0692 -0.9976 -0.0063
vn 0.9998 0.0168 0.0112
vn -0.7728 -0.0267 0.6341
vn -0.7768 0.0122 0.6297
vn -0.7748 -0.0073 0.6321
vn -0.7023 -0.0113 0.7118
vn -0.0851 -0.9807 -0.1763
vn 0.0821 0.2014 -0.9761
vn 0.0119 0.5328 -0.8462
vn 0.0658 0.2855 -0.9561
vn -0.0022 0.5899 -0.8075
vn 0.9469 -0.3022 0.1100
vn 0.0852 0.8827 0.4621
vn 0.0867 -0.9124 0.4000
vn -0.0846 0.4750 0.8759
vn -0.7056 -0.0080 0.7086
vn 0.5214 -0.6959 0.4938
vn 0.5688 -0.5988 0.5637
vn 0.5650 -0.6078 0.5580
vn 0.5198 -0.6987 0.4915
vn 0.5810 0.6042 0.5454
vn 0.5344 0.6756 0.5080
vn 0.0964 -0.9952 0.0153
vn 0.2087 -0.9658 0.1540
vn 0.2256 -0.9595 0.1689
vn -0.5341 0.0319 0.8448
vn 0.2078 -0.9782 0.0054
vn -0.3129 -0.8597 -0.4038
vn -0.9996 0.0259 -0.0119
vn -0.9986 0.0436 -0.0299
vn -0.4327 -0.8965 0.0949
vn 0.4664 0.7690 0.4371
vn 0.3761 -0.9263 0.0224
vn -0.6520 -0.4144 0.6350
vn -0.5924 -0.5310 -0.6059
vn -0.6156 -0.7075 -0.3470
vn -0.6134 -0.7319 -0.2968
vn 0.0696 0.0733 0.9949
vn -0.5828 -0.4958 -0.6438
vn -0.9205 0.1946 -0.3389
vn 0.0355 0.0225 0.9991
vn -0.0047 -0.0054 1.0000
vn -0.8910 -0.0663 0.4492
vn -0.0174 0.0300 0.9994
vn -0.6532 0.5256 -0.5450
vn -0.1245 0.1680 0.9779
vn -0.0056 0.0933 0.9956
vn -0.1909 0.5728 0.7972
vn -0.9461 0.3231 -0.0201
vn -0.9389 0.3431 -0.0283
vn -0.9604 0.2783 -0.0103
vn -0.9567 0.2720 -0.1038
vn -0.9151 0.4026 0.0234
vn -0.1283 -0.0002 -0.9917
vn -0.1237 0.0007 -0.9923
vn -0.1222 0.0010 -0.9925
vn -0.2833 0.8603 -0.4237
vn -0.1422 -0.0031 -0.9898
vn 0.6123 -0.0255 -0.7902
vn 0.5855 -0.0842 -0.8063
vn 0.5526 -0.1489 -0.8200
vn 0.5260 -0.1970 -0.8274
vn 0.4242 -0.7393 -0.5229
vn 0.3238 0.8428 -0.4300
vn 0.2173 0.9327 -0.2877
vn 0.5026 0.6370 -0.5845
vn 0.9995 -0.0071 -0.0306
vn 0.9973 0.0429 -0.0603
vn 0.9994 0.0176 -0.0303
vn 0.9995 -0.0270 -0.0132
vn 0.9983 -0.0476 -0.0331
vn 0.0519 0.9881 -0.1450
vn 0.0878 -0.9916 0.0951
vn 0.2062 -0.9784 0.0128
vn 0.1473 -0.9876 0.0542
vn -0.9999 0.0021 -0.0163
vn -0.9995 0.0182 -0.0239
vn -0.9996 -0.0248 -0.0148
vn -0.9937 -0.1068 0.0345
vn -0.9915 -0.1091 0.0709
vn 0.2451 -0.9694 -0.0149
vn -0.9994 0.0319 -0.0135
vn -0.0078 0.7948 0.6068
vn -0.0712 0.3607 0.9300
vn 0.0528 -0.6563 0.7526
vn -0.0241 -0.9071 0.4202
vn 0.0397 -0.7101 0.7030
vn -0.9993 -0.0065 0.0362
vn 0.0427 -0.7400 -0.6712
vn -0.9966 -0.0482 0.0668
vn -0.0390 -0.9379 0.3446
vn 0.1688 0.9855 0.0182
vn 0.0831 0.9965 -0.0081
vn 0.0705 0.9975 -0.0050
vn 0.6650 -0.0355 0.7460
vn 0.7460 -0.0107 0.6659
vn 0.6379 -0.0380 0.7692
vn 0.7324 0.0355 0.6800
vn 0.6614 0.0630 0.7474
vn 0.5510 0.1064 0.8277
vn 0.4692 0.8780 0.0948
vn 0.1628 0.9866 0.0117
vn -0.7347 0.0540 0.6762
vn 0.6060 -0.0143 0.7953
vn -0.3189 -0.9115 0.2599
vn -0.2316 -0.9585 0.1662
vn -0.3557 -0.8734 0.3325
vn -0.4550 -0.7751 0.4384
vn -0.9738 -0.1979 0.1119
vn -0.9581 -0.2839 0.0369
vn 0.0558 0.0490 0.9972
vn 0.0333 0.0032 0.9994
vn 0.0553 0.0337 0.9979
vn -0.0119 -0.0141 0.9998
vn -0.9843 0.1686 0.0531
vn -0.9864 0.1271 0.1038
vn -0.5370 0.6610 0.5241
vn -0.4608 0.7730 0.4361
vn -0.2930 0.9256 0.2395
vn 0.1108 0.0838 0.9903
vn -0.3087 0.7157 -0.6264
vn -0.0156 -0.0235 0.9996
vn -0.8411 0.0158 0.5407
vn -0.5534 -0.4657 -0.6906
vn 0.0020 0.0007 1.0000
vn -0.0326 -0.0207 0.9993
vn -0.0226 -0.0382 0.9990
vn -0.3953 -0.8685 0.2992
vn 0.7594 -0.6469 -0.0703
vn 0.0079 -0.0027 1.0000
vn 0.6231 0.7821 0.0088
vn 0.8382 -0.5125 -0.1865
vn 0.0032 0.0026 1.0000
vn 0.0979 0.0579 0.9935
vn -0.1400 0.9863 0.0868
vn -0.9150 -0.4034 -0.0065
vn 0.1056 -0.9827 -0.1520
vn 0.3218 -0.8551 -0.4064
vn -0.9548 -0.2818 -0.0950
vn -0.9676 -0.2311 -0.1020
vn -0.9249 -0.3529 0.1414
vn -0.9678 -0.2231 -0.1167
vn -0.9438 -0.1078 -0.3125
vn -0.0691 -0.3096 -0.9484
vn -0.0782 0.9953 0.0576
vn 0.0573 0.6827 -0.7285
vn 0.1927 -0.9708 0.1426
vn 0.7281 -0.4925 0.4768
vn 0.9103 -0.3205 0.2621
vn 0.8458 -0.3870 0.3673
vn -0.1580 -0.9858 0.0560
vn -0.1111 -0.9878 0.1090
vn -0.6500 -0.5436 0.5311
vn -0.0512 -0.7338 0.6774
vn 0.0177 0.7504 0.6608
vn 0.0350 0.6679 0.7434
vn -0.0370 0.7422 0.6692
vn 0.0403 0.6364 0.7703
vn 0.0163 0.6039 0.7969
vn 0.9357 -0.2773 0.2182
vn 0.7789 0.3963 -0.4860
vn 0.7472 0.4129 -0.5208
vn 0.7433 0.4147 -0.5248
vn 0.7822 0.3945 -0.4822
vn 0.0030 0.9996 -0.0267
vn -0.0480 0.9972 -0.0568
vn -0.0232 0.9994 -0.0266
vn 0.9898 0.1243 0.0702
vn 0.9914 0.0507 0.1203
vn 0.9802 0.1973 0.0192
vn 0.9693 0.2456 -0.0152
vn 1.0000 0.0005 -0.0076
vn 0.8885 -0.2356 -0.3939
vn 0.4864 -0.8359 -0.2542
vn 0.9999 0.0141 -0.0086
vn 0.1071 -0.9936 0.0347
vn 0.0249 -0.9996 -0.0147
vn 0.1095 -0.9915 0.0709
vn -0.0017 -0.9999 -0.0163
vn -0.0182 -0.9996 -0.0238
vn -0.0002 -0.0003 -1.0000
vn -0.0006 -0.0009 -1.0000
vn -0.9865 0.1626 0.0165
vn -0.9875 0.1571 0.0103
vn -0.9965 0.0829 -0.0083
vn -0.8911 0.4450 0.0889
vn 0.0230 0.9997 -0.0092
vn 0.0453 0.9985 -0.0309
vn -0.9544 -0.2323 0.1877
vn -0.9415 -0.2536 0.2220
vn -0.9435 -0.2505 0.2171
vn -0.8459 0.3257 -0.4224
vn -0.8612 0.3061 -0.4057
vn -0.8670 0.2998 -0.3980
vn -0.8348 0.3379 -0.4347
vn -0.0445 0.6552 0.7541
vn -0.0894 0.5393 0.8374
vn -0.7998 -0.3816 -0.4634
vn -0.6424 0.5029 -0.5783
vn -0.8677 0.2982 -0.3978
vn -0.9975 0.0708 -0.0052
vn -0.0318 -0.9994 -0.0135
vn 0.0066 -0.9993 0.0363
vn 0.9372 -0.0391 0.3467
vn 0.7055 0.0407 0.7076
vn 0.9052 -0.0237 0.4243
vn 0.6506 0.0541 0.7575
vn 0.0485 -0.9966 0.0671
vn 0.4079 -0.0474 -0.9118
vn 0.6791 0.0233 -0.7337
vn 0.7416 0.0426 -0.6695
vn -0.6869 0.0570 -0.7245
vn 0.3307 -0.0645 -0.9415
vn -0.9970 -0.0767 0.0047
vn 0.1114 -0.9403 -0.3216
vn 0.2312 -0.9673 -0.1044
vn 0.2226 -0.9674 -0.1210
vn -0.8056 -0.0094 0.5924
vn -0.3854 -0.0752 0.9197
vn 0.3449 -0.9284 0.1383
vn -0.0057 0.0096 0.9999
vn -0.0032 0.0058 1.0000
vn -0.0092 0.0150 0.9998
vn 0.1258 0.9903 0.0598
vn -0.1403 0.9887 0.0520
vn -0.0907 0.9876 -0.1280
vn -0.0000 0.0009 1.0000
vn -0.9964 -0.0847 0.0099
vn -0.9957 -0.0918 0.0146
vn -0.9960 -0.0882 0.0122
vn -0.1902 0.9213 0.3390
vn -0.3260 0.9441 0.0487
vn -0.2748 0.9542 -0.1178
vn -0.4744 0.7679 -0.4304
vn -0.2910 0.8443 -0.4499
vn -0.4983 0.8587 -0.1199
vn -0.2518 0.7661 -0.5913
vn -0.1120 0.9048 -0.4108
vn 0.0486 0.2524 -0.9664
vn -0.0769 0.2535 -0.9643
vn -0.0093 0.0840 -0.9964
vn -0.0630 0.1216 -0.9906
vn 0.0388 0.8107 -0.5842
vn -0.4889 0.6251 -0.6085
vn -0.1288 0.1848 -0.9743
vn 0.3219 -0.7143 -0.6214
vn 0.3846 -0.6457 -0.6597
vn 0.1511 -0.5336 -0.8321
vn 0.1427 -0.5184 -0.8431
vn 0.6087 -0.5496 -0.5722
vn 0.6079 -0.7002 -0.3743
vn -0.0790 0.0754 -0.9940
vn 0.3495 -0.9344 -0.0686
vn 0.2712 -0.9557 -0.1143
vn 0.4708 -0.8815 -0.0378
vn 0.4664 -0.8810 -0.0795
vn 0.4381 -0.8988 -0.0170
vn 0.5700 -0.8185 -0.0722
vn 0.7463 -0.6617 -0.0720
vn 0.5732 -0.8100 -0.1243
vn 0.7218 -0.6806 -0.1252
vn 0.4314 -0.8967 -0.0988
vn 0.3696 -0.7664 0.5254
vn 0.3458 -0.5288 0.7751
vn 0.3435 -0.7776 0.5266
vn 0.5409 -0.5909 0.5986
vn 0.5762 -0.5640 0.5916
vn 0.3822 -0.2951 0.8757
vn 0.6111 -0.3046 0.7306
vn -0.2557 0.2966 0.9201
vn -0.4216 0.2293 0.8773
vn -0.3551 0.2914 0.8882
vn -0.2846 0.4868 0.8258
vn -0.1795 0.4118 0.8934
vn 0.8181 -0.4711 0.3297
vn 0.7988 -0.5974 -0.0711
vn 0.8878 -0.4540 -0.0755
vn 0.9553 -0.2624 0.1364
vn 0.6683 -0.2084 0.7141
vn 0.8384 0.0358 0.5438
vn 0.5634 -0.0361 0.8254
vn 0.2476 -0.0602 0.9670
vn 0.9995 -0.0300 -0.0023
vn 0.9981 0.0011 0.0621
vn 0.9292 0.1143 0.3513
vn 0.3987 0.1032 0.9112
vn 0.7104 -0.1315 0.6914
vn 0.9761 -0.1463 -0.1608
vn 0.9701 -0.2066 -0.1273
vn 0.1421 -0.9894 -0.0300
vn 0.9740 -0.0051 -0.2264
vn 0.9996 -0.0228 -0.0153
vn 0.6069 0.5454 -0.5781
vn 0.5857 0.5445 -0.6004
vn 0.6238 0.5457 -0.5595
vn 0.6622 0.5452 -0.5140
vn 0.5185 0.5883 0.6205
vn 0.4838 0.5882 0.6480
vn 0.4588 0.5874 0.6667
vn 0.9998 0.0016 -0.0190
vn 0.4442 0.5867 0.6771
vn 0.9748 0.0095 -0.2230
vn 0.5612 -0.7149 0.4171
vn 0.4954 -0.7252 0.4782
vn 0.6285 -0.6967 0.3458
vn 0.9988 0.0493 -0.0073
vn 0.0617 0.9976 -0.0317
vn 0.9814 0.1096 -0.1576
vn 0.9262 0.0762 -0.3691
vn 0.9849 -0.1707 -0.0272
vn 0.9398 0.3331 -0.0765
vn 0.9732 0.2084 -0.0970
vn 0.9644 0.2637 -0.0185
vn 0.9045 0.4261 -0.0182
vn 0.8134 0.5768 -0.0748
vn 0.9360 0.3363 -0.1038
vn 0.8357 0.5374 -0.1133
vn 0.8264 0.5627 -0.0179
vn 0.6860 0.7272 -0.0248
vn 0.6430 0.7612 -0.0839
vn 0.7043 0.7027 -0.1009
vn 0.4851 0.8212 -0.3004
vn 0.4500 0.8888 -0.0867
vn 0.5630 0.8206 -0.0981
vn 0.2468 0.8580 -0.4505
vn 0.2626 0.9605 -0.0915
vn 0.3278 0.9392 -0.1021
vn -0.0182 0.9245 -0.3808
vn 0.1060 0.9817 -0.1584
vn -0.1158 0.9803 -0.1603
vn 0.9985 0.0460 -0.0291
vn 0.2033 0.9751 -0.0881
vn 0.0101 0.9750 -0.2221
vn -0.0139 0.9717 -0.2359
vn -0.0056 0.9997 -0.0230
vn -0.0341 0.9994 0.0031
vn -0.0287 0.9996 0.0011
vn -0.9922 0.1202 -0.0322
vn 0.0038 0.7658 0.6431
vn -0.0818 0.8479 0.5238
vn -0.0775 0.8216 0.5647
vn -0.0018 0.9986 -0.0531
vn 0.0117 0.9998 -0.0158
vn -0.3390 0.9367 -0.0876
vn -0.2751 0.9607 -0.0363
vn -0.2026 0.9731 -0.1098
vn -0.2942 0.9517 -0.0879
vn -0.2501 0.8933 -0.3735
vn -0.5438 0.8352 -0.0816
vn -0.4745 0.8797 -0.0325
vn -0.6444 0.7113 -0.2809
vn -0.7521 0.6542 -0.0801
vn -0.6706 0.6974 0.2529
vn -0.5806 0.8114 0.0679
vn -0.7418 0.5222 -0.4208
vn -0.9048 0.4167 -0.0884
vn -0.8209 0.5636 -0.0922
vn -0.9390 0.3275 -0.1047
vn -0.9148 0.4020 -0.0401
vn -0.8198 0.5725 -0.0129
vn -0.5325 0.5743 0.6218
vn -0.4800 0.8766 0.0339
vn -0.5557 0.5976 0.5780
vn -0.4293 0.1970 0.8814
vn -0.6397 0.1888 0.7451
vn -0.1759 0.0987 0.9795
vn -0.1606 0.0924 0.9827
vn 0.2880 -0.2912 0.9123
vn 0.4324 -0.1261 0.8928
vn 0.5986 -0.3932 0.6979
vn 0.1815 -0.3799 0.9070
vn 0.2827 -0.4069 0.8686
vn -0.1996 0.3024 0.9321
vn -0.1942 0.2750 0.9416
vn -0.2358 0.5677 0.7887
vn 0.0001 -0.4511 0.8925
vn 0.1714 -0.6465 0.7434
vn -0.0880 0.3405 0.9361
vn -0.0806 0.3272 0.9415
vn 0.1012 -0.5825 0.8065
vn -0.0188 0.7547 0.6558
vn 0.1012 0.6006 0.7931
vn 0.2978 0.7692 0.5653
vn -0.0896 -0.5830 0.8075
vn -0.1491 -0.5871 0.7957
vn -0.1419 -0.3952 0.9076
vn -0.3061 -0.3136 0.8989
vn -0.3577 -0.6017 0.7141
vn 0.2330 0.7717 0.5918
vn 0.3526 0.7791 0.5183
vn 0.2094 0.2985 0.9312
vn 0.1965 0.2859 0.9379
vn 0.4380 0.4291 0.7900
vn 0.5134 0.8568 -0.0476
vn 0.4473 0.4506 0.7726
vn 0.3556 0.9334 -0.0477
vn 0.4381 0.3120 0.8431
vn 0.6204 0.3112 0.7199
vn -0.3610 -0.1934 0.9123
vn -0.3482 -0.2829 0.8937
vn -0.6060 -0.2081 0.7678
vn -0.5985 -0.5204 0.6091
vn -0.6976 -0.5486 0.4609
vn -0.5696 -0.7002 0.4306
vn -0.4816 -0.0047 0.8764
vn -0.5989 -0.1139 0.7927
vn -0.7860 -0.4289 0.4451
vn -0.8094 -0.2058 0.5500
vn -0.6070 0.1387 0.7825
vn -0.9999 -0.0067 -0.0083
vn -0.9995 0.0306 -0.0062
vn -0.9995 0.0308 -0.0107
vn -0.9999 -0.0134 0.0004
vn -0.9998 -0.0155 0.0129
vn -0.9998 -0.0002 0.0218
vn 0.0826 -0.9966 0.0082
vn 0.0672 -0.9977 0.0038
vn 0.0710 -0.9975 0.0048
vn -0.8693 -0.1687 0.4646
vn -0.9994 0.0293 0.0170
vn 0.1918 -0.0510 0.9801
vn -0.0667 -0.9765 0.2050
vn -0.2101 -0.8923 0.3995
vn -0.0906 -0.9670 0.2380
vn 0.0706 -0.9974 0.0105
vn 0.6292 -0.4918 -0.6019
vn 0.5360 -0.5998 -0.5941
vn 0.6671 -0.4399 -0.6013
vn 0.7088 -0.6616 0.2449
vn 0.0349 -0.2685 -0.9627
vn 0.0758 -0.1996 -0.9769
vn -0.0658 -0.4291 -0.9009
vn 0.7710 -0.2586 -0.5820
vn -0.9995 0.0220 0.0234
vn 0.1734 0.9814 0.0830
vn -0.2226 0.6457 0.7304
vn 0.1312 0.9910 0.0255
vn 0.1364 0.9903 0.0274
vn 0.1383 0.9900 0.0281
vn 0.1292 0.9913 0.0248
vn 0.0028 -0.0031 1.0000
vn -0.0019 -0.0000 1.0000
vn 0.0058 -0.0054 1.0000
vn -0.9386 0.2190 0.2667
vn -0.8883 0.1987 0.4141
vn -0.9903 0.1227 0.0646
vn -0.9437 0.3243 0.0647
vn -0.9899 -0.0603 -0.1281
vn -0.9821 0.1551 -0.1073
vn -0.9899 -0.1249 0.0678
vn 0.0114 -0.0089 0.9999
vn -0.8404 0.4243 0.3372
vn -0.8179 0.5549 0.1520
vn -0.9300 0.3490 -0.1150
vn -0.9168 0.0426 -0.3970
vn -0.8482 0.2524 -0.4656
vn -0.8115 0.5698 -0.1296
vn -0.7743 0.4606 -0.4340
vn -0.7647 0.2301 -0.6019
vn -0.7333 0.6156 -0.2885
vn -0.6321 0.4846 -0.6046
vn -0.6385 0.5594 -0.5286
vn -0.5802 0.5731 -0.5788
vn 0.6491 0.5947 -0.4743
vn 0.6445 0.5844 -0.4930
vn 0.5867 0.5254 -0.6163
vn 0.5808 0.5148 -0.6306
vn 0.7309 0.6795 -0.0636
vn 0.7326 0.6769 -0.0711
vn -0.5097 -0.5712 -0.6434
vn -0.5276 -0.5811 -0.6196
vn -0.5930 -0.6461 -0.4804
vn -0.5564 0.6336 -0.5376
vn -0.5894 -0.6489 -0.4811
vn -0.6775 -0.7334 -0.0568
vn -0.5954 0.7427 -0.3065
vn -0.6460 0.7523 -0.1294
vn -0.6756 -0.7360 -0.0431
vn -0.6124 -0.7036 0.3604
vn -0.6751 0.7377 -0.0066
vn -0.6214 -0.7020 0.3480
vn -0.5519 -0.6452 0.5283
vn -0.4999 -0.6225 0.6022
vn -0.7542 0.6527 -0.0713
vn -0.4961 0.8431 0.2077
vn -0.6698 0.7207 0.1788
vn -0.5602 0.6775 0.4766
vn -0.7251 0.5190 0.4526
vn -0.5894 0.5287 0.6108
vn -0.2295 0.6603 0.7151
vn -0.0147 0.4552 0.8902
vn -0.0666 0.4668 0.8818
vn -0.1867 0.8544 0.4850
vn -0.2729 0.8964 0.3492
vn -0.0303 0.9993 0.0235
vn -0.0591 0.9980 -0.0208
vn -0.0638 0.9972 -0.0390
vn -0.0004 0.9998 -0.0196
vn -0.9966 -0.0820 0.0082
vn 0.0781 0.5822 0.8093
vn 0.9971 -0.0754 0.0050
vn 0.9970 -0.0776 0.0059
vn 0.9969 -0.0785 0.0063
vn 0.0205 0.9998 0.0073
vn 0.0055 0.9997 0.0247
vn 0.1266 0.4034 0.9062
vn 0.2064 0.5328 0.8207
vn 0.1795 0.8377 0.5157
vn 0.1523 0.8989 0.4109
vn 0.9972 -0.0743 0.0045
vn 0.2675 0.9284 0.2580
vn 0.3092 0.9490 0.0623
vn 0.5218 0.7877 0.3275
vn 0.3708 0.6129 0.6977
vn 0.6410 0.6102 0.4655
vn 0.5170 0.8531 0.0701
vn 0.6922 0.7083 0.1386
vn 0.4599 0.4216 0.7815
vn 0.6411 0.3225 0.6964
vn 0.8028 0.4995 0.3257
vn 0.8758 0.2730 0.3981
vn 0.9496 0.2795 0.1420
vn 0.8611 0.5052 0.0566
vn 0.8186 0.1977 0.5392
vn 0.9046 0.1672 0.3920
vn -0.0950 0.9954 0.0122
vn -0.1168 0.9929 0.0226
vn -0.1097 0.9938 0.0192
vn 0.9994 0.0211 0.0257
vn 0.9996 0.0256 0.0071
vn 0.9998 0.0185 0.0006
vn 1.0000 -0.0023 0.0016
vn 0.4227 0.0943 0.9013
vn 0.4905 0.0255 0.8711
vn 0.6428 -0.0555 0.7640
vn 0.9998 0.0084 0.0168
vn 0.9999 -0.0107 0.0074
vn -0.3251 -0.0056 -0.9456
vn 0.3587 0.9309 0.0690
vn -0.1227 0.8286 0.5462
vn 0.9997 -0.0007 0.0237
vn -0.0157 -0.7314 0.6818
vn -0.0067 -0.7365 0.6764
vn 0.1037 -0.7905 0.6036
vn 0.0013 0.0001 1.0000
vn 0.0033 0.0015 1.0000
vn 0.0048 0.0025 1.0000
vn -0.0869 -0.9962 0.0110
vn -0.0709 -0.9975 0.0045
vn -0.0643 -0.9979 0.0018
vn 0.0071 0.0040 1.0000
vn -0.0943 -0.9954 0.0140
vn -0.0862 0.9962 0.0080
vn 0.9912 0.1236 0.0475
vn 0.9487 0.2879 -0.1309
vn 0.9914 0.0297 -0.1276
vn 0.9926 -0.1133 0.0440
vn 0.9030 0.1196 -0.4127
vn 0.8901 -0.1373 -0.4345
vn 0.9641 -0.2377 -0.1183
vn 0.8568 -0.4977 -0.1349
vn 0.7975 -0.0049 -0.6033
vn 0.8386 -0.3296 -0.4337
vn 0.7604 -0.2282 -0.6080
vn 0.7242 -0.4351 -0.5350
vn 0.6116 -0.3389 -0.7149
vn 0.5894 -0.5383 -0.6024
vn 0.7520 -0.6160 -0.2347
vn 0.7359 -0.6235 -0.2639
vn -0.6974 -0.6198 0.3598
vn -0.6370 -0.5431 0.5471
vn -0.7178 -0.6236 0.3096
vn -0.6212 -0.5069 0.5977
vn -0.7292 -0.6817 -0.0599
vn -0.6945 -0.6216 -0.3623
vn 0.7226 -0.6892 -0.0541
vn 0.6993 -0.7121 0.0632
vn -0.0594 0.0776 0.9952
vn 0.5674 -0.8144 -0.1218
vn 0.6339 -0.7505 -0.1867
vn 0.6140 0.6886 0.3858
vn 0.5110 0.6162 0.5992
vn 0.6041 0.6953 0.3894
vn 0.5449 0.6644 0.5115
vn -0.6218 0.7610 0.1852
vn -0.7063 0.6876 0.1683
vn -0.8698 0.4846 0.0924
vn -0.3974 0.9137 0.0847
vn -0.4925 0.8643 -0.1023
vn 0.9422 -0.2900 0.1677
vn 0.0076 -0.0587 0.9982
vn 0.0322 -0.0755 0.9966
vn 0.0137 -0.0424 0.9990
vn -0.0101 -0.0685 0.9976
vn 0.0586 -0.0594 0.9965
vn 0.0797 -0.0382 0.9961
vn -0.3472 0.9274 -0.1390
vn -0.0317 0.9913 -0.1281
vn 0.1060 0.9924 0.0632
vn -0.4533 0.8248 -0.3380
vn -0.4068 0.7853 -0.4667
vn -0.2033 0.9092 -0.3633
vn -0.5985 0.6119 -0.5170
vn -0.6457 0.6438 -0.4107
vn -0.2001 0.7841 -0.5875
vn -0.4849 0.5445 -0.6844
vn -0.7824 0.4131 -0.4661
vn -0.7182 0.2625 -0.6444
vn -0.8915 0.2452 -0.3810
vn -0.9128 0.3824 -0.1436
vn -0.8512 0.4037 -0.3353
vn -0.6486 -0.5903 -0.4806
vn -0.5930 -0.5199 -0.6149
vn -0.9160 -0.0669 -0.3955
vn -0.8213 -0.0617 -0.5672
vn -0.9856 0.1255 -0.1131
vn -0.9984 -0.0063 0.0566
vn -0.9410 -0.2997 -0.1572
vn 0.0443 0.0059 0.9990
vn 0.0663 -0.0011 0.9978
vn 0.0350 0.0228 0.9991
vn 0.0516 0.0213 0.9984
vn -0.9000 -0.4280 0.0829
vn -0.8645 -0.5004 0.0478
vn -0.7604 -0.6299 0.1583
vn -0.5593 -0.8215 0.1111
vn 0.0499 0.0598 0.9970
vn -0.3276 -0.9345 -0.1390
vn -0.1405 -0.9880 0.0643
vn -0.4714 -0.8812 0.0357
vn -0.6614 -0.7450 0.0868
vn 0.0229 0.0570 0.9981
vn 0.0169 0.0986 0.9950
vn 0.0279 0.0342 0.9990
vn 0.5840 -0.6588 0.4742
vn 0.6205 -0.7105 0.3320
vn 0.6399 -0.7099 0.2942
vn -0.0118 -0.1369 0.9905
vn -0.0109 -0.1377 0.9904
vn 0.0502 -0.1925 0.9800
vn 0.5087 -0.6280 0.5889
vn 0.6485 0.7512 -0.1227
vn 0.8507 0.5257 0.0037
vn 0.4711 0.8725 -0.1295
vn 0.4976 0.7451 -0.4440
vn 0.6371 0.7216 -0.2708
vn 0.6720 -0.7372 -0.0711
vn 0.5701 0.6125 -0.5476
vn 0.6749 -0.7314 -0.0981
vn 0.5841 -0.6456 -0.4920
vn -0.4471 -0.8294 -0.3350
vn -0.3903 -0.8135 -0.4312
vn -0.4550 -0.8755 -0.1626
vn 0.5593 -0.6255 -0.5440
vn -0.5431 -0.6417 -0.5416
vn -0.6552 -0.6318 -0.4142
vn -0.1289 -0.9058 -0.4035
vn -0.1997 -0.7812 -0.5914
vn -0.7872 -0.3930 -0.4753
vn -0.6471 -0.4037 -0.6468
vn -0.3920 -0.5746 -0.7184
vn -0.0410 -0.7009 -0.7121
vn -0.6480 -0.1468 -0.7474
vn -0.1332 -0.5462 -0.8270
vn -0.3153 0.4022 -0.8595
vn 0.3045 -0.5278 -0.7929
vn -0.1514 0.5706 -0.8071
vn 0.0588 0.4917 -0.8688
vn 0.3887 -0.3257 -0.8619
vn 0.1968 -0.7649 -0.6133
vn 0.5563 -0.5093 -0.6566
vn 0.6856 -0.1250 -0.7172
vn 0.4284 0.4367 -0.7911
vn 0.6439 0.3483 -0.6812
vn 0.8197 -0.0196 -0.5724
vn 0.8006 -0.3744 -0.4678
vn 0.9052 0.0072 -0.4249
vn 0.5093 -0.6965 -0.5055
vn 0.6350 -0.6459 -0.4238
vn 0.8216 -0.4571 -0.3407
vn 0.9439 -0.2951 -0.1480
vn 0.9881 0.0784 -0.1324
vn 0.8953 0.2764 -0.3494
vn 0.7314 0.4512 -0.5113
vn 0.8253 0.4460 -0.3463
vn 0.7531 0.5222 -0.4002
vn 0.4372 0.8120 -0.3867
vn 0.3222 0.7668 -0.5551
vn 0.4483 0.6824 -0.5774
vn 0.1369 0.7365 -0.6624
vn 0.1879 0.8752 -0.4458
vn 0.3081 0.9399 -0.1474
vn 0.4403 0.8910 -0.1108
vn 0.4824 0.8736 0.0644
vn 0.6571 0.7527 0.0413
vn 0.2883 0.9554 0.0639
vn 0.6794 -0.3876 0.6231
vn 0.7137 -0.3380 0.6135
vn 0.6817 -0.5833 0.4418
vn 0.9299 0.3632 0.0576
vn 0.8396 0.5319 0.1099
vn 0.8002 0.5749 0.1709
vn -0.0437 -0.0371 0.9984
vn -0.0592 -0.0257 0.9979
vn -0.0372 -0.0541 0.9978
vn -0.0208 -0.0517 0.9984
vn -0.1051 0.0291 0.9940
vn 0.0569 -0.0095 0.9983
vn -0.0631 -0.0176 0.9979
vn -0.0992 -0.0090 0.9950
vn -0.1134 0.0708 0.9910
vn -0.0678 0.0695 0.9953
vn -0.0087 0.0881 0.9961
vn -0.0431 0.0616 0.9972
vn 0.6683 -0.7335 0.1241
vn 0.7696 -0.6271 0.1202
vn 0.9026 -0.4236 0.0763
vn 0.5937 -0.7966 0.1136
vn 0.3373 -0.9394 0.0617
vn 0.4910 -0.8690 0.0606
vn -0.0368 0.0850 0.9957
vn 0.3496 -0.9200 -0.1771
vn 0.0401 -0.9888 -0.1440
vn 0.1672 -0.8704 -0.4632
vn 0.4398 -0.8191 -0.3682
vn 0.4555 -0.8854 -0.0926
vn 0.8626 -0.5038 0.0468
vn 0.0651 -0.0782 0.9948
vn 0.6979 0.6205 0.3577
vn 0.6387 0.5441 0.5441
vn 0.7010 0.6110 0.3677
vn 0.6185 0.4986 0.6073
vn 0.8812 -0.4549 -0.1288
vn -0.7252 0.6549 -0.2126
vn 0.9981 -0.0336 0.0517
vn 0.9169 0.3805 -0.1203
vn 0.6472 -0.5909 -0.4817
vn 0.7356 -0.6771 -0.0188
vn 0.6484 -0.5957 -0.4741
vn 0.6939 -0.6086 0.3849
vn 0.7350 -0.6771 -0.0356
vn 0.5777 -0.5231 -0.6266
vn -0.6569 -0.5660 -0.4981
vn -0.5883 -0.5870 -0.5562
vn -0.6212 -0.4923 -0.6097
vn -0.8082 -0.4004 -0.4320
vn -0.8326 -0.5401 -0.1232
vn -0.5916 -0.7077 -0.3862
vn -0.5987 -0.6581 -0.4566
vn -0.4590 -0.6513 -0.6043
vn -0.4852 0.5783 -0.6559
vn -0.6261 0.6977 -0.3483
vn -0.5434 0.6061 -0.5808
vn 0.5647 -0.5142 -0.6456
vn -0.5089 -0.7361 -0.4464
vn 0.1074 0.0985 -0.9893
vn -0.0580 -0.1875 -0.9806
vn -0.0193 -0.0302 -0.9994
vn 0.1426 0.1261 -0.9817
vn 0.1840 0.1355 -0.9735
vn -0.2590 -0.7712 -0.5815
vn -0.5202 -0.8443 -0.1285
vn -0.3856 -0.8267 -0.4098
vn -0.1962 -0.8822 -0.4281
vn 0.0210 -0.8044 -0.5938
vn -0.2735 -0.9539 -0.1235
vn -0.0170 -0.8971 -0.4414
vn 0.0143 -0.1696 -0.9854
vn 0.0211 -0.1220 -0.9923
vn 0.0209 -0.1251 -0.9919
vn -0.0101 -0.0830 -0.9965
vn 0.1985 -0.8861 -0.4189
vn 0.2728 -0.7669 -0.5809
vn 0.3677 0.7566 -0.5407
vn 0.1602 0.5267 -0.8348
vn 0.1429 0.9568 -0.2533
vn -0.0414 0.6582 -0.7517
vn -0.1285 0.8404 -0.5266
vn 0.4306 -0.8972 -0.0981
vn 0.1528 -0.2929 -0.9439
vn 0.1406 -0.2631 -0.9545
vn 0.0368 -0.0125 -0.9992
vn 0.3980 -0.8115 -0.4278
vn 0.4486 -0.6270 -0.6369
vn 0.5689 -0.6589 -0.4921
vn 0.6057 -0.6059 -0.5158
vn 0.0344 -0.0069 -0.9994
vn -0.5990 -0.5326 -0.5979
vn 0.5221 0.5749 -0.6300
vn 0.5966 0.6455 -0.4769
vn 0.5162 0.5665 -0.6424
vn 0.5953 0.6537 -0.4673
vn 0.6817 -0.6355 -0.3625
vn 0.6762 0.7366 0.0090
vn 0.6801 0.7331 -0.0126
vn 0.4227 -0.8979 -0.1230
vn 0.2326 -0.9623 0.1408
vn 0.2502 -0.9587 -0.1351
vn 0.4545 -0.8889 0.0573
vn 0.1732 -0.9032 0.3927
vn 0.3087 -0.8116 0.4959
vn 0.4599 -0.8510 0.2534
vn 0.1164 -0.9922 0.0457
vn 0.6717 -0.6696 0.3170
vn 0.5795 -0.6302 0.5167
vn 0.7773 -0.4323 0.4570
vn 0.8590 -0.4910 0.1452
vn 0.9565 -0.2513 0.1479
vn 0.9316 -0.3632 -0.0121
vn 0.8390 -0.2597 0.4782
vn 0.5761 -0.1774 0.7979
vn 0.8896 -0.1538 0.4302
vn 0.3978 -0.6085 0.6866
vn 0.0029 -0.0073 1.0000
vn 0.0002 -0.0032 1.0000
vn 0.0018 -0.0056 1.0000
vn 0.9964 0.0840 0.0073
vn 0.9917 0.1256 0.0266
vn 0.9937 0.1104 0.0195
vn -0.0012 -0.9920 -0.1259
vn -0.1265 -0.9905 0.0534
vn 0.0047 -0.0099 0.9999
vn -0.0071 -0.9997 0.0229
vn 0.0142 -0.9998 0.0170
vn 0.0191 -0.9995 0.0267
vn -0.9977 0.0671 0.0022
vn -0.9981 0.0614 0.0004
vn -0.9966 0.0816 0.0078
vn -0.9962 0.0870 0.0098
vn -0.0204 -0.9997 -0.0099
vn -0.0287 -0.9996 -0.0017
vn 0.0160 -0.9999 -0.0004
vn -0.7709 0.0604 0.6341
vn -0.7673 0.0654 0.6380
vn -0.6833 0.1669 0.7108
vn 0.5794 -0.1434 0.8023
vn 0.9154 0.2563 0.3104
vn 0.0092 -0.9999 -0.0042
vn 0.8251 -0.1730 -0.5378
vn -0.1773 0.2253 -0.9580
vn -0.3009 0.1215 -0.9459
vn -0.2990 0.1232 -0.9463
vn 0.5782 0.2624 -0.7726
vn -0.2096 0.7960 -0.5678
vn 0.6154 0.6661 -0.4213
vn -0.4466 -0.0151 -0.8946
vn -0.8913 0.2496 -0.3785
vn -0.5211 0.7566 0.3949
vn -0.4949 0.6679 0.5559
vn -0.4751 0.6142 0.6301
vn -0.8467 -0.0618 0.5285
vn 0.0366 0.9993 0.0023
vn 0.0391 0.9992 -0.0044
vn -0.4259 0.4971 0.7560
vn 0.5911 0.5559 0.5844
vn 0.5206 0.6181 0.5889
vn 0.6612 0.4831 0.5740
vn 0.4032 0.7032 0.5856
vn -0.2297 -0.8447 0.4833
vn -0.1453 -0.8861 0.4401
vn -0.2818 -0.9486 0.1441
vn -0.4982 -0.8581 0.1245
vn -0.4157 -0.8368 0.3563
vn -0.6988 -0.6978 0.1574
vn -0.7030 -0.7106 -0.0289
vn -0.8205 -0.5502 0.1547
vn -0.7373 -0.6561 -0.1612
vn -0.8597 0.2336 0.4542
vn 0.2492 -0.8498 0.4645
vn -0.6368 -0.7479 -0.1872
vn -0.6809 0.7289 -0.0708
vn -0.6227 0.7150 0.3178
vn -0.6037 0.6880 0.4028
vn -0.5053 0.6058 0.6145
vn -0.4950 0.6014 0.6271
vn 0.6044 -0.4874 0.6302
vn -0.9105 -0.3856 0.1491
vn -0.9632 -0.2613 0.0625
vn -0.9209 -0.2487 0.3003
vn -0.9524 -0.2741 -0.1333
vn -0.8831 -0.2279 -0.4102
vn -0.7948 -0.0943 -0.5995
vn -0.7185 -0.3687 -0.5898
vn -0.1816 -0.0322 -0.9829
vn -0.1195 -0.0368 -0.9922
vn -0.1240 -0.0368 -0.9916
vn -0.3884 -0.2498 0.8870
vn 0.1664 0.1122 -0.9797
vn 0.1795 0.1222 -0.9761
vn 0.7429 0.1724 -0.6468
vn 0.7256 0.2344 -0.6470
vn 0.7395 0.1741 -0.6502
vn -0.0337 0.0022 -0.9994
vn 0.8943 -0.0227 -0.4469
vn 0.2363 -0.0559 -0.9701
vn 0.3011 -0.0795 -0.9503
vn 0.9974 0.0715 0.0015
vn -0.3288 0.5234 -0.7861
vn -0.5643 0.6111 -0.5551
vn -0.3361 0.5311 -0.7777
vn -0.5423 0.3354 -0.7703
vn -0.0420 0.0831 -0.9957
vn -0.1823 0.6500 -0.7378
vn -0.3665 0.8779 -0.3082
vn 0.4628 0.6522 -0.6004
vn -0.5632 0.6357 -0.5278
vn -0.8223 -0.4558 -0.3408
vn -0.8851 -0.4541 -0.1023
vn -0.6816 0.6148 -0.3967
vn -0.7306 0.6817 -0.0389
vn -0.6597 0.6082 -0.4414
vn -0.5962 0.5394 -0.5947
vn 0.8547 0.5026 -0.1299
vn 0.6692 0.5736 -0.4724
vn 0.7585 0.4786 -0.4423
vn 0.6519 0.4671 -0.5974
vn -0.7278 0.6444 0.2344
vn 0.7695 0.5955 -0.2307
vn -0.5949 0.5370 -0.5980
vn 0.5770 0.5353 -0.6169
vn 0.5015 0.6010 -0.6224
vn 0.2181 0.1156 -0.9691
vn -0.1317 -0.1869 -0.9735
vn -0.3499 -0.2934 -0.8897
vn 0.3914 0.1797 -0.9025
vn 0.8288 0.3448 -0.4407
vn 0.7678 0.2468 -0.5912
vn 0.1256 0.0223 -0.9918
vn 0.1711 0.0034 -0.9852
vn -0.4312 0.0406 -0.9014
vn -0.7563 -0.1565 -0.6352
vn -0.7467 -0.1023 -0.6572
vn -0.7636 -0.2153 -0.6087
vn -0.2490 -0.1179 -0.9613
vn -0.2649 -0.1291 -0.9556
vn -0.3158 0.1086 -0.9426
vn -0.6074 0.1481 -0.7805
vn -0.7591 -0.0040 -0.6510
vn -0.2257 0.0760 -0.9712
vn -0.9817 -0.1890 -0.0234
vn -0.9797 -0.1303 -0.1522
vn -0.9987 0.0451 -0.0246
vn -0.9784 0.1339 -0.1572
vn -0.9662 0.2569 -0.0204
vn -0.9919 0.1148 0.0540
vn -0.1206 0.9923 -0.0271
vn -0.9713 0.0151 -0.2374
vn -0.9738 -0.0051 -0.2274
vn -0.9997 0.0022 -0.0243
vn -0.9992 0.0396 -0.0019
vn -0.6620 -0.4886 0.5684
vn -0.6763 -0.4901 0.5500
vn -0.6399 -0.4858 0.5955
vn -0.7031 -0.4923 0.5131
vn -0.4634 -0.6664 -0.5841
vn -0.6040 -0.5379 -0.5880
vn -0.3438 -0.7488 -0.5666
vn -0.9993 0.0108 0.0354
vn -0.9223 -0.0195 0.3860
vn -0.7192 -0.3951 -0.5715
vn -0.9998 -0.0175 -0.0096
vn -0.2128 0.7742 -0.5961
vn -0.8232 0.5634 0.0704
vn -0.3874 0.5242 0.7584
vn -0.8030 0.1298 0.5816
vn -0.6328 -0.0833 0.7698
vn -0.9584 -0.2840 -0.0275
vn -0.9627 -0.2538 -0.0940
vn -0.9228 -0.3725 -0.0983
vn -0.0619 -0.9978 -0.0254
vn -0.9178 -0.3881 -0.0834
vn -0.8973 -0.4397 -0.0396
vn -0.7766 -0.6229 -0.0946
vn -0.3497 -0.1594 0.9232
vn -0.3784 -0.3573 0.8539
vn -0.5522 -0.3796 0.7423
vn -0.5855 -0.1262 0.8008
vn -0.7586 -0.6509 -0.0300
vn -0.3225 -0.3467 0.8808
vn -0.6417 -0.7632 -0.0764
vn -0.3289 -0.4596 0.8250
vn -0.2091 -0.4051 0.8901
vn -0.5233 -0.8465 -0.0979
vn -0.4812 -0.8764 -0.0171
vn -0.3720 -0.9243 -0.0859
vn -0.2999 -0.9070 0.2956
vn -0.4187 -0.9000 -0.1211
vn -0.5038 -0.8595 -0.0865
vn -0.6625 -0.7444 -0.0833
vn -0.9723 -0.1214 0.1997
vn -0.8750 -0.2036 0.4392
vn -0.9905 -0.0948 0.1001
vn -0.9916 -0.0873 -0.0953
vn -0.9611 -0.0828 -0.2634
vn -0.4253 -0.9045 -0.0319
vn -0.9199 -0.1189 -0.3737
vn -0.8253 -0.0516 -0.5623
vn -0.8718 -0.0383 -0.4884
vn -0.3685 -0.8794 -0.3016
vn -0.3700 -0.9272 -0.0583
vn -0.1876 -0.8922 -0.4108
vn -0.1972 -0.9725 -0.1242
vn -0.1228 -0.2105 -0.9699
vn -0.1499 -0.3246 -0.9339
vn -0.1906 -0.4304 -0.8823
vn -0.5480 -0.8361 -0.0248
vn -0.2503 -0.7444 -0.6190
vn 0.0251 -0.9353 -0.3529
vn -0.3423 -0.1611 -0.9257
vn 0.1287 -0.2254 -0.9657
vn -0.0449 -0.1378 -0.9894
vn -0.7106 -0.0501 -0.7018
vn -0.4447 -0.1618 -0.8810
vn -0.4810 -0.6720 -0.5631
vn 0.0975 -0.9903 -0.0989
vn -0.0262 -0.9996 -0.0059
vn -0.0309 -0.9992 -0.0263
vn -0.0337 -0.9991 0.0276
vn -0.0315 -0.9990 -0.0326
vn -0.2218 -0.9526 -0.2080
vn 0.0140 -0.9998 -0.0171
vn -0.0223 -0.9995 0.0242
vn 0.0236 -0.9961 -0.0845
vn -0.0293 -0.9992 0.0262
vn -0.0662 -0.9977 0.0170
vn -0.6817 -0.0977 0.7250
vn -0.8332 -0.0872 0.5460
vn -0.8311 -0.0811 0.5502
vn -0.6930 -0.0945 0.7147
vn -0.4859 -0.1152 0.8664
vn -0.4961 -0.1028 0.8622
vn -0.0062 -1.0000 -0.0033
vn -0.0067 -1.0000 -0.0003
vn -0.0040 -1.0000 -0.0010
vn -0.0040 -1.0000 -0.0006
vn -0.9899 -0.1307 -0.0552
vn -0.9934 -0.1097 -0.0339
vn -0.9934 -0.1094 -0.0336
vn -0.0081 -1.0000 -0.0049
vn -0.9958 -0.0907 -0.0148
vn -0.0242 -0.1174 -0.9928
vn -0.0418 -0.1002 -0.9941
vn -0.0413 -0.1001 -0.9941
vn 0.8622 -0.1064 -0.4953
vn 0.8624 -0.1071 -0.4947
vn 0.7158 -0.1048 -0.6904
vn 0.7132 -0.1078 -0.6926
vn 0.0090 -0.9994 -0.0323
vn 0.0296 -0.9991 -0.0298
vn 0.0279 -0.9996 0.0069
vn 0.0141 -0.9979 -0.0627
vn 0.5333 -0.0884 -0.8413
vn 0.5290 -0.0943 -0.8434
vn 0.7354 -0.1014 0.6700
vn 0.7319 -0.0927 0.6751
vn 0.7299 -0.0879 0.6778
vn -0.0117 -0.9999 0.0012
vn -0.0126 -0.9999 0.0064
vn -0.1378 -0.9839 0.1136
vn -0.7348 0.0231 0.6779
vn -0.7666 0.0499 0.6402
vn -0.7922 0.0731 0.6058
vn -0.6986 -0.0054 0.7155
vn 0.5816 0.0019 0.8135
vn 0.7115 0.0886 0.6971
vn 0.6559 0.0497 0.7532
vn 0.5027 -0.0446 0.8633
vn 0.0002 -1.0000 0.0002
vn 0.0005 -1.0000 0.0003
vn -0.0002 -1.0000 0.0002
vn -0.7048 -0.1033 -0.7018
vn -0.6166 -0.0317 -0.7866
vn -0.6599 -0.0657 -0.7484
vn -0.5586 0.0111 -0.8294
vn 0.8320 -0.0714 -0.5502
vn 0.7883 -0.0296 -0.6145
vn 0.8670 -0.1101 -0.4860
vn 0.7335 0.0164 -0.6795
vn 0.0226 -0.9991 0.0366
vn -0.0105 -0.9998 0.0187
vn -0.0223 -0.9990 0.0395
vn -0.0554 -0.9984 0.0079
vn 0.2595 -0.0712 0.9631
vn 0.1992 -0.1593 0.9669
vn 0.3162 0.0168 0.9485
vn 0.3628 0.0933 0.9272
vn 0.8464 -0.1457 0.5122
vn 0.8443 -0.1370 0.5180
vn 0.8531 -0.1775 0.4906
vn 0.0108 -0.9850 0.1725
vn 0.8382 -0.1131 0.5335
vn 0.0043 -1.0000 -0.0007
vn 0.0012 -1.0000 0.0027
vn 0.0043 -1.0000 -0.0020
vn 0.0036 -1.0000 -0.0013
vn -0.0423 -0.1077 0.9933
vn -0.0342 -0.0993 0.9945
vn -0.0517 -0.1173 0.9917
vn -0.9932 -0.1113 0.0349
vn -0.9931 -0.1116 0.0349
vn -0.9937 -0.1029 0.0442
vn -0.9923 -0.1209 0.0249
vn 0.0115 -0.9994 -0.0325
vn -0.0598 -0.9981 -0.0134
vn -0.0297 -0.9591 0.2816
vn -0.0253 -0.9994 -0.0228
vn -0.5174 -0.0967 -0.8502
vn -0.5082 -0.1093 -0.8543
vn -0.5218 -0.0906 -0.8482
vn -0.0135 -0.9997 0.0222
vn -0.0005 -1.0000 -0.0061
vn -0.0451 -0.9989 -0.0104
vn -0.9585 -0.1976 -0.2057
vn -0.9594 -0.1698 -0.2250
vn -0.9594 -0.1448 -0.2422
vn -0.9580 -0.1124 -0.2638
vn -0.5308 -0.0780 -0.8439
vn 0.9615 -0.0815 -0.2625
vn 0.9530 -0.0616 -0.2966
vn 0.9574 -0.0716 -0.2796
vn 0.9643 -0.0891 -0.2493
vn -0.0174 -0.9997 0.0182
vn 0.3206 -0.0200 0.9470
vn 0.4853 0.0604 0.8723
vn 0.4167 0.0260 0.9087
vn 0.0005 -1.0000 -0.0002
vn 0.0006 -1.0000 -0.0002
vn 0.2421 -0.0561 0.9686
vn 0.0005 -1.0000 0.0001
vn -0.8471 -0.0621 0.5277
vn -0.6665 0.0292 0.7449
vn -0.7426 -0.0054 0.6697
vn -0.8886 -0.0896 0.4499
vn -0.4373 -0.1555 -0.8858
vn -0.9498 0.0885 -0.3000
vn 0.0224 -0.9993 0.0295
vn 0.0313 -0.9990 0.0315
vn 0.1864 -0.9811 0.0523
vn 0.0339 -0.9994 -0.0111
vn -0.0051 -0.9996 -0.0260
vn -0.0515 -0.9987 -0.0032
vn 0.0331 -0.9993 -0.0154
vn 0.1389 0.0765 -0.9873
vn 0.9370 0.0342 -0.3477
vn 0.9471 -0.2029 0.2488
vn 0.9567 -0.1744 0.2329
vn 0.9406 -0.2200 0.2584
vn 0.9329 -0.2392 0.2692
vn 0.2424 -0.9701 0.0082
vn 0.5795 -0.2104 -0.7873
vn 0.6142 -0.2823 -0.7369
vn 0.6452 -0.3560 -0.6760
vn 0.0092 -0.9999 0.0072
vn 0.0263 -0.9997 -0.0024
vn 0.0028 -1.0000 0.0001
vn -0.0024 -1.0000 0.0046
vn -0.0000 -1.0000 0.0008
vn -0.0036 -1.0000 -0.0022
vn 0.5313 -0.0385 0.8463
vn 0.5562 -0.0071 0.8310
vn 0.5181 -0.0549 0.8536
vn 0.0023 -1.0000 -0.0065
vn 0.6110 -0.1018 -0.7851
vn 0.6323 -0.0926 -0.7692
vn 0.7664 -0.1023 -0.6342
vn 0.4375 -0.1013 -0.8935
vn 0.0211 -0.9994 -0.0289
vn 0.0186 -0.9994 -0.0285
vn 0.4212 -0.1191 -0.8991
vn 0.0052 -0.9997 -0.0254
vn 0.7663 -0.1023 -0.6342
vn 0.0237 -0.9997 -0.0094
vn -0.7049 -0.1494 -0.6934
vn -0.7263 -0.0980 -0.6804
vn -0.6859 -0.1905 -0.7024
vn -0.6489 -0.2618 -0.7144
vn 0.0056 -1.0000 -0.0075
vn 0.0152 -0.9995 -0.0270
vn 0.1585 -0.9331 0.3229
vn 0.0030 -0.9107 0.4130
vn 0.1325 -0.8705 0.4741
vn 0.0438 -0.9988 0.0230
vn 0.2777 -0.9426 0.1854
vn 0.6310 -0.5182 0.5773
vn 0.5190 -0.4281 0.7398
vn 0.5382 -0.4742 0.6967
vn 0.8482 -0.2532 0.4652
vn 0.8986 -0.1651 0.4065
vn 0.9755 -0.1319 0.1762
vn 0.3661 -0.9277 -0.0734
vn 0.4654 -0.8726 -0.1478
vn 0.9846 -0.1296 0.1169
vn 0.2697 -0.9629 0.0070
vn 0.9884 -0.0892 -0.1229
vn 0.9757 -0.0884 -0.2005
vn 0.8959 -0.4431 -0.0340
vn 0.0348 -0.9993 -0.0168
vn 0.0391 -0.9992 0.0072
vn 0.0144 -0.9988 -0.0462
vn -0.0040 -0.9998 -0.0174
vn -0.0041 -1.0000 0.0029
vn 0.8925 -0.1246 -0.4334
vn -0.0155 -0.9992 0.0365
vn -0.0202 -0.9990 0.0388
vn -0.2776 0.1231 -0.9528
vn -0.1216 -0.9924 0.0162
vn 0.0071 -0.9999 0.0096
vn -0.7038 -0.1341 -0.6977
vn -0.8022 0.0272 0.5965
vn -0.8492 0.0730 0.5230
vn -0.8831 0.1119 0.4556
vn -0.7408 -0.0240 0.6713
vn -0.0005 -1.0000 0.0001
vn -0.0007 -1.0000 0.0001
vn -0.0004 -1.0000 0.0001
vn 0.0001 -1.0000 0.0002
vn 0.5224 -0.0186 0.8525
vn 0.5568 0.0039 0.8307
vn 0.4905 -0.0389 0.8706
vn 0.8603 -0.1200 -0.4954
vn 0.9308 -0.0434 -0.3629
vn 0.8956 -0.0854 -0.4366
vn 0.5857 0.0235 0.8102
vn 0.9593 0.0007 -0.2824
vn -0.0292 -0.9994 0.0171
vn 0.0013 -0.9972 0.0742
vn -0.0027 -1.0000 -0.0072
vn 0.2591 -0.9653 -0.0339
vn -0.0377 -0.9988 -0.0318
vn -0.0417 -0.9988 -0.0269
vn -0.0630 -0.9979 -0.0177
vn 0.0247 -0.8037 -0.5945
vn -0.7046 -0.1087 -0.7012
vn -0.5185 -0.0899 -0.8503
vn -0.5248 -0.0816 -0.8473
vn -0.7151 -0.1184 -0.6889
vn -0.8575 -0.1077 -0.5031
vn -0.8601 -0.1161 -0.4968
vn 0.0050 -1.0000 0.0037
vn 0.0130 -0.9998 0.0123
vn 0.0027 -1.0000 0.0026
vn -0.0068 -1.0000 0.0013
vn 0.0030 -1.0000 -0.0017
vn 0.0026 -1.0000 -0.0089
vn 0.6875 -0.1019 0.7190
vn 0.8308 -0.0959 0.5482
vn 0.6926 -0.0969 0.7148
vn 0.5106 -0.1054 0.8533
vn 0.8308 -0.0959 0.5483
vn 0.0082 -0.9994 0.0327
vn 0.0327 -0.9990 0.0301
vn 0.1376 -0.9904 0.0130
vn 0.5031 -0.1146 0.8566
vn 0.0347 -0.9989 0.0309
vn 0.0356 -0.9993 -0.0080
vn -0.6484 0.0654 -0.7585
vn -0.0930 -0.0994 -0.9907
vn 0.1471 -0.0166 -0.9890
vn -0.0182 -0.0741 -0.9971
vn 0.2551 0.0221 -0.9667
vn -0.0222 -0.9996 -0.0186
vn 0.0002 -1.0000 -0.0006
vn -0.0001 -1.0000 -0.0005
vn 0.9962 -0.0568 -0.0659
vn 0.9827 0.0044 -0.1850
vn 0.9914 -0.0250 -0.1282
vn 0.9965 -0.0815 -0.0170
vn 0.0006 -1.0000 -0.0003
vn -0.8017 0.1091 0.5877
vn -0.9915 -0.1301 0.0095
vn 0.1472 -0.0643 0.9870
vn 0.3137 0.0034 0.9495
vn 0.0229 -0.1122 0.9934
vn 0.4415 0.0584 0.8954
vn 0.0154 -0.9993 -0.0348
vn 0.0605 -0.9853 -0.1596
vn 0.6732 -0.1576 -0.7225
vn 0.8492 -0.1138 -0.5156
vn 0.6370 -0.1670 -0.7525
vn 0.3391 -0.2125 -0.9165
vn 0.4159 -0.1506 -0.8969
vn 0.3362 0.3863 -0.8589
vn 0.2535 -0.9613 -0.1078
vn -0.7383 -0.1046 0.6663
vn -0.7350 -0.0963 0.6711
vn -0.7297 -0.0832 0.6787
vn 0.9927 -0.1184 -0.0231
vn 0.9939 -0.1029 -0.0393
vn 0.9939 -0.1025 -0.0397
vn 0.9946 -0.0884 -0.0545
vn 0.0023 -1.0000 -0.0082
vn 0.0418 -0.1060 -0.9935
vn 0.0350 -0.0992 -0.9945
vn 0.0351 -0.0993 -0.9944
vn -0.7443 -0.1201 0.6569
vn 0.0290 -0.0931 -0.9952
vn 0.9905 -0.1232 0.0610
vn 0.9949 -0.0951 0.0325
vn 0.9950 -0.0945 0.0319
vn 0.0233 -0.1044 0.9943
vn 0.0231 -0.1045 0.9943
vn 0.0333 -0.0944 0.9950
vn 0.9976 -0.0683 0.0054
vn 0.0063 -1.0000 -0.0067
vn -0.0002 -1.0000 -0.0004
vn 0.0105 -0.9999 -0.0071
vn 0.5132 -0.0909 -0.8534
vn 0.0071 -0.9999 -0.0110
vn 0.0115 -0.1159 0.9932
vn -0.8375 -0.1256 0.5318
vn -0.8397 -0.1340 0.5262
vn -0.8359 -0.1202 0.5356
vn -0.0024 -1.0000 0.0017
vn -0.8335 -0.1111 0.5412
vn -0.2056 -0.1056 0.9729
vn -0.2053 -0.1059 0.9729
vn -0.2059 -0.1051 0.9729
vn -0.9694 -0.0633 -0.2371
vn -0.9819 -0.1512 -0.1141
vn -0.9360 0.0497 -0.3486
vn -0.9922 -0.1240 0.0117
vn -0.9960 -0.0846 0.0284
vn -0.2050 -0.1064 0.9730
vn 0.2677 -0.9632 0.0247
vn 0.1088 -0.7777 0.6191
vn 0.0816 -0.4341 0.8971
vn 0.0863 -0.4491 0.8893
vn 0.3280 -0.8081 0.4893
vn -0.0914 -0.8117 0.5769
vn -0.0162 -0.6590 0.7520
vn -0.5611 -0.5751 0.5953
vn -0.4754 -0.5724 0.6681
vn -0.4571 -0.5383 0.7081
vn -0.0248 -0.9991 0.0354
vn -0.2241 -0.9732 0.0523
vn -0.2007 -0.7542 0.6252
vn -0.8028 -0.3041 0.5129
vn -0.0439 -0.9990 0.0017
vn -0.0419 -0.9991 0.0079
vn -0.0051 -0.9994 -0.0344
vn -0.0315 -0.9995 -0.0003
vn -0.0108 -0.9994 -0.0337
vn 0.3759 -0.6929 -0.6153
vn 0.3735 -0.6857 -0.6248
vn 0.3772 -0.6970 -0.6098
vn 0.7873 -0.3931 0.4751
vn 0.8243 -0.3288 0.4608
vn 0.7129 -0.4985 0.4933
vn 0.3805 -0.7069 -0.5963
vn -0.6371 -0.5640 -0.5253
vn -0.6365 -0.6118 -0.4696
vn -0.6322 -0.4934 -0.5974
vn -0.6246 -0.6994 -0.3474
vn -0.8639 0.1416 -0.4833
vn 0.2524 -0.1926 -0.9483
vn 0.4077 -0.0732 -0.9102
vn 0.3735 -0.1009 -0.9221
vn 0.5339 0.0370 -0.8447
vn -0.6250 0.0971 0.7745
vn -0.9363 -0.1879 0.2966
vn -0.6276 -0.4471 0.6373
vn -0.5869 -0.4986 0.6379
vn -0.6567 -0.4068 0.6351
vn -0.5154 -0.5776 0.6330
vn 0.6922 -0.0663 0.7187
vn 0.7673 0.0148 0.6411
vn 0.7131 -0.0452 0.6996
vn 0.6102 -0.6113 0.5040
vn 0.6364 -0.1185 0.7622
vn -0.0147 0.9997 0.0175
vn -0.0296 -0.9989 -0.0354
vn -0.7736 -0.1760 -0.6087
vn -0.7606 -0.1399 -0.6339
vn -0.6026 -0.1016 -0.7915
vn 0.7201 0.0239 -0.6935
vn 0.7807 -0.2042 -0.5906
vn 0.7483 -0.0608 -0.6606
vn -0.6000 -0.0827 -0.7957
vn 0.7892 -0.2743 -0.5495
vn -0.0090 -1.0000 0.0034
vn -0.0171 -0.9998 -0.0051
vn -0.0155 -0.9999 -0.0065
vn -0.0367 -0.9991 -0.0191
vn -0.0247 -0.9995 -0.0182
vn -0.4299 -0.0751 -0.8998
vn -0.4298 -0.0751 -0.8998
vn -0.4434 -0.0818 0.8926
vn -0.4146 -0.0417 0.9091
vn -0.7043 -0.1085 0.7015
vn -0.6648 -0.1546 0.7309
vn -0.8820 -0.0939 0.4619
vn -0.9053 -0.0403 0.4228
vn -0.0190 -0.9998 -0.0006
vn 0.9946 -0.1028 -0.0172
vn 0.9987 -0.0250 -0.0441
vn 0.9987 -0.0048 -0.0510
vn 0.9913 -0.1314 -0.0071
vn -0.0034 -1.0000 0.0077
vn -0.0024 -1.0000 0.0039
vn 0.4894 -0.0895 0.8674
vn -0.0575 -0.0845 -0.9948
vn 0.7267 -0.0801 0.6823
vn 0.0703 -0.9409 -0.3312
vn -0.6252 -0.6688 -0.4022
vn -0.7634 -0.5306 -0.3684
vn -0.8122 -0.5771 -0.0847
vn -0.9169 -0.3986 -0.0198
vn 0.4037 0.8322 -0.3802
vn 0.4822 0.8624 -0.1543
vn -0.0010 0.0338 -0.9994
vn -0.0079 0.0050 -1.0000
vn 0.2750 0.8608 -0.4283
vn 0.0902 0.8962 -0.4343
vn 0.2598 0.9563 -0.1338
vn 0.0881 0.9876 -0.1298
vn 0.2971 0.3951 0.8693
vn 0.3722 0.2842 0.8836
vn -0.1251 -0.6616 0.7393
vn 0.1675 -0.4862 -0.8577
vn -0.9129 0.4073 -0.0286
vn 0.6793 0.7332 -0.0311
vn 0.4558 0.8898 0.0216
vn 0.0526 -0.1946 0.9795
vn -0.6437 0.5578 0.5240
vn -0.6386 0.5434 0.5449
vn 0.4710 -0.5491 -0.6904
vn 0.5151 -0.5742 -0.6364
vn -0.6953 0.6188 0.3657
vn -0.8132 0.5808 0.0375
vn -0.6518 0.2728 0.7076
vn -0.1341 0.0942 -0.9865
vn 0.3907 -0.2129 -0.8955
vn 0.6426 -0.2436 -0.7265
vn 0.7482 -0.5135 -0.4201
vn 0.9243 -0.3813 -0.0159
vn 0.0861 -0.9962 0.0093
vn 0.1575 -0.0551 -0.9860
vn -0.1651 0.7429 -0.6487
vn 0.4066 0.2878 -0.8671
vn 0.9408 0.3380 -0.0264
vn -0.0279 0.6118 -0.7905
vn -0.9552 -0.2308 0.1853
s 1
f 1//1 8//2 2//3
f 1//1 2//3 7//4
f 3//5 4//6 1//7
f 1//1 7//4 3//8
f 6//9 1//1 4//10
f 6//9 5//11 1//1
f 1//1 5//11 8//2
f 2//3 8//2 10//12
f 8//2 5//11 9//13
f 8//2 9//13 10//14
f 10//12 11//15 12//16
f 10//17 9//17 11//17
f 2//3 10//12 13//18
f 12//16 13//18 10//12
f 16//19 13//20 14//21
f 13//20 15//22 14//21
f 13//23 12//16 15//24
f 16//19 2//25 13//20
f 17//26 16//26 14//26
f 18//27 16//27 17//27
f 18//28 19//28 16//28
f 19//29 7//30 16//19
f 16//19 7//30 2//25
f 23//31 20//32 19//29
f 20//32 22//33 19//29
f 19//29 22//33 7//30
f 21//34 19//34 18//34
f 21//35 23//35 19//35
f 25//36 14//36 23//36
f 23//31 14//21 24//37
f 24//37 20//32 23//31
f 25//38 23//38 21//38
f 21//39 26//40 25//41
f 25//41 26//40 27//42
f 17//43 14//43 25//43
f 25//41 28//44 17//45
f 25//41 27//42 28//44
f 27//42 32//46 28//44
f 17//45 28//44 29//47
f 28//48 31//49 29//50
f 28//51 30//52 31//53
f 30//52 28//51 32//54
f 33//55 32//46 27//42
f 33//55 34//56 32//46
f 32//57 34//57 30//57
f 33//58 35//59 34//60
f 34//61 35//62 31//63
f 34//64 31//53 30//52
f 39//65 36//66 35//67
f 37//68 35//67 36//66
f 35//62 37//69 31//63
f 35//59 33//58 38//70
f 24//71 35//67 38//72
f 39//65 35//67 24//71
f 39//73 24//37 14//21
f 14//21 15//22 39//73
f 39//73 15//22 40//74
f 39//73 40//74 41//75
f 41//76 36//66 39//65
f 45//77 41//75 40//74
f 41//76 42//78 36//66
f 44//79 42//78 41//76
f 45//77 43//80 41//75
f 43//81 44//79 41//76
f 47//82 45//83 40//84
f 46//85 45//83 47//82
f 48//86 45//87 46//88
f 43//89 45//87 48//86
f 49//90 48//91 46//92
f 49//90 50//93 48//91
f 43//81 48//94 44//79
f 50//95 52//96 48//94
f 48//94 51//97 44//79
f 52//96 51//97 48//94
f 56//98 53//99 52//96
f 52//96 53//99 51//97
f 57//100 52//96 54//101
f 54//101 52//96 50//95
f 55//102 52//96 57//100
f 55//102 56//98 52//96
f 60//103 55//102 57//100
f 54//104 58//105 57//106
f 59//107 57//108 58//109
f 59//107 60//110 57//108
f 59//20 61//20 60//20
f 61//111 55//102 60//103
f 62//20 61//20 59//20
f 61//112 62//113 63//114
f 61//112 63//114 55//115
f 65//116 63//117 64//118
f 58//119 64//118 63//117
f 55//120 63//121 65//122
f 58//119 63//117 62//123
f 65//116 67//124 66//125
f 66//126 69//127 65//128
f 67//124 65//116 64//118
f 55//120 65//122 68//129
f 65//128 69//127 68//130
f 70//131 68//132 69//133
f 71//134 70//131 69//133
f 66//135 71//136 69//137
f 71//138 73//139 72//140
f 71//138 72//140 70//141
f 73//142 71//136 66//135
f 66//125 72//143 73//144
f 67//124 72//143 66//125
f 70//145 72//145 74//145
f 74//146 72//146 75//146
f 76//147 75//148 72//143
f 72//143 67//124 76//147
f 76//147 77//149 78//150
f 76//147 67//124 77//149
f 76//147 78//150 79//151
f 81//152 76//147 79//151
f 76//147 80//153 75//148
f 82//154 80//153 76//147
f 81//152 82//154 76//147
f 85//155 82//154 81//152
f 82//156 84//157 80//158
f 82//156 83//159 84//157
f 83//160 82//161 85//162
f 88//163 85//164 86//165
f 81//152 86//166 85//155
f 83//160 85//162 87//167
f 87//164 85//164 88//163
f 88//168 89//169 83//170
f 87//171 88//168 83//170
f 91//172 89//169 88//168
f 88//163 86//165 90//173
f 90//174 91//172 88//168
f 91//172 94//175 89//169
f 91//172 92//176 94//175
f 93//177 92//176 91//172
f 90//174 93//177 91//172
f 89//169 94//175 95//178
f 94//175 96//179 95//178
f 97//180 96//179 94//175
f 92//176 97//180 94//175
f 99//181 98//182 97//180
f 98//182 100//183 97//180
f 99//181 97//180 92//176
f 97//180 100//183 96//179
f 100//183 102//184 96//179
f 100//183 98//182 101//185
f 101//185 102//184 100//183
f 96//179 102//184 103//186
f 102//184 104//187 103//186
f 102//184 106//188 104//187
f 102//184 105//189 106//188
f 101//185 105//189 102//184
f 108//190 106//188 105//189
f 108//190 107//191 106//188
f 106//188 107//191 104//187
f 111//192 108//190 109//193
f 109//193 108//190 105//189
f 110//194 108//190 111//192
f 113//195 108//190 110//194
f 108//190 112//196 107//191
f 113//195 112//196 108//190
f 115//197 112//196 113//195
f 116//198 113//195 110//194
f 114//199 115//197 113//195
f 114//199 113//195 116//198
f 114//199 116//198 117//200
f 117//200 116//198 118//201
f 118//201 116//198 110//194
f 119//202 117//200 118//201
f 119//202 118//201 121//203
f 118//201 110//194 111//192
f 120//204 118//201 111//192
f 121//203 118//201 120//204
f 123//205 119//202 121//203
f 123//205 121//203 122//206
f 121//203 120//204 122//206
f 124//207 119//202 123//205
f 124//207 123//205 125//208
f 123//205 122//206 125//208
f 125//209 126//210 124//211
f 125//209 128//212 126//210
f 125//208 122//206 127//213
f 127//214 128//212 125//209
f 131//215 128//216 129//217
f 129//217 128//216 130//218
f 127//214 130//219 128//212
f 132//220 128//216 131//215
f 132//220 126//221 128//216
f 134//222 133//223 132//220
f 126//221 132//220 133//223
f 135//224 134//222 132//220
f 135//224 132//220 131//215
f 135//225 138//226 136//227
f 135//224 136//228 134//222
f 135//224 131//215 137//229
f 135//230 137//231 138//232
f 139//233 141//234 138//235
f 140//236 139//233 138//235
f 137//231 140//237 138//232
f 136//227 138//226 141//238
f 142//239 141//234 139//233
f 136//228 141//234 142//239
f 142//239 143//240 134//222
f 144//241 143//240 142//239
f 134//222 136//228 142//239
f 145//242 142//239 139//233
f 146//243 144//241 142//239
f 146//243 142//239 145//242
f 149//244 144//241 146//243
f 147//245 146//243 148//246
f 147//245 149//244 146//243
f 148//246 146//243 145//242
f 150//247 149//244 147//245
f 150//247 151//248 149//244
f 149//244 151//248 144//241
f 152//249 151//248 150//247
f 152//249 153//250 151//248
f 153//250 154//251 151//248
f 154//251 144//241 151//248
f 144//241 154//251 155//252
f 155//252 154//251 157//253
f 156//254 154//251 153//250
f 157//253 154//251 156//254
f 157//253 158//255 159//256
f 157//253 156//254 158//255
f 159//256 161//257 157//253
f 157//258 160//259 155//260
f 161//261 160//261 157//261
f 162//262 161//263 159//264
f 162//262 166//265 161//263
f 165//266 161//266 163//266
f 161//263 166//265 163//267
f 164//268 160//268 161//268
f 164//269 161//269 165//269
f 171//270 166//271 167//272
f 162//262 167//273 166//265
f 163//267 166//265 168//274
f 166//275 169//276 168//277
f 170//278 169//276 166//275
f 166//275 172//279 170//278
f 173//280 166//271 171//270
f 172//279 166//275 173//281
f 173//280 171//270 174//282
f 173//280 174//282 176//283
f 176//284 175//285 173//286
f 173//286 175//285 172//287
f 176//283 174//282 177//288
f 176//283 177//288 178//289
f 178//290 179//291 176//284
f 176//284 179//291 175//285
f 178//290 180//292 179//291
f 179//291 180//292 181//293
f 179//291 181//293 175//285
f 175//285 181//293 182//294
f 181//293 183//295 182//294
f 181//293 184//296 183//295
f 180//292 184//296 181//293
f 184//296 185//297 183//295
f 184//296 186//298 185//297
f 187//299 186//298 184//296
f 187//299 184//296 180//292
f 187//299 189//300 186//298
f 190//301 188//302 187//299
f 188//302 189//300 187//299
f 190//301 187//299 180//292
f 191//303 190//301 180//292
f 192//304 188//302 190//301
f 191//303 192//304 190//301
f 193//305 192//306 194//307
f 195//308 192//309 193//310
f 38//311 194//307 192//306
f 24//71 38//72 192//304
f 195//312 188//313 192//314
f 24//71 192//304 191//303
f 196//315 195//308 193//310
f 196//316 197//317 195//312
f 188//313 195//312 197//317
f 198//318 197//317 196//316
f 199//319 197//317 198//318
f 197//320 199//321 189//300
f 188//302 197//320 189//300
f 200//322 199//323 198//324
f 201//325 199//321 200//326
f 189//300 199//321 201//325
f 201//325 203//327 202//328
f 201//325 202//328 189//300
f 204//329 203//327 201//325
f 204//329 201//325 200//326
f 206//330 204//329 200//326
f 208//331 204//329 205//332
f 205//332 204//329 206//330
f 204//329 207//333 203//327
f 208//331 207//333 204//329
f 211//334 208//331 205//332
f 209//335 208//331 211//334
f 209//335 210//336 208//331
f 210//336 207//333 208//331
f 51//97 211//334 212//337
f 51//97 209//335 211//334
f 212//337 211//334 205//332
f 44//79 212//337 42//78
f 212//337 213//338 42//78
f 212//337 205//332 213//338
f 51//97 212//337 44//79
f 213//338 205//332 206//330
f 213//338 206//330 37//68
f 36//66 42//78 213//338
f 36//66 213//338 37//68
f 215//339 214//340 210//336
f 214//340 207//333 210//336
f 215//339 210//336 216//341
f 216//341 210//336 209//335
f 95//178 215//339 216//341
f 53//99 216//341 209//335
f 218//342 216//341 53//99
f 95//178 216//341 217//343
f 217//343 216//341 218//342
f 74//344 217//343 218//342
f 74//344 218//342 70//131
f 70//131 218//342 56//98
f 56//98 218//342 53//99
f 89//169 95//178 217//343
f 89//169 217//343 74//344
f 103//186 214//340 215//339
f 95//178 103//186 215//339
f 214//340 219//345 207//333
f 103//186 104//187 214//340
f 214//340 104//187 219//345
f 104//187 220//346 219//345
f 219//345 220//346 207//333
f 104//187 107//191 220//346
f 221//347 220//346 107//191
f 207//333 220//346 221//347
f 222//348 221//347 107//191
f 202//328 221//347 222//348
f 203//327 221//347 202//328
f 207//333 221//347 203//327
f 223//349 222//348 115//197
f 115//197 222//348 112//196
f 112//196 222//348 107//191
f 202//328 222//348 223//349
f 202//328 223//349 186//298
f 186//298 223//349 185//297
f 185//297 223//349 115//197
f 53//99 209//335 51//97
f 31//63 37//69 206//350
f 206//350 200//351 224//352
f 224//352 31//63 206//350
f 200//353 225//354 224//355
f 29//50 31//49 224//356
f 29//357 224//355 225//354
f 17//45 29//47 225//358
f 17//45 225//358 18//359
f 18//359 225//358 198//360
f 225//361 200//322 198//324
f 189//300 202//328 186//298
f 18//359 198//360 21//39
f 21//39 198//360 196//362
f 21//39 196//362 26//40
f 193//310 26//363 196//315
f 27//364 26//364 194//364
f 194//365 26//363 193//310
f 33//366 27//366 194//366
f 194//307 38//311 33//367
f 24//71 191//303 178//290
f 191//303 180//292 178//290
f 185//297 114//199 183//295
f 185//297 115//197 114//199
f 182//294 183//295 117//200
f 183//295 114//199 117//200
f 182//294 117//200 119//202
f 226//368 182//294 119//202
f 226//368 172//287 182//294
f 175//285 182//294 172//287
f 119//202 227//369 226//368
f 227//370 229//371 226//372
f 172//373 226//374 228//375
f 226//376 229//376 228//376
f 227//370 230//377 229//371
f 230//378 231//379 229//380
f 229//381 231//381 233//381
f 229//382 232//383 228//375
f 229//384 233//384 232//384
f 235//385 233//386 234//387
f 234//388 233//389 231//390
f 235//391 232//383 233//392
f 235//385 234//387 237//393
f 235//394 236//394 170//394
f 170//395 232//383 235//391
f 237//396 236//396 235//396
f 237//397 234//398 238//399
f 237//400 238//400 236//400
f 238//399 234//398 239//401
f 238//399 239//401 241//402
f 238//403 240//403 236//403
f 238//404 242//405 240//406
f 241//402 242//407 238//399
f 243//408 242//407 241//402
f 240//406 242//405 243//409
f 243//410 244//411 245//412
f 241//413 244//411 243//410
f 245//414 240//406 243//409
f 168//415 246//416 245//417
f 246//418 240//418 245//418
f 245//412 163//267 168//274
f 244//411 163//267 245//412
f 236//419 246//419 169//419
f 169//420 246//416 168//415
f 236//421 240//421 246//421
f 163//422 244//423 248//424
f 244//411 247//425 249//426
f 241//413 247//425 244//411
f 244//427 249//428 248//429
f 248//429 249//428 250//430
f 249//431 155//431 250//431
f 143//240 155//252 249//426
f 249//426 247//425 143//240
f 160//259 248//432 250//433
f 155//260 160//259 250//433
f 163//422 248//424 165//434
f 248//435 164//435 165//435
f 164//436 248//432 160//259
f 247//425 241//413 251//437
f 251//437 252//438 247//425
f 252//439 143//240 247//425
f 251//440 253//440 252//440
f 252//441 133//223 143//442
f 253//443 133//223 252//441
f 241//444 253//445 251//446
f 124//211 253//445 241//444
f 253//445 124//211 126//210
f 253//443 126//447 133//223
f 241//402 239//401 124//448
f 239//401 230//449 124//448
f 230//378 239//450 231//379
f 234//388 231//390 239//451
f 236//452 169//452 170//452
f 170//395 172//373 232//383
f 172//373 228//375 232//383
f 124//448 230//449 227//453
f 227//369 119//202 124//207
f 178//289 177//288 24//37
f 256//454 177//455 174//456
f 24//37 177//288 20//32
f 20//457 177//455 254//458
f 255//459 254//458 177//455
f 255//459 177//455 256//454
f 259//460 256//454 257//461
f 257//461 256//454 174//456
f 258//462 256//454 259//460
f 258//462 255//459 256//454
f 257//463 260//464 259//465
f 260//464 159//466 259//465
f 159//256 258//462 259//460
f 171//467 260//467 257//467
f 260//468 171//468 167//468
f 162//469 159//466 260//464
f 260//470 167//273 162//262
f 159//256 264//471 258//462
f 255//459 258//462 263//472
f 258//473 264//473 261//473
f 258//474 261//475 262//476
f 263//477 258//474 262//476
f 261//478 264//479 265//480
f 265//481 264//471 159//256
f 266//482 265//481 158//255
f 267//483 265//481 266//482
f 261//478 265//480 262//484
f 262//485 265//485 267//485
f 158//255 265//481 159//256
f 267//483 266//482 268//486
f 263//487 262//487 267//487
f 268//486 263//472 267//483
f 266//482 269//488 268//486
f 268//486 269//488 270//489
f 268//486 270//489 254//458
f 268//486 254//458 255//459
f 263//472 268//486 255//459
f 272//490 270//491 271//492
f 269//493 271//492 270//491
f 272//490 20//494 270//491
f 254//458 270//489 20//457
f 272//495 271//496 22//497
f 20//498 272//495 22//497
f 22//497 271//496 7//4
f 271//496 273//499 7//4
f 273//500 271//492 269//493
f 274//501 273//501 269//501
f 7//4 273//499 274//502
f 278//503 274//504 275//505
f 274//504 269//488 275//505
f 274//502 276//506 3//8
f 274//507 277//508 276//509
f 274//507 278//510 277//508
f 274//502 3//8 7//4
f 282//511 278//503 266//482
f 278//503 275//505 266//482
f 279//512 278//503 282//511
f 280//513 278//503 279//512
f 281//514 278//515 280//516
f 281//517 277//517 278//517
f 279//512 282//511 283//518
f 284//519 283//518 282//511
f 284//519 282//511 156//254
f 156//254 282//511 158//255
f 266//482 158//255 282//511
f 283//518 284//519 285//520
f 153//250 284//519 156//254
f 153//250 285//520 284//519
f 153//250 152//249 285//520
f 286//521 283//518 285//520
f 285//520 152//249 286//521
f 286//521 279//512 283//518
f 286//521 288//522 279//512
f 287//523 286//521 152//249
f 286//521 287//523 288//522
f 288//522 289//524 290//525
f 289//524 288//522 287//523
f 279//512 288//522 291//526
f 288//522 290//525 291//526
f 291//526 293//527 292//528
f 291//526 292//528 9//529
f 280//513 291//526 9//529
f 279//512 291//526 280//513
f 291//526 290//525 293//527
f 292//528 293//527 294//530
f 293//527 295//531 294//530
f 293//527 296//532 295//531
f 293//527 290//525 297//533
f 293//527 297//533 296//532
f 296//534 297//534 299//534
f 298//535 297//533 290//525
f 299//536 297//536 298//536
f 300//537 296//538 299//539
f 299//540 298//541 300//542
f 300//542 298//541 302//543
f 296//538 300//537 301//544
f 300//545 302//545 301//545
f 290//525 302//546 298//535
f 304//547 302//546 290//525
f 302//546 303//548 301//549
f 304//547 303//548 302//546
f 304//547 305//550 303//548
f 304//547 306//551 305//550
f 289//524 306//551 304//547
f 290//525 289//524 304//547
f 310//552 305//550 306//551
f 306//551 307//553 309//554
f 307//553 306//551 289//524
f 310//552 306//551 78//150
f 78//150 306//551 308//555
f 308//555 306//551 309//554
f 310//556 311//557 305//558
f 310//556 313//559 311//557
f 312//560 313//561 310//562
f 312//563 310//552 78//150
f 311//557 313//559 314//564
f 314//564 313//559 316//565
f 316//566 313//566 315//566
f 315//567 313//561 312//560
f 314//568 316//569 317//570
f 317//570 316//569 318//571
f 315//572 318//572 316//572
f 317//570 318//571 64//573
f 312//560 318//574 315//567
f 77//575 67//576 318//574
f 77//575 318//574 312//560
f 64//573 318//571 67//577
f 319//578 320//579 317//580
f 64//581 319//581 317//581
f 317//580 311//582 314//583
f 317//580 320//579 311//582
f 305//584 311//585 320//579
f 321//586 305//584 320//579
f 321//586 320//579 319//578
f 64//118 303//548 321//587
f 319//578 64//588 321//586
f 303//548 305//550 321//587
f 78//150 77//149 312//563
f 323//589 322//590 309//554
f 309//554 322//590 324//591
f 307//553 323//589 309//554
f 309//554 324//591 308//555
f 325//592 326//593 324//591
f 322//590 325//592 324//591
f 324//591 326//593 328//594
f 308//555 324//591 327//595
f 327//595 324//591 328//594
f 328//594 329//596 330//597
f 328//594 326//593 329//596
f 81//152 332//598 328//594
f 328//594 330//597 81//152
f 327//595 328//594 331//599
f 332//598 331//599 328//594
f 81//152 79//151 332//598
f 79//600 333//601 332//602
f 332//603 333//604 331//605
f 334//606 333//601 79//600
f 334//607 335//608 333//609
f 331//605 333//604 335//610
f 308//555 327//595 335//611
f 331//599 335//611 327//595
f 308//555 335//611 336//612
f 336//613 335//608 334//607
f 78//150 308//555 336//612
f 78//150 336//612 79//151
f 79//614 336//614 334//614
f 330//597 329//596 337//615
f 330//597 337//615 86//166
f 81//152 330//597 86//166
f 329//616 338//617 337//618
f 339//619 337//618 338//617
f 340//620 337//618 339//619
f 86//166 337//615 340//621
f 342//622 90//173 340//623
f 90//173 86//165 340//623
f 339//619 341//624 340//620
f 340//623 341//625 342//622
f 342//622 345//626 343//627
f 344//628 342//629 343//630
f 342//622 341//625 345//626
f 344//631 346//632 342//633
f 346//634 90//173 342//622
f 349//635 346//634 347//636
f 348//637 347//638 346//639
f 348//640 346//632 344//631
f 90//173 346//634 349//635
f 349//635 347//636 130//219
f 349//635 130//219 127//214
f 127//213 350//641 349//642
f 350//641 352//643 349//642
f 349//642 352//643 351//644
f 349//642 351//644 93//177
f 349//642 93//177 90//174
f 354//645 352//643 350//641
f 354//646 353//647 352//648
f 351//649 352//650 353//651
f 355//652 354//646 357//653
f 356//654 354//646 355//652
f 353//647 354//646 356//654
f 358//655 357//656 354//645
f 350//641 358//655 354//645
f 359//657 358//655 127//213
f 127//213 358//655 350//641
f 359//657 360//658 358//655
f 358//655 360//658 357//656
f 360//658 111//192 109//193
f 360//658 109//193 357//656
f 359//657 120//204 360//658
f 120//204 111//192 360//658
f 122//206 359//657 127//213
f 122//206 120//204 359//657
f 355//652 357//653 362//659
f 362//659 357//653 361//660
f 109//193 361//661 357//656
f 363//662 355//663 362//664
f 361//660 363//665 362//659
f 367//666 363//667 364//668
f 364//668 363//667 366//669
f 361//660 366//670 363//665
f 365//671 355//663 363//662
f 367//666 365//672 363//667
f 364//673 347//674 367//675
f 348//676 365//672 367//666
f 367//677 347//638 348//637
f 364//668 366//669 368//678
f 366//670 369//679 368//680
f 366//670 361//660 369//679
f 368//680 369//679 101//681
f 361//682 101//682 369//682
f 368//683 98//684 370//685
f 364//668 368//678 370//686
f 368//683 101//687 98//684
f 370//688 372//689 371//690
f 344//691 370//686 371//692
f 372//689 370//688 98//693
f 364//668 370//686 344//691
f 374//694 371//690 372//689
f 372//689 373//695 374//694
f 372//696 99//697 373//698
f 98//699 99//697 372//696
f 375//700 371//690 374//694
f 374//701 373//702 375//703
f 371//690 375//700 376//704
f 375//703 351//705 376//706
f 375//703 373//702 351//705
f 376//707 377//708 378//709
f 376//710 353//651 377//711
f 376//707 378//709 371//712
f 351//649 353//651 376//710
f 348//676 378//713 379//714
f 348//676 371//692 378//713
f 377//708 379//715 378//709
f 379//716 356//716 365//716
f 348//676 379//714 365//672
f 377//717 353//717 379//717
f 353//718 356//718 379//718
f 373//719 99//181 92//176
f 93//177 373//719 92//176
f 351//644 373//719 93//177
f 344//691 371//692 348//676
f 365//671 356//720 355//663
f 364//673 343//721 347//674
f 344//628 343//630 364//722
f 109//193 105//189 361//661
f 101//185 361//661 105//189
f 380//723 130//219 347//636
f 347//636 381//724 380//723
f 343//627 381//724 347//636
f 385//725 382//726 381//727
f 381//727 382//726 383//728
f 381//727 383//728 380//729
f 343//627 384//20 381//724
f 385//725 381//727 384//730
f 386//731 387//732 385//725
f 386//731 385//725 388//733
f 385//725 387//732 382//726
f 385//725 384//730 389//734
f 389//735 388//736 385//737
f 389//738 390//739 392//740
f 391//741 390//739 389//738
f 391//741 389//738 384//742
f 389//735 392//743 388//736
f 392//740 390//739 393//744
f 394//745 392//746 393//747
f 388//748 392//746 394//745
f 388//733 394//749 386//731
f 386//731 394//750 387//732
f 395//751 387//732 394//750
f 393//747 395//752 394//745
f 147//245 148//246 395//752
f 395//752 148//246 396//753
f 395//752 396//753 387//754
f 397//755 395//752 398//756
f 395//752 397//755 147//245
f 393//747 398//756 395//752
f 325//757 397//755 398//756
f 398//758 399//759 325//592
f 399//759 398//758 390//739
f 393//744 390//739 398//758
f 391//741 326//760 399//759
f 325//592 399//759 326//593
f 399//759 390//739 391//741
f 397//755 325//592 322//590
f 147//245 397//755 322//590
f 396//753 148//246 145//242
f 396//761 400//762 401//763
f 145//242 400//762 396//753
f 383//764 396//764 401//764
f 382//726 396//765 383//766
f 382//726 387//732 396//765
f 401//763 400//762 402//767
f 403//768 401//763 402//767
f 383//728 401//763 403//768
f 403//768 402//767 130//769
f 380//729 403//768 130//769
f 403//768 380//729 383//728
f 400//762 404//770 402//767
f 404//770 129//217 402//767
f 130//218 402//767 129//217
f 404//770 131//215 129//217
f 404//770 405//771 137//229
f 137//229 131//215 404//770
f 145//242 405//771 404//770
f 400//762 145//242 404//770
f 139//233 405//771 145//242
f 140//772 405//772 139//772
f 137//773 405//773 140//773
f 391//741 338//617 326//760
f 338//774 391//741 345//775
f 345//775 391//741 384//742
f 343//627 345//626 384//20
f 345//775 341//776 338//774
f 339//777 338//774 341//776
f 326//760 338//617 329//616
f 150//247 322//590 323//589
f 150//247 323//589 152//249
f 152//249 323//589 307//553
f 147//245 322//590 150//247
f 287//523 307//553 289//524
f 307//553 287//523 152//249
f 301//549 303//548 49//778
f 303//548 58//119 49//778
f 58//119 303//548 64//118
f 301//549 47//82 296//532
f 301//549 49//778 46//85
f 301//549 46//85 47//82
f 296//532 47//82 295//531
f 295//531 40//84 294//530
f 295//531 47//82 40//84
f 12//16 294//530 15//24
f 15//779 294//530 40//84
f 11//15 292//528 294//530
f 12//16 11//15 294//530
f 9//780 292//528 11//15
f 281//781 406//782 3//783
f 3//783 276//509 281//781
f 281//514 280//516 407//784
f 276//509 277//508 281//781
f 407//784 406//785 281//514
f 280//786 408//786 407//786
f 4//787 406//785 407//784
f 4//10 407//788 6//9
f 408//789 6//9 407//788
f 280//790 5//11 408//789
f 6//9 408//789 5//11
f 406//791 4//6 3//5
f 280//513 9//529 5//792
f 266//482 275//505 269//488
f 257//793 174//793 171//793
f 144//241 155//252 143//240
f 133//223 134//222 143//442
f 96//179 103//186 95//178
f 83//170 89//169 84//794
f 84//794 89//169 74//344
f 409//795 84//794 74//344
f 409//796 410//797 84//798
f 84//798 410//797 80//799
f 412//800 410//801 409//802
f 412//800 411//803 410//801
f 75//148 410//804 411//805
f 75//148 80//153 410//804
f 409//795 74//344 412//806
f 411//807 412//808 75//809
f 75//809 412//808 74//810
f 70//131 56//98 68//132
f 68//132 56//98 55//102
f 58//119 62//123 59//811
f 49//778 58//119 413//812
f 54//104 413//813 58//105
f 54//814 414//815 413//816
f 49//778 413//812 414//817
f 49//778 414//817 415//818
f 414//20 416//20 415//20
f 416//819 414//815 54//814
f 416//820 54//101 50//95
f 416//820 50//95 417//821
f 415//20 416//20 417//20
f 415//822 417//823 49//824
f 49//824 417//823 50//825
f 425//826 418//827 419//828
f 419//828 418//827 427//829
f 418//830 421//831 420//832
f 418//830 420//832 427//833
f 418//827 423//834 421//835
f 422//836 423//834 418//827
f 426//837 422//836 418//827
f 424//838 426//837 418//827
f 425//826 424//838 418//827
f 427//829 420//839 428//840
f 428//840 430//841 427//829
f 431//842 427//829 429//843
f 427//829 430//841 429//843
f 419//828 427//829 431//842
f 431//842 429//843 433//844
f 432//20 431//845 433//627
f 432//20 419//846 431//845
f 432//20 433//627 435//847
f 433//844 436//848 434//849
f 433//844 434//849 435//850
f 433//844 429//843 436//848
f 436//848 438//851 437//852
f 436//848 437//852 434//849
f 429//843 438//851 436//848
f 438//853 439//854 437//855
f 430//856 439//854 438//853
f 429//843 430//841 438//851
f 439//857 444//857 440//857
f 437//855 439//854 440//858
f 439//854 430//856 441//859
f 439//854 441//859 442//860
f 442//861 443//861 439//861
f 439//862 443//862 444//862
f 446//863 440//858 444//864
f 443//865 445//866 444//864
f 444//864 445//866 447//867
f 444//864 447//867 446//863
f 451//868 448//868 447//868
f 447//869 448//869 449//869
f 447//870 449//870 446//870
f 450//871 447//867 445//866
f 447//867 450//871 451//872
f 452//873 451//872 454//874
f 452//873 453//875 451//872
f 453//876 448//877 451//878
f 450//871 454//874 451//872
f 454//874 460//879 452//873
f 450//871 456//880 454//874
f 459//881 455//882 454//874
f 454//874 455//882 457//883
f 454//884 456//884 459//884
f 454//874 457//883 458//885
f 458//885 460//879 454//874
f 462//886 460//879 461//887
f 464//888 461//889 460//890
f 452//873 460//879 462//886
f 463//891 460//890 458//892
f 464//888 460//890 463//891
f 465//893 461//889 464//888
f 465//894 464//894 466//894
f 463//891 466//895 464//888
f 470//896 465//893 466//897
f 470//896 466//897 467//898
f 467//899 466//900 468//901
f 466//895 469//902 468//903
f 463//891 469//902 466//895
f 432//20 470//847 472//904
f 432//20 471//20 470//847
f 471//905 465//893 470//896
f 470//896 467//898 472//906
f 472//906 473//907 432//908
f 472//906 467//898 473//907
f 473//907 455//909 474//910
f 476//911 455//909 473//907
f 432//908 473//907 474//910
f 475//912 473//913 467//899
f 473//907 475//914 476//911
f 476//911 457//915 455//909
f 477//916 476//917 475//918
f 477//916 478//919 476//917
f 476//920 478//921 479//922
f 476//920 479//922 480//923
f 476//911 480//924 457//915
f 457//915 480//924 481//925
f 481//926 480//926 479//926
f 483//927 481//927 479//927
f 457//915 481//925 458//892
f 458//892 481//925 482//928
f 481//929 483//930 482//931
f 483//932 485//933 484//934
f 487//935 483//932 484//934
f 479//936 485//933 483//932
f 483//930 486//937 482//931
f 486//938 483//932 487//935
f 488//939 487//940 484//941
f 489//942 487//940 488//939
f 489//943 486//943 487//943
f 489//20 488//20 492//20
f 490//944 486//945 489//946
f 491//947 490//944 489//946
f 489//20 492//20 491//20
f 492//948 494//949 485//950
f 493//951 492//952 485//953
f 493//951 491//954 492//952
f 488//955 494//949 492//948
f 497//956 494//949 488//955
f 485//950 494//949 495//957
f 496//958 495//959 494//960
f 496//958 494//960 498//961
f 497//962 498//963 494//964
f 496//965 498//965 499//965
f 497//962 499//966 498//963
f 499//967 495//967 496//967
f 499//968 497//968 495//968
f 497//956 488//955 484//969
f 485//950 497//956 484//969
f 485//950 495//957 497//956
f 493//970 479//936 478//971
f 479//936 493//970 485//933
f 478//972 491//954 493//951
f 491//947 478//973 490//944
f 500//974 486//974 490//974
f 490//975 477//916 500//976
f 478//919 477//916 490//975
f 468//977 486//978 500//979
f 475//980 468//977 500//979
f 477//981 475//981 500//981
f 486//937 469//982 482//931
f 469//983 486//983 468//983
f 458//892 482//928 501//984
f 469//902 501//984 482//928
f 463//891 458//892 501//984
f 501//984 469//902 463//891
f 467//899 468//901 475//912
f 432//908 474//910 502//985
f 474//910 503//986 502//985
f 474//910 455//909 503//986
f 503//986 505//987 502//985
f 504//988 506//989 503//990
f 503//990 509//991 504//988
f 507//992 505//987 503//986
f 506//993 508//994 503//986
f 503//986 508//994 507//992
f 503//990 511//995 509//991
f 503//990 510//996 511//995
f 510//996 503//990 459//881
f 459//881 503//990 455//882
f 450//871 509//991 511//995
f 456//880 450//871 511//995
f 510//996 456//880 511//995
f 456//880 510//996 512//997
f 459//998 512//998 510//998
f 459//999 456//999 512//999
f 450//871 513//1000 509//991
f 514//1001 509//991 513//1000
f 514//1002 504//988 509//991
f 514//1001 513//1000 515//1003
f 515//1004 516//1004 514//1004
f 514//1005 516//1005 504//1005
f 515//1003 519//1006 516//1007
f 517//1008 516//1007 518//1009
f 520//1010 516//1007 517//1008
f 516//1007 519//1006 518//1009
f 516//1007 520//1010 504//988
f 504//988 520//1010 506//989
f 520//1011 521//1012 506//1013
f 522//1014 521//1012 520//1011
f 522//1014 520//1011 524//1015
f 523//1016 520//1011 517//1017
f 524//1015 520//1011 523//1016
f 528//1018 522//1014 524//1015
f 526//1019 524//1015 525//1020
f 525//1020 524//1015 523//1016
f 526//1019 527//1021 524//1015
f 527//1022 528//1023 524//1024
f 529//1025 522//1014 528//1018
f 528//1026 530//1027 529//1028
f 530//1029 528//1029 531//1029
f 531//1030 528//1023 527//1022
f 531//1031 527//1031 505//1031
f 505//1032 532//1033 531//1034
f 531//1034 532//1033 530//1035
f 530//1036 532//1037 533//1038
f 533//1039 532//1040 536//1041
f 507//1042 532//1043 505//1044
f 507//1042 534//1045 532//1043
f 535//1046 532//1047 534//1048
f 536//1041 532//1040 535//1049
f 536//1041 535//1049 537//1050
f 538//1051 536//1052 537//1053
f 536//1052 538//1051 539//1054
f 533//20 536//20 539//20
f 539//1054 538//1051 541//1055
f 533//20 539//20 540//20
f 542//1056 540//1057 539//1058
f 539//1054 541//1055 543//1059
f 542//1056 539//1058 543//1060
f 543//1059 545//1061 537//1053
f 543//1062 537//1063 544//1064
f 541//1055 545//1061 543//1059
f 543//1062 544//1064 542//1065
f 537//1053 545//1061 538//1051
f 546//1066 538//1066 545//1066
f 546//1067 545//1068 547//1069
f 547//1069 545//1068 541//1070
f 547//1071 548//1071 546//1071
f 547//1072 541//1072 548//1072
f 538//1073 546//1073 548//1073
f 538//1074 548//1074 541//1074
f 535//1046 534//1048 544//1064
f 544//1064 537//1063 535//1046
f 549//1075 542//1065 544//1064
f 521//1076 549//1077 544//1078
f 506//1079 521//1076 544//1078
f 544//1080 534//1045 506//1081
f 521//1082 550//1083 549//1084
f 542//1065 549//1075 550//1085
f 529//1086 550//1083 521//1082
f 529//1028 530//1027 550//1087
f 540//1088 550//1089 530//1036
f 550//1090 540//1057 542//1056
f 540//1088 530//1036 533//1038
f 507//1042 508//1091 534//1045
f 506//1081 534//1045 508//1091
f 529//1086 521//1082 522//1092
f 526//1019 502//985 527//1021
f 502//985 505//987 527//1021
f 526//20 525//627 432//20
f 432//908 502//985 526//1019
f 432//20 525//627 425//846
f 525//1020 424//838 425//826
f 525//1020 523//1016 424//838
f 523//1016 517//1017 424//838
f 445//1093 519//1093 552//1093
f 551//1094 519//1095 445//1096
f 515//1003 552//1097 519//1006
f 551//1094 518//1098 519//1095
f 445//1099 552//1099 450//1099
f 552//1097 515//1003 513//1000
f 552//1097 513//1000 450//871
f 445//866 553//1100 551//1101
f 551//1102 553//1102 518//1102
f 445//866 554//1103 553//1100
f 518//1104 553//1104 554//1104
f 445//866 443//865 554//1103
f 554//1105 517//1008 518//1009
f 554//1105 426//1106 517//1008
f 442//860 426//1106 554//1105
f 442//1107 554//1107 443//1107
f 424//838 517//1017 426//837
f 432//20 435//847 471//20
f 471//905 555//1108 465//893
f 435//850 555//1108 471//905
f 556//1109 557//1110 555//1108
f 555//1108 559//1111 556//1109
f 557//1110 558//1112 555//1108
f 555//1108 558//1112 465//893
f 435//850 434//849 555//1108
f 434//1113 559//1114 555//1115
f 556//1116 559//1116 561//1116
f 434//1113 560//1117 559//1114
f 559//1118 560//1119 561//1120
f 560//1119 562//1121 561//1120
f 561//1122 562//1122 563//1122
f 563//1123 556//1124 561//1125
f 563//1126 562//1127 566//1128
f 564//1129 565//1130 563//1126
f 564//1129 563//1126 566//1128
f 565//1131 556//1124 563//1123
f 566//20 567//20 564//20
f 566//1132 562//1133 567//1134
f 571//1135 568//1136 567//1137
f 564//20 567//20 568//20
f 570//1138 567//1137 569//1139
f 567//1134 562//1133 569//1140
f 567//1137 570//1138 571//1135
f 568//1136 571//1135 574//1141
f 570//1142 573//1142 571//1142
f 571//1143 573//1143 572//1143
f 571//1144 572//1145 574//1146
f 568//1136 574//1141 577//1147
f 576//1148 575//1148 574//1148
f 577//1147 574//1141 575//1149
f 576//1150 574//1146 572//1145
f 580//1151 568//1152 577//1153
f 577//1147 575//1149 569//1139
f 579//1154 577//1155 569//1156
f 578//1157 580//1158 577//1155
f 578//1157 577//1155 579//1154
f 580//1158 578//1157 565//1159
f 565//1160 564//1161 580//1151
f 580//1151 564//1161 568//1152
f 579//1162 582//1162 578//1162
f 569//1156 562//1163 579//1154
f 579//1164 562//1165 581//1166
f 579//1164 581//1166 582//1167
f 582//1168 581//1169 437//852
f 437//855 585//1170 582//1171
f 582//1171 585//1170 583//1172
f 583//1172 558//1173 582//1171
f 558//1112 584//1174 582//1175
f 582//1176 584//1177 578//1178
f 437//855 446//863 585//1170
f 586//1179 583//1172 585//1170
f 586//1180 585//1180 587//1180
f 585//1170 446//863 587//1181
f 586//1182 587//1182 588//1182
f 588//1183 587//1183 589//1183
f 587//1181 448//1184 589//1185
f 587//1181 449//1186 448//1184
f 587//1181 446//863 449//1186
f 588//1187 589//1187 590//1187
f 590//1188 589//1188 583//1188
f 558//1173 589//1185 591//1189
f 589//1185 448//1184 591//1189
f 558//1173 583//1172 589//1185
f 453//876 591//1190 448//877
f 453//1191 462//1191 591//1191
f 462//886 461//887 591//1189
f 591//1189 461//887 558//1173
f 586//1179 588//1192 590//1193
f 586//1179 590//1193 583//1172
f 565//1131 578//1178 584//1177
f 557//1110 584//1174 558//1112
f 557//1194 565//1131 584//1177
f 437//852 581//1169 434//849
f 581//1169 592//1195 434//849
f 562//1165 592//1196 581//1166
f 592//1196 562//1165 560//1197
f 434//849 592//1195 560//1198
f 576//1199 572//1200 573//1201
f 593//1202 576//1199 573//1201
f 575//1203 576//1203 593//1203
f 573//1204 570//1204 593//1204
f 575//1205 593//1205 570//1205
f 575//1149 570//1138 569//1139
f 557//1194 556//1124 565//1131
f 465//893 558//1112 461//889
f 453//875 452//873 462//886
f 440//858 446//863 437//855
f 442//860 441//859 426//1106
f 441//1206 422//836 426//837
f 441//1207 596//1208 422//1209
f 430//841 594//1210 441//1211
f 441//1212 594//1212 595//1212
f 596//1213 441//1213 595//1213
f 597//1214 596//1215 595//1216
f 596//1215 597//1214 598//1217
f 599//1218 596//1215 598//1217
f 596//1208 599//1219 422//1209
f 600//1220 599//1221 601//1222
f 604//1223 599//1221 600//1220
f 601//1224 599//1225 602//1226
f 603//1227 602//1228 599//1229
f 599//1229 598//1230 603//1227
f 599//1219 604//1231 422//1209
f 421//1232 604//1232 600//1232
f 423//834 604//1233 421//835
f 423//1234 422//1209 604//1231
f 605//1235 603//1236 598//1237
f 603//1236 605//1235 606//1238
f 606//1238 607//1239 603//1236
f 608//1240 603//477 607//20
f 602//1241 603//477 608//1240
f 609//1242 608//1243 607//1244
f 610//1245 608//1243 609//1242
f 608//1246 610//1247 601//1224
f 608//1246 601//1224 602//1226
f 428//1248 610//1249 595//1250
f 611//1251 610//1252 428//1253
f 610//1252 611//1251 601//1254
f 609//1255 595//1216 610//1256
f 611//1257 420//1257 600//1257
f 601//1254 611//1251 600//1258
f 611//1251 428//1253 420//1259
f 609//1242 607//1244 597//1260
f 597//1214 595//1216 609//1255
f 607//1239 606//1238 612//1261
f 607//1239 612//1261 597//1262
f 614//1263 612//1264 613//1265
f 606//1266 613//1265 612//1264
f 597//1262 612//1261 615//1267
f 614//1268 615//1269 612//1270
f 615//1267 605//1235 598//1237
f 597//1262 615//1267 598//1237
f 615//1271 616//1271 605//1271
f 615//1269 614//1268 616//1272
f 617//1273 605//1273 616//1273
f 616//1274 614//1275 617//1276
f 605//1277 617//1277 606//1277
f 606//1278 617//1278 613//1278
f 614//1275 613//1279 617//1276
f 619//1280 602//1281 618//1282
f 618//1283 602//1284 623//1285
f 620//1286 602//1281 619//1280
f 621//1287 602//1288 620//1289
f 621//1290 622//1291 602//1284
f 602//1284 622//1291 624//1292
f 602//1284 624//1292 623//1285
f 624//1292 625//1293 627//1294
f 624//1292 626//1295 625//1293
f 622//1291 626//1295 624//1292
f 623//1285 624//1292 627//1294
f 627//1294 625//1293 629//1296
f 623//1285 627//1294 628//1297
f 628//1297 627//1294 629//1296
f 631//1298 629//1299 630//1300
f 629//1299 633//1301 630//1300
f 628//1297 629//1296 631//1302
f 625//1293 632//1303 629//1296
f 629//1299 632//1304 633//1301
f 633//1305 637//1306 634//1307
f 630//1308 633//1305 634//1307
f 633//1305 636//1309 635//1310
f 633//1305 635//1310 637//1306
f 632//1304 636//1311 633//1301
f 640//1312 634//1313 637//1314
f 637//1314 638//1315 639//1316
f 637//1314 641//1317 638//1315
f 637//1314 639//1316 640//1312
f 635//1310 641//1317 637//1314
f 635//1310 643//1318 641//1317
f 645//1319 641//1317 642//1320
f 642//1320 641//1317 643//1318
f 644//1321 638//1315 641//1317
f 644//1321 641//1317 645//1319
f 644//1322 645//1323 646//1324
f 645//1323 647//1325 646//1324
f 645//1323 642//1326 647//1325
f 651//1327 648//1328 647//1325
f 647//1329 648//1330 649//1331
f 647//1329 649//1331 650//1332
f 646//1333 647//1329 650//1332
f 642//1326 651//1327 647//1325
f 651//1327 652//1334 648//1328
f 652//1334 651//1335 642//1320
f 642//1320 643//1318 652//1334
f 652//1334 643//1318 653//1336
f 652//1334 653//1336 654//1337
f 652//1334 655//1338 648//1328
f 652//1334 654//1337 655//1338
f 655//1338 657//1339 656//1340
f 655//1338 656//1340 648//1341
f 654//1337 657//1339 655//1338
f 661//1342 658//1343 657//1339
f 658//1343 660//1344 657//1339
f 660//1344 659//1345 657//1339
f 657//1339 659//1345 656//1340
f 654//1337 661//1346 657//1339
f 654//1337 662//1347 661//1348
f 661//1349 662//1349 663//1349
f 663//1350 664//1351 661//1342
f 661//1342 664//1351 658//1343
f 665//1352 658//1353 664//1354
f 665//1352 664//1354 666//1355
f 666//1356 664//1357 667//1358
f 668//1359 664//1351 663//1350
f 667//1358 664//1357 668//1360
f 670//1361 668//1359 663//1350
f 667//1362 668//1363 669//1364
f 670//1361 669//1365 668//1359
f 660//1344 669//1365 670//1361
f 671//1366 660//1366 670//1366
f 663//1350 671//1367 670//1361
f 673//1368 671//1367 672//1369
f 672//1369 671//1367 662//1347
f 673//1368 674//1370 671//1367
f 663//1350 662//1347 671//1367
f 660//1371 671//1367 674//1370
f 675//1372 674//1370 673//1368
f 676//1373 674//1370 675//1372
f 676//1373 679//1374 674//1370
f 674//1370 678//1375 660//1371
f 679//1374 677//1376 674//1370
f 677//1376 678//1375 674//1370
f 680//1377 679//1374 676//1373
f 681//1378 679//1374 680//1377
f 681//1378 683//1379 679//1374
f 679//1374 682//1380 677//1376
f 683//1379 682//1380 679//1374
f 684//1381 683//1379 681//1378
f 684//1381 686//1382 683//1379
f 683//1379 685//1383 682//1380
f 686//1382 685//1383 683//1379
f 687//1384 686//1382 684//1381
f 687//1384 689//1385 686//1382
f 688//1386 685//1383 686//1382
f 689//1385 688//1386 686//1382
f 690//1387 689//1385 687//1384
f 690//1387 691//1388 689//1385
f 689//1385 691//1388 688//1386
f 690//1387 694//1389 691//1388
f 692//1390 691//1390 693//1390
f 691//1388 692//1391 688//1386
f 693//1392 691//1388 695//1393
f 695//1393 691//1388 694//1389
f 695//1393 696//1394 693//1392
f 697//1395 696//1394 695//1393
f 698//1396 697//1395 695//1393
f 694//1397 698//1397 695//1397
f 699//1398 698//1399 701//1400
f 698//1396 699//1401 700//1402
f 700//1402 697//1395 698//1396
f 702//1403 701//1404 698//1405
f 703//1406 702//1403 698//1405
f 698//1405 694//1389 703//1406
f 704//1407 703//1406 690//1387
f 690//1387 703//1406 694//1389
f 704//1407 705//1408 703//1406
f 705//1408 702//1403 703//1406
f 706//1409 705//1408 704//1407
f 707//1410 705//1408 706//1409
f 707//1410 710//1411 705//1408
f 708//1412 709//1413 705//1408
f 710//1411 708//1412 705//1408
f 705//1408 709//1413 702//1403
f 711//1414 710//1411 707//1410
f 711//1414 712//1415 710//1411
f 712//1415 713//1416 710//1411
f 710//1411 713//1416 708//1412
f 714//1417 715//1418 713//1416
f 712//1415 714//1417 713//1416
f 713//1416 715//1418 716//1419
f 713//1416 716//1419 708//1412
f 708//1412 716//1420 717//1421
f 717//1421 716//1420 719//1422
f 715//1423 718//1424 716//1425
f 719//1426 716//1425 718//1424
f 719//1427 718//1428 721//1429
f 722//1430 719//1427 720//1431
f 719//1427 721//1429 720//1431
f 717//1432 719//1433 722//1434
f 724//1435 722//1430 723//1436
f 722//1430 720//1431 723//1436
f 701//1437 722//1434 724//1438
f 701//1437 717//1432 722//1434
f 724//1435 723//1436 725//1439
f 699//1398 701//1400 724//1440
f 692//1441 699//1398 724//1440
f 692//1441 724//1440 728//1442
f 724//1435 725//1439 726//1443
f 724//1435 726//1443 727//1444
f 728//1445 724//1435 727//1444
f 731//1446 728//1445 729//1447
f 728//1445 727//1444 729//1447
f 730//1448 728//1442 732//1449
f 730//1448 692//1441 728//1442
f 732//1450 728//1451 731//1452
f 685//1383 732//1453 682//1380
f 682//1454 732//1450 731//1452
f 688//1386 732//1453 685//1383
f 688//1386 730//1455 732//1453
f 677//1456 731//1452 733//1457
f 733//1458 731//1446 734//1459
f 677//1456 682//1454 731//1452
f 731//1446 729//1447 734//1459
f 733//1458 734//1459 737//1460
f 737//1460 734//1461 735//1462
f 734//1461 736//1463 735//1462
f 734//1461 729//1447 736//1463
f 656//1464 733//1458 737//1460
f 656//1464 737//1460 740//1465
f 737//1460 735//1462 738//1466
f 737//1460 738//1466 739//1467
f 740//1465 737//1460 739//1467
f 656//1464 740//1465 741//1468
f 740//1469 743//1470 741//1471
f 740//1469 742//1472 743//1470
f 740//1469 746//1473 742//1472
f 744//1474 746//1473 740//1469
f 744//1475 740//1476 745//1477
f 745//1478 740//1465 739//1467
f 747//1479 746//1473 744//1474
f 747//1480 667//1480 746//1480
f 746//1481 667//1482 748//1483
f 746//1481 748//1483 742//1484
f 748//1485 669//1486 658//1487
f 667//1362 669//1364 748//1488
f 665//1489 742//1490 748//1491
f 748//1485 658//1487 665//1492
f 749//1493 743//1470 747//1479
f 749//1493 747//1479 744//1474
f 743//1494 666//1494 747//1494
f 747//1495 666//1495 667//1495
f 749//1496 750//1497 741//1498
f 749//1496 751//1499 750//1497
f 751//1500 749//1501 744//1502
f 741//1471 743//1470 749//1493
f 752//1503 750//1504 751//1505
f 752//1503 751//1505 756//1506
f 751//1505 753//1507 755//1508
f 751//1505 754//1509 753//1507
f 751//1500 744//1502 754//1510
f 756//1506 751//1505 755//1508
f 757//1511 752//1503 756//1506
f 758//1512 757//1511 756//1506
f 758//1512 756//1506 759//1513
f 756//1506 755//1508 759//1513
f 759//1513 755//1508 760//1514
f 759//1513 760//1514 762//1515
f 758//1512 759//1513 761//1516
f 761//1516 759//1513 762//1515
f 764//1517 762//1515 763//1518
f 762//1515 760//1514 763//1518
f 761//1516 762//1515 764//1517
f 766//1519 761//1516 764//1517
f 764//1517 763//1518 765//1520
f 767//1521 764//1517 765//1520
f 766//1519 764//1517 767//1521
f 767//1521 765//1520 771//1522
f 770//1523 767//1524 768//1525
f 768//1525 767//1524 771//1526
f 767//1524 770//1523 769//1527
f 769//1527 766//1528 767//1524
f 768//1529 771//1530 772//1531
f 632//1303 772//1532 771//1522
f 771//1522 765//1520 632//1303
f 772//1531 773//1533 768//1529
f 774//1534 773//1533 772//1531
f 625//1293 774//1535 772//1532
f 625//1293 772//1532 632//1303
f 626//1295 776//1536 774//1535
f 626//1295 774//1535 625//1293
f 774//1534 775//1537 773//1533
f 775//1537 774//1534 776//1538
f 780//1539 776//1536 626//1295
f 779//1540 776//1538 777//1541
f 776//1538 778//1542 777//1541
f 780//1539 778//1543 776//1536
f 775//1537 776//1538 779//1540
f 781//1544 780//1539 626//1295
f 780//1539 761//1516 778//1543
f 781//1544 782//1545 780//1539
f 782//1545 758//1512 780//1539
f 780//1539 758//1512 761//1516
f 783//1546 758//1512 782//1545
f 781//1544 783//1546 782//1545
f 783//1546 784//1547 758//1512
f 649//1548 784//1547 783//1546
f 650//1332 649//1548 783//1546
f 785//1549 783//1546 781//1544
f 650//1332 783//1546 785//1549
f 786//1550 646//1333 785//1549
f 786//1550 785//1549 787//1551
f 787//1552 785//1549 788//1553
f 785//1549 781//1544 788//1553
f 646//1333 650//1332 785//1549
f 621//1290 788//1553 622//1291
f 788//1553 781//1544 622//1291
f 787//1552 788//1553 621//1290
f 620//1554 789//1555 787//1556
f 787//1556 789//1555 790//1557
f 620//1289 787//1558 621//1287
f 786//1550 787//1551 790//1559
f 619//1560 795//1561 790//1562
f 793//1563 619//1564 790//1557
f 791//1565 786//1550 790//1559
f 791//1565 790//1559 792//1566
f 792//1566 790//1559 794//1567
f 790//1557 789//1555 793//1563
f 790//1559 795//1568 794//1567
f 619//1560 618//1569 795//1561
f 795//1568 618//1283 796//1570
f 795//1568 796//1570 794//1567
f 796//1570 618//1283 797//1571
f 799//1572 796//1570 797//1571
f 798//1573 794//1567 796//1570
f 798//1573 796//1570 799//1572
f 802//1574 798//1573 799//1572
f 799//1572 797//1571 800//1575
f 799//1572 800//1575 801//1576
f 802//1574 799//1572 801//1576
f 804//1577 798//1573 802//1574
f 804//1577 802//1574 803//1578
f 803//1578 802//1574 805//1579
f 802//1574 801//1576 805//1579
f 808//1580 805//1579 806//1581
f 806//1581 805//1579 807//1582
f 805//1579 801//1576 807//1582
f 808//1580 803//1578 805//1579
f 810//1583 803//1578 808//1580
f 809//1584 808//1580 806//1581
f 810//1583 808//1580 809//1584
f 811//1585 810//1586 809//1587
f 811//1588 814//1589 810//1590
f 810//1590 814//1589 812//1591
f 813//1592 810//1593 812//1594
f 813//1592 803//1578 810//1593
f 811//1588 818//1595 814//1589
f 812//1591 814//1589 815//1596
f 814//1597 816//1597 815//1597
f 814//1598 817//1598 816//1598
f 818//1599 817//1599 814//1599
f 819//1600 818//1595 811//1588
f 815//1601 817//1602 818//1603
f 819//1600 815//1596 818//1595
f 811//1604 822//1605 819//1606
f 812//1591 815//1596 819//1600
f 819//1607 821//1608 812//1609
f 819//1606 822//1605 820//1610
f 819//1607 820//1611 821//1608
f 809//1587 822//1612 811//1585
f 809//1584 806//1581 822//1613
f 822//1613 806//1581 823//1614
f 822//1613 823//1614 824//1615
f 820//1616 822//1613 824//1615
f 824//1615 823//1614 825//1617
f 824//1615 825//1617 827//1618
f 820//1616 824//1615 826//1619
f 826//1619 824//1615 827//1618
f 830//1620 826//1619 827//1618
f 827//1618 825//1617 829//1621
f 831//1622 827//1618 828//1623
f 827//1618 829//1621 828//1623
f 830//1620 827//1618 831//1622
f 832//1624 831//1622 828//1623
f 830//1620 831//1622 832//1624
f 832//1624 828//1623 833//1625
f 834//1626 832//1624 833//1625
f 835//1627 832//1624 834//1628
f 835//1627 830//1620 832//1624
f 837//1629 836//1630 835//1631
f 835//1631 836//1630 839//1632
f 835//1631 838//1633 837//1629
f 834//1634 838//1633 835//1631
f 839//1635 830//1620 835//1627
f 841//1636 830//1620 839//1635
f 836//1637 844//1637 839//1637
f 840//1638 839//1635 842//1639
f 841//1636 839//1635 840//1638
f 842//1640 839//1641 843//1642
f 843//1642 839//1641 844//1643
f 844//1644 836//1645 845//1646
f 847//1647 844//1644 845//1646
f 847//1647 846//1648 844//1644
f 843//1649 844//1649 846//1649
f 848//1650 847//1651 849//1652
f 848//1650 852//1653 847//1651
f 850//1654 847//1651 845//1655
f 853//1656 846//1648 847//1647
f 849//1652 847//1651 850//1654
f 853//1656 847//1647 851//1657
f 851//1657 847//1647 852//1658
f 854//1659 853//1656 856//1660
f 853//1656 854//1659 846//1648
f 853//1656 851//1657 855//1661
f 856//1660 853//1656 855//1661
f 856//1660 860//1662 857//1663
f 856//1660 857//1663 854//1659
f 858//1664 856//1660 855//1661
f 858//1664 859//1665 856//1660
f 856//1660 859//1665 860//1662
f 860//1662 862//1666 857//1663
f 859//1665 861//1667 860//1662
f 860//1662 861//1667 862//1666
f 862//1666 861//1667 863//1668
f 862//1666 863//1668 838//1669
f 857//1663 862//1666 864//1670
f 864//1670 862//1666 838//1669
f 864//1671 834//1634 857//1672
f 834//1634 864//1671 838//1633
f 865//1673 863//1668 866//1674
f 865//1673 867//1675 863//1668
f 866//1674 863//1668 861//1667
f 838//1669 863//1668 867//1675
f 867//1675 845//1646 838//1669
f 867//1675 869//1676 845//1646
f 869//1676 867//1675 868//1677
f 868//1677 867//1675 865//1673
f 870//1678 845//1655 869//1679
f 870//1678 869//1679 871//1680
f 871//1680 869//1679 872//1681
f 869//1676 868//1677 872//1682
f 872//1682 874//1683 873//1684
f 872//1682 873//1684 875//1685
f 874//1683 872//1682 868//1677
f 871//1680 872//1681 875//1686
f 875//1685 876//1687 878//1688
f 875//1685 877//1689 876//1687
f 875//1685 881//1690 877//1689
f 879//1691 875//1686 878//1692
f 880//1693 875//1686 879//1691
f 871//1680 875//1686 880//1693
f 875//1685 873//1684 881//1690
f 881//1694 883//1695 877//1696
f 881//1697 873//1698 882//1699
f 883//1695 881//1694 882//1700
f 801//1576 883//1701 882//1702
f 801//1576 884//1703 883//1701
f 883//1701 884//1703 885//1704
f 883//1701 885//1704 886//1705
f 877//1696 883//1695 886//1706
f 885//1704 887//1707 886//1705
f 888//1708 886//1706 887//1709
f 877//1696 886//1706 888//1708
f 889//1710 890//1711 888//1712
f 888//1708 887//1709 889//1713
f 877//1689 888//1712 876//1687
f 888//1712 890//1711 876//1687
f 894//1714 890//1711 891//1715
f 891//1715 890//1711 889//1710
f 892//1716 876//1687 890//1711
f 892//1716 890//1711 893//1717
f 894//1714 893//1717 890//1711
f 895//1718 894//1714 891//1715
f 895//1718 896//1719 894//1714
f 894//1714 897//1720 893//1717
f 896//1719 897//1720 894//1714
f 899//1721 893//1717 897//1720
f 898//1722 900//1723 897//1720
f 898//1722 897//1720 896//1719
f 900//1723 899//1721 897//1720
f 898//1722 861//1667 900//1724
f 900//1723 903//1725 899//1721
f 861//1667 859//1665 900//1724
f 901//1726 900//1724 859//1665
f 900//1724 901//1726 902//1727
f 902//1728 903//1725 900//1723
f 903//1725 904//1729 899//1721
f 904//1729 903//1725 905//1730
f 903//1725 906//1731 905//1730
f 903//1725 902//1728 906//1731
f 902//1728 907//1732 906//1731
f 907//1732 908//1733 906//1731
f 906//1731 908//1733 909//1734
f 909//1734 910//1735 906//1731
f 905//1730 906//1731 910//1735
f 913//1736 910//1735 909//1734
f 911//1737 905//1730 910//1735
f 911//1737 910//1735 768//1738
f 910//1735 770//1739 768//1738
f 770//1739 910//1735 912//1740
f 913//1736 912//1740 910//1735
f 914//1741 912//1740 913//1736
f 913//1736 915//1742 914//1741
f 915//1742 913//1736 916//1743
f 916//1743 913//1736 909//1734
f 918//1744 916//1743 917//1745
f 916//1743 919//1746 917//1747
f 918//1744 915//1742 916//1743
f 916//1743 920//1748 919//1746
f 916//1743 909//1734 908//1733
f 908//1733 920//1748 916//1743
f 921//1749 920//1748 907//1732
f 920//1748 921//1749 922//1750
f 922//1750 919//1746 920//1748
f 908//1733 907//1732 920//1748
f 922//1750 921//1749 858//1664
f 922//1750 855//1661 851//1657
f 855//1661 922//1750 858//1664
f 851//1657 923//1751 922//1750
f 922//1750 923//1751 919//1746
f 851//1657 852//1658 923//1751
f 923//1751 924//1752 919//1746
f 923//1751 925//1753 924//1752
f 923//1751 852//1658 925//1753
f 925//1753 927//1754 926//1755
f 926//1755 924//1752 925//1753
f 927//1756 925//1757 928//1758
f 929//1759 928//1760 925//1761
f 930//1762 929//1763 925//1764
f 930//1762 925//1764 931//1765
f 931//1765 925//1764 852//1653
f 932//1766 930//1762 931//1765
f 931//1765 852//1653 848//1650
f 932//1766 931//1765 848//1650
f 933//1767 870//1678 932//1766
f 932//1766 870//1678 871//1680
f 932//1766 850//1654 933//1767
f 932//1766 849//1652 850//1654
f 848//1650 849//1652 932//1766
f 932//1766 934//1768 930//1762
f 932//1766 935//1769 934//1768
f 932//1766 936//1770 935//1769
f 932//1766 939//1771 936//1770
f 871//1680 880//1693 932//1766
f 932//1766 880//1693 879//1691
f 932//1766 879//1691 938//1772
f 932//1766 938//1772 937//1773
f 937//1773 939//1771 932//1766
f 939//1774 940//1775 936//1776
f 777//1777 940//1775 939//1774
f 941//1778 779//1779 939//1774
f 937//1773 941//1780 939//1771
f 939//1774 779//1779 777//1777
f 942//1781 779//1779 941//1778
f 938//1772 941//1780 937//1773
f 941//1778 943//1782 942//1781
f 943//1782 941//1778 878//1688
f 938//1772 878//1692 941//1780
f 942//1781 943//1782 944//1783
f 892//1716 944//1783 943//1782
f 943//1782 876//1687 892//1716
f 876//1687 943//1782 878//1688
f 893//1717 944//1783 892//1716
f 893//1717 899//1721 944//1783
f 944//1783 911//1737 942//1781
f 904//1729 911//1737 944//1783
f 904//1729 944//1783 899//1721
f 942//1781 773//1784 775//1785
f 942//1781 775//1785 779//1779
f 942//1781 911//1737 773//1784
f 940//1775 946//1786 936//1776
f 940//1787 777//1787 778//1787
f 946//1788 940//1789 945//1790
f 945//1790 940//1789 778//1791
f 936//1776 946//1786 912//1740
f 946//1786 769//1792 912//1740
f 766//1528 769//1527 946//1788
f 766//1528 946//1788 945//1790
f 945//1793 761//1516 766//1519
f 761//1516 945//1793 778//1543
f 879//1691 878//1692 938//1772
f 936//1776 912//1740 935//1794
f 914//1741 935//1794 912//1740
f 934//1768 935//1769 929//1763
f 914//1741 929//1759 935//1794
f 934//1768 929//1763 930//1762
f 933//1767 845//1655 870//1678
f 850//1654 845//1655 933//1767
f 947//1795 929//1759 914//1741
f 947//1795 928//1760 929//1759
f 947//1795 914//1741 915//1742
f 915//1742 918//1744 947//1795
f 950//1796 947//1797 918//1798
f 947//1797 948//1799 928//1758
f 947//1797 949//1800 948//1799
f 949//1800 947//1797 950//1796
f 950//1796 918//1798 954//1801
f 950//1802 954//1803 951//1804
f 952//1805 950//1802 951//1804
f 953//1806 950//1802 952//1805
f 953//1806 949//1807 950//1802
f 955//1808 956//1809 954//1803
f 917//1810 955//1811 954//1812
f 954//1803 956//1809 951//1804
f 954//1801 918//1798 917//1813
f 955//1808 959//1814 956//1809
f 956//1815 958//1816 957//1817
f 956//1815 957//1817 681//1818
f 951//1819 956//1815 681//1818
f 959//1814 958//1820 956//1809
f 960//1821 961//1822 959//1814
f 955//1808 960//1821 959//1814
f 959//1814 961//1822 958//1820
f 961//1822 962//1823 958//1820
f 960//1821 962//1823 961//1822
f 962//1823 965//1824 958//1820
f 963//1825 964//1826 962//1823
f 960//1821 963//1825 962//1823
f 962//1823 964//1826 965//1824
f 965//1827 968//1828 966//1829
f 965//1827 966//1829 969//1830
f 958//1816 965//1827 969//1830
f 964//1826 967//1831 965//1824
f 967//1831 968//1832 965//1824
f 958//1816 969//1830 957//1817
f 957//1833 969//1834 687//1384
f 969//1835 690//1387 687//1384
f 969//1836 966//1837 690//1387
f 968//1838 970//1838 966//1838
f 968//1839 972//1840 970//1841
f 967//1831 971//1842 968//1832
f 971//1842 972//1843 968//1832
f 972//1843 973//1844 974//1845
f 971//1842 973//1844 972//1843
f 833//1846 970//1841 972//1840
f 974//1845 833//1625 972//1843
f 857//1672 834//1634 974//1847
f 974//1848 854//1849 857//1850
f 834//1626 833//1625 974//1845
f 973//1851 854//1849 974//1848
f 840//1638 975//1852 973//1844
f 975//1853 846//1854 973//1851
f 976//1855 973//1844 971//1842
f 976//1855 840//1638 973//1844
f 973//1851 846//1854 854//1849
f 979//1856 976//1855 977//1857
f 977//1857 976//1855 971//1842
f 978//1858 840//1638 976//1855
f 979//1856 978//1858 976//1855
f 981//1859 980//1860 979//1856
f 980//1860 983//1861 979//1856
f 981//1859 979//1856 982//1862
f 979//1856 983//1861 978//1858
f 982//1862 979//1856 977//1857
f 983//1861 841//1636 978//1858
f 983//1861 985//1863 841//1636
f 980//1860 984//1864 983//1861
f 984//1864 985//1863 983//1861
f 984//1864 986//1865 985//1863
f 985//1863 986//1865 987//1866
f 985//1863 987//1866 841//1636
f 987//1866 988//1867 990//1868
f 989//1869 988//1867 987//1866
f 986//1865 989//1869 987//1866
f 987//1866 990//1868 830//1620
f 841//1636 987//1866 830//1620
f 990//1868 988//1867 826//1619
f 990//1868 826//1619 830//1620
f 991//1870 821//1871 989//1869
f 721//1429 991//1870 989//1869
f 721//1429 989//1869 986//1865
f 989//1869 821//1871 988//1867
f 718//1428 991//1870 721//1429
f 718//1428 812//1594 991//1870
f 991//1870 812//1594 821//1871
f 988//1867 821//1871 820//1616
f 988//1867 820//1616 826//1619
f 721//1429 986//1865 984//1864
f 720//1872 721//1429 984//1864
f 720//1872 984//1864 980//1860
f 995//1873 992//1874 982//1875
f 981//1876 982//1877 992//1878
f 982//1862 977//1857 993//1879
f 994//1880 982//1862 993//1879
f 994//1881 995//1873 982//1875
f 995//1882 998//1883 992//1884
f 995//1885 994//1886 996//1887
f 995//1885 996//1887 726//1888
f 726//1889 997//1890 995//1882
f 995//1882 997//1890 998//1883
f 992//1884 998//1883 1001//1891
f 997//1892 999//1893 998//1894
f 998//1895 999//1895 1000//1895
f 998//1896 1000//1896 1001//1896
f 992//1884 1001//1891 725//1897
f 725//1897 1001//1891 997//1890
f 1001//1898 1000//1898 1002//1898
f 1001//1899 1002//1900 997//1901
f 1002//1902 697//1902 700//1902
f 1002//1903 700//1903 1003//1903
f 1000//1904 697//1904 1002//1904
f 997//1901 1002//1900 1003//1905
f 1003//1906 700//1906 1004//1906
f 1003//1907 1004//1908 999//1909
f 997//1892 1003//1910 999//1893
f 692//1911 1004//1912 700//1402
f 1004//1912 692//1911 693//1392
f 999//1909 1004//1908 696//1913
f 693//1392 696//1394 1004//1912
f 1000//1914 696//1915 697//1916
f 999//1917 696//1915 1000//1914
f 725//1897 997//1890 726//1889
f 1005//1918 996//1919 1006//1920
f 727//1444 996//1919 1005//1918
f 1006//1920 996//1919 994//1880
f 727//1444 726//1443 996//1919
f 1007//1921 1006//1920 963//1825
f 1008//1922 1006//1920 1007//1921
f 1006//1920 994//1880 963//1825
f 1008//1922 1005//1918 1006//1920
f 729//1447 1005//1918 1008//1922
f 736//1463 729//1447 1008//1922
f 736//1463 1008//1922 1007//1921
f 736//1463 1007//1921 1009//1923
f 1009//1923 1007//1921 960//1821
f 1007//1921 963//1825 960//1821
f 1009//1923 960//1821 1011//1924
f 735//1462 736//1463 1009//1923
f 735//1462 1009//1923 1010//1925
f 1010//1925 1009//1923 1011//1924
f 953//1806 1011//1924 948//1926
f 1010//1925 1011//1924 953//1806
f 1011//1927 1013//1927 1012//1927
f 1012//1928 948//1928 1011//1928
f 1011//1924 960//1821 1013//1929
f 955//1811 924//1930 1013//1931
f 1013//1931 924//1930 926//1932
f 1013//1931 927//1933 1012//1934
f 926//1932 927//1933 1013//1931
f 1013//1929 960//1821 955//1808
f 928//1758 1012//1935 927//1756
f 948//1799 1012//1935 928//1758
f 1014//1936 1010//1925 953//1806
f 738//1466 1010//1925 1014//1936
f 738//1466 735//1462 1010//1925
f 1015//1937 1014//1936 953//1806
f 1016//1938 738//1466 1014//1936
f 1016//1938 1014//1936 1015//1937
f 739//1467 738//1466 1016//1938
f 745//1478 1016//1938 754//1509
f 754//1509 1016//1938 1015//1937
f 739//1467 1016//1938 745//1478
f 754//1509 1015//1937 1017//1939
f 1015//1937 953//1806 1017//1939
f 753//1507 1017//1939 1018//1940
f 1017//1939 952//1805 1018//1940
f 754//1509 1017//1939 753//1507
f 1017//1939 953//1806 952//1805
f 760//1514 1018//1940 1019//1941
f 1018//1940 1020//1942 1019//1941
f 1018//1940 952//1805 1020//1942
f 753//1507 1018//1940 760//1514
f 1019//1943 1020//1944 1021//1945
f 1020//1946 951//1946 1021//1946
f 952//1805 951//1804 1020//1942
f 1021//1947 951//1819 676//1948
f 1021//1949 676//1950 675//1951
f 1019//1943 1021//1945 1022//1952
f 1022//1953 1021//1949 675//1951
f 1022//1953 673//1368 672//1369
f 1022//1953 675//1951 673//1368
f 763//1954 1019//1943 1022//1952
f 763//1954 1022//1952 672//1955
f 760//1514 1019//1941 763//1518
f 727//1444 1005//1918 729//1447
f 994//1880 993//1879 963//1825
f 993//1879 977//1857 967//1831
f 993//1879 967//1831 964//1826
f 963//1825 993//1879 964//1826
f 725//1956 981//1876 992//1878
f 725//1439 980//1860 981//1859
f 723//1436 720//1872 980//1860
f 725//1439 723//1436 980//1860
f 978//1858 841//1636 840//1638
f 977//1857 971//1842 967//1831
f 846//1854 975//1853 843//1642
f 843//1642 975//1853 842//1640
f 840//1638 842//1639 975//1852
f 1023//1957 970//1958 706//1959
f 970//1958 707//1410 706//1959
f 970//1958 711//1414 707//1410
f 970//1958 833//1960 711//1414
f 966//1961 970//1961 1023//1961
f 966//1837 1023//1962 704//1407
f 1023//1963 706//1409 704//1407
f 966//1837 704//1407 690//1387
f 957//1833 687//1384 684//1381
f 957//1833 684//1381 681//1964
f 919//1965 955//1811 917//1810
f 955//1811 919//1965 924//1930
f 953//1806 948//1926 949//1807
f 951//1819 681//1818 676//1948
f 901//1726 921//1749 907//1732
f 858//1664 921//1749 901//1726
f 912//1740 769//1792 770//1739
f 911//1737 768//1738 773//1784
f 904//1729 905//1730 911//1737
f 902//1727 901//1726 907//1732
f 859//1665 858//1664 901//1726
f 866//1674 861//1667 898//1722
f 896//1719 866//1674 898//1722
f 896//1719 895//1718 866//1674
f 868//1677 895//1718 1024//1966
f 895//1718 891//1715 1024//1966
f 868//1677 865//1673 895//1718
f 895//1718 865//1673 866//1674
f 868//1677 1024//1966 1025//1967
f 1026//1968 1025//1969 1024//1970
f 1026//1968 1024//1970 891//1971
f 1030//1972 1026//1973 1027//1974
f 1027//1974 1026//1973 1031//1975
f 1026//1968 1028//1976 1025//1969
f 1030//1972 1028//1977 1026//1973
f 891//1971 1029//1978 1026//1968
f 1031//1975 1026//1973 1029//1979
f 1029//1979 1032//1980 1031//1975
f 1031//1981 1032//1982 1033//1983
f 1034//1984 1031//1981 1033//1983
f 1035//1985 1031//1975 1034//1986
f 1035//1985 1027//1974 1031//1975
f 823//1614 1027//1974 1035//1985
f 823//1614 1035//1985 825//1617
f 825//1617 1035//1985 1034//1986
f 1034//1984 1033//1983 1036//1987
f 829//1988 1034//1984 1036//1987
f 825//1617 1034//1986 829//1621
f 1039//1989 1036//1990 1037//1991
f 1036//1990 1038//1992 1037//1991
f 1036//1993 1033//1983 1038//1994
f 829//1988 1036//1987 1039//1989
f 1041//1995 1039//1989 1040//1996
f 1039//1989 1042//1997 1040//1996
f 1039//1989 1037//1991 1042//1997
f 828//1998 1039//1989 1041//1995
f 828//1998 829//1988 1039//1989
f 1037//1999 1043//2000 1042//2001
f 1042//2001 1043//2000 1044//2002
f 1042//2001 1044//2002 1040//2003
f 1040//2003 1044//2002 712//1415
f 1044//2002 1045//2004 714//1417
f 1044//2002 714//1417 712//1415
f 1045//2005 1044//2005 1046//2005
f 1046//2006 1044//2002 1043//2000
f 1046//2006 1043//2000 1047//2007
f 1047//2007 1048//2008 1046//2006
f 1048//2008 1049//2009 1046//2006
f 1046//2006 1049//2009 1045//2004
f 817//2010 1049//2011 1048//2012
f 1050//2013 1049//2011 817//2010
f 1050//2014 1051//2015 1049//2016
f 1049//2009 1051//2017 1045//2004
f 1052//2018 1045//2004 1051//2017
f 816//2019 1051//2015 1050//2014
f 1052//2018 1051//2017 1053//2020
f 816//2021 1053//2021 1051//2021
f 1047//2007 1053//2020 1048//2008
f 1052//2018 1053//2020 1047//2007
f 817//2022 1053//2022 816//2022
f 817//2023 1048//2023 1053//2023
f 1045//2004 1052//2018 1054//2024
f 1052//2018 1055//2025 1054//2024
f 1055//2026 1052//2027 1056//2028
f 1052//2027 1043//2000 1056//2028
f 1043//2029 1052//2029 1047//2029
f 1058//2030 1056//2028 1043//2000
f 1055//2026 1056//2028 1059//2031
f 1056//2028 1058//2030 1057//2032
f 1057//2032 1059//2031 1056//2028
f 1059//2033 1061//2034 1060//2035
f 1059//2033 1060//2035 813//2036
f 1055//2025 1059//2033 813//2036
f 1057//2032 1061//2037 1059//2031
f 1061//2034 1062//2038 1060//2035
f 1057//2032 1062//2039 1061//2037
f 1062//2038 1063//2040 1060//2035
f 1062//2038 1064//2041 1063//2040
f 1065//2042 1064//2043 1062//2039
f 1065//2042 1062//2039 1057//2032
f 1066//2044 1067//2045 1065//2042
f 1070//2046 1066//2044 1065//2042
f 1065//2042 1067//2045 1064//2043
f 1069//2047 1065//2042 1068//2048
f 1068//2048 1065//2042 1057//2032
f 1069//2047 1070//2046 1065//2042
f 1071//2049 1066//2050 1070//2051
f 1071//2049 1070//2051 1072//2052
f 1072//2052 1070//2051 1073//2053
f 1069//2047 1073//2054 1070//2046
f 1073//2053 1074//2055 1072//2052
f 1075//2056 1074//2055 1073//2053
f 1076//2057 1075//2056 1073//2053
f 1076//2058 1073//2054 1077//2059
f 1077//2059 1073//2054 1069//2047
f 1080//2060 1076//2058 1077//2059
f 1077//2059 1078//2061 1080//2060
f 1079//2062 1078//2063 1077//2064
f 1077//2059 1069//2047 1079//2065
f 1082//2066 1076//2058 1080//2060
f 1081//2067 1080//2060 1078//2061
f 1081//2067 1082//2066 1080//2060
f 1082//2068 1081//2069 1084//2070
f 1083//2071 1082//2068 1085//2072
f 1083//2071 1075//2056 1082//2068
f 1082//2066 1075//2073 1076//2058
f 1085//2072 1082//2068 1084//2070
f 1089//2074 1086//2075 1085//2076
f 1086//2075 1090//2077 1085//2076
f 1074//2078 1083//2079 1085//2076
f 1085//2076 1088//2080 1074//2078
f 1085//2076 1090//2077 1087//2081
f 1085//2076 1087//2081 1088//2080
f 1085//2076 1084//2082 1089//2074
f 1091//2083 1093//2084 1090//2077
f 1086//2075 1091//2083 1090//2077
f 1090//2085 1092//2086 1087//2087
f 1090//2085 1094//2088 1092//2086
f 1093//2089 1095//2090 1090//2085
f 1090//2085 1095//2090 1094//2088
f 1096//2091 1094//2092 1095//2093
f 1095//2093 1099//2094 1096//2091
f 1097//2095 1095//2096 1098//2097
f 1097//2098 1099//2094 1095//2093
f 1098//2097 1095//2096 1093//2099
f 1099//2100 1097//2101 1100//2102
f 1099//2103 1100//2104 1101//2105
f 1101//2105 1096//2106 1099//2103
f 1103//2107 1101//2108 1102//2109
f 1102//2109 1101//2108 1100//2110
f 1088//2080 1101//2108 1103//2107
f 1088//2111 1104//2112 1101//2105
f 1101//2105 1104//2112 1096//2106
f 1104//2113 1088//2114 1092//2115
f 1104//2116 1092//2117 1094//2092
f 1104//2116 1094//2092 1096//2091
f 1074//2078 1088//2080 1103//2107
f 1103//2107 1106//2118 1074//2078
f 1105//2119 1103//2120 1102//2121
f 1108//2122 1103//2120 1105//2119
f 1107//2123 1106//2124 1103//2125
f 1107//2123 1103//2125 1108//2126
f 1109//2127 1107//2128 1108//2127
f 1108//2127 1105//2129 1109//2127
f 1105//2130 1102//2131 1109//2132
f 1109//2132 1102//2131 1110//2133
f 1109//2134 1106//2135 1107//2136
f 1109//2134 1110//2137 1106//2135
f 1112//2138 1111//2139 1110//2140
f 1110//2140 1111//2139 1072//2141
f 1072//2141 1106//2118 1110//2140
f 1112//2138 1110//2140 1102//2109
f 1113//2142 1111//2143 1112//2144
f 1112//2144 1114//2145 1113//2142
f 1112//2146 1116//2147 1114//2148
f 1102//2109 1115//2149 1112//2138
f 1115//2150 1116//2147 1112//2146
f 1117//2151 1114//2152 1116//2153
f 1119//2154 1117//2151 1116//2153
f 1118//2155 1116//2155 1115//2156
f 1119//2157 1116//2155 1118//2155
f 1120//2158 1119//2159 1118//2160
f 1117//2161 1119//2159 1120//2158
f 1121//2162 1120//2163 1118//2164
f 1121//2162 1122//2165 1120//2163
f 1117//2166 1120//2167 1122//2168
f 1123//2169 1126//2170 1122//2165
f 1127//2171 1123//2169 1122//2165
f 1126//2172 1124//2173 1122//2174
f 1122//2174 1124//2173 1125//2175
f 1122//2168 1125//2176 1117//2166
f 1127//2171 1122//2165 1121//2162
f 1128//2177 1129//2178 1127//2179
f 1128//2177 1127//2179 1130//2180
f 1123//2169 1127//2171 1129//2181
f 1130//2182 1127//2183 1121//2184
f 1128//2185 1130//2186 1131//2185
f 1130//2182 1121//2184 1131//2187
f 1128//2185 1131//2185 1133//2188
f 1131//2189 1121//2190 1132//2191
f 1131//2189 1132//2191 1133//2192
f 1133//2193 1134//2193 1128//2193
f 1133//2194 1132//2194 1134//2194
f 1134//2195 1135//2196 1137//2197
f 1134//2195 1139//2198 1135//2196
f 1134//2195 1136//2199 1138//2200
f 1137//2197 1136//2199 1134//2195
f 1134//2195 1138//2200 1123//2169
f 1132//2201 1139//2198 1134//2195
f 1128//2202 1134//2202 1129//2202
f 1134//2195 1123//2169 1129//2181
f 1139//2203 1142//2203 1140//2203
f 1139//2204 1140//2205 1143//2206
f 1139//2204 1143//2206 1135//2207
f 1132//2201 1141//2208 1139//2198
f 1141//2209 1142//2210 1139//2211
f 1144//2212 1148//2213 1143//2214
f 1144//2212 1143//2214 1145//2215
f 1145//2215 1143//2214 1146//2216
f 1146//2216 1143//2214 1140//2217
f 1135//2218 1143//2219 1147//2220
f 1143//2214 1148//2213 1147//2221
f 1149//2222 1148//2223 1144//2224
f 1149//2222 1147//2225 1148//2223
f 1149//2226 1136//2199 1137//2197
f 1149//2226 1150//2227 1136//2199
f 1137//2228 1147//2225 1149//2222
f 1151//2229 1150//2227 1149//2226
f 1151//2230 1149//2222 1144//2224
f 1151//2229 1153//2231 1150//2227
f 1151//2232 1144//2233 1145//2234
f 1145//2234 1152//2235 1151//2232
f 1153//2231 1151//2229 1152//2236
f 1153//2231 1154//2237 1150//2227
f 1156//2238 1154//2239 1153//2240
f 1152//2236 1155//2241 1153//2231
f 1155//2241 1158//2242 1153//2231
f 1157//2243 1156//2244 1153//2245
f 1157//2243 1153//2245 1158//2246
f 1159//2247 1158//2246 1155//2248
f 1159//2247 1157//2243 1158//2246
f 644//1321 1159//2249 1160//2250
f 1159//2247 1155//2248 1160//2251
f 644//1321 1157//2252 1159//2249
f 644//1321 1160//2250 638//1315
f 1161//2253 1160//2251 1155//2248
f 1160//2251 639//2254 638//2255
f 1161//2253 639//2254 1160//2251
f 1161//2256 1165//2257 1162//2258
f 1162//2258 1163//2259 1161//2256
f 1161//2256 1163//2259 1164//2260
f 1164//2261 639//2254 1161//2253
f 1161//2256 1155//2241 1165//2257
f 1167//2262 1166//2263 1165//2257
f 1170//2264 1165//2264 1166//2264
f 1165//2257 1168//2265 1167//2262
f 1168//2265 1165//2257 1169//2266
f 1169//2266 1165//2257 1155//2241
f 1171//2267 1165//2267 1170//2267
f 1171//2268 1162//2269 1165//2270
f 1172//2271 1162//2269 1171//2268
f 1172//2272 1171//2273 1170//2274
f 1170//2274 1173//2275 1172//2272
f 1173//2276 1162//2277 1172//2278
f 1170//2279 1166//2280 1173//2281
f 1173//2276 1174//2282 1162//2277
f 1173//2281 1166//2280 1174//2283
f 1166//2263 1167//2262 1174//2284
f 1174//2284 1167//2262 1175//2285
f 1174//2284 1175//2285 1176//2286
f 1176//2286 1178//2287 1174//2284
f 1179//2288 1174//2289 1177//2290
f 1174//2291 1178//2291 1177//2291
f 1179//2288 1162//2258 1174//2289
f 1162//2258 1179//2288 1163//2259
f 1179//2292 1180//2293 1163//2294
f 1179//2292 1182//2295 1180//2293
f 1177//2296 1181//2297 1179//2292
f 1179//2292 1181//2297 1182//2295
f 1182//2298 1185//2299 1183//2300
f 1183//2300 1180//2301 1182//2298
f 1182//2298 1184//2302 1185//2299
f 1181//2303 1184//2302 1182//2298
f 1186//2304 1183//2305 1185//2306
f 1186//2304 1185//2306 1184//2307
f 1188//2308 1183//2305 1186//2304
f 1190//2309 1186//2310 1187//2311
f 1184//2307 1187//2312 1186//2304
f 1188//2313 1186//2310 1189//2314
f 1189//2314 1186//2310 1190//2309
f 1191//2315 1189//2315 1190//2315
f 1191//2316 1190//2317 1192//2318
f 1192//2318 1190//2317 1091//2319
f 1190//2309 1178//2287 1176//2286
f 1176//2286 1098//2320 1190//2309
f 1190//2309 1187//2311 1178//2287
f 1190//2309 1098//2320 1093//2084
f 1190//2309 1093//2084 1091//2083
f 1192//2321 1194//2321 1191//2322
f 1192//2323 1091//2324 1086//2325
f 1192//2323 1086//2325 1193//2326
f 1192//2321 1193//2327 1194//2321
f 1194//2328 1089//2328 1189//2328
f 1194//2329 1189//2329 1191//2329
f 1193//2330 1089//2331 1194//2332
f 1193//2330 1086//2333 1089//2331
f 1084//2082 1189//2314 1089//2074
f 1195//2334 1189//2314 1084//2082
f 1188//2313 1189//2314 1195//2334
f 1084//2082 1198//2335 1195//2334
f 1164//2260 1188//2313 1195//2334
f 1195//2336 640//2337 1164//2261
f 1195//2336 1196//2338 640//2337
f 1197//2339 1196//2338 1195//2336
f 1198//2340 1197//2339 1195//2336
f 1084//2070 1197//2339 1198//2340
f 1084//2070 1081//2069 1197//2339
f 1081//2341 1196//2341 1197//2341
f 634//1313 640//1312 1196//2342
f 634//1313 1196//2342 1081//2067
f 1164//2260 1163//2259 1188//2313
f 1163//2343 1183//2344 1188//2345
f 1184//2346 1199//2347 1187//2348
f 1187//2348 1199//2347 1178//2349
f 1184//2302 1181//2303 1199//2350
f 1199//2351 1181//2352 1178//2353
f 1180//2354 1183//2344 1163//2343
f 1178//2353 1181//2352 1177//2355
f 1121//2162 1118//2164 1176//2286
f 1176//2286 1118//2164 1102//2109
f 1102//2109 1098//2320 1176//2286
f 1200//2356 1201//2357 1176//2358
f 1175//2359 1200//2360 1176//2361
f 1176//2358 1201//2357 1141//2362
f 1121//2162 1176//2286 1141//2208
f 1202//2363 1142//2364 1201//2365
f 1141//2209 1201//2366 1142//2210
f 1202//2363 1201//2365 1200//2367
f 1202//2368 1200//2360 1175//2359
f 1202//2369 1175//2370 1167//2371
f 1203//2372 1142//2364 1202//2363
f 1167//2371 1203//2373 1202//2369
f 1142//2364 1203//2372 1140//2217
f 1203//2372 1146//2216 1140//2217
f 1167//2374 1146//2375 1203//2376
f 1169//2266 1155//2241 1152//2236
f 1145//2377 1169//2378 1152//2379
f 1145//2377 1146//2380 1169//2378
f 1169//2378 1146//2380 1168//2381
f 1168//2382 1146//2375 1167//2374
f 1164//2261 640//2337 639//2254
f 1156//2238 1157//2252 1204//2383
f 1204//2383 1157//2252 644//1321
f 1156//2238 1204//2383 1205//2384
f 1205//2384 1204//2385 646//2386
f 1204//2387 644//1322 646//1324
f 1156//2238 1205//2384 1154//2239
f 1154//2239 1205//2384 1206//2388
f 1206//2388 1205//2384 786//2389
f 1205//2384 646//2386 786//2389
f 1208//2390 1207//2391 1206//2392
f 1206//2388 1207//2393 1154//2239
f 1067//2045 1208//2394 1206//2388
f 1206//2388 786//2389 791//2395
f 1067//2045 1206//2388 791//2395
f 1066//2050 1209//2396 1208//2390
f 1209//2396 1207//2391 1208//2390
f 1067//2045 1066//2044 1208//2394
f 1209//2396 1066//2050 1071//2049
f 1207//2393 1209//2397 1071//2398
f 1212//2399 1154//2239 1207//2393
f 1210//2400 1207//2393 1071//2398
f 1207//2393 1210//2400 1211//2401
f 1207//2393 1211//2401 1136//2199
f 1207//2393 1136//2199 1212//2399
f 1214//2402 1154//2403 1212//2404
f 1213//2405 1212//2406 1136//2407
f 1214//2402 1212//2404 1213//2408
f 1214//2409 1150//2410 1154//2411
f 1215//2412 1150//2410 1214//2409
f 789//2413 1215//2413 1214//2413
f 789//2414 1214//2415 793//2416
f 793//2416 1214//2415 1213//2417
f 1215//2418 1216//2418 1217//2418
f 1215//2419 789//2419 1216//2419
f 1215//2420 1136//2421 1150//2422
f 1217//2423 1136//2421 1215//2420
f 793//2424 1213//2425 1217//2426
f 1213//2405 1136//2407 1217//2427
f 793//2424 1217//2426 1216//2428
f 620//1554 1216//2429 789//1555
f 1216//2429 620//1554 619//1564
f 619//1564 793//1563 1216//2429
f 1136//2199 1211//2401 1218//2430
f 1211//2431 1219//2432 1218//2433
f 1211//2434 1210//2435 1219//2436
f 1218//2433 1219//2432 1222//2437
f 1210//2435 1220//2438 1219//2436
f 1220//2439 1221//2440 1219//2441
f 1219//2441 1221//2440 1222//2442
f 1223//2443 1222//2442 1221//2440
f 1223//2444 1218//2433 1222//2437
f 1223//2444 1138//2445 1218//2433
f 1138//2446 1223//2447 1221//2448
f 1138//2446 1221//2448 1123//2449
f 1123//2449 1221//2448 1126//2450
f 1126//2450 1221//2448 1124//2451
f 1124//2452 1221//2440 1220//2439
f 1111//2453 1220//2454 1210//2455
f 1113//2456 1220//2454 1111//2453
f 1220//2439 1113//2457 1125//2458
f 1125//2458 1124//2452 1220//2439
f 1136//2199 1218//2430 1138//2200
f 1072//2141 1111//2139 1210//2400
f 1210//2400 1071//2398 1072//2141
f 1135//2218 1147//2220 1137//2459
f 1121//2162 1141//2208 1132//2201
f 1125//2458 1114//2152 1117//2151
f 1125//2458 1113//2457 1114//2152
f 1118//2164 1115//2149 1102//2109
f 1074//2078 1106//2118 1072//2141
f 1102//2109 1100//2110 1098//2320
f 1100//2102 1097//2101 1098//2460
f 1092//2115 1088//2114 1087//2461
f 1075//2056 1083//2071 1074//2055
f 1078//2061 630//2462 1081//2067
f 630//2462 634//1313 1081//2067
f 1032//1982 1079//2062 1033//1983
f 1032//1982 1078//2063 1079//2062
f 1033//1983 1079//2062 1224//2463
f 1079//2065 1069//2047 1068//2048
f 1079//2065 1068//2048 1224//2463
f 1033//1983 1224//2463 1225//2464
f 1224//2463 1068//2048 1225//2464
f 1038//1994 1033//1983 1225//2464
f 1225//2464 1226//2465 1038//2466
f 1225//2464 1068//2048 1226//2465
f 1068//2048 1057//2032 1226//2465
f 1226//2465 1057//2032 1058//2030
f 1038//2466 1226//2465 1058//2030
f 1227//2467 1078//2468 1032//1980
f 1227//2469 630//1300 1078//2470
f 885//1704 1228//2471 1227//2467
f 1228//2471 631//1302 1227//2467
f 885//1704 1227//2467 1032//1980
f 1227//2469 631//1298 630//1300
f 1228//2471 1229//2472 631//1302
f 1230//2473 1229//2472 1228//2471
f 884//1703 1230//2473 1228//2471
f 884//1703 1228//2471 885//1704
f 1230//2473 1231//2474 1229//2472
f 797//1571 1231//2474 1230//2473
f 797//1571 1230//2473 884//1703
f 1231//2474 628//1297 1229//2472
f 1231//2474 623//1285 628//1297
f 618//1283 623//1285 1231//2474
f 797//1571 618//1283 1231//2474
f 1229//2472 628//1297 631//1302
f 1067//2045 791//2395 1064//2041
f 1064//2041 791//2395 1063//2040
f 1063//2475 791//1565 792//1566
f 1063//2475 792//1566 798//1573
f 1060//2476 1063//2475 798//1573
f 813//1592 1060//2476 803//1578
f 1060//2476 804//1577 803//1578
f 1060//2476 798//1573 804//1577
f 1037//1999 1058//2030 1043//2000
f 1038//2466 1058//2030 1037//1999
f 1054//2024 1055//2025 813//2036
f 714//1417 1054//2024 715//1418
f 715//1423 1054//2024 718//1424
f 1045//2004 1054//2024 714//1417
f 1054//2024 813//2036 718//1424
f 815//1601 1050//2477 817//1602
f 815//2478 816//2478 1050//2478
f 1040//2003 712//1415 1041//2479
f 1041//2479 712//1415 711//1414
f 833//1960 828//1998 1041//1995
f 833//1960 1041//1995 711//1414
f 887//1707 885//1704 1032//1980
f 887//1707 1032//1980 1029//1979
f 823//1614 1030//1972 1027//1974
f 807//1582 1232//2480 1030//1972
f 1030//1972 1232//2480 1028//1977
f 807//1582 1030//1972 823//1614
f 807//1582 801//1576 1232//2480
f 1232//2480 801//1576 882//2481
f 882//1699 873//1698 1232//2482
f 1028//1976 1232//2483 873//2484
f 891//2485 887//1709 1029//2486
f 1025//1969 1028//1976 874//2487
f 1028//1976 873//2484 874//2487
f 874//1683 868//1677 1025//1967
f 889//1713 887//1709 891//2485
f 800//1575 797//1571 884//1703
f 801//1576 800//1575 884//1703
f 838//1669 845//1646 837//2488
f 845//1646 836//1645 837//2488
f 806//1581 807//1582 823//1614
f 718//1428 813//1592 812//1594
f 792//1566 794//1567 798//1573
f 784//1547 757//1511 758//1512
f 649//1548 1233//2489 784//1547
f 784//1547 1233//2489 757//1511
f 648//1330 741//1468 1233//2489
f 741//1468 750//1504 1233//2489
f 1233//2489 750//1504 752//1503
f 1233//2489 752//1503 757//1511
f 648//1330 1233//2489 649//1331
f 622//1291 781//1544 626//1295
f 632//1304 765//2490 636//1311
f 765//2490 1234//2491 636//1311
f 765//2490 763//1954 1234//2491
f 1234//2491 763//1954 672//1955
f 1234//2491 672//1955 1236//2492
f 636//1309 1234//2491 1235//2493
f 1234//2491 1236//2492 1235//2493
f 1236//2494 653//1336 1235//2493
f 1236//2494 662//1347 653//1336
f 672//1369 662//1347 1236//2494
f 1235//2493 643//1318 635//1310
f 636//1309 1235//2493 635//1310
f 1235//2493 653//1336 643//1318
f 755//1508 753//1507 760//1514
f 745//1477 754//2495 744//1475
f 743//2496 742//1490 665//1489
f 743//2497 665//2497 666//2497
f 648//1330 656//1464 741//1468
f 659//1345 677//1456 733//1457
f 659//1345 733//1457 656//1340
f 688//1386 692//1391 730//1455
f 709//1413 708//1412 717//1421
f 702//1403 717//1421 701//1404
f 709//1413 717//1421 702//1403
f 699//1401 692//1911 700//1402
f 676//1948 681//1818 680//2498
f 660//1371 678//1375 659//2499
f 678//1375 677//1376 659//2499
f 669//1365 660//1344 658//1343
f 654//1337 653//1336 662//1347
f 600//2500 420//2500 421//2500
f 428//1248 595//1250 594//2501
f 428//840 594//1210 430//841
f 432//20 425//846 419//846
