# Blender 4.5.3 LTS
# www.blender.org
o duct_rear_right
v -0.119151 0.121954 0.027554
v -0.119162 0.121937 0.029646
v -0.112591 0.130759 0.027244
v -0.112535 0.128985 0.026929
v -0.112721 0.126397 0.024588
v -0.112499 0.130933 0.030112
v -0.123080 0.117002 0.027929
v -0.121433 0.115571 0.024949
v -0.121078 0.115259 0.027449
v -0.120425 0.114691 0.030152
v -0.121881 0.115956 0.032006
v -0.112826 0.126118 0.032495
v -0.118698 0.113241 0.032939
v -0.112611 0.129037 0.030153
v -0.118677 0.113172 0.028428
v -0.120778 0.115006 0.039952
v -0.115740 0.117393 0.034063
v -0.118043 0.112622 0.036248
v -0.117006 0.111806 0.032403
v -0.118204 0.112770 0.036890
v -0.117633 0.112265 0.034775
v -0.117080 0.111785 0.031723
v -0.124077 0.102999 0.031594
v -0.127758 0.100529 0.034432
v -0.119864 0.108249 0.031497
v -0.120298 0.114587 0.031158
v -0.119777 0.114129 0.040351
v -0.123525 0.116714 0.032310
v -0.121898 0.115963 0.028412
v -0.121884 0.114789 0.030364
v -0.119987 0.113150 0.030909
v -0.120878 0.114458 0.034735
v -0.118096 0.112664 0.028773
v -0.120011 0.114184 0.026076
v -0.117080 0.111785 0.025464
v -0.117633 0.112265 0.022412
v -0.118688 0.112004 0.028124
v -0.117130 0.111434 0.028646
v -0.115143 0.114616 0.028052
v -0.116940 0.111663 0.027024
v -0.119410 0.108733 0.025982
v -0.115831 0.079442 0.028738
v -0.115014 0.114517 0.029278
v -0.116940 0.111663 0.030163
v -0.112319 0.120186 0.031570
v -0.115857 0.114983 0.029928
v -0.116705 0.115665 0.028364
v -0.111285 0.124378 0.032056
v -0.118244 0.117002 0.031668
v -0.117649 0.116488 0.030186
v -0.119029 0.117687 0.029208
v -0.120291 0.118781 0.029405
v -0.118303 0.117057 0.026951
v -0.116518 0.115499 0.026085
v -0.119008 0.117667 0.025782
v -0.111457 0.123951 0.025160
v -0.110802 0.128537 0.026134
v -0.111402 0.132123 0.023617
v -0.112597 0.124340 0.020562
v -0.110527 0.130392 0.029039
v -0.112205 0.138111 0.028061
v -0.111995 0.127654 0.035846
v -0.112705 0.135650 0.035015
v -0.110826 0.128557 0.030979
v -0.114160 0.141712 0.030808
v -0.117508 0.141157 0.036773
v -0.115175 0.128643 0.041055
v -0.116699 0.136275 0.039949
v -0.120921 0.134757 0.043870
v -0.123131 0.138655 0.042781
v -0.122359 0.145253 0.034489
v -0.132075 0.139112 0.043617
v -0.129175 0.132759 0.047178
v -0.126610 0.141886 0.040798
v -0.129529 0.144780 0.036774
v -0.138365 0.140570 0.040028
v -0.137081 0.143813 0.035215
v -0.131199 0.146313 0.031212
v -0.138253 0.143989 0.031809
v -0.139675 0.135626 0.027866
v -0.140722 0.136541 0.031449
v -0.129679 0.146567 0.027415
v -0.124868 0.146733 0.029019
v -0.119532 0.145045 0.024464
v -0.116495 0.144559 0.029859
v -0.126216 0.146396 0.024719
v -0.130760 0.145292 0.021704
v -0.125657 0.143425 0.018465
v -0.123167 0.140401 0.015718
v -0.133195 0.141263 0.015947
v -0.130054 0.137012 0.012064
v -0.135195 0.134385 0.011069
v -0.139893 0.138752 0.016205
v -0.138062 0.143116 0.021464
v -0.133766 0.145547 0.025327
v -0.139709 0.143246 0.025738
v -0.146392 0.137643 0.022368
v -0.146347 0.137226 0.022412
v -0.144349 0.140042 0.028024
v -0.147120 0.137915 0.027653
v -0.145292 0.136322 0.019015
v -0.145440 0.136438 0.019513
v -0.145937 0.136869 0.020939
v -0.145344 0.136353 0.028560
v -0.146900 0.137706 0.025464
v -0.147189 0.137626 0.028612
v -0.145706 0.136199 0.027173
v -0.149327 0.135311 0.026247
v -0.178529 0.130002 0.026263
v -0.179263 0.134105 0.027785
v -0.152329 0.131865 0.025265
v -0.156126 0.128471 0.026350
v -0.156563 0.125565 0.023099
v -0.157353 0.126586 0.027319
v -0.159334 0.126693 0.028601
v -0.157449 0.126590 0.029718
v -0.154449 0.129478 0.031677
v -0.156530 0.125548 0.034362
v -0.180915 0.098319 0.028755
v -0.178640 0.096343 0.039242
v -0.154024 0.123364 0.040773
v -0.145152 0.136198 0.038486
v -0.146347 0.137226 0.034775
v -0.145937 0.136869 0.036248
v -0.145685 0.136314 0.030022
v -0.146452 0.137690 0.034466
v -0.146900 0.137706 0.031723
v -0.150559 0.133985 0.031695
v -0.147039 0.137828 0.030163
v -0.144467 0.140123 0.029267
v -0.143876 0.139309 0.030032
v -0.142724 0.138284 0.027396
v -0.142587 0.138164 0.030062
v -0.142916 0.134239 0.029703
v -0.143583 0.134823 0.027023
v -0.140926 0.136721 0.027465
v -0.145338 0.136370 0.033087
v -0.140986 0.132566 0.027312
v -0.141543 0.133045 0.031252
v -0.130343 0.144751 0.030514
v -0.140751 0.139711 0.032944
v -0.136533 0.137063 0.029631
v -0.136534 0.137032 0.027566
v -0.128457 0.145025 0.026931
v -0.128779 0.144810 0.030036
v -0.130123 0.143246 0.036426
v -0.122945 0.144873 0.031026
v -0.116430 0.142763 0.029133
v -0.120138 0.144225 0.029202
v -0.121823 0.140997 0.037793
v -0.120975 0.143837 0.024949
v -0.117213 0.141244 0.023904
v -0.124677 0.143064 0.020990
v -0.134824 0.142304 0.020671
v -0.126520 0.137742 0.014844
v -0.120607 0.139072 0.018419
v -0.130587 0.140013 0.016621
v -0.128872 0.136739 0.013901
v -0.132308 0.140522 0.017599
v -0.134056 0.137141 0.014745
v -0.133848 0.136949 0.017102
v -0.135931 0.138749 0.016659
v -0.136310 0.134338 0.013254
v -0.143832 0.135114 0.018397
v -0.142234 0.139196 0.023636
v -0.144285 0.135436 0.016942
v -0.138443 0.141645 0.023136
v -0.141794 0.133268 0.013384
v -0.139848 0.131577 0.013321
v -0.143469 0.134723 0.015603
v -0.142664 0.134024 0.014450
v -0.145128 0.136170 0.024277
v -0.142801 0.134143 0.024799
v -0.134910 0.142855 0.024579
v -0.130331 0.144806 0.026755
v -0.154528 0.123802 0.017289
v -0.151262 0.120962 0.012755
v -0.141334 0.132691 0.015678
v -0.140863 0.132459 0.012411
v -0.140263 0.132001 0.011689
v -0.134766 0.127160 0.010982
v -0.138844 0.130703 0.010771
v -0.134534 0.126955 0.008804
v -0.146962 0.117220 0.009718
v -0.137767 0.129767 0.010114
v -0.135967 0.128211 0.011263
v -0.135092 0.127407 0.014027
v -0.134035 0.131565 0.011623
v -0.131974 0.129188 0.014134
v -0.131974 0.129221 0.009090
v -0.129555 0.129044 0.009434
v -0.128069 0.132724 0.010148
v -0.131856 0.129078 0.010288
v -0.128470 0.128351 0.010284
v -0.131801 0.129095 0.012552
v -0.130039 0.129094 0.013265
v -0.128272 0.128128 0.012563
v -0.127848 0.125625 0.009905
v -0.127814 0.125747 0.013028
v -0.128993 0.122208 0.014270
v -0.127791 0.127915 0.014435
v -0.127886 0.127757 0.013408
v -0.126927 0.128778 0.014843
v -0.128873 0.130719 0.014519
v -0.124369 0.136236 0.014802
v -0.128283 0.130169 0.015509
v -0.120994 0.135210 0.015825
v -0.123276 0.137029 0.015821
v -0.120180 0.130599 0.014445
v -0.116092 0.134681 0.019312
v -0.121613 0.133832 0.014809
v -0.115903 0.127230 0.017774
v -0.114871 0.139827 0.026539
v -0.117282 0.128067 0.016417
v -0.113045 0.133475 0.024714
v -0.113425 0.136324 0.031127
v -0.116285 0.138640 0.034982
v -0.113650 0.131316 0.035450
v -0.118263 0.134016 0.040439
v -0.117196 0.127990 0.040546
v -0.114811 0.123951 0.037128
v -0.117452 0.122549 0.040634
v -0.116447 0.126073 0.039692
v -0.118767 0.123850 0.039762
v -0.119814 0.124758 0.040774
v -0.119403 0.124404 0.042459
v -0.121719 0.127125 0.044337
v -0.122719 0.121137 0.044302
v -0.123913 0.117712 0.045203
v -0.122408 0.120826 0.045738
v -0.125673 0.119254 0.045028
v -0.126356 0.124281 0.046218
v -0.127690 0.121008 0.046110
v -0.125827 0.123844 0.047694
v -0.127381 0.120738 0.047642
v -0.126213 0.119724 0.047073
v -0.128815 0.121981 0.048033
v -0.136179 0.114971 0.048600
v -0.135270 0.107052 0.046778
v -0.129739 0.122787 0.046269
v -0.125072 0.118737 0.046400
v -0.134874 0.127128 0.048254
v -0.123864 0.117108 0.042511
v -0.129470 0.121407 0.046025
v -0.134822 0.126280 0.046020
v -0.141003 0.131727 0.032078
v -0.137030 0.128084 0.045274
v -0.137230 0.128722 0.047282
v -0.138735 0.130587 0.045922
v -0.150145 0.119991 0.045565
v -0.141759 0.122871 0.047429
v -0.140799 0.132066 0.042327
v -0.144016 0.134619 0.036863
v -0.142600 0.133974 0.042859
v -0.140171 0.131857 0.045429
v -0.136696 0.133252 0.044302
v -0.137138 0.133671 0.045814
v -0.139772 0.131502 0.044124
v -0.142382 0.134042 0.043463
v -0.144062 0.135289 0.040738
v -0.144202 0.135362 0.040351
v -0.144861 0.135935 0.039045
v -0.144277 0.135461 0.037520
v -0.138173 0.140244 0.037345
v -0.139119 0.136198 0.041397
v -0.135793 0.138826 0.040362
v -0.134042 0.137092 0.042768
v -0.129601 0.135199 0.044284
v -0.130654 0.139865 0.040714
v -0.134619 0.137629 0.039738
v -0.133663 0.136800 0.040900
v -0.133422 0.130474 0.046123
v -0.136500 0.128661 0.047142
v -0.133600 0.130605 0.047780
v -0.128924 0.130578 0.046049
v -0.134879 0.127258 0.046626
v -0.129907 0.127402 0.046779
v -0.132718 0.125378 0.047787
v -0.131280 0.124118 0.047796
v -0.129738 0.127254 0.048428
v -0.126820 0.128824 0.045732
v -0.128421 0.130231 0.044992
v -0.123782 0.131623 0.044294
v -0.121080 0.135015 0.041451
v -0.127082 0.129153 0.041752
v -0.128313 0.130197 0.041760
v -0.123854 0.135670 0.041428
v -0.123331 0.137686 0.041289
v -0.125202 0.129091 0.047322
v -0.120735 0.127601 0.045622
v -0.119232 0.121040 0.043866
v -0.122186 0.116223 0.043803
v -0.120814 0.115040 0.042127
v -0.116051 0.118877 0.039806
v -0.120511 0.114767 0.041584
v -0.119118 0.113556 0.039045
v -0.113854 0.118465 0.035372
v -0.129897 0.102390 0.040148
v -0.135592 0.107335 0.046106
v -0.155833 0.076517 0.042823
v -0.179241 0.096865 0.019512
v -0.162408 0.082232 0.047446
v -0.151447 0.072704 0.031771
v -0.152931 0.073994 0.019515
v -0.127876 0.100630 0.022265
v -0.127055 0.100054 0.026765
v -0.126404 0.099404 0.027841
v -0.126560 0.099722 0.029463
v -0.124887 0.101306 0.026357
v -0.122451 0.105170 0.025293
v -0.120046 0.079507 0.026225
v -0.117373 0.078981 0.026947
v -0.117071 0.079012 0.025081
v -0.124763 0.073746 0.025362
v -0.121314 0.070748 0.024977
v -0.113435 0.079630 0.024892
v -0.116428 0.076149 0.027228
v -0.115397 0.077275 0.029419
v -0.113473 0.079700 0.032325
v -0.121351 0.070781 0.032213
v -0.117059 0.078997 0.032107
v -0.116931 0.079032 0.030005
v -0.120130 0.079485 0.031039
v -0.122806 0.075939 0.028511
v -0.124751 0.073729 0.031913
v -0.121246 0.070689 0.024781
v -0.121185 0.070636 0.032406
v -0.124821 0.073710 0.025144
v -0.141153 0.056703 0.040690
v -0.120675 0.076985 0.032203
v -0.126430 0.074121 0.039481
v -0.138469 0.057609 0.031589
v -0.141078 0.051937 0.031409
v -0.138629 0.057779 0.023764
v -0.140193 0.059240 0.014676
v -0.141674 0.052310 0.020970
v -0.124037 0.076538 0.017233
v -0.118685 0.078540 0.024996
v -0.126234 0.079293 0.008776
v -0.118989 0.079721 0.016184
v -0.122074 0.083441 0.005596
v -0.122350 0.088016 -0.002695
v -0.126708 0.087530 -0.001751
v -0.116397 0.082966 0.007790
v -0.115095 0.083486 0.003688
v -0.114587 0.080462 0.018012
v -0.111236 0.080130 0.014680
v -0.113126 0.079713 0.024717
v -0.113227 0.079682 0.032703
v -0.115785 0.076667 0.026805
v -0.115448 0.077033 0.030207
v -0.109687 0.078798 0.030038
v -0.110672 0.078303 0.042078
v -0.111712 0.080547 0.044139
v -0.114554 0.081282 0.043535
v -0.109233 0.077484 0.028579
v -0.110249 0.078251 0.017334
v -0.112223 0.079871 0.009534
v -0.110040 0.076688 0.022525
v -0.115222 0.073421 0.016046
v -0.123232 0.064871 0.022889
v -0.125471 0.065966 0.012672
v -0.114035 0.080025 0.005831
v -0.117002 0.083815 -0.001207
v -0.130868 0.071089 -0.000228
v -0.120481 0.086646 -0.006343
v -0.137018 0.076156 -0.008033
v -0.147925 0.053969 -0.001495
v -0.143086 0.049710 0.008101
v -0.140004 0.047646 0.017962
v -0.147538 0.052703 0.002822
v -0.141063 0.047137 0.020352
v -0.143943 0.050036 0.011865
v -0.141918 0.047612 0.038589
v -0.139416 0.046543 0.029600
v -0.141567 0.047948 0.023256
v -0.144213 0.054601 0.010494
v -0.149543 0.058314 0.000722
v -0.143423 0.062057 0.006561
v -0.146983 0.063077 0.002361
v -0.134831 0.081404 -0.000231
v -0.129312 0.079010 0.006135
v -0.145839 0.066565 0.001147
v -0.148176 0.060533 0.002041
v -0.160944 0.067709 0.016473
v -0.157583 0.069921 0.016478
v -0.155678 0.072726 0.016011
v -0.155685 0.067530 0.023031
v -0.152083 0.077918 0.015784
v -0.154253 0.079569 0.015758
v -0.155201 0.076719 0.013805
v -0.158128 0.083178 0.009809
v -0.154611 0.076096 0.014662
v -0.148536 0.074840 0.026838
v -0.151524 0.077198 0.020922
v -0.150293 0.076128 0.027011
v -0.170528 0.093481 0.012531
v -0.177447 0.099732 0.025438
v -0.175233 0.097833 0.018104
v -0.166025 0.090043 0.008636
v -0.165147 0.089013 0.010511
v -0.159234 0.083883 0.011430
v -0.150707 0.076487 0.033292
v -0.152718 0.078236 0.039005
v -0.155841 0.080848 0.043146
v -0.159651 0.084302 0.045908
v -0.175162 0.097746 0.039005
v -0.177419 0.099648 0.032351
v -0.170841 0.093972 0.044411
v -0.165134 0.089029 0.046676
v -0.173304 0.096367 0.012783
v -0.176581 0.095563 0.014172
v -0.177535 0.100048 0.019942
v -0.174454 0.082278 0.008704
v -0.179228 0.088855 0.011968
v -0.177140 0.092111 0.012469
v -0.190490 0.097781 -0.001282
v -0.188380 0.100224 -0.000228
v -0.187734 0.102562 0.001113
v -0.191139 0.101298 0.002369
v -0.174604 0.120308 0.002416
v -0.180669 0.121510 0.010336
v -0.184773 0.097445 -0.004090
v -0.182120 0.087725 -0.009938
v -0.170270 0.115857 -0.003056
v -0.187856 0.092697 -0.006396
v -0.180685 0.095112 -0.006648
v -0.174841 0.081529 -0.012149
v -0.166061 0.113029 -0.006314
v -0.174993 0.089405 -0.009544
v -0.161042 0.108700 -0.009022
v -0.169055 0.083647 -0.010782
v -0.166607 0.074251 -0.011664
v -0.156554 0.101376 -0.010382
v -0.164006 0.080597 -0.010376
v -0.160049 0.068370 -0.009141
v -0.151383 0.096903 -0.010370
v -0.158111 0.074730 -0.008404
v -0.154963 0.063784 -0.005550
v -0.145261 0.090816 -0.008445
v -0.152683 0.069791 -0.004994
v -0.151399 0.060457 -0.001635
v -0.150211 0.063550 -0.001108
v -0.140426 0.086577 -0.005675
v -0.148279 0.065582 -0.000168
v -0.146490 0.066509 0.001363
v -0.157708 0.075565 0.012537
v -0.161009 0.072931 0.011899
v -0.163877 0.069594 0.013296
v -0.165068 0.075131 0.009752
v -0.174410 0.071476 0.011389
v -0.170659 0.080749 0.008126
v -0.169979 0.067907 0.013531
v -0.170301 0.063557 0.017667
v -0.164817 0.066940 0.015484
v -0.178541 0.062987 0.017953
v -0.183658 0.065979 0.017613
v -0.187030 0.060866 0.023397
v -0.184531 0.058216 0.025924
v -0.175934 0.059568 0.022793
v -0.175132 0.058384 0.029129
v -0.166349 0.061717 0.023082
v -0.155963 0.066282 0.028782
v -0.167521 0.060484 0.027961
v -0.165509 0.061797 0.033133
v -0.169158 0.064001 0.039741
v -0.155748 0.067576 0.034389
v -0.161292 0.067528 0.040725
v -0.174420 0.060971 0.036955
v -0.179722 0.063308 0.039180
v -0.182069 0.057961 0.030979
v -0.185807 0.059966 0.033604
v -0.172500 0.067846 0.043775
v -0.177437 0.071539 0.045052
v -0.166425 0.074992 0.047660
v -0.163669 0.069900 0.044049
v -0.161182 0.072682 0.045198
v -0.151387 0.061072 0.058786
v -0.164841 0.066924 0.041667
v -0.149747 0.057743 0.057020
v -0.150991 0.056972 0.058638
v -0.146200 0.051527 0.052732
v -0.154005 0.058430 0.062998
v -0.150840 0.056514 0.062589
v -0.159159 0.062783 0.068510
v -0.160863 0.064676 0.068379
v -0.156538 0.065566 0.064183
v -0.165604 0.071756 0.068861
v -0.148997 0.065241 0.058098
v -0.154072 0.071070 0.063229
v -0.141650 0.091557 0.064998
v -0.159626 0.076044 0.066212
v -0.136139 0.087020 0.061390
v -0.131540 0.091370 0.063662
v -0.125106 0.085888 0.056475
v -0.131485 0.083090 0.056391
v -0.127659 0.080052 0.050625
v -0.145742 0.066835 0.056148
v -0.146874 0.063207 0.054868
v -0.146609 0.066536 0.055756
v -0.148988 0.065232 0.057437
v -0.158171 0.075412 0.044750
v -0.154362 0.079900 0.044405
v -0.154599 0.076487 0.042914
v -0.155740 0.072707 0.041128
v -0.150117 0.076213 0.037277
v -0.157934 0.069602 0.040556
v -0.148146 0.060445 0.055174
v -0.143508 0.061986 0.050653
v -0.144141 0.054173 0.046248
v -0.140986 0.059844 0.044703
v -0.144315 0.050280 0.046658
v -0.126141 0.077620 0.045553
v -0.118181 0.080039 0.040424
v -0.120708 0.082145 0.048419
v -0.118880 0.085065 0.054627
v -0.126410 0.091632 0.064592
v -0.119101 0.086948 0.060438
v -0.123708 0.089410 0.067185
v -0.130243 0.096650 0.071600
v -0.118058 0.084412 0.060046
v -0.113362 0.081380 0.050935
v -0.118089 0.076388 0.051617
v -0.127904 0.068492 0.051628
v -0.124718 0.065474 0.041233
v -0.140522 0.048078 0.042138
v -0.123332 0.064932 0.034378
v -0.109958 0.076636 0.034620
v -0.113838 0.072077 0.031273
v -0.110717 0.075758 0.029832
v -0.118601 0.066917 0.034268
v -0.114626 0.071196 0.027181
v -0.118570 0.066945 0.022890
v -0.112070 0.074100 0.025610
v -0.113777 0.074710 0.026903
v -0.115195 0.073170 0.029089
v -0.113033 0.075652 0.029563
v -0.117218 0.074976 0.028712
v -0.145292 0.051469 0.053898
v -0.132842 0.072839 0.060430
v -0.142519 0.080337 0.069800
v -0.157538 0.062766 0.069084
v -0.164623 0.068259 0.072428
v -0.153405 0.091196 0.074378
v -0.141834 0.104176 0.076784
v -0.136326 0.092062 0.073107
v -0.128648 0.094144 0.071263
v -0.135664 0.100326 0.075068
v -0.145623 0.109124 0.076791
v -0.144703 0.109257 0.075715
v -0.149171 0.110969 0.072203
v -0.154051 0.116359 0.075491
v -0.154671 0.117896 0.073840
v -0.143239 0.105864 0.072356
v -0.136196 0.099435 0.070166
v -0.146463 0.102616 0.068917
v -0.151253 0.096775 0.072166
v -0.141234 0.099023 0.068532
v -0.147803 0.106140 0.072423
v -0.148583 0.103293 0.072363
v -0.150685 0.104359 0.075241
v -0.147473 0.104908 0.075199
v -0.150782 0.105864 0.072358
v -0.157007 0.101778 0.072247
v -0.148890 0.103352 0.075218
v -0.150484 0.101992 0.076755
v -0.146135 0.104062 0.076856
v -0.147233 0.107573 0.076856
v -0.149417 0.106803 0.075083
v -0.150870 0.112194 0.076783
v -0.151483 0.107243 0.076823
v -0.159182 0.102224 0.076611
v -0.162204 0.098803 0.074464
v -0.150506 0.094724 0.076648
v -0.164004 0.116164 0.072954
v -0.174477 0.108900 0.069560
v -0.181873 0.083916 0.073047
v -0.171781 0.075281 0.074408
v -0.175741 0.077337 0.073596
v -0.181784 0.082843 0.070833
v -0.187973 0.087849 0.069759
v -0.173212 0.075380 0.072023
v -0.173570 0.080248 0.069537
v -0.183023 0.088315 0.066864
v -0.174220 0.088766 0.067019
v -0.167502 0.081419 0.068135
v -0.159577 0.085951 0.067187
v -0.151601 0.097058 0.067495
v -0.145706 0.096534 0.067182
v -0.156754 0.101555 0.067567
v -0.156863 0.101650 0.072097
v -0.151809 0.101416 0.067538
v -0.153345 0.105573 0.068361
v -0.163738 0.106863 0.065634
v -0.180247 0.094047 0.064310
v -0.151177 0.106223 0.067165
v -0.151703 0.107059 0.067241
v -0.151691 0.097156 0.067506
v -0.151399 0.096901 0.072026
v -0.147404 0.103382 0.067308
v -0.145553 0.103790 0.069852
v -0.147492 0.106949 0.070584
v -0.147117 0.104811 0.069589
v -0.143537 0.105822 0.072206
v -0.149823 0.109847 0.071646
v -0.148110 0.106107 0.072269
v -0.149099 0.103624 0.072227
v -0.150441 0.105656 0.065192
v -0.150449 0.105379 0.072222
v -0.148682 0.103716 0.065204
v -0.148378 0.105625 0.064673
v -0.149138 0.107139 0.069976
v -0.140832 0.119494 0.049063
v -0.133128 0.124490 0.048805
v -0.140330 0.121539 0.048107
v -0.132731 0.119612 0.048606
v -0.146494 0.116812 0.047661
v -0.142717 0.113765 0.049165
v -0.141434 0.112577 0.049428
v -0.140651 0.111799 0.048337
v -0.170388 0.089168 0.047641
v -0.185287 0.098469 0.060369
v -0.189168 0.093515 0.062734
v -0.170439 0.112614 0.061580
v -0.187470 0.102866 0.056210
v -0.171771 0.118771 0.058219
v -0.162047 0.112271 0.065770
v -0.161436 0.117657 0.066203
v -0.155466 0.112600 0.069014
v -0.159200 0.119989 0.069321
v -0.168877 0.127870 0.060335
v -0.163919 0.125929 0.068395
v -0.165930 0.122709 0.062786
v -0.171473 0.125531 0.056547
v -0.175756 0.129821 0.048422
v -0.176988 0.125221 0.049016
v -0.173390 0.131988 0.053645
v -0.178461 0.138563 0.044891
v -0.177707 0.135521 0.042025
v -0.171904 0.132886 0.059417
v -0.174278 0.133658 0.058779
v -0.178680 0.137696 0.049192
v -0.168021 0.128025 0.067239
v -0.179678 0.129910 0.056400
v -0.183496 0.116694 0.060242
v -0.162059 0.122960 0.071945
v -0.199381 0.099316 0.059051
v -0.188302 0.121162 0.051362
v -0.194514 0.094249 0.065212
v -0.202318 0.101190 0.054534
v -0.202077 0.100118 0.052721
v -0.189707 0.090852 0.069107
v -0.200199 0.103201 0.045374
v -0.205887 0.103417 0.041673
v -0.206022 0.104382 0.045266
v -0.191665 0.091458 0.065473
v -0.196401 0.096474 0.058657
v -0.197141 0.100418 0.052551
v -0.191909 0.104192 0.051639
v -0.194576 0.098680 0.055671
v -0.190635 0.101495 0.054902
v -0.182882 0.091514 0.040737
v -0.184672 0.084199 0.041710
v -0.184425 0.088025 0.040658
v -0.179971 0.094253 0.041216
v -0.175557 0.098325 0.041417
v -0.176550 0.095518 0.043078
v -0.187601 0.102176 0.055733
v -0.188730 0.099511 0.057759
v -0.177110 0.092451 0.044647
v -0.179260 0.088797 0.045288
v -0.169516 0.093077 0.047378
v -0.176398 0.083415 0.047716
v -0.161617 0.086212 0.048551
v -0.170221 0.080403 0.049066
v -0.182123 0.073442 0.043466
v -0.184144 0.079502 0.042714
v -0.182163 0.085498 0.043894
v -0.192558 0.096635 0.058741
v -0.187433 0.071899 0.038920
v -0.189585 0.078090 0.035988
v -0.187689 0.087440 0.035122
v -0.191406 0.067407 0.030248
v -0.191008 0.079385 0.029129
v -0.190220 0.065928 0.033277
v -0.185731 0.065273 0.038031
v -0.189887 0.059220 0.029514
v -0.188885 0.058291 0.027860
v -0.189601 0.066030 0.022738
v -0.191552 0.068914 0.026616
v -0.189707 0.077333 0.021362
v -0.187837 0.076427 0.018288
v -0.184453 0.088101 0.016446
v -0.189129 0.084698 0.024352
v -0.185282 0.093290 0.022805
v -0.186573 0.092831 0.028323
v -0.185101 0.093498 0.034445
v -0.179107 0.101415 0.030349
v -0.182659 0.091865 0.016442
v -0.180137 0.094078 0.015960
v -0.194931 0.098422 0.001127
v -0.184645 0.084081 0.015363
v -0.201411 0.099994 0.004572
v -0.192538 0.104643 0.006579
v -0.196458 0.096471 -0.001487
v -0.197831 0.101049 0.005938
v -0.197620 0.104880 0.012604
v -0.202484 0.102609 0.011981
v -0.202667 0.105375 0.023010
v -0.206071 0.103895 0.018284
v -0.206898 0.104734 0.030003
v -0.207045 0.104693 0.015589
v -0.201452 0.099620 0.001836
v -0.204497 0.103250 0.007643
v -0.207906 0.106842 0.023837
v -0.189659 0.121928 0.008755
v -0.192409 0.125121 0.022720
v -0.208159 0.105490 0.027134
v -0.208060 0.106330 0.034776
v -0.192535 0.125136 0.034220
v -0.191507 0.123910 0.041245
v -0.184297 0.133594 0.044441
v -0.182781 0.139765 0.034677
v -0.182689 0.139848 0.022578
v -0.181753 0.140381 0.035583
v -0.184527 0.137813 0.031510
v -0.191099 0.130024 0.034282
v -0.187663 0.134169 0.028976
v -0.191107 0.129924 0.022838
v -0.185810 0.136389 0.025468
v -0.183221 0.136846 0.028014
v -0.184513 0.135364 0.026972
v -0.183727 0.138791 0.027150
v -0.183118 0.132682 0.027652
v -0.181769 0.134218 0.027040
v -0.185525 0.134308 0.028661
v -0.184109 0.135785 0.030293
v -0.182618 0.133220 0.030276
v -0.179209 0.137131 0.032489
v -0.181083 0.135079 0.028812
v -0.187015 0.127862 0.032406
v -0.183543 0.124840 0.031810
v -0.179674 0.131574 0.032207
v -0.187064 0.127905 0.024781
v -0.179538 0.132173 0.024936
v -0.179137 0.137114 0.024656
v -0.183474 0.124774 0.025164
v -0.196695 0.107988 0.017780
v -0.181453 0.126451 0.020698
v -0.177024 0.131306 0.011981
v -0.178173 0.126251 0.011071
v -0.178081 0.136499 0.015920
v -0.173246 0.132239 0.002857
v -0.170949 0.125834 -0.000108
v -0.164690 0.120488 -0.006682
v -0.165458 0.125574 -0.007500
v -0.157240 0.113953 -0.011224
v -0.157087 0.118243 -0.013149
v -0.160110 0.122608 -0.014088
v -0.171817 0.132770 -0.002728
v -0.166874 0.127319 -0.010690
v -0.178546 0.138654 0.012815
v -0.178309 0.136927 0.006053
v -0.172524 0.132294 -0.004096
v -0.178204 0.128535 -0.001591
v -0.170996 0.122386 -0.010664
v -0.183772 0.117086 -0.002765
v -0.160442 0.121356 -0.015929
v -0.175348 0.110089 -0.011400
v -0.194753 0.094490 -0.007840
v -0.187220 0.088733 -0.013466
v -0.169679 0.104893 -0.014936
v -0.175441 0.097626 -0.015200
v -0.175538 0.096830 -0.020112
v -0.164985 0.109409 -0.016468
v -0.177682 0.093052 -0.015609
v -0.177843 0.089699 -0.020188
v -0.178049 0.088077 -0.016913
v -0.178250 0.084884 -0.016538
v -0.176301 0.081506 -0.017366
v -0.182117 0.083079 -0.015503
v -0.186137 0.086526 -0.012075
v -0.190233 0.089971 -0.011152
v -0.174194 0.076259 -0.016811
v -0.175593 0.077448 -0.014874
v -0.169310 0.075158 -0.017274
v -0.172424 0.077180 -0.017390
v -0.167412 0.070209 -0.015732
v -0.155888 0.060344 -0.007487
v -0.159872 0.064010 -0.012953
v -0.164918 0.068252 -0.013110
v -0.163250 0.073240 -0.016343
v -0.154575 0.076867 -0.020163
v -0.160492 0.074637 -0.020176
v -0.154567 0.076348 -0.015290
v -0.164322 0.074033 -0.017275
v -0.165753 0.074459 -0.019880
v -0.171138 0.076946 -0.020280
v -0.167943 0.079672 -0.020407
v -0.164459 0.078544 -0.020277
v -0.175826 0.081714 -0.020233
v -0.171305 0.080542 -0.020407
v -0.169114 0.079487 -0.014408
v -0.171528 0.081076 -0.014406
v -0.170710 0.084045 -0.020403
v -0.169661 0.087308 -0.020278
v -0.169892 0.084377 -0.014400
v -0.166481 0.086690 -0.020252
v -0.167065 0.083239 -0.020410
v -0.164818 0.085326 -0.020256
v -0.162820 0.087498 -0.020330
v -0.164638 0.088970 -0.020280
v -0.166675 0.081916 -0.014405
v -0.163984 0.082973 -0.020245
v -0.164538 0.085240 -0.017531
v -0.163507 0.082219 -0.017540
v -0.164039 0.078621 -0.017536
v -0.161443 0.082495 -0.017526
v -0.160425 0.079026 -0.017499
v -0.160862 0.085471 -0.017561
v -0.161202 0.082467 -0.020238
v -0.157874 0.081555 -0.020408
v -0.160106 0.078630 -0.020264
v -0.160533 0.085541 -0.020279
v -0.157871 0.084252 -0.020410
v -0.159191 0.087172 -0.020242
v -0.161337 0.089197 -0.020278
v -0.156411 0.088124 -0.020270
v -0.154374 0.085061 -0.020407
v -0.157428 0.084700 -0.014404
v -0.157870 0.081421 -0.014405
v -0.153744 0.084364 -0.014402
v -0.154539 0.080816 -0.014400
v -0.154336 0.080668 -0.020428
v -0.151304 0.086209 -0.020272
v -0.153532 0.087580 -0.020310
v -0.146214 0.091981 -0.020268
v -0.143534 0.089321 -0.020184
v -0.145089 0.096364 -0.020272
v -0.141407 0.095167 -0.020161
v -0.143115 0.089355 -0.016615
v -0.146545 0.084752 -0.015156
v -0.140534 0.092518 -0.016825
v -0.141224 0.094241 -0.018056
v -0.140638 0.098631 -0.018568
v -0.134891 0.099639 -0.017572
v -0.142018 0.105744 -0.019413
v -0.142808 0.103364 -0.020125
v -0.147564 0.107814 -0.020377
v -0.149590 0.101944 -0.020380
v -0.145719 0.099671 -0.020286
v -0.146146 0.103870 -0.020383
v -0.147709 0.109145 -0.020148
v -0.153340 0.115833 -0.018498
v -0.153588 0.112202 -0.019267
v -0.155715 0.111557 -0.020358
v -0.152462 0.105909 -0.020345
v -0.154990 0.107676 -0.020209
v -0.155147 0.104164 -0.020240
v -0.150124 0.103614 -0.018673
v -0.148260 0.106588 -0.018665
v -0.150604 0.105834 -0.018791
v -0.153757 0.101000 -0.020243
v -0.156270 0.098765 -0.020402
v -0.156137 0.101528 -0.020330
v -0.154216 0.101301 -0.017588
v -0.155424 0.104658 -0.017530
v -0.158253 0.101774 -0.017509
v -0.160138 0.100557 -0.020269
v -0.161861 0.098972 -0.017528
v -0.155362 0.107602 -0.017494
v -0.161705 0.106258 -0.017530
v -0.162348 0.106139 -0.020276
v -0.167493 0.100200 -0.020291
v -0.167065 0.100215 -0.017519
v -0.158627 0.107749 -0.020244
v -0.164799 0.096694 -0.020291
v -0.164561 0.096736 -0.017583
v -0.162328 0.095398 -0.017561
v -0.165083 0.092669 -0.017525
v -0.163094 0.090732 -0.020268
v -0.163070 0.091189 -0.017489
v -0.161430 0.092939 -0.017545
v -0.165439 0.092635 -0.020259
v -0.168053 0.094126 -0.020406
v -0.166792 0.091027 -0.020279
v -0.169977 0.092818 -0.014407
v -0.167762 0.096204 -0.014400
v -0.168363 0.097113 -0.020409
v -0.170787 0.092814 -0.020407
v -0.173553 0.090607 -0.020265
v -0.169924 0.089952 -0.020271
v -0.172511 0.094784 -0.014405
v -0.172486 0.096587 -0.020409
v -0.171360 0.097466 -0.014406
v -0.164141 0.109560 -0.020159
v -0.157990 0.112237 -0.018501
v -0.161097 0.112001 -0.017370
v -0.166873 0.090668 -0.017540
v -0.169803 0.089671 -0.017532
v -0.173213 0.090268 -0.017518
v -0.173186 0.086589 -0.017523
v -0.173415 0.086227 -0.020248
v -0.169581 0.087616 -0.017551
v -0.166547 0.087009 -0.017541
v -0.165036 0.088982 -0.017531
v -0.161114 0.092808 -0.020272
v -0.162209 0.096102 -0.020279
v -0.158972 0.097292 -0.020406
v -0.158619 0.094627 -0.020415
v -0.159496 0.091480 -0.020276
v -0.159131 0.096628 -0.014406
v -0.157024 0.093606 -0.014403
v -0.155508 0.094034 -0.020407
v -0.155162 0.090931 -0.020341
v -0.154378 0.096695 -0.020406
v -0.154285 0.096695 -0.014408
v -0.151740 0.094283 -0.020286
v -0.152409 0.092426 -0.017517
v -0.151031 0.096890 -0.017539
v -0.151594 0.097557 -0.020284
v -0.152456 0.099856 -0.020216
v -0.152057 0.099399 -0.017559
v -0.149209 0.098964 -0.020254
v -0.145949 0.099213 -0.017514
v -0.145741 0.093500 -0.017537
v -0.151343 0.086574 -0.017523
v -0.154988 0.088633 -0.017523
v -0.159114 0.087503 -0.017542
v -0.155785 0.090591 -0.017549
v -0.159460 0.091175 -0.017553
v -0.160949 0.089182 -0.017535
v -0.157115 0.098707 -0.014405
v -0.150659 0.104263 -0.015202
v -0.149888 0.106651 -0.015187
v -0.157008 0.101776 -0.015053
v -0.149138 0.111002 -0.015185
v -0.147539 0.105658 -0.015217
v -0.148460 0.103401 -0.015181
v -0.147770 0.103982 -0.018772
v -0.143248 0.105849 -0.014980
v -0.147738 0.111892 -0.018459
v -0.151253 0.096775 -0.014979
v -0.140882 0.099652 -0.011729
v -0.148004 0.100930 -0.011174
v -0.136262 0.100218 -0.013917
v -0.132673 0.098808 -0.015650
v -0.128972 0.093855 -0.009468
v -0.133002 0.092644 -0.007635
v -0.140160 0.093245 -0.008583
v -0.132655 0.086703 -0.002834
v -0.121722 0.089246 -0.006619
v -0.126238 0.091630 -0.012315
v -0.151663 0.107619 -0.011874
v -0.153465 0.059419 -0.008602
v -0.151451 0.056204 -0.004540
v -0.162910 0.087028 -0.017523
v -0.151019 0.057022 -0.001464
v -0.194258 0.093698 -0.005735
v -0.199515 0.099253 -0.001793
v -0.180419 0.138826 0.012840
v -0.181536 0.140386 0.021742
v -0.180668 0.140521 0.029224
v -0.197650 0.109146 0.030064
v -0.202735 0.105454 0.032238
v -0.180777 0.125950 0.039820
v -0.195702 0.107401 0.042790
v -0.203319 0.104319 0.037761
v -0.180369 0.121254 0.047582
v -0.178842 0.131719 0.038506
v -0.183498 0.124805 0.025362
v -0.186965 0.127819 0.024973
v -0.179400 0.133190 0.032111
v -0.178420 0.130345 0.030976
v -0.181560 0.127092 0.028930
v -0.186909 0.127770 0.032213
v -0.179071 0.136958 0.032312
v -0.181971 0.133751 0.029964
v -0.182982 0.132614 0.028436
v -0.177349 0.128417 0.029742
v -0.176659 0.128463 0.027631
v -0.181333 0.134534 0.027593
v -0.179174 0.136813 0.024862
v -0.175866 0.130130 0.028639
v -0.179364 0.133147 0.025082
v -0.178399 0.130266 0.025319
v -0.179307 0.133981 0.029598
v -0.193829 0.096392 -0.001609
v -0.181066 0.086549 0.012653
v -0.181909 0.080575 0.012623
v -0.183385 0.072376 0.014642
v -0.116681 0.079085 0.032344
v -0.151399 0.096901 -0.014839
v -0.151691 0.097156 -0.010319
v -0.156860 0.101648 -0.014889
v -0.152417 0.101759 -0.010357
v -0.151000 0.106509 -0.010122
v -0.150852 0.108401 -0.012672
v -0.149581 0.107004 -0.012452
v -0.147489 0.106895 -0.013365
v -0.149133 0.110666 -0.015008
v -0.143507 0.105808 -0.014934
v -0.148431 0.106180 -0.015077
v -0.150611 0.105094 -0.015044
v -0.148756 0.106309 -0.008093
v -0.150496 0.105155 -0.008018
v -0.148135 0.103982 -0.015035
v -0.149039 0.103682 -0.008091
v -0.148170 0.104930 -0.007510
v -0.145569 0.103772 -0.012674
v -0.146761 0.102763 -0.010054
v -0.147045 0.105392 -0.012827
v -0.147660 0.103168 -0.009979
v -0.138710 0.113495 0.008133
v -0.142802 0.112318 0.006674
v -0.132845 0.119759 0.008477
v -0.134145 0.117101 0.008625
v -0.129573 0.122640 0.008751
v -0.138904 0.110208 0.009092
v -0.125137 0.118788 0.010771
v -0.141214 0.112470 0.008246
v -0.165642 0.085044 0.009012
v -0.142791 0.113832 0.008038
v -0.133558 0.105572 0.012322
v -0.158643 0.078959 0.011663
v -0.123116 0.117032 0.012411
v -0.121316 0.115466 0.014450
v -0.130206 0.102660 0.016478
v -0.119820 0.114169 0.016708
v -0.118539 0.113053 0.019513
v -0.118043 0.112622 0.020939
v -0.121062 0.115272 0.016467
v -0.115997 0.117917 0.018206
v -0.119118 0.113556 0.018142
v -0.120995 0.115201 0.014783
v -0.118345 0.121803 0.013792
v -0.114767 0.115688 0.023195
v -0.117311 0.111986 0.023924
v -0.112474 0.119794 0.025719
v -0.124754 0.118468 0.010959
v -0.120494 0.126510 0.011601
v -0.122627 0.116630 0.012835
v -0.114778 0.128629 0.016744
v -0.115111 0.133765 0.017569
v -0.113079 0.138590 0.024381
v -0.115650 0.139979 0.021180
v -0.119756 0.135909 0.014410
v -0.124509 0.128600 0.009999
v -0.127625 0.127410 0.009253
v -0.127551 0.125280 0.009055
v -0.126928 0.120354 0.009678
v -0.127918 0.121212 0.011220
v -0.123524 0.124822 0.011977
v -0.119891 0.119436 0.015476
v -0.119434 0.124442 0.014716
v -0.117700 0.122923 0.016654
v -0.119323 0.124324 0.017392
v -0.115818 0.121735 0.019242
v -0.115476 0.117835 0.023481
v -0.118816 0.113295 0.024252
v -0.115280 0.143997 0.028403
v -0.120550 0.114787 0.018843
v -0.120817 0.114718 0.022611
v -0.120831 0.113894 0.020273
v -0.123018 0.116947 0.024682
v -0.124688 0.117232 0.026371
v -0.124321 0.118073 0.028806
v -0.140527 0.131007 0.026217
v -0.139736 0.131485 0.027490
v -0.143374 0.134003 0.022825
v -0.136485 0.127486 0.011379
v -0.127828 0.120900 0.011623
v -0.124241 0.116873 0.014480
v -0.143974 0.134732 0.020403
v -0.142329 0.133294 0.027965
v -0.143738 0.134535 0.026137
v -0.143858 0.133903 0.030884
v -0.143116 0.134419 0.030922
v -0.143482 0.134220 0.034454
v -0.141086 0.119240 0.008586
v -0.136971 0.123298 0.008582
v -0.132421 0.124034 0.008425
v -0.173659 0.092012 0.011604
v -0.117008 0.075461 0.029163
v -0.121675 0.080799 0.030047
v -0.122005 0.080436 0.027451
v -0.121308 0.082047 0.028314
v -0.138336 0.141757 0.034034
v -0.120681 0.114339 0.037601
v -0.142329 0.137938 0.025311
v -0.122232 0.115105 0.027363
vn -0.7492 0.5846 0.3113
vn -0.8022 0.5969 -0.0091
vn -0.7938 0.6082 -0.0001
vn -0.7958 0.5298 0.2931
vn -0.2604 0.1605 -0.9521
vn -0.8019 0.5973 -0.0101
vn -0.6311 0.5448 -0.5521
vn -0.6307 0.5301 -0.5668
vn -0.6097 0.4441 -0.6565
vn -0.6339 0.4846 -0.6027
vn -0.6384 0.4941 -0.5901
vn -0.6565 -0.7544 -0.0005
vn -0.6566 -0.7543 -0.0004
vn -0.6565 -0.7543 -0.0009
vn -0.6530 -0.7574 0.0047
vn -0.6535 -0.7569 0.0032
vn -0.7418 0.5099 0.4356
vn -0.6157 0.5202 0.5918
vn -0.6134 0.5190 0.5953
vn -0.1852 0.1181 0.9756
vn -0.6857 -0.7278 0.0053
vn -0.9981 0.0590 -0.0182
vn -0.9557 0.0851 -0.2818
vn -0.9898 -0.1015 -0.1000
vn -0.1071 0.0278 0.9939
vn -0.7177 0.3481 0.6030
vn -0.6772 -0.7358 0.0006
vn -0.6624 -0.7491 -0.0033
vn -0.6585 -0.7525 -0.0023
vn -0.7992 0.4340 -0.4158
vn -0.7099 0.6039 -0.3625
vn -0.7355 0.3869 -0.5562
vn 0.6728 -0.6655 0.3231
vn 0.8380 -0.5130 0.1861
vn 0.7669 -0.5015 0.4005
vn 0.9410 0.2767 0.1949
vn -0.6471 -0.7623 0.0125
vn -0.6498 -0.7601 -0.0017
vn 0.7715 -0.6178 0.1521
vn 0.7286 -0.6165 0.2985
vn 0.7663 -0.6113 0.1979
vn 0.6566 0.7542 -0.0007
vn 0.6578 0.7532 -0.0012
vn 0.6792 0.7339 -0.0144
vn -0.6437 -0.7652 0.0073
vn 0.6969 -0.6364 0.3307
vn 0.6951 -0.6370 0.3332
vn 0.6777 -0.5973 0.4289
vn 0.6556 0.7552 -0.0001
vn 0.7182 0.6959 -0.0040
vn 0.6541 0.7564 0.0004
vn 0.5038 0.8583 -0.0976
vn 0.0627 0.9970 0.0461
vn 0.0666 0.9967 0.0454
vn 0.6292 0.7762 0.0407
vn 0.6287 0.7770 0.0308
vn 0.5723 0.8138 0.1006
vn 0.6456 0.7623 0.0464
vn 0.1480 -0.8469 -0.5107
vn 0.4588 0.2472 -0.8535
vn -0.7534 -0.0494 -0.6557
vn 0.6470 0.7624 -0.0115
vn 0.6369 0.7710 0.0063
vn -0.7838 0.0998 0.6129
vn 0.6774 0.7355 0.0124
vn 0.7866 0.6175 0.0026
vn -0.3504 0.7972 -0.4917
vn 0.7825 -0.6200 0.0577
vn 0.8383 -0.5450 -0.0123
vn 0.8556 -0.5137 -0.0642
vn 0.8558 -0.5164 0.0299
vn 0.8478 -0.5293 -0.0328
vn -0.6829 -0.7279 -0.0614
vn -0.7482 -0.6633 0.0165
vn -0.6803 -0.7306 0.0593
vn 0.7619 -0.6259 -0.1667
vn 0.7891 -0.6118 -0.0551
vn 0.7712 -0.6161 -0.1605
vn 0.7451 0.0283 -0.6664
vn 0.7530 0.0302 -0.6573
vn 0.7454 0.0284 -0.6660
vn 0.7041 0.0306 0.7094
vn 0.7053 0.0309 0.7082
vn 0.7446 0.0404 0.6663
vn 0.8319 -0.5544 0.0236
vn -0.5255 -0.8477 0.0727
vn -0.2280 -0.9721 0.0551
vn 0.5468 0.8370 0.0190
vn 0.5903 0.8071 0.0153
vn 0.4941 0.8692 0.0182
vn -0.3474 0.4886 -0.8004
vn 0.9123 -0.3515 0.2102
vn 0.6043 0.7967 0.0049
vn 0.6468 0.7626 -0.0059
vn 0.4185 0.0021 -0.9082
vn -0.3320 0.3591 -0.8722
vn 0.6515 0.7586 -0.0015
vn -0.5139 0.5207 -0.6817
vn -0.4602 0.5230 -0.7174
vn -0.3268 0.5198 -0.7893
vn -0.6537 0.5026 -0.5657
vn 0.2708 -0.4018 -0.8748
vn 0.6553 0.7554 0.0008
vn 0.6561 0.7547 -0.0014
vn 0.6550 0.7556 0.0004
vn 0.5496 -0.7420 0.3839
vn 0.8252 -0.4787 -0.2999
vn 0.6557 0.7551 -0.0014
vn -0.2469 0.3650 0.8976
vn -0.0664 0.3602 0.9305
vn -0.2213 0.3651 0.9043
vn -0.4245 0.3572 0.8320
vn 0.6237 0.7816 -0.0061
vn 0.7189 -0.5621 0.4090
vn 0.7160 -0.5543 0.4245
vn 0.7294 -0.5981 0.3320
vn 0.0263 0.0671 0.9974
vn -0.0243 0.1232 0.9921
vn 0.2113 -0.1617 0.9640
vn 0.2741 -0.2371 0.9320
vn 0.7308 -0.6046 0.3169
vn 0.9861 0.1529 0.0656
vn 0.9764 -0.0017 -0.2160
vn 0.9410 0.1459 -0.3055
vn 0.8945 -0.1503 -0.4211
vn 0.9522 -0.1743 -0.2508
vn 0.9415 0.3367 -0.0105
vn 0.8719 0.2964 0.3899
vn 0.9177 -0.0255 0.3965
vn 0.9678 0.0616 0.2442
vn 0.6240 -0.5277 -0.5764
vn 0.5379 -0.4014 -0.7413
vn 0.6776 -0.5837 -0.4473
vn 0.9422 -0.1633 0.2927
vn 0.3360 -0.2695 -0.9025
vn 0.4973 -0.3662 -0.7865
vn 0.8071 0.5277 0.2649
vn 0.5481 0.6295 0.5508
vn 0.6463 0.3827 0.6602
vn 0.7512 0.0543 0.6579
vn 0.3049 0.5662 0.7658
vn 0.4549 0.3433 0.8217
vn 0.1231 0.7410 0.6601
vn 0.2372 0.8872 0.3956
vn -0.0934 0.6307 0.7704
vn 0.0884 0.3714 0.9242
vn -0.0564 0.8920 0.4484
vn -0.3602 0.8714 0.3332
vn -0.3715 0.7296 0.5741
vn -0.0909 0.9713 0.2198
vn -0.4584 0.8683 0.1895
vn 0.2328 -0.0302 -0.9721
vn 0.0166 0.0311 -0.9994
vn -0.1118 0.0849 -0.9901
vn -0.7144 0.6487 -0.2624
vn -0.6814 0.6473 -0.3416
vn -0.6721 0.6462 -0.3614
vn -0.7208 0.6484 -0.2452
vn -0.0736 0.9938 -0.0838
vn 0.1075 0.9928 0.0533
vn 0.0656 0.9660 -0.2499
vn 0.3593 0.8711 -0.3348
vn 0.4639 0.8632 0.1994
vn 0.1295 0.8102 -0.5717
vn -0.1154 0.9153 -0.3860
vn 0.2869 0.6370 -0.7155
vn -0.1538 0.7389 -0.6560
vn 0.0265 0.5496 -0.8350
vn -0.3964 0.8448 -0.3594
vn -0.1904 0.4552 -0.8698
vn -0.4181 0.6666 -0.6171
vn -0.2419 0.9436 -0.2262
vn -0.5027 0.8438 -0.1881
vn -0.5747 0.7677 -0.2834
vn -0.9324 0.0949 -0.3486
vn -0.9930 -0.1113 -0.0396
vn -0.9932 -0.1034 -0.0531
vn -0.9849 -0.0907 0.1478
vn -0.5982 0.7930 -0.1151
vn -0.6432 0.7657 -0.0044
vn -0.7543 0.6421 -0.1369
vn -0.5560 0.6760 -0.4837
vn -0.9542 -0.1689 -0.2468
vn -0.9536 -0.1784 -0.2426
vn -0.6019 -0.7986 -0.0047
vn -0.5878 -0.8070 -0.0572
vn -0.5644 -0.8220 -0.0758
vn 0.7103 0.7019 0.0526
vn 0.7538 0.6551 0.0510
vn 0.7012 0.7129 -0.0134
vn -0.7093 0.7033 -0.0472
vn -0.7191 0.6768 -0.1573
vn -0.7116 0.6804 -0.1754
vn 0.7045 0.7088 0.0353
vn -0.7123 0.6244 -0.3206
vn -0.6272 -0.7722 -0.1018
vn -0.7182 0.6148 -0.3260
vn -0.0616 0.3362 -0.9398
vn -0.0645 0.6390 -0.7665
vn -0.0588 0.3206 -0.9454
vn -0.0625 0.3675 -0.9279
vn -0.0642 0.7415 -0.6678
vn -0.7299 0.6192 -0.2896
vn 0.3112 -0.5870 -0.7474
vn 0.1686 -0.4664 -0.8684
vn 0.0272 -0.3318 -0.9429
vn -0.0160 -0.2882 -0.9574
vn -0.7473 0.6002 -0.2851
vn -0.7869 -0.6170 -0.0098
vn -0.7595 -0.6505 -0.0009
vn -0.8519 -0.5227 -0.0331
vn -0.0543 -0.9985 -0.0005
vn -0.5446 -0.0749 -0.8353
vn -0.5112 -0.0510 0.8580
vn -0.7255 0.6137 0.3115
vn -0.7270 0.6097 0.3159
vn -0.7546 0.5924 0.2822
vn -0.7527 -0.6584 0.0012
vn -0.7108 0.6247 0.3233
vn -0.7690 0.6390 0.0204
vn -0.6450 0.5198 0.5602
vn -0.6103 0.5086 0.6073
vn -0.6708 0.5668 0.4784
vn -0.6467 -0.7627 -0.0015
vn -0.6566 -0.7542 -0.0000
vn -0.6555 -0.7551 0.0034
vn -0.9816 -0.1305 0.1394
vn -0.8669 0.3074 0.3924
vn -0.8968 0.4051 0.1779
vn 0.7162 0.6970 -0.0340
vn 0.6585 0.7525 -0.0072
vn 0.7134 0.6995 -0.0418
vn 0.7256 0.6867 -0.0437
vn -0.7172 0.6567 0.2332
vn -0.9501 -0.2908 -0.1126
vn -0.7124 0.7001 0.0482
vn -0.5498 -0.8309 0.0850
vn -0.5748 -0.8156 0.0661
vn -0.6569 0.7525 0.0476
vn -0.6918 0.7125 0.1171
vn -0.6282 -0.7764 0.0501
vn -0.0285 0.0206 0.9994
vn -0.0290 0.0211 0.9994
vn -0.0411 0.2735 0.9610
vn -0.6839 0.7257 0.0757
vn -0.6105 0.7895 0.0625
vn -0.5675 -0.8208 -0.0650
vn 0.5306 -0.3432 -0.7751
vn 0.4593 -0.2256 -0.8592
vn 0.7925 0.6088 0.0356
vn 0.7166 0.6970 0.0265
vn 0.7541 0.6547 0.0526
vn 0.6627 0.7488 -0.0099
vn 0.6574 0.7535 -0.0031
vn 0.7087 0.7052 0.0229
vn 0.4560 0.0431 -0.8889
vn -0.5282 0.1211 -0.8404
vn 0.6568 0.7541 -0.0007
vn 0.5728 -0.8170 -0.0662
vn -0.5863 0.7488 0.3091
vn -0.6569 -0.7540 0.0012
vn -0.6562 -0.7546 -0.0006
vn -0.6558 -0.7549 -0.0007
vn 0.2220 0.5488 0.8060
vn -0.6386 -0.7695 0.0029
vn -0.6569 -0.7540 0.0011
vn 0.2220 -0.2646 0.9385
vn 0.2736 -0.2671 0.9240
vn 0.3061 -0.2682 0.9134
vn 0.3406 -0.2691 0.9008
vn 0.6272 -0.5664 0.5346
vn 0.6534 -0.7182 0.2393
vn 0.6897 -0.6719 0.2700
vn 0.6637 -0.7333 0.1476
vn 0.7058 -0.7083 0.0103
vn 0.7057 -0.7082 0.0224
vn 0.2870 -0.3342 0.8978
vn 0.7059 -0.7079 0.0242
vn 0.0702 -0.8897 -0.4511
vn 0.0699 -0.9661 -0.2485
vn 0.0172 -0.9850 -0.1718
vn -0.1829 -0.9623 -0.2012
vn -0.0037 -0.9797 0.2002
vn -0.6480 -0.7573 -0.0818
vn -0.3505 -0.7205 -0.5983
vn -0.3006 -0.9536 -0.0174
vn -0.2907 -0.9052 0.3099
vn -0.1547 -0.8554 0.4943
vn -0.6032 -0.6593 0.4488
vn 0.2600 -0.8681 0.4229
vn 0.0023 -0.7469 0.6650
vn -0.1759 -0.6603 0.7301
vn -0.4460 -0.5989 0.6651
vn 0.0360 -0.5956 0.8025
vn 0.1536 -0.5757 0.8031
vn 0.1082 -0.8187 0.5639
vn 0.4047 -0.2948 0.8656
vn 0.6705 -0.7323 -0.1188
vn -0.2356 -0.0336 0.9713
vn -0.6533 -0.7571 -0.0040
vn 0.5262 -0.6643 0.5308
vn 0.3711 -0.6820 0.6303
vn 0.2690 -0.4800 0.8350
vn 0.7234 -0.6340 0.2733
vn 0.6033 -0.7078 0.3675
vn 0.4368 -0.8100 0.3912
vn -0.6316 -0.7752 0.0096
vn -0.6382 -0.7699 -0.0029
vn -0.6361 -0.7714 0.0172
vn -0.6326 -0.7741 0.0256
vn -0.6344 -0.7726 0.0256
vn -0.6392 -0.7687 0.0231
vn -0.6571 -0.7538 0.0053
vn -0.6581 -0.7529 -0.0083
vn 0.3556 -0.4356 0.8269
vn -0.6442 -0.7648 -0.0009
vn -0.6527 -0.7577 -0.0010
vn -0.6564 -0.7544 -0.0001
vn 0.1115 -0.1259 -0.9858
vn 0.1584 -0.1984 -0.9672
vn 0.3299 -0.5220 -0.7866
vn 0.3644 -0.5326 -0.7639
vn 0.1051 0.6203 -0.7773
vn 0.4462 -0.7802 -0.4383
vn 0.5294 -0.4958 -0.6884
vn 0.5350 -0.4974 -0.6829
vn 0.5368 -0.4983 -0.6809
vn 0.5269 -0.4947 -0.6911
vn 0.1165 -0.9459 0.3030
vn 0.1140 -0.1927 -0.9746
vn 0.5438 -0.5039 -0.6711
vn -0.4606 0.5333 -0.7095
vn -0.5150 0.5547 -0.6535
vn -0.4106 0.5256 -0.7451
vn -0.6328 0.5288 -0.5656
vn -0.6171 0.5259 -0.5854
vn -0.5392 0.4570 -0.7074
vn -0.4681 0.3869 -0.7945
vn -0.4470 0.3801 -0.8097
vn 0.6875 0.7249 0.0423
vn 0.6956 0.7149 0.0713
vn 0.7346 0.6692 0.1121
vn 0.6662 0.7448 0.0379
vn -0.7353 -0.6547 -0.1751
vn -0.6667 -0.7446 -0.0330
vn -0.3277 0.2802 -0.9023
vn 0.6577 0.7532 0.0075
vn 0.6559 0.7549 -0.0009
vn 0.6562 0.7546 -0.0008
vn -0.2547 0.2113 -0.9437
vn -0.1300 0.1804 -0.9750
vn -0.6612 -0.7502 -0.0036
vn -0.1952 0.3041 -0.9324
vn 0.0696 0.6265 -0.7763
vn -0.3310 0.4634 -0.8220
vn -0.6550 -0.7556 0.0022
vn -0.6597 -0.7515 -0.0011
vn -0.6600 -0.7513 -0.0009
vn -0.1415 0.2771 -0.9504
vn 0.2737 -0.2833 0.9191
vn 0.2159 -0.3574 0.9087
vn -0.6651 -0.7467 -0.0065
vn -0.7633 0.5141 0.3912
vn -0.7319 0.4509 0.5109
vn -0.7506 0.4860 0.4476
vn -0.5977 0.2630 0.7573
vn 0.5949 -0.7996 0.0819
vn 0.4961 -0.8682 -0.0057
vn 0.5577 -0.8286 0.0478
vn -0.0202 -0.0776 0.9968
vn -0.0244 -0.0413 0.9988
vn 0.0205 -0.0957 0.9952
vn -0.4678 0.3230 0.8227
vn 0.6484 -0.7494 0.1341
vn -0.7556 -0.6550 -0.0044
vn -0.4660 -0.8829 -0.0566
vn -0.0776 -0.9956 0.0516
vn -0.0565 -0.9920 -0.1128
vn -0.1629 -0.9005 -0.4031
vn 0.1478 0.3291 -0.9327
vn 0.1371 0.1558 -0.9782
vn -0.0480 0.2691 -0.9619
vn -0.2517 -0.9677 0.0155
vn -0.2328 -0.9580 -0.1674
vn -0.0233 -0.9981 0.0566
vn -0.2634 -0.9621 -0.0713
vn -0.2225 -0.8058 0.5488
vn -0.9712 -0.2302 0.0619
vn -0.9801 -0.0372 -0.1952
vn -0.9777 -0.2065 0.0385
vn -0.9856 0.1323 -0.1057
vn -0.4745 -0.2558 -0.8423
vn -0.9613 0.2335 -0.1460
vn -0.9966 0.0523 -0.0643
vn -0.9935 -0.0545 0.1003
vn -0.1814 -0.1890 0.9651
vn -0.5276 -0.8307 0.1775
vn -0.3519 -0.0883 0.9319
vn -0.3682 -0.0074 0.9297
vn -0.4877 0.0776 0.8696
vn -0.2346 -0.8728 -0.4281
vn -0.1202 -0.0408 0.9919
vn -0.0104 -0.0427 0.9990
vn -0.6172 0.4716 0.6298
vn -0.6326 0.4790 0.6086
vn -0.7437 0.5277 0.4105
vn -0.7084 -0.7051 0.0304
vn 0.1620 -0.2932 0.9422
vn 0.0047 -0.0693 0.9976
vn 0.1276 -0.2448 0.9611
vn -0.0240 -0.0279 0.9993
vn -0.7512 0.5304 0.3930
vn -0.3615 -0.5141 0.7778
vn -0.3491 -0.5203 0.7794
vn -0.5205 -0.3954 0.7568
vn 0.6031 -0.6308 0.4882
vn -0.6027 -0.1740 0.7788
vn -0.5419 -0.3273 0.7741
vn -0.7438 -0.3177 0.5881
vn 0.0611 -0.0849 0.9945
vn 0.0741 -0.0931 0.9929
vn 0.0945 -0.1059 0.9899
vn 0.1254 -0.1253 0.9842
vn -0.6664 -0.1261 0.7349
vn -0.8466 -0.0215 0.5318
vn -0.9450 -0.1962 0.2616
vn -0.8601 -0.4643 0.2115
vn -0.9368 0.0403 0.3476
vn -0.9924 -0.0894 0.0843
vn -0.9311 -0.3168 -0.1808
vn -0.8930 -0.1341 -0.4295
vn -0.7024 -0.5108 -0.4957
vn -0.8778 0.1708 -0.4476
vn -0.6211 -0.3231 -0.7140
vn -0.7307 -0.0848 -0.6775
vn -0.7322 0.2714 -0.6246
vn -0.8678 -0.0758 -0.4910
vn 0.2810 -0.3225 -0.9039
vn -0.4352 0.3242 -0.8399
vn -0.3681 0.3057 -0.8781
vn -0.3027 0.2867 -0.9089
vn -0.6838 -0.7276 -0.0548
vn -0.6835 -0.7297 -0.0186
vn -0.6833 -0.7301 -0.0080
vn -0.4868 0.3371 -0.8058
vn -0.7292 0.6121 0.3061
vn -0.6826 -0.7307 0.0130
vn -0.5983 0.0838 -0.7969
vn -0.4850 -0.0679 -0.8719
vn -0.5571 0.1752 -0.8117
vn -0.8175 0.1379 -0.5591
vn -0.8836 0.3800 0.2737
vn 0.4657 -0.7715 -0.4334
vn 0.4653 -0.8389 -0.2825
vn 0.4669 -0.8183 -0.3353
vn -0.3404 0.1781 -0.9233
vn -0.3406 0.1726 -0.9242
vn -0.3291 -0.0620 -0.9423
vn -0.8586 0.3602 0.3648
vn -0.8515 0.3341 0.4041
vn -0.8659 0.4048 0.2937
vn -0.8672 0.4298 0.2513
vn -0.6561 -0.7547 -0.0001
vn -0.6549 -0.7557 0.0003
vn -0.6561 -0.7547 -0.0002
vn 0.3084 -0.1700 0.9359
vn 0.3625 -0.1720 0.9160
vn 0.3049 -0.0617 0.9504
vn -0.6556 -0.7551 -0.0000
vn 0.6427 0.7653 -0.0354
vn 0.6527 0.7576 0.0043
vn 0.6554 0.7553 0.0016
vn 0.1865 -0.1948 0.9629
vn 0.2386 -0.1742 0.9554
vn 0.1765 -0.0839 0.9807
vn 0.3407 -0.3345 0.8786
vn 0.3903 -0.3126 0.8660
vn 0.6555 0.7551 -0.0102
vn 0.3734 -0.1756 0.9109
vn 0.4586 -0.2131 0.8627
vn 0.4629 -0.7433 -0.4829
vn -0.6538 -0.7567 0.0013
vn 0.6143 0.7767 -0.1390
vn 0.4698 -0.3830 0.7954
vn 0.5957 0.7633 -0.2500
vn 0.6290 0.7648 -0.1397
vn 0.6029 0.7935 -0.0831
vn -0.4994 0.0555 -0.8646
vn 0.1890 0.2066 -0.9600
vn 0.7088 0.6794 -0.1897
vn 0.6890 0.7208 -0.0756
vn 0.7015 0.7112 0.0453
vn 0.6414 0.7663 0.0367
vn -0.2962 0.2758 0.9145
vn -0.2676 0.2356 0.9343
vn -0.1946 0.1641 0.9671
vn 0.7453 0.6527 -0.1360
vn 0.8126 0.5266 -0.2497
vn -0.4175 0.3507 0.8383
vn -0.2723 0.2620 0.9259
vn 0.6855 0.7225 -0.0901
vn 0.7029 0.7111 -0.0161
vn 0.7151 0.6924 -0.0956
vn -0.3386 0.2949 0.8935
vn -0.5310 0.4519 0.7168
vn 0.4455 -0.8207 0.3577
vn 0.4456 -0.8202 0.3589
vn 0.4455 -0.8205 0.3581
vn 0.4457 -0.8197 0.3597
vn -0.3903 0.5695 0.7234
vn -0.3499 0.4057 0.8444
vn -0.2597 0.4425 0.8583
vn -0.6951 -0.7187 -0.0170
vn -0.7391 -0.6097 0.2865
vn -0.6893 -0.7244 0.0124
vn -0.7700 -0.6071 0.1964
vn -0.8542 -0.3835 0.3510
vn -0.5237 0.6404 0.5618
vn -0.7180 -0.6854 0.1210
vn -0.7647 -0.6344 0.1127
vn -0.7727 -0.6248 0.1124
vn -0.6551 -0.7555 -0.0055
vn -0.5580 0.6796 0.4762
vn -0.6478 -0.7618 -0.0065
vn 0.4164 -0.7741 -0.4768
vn 0.5722 -0.6849 -0.4511
vn 0.5889 -0.7452 -0.3129
vn 0.4380 -0.5849 -0.6827
vn 0.4425 -0.4956 -0.7474
vn 0.2875 -0.7289 -0.6213
vn 0.1662 -0.5511 -0.8177
vn 0.1898 -0.5011 -0.8443
vn 0.0405 -0.3636 -0.9307
vn -0.0825 -0.4784 -0.8742
vn 0.0021 -0.7193 -0.6947
vn -0.7111 -0.7030 0.0108
vn -0.6938 -0.7202 0.0042
vn -0.6808 -0.7325 -0.0002
vn 0.6990 -0.6712 0.2467
vn -0.6473 -0.7621 -0.0119
vn 0.0214 -0.5172 -0.8556
vn 0.0210 -0.5251 -0.8508
vn 0.5337 -0.8366 0.1235
vn -0.9202 0.3817 -0.0871
vn -0.9107 0.3924 -0.1289
vn -0.9329 0.3600 -0.0101
vn -0.1178 -0.2711 -0.9553
vn -0.1499 -0.2075 -0.9667
vn 0.0382 -0.3080 -0.9506
vn -0.2829 -0.1370 -0.9493
vn 0.0410 -0.4905 -0.8705
vn 0.5484 -0.8259 -0.1308
vn -0.2855 -0.2724 -0.9189
vn -0.8999 0.4164 0.1296
vn -0.6443 -0.7627 -0.0565
vn -0.6507 -0.7585 -0.0344
vn -0.6508 -0.7587 -0.0275
vn -0.6498 -0.7599 -0.0184
vn 0.4895 -0.7552 -0.4358
vn 0.6730 -0.7250 -0.1462
vn 0.6549 -0.7334 -0.1825
vn -0.4117 -0.2170 -0.8851
vn 0.6922 -0.7141 -0.1046
vn -0.6465 -0.7626 -0.0204
vn -0.0342 -0.0327 -0.9989
vn -0.0070 -0.0553 -0.9984
vn -0.0279 -0.0358 -0.9990
vn -0.7758 0.6301 -0.0326
vn -0.0048 -0.0554 -0.9985
vn -0.0075 -0.0668 -0.9977
vn -0.7980 0.3467 -0.4930
vn -0.7942 0.3243 -0.5140
vn -0.7472 0.1581 -0.6456
vn -0.7432 0.1478 -0.6525
vn -0.4306 -0.3894 -0.8142
vn -0.2954 -0.5824 -0.7573
vn 0.0651 0.0573 0.9962
vn 0.2923 0.1734 0.9405
vn -0.1144 0.2839 0.9520
vn 0.0221 -0.0708 0.9972
vn -0.0334 -0.0166 0.9993
vn -0.0254 -0.2869 0.9576
vn -0.1855 -0.1057 0.9769
vn 0.5144 0.0628 0.8553
vn 0.6093 -0.2158 0.7630
vn 0.7649 -0.3181 0.5601
vn 0.4603 -0.3137 0.8305
vn 0.5195 -0.3289 0.7886
vn 0.6252 -0.4007 0.6697
vn 0.6563 -0.4504 0.6053
vn 0.6686 -0.4574 0.5863
vn 0.7084 -0.4821 0.5155
vn 0.8695 -0.3724 0.3245
vn -0.6594 -0.7518 -0.0049
vn -0.6585 -0.7526 -0.0023
vn -0.6659 -0.7460 -0.0003
vn -0.6558 -0.7550 0.0009
vn 0.5471 0.8287 -0.1180
vn 0.5881 -0.5342 0.6072
vn 0.6197 -0.5440 0.5657
vn 0.5327 -0.4638 0.7079
vn -0.6526 -0.7577 0.0009
vn 0.5207 -0.4775 0.7077
vn 0.3591 -0.3045 0.8822
vn -0.6590 -0.7521 0.0003
vn -0.6567 -0.7542 -0.0019
vn -0.6586 -0.7525 0.0004
vn 0.7275 -0.6666 0.1624
vn -0.6560 -0.7547 -0.0000
vn -0.6561 -0.7547 -0.0000
vn 0.1784 -0.1797 0.9674
vn 0.7266 -0.6776 -0.1137
vn 0.6595 -0.6025 -0.4494
vn 0.6916 -0.6343 -0.3455
vn -0.6796 -0.7328 0.0345
vn -0.5873 -0.8094 0.0078
vn -0.5587 -0.8294 0.0001
vn -0.7506 -0.6584 0.0567
vn 0.3019 -0.7246 -0.6195
vn 0.7118 -0.5916 -0.3787
vn -0.2494 -0.1544 -0.9560
vn -0.0445 -0.2390 -0.9700
vn -0.2619 -0.0993 -0.9600
vn -0.5290 -0.1124 -0.8411
vn 0.2388 -0.0150 -0.9710
vn 0.2567 -0.0113 -0.9664
vn 0.2588 -0.0108 -0.9659
vn 0.2379 -0.0152 -0.9712
vn -0.0566 0.9983 -0.0141
vn 0.1810 0.9824 0.0456
vn -0.0873 0.9962 0.0024
vn 0.7532 0.0302 -0.6571
vn -0.1656 0.9862 -0.0063
vn -0.2811 0.3632 -0.8883
vn -0.1136 0.1196 -0.9863
vn -0.1121 0.1111 -0.9875
vn -0.0677 0.0473 -0.9966
vn -0.1425 0.9890 -0.0404
vn -0.0591 0.0429 -0.9973
vn 0.7394 -0.6733 -0.0042
vn 0.7610 -0.6487 -0.0105
vn 0.7482 -0.6631 -0.0222
vn 0.7587 -0.6510 0.0242
vn 0.7638 -0.6447 0.0323
vn -0.1564 0.9872 0.0318
vn 0.7388 -0.6737 0.0195
vn -0.0634 0.1279 0.9898
vn -0.0703 0.0496 0.9963
vn -0.1543 0.0929 0.9836
vn -0.0585 0.9976 0.0369
vn -0.2173 0.1603 0.9629
vn 0.1481 0.9887 0.0247
vn -0.1961 0.9806 0.0039
vn 0.0254 0.1301 0.9912
vn -0.5598 -0.1139 0.8208
vn -0.5888 -0.1249 0.7985
vn -0.5864 -0.1240 0.8004
vn -0.7701 0.6379 0.0020
vn -0.7661 0.6424 -0.0204
vn -0.7823 0.6214 -0.0436
vn -0.5571 -0.1129 0.8227
vn 0.2815 -0.0179 0.9594
vn 0.0821 -0.0166 0.9965
vn 0.0433 -0.0163 0.9989
vn 0.3052 -0.0180 0.9521
vn -0.6555 -0.7552 -0.0002
vn -0.6561 -0.7547 -0.0008
vn -0.6557 -0.7550 -0.0004
vn -0.7622 0.6470 0.0231
vn 0.6552 0.7554 -0.0000
vn 0.6490 0.7608 -0.0054
vn 0.6517 0.7585 -0.0031
vn 0.6449 0.7642 -0.0088
vn 0.0678 -0.0373 -0.9970
vn 0.0920 -0.0433 -0.9948
vn 0.1027 -0.0400 -0.9939
vn -0.7203 0.6828 0.1218
vn -0.8328 0.5475 -0.0814
vn -0.7108 0.6930 -0.1207
vn -0.6551 -0.7555 0.0001
vn -0.8201 0.5065 -0.2665
vn -0.7205 0.6346 -0.2796
vn -0.5276 0.8233 -0.2092
vn -0.8314 0.5421 0.1219
vn -0.9641 0.2566 -0.0691
vn -0.6161 0.7367 0.2786
vn -0.7872 0.5102 0.3464
vn -0.9484 0.2529 0.1915
vn -0.5365 0.6922 0.4827
vn -0.4000 0.9009 0.1682
vn -0.3397 0.9026 0.2644
vn -0.2119 0.8452 0.4907
vn -0.1108 0.7655 0.6338
vn 0.0979 0.9538 0.2841
vn 0.1758 0.8847 0.4318
vn -0.0173 0.9881 0.1527
vn 0.3308 0.9153 0.2298
vn 0.2452 0.9574 0.1526
vn 0.0636 0.9941 0.0879
vn 0.2144 0.9766 -0.0157
vn 0.0673 0.9916 -0.1105
vn -0.7580 0.6520 -0.0175
vn -0.7534 0.6575 0.0076
vn -0.7540 0.6565 -0.0196
vn -0.7464 0.6651 0.0209
vn -0.7373 0.6753 0.0186
vn 0.0599 -0.0469 0.9971
vn 0.0602 -0.0470 0.9971
vn 0.0609 -0.0472 0.9970
vn 0.9453 0.3258 -0.0157
vn 0.9583 0.2811 0.0516
vn 0.9444 0.3101 0.1092
vn 0.9363 0.3072 0.1705
vn 0.0834 0.9749 -0.2066
vn 0.2682 0.9525 -0.1445
vn 0.9233 0.3764 -0.0763
vn 0.9460 0.2745 -0.1727
vn 0.9725 -0.2092 -0.1021
vn 0.9153 0.3331 -0.2265
vn 0.6589 -0.7037 -0.2658
vn 0.6732 -0.6565 -0.3403
vn 0.7061 -0.6557 -0.2675
vn 0.6846 -0.7028 -0.1932
vn 0.6394 -0.7615 -0.1060
vn 0.6485 -0.6681 -0.3649
vn 0.5859 -0.6635 -0.4652
vn 0.5416 -0.5745 -0.6137
vn 0.8897 -0.1209 -0.4403
vn 0.8645 0.3878 -0.3198
vn 0.5126 -0.6053 -0.6089
vn 0.4383 -0.5417 -0.7173
vn 0.4008 -0.4490 -0.7986
vn 0.5566 -0.5149 -0.6520
vn 0.6526 -0.6019 -0.4603
vn 0.7134 -0.6632 -0.2263
vn -0.4343 -0.8923 -0.1232
vn 0.0421 -0.9808 -0.1904
vn 0.1530 -0.9805 -0.1235
vn -0.3735 -0.9035 -0.2101
vn -0.3659 -0.9014 -0.2315
vn -0.7702 -0.6363 0.0440
vn -0.7848 -0.6187 0.0364
vn -0.8759 -0.4821 -0.0176
vn -0.5653 0.7028 0.4319
vn 0.2321 -0.9672 -0.1034
vn -0.3724 -0.9280 0.0067
vn -0.3491 -0.9370 0.0142
vn -0.0523 -0.9900 0.1308
vn -0.8936 -0.4479 -0.0302
vn -0.9934 0.0525 0.1017
vn -0.9747 -0.1180 -0.1896
vn -0.8982 0.1979 0.3925
vn -0.9639 0.0227 0.2653
vn -0.7023 0.4306 0.5669
vn -0.7428 0.2389 0.6254
vn -0.8390 -0.0996 0.5350
vn -0.8843 -0.1009 0.4558
vn -0.5335 0.5898 0.6062
vn -0.6984 0.0635 0.7129
vn -0.5519 0.4372 0.7101
vn -0.6741 0.3424 0.6545
vn -0.4854 0.4828 0.7289
vn 0.4941 -0.5480 0.6749
vn 0.1986 -0.7709 0.6052
vn 0.1480 -0.8015 0.5795
vn 0.5405 -0.4964 0.6793
vn 0.7510 -0.2236 0.6213
vn 0.7476 -0.5371 -0.3906
vn 0.6347 -0.6520 -0.4148
vn 0.8168 -0.5697 -0.0908
vn 0.7632 -0.1871 0.6185
vn 0.6278 -0.7244 -0.2848
vn 0.4151 -0.8009 -0.4315
vn 0.6243 0.7798 0.0460
vn 0.5990 0.7987 0.0572
vn 0.6243 0.7760 0.0903
vn 0.5996 0.7997 0.0309
vn 0.5984 -0.3236 -0.7330
vn 0.6058 -0.4272 -0.6712
vn 0.5695 -0.2742 -0.7749
vn 0.3061 -0.1666 -0.9373
vn 0.6136 -0.4531 -0.6467
vn 0.7900 -0.6054 -0.0966
vn 0.5859 0.8104 0.0080
vn 0.6184 0.7858 0.0042
vn 0.6914 0.7135 0.1135
vn 0.8118 0.5770 0.0902
vn 0.7091 0.7046 -0.0264
vn 0.7083 0.7044 0.0452
vn 0.7215 0.6860 0.0942
vn 0.6572 0.7446 0.1167
vn 0.6482 0.7566 0.0863
vn 0.6390 0.7667 0.0620
vn 0.6054 0.7958 -0.0147
vn 0.6142 0.7883 -0.0353
vn 0.6267 0.7769 -0.0606
vn 0.6405 0.7657 -0.0591
vn 0.6586 0.7495 -0.0673
vn 0.6833 0.7279 -0.0575
vn 0.6912 0.7220 -0.0309
vn -0.3556 0.4487 -0.8198
vn -0.3115 0.3459 -0.8851
vn -0.4659 0.5898 -0.6596
vn -0.6329 0.6681 -0.3913
vn 0.7015 0.7124 0.0200
vn -0.2996 0.0173 -0.9539
vn -0.3369 0.2042 -0.9191
vn -0.0847 0.1449 -0.9858
vn 0.7325 -0.0608 -0.6781
vn 0.5242 -0.4299 -0.7351
vn 0.4690 -0.4801 -0.7413
vn 0.7838 0.1362 -0.6059
vn 0.7916 0.1624 -0.5890
vn 0.7211 -0.0784 -0.6884
vn 0.7009 -0.5337 0.4732
vn 0.4131 -0.6182 0.6687
vn 0.4919 -0.4942 0.7168
vn -0.3908 0.6608 0.6408
vn -0.0931 0.8455 0.5257
vn -0.1100 0.8339 0.5409
vn 0.3637 -0.5611 0.7435
vn 0.3493 -0.4734 0.8086
vn 0.6816 -0.3566 0.6389
vn 0.2713 -0.6141 0.7412
vn -0.1049 -0.5243 0.8451
vn 0.2648 -0.3454 0.9003
vn 0.0655 -0.6374 0.7677
vn 0.5074 -0.3038 0.8064
vn -0.1959 -0.3831 0.9027
vn 0.1401 -0.2370 0.9614
vn 0.4389 -0.1845 0.8794
vn 0.3184 -0.0611 0.9460
vn -0.0731 -0.1257 0.9894
vn -0.3479 -0.2009 0.9157
vn -0.1792 0.0028 0.9838
vn 0.1259 -0.0441 0.9911
vn -0.5552 -0.0949 0.8263
vn -0.3315 0.1142 0.9365
vn -0.0756 0.1302 0.9886
vn -0.6750 -0.0210 0.7375
vn -0.4837 0.2371 0.8425
vn -0.1767 0.2498 0.9520
vn -0.7548 0.0159 0.6558
vn -0.6693 0.1832 0.7200
vn -0.5718 0.2842 0.7696
vn -0.3269 0.3674 0.8707
vn -0.1587 0.7368 -0.6573
vn -0.1757 0.6997 -0.6925
vn -0.0711 0.8843 -0.4614
vn -0.1903 0.9224 -0.3362
vn -0.5166 0.4282 -0.7415
vn -0.4938 0.4709 -0.7310
vn -0.6411 0.2660 -0.7199
vn 0.1398 -0.5600 -0.8166
vn 0.1431 -0.3320 -0.9324
vn 0.2791 -0.3813 -0.8813
vn 0.4523 -0.2786 -0.8472
vn -0.1754 -0.4030 -0.8982
vn 0.0496 -0.6019 -0.7970
vn -0.0517 -0.1119 -0.9924
vn -0.1321 -0.6936 -0.7081
vn 0.2226 -0.7464 -0.6272
vn 0.1499 -0.7855 -0.6005
vn -0.4421 -0.4543 -0.7734
vn -0.4771 -0.6063 -0.6362
vn -0.0982 -0.9335 -0.3449
vn 0.0866 -0.9137 -0.3969
vn 0.1688 -0.9849 0.0391
vn 0.3407 -0.8902 -0.3023
vn 0.3358 -0.9413 -0.0361
vn 0.6120 -0.7908 0.0097
vn 0.3610 -0.8963 0.2575
vn 0.1862 -0.7781 0.5999
vn 0.0866 -0.8530 0.5147
vn 0.4047 -0.8059 0.4322
vn 0.6290 -0.7244 0.2823
vn -0.1855 -0.6563 0.7314
vn -0.3293 -0.7429 0.5828
vn -0.0215 -0.5789 0.8151
vn -0.0321 -0.9693 0.2438
vn -0.2688 -0.3602 0.8933
vn 0.1172 -0.3395 0.9333
vn 0.1300 -0.5657 0.8143
vn 0.1894 -0.7198 0.6678
vn 0.2721 -0.3402 0.9001
vn -0.7131 0.1335 0.6882
vn -0.5242 0.4229 0.7392
vn -0.7588 0.0305 0.6506
vn -0.8013 -0.1417 0.5813
vn 0.0030 -0.8570 -0.5154
vn 0.0947 -0.8280 -0.5527
vn -0.0612 -0.8820 -0.4673
vn 0.1692 -0.7869 -0.5934
vn -0.7985 -0.0986 0.5939
vn -0.7870 -0.0238 -0.6165
vn -0.8087 -0.0795 -0.5828
vn -0.8275 -0.1150 -0.5495
vn -0.7815 -0.1368 -0.6087
vn -0.7443 0.0212 -0.6675
vn -0.5000 -0.8436 0.1957
vn -0.3329 -0.9203 0.2056
vn -0.4734 -0.8524 0.2221
vn -0.5216 -0.8051 0.2822
vn -0.6241 -0.0423 -0.7802
vn -0.6852 -0.6417 -0.3444
vn -0.6185 -0.2898 -0.7304
vn -0.4363 0.2036 -0.8765
vn -0.4364 -0.1928 -0.8789
vn -0.5466 0.3208 -0.7735
vn -0.3033 0.0762 -0.9499
vn -0.3044 0.4823 -0.8214
vn -0.1758 0.3522 -0.9193
vn -0.0397 0.6619 -0.7485
vn -0.1932 0.7532 -0.6288
vn -0.4155 0.5759 -0.7041
vn -0.5768 0.4912 -0.6528
vn -0.4888 0.6700 -0.5587
vn -0.6552 0.3736 -0.6567
vn 0.3390 0.2172 -0.9154
vn -0.3970 0.9085 0.1301
vn -0.3855 0.9088 0.1594
vn -0.4429 0.8966 -0.0003
vn -0.4485 0.8936 -0.0183
vn 0.0098 0.7834 0.6215
vn 0.0159 0.7864 0.6175
vn 0.0541 0.8043 0.5918
vn -0.4579 0.5015 0.7341
vn -0.3954 0.5401 0.7429
vn -0.8687 0.4950 -0.0186
vn 0.4978 -0.2877 0.8182
vn 0.3569 -0.2334 0.9045
vn 0.6505 -0.3820 0.6565
vn 0.0595 0.8066 0.5880
vn 0.6784 -0.5347 0.5038
vn 0.7456 -0.5374 0.3941
vn 0.7689 -0.1727 -0.6156
vn 0.8442 0.0087 -0.5359
vn 0.7594 -0.2042 -0.6178
vn 0.8683 0.0621 -0.4921
vn 0.5908 0.8059 -0.0388
vn 0.5942 0.7988 -0.0936
vn 0.5915 -0.6763 0.4391
vn 0.5201 -0.5205 -0.6771
vn 0.4806 -0.5627 -0.6726
vn -0.9037 0.1899 -0.3838
vn -0.8918 0.0397 -0.4507
vn -0.7858 0.2481 -0.5665
vn -0.6885 0.4429 -0.5743
vn -0.7626 0.4922 -0.4197
vn -0.9517 0.0141 -0.3067
vn -0.9081 -0.3641 -0.2071
vn -0.5757 0.7111 -0.4037
vn -0.2745 0.8646 -0.4208
vn -0.2922 0.9289 -0.2276
vn 0.0905 0.9234 -0.3730
vn 0.2114 0.8364 -0.5057
vn 0.3662 0.8846 -0.2887
vn 0.4515 0.8053 -0.3843
vn 0.8733 0.2998 0.3839
vn 0.8489 0.3186 0.4217
vn 0.7962 0.4768 0.3725
vn 0.6897 0.3827 0.6147
vn 0.8078 0.5733 0.1367
vn 0.6001 -0.6425 0.4764
vn 0.6510 -0.6962 0.3025
vn 0.6738 -0.5746 0.4646
vn 0.5082 -0.5750 0.6412
vn 0.5964 -0.6281 0.4997
vn 0.6724 -0.6815 0.2887
vn 0.7026 -0.6457 0.2989
vn 0.6403 -0.7608 0.1057
vn 0.6488 -0.7295 0.2167
vn 0.7569 -0.6535 0.0085
vn 0.7453 -0.6664 0.0204
vn 0.7736 -0.6336 -0.0060
vn 0.5779 -0.8161 0.0093
vn 0.7637 -0.6449 -0.0290
vn 0.7311 -0.6822 -0.0080
vn 0.0610 -0.0902 0.9941
vn 0.9918 -0.0658 0.1097
vn 0.5870 -0.8095 -0.0089
vn 0.7389 -0.6738 -0.0096
vn 0.0276 -0.0615 -0.9977
vn 0.7629 -0.6457 -0.0330
vn 0.7082 -0.1160 0.6964
vn 0.7900 -0.1437 0.5960
vn 0.5843 -0.0773 0.8078
vn -0.0325 -0.9301 0.3660
vn -0.0446 -0.9249 0.3775
vn -0.0162 -0.9359 0.3518
vn 0.8779 -0.1769 0.4449
vn 0.4251 0.5441 0.7233
vn 0.4193 0.5450 0.7261
vn 0.4865 0.5338 0.6916
vn -0.5690 -0.7719 0.2836
vn -0.6471 -0.6435 0.4089
vn -0.5545 -0.7896 0.2627
vn 0.0041 -0.9429 0.3331
vn 0.6455 -0.4428 -0.6224
vn -0.1006 0.2705 -0.9574
vn 0.1233 -0.4507 -0.8841
vn -0.4631 -0.8752 0.1400
vn 0.4102 0.2782 -0.8685
vn 0.8271 0.4951 -0.2660
vn 0.3524 0.5527 0.7552
vn -0.7395 0.6732 -0.0041
vn -0.7436 0.6686 0.0042
vn 0.7349 -0.6778 0.0241
vn -0.1560 -0.9696 0.1887
vn -0.3485 -0.9082 0.2319
vn 0.6098 -0.5675 0.5533
vn 0.4868 -0.5262 0.6972
vn 0.4916 -0.4565 0.7415
vn 0.2927 -0.3529 0.8887
vn 0.3735 -0.4843 0.7912
vn 0.1927 -0.1947 0.9617
vn 0.3387 -0.3255 0.8828
vn 0.0135 -0.2116 0.9773
vn 0.0939 -0.2678 0.9589
vn 0.1906 -0.3189 0.9284
vn 0.3088 -0.3585 0.8810
vn 0.1707 -0.2404 0.9556
vn 0.6630 0.6235 0.4143
vn 0.5224 0.6187 0.5867
vn 0.4415 0.3369 0.8316
vn 0.5704 0.6140 0.5456
vn 0.7713 0.4277 0.4713
vn 0.4448 0.6646 -0.6004
vn 0.5752 0.6751 -0.4619
vn 0.6237 0.6275 -0.4660
vn 0.6760 0.6087 -0.4154
vn 0.4837 0.7063 0.5168
vn 0.4104 0.7434 0.5282
vn 0.3328 0.6900 -0.6427
vn 0.1372 0.4879 -0.8620
vn -0.7485 0.6583 0.0800
vn -0.7473 0.6592 0.0834
vn -0.7445 0.6614 0.0914
vn 0.1725 0.4041 -0.8983
vn -0.0168 -0.0032 -0.9999
vn 0.0029 0.0290 -0.9996
vn -0.0070 0.0280 -0.9996
vn 0.0150 -0.0447 -0.9989
vn -0.0044 -0.0208 -0.9998
vn 0.0168 0.0090 -0.9998
vn 0.4893 0.8714 0.0346
vn 0.6497 0.7324 0.2036
vn 0.6302 0.7552 0.1806
vn 0.7248 0.6205 0.2995
vn -0.9411 0.2529 0.2244
vn -0.7367 0.6698 -0.0931
vn 0.0314 -0.0266 -0.9992
vn -0.4126 0.8509 0.3251
vn 0.3080 0.5311 0.7894
vn -0.5347 0.4953 0.6847
vn 0.0120 -0.0100 0.9999
vn 0.0181 -0.0507 0.9986
vn -0.0092 -0.0180 0.9998
vn 0.0295 0.0352 0.9989
vn -0.6878 -0.3376 0.6426
vn -0.8118 -0.2539 0.5259
vn -0.6290 -0.3691 0.6842
vn 0.0708 -0.9438 0.3227
vn -0.4700 -0.4352 0.7679
vn -0.0114 0.0131 0.9998
vn -0.0234 0.0045 0.9997
vn 0.9706 0.1826 0.1567
vn 0.5900 -0.2566 0.7655
vn -0.1536 -0.1685 0.9737
vn -0.7671 0.6385 0.0624
vn -0.1500 -0.1790 0.9723
vn -0.2061 -0.0239 0.9782
vn 0.7315 -0.6727 0.1114
vn -0.2582 0.0748 0.9632
vn -0.3473 0.1669 0.9228
vn -0.4047 0.2449 0.8811
vn -0.2121 0.1129 0.9707
vn -0.0009 -0.0640 0.9979
vn -0.5959 -0.7623 0.2525
vn -0.4589 -0.6410 0.6152
vn -0.5130 -0.6934 0.5060
vn -0.2933 -0.1953 0.9359
vn -0.6470 -0.7538 -0.1149
vn -0.6708 -0.7182 -0.1852
vn -0.6004 -0.7652 0.2322
vn -0.5829 -0.7714 -0.2555
vn -0.6081 -0.7816 -0.1392
vn -0.6426 -0.5548 0.5285
vn -0.4455 -0.4168 -0.7923
vn -0.2423 -0.3602 -0.9009
vn -0.2600 -0.5815 -0.7709
vn 0.0550 -0.2432 -0.9684
vn -0.0315 -0.5254 -0.8502
vn -0.1567 -0.1261 -0.9796
vn -0.0856 0.0496 -0.9951
vn -0.0299 0.2855 -0.9579
vn -0.0224 0.0907 -0.9956
vn 0.6570 0.7539 -0.0022
vn 0.6575 0.7535 -0.0033
vn 0.6566 0.7542 -0.0015
vn -0.7430 0.6624 0.0955
vn 0.1433 -0.0399 -0.9889
vn -0.7373 0.6748 -0.0319
vn -0.7450 0.6651 -0.0507
vn -0.7533 0.6536 -0.0724
vn -0.6559 -0.7549 -0.0000
vn -0.6560 -0.7548 -0.0001
vn -0.6559 -0.7548 -0.0000
vn -0.0269 0.0068 -0.9996
vn -0.0145 -0.0301 -0.9994
vn -0.0248 -0.0198 -0.9995
vn -0.0698 -0.0025 -0.9976
vn 0.6561 0.7546 -0.0005
vn 0.2109 -0.3773 -0.9018
vn 0.7571 -0.6483 0.0803
vn 0.7555 -0.6506 0.0766
vn 0.7535 -0.6535 0.0719
vn 0.3673 0.1024 -0.9244
vn 0.2774 -0.1360 -0.9511
vn -0.0966 0.0297 -0.9949
vn 0.7549 -0.6347 -0.1649
vn 0.7467 -0.6600 -0.0835
vn 0.7520 -0.6402 -0.1572
vn -0.6560 -0.7548 -0.0002
vn 0.7296 -0.5166 -0.4480
vn -0.0548 0.0060 -0.9985
vn 0.4799 0.5435 -0.6887
vn 0.4758 0.5525 -0.6844
vn 0.4225 0.5485 -0.7215
vn 0.4467 0.4991 -0.7425
vn 0.5317 0.6861 -0.4965
vn 0.7490 -0.6586 -0.0729
vn -0.0030 -0.0288 0.9996
vn 0.0187 0.0448 0.9988
vn 0.0046 -0.0259 0.9997
vn 0.4933 0.5551 -0.6698
vn -0.0464 0.1511 0.9874
vn -0.0030 0.0961 0.9954
vn -0.0305 0.0127 0.9995
vn 0.7810 0.6238 0.0312
vn 0.7396 0.6710 0.0527
vn 0.7504 0.6593 0.0473
vn 0.7923 0.6096 0.0249
vn -0.0636 0.0901 0.9939
vn -0.9787 0.2050 0.0099
vn -0.9276 0.3703 -0.0502
vn -0.9416 0.3347 -0.0371
vn 0.2409 0.2243 0.9443
vn -0.9862 0.1638 0.0244
vn 0.0554 -0.9974 0.0453
vn 0.0014 -0.9980 0.0631
vn 0.2441 -0.9696 -0.0186
vn 0.2977 -0.9539 -0.0372
vn -0.7582 0.6464 -0.0856
vn 0.6639 0.4706 -0.5812
vn 0.6445 0.4876 -0.5890
vn 0.4905 0.5439 -0.6808
vn -0.5228 0.8086 0.2699
vn -0.3864 0.8273 0.4079
vn -0.4928 0.8177 0.2974
vn -0.6194 0.7586 0.2021
vn -0.1186 0.8101 0.5742
vn 0.1608 -0.0272 0.9866
vn 0.2274 -0.1430 0.9632
vn 0.3961 0.4314 0.8106
vn -0.2459 0.2952 0.9232
vn -0.2709 0.4614 0.8448
vn -0.1608 0.1621 0.9736
vn 0.8177 0.0431 0.5740
vn 0.8483 -0.0805 0.5233
vn 0.8194 0.0377 0.5720
vn 0.8503 -0.0920 0.5181
vn 0.7985 -0.5875 0.1317
vn 0.7960 -0.5915 0.1285
vn 0.8407 -0.5059 0.1932
vn -0.9153 0.2803 -0.2892
vn -0.9478 0.3129 0.0606
vn -0.9344 0.3107 0.1742
vn -0.2228 0.1970 0.9547
vn -0.2208 0.1978 0.9551
vn -0.9153 0.0899 -0.3925
vn -0.9165 0.1094 -0.3849
vn -0.4464 -0.6247 -0.6407
vn -0.6587 -0.7428 0.1200
vn -0.6713 -0.7373 0.0756
vn -0.6824 -0.7303 0.0312
vn -0.6541 -0.7442 0.1349
vn -0.6610 -0.7504 0.0026
vn 0.0939 -0.2130 0.9725
vn 0.3837 -0.5992 0.7027
vn -0.2514 0.1808 0.9508
vn 0.0856 -0.0761 0.9934
vn 0.3678 -0.8727 -0.3211
vn 0.3446 -0.8744 -0.3415
vn 0.3494 -0.8742 -0.3373
vn 0.8463 -0.4926 0.2027
vn 0.3727 -0.8722 -0.3167
vn 0.4053 -0.3271 -0.8537
vn 0.3647 -0.4918 -0.7907
vn 0.0775 -0.6797 -0.7294
vn 0.5109 -0.4759 -0.7159
vn 0.6168 -0.2880 -0.7326
vn 0.4385 -0.0365 -0.8980
vn 0.6281 0.1316 -0.7669
vn 0.4803 0.2299 -0.8465
vn 0.4879 0.2444 -0.8380
vn 0.6448 0.2675 -0.7160
vn 0.7202 0.5270 -0.4512
vn 0.6895 0.0333 -0.7235
vn 0.7657 0.5308 -0.3633
vn 0.8162 0.4448 -0.3687
vn 0.7837 0.0898 -0.6146
vn 0.8016 -0.0820 -0.5922
vn 0.8926 0.0165 -0.4505
vn 0.8946 -0.1678 -0.4142
vn 0.7892 -0.3397 -0.5116
vn 0.9655 0.1607 -0.2048
vn 0.8501 0.4243 -0.3120
vn 0.8916 0.3585 -0.2766
vn 0.9112 0.3736 -0.1733
vn 0.3196 0.8605 0.3968
vn 0.1940 0.8902 0.4122
vn 0.2117 0.9208 0.3275
vn 0.3081 0.9285 0.2073
vn 0.2948 0.8143 0.5001
vn 0.0552 0.9798 0.1923
vn -0.6719 0.4616 0.5792
vn -0.5358 0.3140 0.7838
vn -0.6073 0.4672 0.6425
vn -0.5905 0.4063 0.6973
vn 0.4080 0.7917 0.4546
vn -0.3815 0.2417 0.8922
vn -0.2472 0.1334 0.9597
vn -0.5639 0.4730 0.6770
vn -0.4720 0.3859 0.7927
vn -0.7139 0.5025 0.4876
vn -0.7497 -0.6438 0.1532
vn -0.8526 -0.2924 0.4331
vn -0.8240 -0.5227 0.2189
vn -0.5521 0.0275 0.8334
vn -0.8316 -0.5238 0.1845
vn -0.5579 -0.1447 0.8172
vn -0.7149 -0.2731 0.6437
vn -0.7401 -0.6579 0.1390
vn 0.3226 -0.8693 -0.3745
vn 0.0767 -0.8949 -0.4395
vn 0.1211 -0.9715 -0.2038
vn 0.2228 -0.8131 -0.5378
vn -0.8373 -0.5341 0.1168
vn -0.8744 -0.4763 0.0923
vn 0.8243 0.2277 -0.5184
vn 0.2017 -0.7307 -0.6523
vn -0.0676 -0.7342 -0.6755
vn 0.5162 -0.6239 -0.5867
vn 0.2195 -0.7615 -0.6099
vn 0.4278 -0.6076 -0.6692
vn -0.7542 0.1850 -0.6301
vn -0.5103 0.5293 -0.6778
vn -0.4684 0.5931 -0.6549
vn -0.5753 0.4644 -0.6733
vn -0.7989 0.0790 -0.5962
vn -0.8508 -0.0814 -0.5191
vn -0.8368 -0.0463 -0.5456
vn -0.6706 0.7327 -0.1163
vn -0.3970 0.5674 0.7215
vn -0.5461 0.5612 0.6220
vn -0.3990 0.5461 0.7366
vn -0.0498 0.8655 -0.4985
vn 0.0274 0.7228 -0.6905
vn -0.0489 0.8657 -0.4982
vn -0.0354 0.8324 -0.5530
vn 0.1026 0.5524 -0.8272
vn 0.9463 -0.2850 0.1524
vn 0.7397 -0.0377 0.6719
vn 0.7841 0.1632 0.5988
vn 0.7777 0.1405 0.6127
vn 0.6533 -0.2038 0.7291
vn -0.3387 0.4066 0.8485
vn -0.4027 0.2164 0.8894
vn -0.2085 0.2780 0.9377
vn 0.5071 -0.4553 0.7318
vn -0.3510 0.0359 0.9357
vn -0.0814 -0.0979 0.9919
vn 0.7065 0.7052 -0.0596
vn 0.6763 0.7315 -0.0865
vn 0.1538 -0.0588 0.9864
vn 0.6440 0.7608 -0.0804
vn -0.5017 -0.2073 0.8398
vn -0.6588 -0.0101 0.7522
vn -0.5731 0.0582 0.8174
vn 0.1085 -0.7573 0.6440
vn 0.2123 -0.6963 0.6857
vn -0.0584 -0.8189 0.5709
vn -0.7818 0.1256 0.6107
vn 0.3679 -0.5665 -0.7373
vn 0.1399 -0.7296 -0.6694
vn 0.0206 -0.8029 0.5958
vn -0.9027 0.0881 0.4211
vn -0.7388 -0.1364 0.6600
vn -0.9009 0.3068 0.3070
vn -0.9859 0.1650 0.0285
vn -0.9835 -0.0886 0.1577
vn -0.8526 -0.2167 0.4754
vn -0.9316 -0.3586 0.0598
vn -0.5279 -0.4301 0.7323
vn -0.1583 -0.9566 0.2447
vn -0.2157 -0.9007 0.3771
vn -0.8061 -0.2601 -0.5316
vn -0.8413 -0.3503 -0.4117
vn -0.9817 -0.0664 -0.1785
vn -0.9161 0.0885 -0.3911
vn -0.7817 -0.0167 -0.6234
vn -0.9334 0.2770 -0.2282
vn -0.8549 0.2931 -0.4281
vn -0.8035 0.5253 -0.2800
vn -0.8660 0.4999 -0.0109
vn -0.7087 0.6991 0.0950
vn -0.7835 0.5485 0.2920
vn 0.7295 0.6840 -0.0034
vn -0.6304 0.6627 0.4042
vn -0.7389 0.5152 0.4343
vn -0.7414 0.5092 -0.4370
vn -0.5973 0.6087 -0.5222
vn -0.7777 0.1369 0.6136
vn -0.7966 0.0805 0.5991
vn -0.5596 0.4722 0.6811
vn -0.2521 0.7551 0.6052
vn -0.8498 -0.0947 0.5186
vn -0.8393 -0.0662 0.5397
vn 0.1208 -0.8892 0.4412
vn 0.1190 -0.7998 0.5884
vn 0.1986 -0.7851 0.5866
vn 0.2673 -0.8306 0.4885
vn 0.5341 -0.6497 0.5410
vn 0.4348 -0.8180 0.3765
vn 0.3002 -0.8903 0.3423
vn 0.1492 -0.9649 0.2160
vn 0.3820 -0.9151 0.1289
vn 0.2060 -0.9780 -0.0327
vn -0.4197 -0.9059 -0.0566
vn -0.6300 -0.7765 0.0076
vn -0.6452 -0.7640 0.0073
vn -0.5041 -0.8554 0.1190
vn -0.8504 -0.4784 -0.2188
vn -0.8883 -0.4080 -0.2108
vn -0.8934 -0.3886 -0.2254
vn -0.6857 0.5691 -0.4538
vn -0.7360 0.6113 -0.2909
vn -0.7345 0.5336 -0.4193
vn -0.9900 0.1396 -0.0187
vn -0.9287 0.3552 -0.1064
vn -0.9948 -0.0410 -0.0932
vn -0.8386 0.5245 -0.1474
vn -0.5148 -0.8573 0.0003
vn -0.7807 0.6104 0.1340
vn -0.8695 -0.4893 0.0673
vn -0.8678 -0.4926 0.0654
vn -0.3914 -0.9176 -0.0697
vn -0.8407 0.5308 0.1076
vn -0.7723 0.5635 0.2932
vn -0.7204 0.5895 0.3654
vn -0.6778 0.7267 0.1121
vn -0.7694 0.5486 0.3272
vn -0.6133 0.7801 -0.1238
vn -0.7539 0.6569 0.0093
vn -0.2355 0.9562 0.1739
vn -0.8801 0.4749 0.0017
vn -0.0497 0.0019 0.9988
vn -0.8873 0.4611 -0.0119
vn -0.7687 0.6396 0.0013
vn -0.0875 0.0482 -0.9950
vn -0.7551 0.6548 -0.0317
vn -0.7622 0.6466 -0.0313
vn -0.7493 0.6620 -0.0169
vn -0.7068 0.1259 0.6961
vn -0.7068 0.1254 0.6962
vn -0.7068 0.1261 0.6961
vn -0.7066 0.1264 0.6962
vn 0.0283 0.8383 0.5444
vn 0.0293 0.8376 0.5455
vn 0.0272 0.8392 0.5432
vn -0.9289 -0.2423 -0.2800
vn -0.9402 -0.1278 -0.3159
vn -0.9068 -0.3441 -0.2436
vn -0.1576 0.9694 0.1883
vn -0.2044 -0.4375 0.8757
vn 0.5929 0.4735 0.6513
vn 0.0986 0.2924 0.9512
vn 0.0249 0.8411 0.5403
vn 0.5493 0.3244 -0.7701
vn 0.0333 0.5863 -0.8094
vn -0.1392 0.7913 -0.5954
vn -0.0500 0.6948 -0.7175
vn 0.4625 0.8471 -0.2618
vn 0.7497 -0.6616 -0.0154
vn 0.7710 -0.6367 -0.0164
vn 0.7655 -0.6427 -0.0298
vn 0.7469 -0.6649 0.0013
vn 0.7648 -0.6441 0.0165
vn -0.4733 -0.2696 -0.8386
vn 0.6570 0.7539 -0.0001
vn 0.6565 0.7543 -0.0000
vn 0.6568 0.7541 -0.0002
vn -0.0795 0.1041 -0.9914
vn -0.0733 0.0917 -0.9931
vn -0.0603 0.0658 -0.9960
vn -0.0549 0.0552 -0.9970
vn 0.7692 -0.6390 0.0059
vn 0.6573 0.7536 -0.0007
vn -0.0545 0.0599 0.9967
vn -0.0543 0.0596 0.9967
vn -0.0549 0.0607 0.9966
vn -0.0551 0.0609 0.9966
vn 0.7462 -0.6652 0.0269
vn 0.7868 -0.6064 -0.1153
vn 0.6400 -0.7153 0.2806
vn 0.7974 -0.5961 0.0939
vn 0.8273 -0.5108 0.2336
vn 0.9516 -0.2481 0.1816
vn 0.8248 -0.3601 0.4359
vn 0.9206 -0.1565 0.3579
vn 0.9660 0.2004 0.1633
vn 0.8978 0.0881 0.4316
vn 0.7920 -0.0649 0.6070
vn 0.6624 0.0811 0.7447
vn 0.7840 0.3233 0.5299
vn 0.5091 0.2114 0.8343
vn 0.6593 0.4487 0.6034
vn 0.7317 0.5676 0.3775
vn 0.8227 0.4977 0.2748
vn 0.8853 0.3876 0.2569
vn 0.2048 0.8866 -0.4148
vn 0.1713 0.9101 -0.3774
vn 0.4157 0.8460 -0.3340
vn 0.3149 0.7772 -0.5448
vn 0.2634 0.9356 -0.2349
vn 0.1252 0.9712 -0.2027
vn 0.8989 0.4079 0.1599
vn -0.4996 0.3082 -0.8096
vn -0.6503 0.4379 -0.6208
vn -0.5781 0.4468 -0.6828
vn -0.7279 0.5001 -0.4691
vn -0.4549 0.3758 -0.8074
vn -0.4418 0.2742 -0.8542
vn -0.6112 0.4163 -0.6731
vn -0.3509 0.2077 -0.9131
vn -0.4733 0.3559 -0.8058
vn -0.5199 -0.0307 -0.8537
vn -0.3306 0.2710 -0.9040
vn -0.3680 0.2305 -0.9008
vn -0.3008 0.2017 -0.9321
vn -0.8194 0.5660 -0.0906
vn -0.6904 0.5639 -0.4532
vn -0.6298 0.7665 -0.1257
vn -0.8522 0.5111 -0.1116
vn -0.9522 0.2869 -0.1047
vn -0.9906 0.0327 -0.1325
vn -0.9984 -0.0292 -0.0493
vn -0.9974 0.0661 0.0284
vn -0.3700 0.0261 -0.9287
vn -0.3028 0.0286 -0.9526
vn -0.3407 -0.1551 -0.9273
vn -0.4917 -0.0710 -0.8679
vn -0.6281 -0.0822 -0.7738
vn -0.6568 -0.3527 -0.6665
vn -0.6416 -0.7667 0.0214
vn -0.6520 -0.7582 -0.0021
vn -0.6613 -0.7499 -0.0171
vn -0.6353 -0.7702 0.0554
vn -0.2175 -0.2480 -0.9440
vn -0.6561 -0.7547 -0.0060
vn -0.6588 -0.7504 0.0548
vn -0.1061 -0.3266 -0.9392
vn 0.0376 -0.3056 -0.9514
vn -0.1795 -0.2527 -0.9508
vn -0.6205 -0.7809 -0.0715
vn -0.6819 -0.7314 0.0087
vn -0.6953 -0.7060 0.1344
vn 0.1313 -0.2864 -0.9491
vn 0.2809 -0.3109 -0.9080
vn -0.3868 -0.8949 -0.2227
vn -0.1591 -0.9223 -0.3522
vn -0.2130 -0.8514 -0.4794
vn 0.3515 -0.9322 -0.0868
vn 0.5700 -0.8170 -0.0870
vn 0.3488 -0.9325 -0.0933
vn 0.5616 -0.8213 -0.1000
vn -0.0659 -0.9559 -0.2860
vn 0.3139 -0.3053 -0.8990
vn -0.1757 -0.9742 -0.1418
vn -0.5609 -0.7933 -0.2369
vn -0.0457 -0.2544 -0.9660
vn -0.0158 -0.0566 -0.9983
vn 0.0023 -0.0434 -0.9991
vn -0.0337 -0.0226 -0.9992
vn 0.0173 -0.0398 -0.9991
vn 0.0169 -0.0213 -0.9996
vn -0.6408 -0.7386 -0.2093
vn -0.8620 -0.4694 -0.1912
vn -0.0308 0.0019 -0.9995
vn 0.4599 0.8879 -0.0118
vn 0.2497 0.9651 0.0785
vn 0.3374 0.9404 0.0422
vn 0.5490 0.8341 -0.0538
vn 0.9338 -0.3546 -0.0482
vn 0.9846 -0.1673 0.0515
vn 0.9644 -0.2646 0.0005
vn -0.0327 0.0414 -0.9986
vn 0.8918 -0.4418 -0.0971
vn -0.0037 0.0327 -0.9995
vn -0.0521 0.0527 -0.9972
vn -0.4824 -0.8738 -0.0615
vn -0.2150 -0.9731 0.0831
vn -0.3658 -0.9307 0.0041
vn -0.0055 0.0428 -0.9991
vn 0.4976 -0.4824 -0.7209
vn 0.0483 0.0026 -0.9988
vn 0.0547 0.0147 -0.9984
vn 0.0541 0.0071 -0.9985
vn -0.0049 0.0081 -1.0000
vn -0.0725 -0.0483 -0.9962
vn -0.9646 0.2375 0.1150
vn -0.6022 -0.7870 -0.1343
vn 0.9774 -0.1275 -0.1687
vn 0.9792 0.1529 -0.1337
vn 0.9878 0.0647 -0.1420
vn 0.9415 0.3271 -0.0810
vn 0.9392 0.3325 -0.0860
vn 0.9786 -0.1449 -0.1459
vn 0.0066 0.0014 -1.0000
vn 0.0036 -0.0034 -1.0000
vn 0.0095 -0.0038 -0.9999
vn -0.0047 0.0020 -1.0000
vn 0.0108 -0.0046 -0.9999
vn -0.9949 -0.0420 -0.0913
vn -0.9581 -0.2764 -0.0755
vn -0.9950 -0.0463 -0.0879
vn -0.0080 -0.0022 -1.0000
vn -0.9743 0.2008 -0.1016
vn -0.0356 -0.0193 -0.9992
vn -0.0523 -0.0046 -0.9986
vn -0.1111 -0.1287 -0.9854
vn -0.0083 -0.0279 -0.9996
vn -0.9592 -0.2735 -0.0712
vn -0.9713 0.2099 -0.1122
vn -0.6243 -0.7714 -0.1233
vn -0.6460 -0.7571 -0.0975
vn -0.6242 -0.7715 -0.1233
vn -0.0274 0.0179 -0.9995
vn 0.1024 -0.0517 -0.9934
vn 0.0707 0.0891 -0.9935
vn -0.0135 0.0418 -0.9990
vn 0.0527 0.0203 -0.9984
vn 0.0156 -0.9985 -0.0521
vn 0.2250 -0.9728 0.0560
vn 0.1184 -0.9930 0.0005
vn 0.9891 -0.1330 -0.0630
vn 0.9941 -0.0979 -0.0463
vn 0.9989 -0.0429 -0.0204
vn 1.0000 -0.0011 -0.0007
vn 0.0010 -0.0003 -1.0000
vn 0.0009 -0.0003 -1.0000
vn 0.0006 0.0002 -1.0000
vn 0.0013 -0.0009 -1.0000
vn 0.2012 0.9795 -0.0044
vn 0.1787 0.9837 -0.0181
vn 0.2226 0.9749 0.0086
vn 0.2432 0.9697 0.0215
vn 0.0394 -0.0527 -0.9978
vn -0.9751 0.2183 -0.0379
vn -0.9914 0.1298 0.0178
vn -0.9960 0.0701 0.0548
vn -0.9946 -0.0091 0.1033
vn 0.0146 0.0271 -0.9995
vn -0.0439 0.0521 -0.9977
vn 0.0222 -0.0040 -0.9997
vn 0.0214 -0.0590 -0.9980
vn 0.0298 -0.0099 -0.9995
vn 0.0291 -0.0018 -0.9996
vn 0.0315 -0.0008 -0.9995
vn 0.7955 -0.5819 -0.1691
vn 0.8511 -0.5164 -0.0950
vn 0.9521 -0.2537 -0.1705
vn 0.6641 -0.6249 -0.4104
vn 0.7505 -0.6262 -0.2111
vn 0.4920 -0.3672 -0.7893
vn 0.4305 -0.4046 -0.8068
vn 0.6740 -0.2313 -0.7016
vn 0.9165 -0.3305 -0.2254
vn 0.7347 -0.1745 -0.6556
vn 0.9775 -0.1480 -0.1501
vn 0.2317 -0.2355 -0.9439
vn 0.2509 -0.3443 -0.9047
vn 0.4574 -0.0514 -0.8878
vn 0.3268 0.1498 -0.9331
vn 0.3486 0.0584 -0.9354
vn 0.7507 0.1311 -0.6475
vn 0.0986 0.1644 -0.9815
vn 0.2409 0.3373 -0.9100
vn 0.0701 -0.0456 -0.9965
vn -0.0023 -0.0295 -0.9996
vn 0.0307 0.0038 -0.9995
vn 0.3647 0.4816 -0.7969
vn -0.1685 0.2137 -0.9623
vn -0.0375 0.2095 -0.9771
vn -0.0946 0.2124 -0.9726
vn 0.2049 0.6138 -0.7624
vn -0.0230 0.0057 -0.9997
vn -0.0022 -0.0160 -0.9999
vn -0.0533 -0.0360 -0.9979
vn -0.0363 -0.0043 -0.9993
vn -0.0347 0.0709 -0.9969
vn 0.6408 0.0984 -0.7614
vn 0.7694 0.5600 -0.3072
vn 0.3187 -0.8272 -0.4628
vn 0.3155 -0.8344 -0.4520
vn 0.3104 -0.8452 -0.4350
vn 0.3001 -0.8656 -0.4008
vn 0.0103 0.0253 -0.9996
vn 0.0109 0.0264 -0.9996
vn 0.2185 0.9731 -0.0725
vn 0.0415 0.9940 -0.1012
vn 0.1628 0.9861 -0.0324
vn -0.9240 -0.3741 -0.0794
vn -0.9768 -0.1935 -0.0916
vn -0.9098 -0.3996 -0.1120
vn -0.9877 -0.1365 -0.0761
vn -0.0183 0.0107 -0.9998
vn -0.0020 0.0033 -1.0000
vn -0.0197 0.0120 -0.9997
vn -0.0868 0.9847 -0.1510
vn -0.2317 0.9386 -0.2556
vn -0.6121 0.7876 0.0704
vn 0.0036 -0.0003 -1.0000
vn 0.0041 0.0061 -1.0000
vn -0.0028 0.0040 -1.0000
vn 0.0002 0.0081 -1.0000
vn 0.7444 -0.6570 -0.1191
vn 0.6117 -0.7835 -0.1093
vn 0.5243 -0.8387 -0.1474
vn 0.1978 -0.9634 -0.1809
vn 0.7434 -0.6596 -0.1112
vn 0.0738 -0.9873 -0.1404
vn -0.0198 -0.9994 -0.0299
vn 0.0259 -0.0495 -0.9984
vn -0.0206 0.0152 -0.9997
vn 0.0061 0.0060 -1.0000
vn 0.7945 0.5973 -0.1092
vn 0.8007 0.5912 -0.0965
vn 0.7867 0.6045 -0.1247
vn 0.8083 0.5833 -0.0801
vn 0.0035 -0.0055 -1.0000
vn -0.0024 -0.0173 -0.9998
vn 0.9853 -0.1386 -0.0996
vn 0.9881 -0.1280 -0.0849
vn 0.9832 -0.1455 -0.1102
vn 0.5884 0.7970 -0.1361
vn 0.6093 0.7849 -0.1124
vn 0.6090 0.7851 -0.1128
vn 0.6273 0.7734 -0.0913
vn -0.0043 -0.0158 -0.9999
vn 0.9798 -0.1555 -0.1256
vn -0.0033 -0.0289 -0.9996
vn -0.0010 0.0262 -0.9997
vn 0.0282 -0.0140 -0.9995
vn 0.1498 0.1665 -0.9746
vn 0.0389 0.0055 -0.9992
vn -0.0362 -0.0570 -0.9977
vn -0.0062 -0.0340 -0.9994
vn -0.8276 0.5417 -0.1473
vn -0.4322 0.8999 0.0577
vn -0.9912 -0.1028 0.0836
vn 0.0183 0.0255 -0.9995
vn -0.0267 -0.0021 -0.9996
vn -0.0099 -0.0410 -0.9991
vn -0.0605 0.0418 -0.9973
vn 0.0027 -0.0466 -0.9989
vn 0.6108 0.7874 -0.0830
vn 0.9045 0.4074 0.1261
vn 0.0151 0.0178 -0.9997
vn -0.1667 -0.9857 -0.0253
vn 0.1256 -0.9847 0.1206
vn -0.0333 -0.9986 0.0421
vn -0.0262 0.0229 -0.9994
vn 0.9130 -0.3918 -0.1139
vn -0.0925 0.0532 -0.9943
vn -0.1756 0.8353 -0.5210
vn -0.1067 0.8841 -0.4550
vn -0.2051 0.8108 -0.5482
vn -0.3870 0.9207 -0.0508
vn -0.5670 0.8181 -0.0962
vn -0.3068 0.3754 -0.8746
vn -0.0644 0.9090 -0.4118
vn -0.3195 0.2009 -0.9260
vn -0.4528 0.2131 -0.8658
vn -0.3288 -0.9381 -0.1090
vn 0.0008 0.0005 -1.0000
vn 0.0008 0.0004 -1.0000
vn 0.0019 0.0008 -1.0000
vn -0.0008 -0.0000 -1.0000
vn -0.1769 -0.9792 -0.0989
vn 0.0705 -0.9918 -0.1070
vn -0.1749 -0.9798 -0.0965
vn 0.3212 -0.9403 -0.1123
vn 0.3225 -0.9397 -0.1139
vn 0.0814 -0.9911 -0.1056
vn 0.9925 0.0074 -0.1219
vn 0.9947 0.0227 -0.0999
vn 0.9940 0.0172 -0.1078
vn -0.0039 0.0013 -1.0000
vn -0.0032 0.0045 -1.0000
vn -0.0061 0.0038 -1.0000
vn -0.0469 0.9928 -0.1103
vn -0.2760 0.9555 -0.1037
vn -0.2750 0.9560 -0.1023
vn 0.9957 0.0312 -0.0875
vn -0.0354 0.9932 -0.1111
vn -0.0021 0.0090 -1.0000
vn 0.1926 0.9748 -0.1126
vn 0.0022 0.0027 -1.0000
vn -0.7882 0.6042 -0.1168
vn -0.7813 0.6155 -0.1039
vn -0.7814 0.6152 -0.1042
vn -0.7749 0.6253 -0.0924
vn 0.0002 0.0003 -1.0000
vn 0.0056 0.0008 -1.0000
vn 0.1905 0.9755 -0.1101
vn -0.6713 -0.7321 -0.1158
vn -0.6799 -0.7256 -0.1058
vn -0.6798 -0.7257 -0.1056
vn -0.6874 -0.7198 -0.0964
vn -0.0109 0.0007 -0.9999
vn -0.9908 0.0078 -0.1348
vn -0.9392 -0.3256 -0.1091
vn -0.9860 -0.1458 -0.0809
vn -0.7265 0.6771 -0.1172
vn -0.7228 0.6821 -0.1112
vn -0.7231 0.6817 -0.1119
vn -0.9446 -0.3144 -0.0946
vn -0.0178 0.0105 -0.9998
vn -0.0408 0.0044 -0.9992
vn -0.0489 0.0365 -0.9981
vn -0.8620 0.4014 -0.3097
vn -0.9263 0.3131 -0.2095
vn -0.0226 -0.0204 -0.9995
vn -0.1393 0.1137 -0.9837
vn 0.0519 -0.0558 -0.9971
vn 0.0140 -0.0222 -0.9997
vn 0.8805 0.4671 -0.0805
vn 0.9600 0.2797 -0.0113
vn 0.9905 0.1314 0.0409
vn 0.8145 0.5677 -0.1197
vn 0.1860 0.9756 0.1163
vn 0.0028 -0.0210 -0.9998
vn 0.0372 -0.0103 -0.9993
vn -0.8020 0.5893 -0.0979
vn -0.9204 0.3908 0.0143
vn -0.8673 0.4959 -0.0432
vn 0.0369 0.0138 -0.9992
vn -0.7409 0.6568 -0.1403
vn 0.0369 0.0221 -0.9991
vn 0.5689 -0.8130 -0.1242
vn 0.6712 -0.6804 -0.2941
vn 0.6149 -0.7641 -0.1949
vn 0.9771 -0.2048 -0.0578
vn 0.9929 0.0639 -0.1002
vn 0.9550 -0.2946 0.0331
vn 0.9701 0.1884 -0.1532
vn 0.9269 0.3642 -0.0903
vn 0.0663 -0.1173 -0.9909
vn 0.9232 0.3771 -0.0741
vn -0.2639 -0.9565 -0.1246
vn -0.0358 -0.9993 0.0055
vn -0.1653 -0.9861 -0.0156
vn -0.0109 -0.0436 -0.9990
vn 0.1951 -0.9702 -0.1438
vn 0.1025 -0.9942 -0.0316
vn -0.9789 -0.0802 -0.1880
vn -0.9661 -0.1021 -0.2370
vn -0.9954 -0.0359 -0.0885
vn 0.0029 -0.0024 -1.0000
vn 0.0072 -0.0050 -1.0000
vn 0.0042 0.0016 -1.0000
vn -0.0004 0.0005 -1.0000
vn -0.9682 0.2483 0.0292
vn -0.8519 0.5098 -0.1197
vn -0.9020 0.4243 -0.0798
vn -0.7503 0.6496 -0.1224
vn -0.9015 -0.1734 -0.3965
vn -0.0001 -0.0017 -1.0000
vn -0.0012 0.0008 -1.0000
vn -0.7463 0.6583 -0.0983
vn 0.5225 0.8462 -0.1049
vn 0.4020 0.9037 -0.1473
vn 0.5060 0.8581 -0.0877
vn 0.1324 0.9827 -0.1295
vn 0.0064 -0.0053 -1.0000
vn -0.1243 0.9820 -0.1421
vn -0.2951 0.9524 -0.0761
vn -0.0005 -0.0048 -1.0000
vn 0.0086 -0.0074 -0.9999
vn -0.0022 -0.0032 -1.0000
vn -0.1432 -0.9805 -0.1349
vn -0.1549 -0.9759 -0.1534
vn -0.1369 -0.9827 -0.1251
vn 0.4776 -0.8786 -0.0004
vn 0.7950 -0.5955 -0.1155
vn 0.7853 -0.6115 -0.0970
vn 0.7855 -0.6112 -0.0974
vn 0.7760 -0.6257 -0.0803
vn -0.1265 -0.9860 -0.1088
vn -0.0072 -0.0037 -1.0000
vn 0.6708 0.7336 -0.1091
vn 0.6780 0.7282 -0.1004
vn 0.6779 0.7283 -0.1005
vn 0.6842 0.7234 -0.0928
vn -0.3231 0.9404 -0.1061
vn -0.6253 -0.7780 -0.0616
vn -0.6897 -0.7238 -0.0216
vn -0.7378 -0.6750 0.0114
vn -0.0004 -0.0004 -1.0000
vn -0.0003 -0.0004 -1.0000
vn -0.0014 -0.0004 -1.0000
vn -0.5772 -0.8117 -0.0892
vn 0.0009 -0.0004 -1.0000
vn 0.6542 -0.7559 -0.0242
vn 0.5500 -0.8347 0.0266
vn 0.4778 -0.8765 0.0588
vn 0.7167 -0.6950 -0.0579
vn -0.7196 0.6861 -0.1066
vn -0.9918 0.0357 -0.1224
vn -0.9899 0.0454 -0.1344
vn 0.9703 0.2156 0.1092
vn 0.2954 -0.9427 0.1550
vn 0.9450 -0.3048 -0.1189
vn 0.0190 -0.0052 0.9998
vn -0.0086 -0.0102 0.9999
vn 0.0163 0.0169 0.9997
vn 0.0179 0.0074 0.9998
vn -0.0430 0.0076 0.9990
vn -0.3859 -0.9078 -0.1642
vn -0.0579 0.0142 0.9982
vn -0.0420 0.0457 0.9981
vn -0.9202 0.3737 -0.1164
vn -0.9701 -0.1890 0.1520
vn 0.6104 0.6469 0.4571
vn 0.6078 0.5595 0.5635
vn 0.3946 0.6349 0.6642
vn 0.3955 0.6964 0.5989
vn -0.0059 0.0350 0.9994
vn -0.7608 0.6465 -0.0564
vn -0.7537 0.6535 -0.0700
vn -0.7474 0.6593 -0.0818
vn 0.1853 0.5264 0.8298
vn 0.0506 0.3770 0.9248
vn 0.4793 0.7823 0.3978
vn 0.2398 0.7966 0.5550
vn 0.0132 0.6601 0.7511
vn -0.2712 0.5833 0.7656
vn -0.1014 0.4124 0.9053
vn 0.3723 0.8623 0.3432
vn 0.8416 0.3592 -0.4033
vn 0.8139 0.3626 -0.4539
vn 0.9166 0.2223 -0.3324
vn 0.7695 0.4824 -0.4184
vn 0.6930 0.3845 -0.6099
vn 0.3196 -0.4251 -0.8468
vn 0.3089 -0.3693 -0.8765
vn 0.6509 0.5654 -0.5066
vn 0.6449 0.6573 -0.3900
vn 0.6450 0.6599 -0.3854
vn -0.7693 0.6377 -0.0394
vn 0.6561 0.7547 -0.0027
vn 0.6549 0.7557 -0.0002
vn 0.6553 0.7553 -0.0012
vn 0.5311 0.7662 -0.3617
vn 0.5415 0.7662 -0.3459
vn 0.2910 0.4052 -0.8667
vn -0.7041 -0.1035 -0.7025
vn -0.7760 -0.2331 -0.5861
vn -0.7511 -0.1833 -0.6343
vn -0.3303 0.7486 -0.5749
vn -0.4274 0.7636 -0.4840
vn -0.2651 0.7320 -0.6277
vn -0.1476 0.9805 0.1298
vn -0.1373 0.6862 -0.7143
vn 0.3630 0.9245 -0.1167
vn 0.7637 -0.6348 -0.1173
vn 0.7575 -0.6474 -0.0838
vn 0.7594 -0.6439 -0.0934
vn 0.4047 0.2151 0.8888
vn 0.7655 -0.6304 -0.1284
vn 0.6542 0.7563 0.0012
vn -0.7984 -0.2859 -0.5299
vn 0.3341 0.7503 -0.5705
vn 0.4269 -0.3918 -0.8150
vn 0.0406 -0.7736 -0.6324
vn -0.2024 -0.8142 -0.5441
vn 0.0661 -0.7662 -0.6391
vn -0.2200 -0.8150 -0.5360
vn -0.6618 -0.7496 -0.0051
vn -0.0903 -0.9903 -0.1055
vn -0.0718 0.9924 -0.1003
vn -0.0197 0.9995 -0.0251
vn -0.0517 0.9961 -0.0712
vn -0.1085 0.9822 -0.1532
vn -0.0090 0.0126 -0.9999
vn -0.5999 -0.7857 -0.1511
vn 0.7362 -0.6699 -0.0968
vn 0.7336 -0.6732 -0.0929
vn 0.7337 -0.6730 -0.0931
vn 0.7315 -0.6759 -0.0897
vn -0.0001 0.0016 -1.0000
vn -0.0001 0.0019 -1.0000
vn -0.7009 0.7039 -0.1151
vn -0.0000 0.0012 -1.0000
vn -0.8722 -0.4557 -0.1776
vn -0.5558 -0.3077 0.7723
vn -0.7321 -0.1470 0.6651
vn -0.3974 -0.4631 0.7922
vn -0.7886 -0.0310 0.6141
vn 0.0308 -0.8489 0.5277
vn 0.0034 -0.8619 0.5071
vn -0.8059 -0.1729 -0.5662
vn -0.8031 -0.1225 -0.5831
vn -0.8029 -0.1184 -0.5842
vn -0.1819 -0.6364 0.7496
vn -0.7232 -0.6802 -0.1194
vn -0.7700 -0.6010 -0.2144
vn -0.6348 -0.7704 0.0584
vn 0.8172 0.5193 0.2499
vn -0.0578 -0.8170 0.5738
vn -0.5839 0.4797 -0.6549
vn -0.8573 -0.2851 -0.4287
vn 0.0871 0.9767 -0.1960
vn -0.7874 0.5337 -0.3086
vn -0.1099 0.9869 -0.1178
vn -0.0581 0.9983 0.0010
vn 0.9312 0.3646 -0.0011
vn 0.9730 0.2107 -0.0941
vn 0.9759 0.1971 0.0933
vn 0.6506 -0.7585 -0.0378
vn 0.6054 -0.7150 -0.3496
vn 0.3919 -0.9138 -0.1062
vn 0.8195 -0.4973 -0.2848
vn 0.2918 -0.9418 -0.1668
vn 0.6849 -0.5324 -0.4975
vn 0.9508 -0.2652 -0.1603
vn 0.9544 -0.2129 -0.2093
vn 0.7579 -0.6508 0.0464
vn -0.6561 -0.7547 -0.0005
vn -0.6564 -0.7544 -0.0002
vn -0.6563 -0.7545 -0.0003
vn 0.7342 -0.6789 0.0089
vn 0.7443 -0.6678 -0.0097
vn 0.7359 -0.6767 0.0231
vn -0.6566 -0.7543 -0.0000
vn 0.3863 -0.2239 0.8948
vn 0.1350 -0.0990 0.9859
vn 0.1268 -0.0985 0.9870
vn 0.0605 -0.0651 0.9960
vn 0.7292 -0.6835 -0.0324
vn -0.7694 0.6384 0.0213
vn -0.7445 0.6673 0.0213
vn -0.7574 0.6519 0.0368
vn 0.0554 -0.0580 0.9968
vn -0.7659 0.6430 0.0037
vn -0.7683 0.6400 -0.0054
vn 0.5221 0.4817 -0.7039
vn -0.7467 0.6649 -0.0201
vn 0.5554 0.8074 0.1991
vn 0.2516 0.1997 0.9470
vn -0.7404 0.6717 -0.0249
vn -0.4178 -0.3163 0.8517
vn -0.5308 -0.7518 -0.3911
vn -0.8058 0.5358 -0.2522
vn -0.3543 -0.2698 -0.8954
vn 0.9923 0.1158 -0.0448
vn 0.9986 -0.0498 -0.0157
vn 0.9995 -0.0024 -0.0302
vn 0.9972 -0.0741 0.0028
vn 0.0580 -0.0622 -0.9964
vn 0.0580 -0.0627 -0.9963
vn 0.0582 -0.0627 -0.9963
vn 0.9199 0.3260 0.2179
vn 0.9551 0.2847 0.0825
vn 0.0581 -0.0624 -0.9964
vn 0.0579 -0.0619 -0.9964
vn 0.7276 -0.6801 -0.0900
vn 0.7261 -0.6859 -0.0484
vn 0.9992 -0.0122 0.0388
vn 0.9915 0.1090 0.0710
vn -0.1105 0.9917 0.0655
vn -0.0538 0.6738 0.7369
vn -0.0675 0.3763 0.9240
vn -0.0652 0.3117 0.9480
vn 0.9524 0.2789 0.1234
vn -0.0434 -0.5015 0.8640
vn -0.0368 -0.5457 0.8372
vn -0.0114 -0.6965 0.7175
vn -0.0033 -0.7387 0.6740
vn -0.0465 -0.7424 -0.6683
vn -0.0230 -0.6624 -0.7488
vn -0.0248 -0.6689 -0.7430
vn -0.4250 -0.7459 -0.5129
vn -0.6507 -0.5525 0.5209
vn -0.9347 0.0199 -0.3548
vn 0.0758 0.5245 -0.8480
vn -0.7141 0.5629 0.4162
vn 0.0661 -0.7483 0.6601
vn 0.0682 -0.7897 -0.6097
vn -0.0510 -0.8213 -0.5682
vn 0.0880 -0.7665 -0.6362
vn 0.2326 -0.6973 -0.6780
vn -0.5615 -0.0205 -0.8272
vn -0.4820 0.0724 -0.8732
vn -0.7725 0.1128 -0.6249
vn -0.5328 -0.2314 -0.8140
vn -0.2637 -0.7841 -0.5618
vn -0.8403 0.2765 0.4663
vn -0.6092 -0.7817 -0.1332
vn -0.6438 0.5382 0.5440
vn 0.7585 -0.6463 0.0836
vn 0.2732 0.4692 0.8398
vn -0.0043 -0.0047 1.0000
vn 0.8482 -0.4574 -0.2670
vn 0.0821 -0.9542 0.2877
vn -0.6718 -0.7034 -0.2323
vn -0.2182 -0.7748 0.5933
vn -0.2409 -0.7122 0.6594
vn -0.3004 0.9391 -0.1667
vn 0.1021 -0.0617 -0.9929
vn 0.1148 -0.0685 -0.9910
vn -0.8061 -0.1789 -0.5642
vn -0.6004 0.3529 -0.7177
vn -0.0255 0.7639 -0.6448
vn 0.7439 0.6678 -0.0271
vn 0.8337 -0.0326 0.5513
vn 0.8609 0.0241 0.5083
vn 0.2898 0.2284 0.9294
vn -0.6554 -0.7553 0.0003
vn -0.6558 -0.7549 -0.0006
vn -0.6557 -0.7551 -0.0002
vn -0.6560 -0.7547 -0.0010
vn -0.0277 -0.0172 0.9995
vn -0.0044 -0.0180 0.9998
vn -0.0363 -0.0059 0.9993
vn -0.7350 0.6577 0.1651
vn -0.7584 0.6459 0.0876
vn -0.7401 0.6531 0.1606
vn -0.0015 -0.0490 0.9988
vn -0.6191 0.6474 0.4444
vn -0.7569 0.6495 0.0728
vn 0.4734 0.5407 0.6954
vn 0.4129 0.4854 0.7706
vn 0.4710 0.5518 0.6883
vn 0.6007 0.6250 0.4986
vn 0.4029 0.5073 0.7618
vn -0.0165 -0.0150 -0.9998
vn -0.0014 0.0166 -0.9999
vn -0.0215 -0.0014 -0.9998
vn 0.0326 -0.0101 -0.9994
vn 0.0106 0.0076 -0.9999
vn 0.4316 0.4671 0.7717
vn -0.0011 -0.0281 -0.9996
vn 0.5312 -0.8472 0.0063
vn 0.4664 -0.8841 0.0301
vn 0.4460 -0.8942 0.0373
vn 0.5527 -0.8334 -0.0018
vn 0.4683 0.8805 0.0729
vn 0.7104 0.7036 -0.0177
vn 0.6506 0.7594 0.0071
vn 0.4077 0.9085 0.0923
vn 0.0229 -0.0319 -0.9992
vn 0.2304 0.2742 -0.9337
vn -0.8008 0.5938 -0.0783
vn 0.1724 -0.3205 -0.9314
vn -0.9858 -0.1679 0.0063
vn -0.9377 -0.3465 -0.0249
vn -0.9145 -0.4031 -0.0351
vn -0.9910 -0.1332 0.0122
vn 0.7462 -0.6602 0.0855
vn 0.7461 -0.6602 0.0860
vn 0.7462 -0.6602 0.0858
vn 0.4931 0.5368 0.6847
vn 0.7463 -0.6601 0.0854
vn 0.3932 0.7838 0.4807
vn 0.4679 0.7126 0.5228
vn 0.4334 0.4674 0.7705
vn 0.0443 -0.0860 0.9953
vn 0.0095 -0.0628 0.9980
vn 0.0905 -0.8837 0.4592
vn 0.1019 -0.8841 0.4560
vn 0.2178 -0.8808 0.4204
vn 0.6030 -0.7837 0.1489
vn 0.2275 -0.8799 0.4171
vn 0.8351 -0.5064 -0.2151
vn 0.8502 -0.4434 -0.2838
vn 0.8360 -0.5032 -0.2188
vn 0.8519 -0.4331 -0.2945
vn 0.1980 -0.1328 -0.9712
vn 0.2015 -0.0987 -0.9745
vn 0.4761 -0.3786 -0.7937
vn 0.1919 -0.2032 -0.9601
vn 0.2391 -0.2849 -0.9283
vn 0.3193 -0.2865 -0.9033
vn 0.4113 -0.3825 -0.8273
vn -0.5817 -0.7290 -0.3608
vn -0.6445 -0.7433 -0.1789
vn -0.6544 -0.7429 -0.1407
vn 0.0728 -0.2833 -0.9563
vn 0.3773 -0.3546 -0.8555
vn -0.0006 -0.0309 -0.9995
vn -0.6565 -0.7428 -0.1316
vn 0.4383 -0.3931 -0.8083
vn 0.5231 -0.4668 -0.7130
vn 0.5850 -0.5316 -0.6124
vn 0.6053 -0.5344 -0.5899
vn 0.6679 -0.5902 -0.4534
vn 0.6409 0.7675 0.0115
vn 0.6519 0.7583 0.0102
vn 0.7572 -0.5237 -0.3903
vn 0.7394 -0.5058 -0.4444
vn 0.7728 -0.3634 -0.5203
vn -0.6638 -0.7479 0.0050
vn -0.6587 -0.7524 -0.0004
vn -0.6619 -0.7495 0.0051
vn -0.6648 -0.7470 0.0064
vn 0.7159 -0.6264 -0.3084
vn 0.7010 -0.4942 -0.5142
vn -0.6647 -0.7471 0.0061
vn 0.6703 -0.4470 -0.5924
vn 0.8503 -0.4667 -0.2433
vn 0.6453 -0.2025 -0.7366
vn 0.6269 -0.3732 -0.6839
vn 0.7624 -0.5670 -0.3119
vn 0.8123 -0.5651 -0.1440
vn 0.7810 -0.5812 -0.2287
vn 0.9106 -0.3481 -0.2230
vn -0.5385 0.5609 0.6288
vn -0.0697 0.1497 0.9863
vn -0.6558 -0.7550 -0.0000
vn -0.6557 -0.7550 -0.0000
vn -0.6562 -0.7546 -0.0001
vn 0.7714 0.0458 -0.6347
vn 0.5399 -0.3019 -0.7857
vn 0.4549 -0.1931 -0.8693
vn 0.5195 0.0199 -0.8542
vn 0.7415 0.2600 -0.6185
vn 0.8591 0.4023 -0.3165
vn 0.6478 0.5558 -0.5210
vn 0.4862 0.3897 -0.7821
vn 0.3184 0.1456 -0.9367
vn 0.1627 0.1819 -0.9698
vn 0.3004 -0.0384 -0.9531
vn 0.2603 -0.0887 -0.9614
vn 0.3554 -0.1089 -0.9283
vn -0.7943 0.5934 0.1299
vn -0.9477 -0.0319 -0.3175
vn -0.9445 -0.0023 -0.3285
vn -0.6584 -0.7527 0.0060
vn -0.6557 -0.7550 -0.0024
vn -0.6582 -0.7528 0.0047
vn -0.6047 -0.7883 -0.1139
vn -0.6534 -0.7570 -0.0055
vn -0.6626 -0.7489 0.0110
vn 0.6173 -0.6575 0.4319
vn -0.6528 -0.7575 0.0004
vn -0.4836 0.1748 0.8576
vn -0.3988 0.3040 0.8652
vn -0.6451 0.4208 0.6378
vn 0.2777 -0.5088 0.8148
vn -0.5852 0.2929 0.7561
vn -0.5809 0.0819 0.8099
vn -0.7210 0.1929 0.6656
vn -0.6550 -0.7556 -0.0061
vn -0.8701 0.4895 0.0577
vn 0.1587 -0.3100 0.9374
vn -0.4698 0.4539 0.7571
vn -0.8346 0.2582 0.4867
vn -0.8133 0.4365 0.3847
vn -0.5616 0.2811 -0.7782
vn -0.2384 0.1356 -0.9617
vn -0.3325 0.1784 -0.9261
vn -0.7218 0.5919 0.3586
vn -0.6570 -0.7539 -0.0004
vn -0.1702 0.1043 -0.9799
vn -0.3280 -0.2877 -0.8998
vn 0.6663 0.7425 -0.0692
vn 0.4605 -0.3151 -0.8298
vn -0.5635 -0.8164 -0.1261
vn -0.6255 -0.7799 -0.0229
vn -0.6440 -0.7650 0.0007
vn 0.6542 0.7563 0.0028
vn 0.7179 0.6946 0.0470
vn 0.5859 0.8103 -0.0065
vn -0.9772 0.2018 -0.0656
vn 0.2762 0.9058 -0.3212
vn -0.7148 -0.0583 -0.6969
vn 0.6758 0.7368 -0.0203
vn -0.1465 0.9415 -0.3034
vn -0.9779 -0.1024 0.1825
vn 0.6686 0.7436 -0.0051
vn 0.6561 0.7542 -0.0265
vn 0.6562 0.7546 0.0019
vn 0.3350 -0.9315 0.1416
vn 0.8162 0.1413 -0.5602
vn 0.6427 0.7662 0.0013
vn 0.7119 0.7017 0.0290
vn 0.6745 0.7341 0.0786
vn 0.6729 0.7384 0.0444
vn -0.7912 -0.3479 0.5030
vn -0.1205 0.8522 0.5092
vn 0.6293 0.7762 0.0390
vn 0.6593 0.7504 0.0476
vn 0.6374 0.7679 0.0632
vn 0.2773 0.3970 0.8749
vn 0.7183 0.6931 0.0600
vn 0.0723 -0.5942 0.8010
vn 0.6620 0.7495 -0.0015
vn 0.6586 0.7506 0.0533
vn 0.5847 0.8055 0.0962
vn 0.9531 0.2578 -0.1583
vn 0.9601 0.2780 -0.0298
vn 0.6922 0.7185 0.0669
vn 0.6939 0.7195 0.0284
vn 0.6917 0.7215 0.0296
vn 0.1895 -0.1999 -0.9613
vn -0.5040 0.7542 -0.4210
vn 0.6597 0.7515 0.0008
vn 0.6065 0.7947 -0.0237
vn 0.8679 -0.4744 0.1474
vn 0.7270 0.6813 0.0852
vn 0.7953 0.6019 0.0725
vn 0.6272 0.7788 0.0128
vn 0.5576 0.8245 -0.0962
vn 0.5718 0.8204 -0.0031
vn 0.6618 0.7459 0.0753
vn 0.6549 0.7557 0.0025
vn -0.2578 0.2293 -0.9386
vn -0.2435 0.1735 -0.9543
vn -0.9153 0.2576 0.3097
vn -0.9152 0.2571 0.3102
vn -0.9152 0.2572 0.3101
vn -0.5064 -0.5751 0.6425
vn -0.5213 -0.5691 0.6359
vn -0.5437 -0.5596 0.6255
vn -0.5589 -0.5528 0.6181
vn -0.1450 0.1557 -0.9771
vn -0.6925 0.7091 -0.1328
vn -0.6163 0.7630 -0.1949
vn -0.6043 0.7702 -0.2040
vn -0.6963 0.7060 -0.1294
vn -0.9153 0.2580 0.3094
vn 0.1512 0.1788 -0.9722
vn -0.1536 0.8254 -0.5433
vn -0.1849 0.8276 -0.5300
vn -0.1876 0.8278 -0.5288
vn -0.1523 0.8253 -0.5438
vn 0.8224 0.0286 -0.5682
vn 0.8511 -0.0907 -0.5172
vn 0.8506 -0.0879 -0.5185
vn -0.6560 -0.7548 0.0002
vn -0.3973 0.3140 -0.8623
vn -0.6787 0.5610 -0.4740
vn 0.3541 -0.8950 -0.2712
vn 0.8194 0.0380 -0.5719
vn 0.0613 -0.0473 0.9970
vn -0.7762 0.6289 0.0444
vn -0.5489 -0.1153 -0.8279
vn -0.6163 -0.1167 -0.7788
vn -0.9861 -0.1530 -0.0652
vn 0.7478 0.0412 0.6626
vn 0.7428 -0.6693 0.0166
vn 0.7245 0.6640 -0.1849
vn -0.0140 0.1513 -0.9884
vn 0.5632 0.7107 0.4215
vn 0.9284 -0.3655 -0.0668
vn -0.3372 -0.4329 0.8360
vn -0.2495 -0.3712 0.8944
vn -0.5364 -0.5600 0.6314
vn -0.4408 -0.6813 -0.5844
vn -0.5775 -0.5831 0.5714
vn 0.6725 -0.6876 0.2738
vn -0.2669 -0.4048 -0.8746
vn -0.6368 -0.7687 -0.0594
vn -0.9372 0.3476 0.0306
vn -0.3339 0.2017 0.9208
vn -0.3342 0.1961 0.9219
vn 0.4614 -0.4975 -0.7346
vn -0.0276 0.4406 -0.8973
vn 0.4122 -0.8356 -0.3631
vn 0.5650 -0.7915 0.2332
vn 0.4732 -0.7784 0.4125
vn 0.4841 -0.7815 0.3935
vn 0.5815 -0.7901 0.1939
vn -0.6066 0.5178 0.6032
vn 0.7383 0.6666 -0.1026
vn -0.8336 0.4193 -0.3596
vn 0.4108 0.9117 -0.0080
vn 0.4519 -0.7981 -0.3985
vn -0.6914 -0.2519 0.6772
vn -0.6829 0.5785 -0.4461
vn -0.5511 0.6014 -0.5785
vn -0.1076 -0.0801 0.9910
vn 0.6584 0.7527 -0.0034
vn 0.6846 0.7288 0.0084
vn 0.6589 0.7522 -0.0038
vn 0.1219 -0.1392 0.9827
vn 0.5982 -0.3532 0.7193
vn -0.4616 0.4976 0.7344
vn -0.4853 0.5448 0.6839
vn -0.4268 0.4319 0.7945
vn -0.4173 0.4146 0.8087
vn 0.5265 -0.2192 0.8214
vn -0.0486 -0.7493 -0.6605
vn -0.6564 -0.7544 -0.0000
vn 0.6295 0.7609 0.1576
vn 0.6345 0.7599 0.1413
vn 0.5446 0.7256 0.4206
vn 0.6568 0.7540 -0.0001
vn 0.6531 0.7573 0.0040
vn 0.9680 -0.2116 -0.1348
vn 0.0390 -0.7795 0.6252
vn -0.9885 -0.0562 0.1406
s 1
f 2//1 6//2 1//3
f 2//1 1//3 7//4
f 1//5 3//5 4//5
f 6//2 3//6 1//3
f 4//7 5//8 1//9
f 5//8 7//10 1//9
f 8//11 7//10 5//8
f 9//12 7//13 8//14
f 9//12 10//15 7//13
f 10//15 11//16 7//13
f 11//17 2//1 7//4
f 11//17 12//18 14//19
f 11//20 13//20 12//20
f 10//15 13//21 11//16
f 2//1 11//17 14//19
f 14//22 12//23 6//24
f 2//25 14//25 6//25
f 12//26 13//26 17//26
f 10//15 15//27 13//21
f 15//27 18//28 13//21
f 16//29 13//21 18//28
f 17//30 13//31 16//32
f 18//33 19//34 20//35
f 18//36 21//36 19//36
f 16//29 18//28 20//37
f 15//27 21//38 18//28
f 22//39 21//40 25//41
f 26//42 21//43 22//44
f 15//27 19//45 21//38
f 25//41 21//40 23//46
f 21//40 24//47 23//46
f 24//47 21//40 20//48
f 20//49 21//43 26//42
f 33//50 26//42 22//44
f 27//51 20//49 26//42
f 27//52 26//53 32//54
f 28//55 32//56 26//57
f 28//55 26//57 29//58
f 30//59 29//59 26//59
f 31//60 30//60 26//60
f 31//61 26//61 33//61
f 34//62 33//50 36//63
f 37//64 33//64 34//64
f 33//50 35//65 36//63
f 33//50 38//66 35//65
f 37//67 31//67 33//67
f 22//44 38//66 33//50
f 22//39 25//41 38//68
f 38//69 39//70 43//71
f 38//69 40//72 39//70
f 15//27 40//73 38//74
f 38//74 44//75 15//27
f 35//76 38//77 41//78
f 38//79 42//80 41//81
f 38//82 25//83 42//84
f 44//85 38//69 43//71
f 44//75 22//86 15//27
f 22//86 44//75 19//87
f 44//85 43//71 19//34
f 39//88 46//89 43//90
f 45//91 43//91 46//91
f 19//34 43//71 45//92
f 47//93 46//89 39//88
f 47//93 50//94 46//89
f 45//95 46//95 48//95
f 46//96 49//96 48//96
f 50//94 49//97 46//89
f 50//98 15//99 10//100
f 50//98 47//101 15//99
f 51//102 50//102 10//102
f 50//94 51//103 49//97
f 51//103 53//104 52//105
f 51//103 52//105 49//97
f 53//106 51//106 9//106
f 51//107 10//107 9//107
f 53//104 55//108 52//105
f 53//109 9//110 15//111
f 47//112 53//109 15//111
f 53//104 47//93 54//113
f 53//104 54//113 55//108
f 52//114 55//115 57//116
f 55//117 54//118 56//119
f 55//117 56//119 57//120
f 57//116 60//121 52//114
f 60//122 57//123 58//124
f 59//125 58//124 57//123
f 56//126 59//125 57//123
f 60//122 61//127 63//128
f 60//122 58//124 61//127
f 62//129 64//130 60//122
f 62//129 60//122 63//128
f 64//131 52//132 60//133
f 62//129 48//134 64//130
f 48//135 49//136 64//131
f 49//136 52//132 64//131
f 63//128 61//127 65//137
f 66//138 63//128 65//137
f 68//139 63//128 66//138
f 67//140 62//129 63//128
f 67//140 63//128 68//139
f 70//141 68//139 66//138
f 69//142 68//139 70//141
f 69//142 67//140 68//139
f 74//143 70//141 71//144
f 71//144 70//141 66//138
f 72//145 70//141 74//143
f 72//145 73//146 70//141
f 73//146 69//142 70//141
f 75//147 74//143 71//144
f 72//145 74//143 75//147
f 77//148 76//149 75//147
f 76//149 72//145 75//147
f 77//148 75//147 78//150
f 78//150 75//147 71//144
f 79//151 77//148 78//150
f 81//152 79//153 78//154
f 78//155 80//156 81//157
f 78//155 82//158 80//156
f 82//159 78//150 83//160
f 78//150 71//144 83//160
f 86//161 83//160 84//162
f 83//160 85//163 84//162
f 83//160 71//144 85//163
f 86//161 82//159 83//160
f 88//164 87//165 86//161
f 87//165 82//159 86//161
f 88//164 86//161 84//162
f 89//166 88//164 84//162
f 90//167 88//164 89//166
f 90//167 87//165 88//164
f 91//168 90//167 89//166
f 90//167 94//169 87//165
f 92//170 90//167 91//168
f 92//170 93//171 90//167
f 93//171 94//169 90//167
f 94//169 95//172 87//165
f 94//169 96//173 95//172
f 97//174 96//173 94//169
f 93//171 97//174 94//169
f 103//175 98//176 97//177
f 104//178 97//177 98//176
f 99//179 96//173 97//174
f 97//174 100//180 99//179
f 105//181 100//180 97//174
f 101//182 97//174 93//171
f 102//183 97//177 101//184
f 102//183 103//175 97//177
f 104//185 105//186 97//187
f 107//188 105//189 106//190
f 106//191 105//192 108//193
f 98//194 105//189 107//188
f 105//192 98//195 108//193
f 100//196 105//186 104//185
f 98//195 111//197 108//193
f 109//198 108//199 111//200
f 110//201 108//199 109//198
f 106//202 108//199 110//201
f 98//195 113//203 111//197
f 114//204 112//205 111//206
f 112//205 109//207 111//206
f 111//197 113//203 114//208
f 113//209 116//210 114//211
f 114//212 116//212 115//212
f 115//213 112//213 114//213
f 117//214 115//214 116//214
f 118//215 117//216 116//217
f 113//209 118//218 116//210
f 117//216 118//215 123//219
f 119//220 118//215 113//203
f 119//220 120//221 118//215
f 120//221 121//222 118//215
f 118//215 121//222 122//223
f 118//215 122//223 123//219
f 124//224 123//225 104//226
f 123//227 124//228 126//229
f 123//230 122//231 125//232
f 125//232 127//233 123//230
f 117//216 123//219 127//234
f 123//227 126//229 104//235
f 106//190 127//233 125//232
f 127//236 106//236 128//236
f 126//237 127//238 104//185
f 129//239 127//240 126//229
f 104//185 127//238 129//241
f 117//242 127//243 128//244
f 106//245 129//239 130//246
f 104//185 129//241 106//247
f 129//239 126//229 130//246
f 106//245 130//246 100//180
f 130//246 126//229 79//151
f 130//248 79//153 131//249
f 130//250 131//251 99//252
f 99//179 100//180 130//246
f 79//153 81//152 131//249
f 133//253 131//251 81//254
f 132//255 99//252 131//251
f 133//253 132//255 131//251
f 133//256 134//256 104//256
f 133//257 80//257 134//257
f 80//258 133//253 81//254
f 132//259 133//259 104//259
f 136//260 135//260 134//260
f 134//261 135//262 138//263
f 80//264 136//264 134//264
f 104//226 134//261 137//265
f 134//261 139//266 137//265
f 134//261 138//263 139//266
f 137//267 139//268 141//269
f 139//268 140//270 141//269
f 140//271 139//272 142//273
f 142//273 139//272 138//274
f 143//275 142//273 138//274
f 143//275 144//276 142//273
f 142//277 145//277 140//277
f 144//276 145//278 142//273
f 146//279 140//280 145//281
f 147//282 146//279 145//281
f 144//283 147//282 145//281
f 147//282 148//284 150//285
f 147//282 149//286 148//284
f 146//279 147//282 150//285
f 151//287 149//286 147//282
f 144//283 151//287 147//282
f 151//287 144//283 153//288
f 148//284 149//286 151//287
f 148//284 151//287 152//289
f 151//287 153//288 152//289
f 153//288 154//290 157//291
f 144//283 154//290 153//288
f 155//292 153//288 157//291
f 153//288 155//292 156//293
f 152//289 153//288 156//293
f 158//294 155//292 157//291
f 157//291 160//295 158//294
f 154//290 159//296 157//291
f 159//297 161//297 157//297
f 160//298 157//298 161//298
f 162//299 161//299 159//299
f 162//300 160//300 161//300
f 154//290 164//301 162//302
f 154//290 162//302 159//296
f 163//303 160//295 162//302
f 162//302 164//301 163//303
f 172//304 164//301 165//305
f 165//305 164//301 167//306
f 102//307 101//308 164//309
f 101//308 166//310 164//309
f 166//310 170//311 164//309
f 154//290 167//306 164//301
f 171//312 168//313 164//309
f 168//313 169//314 164//309
f 163//303 164//301 169//315
f 170//311 171//312 164//309
f 103//316 102//307 164//309
f 103//316 164//309 172//317
f 104//263 103//316 172//317
f 135//262 104//263 172//317
f 135//262 172//317 173//318
f 173//319 172//320 174//321
f 174//321 172//320 165//322
f 174//323 167//323 175//323
f 174//321 165//322 167//324
f 138//325 174//326 175//327
f 174//326 138//325 173//328
f 144//283 175//329 154//290
f 154//290 175//329 167//306
f 143//330 175//330 144//330
f 143//331 138//325 175//327
f 135//262 173//318 138//263
f 171//332 170//333 93//171
f 168//334 171//332 93//171
f 176//335 166//336 171//337
f 177//338 176//335 171//337
f 177//338 171//337 179//339
f 171//340 166//341 178//342
f 179//343 171//340 178//342
f 168//313 179//344 169//314
f 179//344 180//345 169//314
f 179//344 168//313 180//345
f 177//338 179//339 182//346
f 179//343 178//342 181//347
f 182//348 179//343 181//347
f 183//349 182//348 181//347
f 184//350 182//346 183//351
f 180//345 182//352 169//314
f 185//353 182//354 180//355
f 184//350 177//338 182//346
f 182//352 185//356 169//314
f 185//356 186//357 169//314
f 185//356 183//358 186//357
f 183//359 185//353 92//170
f 185//353 180//355 92//170
f 186//360 163//303 169//315
f 186//360 188//361 163//303
f 186//357 183//358 187//362
f 187//363 158//364 186//365
f 158//364 188//366 186//365
f 163//303 188//361 158//294
f 190//367 189//368 187//369
f 189//370 155//371 187//372
f 187//373 155//373 158//373
f 183//374 190//367 187//369
f 190//375 193//376 189//377
f 190//378 191//379 193//376
f 192//380 191//381 190//382
f 190//382 92//170 192//380
f 183//359 92//170 190//382
f 193//376 195//383 189//377
f 191//379 194//384 193//376
f 193//376 194//384 195//383
f 196//385 189//377 195//383
f 194//384 197//386 195//383
f 196//387 195//387 197//387
f 194//388 198//389 197//390
f 198//389 199//391 197//390
f 199//392 196//392 197//392
f 198//389 200//393 199//391
f 200//393 201//394 199//391
f 199//391 201//394 202//395
f 202//396 196//396 199//396
f 201//397 196//397 202//397
f 203//398 201//399 200//400
f 201//401 189//401 196//401
f 203//398 204//402 201//399
f 189//370 201//399 204//402
f 155//371 204//402 205//403
f 204//404 206//405 205//406
f 203//407 206//407 204//407
f 189//370 204//402 155//371
f 203//408 207//409 206//410
f 207//409 208//411 206//410
f 206//405 208//412 205//406
f 156//293 155//292 208//413
f 155//292 205//414 208//413
f 207//415 156//293 208//413
f 203//416 211//416 207//416
f 209//417 207//415 211//418
f 210//419 207//415 209//417
f 210//419 156//293 207//415
f 209//420 211//421 200//422
f 211//421 203//423 200//422
f 210//419 214//424 212//425
f 210//419 212//425 215//426
f 213//427 210//419 215//426
f 210//419 213//427 152//289
f 210//419 152//289 156//293
f 214//424 210//419 209//417
f 215//426 5//428 3//429
f 215//426 212//425 5//428
f 6//24 215//426 3//429
f 216//430 213//427 215//426
f 216//430 215//426 6//24
f 216//430 218//431 217//432
f 148//284 216//430 217//432
f 216//430 148//284 213//427
f 218//431 216//430 6//24
f 12//23 221//433 218//431
f 6//24 12//23 218//431
f 219//434 217//432 218//431
f 219//434 218//431 220//435
f 218//431 221//433 220//435
f 12//23 17//30 221//433
f 221//433 17//30 222//436
f 221//433 222//436 223//437
f 221//433 223//437 220//435
f 224//438 223//438 222//438
f 224//439 220//440 223//441
f 224//442 222//443 225//444
f 224//439 225//445 220//440
f 226//446 220//446 225//446
f 222//443 226//447 225//444
f 220//435 226//448 227//449
f 226//448 228//450 227//449
f 226//448 222//436 228//450
f 228//450 222//436 16//32
f 229//451 228//450 16//32
f 229//452 230//452 228//452
f 231//453 228//454 230//455
f 228//450 231//456 233//457
f 227//449 228//450 232//458
f 228//450 233//457 232//458
f 234//459 232//460 233//461
f 235//462 234//459 233//461
f 233//463 231//464 235//465
f 235//466 236//467 234//468
f 231//464 236//469 235//465
f 240//470 237//471 235//472
f 238//473 235//474 237//475
f 238//473 239//476 235//474
f 239//476 241//477 235//474
f 240//470 235//472 241//478
f 234//468 241//479 230//480
f 231//453 230//455 241//481
f 231//464 241//482 236//469
f 236//467 241//479 234//468
f 240//470 241//478 229//483
f 239//476 229//484 241//477
f 242//485 240//470 245//486
f 240//470 242//485 237//471
f 243//487 240//470 229//483
f 240//488 243//488 244//488
f 240//489 244//489 245//489
f 242//485 245//486 248//490
f 247//491 245//486 246//492
f 245//486 244//493 246//492
f 245//486 247//491 248//490
f 248//494 251//495 242//496
f 252//497 249//498 248//490
f 250//499 248//494 249//500
f 250//499 251//495 248//494
f 247//491 252//497 248//490
f 252//497 255//501 249//498
f 253//502 252//497 247//491
f 252//497 253//502 254//503
f 252//497 254//503 255//501
f 250//499 249//500 255//504
f 250//499 255//504 254//505
f 257//506 255//507 256//508
f 256//508 255//507 258//509
f 259//510 255//511 257//512
f 255//513 259//514 258//515
f 259//510 72//145 76//149
f 259//510 257//512 72//145
f 259//514 254//516 258//515
f 260//517 254//516 259//514
f 260//518 259//510 76//149
f 254//516 260//519 258//515
f 260//519 261//520 258//515
f 262//521 261//520 260//519
f 262//521 260//519 122//522
f 122//523 260//518 76//149
f 262//521 122//522 263//524
f 261//520 262//521 263//524
f 124//224 137//265 263//524
f 264//525 263//526 137//527
f 122//522 124//224 263//524
f 261//520 263//524 258//515
f 265//528 258//529 263//526
f 264//525 265//528 263//526
f 265//528 264//525 266//530
f 265//528 266//530 267//531
f 267//531 256//532 265//528
f 256//532 258//529 265//528
f 272//533 256//532 267//531
f 268//534 272//533 267//531
f 268//534 267//531 269//535
f 266//536 270//537 267//538
f 271//539 269//539 267//539
f 270//537 271//540 267//538
f 272//533 273//541 249//542
f 272//533 249//542 256//532
f 272//543 274//543 273//543
f 274//544 272//545 276//546
f 272//533 268//534 275//547
f 275//547 277//548 272//533
f 277//548 276//549 272//533
f 277//548 275//547 281//550
f 277//548 278//551 276//549
f 280//552 278//552 277//552
f 232//458 279//553 277//548
f 280//554 277//554 279//554
f 281//550 232//458 277//548
f 275//555 282//556 281//557
f 281//557 282//556 286//558
f 232//458 281//550 227//449
f 283//559 281//560 284//561
f 281//550 283//562 227//449
f 285//563 284//561 281//560
f 285//564 281//557 286//558
f 286//565 287//566 285//567
f 286//568 282//568 287//568
f 287//566 284//569 285//567
f 288//570 284//569 287//566
f 282//571 275//572 287//573
f 288//574 287//573 275//572
f 219//434 284//575 288//576
f 219//434 288//576 150//285
f 150//285 288//576 269//535
f 288//576 275//547 268//534
f 288//576 268//534 269//535
f 219//434 283//562 284//575
f 219//434 227//449 283//562
f 73//146 280//577 289//578
f 280//577 234//468 289//578
f 274//579 280//577 73//146
f 280//577 237//580 234//468
f 242//581 280//577 274//579
f 242//581 278//582 280//577
f 279//583 237//580 280//577
f 73//146 289//578 69//142
f 289//578 290//584 69//142
f 289//578 234//468 290//584
f 290//584 67//140 69//142
f 290//584 291//585 67//140
f 234//468 230//480 290//584
f 230//480 291//585 290//584
f 291//585 294//586 67//140
f 229//587 291//585 230//480
f 229//587 292//588 291//585
f 292//588 293//589 291//585
f 293//589 294//586 291//585
f 295//590 294//586 293//589
f 295//590 27//591 294//586
f 27//591 296//592 294//586
f 296//592 20//35 294//586
f 20//35 297//593 294//586
f 294//586 297//593 62//129
f 294//586 62//129 67//140
f 20//35 19//34 297//593
f 297//593 48//134 62//129
f 297//593 45//92 48//134
f 19//34 45//92 297//593
f 16//29 296//594 27//595
f 16//29 20//37 296//594
f 16//29 295//596 293//597
f 16//29 27//595 295//596
f 243//487 293//598 27//52
f 298//599 27//600 293//601
f 239//476 293//601 229//484
f 239//476 298//599 293//601
f 16//29 293//597 292//602
f 243//487 229//483 293//598
f 298//599 20//48 27//600
f 300//603 24//47 298//599
f 298//599 24//47 20//48
f 300//603 298//599 299//604
f 299//605 298//606 239//607
f 300//603 303//608 24//47
f 301//609 303//610 300//610
f 301//609 300//610 302//609
f 302//611 300//603 299//604
f 303//608 306//612 24//47
f 303//610 301//609 304//610
f 303//608 304//613 305//614
f 303//608 305//614 306//612
f 306//615 308//616 24//617
f 308//616 306//615 307//618
f 306//619 309//619 307//619
f 306//612 305//614 310//620
f 309//621 306//622 310//623
f 310//620 305//614 35//76
f 310//620 35//76 41//78
f 309//621 310//623 311//624
f 310//625 312//626 311//627
f 310//625 41//628 312//626
f 313//629 311//630 312//631
f 41//81 42//80 312//632
f 312//631 42//633 313//629
f 311//634 313//635 314//636
f 313//635 315//637 314//636
f 42//633 316//638 313//629
f 313//635 316//639 315//637
f 315//640 316//641 317//642
f 316//641 318//643 317//642
f 316//641 319//644 318//643
f 316//638 42//633 319//645
f 318//643 319//644 320//646
f 320//647 319//648 321//649
f 42//633 321//650 319//645
f 320//647 321//649 323//651
f 323//652 321//650 322//653
f 321//650 42//633 322//653
f 325//654 320//647 323//651
f 308//655 324//656 323//657
f 324//658 325//659 323//660
f 23//661 308//655 323//657
f 323//662 25//663 23//664
f 25//663 323//662 322//665
f 325//666 314//667 315//668
f 314//669 325//659 324//658
f 327//670 326//671 325//672
f 326//671 328//673 325//672
f 330//674 327//675 325//676
f 328//677 332//678 325//679
f 325//666 315//668 320//680
f 325//679 332//678 329//681
f 325//679 329//681 331//682
f 330//683 325//679 331//682
f 334//684 333//685 332//678
f 332//678 333//685 329//681
f 328//677 334//684 332//678
f 337//686 335//687 334//684
f 335//687 336//688 334//684
f 334//684 336//688 333//685
f 337//686 334//684 328//677
f 339//689 335//687 337//686
f 338//690 340//691 337//686
f 338//690 337//686 328//677
f 341//692 339//689 337//686
f 341//692 337//686 340//691
f 343//693 339//689 341//692
f 344//694 341//692 340//691
f 342//695 343//693 341//692
f 342//695 341//692 344//694
f 344//694 340//691 346//696
f 345//697 344//694 346//696
f 345//697 342//695 344//694
f 347//698 346//696 348//699
f 345//697 346//696 347//698
f 346//696 340//691 338//690
f 346//696 338//690 348//699
f 352//700 348//699 349//701
f 349//702 348//703 351//704
f 348//703 350//705 351//704
f 348//703 326//706 350//705
f 347//698 348//699 352//700
f 348//707 338//708 326//709
f 356//710 352//711 353//712
f 353//712 352//711 354//713
f 352//700 355//714 354//715
f 352//700 349//701 355//714
f 357//716 352//711 356//710
f 357//716 347//717 352//711
f 357//718 356//718 359//718
f 358//719 347//717 357//716
f 360//720 358//721 357//722
f 360//720 357//722 359//723
f 361//724 360//720 359//723
f 362//725 360//720 361//724
f 360//720 362//725 363//726
f 360//720 363//726 358//721
f 362//725 365//727 363//726
f 363//728 364//729 358//719
f 365//727 364//730 363//726
f 365//727 366//731 364//730
f 365//727 367//732 366//731
f 368//733 367//732 365//727
f 369//734 365//727 362//725
f 369//734 368//733 365//727
f 370//735 369//734 362//725
f 369//736 370//737 372//738
f 371//739 368//740 369//736
f 371//739 369//736 372//738
f 373//741 372//742 376//743
f 371//744 372//744 373//744
f 372//738 370//737 375//745
f 372//746 375//747 374//748
f 376//743 372//742 374//749
f 333//685 376//750 374//751
f 377//752 373//753 376//750
f 377//752 376//750 336//688
f 336//688 376//750 333//685
f 379//754 378//755 377//752
f 378//756 371//757 377//752
f 377//752 371//757 373//753
f 335//687 377//752 336//688
f 379//754 377//752 335//687
f 382//758 379//754 335//687
f 378//755 379//754 384//759
f 383//760 380//761 379//754
f 379//754 380//761 384//759
f 381//762 383//760 379//754
f 381//762 379//754 382//758
f 384//763 385//764 378//765
f 384//763 386//766 385//764
f 386//766 384//763 380//767
f 389//768 386//769 387//770
f 380//767 387//771 386//766
f 388//772 385//773 386//769
f 388//772 386//769 389//768
f 390//774 389//775 392//776
f 390//774 395//777 389//775
f 389//778 393//779 391//780
f 392//781 389//778 391//780
f 387//782 393//779 389//778
f 388//772 389//768 394//783
f 395//777 394//784 389//775
f 395//777 396//785 394//784
f 395//777 397//786 396//785
f 397//786 395//777 390//774
f 397//786 398//787 408//788
f 397//786 399//789 398//787
f 399//789 397//786 411//790
f 397//786 400//791 411//790
f 397//786 401//792 400//791
f 397//786 402//793 401//792
f 397//786 390//774 402//793
f 397//786 403//794 396//785
f 397//786 404//795 403//794
f 404//795 397//786 405//796
f 397//786 406//797 405//796
f 397//786 410//798 406//797
f 409//799 397//786 407//800
f 397//786 408//788 407//800
f 410//798 397//786 409//799
f 411//801 416//802 412//803
f 413//804 411//801 412//803
f 399//789 411//790 413//805
f 411//801 414//806 415//807
f 411//801 400//808 414//806
f 411//801 415//807 416//802
f 416//809 415//810 417//811
f 416//809 419//812 412//813
f 416//809 417//811 418//814
f 418//814 419//812 416//809
f 422//815 420//816 419//817
f 420//818 412//819 419//820
f 419//817 418//821 423//822
f 421//823 419//817 423//822
f 422//815 419//817 421//823
f 423//822 418//821 417//824
f 423//822 424//825 427//826
f 423//822 426//827 424//825
f 421//823 423//822 425//828
f 425//828 423//822 427//826
f 423//822 417//824 426//827
f 427//826 428//829 430//830
f 427//826 424//825 428//829
f 425//828 427//826 429//831
f 429//831 427//826 430//830
f 429//831 430//830 431//832
f 431//832 430//830 432//833
f 430//830 428//829 432//833
f 432//833 428//829 433//834
f 432//833 433//834 435//835
f 431//832 432//833 434//836
f 434//836 432//833 435//835
f 435//835 436//837 438//838
f 435//835 433//834 436//837
f 434//836 435//835 437//839
f 437//839 435//835 438//838
f 438//838 436//837 439//840
f 438//838 439//840 441//841
f 437//839 438//838 440//842
f 440//842 438//838 441//841
f 441//841 439//840 442//843
f 441//841 442//843 443//844
f 441//841 443//844 445//845
f 441//841 445//845 383//760
f 381//762 441//841 383//760
f 444//846 441//841 381//762
f 440//842 441//841 444//846
f 445//847 447//848 446//849
f 446//849 383//850 445//847
f 448//851 447//848 445//847
f 448//851 445//847 443//852
f 449//853 448//851 443//852
f 449//854 450//855 448//856
f 392//781 448//856 450//855
f 447//857 448//856 392//781
f 451//858 450//855 453//859
f 450//855 451//858 452//860
f 392//781 450//855 452//860
f 453//859 450//855 449//854
f 453//859 456//861 451//858
f 453//859 455//862 454//863
f 456//861 453//859 454//863
f 455//862 453//859 449//854
f 456//861 457//864 451//858
f 456//861 458//865 457//864
f 458//865 456//861 459//866
f 456//861 460//867 459//866
f 456//861 454//863 460//867
f 460//867 461//868 459//866
f 460//867 462//869 461//868
f 454//863 462//869 460//867
f 462//869 464//870 461//868
f 388//772 462//869 385//773
f 462//869 454//863 385//773
f 463//871 462//869 388//772
f 463//871 464//870 462//869
f 465//872 464//870 463//871
f 465//872 461//868 464//870
f 466//873 469//874 465//872
f 466//873 465//872 468//875
f 468//875 465//872 467//876
f 467//876 465//872 463//871
f 469//874 461//868 465//872
f 469//874 470//877 472//878
f 469//874 473//879 470//877
f 469//874 466//873 473//879
f 469//874 471//880 461//868
f 471//880 469//874 472//878
f 474//881 473//879 475//882
f 474//881 470//877 473//879
f 476//883 475//882 473//879
f 466//873 476//883 473//879
f 479//884 476//883 466//873
f 475//882 476//883 477//885
f 478//886 477//887 476//888
f 476//888 479//889 478//886
f 479//890 480//891 481//892
f 468//893 480//891 479//890
f 479//889 481//894 478//886
f 468//875 479//884 466//873
f 480//895 482//896 481//897
f 481//897 482//896 483//898
f 481//897 483//898 478//899
f 483//900 482//901 484//902
f 483//900 484//902 485//903
f 478//899 483//898 487//904
f 486//905 483//900 485//903
f 487//904 483//898 486//906
f 490//907 487//904 488//908
f 487//904 486//906 488//908
f 487//904 489//909 478//899
f 489//909 487//904 490//907
f 490//907 488//908 492//910
f 493//911 489//909 490//907
f 493//911 490//907 491//912
f 491//912 490//907 492//910
f 494//913 493//911 491//912
f 495//914 493//911 494//913
f 495//914 496//915 493//911
f 496//915 489//909 493//911
f 496//915 498//916 489//909
f 497//917 498//916 496//915
f 495//914 497//917 496//915
f 497//917 499//918 498//916
f 500//919 498//919 499//919
f 498//920 500//921 501//922
f 489//923 498//920 501//922
f 501//924 500//925 502//926
f 478//886 501//927 502//928
f 489//929 501//929 478//929
f 503//930 502//931 504//932
f 503//930 477//885 502//931
f 478//886 502//928 477//887
f 502//926 500//925 504//933
f 505//934 506//935 504//932
f 505//936 504//937 499//938
f 499//938 504//937 500//939
f 506//935 503//930 504//932
f 403//794 404//795 506//940
f 404//795 503//941 506//940
f 507//942 506//935 505//934
f 507//942 467//876 506//935
f 467//876 394//783 506//935
f 403//794 506//940 394//784
f 507//943 499//938 508//944
f 468//893 507//943 508//944
f 507//942 468//875 467//876
f 507//943 505//936 499//938
f 468//893 508//944 480//891
f 510//945 480//946 508//947
f 509//948 510//945 508//947
f 508//947 499//918 509//948
f 511//949 510//945 509//948
f 510//945 512//950 480//946
f 511//949 329//681 510//945
f 329//681 333//685 510//945
f 333//685 512//950 510//945
f 480//946 512//950 482//951
f 512//950 374//751 482//951
f 333//685 374//751 512//950
f 513//952 511//949 509//948
f 331//682 329//681 511//949
f 331//682 511//949 513//952
f 515//953 513//952 497//917
f 513//952 499//918 497//917
f 513//952 509//948 499//918
f 514//954 513//952 515//953
f 514//954 330//683 513//952
f 330//683 331//682 513//952
f 515//953 497//917 495//914
f 516//955 515//953 495//914
f 355//714 515//953 516//955
f 355//714 514//954 515//953
f 516//955 495//914 494//913
f 516//955 494//913 517//956
f 518//957 516//955 517//956
f 354//715 516//955 518//957
f 354//715 355//714 516//955
f 518//957 517//956 520//958
f 521//959 518//960 519//961
f 519//961 518//960 520//962
f 522//963 518//960 521//959
f 522//963 354//713 518//960
f 353//712 354//713 522//963
f 523//964 353//965 522//966
f 523//964 522//966 521//967
f 521//967 524//968 523//964
f 524//968 525//969 523//964
f 525//969 353//965 523//964
f 526//970 525//969 524//968
f 526//970 527//971 525//969
f 528//972 525//969 527//971
f 525//969 528//972 353//965
f 528//973 529//974 530//975
f 528//973 531//976 529//974
f 359//977 528//973 530//975
f 359//977 356//978 528//973
f 527//979 531//979 528//979
f 528//980 356//710 353//712
f 531//976 533//981 532//982
f 529//974 531//976 532//982
f 533//981 531//976 361//724
f 531//976 527//971 361//724
f 359//983 533//983 361//983
f 532//982 533//981 534//984
f 533//981 359//977 534//984
f 534//984 359//977 530//975
f 535//985 532//986 534//987
f 535//988 534//989 530//990
f 535//985 536//991 532//986
f 350//992 536//993 535//994
f 350//995 535//996 537//997
f 537//998 535//988 530//990
f 536//999 537//999 529//999
f 351//1000 537//1000 536//1000
f 537//1001 530//1001 529//1001
f 351//1002 350//995 537//997
f 538//1003 351//1003 536//1003
f 536//1004 529//1004 532//1004
f 350//992 538//1005 536//993
f 327//1006 351//704 538//1007
f 326//706 327//1006 538//1007
f 326//706 538//1007 350//705
f 375//1008 361//724 527//971
f 526//970 375//1008 527//971
f 374//748 526//1009 539//1010
f 539//1011 526//970 524//968
f 375//747 526//1009 374//748
f 374//748 539//1010 482//901
f 539//1011 524//968 540//1012
f 484//1013 539//1011 540//1012
f 482//901 539//1010 484//902
f 484//1013 540//1012 541//1014
f 519//1015 541//1014 540//1012
f 521//967 519//1015 540//1012
f 540//1012 524//968 521//967
f 543//1016 542//1017 541//1014
f 542//1017 484//1013 541//1014
f 543//1016 541//1014 544//1018
f 544//1018 541//1014 545//1019
f 541//1014 546//1020 545//1019
f 519//1015 546//1020 541//1014
f 546//1020 547//1021 548//1022
f 546//1020 519//1015 547//1021
f 545//1019 546//1020 548//1022
f 548//1023 549//1024 545//1025
f 548//1023 550//1026 549//1024
f 548//1023 520//962 550//1026
f 547//1027 520//962 548//1023
f 520//958 554//1028 550//1029
f 550//1029 554//1028 551//1030
f 550//1029 551//1030 553//1031
f 549//1024 550//1026 552//1032
f 552//1032 550//1026 553//1033
f 520//958 555//1034 554//1028
f 555//1034 558//1035 554//1028
f 554//1036 556//1037 557//1038
f 554//1028 558//1035 556//1039
f 554//1040 557//1041 560//1042
f 551//1043 554//1040 559//1044
f 559//1044 554//1040 560//1042
f 557//1041 564//1045 560//1042
f 565//1046 560//1047 561//1048
f 560//1047 563//1049 561//1048
f 559//1050 560//1050 562//1050
f 560//1051 565//1051 562//1051
f 560//1042 564//1045 563//1052
f 565//1053 566//1053 567//1053
f 565//1054 561//1054 566//1054
f 562//1055 565//1055 567//1055
f 545//1056 567//1057 566//1058
f 545//1056 568//1059 567//1057
f 562//1060 567//1061 568//1062
f 569//1063 568//1063 571//1063
f 569//1064 562//1060 568//1062
f 570//1065 568//1059 545//1056
f 568//1059 570//1065 571//1066
f 561//1067 571//1067 566//1067
f 561//1068 569//1068 571//1068
f 570//1065 572//1069 571//1066
f 572//1069 566//1058 571//1066
f 573//1070 572//1070 570//1070
f 574//1071 572//1069 573//1072
f 572//1069 574//1071 566//1058
f 545//1073 574//1073 544//1073
f 574//1071 545//1056 566//1058
f 574//1071 573//1072 544//1018
f 573//1072 570//1074 575//1075
f 576//1076 573//1072 575//1075
f 577//1077 573//1072 576//1076
f 577//1077 578//1078 573//1072
f 578//1078 544//1018 573//1072
f 543//1079 578//1080 579//1081
f 579//1082 578//1078 577//1077
f 578//1078 543//1016 544//1018
f 486//905 579//1083 582//1084
f 486//905 485//903 579//1083
f 485//1085 543//1079 579//1081
f 582//1084 579//1083 580//1086
f 580//1086 579//1083 581//1087
f 579//1088 577//1088 581//1088
f 488//908 582//1089 583//1090
f 488//908 486//906 582//1089
f 583//1090 582//1089 580//1091
f 585//1092 583//1090 584//1093
f 583//1090 580//1091 584//1093
f 586//1094 583//1090 585//1092
f 586//1094 488//908 583//1090
f 492//910 586//1094 587//1095
f 492//910 488//908 586//1094
f 587//1095 586//1094 585//1092
f 491//912 587//1095 589//1096
f 491//912 492//910 587//1095
f 588//1097 587//1095 585//1092
f 589//1096 587//1095 588//1097
f 558//1035 491//912 589//1096
f 588//1097 556//1039 589//1096
f 556//1039 558//1035 589//1096
f 557//1098 588//1099 590//1100
f 557//1038 556//1037 588//1101
f 588//1097 585//1092 590//1102
f 590//1103 591//1104 597//1105
f 590//1106 598//1107 591//1108
f 598//1109 590//1110 592//1111
f 592//1111 590//1110 596//1112
f 564//1113 557//1098 590//1100
f 590//1102 585//1092 595//1114
f 593//1115 564//1116 590//1117
f 593//1118 590//1102 594//1119
f 590//1102 595//1114 594//1119
f 590//1110 597//1120 596//1112
f 601//1121 599//1122 598//1123
f 598//1107 599//1124 591//1108
f 600//1125 601//1121 598//1123
f 598//1109 592//1111 600//1126
f 601//1127 603//1128 602//1129
f 602//1129 604//1130 601//1127
f 601//1127 600//1131 603//1128
f 601//1121 604//1132 599//1122
f 599//1133 604//1134 607//1135
f 602//1129 605//1136 604//1130
f 604//1134 605//1137 606//1138
f 604//1134 606//1138 607//1135
f 591//1139 599//1133 607//1135
f 607//1140 610//1141 608//1142
f 609//1143 607//1140 608//1142
f 591//1139 607//1135 609//1144
f 610//1145 607//1146 606//1147
f 610//1148 611//1148 608//1148
f 611//1149 610//1145 606//1147
f 608//1150 611//1151 606//1152
f 609//1144 605//1137 591//1139
f 608//1150 606//1152 609//1153
f 605//1137 609//1144 606//1138
f 591//1104 605//1154 597//1105
f 597//1155 605//1136 596//1156
f 596//1156 605//1136 612//1157
f 605//1136 602//1129 612//1157
f 613//1158 612//1159 614//1160
f 612//1159 613//1158 596//1161
f 612//1159 602//1162 614//1160
f 237//475 614//1163 616//1164
f 237//1165 242//1165 614//1165
f 615//1166 613//1167 614//1168
f 242//496 615//1166 614//1168
f 614//1169 602//1170 616//1171
f 616//1171 602//1170 603//1172
f 238//1173 616//1174 603//1175
f 238//473 237//475 616//1164
f 618//1176 613//1177 615//1178
f 251//495 617//1179 615//1166
f 617//1179 618//1180 615//1166
f 251//495 615//1166 242//496
f 618//1176 592//1181 596//1182
f 613//1177 618//1176 596//1182
f 592//1183 618//1183 619//1183
f 618//1184 620//1185 619//1186
f 617//1187 620//1185 618//1184
f 620//1188 299//605 239//607
f 239//476 238//473 620//1189
f 619//1190 620//1190 238//1190
f 621//1191 620//1192 617//1179
f 621//1191 302//611 620//1192
f 302//611 299//604 620//1192
f 120//610 301//609 621//609
f 301//609 302//609 621//609
f 621//1191 617//1179 250//499
f 120//221 621//1191 250//499
f 592//1193 619//1194 238//1195
f 251//495 250//499 617//1179
f 238//1173 603//1175 600//1196
f 600//1197 592//1193 238//1195
f 624//1198 595//1114 622//1199
f 595//1114 623//1200 622//1199
f 595//1114 584//1093 623//1200
f 585//1092 584//1093 595//1114
f 594//1119 595//1114 624//1198
f 624//1198 622//1199 625//1201
f 624//1198 625//1201 626//1202
f 627//1203 624//1198 626//1202
f 627//1203 594//1119 624//1198
f 628//1204 627//1203 626//1202
f 629//1205 627//1203 628//1204
f 593//1118 594//1119 627//1203
f 629//1205 593//1118 627//1203
f 551//1206 629//1205 630//1207
f 630//1207 629//1205 628//1204
f 629//1205 551//1206 593//1118
f 553//1031 551//1030 630//1208
f 630//1207 628//1204 633//1209
f 632//1210 630//1208 631//1211
f 630//1207 633//1209 631//1212
f 553//1031 630//1208 632//1210
f 628//1204 626//1202 633//1209
f 633//1209 626//1202 634//1213
f 633//1209 634//1213 631//1212
f 637//1214 634//1213 635//1215
f 634//1213 636//1216 635//1215
f 634//1213 626//1202 636//1216
f 631//1212 634//1213 637//1214
f 637//1214 635//1215 639//1217
f 640//1218 637//1219 638//1220
f 638//1220 637//1219 639//1217
f 640//1218 631//1211 637//1219
f 643//1221 640//1222 641//1223
f 641//1223 640//1222 642//1224
f 632//1210 631//1211 640//1218
f 643//1221 632//1225 640//1222
f 642//1224 640//1222 638//1226
f 644//1227 643//1228 641//1229
f 644//1227 645//1230 643//1228
f 643//1228 576//1076 575//1075
f 645//1230 576//1076 643//1228
f 646//1231 632//1225 643//1221
f 643//1228 575//1075 646//1232
f 646//1231 553//1033 632//1225
f 552//1032 553//1033 646//1231
f 552//1233 646//1232 575//1075
f 647//1234 649//1235 645//1230
f 647//1234 645//1230 648//1236
f 649//1235 576//1076 645//1230
f 648//1236 645//1230 644//1227
f 649//1237 647//1238 650//1239
f 649//1235 652//1240 576//1076
f 651//1241 649//1237 650//1239
f 581//1242 652//1240 649//1243
f 581//1244 649//1237 651//1241
f 652//1240 577//1077 576//1076
f 581//1242 577//1077 652//1240
f 653//1245 651//1246 654//1247
f 658//1248 651//1246 653//1245
f 651//1241 655//1249 654//1250
f 651//1241 650//1239 655//1249
f 656//1251 581//1251 651//1251
f 657//1252 656//1253 651//1246
f 657//1252 651//1246 658//1248
f 659//1254 658//1248 653//1245
f 658//1248 659//1254 660//1255
f 660//1255 657//1252 658//1248
f 659//1254 661//1256 660//1255
f 660//1257 661//1258 665//1259
f 660//1257 665//1259 662//1260
f 660//1257 662//1260 664//1261
f 664//1261 663//1262 660//1257
f 663//1262 657//1263 660//1257
f 662//1264 665//1264 666//1264
f 666//1265 665//1266 667//1267
f 665//1268 668//1269 667//1270
f 661//1271 668//1269 665//1268
f 625//1272 668//1269 661//1271
f 668//1273 625//1273 669//1273
f 670//1274 667//1275 668//1276
f 669//1277 670//1274 668//1276
f 670//1278 671//1279 672//1280
f 671//1281 670//1274 669//1277
f 672//1280 667//1267 670//1278
f 672//1280 666//1265 667//1267
f 672//1280 671//1279 673//1282
f 672//1280 673//1282 675//1283
f 409//799 666//1284 672//1285
f 674//1286 672//1280 675//1283
f 410//798 672//1285 674//1287
f 410//798 409//799 672//1285
f 675//1283 673//1282 474//881
f 475//882 674//1286 675//1283
f 675//1283 474//881 475//882
f 406//797 410//798 674//1287
f 503//930 674//1286 475//882
f 406//797 674//1287 503//941
f 673//1282 676//1288 474//881
f 676//1288 673//1282 677//1289
f 677//1289 673//1282 678//1290
f 678//1290 673//1282 671//1279
f 678//1291 671//1281 679//1292
f 678//1291 679//1292 663//1293
f 663//1294 677//1289 678//1290
f 669//1295 623//1200 679//1296
f 679//1296 623//1200 656//1253
f 663//1293 679//1292 657//1297
f 656//1253 657//1252 679//1296
f 671//1281 669//1277 679//1292
f 677//1289 663//1294 681//1298
f 680//1299 677//1289 681//1298
f 676//1288 677//1289 680//1299
f 663//1294 682//1300 681//1298
f 681//1298 682//1300 684//1301
f 683//1302 685//1303 681//1298
f 681//1298 684//1301 683//1302
f 680//1299 681//1298 685//1303
f 683//1302 687//1304 685//1303
f 687//1304 686//1305 685//1303
f 686//1305 680//1299 685//1303
f 688//1306 471//880 687//1307
f 687//1304 689//1308 688//1309
f 689//1308 687//1304 690//1310
f 690//1310 687//1304 683//1302
f 686//1305 687//1304 472//878
f 471//880 472//878 687//1307
f 689//1308 690//1310 691//1311
f 684//1301 691//1311 690//1310
f 690//1310 683//1302 684//1301
f 691//1311 692//1312 689//1308
f 684//1301 694//1313 691//1311
f 691//1311 693//1314 692//1312
f 693//1314 691//1311 694//1313
f 693//1314 694//1313 695//1315
f 695//1315 694//1313 696//1316
f 694//1313 684//1301 696//1316
f 695//1315 696//1316 698//1317
f 698//1317 696//1316 697//1318
f 696//1316 682//1300 697//1318
f 696//1316 684//1301 682//1300
f 408//788 698//1319 666//1284
f 408//788 398//787 698//1319
f 697//1318 666//1320 698//1317
f 398//787 399//789 698//1319
f 399//789 413//805 698//1319
f 695//1315 698//1317 413//804
f 697//1318 682//1300 662//1321
f 697//1318 662//1321 666//1320
f 699//1322 695//1315 413//804
f 699//1322 693//1314 695//1315
f 699//1322 413//804 700//1323
f 701//1324 693//1325 699//1326
f 699//1326 420//818 701//1324
f 699//1326 700//1327 420//818
f 701//1324 702//1328 693//1325
f 702//1328 701//1324 705//1329
f 703//1330 705//1331 701//1332
f 701//1332 706//1333 703//1330
f 704//1334 701//1332 420//816
f 704//1334 706//1333 701//1332
f 707//1335 708//1336 706//1333
f 707//1335 706//1333 704//1334
f 708//1336 703//1330 706//1333
f 708//1336 710//1337 703//1330
f 709//1338 708//1336 707//1335
f 709//1338 710//1337 708//1336
f 709//1338 711//1339 710//1337
f 711//1340 712//1341 710//1342
f 710//1342 712//1341 703//1343
f 703//1343 712//1341 713//1344
f 712//1345 714//1346 713//1344
f 714//1347 712//1348 716//1349
f 718//1350 715//1351 712//1352
f 712//1348 715//1351 717//1353
f 712//1348 717//1353 716//1349
f 711//1340 718//1354 712//1341
f 718//1350 719//1355 715//1351
f 654//1250 719//1356 718//1357
f 654//1358 718//1354 711//1340
f 715//1351 719//1355 720//1359
f 719//1355 721//1360 720//1359
f 654//1250 655//1249 719//1356
f 719//1355 655//1361 721//1360
f 721//1360 723//1362 720//1359
f 655//1361 648//1236 721//1360
f 721//1360 648//1236 722//1363
f 721//1360 722//1363 723//1362
f 724//1364 726//1365 723//1362
f 723//1362 725//1366 724//1364
f 723//1362 722//1363 725//1366
f 727//1367 723//1362 726//1365
f 723//1368 727//1368 720//1368
f 729//1369 727//1367 728//1370
f 728//1370 727//1367 726//1365
f 727//1367 729//1369 720//1359
f 717//1371 729//1371 724//1371
f 724//1372 729//1369 730//1373
f 729//1369 728//1370 730//1373
f 729//1369 717//1353 720//1359
f 724//1372 730//1373 733//1374
f 731//1375 733//1376 730//1377
f 732//1378 731//1375 730//1377
f 732//1379 730//1380 728//1381
f 731//1382 726//1383 733//1384
f 733//1385 726//1385 724//1385
f 735//1386 731//1386 732//1386
f 734//1387 732//1387 736//1387
f 734//1388 735//1388 732//1388
f 736//1389 732//1379 728//1381
f 738//1390 736//1390 737//1390
f 737//1391 736//1392 728//1393
f 736//1394 738//1394 734//1394
f 739//1395 741//1396 738//1397
f 740//1398 739//1395 738//1397
f 741//1396 734//1399 738//1397
f 740//1400 738//1400 737//1400
f 744//1401 741//1402 742//1403
f 742//1404 741//1405 743//1406
f 741//1405 739//1407 743//1406
f 741//1396 744//1408 734//1399
f 744//1401 742//1403 747//1409
f 744//1410 747//1411 745//1412
f 744//1410 745//1412 746//1413
f 744//1408 746//1414 734//1399
f 742//1415 748//1416 747//1417
f 747//1417 748//1416 749//1418
f 749//1418 745//1419 747//1417
f 749//1418 422//815 751//1420
f 749//1418 748//1416 422//815
f 745//1419 749//1418 750//1421
f 750//1421 749//1418 751//1420
f 751//1420 422//815 421//823
f 750//1421 751//1420 421//823
f 752//1422 745//1419 750//1421
f 752//1422 750//1421 753//1423
f 750//1421 421//823 754//1424
f 753//1423 750//1421 754//1424
f 754//1424 425//828 429//831
f 754//1424 429//831 755//1425
f 756//1426 754//1424 755//1425
f 754//1424 421//823 425//828
f 753//1423 754//1424 756//1426
f 756//1426 755//1425 757//1427
f 756//1426 757//1427 758//1428
f 759//1429 756//1426 758//1428
f 760//1430 756//1426 759//1429
f 760//1430 753//1431 756//1426
f 764//1432 760//1433 761//1434
f 761//1434 760//1433 759//1435
f 763//1436 762//1437 760//1433
f 762//1438 753//1431 760//1430
f 763//1436 760//1433 764//1432
f 766//1439 765//1440 764//1441
f 765//1440 763//1442 764//1441
f 766//1439 764//1441 761//1443
f 769//1444 767//1445 766//1439
f 767//1445 765//1440 766//1439
f 766//1439 761//1443 768//1446
f 769//1444 766//1439 768//1446
f 770//1447 767//1445 769//1444
f 771//1448 770//1447 769//1444
f 771//1448 769//1444 773//1449
f 772//1450 769//1444 768//1446
f 769//1444 772//1450 773//1449
f 771//1448 773//1449 776//1451
f 773//1452 772//1453 775//1454
f 774//1455 773//1452 775//1454
f 776//1456 773//1452 774//1455
f 776//1456 774//1455 777//1457
f 778//1458 776//1456 777//1457
f 776//1456 778//1458 779//1459
f 771//1448 776//1451 779//1460
f 781//1461 771//1448 779//1460
f 780//1462 779//1460 778//1463
f 779//1460 780//1462 781//1461
f 783//1464 771//1448 781//1465
f 782//1466 781//1467 784//1468
f 783//1469 781//1467 782//1466
f 781//1461 780//1462 784//1470
f 782//1466 784//1468 785//1471
f 785//1471 784//1468 788//1472
f 784//1470 786//1473 788//1474
f 786//1473 784//1470 787//1475
f 784//1470 780//1462 787//1475
f 788//1472 790//1476 789//1477
f 791//1478 788//1472 789//1477
f 792//1479 790//1480 788//1474
f 785//1471 788//1472 791//1478
f 788//1474 786//1473 792//1479
f 786//1481 796//1482 792//1483
f 794//1484 793//1485 792//1486
f 793//1485 795//1487 792//1486
f 794//1488 792//1483 796//1482
f 795//1489 790//1480 792//1479
f 797//1490 796//1482 786//1481
f 797//1490 794//1488 796//1482
f 797//1490 786//1481 798//1491
f 797//1492 798//1493 794//1494
f 798//1493 802//1495 799//1496
f 800//1497 798//1493 799//1496
f 794//1494 798//1493 800//1497
f 798//1491 786//1481 787//1498
f 801//1499 798//1491 787//1498
f 798//1493 801//1500 802//1495
f 803//1501 799//1502 802//1503
f 804//1504 803//1501 802//1503
f 804//1505 802//1506 805//1507
f 801//1500 805//1508 802//1495
f 807//1509 804//1505 805//1507
f 805//1508 801//1500 806//1510
f 806//1510 808//1511 805//1508
f 807//1512 805//1513 809//1514
f 808//1511 809//1515 805//1508
f 809//1516 811//1516 810//1516
f 809//1517 810//1518 814//1519
f 811//1520 809//1515 812//1521
f 809//1515 808//1511 812//1521
f 799//1496 809//1517 800//1497
f 809//1517 814//1519 800//1497
f 813//1522 809//1522 799//1522
f 813//1523 807//1512 809//1514
f 800//1524 814//1525 816//1526
f 814//1525 815//1527 816//1526
f 815//1527 814//1525 810//1528
f 800//1524 816//1526 817//1529
f 816//1530 818//1531 817//1532
f 816//1530 815//1533 818//1531
f 817//1532 818//1531 819//1534
f 821//1535 819//1536 818//1537
f 815//1533 820//1538 818//1531
f 821//1535 818//1537 820//1539
f 822//1540 821//1541 824//1542
f 822//1540 823//1543 821//1541
f 821//1535 823//1544 819//1536
f 824//1545 821//1535 820//1539
f 811//1546 824//1547 820//1548
f 825//1549 822//1540 824//1542
f 825//1549 824//1542 811//1520
f 825//1549 811//1520 827//1550
f 825//1549 826//1551 828//1552
f 825//1549 827//1550 826//1551
f 829//1553 825//1549 828//1552
f 830//1554 825//1555 829//1556
f 830//1557 831//1558 825//1559
f 831//1558 822//1560 825//1559
f 832//1561 831//1562 830//1563
f 831//1562 832//1561 833//1564
f 831//1565 833//1566 834//1567
f 831//1565 834//1567 822//1568
f 834//1569 823//1543 822//1540
f 833//1570 832//1571 834//1572
f 832//1571 829//1573 834//1572
f 836//1574 834//1569 829//1553
f 834//1569 836//1574 835//1575
f 835//1575 837//1576 834//1569
f 834//1569 793//1577 823//1543
f 834//1569 838//1578 793//1577
f 837//1576 838//1578 834//1569
f 837//1576 839//1579 838//1578
f 839//1579 840//1580 838//1578
f 841//1581 838//1582 840//1583
f 793//1485 838//1582 841//1581
f 793//1485 841//1581 795//1487
f 841//1581 842//1584 795//1487
f 841//1581 843//1585 842//1584
f 843//1586 841//1587 844//1588
f 844//1589 841//1581 840//1583
f 843//1586 844//1588 845//1590
f 844//1589 840//1583 845//1591
f 846//1592 843//1593 845//1594
f 847//1595 846//1592 845//1594
f 845//1594 848//1596 847//1595
f 848//1596 845//1594 840//1597
f 849//1598 853//1599 848//1596
f 848//1596 852//1600 849//1598
f 847//1595 848//1596 853//1599
f 850//1601 852//1600 848//1596
f 851//1602 850//1601 848//1596
f 840//1580 851//1602 848//1596
f 853//1599 854//1603 847//1595
f 854//1604 853//1605 855//1606
f 856//1607 855//1607 853//1607
f 857//1608 856//1609 853//1599
f 853//1599 849//1598 857//1608
f 856//1609 857//1608 858//1610
f 857//1608 859//1611 858//1610
f 863//1612 859//1611 857//1608
f 862//1613 860//1613 857//1613
f 860//1614 850//1614 857//1614
f 849//1615 861//1616 857//1617
f 861//1616 862//1618 857//1617
f 863//1612 857//1608 850//1601
f 865//1619 863//1612 864//1620
f 850//1601 864//1620 863//1612
f 863//1621 865//1622 866//1623
f 866//1624 859//1625 863//1626
f 866//1624 867//1627 859//1625
f 866//1628 868//1629 867//1630
f 865//1622 868//1631 866//1623
f 865//1622 869//1632 868//1631
f 869//1633 870//1633 868//1633
f 872//1634 868//1629 870//1635
f 868//1629 871//1636 867//1630
f 872//1634 871//1636 868//1629
f 872//1634 870//1635 875//1637
f 874//1638 873//1639 872//1640
f 873//1639 876//1641 872//1640
f 875//1642 874//1638 872//1640
f 871//1643 872//1640 876//1641
f 876//1641 858//1644 871//1643
f 856//1609 858//1610 876//1645
f 856//1609 876//1645 873//1646
f 875//1637 870//1635 878//1647
f 875//1648 877//1649 874//1650
f 877//1649 875//1648 878//1651
f 870//1635 879//1652 878//1647
f 879//1652 880//1653 878//1647
f 877//1654 878//1655 880//1656
f 882//1657 881//1658 880//1659
f 881//1658 884//1660 880//1659
f 880//1653 879//1652 883//1661
f 884//1662 877//1654 880//1656
f 882//1663 880//1653 883//1661
f 881//1664 885//1665 884//1666
f 885//1665 877//1667 884//1666
f 885//1665 812//1521 886//1668
f 885//1665 811//1520 812//1521
f 811//1520 885//1665 881//1664
f 890//1669 885//1665 886//1668
f 887//1670 888//1670 885//1670
f 887//1671 885//1671 890//1671
f 888//1672 889//1672 885//1672
f 885//1665 889//1673 877//1667
f 777//1674 890//1669 891//1675
f 890//1669 777//1674 894//1676
f 890//1669 892//1677 891//1675
f 890//1669 886//1668 892//1677
f 893//1678 887//1678 890//1678
f 893//1679 890//1679 894//1679
f 889//1673 894//1676 874//1680
f 895//1681 894//1682 889//1683
f 894//1676 896//1684 874//1680
f 895//1685 893//1685 894//1685
f 894//1676 777//1674 774//1686
f 896//1684 894//1676 774//1686
f 897//1687 856//1688 896//1689
f 897//1690 896//1691 775//1454
f 896//1684 873//1646 874//1680
f 873//1646 896//1684 856//1609
f 896//1691 774//1455 775//1454
f 855//1606 897//1692 854//1604
f 897//1687 855//1693 856//1688
f 898//1694 854//1604 897//1692
f 897//1692 775//1695 898//1694
f 854//1604 898//1694 768//1446
f 775//1695 768//1446 898//1694
f 888//1696 895//1681 889//1683
f 887//1697 895//1698 888//1699
f 887//1697 893//1700 895//1698
f 891//1701 892//1702 901//1703
f 899//1704 892//1702 886//1705
f 892//1702 899//1704 900//1706
f 892//1702 900//1706 901//1703
f 901//1707 902//1708 891//1709
f 901//1710 900//1711 902//1712
f 806//1713 903//1714 902//1715
f 902//1708 903//1716 891//1709
f 806//1713 902//1715 904//1717
f 900//1711 904//1718 902//1712
f 806//1713 904//1717 905//1719
f 900//1711 905//1720 904//1718
f 906//1721 812//1722 905//1723
f 812//1722 808//1724 905//1723
f 899//1725 906//1726 905//1720
f 905//1720 900//1711 899//1725
f 808//1727 806//1713 905//1719
f 899//1728 886//1729 906//1730
f 886//1729 812//1731 906//1730
f 777//1674 891//1675 903//1732
f 801//1500 777//1674 903//1732
f 801//1500 903//1732 806//1510
f 877//1667 889//1673 874//1680
f 908//1733 883//1734 879//1735
f 883//1736 907//1737 882//1738
f 883//1734 908//1733 907//1739
f 869//1740 865//1619 908//1741
f 865//1619 909//1742 908//1741
f 869//1743 908//1733 870//1744
f 908//1733 879//1735 870//1744
f 910//1745 907//1746 908//1741
f 908//1741 909//1742 910//1745
f 811//1520 910//1745 827//1550
f 910//1745 811//1520 881//1664
f 910//1745 911//1747 827//1550
f 910//1745 914//1748 911//1747
f 910//1745 881//1664 907//1746
f 912//1749 910//1750 909//1751
f 912//1749 913//1752 910//1750
f 913//1753 914//1753 910//1753
f 914//1748 915//1754 911//1747
f 914//1748 918//1755 915//1754
f 917//1756 916//1757 914//1758
f 914//1748 916//1759 918//1755
f 913//1760 917//1756 914//1758
f 916//1759 921//1761 918//1755
f 915//1762 918//1763 919//1764
f 918//1765 920//1766 919//1767
f 918//1765 921//1768 920//1766
f 921//1768 922//1769 920//1766
f 916//1759 922//1770 921//1761
f 922//1769 923//1771 920//1766
f 922//1772 924//1773 923//1774
f 924//1775 922//1770 850//1601
f 850//1601 922//1770 864//1620
f 922//1770 916//1759 864//1620
f 851//1602 924//1775 850//1601
f 851//1776 925//1777 924//1773
f 924//1773 925//1777 923//1774
f 851//1778 926//1779 925//1780
f 920//1781 923//1782 925//1783
f 925//1783 926//1784 920//1781
f 839//1785 837//1786 926//1787
f 926//1787 837//1786 927//1788
f 839//1789 926//1779 851//1778
f 920//1781 926//1784 919//1790
f 926//1784 927//1791 919//1790
f 837//1786 835//1792 927//1788
f 835//1793 836//1794 927//1795
f 836//1794 928//1796 927//1795
f 928//1797 919//1790 927//1791
f 828//1798 929//1799 928//1796
f 928//1797 929//1800 930//1801
f 836//1794 828//1798 928//1796
f 928//1797 930//1801 919//1790
f 929//1800 931//1802 930//1801
f 915//1803 930//1804 931//1805
f 915//1762 919//1764 930//1806
f 932//1807 827//1808 931//1809
f 827//1808 911//1810 931//1809
f 911//1811 915//1803 931//1805
f 929//1800 932//1812 931//1802
f 929//1813 826//1814 932//1815
f 826//1814 827//1816 932//1815
f 929//1799 828//1798 826//1817
f 917//1818 864//1819 916//1820
f 913//1821 933//1822 917//1823
f 917//1818 933//1824 864//1819
f 913//1821 912//1825 933//1822
f 933//1826 909//1827 864//1828
f 933//1826 912//1829 909//1827
f 909//1742 865//1619 864//1620
f 907//1737 881//1830 882//1738
f 859//1625 867//1627 871//1831
f 858//1832 859//1625 871//1831
f 934//1833 860//1833 862//1833
f 935//1834 862//1834 861//1834
f 935//1835 934//1835 862//1835
f 935//1836 937//1837 936//1838
f 936//1838 934//1839 935//1836
f 937//1837 935//1836 938//1840
f 938//1841 935//1841 861//1841
f 941//1842 937//1837 938//1840
f 939//1843 941//1842 938//1840
f 939//1844 938//1844 940//1844
f 938//1845 861//1845 940//1845
f 942//1846 937//1847 941//1848
f 942//1846 941//1848 946//1849
f 943//1850 941//1842 939//1843
f 943//1851 945//1852 941//1853
f 944//1854 946//1849 941//1848
f 944//1854 941//1848 945//1855
f 942//1846 946//1849 947//1856
f 947//1856 946//1849 948//1857
f 946//1849 949//1858 948//1857
f 946//1849 944//1854 949//1858
f 949//1858 951//1859 343//693
f 948//1857 949//1858 343//693
f 944//1854 950//1860 949//1858
f 949//1858 950//1860 951//1859
f 343//693 951//1859 382//758
f 951//1859 381//762 382//758
f 950//1860 444//846 951//1859
f 951//1859 444//846 381//762
f 945//1855 440//842 950//1860
f 950//1860 440//842 444//846
f 944//1854 945//1855 950//1860
f 948//1857 343//693 342//695
f 947//1856 948//1857 952//1861
f 952//1861 948//1857 342//695
f 366//1862 952//1863 364//729
f 364//729 952//1863 345//1864
f 952//1861 342//695 345//697
f 953//1865 947//1866 952//1863
f 953//1865 952//1863 366//1862
f 367//732 953//1867 366//731
f 367//732 842//1868 953//1867
f 842//1868 843//1593 953//1867
f 843//1593 846//1592 953//1867
f 846//1869 947//1866 953//1865
f 847//1870 942//1871 947//1866
f 847//1870 947//1866 846//1869
f 945//1852 943//1851 437//1872
f 945//1855 437//839 440//842
f 939//1843 934//1839 943//1850
f 934//1839 936//1838 943//1850
f 943//1873 936//1874 437//1875
f 759//1429 937//1847 942//1846
f 854//1876 759//1435 942//1877
f 854//1603 942//1878 847//1595
f 940//1879 861//1880 852//1881
f 940//1882 852//1883 850//1884
f 940//1885 860//1885 939//1885
f 860//1886 940//1882 850//1884
f 860//1887 934//1887 939//1887
f 936//1888 937//1889 954//1890
f 758//1428 757//1427 937//1847
f 759//1429 758//1428 937//1847
f 937//1847 757//1427 954//1891
f 936//1888 954//1890 434//1892
f 954//1891 431//832 434//836
f 954//1891 757//1427 431//832
f 936//1874 434//1893 437//1875
f 861//1880 849//1894 852//1881
f 768//1895 759//1435 854//1876
f 840//1580 839//1579 851//1602
f 955//1896 842//1868 367//732
f 790//1480 795//1489 842//1868
f 955//1896 790//1480 842//1868
f 368//733 955//1896 367//732
f 956//1897 955//1898 368//1899
f 790//1900 955//1898 956//1897
f 789//1477 790//1476 956//1901
f 956//1901 368//740 371//739
f 789//1477 956//1901 371//739
f 829//1553 828//1552 836//1574
f 832//1902 830//1554 829//1556
f 793//1577 794//1494 823//1543
f 823//1903 800//1904 817//1905
f 819//1906 823//1903 817//1905
f 794//1494 800//1497 823//1543
f 815//1533 957//1907 820//1538
f 957//1908 811//1546 820//1548
f 815//1909 810//1910 957//1911
f 810//1910 811//1912 957//1911
f 813//1913 804//1913 807//1914
f 803//1915 813//1915 799//1915
f 804//1913 813//1913 803//1916
f 801//1499 780//1917 778//1458
f 780//1917 801//1499 787//1498
f 777//1457 801//1499 778//1458
f 436//837 791//1918 789//1919
f 428//829 785//1920 791//1918
f 428//829 791//1918 433//834
f 433//834 791//1918 436//837
f 442//843 439//840 789//1919
f 436//837 789//1919 439//840
f 958//1921 789//1919 371//757
f 789//1919 958//1921 442//843
f 455//1922 958//1923 378//765
f 455//1924 442//1925 958//1926
f 958//1921 371//757 378//756
f 424//825 785//1920 428//829
f 424//825 782//1927 785//1920
f 703//1343 713//1344 783//1928
f 713//1344 770//1929 783//1928
f 770//1447 771//1448 783//1464
f 959//1930 783//1469 782//1466
f 703//1931 783//1931 959//1931
f 705//1331 703//1330 959//1932
f 426//827 959//1932 782//1927
f 705//1331 959//1932 426//827
f 426//827 782//1927 424//825
f 772//1450 768//1446 775//1695
f 770//1447 960//1933 767//1445
f 713//1344 960//1934 770//1929
f 713//1344 714//1346 960//1934
f 960//1933 714//1347 767//1445
f 761//1434 759//1435 768//1895
f 767//1445 716//1349 765//1440
f 714//1347 716//1349 767//1445
f 765//1440 716//1349 763//1442
f 961//1935 762//1437 763//1436
f 716//1349 961//1936 763//1442
f 962//1937 762//1437 961//1935
f 724//1364 962//1937 961//1936
f 717//1353 724//1364 961//1936
f 716//1349 717//1353 961//1936
f 724//1364 725//1366 962//1937
f 725//1366 963//1938 962//1937
f 962//1937 963//1938 762//1437
f 963//1939 752//1422 762//1438
f 963//1939 739//1940 746//1941
f 638//1220 739//1940 963//1939
f 963//1939 746//1941 752//1422
f 725//1366 638//1226 963//1938
f 762//1438 752//1422 753//1431
f 755//1425 431//832 757//1427
f 755//1425 429//831 431//832
f 752//1422 746//1941 745//1419
f 742//1415 964//1942 748//1416
f 964//1942 709//1338 748//1416
f 748//1416 709//1338 707//1335
f 422//815 748//1416 704//1334
f 748//1416 707//1335 704//1334
f 967//1943 965//1944 964//1942
f 964//1942 965//1944 709//1338
f 966//1945 967//1943 964//1942
f 966//1945 964//1942 742//1415
f 967//1943 968//1946 965//1944
f 967//1943 653//1245 968//1946
f 659//1254 653//1245 967//1943
f 969//1947 659//1254 967//1943
f 969//1947 967//1943 966//1945
f 626//1202 659//1254 969//1947
f 636//1216 969//1947 966//1945
f 626//1202 969//1947 636//1216
f 968//1946 711//1339 965//1944
f 968//1946 654//1247 711//1339
f 653//1245 654//1247 968//1946
f 966//1945 742//1415 743//1948
f 970//1949 966//1945 743//1948
f 635//1215 636//1216 966//1945
f 635//1215 966//1945 970//1949
f 739//1940 970//1949 743//1948
f 639//1217 970//1949 739//1940
f 639//1217 635//1215 970//1949
f 965//1944 711//1339 709//1338
f 734//1399 746//1414 735//1950
f 746//1414 740//1398 735//1950
f 746//1414 739//1395 740//1398
f 971//1951 742//1952 972//1953
f 975//1954 742//1955 971//1956
f 742//1952 976//1957 972//1953
f 974//1958 973//1959 742//1960
f 973//1959 976//1961 742//1960
f 742//1955 975//1954 974//1962
f 976//1963 977//1964 978//1965
f 976//1961 973//1959 977//1966
f 976//1963 978//1965 979//1967
f 979//1967 972//1968 976//1963
f 979//1969 978//1969 980//1969
f 972//1968 979//1967 982//1970
f 979//1971 980//1971 981//1971
f 982//1972 979//1972 981//1972
f 977//1964 983//1973 982//1970
f 982//1970 983//1973 972//1968
f 982//1974 981//1974 984//1974
f 978//1975 982//1975 984//1975
f 977//1964 982//1970 978//1965
f 984//1976 981//1976 980//1976
f 984//1977 980//1977 978//1977
f 985//1978 983//1979 110//1980
f 110//1980 983//1979 977//1981
f 972//1982 983//1983 985//1984
f 986//1985 985//1978 109//1986
f 972//1982 985//1984 986//1987
f 109//1986 985//1978 110//1980
f 971//1988 972//1982 986//1987
f 971//1956 986//1989 109//1990
f 110//1980 977//1981 987//1991
f 987//1991 977//1981 973//1992
f 110//1993 987//1993 106//1993
f 106//1994 987//1995 128//244
f 128//244 987//1995 974//1996
f 973//1992 974//1997 987//1991
f 975//1954 971//1956 109//1990
f 974//1998 975//1999 117//2000
f 975//1999 115//2001 117//2000
f 115//2002 975//2003 109//2004
f 117//242 128//244 974//1996
f 740//2005 737//2005 731//2005
f 735//2006 740//2006 731//2006
f 638//1220 639//1217 739//1940
f 731//1382 737//2007 726//1383
f 737//1391 728//1393 726//2008
f 642//1224 638//1226 725//1366
f 722//1363 642//2009 725//1366
f 722//1363 644//1227 642//2009
f 648//1236 644//1227 722//1363
f 715//1351 720//1359 717//1353
f 988//2010 705//1331 426//827
f 702//2011 705//2012 988//2013
f 988//2013 989//2014 702//2011
f 988//2013 417//811 989//2014
f 426//827 417//824 988//2010
f 415//807 990//2015 989//2016
f 417//811 415//810 989//2014
f 990//2015 702//2017 989//2016
f 414//806 991//2018 990//2015
f 415//807 414//806 990//2015
f 692//1312 990//2015 991//2018
f 692//1312 702//2017 990//2015
f 991//2018 414//806 451//858
f 692//1312 991//2018 689//1308
f 457//864 689//1308 991//2018
f 991//2018 451//858 457//864
f 422//815 704//1334 420//816
f 693//1314 702//2017 692//1312
f 700//1323 413//804 412//803
f 700//1327 412//819 420//818
f 457//864 458//865 689//1308
f 689//1308 458//865 688//1309
f 471//880 688//1306 459//866
f 458//865 459//866 688//2019
f 474//881 676//1288 686//1305
f 680//1299 686//1305 676//1288
f 686//1305 470//877 474//881
f 686//1305 472//878 470//877
f 663//1294 664//2020 682//1300
f 682//1300 664//2020 662//1321
f 622//1199 669//1295 625//1201
f 622//1199 623//1200 669//1295
f 407//800 408//788 666//1284
f 409//799 407//800 666//1284
f 625//1201 661//1256 659//1254
f 626//1202 625//1201 659//1254
f 580//1086 581//1087 656//2021
f 584//1093 656//1253 623//1200
f 584//1093 580//1091 656//1253
f 655//1361 650//2022 648//1236
f 650//2022 647//1234 648//1236
f 644//1227 641//1229 642//2009
f 564//1116 593//1115 551//2023
f 552//1233 575//1075 570//1074
f 570//2024 549//1024 552//1032
f 545//1056 549//2025 570//1065
f 563//2026 569//2026 561//2026
f 563//2027 559//2027 569//2027
f 559//2028 562//2028 569//2028
f 564//1045 551//1043 563//1052
f 551//1043 559//1044 563//1052
f 494//913 491//912 558//1035
f 555//1034 494//913 558//1035
f 517//956 494//913 555//1034
f 520//958 517//956 555//1034
f 519//961 520//962 547//1027
f 485//903 542//2029 543//2030
f 484//902 542//2029 485//903
f 349//701 514//954 355//714
f 992//2031 330//683 514//954
f 349//701 992//2031 514//954
f 327//675 992//2032 349//2033
f 327//675 330//674 992//2032
f 404//795 405//796 503//941
f 503//930 475//882 477//885
f 405//796 406//797 503//941
f 471//880 459//866 461//868
f 467//876 463//871 394//783
f 394//783 463//871 388//772
f 455//862 385//773 454//863
f 385//764 455//1922 378//765
f 449//2034 442//1925 455//1924
f 452//860 400//808 392//781
f 414//806 452//860 451//858
f 414//806 400//808 452//860
f 449//853 443//852 442//2035
f 447//848 391//2036 446//849
f 392//781 391//780 447//857
f 393//2037 446//2037 391//2037
f 393//2038 380//767 446//2039
f 380//2040 383//2040 446//2040
f 994//2041 434//2042 993//2043
f 434//2042 995//2044 993//2043
f 996//2045 434//2046 994//2047
f 998//2048 995//2049 434//2050
f 434//2046 996//2045 997//2051
f 997//2052 998//2048 434//2050
f 998//2048 1001//2053 995//2049
f 999//2054 1000//2055 998//2056
f 998//2056 997//2057 999//2054
f 1001//2058 998//2056 1000//2055
f 995//2059 1001//2060 1004//2061
f 1001//2060 1002//2062 1003//2063
f 1000//2055 1002//2064 1001//2058
f 1001//2060 1003//2063 1004//2061
f 993//2065 995//2059 1004//2061
f 1005//2066 1004//2067 1003//2068
f 1005//2066 1006//2069 1004//2067
f 1004//2070 1006//2071 1008//2072
f 1007//2073 1004//2070 1008//2072
f 993//2065 1004//2061 1007//2074
f 1006//2075 1009//2075 1008//2075
f 1008//2076 1009//2076 1007//2076
f 1005//2077 1009//2077 1006//2077
f 1003//2078 1009//2079 1005//2080
f 1003//2078 1007//2081 1009//2079
f 1007//2074 1002//2062 993//2065
f 1002//2062 1007//2074 1003//2063
f 993//2082 1002//2083 1010//2084
f 1010//2085 1002//2064 1000//2055
f 993//2082 1010//2084 1011//2086
f 1011//2087 1010//2085 1013//2088
f 1013//2088 1010//2085 1012//2089
f 1010//2085 1000//2055 1012//2089
f 994//2047 1011//2090 1013//2091
f 1014//2092 1015//2093 1013//2094
f 1014//2095 1013//2095 1017//2095
f 1015//2093 996//2096 1013//2094
f 1012//2097 1016//2098 1013//2099
f 1013//2099 1016//2098 1017//2100
f 996//2045 994//2047 1013//2091
f 1016//2101 1018//2102 1017//2103
f 1018//2102 1019//2104 1017//2103
f 1017//2103 1019//2104 1014//2105
f 1019//2104 1018//2102 1020//2106
f 1024//2107 1019//2104 1020//2106
f 1021//2108 1019//2109 1023//2110
f 1019//2104 1021//2111 1014//2105
f 1025//2112 1022//2113 1019//2104
f 1022//2113 184//350 1019//2104
f 1019//2109 184//2114 1023//2110
f 1025//2112 1019//2104 1024//2107
f 304//613 1025//2112 1024//2107
f 301//609 1025//610 304//610
f 301//609 1022//463 1025//610
f 1024//2107 1020//2106 1026//2115
f 1024//2107 1026//2115 1027//2116
f 1028//2117 1024//2107 1027//2116
f 304//613 1024//2107 1028//2117
f 1028//2117 1027//2116 1029//2118
f 1028//2117 1029//2118 1030//2119
f 304//613 1028//2117 305//614
f 305//614 1028//2117 1030//2119
f 1030//2120 1029//2121 34//62
f 36//63 1030//2120 34//62
f 1031//2122 1030//2123 1033//2124
f 1030//2125 1031//2126 1032//2127
f 1034//2128 1030//2125 1032//2127
f 305//614 1030//2119 36//2129
f 1030//2123 1034//2130 1033//2124
f 1029//2131 1034//2128 1032//2127
f 1034//2130 1029//2132 1033//2124
f 1031//2122 1033//2124 1037//2133
f 1037//2133 1033//2124 59//125
f 1033//2124 1036//2134 59//125
f 1029//2132 1035//2135 1033//2124
f 1035//2135 1036//2134 1033//2124
f 36//2136 1031//2122 1037//2133
f 35//2137 1038//2138 1037//2133
f 1038//2138 36//2136 1037//2133
f 1037//2133 59//125 1039//2139
f 39//70 1037//2133 1039//2139
f 40//72 1037//2133 39//70
f 40//72 35//2137 1037//2133
f 54//2140 39//2140 1039//2140
f 54//118 1039//2141 56//119
f 1039//2139 59//125 56//126
f 1038//2142 35//2143 15//27
f 36//2144 1038//2142 15//27
f 1036//2134 1043//2145 59//125
f 1042//2146 1040//2147 1036//2134
f 1040//2147 1041//2148 1036//2134
f 1036//2134 1041//2148 1043//2145
f 1035//2135 1042//2146 1036//2134
f 58//124 1043//2145 1044//2149
f 59//125 1043//2145 58//124
f 1043//2145 1041//2148 1044//2149
f 58//124 1044//2149 1045//2150
f 1044//2149 1046//2151 1045//2150
f 1044//2149 1047//2152 1046//2151
f 1041//2148 1047//2152 1044//2149
f 1041//2148 1048//2153 1047//2152
f 1047//2152 89//166 1046//2151
f 1047//2152 192//380 89//166
f 1048//2153 192//380 1047//2152
f 191//381 192//380 1048//2153
f 1049//2154 191//381 1048//2153
f 1050//2155 1049//2154 1048//2153
f 1041//2148 1050//2155 1048//2153
f 1018//2156 1050//2155 1051//2157
f 1050//2158 1018//2158 200//2158
f 1050//2159 200//393 198//389
f 1051//2157 1050//2155 1041//2148
f 1049//2160 1050//2159 198//389
f 1018//2161 1051//2162 1052//2163
f 1051//2162 1020//2164 1052//2163
f 1020//2164 1051//2162 1040//2165
f 1040//2147 1051//2157 1041//2148
f 1020//2164 1040//2165 1052//2163
f 1018//2161 1052//2163 200//2166
f 200//2167 1052//2167 209//2167
f 1026//2168 1032//2127 1052//2163
f 1053//2169 1052//2170 1032//2171
f 1040//2165 1026//2168 1052//2163
f 1052//2172 1053//2172 209//2172
f 1054//2173 1053//2169 1032//2171
f 1053//2169 1054//2173 1055//2174
f 209//417 1053//2169 1055//2174
f 209//417 1055//2174 214//424
f 1054//2173 1056//2175 1055//2174
f 1057//2176 1055//2176 1056//2176
f 1055//2177 1057//2177 214//2177
f 1056//2178 212//2178 1057//2178
f 1057//2179 212//2179 214//2179
f 1058//2180 212//425 1056//2175
f 1054//2173 1058//2180 1056//2175
f 1058//2180 1032//2171 1059//2181
f 1058//2180 1054//2173 1032//2171
f 212//425 1058//2180 5//428
f 1058//2180 1059//2181 5//428
f 1059//2182 1060//2183 5//2184
f 1060//2185 1059//2181 1032//2171
f 9//12 8//14 1060//2186
f 8//2187 5//2184 1060//2183
f 1060//2186 15//27 9//12
f 1031//2126 15//27 1060//2186
f 1031//2126 1060//2186 1032//2127
f 1049//2188 198//2188 191//2188
f 1046//2151 84//162 1061//2189
f 1045//2150 1046//2151 1061//2189
f 89//166 84//162 1046//2151
f 85//163 65//137 1061//2189
f 84//162 85//163 1061//2189
f 65//137 61//127 1061//2189
f 61//127 1045//2150 1061//2189
f 58//124 1045//2150 61//127
f 1026//2190 1040//2147 1042//2146
f 1027//2191 1042//2192 1035//2193
f 1042//2192 1027//2191 1032//2127
f 1026//2168 1042//2192 1032//2127
f 1035//2193 1029//2131 1032//2127
f 1027//2191 1035//2193 1032//2127
f 1031//2126 36//2144 15//27
f 1029//2121 1027//2194 1062//2195
f 1029//2121 1063//2196 34//62
f 1063//2196 1029//2121 1062//2195
f 1062//2197 1064//2197 1063//2197
f 1066//2198 1063//2198 1064//2198
f 1063//2199 1066//2199 1065//2199
f 1063//2196 1065//2200 34//62
f 1066//2201 1067//2201 1065//2201
f 1066//2202 28//2202 1067//2202
f 1068//2203 1066//2204 1064//2205
f 1068//2203 28//55 1066//2204
f 1068//2203 32//56 28//55
f 1068//2203 246//492 32//56
f 246//2206 1068//2206 1069//2206
f 1068//2207 1070//2207 1069//2207
f 1071//2208 1070//2209 1068//2203
f 1068//2203 1072//2210 1071//2208
f 1072//2210 1068//2203 1073//2211
f 1068//2203 1064//2205 1073//2211
f 1062//2212 1072//2212 1073//2212
f 1062//2213 1073//2213 1064//2213
f 1020//2214 1018//2215 1072//2216
f 1018//2215 181//347 1072//2216
f 1020//2214 1072//2216 1062//2195
f 181//2217 1071//2217 1072//2217
f 1071//2208 1074//2218 1070//2209
f 1071//2208 178//342 1074//2218
f 181//2219 178//2219 1071//2219
f 1074//2220 1076//2221 1075//2222
f 1075//2223 1070//2223 1074//2223
f 166//2224 1076//2224 1074//2224
f 166//341 1074//2218 178//342
f 1077//2225 1075//2222 1076//2221
f 107//188 1077//2225 1076//2221
f 1076//2221 98//194 107//188
f 102//2226 98//194 1076//2221
f 166//2227 102//2226 1076//2221
f 125//232 1077//2225 107//188
f 1077//2228 125//2228 1078//2228
f 1075//2229 1077//2229 1078//2229
f 122//231 261//2230 1078//2231
f 122//231 1078//2231 125//232
f 261//2232 253//2232 1078//2232
f 1078//2233 253//502 1079//2234
f 1078//2233 1079//2234 246//492
f 1078//2233 246//492 1069//2235
f 1078//2233 1069//2235 1075//2236
f 247//491 246//492 1079//2234
f 1079//2234 253//502 247//491
f 1069//2235 1070//2237 1075//2236
f 1065//2200 1067//2238 29//58
f 1067//2238 28//55 29//58
f 1065//2200 29//58 34//62
f 1026//2239 1020//2214 1062//2195
f 1027//2194 1026//2239 1062//2195
f 184//350 1080//2240 1023//2241
f 996//2242 1023//2243 1080//2244
f 996//2245 1015//2246 1023//2247
f 1023//2247 1015//2246 1021//2248
f 1080//2240 184//350 183//351
f 1080//2240 183//351 1081//2249
f 1080//2250 999//2251 997//2252
f 1080//2250 1081//2253 999//2251
f 997//2254 996//2242 1080//2244
f 183//351 1082//2255 1081//2249
f 1081//2256 1000//2257 999//2258
f 1082//2259 1000//2257 1081//2256
f 183//351 1018//2102 1082//2255
f 1000//2260 1082//2261 1016//2262
f 1018//2102 1016//2101 1082//2255
f 301//609 1083//2263 1022//463
f 1022//2113 1083//2264 184//350
f 1083//2264 301//2265 176//335
f 1083//2264 177//338 184//350
f 1083//2264 176//335 177//338
f 1015//2266 1014//2266 1021//2266
f 1018//2215 183//349 181//347
f 1012//2267 1000//2260 1016//2262
f 994//2082 993//2082 1011//2086
f 396//785 403//794 394//784
f 402//793 390//774 392//776
f 401//792 402//793 400//791
f 402//793 392//776 400//791
f 393//2038 387//771 380//767
f 382//758 335//687 339//689
f 343//693 382//758 339//689
f 375//1008 370//735 361//724
f 370//735 362//725 361//724
f 364//729 345//1864 358//719
f 358//719 345//1864 347//717
f 327//1006 349//702 351//704
f 328//2268 326//709 338//708
f 314//669 324//658 311//2269
f 309//621 311//624 324//2270
f 324//2270 307//2271 309//621
f 324//2272 308//2272 307//2272
f 322//2273 42//84 25//83
f 320//646 315//640 1084//2274
f 320//646 1084//2274 318//643
f 1084//2275 1086//2275 1085//2275
f 318//2276 1084//2276 1085//2276
f 1084//2277 317//2277 1086//2277
f 317//642 1084//2274 315//640
f 1086//2278 1087//2278 1085//2278
f 1087//2279 1086//2280 317//2281
f 1085//2282 1087//2282 318//2282
f 1087//2279 317//2281 318//2283
f 24//47 308//2284 23//46
f 305//614 36//2129 35//76
f 301//609 120//610 119//2142
f 301//2265 113//203 176//335
f 301//2265 119//220 113//203
f 16//29 292//602 229//602
f 232//458 237//2285 279//553
f 276//2286 278//2286 242//2286
f 242//2287 274//544 276//546
f 274//579 73//146 72//145
f 249//2288 274//579 257//512
f 249//2288 273//2289 274//579
f 257//512 274//579 72//145
f 271//2290 270//2290 269//2290
f 269//2291 270//2291 266//2291
f 269//535 266//530 146//279
f 146//279 150//285 269//535
f 266//530 264//525 146//279
f 1088//2292 264//525 137//527
f 264//525 1088//2292 146//279
f 1088//2292 140//280 146//279
f 141//2293 140//2294 1088//2295
f 137//2296 141//2293 1088//2295
f 121//222 261//2297 122//223
f 253//502 261//2298 254//503
f 121//222 254//505 261//2297
f 257//2299 256//2299 249//2299
f 121//222 250//499 254//505
f 120//221 250//499 121//222
f 244//493 243//487 246//492
f 246//492 243//487 1089//2300
f 1089//2300 32//56 246//492
f 1089//2300 27//52 32//54
f 1089//2300 243//487 27//52
f 232//2301 234//2301 237//2301
f 219//434 220//435 227//449
f 222//436 17//30 16//32
f 217//432 219//434 150//285
f 148//284 217//432 150//285
f 213//427 148//284 152//289
f 191//2302 198//2302 194//2302
f 192//380 92//170 91//168
f 192//380 91//168 89//166
f 168//334 93//171 180//355
f 180//355 93//171 92//170
f 176//335 113//203 102//2303
f 176//335 102//2303 166//336
f 170//333 166//2304 93//171
f 166//2304 101//182 93//171
f 163//303 158//294 160//295
f 124//224 104//226 137//265
f 136//2305 132//2305 135//2305
f 132//255 136//2306 1090//2307
f 136//2306 80//2308 1090//2307
f 1090//2309 95//2309 96//2309
f 1090//2310 96//2310 99//2310
f 82//2311 95//2312 1090//2313
f 82//2311 1090//2313 80//2314
f 132//255 1090//2307 99//252
f 132//2315 104//2315 135//2315
f 126//229 77//148 79//151
f 126//229 76//149 77//148
f 124//228 122//523 126//229
f 126//229 122//523 76//149
f 106//190 125//232 107//188
f 112//2316 115//2002 109//2004
f 113//203 98//195 102//2303
f 106//247 100//196 104//185
f 104//263 98//2317 103//316
f 87//165 95//172 82//159
f 66//138 65//137 85//163
f 71//144 66//138 85//163
f 47//93 39//88 54//113
f 15//27 35//2143 40//73
f 1091//2318 37//2319 34//2320
f 37//2319 1091//2318 31//2321
f 31//2321 1091//2318 30//2322
f 30//2323 1091//2323 29//2323
f 1091//2324 34//2324 29//2324
f 15//27 22//86 19//45
f 4//2325 3//429 5//428
