# Blender 4.5.3 LTS
# www.blender.org
o duct_left_up_front
v 0.105048 -0.219935 0.004503
v 0.104217 -0.221413 -0.001848
v 0.105438 -0.219884 0.013820
v 0.105110 -0.217308 0.004502
v 0.105041 -0.217410 -0.001847
v 0.104266 -0.221611 0.012775
v 0.105898 -0.219479 0.004618
v 0.105002 -0.220538 0.014120
v 0.104547 -0.222447 0.013340
v 0.106380 -0.220616 0.015660
v 0.106253 -0.219634 0.014253
v 0.106541 -0.218495 0.016118
v 0.109839 -0.222596 0.018046
v 0.109904 -0.218155 0.018847
v 0.106319 -0.217061 0.015168
v 0.106237 -0.217580 0.013936
v 0.106361 -0.216295 0.015637
v 0.105230 -0.217193 0.013782
v 0.104983 -0.216413 0.014134
v 0.102860 -0.214809 -0.001847
v 0.103797 -0.214752 0.012269
v 0.102538 -0.214522 0.008777
v 0.100030 -0.214076 0.001919
v 0.100047 -0.214530 -0.001846
v 0.100867 -0.216900 -0.001847
v 0.099349 -0.213476 -0.001844
v 0.099670 -0.212893 0.001188
v 0.097226 -0.214455 -0.001842
v 0.100689 -0.209849 -0.001847
v 0.102917 -0.206881 0.001270
v 0.104869 -0.204564 -0.001847
v 0.099593 -0.208416 -0.001833
v 0.100925 -0.207309 0.003165
v 0.103956 -0.203333 -0.001844
v 0.098517 -0.213037 0.004272
v 0.099983 -0.215043 0.009326
v 0.101447 -0.209839 0.008564
v 0.098010 -0.216293 0.004538
v 0.099036 -0.216169 0.005839
v 0.098045 -0.217154 0.003165
v 0.097283 -0.217729 0.001418
v 0.097671 -0.217962 0.001582
v 0.097150 -0.222554 -0.001826
v 0.097231 -0.219429 0.001272
v 0.098260 -0.221329 0.005309
v 0.099406 -0.221307 0.007070
v 0.100315 -0.222231 0.009940
v 0.097508 -0.219258 0.001550
v 0.098047 -0.219198 0.001470
v 0.098639 -0.220447 0.004095
v 0.099002 -0.220848 0.001327
v 0.101303 -0.220212 0.001328
v 0.099376 -0.218633 0.001328
v 0.101514 -0.221639 0.001328
v 0.103534 -0.220453 0.001328
v 0.102781 -0.221470 0.013903
v 0.101158 -0.221808 0.010875
v 0.104016 -0.220227 0.015607
v 0.101455 -0.225582 0.010236
v 0.104863 -0.226805 0.013943
v 0.108045 -0.223432 0.018563
v 0.106717 -0.218275 0.018529
v 0.105443 -0.213254 0.016190
v 0.103864 -0.216752 0.015411
v 0.110224 -0.216750 0.020762
v 0.104427 -0.218252 0.016173
v 0.112864 -0.220612 0.021976
v 0.116300 -0.217823 0.023397
v 0.117005 -0.218760 0.023611
v 0.112699 -0.224160 0.020719
v 0.109801 -0.228348 0.016798
v 0.115624 -0.229133 0.018164
v 0.116422 -0.225470 0.020817
v 0.119427 -0.221236 0.022434
v 0.121263 -0.226339 0.019599
v 0.120665 -0.231858 0.015002
v 0.125352 -0.229618 0.014935
v 0.124387 -0.223936 0.019396
v 0.128461 -0.225541 0.015493
v 0.122827 -0.218228 0.021431
v 0.127494 -0.219920 0.018160
v 0.127732 -0.214506 0.017447
v 0.130418 -0.220856 0.014992
v 0.129600 -0.219212 0.016104
v 0.129919 -0.216938 0.015670
v 0.130933 -0.212823 0.013318
v 0.131808 -0.215392 0.012952
v 0.130158 -0.217164 0.001328
v 0.131970 -0.215628 0.001328
v 0.129923 -0.219591 0.001328
v 0.131610 -0.221366 0.001328
v 0.132612 -0.220303 0.001328
v 0.131269 -0.218203 0.001328
v 0.131181 -0.218831 -0.001847
v 0.132819 -0.216971 0.001328
v 0.132221 -0.217099 -0.001847
v 0.134116 -0.214444 -0.001847
v 0.134078 -0.217436 -0.001847
v 0.129762 -0.215753 -0.001848
v 0.129580 -0.215807 0.012620
v 0.131648 -0.214468 0.008315
v 0.128792 -0.219775 0.004503
v 0.128951 -0.217209 0.004503
v 0.128937 -0.219751 -0.001847
v 0.131119 -0.222357 -0.001847
v 0.128996 -0.220753 0.014134
v 0.128802 -0.220076 0.013866
v 0.127753 -0.220115 0.015040
v 0.127601 -0.220816 0.015684
v 0.130182 -0.222414 0.012269
v 0.131255 -0.222546 0.009076
v 0.133757 -0.223073 0.003079
v 0.133678 -0.222595 -0.001846
v 0.132679 -0.220189 -0.001847
v 0.134621 -0.223452 -0.001845
v 0.134044 -0.224038 0.002977
v 0.136414 -0.223829 -0.001847
v 0.134262 -0.219443 -0.001847
v 0.133675 -0.226759 -0.001821
v 0.131731 -0.227700 0.005422
v 0.130925 -0.230914 -0.001834
v 0.132540 -0.231437 -0.001847
v 0.135135 -0.226402 0.002519
v 0.127824 -0.235410 -0.001847
v 0.127493 -0.235391 0.001017
v 0.131559 -0.232075 0.001362
v 0.131552 -0.228919 0.008591
v 0.128187 -0.233727 0.006161
v 0.126393 -0.235982 0.001322
v 0.122729 -0.237600 0.001261
v 0.122417 -0.235047 0.009732
v 0.127240 -0.231792 0.010669
v 0.118074 -0.235722 0.009984
v 0.118237 -0.237759 0.004582
v 0.112439 -0.236559 0.006919
v 0.116264 -0.238445 0.000942
v 0.121694 -0.237785 0.001428
v 0.117498 -0.238350 0.001363
v 0.116400 -0.236757 0.001249
v 0.117662 -0.236780 0.001082
v 0.117958 -0.238569 -0.001847
v 0.121231 -0.238159 -0.001847
v 0.117958 -0.236979 -0.001847
v 0.120818 -0.236616 -0.001846
v 0.121116 -0.236301 0.001192
v 0.119142 -0.235957 0.004631
v 0.122377 -0.236068 0.001145
v 0.125651 -0.234589 0.001327
v 0.122691 -0.236123 -0.001844
v 0.122222 -0.234364 0.007295
v 0.126730 -0.232419 0.006152
v 0.128933 -0.230562 0.006147
v 0.127463 -0.229701 0.006151
v 0.126256 -0.230664 0.006152
v 0.128867 -0.232278 0.002135
v 0.126007 -0.231199 0.009423
v 0.126101 -0.227955 0.013391
v 0.126516 -0.230024 0.010522
v 0.122341 -0.231245 0.012450
v 0.118779 -0.233487 0.010203
v 0.120537 -0.228254 0.016389
v 0.119003 -0.231272 0.013415
v 0.118043 -0.231409 0.011811
v 0.115332 -0.231182 0.013851
v 0.117727 -0.226498 0.018267
v 0.115935 -0.231403 0.011849
v 0.112808 -0.225743 0.017988
v 0.109887 -0.228741 0.014154
v 0.111398 -0.231549 0.011934
v 0.114771 -0.231294 0.013377
v 0.115516 -0.231413 0.012699
v 0.115321 -0.233178 0.010687
v 0.116025 -0.235126 0.004615
v 0.115245 -0.235935 0.004561
v 0.111107 -0.234128 0.007359
v 0.114370 -0.235686 0.005610
v 0.112832 -0.236290 0.001261
v 0.111610 -0.236024 0.001072
v 0.108352 -0.234573 0.001299
v 0.108611 -0.235032 -0.001845
v 0.111270 -0.237528 0.001205
v 0.111293 -0.236099 -0.001847
v 0.110882 -0.237630 -0.001847
v 0.107832 -0.236387 -0.001847
v 0.107683 -0.236127 0.000960
v 0.108224 -0.234977 0.006512
v 0.106631 -0.235517 0.001387
v 0.103295 -0.230839 0.007343
v 0.106118 -0.235455 -0.001848
v 0.107252 -0.234110 0.001153
v 0.102550 -0.231959 0.002552
v 0.106911 -0.234080 -0.001847
v 0.102084 -0.229520 -0.001847
v 0.102727 -0.229919 0.001699
v 0.105086 -0.230525 0.006156
v 0.102930 -0.227753 0.006937
v 0.099372 -0.224194 -0.001844
v 0.099803 -0.224117 0.002400
v 0.101932 -0.223679 0.008731
v 0.099863 -0.222722 -0.001847
v 0.099991 -0.222925 0.001079
v 0.100520 -0.223392 0.004683
v 0.102331 -0.222698 0.008315
v 0.101220 -0.220387 -0.001847
v 0.102739 -0.218196 -0.001847
v 0.102807 -0.218386 0.001328
v 0.099474 -0.218537 -0.001847
v 0.104172 -0.217851 0.001327
v 0.102176 -0.215677 0.001328
v 0.101070 -0.216971 0.001328
v 0.099810 -0.215820 0.001328
v 0.100825 -0.215375 0.010146
v 0.098123 -0.217877 0.001436
v 0.102866 -0.215791 0.013818
v 0.101958 -0.214941 0.012675
v 0.104097 -0.210044 0.012748
v 0.106415 -0.205753 0.010995
v 0.107467 -0.209499 0.015673
v 0.110624 -0.210995 0.018754
v 0.111318 -0.205824 0.014777
v 0.112610 -0.202117 0.010189
v 0.115342 -0.205585 0.015876
v 0.120140 -0.209561 0.019009
v 0.117269 -0.211767 0.020881
v 0.118327 -0.201049 0.009111
v 0.114066 -0.212001 0.020603
v 0.120272 -0.205360 0.015227
v 0.125751 -0.204362 0.010799
v 0.122214 -0.201803 0.009045
v 0.125199 -0.208454 0.015848
v 0.129535 -0.208398 0.011783
v 0.124222 -0.212359 0.018996
v 0.120286 -0.214452 0.021686
v 0.123383 -0.215665 0.020681
v 0.129915 -0.205767 0.007673
v 0.133164 -0.210894 0.008376
v 0.135745 -0.212977 0.003307
v 0.135290 -0.215540 0.006648
v 0.133303 -0.207306 0.001892
v 0.128567 -0.202805 0.003261
v 0.132899 -0.206070 -0.001847
v 0.132757 -0.208627 -0.001793
v 0.136967 -0.215852 -0.001846
v 0.134607 -0.212972 -0.001844
v 0.125703 -0.200399 -0.001825
v 0.127063 -0.203022 -0.001847
v 0.129634 -0.205574 0.002247
v 0.122751 -0.201271 -0.001847
v 0.125642 -0.202681 0.002280
v 0.122930 -0.201540 0.001627
v 0.120286 -0.198736 -0.001846
v 0.119835 -0.199142 0.001749
v 0.122492 -0.200371 0.005610
v 0.121904 -0.201847 -0.001831
v 0.120671 -0.204242 -0.001714
v 0.118519 -0.204524 0.004650
v 0.121671 -0.203744 -0.001847
v 0.121601 -0.204661 0.010851
v 0.119401 -0.203278 0.001947
v 0.119006 -0.202427 0.002665
v 0.119463 -0.200283 0.001910
v 0.119257 -0.204385 0.002350
v 0.116718 -0.203398 0.003479
v 0.116989 -0.204420 0.003348
v 0.115484 -0.204525 0.004623
v 0.114695 -0.204384 0.002329
v 0.113869 -0.204331 0.000795
v 0.114265 -0.203352 0.001525
v 0.114546 -0.202584 0.001797
v 0.116178 -0.203160 0.002711
v 0.117801 -0.202672 0.002711
v 0.115766 -0.202427 0.003067
v 0.118874 -0.202909 0.001716
v 0.116750 -0.200409 0.003504
v 0.114237 -0.200362 0.001517
v 0.116178 -0.200160 0.002711
v 0.114475 -0.199571 0.001709
v 0.113952 -0.199023 0.001301
v 0.115629 -0.199259 0.003042
v 0.112069 -0.199840 0.004247
v 0.108006 -0.200509 -0.001837
v 0.113716 -0.204282 -0.001848
v 0.113745 -0.198834 -0.001847
v 0.112082 -0.201887 -0.001839
v 0.110757 -0.201201 -0.001844
v 0.106568 -0.203842 0.002588
v 0.110988 -0.201568 0.001810
v 0.111764 -0.203762 0.007893
v 0.110485 -0.203170 0.006913
v 0.107254 -0.204809 0.006153
v 0.107838 -0.205493 0.008516
v 0.112512 -0.204721 0.011050
v 0.112305 -0.203735 -0.001847
v 0.110161 -0.206638 0.012372
v 0.114741 -0.204746 0.011842
v 0.114841 -0.205885 0.013401
v 0.112529 -0.210163 0.017077
v 0.117008 -0.207686 0.015750
v 0.117374 -0.210771 0.018324
v 0.108237 -0.211308 0.015388
v 0.112479 -0.214894 0.019592
v 0.116948 -0.214062 0.020255
v 0.121847 -0.211913 0.018019
v 0.119760 -0.216111 0.020630
v 0.117259 -0.218702 0.021944
v 0.116267 -0.218183 0.021798
v 0.114004 -0.220886 0.020590
v 0.115776 -0.222896 0.020281
v 0.119980 -0.222545 0.020079
v 0.122818 -0.219014 0.019565
v 0.124561 -0.223943 0.017226
v 0.128504 -0.223762 0.013811
v 0.129689 -0.227036 0.010116
v 0.132364 -0.223813 0.007967
v 0.127812 -0.229629 0.009484
v 0.125248 -0.217117 0.017892
v 0.124364 -0.214500 0.017897
v 0.127602 -0.216391 0.015660
v 0.128587 -0.212703 0.013408
v 0.125860 -0.209683 0.013948
v 0.126006 -0.206058 0.009540
v 0.127697 -0.207507 0.009625
v 0.124018 -0.204936 0.009965
v 0.121682 -0.208592 0.015625
v 0.126681 -0.207283 0.010523
v 0.126727 -0.207254 0.006150
v 0.128961 -0.206659 0.006159
v 0.126693 -0.204771 0.006158
v 0.130963 -0.210144 0.008072
v 0.134176 -0.213049 0.002400
v 0.132047 -0.213487 0.008731
v 0.133459 -0.213774 0.004683
v 0.129615 -0.215315 0.013190
v 0.128977 -0.216628 0.014120
v 0.127711 -0.217479 0.014545
v 0.128540 -0.217282 0.013820
v 0.128077 -0.217688 0.004617
v 0.128084 -0.219469 0.004598
v 0.127740 -0.219624 0.014066
v 0.133987 -0.214241 0.001079
v 0.118992 -0.204776 0.011933
v 0.119138 -0.205888 0.013429
v 0.115879 -0.205795 0.012190
v 0.118088 -0.205786 0.012163
v 0.117820 -0.205499 0.004665
v 0.116166 -0.205501 0.004666
v 0.115455 -0.204981 0.011720
v 0.123534 -0.202756 0.005799
v 0.122173 -0.203913 0.008298
v 0.105193 -0.211438 0.012479
v 0.106185 -0.207539 0.009511
v 0.107320 -0.207241 0.010494
v 0.106515 -0.207464 0.006152
v 0.107723 -0.206502 0.006152
v 0.107909 -0.206450 0.010050
v 0.104996 -0.206608 0.006155
v 0.102241 -0.212984 0.009124
v 0.101843 -0.210033 0.005030
v 0.100552 -0.213402 0.005274
v 0.103724 -0.204631 0.004519
v 0.108159 -0.202185 0.006625
v 0.118004 -0.199253 0.003209
v 0.117367 -0.199671 0.002777
v 0.118924 -0.199861 0.001735
v 0.136663 -0.219387 0.001488
v 0.136639 -0.217814 0.001475
v 0.135949 -0.219193 0.001496
v 0.136117 -0.217984 0.001553
v 0.135404 -0.216679 0.004482
v 0.135856 -0.217904 0.001422
v 0.134812 -0.216133 0.001327
v 0.133711 -0.215410 0.009154
v 0.134556 -0.218386 0.001328
v 0.134532 -0.221305 0.001327
v 0.134267 -0.221505 0.007814
v 0.132218 -0.221789 0.011919
v 0.135694 -0.219948 0.002973
v 0.134504 -0.221935 0.008295
v 0.134059 -0.224962 0.007524
v 0.131930 -0.222118 0.012857
v 0.135934 -0.221122 0.004639
v 0.112621 -0.215729 0.021666
v 0.104960 -0.226981 0.011101
v 0.108310 -0.225775 0.015380
v 0.107337 -0.229878 0.010583
v 0.106072 -0.229702 0.009247
v 0.106690 -0.229796 0.006152
v 0.107846 -0.230819 0.006152
v 0.107935 -0.231102 0.009533
v 0.107307 -0.232372 0.006158
v 0.100196 -0.229719 -0.001846
v 0.099105 -0.226178 0.003985
v 0.107998 -0.231695 0.012171
v 0.114335 -0.232989 0.014044
v 0.112490 -0.237860 0.001127
v 0.113161 -0.236614 -0.001847
v 0.112751 -0.238145 -0.001847
v 0.116021 -0.238585 -0.001847
v 0.116020 -0.236982 -0.001847
v 0.118191 -0.235515 0.004600
v 0.117781 -0.231692 0.004684
v 0.117953 -0.235054 0.004720
v 0.116197 -0.231690 0.004686
v 0.127036 -0.234047 -0.001846
v 0.126660 -0.233996 0.001053
v 0.125362 -0.235022 -0.001846
v 0.123111 -0.237693 -0.001844
v 0.126142 -0.236372 -0.001847
v 0.105907 -0.217691 0.004633
v 0.121947 -0.199304 -0.017339
v 0.116127 -0.198024 -0.017182
v 0.116341 -0.199002 -0.053889
v 0.111216 -0.199629 -0.017348
v 0.120595 -0.198774 -0.011670
v 0.128947 -0.202698 -0.017346
v 0.126962 -0.201593 -0.053889
v 0.122922 -0.199294 -0.001842
v 0.117912 -0.198042 -0.017195
v 0.117324 -0.179632 -0.032596
v 0.119061 -0.197731 -0.015167
v 0.119305 -0.179874 -0.028122
v 0.120263 -0.198266 -0.009251
v 0.117933 -0.176753 -0.025879
v 0.119270 -0.198580 -0.005066
v 0.116843 -0.198424 -0.002659
v 0.116226 -0.176748 -0.025810
v 0.113977 -0.198583 -0.006834
v 0.112274 -0.198915 -0.001840
v 0.101673 -0.205272 -0.001848
v 0.105733 -0.202163 -0.017346
v 0.111120 -0.201643 -0.001841
v 0.114035 -0.198589 -0.014312
v 0.121031 -0.201152 -0.002220
v 0.116068 -0.200806 -0.002753
v 0.128247 -0.204767 -0.002713
v 0.126060 -0.203239 -0.001833
v 0.105431 -0.214956 -0.002502
v 0.108193 -0.203020 -0.002711
v 0.101459 -0.209868 -0.002733
v 0.127186 -0.220049 -0.002730
v 0.128852 -0.214666 -0.002469
v 0.101866 -0.212464 -0.001847
v 0.102863 -0.216767 -0.001846
v 0.106541 -0.220824 -0.002724
v 0.106746 -0.218391 -0.001847
v 0.102252 -0.212841 -0.002722
v 0.102978 -0.220321 -0.002142
v 0.105285 -0.222346 -0.001846
v 0.101842 -0.224751 -0.002197
v 0.112896 -0.236014 -0.002718
v 0.098731 -0.227282 -0.001847
v 0.101627 -0.227590 -0.002281
v 0.099851 -0.220800 -0.002122
v 0.098809 -0.217709 -0.002723
v 0.098619 -0.218328 -0.001850
v 0.097026 -0.218666 -0.002195
v 0.097466 -0.213901 -0.001846
v 0.096960 -0.221430 -0.006331
v 0.097008 -0.215617 -0.006509
v 0.075171 -0.217600 -0.025890
v 0.075196 -0.219416 -0.025836
v 0.075710 -0.222096 -0.026580
v 0.073392 -0.214881 -0.023725
v 0.073462 -0.222315 -0.023695
v 0.078308 -0.221001 -0.028124
v 0.096892 -0.221713 -0.012624
v 0.078027 -0.218887 -0.032712
v 0.078010 -0.221800 -0.035595
v 0.073481 -0.222203 -0.035595
v 0.073348 -0.217522 -0.028989
v 0.073557 -0.214964 -0.035595
v 0.078077 -0.215351 -0.035595
v 0.073359 -0.219924 -0.028027
v 0.080390 -0.219973 -0.028219
v 0.073320 -0.218402 -0.026623
v 0.080899 -0.218276 -0.027055
v 0.080381 -0.217489 -0.028818
v 0.075721 -0.215070 -0.026556
v 0.078320 -0.216193 -0.028210
v 0.096996 -0.215338 -0.011599
v 0.096210 -0.217577 -0.017167
v 0.097148 -0.216461 -0.017248
v 0.096172 -0.219421 -0.017243
v 0.097172 -0.220650 -0.017306
v 0.098276 -0.225856 -0.017349
v 0.098294 -0.224841 -0.053889
v 0.136135 -0.223286 -0.053889
v 0.098753 -0.210723 -0.053889
v 0.103859 -0.232983 -0.053889
v 0.102721 -0.232839 -0.017345
v 0.111519 -0.237524 -0.053889
v 0.110629 -0.237433 -0.017348
v 0.119020 -0.238404 -0.017319
v 0.121381 -0.237569 -0.053889
v 0.127131 -0.235803 -0.017347
v 0.129729 -0.233575 -0.053889
v 0.132651 -0.230806 -0.017346
v 0.136467 -0.223050 -0.017337
v 0.129301 -0.234518 -0.001847
v 0.136018 -0.225773 -0.001842
v 0.131062 -0.220590 -0.001851
v 0.135069 -0.219777 -0.002147
v 0.136798 -0.222185 -0.011694
v 0.132395 -0.227271 -0.002343
v 0.134943 -0.217159 -0.001841
v 0.137070 -0.221744 -0.007712
v 0.132168 -0.224767 -0.002413
v 0.137053 -0.218655 -0.002180
v 0.158945 -0.218521 -0.025446
v 0.158035 -0.220238 -0.026797
v 0.136975 -0.215725 -0.006418
v 0.135483 -0.210382 -0.001845
v 0.137186 -0.215372 -0.011423
v 0.135995 -0.212686 -0.017348
v 0.137333 -0.217378 -0.017126
v 0.131469 -0.216424 -0.001850
v 0.130026 -0.203333 -0.001847
v 0.132501 -0.209859 -0.002159
v 0.133226 -0.207115 -0.017346
v 0.135121 -0.210841 -0.053889
v 0.131903 -0.212709 -0.002324
v 0.130414 -0.218182 -0.002736
v 0.127398 -0.217298 -0.001851
v 0.133608 -0.216021 -0.002707
v 0.132297 -0.221078 -0.002721
v 0.128177 -0.221810 -0.001850
v 0.137697 -0.216413 -0.015037
v 0.138896 -0.218587 -0.018310
v 0.137420 -0.219649 -0.017168
v 0.137779 -0.220987 -0.014522
v 0.155708 -0.220967 -0.028076
v 0.155941 -0.218916 -0.032599
v 0.155563 -0.216098 -0.028307
v 0.155969 -0.215366 -0.035595
v 0.155902 -0.221815 -0.035595
v 0.160422 -0.222202 -0.035595
v 0.160472 -0.214966 -0.035595
v 0.158693 -0.222138 -0.026105
v 0.160609 -0.222275 -0.023719
v 0.160660 -0.217843 -0.026671
v 0.160616 -0.219933 -0.028368
v 0.160090 -0.214886 -0.024921
v 0.158043 -0.217012 -0.026754
v 0.160629 -0.217966 -0.029196
v 0.153608 -0.218800 -0.029339
v 0.152997 -0.219367 -0.027996
v 0.153631 -0.218749 -0.026588
v 0.153672 -0.217251 -0.027980
v 0.120134 -0.236007 -0.002597
v 0.128509 -0.232266 -0.002184
v 0.122987 -0.235260 -0.002503
v 0.123528 -0.237181 -0.002284
v 0.123132 -0.237456 -0.009652
v 0.120629 -0.238023 -0.002124
v 0.114006 -0.236258 -0.001849
v 0.115090 -0.238563 -0.001851
v 0.119969 -0.238579 -0.006531
v 0.121128 -0.237981 -0.009661
v 0.117052 -0.238726 -0.002653
v 0.114401 -0.238588 -0.005658
v 0.117061 -0.260535 -0.025454
v 0.115429 -0.259716 -0.026683
v 0.113478 -0.259834 -0.026589
v 0.113300 -0.262180 -0.023745
v 0.118552 -0.259695 -0.026734
v 0.120692 -0.261768 -0.024818
v 0.120609 -0.262016 -0.035595
v 0.117441 -0.262232 -0.029355
v 0.117615 -0.262252 -0.026709
v 0.119471 -0.257154 -0.028310
v 0.119946 -0.238684 -0.013023
v 0.117189 -0.240328 -0.018241
v 0.116656 -0.257534 -0.032597
v 0.120207 -0.257562 -0.035595
v 0.113371 -0.262089 -0.035595
v 0.113758 -0.257495 -0.035595
v 0.114674 -0.257292 -0.028122
v 0.114407 -0.238905 -0.014190
v 0.113605 -0.238491 -0.009943
v 0.106290 -0.235830 -0.001847
v 0.105846 -0.232500 -0.002279
v 0.115933 -0.239005 -0.017171
v 0.117990 -0.238930 -0.017195
v 0.115653 -0.262215 -0.027805
v 0.115615 -0.255172 -0.027656
v 0.117231 -0.254663 -0.028913
v 0.118143 -0.255210 -0.027161
v 0.099620 -0.209502 -0.017347
v 0.107191 -0.201610 -0.053889
v 0.098871 -0.209293 -0.017355
v 0.100601 -0.216170 -0.002239
v 0.103416 -0.217549 -0.002727
v 0.101800 -0.208921 -0.001847
v 0.114132 -0.197890 -0.012837
v 0.114664 -0.180056 -0.028408
v 0.113740 -0.179667 -0.035599
v 0.113684 -0.179442 -0.028106
v 0.113371 -0.175076 -0.035595
v 0.113257 -0.175062 -0.023582
v 0.120695 -0.175104 -0.023598
v 0.118152 -0.174924 -0.027012
v 0.115661 -0.174951 -0.027707
v 0.116153 -0.181928 -0.026820
v 0.116312 -0.182496 -0.028571
v 0.116835 -0.174936 -0.029353
v 0.120609 -0.175150 -0.035595
v 0.117646 -0.181902 -0.029134
v 0.118245 -0.181922 -0.027502
v 0.120507 -0.177262 -0.026578
v 0.120221 -0.179670 -0.035595
v 0.120446 -0.179754 -0.035651
v 0.120800 -0.174935 -0.035595
v 0.108870 -0.180166 -0.056373
v 0.119777 -0.179360 -0.056355
v 0.107375 -0.180617 -0.034174
v 0.113275 -0.177676 -0.027461
v 0.113177 -0.175011 -0.035595
v 0.113184 -0.174809 -0.023507
v 0.115322 -0.174810 -0.028574
v 0.117977 -0.174789 -0.029506
v 0.120970 -0.174900 -0.023537
v 0.118579 -0.171211 -0.027367
v 0.117423 -0.171344 -0.029680
v 0.118314 -0.174789 -0.026902
v 0.116229 -0.174772 -0.026466
v 0.116378 -0.171242 -0.026337
v 0.116622 -0.169564 -0.024463
v 0.113862 -0.169593 -0.028233
v 0.115340 -0.171220 -0.028283
v 0.116493 -0.169609 -0.031174
v 0.116164 -0.169722 -0.034083
v 0.113564 -0.169706 -0.032911
v 0.120232 -0.169616 -0.028271
v 0.120854 -0.169729 -0.032658
v 0.117802 -0.169711 -0.034167
v 0.118374 -0.172379 -0.034078
v 0.115713 -0.169580 -0.037347
v 0.120797 -0.169681 -0.035746
v 0.119199 -0.169583 -0.038399
v 0.119420 -0.175584 -0.038616
v 0.117740 -0.169570 -0.042158
v 0.120794 -0.169686 -0.043427
v 0.122459 -0.169791 -0.039742
v 0.118021 -0.169719 -0.045050
v 0.118345 -0.172448 -0.045171
v 0.121173 -0.172365 -0.043451
v 0.122491 -0.172519 -0.041144
v 0.123213 -0.172418 -0.044341
v 0.123345 -0.169709 -0.044558
v 0.120951 -0.172436 -0.047768
v 0.127399 -0.172441 -0.043377
v 0.127091 -0.172461 -0.034455
v 0.127660 -0.169736 -0.043603
v 0.127370 -0.169756 -0.034269
v 0.128906 -0.169584 -0.048435
v 0.126132 -0.169577 -0.046563
v 0.131458 -0.169777 -0.035858
v 0.129984 -0.170644 -0.031180
v 0.126151 -0.169612 -0.027210
v 0.130634 -0.169654 -0.054949
v 0.131541 -0.170102 -0.052401
v 0.132081 -0.174200 -0.037329
v 0.131885 -0.174729 -0.051865
v 0.139046 -0.178034 -0.041678
v 0.141738 -0.177291 -0.030279
v 0.130554 -0.172599 -0.030306
v 0.128431 -0.171418 -0.028382
v 0.131373 -0.172482 -0.022762
v 0.135762 -0.175360 -0.021889
v 0.116307 -0.171286 -0.021899
v 0.117395 -0.170089 -0.022735
v 0.123165 -0.170509 -0.024336
v 0.140303 -0.176340 -0.022803
v 0.147536 -0.181255 -0.022677
v 0.147457 -0.182875 -0.021942
v 0.155536 -0.190762 -0.021988
v 0.154523 -0.188453 -0.029423
v 0.153370 -0.186659 -0.023277
v 0.160433 -0.197294 -0.022858
v 0.161437 -0.200275 -0.029158
v 0.161858 -0.202896 -0.021974
v 0.164399 -0.209646 -0.022697
v 0.165091 -0.224607 -0.023086
v 0.163756 -0.225784 -0.021904
v 0.165215 -0.212581 -0.023685
v 0.162907 -0.212881 -0.041248
v 0.165250 -0.218627 -0.024811
v 0.165256 -0.215595 -0.026995
v 0.165054 -0.212897 -0.036650
v 0.165251 -0.216535 -0.030343
v 0.165238 -0.220406 -0.030594
v 0.165032 -0.224299 -0.036681
v 0.162772 -0.224446 -0.041251
v 0.159563 -0.235371 -0.065344
v 0.158932 -0.238088 -0.041516
v 0.161585 -0.227831 -0.065866
v 0.162721 -0.220404 -0.065229
v 0.162257 -0.234741 -0.030130
v 0.156023 -0.247417 -0.023020
v 0.159085 -0.241795 -0.022365
v 0.162847 -0.233495 -0.022675
v 0.151579 -0.250526 -0.021938
v 0.154772 -0.241878 -0.023172
v 0.147201 -0.255475 -0.022122
v 0.134433 -0.262193 -0.021879
v 0.135813 -0.258793 -0.023207
v 0.148417 -0.248424 -0.024017
v 0.155696 -0.233154 -0.026943
v 0.145126 -0.247264 -0.029745
v 0.138496 -0.253934 -0.026771
v 0.150884 -0.239974 -0.029702
v 0.144989 -0.245802 -0.037417
v 0.152159 -0.235702 -0.033853
v 0.155800 -0.228430 -0.029824
v 0.154529 -0.229130 -0.036765
v 0.154884 -0.228116 -0.052446
v 0.152522 -0.235164 -0.056407
v 0.149015 -0.240486 -0.048585
v 0.144741 -0.246015 -0.054898
v 0.151165 -0.238950 -0.059634
v 0.146329 -0.244806 -0.058669
v 0.144244 -0.245841 -0.055345
v 0.133579 -0.230679 -0.060545
v 0.133179 -0.231203 -0.056488
v 0.147310 -0.246182 -0.063174
v 0.147040 -0.248573 -0.065472
v 0.154452 -0.235317 -0.062988
v 0.154618 -0.240682 -0.066155
v 0.132317 -0.230787 -0.064295
v 0.130226 -0.231667 -0.067062
v 0.127283 -0.231619 -0.071559
v 0.129206 -0.233482 -0.065090
v 0.132944 -0.226691 -0.068759
v 0.126596 -0.226400 -0.078403
v 0.136434 -0.224805 -0.060999
v 0.132024 -0.221655 -0.073719
v 0.137197 -0.218098 -0.061971
v 0.132612 -0.215259 -0.072648
v 0.126562 -0.219694 -0.081900
v 0.123539 -0.215286 -0.084171
v 0.118508 -0.217802 -0.089055
v 0.128411 -0.213920 -0.078487
v 0.121958 -0.223531 -0.084474
v 0.117161 -0.220300 -0.089031
v 0.121193 -0.229485 -0.079275
v 0.120380 -0.234988 -0.071175
v 0.115346 -0.229222 -0.080561
v 0.110344 -0.228260 -0.079207
v 0.112517 -0.221912 -0.085873
v 0.115043 -0.235574 -0.070269
v 0.109763 -0.235065 -0.068558
v 0.111242 -0.238179 -0.060393
v 0.107209 -0.232090 -0.071233
v 0.104901 -0.235165 -0.060593
v 0.104842 -0.233937 -0.064194
v 0.103921 -0.231782 -0.067062
v 0.089106 -0.248799 -0.063567
v 0.090466 -0.248388 -0.060859
v 0.096166 -0.251878 -0.056132
v 0.095613 -0.253470 -0.062685
v 0.090671 -0.247580 -0.057807
v 0.104383 -0.234778 -0.056496
v 0.108043 -0.236713 -0.050364
v 0.102553 -0.233039 -0.053092
v 0.089436 -0.246003 -0.055218
v 0.100975 -0.231392 -0.055770
v 0.099506 -0.229016 -0.050367
v 0.100408 -0.225941 -0.050583
v 0.103534 -0.230960 -0.050482
v 0.109268 -0.235047 -0.050524
v 0.097375 -0.224616 -0.060196
v 0.096858 -0.217941 -0.050367
v 0.098656 -0.218466 -0.050559
v 0.096651 -0.216471 -0.060691
v 0.099075 -0.209380 -0.050366
v 0.100348 -0.206411 -0.060653
v 0.100791 -0.205925 -0.056444
v 0.102224 -0.204553 -0.053336
v 0.103123 -0.204095 -0.050370
v 0.100505 -0.211015 -0.050518
v 0.134400 -0.213063 -0.050754
v 0.105207 -0.204516 -0.050538
v 0.109676 -0.199746 -0.050367
v 0.114225 -0.200514 -0.050587
v 0.121736 -0.201047 -0.050553
v 0.119810 -0.198623 -0.050367
v 0.129257 -0.202544 -0.050369
v 0.124185 -0.199479 -0.060621
v 0.117116 -0.198121 -0.060409
v 0.114430 -0.201988 -0.071113
v 0.120145 -0.201136 -0.068731
v 0.110338 -0.199342 -0.061518
v 0.104852 -0.201931 -0.060429
v 0.104482 -0.202397 -0.056649
v 0.107308 -0.205953 -0.072752
v 0.104939 -0.203146 -0.064094
v 0.090472 -0.188580 -0.060674
v 0.089322 -0.188354 -0.063318
v 0.103808 -0.205524 -0.067073
v 0.086887 -0.188662 -0.065427
v 0.101373 -0.211550 -0.070414
v 0.101669 -0.206378 -0.064310
v 0.086805 -0.190894 -0.063360
v 0.081404 -0.197492 -0.063449
v 0.087047 -0.192018 -0.060984
v 0.082613 -0.191506 -0.066343
v 0.075229 -0.203131 -0.066525
v 0.087597 -0.183712 -0.065925
v 0.078774 -0.193757 -0.065841
v 0.095219 -0.179165 -0.066377
v 0.093074 -0.183170 -0.065614
v 0.101479 -0.177827 -0.066194
v 0.099199 -0.183000 -0.059599
v 0.105322 -0.179399 -0.062807
v 0.115447 -0.177709 -0.062682
v 0.113843 -0.175038 -0.066324
v 0.127726 -0.176322 -0.066143
v 0.131305 -0.179245 -0.063962
v 0.126085 -0.179863 -0.059642
v 0.132104 -0.182211 -0.058435
v 0.138104 -0.184855 -0.059623
v 0.125849 -0.180658 -0.036824
v 0.135492 -0.184105 -0.033770
v 0.140044 -0.187172 -0.037016
v 0.140027 -0.187115 -0.051651
v 0.144421 -0.190813 -0.054874
v 0.147373 -0.194128 -0.037214
v 0.143428 -0.189666 -0.057485
v 0.143478 -0.188739 -0.060674
v 0.130950 -0.203559 -0.053491
v 0.144344 -0.191349 -0.055366
v 0.129326 -0.202207 -0.057180
v 0.131604 -0.204397 -0.053184
v 0.129130 -0.201964 -0.060582
v 0.144681 -0.188256 -0.063243
v 0.129134 -0.203373 -0.064540
v 0.130264 -0.205526 -0.067007
v 0.124431 -0.203724 -0.071502
v 0.117620 -0.205668 -0.077739
v 0.129714 -0.208327 -0.071993
v 0.124195 -0.209455 -0.079326
v 0.118729 -0.211111 -0.083793
v 0.116263 -0.217635 -0.089338
v 0.114183 -0.213697 -0.085870
v 0.106620 -0.215941 -0.080632
v 0.110212 -0.209465 -0.079852
v 0.104961 -0.212151 -0.076521
v 0.102694 -0.221948 -0.074847
v 0.107955 -0.219692 -0.082353
v 0.099712 -0.218909 -0.070102
v 0.100214 -0.226417 -0.066946
v 0.100347 -0.230700 -0.060416
v 0.101514 -0.230689 -0.064072
v 0.104884 -0.226815 -0.075135
v 0.086725 -0.246376 -0.063399
v 0.086689 -0.248749 -0.065588
v 0.083649 -0.243003 -0.063805
v 0.095088 -0.256134 -0.066166
v 0.087608 -0.252694 -0.066395
v 0.079188 -0.244137 -0.065845
v 0.089440 -0.255128 -0.065354
v 0.074828 -0.233720 -0.066399
v 0.077394 -0.236486 -0.066147
v 0.098340 -0.259331 -0.066402
v 0.084319 -0.250326 -0.065846
v 0.098581 -0.260482 -0.065361
v 0.102531 -0.262457 -0.041619
v 0.091630 -0.257128 -0.041508
v 0.105451 -0.262574 -0.066049
v 0.113504 -0.264170 -0.065326
v 0.120763 -0.262190 -0.066364
v 0.106782 -0.260885 -0.066175
v 0.111284 -0.264489 -0.041262
v 0.120203 -0.264051 -0.065930
v 0.129755 -0.262539 -0.065329
v 0.137997 -0.259136 -0.065872
v 0.122803 -0.264342 -0.041248
v 0.130030 -0.262825 -0.041996
v 0.123167 -0.266638 -0.023010
v 0.133008 -0.263968 -0.029529
v 0.142269 -0.257375 -0.041424
v 0.143960 -0.258864 -0.023058
v 0.150793 -0.253381 -0.023790
v 0.147783 -0.252442 -0.065343
v 0.151915 -0.248711 -0.041781
v 0.154610 -0.244645 -0.065337
v 0.153150 -0.245458 -0.066341
v 0.145225 -0.251746 -0.066227
v 0.142639 -0.255464 -0.066401
v 0.158235 -0.235971 -0.066425
v 0.160306 -0.225352 -0.066371
v 0.162159 -0.211820 -0.065865
v 0.157955 -0.225751 -0.063820
v 0.160302 -0.212119 -0.066377
v 0.157516 -0.213230 -0.062607
v 0.156324 -0.199940 -0.066136
v 0.151866 -0.190175 -0.066378
v 0.158864 -0.200378 -0.065748
v 0.154455 -0.191649 -0.041678
v 0.159446 -0.200507 -0.041480
v 0.153820 -0.191420 -0.065351
v 0.147671 -0.184122 -0.041589
v 0.147586 -0.184796 -0.065873
v 0.141479 -0.182198 -0.066360
v 0.134707 -0.176504 -0.065790
v 0.142771 -0.180767 -0.065263
v 0.123226 -0.173022 -0.063792
v 0.124951 -0.174069 -0.066251
v 0.129672 -0.174053 -0.057490
v 0.125701 -0.172665 -0.061387
v 0.125445 -0.169873 -0.061366
v 0.122929 -0.169781 -0.058078
v 0.119632 -0.171943 -0.064016
v 0.117367 -0.169744 -0.063859
v 0.125933 -0.169725 -0.054862
v 0.122743 -0.169712 -0.052957
v 0.124017 -0.169576 -0.050053
v 0.123058 -0.172486 -0.057652
v 0.125472 -0.172493 -0.054974
v 0.127664 -0.169584 -0.051338
v 0.128865 -0.175587 -0.050199
v 0.125301 -0.175585 -0.051209
v 0.127015 -0.175585 -0.046677
v 0.124109 -0.175582 -0.048366
v 0.121071 -0.172436 -0.054619
v 0.120925 -0.172463 -0.050609
v 0.121140 -0.169729 -0.050174
v 0.118337 -0.172459 -0.053008
v 0.118466 -0.172445 -0.050503
v 0.118106 -0.169645 -0.050254
v 0.109886 -0.169589 -0.048358
v 0.115845 -0.169721 -0.047901
v 0.115912 -0.169723 -0.050303
v 0.118024 -0.169705 -0.053218
v 0.117708 -0.169585 -0.056175
v 0.118171 -0.169725 -0.047923
v 0.121166 -0.169727 -0.048018
v 0.118402 -0.172446 -0.047620
v 0.120858 -0.169700 -0.054808
v 0.119382 -0.169584 -0.058241
v 0.114723 -0.169585 -0.057561
v 0.113101 -0.169700 -0.054812
v 0.115988 -0.169718 -0.053131
v 0.115753 -0.175584 -0.056582
v 0.118518 -0.175586 -0.056630
v 0.114596 -0.175584 -0.059152
v 0.118364 -0.175589 -0.060868
v 0.118322 -0.169581 -0.060752
v 0.115291 -0.169584 -0.060375
v 0.109743 -0.169778 -0.062035
v 0.107987 -0.169769 -0.055044
v 0.111189 -0.169738 -0.057956
v 0.107354 -0.173353 -0.061018
v 0.111608 -0.172169 -0.063203
v 0.105059 -0.169834 -0.057638
v 0.102551 -0.169845 -0.052324
v 0.103958 -0.174195 -0.056922
v 0.102101 -0.174743 -0.051924
v 0.096209 -0.177799 -0.065347
v 0.105261 -0.174511 -0.065827
v 0.114119 -0.172832 -0.064429
v 0.117055 -0.173056 -0.065870
v 0.090383 -0.180884 -0.041810
v 0.101674 -0.174931 -0.041464
v 0.102100 -0.173598 -0.035378
v 0.096737 -0.174484 -0.023828
v 0.089937 -0.178314 -0.023010
v 0.103368 -0.172345 -0.022649
v 0.104720 -0.171960 -0.028426
v 0.104140 -0.171278 -0.030707
v 0.104958 -0.169875 -0.030015
v 0.110609 -0.170548 -0.024492
v 0.109494 -0.169603 -0.026192
v 0.107656 -0.169701 -0.032590
v 0.110847 -0.169744 -0.029780
v 0.102559 -0.169844 -0.035264
v 0.106290 -0.169667 -0.043673
v 0.106226 -0.169726 -0.036041
v 0.106555 -0.172464 -0.043361
v 0.106827 -0.172496 -0.034921
v 0.111336 -0.172406 -0.038828
v 0.110560 -0.172442 -0.030117
v 0.112731 -0.172481 -0.035786
v 0.113140 -0.172437 -0.033046
v 0.113182 -0.169715 -0.035705
v 0.115536 -0.172486 -0.034183
v 0.111558 -0.169736 -0.040491
v 0.112521 -0.172450 -0.043223
v 0.114731 -0.169584 -0.040560
v 0.115791 -0.169706 -0.045063
v 0.115671 -0.172444 -0.045217
v 0.115516 -0.172458 -0.047688
v 0.112996 -0.172450 -0.047728
v 0.110659 -0.172407 -0.044253
v 0.112860 -0.169721 -0.048056
v 0.110586 -0.169718 -0.044528
v 0.107062 -0.169584 -0.046584
v 0.107971 -0.175582 -0.046645
v 0.104850 -0.175585 -0.049122
v 0.105119 -0.169584 -0.048615
v 0.106232 -0.169583 -0.051253
v 0.109119 -0.169584 -0.050878
v 0.107792 -0.175582 -0.051548
v 0.109922 -0.175584 -0.049292
v 0.111266 -0.169713 -0.052911
v 0.112846 -0.169721 -0.050158
v 0.113006 -0.172446 -0.050444
v 0.111485 -0.172461 -0.053122
v 0.115606 -0.172473 -0.053059
v 0.115590 -0.172457 -0.050586
v 0.113043 -0.172434 -0.054453
v 0.111059 -0.172483 -0.057590
v 0.108389 -0.172457 -0.055096
v 0.114560 -0.175584 -0.040236
v 0.116097 -0.175586 -0.037364
v 0.117398 -0.175585 -0.042009
v 0.096298 -0.176301 -0.021872
v 0.084041 -0.183264 -0.022684
v 0.082653 -0.186388 -0.021925
v 0.092410 -0.182700 -0.023860
v 0.105078 -0.175813 -0.023134
v 0.099475 -0.180266 -0.025726
v 0.101753 -0.181464 -0.029742
v 0.093599 -0.185923 -0.029583
v 0.097188 -0.184997 -0.037141
v 0.085053 -0.193179 -0.027945
v 0.087832 -0.192582 -0.037291
v 0.083894 -0.197506 -0.056322
v 0.083300 -0.198484 -0.033497
v 0.089438 -0.190925 -0.054598
v 0.090605 -0.189543 -0.057804
v 0.088010 -0.192217 -0.057666
v 0.089855 -0.191455 -0.055364
v 0.097887 -0.184495 -0.052328
v 0.103021 -0.203742 -0.053352
v 0.080420 -0.204498 -0.056415
v 0.079586 -0.201254 -0.027103
v 0.079485 -0.207356 -0.034397
v 0.077778 -0.218358 -0.056337
v 0.078386 -0.211592 -0.056448
v 0.077815 -0.209910 -0.029609
v 0.078113 -0.215238 -0.035606
v 0.073417 -0.214771 -0.035595
v 0.073336 -0.222396 -0.035595
v 0.078172 -0.221975 -0.035555
v 0.076375 -0.214958 -0.027493
v 0.075287 -0.206910 -0.023987
v 0.073291 -0.214648 -0.023439
v 0.073220 -0.222459 -0.023498
v 0.073169 -0.218134 -0.026277
v 0.073218 -0.216963 -0.028602
v 0.069571 -0.214642 -0.021942
v 0.074392 -0.198659 -0.021902
v 0.070612 -0.226081 -0.021893
v 0.068842 -0.224607 -0.023330
v 0.070201 -0.206627 -0.022757
v 0.068807 -0.212537 -0.023832
v 0.068739 -0.216945 -0.025236
v 0.068773 -0.216039 -0.030147
v 0.071051 -0.212711 -0.041222
v 0.068937 -0.212890 -0.036667
v 0.073423 -0.197946 -0.029715
v 0.081702 -0.186028 -0.029450
v 0.076329 -0.196658 -0.041517
v 0.075107 -0.194376 -0.022770
v 0.082542 -0.187896 -0.041645
v 0.083646 -0.187268 -0.065300
v 0.075010 -0.200396 -0.065343
v 0.072057 -0.210524 -0.065774
v 0.072205 -0.223198 -0.066352
v 0.071294 -0.221085 -0.065344
v 0.071101 -0.224341 -0.041258
v 0.072402 -0.230359 -0.041781
v 0.073616 -0.233438 -0.065342
v 0.076772 -0.241329 -0.041526
v 0.071721 -0.234924 -0.029162
v 0.083736 -0.250558 -0.041666
v 0.075773 -0.244190 -0.023045
v 0.079751 -0.249306 -0.022750
v 0.082723 -0.252970 -0.023078
v 0.077211 -0.244106 -0.021903
v 0.071588 -0.235039 -0.022716
v 0.091406 -0.258133 -0.021899
v 0.074041 -0.229891 -0.023148
v 0.078754 -0.241089 -0.023130
v 0.086341 -0.250521 -0.023234
v 0.095643 -0.257375 -0.023186
v 0.087981 -0.247339 -0.027589
v 0.094527 -0.253266 -0.026867
v 0.098922 -0.253965 -0.031659
v 0.104587 -0.258113 -0.026792
v 0.106931 -0.256394 -0.033953
v 0.105620 -0.261423 -0.023154
v 0.113357 -0.259254 -0.027348
v 0.113177 -0.262155 -0.035595
v 0.113054 -0.262273 -0.023461
v 0.113471 -0.257446 -0.035642
v 0.120210 -0.257478 -0.035610
v 0.105484 -0.256154 -0.056509
v 0.117839 -0.257869 -0.056038
v 0.107992 -0.258488 -0.062577
v 0.120140 -0.259338 -0.062666
v 0.130621 -0.257192 -0.062724
v 0.130574 -0.255499 -0.056375
v 0.139293 -0.250915 -0.057051
v 0.137933 -0.253548 -0.062382
v 0.126635 -0.256340 -0.036917
v 0.135682 -0.252989 -0.033961
v 0.127759 -0.257246 -0.029726
v 0.129869 -0.258692 -0.025723
v 0.120571 -0.258799 -0.028449
v 0.121151 -0.262381 -0.023560
v 0.120802 -0.262237 -0.035593
v 0.117195 -0.262384 -0.029717
v 0.118696 -0.262356 -0.027730
v 0.118471 -0.265273 -0.027131
v 0.117406 -0.265063 -0.029741
v 0.116569 -0.262412 -0.026269
v 0.115292 -0.265200 -0.027878
v 0.116694 -0.265190 -0.026351
v 0.115337 -0.262352 -0.028362
v 0.116882 -0.266789 -0.024642
v 0.116929 -0.266878 -0.023110
v 0.110830 -0.266652 -0.023016
v 0.113894 -0.266826 -0.028730
v 0.120134 -0.266817 -0.028802
v 0.122675 -0.266647 -0.036652
v 0.116813 -0.266852 -0.031114
v 0.111285 -0.266623 -0.036690
v 0.100609 -0.263858 -0.022386
v 0.117524 -0.265836 -0.021933
v 0.101192 -0.264029 -0.029672
v 0.089458 -0.258527 -0.022985
v 0.134475 -0.258478 -0.066153
v 0.144539 -0.248820 -0.063089
v 0.143211 -0.247920 -0.058643
v 0.129024 -0.235224 -0.060432
v 0.127065 -0.235972 -0.050366
v 0.123914 -0.237627 -0.061676
v 0.129741 -0.234674 -0.056045
v 0.131400 -0.233071 -0.053139
v 0.134239 -0.229325 -0.050367
v 0.137169 -0.218218 -0.050368
v 0.135103 -0.221001 -0.050476
v 0.133284 -0.226555 -0.050583
v 0.128680 -0.232708 -0.050543
v 0.121595 -0.236148 -0.050553
v 0.118444 -0.238732 -0.050368
v 0.115436 -0.236695 -0.050499
v 0.117556 -0.238975 -0.060523
v 0.134943 -0.209475 -0.050366
v 0.136066 -0.211246 -0.061144
v 0.133182 -0.205984 -0.056481
v 0.133620 -0.206388 -0.060404
v 0.132519 -0.206467 -0.063878
v 0.146991 -0.192017 -0.060916
v 0.147223 -0.190646 -0.063655
v 0.147103 -0.188591 -0.065446
v 0.150691 -0.192501 -0.065583
v 0.154198 -0.201594 -0.062730
v 0.155003 -0.208523 -0.056351
v 0.150545 -0.198150 -0.056475
v 0.152780 -0.203138 -0.037128
v 0.146141 -0.192256 -0.057970
v 0.155000 -0.209352 -0.033945
v 0.152574 -0.199959 -0.029643
v 0.157033 -0.208258 -0.026803
v 0.153466 -0.197594 -0.025812
v 0.147010 -0.191002 -0.027867
v 0.153224 -0.193112 -0.023231
v 0.144104 -0.183570 -0.023241
v 0.138183 -0.183020 -0.026715
v 0.142689 -0.187746 -0.029689
v 0.128409 -0.178866 -0.026927
v 0.128148 -0.180655 -0.032261
v 0.132361 -0.177029 -0.023223
v 0.120585 -0.178270 -0.028057
v 0.158806 -0.203942 -0.023158
v 0.160743 -0.214579 -0.023469
v 0.160711 -0.222467 -0.023493
v 0.160561 -0.214771 -0.035595
v 0.160790 -0.217195 -0.026782
v 0.157255 -0.214997 -0.028307
v 0.155865 -0.215282 -0.035607
v 0.160643 -0.222397 -0.035596
v 0.156215 -0.218148 -0.056405
v 0.155823 -0.222026 -0.035644
v 0.157671 -0.222220 -0.027354
v 0.159862 -0.229751 -0.023219
v 0.156272 -0.225312 -0.059733
v 0.160765 -0.220369 -0.027594
v 0.160785 -0.218127 -0.029679
v 0.163623 -0.217121 -0.028755
v 0.163643 -0.218830 -0.029673
v 0.163414 -0.220129 -0.027108
v 0.165255 -0.221530 -0.026945
v 0.163636 -0.217354 -0.026803
v 0.129344 -0.205058 -0.050528
v 0.097368 -0.252330 -0.036843
v 0.090616 -0.247281 -0.036737
v 0.089598 -0.246504 -0.054916
v 0.086209 -0.242763 -0.033729
v 0.079085 -0.235101 -0.026874
v 0.082584 -0.237220 -0.033771
v 0.088010 -0.244981 -0.057690
v 0.082980 -0.242029 -0.026822
v 0.087181 -0.245034 -0.060420
v 0.083885 -0.239577 -0.056440
v 0.079422 -0.229817 -0.033802
v 0.080420 -0.232769 -0.056345
v 0.078654 -0.232916 -0.062660
v 0.078403 -0.225388 -0.056373
v 0.076277 -0.222047 -0.062709
v 0.077016 -0.212862 -0.061152
v 0.075719 -0.210176 -0.064750
v 0.073558 -0.222655 -0.066161
v 0.075409 -0.205810 -0.066145
v 0.080664 -0.200901 -0.061216
v 0.075231 -0.222420 -0.026100
v 0.068927 -0.224307 -0.036638
v 0.068727 -0.220703 -0.030302
v 0.068749 -0.221252 -0.026192
v 0.070374 -0.220230 -0.027409
v 0.070484 -0.217590 -0.026540
v 0.070351 -0.217354 -0.029148
v 0.073193 -0.218817 -0.029635
v 0.070341 -0.219301 -0.029489
v 0.073219 -0.220338 -0.027909
v 0.078052 -0.197273 -0.023109
v 0.084798 -0.188081 -0.023181
v 0.133591 -0.263960 -0.022857
v 0.123148 -0.169760 -0.029784
v 0.123239 -0.172450 -0.030158
v 0.122078 -0.172463 -0.036838
v 0.121124 -0.172434 -0.032738
vn 0.8771 -0.4799 -0.0202
vn 0.9667 -0.2464 -0.0692
vn 0.9648 0.2571 -0.0552
vn 0.8458 -0.5328 -0.0280
vn 0.5894 -0.8072 -0.0302
vn 0.8319 -0.5541 -0.0308
vn 0.4657 -0.8848 -0.0157
vn 0.1562 0.0041 -0.9877
vn 0.1411 -0.0017 -0.9900
vn 0.1357 -0.0033 -0.9907
vn 0.9808 0.1945 -0.0138
vn 0.5367 -0.6529 -0.5345
vn 0.5283 -0.6606 -0.5333
vn 0.5658 -0.6248 -0.5380
vn 0.6490 0.1862 -0.7376
vn 0.7839 0.1806 -0.5940
vn 0.7778 0.0698 -0.6246
vn 0.8814 -0.0492 -0.4697
vn 0.4926 -0.6921 -0.5275
vn 0.9905 -0.0021 -0.1379
vn 0.9979 0.0027 -0.0646
vn 0.9894 0.0218 -0.1432
vn 0.9702 -0.0099 -0.2420
vn 0.6296 0.0077 -0.7769
vn 0.5399 -0.0433 -0.8406
vn 0.5177 0.2802 -0.8084
vn 0.9987 -0.0001 -0.0509
vn 0.5081 0.8032 -0.3111
vn 0.6247 0.5126 -0.5890
vn 0.3790 0.8992 -0.2188
vn 0.6732 0.4421 -0.5928
vn 0.6739 0.3586 -0.6460
vn 0.9856 0.0451 -0.1629
vn 0.6392 -0.2265 -0.7349
vn 0.7285 -0.2115 -0.6516
vn 0.7613 -0.2419 -0.6016
vn 0.7485 0.6623 -0.0330
vn 0.8835 0.4681 -0.0164
vn 0.6154 0.7882 -0.0026
vn 0.9510 0.3089 -0.0162
vn 0.9031 0.3015 -0.3057
vn 0.5252 0.8493 -0.0542
vn 0.7900 0.5933 -0.1546
vn 0.2202 0.9740 -0.0524
vn -0.1337 0.9848 0.1109
vn 0.0987 0.9948 -0.0239
vn -0.0006 0.0003 -1.0000
vn -0.0034 -0.0003 -1.0000
vn -0.0001 0.0001 -1.0000
vn -0.0010 -0.0002 -1.0000
vn 0.8706 0.4854 -0.0802
vn -0.0024 0.0002 -1.0000
vn 0.9678 0.1979 -0.1559
vn 0.9375 -0.3464 -0.0330
vn 0.8741 -0.4761 -0.0959
vn 0.9016 -0.4094 -0.1397
vn -0.0063 0.0041 -1.0000
vn -0.0063 0.0043 -1.0000
vn 0.7725 -0.6194 -0.1397
vn 0.6390 -0.7669 -0.0602
vn -0.0019 0.0018 -1.0000
vn -0.9723 0.2068 0.1089
vn -0.9260 0.2902 0.2415
vn -0.8613 0.4975 0.1029
vn -0.8072 0.5559 0.1987
vn -0.6483 0.7522 0.1178
vn -0.0013 0.0015 -1.0000
vn -0.8653 0.2788 0.4166
vn -0.9578 0.1638 0.2364
vn -0.7945 0.4506 0.4070
vn -0.3921 -0.8342 0.3878
vn -0.6178 -0.6934 0.3708
vn -0.4749 -0.7580 0.4472
vn -0.3018 -0.8493 0.4331
vn -0.5747 -0.6693 0.4710
vn -0.9936 0.0738 0.0850
vn -0.5919 -0.6527 0.4730
vn -0.4205 -0.0652 0.9050
vn -0.7274 0.2448 0.6410
vn -0.4624 -0.0485 0.8854
vn -0.9736 -0.2018 0.1063
vn -0.9960 -0.0489 0.0753
vn -0.9386 -0.2232 0.2632
vn -0.7447 0.5104 0.4300
vn -0.7627 0.3029 0.5715
vn -0.7493 0.4941 0.4410
vn 0.0329 0.9544 0.2968
vn -0.0363 0.8992 0.4361
vn 0.2703 -0.0042 0.9628
vn 0.1512 -0.0431 0.9876
vn 0.1388 -0.0148 0.9902
vn 0.6890 0.7241 0.0318
vn 0.7303 0.6831 0.0092
vn 0.7346 0.6782 0.0199
vn 0.8466 0.5312 0.0341
vn 0.8663 0.4978 0.0415
vn 0.0622 -0.0033 0.9981
vn 0.0329 -0.0059 0.9994
vn -0.0002 -0.0001 1.0000
vn -0.0002 -0.0000 1.0000
vn 0.2999 0.9524 0.0550
vn 0.2354 0.9714 0.0303
vn -0.1172 0.9920 0.0463
vn 0.0002 0.0001 1.0000
vn -0.6475 0.7619 0.0147
vn -0.5251 0.8502 0.0373
vn -0.1532 0.9881 0.0118
vn -0.6696 0.6814 0.2955
vn -0.7234 0.5652 0.3965
vn -0.6559 0.7037 0.2730
vn -0.7288 0.5499 0.4080
vn -0.7179 0.6960 0.0134
vn -0.2157 -0.7079 0.6726
vn -0.8044 -0.3691 0.4655
vn -0.7329 -0.2440 0.6350
vn -0.8622 -0.2491 0.4411
vn -0.6577 -0.4419 0.6100
vn -0.5617 -0.2913 0.7744
vn -0.6294 0.0116 0.7770
vn -0.4951 0.1299 0.8591
vn -0.6496 0.2977 0.6996
vn -0.7166 0.1570 0.6796
vn -0.7168 0.0213 0.6969
vn -0.3746 -0.1724 0.9110
vn -0.7164 -0.0503 0.6959
vn -0.1533 0.1955 0.9687
vn 0.0237 -0.0488 0.9985
vn -0.3067 -0.4103 0.8588
vn -0.4063 -0.5697 0.7144
vn -0.0800 -0.6426 0.7620
vn -0.0357 -0.4928 0.8694
vn 0.2534 -0.2830 0.9251
vn 0.2643 -0.5219 0.8111
vn 0.4659 -0.6132 0.6379
vn 0.1994 -0.7319 0.6516
vn 0.4839 -0.3324 0.8095
vn 0.6491 -0.3941 0.6506
vn 0.6320 -0.0830 0.7705
vn 0.4577 0.0080 0.8891
vn 0.6323 0.2482 0.7339
vn 0.7134 0.1203 0.6903
vn 0.7073 -0.2022 0.6773
vn 0.7039 -0.0358 0.7094
vn 0.7496 0.3119 0.5838
vn 0.8135 0.1975 0.5470
vn 0.6523 -0.7576 0.0241
vn 0.6473 -0.7619 0.0230
vn 0.6540 -0.7561 0.0245
vn 0.6465 -0.7626 0.0228
vn 0.9952 -0.0964 0.0181
vn 0.9911 -0.1305 0.0244
vn 0.9948 -0.0998 0.0188
vn 0.9906 -0.1342 0.0251
vn -0.0000 -0.0000 1.0000
vn 0.7410 0.6706 0.0352
vn 0.8325 0.5539 0.0105
vn 0.3855 0.9218 0.0410
vn 0.0002 -0.0002 1.0000
vn 0.0001 -0.0001 1.0000
vn 0.8977 0.4405 0.0083
vn 0.7854 0.6151 -0.0688
vn 0.7484 0.6626 -0.0301
vn 0.8354 0.5343 -0.1288
vn 0.7134 -0.7001 -0.0295
vn 0.8547 -0.5132 0.0778
vn 0.7884 -0.6147 0.0226
vn 0.0001 0.0001 1.0000
vn 0.6200 -0.7800 -0.0853
vn 0.0002 0.0002 1.0000
vn 0.0002 -0.0002 -1.0000
vn 0.0006 0.0007 -1.0000
vn 0.0002 -0.0001 -1.0000
vn 0.0002 -0.0000 -1.0000
vn -0.1781 -0.9813 0.0731
vn 0.0001 -0.0001 -1.0000
vn -0.8812 0.4706 -0.0446
vn -0.8610 0.4858 -0.1503
vn -0.7444 0.6654 -0.0562
vn -0.5183 0.8548 -0.0271
vn -0.2941 0.9533 -0.0692
vn -0.9904 0.1127 -0.0799
vn -0.9791 0.2020 -0.0216
vn -0.0000 -0.0001 -1.0000
vn -0.7518 -0.6586 -0.0338
vn -0.8959 -0.4442 -0.0118
vn -0.7732 -0.6330 -0.0368
vn -0.9126 -0.4082 -0.0220
vn -0.6654 -0.4289 -0.6109
vn -0.6148 -0.5433 -0.5717
vn -0.5378 -0.7719 -0.3390
vn -0.9603 -0.2790 -0.0079
vn -0.6654 -0.4216 -0.6160
vn -0.6554 0.1666 -0.7367
vn -0.7311 0.2080 -0.6498
vn -0.7698 0.2822 -0.5725
vn -0.9024 -0.3186 -0.2901
vn -0.6294 -0.7771 -0.0056
vn -0.0926 -0.9956 -0.0161
vn -0.4154 -0.9085 -0.0453
vn -0.4638 -0.8777 -0.1207
vn -0.4181 -0.9047 -0.0816
vn -0.4932 -0.8601 -0.1302
vn -0.0014 -0.0028 -1.0000
vn 0.0009 -0.0000 -1.0000
vn -0.6713 -0.7387 -0.0609
vn -0.8919 0.4316 -0.1348
vn -0.9033 0.3795 -0.2001
vn -0.9584 0.2736 -0.0814
vn -0.9523 -0.2677 -0.1465
vn -0.9415 -0.2576 -0.2173
vn -0.9345 -0.2664 -0.2362
vn -0.0034 -0.0015 -1.0000
vn -0.0168 0.0079 -0.9998
vn -0.8078 0.5127 -0.2908
vn -0.7481 0.6484 -0.1409
vn -0.0071 0.0073 -0.9999
vn -0.0052 0.0065 -1.0000
vn 0.7758 -0.6263 0.0769
vn 0.9031 -0.3936 0.1718
vn 0.7219 -0.6745 0.1545
vn 0.9643 -0.2505 0.0857
vn 0.5859 -0.7973 0.1447
vn 0.6423 -0.7624 0.0793
vn -0.0000 0.0029 -1.0000
vn 0.7431 -0.5243 0.4157
vn 0.5549 -0.7718 0.3103
vn 0.5348 -0.6784 0.5037
vn 0.4250 -0.8840 0.1949
vn 0.3416 -0.9166 0.2079
vn 0.2968 -0.8487 0.4377
vn 0.0416 -0.8863 0.4612
vn 0.0703 -0.9607 0.2684
vn -0.2304 -0.9074 0.3516
vn -0.1044 -0.9811 0.1628
vn 0.0795 -0.9863 0.1443
vn 0.1728 -0.9684 0.1800
vn 0.3093 0.1460 -0.9397
vn -0.1324 -0.1612 -0.9780
vn -0.9895 0.0551 -0.1337
vn -0.9930 0.0245 -0.1153
vn -0.9862 0.0768 -0.1466
vn 0.1283 -0.9876 0.0904
vn 0.1238 -0.9886 0.0852
vn 0.0001 0.0002 -1.0000
vn 0.0002 0.0005 -1.0000
vn -0.0000 -0.0000 -1.0000
vn 0.0003 0.0007 -1.0000
vn 0.9529 0.2552 -0.1639
vn 0.9476 0.2800 -0.1536
vn 0.9387 0.3156 -0.1385
vn 0.9309 0.3424 -0.1268
vn -0.0778 0.9824 -0.1698
vn -0.1565 0.9745 -0.1606
vn -0.1302 0.9878 -0.0850
vn -0.1255 0.9889 -0.0799
vn -0.0838 -0.1293 -0.9881
vn -0.0076 -0.1595 -0.9872
vn -0.0573 -0.1400 -0.9885
vn -0.1368 0.9551 -0.2630
vn -0.3455 0.9188 -0.1906
vn -0.4299 0.8755 -0.2208
vn -0.3951 0.9156 -0.0741
vn -0.4960 0.8107 -0.3111
vn -0.9626 -0.2489 -0.1066
vn -0.9658 -0.2384 -0.1016
vn -0.9683 -0.2299 -0.0975
vn -0.1398 -0.1067 -0.9844
vn -0.3017 0.8750 -0.3787
vn -0.6710 0.7148 -0.1969
vn -0.6976 0.6477 -0.3065
vn -0.0025 0.0003 -1.0000
vn -0.0017 0.0001 -1.0000
vn -0.0019 0.0002 -1.0000
vn -0.0011 0.0001 -1.0000
vn -0.9590 -0.2590 -0.1154
vn -0.4337 0.7613 -0.4819
vn -0.3185 0.7514 -0.5779
vn -0.5363 0.5593 -0.6321
vn -0.4941 0.6697 -0.5544
vn -0.6901 0.7208 -0.0645
vn -0.9159 0.4013 -0.0042
vn -0.6564 0.7543 -0.0146
vn -0.1738 0.8530 -0.4922
vn -0.1354 0.7565 -0.6398
vn -0.2442 0.6267 -0.7400
vn 0.7065 0.5723 -0.4162
vn 0.6715 0.5873 -0.4518
vn 0.8047 0.5144 -0.2965
vn -0.0295 0.9904 -0.1348
vn 0.0134 0.9956 -0.0930
vn 0.0064 0.9973 -0.0733
vn 0.1231 0.6847 -0.7183
vn -0.0370 0.5787 -0.8147
vn 0.2895 0.5249 -0.8004
vn -0.0068 0.9965 -0.0839
vn 0.0409 0.9506 -0.3078
vn 0.4226 0.6236 -0.6577
vn 0.3182 0.7632 -0.5624
vn -0.3984 0.7918 -0.4629
vn -0.4124 0.7044 -0.5777
vn -0.5300 0.6624 -0.5295
vn -0.2924 -0.9436 -0.1553
vn -0.8423 0.4434 -0.3064
vn -0.8574 0.4680 -0.2141
vn -0.1824 0.9410 -0.2850
vn 0.0494 0.9376 -0.3441
vn 0.3371 0.8597 -0.3837
vn 0.3434 0.9212 -0.1827
vn 0.1759 0.9700 -0.1680
vn 0.0637 0.9812 -0.1820
vn 0.3858 0.9187 -0.0843
vn 0.3971 0.8951 -0.2028
vn 0.3689 0.9273 -0.0639
vn 0.0319 0.0050 -0.9995
vn 0.1268 -0.1157 -0.9851
vn 0.0555 -0.0249 -0.9981
vn 0.9659 -0.2372 -0.1038
vn 0.9624 -0.2489 -0.1093
vn 0.9686 -0.2278 -0.0993
vn -0.0007 0.0002 -1.0000
vn -0.0003 0.0005 -1.0000
vn 0.0002 0.0009 -1.0000
vn 0.9596 -0.2576 -0.1134
vn 0.0005 0.0012 -1.0000
vn -0.3710 -0.9258 0.0728
vn -0.3845 -0.9074 0.1694
vn -0.3766 -0.9241 0.0656
vn -0.3294 -0.9273 0.1778
vn -0.8761 0.4703 -0.1062
vn -0.8898 0.4395 -0.1228
vn -0.8991 0.4165 -0.1349
vn -0.8632 0.4964 -0.0918
vn -0.4563 -0.8249 0.3337
vn -0.5533 -0.8105 0.1923
vn -0.2093 0.2936 -0.9327
vn -0.6901 -0.6255 0.3640
vn -0.7171 -0.6753 0.1722
vn 0.8571 -0.4942 -0.1454
vn 0.8707 -0.4730 -0.1348
vn 0.8896 -0.4410 -0.1191
vn -0.6649 -0.7451 0.0529
vn 0.0518 -0.1864 -0.9811
vn 0.9029 -0.4163 -0.1068
vn 0.0004 0.0005 -1.0000
vn -0.0001 -0.0000 -1.0000
vn -0.0005 -0.0000 -1.0000
vn 0.7728 0.6137 -0.1615
vn 0.6776 0.7329 -0.0605
vn 0.8103 0.5803 -0.0816
vn 0.5833 0.7888 -0.1938
vn 0.6696 0.6786 -0.3017
vn 0.7888 0.5036 -0.3525
vn 0.9788 0.0804 -0.1884
vn 0.8845 0.4553 -0.1018
vn 0.9089 0.0461 -0.4144
vn 0.8939 -0.3500 -0.2800
vn 0.9504 -0.2992 -0.0848
vn 0.9447 -0.3153 -0.0902
vn 0.7485 -0.6560 -0.0967
vn -0.5736 -0.7031 0.4203
vn 0.4902 -0.8710 -0.0341
vn 0.3194 -0.9457 -0.0603
vn 0.2941 -0.9533 -0.0692
vn 0.5129 -0.8583 -0.0133
vn -0.0015 -0.0007 -1.0000
vn -0.0002 0.0002 -1.0000
vn -0.0062 0.0024 -1.0000
vn -0.0066 -0.0002 -1.0000
vn -0.0078 -0.0004 -1.0000
vn -0.7946 0.6069 0.0147
vn -0.8207 0.5690 0.0516
vn -0.8018 0.5971 0.0245
vn -0.7720 0.6354 -0.0149
vn 0.6327 0.7721 -0.0591
vn 0.6891 0.7247 -0.0002
vn 0.6752 0.7375 -0.0152
vn -0.0038 -0.0016 -1.0000
vn 0.7266 0.6857 0.0432
vn 0.7238 -0.6890 -0.0362
vn 0.7616 -0.6481 0.0039
vn 0.7372 -0.6753 -0.0224
vn 0.0001 -0.0000 1.0000
vn 0.0007 0.0002 1.0000
vn 0.0002 -0.0000 1.0000
vn -0.6072 -0.7945 -0.0008
vn -0.5941 -0.8043 -0.0134
vn -0.5688 -0.8216 -0.0370
vn -0.6314 -0.7751 0.0230
vn 0.0181 -0.0028 0.9998
vn 0.6990 -0.7125 -0.0606
vn 0.4387 -0.8966 0.0613
vn -0.3563 -0.9256 0.1281
vn 0.4825 -0.8758 0.0151
vn 0.0262 -0.9989 0.0382
vn 0.1634 0.0039 0.9866
vn 0.7728 -0.6290 0.0843
vn 0.2291 -0.8942 0.3847
vn 0.2865 -0.8791 0.3810
vn -0.2498 -0.9679 0.0292
vn -0.8370 -0.2213 0.5004
vn -0.7531 -0.6571 0.0330
vn -0.6803 -0.7327 -0.0166
vn -0.7362 -0.6759 0.0345
vn -0.8874 -0.4609 0.0146
vn -0.6399 -0.7660 -0.0616
vn -0.7790 0.2893 0.5562
vn -0.6978 0.4532 0.5547
vn -0.5502 0.6745 0.4923
vn -0.5258 0.5204 0.6729
vn -0.3961 0.4755 0.7855
vn -0.3251 0.6976 0.6385
vn -0.2208 0.8530 0.4730
vn -0.0888 0.7258 0.6821
vn 0.0147 0.5021 0.8647
vn 0.2012 0.5797 0.7896
vn 0.1888 0.7405 0.6450
vn -0.2126 0.4810 0.8506
vn 0.0425 0.9010 0.4318
vn 0.4689 0.5685 0.6760
vn 0.2805 0.8471 0.4513
vn 0.4512 0.7461 0.4897
vn 0.4555 0.4114 0.7895
vn 0.6538 0.5317 0.5383
vn 0.2631 0.3344 0.9050
vn 0.4742 0.2135 0.8542
vn 0.8308 0.3902 0.3968
vn 0.6634 0.6551 0.3616
vn 0.8246 0.5413 0.1646
vn 0.9384 0.2951 0.1797
vn 0.9159 0.2095 0.3424
vn 0.7886 0.6110 0.0699
vn 0.5753 0.7929 0.2006
vn -0.0155 -0.0168 -0.9997
vn -0.0039 -0.0009 -1.0000
vn -0.0546 -0.0182 -0.9983
vn 0.0046 0.0084 -1.0000
vn 0.9854 0.1540 0.0730
vn 0.0002 0.0002 -1.0000
vn 0.4384 0.8918 0.1119
vn 0.0074 0.0122 -0.9999
vn -0.7163 -0.6701 -0.1947
vn -0.5402 -0.8388 -0.0674
vn -0.8286 -0.5389 -0.1513
vn -0.4630 -0.8668 -0.1850
vn -0.0155 -0.0089 -0.9998
vn -0.0037 -0.0032 -1.0000
vn -0.3612 -0.9253 -0.1155
vn -0.3757 -0.9253 -0.0523
vn 0.2787 0.9520 0.1263
vn 0.2889 0.9159 0.2785
vn -0.9886 -0.0723 -0.1322
vn -0.9587 -0.0056 -0.2842
vn -0.9511 0.0510 -0.3048
vn 0.1964 0.9653 0.1721
vn -0.0404 -0.0163 -0.9991
vn -0.0976 0.0016 -0.9952
vn -0.6597 -0.7072 -0.2544
vn 0.3627 -0.9301 -0.0579
vn 0.1589 -0.9862 -0.0473
vn 0.0265 -0.9990 -0.0357
vn -0.1445 0.0261 -0.9892
vn 0.4540 -0.8889 -0.0617
vn -0.8740 0.1549 -0.4606
vn -0.9445 0.0033 -0.3285
vn -0.9471 -0.1241 -0.2959
vn -0.9343 0.0032 -0.3565
vn -0.0130 -0.9978 -0.0645
vn -0.0077 -0.9975 -0.0706
vn 0.0007 -0.9974 -0.0720
vn -0.4616 -0.1984 -0.8646
vn -0.4269 -0.0660 -0.9019
vn -0.4722 -0.2467 -0.8463
vn -0.4029 0.0105 -0.9152
vn -0.0229 -0.9984 -0.0512
vn 0.1093 -0.9891 -0.0984
vn 0.3989 0.2199 -0.8902
vn 0.0845 -0.9960 -0.0283
vn 0.9499 -0.2151 -0.2267
vn 0.8804 -0.0026 -0.4742
vn 0.8989 -0.0381 -0.4365
vn 0.5835 -0.3337 -0.7404
vn 0.9454 -0.3121 -0.0941
vn 0.5154 0.1123 -0.8495
vn 0.3956 -0.7607 -0.5146
vn -0.1704 0.5671 -0.8058
vn -0.0913 -0.9675 -0.2357
vn 0.1920 -0.6386 -0.7452
vn 0.0825 0.9764 -0.1997
vn -0.1176 0.2938 -0.9486
vn -0.1133 0.3885 -0.9145
vn -0.1183 0.2774 -0.9534
vn -0.4585 -0.8382 -0.2953
vn -0.1955 0.8854 -0.4217
vn 0.6374 0.6482 -0.4167
vn 0.7675 0.0260 -0.6405
vn 0.6832 0.0198 -0.7300
vn 0.6592 -0.0736 -0.7484
vn -0.1187 0.2651 -0.9569
vn 0.6134 -0.1304 -0.7789
vn 0.7875 0.0389 -0.6151
vn 0.6899 0.0873 -0.7186
vn 0.4007 -0.7512 -0.5245
vn 0.6359 0.0908 -0.7664
vn 0.5194 0.0501 -0.8531
vn -0.0455 0.9458 0.3216
vn -0.2152 0.9682 0.1279
vn -0.2390 0.9396 0.2452
vn 0.7198 0.1899 -0.6676
vn -0.4443 0.8849 0.1395
vn -0.2792 0.9572 0.0758
vn 0.9979 -0.0064 -0.0640
vn 0.9983 -0.0101 -0.0580
vn 0.9981 -0.0085 -0.0607
vn 0.9978 -0.0053 -0.0659
vn -0.0021 -0.0006 -1.0000
vn -0.0021 0.0023 -1.0000
vn -0.0017 -0.0008 -1.0000
vn -0.0009 0.0005 -1.0000
vn -0.0015 0.0032 -1.0000
vn -0.5224 -0.8487 -0.0824
vn -0.6850 -0.7144 -0.1429
vn -0.4588 -0.8865 -0.0600
vn 0.5497 -0.8126 -0.1935
vn 0.4651 -0.8811 -0.0855
vn 0.4278 -0.8884 -0.1663
vn -0.7149 -0.6819 -0.1547
vn -0.1924 -0.9307 -0.3111
vn -0.2485 -0.9377 -0.2429
vn -0.2049 -0.9328 -0.2966
vn 0.4360 -0.8221 -0.3662
vn 0.5330 -0.7804 -0.3269
vn 0.6197 -0.6715 -0.4063
vn 0.3110 -0.7648 -0.5642
vn -0.2639 -0.9385 -0.2226
vn -0.3211 -0.9450 -0.0621
vn -0.1157 -0.9924 -0.0410
vn -0.2380 -0.9425 -0.2348
vn -0.3852 -0.9206 -0.0642
vn -0.7166 -0.6963 -0.0417
vn 0.3857 -0.7057 -0.5943
vn 0.2918 -0.5720 -0.7666
vn 0.1962 -0.7394 -0.6440
vn 0.1995 -0.7851 -0.5864
vn 0.5493 -0.4454 -0.7071
vn 0.0062 -0.7023 -0.7119
vn -0.0287 -0.5666 -0.8235
vn 0.0111 -0.4370 -0.8994
vn 0.3806 -0.3157 -0.8692
vn 0.2017 -0.1130 -0.9729
vn -0.3395 -0.4771 -0.8106
vn -0.3062 -0.2706 -0.9127
vn -0.0837 0.0386 -0.9957
vn 0.3426 0.2324 -0.9103
vn 0.1051 0.4218 -0.9006
vn -0.2804 0.3587 -0.8903
vn -0.5079 0.3649 -0.7803
vn -0.4854 0.0480 -0.8730
vn -0.6967 0.3201 -0.6419
vn -0.7302 0.4737 -0.4924
vn -0.8350 0.3606 -0.4155
vn -0.6536 0.5951 -0.4677
vn -0.2857 0.9583 0.0089
vn -0.5627 0.8244 -0.0610
vn 0.5042 0.8606 -0.0716
vn -0.8672 -0.3926 -0.3064
vn -0.8623 -0.4031 -0.3066
vn -0.5961 -0.0804 -0.7989
vn -0.5228 -0.2996 -0.7981
vn -0.6798 -0.1635 -0.7150
vn -0.6967 -0.3628 -0.6189
vn -0.5409 -0.5454 -0.6403
vn -0.6642 -0.5543 -0.5015
vn -0.4956 -0.7146 -0.4936
vn -0.5077 -0.6436 -0.5727
vn -0.3884 -0.7824 -0.4868
vn -0.2997 -0.6492 -0.6990
vn 0.1727 -0.9777 -0.1194
vn -0.1103 -0.9930 -0.0415
vn -0.2227 -0.9748 -0.0088
vn -0.8715 -0.4902 -0.0124
vn -0.9789 -0.0128 -0.2037
vn 0.0032 0.0033 -1.0000
vn 0.2553 -0.9565 -0.1409
vn -0.5080 -0.7988 -0.3223
vn -0.7161 -0.6288 -0.3031
vn -0.7833 -0.4818 -0.3927
vn -0.9092 -0.0313 -0.4152
vn -0.9762 -0.0810 -0.2013
vn -0.7526 -0.2233 -0.6194
vn -0.8939 0.3502 -0.2796
vn -0.8736 0.3577 -0.3299
vn -0.2046 0.9752 0.0841
vn -0.9074 0.3441 -0.2413
vn -0.8683 0.4006 -0.2925
vn -0.8537 0.5166 -0.0657
vn -0.7498 -0.0990 -0.6542
vn -0.5508 0.8340 -0.0323
vn -0.5753 0.5566 -0.5993
vn -0.5840 0.5909 -0.5566
vn -0.5805 0.5765 -0.5750
vn -0.5917 0.6275 -0.5061
vn -0.4708 0.8821 -0.0152
vn -0.2557 0.9663 -0.0298
vn -0.9993 -0.0035 -0.0368
vn -0.9993 -0.0038 -0.0367
vn -0.9972 -0.0012 -0.0742
vn -0.1304 0.0095 -0.9914
vn -0.1293 0.0100 -0.9916
vn -0.1330 0.0086 -0.9911
vn -0.1338 0.0083 -0.9910
vn -0.9982 -0.0000 -0.0605
vn -0.4005 -0.9159 -0.0290
vn -0.3996 -0.9162 -0.0291
vn -0.4182 -0.8782 -0.2320
vn -0.9962 0.0031 -0.0873
vn 0.9005 -0.3836 -0.2051
vn -0.9953 -0.0002 -0.0973
vn -0.7485 0.6560 -0.0968
vn -0.9505 0.2989 -0.0849
vn -0.9159 -0.3888 -0.1001
vn -0.9447 0.3153 -0.0902
vn -0.2321 -0.7658 -0.5997
vn -0.2808 -0.7622 -0.5833
vn 0.0017 -0.9968 -0.0793
vn 0.0015 -0.9981 -0.0609
vn 0.0033 -0.9979 -0.0647
vn -0.0004 -0.9972 -0.0745
vn 0.6933 -0.6769 -0.2473
vn 0.5717 -0.6306 -0.5249
vn 0.6812 -0.6680 -0.2997
vn 0.8037 -0.5926 -0.0536
vn 0.8115 -0.5821 -0.0513
vn 0.0016 -0.9992 -0.0389
vn 0.0033 -0.0351 -0.9994
vn 0.0072 -0.0259 -0.9996
vn -0.0005 -0.0444 -0.9990
vn 0.0089 -0.0218 -0.9997
vn 0.0012 -0.9992 -0.0390
vn -0.8174 -0.5736 -0.0536
vn -0.8698 -0.4919 -0.0371
vn -0.8226 -0.5663 -0.0521
vn -0.8779 -0.4777 -0.0343
vn -0.5771 -0.6125 -0.5402
vn -0.4843 -0.6844 -0.5450
vn -0.4064 -0.8460 -0.3451
vn 0.0289 -0.9989 -0.0364
vn -0.3580 -0.2758 -0.8921
vn -0.4657 -0.8212 -0.3299
vn -0.2542 -0.8688 -0.4250
vn 0.5729 -0.8116 -0.1146
vn 0.2422 -0.9240 -0.2959
vn 0.2301 -0.9248 -0.3029
vn 0.9913 -0.1213 -0.0511
vn 0.5997 -0.7930 -0.1077
vn 0.7109 -0.6871 -0.1499
vn 0.7257 -0.6701 -0.1560
vn 0.5688 -0.5942 -0.5686
vn 0.6956 -0.4337 -0.5728
vn 0.7044 -0.5279 -0.4745
vn 0.6039 -0.7966 -0.0277
vn 0.2514 -0.9679 0.0031
vn 0.5648 -0.8229 -0.0624
vn 0.6479 -0.7586 -0.0690
vn 0.4852 -0.7136 -0.5053
vn 0.7936 -0.6077 -0.0298
vn 0.9625 0.2667 -0.0495
vn -0.0010 0.0007 -1.0000
vn 0.0003 0.0004 -1.0000
vn -0.0012 0.0007 -1.0000
vn -0.0015 0.0008 -1.0000
vn -0.4899 -0.8691 -0.0675
vn 0.7064 -0.6208 -0.3400
vn 0.8663 -0.2309 -0.4429
vn 0.8229 -0.4803 -0.3037
vn 0.8958 -0.3253 -0.3028
vn 0.7949 0.5589 -0.2362
vn 0.7646 0.5985 -0.2392
vn 0.0010 0.0045 -1.0000
vn -0.9913 -0.1194 -0.0554
vn -0.6522 0.7140 0.2546
vn -0.4560 0.8281 0.3262
vn 0.0410 0.9603 0.2761
vn -0.5000 0.6448 -0.5781
vn -0.4457 0.6946 -0.5647
vn -0.2090 0.7817 -0.5876
vn -0.0245 0.7868 -0.6167
vn 0.1502 0.8986 -0.4123
vn 0.1651 -0.1899 -0.9678
vn -0.4266 -0.7537 -0.5000
vn -0.1791 0.5460 -0.8184
vn 0.2715 -0.5539 -0.7871
vn 0.1636 0.9197 -0.3569
vn -0.0938 -0.9672 -0.2361
vn -0.4901 -0.1947 -0.8496
vn 0.5581 -0.8246 -0.0927
vn 0.9909 -0.1035 0.0856
vn 0.9872 0.0650 0.1457
vn 0.0126 0.0087 0.9999
vn 0.1120 -0.0412 0.9929
vn 0.0440 -0.0068 0.9990
vn 0.1710 -0.0708 0.9827
vn 0.3374 -0.8265 0.4506
vn 0.3375 -0.8264 0.4507
vn 0.3680 -0.8150 0.4476
vn 0.5642 -0.7183 0.4071
vn -0.4092 -0.8663 0.2864
vn -0.8608 -0.5035 0.0744
vn -0.6839 -0.7296 0.0021
vn -0.5632 -0.8239 0.0637
vn 0.5808 -0.7075 0.4026
vn -0.1972 -0.9777 -0.0723
vn -0.1448 -0.9877 0.0597
vn -0.0005 -1.0000 0.0045
vn -0.3390 -0.9261 -0.1654
vn -0.0212 0.0028 0.9998
vn -0.0599 0.0114 0.9981
vn -0.1982 0.0264 0.9798
vn -0.6920 0.7017 -0.1695
vn -0.5512 0.8322 -0.0610
vn -0.6177 0.7786 -0.1101
vn -0.9884 -0.0906 0.1217
vn -0.6257 -0.7681 -0.1356
vn -0.1379 0.0203 0.9902
vn -0.0318 -0.0001 0.9995
vn -0.0280 0.9988 0.0395
vn 0.3890 0.9211 0.0130
vn -0.0834 0.9961 0.0273
vn -0.7898 0.6110 0.0539
vn -0.7532 0.6577 -0.0105
vn -0.7872 0.6148 0.0488
vn -0.8277 0.5445 0.1354
vn 0.5578 0.7362 0.3832
vn 0.5883 0.7223 0.3635
vn 0.5394 0.7422 0.3977
vn 0.1903 0.8708 0.4533
vn 0.2348 0.8486 0.4740
vn 0.0210 0.9306 0.3655
vn -0.0102 0.9375 0.3477
vn 0.9509 -0.2280 0.2094
vn 0.8925 -0.2415 0.3810
vn 0.8716 -0.3191 0.3722
vn 0.7714 -0.3083 0.5567
vn 0.7270 0.5491 0.4123
vn 0.8206 0.3985 0.4096
vn 0.8318 0.3922 0.3929
vn 0.8483 0.3613 0.3872
vn -0.4443 0.0191 0.8957
vn -0.3545 0.2533 0.9001
vn -0.9792 0.2016 0.0229
vn -0.9800 0.1976 0.0222
vn -0.9717 0.2344 0.0284
vn -0.9708 0.2381 0.0290
vn -0.9373 -0.3484 0.0067
vn -0.0000 0.0001 -1.0000
vn 0.6933 0.4753 -0.5417
vn 0.5618 0.4413 -0.6997
vn 0.5404 0.6327 -0.5547
vn 0.6568 0.6021 -0.4539
vn -0.4115 0.9048 -0.1096
vn 0.1400 0.9901 -0.0021
vn -0.0017 -0.0026 -1.0000
vn -0.0016 -0.0019 -1.0000
vn -0.0017 -0.0028 -1.0000
vn 0.6605 0.7463 -0.0826
vn 0.8370 0.5469 -0.0200
vn 0.7167 0.6944 -0.0651
vn 0.9025 0.4304 0.0123
vn 0.9434 -0.3276 -0.0523
vn -0.0018 -0.0032 -1.0000
vn 0.5327 0.7879 -0.3089
vn 0.4595 0.7484 -0.4783
vn -0.0010 0.0002 -1.0000
vn -0.8294 -0.5517 0.0881
vn -0.8936 -0.3839 0.2325
vn -0.4695 -0.7026 0.5348
vn -0.1528 -0.7813 0.6052
vn -0.0382 0.0932 -0.9949
vn -0.1763 -0.9691 0.1724
vn -0.9653 0.2318 -0.1207
vn -0.9671 0.2214 -0.1255
vn -0.9625 0.2462 -0.1140
vn -0.9602 0.2571 -0.1089
vn -0.1425 -0.9871 0.0733
vn -0.1331 -0.9892 0.0613
vn 0.9938 -0.0205 -0.1097
vn 0.9944 -0.0421 -0.0969
vn 0.9944 -0.0650 -0.0834
vn 0.9925 0.0006 -0.1219
vn 0.1282 0.9878 -0.0885
vn 0.1272 0.9878 -0.0895
vn 0.0068 0.0453 -0.9989
vn 0.0102 -0.0088 -0.9999
vn 0.0178 -0.0330 -0.9993
vn 0.0010 0.0446 -0.9990
vn -0.0019 0.0210 -0.9998
vn 0.5049 0.0351 0.8625
vn 0.4044 0.8456 -0.3485
vn 0.8263 0.4963 -0.2663
vn 0.8265 0.4960 -0.2663
vn 0.9980 0.0506 -0.0387
vn -0.0012 0.0207 -0.9998
vn 0.0005 0.9992 -0.0395
vn 0.0014 0.9992 -0.0398
vn -0.9980 0.0508 -0.0385
vn -0.6097 0.7895 -0.0704
vn -0.5576 0.8151 -0.1574
vn -0.8597 -0.5013 -0.0981
vn -0.8573 -0.5050 -0.1002
vn -0.8553 -0.5081 -0.1020
vn -0.2078 -0.1038 -0.9726
vn -0.2138 -0.1029 -0.9714
vn -0.2096 -0.1035 -0.9723
vn -0.2034 -0.1045 -0.9735
vn -0.8617 -0.4981 -0.0963
vn 0.0017 0.0017 -1.0000
vn -0.0008 -0.0001 -1.0000
vn -0.0007 -0.0002 -1.0000
vn -0.0009 -0.0000 -1.0000
vn -0.3796 0.9207 -0.0911
vn -0.9601 -0.2569 -0.1104
vn 0.3983 -0.9137 0.0809
vn 0.4003 -0.9130 0.0785
vn 0.8586 0.4962 -0.1291
vn 0.8628 0.4875 -0.1336
vn 0.8693 0.4744 -0.1391
vn 0.8733 0.4657 -0.1431
vn -0.9949 -0.0000 -0.1005
vn -0.4262 0.9043 0.0235
vn 0.6711 0.7403 0.0407
vn 0.4305 0.9024 -0.0173
vn 0.4353 0.9001 -0.0168
vn 0.9993 -0.0047 -0.0369
vn 0.9993 -0.0038 -0.0367
vn 0.1657 0.0074 -0.9862
vn 0.3060 -0.9516 -0.0266
vn -0.0035 0.1061 -0.9944
vn -0.0028 0.1092 -0.9940
vn -0.0063 0.0934 -0.9956
vn -0.0025 0.1105 -0.9939
vn -0.0212 0.9995 -0.0223
vn -0.3043 0.9525 -0.0093
vn 0.2905 0.9568 -0.0093
vn 0.5169 0.8556 -0.0269
vn 0.2979 0.9544 -0.0182
vn 0.2826 0.9591 -0.0158
vn 0.3441 0.9389 0.0102
vn 0.5895 0.8076 -0.0142
vn 0.9035 -0.2328 -0.3600
vn 0.8593 -0.2439 -0.4497
vn 0.8444 -0.3204 -0.4293
vn 0.8635 -0.3044 -0.4022
vn -0.0121 -0.6418 -0.7668
vn 0.8749 -0.2922 -0.3863
vn 0.9633 -0.1661 -0.2107
vn 0.6602 0.7481 -0.0665
vn 0.9417 0.2636 0.2092
vn 0.9406 0.2656 0.2118
vn 0.9279 0.2856 0.2395
vn 0.9254 -0.3248 0.1952
vn 0.9270 0.2870 0.2415
vn 0.1618 0.9862 0.0351
vn 0.1322 0.9888 0.0692
vn 0.5952 0.5733 0.5630
vn 0.0279 0.7810 0.6239
vn -0.9241 0.3005 0.2362
vn -0.8471 0.3889 0.3623
vn -0.7264 0.4919 0.4799
vn 0.0297 0.7301 0.6827
vn -0.1012 0.9944 0.0316
vn -0.1740 0.9847 0.0061
vn -0.3261 0.9451 0.0224
vn 0.0254 -0.0278 0.9993
vn -0.0375 -0.1440 0.9889
vn -0.0635 -0.1068 0.9923
vn -0.0019 -0.0064 1.0000
vn 0.0111 -0.0051 0.9999
vn -0.5897 0.8075 -0.0104
vn -0.7343 0.6783 0.0257
vn -0.4375 0.8892 -0.1336
vn 0.0141 -0.7736 -0.6335
vn -0.0028 -0.0173 0.9998
vn -0.0766 0.0752 0.9942
vn -0.0148 -0.0057 0.9999
vn -0.0124 -0.0088 0.9999
vn -0.3684 -0.8000 0.4735
vn -0.0190 -0.0164 0.9997
vn -0.0054 0.0188 0.9998
vn -0.0378 0.0159 0.9992
vn -0.0809 -0.0179 0.9966
vn -0.0116 -0.0113 0.9999
vn -0.0481 0.0836 0.9953
vn 0.0244 -0.0036 0.9997
vn 0.5558 0.8240 -0.1098
vn 0.0255 0.0328 0.9991
vn 0.1519 0.1391 0.9786
vn -0.1766 -0.0017 0.9843
vn -0.0108 0.0560 0.9984
vn 0.7523 0.1664 -0.6375
vn 0.9214 0.2469 0.3001
vn -0.0454 0.0500 0.9977
vn 0.7535 -0.2782 0.5957
vn -0.1049 0.0258 0.9941
vn 0.0537 0.0066 0.9985
vn 0.5412 -0.7084 -0.4530
vn 0.0077 0.0047 1.0000
vn 0.1061 0.0358 0.9937
vn 0.1159 0.0419 0.9924
vn -0.0063 0.0511 0.9987
vn 0.8236 0.3625 0.4363
vn -0.0146 0.1949 0.9807
vn -0.1078 -0.0906 0.9900
vn -0.1395 -0.0714 0.9876
vn -0.9723 -0.1867 0.1403
vn -0.9685 -0.2386 0.0711
vn -0.8860 -0.4617 0.0439
vn 0.0704 -0.0252 0.9972
vn -0.9600 0.2761 0.0464
vn -0.9821 0.1862 0.0279
vn -0.9940 0.0870 0.0656
vn -0.5019 -0.7154 0.4861
vn -0.3174 -0.9119 0.2601
vn -0.4089 -0.8266 0.3866
vn -0.5067 0.7030 0.4990
vn -0.4137 0.8203 0.3949
vn -0.2937 0.9263 0.2361
vn -0.7348 0.0096 0.6782
vn 0.7441 0.0351 0.6672
vn 0.7746 0.0081 0.6324
vn 0.7393 -0.0223 0.6730
vn 0.5454 -0.1255 0.8287
vn 0.6679 -0.0774 0.7402
vn 0.7800 -0.0045 0.6257
vn -0.2779 -0.9352 0.2195
vn 0.1469 -0.9881 0.0463
vn 0.2837 -0.9585 -0.0290
vn 0.1838 -0.9824 -0.0338
vn -0.0762 -0.9960 0.0456
vn 0.3578 -0.8176 -0.4511
vn 0.3119 -0.8555 -0.4133
vn 0.3207 -0.8487 -0.4206
vn 0.9998 0.0120 -0.0181
vn 0.9996 -0.0043 -0.0267
vn 0.9983 0.0376 -0.0438
vn 0.0882 -0.9908 0.1024
vn -0.9998 -0.0046 -0.0197
vn -0.9996 0.0220 -0.0147
vn -0.9995 0.0187 -0.0244
vn -0.9995 -0.0322 -0.0031
vn 0.0852 -0.9963 -0.0092
vn -0.9995 -0.0272 0.0159
vn -0.9999 -0.0032 0.0133
vn 0.0279 0.3718 0.9279
vn -0.0129 0.2657 0.9640
vn 0.0163 0.3419 0.9396
vn -0.0497 0.5929 -0.8038
vn -0.0154 0.6777 -0.7351
vn -0.0229 0.6599 -0.7510
vn -0.9998 0.0152 0.0109
vn 0.0098 -0.9181 -0.3963
vn -0.0043 -0.9372 -0.3486
vn -0.0013 -0.9335 -0.3587
vn -0.0561 0.5761 -0.8154
vn 0.0143 -0.9115 -0.4111
vn -0.9479 0.0714 0.3104
vn -0.0247 0.2343 0.9719
vn 0.1612 0.9868 0.0151
vn 0.1571 0.9875 0.0102
vn 0.0835 0.9965 -0.0083
vn 0.4414 0.8930 0.0873
vn 0.9994 -0.0288 -0.0180
vn 0.9983 -0.0451 -0.0380
vn 0.6659 0.0512 0.7443
vn 0.5630 0.0937 0.8211
vn 0.3140 0.8606 -0.4009
vn 0.3618 0.7953 -0.4864
vn 0.3090 0.8665 -0.3921
vn -0.0942 0.9941 0.0547
vn -0.2559 0.9468 0.1953
vn 0.3666 0.7876 -0.4952
vn -0.0575 0.0173 -0.9982
vn -0.1373 0.0436 -0.9896
vn -0.0957 0.0299 -0.9950
vn -0.9537 0.2995 -0.0282
vn -0.8808 0.4593 -0.1150
vn -0.7625 0.6303 -0.1458
vn 0.6490 0.0180 -0.7606
vn 0.3673 -0.8091 -0.4587
vn -0.0463 0.0136 -0.9988
vn -0.9589 -0.2705 -0.0859
vn -0.9502 -0.3090 -0.0400
vn -0.7673 -0.6140 -0.1853
vn -0.9577 -0.2865 -0.0270
vn -0.9879 0.1544 -0.0128
vn -0.9206 -0.3895 -0.0274
vn -0.6830 -0.7303 -0.0152
vn -0.9223 0.3856 -0.0262
vn -0.2697 -0.9628 -0.0166
vn -0.6973 -0.7165 -0.0192
vn -0.3608 -0.9323 -0.0229
vn 0.2500 -0.9664 -0.0599
vn 0.2187 -0.9755 -0.0226
vn 0.6659 -0.7456 -0.0252
vn 0.5000 -0.8659 -0.0145
vn 0.8563 -0.5159 -0.0245
vn 0.7974 -0.6032 -0.0158
vn 0.9250 -0.3792 -0.0231
vn 0.9144 -0.4043 0.0216
vn 0.6261 -0.7796 0.0132
vn 0.0073 -0.0408 0.9991
vn -0.0980 -0.0561 0.9936
vn -0.1152 0.0105 0.9933
vn 0.0613 0.0604 0.9963
vn -0.8310 -0.1039 0.5465
vn -0.6261 -0.1202 0.7704
vn -0.6583 -0.0568 0.7506
vn 0.9107 -0.4130 -0.0057
vn 0.9611 -0.2763 0.0044
vn -0.1056 0.0750 0.9916
vn -0.1245 0.1110 0.9860
vn 0.1672 0.0125 0.9858
vn 0.1050 -0.0011 0.9945
vn 0.1735 0.0215 0.9846
vn 0.9869 -0.1397 0.0810
vn 0.3452 -0.8812 0.3229
vn 0.4012 -0.8438 0.3563
vn 0.4599 -0.7705 0.4415
vn 0.5064 0.7168 0.4794
vn 0.4232 0.8161 0.3935
vn 0.5091 0.7123 0.4831
vn 0.5367 -0.6788 0.5011
vn 0.9776 0.1812 0.1073
vn 0.9754 0.2064 0.0770
vn 0.9764 0.1967 0.0888
vn -0.0501 -0.0064 0.9987
vn 0.9731 0.2232 0.0568
vn 0.8416 0.5401 -0.0064
vn 0.7272 0.6532 -0.2110
vn 0.9492 0.3135 -0.0286
vn 0.9540 0.2994 -0.0163
vn 0.8133 0.5817 -0.0161
vn -0.0268 0.0170 0.9995
vn -0.1194 -0.0872 0.9890
vn 0.0040 0.0038 1.0000
vn 0.6524 0.7579 0.0036
vn 0.9223 0.3859 -0.0198
vn 0.9984 0.0529 -0.0191
vn 0.9967 0.0812 -0.0096
vn -0.1574 -0.0241 0.9872
vn -0.1014 0.0453 0.9938
vn -0.8823 0.1595 0.4429
vn -0.6180 -0.5748 -0.5364
vn -0.0618 0.1157 0.9914
vn -0.1468 -0.7023 -0.6966
vn -0.0196 0.0910 0.9957
vn 0.3935 -0.5910 0.7042
vn 0.7061 -0.0689 -0.7047
vn -0.1230 0.0291 0.9920
vn -0.2687 -0.0178 0.9631
vn -0.0084 -0.0005 1.0000
vn 0.6279 0.4117 0.6604
vn -0.1944 0.7123 -0.6745
vn -0.7335 0.2575 -0.6290
vn -0.7809 -0.1347 0.6099
vn 0.0222 -0.0526 0.9984
vn -0.5284 -0.5986 -0.6020
vn 0.1548 0.0131 -0.9879
vn 0.1829 0.0085 -0.9831
vn 0.0967 0.0221 -0.9951
vn 0.1891 0.0074 -0.9819
vn 0.3145 0.8398 -0.4425
vn -0.4591 0.8343 -0.3053
vn 0.0075 0.9996 -0.0256
vn -0.3790 0.8575 -0.3481
vn -0.6080 -0.0086 -0.7939
vn 0.9630 -0.2691 -0.0152
vn -0.1029 -0.8932 -0.4377
vn 0.2167 -0.8590 -0.4638
vn 0.2523 -0.8493 -0.4637
vn -0.1513 -0.8902 -0.4296
vn -0.3333 -0.8386 -0.4310
vn -0.1915 -0.9524 -0.2373
vn -0.4868 -0.6658 -0.5654
vn 0.7896 -0.6135 0.0140
vn -0.0777 -0.9838 -0.1614
vn -0.9995 0.0063 -0.0297
vn -0.9973 -0.0426 -0.0598
vn -0.9994 -0.0174 -0.0300
vn -0.4560 0.6614 -0.5955
vn -0.1471 0.9605 -0.2362
vn -0.4240 0.7395 -0.5229
vn -0.9996 0.0261 -0.0123
vn -0.9985 0.0453 -0.0309
vn -0.1440 -0.9895 0.0151
vn -0.1567 -0.9876 0.0125
vn -0.0828 -0.9965 -0.0084
vn -0.4154 -0.9051 0.0914
vn -0.7199 -0.0046 0.6940
vn -0.6736 0.0356 0.7382
vn -0.5091 0.1334 0.8503
vn -0.7005 0.0564 0.7114
vn -0.0650 -0.9979 -0.0051
vn -0.7380 -0.0168 0.6746
vn -0.6574 0.0335 0.7528
vn 0.9991 0.0121 0.0416
vn 0.9937 0.0894 0.0683
vn 0.9865 0.1399 0.0849
vn 0.9996 -0.0244 -0.0152
vn 0.9996 -0.0140 -0.0244
vn -0.6432 -0.0399 0.7646
vn -0.5647 -0.1551 0.8106
vn 0.9994 0.0318 -0.0140
vn -0.2081 0.9780 0.0118
vn -0.2473 0.9688 -0.0161
vn -0.1477 0.9876 0.0539
vn 0.3892 0.8523 0.3493
vn -0.0648 0.3875 0.9196
vn 0.9998 0.0067 -0.0186
vn 0.0876 0.9028 0.4210
vn 0.0221 0.8703 -0.4921
vn -0.0715 0.6780 -0.7316
vn 0.0469 0.9067 -0.4191
vn -0.0902 0.6289 -0.7722
vn 0.0790 -0.6797 -0.7292
vn 0.9140 -0.2894 -0.2842
vn -0.0935 -0.9944 0.0496
vn 0.9109 -0.2928 0.2908
vn 0.0631 -0.6597 0.7489
vn -0.0881 0.9916 0.0947
vn 0.0147 0.1212 0.9925
vn -0.0659 0.0637 0.9958
vn -0.1020 0.0934 0.9904
vn -0.0722 0.1207 0.9901
vn 0.0393 0.2116 0.9766
vn 0.3373 -0.9414 0.0075
vn 0.3513 -0.9361 0.0183
vn 0.2475 -0.9655 0.0806
vn 0.0215 0.0400 0.9990
vn 0.0330 0.0151 0.9993
vn -0.0353 -0.9927 0.1153
vn 0.0794 -0.9605 0.2667
vn 0.4485 -0.8928 0.0427
vn 0.3572 -0.9329 0.0446
vn -0.0746 -0.9970 0.0201
vn -0.6345 -0.5587 0.5341
vn -0.6355 -0.5582 0.5335
vn -0.6597 -0.5459 0.5165
vn 0.6909 -0.5223 0.4999
vn 0.7057 -0.5139 0.4878
vn 0.8215 -0.4161 0.3899
vn -0.6615 -0.5449 0.5153
vn -0.0220 0.6878 0.7255
vn 0.0598 0.7056 0.7061
vn -0.0100 0.7194 0.6946
vn -0.0108 0.7322 0.6810
vn 0.0262 0.6632 0.7480
vn -0.0516 0.6486 0.7594
vn 0.8493 -0.3936 0.3518
vn 0.0560 -0.9984 -0.0027
vn 0.0408 -0.9991 -0.0139
vn 0.1093 -0.9923 0.0576
vn 0.9874 0.1487 0.0550
vn 0.9780 0.2082 0.0138
vn 0.9691 0.2465 -0.0131
vn 0.0934 -0.9947 0.0419
vn 0.0082 -0.9992 0.0396
vn -0.1760 0.5640 0.8068
vn 0.9914 0.0895 0.0952
vn 0.9627 -0.2162 0.1624
vn 0.9997 -0.0231 -0.0032
vn 0.7443 0.4144 -0.5238
vn 0.7434 0.4148 -0.5247
vn 0.7442 0.4144 -0.5239
vn 0.7433 0.4149 -0.5248
vn 0.0071 0.9995 -0.0306
vn -0.0430 0.9973 -0.0602
vn -0.0176 0.9994 -0.0301
vn 0.0270 0.9996 -0.0131
vn -0.9856 0.1682 0.0179
vn -0.9868 0.1616 0.0113
vn -0.9966 0.0816 -0.0086
vn -0.8775 0.4700 0.0948
vn 0.0475 0.9983 -0.0329
vn 0.0103 0.5128 0.8584
vn -0.9847 0.0720 -0.1585
vn -0.9249 0.2312 -0.3018
vn -0.8384 0.3285 -0.4349
vn -0.9862 -0.1407 0.0878
vn -0.9680 -0.1796 0.1755
vn -0.9655 -0.2059 0.1597
vn -0.3385 -0.9404 -0.0334
vn -0.3348 -0.9422 0.0168
vn -0.5411 -0.8407 0.0216
vn -0.2963 -0.9540 0.0459
vn -0.9698 -0.1687 0.1764
vn 0.0443 0.1226 0.9915
vn 0.1164 0.1215 0.9857
vn 0.4133 0.8650 -0.2846
vn -0.2790 -0.9539 -0.1108
vn -0.8042 -0.4425 -0.3968
vn -0.6078 0.5198 -0.6004
vn -0.0318 0.6102 -0.7916
vn -0.0154 -0.1630 -0.9865
vn -0.0097 -0.1912 -0.9815
vn -0.0148 -0.1668 -0.9859
vn -0.0035 -0.2216 -0.9751
vn 0.4692 -0.8759 -0.1127
vn 0.4350 -0.8876 -0.1516
vn 0.8905 -0.2070 -0.4053
vn -0.0024 -0.9998 -0.0220
vn -0.0229 -0.9997 -0.0066
vn -0.9976 0.0691 -0.0054
vn 0.6484 -0.0155 0.7611
vn 0.6258 -0.0257 0.7796
vn 0.6552 -0.0125 0.7554
vn 0.2509 -0.0584 -0.9662
vn 0.4263 -0.0006 -0.9046
vn 0.4879 0.0211 -0.8727
vn 0.0486 -0.9460 -0.3206
vn 0.6197 -0.0288 0.7843
vn 0.1905 -0.0771 -0.9787
vn -0.9892 0.0566 0.1354
vn -0.9247 -0.0262 0.3798
vn -0.8923 -0.0510 0.4486
vn -0.9947 0.0788 0.0660
vn -0.0056 0.9609 0.2769
vn -0.8669 0.4984 0.0039
vn -0.5240 0.8515 -0.0202
vn 0.0078 -0.0113 -0.9999
vn 0.0072 -0.0126 -0.9999
vn 0.0090 -0.0074 -0.9999
vn 0.0064 -0.0166 -0.9998
vn -0.8754 0.4825 -0.0279
vn 0.0740 0.9972 -0.0059
vn -0.0050 -0.0132 0.9999
vn 0.0117 -0.3123 0.9499
vn -0.3013 -0.7991 0.5202
vn 0.6645 -0.6701 -0.3309
vn -0.8395 0.0181 -0.5430
vn -0.0064 0.2074 0.9782
vn 0.9268 0.0173 -0.3752
vn 0.0056 0.0002 1.0000
vn 0.6430 -0.6336 0.4302
vn 0.4751 -0.6078 -0.6363
vn 0.2344 -0.8241 0.5156
vn -0.6141 0.7281 -0.3045
vn -0.3839 0.9180 -0.0991
vn -0.9880 0.1544 -0.0077
vn -0.9968 0.0206 -0.0772
vn -0.9657 -0.1163 -0.2323
vn -0.8589 -0.3198 -0.3999
vn -0.1145 -0.5796 0.8068
vn 0.0417 -0.7586 0.6502
vn -0.0417 -0.6250 0.7795
vn -0.5260 -0.8502 0.0216
vn 0.0021 -0.9996 -0.0283
vn 0.0615 -0.9962 -0.0618
vn 0.0319 -0.9992 -0.0256
vn -0.7598 -0.3879 -0.5218
vn 0.0593 -0.7564 0.6514
vn -0.9966 -0.0826 -0.0065
vn -0.9963 -0.0857 -0.0083
vn -0.9961 -0.0875 -0.0094
vn -0.9968 -0.0801 -0.0050
vn 0.0344 0.9990 0.0271
vn 0.0337 0.9994 0.0124
vn -0.0184 0.9996 0.0233
vn 0.0017 -0.8081 0.5890
vn -0.0327 0.9995 0.0041
vn -0.0057 0.9998 -0.0204
vn 0.2683 -0.1028 -0.9578
vn 0.9948 0.0784 0.0649
vn 0.0023 0.9998 -0.0172
vn 0.8141 0.0037 0.5807
vn 0.0247 0.9994 -0.0223
vn -0.8682 -0.0857 0.4888
vn -0.9247 -0.0478 0.3777
vn -0.8809 -0.0781 0.4668
vn 0.3608 0.0712 0.9299
vn -0.3526 0.9251 0.1407
vn -0.9383 -0.0366 0.3439
vn -0.1057 0.9429 -0.3158
vn -0.3095 0.0623 -0.9489
vn 0.9854 -0.1697 0.0167
vn 0.9866 -0.1627 0.0122
vn 0.9964 -0.0843 -0.0085
vn 0.9970 -0.0774 -0.0069
vn 0.0002 0.0003 -1.0000
vn 0.0004 0.0006 -1.0000
vn 0.8817 -0.4621 0.0955
vn -0.0214 -0.9997 -0.0080
vn -0.0473 -0.9983 -0.0331
vn 0.0006 0.0009 -1.0000
vn 0.0637 -0.6804 0.7301
vn 0.0361 -0.7699 0.6371
vn 0.1177 -0.5449 0.8302
vn 0.0046 -0.0078 1.0000
vn 0.0027 -0.0049 1.0000
vn 0.0076 -0.0122 0.9999
vn -0.1003 -0.9929 0.0633
vn 0.1099 -0.9920 0.0624
vn -0.0898 -0.9901 -0.1083
vn -0.0000 -0.0009 1.0000
vn 0.2705 -0.9553 0.1191
vn 0.2153 -0.9676 -0.1316
vn 0.1998 -0.8763 0.4383
vn 0.9987 0.0509 0.0047
vn 0.9924 0.1200 0.0274
vn 0.9946 0.1019 0.0214
vn -0.0172 -0.9997 0.0144
vn 0.0169 -0.9995 0.0252
vn -0.0053 -0.9998 0.0215
vn 0.9994 0.0333 -0.0011
vn 0.0287 -0.9994 0.0176
vn 0.0093 -0.9999 -0.0054
vn -0.0261 -0.9996 -0.0119
vn -0.0334 -0.9994 -0.0070
vn -0.9877 0.0898 0.1278
vn -0.9451 -0.0352 0.3249
vn -0.9658 0.0077 0.2590
vn -0.8853 -0.1197 0.4493
vn 0.4649 0.0007 0.8853
vn 0.4223 0.0331 0.9059
vn 0.3288 0.1003 0.9390
vn 0.0011 -0.9999 -0.0113
vn -0.2041 0.0444 -0.9779
vn -0.3505 -0.0423 -0.9356
vn -0.2882 -0.0048 -0.9576
vn -0.4213 -0.0861 -0.9028
vn 0.9064 -0.0035 -0.4223
vn 0.8821 0.0336 -0.4698
vn 0.8965 0.0126 -0.4428
vn 0.9185 -0.0243 -0.3947
vn -0.2981 0.7301 -0.6149
vn 0.7044 0.5230 -0.4799
vn 0.6998 0.5644 -0.4378
vn 0.7065 0.4790 -0.5209
vn 0.6854 0.6341 -0.3579
vn 0.4205 0.7109 0.5638
vn 0.5110 0.6480 0.5649
vn 0.5576 0.6104 0.5625
vn 0.5527 -0.0701 0.8304
vn 0.6240 0.5498 0.5553
vn -0.0104 0.9999 0.0023
vn -0.0014 0.9996 -0.0281
vn 0.0056 1.0000 0.0038
vn -0.0220 0.9994 -0.0277
vn -0.0192 0.9996 -0.0206
vn 0.0143 0.9996 -0.0243
vn 0.0252 0.9994 -0.0230
vn -0.5781 0.3320 0.7454
vn 0.4407 0.0673 -0.8951
vn 0.4426 0.0651 -0.8944
vn 0.6143 0.0867 -0.7843
vn 0.4615 0.1282 0.8778
vn 0.5235 0.0555 0.8502
vn 0.5524 0.0191 0.8334
vn -0.0212 0.9993 0.0293
vn 0.0381 0.9992 0.0110
vn 0.0286 0.9994 0.0199
vn 0.0364 0.9991 -0.0218
vn -0.3305 -0.0046 -0.9438
vn -0.3109 0.0090 -0.9504
vn -0.2888 0.0240 -0.9571
vn -0.8892 0.0208 0.4570
vn -0.9313 -0.0474 0.3613
vn -0.9081 -0.0071 0.4186
vn 0.0272 0.9993 -0.0259
vn 0.8797 0.1893 -0.4362
vn 0.8848 0.1784 -0.4306
vn 0.9047 0.1321 -0.4050
vn 0.0644 0.9979 -0.0007
vn 0.0172 0.9986 -0.0498
vn 0.5083 0.0901 -0.8565
vn 0.5018 0.0977 -0.8594
vn 0.5099 0.0882 -0.8557
vn 0.5162 0.0807 -0.8527
vn 0.8475 0.2508 -0.4678
vn 0.0037 0.9999 0.0142
vn 0.0091 0.9999 0.0143
vn 0.0194 0.9997 -0.0151
vn -0.0036 0.9999 -0.0099
vn -0.2200 0.0934 0.9710
vn -0.2227 0.0890 0.9708
vn -0.2169 0.0970 0.9714
vn -0.8353 0.0960 0.5414
vn -0.8376 0.1040 0.5363
vn -0.8318 0.0845 0.5486
vn -0.0052 1.0000 -0.0006
vn -0.0101 0.9999 0.0126
vn -0.2144 0.1018 0.9714
vn -0.0025 1.0000 -0.0033
vn -0.9951 0.0932 -0.0341
vn -0.9942 0.1026 -0.0313
vn -0.9949 0.0954 -0.0335
vn -0.9940 0.1046 -0.0307
vn 0.0127 0.9999 -0.0018
vn -0.0147 0.9995 0.0296
vn -0.0040 0.9999 -0.0145
vn -0.0031 0.9993 0.0378
vn 0.0364 0.9993 0.0099
vn -0.0252 0.9991 0.0331
vn 0.9879 0.1269 0.0889
vn 0.9802 0.0774 0.1823
vn 0.7595 0.5507 0.3463
vn 0.5363 0.7834 0.3142
vn 0.6307 0.3886 0.6717
vn 0.0557 0.9983 -0.0193
vn 0.0147 0.9987 0.0482
vn 0.4758 0.8794 -0.0149
vn 0.9777 0.0444 -0.2055
vn 0.9834 0.0530 -0.1734
vn 0.5014 0.8610 -0.0855
vn 0.4387 0.8982 -0.0292
vn 0.4151 0.9034 -0.1077
vn 0.5210 0.8481 -0.0963
vn 0.4005 0.9127 -0.0815
vn 0.8586 0.3959 0.3256
vn 0.3382 0.9411 0.0052
vn 0.3453 0.9385 -0.0031
vn 0.6826 0.4734 0.5567
vn 0.4697 0.8826 -0.0221
vn 0.2669 0.4342 0.8604
vn 0.1012 0.4307 0.8968
vn 0.2590 0.5950 0.7609
vn -0.0376 0.5776 0.8155
vn 0.0381 0.5486 0.8352
vn 0.1540 0.9340 0.3223
vn 0.0291 0.9575 0.2868
vn 0.6365 0.7673 -0.0784
vn 0.3017 0.3932 0.8686
vn 0.7761 0.6226 -0.0995
vn 0.3292 0.3768 0.8658
vn 0.7367 0.5210 0.4312
vn 0.7056 0.6377 0.3090
vn 0.8965 0.4430 -0.0070
vn 0.9233 0.3710 -0.0990
vn 0.9583 0.2855 -0.0088
vn 0.8706 0.2848 0.4012
vn 0.4896 0.2561 0.8335
vn 0.6832 -0.0318 0.7295
vn 0.4207 0.0306 0.9067
vn 0.6614 -0.1006 0.7432
vn 0.8008 0.0215 0.5986
vn 0.3512 0.0320 0.9357
vn 0.9627 0.2538 -0.0939
vn 0.9793 0.1315 -0.1541
vn 0.0611 0.9978 -0.0251
vn 0.9999 0.0132 0.0076
vn 0.9993 -0.0337 0.0164
vn 0.9988 -0.0073 0.0487
vn 0.9998 0.0196 -0.0045
vn 0.9738 0.0046 -0.2274
vn 0.9716 -0.0130 -0.2364
vn 0.9996 0.0180 -0.0208
vn 0.9995 -0.0259 -0.0200
vn 0.9782 -0.1342 -0.1585
vn 0.1111 -0.9935 -0.0230
vn 0.9775 -0.2103 -0.0182
vn 0.9329 -0.3598 -0.0189
vn 0.9035 -0.4205 -0.0828
vn 0.9349 -0.3401 -0.1016
vn 0.9988 -0.0434 -0.0242
vn 0.9736 -0.2096 -0.0901
vn 0.9461 -0.3233 -0.0208
vn 0.8880 -0.4568 -0.0522
vn 0.8182 -0.5634 -0.1142
vn 0.4004 -0.1378 0.9059
vn 0.1731 -0.0938 0.9804
vn 0.4802 -0.4388 0.7595
vn 0.4559 -0.3640 0.8122
vn -0.3714 0.3484 0.8606
vn -0.4484 0.0789 0.8903
vn -0.6189 0.3575 0.6994
vn -0.4991 0.4909 0.7141
vn 0.2368 -0.5368 0.8098
vn 0.0975 -0.1497 0.9839
vn 0.0717 -0.1003 0.9924
vn 0.5932 -0.6663 0.4519
vn -0.1402 0.4091 0.9017
vn -0.2866 0.5628 0.7753
vn -0.8206 0.3116 0.4790
vn -0.8140 0.5033 0.2900
vn -0.6462 0.6910 0.3239
vn -0.4831 0.7484 0.4544
vn -0.8814 0.4483 0.1488
vn -0.7180 0.6933 0.0624
vn -0.9449 0.2234 0.2394
vn -0.9607 0.2715 0.0583
vn -0.9703 0.2395 -0.0334
vn -0.9094 0.3950 -0.1302
vn -0.8148 0.5793 -0.0225
vn -0.8229 0.5360 -0.1886
vn -0.7091 0.7034 -0.0495
vn -0.7623 0.6199 -0.1861
vn 0.0424 0.9461 0.3212
vn 0.6858 0.6060 0.4031
vn 0.6340 0.5237 0.5690
vn 0.7355 0.6419 0.2167
vn 0.7284 0.6823 -0.0616
vn 0.6740 0.6058 -0.4226
vn -0.7715 0.5595 -0.3029
vn 0.5880 0.5279 -0.6128
vn 0.5868 0.5257 -0.6159
vn -0.6321 0.5370 -0.5587
vn -0.6453 0.3974 -0.6524
vn -0.5947 0.5050 -0.6255
vn -0.8254 0.3542 -0.4395
vn 0.6481 0.5968 -0.4730
vn 0.5360 -0.7048 -0.4647
vn 0.8279 -0.3865 -0.4065
vn 0.6642 -0.6229 -0.4134
vn 0.4630 -0.8137 -0.3515
vn -0.5144 -0.5922 -0.6203
vn -0.5597 -0.6157 -0.5546
vn -0.4582 -0.5232 -0.7186
vn 0.8221 -0.4723 -0.3179
vn 0.6320 -0.4992 -0.5927
vn 0.8520 -0.1697 -0.4953
vn 0.9486 -0.2819 -0.1440
vn 0.8898 -0.4407 -0.1183
vn 0.9806 0.0197 -0.1950
vn 0.8701 0.1833 -0.4575
vn 0.7365 -0.0991 -0.6691
vn 0.5978 0.3373 -0.7272
vn 0.6004 -0.1970 -0.7750
vn 0.7456 0.3021 -0.5941
vn 0.4747 -0.4796 -0.7380
vn 0.2785 -0.7376 -0.6151
vn 0.0103 -0.4631 -0.8863
vn 0.1918 -0.8756 -0.4432
vn -0.1086 -0.7551 -0.6465
vn -0.4497 -0.6475 -0.6152
vn -0.5108 -0.3897 -0.7663
vn -0.3448 -0.8534 -0.3909
vn -0.1021 -0.8974 -0.4293
vn -0.2657 -0.9559 -0.1248
vn -0.4385 -0.8883 -0.1365
vn -0.4797 -0.8170 -0.3200
vn -0.5109 -0.7183 -0.4723
vn -0.6604 -0.6287 -0.4105
vn 0.5957 -0.6527 -0.4680
vn 0.5830 -0.6419 -0.4981
vn 0.5289 -0.5865 -0.6134
vn 0.6766 -0.7321 -0.0790
vn 0.6747 -0.7353 -0.0642
vn 0.6366 0.7576 -0.1442
vn 0.5270 0.8421 -0.1149
vn 0.6121 0.7285 -0.3075
vn 0.4709 0.7671 -0.4357
vn 0.5386 0.6489 -0.5374
vn 0.6084 -0.6920 0.3886
vn 0.6158 -0.6996 0.3624
vn -0.4071 -0.9083 0.0960
vn -0.6673 -0.7188 0.1947
vn -0.5255 -0.8495 0.0456
vn 0.5167 -0.6153 0.5954
vn -0.8754 -0.4730 0.0998
vn 0.5037 -0.6099 0.6118
vn -0.6752 0.5912 0.4411
vn -0.6253 0.5160 0.5854
vn -0.5870 0.4880 0.6460
vn -0.8520 -0.5230 0.0233
vn 0.0623 0.0238 0.9978
vn 0.1056 -0.0057 0.9944
vn 0.0708 0.0512 0.9962
vn 0.0406 0.0537 0.9977
vn 0.0208 0.0423 0.9989
vn 0.0371 0.0691 0.9969
vn -0.9566 -0.2665 -0.1180
vn -0.9979 0.0221 0.0612
vn 0.0635 -0.0003 0.9980
vn -0.9818 0.1223 -0.1455
vn 0.0659 -0.0365 0.9972
vn -0.9078 0.4156 0.0559
vn -0.9157 0.3755 -0.1430
vn -0.8496 0.5242 0.0581
vn -0.7687 0.6281 0.1206
vn -0.6683 0.7335 0.1241
vn 0.0426 -0.0203 0.9989
vn 0.0666 -0.0601 0.9960
vn 0.0388 -0.0456 0.9982
vn -0.1236 -0.0354 0.9917
vn 0.0368 -0.0825 0.9959
vn 0.0125 -0.0865 0.9962
vn -0.0249 -0.0692 0.9973
vn -0.0151 -0.0975 0.9951
vn 0.0038 0.9918 -0.1281
vn -0.3362 0.9400 0.0578
vn 0.1394 0.9880 0.0661
vn -0.0487 -0.0684 0.9965
vn 0.5663 0.8175 0.1045
vn 0.3280 0.9349 -0.1355
vn 0.1579 0.9115 -0.3798
vn -0.1631 0.8831 -0.4400
vn -0.3059 0.9353 -0.1779
vn -0.4453 0.8214 -0.3565
vn -0.4397 0.8935 -0.0911
vn -0.4812 0.8748 0.0571
vn -0.5179 0.7088 -0.4790
vn -0.6506 0.6315 -0.4219
vn 0.6794 0.7319 -0.0519
vn 0.6774 0.7344 -0.0418
vn 0.5900 0.6476 -0.4822
vn 0.5779 0.6389 -0.5078
vn 0.5063 0.5689 -0.6481
vn 0.4985 0.5645 -0.6580
vn -0.5871 -0.5263 -0.6151
vn -0.6479 -0.5933 -0.4778
vn -0.5923 -0.5356 -0.6019
vn -0.8317 0.3566 -0.4257
vn -0.8240 0.4513 -0.3425
vn -0.6478 -0.5924 -0.4790
vn 0.6193 -0.5624 -0.5478
vn 0.5712 -0.4805 -0.6655
vn 0.5362 -0.6181 -0.5748
vn -0.7312 -0.6789 -0.0668
vn -0.7322 -0.6766 -0.0781
vn 0.7297 -0.6162 -0.2963
vn 0.7497 -0.4513 -0.4841
vn 0.5426 -0.1406 -0.8282
vn -0.2348 0.1958 -0.9521
vn -0.6382 0.2249 -0.7363
vn -0.2563 0.1783 -0.9500
vn -0.1445 0.1449 -0.9788
vn -0.1715 0.1661 -0.9711
vn 0.4141 -0.5504 -0.7250
vn 0.1119 -0.2435 -0.9634
vn 0.2521 -0.8650 -0.4339
vn 0.2561 -0.8408 -0.4769
vn 0.0767 -0.2261 -0.9711
vn 0.6156 -0.6457 -0.4519
vn 0.4138 -0.8756 -0.2493
vn 0.6179 -0.7185 -0.3192
vn 0.0225 -0.9003 -0.4347
vn -0.2017 -0.9234 -0.3267
vn 0.0733 -0.7897 -0.6091
vn -0.1592 -0.7288 -0.6660
vn -0.3111 -0.8179 -0.4840
vn -0.3688 -0.9020 -0.2244
vn -0.5254 -0.8261 -0.2037
vn -0.5960 -0.8021 -0.0365
vn -0.2497 -0.9664 0.0611
vn -0.4510 -0.8798 0.1501
vn -0.6021 -0.7957 0.0657
vn -0.6459 -0.7546 -0.1162
vn -0.7144 -0.6981 -0.0489
vn -0.7755 -0.6259 0.0829
vn -0.5945 -0.7332 -0.3302
vn -0.6365 0.7099 0.3016
vn -0.5874 0.6987 0.4084
vn -0.6723 0.7397 -0.0293
vn -0.9443 -0.1377 0.2989
vn -0.5620 0.6513 0.5098
vn -0.4490 0.5949 0.6666
vn -0.8050 -0.5757 0.1434
vn 0.7396 0.6605 0.1298
vn 0.4823 0.8748 0.0454
vn 0.4456 0.8847 -0.1370
vn -0.6789 0.7288 -0.0895
vn -0.5857 0.6436 -0.4927
vn -0.5695 0.6309 -0.5268
vn 0.4579 0.8199 -0.3436
vn 0.3923 0.7971 -0.4591
vn 0.6485 0.6427 -0.4079
vn -0.4764 0.5476 -0.6879
vn 0.0295 0.8074 -0.5892
vn 0.4749 0.6278 -0.6167
vn 0.7018 0.5380 -0.4671
vn 0.1684 0.6770 -0.7165
vn 0.2390 0.5952 -0.7672
vn 0.0854 0.6261 -0.7750
vn -0.0833 0.6922 -0.7169
vn -0.4452 0.6339 -0.6324
vn -0.6013 0.3514 -0.7176
vn -0.7358 0.2053 -0.6453
vn -0.5835 -0.0212 -0.8118
vn -0.7420 0.3896 -0.5456
vn -0.7166 -0.1195 -0.6872
vn -0.8299 -0.1778 -0.5288
vn -0.9103 -0.0069 -0.4138
vn -0.8558 -0.3661 -0.3653
vn -0.8923 -0.4391 -0.1050
vn -0.8130 -0.4744 -0.3375
vn -0.7001 -0.4729 -0.5349
vn -0.6607 0.6006 -0.4504
vn -0.7347 0.6778 -0.0277
vn -0.6461 0.5958 -0.4770
vn -0.5986 0.5410 -0.5907
vn -0.5643 0.5173 -0.6434
vn -0.3341 0.1136 -0.9357
vn -0.2542 0.1366 -0.9574
vn 0.1042 0.2209 -0.9697
vn 0.6714 0.5529 -0.4934
vn 0.6404 0.5155 -0.5693
vn 0.7222 0.5048 -0.4728
vn 0.5160 -0.5789 -0.6314
vn 0.5193 0.6196 -0.5886
vn 0.3948 0.6999 -0.5952
vn 0.1118 0.1873 -0.9759
vn -0.2853 -0.2208 -0.9326
vn -0.3645 -0.3020 -0.8809
vn -0.2072 -0.1417 -0.9680
vn -0.2015 -0.1359 -0.9700
vn -0.5512 -0.6424 -0.5324
vn -0.5223 -0.6378 -0.5660
vn -0.3603 -0.5827 -0.7284
vn -0.3200 -0.6678 -0.6720
vn 0.3029 0.1960 -0.9326
vn 0.3284 0.2210 -0.9183
vn 0.1484 0.0481 -0.9878
vn 0.7133 0.3511 -0.6065
vn 0.6760 0.4351 -0.5947
vn 0.0516 0.1119 -0.9924
vn -0.3633 -0.6656 -0.6519
vn -0.2430 -0.9696 -0.0296
vn -0.3271 -0.9411 -0.0861
vn -0.4006 -0.9159 -0.0245
vn -0.5455 -0.8349 -0.0737
vn -0.6003 -0.7995 -0.0224
vn -0.2743 -0.6760 -0.6839
vn -0.1065 -0.9821 -0.1555
vn -0.0017 -0.1067 -0.9943
vn 0.0181 -0.2629 -0.9647
vn -0.0578 -0.6387 -0.7673
vn -0.0822 -0.9964 -0.0208
vn 0.0376 -0.2316 -0.9721
vn -0.0053 -0.0562 -0.9984
vn 0.0707 -0.2370 -0.9689
vn 0.1266 -0.4478 -0.8851
vn 0.2749 -0.9614 -0.0096
vn 0.2944 -0.9519 -0.0849
vn 0.0868 -0.9961 -0.0149
vn 0.1102 -0.9811 -0.1588
vn 0.2075 -0.9741 -0.0896
vn 0.3314 -0.9380 -0.1018
vn 0.5439 -0.8352 -0.0811
vn 0.5400 -0.8351 -0.1047
vn 0.6866 -0.7159 -0.1270
vn 0.7560 -0.6505 -0.0735
vn 0.6117 -0.6691 -0.4221
vn 0.4704 -0.8816 -0.0388
vn 0.7862 -0.5150 -0.3416
vn 0.6499 -0.5207 -0.5536
vn 0.6774 -0.2718 -0.6836
vn 0.3417 -0.1758 -0.9232
vn 0.5135 -0.7011 -0.4947
vn -0.1040 0.1166 -0.9877
vn -0.1783 0.0890 -0.9799
vn -0.0716 0.0624 -0.9955
vn -0.0675 0.0934 -0.9933
vn 0.3331 -0.0532 -0.9414
vn 0.3105 -0.0176 -0.9504
vn 0.2556 0.0413 -0.9659
vn 0.2769 0.0392 -0.9601
vn -0.7481 0.0981 -0.6563
vn -0.8282 0.1371 -0.5435
vn -0.7763 -0.1166 -0.6195
vn 0.2030 0.0772 -0.9761
vn -0.8946 -0.1042 -0.4346
vn -0.7091 -0.3446 -0.6151
vn -0.3220 -0.1238 0.9386
vn 0.1999 0.0768 -0.9768
vn 0.6066 0.3727 -0.7023
vn 0.6335 0.5267 -0.5668
vn 0.6133 0.4015 -0.6802
vn 0.8058 0.5919 -0.0192
vn 0.8140 0.5748 -0.0839
vn 0.9223 0.3858 -0.0202
vn 0.9195 0.3837 -0.0850
vn 0.9842 0.1753 -0.0239
vn 0.6357 0.5561 -0.5354
vn 0.6867 0.7266 -0.0226
vn 0.6635 0.7436 -0.0826
vn 0.5595 0.8285 -0.0231
vn 0.1736 0.2283 -0.9580
vn 0.2074 0.3307 -0.9207
vn 0.1847 0.2512 -0.9501
vn 0.1141 0.2339 -0.9655
vn 0.3175 0.5011 -0.8051
vn 0.3909 0.9180 -0.0669
vn 0.2050 0.9441 -0.2582
vn 0.1697 0.9553 -0.2420
vn 0.3397 0.9379 -0.0709
vn 0.0080 -0.0051 -1.0000
vn 0.6979 -0.0140 -0.7161
vn 0.6424 0.0257 -0.7660
vn 0.8302 0.1054 -0.5475
vn 0.5635 0.1189 -0.8175
vn 0.8949 0.0597 -0.4422
vn 0.0076 0.9998 -0.0178
vn 0.0150 0.9998 -0.0163
vn -0.0121 0.9995 -0.0288
vn 0.0197 0.9997 -0.0126
vn 0.3048 0.3009 -0.9036
vn 0.2810 0.3532 -0.8923
vn -0.0307 0.9990 -0.0333
vn -0.0296 0.9991 -0.0315
vn -0.5087 0.1192 -0.8526
vn -0.5897 0.0070 -0.8076
vn -0.7054 -0.0230 -0.7084
vn -0.0002 0.9998 -0.0218
vn -0.7330 0.0808 0.6754
vn -0.7352 0.0862 0.6723
vn -0.7295 0.0723 0.6802
vn -0.7392 0.0961 0.6666
vn -0.9139 -0.1087 0.3910
vn -0.2704 0.1270 0.9543
vn 0.3301 -0.1098 0.9375
vn 0.0009 1.0000 -0.0004
vn 0.0006 1.0000 -0.0002
vn 0.0013 1.0000 -0.0005
vn 0.9154 0.1218 0.3837
vn 0.5005 0.0899 -0.8610
vn 0.8478 -0.1313 -0.5138
vn -0.5583 -0.0664 -0.8270
vn -0.8763 0.1411 -0.4607
vn 0.0128 0.9999 -0.0017
vn 0.0082 1.0000 0.0031
vn 0.0050 1.0000 0.0027
vn 0.0123 0.9999 -0.0084
vn -0.7956 0.0087 -0.6058
vn -0.0413 0.1602 -0.9862
vn -0.0044 0.1245 -0.9922
vn 0.0196 0.1693 -0.9854
vn -0.8576 0.1459 -0.4931
vn -0.0002 1.0000 0.0019
vn 0.0071 1.0000 -0.0059
vn 0.9899 0.1319 -0.0517
vn 0.9918 0.1209 -0.0404
vn 0.9919 0.1206 -0.0400
vn 0.0289 0.0949 -0.9951
vn -0.0274 0.9996 -0.0008
vn -0.0155 0.9997 0.0187
vn -0.0308 0.9992 -0.0252
vn 0.6290 0.7769 0.0262
vn 0.5142 0.8575 0.0155
vn 0.5114 0.8592 0.0152
vn -0.0128 0.9993 0.0347
vn -0.0096 0.9990 0.0436
vn -0.0271 0.9992 0.0298
vn 0.0310 0.1920 -0.9809
vn 0.0273 0.9995 -0.0157
vn -0.0338 0.9943 -0.1012
vn -0.0251 0.9993 0.0268
vn 0.9934 0.1105 -0.0294
vn 0.6092 0.7923 -0.0330
vn 0.0571 0.1153 0.9917
vn 0.0437 0.1016 0.9939
vn 0.0439 0.1018 0.9938
vn 0.0316 0.0894 0.9955
vn -0.0133 0.9984 0.0554
vn 0.9940 0.1026 0.0385
vn 0.9939 0.1032 0.0379
vn 0.9946 0.0902 0.0517
vn 0.7371 0.6748 0.0371
vn 0.9929 0.1166 0.0234
vn -0.0039 1.0000 0.0007
vn -0.8408 0.1155 0.5289
vn 0.0237 0.9993 0.0295
vn 0.0198 0.9991 0.0384
vn 0.0230 0.9993 0.0311
vn 0.0272 0.9994 0.0226
vn -0.7757 -0.0570 -0.6285
vn 0.1155 0.0297 -0.9929
vn 0.4199 -0.0755 -0.9044
vn 0.3119 -0.0372 -0.9494
vn -0.0310 0.9994 0.0155
vn -0.0270 0.9993 0.0268
vn -0.0543 0.9984 0.0129
vn -0.0173 0.0733 -0.9972
vn 0.0009 1.0000 -0.0006
vn 0.0007 1.0000 -0.0003
vn 0.0010 1.0000 -0.0007
vn -0.9878 0.1518 0.0358
vn -0.9636 0.0484 0.2629
vn -0.9852 0.1091 0.1324
vn 0.3294 0.0914 0.9397
vn 0.2332 0.0396 0.9716
vn 0.4107 0.1362 0.9015
vn -0.9212 -0.0139 0.3889
vn 0.1234 -0.0183 0.9922
vn 0.0128 0.9980 -0.0611
vn -0.0215 0.9991 -0.0362
vn 0.2890 0.9472 -0.1387
vn 0.9776 -0.0730 0.1973
vn -0.0244 0.9996 -0.0136
vn -0.0171 0.9998 -0.0058
vn -0.0133 0.9996 -0.0266
vn -0.0321 0.9995 0.0033
vn -0.4734 0.1817 -0.8619
vn -0.6510 0.1491 -0.7443
vn -0.8089 0.1565 -0.5667
vn -0.3673 0.0796 -0.9267
vn -0.1223 0.0220 -0.9923
vn -0.0552 0.9982 -0.0235
vn -0.8708 0.1070 -0.4800
vn -0.9732 0.1004 -0.2070
vn -0.2730 0.9538 -0.1258
vn -0.3650 0.9291 -0.0593
vn -0.2575 0.9589 -0.1188
vn -0.9832 0.0883 -0.1600
vn -0.4228 0.8426 -0.3335
vn -0.4389 0.8984 -0.0119
vn -0.1025 0.9476 -0.3024
vn 0.0156 0.9854 -0.1697
vn -0.2892 0.7011 -0.6518
vn -0.4249 0.7206 -0.5479
vn -0.0331 0.2549 -0.9664
vn -0.0437 0.2097 -0.9768
vn -0.0433 0.2146 -0.9757
vn -0.0187 0.2519 -0.9676
vn -0.4473 -0.0418 -0.8934
vn -0.0832 0.7952 -0.6005
vn 0.0703 0.0272 -0.9972
vn -0.6199 0.7837 -0.0398
vn -0.5698 0.8182 -0.0759
vn -0.4645 0.8819 -0.0799
vn -0.9802 0.1367 0.1433
vn -0.9051 0.4241 -0.0294
vn -0.4249 0.8992 -0.1039
vn -0.4470 0.8836 -0.1398
vn -0.5683 0.8141 -0.1191
vn -0.3409 0.7315 0.5905
vn -0.2901 0.4339 0.8530
vn -0.3389 0.7264 0.5979
vn -0.3026 0.9523 -0.0389
vn -0.2694 0.9627 0.0265
vn -0.7740 0.4209 0.4730
vn -0.9035 0.2581 0.3420
vn -0.7287 0.4497 0.5165
vn -0.5588 0.5184 0.6473
vn -0.1604 0.9161 0.3675
vn -0.5584 0.5134 0.6516
vn -0.1049 0.9930 0.0538
vn -0.0116 0.9998 -0.0181
vn -0.0383 0.9992 0.0071
vn -0.0348 0.9545 0.2961
vn -0.1376 0.8246 0.5487
vn -0.0044 1.0000 -0.0045
vn -0.0039 0.9995 -0.0317
vn -0.0156 0.9998 -0.0085
vn -0.9724 0.1336 0.1913
vn -0.0326 0.9994 0.0138
vn -0.0308 0.9995 0.0065
vn 0.9314 0.1696 -0.3221
vn 0.9930 0.1183 0.0004
vn 0.9782 0.1329 -0.1593
vn 0.9955 0.0948 0.0091
vn 0.8000 0.1614 -0.5778
vn -0.0071 1.0000 0.0035
vn -0.0002 1.0000 -0.0002
vn -0.0065 1.0000 0.0068
vn -0.0086 1.0000 0.0040
vn 0.7054 0.1165 -0.6992
vn -0.0072 0.9999 -0.0097
vn -0.0067 0.9999 -0.0151
vn 0.0120 0.9998 -0.0178
vn -0.9086 0.1944 0.3696
vn -0.9114 0.2257 0.3442
vn -0.8995 0.1345 0.4158
vn -0.4868 0.0650 0.8711
vn -0.4953 0.0554 0.8669
vn -0.4847 0.0673 0.8721
vn -0.4153 0.1181 -0.9020
vn -0.4230 0.1286 -0.8970
vn -0.6023 0.1394 -0.7860
vn -0.4763 0.0765 0.8760
vn -0.9127 0.2680 0.3085
vn -0.0475 0.9988 -0.0074
vn -0.0357 0.9990 0.0271
vn -0.0431 0.9989 -0.0162
vn -0.6076 0.2104 -0.7659
vn -0.6481 0.3042 -0.6982
vn -0.6774 0.3884 -0.6247
vn -0.9625 -0.0811 -0.2587
vn -0.0504 0.9986 -0.0162
vn -0.9965 0.0819 0.0185
vn -0.9963 0.0838 0.0204
vn -0.9988 0.0449 -0.0192
vn -0.5336 0.0708 -0.8428
vn -0.9904 0.1241 0.0617
vn 0.0052 1.0000 -0.0016
vn 0.0050 1.0000 0.0030
vn -0.0001 1.0000 -0.0023
vn 0.0033 1.0000 -0.0059
vn 0.0061 0.9995 0.0306
vn 0.8307 0.0892 0.5495
vn 0.8276 0.0793 0.5556
vn 0.8330 0.0966 0.5448
vn -0.0154 0.1186 0.9928
vn -0.0345 0.1002 0.9944
vn 0.8358 0.1064 0.5386
vn 0.0315 0.9991 0.0279
vn 0.0267 0.9992 0.0297
vn 0.0417 0.9988 0.0260
vn -0.0007 0.9996 0.0274
vn 0.2043 0.1133 0.9723
vn 0.2002 0.1193 0.9725
vn 0.2098 0.1051 0.9721
vn 0.1951 0.1270 0.9725
vn -0.7303 0.0384 -0.6820
vn -0.5309 -0.0718 -0.8444
vn -0.6253 -0.0231 -0.7800
vn -0.1387 0.9897 0.0358
vn 0.6491 0.0803 -0.7564
vn 0.6862 0.0539 -0.7254
vn 0.6184 0.1016 -0.7793
vn 0.7223 0.0260 -0.6910
vn 0.7302 0.0731 0.6793
vn 0.8465 -0.0059 0.5323
vn 0.9188 -0.0739 0.3876
vn -0.0383 0.9980 -0.0497
vn 0.0241 0.9992 -0.0318
vn -0.1284 -0.0820 0.9883
vn 0.6310 0.1265 0.7654
vn -0.7992 0.0514 0.5989
vn -0.9117 -0.0133 0.4105
vn -0.7245 0.0839 0.6841
vn -0.0002 1.0000 -0.0000
vn -0.0002 1.0000 0.0010
vn -0.9555 -0.0510 0.2907
vn -0.8019 0.0873 -0.5911
vn -0.0002 1.0000 -0.0009
vn 0.0275 0.9990 -0.0344
vn 0.0131 0.9984 -0.0546
vn 0.8629 0.1026 -0.4949
vn 0.8637 0.1042 -0.4932
vn 0.7218 0.1069 -0.6838
vn -0.0504 0.1052 -0.9932
vn -0.0503 0.1051 -0.9932
vn -0.0472 0.1019 -0.9937
vn 0.0032 1.0000 0.0002
vn -0.0027 1.0000 0.0004
vn 0.0038 1.0000 -0.0073
vn 0.7201 0.1100 -0.6851
vn 0.0039 1.0000 -0.0064
vn -0.0541 0.1091 -0.9926
vn -0.9917 0.1275 -0.0174
vn -0.9916 0.1283 -0.0170
vn -0.9925 0.1196 -0.0265
vn -0.9905 0.1372 -0.0073
vn -0.4885 0.1063 0.8661
vn -0.5006 0.0919 0.8608
vn -0.6957 0.1056 0.7105
vn -0.6707 0.1105 0.7334
vn -0.0080 0.9999 0.0109
vn -0.8470 0.1003 0.5221
vn -0.0036 1.0000 -0.0046
vn -0.8499 0.1087 0.5156
vn 0.6765 0.0790 0.7322
vn 0.6743 0.0741 0.7347
vn 0.6710 0.0667 0.7385
vn 0.0047 1.0000 -0.0054
vn 0.6804 0.0877 0.7275
vn 0.5389 0.1010 -0.8363
vn 0.5415 0.0971 -0.8350
vn -0.0349 0.7431 0.6683
vn -0.0517 0.0837 0.9952
vn 0.5100 0.0052 0.8602
vn 0.4890 0.0201 0.8721
vn 0.4686 0.0343 0.8827
vn 0.9092 0.0254 -0.4156
vn 0.9555 -0.0430 -0.2920
vn 0.9366 -0.0114 -0.3502
vn 0.5298 -0.0091 0.8481
vn 0.8802 0.0576 -0.4710
vn -0.0003 1.0000 0.0009
vn -0.0001 1.0000 0.0002
vn 0.0001 1.0000 -0.0004
vn -0.8574 0.0614 0.5109
vn -0.3525 -0.0199 -0.9356
vn -0.7436 0.1555 -0.6503
vn -0.7408 0.1603 -0.6523
vn -0.5814 0.1300 -0.8031
vn 0.6610 0.0237 -0.7500
vn -0.0822 0.3418 0.9362
vn -0.0815 0.3304 0.9403
vn -0.3323 0.6873 0.6460
vn -0.2834 0.3469 0.8941
vn -0.4720 0.3941 0.7886
vn 0.1832 -0.4098 0.8936
vn 0.3282 -0.2909 0.8987
vn 0.4035 -0.5816 0.7064
vn 0.0046 -0.4607 0.8875
vn 0.1804 -0.6300 0.7554
vn 0.3587 -0.7901 0.4971
vn 0.0916 -0.5883 0.8034
vn 0.3361 -0.8911 0.3049
vn 0.5616 -0.7597 0.3278
vn 0.7246 -0.6850 0.0751
vn 0.5079 -0.8579 0.0781
vn 0.7286 -0.5645 0.3878
vn 0.8257 -0.5481 -0.1333
vn 0.6926 -0.7201 -0.0409
vn 0.8579 -0.4906 0.1526
vn 0.4885 -0.8712 -0.0496
vn 0.6540 -0.7305 -0.1963
vn 0.9078 0.1458 0.3933
vn 0.7569 -0.6316 -0.1676
vn -0.2291 -0.8544 0.4664
vn -0.7021 -0.6092 0.3686
vn -0.6371 -0.5416 0.5484
vn -0.6050 -0.4721 0.6412
vn -0.0697 0.0881 0.9937
vn 0.6086 0.6970 0.3791
vn 0.4774 0.6144 0.6282
vn 0.5518 0.6474 0.5258
vn -0.5889 0.8000 0.1148
vn 0.6221 0.7026 0.3455
vn -0.6972 -0.6198 0.3603
vn 0.9320 -0.3473 -0.1039
vn 0.9514 -0.2825 0.1226
vn 0.8074 -0.3754 0.4551
vn 0.9749 -0.1859 -0.1225
vn 0.9900 -0.1252 0.0654
vn 0.9917 -0.0099 -0.1286
vn 0.9270 -0.1959 0.3198
vn -0.0964 -0.9953 0.0122
vn -0.0989 -0.9950 0.0131
vn -0.0903 -0.9959 0.0100
vn -0.0017 0.0026 1.0000
vn 0.0023 -0.0000 1.0000
vn -0.0045 0.0045 1.0000
vn -0.0089 0.0075 0.9999
vn 0.9890 0.1260 0.0774
vn 0.8950 -0.1463 0.4214
vn 0.8144 -0.2275 0.5339
vn 0.7800 -0.1583 0.6055
vn -0.0881 -0.9961 0.0092
vn 0.4092 -0.0301 0.9119
vn 0.3732 -0.0213 0.9275
vn 0.4784 -0.1455 0.8660
vn 0.9999 0.0085 -0.0063
vn 0.9999 -0.0128 -0.0096
vn 0.9995 -0.0297 -0.0103
vn 0.5713 0.0721 0.8176
vn 0.9990 -0.0432 0.0121
vn 0.9994 -0.0223 0.0247
vn -0.4314 0.1311 0.8926
vn -0.4200 0.1244 0.8990
vn -0.5857 0.2462 0.7722
vn 0.3999 -0.2014 0.8942
vn -0.8987 0.0324 0.4374
vn -0.8540 -0.0606 0.5168
vn -0.6592 -0.1167 0.7429
vn 0.4553 0.0936 0.8854
vn -0.9503 0.0659 0.3043
vn -0.8685 0.1172 0.4817
vn -0.9996 0.0048 0.0286
vn -0.9997 0.0173 -0.0173
vn -0.9738 0.0037 -0.2272
vn -0.1455 0.9889 -0.0287
vn -0.9035 0.4167 -0.1007
vn -0.9772 0.1483 -0.1518
vn -0.9593 0.2518 -0.1281
vn -0.9558 0.2777 -0.0962
vn -0.8549 0.5178 -0.0322
vn -0.7363 0.6702 -0.0933
vn -0.7464 0.6604 -0.0821
vn -0.8844 0.4586 -0.0866
vn -0.8350 0.5497 -0.0236
vn -0.7343 0.6787 -0.0155
vn -0.5210 0.4516 -0.7243
vn -0.6943 0.7177 -0.0531
vn -0.3936 0.2514 0.8843
vn -0.9228 0.3848 -0.0174
vn -0.6128 0.2716 -0.7421
vn -0.3599 0.0511 -0.9316
vn -0.9828 0.1830 -0.0240
vn -0.8350 -0.1285 -0.5351
vn -0.9342 -0.0353 -0.3549
vn -0.9821 -0.1097 -0.1528
vn -0.9581 -0.2744 -0.0819
vn -0.8790 -0.2945 -0.3751
vn -0.8643 -0.4965 -0.0803
vn -0.8305 -0.5564 -0.0272
vn -0.6684 -0.2581 -0.6976
vn -0.6645 -0.3142 -0.6781
vn -0.9369 -0.3355 -0.0986
vn -0.8379 -0.5352 -0.1078
vn -0.7221 -0.6881 -0.0715
vn -0.7068 -0.6954 -0.1299
vn -0.5750 -0.3307 0.7483
vn -0.2463 -0.2718 0.9303
vn -0.5287 -0.3366 0.7792
vn -0.7721 -0.6105 -0.1762
vn -0.3739 -0.1339 0.9177
vn -0.9409 -0.3378 -0.0254
vn -0.9714 -0.2196 -0.0906
vn -0.3067 -0.3158 0.8979
vn 0.3433 0.2239 0.9122
vn 0.2374 0.3665 0.8996
vn 0.3810 0.3888 0.8388
vn -0.3265 -0.5155 0.7922
vn 0.6039 0.1806 0.7763
vn 0.5203 0.2962 0.8009
vn 0.2821 0.5566 0.7814
vn 0.5484 0.5708 0.6111
vn 0.4860 0.7072 0.5135
vn 0.6365 0.6401 0.4303
vn 0.4367 0.8691 0.2322
vn 0.2660 0.8362 0.4795
vn 0.2637 0.9526 0.1519
vn 0.1523 0.8846 0.4408
vn 0.2094 0.7551 0.6212
vn 0.9977 -0.0680 0.0021
vn 0.9965 -0.0828 0.0074
vn 0.9961 -0.0881 0.0092
vn 0.9981 -0.0623 0.0001
vn 0.0899 0.5846 0.8063
vn 0.1270 0.9903 0.0559
vn -0.0047 0.0103 0.9999
vn -0.0029 0.0076 1.0000
vn -0.0018 0.0059 1.0000
vn -0.1056 0.9922 0.0656
vn -0.0236 0.9923 -0.1217
vn 0.3009 0.9463 -0.1180
vn 0.2001 0.8782 -0.4345
vn -0.0788 0.8933 -0.4424
vn -0.2631 0.8713 -0.4143
vn -0.3267 0.9361 -0.1305
vn -0.5696 0.8091 -0.1448
vn -0.4741 0.7740 -0.4198
vn -0.4756 0.8686 0.1389
vn -0.2567 0.9641 0.0683
vn -0.2607 0.9196 0.2938
vn -0.1682 0.9088 0.3818
vn -0.2530 0.8085 0.5313
vn -0.9920 -0.1233 0.0273
vn -0.9920 -0.1234 0.0273
vn -0.1393 0.6138 0.7770
vn 0.0233 0.9994 0.0249
vn 0.0012 0.9999 0.0170
vn -0.0002 0.9997 0.0237
vn -0.0157 0.9998 0.0123
vn -0.0002 0.0035 1.0000
vn -0.0040 1.0000 -0.0028
vn 0.0167 0.9998 -0.0085
vn -0.8662 0.0429 0.4979
vn -0.8711 0.0524 0.4882
vn -0.9113 0.1491 0.3838
vn -0.5595 -0.1251 -0.8193
vn -0.4789 -0.0544 -0.8762
vn -0.5038 -0.0756 -0.8605
vn -0.7956 -0.0681 0.6020
vn 0.0337 0.9994 -0.0103
vn 0.0467 0.9989 0.0110
vn 0.8146 -0.0391 -0.5788
vn 0.7354 0.0530 -0.6756
vn 0.7964 -0.0159 -0.6045
vn 0.8560 -0.0995 -0.5073
vn -0.4016 0.0090 -0.9158
vn 0.6226 0.0792 0.7785
vn 0.6523 0.1170 0.7488
vn 0.6261 0.0835 0.7752
vn 0.5892 0.0392 0.8070
vn -0.3100 -0.7113 -0.6308
vn 0.6237 -0.5358 -0.5691
vn 0.6944 -0.4495 -0.5619
vn 0.7292 -0.4004 -0.5549
vn -0.7755 -0.1805 -0.6050
vn 0.0346 -0.9994 0.0019
vn 0.0015 -0.9983 -0.0584
vn 0.0002 -0.9998 -0.0205
vn 0.0405 -0.9992 0.0003
vn -0.0347 -0.9994 0.0009
vn -0.0425 -0.9991 -0.0016
vn 0.7543 -0.3614 -0.5481
vn 0.0142 -0.9715 -0.2368
vn -0.0021 -0.9997 -0.0246
vn -0.5736 -0.8014 0.1696
vn -0.5195 -0.4052 0.7523
vn -0.0115 -0.9738 -0.2273
vn 0.4931 -0.6520 0.5760
vn 0.4952 -0.6674 0.5563
vn 0.4893 -0.6272 0.6059
vn -0.9969 -0.0719 -0.0333
vn 0.9914 -0.1262 -0.0357
vn 0.4985 -0.6983 0.5137
vn -0.3365 -0.9371 -0.0923
vn -0.2153 -0.9739 -0.0720
vn -0.3534 -0.9354 -0.0063
vn -0.0758 -0.5129 0.8551
vn 0.0069 -0.6826 0.7308
vn -0.0470 -0.1765 0.9832
vn -0.0037 -0.7474 0.6644
vn -0.5510 -0.8272 -0.1101
vn -0.3555 -0.4698 0.8081
vn -0.3114 -0.5655 0.7637
vn 0.0005 0.4647 0.8854
vn 0.0937 -0.5052 0.8579
vn -0.0446 -0.1557 0.9868
vn -0.5316 0.5788 -0.6183
vn -0.3133 0.7472 -0.5861
vn -0.5828 0.6312 -0.5118
vn -0.6489 0.7233 -0.2362
vn -0.6012 -0.6825 -0.4156
vn -0.6438 -0.7294 0.2314
vn -0.6817 -0.7291 -0.0608
vn 0.4593 -0.8834 0.0929
vn 0.4541 -0.8828 -0.1203
vn 0.5228 -0.8509 0.0519
vn 0.3181 -0.9311 -0.1783
vn -0.5878 -0.6828 0.4338
vn 0.6787 -0.7153 0.1664
vn -0.4932 -0.6189 0.6114
vn 0.8721 -0.4801 0.0949
vn 0.8640 -0.5032 0.0177
vn 0.6100 0.5086 0.6077
vn -0.6058 -0.5736 0.5513
vn 0.9987 0.0046 0.0506
vn -0.1051 0.0231 0.9942
vn -0.0815 0.0520 0.9953
vn -0.1036 0.0174 0.9945
vn -0.0756 0.0260 0.9968
vn -0.0488 0.0572 0.9972
vn -0.0440 0.0804 0.9958
vn -0.0150 0.0603 0.9981
vn 0.0091 0.0517 0.9986
vn -0.0008 0.0786 0.9969
vn 0.0670 -0.9964 0.0522
vn 0.0257 -0.9901 -0.1382
vn 0.9320 0.3244 -0.1617
vn -0.1233 -0.0859 0.9886
vn 0.9032 0.4214 0.0811
vn 0.8627 0.5031 0.0516
vn 0.8827 0.4595 -0.0986
vn 0.8256 0.4407 -0.3523
vn 0.7309 -0.6752 -0.0997
vn 0.7308 -0.6814 -0.0400
vn 0.6584 -0.6101 -0.4409
vn 0.6380 -0.5788 -0.5079
vn 0.5932 -0.5419 -0.5954
vn -0.6806 -0.5121 -0.5239
vn -0.6068 -0.6278 -0.4875
vn -0.6933 -0.6412 -0.3289
vn 0.5781 -0.5166 -0.6315
vn -0.7284 -0.5894 -0.3493
vn -0.3088 -0.1642 -0.9368
vn -0.2617 -0.1912 -0.9460
vn -0.2262 -0.2108 -0.9510
vn -0.1818 -0.2346 -0.9550
vn -0.8157 -0.3747 -0.4408
vn -0.3882 -0.5998 -0.6996
vn -0.8417 -0.5281 -0.1122
vn -0.9577 -0.2605 -0.1224
vn -0.9131 -0.4046 0.0506
vn -0.7603 -0.6185 -0.1987
vn 0.6943 -0.6155 0.3730
vn 0.6971 -0.6213 0.3579
vn 0.5735 -0.5653 0.5929
vn 0.5349 -0.6121 0.5824
vn 0.6305 -0.5322 0.5650
vn -0.9607 -0.2414 0.1372
vn -0.8511 -0.4323 0.2979
vn -0.8488 -0.2229 0.4794
vn -0.7282 -0.4071 0.5513
vn -0.6691 -0.6202 0.4094
vn -0.6222 -0.7535 0.2124
vn -0.6492 -0.4480 0.6146
vn -0.3672 -0.5089 0.7786
vn -0.4490 -0.7557 0.4768
vn -0.2060 -0.5894 0.7812
vn -0.2301 -0.8453 0.4822
vn -0.3010 -0.9258 0.2286
vn -0.1175 -0.6127 0.7815
vn -0.2733 -0.3162 0.9085
vn -0.1779 -0.3672 0.9130
vn -0.1544 -0.9022 0.4026
vn -0.9968 0.0791 0.0066
vn -0.9959 0.0903 0.0115
vn -0.9954 0.0953 0.0138
vn -0.9973 0.0732 0.0039
vn -0.2967 -0.2082 0.9320
vn -0.7225 -0.2658 0.6382
vn -0.2818 -0.2145 0.9352
vn -0.3233 -0.1244 0.9381
vn -0.7959 -0.1590 0.5842
vn -0.3428 -0.1223 0.9314
vn -0.5593 -0.0463 0.8277
vn -0.5659 0.0531 0.8228
vn -0.9999 -0.0135 -0.0035
vn -0.9998 -0.0174 0.0014
vn -0.9998 0.0160 -0.0073
vn 0.1057 -0.9943 0.0171
vn 0.0995 -0.9949 0.0143
vn 0.1014 -0.9947 0.0152
vn -0.9995 -0.0202 0.0262
vn -0.9057 -0.1494 0.3968
vn 0.1081 -0.9940 0.0182
vn -0.9928 -0.1107 0.0458
vn -0.0073 -0.0034 1.0000
vn -0.0053 -0.0020 1.0000
vn -0.0104 -0.0054 0.9999
vn -0.0025 -0.0002 1.0000
vn -0.9904 0.1233 0.0632
vn -0.9939 0.0031 -0.1100
vn 0.0761 0.9971 0.0060
vn 0.0767 0.9970 0.0062
vn 0.0747 0.9972 0.0055
vn -0.8786 0.1677 0.4471
vn -0.6138 0.1918 0.7658
vn 0.0742 0.9972 0.0053
vn -0.9541 0.1555 -0.2560
vn -0.9997 0.0242 0.0021
vn -0.9997 0.0040 0.0225
vn -0.9997 -0.0145 0.0171
vn 0.2314 -0.9262 0.2976
vn 0.0893 -0.9918 0.0910
vn 0.1272 -0.9811 0.1458
vn -0.1177 -0.4710 0.8743
vn 0.0025 0.8021 0.5972
vn 0.0140 0.7943 0.6073
vn 0.1635 0.6711 0.7231
vn 0.5653 -0.1598 0.8093
vn 0.6083 -0.2021 0.7676
vn 0.7179 -0.3229 0.6168
vn 0.4547 -0.0591 0.8887
vn 0.6442 0.7115 0.2806
vn 0.6849 0.6614 0.3058
vn 0.7529 0.5579 0.3490
vn -0.1600 0.8863 0.4346
vn 0.5747 0.7829 0.2385
vn 0.0744 0.1756 -0.9816
vn -0.0012 0.1093 -0.9940
vn 0.0836 0.1836 -0.9795
vn 0.1536 0.2438 -0.9576
vn 0.4631 0.5255 -0.7137
vn 0.7790 0.0066 -0.6270
vn 0.4743 -0.5155 -0.7136
vn 0.6163 -0.7805 0.1048
vn 0.6381 -0.7666 0.0719
vn 0.7281 -0.6800 -0.0860
vn -0.0563 -0.9914 -0.1180
vn 0.9977 -0.0675 -0.0114
vn 0.5204 -0.8223 0.2301
vn -0.5254 -0.5921 -0.6111
vn -0.5101 0.5668 -0.6470
vn -0.0522 -0.0585 0.9969
vn -0.6641 -0.5210 0.5362
vn -0.0637 0.0908 -0.9938
vn -0.0779 0.7859 -0.6135
vn -0.1270 0.4181 0.8995
vn 0.1983 0.7827 -0.5900
vn 0.4934 0.8677 0.0601
vn 0.6660 0.7419 0.0777
vn 0.7890 0.5950 0.1533
vn 0.8154 0.5755 0.0620
vn 0.8119 0.3495 0.4676
vn 0.7184 0.5046 0.4789
vn 0.8659 0.4785 0.1457
vn 0.7464 0.6553 -0.1162
vn 0.9143 0.3803 0.1392
vn 0.6129 0.7897 -0.0270
vn -0.7362 0.6762 -0.0283
vn -0.6965 0.6137 0.3719
vn 0.8360 0.5326 -0.1320
vn 0.7127 0.6280 -0.3124
vn 0.9210 0.3662 -0.1331
vn 0.9440 0.2908 0.1557
vn 0.9763 0.1768 -0.1251
vn 0.8516 0.3130 -0.4205
vn 0.8956 0.0662 -0.4400
vn 0.7918 0.0618 -0.6077
vn 0.9426 -0.1271 -0.3089
vn 0.8500 -0.1493 -0.5052
vn 0.1379 0.0061 -0.9904
vn 0.1387 0.0154 -0.9902
vn 0.5743 -0.1273 -0.8087
vn 0.8870 -0.3683 -0.2786
vn 0.9307 0.2404 0.2756
vn 0.7546 0.1336 0.6424
vn -0.0772 0.9969 0.0179
vn -0.0261 0.9996 0.0077
vn -0.0869 0.9960 0.0199
vn -0.0128 0.9999 0.0051
vn 0.8974 0.4014 0.1834
vn -0.7283 -0.6848 -0.0241
vn -0.0643 -0.9977 -0.0229
vn -0.9739 -0.0059 -0.2271
vn -0.9997 -0.0229 0.0081
vn -0.9996 -0.0233 -0.0183
vn -0.6773 0.2553 -0.6900
vn -0.6236 0.2243 -0.7488
vn -0.5845 0.2023 -0.7858
vn -0.5485 0.8168 0.1787
vn -0.6111 0.7593 0.2237
vn -0.4627 0.8784 0.1198
vn -0.5451 0.1805 -0.8187
vn 0.1535 0.3032 -0.9405
vn 0.0149 0.4597 -0.8879
vn 0.0188 0.4556 -0.8900
vn -0.1352 -0.8838 -0.4480
vn 0.0203 -0.9637 -0.2661
vn 0.0028 -0.9578 -0.2875
vn -0.4901 -0.8607 -0.1376
vn -0.5474 -0.8312 -0.0977
vn -0.6251 -0.7795 -0.0387
vn 0.1523 -0.9836 -0.0970
vn -0.4482 -0.8786 -0.1652
vn 0.0096 -0.2989 0.9542
vn -0.0340 -0.3736 0.9270
vn -0.0997 -0.4833 0.8698
vn -0.6074 -0.1340 0.7830
vn -0.5220 -0.0796 0.8492
vn -0.4776 -0.0527 0.8770
vn 0.0795 -0.1724 0.9818
vn -0.0929 0.7463 0.6591
vn 0.0218 0.8536 0.5205
vn -0.0096 0.8279 0.5608
vn -0.4318 -0.0257 0.9016
vn 0.1055 0.9086 0.4041
vn -0.7071 0.6414 0.2977
vn 0.9997 0.0207 0.0089
vn -0.1181 0.5892 -0.7993
vn 0.9997 0.0012 0.0229
vn 0.9998 0.0001 0.0179
vn 0.5166 -0.3130 0.7970
vn 0.4331 -0.4069 0.8043
vn -0.0999 -0.0319 -0.9945
vn 0.6371 0.7292 -0.2496
vn 0.9082 0.0892 -0.4089
vn 0.6411 0.7253 -0.2509
vn 0.0195 0.9997 -0.0124
vn 0.6830 0.1131 0.7217
vn 0.8371 0.1152 0.5348
vn 0.8397 0.1233 0.5288
vn 0.6879 0.1032 0.7184
vn 0.4858 0.1208 0.8657
vn 0.4941 0.1111 0.8623
vn -0.0521 0.9984 -0.0239
vn 0.2848 0.8612 -0.4209
vn -0.0611 -0.1227 -0.9906
vn 0.5905 -0.0211 -0.8068
vn 0.0677 -0.2253 -0.9719
vn 0.5947 -0.6850 0.4208
vn 0.5972 -0.6043 0.5275
vn 0.1689 -0.5377 0.8261
vn 0.2749 -0.4947 0.8244
vn 0.3514 -0.9358 -0.0296
vn 0.1190 -0.0735 -0.9902
vn -0.5718 -0.7487 -0.3354
vn -0.1086 0.2662 0.9578
vn 0.2085 -0.9370 -0.2803
vn 0.6133 0.2995 0.7308
vn 0.0072 0.9991 -0.0424
vn 0.7772 0.1124 -0.6191
vn 0.7744 0.1056 -0.6238
vn -0.7264 0.0705 -0.6837
vn -0.7356 0.1075 -0.6688
vn -0.7298 0.0837 -0.6785
vn 0.6259 0.0854 -0.7752
vn -0.7389 0.1218 -0.6627
vn 0.0078 0.9999 -0.0073
vn 0.0049 1.0000 -0.0028
vn 0.0158 0.9999 -0.0034
vn 0.0211 0.9998 -0.0022
vn 0.5964 -0.0400 0.8017
vn 0.8921 0.2680 0.3637
vn 0.9499 0.1577 0.2698
vn 0.9761 0.0804 0.2020
vn 0.9947 -0.0376 0.0959
vn -0.6809 0.3372 -0.6501
vn -0.5960 0.7617 0.2541
s 1
f 1//1 2//2 5//3
f 1//1 6//4 2//2
f 3//5 8//6 1//1
f 3//5 1//1 7//7
f 4//8 7//9 1//10
f 1//1 5//3 4//11
f 8//6 6//4 1//1
f 3//12 10//13 8//14
f 10//15 9//16 8//17
f 6//18 8//17 9//16
f 3//12 11//19 10//13
f 10//20 11//21 15//22
f 12//23 10//20 15//22
f 10//15 12//24 14//25
f 10//15 13//26 9//16
f 10//15 14//25 13//26
f 11//21 16//27 15//22
f 18//28 15//29 16//30
f 19//31 17//32 15//29
f 17//33 12//23 15//22
f 19//31 15//29 18//28
f 17//34 19//35 21//36
f 20//37 19//38 5//3
f 19//38 4//11 5//3
f 22//39 19//38 20//37
f 19//38 18//40 4//11
f 19//41 22//41 21//41
f 24//42 23//43 22//44
f 23//45 21//45 22//45
f 20//46 24//42 22//44
f 25//47 24//48 20//49
f 25//47 26//50 24//48
f 23//43 24//42 26//51
f 28//52 26//50 25//47
f 26//51 27//53 23//43
f 26//54 29//55 27//56
f 28//52 29//57 26//50
f 32//58 29//57 28//52
f 30//59 29//55 31//60
f 30//59 27//56 29//55
f 32//58 31//61 29//57
f 28//62 35//63 32//64
f 32//64 33//65 34//66
f 35//63 33//65 32//64
f 34//67 31//61 32//58
f 36//68 35//63 38//69
f 35//63 36//68 37//70
f 35//63 37//70 33//65
f 28//62 38//69 35//63
f 39//71 36//72 38//73
f 39//71 38//73 40//74
f 40//74 38//73 41//75
f 41//76 38//69 28//62
f 42//77 40//74 41//75
f 41//78 44//79 42//80
f 28//62 43//81 41//76
f 43//81 44//82 41//76
f 43//81 45//83 44//82
f 44//84 45//84 47//84
f 48//85 44//79 46//86
f 44//87 47//87 46//87
f 42//80 44//79 48//85
f 48//88 50//88 49//88
f 42//89 48//90 49//91
f 48//92 46//93 50//94
f 51//95 50//94 46//93
f 49//96 50//94 51//95
f 53//97 51//98 52//99
f 52//99 51//98 54//100
f 51//101 46//102 54//103
f 53//97 49//91 51//98
f 52//99 54//100 55//104
f 54//103 56//105 55//106
f 54//103 57//107 56//105
f 54//103 46//102 57//107
f 57//108 47//109 56//110
f 46//111 47//109 57//108
f 56//105 58//112 55//106
f 56//113 62//113 58//113
f 59//114 56//115 47//116
f 59//114 60//117 56//115
f 60//117 61//118 56//115
f 56//115 61//118 62//119
f 62//119 65//120 63//121
f 64//122 62//119 63//121
f 64//122 66//123 62//119
f 62//119 67//124 65//120
f 66//123 58//125 62//119
f 61//118 67//124 62//119
f 67//124 68//126 65//120
f 67//124 69//127 68//126
f 70//128 69//127 67//124
f 61//118 70//128 67//124
f 71//129 70//128 61//118
f 72//130 70//128 71//129
f 72//130 73//131 70//128
f 73//131 69//127 70//128
f 73//131 74//132 69//127
f 75//133 74//132 73//131
f 75//133 73//131 72//130
f 77//134 75//133 76//135
f 76//135 75//133 72//130
f 77//134 78//136 75//133
f 78//136 74//132 75//133
f 79//137 78//136 77//134
f 81//138 78//136 79//137
f 80//139 74//132 78//136
f 81//138 80//139 78//136
f 82//140 80//139 81//138
f 81//138 85//141 82//140
f 83//142 81//138 79//137
f 83//142 84//143 81//138
f 85//141 81//138 84//143
f 86//144 85//141 87//145
f 86//144 82//140 85//141
f 85//146 89//147 87//148
f 85//146 88//149 89//147
f 88//150 85//151 90//152
f 85//151 84//153 90//152
f 93//154 88//154 90//154
f 90//155 83//156 91//157
f 92//158 90//154 91//159
f 93//154 90//154 92//158
f 83//156 90//155 84//160
f 92//161 94//162 93//163
f 93//164 94//165 96//166
f 93//154 89//167 88//154
f 93//164 96//166 95//168
f 95//169 89//167 93//154
f 99//170 97//171 96//172
f 96//172 97//171 98//173
f 95//174 96//174 98//174
f 94//175 99//170 96//172
f 103//176 100//177 99//178
f 99//178 100//177 101//179
f 99//178 101//179 97//180
f 103//176 99//178 102//181
f 102//181 99//178 104//182
f 94//175 104//183 99//170
f 105//184 106//185 104//186
f 94//175 105//172 104//183
f 106//185 102//187 104//186
f 106//188 108//189 107//190
f 106//185 107//191 102//187
f 106//188 109//192 108//189
f 109//193 106//194 110//195
f 106//196 111//196 110//196
f 111//197 106//185 105//184
f 105//198 113//199 111//200
f 112//201 111//200 113//199
f 112//201 110//202 111//200
f 115//203 113//204 114//170
f 114//170 113//204 105//172
f 112//201 113//199 115//205
f 119//206 116//207 115//208
f 115//209 116//210 112//211
f 118//175 117//212 115//203
f 117//212 119//213 115//203
f 118//175 115//203 114//170
f 120//214 116//207 119//206
f 120//214 119//206 121//215
f 122//216 121//217 119//213
f 122//216 119//213 117//212
f 122//218 123//219 126//220
f 117//221 123//219 122//218
f 122//218 125//222 124//223
f 124//224 121//217 122//216
f 122//218 126//220 125//222
f 123//219 127//225 126//220
f 126//220 127//225 128//226
f 126//220 128//226 125//222
f 128//226 127//225 132//227
f 129//228 128//226 130//229
f 125//222 128//226 129//228
f 128//226 131//230 130//229
f 128//226 132//227 131//230
f 127//225 77//134 132//227
f 132//227 77//134 131//230
f 131//230 77//134 76//135
f 131//230 76//135 133//231
f 134//232 131//230 133//231
f 130//229 131//230 134//232
f 134//232 133//231 135//233
f 136//234 134//232 135//233
f 138//235 134//232 136//234
f 137//236 130//229 134//232
f 137//236 134//232 138//235
f 136//237 139//237 138//237
f 138//238 139//238 140//238
f 140//239 141//240 138//241
f 142//242 138//235 141//243
f 142//242 137//236 138//235
f 143//244 142//245 141//246
f 144//247 142//245 143//244
f 142//248 144//249 137//250
f 137//250 144//249 145//251
f 140//252 145//253 144//254
f 140//252 144//254 143//255
f 137//256 145//257 147//258
f 146//259 145//253 140//252
f 145//253 146//259 147//260
f 147//260 148//261 149//262
f 148//261 147//260 151//263
f 149//264 130//265 147//266
f 137//256 147//258 130//267
f 147//260 146//259 150//268
f 151//263 147//260 150//268
f 155//269 148//261 151//263
f 155//269 151//263 152//270
f 152//271 151//272 153//273
f 151//272 154//274 153//273
f 151//275 156//275 154//275
f 150//268 156//276 151//263
f 156//276 159//277 157//278
f 157//278 158//279 156//276
f 154//280 156//281 158//282
f 150//268 159//277 156//276
f 160//283 162//284 159//277
f 159//277 150//268 160//283
f 159//277 161//285 157//278
f 162//284 161//285 159//277
f 163//286 162//287 160//288
f 164//289 162//290 163//291
f 161//285 162//284 164//292
f 161//285 164//292 165//293
f 167//294 165//293 164//292
f 164//289 163//291 166//295
f 164//289 166//295 170//296
f 167//294 164//292 168//297
f 168//297 164//292 169//298
f 164//289 170//296 169//298
f 172//299 170//300 171//301
f 171//302 170//302 166//302
f 169//298 170//296 172//299
f 172//299 166//303 173//304
f 172//299 173//304 174//305
f 171//301 166//303 172//299
f 176//306 172//299 174//305
f 169//298 172//299 175//307
f 176//306 175//307 172//299
f 178//308 176//306 177//309
f 176//306 139//310 177//309
f 176//306 174//305 139//310
f 175//307 176//306 178//308
f 178//308 180//311 179//312
f 175//307 178//308 179//312
f 178//308 182//313 180//311
f 181//314 178//315 177//316
f 181//317 182//318 178//319
f 182//320 183//321 180//322
f 183//323 182//318 181//317
f 180//322 183//321 184//324
f 183//325 185//326 184//327
f 183//325 181//328 185//326
f 180//329 185//330 179//331
f 180//329 184//332 185//330
f 135//233 186//333 185//326
f 181//328 135//233 185//326
f 185//326 186//333 187//334
f 179//335 185//335 187//335
f 187//334 186//333 188//336
f 187//334 188//336 191//337
f 189//338 192//339 187//340
f 189//341 187//334 191//337
f 179//342 187//342 190//342
f 187//340 192//339 190//343
f 192//344 189//345 193//346
f 194//347 192//348 193//349
f 190//350 192//348 194//347
f 195//351 194//347 196//352
f 195//351 190//350 194//347
f 196//352 194//347 198//353
f 194//347 193//349 197//354
f 198//353 194//347 197//354
f 199//355 196//352 198//353
f 202//356 199//355 198//353
f 200//357 198//353 197//358
f 201//359 198//353 200//357
f 201//359 202//356 198//353
f 203//360 6//360 202//360
f 6//18 199//355 202//356
f 203//361 202//356 201//359
f 2//362 203//361 200//363
f 2//362 6//364 203//361
f 201//359 200//363 203//361
f 204//365 2//366 200//367
f 204//365 200//367 43//368
f 43//368 200//367 197//369
f 206//370 205//371 204//372
f 205//49 2//366 204//365
f 206//370 204//372 52//373
f 52//374 204//375 53//376
f 43//368 207//377 204//365
f 53//376 204//375 207//378
f 53//379 207//380 25//381
f 28//52 25//47 207//377
f 28//52 207//377 43//368
f 52//99 55//104 206//382
f 206//382 55//104 208//383
f 206//382 208//383 209//384
f 206//385 25//386 205//387
f 206//382 209//384 210//154
f 210//388 25//386 206//385
f 210//154 209//384 211//389
f 53//379 25//381 210//390
f 210//154 211//389 53//97
f 211//391 212//392 39//393
f 212//392 211//391 209//394
f 53//97 211//389 213//395
f 211//391 39//393 213//396
f 40//74 213//397 39//71
f 213//395 49//91 53//97
f 42//89 49//91 213//395
f 213//397 40//74 42//398
f 209//394 214//399 212//392
f 36//72 212//392 214//399
f 212//392 36//72 39//71
f 36//400 214//400 215//400
f 208//401 214//402 209//403
f 214//402 208//401 64//404
f 64//404 215//405 214//402
f 215//406 64//122 63//121
f 36//68 215//406 37//70
f 37//70 215//406 216//407
f 215//406 63//121 216//407
f 37//70 216//407 217//408
f 216//407 218//409 217//408
f 63//121 218//409 216//407
f 218//409 63//121 219//410
f 218//409 219//410 220//411
f 217//408 218//409 220//411
f 217//408 220//411 221//412
f 221//412 220//411 222//413
f 220//411 219//410 222//413
f 222//413 224//414 223//415
f 227//416 222//413 223//415
f 222//413 226//417 224//414
f 219//410 226//417 222//413
f 221//412 222//413 225//418
f 225//418 222//413 227//416
f 227//416 223//415 230//419
f 229//420 227//416 228//421
f 228//421 227//416 230//419
f 225//418 227//416 229//420
f 230//419 223//415 232//422
f 230//419 232//422 82//140
f 231//423 230//419 82//140
f 228//421 230//419 231//423
f 223//415 233//424 232//422
f 232//422 233//424 234//425
f 232//422 234//425 82//140
f 234//425 233//424 80//139
f 82//140 234//425 80//139
f 68//126 69//127 233//424
f 233//424 69//127 80//139
f 224//414 68//126 233//424
f 223//415 224//414 233//424
f 231//423 86//144 236//426
f 231//423 82//140 86//144
f 235//427 231//423 236//426
f 235//427 228//421 231//423
f 239//428 236//426 237//429
f 237//429 236//426 238//430
f 236//426 87//145 238//430
f 235//427 236//426 239//428
f 236//426 86//144 87//145
f 241//431 239//428 237//429
f 241//431 240//432 239//428
f 240//432 235//427 239//428
f 241//433 244//434 242//435
f 241//433 242//435 246//436
f 241//431 237//429 243//437
f 243//438 244//434 241//433
f 245//439 240//432 241//431
f 241//433 246//436 245//440
f 247//441 246//442 242//443
f 249//444 246//442 247//441
f 251//445 246//436 248//446
f 250//447 248//448 246//442
f 249//444 250//447 246//442
f 245//440 246//436 251//445
f 251//449 253//450 245//439
f 251//451 255//452 252//453
f 251//449 252//454 253//450
f 248//446 254//455 251//445
f 251//445 254//455 255//456
f 255//457 256//457 262//457
f 255//458 258//459 256//460
f 255//456 254//455 257//461
f 258//459 255//458 257//462
f 255//452 261//463 252//453
f 262//464 259//465 255//452
f 255//452 259//465 260//466
f 260//466 261//463 255//452
f 262//467 256//468 264//469
f 262//470 263//471 259//472
f 264//473 263//471 262//470
f 264//469 256//468 265//474
f 264//469 265//474 266//475
f 266//476 263//476 264//476
f 265//474 267//477 266//475
f 268//478 266//479 267//480
f 268//481 263//481 266//481
f 268//478 267//480 269//482
f 269//483 270//483 268//483
f 268//484 270//484 263//484
f 271//485 259//485 270//485
f 263//486 270//486 259//486
f 271//487 270//487 269//487
f 272//488 271//488 269//488
f 260//489 271//490 272//491
f 271//492 273//492 259//492
f 260//493 273//493 271//493
f 260//494 259//494 273//494
f 269//495 275//496 272//497
f 272//491 274//498 260//489
f 272//497 275//496 274//499
f 275//496 267//500 278//501
f 269//495 267//500 275//496
f 275//502 276//502 274//502
f 277//503 276//504 275//496
f 278//501 277//503 275//496
f 279//505 278//506 280//507
f 278//501 279//508 277//503
f 281//509 280//507 278//506
f 281//509 278//506 283//510
f 278//511 267//512 282//513
f 278//511 282//513 283//514
f 283//515 282//516 284//517
f 283//515 284//517 285//518
f 283//515 285//518 281//519
f 284//520 287//521 285//522
f 281//519 285//518 31//61
f 286//523 31//60 285//524
f 286//523 285//524 287//525
f 284//520 288//526 287//521
f 287//527 288//528 289//529
f 289//530 286//523 287//525
f 290//531 286//523 289//530
f 289//530 291//532 290//531
f 292//533 291//532 289//530
f 288//528 292//534 289//529
f 282//535 267//477 292//536
f 292//536 267//477 295//537
f 292//536 293//538 282//535
f 288//539 293//538 292//536
f 292//533 294//540 291//532
f 297//541 294//540 292//533
f 296//542 292//533 295//543
f 292//533 296//542 297//541
f 297//541 300//544 294//540
f 297//541 298//545 299//546
f 297//541 296//542 298//545
f 297//541 299//546 302//547
f 297//541 301//548 300//544
f 302//547 301//548 297//541
f 306//549 301//548 302//547
f 302//547 299//546 303//550
f 304//551 302//547 303//550
f 305//552 302//547 304//551
f 306//549 302//547 305//552
f 306//549 14//25 301//548
f 307//553 14//25 306//549
f 306//549 305//552 307//553
f 307//553 13//26 14//25
f 307//553 167//294 13//26
f 307//553 308//554 167//294
f 305//552 308//554 307//553
f 308//554 165//293 167//294
f 165//293 308//554 309//555
f 309//555 308//554 305//552
f 161//285 165//293 309//555
f 309//555 311//556 161//285
f 305//552 310//557 309//555
f 309//555 310//557 311//556
f 311//556 109//193 312//558
f 311//556 312//558 157//278
f 311//556 310//557 109//193
f 161//285 311//556 157//278
f 157//278 312//558 313//559
f 312//558 110//195 313//559
f 312//558 109//193 110//195
f 313//559 314//560 120//214
f 313//559 110//195 314//560
f 157//278 313//559 315//561
f 152//270 315//561 313//559
f 313//559 120//214 152//270
f 158//282 315//562 153//563
f 152//564 153//564 315//564
f 157//278 315//561 158//279
f 120//214 314//560 116//207
f 314//565 112//211 116//210
f 110//566 112//211 314//565
f 310//557 305//552 304//551
f 316//567 109//193 310//557
f 310//557 317//568 316//567
f 310//557 304//551 317//568
f 304//551 303//550 317//568
f 316//567 317//568 318//569
f 318//569 317//568 319//570
f 317//568 320//571 319//570
f 317//568 303//550 320//571
f 319//570 320//571 322//572
f 320//571 321//573 325//574
f 323//575 321//573 320//571
f 320//571 325//574 322//572
f 323//575 320//571 324//576
f 324//576 320//571 303//550
f 326//577 322//578 325//579
f 325//580 321//580 326//580
f 321//581 328//581 326//581
f 327//582 326//582 328//582
f 327//583 322//578 326//577
f 328//584 249//444 247//441
f 328//584 323//575 249//444
f 328//584 247//441 327//585
f 328//584 321//573 323//575
f 327//585 247//441 242//443
f 327//585 242//443 329//586
f 329//586 322//572 327//585
f 331//587 329//586 330//588
f 329//586 242//443 330//588
f 331//587 319//570 329//586
f 319//570 322//572 329//586
f 319//570 331//587 333//589
f 332//590 331//587 330//588
f 333//591 331//587 332//590
f 318//569 319//570 333//589
f 101//592 333//592 332//592
f 100//177 333//593 101//594
f 100//177 334//595 333//593
f 318//569 333//589 334//596
f 334//595 100//177 103//176
f 336//597 334//595 103//176
f 318//598 334//599 335//600
f 336//601 335//600 334//599
f 337//602 335//603 336//597
f 336//597 103//176 337//602
f 337//604 338//605 335//606
f 102//607 338//608 337//609
f 102//607 337//609 103//610
f 335//606 338//605 339//611
f 102//612 107//190 338//613
f 338//613 107//190 339//614
f 335//606 339//611 109//615
f 339//616 108//616 109//616
f 107//190 108//189 339//614
f 318//617 335//606 109//615
f 340//618 332//590 330//588
f 101//179 332//590 340//618
f 340//618 330//588 97//619
f 340//618 97//180 101//179
f 330//588 242//443 244//620
f 97//619 330//588 244//621
f 324//576 298//545 342//622
f 299//546 298//545 324//576
f 324//576 341//623 323//575
f 324//576 342//622 341//623
f 303//550 299//546 324//576
f 342//624 343//625 344//626
f 342//624 296//627 343//625
f 342//622 298//545 296//542
f 341//628 342//629 344//630
f 256//631 341//628 344//630
f 256//631 344//630 345//632
f 343//625 345//633 344//626
f 265//634 345//635 346//636
f 265//634 256//637 345//635
f 346//638 345//633 343//625
f 346//639 343//640 265//641
f 265//641 343//640 347//642
f 343//643 296//644 347//645
f 265//474 347//645 295//537
f 347//645 296//644 295//537
f 256//460 258//459 341//646
f 323//647 341//647 258//647
f 348//648 249//444 323//575
f 323//575 258//649 348//648
f 349//650 348//651 258//459
f 250//652 348//651 349//650
f 348//648 250//447 249//444
f 257//653 254//653 349//653
f 254//654 250//655 349//656
f 257//462 349//650 258//459
f 318//569 109//193 316//567
f 301//548 14//25 300//544
f 294//540 300//544 352//657
f 300//544 17//34 350//658
f 300//544 14//25 17//34
f 350//658 351//659 300//544
f 300//544 351//659 352//657
f 352//660 351//661 353//662
f 354//663 352//660 353//662
f 294//540 352//657 355//664
f 355//665 352//660 354//663
f 290//666 355//666 354//666
f 290//531 291//532 355//664
f 294//540 355//664 291//532
f 290//667 354//668 353//669
f 356//670 290//667 353//669
f 356//671 353//671 351//671
f 356//672 357//673 358//674
f 350//658 357//673 356//672
f 356//672 358//674 30//59
f 286//523 290//531 356//672
f 356//672 351//659 350//658
f 356//672 30//59 286//523
f 358//674 359//675 27//56
f 358//674 357//673 359//675
f 358//674 27//56 30//59
f 27//53 359//676 23//43
f 23//43 359//676 21//677
f 21//36 359//675 357//673
f 350//658 21//36 357//673
f 17//34 21//36 350//658
f 295//537 267//477 265//474
f 284//517 282//516 293//678
f 288//679 284//679 293//679
f 30//59 31//60 286//523
f 281//519 31//61 34//67
f 34//66 360//680 281//509
f 360//680 361//681 281//509
f 281//509 361//681 280//507
f 360//680 217//408 361//681
f 361//681 217//408 221//412
f 361//681 221//412 280//507
f 33//65 360//680 34//66
f 33//65 37//70 360//680
f 360//680 37//70 217//408
f 280//507 221//412 225//418
f 279//505 280//507 362//682
f 280//507 225//418 362//682
f 362//682 225//418 253//450
f 253//450 252//454 362//682
f 252//683 364//684 362//685
f 362//685 363//686 279//687
f 362//685 364//684 363//686
f 252//688 261//688 364//688
f 364//689 261//689 363//689
f 363//690 261//690 276//690
f 363//691 276//691 277//691
f 279//687 363//686 277//692
f 274//693 276//693 261//693
f 260//694 274//694 261//694
f 254//654 248//695 250//655
f 253//450 229//420 228//421
f 253//450 228//421 240//432
f 253//450 225//418 229//420
f 245//439 253//450 240//432
f 243//438 97//171 244//434
f 117//212 118//175 243//438
f 243//437 365//696 117//221
f 243//438 118//175 98//173
f 243//437 366//697 365//696
f 243//438 98//173 97//171
f 243//437 237//429 366//697
f 365//698 366//699 367//700
f 367//700 366//699 368//701
f 368//702 366//703 369//704
f 238//430 366//697 237//429
f 238//705 369//704 366//703
f 370//706 368//706 369//706
f 370//707 369//708 371//709
f 369//704 238//705 372//710
f 371//709 369//708 372//711
f 89//712 372//711 87//713
f 372//711 238//714 87//713
f 371//709 372//711 89//712
f 95//169 371//715 89//167
f 373//716 371//715 95//169
f 373//716 370//717 371//715
f 373//718 118//719 92//720
f 373//721 98//721 118//721
f 95//722 98//722 373//722
f 373//716 367//723 370//717
f 373//716 374//724 367//723
f 92//158 374//724 373//716
f 374//725 376//726 375//727
f 374//728 375//729 377//730
f 91//157 376//726 374//725
f 92//158 91//159 374//724
f 377//730 367//731 374//728
f 375//732 378//733 377//734
f 365//735 367//736 377//737
f 377//737 378//738 365//735
f 381//739 378//740 123//219
f 123//219 378//740 379//741
f 378//740 380//742 379//741
f 376//743 378//733 375//732
f 381//744 365//744 378//744
f 380//745 378//733 376//743
f 365//696 381//739 123//219
f 380//742 79//137 127//225
f 380//742 83//142 79//137
f 376//743 83//746 380//745
f 379//741 380//742 127//225
f 379//741 127//225 123//219
f 376//726 91//157 83//156
f 367//723 368//747 370//717
f 117//221 365//696 123//219
f 240//432 228//421 235//427
f 219//410 382//748 226//417
f 382//748 68//126 226//417
f 226//417 68//126 224//414
f 65//120 382//748 219//410
f 65//120 68//126 382//748
f 63//121 65//120 219//410
f 58//749 66//750 208//751
f 55//752 58//749 208//751
f 66//753 64//404 208//401
f 205//49 5//754 2//366
f 25//47 20//49 205//49
f 205//49 20//49 5//754
f 9//16 383//755 199//355
f 6//18 9//16 199//355
f 199//355 383//755 196//352
f 384//756 168//297 383//755
f 383//755 168//297 385//757
f 9//16 384//756 383//755
f 383//755 385//757 386//758
f 383//755 386//758 196//352
f 196//352 386//758 195//351
f 195//759 386//759 387//759
f 387//760 386//760 385//760
f 195//761 387//762 388//763
f 387//764 385//765 388//766
f 388//766 385//765 389//767
f 388//768 389//768 390//768
f 388//763 390//769 195//761
f 390//770 190//350 195//351
f 390//770 175//307 190//350
f 389//771 175//307 390//770
f 389//771 385//757 169//298
f 169//298 175//307 389//771
f 169//298 385//757 168//297
f 13//26 384//756 9//16
f 13//26 167//294 384//756
f 168//297 384//756 167//294
f 193//346 391//772 197//369
f 197//369 391//772 43//368
f 391//773 392//774 43//81
f 191//337 392//774 391//773
f 193//346 189//345 391//772
f 189//341 191//337 391//773
f 43//81 392//774 45//83
f 45//83 392//774 47//116
f 392//774 59//114 47//116
f 188//336 59//114 392//774
f 191//337 188//336 392//774
f 190//350 175//307 179//312
f 186//333 393//775 188//336
f 188//336 60//117 59//114
f 188//336 393//775 60//117
f 394//776 71//129 393//775
f 393//775 71//129 60//117
f 135//233 394//776 393//775
f 135//233 393//775 186//333
f 394//776 72//130 71//129
f 76//135 72//130 394//776
f 133//231 394//776 135//233
f 76//135 394//776 133//231
f 181//314 177//316 395//777
f 395//778 135//233 181//328
f 395//779 177//780 396//781
f 395//779 396//781 397//782
f 136//234 135//233 395//778
f 397//783 136//234 395//778
f 398//784 136//234 397//783
f 396//246 398//246 397//246
f 398//785 139//786 136//787
f 398//785 399//788 139//786
f 399//246 398//246 396//246
f 177//309 139//310 399//789
f 177//309 399//789 396//790
f 140//252 139//310 174//305
f 140//252 174//305 146//259
f 174//791 400//792 146//793
f 173//794 400//792 174//791
f 173//794 401//795 400//792
f 402//796 400//796 401//796
f 400//797 160//797 146//797
f 402//798 160//288 400//799
f 401//800 163//800 402//800
f 160//288 402//798 163//286
f 403//801 401//795 173//794
f 401//802 403//803 163//291
f 403//804 173//304 166//303
f 163//291 403//803 166//295
f 150//268 146//259 160//283
f 154//280 158//282 153//563
f 121//215 404//805 155//269
f 404//805 405//806 155//269
f 121//215 155//269 152//270
f 155//269 405//806 148//261
f 404//807 125//808 405//809
f 405//810 125//811 129//812
f 405//810 129//812 148//813
f 404//807 124//814 125//808
f 124//224 404//815 121//217
f 121//215 152//270 120//214
f 407//816 149//817 406//818
f 149//262 148//261 406//819
f 149//264 407//820 130//265
f 408//821 129//228 407//822
f 129//228 130//229 407//822
f 407//816 406//818 408//274
f 408//823 406//824 129//825
f 129//825 406//824 148//826
f 143//827 141//240 140//239
f 127//225 79//137 77//134
f 92//720 118//719 114//828
f 92//161 114//829 94//162
f 114//170 105//172 94//175
f 80//139 69//127 74//132
f 71//129 61//118 60//117
f 18//28 409//830 4//831
f 409//830 18//28 16//30
f 7//832 409//833 11//21
f 409//834 7//9 4//8
f 11//21 409//833 16//27
f 14//25 12//24 17//34
f 7//7 11//835 3//5
f 410//836 411//837 418//838
f 413//839 411//837 410//836
f 412//840 413//841 410//842
f 412//840 410//842 416//843
f 410//842 418//844 414//845
f 414//845 417//846 410//842
f 416//843 410//842 415//847
f 410//842 417//846 415//847
f 420//848 414//849 418//850
f 419//851 420//848 418//850
f 419//852 418//852 411//852
f 421//853 420//848 419//851
f 422//854 420//848 421//853
f 422//855 414//855 420//855
f 421//856 423//857 422//858
f 422//859 424//859 414//859
f 422//858 423//857 424//860
f 417//846 424//861 425//862
f 417//846 414//845 424//861
f 425//863 424//863 423//863
f 417//864 425//864 428//864
f 426//865 427//866 425//867
f 426//868 425//868 423//868
f 425//869 427//870 428//871
f 428//872 433//873 417//874
f 429//875 431//876 428//872
f 430//877 429//878 428//871
f 430//877 428//871 413//841
f 428//871 432//879 413//841
f 428//872 431//876 433//873
f 427//870 432//879 428//871
f 431//880 434//880 433//880
f 433//881 434//882 437//883
f 433//881 437//883 435//884
f 436//885 433//885 435//885
f 417//874 433//873 436//886
f 437//883 438//887 439//888
f 437//883 434//882 438//887
f 437//883 439//888 446//889
f 437//883 440//890 441//891
f 440//890 437//883 444//892
f 435//884 437//883 441//891
f 446//893 442//893 437//893
f 443//894 437//895 442//896
f 443//894 445//897 437//895
f 437//898 445//898 444//898
f 446//899 439//899 442//899
f 445//897 443//894 447//900
f 444//901 445//901 448//901
f 445//897 447//900 448//902
f 448//902 447//900 449//903
f 444//904 448//904 449//904
f 450//905 449//903 452//906
f 450//905 444//892 449//903
f 452//906 449//903 451//907
f 451//907 449//903 453//908
f 453//908 449//903 447//900
f 454//909 455//909 453//909
f 454//910 453//908 447//900
f 453//908 455//911 456//912
f 453//908 456//912 451//907
f 456//913 458//914 451//915
f 455//911 457//916 456//912
f 457//917 459//918 456//919
f 456//920 461//921 458//922
f 456//923 459//924 460//925
f 456//926 460//926 461//926
f 460//927 463//928 461//929
f 465//930 461//929 462//931
f 461//929 464//932 462//931
f 463//928 464//932 461//929
f 458//922 461//921 465//933
f 469//934 465//935 462//936
f 465//933 466//937 458//922
f 466//938 465//939 467//940
f 468//941 467//942 465//943
f 468//944 465//935 469//934
f 469//945 470//946 471//947
f 469//945 473//948 470//946
f 472//246 469//246 471//246
f 468//246 469//246 472//246
f 469//934 462//936 464//949
f 473//948 469//945 464//950
f 464//950 475//951 473//948
f 473//952 474//953 470//954
f 474//955 473//956 475//957
f 463//958 470//946 475//951
f 463//958 475//951 464//950
f 476//959 475//960 470//961
f 474//955 475//957 476//962
f 476//959 470//961 477//963
f 477//964 474//964 476//964
f 470//954 474//953 477//965
f 478//966 472//967 471//968
f 479//969 472//967 478//966
f 472//970 467//942 468//941
f 472//970 479//971 467//942
f 478//972 460//927 479//973
f 481//974 479//975 480//976
f 480//977 479//978 459//924
f 479//975 481//974 467//979
f 459//924 479//978 460//925
f 483//980 481//981 482//982
f 480//983 482//984 481//985
f 467//986 481//986 483//986
f 466//938 467//940 483//987
f 483//980 482//982 484//988
f 484//989 466//990 483//991
f 486//992 484//989 482//993
f 485//994 466//990 484//989
f 486//992 485//994 484//989
f 487//246 486//246 488//246
f 487//246 489//246 486//246
f 489//995 485//994 486//992
f 486//992 482//993 488//996
f 487//246 491//246 489//246
f 491//997 490//998 489//995
f 489//995 490//998 485//994
f 487//246 494//246 491//246
f 491//997 492//999 490//998
f 491//997 493//1000 492//999
f 494//1001 493//1000 491//997
f 487//246 496//246 494//246
f 496//1002 495//1003 494//1001
f 494//1001 495//1003 493//1000
f 487//1004 497//1005 496//1002
f 496//1002 497//1005 495//1003
f 487//1004 498//1006 497//1005
f 498//1006 500//1007 497//1005
f 497//1005 499//1008 495//1003
f 497//1005 500//1007 499//1008
f 501//1009 507//1010 500//1011
f 501//1009 500//1011 502//1012
f 500//1013 505//1014 502//1015
f 503//1016 500//1007 498//1006
f 503//1016 506//1017 500//1007
f 504//1018 499//1019 500//1011
f 507//1010 504//1018 500//1011
f 508//1020 505//1021 500//1022
f 500//1007 506//1017 508//1023
f 506//1024 510//1025 508//1026
f 509//1027 511//1028 508//1029
f 508//1026 510//1025 509//1030
f 508//1031 511//1032 512//1033
f 505//1021 508//1020 512//1034
f 513//1035 512//1033 511//1032
f 512//1036 513//1037 515//1038
f 512//1036 515//1038 514//1039
f 519//1040 512//1036 514//1039
f 512//1034 516//1041 505//1021
f 512//1034 518//1042 516//1041
f 517//1043 436//886 512//1034
f 519//1040 517//1044 512//1036
f 512//1034 436//886 518//1042
f 416//843 415//847 519//1040
f 416//843 519//1040 520//1045
f 520//1045 519//1040 514//1039
f 415//847 517//1044 519//1040
f 487//246 416//246 520//246
f 520//1045 498//1046 487//1047
f 520//1045 514//1039 498//1046
f 518//1048 435//884 521//1049
f 518//1050 521//1050 516//1050
f 436//1051 435//1051 518//1051
f 435//884 441//891 521//1049
f 516//1052 521//1049 441//891
f 417//874 436//886 517//1043
f 415//847 417//846 517//1044
f 524//1053 505//1053 516//1053
f 516//1052 441//891 523//1054
f 524//1055 516//1055 522//1055
f 522//1056 516//1056 501//1056
f 516//1052 523//1054 501//1009
f 525//1057 524//1058 522//1059
f 525//1057 502//1015 524//1058
f 502//1015 505//1014 524//1058
f 522//1060 501//1060 525//1060
f 525//1061 501//1061 502//1061
f 440//1062 523//1062 441//1062
f 440//1063 526//1063 523//1063
f 501//1009 523//1054 526//1064
f 501//1009 526//1064 507//1010
f 507//1065 526//1065 440//1065
f 498//1066 515//1067 529//1068
f 514//1069 515//1067 498//1066
f 528//1070 515//1070 527//1070
f 515//1071 513//1072 527//1073
f 515//1074 528//1074 529//1074
f 498//1006 529//1075 503//1016
f 530//1076 529//1077 528//1078
f 530//1076 503//1079 529//1077
f 532//1080 530//1081 528//1082
f 530//1083 506//1017 503//1016
f 530//1081 531//1084 506//1024
f 531//1084 530//1081 532//1080
f 532//1085 533//1086 534//1087
f 528//1088 533//1089 532//1090
f 535//1091 532//1085 534//1087
f 535//1091 531//1092 532//1085
f 538//1093 535//1094 536//1095
f 535//246 537//246 536//246
f 534//246 537//246 535//246
f 531//1096 535//1094 538//1093
f 538//1097 510//1098 531//1099
f 510//1098 538//1097 509//1100
f 538//1093 536//1095 539//1101
f 539//1102 509//1100 538//1097
f 509//1100 539//1102 542//1103
f 539//1104 540//1105 542//1106
f 539//1104 541//1107 540//1105
f 536//1108 541//1107 539//1104
f 542//1103 543//1109 509//1100
f 533//1110 543//1109 542//1103
f 540//1105 537//1111 542//1106
f 533//1112 542//1113 537//1114
f 543//1115 511//1028 509//1027
f 543//1115 533//1089 511//1028
f 544//1116 545//1116 541//1116
f 544//1117 541//1107 536//1108
f 546//1118 541//1118 545//1118
f 547//1119 541//1120 546//1121
f 547//1119 540//1122 541//1120
f 540//1123 547//1123 548//1123
f 548//1124 547//1124 546//1124
f 540//1125 548//1125 544//1125
f 545//1126 548//1126 546//1126
f 544//1127 548//1127 545//1127
f 537//1111 540//1105 544//1117
f 544//1117 536//1108 537//1111
f 537//1114 534//1128 533//1112
f 533//1089 513//1072 511//1028
f 527//1073 533//1089 528//1088
f 527//1073 513//1072 533//1089
f 506//1024 531//1084 510//1025
f 549//1129 551//1130 507//1010
f 507//1010 440//890 549//1129
f 507//1010 550//1131 504//1018
f 507//1010 551//1130 550//1131
f 549//1129 552//1132 551//1130
f 551//1130 552//1132 550//1131
f 554//1133 552//1132 549//1129
f 553//1134 552//1135 554//1136
f 495//1003 552//1135 553//1134
f 550//1131 552//1132 499//1019
f 495//1003 499//1008 552//1135
f 554//1133 549//1129 555//1137
f 554//1133 555//1137 556//1138
f 556//1139 559//1140 554//1136
f 559//1140 557//1141 554//1136
f 558//1142 554//1136 557//1141
f 553//1134 554//1136 558//1142
f 556//1139 560//1143 559//1140
f 559//1144 560//1145 561//1146
f 559//1147 561//1148 557//1149
f 560//1145 562//1150 561//1146
f 563//1151 561//1152 562//1153
f 564//1154 561//1152 563//1151
f 561//1152 564//1154 566//1155
f 566//1155 565//1156 561//1152
f 565//1157 557//1149 561//1148
f 568//1158 567//1159 566//1160
f 567//1161 570//1162 566//1163
f 568//1158 566//1160 569//1164
f 564//1165 569//1164 566//1160
f 570//1166 565//1156 566//1155
f 574//1167 570//1162 567//1161
f 565//1157 570//1168 557//1149
f 570//1168 571//1169 557//1149
f 571//1170 570//1171 572//1172
f 572//1172 570//1171 573//1173
f 573//1174 570//1175 574//1176
f 574//246 567//246 575//246
f 576//1177 573//1174 574//1176
f 574//246 575//246 576//246
f 563//1178 576//1179 575//1180
f 577//1181 576//1179 563//1178
f 576//1177 577//1182 573//1174
f 563//1151 562//1153 577//1183
f 577//1184 578//1185 573//1186
f 579//1187 578//1185 577//1184
f 579//1187 577//1184 560//1188
f 577//1184 562//1189 560//1188
f 578//1190 579//1191 492//999
f 579//1191 580//1192 492//999
f 579//1191 556//1193 580//1192
f 579//1187 560//1188 556//1194
f 580//1195 581//1196 451//907
f 490//998 580//1192 451//915
f 492//999 580//1192 490//998
f 580//1195 555//1137 581//1196
f 556//1138 555//1137 580//1195
f 555//1197 450//1197 581//1197
f 450//905 452//906 581//1196
f 451//907 581//1196 452//906
f 492//999 582//1198 578//1190
f 578//1199 582//1199 572//1199
f 573//1186 578//1185 572//1200
f 572//1201 582//1201 583//1201
f 492//1202 493//1203 582//1204
f 583//1205 582//1204 493//1203
f 493//1000 571//1206 583//1207
f 583//1208 571//1208 572//1208
f 567//1159 568//1158 575//1209
f 575//1209 568//1158 584//1210
f 575//1209 584//1210 564//1165
f 575//1180 564//1211 563//1178
f 568//1212 585//1213 584//1214
f 585//1215 569//1216 584//1217
f 584//1210 569//1164 564//1165
f 587//1218 585//1218 586//1218
f 568//1212 586//1219 585//1213
f 587//1220 569//1216 585//1215
f 568//1221 587//1222 586//1223
f 587//1222 568//1221 569//1224
f 553//1134 571//1206 493//1000
f 558//1142 571//1206 553//1134
f 571//1206 558//1142 557//1141
f 555//1225 549//1225 450//1225
f 553//1134 493//1000 495//1003
f 550//1131 499//1019 504//1018
f 549//1129 440//890 444//892
f 549//1129 444//892 450//905
f 490//998 451//915 485//994
f 487//246 488//246 589//246
f 488//996 588//1226 430//877
f 488//996 430//877 589//1227
f 488//996 482//993 588//1226
f 589//1227 430//877 413//841
f 589//1227 413//841 412//840
f 487//246 589//246 412//246
f 588//1228 590//1229 430//1230
f 482//1231 590//1229 588//1228
f 590//1232 429//878 430//877
f 590//1232 457//917 429//878
f 480//983 457//917 590//1232
f 482//984 480//983 590//1232
f 487//246 412//246 416//246
f 451//915 466//990 485//994
f 480//983 459//918 457//917
f 460//927 478//972 463//928
f 478//966 471//968 463//1233
f 471//947 470//946 463//958
f 458//914 466//990 451//915
f 457//916 455//911 591//1234
f 457//916 591//1234 429//875
f 454//1235 592//1235 591//1235
f 592//1236 443//1236 591//1236
f 443//894 442//896 591//1234
f 454//1237 591//1237 455//1237
f 429//875 591//1234 442//896
f 592//1238 447//1238 443//1238
f 447//900 592//1239 454//910
f 593//1240 442//1240 439//1240
f 442//896 593//1241 429//875
f 593//1242 439//1242 438//1242
f 429//875 593//1241 431//876
f 593//1243 438//1243 431//1243
f 431//1244 438//1244 434//1244
f 432//879 594//1245 411//1246
f 432//1247 427//866 594//1248
f 413//841 432//879 411//1246
f 595//1249 594//1248 427//866
f 594//1248 595//1249 411//1250
f 426//865 595//1249 427//866
f 595//1251 426//1252 597//1253
f 596//1254 595//1254 597//1254
f 419//1255 595//1256 596//1257
f 411//1250 595//1249 419//1258
f 597//1253 426//1252 599//1259
f 598//1260 597//1261 599//1262
f 596//1263 597//1261 598//1260
f 600//1264 601//1265 599//1266
f 426//1252 600//1267 599//1259
f 599//1266 601//1265 602//1268
f 602//1268 598//1269 599//1266
f 601//1270 603//1270 602//1270
f 604//1271 602//1271 603//1271
f 598//1269 602//1268 605//1272
f 602//1273 604//1273 605//1273
f 606//1274 605//1272 601//1265
f 605//1272 606//1274 598//1269
f 605//1275 607//1276 601//1277
f 605//1278 604//1278 607//1278
f 608//1279 607//1279 604//1279
f 608//1280 601//1277 607//1276
f 603//1281 608//1281 604//1281
f 601//1282 608//1282 603//1282
f 609//1283 610//1284 606//1285
f 606//1285 600//1286 609//1283
f 606//1274 601//1265 600//1264
f 610//1287 598//1288 606//246
f 421//1289 610//1284 609//1283
f 610//1290 421//1291 419//1255
f 610//1290 419//1255 596//1257
f 596//1292 598//1288 610//1287
f 609//1293 423//1294 421//1295
f 423//1294 609//1293 600//1267
f 600//1267 426//1252 423//1294
f 612//1296 596//1297 611//1298
f 611//1299 596//1300 614//1301
f 617//1302 596//1297 612//1296
f 596//1300 615//1303 613//1304
f 596//1300 613//1304 614//1301
f 615//1303 596//1300 616//1305
f 616//1306 596//1307 617//1308
f 620//1309 617//1310 612//1311
f 617//1308 618//1312 616//1306
f 617//1310 619//1313 618//1314
f 620//1309 619//1313 617//1310
f 620//1309 621//1315 624//1316
f 620//1309 612//1311 621//1315
f 624//1317 622//1318 620//1319
f 620//1319 622//1318 623//1320
f 623//1321 619//1322 620//1323
f 618//1314 624//1316 621//1315
f 618//1314 625//1324 624//1316
f 625//1325 626//1326 624//1327
f 624//1327 626//1326 622//1328
f 619//1329 629//1330 626//1331
f 619//1329 626//1331 625//1332
f 626//1333 627//1333 622//1333
f 626//1334 628//1335 627//1336
f 629//1337 628//1335 626//1334
f 623//1338 630//1339 629//1340
f 629//1341 619//1322 623//1321
f 629//1340 630//1339 628//1342
f 631//1343 630//1344 635//1345
f 632//1346 630//1344 631//1343
f 632//1346 628//1347 630//1344
f 630//1344 633//1348 634//1349
f 623//1350 633//1350 630//1350
f 630//1344 634//1349 635//1345
f 636//1351 635//1352 634//1353
f 635//1354 636//1355 638//1356
f 635//1345 637//1357 631//1343
f 635//1345 639//1358 637//1357
f 638//1359 639//1358 635//1345
f 642//1360 639//1358 638//1359
f 640//1361 637//1362 639//1363
f 640//1364 639//1365 641//1366
f 641//1367 639//1358 642//1360
f 643//1368 646//1369 642//1370
f 638//1359 643//1371 642//1360
f 641//1367 642//1360 644//1372
f 645//1373 644//1374 642//1375
f 642//1375 646//1376 645//1373
f 643//1368 647//1377 646//1369
f 647//1378 648//1379 646//1380
f 646//1380 648//1379 645//1381
f 649//1382 648//1383 651//1384
f 649//1385 650//1386 648//1387
f 645//1381 648//1379 650//1388
f 651//1389 648//1379 647//1378
f 651//1384 653//1390 649//1382
f 652//1391 651//1389 647//1378
f 651//1392 652//1393 653//1394
f 653//1394 652//1393 654//1395
f 657//1396 653//1397 654//1398
f 656//1399 653//1397 655//1400
f 655//1400 653//1397 657//1396
f 649//1401 653//1397 656//1399
f 662//1402 657//1403 658//1404
f 658//1404 657//1405 659//1406
f 657//1396 660//1407 655//1400
f 654//1398 659//1408 657//1396
f 660//1407 657//1396 661//1409
f 657//1403 662//1402 661//1410
f 661//1410 662//1402 663//1411
f 664//1412 663//1413 662//1414
f 664//1412 662//1414 665//1415
f 662//1414 666//1416 665//1415
f 662//1402 658//1404 666//1417
f 666//1416 668//1418 665//1415
f 668//1418 666//1416 667//1419
f 667//1420 666//1417 658//1404
f 665//1415 668//1418 673//1421
f 673//1422 668//1423 669//1424
f 668//1423 670//1425 669//1424
f 668//1423 671//1426 670//1425
f 668//1418 672//1427 671//1428
f 668//1418 667//1419 672//1427
f 665//1415 673//1421 674//1429
f 674//1430 673//1422 669//1424
f 665//1415 674//1429 677//1431
f 674//1430 675//1432 676//1433
f 674//1430 669//1424 675//1432
f 678//1434 674//1430 676//1433
f 677//1431 674//1429 678//1434
f 677//1431 678//1434 679//1435
f 679//1435 678//1434 676//1433
f 677//1431 679//1435 680//1436
f 682//1437 680//1436 679//1435
f 682//1437 679//1435 681//1438
f 679//1439 676//1439 681//1439
f 683//1440 682//1441 684//1442
f 685//1443 682//1441 683//1440
f 682//1441 681//1444 684//1442
f 682//1437 685//1445 680//1436
f 685//1445 686//1446 680//1436
f 686//1447 685//1447 689//1447
f 685//1448 683//1449 687//1450
f 687//1450 688//1451 685//1448
f 685//1448 688//1451 689//1452
f 692//1453 686//1446 689//1452
f 689//1452 688//1451 690//1454
f 689//1452 690//1454 691//1455
f 689//1452 691//1455 692//1453
f 692//1453 691//1455 683//1449
f 692//1453 693//1456 686//1446
f 683//1457 693//1457 692//1457
f 696//1458 693//1456 694//1459
f 694//1459 693//1456 695//1460
f 693//1456 698//1461 695//1460
f 697//1462 693//1456 696//1458
f 697//1462 686//1446 693//1456
f 693//1456 683//1463 698//1461
f 698//1461 683//1463 701//1464
f 698//1461 700//1465 699//1466
f 695//1460 698//1461 699//1466
f 698//1461 701//1464 700//1465
f 701//1467 684//1442 700//1468
f 701//1467 683//1440 684//1442
f 700//1468 684//1442 702//1469
f 699//1470 700//1468 702//1469
f 702//1471 684//1472 703//1473
f 702//1471 703//1473 707//1474
f 705//1475 704//1476 702//1477
f 699//1470 702//1469 704//1478
f 705//1479 702//1471 706//1480
f 702//1471 707//1474 706//1480
f 703//1473 708//1481 707//1474
f 707//1474 708//1481 711//1482
f 707//1474 711//1482 709//1483
f 710//1484 707//1474 709//1483
f 706//1480 707//1474 710//1484
f 711//1482 708//1481 713//1485
f 709//1483 711//1482 712//1486
f 711//1482 713//1485 712//1486
f 708//1481 714//1487 713//1485
f 713//1485 714//1487 715//1488
f 713//1485 715//1488 716//1489
f 713//1485 716//1489 717//1490
f 718//1491 713//1485 717//1490
f 712//1486 713//1485 718//1491
f 718//1491 717//1490 720//1492
f 712//1486 718//1491 719//1493
f 719//1493 718//1491 721//1494
f 718//1491 720//1492 721//1494
f 721//1495 722//1495 719//1495
f 724//1496 722//1497 721//1498
f 721//1498 723//1499 724//1496
f 723//1499 721//1498 725//1500
f 721//1494 720//1492 725//1501
f 730//1502 725//1500 726//1503
f 725//1504 728//1505 726//1506
f 720//1492 727//1507 725//1501
f 725//1504 727//1507 728//1505
f 725//1500 729//1508 723//1499
f 729//1508 725//1500 730//1502
f 731//1509 733//1510 730//1511
f 731//1509 730//1511 732//1512
f 726//1513 732//1514 730//1515
f 730//1511 733//1510 729//1516
f 731//1509 734//1517 733//1510
f 734//1517 736//1518 733//1510
f 735//1519 723//1520 733//1510
f 736//1518 735//1519 733//1510
f 733//1510 723//1520 729//1516
f 737//1521 735//1519 736//1518
f 738//1522 737//1521 736//1518
f 738//1522 736//1518 739//1523
f 734//1517 739//1523 736//1518
f 740//1524 739//1523 741//1525
f 740//1524 742//1526 739//1523
f 739//1523 743//1527 741//1525
f 742//1526 738//1522 739//1523
f 739//1523 734//1517 743//1527
f 743//1527 745//1528 744//1529
f 744//1529 741//1525 743//1527
f 745//1528 743//1527 734//1517
f 745//1528 746//1530 747//1531
f 731//1509 746//1530 745//1528
f 745//1528 747//1531 744//1529
f 745//1528 734//1517 731//1509
f 748//1532 749//1533 747//1531
f 748//1532 747//1531 751//1534
f 749//1533 744//1529 747//1531
f 750//1535 747//1531 746//1530
f 750//1535 751//1534 747//1531
f 752//1536 754//1537 751//1534
f 750//1535 752//1536 751//1534
f 751//1534 755//1538 753//1539
f 751//1534 753//1539 748//1532
f 751//1534 754//1537 755//1538
f 753//1539 755//1538 756//1540
f 755//1541 757//1542 756//1543
f 758//1544 757//1542 755//1541
f 758//1544 755//1541 754//1545
f 761//1546 759//1547 758//1548
f 758//1548 759//1547 760//1549
f 760//1549 757//1550 758//1548
f 758//1544 754//1545 762//1551
f 758//1544 762//1551 761//1552
f 763//1553 764//1554 762//1555
f 762//1555 754//1537 763//1553
f 762//1551 764//1556 761//1552
f 764//1554 763//1553 767//1557
f 761//1552 764//1556 765//1558
f 766//1559 765//1560 764//1561
f 764//1554 767//1557 766//1562
f 768//1563 772//1564 767//1565
f 768//1563 767//1565 769//1566
f 769//1566 767//1565 770//1567
f 770//1567 767//1565 763//1568
f 771//1569 766//1562 767//1557
f 771//1569 767//1557 772//1570
f 773//1571 772//1564 768//1563
f 771//1569 772//1570 774//1572
f 773//1571 775//1573 772//1564
f 775//1574 774//1572 772//1570
f 775//1574 776//1575 774//1572
f 775//1574 777//1576 776//1575
f 778//1577 777//1576 775//1574
f 779//1578 778//1577 775//1574
f 780//1579 779//1580 775//1573
f 780//1579 775//1573 773//1571
f 782//1581 779//1580 780//1579
f 781//1582 782//1581 780//1579
f 780//1579 773//1571 781//1582
f 782//1581 783//1583 779//1580
f 784//1584 783//1583 782//1581
f 781//1582 784//1584 782//1581
f 781//1582 785//1585 784//1584
f 785//1585 786//1586 784//1584
f 784//1584 786//1586 783//1583
f 789//1587 783//1588 786//1589
f 785//1585 787//1590 786//1586
f 787//1591 788//1592 786//1589
f 788//1592 789//1587 786//1589
f 791//1593 790//1594 789//1587
f 789//1587 790//1594 792//1595
f 789//1587 788//1592 791//1593
f 783//1588 789//1587 792//1595
f 792//1595 796//1596 793//1597
f 792//1595 793//1597 794//1598
f 792//1595 794//1598 783//1588
f 790//1594 795//1599 792//1595
f 792//1595 795//1599 796//1596
f 796//1596 795//1599 799//1600
f 797//1601 793//1602 796//1603
f 797//1601 796//1603 798//1604
f 798//1604 796//1603 799//1605
f 799//1605 800//1606 798//1604
f 799//1607 803//1608 800//1609
f 795//1599 801//1610 799//1600
f 801//1610 802//1611 799//1600
f 802//1612 803//1608 799//1607
f 803//1613 806//1614 800//1615
f 803//1608 802//1612 776//1616
f 776//1616 805//1617 803//1608
f 805//1618 804//1619 803//1613
f 803//1613 804//1619 806//1614
f 804//1619 807//1620 806//1614
f 806//1621 807//1622 809//1623
f 810//1624 806//1621 808//1625
f 806//1621 809//1623 808//1625
f 811//1626 806//1614 810//1627
f 800//1615 806//1614 811//1626
f 814//1628 811//1626 812//1629
f 812//1630 811//1626 810//1627
f 811//1626 798//1631 800//1615
f 813//1632 811//1626 814//1628
f 813//1632 797//1633 811//1626
f 797//1633 798//1631 811//1626
f 613//1304 814//1628 815//1634
f 613//1304 813//1632 814//1628
f 815//1634 814//1628 812//1629
f 614//1301 613//1304 815//1634
f 614//1301 815//1634 819//1635
f 815//1634 812//1629 816//1636
f 815//1634 816//1636 817//1637
f 818//1638 815//1634 817//1637
f 819//1635 815//1634 818//1638
f 820//1639 819//1635 818//1638
f 820//1639 614//1301 819//1635
f 821//1640 820//1639 818//1638
f 825//1641 820//1639 821//1640
f 822//1642 614//1301 820//1639
f 823//1643 822//1642 820//1639
f 824//1644 823//1643 820//1639
f 824//1644 820//1639 825//1641
f 828//1645 826//1646 825//1641
f 827//1647 825//1641 826//1646
f 827//1647 824//1644 825//1641
f 825//1641 821//1640 828//1645
f 828//1645 821//1640 829//1648
f 832//1649 828//1650 829//1651
f 826//1652 828//1652 831//1652
f 828//1650 830//1653 831//1654
f 830//1653 828//1650 832//1649
f 832//1655 833//1655 830//1655
f 787//1591 833//1656 832//1657
f 787//1591 832//1657 788//1592
f 832//1657 834//1658 788//1592
f 832//1649 829//1651 834//1659
f 834//1659 835//1660 836//1661
f 834//1659 829//1651 835//1660
f 836//1662 788//1592 834//1658
f 838//1663 836//1662 837//1664
f 836//1661 835//1660 837//1665
f 836//1662 838//1663 788//1592
f 791//1593 788//1592 838//1663
f 791//1593 838//1663 839//1666
f 841//1667 839//1666 838//1663
f 840//1668 838//1663 837//1664
f 840//1668 841//1667 838//1663
f 841//1667 842//1669 839//1666
f 741//1670 842//1669 841//1667
f 740//1524 741//1670 841//1667
f 742//1526 740//1524 841//1667
f 742//1526 841//1667 840//1668
f 843//1671 844//1672 842//1669
f 741//1670 843//1671 842//1669
f 842//1669 844//1672 839//1666
f 846//1673 844//1674 845//1675
f 844//1674 843//1676 845//1675
f 846//1673 839//1666 844//1672
f 846//1673 847//1677 795//1599
f 846//1673 845//1675 847//1677
f 790//1594 846//1673 795//1599
f 846//1673 790//1594 839//1666
f 795//1599 847//1677 801//1610
f 845//1675 801//1610 847//1677
f 845//1675 849//1678 848//1679
f 845//1675 848//1679 850//1680
f 850//1680 801//1610 845//1675
f 849//1678 845//1675 843//1676
f 851//1681 771//1569 850//1680
f 851//1681 850//1680 848//1679
f 850//1680 774//1572 801//1610
f 771//1569 774//1572 850//1680
f 852//1682 771//1569 851//1681
f 851//1681 853//1683 852//1682
f 756//1540 853//1683 851//1681
f 851//1681 854//1684 756//1540
f 854//1684 851//1681 848//1679
f 749//1533 748//1532 854//1684
f 849//1678 749//1533 854//1684
f 854//1684 748//1532 753//1539
f 854//1684 753//1539 756//1540
f 849//1678 854//1684 848//1679
f 855//1685 852//1686 853//1687
f 855//1685 853//1687 856//1688
f 856//1688 853//1687 756//1689
f 857//1690 856//1691 859//1692
f 855//1693 856//1694 857//1695
f 756//1543 757//1542 856//1696
f 757//1550 760//1549 856//1697
f 760//1549 858//1698 856//1697
f 856//1691 858//1699 859//1692
f 859//1700 865//1701 860//1702
f 862//1703 859//1700 860//1702
f 865//1704 859//1705 861//1706
f 859//1705 866//1707 861//1706
f 863//1708 859//1709 862//1710
f 863//1711 857//1695 859//1712
f 858//1699 864//1713 859//1692
f 859//1705 864//1714 866//1707
f 869//1715 867//1716 866//1717
f 866//1717 867//1716 868//1718
f 866//1717 868//1718 861//1719
f 864//1714 869//1720 866//1707
f 869//1715 873//1721 867//1716
f 869//1722 874//1723 870//1724
f 870//1725 873//1721 869//1715
f 869//1722 871//1726 874//1723
f 872//1727 871//1726 869//1722
f 864//1713 872//1727 869//1722
f 874//1723 876//1728 875//1729
f 875//1730 878//1731 874//1732
f 874//1732 873//1721 870//1725
f 871//1726 876//1728 874//1723
f 874//1732 877//1733 873//1721
f 874//1732 878//1731 877//1733
f 879//1734 877//1733 878//1731
f 878//1731 880//1735 879//1734
f 875//1730 881//1736 878//1731
f 881//1736 880//1735 878//1731
f 881//1736 882//1737 880//1735
f 883//1738 882//1737 881//1736
f 885//1739 883//1738 881//1736
f 884//1740 881//1736 876//1741
f 884//1740 885//1739 881//1736
f 876//1741 881//1736 875//1730
f 695//1460 699//1466 885//1739
f 885//1739 699//1466 883//1738
f 886//1742 695//1460 885//1739
f 886//1742 885//1739 884//1740
f 887//1743 694//1744 886//1742
f 887//1743 886//1742 884//1740
f 694//1459 695//1460 886//1742
f 887//1743 890//1745 694//1744
f 889//1746 887//1743 884//1740
f 888//1747 728//1748 887//1749
f 728//1748 890//1745 887//1749
f 889//1750 888//1747 887//1749
f 890//1745 696//1751 694//1744
f 890//1745 891//1752 696//1751
f 728//1748 891//1752 890//1745
f 891//1752 894//1753 892//1754
f 891//1752 892//1754 696//1751
f 727//1507 891//1755 728//1505
f 727//1507 893//1756 891//1755
f 893//1756 894//1757 891//1755
f 894//1753 898//1758 892//1754
f 893//1756 895//1759 894//1757
f 895//1759 896//1760 894//1757
f 896//1761 897//1761 894//1761
f 894//1753 897//1762 898//1758
f 898//1763 897//1764 901//1765
f 901//1766 899//1767 898//1768
f 898//1768 899//1767 900//1769
f 898//1768 900//1769 892//1770
f 897//1764 903//1771 901//1765
f 903//1772 902//1773 901//1766
f 901//1766 902//1773 899//1767
f 906//1774 902//1773 903//1772
f 897//1775 904//1776 903//1777
f 904//1776 905//1778 903//1777
f 903//1777 905//1778 906//1779
f 905//1780 664//1412 906//1774
f 906//1774 664//1412 902//1773
f 908//1781 907//1782 905//1780
f 907//1782 909//1783 905//1780
f 905//1780 663//1413 664//1412
f 904//1776 908//1784 905//1778
f 905//1780 909//1783 663//1413
f 907//1785 910//1786 909//1787
f 909//1787 911//1788 660//1789
f 909//1787 660//1789 661//1410
f 909//1787 661//1410 663//1411
f 910//1786 911//1788 909//1787
f 911//1790 912//1791 915//1792
f 912//1791 911//1790 914//1793
f 911//1788 913//1794 914//1795
f 911//1788 910//1786 913//1794
f 911//1790 915//1792 660//1407
f 915//1792 916//1796 917//1797
f 915//1798 919//1799 916//1800
f 660//1407 915//1792 920//1801
f 918//1802 915//1803 912//1804
f 920//1801 915//1792 917//1797
f 919//1805 915//1803 918//1802
f 920//1801 655//1400 660//1407
f 921//1806 655//1806 920//1806
f 921//1807 920//1807 922//1807
f 922//1808 920//1808 917//1808
f 923//1809 921//1810 922//1809
f 923//1809 922//1809 924//1811
f 922//1812 917//1812 924//1812
f 924//1813 656//1813 923//1813
f 924//1814 917//1814 656//1814
f 923//1815 656//1815 655//1815
f 923//1816 655//1816 921//1816
f 919//1817 925//1818 926//1819
f 919//1817 918//1820 925//1818
f 919//1799 926//1821 916//1800
f 926//1822 929//1823 927//1824
f 926//1821 927//1825 916//1800
f 926//1819 925//1818 928//1826
f 929//1827 926//1819 928//1826
f 929//1828 928//1829 930//1830
f 927//1824 929//1823 930//1831
f 930//1832 932//1833 641//1834
f 641//1835 936//1836 930//1837
f 930//1838 936//1839 917//1840
f 917//1841 927//1824 930//1831
f 931//1842 932//1833 930//1832
f 930//1832 933//1843 931//1842
f 935//1844 933//1843 930//1832
f 930//1830 928//1829 934//1845
f 935//1846 930//1846 934//1846
f 938//1847 650//1848 936//1849
f 936//1849 650//1848 937//1850
f 936//1839 937//1851 917//1840
f 644//1852 938//1853 936//1854
f 641//1835 644//1855 936//1836
f 645//1856 938//1853 644//1852
f 938//1857 645//1381 650//1388
f 937//1858 650//1386 649//1385
f 917//1840 937//1851 649//1401
f 935//1859 934//1860 939//1861
f 939//1861 940//1862 935//1859
f 945//1863 935//1863 940//1863
f 944//1864 941//1865 935//1866
f 941//1867 942//1868 935//1844
f 935//1844 942//1868 943//1869
f 935//1844 943//1869 933//1843
f 944//1864 935//1866 945//1870
f 946//1871 944//1872 945//1871
f 946//1871 945//1871 947//1873
f 945//1874 940//1875 947//1876
f 947//1877 949//1878 946//1879
f 947//1876 940//1875 948//1880
f 947//1877 948//1881 949//1878
f 914//1882 949//1883 948//1884
f 946//1885 949//1885 941//1885
f 950//1886 949//1883 914//1882
f 941//1867 949//1883 950//1886
f 955//1887 951//1888 950//1886
f 950//1886 951//1888 952//1889
f 952//1889 941//1867 950//1886
f 950//1890 953//1891 955//1892
f 954//1893 953//1891 950//1890
f 914//1894 954//1893 950//1890
f 956//1895 951//1888 955//1887
f 955//1892 957//1896 956//1897
f 955//1892 953//1891 957//1896
f 960//1898 957//1899 953//1900
f 956//1897 957//1896 958//1901
f 959//1902 958//1903 957//1899
f 957//1899 960//1898 959//1902
f 960//1898 953//1900 961//1904
f 962//1905 960//1898 961//1904
f 960//1906 810//1907 959//1902
f 816//1908 810//1909 960//1910
f 816//1908 960//1910 962//1911
f 962//1905 961//1904 907//1782
f 908//1781 962//1905 907//1782
f 908//1784 816//1908 962//1911
f 961//1912 953//1891 954//1893
f 961//1913 954//1913 913//1913
f 961//1914 913//1914 907//1914
f 810//1907 808//1915 959//1902
f 808//1915 963//1916 959//1902
f 959//1902 963//1916 964//1917
f 959//1902 964//1917 958//1903
f 965//1918 958//1901 964//1919
f 966//1920 965//1921 964//1917
f 966//1920 964//1917 963//1916
f 966//1920 963//1916 967//1922
f 966//1923 967//1924 968//1925
f 965//1921 966//1920 969//1926
f 968//1927 969//1926 966//1920
f 971//1928 970//1929 969//1930
f 970//1929 965//1918 969//1930
f 973//1931 971//1928 969//1930
f 972//1932 969//1926 968//1927
f 973//1931 969//1930 972//1933
f 971//1934 973//1935 976//1936
f 972//1932 627//1937 973//1938
f 973//1935 627//1939 628//1347
f 973//1935 975//1940 974//1941
f 974//1941 976//1936 973//1935
f 975//1940 973//1935 628//1347
f 970//1929 976//1942 965//1918
f 956//1897 965//1918 976//1942
f 977//1943 956//1895 976//1936
f 970//1929 971//1928 976//1942
f 978//1944 976//1936 974//1941
f 978//1944 977//1943 976//1936
f 980//1945 979//1946 978//1947
f 978//1947 979//1946 977//1948
f 980//1945 978//1947 974//1949
f 980//1950 983//1951 981//1952
f 980//1950 981//1952 979//1953
f 980//1945 974//1949 982//1954
f 982//1955 983//1951 980//1950
f 983//1951 984//1956 986//1957
f 982//1955 984//1956 983//1951
f 985//1958 981//1959 983//1960
f 985//1961 983//1962 986//1963
f 631//1964 986//1965 984//1966
f 985//1961 986//1963 631//1967
f 987//1968 981//1959 985//1958
f 637//1357 987//1969 985//1970
f 637//1357 985//1970 631//1343
f 989//1971 987//1969 637//1357
f 990//1972 988//1973 987//1974
f 987//1975 988//1975 981//1975
f 989//1971 990//1976 987//1969
f 641//1834 932//1833 990//1976
f 641//1834 990//1976 989//1971
f 932//1977 991//1978 990//1979
f 990//1972 991//1980 988//1973
f 992//1981 991//1978 932//1977
f 993//1982 988//1983 991//1984
f 993//1982 991//1984 992//1985
f 988//1983 993//1982 994//1986
f 996//1987 994//1988 993//1989
f 993//1990 992//1991 995//1991
f 993//1989 995//1992 996//1987
f 931//1993 996//1994 995//1995
f 997//1996 996//1994 931//1993
f 996//1994 997//1996 977//1943
f 996//1997 979//1998 994//1999
f 977//2000 979//1998 996//1997
f 998//2001 997//2002 931//2003
f 977//1943 997//1996 1000//2004
f 999//2005 997//2006 998//2007
f 999//2005 1000//2008 997//2006
f 999//2009 1001//2010 1000//2011
f 1000//2004 1001//2012 956//1895
f 977//1943 1000//2004 956//1895
f 1001//2012 951//1888 956//1895
f 1002//2013 951//1888 1001//2012
f 1003//2014 1002//2014 1001//2014
f 1003//2015 1001//2010 999//2009
f 1004//2016 1002//2017 1003//2018
f 1004//2019 1003//2020 999//2019
f 1004//2016 931//2021 1002//2017
f 998//2001 931//2003 1004//2022
f 999//2019 998//2023 1004//2019
f 1002//2013 1005//2024 951//1888
f 1005//2024 1002//2013 1006//2025
f 1006//2025 1002//2013 931//1842
f 1006//2026 1007//2027 1005//2028
f 931//1842 933//1843 1006//2025
f 933//2029 1007//2030 1006//2031
f 1009//2032 1008//2033 1007//2034
f 1005//2028 1007//2027 1008//2035
f 1009//2032 1007//2034 1010//2036
f 1010//2037 1007//2030 933//2029
f 943//2038 1010//2039 933//2040
f 1009//2041 1010//2039 943//2038
f 1009//2042 943//2043 942//2044
f 942//2044 1011//2045 1009//2042
f 1011//2046 1008//2033 1009//2032
f 942//2044 1012//2047 1011//2045
f 1012//2048 1008//2033 1011//2046
f 952//2049 1012//2047 942//2044
f 951//2050 1012//2051 952//2052
f 1012//2048 1013//2053 1008//2033
f 1013//2054 1012//2051 951//2050
f 1005//2028 1008//2035 1013//2055
f 1005//2028 1013//2055 951//2056
f 931//2057 995//2057 932//2057
f 995//1991 992//1991 932//2058
f 988//1983 994//1986 979//1953
f 1014//2059 641//2060 989//2061
f 1014//2062 989//2063 637//2064
f 1016//2065 641//2060 1014//2059
f 1014//2062 637//2064 1015//2066
f 1015//2067 640//2068 1014//2068
f 640//2068 1016//2069 1014//2068
f 640//1364 641//1366 1016//2070
f 1015//2071 637//1362 640//1361
f 979//1953 981//1952 988//1983
f 975//2072 984//1966 982//2073
f 632//2074 984//1966 975//2072
f 631//1964 984//1966 632//2074
f 982//1954 974//1949 975//2075
f 975//1940 628//1347 632//1346
f 627//1937 972//1932 671//1428
f 972//1932 968//1927 671//1428
f 671//1426 968//2076 670//1425
f 968//2076 1017//2077 670//1425
f 968//1925 967//1924 1017//2078
f 967//1924 1018//2079 1017//2078
f 1018//2079 1019//2080 1017//2078
f 1017//2081 1019//2082 1020//2083
f 670//2084 1017//2081 1021//2085
f 1017//2081 1020//2083 1021//2085
f 1021//2085 1020//2083 1022//2086
f 670//2084 1021//2085 618//2087
f 1021//2085 616//1305 618//2087
f 1021//2085 1022//2086 616//1305
f 616//1305 1022//2086 1023//2088
f 1022//2086 1024//2089 1023//2088
f 1022//2086 1020//2083 1024//2089
f 1024//2089 1027//2090 1025//2091
f 1023//2088 1024//2089 1025//2091
f 1020//2083 1026//2092 1024//2089
f 1024//2089 1026//2092 1027//2090
f 1027//2090 1028//2093 1030//2094
f 1027//2090 1029//2095 1028//2093
f 1026//2092 1029//2095 1027//2090
f 1025//2091 1027//2090 1030//2094
f 1034//2096 1030//2094 1031//2097
f 1033//2098 1031//2098 1030//2098
f 1030//2094 1028//2093 1032//2099
f 1030//2100 1032//2100 1033//2100
f 1025//2091 1030//2094 1034//2096
f 613//1304 1034//2096 813//1632
f 1034//2096 797//1633 813//1632
f 1034//2096 1031//2097 797//1633
f 615//1303 1034//2096 613//1304
f 615//1303 1025//2091 1034//2096
f 1032//2101 778//2102 1033//2103
f 778//2104 1035//2104 1033//2104
f 1031//2105 1033//2106 1035//2107
f 1035//2108 778//1577 779//1578
f 794//2109 1031//2105 1035//2107
f 779//1578 794//1598 1035//2108
f 777//2110 778//2102 1032//2101
f 805//1617 777//2110 1032//2101
f 1032//2099 1028//2093 805//1618
f 793//1602 1031//2105 794//2109
f 793//1602 797//1601 1031//2105
f 1029//2095 1036//2111 1028//2093
f 1029//2095 1038//2112 1036//2111
f 1026//2092 1037//2113 1029//2095
f 1037//2113 1038//2112 1029//2095
f 1038//2112 1040//2114 1036//2111
f 1038//2112 1042//2115 1039//2116
f 1038//2112 1039//2116 1040//2114
f 1037//2113 1041//2117 1038//2112
f 1041//2117 1042//2115 1038//2112
f 1043//2118 1042//2119 1046//2120
f 1042//2121 1043//2122 1044//2123
f 1042//2121 1044//2123 1045//2124
f 1042//2115 1045//2125 1039//2116
f 1041//2117 1046//2126 1042//2115
f 1047//2127 1046//2126 1041//2117
f 1047//2127 1048//2128 1046//2126
f 1043//2118 1046//2120 1048//2129
f 1052//2130 1048//2131 1047//2132
f 1049//2133 1050//2134 1048//2135
f 1052//2130 1049//2136 1048//2131
f 1048//2135 1050//2134 1051//2137
f 1048//2135 1051//2137 1043//2138
f 1056//2139 1052//2140 1053//2141
f 1053//2142 1052//2130 1047//2132
f 1052//2143 1055//2144 1054//2145
f 1052//2130 1054//2146 1049//2136
f 1057//2147 1055//2144 1052//2143
f 1056//2148 1057//2147 1052//2143
f 1057//2147 1058//2149 1055//2144
f 1059//2150 1058//2149 1057//2147
f 1061//2151 1059//2150 1057//2147
f 1057//2152 1060//2152 1061//2152
f 1062//2153 1060//2154 1057//2155
f 1057//2155 1056//2156 1062//2153
f 1062//2153 1065//2157 1063//2158
f 1063//2158 1066//2159 1062//2153
f 1062//2153 1056//2156 1065//2157
f 1062//2153 1064//2160 1060//2154
f 1062//2153 1066//2159 1064//2160
f 1063//2158 963//1916 1066//2159
f 809//2161 1064//2160 1066//2159
f 809//2161 1066//2159 1067//2162
f 1067//2162 1066//2159 963//1916
f 808//1625 809//1623 1067//2163
f 1067//2162 963//1916 808//1915
f 1063//2158 1065//2157 1018//2164
f 1018//2079 1065//2165 1019//2080
f 1065//2165 1056//2139 1053//2141
f 1065//2165 1053//2141 1019//2080
f 1068//2166 1060//2154 1064//2160
f 1068//2166 1064//2160 809//2161
f 809//1623 807//1622 1068//2167
f 807//1622 1069//2168 1068//2167
f 1069//2169 1060//2154 1068//2166
f 1069//2168 1070//2170 1071//2171
f 807//1622 1070//2170 1069//2168
f 1071//2171 1060//2154 1069//2169
f 1071//2171 1072//2172 1060//2154
f 1071//2171 1073//2173 1072//2172
f 1074//2174 1073//2173 1071//2171
f 1070//2170 1074//2174 1071//2171
f 1074//2174 1075//2175 1073//2173
f 860//2176 1075//2175 1074//2174
f 1070//2170 862//2177 1074//2174
f 862//2177 860//2178 1074//2174
f 1075//2175 1076//2179 1073//2173
f 1078//2180 1076//2179 1075//2175
f 860//2176 1077//2181 1075//2175
f 1077//2181 1078//2180 1075//2175
f 1077//2181 1080//2182 1078//2180
f 1078//2183 1079//2184 1081//2185
f 1080//2182 1079//2186 1078//2180
f 1082//2187 1078//2183 1081//2185
f 1076//2179 1078//2180 1082//2188
f 1076//2179 1082//2188 1055//2189
f 1055//2144 1082//2187 1054//2145
f 1082//2187 1081//2185 1054//2145
f 1079//2184 1080//2190 1081//2185
f 1081//2191 1083//2192 1086//2193
f 1080//2190 1083//2194 1081//2185
f 1054//2146 1081//2191 1084//2195
f 1081//2191 1085//2196 1084//2195
f 1081//2191 1086//2193 1085//2196
f 1083//2192 1087//2197 1086//2193
f 1086//2198 1087//2197 1089//2199
f 1085//2196 1086//2198 1088//2200
f 1086//2198 1089//2199 1088//2200
f 1089//2199 1090//2201 1088//2200
f 1089//2199 1091//2202 1090//2201
f 1087//2197 1091//2202 1089//2199
f 1091//2202 1092//2203 1090//2201
f 1091//2202 1094//2204 1092//2203
f 1093//2205 1094//2204 1091//2202
f 1087//2197 1093//2205 1091//2202
f 1095//2206 1094//2207 1096//2208
f 1095//2206 1097//2209 1094//2207
f 1093//2205 1096//2210 1094//2204
f 1092//2203 1094//2204 1097//2211
f 1097//2212 1095//2213 1098//2214
f 1097//2211 1098//2215 1100//2216
f 1092//2203 1097//2211 1099//2217
f 1097//2211 1100//2216 1099//2217
f 1099//2217 1100//2216 1101//2218
f 1100//2216 1102//2219 1101//2218
f 1100//2216 1103//2220 1102//2219
f 1100//2216 1104//2221 1103//2220
f 1098//2215 1104//2221 1100//2216
f 1104//2221 1105//2222 1106//2223
f 1108//2224 1105//2222 1104//2221
f 1104//2221 1106//2223 1103//2220
f 1098//2215 1107//2225 1104//2221
f 1107//2225 1108//2224 1104//2221
f 1108//2224 709//1483 712//1486
f 1108//2224 712//1486 1105//2222
f 1109//2226 1108//2224 1107//2225
f 1109//2226 710//1484 1108//2224
f 710//1484 709//1483 1108//2224
f 1111//2227 1109//2226 1107//2225
f 1111//2227 1110//2228 1109//2226
f 1110//2228 710//1484 1109//2226
f 1111//2227 1107//2225 1098//2215
f 1113//2229 1112//2230 1111//2230
f 1112//2231 1110//2228 1111//2227
f 1111//2230 1098//2229 1113//2229
f 1095//2232 1114//2233 1113//2234
f 1113//2234 1114//2233 1115//2235
f 1098//2214 1095//2213 1113//2236
f 1113//2234 1115//2235 1112//2237
f 1112//2237 1115//2235 1118//2238
f 1115//2239 1117//2240 1116//2241
f 1115//2242 1116//2243 1118//2244
f 1114//2245 1117//2240 1115//2239
f 1112//2237 1118//2238 1096//2246
f 1096//2246 1118//2238 1121//2247
f 1118//2248 1120//2249 1119//2250
f 1118//2248 1119//2250 1121//2251
f 1120//2252 1118//2244 1116//2243
f 1096//2246 1121//2247 1095//2232
f 1121//2253 1119//2254 1117//2255
f 1121//2253 1117//2255 1114//2256
f 1095//2232 1121//2247 1114//2233
f 1116//2257 1122//2257 1120//2257
f 1120//2258 1122//2259 1119//2260
f 1116//2261 1126//2261 1122//2261
f 879//2262 1123//2263 1122//2264
f 879//2262 1122//2264 1126//2265
f 1123//2263 1124//2266 1122//2264
f 1125//2267 1122//2264 1124//2266
f 1119//2260 1122//2259 1125//2268
f 1127//2269 1126//2265 1128//2270
f 879//2262 1126//2265 1127//2269
f 1117//2271 1126//2271 1116//2271
f 1117//2272 1128//2272 1126//2272
f 1127//2269 1128//2270 1129//2273
f 1117//2274 1125//2275 1128//2276
f 1128//2270 1125//2267 1129//2273
f 1129//2273 873//1721 1127//2269
f 1129//2273 1125//2267 1124//2266
f 1124//2277 873//2277 1129//2277
f 1127//2269 873//1721 877//1733
f 877//2278 879//2278 1127//2278
f 1119//2279 1125//2275 1117//2274
f 1132//2280 1124//2281 1130//2282
f 1124//2283 1131//2284 1130//2285
f 1124//2283 1123//2286 1131//2284
f 873//1721 1124//2281 1132//2280
f 1132//2280 1130//2282 1133//2287
f 868//1718 1132//2280 1133//2287
f 867//1716 1132//2280 868//1718
f 867//1716 873//1721 1132//2280
f 1080//2190 1133//2288 1083//2194
f 1133//2288 1130//2289 1083//2194
f 868//1718 1133//2287 1077//2181
f 1077//2181 1133//2287 1080//2182
f 1131//2290 706//1480 1112//2231
f 1131//2290 705//1479 706//1480
f 1131//2290 1112//2231 1096//2210
f 1083//2192 1131//2290 1093//2205
f 1131//2290 1096//2210 1093//2205
f 1123//2286 879//2291 1131//2284
f 879//2291 705//1475 1131//2284
f 1130//2285 1131//2284 1083//2292
f 1112//2231 706//1480 1110//2228
f 706//1480 710//1484 1110//2228
f 1106//2223 888//2293 1134//2294
f 1103//2220 1106//2223 1134//2294
f 1106//2223 1105//2222 1135//2295
f 1106//2223 1135//2295 888//2293
f 1105//2222 1136//2296 1135//2295
f 1135//2297 732//1514 726//1513
f 888//2293 1135//2295 726//1506
f 1136//2298 1137//2299 1135//2297
f 1135//2297 1137//2299 732//1514
f 1138//2300 1137//2301 1140//2302
f 1139//2303 1137//2301 1138//2300
f 1137//2301 1139//2303 732//1512
f 1137//2299 1136//2298 1140//2304
f 1138//2300 1140//2302 1141//2305
f 1140//2304 1136//2298 1141//2306
f 1138//2300 1141//2305 1142//2307
f 1142//2307 1141//2305 724//2308
f 724//1496 1141//2309 722//1497
f 1136//2298 722//2310 1141//2306
f 735//1519 1143//2311 1142//2307
f 1144//2312 1142//2313 1143//2314
f 735//1519 1142//2307 724//2308
f 1145//2315 1142//2313 1144//2312
f 1146//2316 1142//2313 1145//2315
f 1146//2316 1138//2317 1142//2313
f 781//1582 1146//2316 1145//2315
f 781//1582 1147//2318 1146//2316
f 1147//2318 1138//2317 1146//2316
f 781//1582 1149//2319 1147//2318
f 1149//2319 1148//2320 1147//2318
f 1147//2318 1148//2320 1138//2317
f 770//1567 1149//2319 781//1582
f 770//1567 763//1568 1149//2319
f 763//1568 1148//2320 1149//2319
f 1139//2303 1138//2300 1148//2321
f 1139//2303 1148//2321 1150//2322
f 1150//2322 1148//2321 752//1536
f 752//1536 1148//2321 763//1553
f 1150//2322 752//1536 750//1535
f 750//1535 746//1530 1150//2322
f 1139//2303 1150//2322 746//1530
f 1145//2315 1144//2312 781//1582
f 1144//2312 1143//2314 781//1582
f 737//1521 1143//2311 735//1519
f 1143//2311 737//1521 1152//2323
f 781//1582 1143//2314 1151//2324
f 1143//2311 1152//2323 1151//2325
f 1153//2326 1151//2325 1152//2323
f 1153//2326 1152//2323 1154//2327
f 1152//2323 1155//2328 1154//2327
f 1152//2323 840//1668 1155//2328
f 738//1522 840//1668 1152//2323
f 1152//2323 737//1521 738//1522
f 1156//2329 1154//2330 1155//2331
f 1156//2329 1155//2331 1157//2332
f 1157//2332 1155//2331 837//2333
f 840//1668 837//1664 1155//2328
f 1159//2334 1157//2335 1158//2336
f 837//2333 1158//2337 1157//2332
f 1156//2338 1157//2335 1159//2334
f 896//2339 1159//2340 897//2341
f 1159//2340 904//2342 897//2341
f 1160//2343 1159//2334 896//1760
f 1160//2343 1156//2338 1159//2334
f 1158//2336 904//2344 1159//2334
f 895//1759 1160//2343 896//1760
f 1162//2345 1156//2338 1160//2343
f 1161//2346 1160//2343 895//1759
f 1161//2346 1162//2345 1160//2343
f 1163//2347 827//1647 1162//2345
f 1163//2347 1162//2345 1161//2346
f 1162//2345 826//1646 1164//2348
f 827//1647 826//1646 1162//2345
f 1162//2345 1164//2348 1156//2338
f 1153//2349 1156//2329 1164//2350
f 831//2351 1164//2350 826//2352
f 1164//2350 833//2353 1153//2349
f 1164//2350 831//2351 833//2353
f 1165//2354 1163//2347 1161//2346
f 1165//2354 1166//2355 1163//2347
f 1166//2355 827//1647 1163//2347
f 1167//2356 1168//2357 1166//2355
f 1167//2356 1166//2355 1165//2354
f 1168//2357 1169//2358 1166//2355
f 1166//2355 1169//2358 827//1647
f 1169//2358 1173//2359 827//1647
f 1170//2360 1169//2358 1168//2357
f 1170//2360 1171//2361 1169//2358
f 1171//2361 1172//2362 1169//2358
f 1169//2358 1172//2362 1173//2359
f 1173//2359 824//1644 827//1647
f 1173//2359 823//1643 824//1644
f 1173//2359 1172//2362 823//1643
f 1176//2363 1174//2364 1172//2362
f 1172//2362 1174//2364 1175//2365
f 1172//2362 1175//2365 823//1643
f 1171//2361 1176//2363 1172//2362
f 1176//2363 621//2366 1174//2364
f 675//2367 1176//2363 1171//2361
f 675//2367 669//2368 1176//2363
f 669//2368 670//2084 1176//2363
f 670//2084 621//2366 1176//2363
f 1177//2369 822//1642 1175//2365
f 1175//2365 822//1642 823//1643
f 1177//2369 1175//2365 1174//2364
f 611//1299 822//1642 1177//2369
f 621//2366 1177//2369 1174//2364
f 612//2370 1177//2371 621//2372
f 612//2370 611//2373 1177//2371
f 675//2367 1171//2361 1170//2374
f 1178//2375 1170//2360 1168//2357
f 676//2376 1170//2374 1178//2377
f 676//2376 675//2367 1170//2374
f 1179//2378 1178//2375 1167//2356
f 1178//2375 1168//2357 1167//2356
f 681//2379 676//2376 1178//2377
f 681//2379 1178//2377 1179//2380
f 684//1472 1179//2380 1180//2381
f 1179//2382 1182//2383 1180//2384
f 684//1472 681//2379 1179//2380
f 1181//2385 1179//2386 1183//2387
f 1181//2388 1182//2383 1179//2382
f 1179//2378 1167//2356 1183//2389
f 1183//2387 1184//2390 1181//2385
f 1183//2389 1165//2354 1184//2391
f 1183//2389 1167//2356 1165//2354
f 1185//2392 1184//2393 1187//2394
f 1181//2395 1184//2393 1185//2392
f 1184//2391 1165//2354 1161//2346
f 1187//2396 1184//2391 1186//2397
f 1184//2391 1161//2346 1186//2397
f 1185//2398 1187//2399 1188//2400
f 715//1488 1187//2396 716//1489
f 1187//2396 1186//2397 716//1489
f 714//1487 1187//2396 715//1488
f 714//1487 1188//2401 1187//2396
f 1189//2402 1188//2401 708//1481
f 708//1481 1188//2401 714//1487
f 1189//2402 1180//2381 1188//2401
f 1185//2398 1188//2400 1180//2403
f 684//1472 1189//2402 703//1473
f 703//1473 1189//2402 708//1481
f 684//1472 1180//2381 1189//2402
f 716//1489 1186//2397 1190//2404
f 1186//2397 895//1759 1190//2404
f 1186//2397 1161//2346 895//1759
f 717//1490 1190//2404 727//1507
f 727//1507 1190//2404 893//1756
f 1190//2404 895//1759 893//1756
f 716//1489 1190//2404 717//1490
f 1180//2384 1191//2405 1185//2406
f 1185//2406 1191//2405 1192//2407
f 1185//2406 1192//2407 1181//2388
f 1181//2388 1192//2407 1182//2383
f 1192//2408 1193//2409 1182//2410
f 1192//2411 1194//2411 1193//2411
f 1191//2412 1194//2413 1192//2414
f 1194//2415 690//2416 1193//2417
f 1194//2415 691//2418 690//2416
f 1195//2419 691//2420 1194//2421
f 1191//2412 1195//2422 1194//2413
f 1195//2419 1196//2423 691//2420
f 1182//2424 1197//2425 1195//2426
f 1182//2424 1195//2426 1191//2427
f 1195//2428 687//2428 1196//2428
f 1197//2429 687//2429 1195//2429
f 1197//2430 688//2430 687//2430
f 1193//2431 688//2432 1197//2433
f 1182//2410 1193//2409 1197//2434
f 683//1449 691//1455 1196//2435
f 683//1449 1196//2435 687//1450
f 1193//2431 690//2436 688//2432
f 1180//2384 1182//2383 1191//2405
f 835//2437 904//2344 1158//2336
f 837//1665 835//1660 1158//2438
f 1154//2330 1156//2329 1153//2349
f 1151//2325 1153//2326 833//1656
f 781//1582 1151//2324 1198//2439
f 1198//2439 1151//2324 787//1590
f 1151//2325 833//1656 787//1591
f 781//1582 1198//2439 785//1585
f 1198//2439 787//1590 785//1585
f 746//1530 731//1509 1139//2303
f 732//1512 1139//2303 731//1509
f 1105//2222 719//1493 1136//2296
f 722//2310 1136//2298 719//2440
f 1134//2441 888//1747 889//1750
f 1102//2219 1103//2220 1134//2294
f 1102//2219 1134//2294 871//2442
f 1134//2443 889//2443 871//2443
f 712//1486 719//1493 1105//2222
f 1101//2218 1102//2219 871//2442
f 1101//2218 871//2442 872//2444
f 760//1549 1101//2218 872//2444
f 759//1547 1099//2217 1101//2218
f 759//1547 1101//2218 760//1549
f 1199//2445 1092//2203 1099//2217
f 1199//2445 1099//2217 759//1547
f 1200//2446 1199//2445 759//1547
f 1090//2201 1092//2203 1199//2445
f 1088//2200 1090//2201 1199//2445
f 1088//2200 1199//2445 1200//2446
f 1202//2447 1200//2446 1201//2448
f 1200//2446 759//1547 1201//2448
f 1202//2447 1088//2200 1200//2446
f 1203//2449 1206//2450 1202//2447
f 1203//2449 1202//2447 1204//2451
f 1204//2451 1202//2447 1205//2452
f 1202//2447 1201//2448 765//2453
f 1206//2450 1088//2200 1202//2447
f 1202//2447 765//2454 1205//2452
f 1085//2196 1206//2450 1203//2449
f 1085//2196 1088//2200 1206//2450
f 852//1686 1207//2455 1205//2456
f 852//1686 1205//2456 766//1559
f 1205//2456 765//1560 766//1559
f 1208//2457 1205//2452 1207//2458
f 1204//2451 1205//2452 1208//2457
f 1210//2459 1208//2457 857//1695
f 1208//2457 1207//2458 857//1695
f 1209//2460 1204//2451 1208//2457
f 1209//2460 1208//2457 1210//2459
f 1212//2461 1210//2459 1211//2462
f 1210//2459 857//1695 1211//2462
f 1209//2460 1210//2459 1212//2461
f 1045//2125 1212//2461 1039//2116
f 1045//2125 1209//2460 1212//2461
f 1039//2116 1212//2461 1213//2463
f 1212//2461 1211//2462 1213//2463
f 1213//2463 1211//2462 1216//2464
f 1039//2116 1213//2463 1214//2465
f 1214//2465 1213//2463 1215//2466
f 1215//2466 1213//2463 1216//2464
f 1216//2467 862//1710 1070//2468
f 1216//2467 863//1708 862//1710
f 1217//2469 1216//2467 1070//2468
f 1215//2466 1216//2464 1217//2469
f 1211//2462 863//1711 1216//2464
f 1217//2469 1070//2468 807//1620
f 804//1619 1215//2466 1217//2469
f 804//1619 1217//2469 807//1620
f 1218//2470 1214//2465 1215//2466
f 1218//2470 1215//2466 804//1619
f 1036//2111 1214//2465 1218//2470
f 1028//2093 1218//2470 804//1619
f 1028//2093 1036//2111 1218//2470
f 1036//2111 1040//2114 1214//2465
f 1040//2114 1039//2116 1214//2465
f 1211//2462 857//1695 863//1711
f 1219//2471 1209//2460 1045//2125
f 1219//2471 1203//2449 1209//2460
f 1203//2449 1204//2451 1209//2460
f 1049//2136 1084//2195 1219//2472
f 1084//2195 1203//2449 1219//2472
f 1044//2473 1219//2474 1045//2475
f 1049//2476 1219//2474 1044//2473
f 857//1695 1207//2458 855//1693
f 1207//2455 852//1686 855//1685
f 1084//2195 1085//2196 1203//2449
f 1201//2448 759//1547 761//1546
f 1201//2448 761//2477 765//2453
f 1083//2192 1093//2205 1087//2197
f 1054//2146 1084//2195 1049//2136
f 861//1719 868//1718 1077//2181
f 861//1719 1077//2181 865//2478
f 865//2478 1077//2181 860//2176
f 1073//2173 1076//2179 1055//2189
f 1055//2189 1072//2172 1073//2173
f 1072//2479 1055//2479 1220//2479
f 1061//2151 1060//2154 1072//2172
f 1061//2151 1072//2172 1220//2480
f 1055//2144 1222//2481 1220//2480
f 1220//2480 1059//2150 1061//2151
f 1220//2480 1222//2481 1221//2482
f 1220//2480 1221//2482 1059//2150
f 1223//2483 1222//2484 1224//2485
f 1223//2486 1221//2487 1222//2488
f 1222//2481 1055//2144 1058//2149
f 1224//2485 1222//2484 1058//2489
f 1224//2490 1050//2491 1223//2492
f 1050//2493 1224//2494 1051//2495
f 1224//2496 1059//2497 1225//2498
f 1051//2495 1224//2494 1225//2499
f 1224//2496 1058//2500 1059//2497
f 1225//2501 1226//2502 1051//2503
f 1225//2504 1059//2505 1227//2506
f 1225//2501 1227//2507 1226//2502
f 1226//2508 1227//2509 1228//2510
f 1227//2506 1059//2505 1221//2511
f 1228//2510 1227//2509 1223//2512
f 1227//2513 1221//2487 1223//2486
f 1049//2133 1228//2514 1050//2134
f 1228//2515 1223//2492 1050//2491
f 1044//2516 1228//2514 1049//2133
f 1226//2517 1228//2514 1044//2516
f 1043//2138 1051//2137 1226//2517
f 1043//2138 1226//2517 1044//2516
f 967//1922 963//1916 1063//2158
f 1063//2158 1018//2164 967//1922
f 1019//2082 1053//2142 1229//2518
f 1053//2142 1047//2132 1229//2518
f 1229//2518 1047//2127 1037//2113
f 1230//2519 1229//2518 1037//2113
f 1019//2082 1229//2518 1230//2519
f 1230//2519 1037//2113 1026//2092
f 1230//2519 1026//2092 1020//2083
f 1019//2082 1230//2519 1020//2083
f 1047//2127 1041//2117 1037//2113
f 805//1618 1028//2093 804//1619
f 1023//2088 1025//2091 615//1303
f 616//1305 1023//2088 615//1303
f 956//1897 958//1901 965//1918
f 914//1894 913//2520 954//1893
f 941//1867 952//1889 942//1868
f 914//1882 948//1884 940//2521
f 946//2522 941//2522 944//2522
f 940//2521 939//2523 914//1882
f 914//1793 939//2524 912//1791
f 939//2525 918//2526 912//2527
f 939//2525 925//2528 918//2526
f 934//2529 928//2530 939//2525
f 939//2525 928//2530 925//2528
f 917//1797 916//1796 927//2531
f 917//1840 649//1401 656//1399
f 913//2532 910//2532 907//2532
f 817//2533 908//1784 904//1776
f 817//2533 816//1908 908//1784
f 835//2437 818//1638 904//2344
f 818//1638 817//1637 904//2344
f 902//1773 665//1415 677//1431
f 902//1773 677//1431 899//1767
f 664//1412 665//1415 902//1773
f 680//1436 900//1769 677//1431
f 677//1431 900//1769 899//1767
f 900//1769 680//1436 686//1446
f 892//1770 900//1769 686//1446
f 696//1751 892//1754 697//2534
f 892//1770 686//1446 697//1462
f 889//1746 884//1740 876//1741
f 871//1726 889//2535 876//1728
f 726//1506 728//1505 888//2293
f 882//2536 883//2537 704//1478
f 883//2537 699//1470 704//1478
f 1231//2538 882//2539 705//1475
f 882//2539 704//1476 705//1475
f 882//1737 1231//2540 880//1735
f 879//2291 1231//2538 705//1475
f 880//1735 1231//2540 879//1734
f 858//1699 872//1727 864//1713
f 760//1549 872//2444 858//1698
f 852//1682 766//1562 771//1569
f 749//1533 849//1678 843//1676
f 741//2541 744//2541 843//2541
f 744//1529 749//1533 843//1676
f 738//1522 742//1526 840//1668
f 839//1666 790//1594 791//1593
f 821//1640 818//1638 835//2542
f 829//1648 821//1640 835//2542
f 830//2543 833//2543 831//2543
f 822//1642 611//1299 614//1301
f 816//1636 812//1629 810//2544
f 805//1617 776//1616 777//2110
f 802//1611 801//1610 776//1575
f 774//1572 776//1575 801//1610
f 783//1588 794//1598 779//1578
f 781//1582 768//1563 769//1566
f 781//1582 769//1566 770//1567
f 773//1571 768//1563 781//1582
f 752//1536 763//1553 754//1537
f 724//2308 723//1520 735//1519
f 717//1490 727//1507 720//1492
f 659//1406 672//2545 667//1420
f 627//1937 671//1428 672//1427
f 672//1427 659//1408 627//1937
f 670//2084 618//2087 621//2366
f 667//1420 658//1404 659//1406
f 659//1408 633//1348 627//1937
f 659//1408 1232//2546 633//1348
f 659//1408 654//1398 1232//2546
f 633//1348 1232//2546 634//1349
f 1232//2547 1233//2548 634//1353
f 1232//2549 654//2550 1233//2551
f 634//1353 1233//2548 1235//2552
f 654//2550 652//2553 1233//2551
f 652//1391 1234//2554 1233//2555
f 1233//2555 1234//2554 1235//2556
f 636//1351 634//1353 1235//2552
f 636//2557 1235//2556 1234//2554
f 647//1378 1234//2554 652//1391
f 638//1356 636//1355 1234//2558
f 638//2559 1234//2560 643//2561
f 643//2561 1234//2560 647//2562
f 622//2563 627//2563 633//2563
f 622//2564 633//2564 623//2564
f 619//1313 625//1324 618//1314
