# Blender 4.5.3 LTS
# www.blender.org
o duct_right_up_front
v 0.111702 0.199313 -0.017329
v 0.110249 0.200018 -0.053879
v 0.122745 0.199589 -0.017338
v 0.122844 0.199757 -0.053879
v 0.115919 0.198136 -0.017158
v 0.118040 0.198225 -0.017175
v 0.113539 0.198613 -0.011111
v 0.105564 0.202167 -0.017337
v 0.109527 0.199663 -0.001832
v 0.121570 0.198863 -0.001833
v 0.117054 0.198419 -0.002652
v 0.114727 0.198529 -0.005120
v 0.106443 0.203915 -0.001855
v 0.101736 0.205530 -0.001838
v 0.116310 0.200715 -0.001832
v 0.117621 0.200503 -0.002719
v 0.124271 0.202306 -0.001818
v 0.128372 0.204791 -0.002697
v 0.132190 0.208945 -0.001850
v 0.132306 0.205259 -0.001838
v 0.132268 0.216177 -0.001836
v 0.132108 0.212447 -0.001838
v 0.130966 0.203954 -0.017336
v 0.135308 0.217667 -0.001833
v 0.135555 0.210964 -0.017344
v 0.136509 0.213898 -0.001837
v 0.136973 0.218642 -0.002159
v 0.136966 0.215599 -0.006500
v 0.136873 0.215456 -0.014552
v 0.137660 0.217631 -0.017183
v 0.137607 0.215698 -0.012874
v 0.155713 0.216221 -0.028057
v 0.155961 0.218591 -0.032885
v 0.155965 0.221784 -0.035586
v 0.155898 0.215335 -0.035586
v 0.137102 0.221519 -0.013144
v 0.155686 0.220977 -0.028096
v 0.137779 0.219442 -0.017193
v 0.136745 0.220439 -0.017332
v 0.134435 0.227742 -0.053880
v 0.136448 0.215419 -0.053880
v 0.135703 0.225689 -0.017339
v 0.136964 0.221699 -0.007019
v 0.135167 0.227393 -0.001838
v 0.131215 0.232384 -0.017336
v 0.124387 0.237024 -0.053880
v 0.127696 0.235803 -0.001838
v 0.124774 0.237220 -0.017343
v 0.121141 0.237843 -0.017329
v 0.110827 0.237516 -0.017342
v 0.111381 0.237389 -0.053879
v 0.118042 0.238989 -0.017162
v 0.115735 0.238877 -0.017123
v 0.113585 0.238606 -0.011025
v 0.116780 0.240325 -0.018240
v 0.117321 0.257518 -0.032586
v 0.119569 0.238887 -0.014180
v 0.114388 0.257183 -0.028274
v 0.113768 0.257546 -0.035586
v 0.115157 0.259352 -0.027002
v 0.113278 0.261779 -0.024791
v 0.113366 0.261999 -0.035586
v 0.117681 0.262211 -0.029208
v 0.120604 0.262073 -0.035586
v 0.115534 0.262196 -0.027644
v 0.117822 0.262217 -0.026888
v 0.117279 0.255230 -0.026640
v 0.120675 0.262163 -0.023737
v 0.116143 0.254622 -0.027578
v 0.116219 0.255209 -0.029046
v 0.118232 0.255202 -0.028546
v 0.116432 0.260382 -0.025657
v 0.120498 0.259830 -0.026562
v 0.117925 0.260388 -0.025873
v 0.119276 0.238570 -0.005076
v 0.120398 0.238486 -0.008978
v 0.119301 0.257276 -0.028113
v 0.116329 0.238773 -0.002750
v 0.113346 0.238007 -0.002115
v 0.118844 0.238545 -0.001841
v 0.112849 0.238025 -0.009623
v 0.110855 0.237444 -0.009629
v 0.110447 0.237164 -0.002275
v 0.106083 0.235319 -0.017337
v 0.100665 0.229893 -0.017337
v 0.101869 0.231222 -0.053880
v 0.104677 0.234499 -0.001838
v 0.105464 0.232248 -0.002116
v 0.098054 0.225919 -0.001834
v 0.101342 0.225405 -0.001836
v 0.100605 0.221004 -0.002128
v 0.105258 0.222341 -0.002350
v 0.103339 0.219734 -0.002128
v 0.101215 0.225516 -0.002712
v 0.110991 0.235247 -0.002626
v 0.113842 0.235992 -0.002538
v 0.121078 0.235997 -0.002710
v 0.119969 0.236241 -0.001840
v 0.128643 0.232127 -0.002165
v 0.132784 0.225618 -0.002718
v 0.132683 0.225514 -0.001842
v 0.133195 0.221064 -0.002105
v 0.128487 0.222157 -0.002271
v 0.130618 0.219675 -0.002112
v 0.130719 0.217330 -0.002276
v 0.127578 0.215948 -0.001835
v 0.135028 0.219679 -0.002718
v 0.134142 0.216192 -0.002716
v 0.131157 0.213092 -0.002720
v 0.127167 0.218106 -0.002713
v 0.106800 0.218565 -0.002315
v 0.105271 0.214810 -0.002314
v 0.102938 0.216910 -0.002129
v 0.102192 0.212777 -0.002500
v 0.101390 0.210382 -0.002193
v 0.100457 0.216190 -0.002331
v 0.098538 0.218559 -0.002103
v 0.097283 0.213967 -0.001834
v 0.096772 0.218055 -0.002765
v 0.101095 0.206449 -0.017337
v 0.098025 0.212459 -0.017343
v 0.097014 0.215196 -0.008796
v 0.097043 0.215747 -0.015114
v 0.078414 0.216085 -0.028302
v 0.096300 0.216340 -0.014917
v 0.075174 0.217774 -0.025809
v 0.075172 0.219611 -0.025927
v 0.073809 0.214865 -0.024831
v 0.073383 0.222259 -0.023730
v 0.073357 0.219911 -0.028038
v 0.073313 0.218587 -0.026581
v 0.075697 0.222081 -0.026532
v 0.073553 0.222186 -0.035586
v 0.073339 0.218412 -0.029344
v 0.073479 0.214948 -0.035586
v 0.078073 0.221798 -0.035586
v 0.078006 0.215349 -0.035586
v 0.078034 0.218899 -0.032591
v 0.078267 0.220951 -0.028067
v 0.097087 0.222089 -0.011392
v 0.096174 0.220967 -0.014521
v 0.096563 0.219623 -0.017162
v 0.095078 0.218570 -0.018301
v 0.096643 0.217505 -0.017167
v 0.097949 0.224669 -0.017340
v 0.097335 0.220062 -0.053880
v 0.100331 0.208016 -0.053880
v 0.096952 0.220845 -0.005150
v 0.073354 0.217254 -0.027827
v 0.080899 0.217889 -0.028562
v 0.080338 0.217744 -0.026818
v 0.080325 0.219821 -0.027494
v 0.080304 0.219223 -0.029125
v 0.106550 0.204079 -0.002728
v 0.132527 0.210258 -0.002707
v 0.120217 0.257479 -0.035586
v 0.158911 0.218761 -0.025439
v 0.158402 0.220027 -0.026428
v 0.158263 0.222080 -0.026571
v 0.160418 0.222186 -0.035586
v 0.160513 0.222298 -0.023686
v 0.160582 0.214869 -0.023719
v 0.160655 0.219257 -0.026691
v 0.160615 0.217201 -0.027943
v 0.153098 0.218091 -0.027189
v 0.153661 0.219740 -0.027220
v 0.160626 0.219061 -0.029296
v 0.153653 0.219294 -0.029076
v 0.153641 0.217356 -0.028624
v 0.160478 0.214949 -0.035586
v 0.158240 0.215055 -0.026571
v 0.158184 0.216985 -0.026621
v 0.131858 0.205869 -0.053881
v 0.128914 0.203157 -0.017338
v 0.116066 0.176755 -0.025868
v 0.114670 0.179857 -0.028113
v 0.117761 0.176745 -0.025804
v 0.113474 0.177310 -0.026577
v 0.113293 0.174968 -0.023734
v 0.120691 0.175382 -0.024831
v 0.116441 0.174896 -0.026680
v 0.115966 0.174935 -0.028855
v 0.113366 0.175134 -0.035586
v 0.120604 0.175060 -0.035586
v 0.113754 0.179654 -0.035586
v 0.116653 0.179615 -0.032591
v 0.120291 0.179638 -0.035590
v 0.119470 0.179993 -0.028299
v 0.113499 0.179691 -0.035691
v 0.113177 0.174939 -0.035586
v 0.126160 0.180492 -0.033752
v 0.120643 0.177752 -0.027337
v 0.120797 0.174994 -0.035586
v 0.129237 0.181202 -0.056345
v 0.118156 0.179311 -0.056290
v 0.127645 0.179130 -0.062670
v 0.108499 0.180285 -0.056327
v 0.118628 0.177344 -0.063728
v 0.110553 0.178245 -0.062732
v 0.118812 0.174721 -0.066335
v 0.131446 0.177602 -0.066136
v 0.129109 0.174709 -0.066090
v 0.140435 0.180282 -0.066351
v 0.142753 0.183244 -0.066264
v 0.146472 0.188316 -0.065339
v 0.152527 0.193029 -0.066354
v 0.137043 0.182937 -0.062623
v 0.143733 0.188452 -0.061325
v 0.137868 0.185360 -0.056439
v 0.143257 0.189294 -0.058311
v 0.134226 0.183408 -0.033874
v 0.139576 0.187028 -0.048431
v 0.144378 0.191125 -0.055192
v 0.142055 0.188742 -0.036904
v 0.147891 0.194543 -0.034061
v 0.140612 0.186146 -0.029704
v 0.148325 0.195340 -0.052241
v 0.152394 0.201563 -0.056501
v 0.146240 0.192249 -0.058024
v 0.131767 0.204546 -0.053339
v 0.133183 0.205903 -0.056423
v 0.147152 0.191283 -0.062790
v 0.133583 0.206458 -0.060535
v 0.151828 0.197203 -0.062624
v 0.158602 0.203620 -0.066615
v 0.156068 0.206729 -0.062560
v 0.161633 0.219518 -0.066457
v 0.155732 0.211720 -0.056413
v 0.160017 0.219961 -0.065895
v 0.156722 0.216307 -0.059521
v 0.155291 0.227623 -0.056509
v 0.157523 0.223618 -0.062709
v 0.155338 0.233002 -0.062767
v 0.157787 0.233870 -0.066118
v 0.160384 0.230579 -0.066325
v 0.154827 0.242999 -0.066335
v 0.150002 0.246994 -0.066177
v 0.151407 0.240229 -0.062074
v 0.147249 0.246359 -0.063390
v 0.147143 0.248572 -0.065488
v 0.142401 0.254059 -0.066342
v 0.147180 0.252792 -0.065836
v 0.131889 0.261104 -0.066367
v 0.145030 0.248789 -0.063735
v 0.140365 0.252138 -0.062854
v 0.133368 0.258849 -0.066143
v 0.131533 0.256794 -0.062615
v 0.118243 0.262372 -0.066303
v 0.109551 0.263678 -0.065718
v 0.119864 0.264105 -0.065797
v 0.100163 0.260165 -0.066352
v 0.106602 0.259929 -0.065555
v 0.120196 0.259322 -0.062677
v 0.123414 0.257309 -0.056282
v 0.110986 0.258516 -0.061202
v 0.107773 0.256661 -0.056425
v 0.099931 0.255592 -0.062506
v 0.114872 0.257716 -0.056306
v 0.120224 0.257478 -0.035599
v 0.113581 0.257400 -0.035598
v 0.113173 0.262138 -0.035586
v 0.105814 0.255974 -0.036813
v 0.113403 0.258780 -0.028427
v 0.120798 0.262209 -0.035587
v 0.121147 0.262295 -0.023546
v 0.120591 0.258965 -0.027778
v 0.118653 0.262337 -0.028353
v 0.116435 0.262362 -0.029648
v 0.115259 0.265177 -0.028231
v 0.117206 0.265221 -0.029675
v 0.115391 0.262349 -0.027368
v 0.113133 0.262324 -0.023526
v 0.116521 0.265219 -0.026351
v 0.117442 0.262396 -0.026280
v 0.118646 0.265078 -0.027453
v 0.119773 0.266833 -0.029373
v 0.119219 0.266790 -0.025677
v 0.123076 0.266642 -0.023246
v 0.114111 0.266765 -0.026300
v 0.110991 0.266760 -0.023688
v 0.111314 0.266611 -0.036708
v 0.103942 0.262807 -0.041987
v 0.111175 0.264337 -0.041245
v 0.100965 0.263952 -0.029504
v 0.111936 0.266650 -0.022555
v 0.100290 0.263909 -0.022846
v 0.096791 0.261026 -0.021881
v 0.110775 0.265119 -0.021869
v 0.123341 0.265236 -0.021879
v 0.106093 0.260479 -0.023988
v 0.140932 0.259239 -0.021909
v 0.134679 0.263509 -0.022684
v 0.149521 0.254094 -0.022357
v 0.129109 0.264968 -0.029634
v 0.138841 0.261961 -0.023722
v 0.137689 0.259799 -0.041636
v 0.144334 0.257991 -0.029562
v 0.146464 0.254062 -0.041491
v 0.152256 0.251889 -0.023753
v 0.154368 0.245698 -0.041515
v 0.157630 0.245034 -0.023123
v 0.162254 0.234908 -0.029152
v 0.162832 0.234010 -0.022751
v 0.158529 0.240687 -0.021913
v 0.160904 0.232988 -0.042180
v 0.162741 0.224386 -0.041236
v 0.165087 0.224659 -0.023727
v 0.160359 0.233422 -0.065333
v 0.162455 0.223120 -0.065361
v 0.162581 0.214675 -0.065361
v 0.162930 0.212953 -0.041252
v 0.165028 0.224260 -0.036685
v 0.161532 0.208986 -0.065889
v 0.164105 0.207007 -0.023665
v 0.165071 0.212480 -0.023710
v 0.165043 0.212876 -0.036637
v 0.161526 0.206637 -0.041574
v 0.158964 0.200380 -0.065334
v 0.157645 0.196640 -0.041508
v 0.160875 0.199176 -0.029584
v 0.158763 0.193924 -0.023085
v 0.152272 0.186011 -0.029441
v 0.151433 0.187879 -0.041636
v 0.149788 0.183081 -0.022725
v 0.153857 0.188800 -0.021909
v 0.162400 0.204249 -0.021930
v 0.159377 0.205790 -0.023244
v 0.160681 0.214632 -0.023447
v 0.160768 0.222441 -0.023451
v 0.165240 0.219471 -0.022578
v 0.163718 0.224294 -0.021859
v 0.158959 0.228558 -0.024077
v 0.155805 0.228541 -0.029686
v 0.158127 0.222243 -0.026749
v 0.154377 0.236116 -0.026847
v 0.156938 0.237692 -0.023170
v 0.151997 0.243779 -0.024091
v 0.141896 0.251533 -0.027040
v 0.148120 0.243908 -0.029651
v 0.145421 0.252572 -0.023207
v 0.134999 0.259111 -0.023124
v 0.133888 0.256312 -0.026749
v 0.134334 0.253779 -0.033582
v 0.126382 0.258750 -0.026830
v 0.126787 0.256457 -0.033868
v 0.132901 0.254419 -0.056389
v 0.140051 0.250353 -0.033458
v 0.143849 0.246926 -0.036555
v 0.149936 0.239967 -0.056075
v 0.144756 0.245886 -0.055302
v 0.144320 0.246265 -0.055259
v 0.138294 0.251501 -0.056463
v 0.151235 0.237500 -0.034215
v 0.154776 0.228485 -0.036721
v 0.155851 0.221917 -0.035542
v 0.160557 0.222378 -0.035586
v 0.155855 0.215111 -0.035596
v 0.160627 0.214755 -0.035586
v 0.157556 0.214946 -0.027580
v 0.160760 0.216756 -0.027435
v 0.160782 0.218920 -0.029704
v 0.163620 0.218430 -0.029716
v 0.163608 0.220218 -0.028268
v 0.160778 0.220012 -0.026907
v 0.163582 0.218971 -0.026236
v 0.165410 0.218719 -0.024188
v 0.165165 0.215208 -0.027610
v 0.163594 0.216870 -0.027862
v 0.165232 0.221707 -0.027366
v 0.165219 0.219220 -0.031123
v 0.156779 0.207271 -0.026851
v 0.155283 0.209020 -0.032387
v 0.152426 0.199589 -0.029414
v 0.153373 0.204497 -0.037150
v 0.154318 0.197031 -0.024204
v 0.147780 0.191036 -0.026834
v 0.150241 0.189340 -0.023199
v 0.141343 0.182749 -0.023995
v 0.130715 0.176457 -0.023162
v 0.131296 0.179714 -0.026793
v 0.138047 0.176112 -0.021865
v 0.130507 0.172294 -0.022662
v 0.144002 0.178277 -0.022976
v 0.115194 0.171352 -0.021864
v 0.121253 0.170629 -0.022558
v 0.115334 0.170345 -0.022811
v 0.123375 0.170538 -0.024470
v 0.128844 0.171778 -0.028198
v 0.125050 0.169604 -0.026443
v 0.115596 0.169390 -0.024538
v 0.119464 0.169588 -0.025968
v 0.119397 0.169585 -0.030133
v 0.123209 0.169704 -0.029770
v 0.129013 0.169689 -0.030280
v 0.127432 0.169720 -0.034336
v 0.130318 0.172019 -0.031451
v 0.131468 0.169887 -0.035304
v 0.131870 0.173588 -0.035519
v 0.131344 0.169731 -0.052600
v 0.129037 0.169534 -0.049027
v 0.127661 0.169722 -0.043627
v 0.124826 0.169668 -0.044085
v 0.128712 0.175568 -0.050052
v 0.127770 0.175567 -0.046911
v 0.126367 0.169566 -0.046580
v 0.125922 0.169568 -0.051658
v 0.122720 0.169717 -0.052934
v 0.125905 0.169728 -0.054901
v 0.124021 0.169566 -0.048702
v 0.121088 0.169709 -0.050136
v 0.125307 0.175569 -0.051378
v 0.124393 0.175567 -0.047798
v 0.120939 0.172436 -0.050420
v 0.118195 0.169744 -0.050249
v 0.115868 0.169632 -0.050260
v 0.117346 0.169567 -0.056244
v 0.118398 0.172435 -0.050537
v 0.118028 0.169741 -0.053162
v 0.118340 0.172432 -0.053009
v 0.120877 0.169726 -0.054788
v 0.123000 0.169745 -0.058036
v 0.118797 0.169567 -0.056985
v 0.120984 0.172421 -0.054498
v 0.122940 0.172472 -0.057562
v 0.122556 0.172449 -0.053180
v 0.125591 0.172447 -0.055068
v 0.119273 0.169566 -0.059720
v 0.118360 0.175572 -0.056319
v 0.115554 0.175567 -0.060527
v 0.114520 0.169568 -0.057589
v 0.118568 0.175570 -0.060486
v 0.114673 0.175570 -0.057837
v 0.116267 0.169566 -0.060984
v 0.113522 0.169724 -0.063383
v 0.122081 0.169561 -0.062617
v 0.127221 0.170124 -0.060112
v 0.119642 0.170403 -0.063753
v 0.111863 0.172160 -0.063312
v 0.122035 0.172116 -0.063349
v 0.120123 0.172869 -0.064532
v 0.113745 0.172833 -0.065141
v 0.126623 0.173334 -0.061005
v 0.130477 0.174290 -0.056166
v 0.131965 0.174824 -0.051950
v 0.137721 0.177757 -0.065321
v 0.132296 0.174906 -0.041437
v 0.146235 0.183658 -0.066019
v 0.143592 0.180868 -0.041801
v 0.137262 0.174480 -0.023815
v 0.150377 0.187299 -0.065254
v 0.155154 0.193687 -0.065858
v 0.122751 0.173742 -0.066194
v 0.106265 0.173737 -0.060405
v 0.100355 0.176009 -0.065824
v 0.109621 0.174455 -0.066499
v 0.093078 0.181845 -0.066347
v 0.106588 0.177802 -0.064761
v 0.100319 0.180832 -0.063761
v 0.101981 0.182318 -0.056439
v 0.094456 0.184467 -0.062702
v 0.095419 0.185849 -0.056368
v 0.090589 0.188823 -0.060290
v 0.089338 0.188378 -0.063266
v 0.103772 0.205480 -0.066997
v 0.086354 0.188175 -0.065812
v 0.104873 0.203344 -0.064487
v 0.104831 0.201805 -0.059654
v 0.109320 0.199637 -0.060146
v 0.103321 0.203495 -0.050362
v 0.103136 0.203567 -0.053465
v 0.090578 0.189987 -0.057310
v 0.089664 0.190770 -0.055283
v 0.086718 0.194009 -0.052460
v 0.092229 0.188314 -0.034215
v 0.102222 0.204568 -0.053301
v 0.089313 0.191266 -0.055297
v 0.088064 0.192136 -0.057545
v 0.100717 0.205999 -0.056752
v 0.087104 0.192156 -0.060444
v 0.082409 0.196720 -0.062769
v 0.083130 0.198816 -0.056441
v 0.101616 0.206434 -0.064255
v 0.086753 0.190626 -0.063651
v 0.100334 0.206366 -0.060299
v 0.097548 0.211941 -0.060688
v 0.099190 0.214426 -0.067777
v 0.096775 0.220062 -0.061533
v 0.102283 0.211404 -0.072178
v 0.097321 0.214124 -0.050358
v 0.098898 0.220221 -0.050514
v 0.099887 0.211679 -0.050580
v 0.097660 0.224523 -0.050357
v 0.100500 0.226226 -0.050511
v 0.101947 0.231825 -0.050360
v 0.098265 0.226511 -0.061555
v 0.100812 0.231208 -0.056379
v 0.100396 0.230662 -0.060535
v 0.087926 0.244977 -0.057654
v 0.102203 0.232562 -0.053353
v 0.103146 0.233455 -0.053364
v 0.089514 0.246066 -0.055184
v 0.095839 0.251852 -0.058464
v 0.090754 0.247986 -0.058571
v 0.083899 0.239709 -0.056256
v 0.089791 0.246392 -0.037121
v 0.096382 0.251674 -0.037056
v 0.103956 0.234671 -0.055806
v 0.104912 0.235219 -0.060230
v 0.106901 0.235951 -0.050356
v 0.110812 0.238015 -0.060624
v 0.089436 0.248804 -0.063080
v 0.104883 0.234034 -0.064067
v 0.109561 0.235563 -0.066882
v 0.105876 0.230441 -0.072216
v 0.103714 0.231636 -0.067028
v 0.116759 0.235235 -0.071479
v 0.111238 0.231994 -0.074933
v 0.115341 0.228582 -0.081144
v 0.109272 0.225575 -0.080940
v 0.102546 0.222683 -0.074535
v 0.115531 0.222737 -0.086759
v 0.110966 0.220794 -0.085144
v 0.113214 0.217055 -0.087088
v 0.115920 0.218926 -0.089241
v 0.108286 0.214371 -0.081788
v 0.103299 0.218129 -0.076427
v 0.108483 0.206999 -0.075672
v 0.113294 0.210389 -0.082614
v 0.117235 0.205112 -0.076978
v 0.117467 0.216838 -0.088979
v 0.118564 0.218957 -0.089033
v 0.124403 0.215392 -0.083612
v 0.122998 0.209221 -0.080152
v 0.124772 0.204710 -0.072851
v 0.130465 0.209366 -0.072005
v 0.130159 0.205515 -0.067069
v 0.132307 0.206361 -0.064300
v 0.136365 0.211906 -0.060745
v 0.134488 0.215950 -0.069338
v 0.131091 0.215544 -0.075281
v 0.129303 0.220910 -0.078212
v 0.134722 0.223425 -0.067202
v 0.131625 0.225740 -0.072109
v 0.125757 0.224490 -0.080753
v 0.121715 0.229471 -0.079152
v 0.128534 0.230137 -0.071829
v 0.119603 0.223792 -0.085571
v 0.130053 0.231754 -0.067065
v 0.124372 0.233594 -0.071127
v 0.123577 0.237805 -0.061383
v 0.129113 0.233928 -0.064161
v 0.129063 0.235142 -0.060583
v 0.143423 0.248391 -0.060572
v 0.143417 0.247630 -0.057544
v 0.129617 0.234735 -0.056387
v 0.125947 0.236687 -0.050355
v 0.131451 0.232961 -0.053118
v 0.134453 0.229034 -0.050358
v 0.132999 0.231374 -0.055761
v 0.133628 0.230684 -0.060407
v 0.145841 0.244973 -0.057523
v 0.135609 0.226897 -0.060551
v 0.137372 0.219885 -0.060406
v 0.132460 0.230674 -0.064065
v 0.137117 0.217924 -0.050358
v 0.134905 0.209373 -0.050357
v 0.135106 0.216184 -0.050685
v 0.134564 0.223238 -0.050459
v 0.131861 0.229013 -0.050511
v 0.127369 0.233491 -0.050509
v 0.120927 0.236418 -0.050593
v 0.111287 0.236100 -0.050493
v 0.104010 0.231260 -0.050506
v 0.115531 0.238715 -0.050359
v 0.116441 0.238959 -0.060497
v 0.113755 0.200337 -0.050536
v 0.123968 0.201668 -0.050479
v 0.131570 0.207461 -0.050478
v 0.105238 0.204602 -0.050524
v 0.124283 0.199698 -0.050358
v 0.130851 0.204083 -0.050361
v 0.130988 0.203751 -0.053336
v 0.129493 0.202379 -0.056642
v 0.125603 0.200190 -0.061485
v 0.129046 0.201938 -0.060497
v 0.129157 0.203462 -0.064654
v 0.118344 0.198059 -0.060568
v 0.118576 0.201189 -0.069601
v 0.110225 0.201346 -0.067249
v 0.114165 0.198606 -0.050358
v 0.146803 0.245010 -0.060418
v 0.086942 0.248720 -0.065494
v 0.101659 0.230772 -0.064290
v 0.086769 0.246440 -0.063546
v 0.081021 0.241668 -0.065631
v 0.087084 0.245065 -0.060692
v 0.081325 0.237487 -0.061083
v 0.076168 0.231602 -0.065757
v 0.076519 0.224526 -0.062620
v 0.079072 0.229146 -0.056516
v 0.084039 0.239489 -0.037010
v 0.079366 0.229311 -0.034043
v 0.077806 0.219290 -0.056393
v 0.078151 0.222010 -0.035635
v 0.076304 0.222203 -0.027345
v 0.078522 0.211756 -0.055349
v 0.078134 0.215182 -0.035557
v 0.073330 0.222380 -0.035587
v 0.073413 0.214754 -0.035586
v 0.073185 0.218458 -0.029709
v 0.073171 0.222545 -0.023477
v 0.073205 0.220313 -0.027283
v 0.070489 0.218080 -0.029741
v 0.070372 0.220262 -0.027807
v 0.070582 0.217794 -0.026366
v 0.073207 0.216849 -0.027262
v 0.073297 0.214629 -0.023455
v 0.075408 0.206506 -0.024034
v 0.076000 0.214904 -0.026999
v 0.070111 0.214004 -0.021887
v 0.074030 0.198998 -0.021864
v 0.069135 0.226058 -0.022662
v 0.070885 0.226853 -0.021899
v 0.069567 0.209629 -0.022722
v 0.073366 0.197702 -0.022735
v 0.068743 0.224546 -0.023707
v 0.068844 0.212469 -0.023773
v 0.072537 0.200259 -0.029148
v 0.071054 0.212872 -0.041242
v 0.074529 0.200490 -0.041470
v 0.079452 0.188437 -0.029414
v 0.086303 0.184106 -0.041580
v 0.087512 0.180038 -0.023781
v 0.080392 0.187034 -0.022817
v 0.079520 0.191632 -0.041669
v 0.074932 0.200511 -0.065332
v 0.080156 0.191400 -0.065332
v 0.076746 0.198121 -0.066358
v 0.086239 0.185062 -0.066027
v 0.091204 0.180751 -0.065254
v 0.094926 0.178020 -0.041676
v 0.101850 0.174241 -0.037481
v 0.094845 0.175350 -0.022937
v 0.102316 0.174660 -0.053431
v 0.102566 0.169759 -0.052245
v 0.105324 0.172940 -0.058655
v 0.105398 0.170194 -0.058475
v 0.108339 0.169688 -0.060959
v 0.111129 0.169771 -0.057991
v 0.108012 0.169761 -0.055019
v 0.108334 0.172425 -0.055089
v 0.111223 0.169729 -0.052986
v 0.107794 0.169569 -0.051667
v 0.105115 0.169567 -0.049573
v 0.107253 0.175568 -0.051623
v 0.109962 0.175569 -0.048565
v 0.109879 0.169567 -0.049446
v 0.112852 0.169692 -0.050139
v 0.112831 0.169700 -0.048039
v 0.109099 0.169568 -0.047212
v 0.115796 0.169718 -0.047961
v 0.113006 0.172414 -0.047758
v 0.115575 0.172439 -0.047647
v 0.116629 0.169567 -0.041982
v 0.115950 0.169691 -0.045019
v 0.115617 0.172458 -0.045163
v 0.114052 0.169659 -0.043997
v 0.114314 0.169569 -0.039155
v 0.112972 0.169645 -0.035874
v 0.111719 0.169655 -0.041015
v 0.112156 0.172452 -0.042848
v 0.106939 0.172468 -0.034377
v 0.106623 0.172451 -0.043381
v 0.110708 0.172413 -0.044268
v 0.111490 0.172453 -0.037810
v 0.114463 0.172502 -0.034224
v 0.113155 0.169692 -0.032643
v 0.115750 0.172368 -0.034117
v 0.110747 0.172434 -0.030152
v 0.108245 0.169726 -0.031908
v 0.110822 0.169720 -0.029765
v 0.106370 0.169692 -0.028400
v 0.114082 0.169640 -0.029668
v 0.115254 0.171199 -0.027725
v 0.117439 0.171342 -0.029725
v 0.116120 0.169750 -0.034115
v 0.118166 0.169565 -0.037332
v 0.117797 0.169720 -0.034062
v 0.118293 0.172406 -0.034118
v 0.120851 0.169741 -0.032656
v 0.120466 0.169695 -0.035485
v 0.121416 0.172435 -0.035947
v 0.122233 0.169682 -0.038657
v 0.121437 0.169677 -0.042840
v 0.122673 0.172453 -0.039803
v 0.119216 0.169564 -0.040755
v 0.118047 0.169721 -0.045006
v 0.119438 0.175568 -0.040552
v 0.114560 0.175569 -0.039115
v 0.117233 0.175569 -0.037126
v 0.116093 0.175569 -0.041824
v 0.118305 0.172431 -0.045247
v 0.118150 0.169720 -0.047909
v 0.121022 0.169713 -0.047934
v 0.118423 0.172430 -0.047678
v 0.120972 0.172456 -0.047710
v 0.123173 0.172309 -0.044436
v 0.121554 0.172435 -0.042999
v 0.127427 0.172436 -0.043359
v 0.127012 0.172458 -0.034256
v 0.123192 0.172444 -0.030193
v 0.121117 0.172440 -0.032742
v 0.117974 0.171384 -0.026455
v 0.118659 0.174791 -0.027587
v 0.117415 0.174773 -0.029657
v 0.115461 0.174793 -0.028678
v 0.116239 0.174741 -0.026270
v 0.113090 0.174820 -0.023497
v 0.120991 0.174828 -0.023447
v 0.113352 0.178162 -0.028226
v 0.103744 0.177283 -0.023964
v 0.104647 0.180404 -0.029755
v 0.097631 0.184405 -0.031887
v 0.091947 0.185713 -0.026914
v 0.095080 0.179933 -0.023123
v 0.097581 0.175730 -0.021904
v 0.101146 0.172944 -0.022672
v 0.084636 0.183954 -0.021901
v 0.084822 0.188054 -0.023203
v 0.086210 0.191164 -0.027037
v 0.079303 0.197754 -0.024230
v 0.082982 0.197166 -0.029570
v 0.078454 0.207162 -0.029751
v 0.079141 0.209230 -0.036795
v 0.082400 0.200600 -0.037074
v 0.087084 0.193346 -0.033938
v 0.080075 0.205333 -0.056327
v 0.078517 0.205118 -0.062470
v 0.078266 0.198813 -0.066085
v 0.076507 0.213170 -0.062561
v 0.074534 0.209215 -0.066119
v 0.073519 0.220207 -0.066140
v 0.072176 0.222056 -0.066385
v 0.074732 0.233452 -0.066395
v 0.072051 0.210374 -0.065733
v 0.073508 0.233205 -0.065307
v 0.071263 0.220764 -0.065330
v 0.071261 0.224424 -0.041268
v 0.068969 0.224298 -0.036719
v 0.072470 0.230584 -0.041824
v 0.076269 0.240259 -0.041549
v 0.072084 0.237203 -0.023791
v 0.073701 0.237822 -0.021890
v 0.078528 0.247682 -0.022619
v 0.077614 0.246006 -0.029474
v 0.086401 0.255852 -0.028715
v 0.082060 0.248695 -0.041772
v 0.086220 0.252453 -0.065326
v 0.091706 0.257358 -0.041415
v 0.079315 0.244554 -0.065333
v 0.078590 0.242130 -0.066317
v 0.088700 0.253695 -0.066337
v 0.096622 0.259665 -0.065306
v 0.098407 0.257892 -0.066162
v 0.089845 0.251940 -0.065838
v 0.084234 0.254032 -0.022762
v 0.090632 0.259046 -0.022816
v 0.083545 0.251685 -0.021862
v 0.092490 0.255715 -0.023158
v 0.083714 0.246320 -0.023958
v 0.081376 0.237236 -0.029656
v 0.095210 0.253183 -0.027597
v 0.076149 0.235707 -0.023212
v 0.077829 0.232935 -0.026527
v 0.087844 0.246205 -0.029634
v 0.100603 0.255160 -0.029787
v 0.107877 0.257621 -0.029616
v 0.068716 0.218742 -0.031106
v 0.068924 0.212884 -0.036666
v 0.068744 0.221673 -0.028685
v 0.068776 0.218612 -0.024659
v 0.068751 0.215422 -0.028793
v 0.109531 0.170682 -0.024984
v 0.103679 0.172310 -0.031049
v 0.106130 0.171506 -0.027346
v 0.102745 0.169756 -0.034484
v 0.106254 0.169688 -0.043579
v 0.106246 0.169718 -0.035944
v 0.110628 0.169688 -0.044542
v 0.105970 0.169564 -0.047087
v 0.106803 0.175570 -0.046728
v 0.105084 0.175567 -0.049200
v 0.104670 0.181587 -0.036968
v 0.113013 0.172454 -0.050470
v 0.115514 0.172441 -0.050509
v 0.115664 0.172421 -0.052987
v 0.115915 0.169697 -0.053200
v 0.113062 0.169709 -0.054804
v 0.112996 0.172398 -0.054541
v 0.111091 0.172462 -0.057567
v 0.111425 0.172412 -0.053167
v 0.101030 0.254400 -0.056432
v 0.154703 0.244446 -0.065352
v 0.139379 0.258464 -0.065340
v 0.129749 0.262501 -0.065332
v 0.128192 0.263312 -0.041633
v 0.122651 0.264522 -0.041233
v 0.122686 0.266634 -0.036654
v 0.116099 0.266804 -0.031088
v 0.117191 0.196808 -0.018240
v 0.119916 0.198560 -0.006367
v 0.119842 0.197873 -0.012828
v 0.120006 0.198604 -0.014193
v 0.114911 0.197715 -0.015152
v 0.118362 0.174940 -0.028436
v 0.116959 0.181928 -0.026573
v 0.115827 0.181922 -0.028819
v 0.117947 0.182415 -0.028338
v 0.128852 0.219836 0.004512
v 0.129758 0.221396 -0.001839
v 0.128973 0.220521 0.014129
v 0.128076 0.219462 0.004627
v 0.128933 0.217395 -0.001838
v 0.128893 0.217267 0.004511
v 0.128536 0.219867 0.013829
v 0.129708 0.221594 0.012784
v 0.131644 0.222682 0.008324
v 0.132043 0.223663 0.008740
v 0.129405 0.222327 0.013404
v 0.133455 0.223375 0.004692
v 0.133983 0.222908 0.001087
v 0.134172 0.224100 0.002409
v 0.134604 0.223438 -0.001838
v 0.132751 0.228611 -0.001835
v 0.132345 0.228283 0.001546
v 0.131037 0.227519 0.007295
v 0.129621 0.231580 0.002277
v 0.128888 0.230524 0.006164
v 0.127825 0.229625 0.009515
v 0.128065 0.225658 0.013309
v 0.124226 0.222450 0.018033
v 0.123620 0.228630 0.014580
v 0.121899 0.225408 0.017959
v 0.120924 0.230689 0.013791
v 0.120520 0.221758 0.020131
v 0.117705 0.228235 0.016842
v 0.117395 0.222268 0.020669
v 0.116857 0.218478 0.022000
v 0.115831 0.219507 0.021546
v 0.113349 0.222410 0.019826
v 0.114764 0.225785 0.018533
v 0.114314 0.229574 0.015304
v 0.110233 0.224928 0.017267
v 0.106310 0.223989 0.014707
v 0.109768 0.229435 0.013428
v 0.110358 0.219804 0.019075
v 0.106379 0.216247 0.015690
v 0.106374 0.220495 0.015670
v 0.110358 0.216634 0.018939
v 0.109770 0.212212 0.017001
v 0.112996 0.214037 0.019441
v 0.116357 0.214915 0.020683
v 0.115088 0.209625 0.017395
v 0.110979 0.206778 0.013178
v 0.118672 0.213746 0.020007
v 0.120039 0.207894 0.015607
v 0.114836 0.205879 0.013456
v 0.118885 0.205888 0.013432
v 0.115218 0.204791 0.011839
v 0.118039 0.205779 0.012011
v 0.115864 0.205782 0.012254
v 0.112381 0.204657 0.010856
v 0.110754 0.201853 0.002996
v 0.113297 0.204224 -0.001737
v 0.112303 0.203726 -0.001838
v 0.111807 0.203805 0.007872
v 0.115308 0.204469 0.004650
v 0.110463 0.203395 0.007518
v 0.108333 0.202664 0.002289
v 0.107289 0.204764 0.006165
v 0.107899 0.206582 0.010289
v 0.107842 0.206330 0.006161
v 0.106963 0.207421 0.010338
v 0.107638 0.210505 0.014307
v 0.104253 0.214542 0.012896
v 0.103938 0.210188 0.009621
v 0.105941 0.207420 0.009080
v 0.105050 0.206632 0.006164
v 0.106685 0.207353 0.006161
v 0.102287 0.209362 0.005401
v 0.104354 0.205540 0.002233
v 0.100749 0.210027 0.000569
v 0.104440 0.204765 -0.001838
v 0.105734 0.201886 -0.001838
v 0.110944 0.201175 -0.001827
v 0.100110 0.207375 -0.001771
v 0.099371 0.212944 -0.001837
v 0.099859 0.214428 -0.001838
v 0.099909 0.213135 0.003159
v 0.097425 0.213720 -0.001837
v 0.097885 0.213576 0.002026
v 0.100633 0.216966 -0.001838
v 0.099497 0.218470 -0.001838
v 0.097320 0.223471 -0.001835
v 0.097316 0.217762 0.001486
v 0.098667 0.215483 0.006624
v 0.097896 0.217983 0.001552
v 0.097259 0.219373 0.001358
v 0.097709 0.219173 0.001593
v 0.098308 0.217004 0.003505
v 0.098192 0.217800 0.001363
v 0.099449 0.215970 0.001337
v 0.099487 0.215827 0.007209
v 0.100734 0.215351 0.010085
v 0.102004 0.215612 0.001337
v 0.102076 0.215352 0.012788
v 0.100892 0.212516 0.009777
v 0.103628 0.216397 0.015107
v 0.103667 0.211747 0.013579
v 0.104467 0.218275 0.016253
v 0.106832 0.212467 0.017031
v 0.106862 0.209243 0.015047
v 0.106241 0.206089 0.011350
v 0.100686 0.209669 0.006770
v 0.102743 0.205815 0.004846
v 0.106668 0.203460 0.007425
v 0.104945 0.202718 0.001333
v 0.111704 0.200319 0.005591
v 0.110214 0.199980 0.001633
v 0.114066 0.199157 0.001624
v 0.113689 0.198719 -0.001837
v 0.112078 0.201914 -0.001837
v 0.111638 0.202048 0.002159
v 0.115832 0.199897 0.002463
v 0.114211 0.200358 0.001530
v 0.115916 0.199288 0.003178
v 0.116193 0.200784 0.008646
v 0.118469 0.199118 0.003056
v 0.117583 0.199899 0.002625
v 0.115762 0.200388 0.003076
v 0.119703 0.200299 0.001524
v 0.118212 0.200393 0.003036
v 0.119666 0.199514 0.001515
v 0.120019 0.199006 0.001308
v 0.124719 0.199978 -0.001837
v 0.124637 0.200326 0.001883
v 0.119847 0.204348 0.001783
v 0.119705 0.202499 0.001547
v 0.120259 0.204265 -0.001839
v 0.120230 0.198818 -0.001838
v 0.122611 0.201247 -0.001836
v 0.121898 0.201835 -0.001825
v 0.121670 0.203718 -0.001838
v 0.122222 0.203894 0.008575
v 0.123048 0.201606 0.002058
v 0.123503 0.203162 0.006938
v 0.125882 0.202355 -0.001835
v 0.128503 0.204565 0.002505
v 0.131303 0.206752 -0.001824
v 0.131727 0.209449 0.005431
v 0.128895 0.206595 0.006161
v 0.126711 0.204766 0.006163
v 0.127460 0.207448 0.006160
v 0.126252 0.206485 0.006161
v 0.126023 0.205924 0.009378
v 0.126438 0.207062 0.010529
v 0.124303 0.207567 0.013221
v 0.121497 0.204679 0.010967
v 0.118800 0.204773 0.011868
v 0.117813 0.205484 0.004677
v 0.118565 0.204492 0.004648
v 0.116985 0.204403 0.003357
v 0.116172 0.205483 0.004677
v 0.116068 0.203236 0.002848
v 0.118726 0.203393 0.002848
v 0.114718 0.204368 0.002359
v 0.114219 0.203356 0.001610
v 0.114187 0.202427 0.001542
v 0.115735 0.202541 0.002751
v 0.117583 0.202899 0.002625
v 0.117923 0.202409 0.003148
v 0.119526 0.203235 0.001539
v 0.128470 0.211213 0.012775
v 0.122552 0.212472 0.018053
v 0.124307 0.218161 0.018697
v 0.125848 0.214168 0.016694
v 0.120233 0.217906 0.020862
v 0.127602 0.216373 0.015678
v 0.127733 0.217525 0.014084
v 0.128920 0.216429 0.014261
v 0.127598 0.220758 0.015669
v 0.130046 0.214865 0.012478
v 0.127749 0.217035 0.015049
v 0.128798 0.217073 0.013875
v 0.129806 0.215475 0.012510
v 0.132038 0.214356 0.007853
v 0.131115 0.214792 -0.001838
v 0.133366 0.217053 -0.001838
v 0.131201 0.217850 -0.001838
v 0.134246 0.214404 -0.001815
v 0.134627 0.213479 -0.001836
v 0.133994 0.213131 0.003233
v 0.133744 0.210560 -0.001797
v 0.131950 0.213401 0.008900
v 0.136415 0.212831 -0.001818
v 0.137094 0.218862 -0.001837
v 0.131469 0.204616 -0.001836
v 0.134965 0.212108 0.005068
v 0.134066 0.208527 0.001447
v 0.136719 0.217654 0.001450
v 0.136669 0.219375 0.001453
v 0.134245 0.215676 0.007890
v 0.135324 0.216620 0.004411
v 0.134894 0.215364 0.007425
v 0.136273 0.217938 0.001586
v 0.136172 0.219189 0.001581
v 0.135861 0.219222 0.001422
v 0.135883 0.217916 0.001455
v 0.134581 0.218314 0.001337
v 0.134724 0.216035 0.001336
v 0.132598 0.215220 0.011652
v 0.131799 0.215660 0.001337
v 0.132902 0.217000 0.001337
v 0.131394 0.217832 0.001337
v 0.132351 0.220267 0.001337
v 0.130441 0.220436 0.001337
v 0.129803 0.217834 0.001337
v 0.129981 0.220246 0.015574
v 0.129533 0.218536 0.016202
v 0.131032 0.215780 0.014103
v 0.129963 0.216981 0.015610
v 0.128081 0.215140 0.017271
v 0.126021 0.211072 0.017226
v 0.123595 0.215637 0.020602
v 0.125905 0.220157 0.019412
v 0.132042 0.212378 0.011613
v 0.131025 0.206802 0.007463
v 0.128992 0.207742 0.011842
v 0.125173 0.202064 0.007296
v 0.122245 0.208726 0.017713
v 0.123601 0.205201 0.013562
v 0.121134 0.202123 0.010427
v 0.119903 0.205307 0.015220
v 0.115599 0.204399 0.014436
v 0.116634 0.208656 0.018798
v 0.111563 0.207876 0.016865
v 0.116813 0.213325 0.021696
v 0.121142 0.212776 0.020638
v 0.111558 0.211354 0.019431
v 0.109148 0.216686 0.020150
v 0.114215 0.216216 0.022471
v 0.112783 0.220418 0.022025
v 0.117020 0.218913 0.023580
v 0.118121 0.215675 0.022644
v 0.118529 0.218490 0.023216
v 0.118979 0.222792 0.022035
v 0.122159 0.219467 0.021684
v 0.124404 0.224640 0.018965
v 0.128863 0.223891 0.015970
v 0.121040 0.229325 0.017419
v 0.125973 0.229291 0.014826
v 0.120318 0.226312 0.019810
v 0.115840 0.229071 0.018266
v 0.120343 0.232496 0.014318
v 0.114097 0.224237 0.021157
v 0.112465 0.230807 0.015889
v 0.116347 0.235395 0.010693
v 0.119737 0.235531 0.009959
v 0.115321 0.237676 0.004839
v 0.110989 0.235751 0.007819
v 0.105997 0.234188 0.004857
v 0.107579 0.235970 0.001333
v 0.111176 0.237553 0.000988
v 0.109841 0.231721 0.013506
v 0.105478 0.231973 0.008950
v 0.105391 0.228708 0.012826
v 0.101583 0.228742 0.006982
v 0.102082 0.231663 0.001795
v 0.106482 0.235375 0.001026
v 0.101981 0.231972 -0.001838
v 0.098611 0.225361 0.003411
v 0.101404 0.225035 0.010519
v 0.098868 0.221663 0.006988
v 0.099542 0.221463 0.007530
v 0.102014 0.221741 0.012483
v 0.101305 0.222321 0.011652
v 0.103865 0.220457 0.015422
v 0.104631 0.224441 0.015128
v 0.107355 0.220987 0.018725
v 0.107762 0.226128 0.017054
v 0.110029 0.224756 0.019197
v 0.102365 0.221349 0.001337
v 0.104052 0.219574 0.001337
v 0.102682 0.219035 0.001337
v 0.103817 0.217148 0.001337
v 0.102057 0.217291 0.001337
v 0.102305 0.217509 -0.001838
v 0.099811 0.217411 0.001337
v 0.098145 0.219290 0.001418
v 0.100469 0.220183 0.001337
v 0.102607 0.219374 -0.001838
v 0.099443 0.221289 0.001336
v 0.100448 0.220099 -0.001838
v 0.099970 0.222618 -0.001821
v 0.102856 0.222340 -0.001838
v 0.099343 0.223347 -0.001837
v 0.099689 0.223495 0.001837
v 0.100215 0.226548 -0.001819
v 0.100226 0.223930 0.004080
v 0.106775 0.234174 -0.001842
v 0.101813 0.228190 0.003242
v 0.101518 0.223622 0.007822
v 0.104511 0.227049 0.010478
v 0.104972 0.230560 0.006162
v 0.105108 0.232261 0.002145
v 0.107425 0.234027 0.001290
v 0.107514 0.232736 0.006178
v 0.111828 0.232727 0.010457
v 0.111631 0.235114 0.005041
v 0.107912 0.230846 0.009844
v 0.107346 0.232136 0.006170
v 0.108448 0.234675 0.001103
v 0.108617 0.235000 -0.001838
v 0.111627 0.235967 0.001093
v 0.111290 0.236080 -0.001838
v 0.110872 0.237651 -0.001835
v 0.112824 0.236268 0.001260
v 0.112329 0.237786 0.001385
v 0.116396 0.238345 0.001258
v 0.112744 0.238142 -0.001838
v 0.113157 0.236599 -0.001837
v 0.116017 0.236992 -0.001835
v 0.116017 0.238552 -0.001838
v 0.116407 0.236735 0.001238
v 0.115042 0.235920 0.004587
v 0.118944 0.235912 0.004608
v 0.117634 0.236755 0.001139
v 0.123197 0.235288 0.004010
v 0.117954 0.236965 -0.001838
v 0.117954 0.238561 -0.001838
v 0.117669 0.238409 0.001082
v 0.121183 0.236258 0.001327
v 0.122756 0.237510 0.001096
v 0.120814 0.236597 -0.001838
v 0.121542 0.237815 0.001253
v 0.122383 0.236010 0.001029
v 0.122682 0.236083 -0.001838
v 0.125355 0.235001 -0.001838
v 0.125516 0.234633 0.001118
v 0.126278 0.236123 0.000880
v 0.127244 0.235470 0.001435
v 0.126536 0.234024 0.001278
v 0.127036 0.234037 -0.001836
v 0.127998 0.235540 -0.001834
v 0.133693 0.229896 -0.001806
v 0.130576 0.232027 0.005055
v 0.125531 0.232811 0.010948
v 0.130417 0.228597 0.010693
v 0.133744 0.225360 0.008076
v 0.134582 0.226948 0.003386
v 0.126304 0.235031 0.005680
v 0.121987 0.236732 0.005898
v 0.136748 0.223059 -0.001814
v 0.135041 0.221705 0.007160
v 0.134592 0.218668 -0.001838
v 0.132613 0.220249 -0.001838
v 0.133695 0.222600 -0.001837
v 0.134643 0.221256 0.006867
v 0.131889 0.221872 0.012861
v 0.132460 0.221622 0.001337
v 0.132608 0.221793 0.011201
v 0.134973 0.220831 0.001336
v 0.123092 0.237614 -0.001838
v 0.126142 0.236370 -0.001838
v 0.121223 0.238129 -0.001838
v 0.126689 0.232379 0.006167
v 0.126031 0.231245 0.009273
v 0.119153 0.234699 0.007951
v 0.123598 0.232571 0.009653
v 0.126573 0.229927 0.010569
v 0.126723 0.229895 0.006159
v 0.119069 0.231279 0.013400
v 0.118426 0.233500 0.009692
v 0.118286 0.235504 0.004703
v 0.117906 0.234963 0.004606
v 0.115980 0.235271 0.004618
v 0.117777 0.231674 0.004695
v 0.116194 0.231675 0.004692
v 0.118047 0.231386 0.011915
v 0.115959 0.231413 0.011583
v 0.115563 0.231325 0.012764
v 0.114779 0.231264 0.013418
v 0.115139 0.233373 0.010427
v 0.115194 0.234892 0.007409
v 0.107833 0.236356 -0.001838
v 0.106511 0.229685 0.006160
v 0.107719 0.230647 0.006161
v 0.107269 0.229845 0.010528
v 0.105982 0.229698 0.009107
v 0.103793 0.222397 0.012278
v 0.102062 0.222688 0.007385
v 0.105044 0.220447 0.014184
v 0.103772 0.221896 0.011339
v 0.106229 0.219576 0.014014
v 0.105113 0.219832 0.004506
v 0.105037 0.219742 -0.001838
v 0.105036 0.217198 0.004512
v 0.104213 0.215737 -0.001839
v 0.102327 0.214451 0.008324
v 0.104262 0.215538 0.012784
v 0.102203 0.213623 0.009297
v 0.100516 0.213757 0.004692
v 0.104998 0.216611 0.014129
v 0.106226 0.216938 0.015175
v 0.105439 0.217270 0.013827
v 0.106242 0.217533 0.014147
v 0.105895 0.217671 0.004618
v 0.105911 0.219455 0.004656
v 0.099987 0.214225 0.001088
v 0.106151 0.235394 -0.001838
v 0.098831 0.220693 0.004695
v 0.111737 0.204002 0.012829
v 0.129942 0.203690 0.002539
v 0.127711 0.219678 0.014561
v 0.128067 0.217674 0.004643
v 0.127357 0.207484 0.009974
v 0.128201 0.207324 0.008691
vn 0.2842 -0.9586 -0.0159
vn -0.2743 -0.9615 -0.0185
vn -0.3418 -0.9395 -0.0206
vn -0.5732 -0.8191 -0.0213
vn 0.2706 -0.9627 -0.0037
vn 0.0024 -0.1267 -0.9919
vn 0.0021 -0.1284 -0.9917
vn 0.0010 -0.1346 -0.9909
vn -0.0015 -0.1490 -0.9888
vn -0.2676 -0.9631 -0.0294
vn -0.2748 -0.9614 -0.0142
vn -0.4107 -0.9115 0.0234
vn -0.0002 -0.0002 1.0000
vn 0.0002 0.0051 1.0000
vn 0.0001 -0.0040 1.0000
vn -0.0491 -0.7395 0.6714
vn -0.1759 -0.9825 0.0608
vn -0.1517 -0.9834 0.0992
vn -0.7642 -0.6448 0.0126
vn 0.0093 0.0197 0.9998
vn 0.0476 0.0661 0.9967
vn 0.3003 0.9275 0.2226
vn 0.3003 0.9278 0.2213
vn 0.3002 0.9299 0.2126
vn -0.1730 0.8696 -0.4624
vn 0.0040 -0.0067 1.0000
vn -0.4922 0.5840 -0.6455
vn -0.2781 0.6939 0.6642
vn 0.0017 0.0022 1.0000
vn 0.0013 0.0033 1.0000
vn -0.0003 -0.0004 1.0000
vn -0.0032 0.0570 0.9984
vn -0.0035 -0.0003 1.0000
vn 0.0966 0.0672 0.9930
vn -0.6116 -0.0169 0.7910
vn 0.7348 -0.6781 -0.0179
vn 0.7369 -0.6757 0.0196
vn 0.3247 -0.9456 0.0184
vn 0.9209 -0.3896 -0.0108
vn 0.0251 0.0069 0.9997
vn 0.9582 -0.2838 0.0352
vn 0.9120 -0.4018 -0.0827
vn 0.0935 0.0630 0.9936
vn 0.9734 -0.2289 0.0119
vn 0.9937 -0.0929 0.0635
vn 0.9199 -0.3893 -0.0466
vn 0.7710 -0.5846 -0.2526
vn 0.1589 -0.9873 0.0006
vn 0.0787 -0.9968 0.0102
vn 0.2853 -0.9583 0.0138
vn -0.2927 -0.8711 -0.3944
vn -0.3289 -0.8440 -0.4237
vn -0.2999 -0.8659 -0.4003
vn 0.1939 -0.9709 0.1406
vn -0.3355 -0.8387 -0.4290
vn -0.9996 0.0280 -0.0104
vn -0.9998 0.0070 -0.0203
vn -0.9998 -0.0123 -0.0161
vn -0.9986 -0.0332 -0.0408
vn -0.9986 0.0440 -0.0297
vn -0.3621 0.8075 -0.4657
vn -0.3264 0.8387 -0.4360
vn -0.3327 0.8333 -0.4414
vn -0.3701 0.8000 -0.4723
vn -0.6518 0.0387 -0.7574
vn 0.1202 -0.0137 -0.9927
vn 0.1199 -0.0139 -0.9927
vn 0.1200 -0.0136 -0.9927
vn 0.6908 0.6837 -0.2352
vn 0.8808 0.4726 -0.0306
vn 0.9206 0.3894 -0.0289
vn 0.9948 0.0905 -0.0467
vn 0.9883 -0.1513 -0.0173
vn 0.1195 -0.0137 -0.9927
vn 0.9571 0.2877 -0.0332
vn 0.7033 0.7109 -0.0083
vn 0.9629 0.2656 0.0472
vn 0.8826 0.4692 0.0312
vn 0.3734 0.9274 -0.0229
vn 0.2221 0.9750 0.0070
vn 0.5488 0.8357 0.0220
vn 0.4384 0.8985 -0.0235
vn 0.0294 0.2120 -0.9768
vn -0.0039 -0.0003 -1.0000
vn -0.0053 -0.0085 -0.9999
vn -0.0043 0.1739 -0.9848
vn -0.0057 0.1669 -0.9860
vn -0.2665 0.9635 -0.0242
vn -0.2980 0.9545 -0.0092
vn -0.0190 0.0936 -0.9954
vn -0.3617 0.9303 0.0612
vn -0.2648 0.9630 -0.0506
vn 0.0167 -0.6182 -0.7858
vn -0.8681 0.4042 -0.2881
vn 0.8383 -0.3286 -0.4350
vn 0.9360 -0.2141 -0.2793
vn 0.6065 -0.5206 -0.6010
vn -0.8019 -0.3855 -0.4565
vn -0.7435 -0.4168 -0.5230
vn -0.7344 -0.4210 -0.5323
vn 0.8053 0.4401 -0.3973
vn -0.8080 -0.3818 -0.4488
vn -0.9890 -0.1403 0.0458
vn -0.9928 -0.0896 0.0797
vn -0.9812 -0.1925 0.0103
vn -0.0093 -0.9996 -0.0281
vn 0.0366 -0.9979 -0.0526
vn 0.0144 -0.9995 -0.0264
vn 0.2305 -0.5518 0.8015
vn 0.1096 -0.6217 0.7755
vn -0.0297 -0.6615 0.7494
vn -0.9548 0.2234 0.1962
vn -0.9107 0.2932 0.2911
vn -0.8846 0.3425 0.3164
vn -0.9741 -0.2258 -0.0125
vn -0.0386 0.9991 -0.0169
vn -0.0911 0.9953 0.0338
vn 0.0063 0.9999 -0.0145
vn 0.0010 0.9998 -0.0212
vn -0.0000 -0.0000 -1.0000
vn -0.1017 0.9927 0.0647
vn 0.5761 0.0266 -0.8170
vn 0.3593 -0.0443 -0.9322
vn 0.3137 -0.0580 -0.9478
vn -0.0117 0.9993 0.0351
vn 0.0004 0.9999 0.0168
vn 0.6223 0.0432 -0.7816
vn 0.9932 0.0806 0.0836
vn 0.5861 -0.1038 0.8036
vn -0.0872 0.9266 0.3659
vn -0.2402 0.0725 0.9680
vn -0.9955 -0.0725 0.0607
vn -0.8928 0.0535 -0.4472
vn -0.3413 0.9218 -0.1842
vn -0.0062 -0.7451 0.6669
vn -0.0694 -0.7017 0.7090
vn 0.0683 -0.7573 0.6494
vn 0.9857 -0.1676 0.0178
vn 0.9966 -0.0816 -0.0086
vn 0.9976 -0.0691 -0.0055
vn 0.0573 -0.6603 0.7488
vn 0.0959 0.7238 0.6833
vn 0.5023 0.6141 0.6087
vn 0.1276 0.7201 0.6820
vn 0.1023 -0.5509 0.8283
vn 0.5178 0.6069 0.6030
vn 0.9194 0.3000 0.2543
vn 0.9394 0.2695 0.2119
vn 0.9178 0.3022 0.2574
vn 0.9411 0.2666 0.2078
vn 0.1908 0.9809 0.0378
vn 0.1655 0.9858 0.0297
vn 0.0835 0.9963 0.0189
vn -0.1089 0.8503 0.5148
vn -0.2627 0.9647 0.0198
vn -0.2691 0.9626 0.0315
vn -0.3343 0.9330 0.1336
vn -0.9009 0.3084 0.3053
vn -0.7950 0.4430 0.4144
vn -0.3693 0.9288 0.0303
vn -0.5664 0.8241 -0.0068
vn -0.3539 0.9352 0.0154
vn -0.7735 0.6334 -0.0231
vn -0.8104 0.5856 -0.0184
vn -0.6246 0.7809 0.0098
vn 0.1740 -0.1322 0.9758
vn 0.0776 -0.1561 0.9847
vn 0.1152 -0.0679 0.9910
vn 0.0165 -0.0323 0.9993
vn 0.0194 -0.0301 0.9994
vn -0.9091 0.4160 0.0237
vn 0.0100 -0.0474 0.9988
vn 0.0291 -0.0111 0.9995
vn 0.6170 0.7869 0.0103
vn 0.0370 0.0181 0.9991
vn 0.8382 -0.5125 -0.1865
vn -0.0180 0.0093 0.9998
vn 0.0420 -0.0761 0.9962
vn -0.0230 -0.1099 0.9937
vn 0.0073 -0.9602 0.2791
vn -0.0047 -0.0114 0.9999
vn -0.0402 -0.1917 0.9806
vn -0.0206 -0.0343 0.9992
vn -0.4187 -0.8597 -0.2926
vn -0.0335 -0.0159 0.9993
vn -0.0296 -0.0878 0.9957
vn -0.0955 -0.0990 0.9905
vn -0.0172 -0.0149 0.9997
vn 0.0014 -0.0217 0.9998
vn 0.0173 0.0188 0.9997
vn -0.1658 -0.1877 0.9681
vn -0.8391 -0.5204 -0.1585
vn 0.0548 -0.0961 0.9939
vn 0.0529 -0.0326 0.9981
vn -0.0561 0.0158 0.9983
vn -0.6259 0.7797 0.0204
vn 0.0364 0.0662 0.9971
vn 0.0925 0.0818 0.9923
vn 0.1277 -0.1108 0.9856
vn 0.1178 -0.0294 0.9926
vn -0.7321 0.1859 0.6554
vn -0.5477 -0.3996 -0.7351
vn 0.3100 0.6726 0.6719
vn -0.3233 0.6610 -0.6772
vn -0.5111 -0.4057 -0.7578
vn -0.6095 -0.7887 0.0804
vn -0.6987 0.1514 0.6992
vn 0.0334 0.0055 0.9994
vn 0.0083 0.0003 1.0000
vn -0.0092 0.0014 1.0000
vn -0.0813 -0.0119 0.9966
vn 0.0090 -0.0377 0.9992
vn -0.0225 -0.0146 0.9996
vn 0.8003 -0.1953 0.5668
vn 0.0272 -0.0279 0.9992
vn 0.0313 0.0102 0.9995
vn -0.0846 0.0100 0.9964
vn 0.4142 0.0958 0.9051
vn 0.1669 -0.0213 0.9857
vn 0.1339 0.0426 0.9901
vn -0.7677 0.0495 0.6389
vn -0.9492 -0.3146 0.0089
vn -0.9926 -0.1202 0.0171
vn -0.9635 -0.2675 -0.0120
vn -0.7997 -0.6003 -0.0132
vn -0.9512 -0.3085 -0.0045
vn -0.6436 -0.7265 -0.2406
vn -0.6336 -0.7705 -0.0701
vn -0.5997 -0.7473 -0.2862
vn -0.9634 -0.2660 -0.0321
vn -0.3095 -0.9150 0.2587
vn -0.3886 -0.8434 0.3710
vn -0.3951 -0.8361 0.3805
vn 0.1632 -0.9662 -0.1996
vn -0.2966 -0.9242 0.2407
vn -0.7292 0.0431 0.6829
vn 0.7506 -0.0169 0.6606
vn 0.6678 -0.0343 0.7436
vn 0.7430 0.0384 0.6682
vn 0.6045 -0.0154 0.7964
vn 0.6368 -0.0400 0.7700
vn 0.6553 0.0454 0.7540
vn -0.9995 0.0182 -0.0239
vn -0.9994 0.0319 -0.0135
vn -0.9993 -0.0070 0.0369
vn -0.9964 -0.0494 0.0683
vn -0.9912 -0.1113 0.0723
vn 0.1624 0.9866 0.0166
vn 0.0832 0.9965 -0.0081
vn 0.0705 0.9975 -0.0051
vn -0.9999 0.0021 -0.0163
vn -0.9996 -0.0253 -0.0146
vn 0.1571 0.9875 0.0104
vn 0.4449 0.8911 0.0889
vn 0.9996 -0.0261 -0.0123
vn 0.9995 -0.0062 -0.0298
vn 0.9994 0.0175 -0.0301
vn 0.9985 -0.0453 -0.0309
vn 0.5399 0.0901 0.8369
vn -0.2325 0.9543 0.1878
vn -0.2539 0.9414 0.2223
vn -0.2508 0.9433 0.2173
vn 0.3214 0.8492 -0.4190
vn 0.3063 0.8610 -0.4059
vn 0.2998 0.8669 -0.3983
vn 0.3336 0.8385 -0.4308
vn 0.2971 0.8680 -0.3979
vn -0.2433 0.8495 -0.4681
vn 0.4859 0.6675 -0.5642
vn 0.4573 -0.6577 -0.5986
vn 0.4266 -0.7340 -0.5284
vn 0.4546 -0.6653 -0.5922
vn -0.2329 -0.8485 -0.4752
vn -0.2934 -0.8299 -0.4745
vn 0.4240 -0.7395 -0.5228
vn 0.5974 0.0245 -0.8015
vn -0.1368 -0.0029 -0.9906
vn -0.1261 -0.0007 -0.9920
vn -0.1282 -0.0011 -0.9917
vn -0.9641 -0.2628 -0.0372
vn -0.9507 0.3094 -0.0213
vn -0.9642 0.2640 -0.0252
vn -0.9639 0.2658 -0.0128
vn -0.1255 -0.0005 -0.9921
vn -0.9969 0.0754 -0.0221
vn -0.8407 -0.5408 -0.0257
vn -0.0000 -0.0001 -1.0000
vn -0.2309 0.9551 0.1854
vn -0.9828 0.1753 0.0584
vn -0.9839 0.1486 0.0996
vn -0.5951 0.5440 0.5915
vn 0.9973 0.0429 -0.0602
vn 0.1474 -0.9876 0.0543
vn 0.0878 -0.9916 0.0953
vn 0.2065 -0.9784 0.0128
vn 0.2455 -0.9693 -0.0150
vn -0.9935 -0.1085 0.0355
vn -0.0078 0.7948 0.6068
vn -0.0782 0.9953 0.0576
vn 0.0573 0.6827 -0.7285
vn -0.9438 -0.1076 -0.3125
vn -0.9676 -0.2310 -0.1021
vn -0.9678 -0.2231 -0.1166
vn -0.0691 -0.3091 -0.9485
vn -0.9249 -0.3529 0.1413
vn -0.0390 -0.9380 0.3444
vn 0.0397 -0.7102 0.7029
vn -0.0242 -0.9072 0.4200
vn 0.0428 -0.7400 -0.6712
vn -0.0712 0.3607 0.9300
vn 0.0528 -0.6563 0.7526
vn 0.7654 0.6089 0.2082
vn 0.1813 0.0651 0.9813
vn 0.0008 -0.0313 0.9995
vn 0.0055 -0.0182 0.9998
vn 0.3002 0.9300 0.2120
vn -0.7537 -0.3616 0.5488
vn -0.0035 0.0039 1.0000
vn -0.0022 0.0035 1.0000
vn -0.9195 -0.0202 -0.3925
vn -0.6776 0.5160 0.5240
vn -0.0000 0.0001 -1.0000
vn 0.3114 0.9497 0.0341
vn 0.8786 -0.2802 -0.3867
vn -0.0270 -0.9996 -0.0131
vn -0.0476 -0.9983 -0.0329
vn 0.8780 -0.4691 0.0949
vn 0.9868 -0.1615 0.0114
vn 0.9801 -0.1105 -0.1647
vn 0.2886 0.9570 -0.0294
vn 0.2506 0.9634 -0.0954
vn -0.0001 -0.0000 -1.0000
vn 0.9730 0.1963 0.1217
vn 0.4884 0.7391 0.4640
vn 0.5373 0.6509 0.5364
vn 0.4899 0.7366 0.4662
vn 0.5416 0.6418 0.5429
vn 0.0056 0.9996 -0.0292
vn 0.0369 0.9993 -0.0014
vn 0.2111 0.9652 0.1544
vn 0.2299 0.9580 0.1714
vn -0.8138 0.0389 0.5798
vn -0.9050 -0.0320 0.4243
vn -0.7755 -0.0064 0.6313
vn -0.5169 0.0246 0.8557
vn -0.1486 0.9877 0.0478
vn -0.2893 0.9568 -0.0283
vn -0.1859 0.9820 -0.0329
vn -0.0857 0.9963 -0.0087
vn -0.7666 0.0293 0.6414
vn 0.9997 0.0229 0.0079
vn 0.9995 0.0207 -0.0233
vn 0.9994 0.0322 0.0146
vn 0.9999 -0.0116 0.0110
vn -0.7577 -0.0374 0.6516
vn 0.9997 0.0158 -0.0167
vn 0.9997 -0.0232 -0.0080
vn -0.0240 0.5203 -0.8536
vn 0.0724 -0.0434 -0.9964
vn -0.0744 -0.9944 0.0756
vn -0.0362 -0.9793 0.1989
vn -0.0661 -0.9925 0.1028
vn 0.9997 -0.0033 -0.0223
vn -0.0481 0.5307 0.8462
vn 0.0383 0.2263 0.9733
vn 0.0179 0.3021 0.9531
vn -0.0251 -0.9720 0.2337
vn -0.0657 0.5870 0.8069
vn -0.1684 -0.9856 0.0171
vn -0.1589 -0.9872 0.0106
vn -0.0820 -0.9966 -0.0086
vn -0.0718 -0.9974 -0.0061
vn -0.7428 -0.0042 0.6695
vn -0.6857 -0.0228 0.7275
vn -0.5042 0.0077 0.8635
vn -0.4615 -0.8823 0.0925
vn 0.5243 -0.6954 0.4915
vn 0.5687 -0.6042 0.5581
vn 0.5651 -0.6126 0.5526
vn 0.2093 -0.9656 0.1542
vn 0.9443 0.0692 0.3219
vn 0.9706 -0.1332 0.2005
vn 0.9706 -0.1236 0.2066
vn 0.0626 0.8979 -0.4357
vn 0.9442 -0.3210 0.0731
vn -0.0894 0.9906 0.1034
vn 0.5225 -0.6986 0.4888
vn 0.9013 -0.4332 -0.0007
vn -0.0004 0.0003 -1.0000
vn 0.5538 -0.8325 -0.0172
vn 0.3618 -0.9314 -0.0400
vn 0.4432 -0.8962 -0.0214
vn 0.0028 -0.0048 -1.0000
vn 0.3896 -0.9207 -0.0228
vn -0.9530 -0.2374 0.1884
vn -0.9411 -0.2571 0.2197
vn -0.9539 -0.2357 0.1858
vn -0.6130 -0.5645 0.5528
vn -0.0309 -0.7301 0.6826
vn -0.9391 -0.2601 0.2245
vn -0.0632 0.6605 0.7482
vn -0.0352 0.7355 0.6766
vn -0.1086 0.5503 0.8279
vn 0.0130 0.7471 0.6646
vn 0.0378 0.6640 0.7467
vn 0.0091 -0.9993 0.0354
vn 0.0319 -0.9983 0.0481
vn 0.0996 -0.9929 0.0649
vn 0.0402 0.6363 0.7704
vn -0.0232 -0.9996 -0.0162
vn -0.0172 -0.9996 -0.0229
vn -0.9854 0.1692 0.0181
vn -0.9965 0.0832 -0.0081
vn -0.9975 0.0708 -0.0052
vn 0.0233 -0.9996 -0.0129
vn -0.0002 -0.0003 -1.0000
vn -0.0004 -0.0006 -1.0000
vn -0.9866 0.1628 0.0117
vn -0.0006 -0.0009 -1.0000
vn -0.8780 0.4692 0.0947
vn 0.0226 0.9997 -0.0088
vn 0.0475 0.9983 -0.0329
vn 0.0021 0.9997 -0.0261
vn -0.0258 0.9994 -0.0237
vn 0.9889 0.1349 0.0626
vn 0.9918 0.0679 0.1084
vn 0.9794 0.2011 0.0163
vn -0.0511 0.9972 -0.0543
vn -0.0090 0.0145 0.9999
vn -0.0052 0.0087 0.9999
vn -0.0147 0.0234 0.9996
vn 0.1398 0.9885 0.0569
vn -0.1194 0.9910 0.0602
vn -0.0312 0.9909 -0.1311
vn -0.0000 0.0009 1.0000
vn -0.2408 0.9594 0.1470
vn -0.1900 0.8851 0.4249
vn -0.3030 0.9447 -0.1256
vn -0.9948 -0.1009 0.0152
vn -0.9940 -0.1083 0.0176
vn -0.9942 -0.1063 0.0170
vn -0.2163 0.8920 -0.3969
vn 0.2100 0.9706 -0.1173
vn -0.0607 0.8537 -0.5173
vn 0.1536 0.9024 -0.4026
vn -0.0651 0.7211 -0.6897
vn -0.2767 0.7152 -0.6418
vn -0.0165 -0.0003 -0.9999
vn 0.0162 -0.0297 -0.9994
vn 0.0202 -0.0614 -0.9979
vn -0.0297 0.0453 -0.9985
vn -0.1562 0.1509 -0.9761
vn -0.4597 0.5602 -0.6890
vn 0.2175 -0.1719 -0.9608
vn -0.4325 0.8163 -0.3829
vn -0.5278 0.5668 -0.6326
vn -0.6239 0.4808 -0.6161
vn -0.5347 0.8346 -0.1322
vn -0.5764 0.7468 -0.3317
vn -0.6566 0.7296 -0.1911
vn -0.6225 0.7825 -0.0167
vn -0.4511 0.8819 0.1372
vn -0.7071 0.7021 -0.0843
vn -0.6462 0.7608 0.0598
vn -0.7822 0.6067 0.1412
vn -0.7901 0.6130 -0.0094
vn -0.5589 0.7606 0.3304
vn -0.8909 0.4350 -0.1304
vn -0.7556 0.6293 -0.1817
vn 0.7271 0.6291 0.2750
vn 0.6384 0.5439 0.5446
vn 0.6199 0.4989 0.6056
vn 0.6942 0.6213 0.3633
vn 0.7287 0.6822 -0.0603
vn -0.6553 0.5902 -0.4714
vn -0.7517 0.4717 -0.4610
vn 0.6799 0.5871 -0.4394
vn -0.7286 0.2663 -0.6310
vn -0.8589 0.2536 -0.4449
vn -0.7801 0.1548 -0.6062
vn -0.3567 -0.1268 -0.9256
vn -0.3344 -0.0732 -0.9396
vn -0.3468 -0.0797 -0.9345
vn -0.9823 0.1473 -0.1154
vn -0.9392 0.0391 -0.3411
vn -0.8782 -0.0490 -0.4758
vn -0.9646 -0.2232 -0.1406
vn -0.8982 -0.1287 -0.4203
vn -0.8167 -0.3347 -0.4701
vn -0.7439 -0.2939 -0.6002
vn -0.1672 -0.0735 -0.9832
vn -0.1414 -0.0395 -0.9892
vn -0.0760 -0.0483 -0.9959
vn -0.0714 -0.0468 -0.9963
vn -0.4829 -0.4846 -0.7294
vn -0.5992 -0.5682 -0.5639
vn -0.8060 -0.4758 -0.3520
vn -0.4877 -0.5517 -0.6766
vn -0.4642 -0.6285 -0.6241
vn -0.3877 -0.4361 -0.8121
vn 0.1469 0.1644 -0.9754
vn 0.1552 0.2208 -0.9629
vn 0.1559 0.1873 -0.9698
vn -0.0027 -0.0537 -0.9986
vn -0.0905 -0.1572 -0.9834
vn -0.5643 -0.6228 -0.5419
vn -0.5144 -0.7298 -0.4503
vn -0.2998 -0.7481 -0.5920
vn -0.0096 0.2691 -0.9631
vn -0.3100 -0.8487 -0.4284
vn 0.0075 -0.7596 -0.6504
vn -0.0272 0.2523 -0.9673
vn 0.0088 0.2727 -0.9621
vn -0.0278 0.2489 -0.9681
vn 0.1481 -0.7141 -0.6842
vn 0.1079 -0.1993 -0.9740
vn -0.0664 -0.8904 -0.4504
vn -0.1643 -0.9790 -0.1209
vn 0.1192 -0.9437 -0.3086
vn 0.3677 -0.8255 -0.4282
vn 0.0311 -0.9958 -0.0866
vn 0.2386 -0.9642 -0.1158
vn -0.1105 -0.9929 0.0443
vn 0.1139 -0.9916 0.0613
vn 0.0002 -0.0025 1.0000
vn 0.9971 0.0760 0.0036
vn 0.9963 0.0858 0.0082
vn 0.9966 0.0821 0.0065
vn 0.1434 -0.9092 0.3908
vn 0.2907 -0.9541 0.0723
vn 0.0002 -0.0026 1.0000
vn -0.0049 -0.9997 0.0233
vn 0.0164 -0.9997 0.0179
vn 0.0192 -0.9995 0.0269
vn -0.0209 -0.9997 -0.0083
vn -0.0287 -0.9995 0.0094
vn -0.9921 0.1229 0.0247
vn -0.9914 0.1280 0.0269
vn -0.9911 0.1302 0.0278
vn -0.9924 0.1204 0.0237
vn 0.0323 -0.9994 0.0118
vn 0.5910 -0.1519 0.7922
vn 0.8960 0.1673 0.4112
vn -0.4979 0.1423 0.8555
vn 0.0174 -0.9998 -0.0047
vn -0.0091 -0.9999 -0.0089
vn 0.8244 -0.1304 -0.5508
vn 0.4624 0.1288 -0.8773
vn -0.8500 0.1624 -0.5012
vn -0.4625 -0.1727 -0.8697
vn -0.8313 -0.1753 0.5275
vn -0.5225 0.7595 0.3875
vn -0.8926 0.4320 -0.1288
vn -0.2730 0.7351 -0.6205
vn 0.0302 0.9992 0.0258
vn 0.0374 0.9993 -0.0077
vn 0.0157 0.9994 0.0305
vn -0.0017 0.9995 0.0324
vn -0.0111 0.9999 -0.0071
vn 0.1172 0.2153 -0.9695
vn 0.0064 0.9958 0.0914
vn -0.0116 0.9714 -0.2372
vn -0.9933 0.1129 -0.0259
vn -0.1929 0.9718 -0.1356
vn -0.1075 0.9814 -0.1593
vn -0.2968 0.9516 -0.0803
vn -0.3380 0.9357 -0.1009
vn -0.4811 0.7382 0.4729
vn -0.0365 0.4497 0.8924
vn -0.1474 0.4702 0.8702
vn -0.2815 0.5750 0.7682
vn -0.3475 0.9372 -0.0292
vn -0.2287 0.9734 -0.0169
vn -0.1055 0.4722 0.8752
vn 0.1055 0.6758 0.7295
vn 0.0920 0.7030 0.7052
vn -0.2082 -0.3516 0.9127
vn -0.1010 -0.4325 0.8960
vn -0.0865 -0.5832 0.8077
vn 0.0004 -0.4933 0.8698
vn 0.2325 -0.9451 0.2296
vn 0.1901 -0.6878 0.7006
vn 0.2164 -0.9125 0.3471
vn 0.0046 -0.4193 0.9079
vn 0.0350 -0.4442 0.8953
vn 0.1211 0.3651 0.9231
vn 0.1183 0.3425 0.9320
vn 0.2609 0.9602 -0.1001
vn 0.2067 0.9765 -0.0607
vn 0.3121 0.9487 -0.0509
vn 0.4033 0.6579 0.6360
vn 0.4257 0.6914 0.5838
vn 0.4419 0.7154 0.5412
vn 0.4909 0.7868 0.3741
vn 0.4443 0.8916 -0.0871
vn 0.5784 0.8101 -0.0958
vn 0.6299 0.7757 0.0391
vn 0.4457 0.8913 -0.0830
vn 0.7293 0.6714 0.1320
vn 0.6430 0.7611 -0.0858
vn 0.8133 0.5764 -0.0799
vn 0.8430 0.5258 -0.1137
vn 0.6893 0.5802 0.4339
vn 0.9291 0.3533 -0.1090
vn 0.9443 0.3266 -0.0395
vn 0.9409 0.3301 -0.0764
vn 0.4197 0.1343 0.8976
vn 0.4659 0.3254 0.8228
vn 0.5773 0.3036 0.7580
vn 0.1381 0.1253 0.9825
vn 0.9717 0.2118 -0.1046
vn 0.9810 0.1121 -0.1581
vn 0.9119 0.1002 -0.3981
vn 0.8645 0.3239 -0.3843
vn 0.8148 0.1869 -0.5489
vn 0.9829 -0.1023 -0.1532
vn 0.7355 0.0126 -0.6774
vn 0.6564 -0.0418 -0.7533
vn 0.9965 -0.0809 -0.0202
vn 0.9713 0.0144 -0.2374
vn 0.9758 -0.0076 -0.2186
vn 0.9719 -0.2339 -0.0267
vn 0.9565 -0.2803 -0.0804
vn 0.9473 -0.2219 0.2309
vn 0.9770 -0.1735 -0.1239
vn 0.0306 -0.9991 -0.0307
vn 0.9195 -0.3922 -0.0254
vn 0.9124 -0.3967 -0.1013
vn 0.8742 -0.4786 -0.0814
vn 0.8535 -0.5201 -0.0320
vn 0.8760 -0.3083 0.3708
vn 0.7362 -0.6695 -0.0992
vn 0.7469 -0.6599 -0.0811
vn 0.6909 -0.7220 -0.0373
vn 0.6924 -0.5579 0.4576
vn 0.4745 -0.2613 0.8406
vn -0.3195 0.2856 0.9035
vn -0.3564 0.1270 0.9257
vn -0.5462 0.1836 0.8173
vn -0.6111 0.0145 0.7914
vn -0.5716 -0.0470 0.8192
vn -0.4857 -0.0446 0.8730
vn 0.7770 -0.1246 0.6171
vn 0.8039 0.0068 0.5947
vn 0.6699 0.1116 0.7340
vn 0.3564 -0.0267 0.9339
vn -0.6934 -0.1787 0.6980
vn -0.4208 -0.2204 0.8800
vn -0.9132 -0.2563 0.3168
vn -0.8713 -0.1681 0.4610
vn -0.7975 -0.3674 0.4785
vn -0.5314 -0.2485 0.8098
vn -0.5844 -0.4521 0.6739
vn -0.4889 -0.5134 0.7053
vn -0.5393 -0.7050 0.4607
vn -0.7277 -0.6024 0.3279
vn -0.2371 -0.6156 0.7515
vn -0.3650 -0.8000 0.4761
vn -0.1943 -0.8682 0.4565
vn -0.4277 -0.8904 0.1559
vn -0.2492 -0.9573 0.1465
vn -0.1382 -0.8953 0.4234
vn -0.3999 -0.9062 -0.1376
vn -0.5915 -0.7897 0.1629
vn -0.6970 -0.7150 0.0550
vn -0.8645 -0.4830 0.1393
vn -0.8382 -0.5330 -0.1156
vn -0.7216 -0.6921 -0.0194
vn -0.6511 -0.7583 -0.0333
vn -0.5425 -0.8266 -0.1499
vn -0.9599 -0.2740 0.0587
vn -0.9910 -0.1118 0.0735
vn 0.0752 -0.9972 0.0054
vn 0.0976 -0.9952 0.0116
vn 0.0926 -0.9957 0.0102
vn 0.0051 -0.0027 1.0000
vn 0.0020 -0.0048 1.0000
vn 0.0093 0.0001 1.0000
vn -0.0027 -0.0079 1.0000
vn -0.9883 0.1357 0.0692
vn 0.0774 0.9970 0.0059
vn 0.0744 0.9972 0.0047
vn 0.0845 0.9964 0.0086
vn 0.0873 0.9961 0.0097
vn -0.9997 0.0220 -0.0081
vn -0.9996 0.0288 -0.0001
vn -0.9997 0.0070 0.0232
vn -0.9998 -0.0122 0.0173
vn -0.9995 -0.0179 0.0271
vn 0.0998 0.7383 0.6670
vn 0.0984 0.7394 0.6661
vn 0.1267 0.7172 0.6852
vn -0.1049 -0.6263 0.7725
vn -0.9999 -0.0144 0.0059
vn 0.2360 -0.9051 0.3537
vn -1.0000 -0.0054 -0.0003
vn -0.1871 -0.8362 -0.5156
vn 0.2830 0.1520 -0.9470
vn 0.6285 -0.5889 -0.5081
vn 0.6622 -0.5901 -0.4619
vn 0.5693 -0.5828 -0.5799
vn 0.6650 0.4866 -0.5666
vn 0.6807 0.4864 -0.5478
vn 0.6489 0.4866 -0.5849
vn 0.6135 0.4855 -0.6228
vn -0.1423 0.6053 -0.7832
vn 0.7312 -0.5855 -0.3500
vn 0.9988 0.0491 -0.0077
vn 0.9311 0.1134 0.3467
vn 0.9978 -0.0070 0.0666
vn 0.5111 -0.6798 0.5260
vn 0.5957 -0.5918 0.5430
vn 0.4173 -0.7584 0.5006
vn 0.9998 0.0017 -0.0195
vn 0.9992 -0.0397 -0.0078
vn 0.3759 0.6265 0.6827
vn 0.4666 0.6297 0.6211
vn 0.3217 0.6213 0.7145
vn 0.7056 -0.4431 0.5530
vn 0.0662 0.7630 0.6430
vn 0.5736 0.6226 0.5323
vn 0.9988 -0.0484 0.0088
vn -0.8912 0.1519 0.4274
vn -0.8343 0.2462 0.4933
vn -0.7864 0.1297 0.6039
vn -0.9453 0.2350 0.2262
vn -0.8312 0.4426 0.3366
vn -0.9326 0.3571 0.0529
vn -0.6511 0.3506 0.6732
vn -0.6474 0.5909 0.4813
vn -0.4217 0.4152 0.8061
vn -0.4267 0.5899 0.6855
vn -0.1847 0.4021 0.8968
vn -0.1747 0.6337 0.7536
vn -0.3150 0.8271 0.4654
vn 0.0094 0.4682 0.8836
vn 0.2548 -0.3166 0.9137
vn 0.2508 -0.3093 0.9173
vn 0.2871 -0.3750 0.8814
vn 0.3117 -0.4199 0.8523
vn 0.0641 -0.3582 0.9314
vn 0.0711 -0.3364 0.9390
vn 0.0703 -0.3337 0.9400
vn 0.3568 -0.7776 0.5178
vn 0.3604 -0.7866 0.5014
vn 0.3782 -0.8317 0.4064
vn -0.0555 -0.6476 0.7599
vn 0.1543 -0.9376 0.3116
vn 0.2717 -0.9620 0.0257
vn 0.0754 -0.9885 0.1307
vn -0.0601 -0.8127 0.5796
vn 0.5763 -0.4613 0.6746
vn 0.7157 -0.4333 0.5478
vn 0.5720 -0.4386 0.6932
vn 0.2991 -0.9537 -0.0318
vn 0.1240 -0.8537 0.5058
vn -0.0456 -0.8768 0.4786
vn -0.0116 -0.9856 -0.1686
vn -0.0066 -0.9939 -0.1103
vn 0.0045 -0.9995 -0.0307
vn 0.0145 -0.9994 -0.0312
vn 0.0201 -0.9991 -0.0365
vn 0.0080 -0.9998 -0.0160
vn 0.8004 -0.3794 0.4642
vn 0.0237 -0.9997 -0.0044
vn 0.0458 -0.9989 0.0041
vn 0.9119 -0.0364 0.4087
vn 0.9733 -0.1306 0.1887
vn 0.9854 -0.1052 0.1336
vn 0.9644 -0.1363 -0.2264
vn 0.0562 -0.9984 -0.0014
vn 0.0486 -0.9983 -0.0312
vn -0.0915 -0.9957 0.0114
vn -0.0085 -0.9995 0.0312
vn 0.0237 -0.9980 0.0582
vn -0.9531 -0.0999 -0.2859
vn -0.4725 -0.0161 0.8812
vn -0.5551 0.0357 0.8310
vn -0.6418 0.0947 0.7610
vn -0.0067 -0.9992 -0.0405
vn -0.6703 0.1163 -0.7329
vn -0.0333 -0.9989 -0.0330
vn -0.0096 -0.9999 -0.0055
vn -0.0188 -0.9980 -0.0611
vn -0.3617 -0.0804 0.9288
vn -0.0327 -0.9994 0.0115
vn 0.9365 -0.0456 0.3478
vn 0.8951 0.0070 0.4459
vn 0.8395 0.0608 0.5399
vn 0.9644 -0.0969 0.2462
vn -0.0000 -1.0000 -0.0004
vn -0.0001 -1.0000 -0.0006
vn 0.2524 -0.1120 -0.9611
vn 0.5527 0.0127 -0.8333
vn 0.3854 -0.0601 -0.9208
vn -0.0002 -1.0000 0.0001
vn 0.6692 0.0700 -0.7398
vn 0.0508 -0.9824 -0.1798
vn -0.8594 -0.0992 -0.5016
vn -0.8590 -0.0978 -0.5025
vn -0.7148 -0.1067 -0.6912
vn 0.0415 -0.1054 -0.9936
vn 0.0374 -0.1012 -0.9942
vn 0.0083 -1.0000 0.0044
vn 0.0084 -0.9993 0.0366
vn 0.2343 -0.9722 0.0031
vn 0.0458 -0.1097 -0.9929
vn 0.9945 -0.0966 -0.0410
vn 0.9945 -0.0968 -0.0409
vn 0.9951 -0.0812 -0.0570
vn 0.4902 -0.1090 0.8648
vn 0.4925 -0.1062 0.8638
vn 0.6884 -0.0998 0.7184
vn 0.9932 -0.1138 -0.0232
vn 0.0365 -0.9986 0.0382
vn 0.8348 -0.0764 0.5452
vn 0.8369 -0.0820 0.5412
vn 0.0366 -0.9988 0.0313
vn -0.0131 -0.9992 0.0390
vn 0.6795 -0.1051 0.7261
vn -0.7147 -0.0781 0.6950
vn -0.6791 -0.1402 0.7205
vn -0.7026 -0.1002 0.7045
vn 0.0122 -0.9999 0.0067
vn 0.0045 -1.0000 -0.0049
vn 0.0065 -1.0000 0.0002
vn -0.0042 -1.0000 -0.0056
vn -0.7329 -0.0429 0.6789
vn -0.7098 -0.1053 -0.6965
vn -0.5232 -0.1103 -0.8450
vn -0.5219 -0.1122 -0.8456
vn 0.0028 -1.0000 0.0031
vn 0.0029 -1.0000 -0.0009
vn -0.9911 -0.1034 -0.0835
vn -0.9889 -0.0794 -0.1253
vn -0.9838 -0.0526 -0.1712
vn 0.0218 -0.9997 0.0121
vn -0.4538 0.0655 -0.8887
vn 0.3954 -0.0590 -0.9166
vn 0.4282 -0.0835 -0.8998
vn 0.4106 -0.0703 -0.9091
vn 0.0005 -1.0000 0.0008
vn 0.0001 -1.0000 0.0011
vn 0.0010 -1.0000 0.0005
vn 0.3800 -0.0477 -0.9237
vn -0.9912 -0.1227 -0.0494
vn 0.9503 -0.0114 0.3112
vn 0.9078 0.0476 0.4168
vn 0.9313 0.0176 0.3637
vn -0.0135 -0.0775 0.9969
vn -0.2847 0.0296 0.9582
vn -0.1288 -0.0328 0.9911
vn -0.3863 0.0719 0.9196
vn -0.0225 -0.9993 -0.0304
vn -0.0707 -0.9975 0.0055
vn -0.0234 -0.9996 -0.0140
vn 0.8870 0.0706 0.4564
vn 0.0269 -0.9996 -0.0072
vn 0.0442 -0.7549 -0.6544
vn 0.1793 -0.9724 -0.1493
vn 0.4030 -0.2936 -0.8668
vn 0.6869 -0.1347 -0.7142
vn 0.4339 0.0427 -0.8999
vn -0.3419 -0.1471 -0.9282
vn -0.1074 -0.2327 -0.9666
vn -0.1795 -0.0937 -0.9793
vn -0.1169 -0.2784 -0.9533
vn 0.4396 -0.2482 -0.8632
vn 0.4141 -0.2991 -0.8597
vn 0.0374 -0.9409 -0.3366
vn 0.2782 -0.9505 -0.1385
vn 0.0800 -0.8570 -0.5090
vn 0.2655 -0.9555 -0.1285
vn 0.0352 -0.9489 -0.3136
vn 0.6272 -0.0976 -0.7727
vn 0.3784 -0.9242 -0.0509
vn 0.8795 -0.1355 -0.4563
vn 0.9834 -0.1108 -0.1439
vn 0.4684 -0.8826 -0.0409
vn 0.4326 -0.9015 -0.0115
vn 0.4227 -0.6927 -0.5844
vn 0.4406 -0.7019 -0.5597
vn 0.2955 -0.6156 -0.7305
vn 0.2808 -0.6056 -0.7446
vn 0.4642 -0.8820 -0.0808
vn 0.5700 -0.8181 -0.0761
vn 0.6195 -0.7846 -0.0228
vn 0.4262 -0.8986 -0.1040
vn 0.5672 -0.8147 -0.1205
vn 0.7318 -0.6813 -0.0172
vn 0.8350 -0.5497 -0.0236
vn 0.1570 -0.1452 -0.9769
vn 0.2612 -0.1792 -0.9485
vn 0.5432 -0.4720 -0.6944
vn 0.5588 -0.2150 -0.8009
vn 0.5629 -0.2488 -0.7882
vn 0.4497 -0.8821 -0.1400
vn 0.3376 -0.7304 0.5937
vn 0.9120 -0.4094 -0.0255
vn 0.1349 -0.9247 0.3560
vn -0.1589 -0.8393 -0.5200
vn -0.0191 -0.6700 -0.7421
vn -0.0714 -0.7662 -0.6386
vn -0.5052 -0.5113 -0.6952
vn -0.4843 -0.6596 -0.5747
vn -0.5061 -0.4979 -0.7042
vn -0.2670 -0.9574 -0.1102
vn -0.3698 -0.9254 -0.0829
vn 0.0197 -0.0646 -0.9977
vn 0.0234 -0.0495 -0.9985
vn -0.1763 -0.2880 -0.9412
vn -0.1077 -0.2212 -0.9693
vn -0.1199 -0.2376 -0.9639
vn 0.3432 0.8089 -0.4774
vn 0.0487 0.5047 -0.8619
vn 0.4145 0.6583 -0.6284
vn 0.1681 0.6507 -0.7405
vn 0.0024 0.4626 -0.8866
vn 0.3759 0.9178 -0.1277
vn 0.5027 0.7362 -0.4531
vn 0.5614 0.8183 -0.1233
vn 0.6192 0.7382 -0.2675
vn 0.5436 0.6438 -0.5386
vn 0.6786 -0.7321 0.0598
vn 0.6735 -0.7392 0.0068
vn 0.6679 -0.7218 -0.1816
vn 0.4795 -0.5533 -0.6812
vn 0.5422 -0.5884 -0.5998
vn 0.4872 -0.5578 -0.6720
vn 0.5466 -0.5908 -0.5935
vn 0.5020 0.5870 -0.6352
vn 0.6677 -0.7110 -0.2206
vn -0.4756 -0.8100 -0.3431
vn -0.3317 -0.9375 -0.1055
vn -0.4503 -0.8899 -0.0727
vn -0.5273 -0.8463 0.0756
vn -0.6994 -0.7143 0.0251
vn 0.6088 -0.6937 0.3849
vn 0.6233 -0.6838 0.3793
vn 0.5573 -0.6585 0.5057
vn 0.0085 -0.9314 0.3638
vn 0.7733 0.6330 -0.0364
vn 0.6935 0.7202 -0.0191
vn 0.7610 0.6447 0.0727
vn 0.6288 0.7657 0.1352
vn -0.0997 -0.0520 0.9937
vn 0.0085 -0.1497 0.9887
vn -0.1055 -0.0466 0.9933
vn 0.0109 -0.1519 0.9883
vn -0.6948 0.6061 0.3871
vn -0.6353 0.5327 0.5591
vn -0.6464 0.5589 0.5194
vn 0.5707 0.8080 -0.1466
vn 0.7442 0.6169 -0.2561
vn -0.6982 0.6266 0.3463
vn -0.7366 0.6747 -0.0467
vn 0.6297 0.5309 -0.5671
vn 0.7481 0.5014 -0.4347
vn 0.8545 0.5027 -0.1306
vn -0.7308 0.6809 -0.0482
vn -0.6505 0.5951 -0.4718
vn -0.6536 0.6123 -0.4449
vn -0.9452 -0.3036 -0.1199
vn -0.8225 -0.4572 -0.3382
vn -0.8859 -0.4504 -0.1110
vn -0.9132 -0.3575 0.1955
vn -0.8848 -0.4479 0.1284
vn -0.9711 -0.2307 0.0610
vn -0.7879 -0.3888 -0.4776
vn -0.9110 -0.1734 -0.3741
vn -0.9829 0.0675 -0.1715
vn 0.0928 0.0467 0.9946
vn 0.1017 0.0136 0.9947
vn 0.0562 0.0645 0.9963
vn -0.9614 0.2696 0.0550
vn 0.0596 -0.0049 0.9982
vn 0.0739 -0.0219 0.9970
vn -0.9152 0.3543 -0.1920
vn 0.0444 -0.0239 0.9987
vn 0.0593 -0.0504 0.9970
vn -0.7659 0.6308 0.1246
vn -0.8727 0.4845 0.0607
vn -0.8748 0.4739 -0.1010
vn -0.6970 -0.6115 0.3746
vn -0.7336 -0.6767 -0.0621
vn -0.6970 -0.6187 0.3625
vn -0.6369 -0.5428 0.5474
vn -0.7413 0.6637 0.1000
vn -0.6247 0.7733 0.1081
vn -0.6152 -0.4949 0.6137
vn -0.0615 0.0772 0.9951
vn 0.5393 -0.8142 -0.2149
vn 0.7010 -0.7100 -0.0674
vn 0.5879 -0.7661 -0.2598
vn 0.5244 -0.8465 0.0919
vn 0.6421 0.7362 0.2139
vn 0.5307 0.6424 0.5528
vn 0.6068 0.6911 0.3926
vn 0.5457 0.6637 0.5115
vn 0.8291 -0.5502 -0.0997
vn 0.7633 -0.6137 -0.2019
vn 0.6969 -0.7118 0.0881
vn 0.9419 -0.2911 0.1675
vn 0.6827 0.7305 -0.0163
vn -0.4651 0.8819 0.0768
vn -0.4591 0.8825 -0.1024
vn -0.2901 0.9470 -0.1380
vn -0.3461 0.8656 -0.3619
vn 0.6109 0.6814 -0.4031
vn 0.5937 0.6435 -0.4831
vn -0.4682 0.8183 -0.3335
vn -0.0033 0.8966 -0.4428
vn -0.6860 0.5838 -0.4342
vn -0.6264 0.6226 -0.4691
vn -0.3276 0.7826 -0.5294
vn -0.1268 0.7451 -0.6548
vn -0.5617 0.5180 -0.6450
vn -0.6383 0.2243 -0.7364
vn -0.8306 0.2564 -0.4943
vn -0.1898 0.5806 -0.7918
vn -0.5048 -0.0631 -0.8609
vn -0.5559 -0.2691 -0.7865
vn -0.6734 -0.3123 -0.6701
vn -0.8270 -0.0409 -0.5607
vn -0.4857 -0.6869 -0.5406
vn -0.2712 -0.6625 -0.6983
vn 0.0017 -0.8220 -0.5695
vn 0.0818 -0.5161 -0.8526
vn 0.4350 0.2151 -0.8744
vn 0.6520 -0.2584 -0.7128
vn 0.0790 -0.0663 -0.9947
vn 0.4086 -0.6464 -0.6444
vn 0.4229 -0.7690 -0.4793
vn 0.7316 -0.4883 -0.4758
vn 0.6352 -0.6508 -0.4159
vn 0.8273 -0.4436 -0.3448
vn 0.9430 -0.2994 -0.1454
vn 0.9067 -0.1320 -0.4007
vn 0.8182 -0.1901 -0.5425
vn 0.7920 0.1328 -0.5959
vn 0.9026 0.2366 -0.3597
vn 0.8010 0.3761 -0.4658
vn 0.6250 0.4207 -0.6576
vn 0.2907 0.5838 -0.7580
vn 0.3096 0.7324 -0.6065
vn 0.6163 0.6241 -0.4802
vn 0.0741 0.5641 -0.8223
vn 0.6405 0.6494 -0.4099
vn 0.3704 0.8162 -0.4433
vn 0.2887 0.9431 -0.1651
vn 0.4634 0.8202 -0.3354
vn 0.4568 0.8801 -0.1295
vn -0.6768 0.7327 -0.0708
vn -0.5967 0.6530 -0.4663
vn -0.6757 0.7346 -0.0611
vn -0.5688 0.6340 -0.5239
vn -0.5282 0.5848 -0.6156
vn -0.6660 -0.7002 -0.2573
vn -0.6334 -0.7416 -0.2211
vn -0.6213 0.6940 0.3638
vn -0.6097 0.6840 0.4004
vn -0.5283 0.6166 0.5837
vn 0.4025 0.9112 0.0877
vn 0.6689 0.7189 0.1891
vn 0.5290 0.8473 0.0477
vn -0.5158 0.5977 0.6137
vn 0.8793 0.4668 0.0944
vn 0.8383 0.5446 0.0259
vn 0.1284 0.0353 0.9911
vn 0.6761 -0.5941 0.4358
vn 0.6406 -0.5363 0.5496
vn 0.5864 -0.4954 0.6409
vn 0.7357 -0.6768 -0.0268
vn 0.6968 -0.6163 0.3670
vn 0.8794 0.4641 -0.1063
vn 0.9256 0.3569 -0.1259
vn 0.9906 0.0695 -0.1178
vn 0.8247 0.4509 -0.3414
vn 0.6569 -0.5969 -0.4607
vn 0.6473 -0.5949 -0.4766
vn 0.5924 -0.5340 -0.6032
vn 0.5675 -0.5165 -0.6412
vn 0.9983 -0.0094 0.0572
vn -0.0915 -0.0295 0.9954
vn -0.1402 -0.0178 0.9900
vn -0.0612 -0.0318 0.9976
vn 0.9029 -0.4230 0.0762
vn -0.1023 0.0164 0.9946
vn -0.0764 0.0499 0.9958
vn -0.0429 -0.0341 0.9985
vn -0.0456 -0.0510 0.9977
vn -0.0034 -0.0118 0.9999
vn -0.0486 -0.0696 0.9964
vn 0.0187 -0.0542 0.9984
vn 0.0346 -0.9416 0.3349
vn 0.0310 -0.0330 0.9990
vn -0.0079 -0.0384 0.9992
vn -0.0039 -0.0448 0.9990
vn 0.0355 -0.0592 0.9976
vn -0.0538 0.9971 0.0541
vn -0.0048 0.9901 -0.1402
vn 0.0144 0.0662 0.9977
vn -0.0199 0.0435 0.9989
vn 0.0275 0.0411 0.9988
vn -0.0445 0.0421 0.9981
vn -0.0203 0.0566 0.9982
vn -0.0323 0.0415 0.9986
vn 0.3400 -0.9384 0.0620
vn 0.4956 -0.8667 0.0560
vn 0.6684 -0.7331 0.1256
vn 0.5919 -0.7977 0.1159
vn 0.7697 -0.6265 0.1227
vn 0.3765 -0.9086 -0.1806
vn 0.4725 -0.8760 -0.0966
vn -0.6215 -0.6989 0.3540
vn -0.6295 -0.7162 0.3014
vn -0.5507 -0.6483 0.5257
vn -0.6799 -0.7298 -0.0707
vn 0.4799 -0.8016 -0.3565
vn -0.6564 -0.7251 -0.2083
vn -0.5835 -0.6281 -0.5148
vn -0.6043 -0.6714 -0.4291
vn -0.5028 -0.5444 -0.6714
vn 0.0523 -0.9888 -0.1396
vn 0.0781 -0.9112 -0.4044
vn -0.3121 -0.8752 -0.3695
vn -0.6298 -0.6511 -0.4237
vn -0.1548 -0.9854 0.0710
vn 0.0070 0.1009 0.9949
vn -0.5242 -0.6387 0.5633
vn 0.0731 -0.0686 0.9950
vn 0.8639 -0.5016 0.0461
vn -0.7386 -0.6528 -0.1682
vn -0.7298 -0.6184 -0.2916
vn 0.7359 -0.6768 -0.0223
vn -0.4927 0.5629 -0.6636
vn 0.8817 -0.4550 -0.1246
vn 0.6490 0.5909 -0.4792
vn 0.5871 0.5127 -0.6265
vn 0.5602 0.4622 -0.6874
vn 0.5379 0.5995 -0.5927
vn 0.5097 0.5591 -0.6540
vn -0.5876 -0.5285 -0.6126
vn -0.6399 -0.5786 -0.5057
vn -0.5744 -0.5061 -0.6434
vn -0.8175 0.3654 -0.4452
vn -0.6519 -0.5960 -0.4688
vn 0.6568 -0.5812 -0.4805
vn 0.7322 -0.4911 -0.4719
vn 0.6401 -0.5266 -0.5595
vn 0.7347 -0.5892 -0.3364
vn -0.7309 -0.6787 -0.0712
vn 0.8298 -0.4299 -0.3559
vn 0.8044 -0.2475 -0.5401
vn 0.9005 -0.1407 -0.4114
vn 0.9528 -0.2821 -0.1124
vn 0.9904 -0.0169 -0.1375
vn 0.8462 -0.5280 0.0718
vn 0.9483 -0.2784 0.1525
vn 0.9912 -0.1167 0.0627
vn 0.8807 -0.1729 0.4409
vn -0.0803 -0.9967 0.0076
vn -0.0765 -0.9971 0.0062
vn -0.0898 -0.9959 0.0110
vn 0.9798 0.1622 -0.1174
vn 0.9908 0.1103 0.0784
vn 0.0042 0.0070 1.0000
vn -0.0001 0.0041 1.0000
vn 0.0108 0.0114 0.9999
vn 0.9997 0.0006 0.0240
vn 0.9998 0.0085 0.0169
vn 0.9994 0.0238 0.0251
vn -0.0061 0.0001 1.0000
vn 0.9999 -0.0068 0.0108
vn 1.0000 0.0038 0.0014
vn -0.0934 -0.9955 0.0123
vn -0.0156 -0.7315 0.6817
vn -0.0065 -0.7366 0.6763
vn 0.1037 -0.7905 0.6036
vn -0.1248 -0.6619 0.7392
vn 0.1674 -0.4864 -0.8575
vn 0.9993 0.0362 0.0038
vn -0.3249 -0.0059 -0.9457
vn 0.9995 0.0299 -0.0062
vn -0.1227 0.8287 0.5460
vn 0.3587 0.9309 0.0690
vn 0.5509 0.0688 0.8317
vn 0.6867 0.1888 0.7020
vn 0.8797 0.1702 0.4440
vn 0.4632 0.0394 0.8854
vn -0.0901 0.9959 0.0097
vn -0.0890 0.9960 0.0094
vn -0.0893 0.9960 0.0095
vn 0.4925 -0.0446 0.8692
vn 0.4369 -0.0941 0.8946
vn 0.4563 0.2131 0.8639
vn -0.5359 -0.1005 0.8383
vn -0.5580 -0.2328 0.7965
vn -0.7307 -0.0324 0.6819
vn -0.8263 0.1531 0.5420
vn -0.4293 0.0828 0.8994
vn -0.5168 -0.2792 0.8093
vn -0.9607 -0.2739 -0.0447
vn -0.9229 -0.3721 -0.0990
vn -0.8978 -0.4387 -0.0393
vn -0.9790 0.1016 0.1770
vn -0.8362 -0.0100 0.5483
vn -0.9637 -0.2475 -0.0999
vn -0.9193 -0.3847 -0.0827
vn -0.9798 -0.1286 -0.1531
vn -0.7821 -0.6159 -0.0950
vn -0.6597 -0.7471 -0.0820
vn -0.6067 -0.7866 -0.1145
vn -0.8137 -0.5752 -0.0833
vn -0.7651 -0.6434 -0.0278
vn -0.8029 -0.5951 -0.0349
vn -0.8719 -0.3481 -0.3445
vn -0.8048 -0.4396 -0.3989
vn -0.4679 -0.3606 -0.8069
vn -0.6897 -0.7236 -0.0265
vn -0.0100 0.0150 -0.9998
vn -0.3105 -0.5022 -0.8071
vn -0.5633 -0.8259 -0.0257
vn 0.0880 0.0661 -0.9939
vn 0.1459 0.0658 -0.9871
vn -0.5057 -0.8598 -0.0705
vn -0.4548 -0.8843 -0.1056
vn -0.4254 -0.9044 -0.0333
vn -0.4340 -0.8949 -0.1041
vn -0.9733 -0.1020 -0.2056
vn -0.9887 -0.1335 0.0681
vn -0.9552 -0.1085 -0.2752
vn -0.8294 -0.0536 -0.5561
vn -0.8718 -0.0423 -0.4880
vn -0.7976 -0.0608 -0.6001
vn -0.5659 -0.0305 -0.8239
vn -0.4819 -0.6703 -0.5644
vn -0.0540 -0.9981 -0.0295
vn -0.3426 -0.9135 -0.2195
vn -0.0251 -0.9996 -0.0111
vn -0.0035 -1.0000 0.0063
vn 0.0045 -0.9998 -0.0170
vn 0.6807 -0.0794 0.7282
vn 0.6888 -0.0643 0.7221
vn 0.6750 -0.0898 0.7323
vn 0.5323 -0.0865 -0.8421
vn 0.5296 -0.0904 -0.8434
vn 0.7156 -0.1010 -0.6912
vn -0.0002 -0.9988 -0.0486
vn 0.0310 -0.9987 -0.0407
vn 0.0311 -0.9995 -0.0111
vn -0.0833 -0.9965 0.0079
vn 0.7057 -0.0094 0.7084
vn 0.6583 0.0225 0.7524
vn 0.6150 0.0497 0.7869
vn -0.7466 -0.0722 0.6614
vn -0.7339 -0.0833 0.6741
vn -0.7405 -0.0776 0.6676
vn -0.7262 -0.0900 0.6816
vn -0.0114 -0.9744 -0.2246
vn 0.0161 -0.9979 0.0631
vn 0.0222 -0.9993 0.0301
vn -0.2225 -0.9744 0.0313
vn -0.9423 0.0613 -0.3290
vn -0.0331 -0.1091 0.9935
vn -0.0332 -0.1092 0.9935
vn -0.0250 -0.1013 0.9945
vn -0.0417 -0.1179 0.9922
vn -0.9942 -0.1017 0.0355
vn -0.9942 -0.1021 0.0351
vn -0.9949 -0.0867 0.0513
vn -0.0000 -0.9996 -0.0275
vn -0.1284 -0.9917 -0.0118
vn -0.0151 -0.9996 -0.0236
vn -0.9928 -0.1186 0.0177
vn -0.5211 -0.0632 -0.8512
vn -0.4703 -0.1022 -0.8766
vn -0.6018 -0.1281 -0.7883
vn -0.0553 -0.9985 -0.0042
vn -0.0137 -0.9996 0.0253
vn -0.0006 -1.0000 -0.0018
vn -0.6821 -0.1705 -0.7111
vn -0.7581 -0.2705 -0.5934
vn 0.0022 -1.0000 -0.0010
vn -0.0005 -1.0000 0.0069
vn 0.0045 -0.9999 0.0124
vn -0.0003 -1.0000 0.0040
vn 0.0036 -0.9998 0.0217
vn 0.0103 -0.9999 0.0082
vn -0.9890 0.0688 -0.1308
vn -0.7696 0.0334 0.6376
vn 0.0045 -1.0000 -0.0011
vn -0.9172 -0.3304 0.2229
vn -0.7491 -0.0585 -0.6598
vn -0.7593 -0.0801 -0.6458
vn -0.7379 -0.0357 -0.6740
vn 0.0203 -0.4974 -0.8673
vn -0.1207 -0.4484 0.8856
vn 0.0048 -0.9999 -0.0123
vn 0.6366 -0.0916 -0.7658
vn 0.7578 -0.1417 -0.6370
vn 0.6770 -0.1596 -0.7185
vn 0.8448 -0.0747 -0.5298
vn -0.7726 -0.1105 -0.6252
vn -0.0033 -0.9998 -0.0187
vn -0.0168 -0.9982 -0.0579
vn -0.0201 -0.9992 -0.0343
vn 0.0085 -1.0000 -0.0051
vn -0.0028 -0.9999 -0.0166
vn -0.0141 -0.9989 -0.0445
vn 0.9021 -0.3265 -0.2821
vn 0.4198 -0.8146 0.4004
vn 0.0850 -0.1346 0.9873
vn -0.2383 -0.9653 -0.1071
vn -0.0276 -0.9993 0.0248
vn 0.0468 -0.9986 0.0238
vn 0.0090 -0.9999 -0.0106
vn 0.0354 -0.9989 0.0316
vn 0.4903 -0.0459 0.8703
vn 0.4862 -0.0502 0.8724
vn 0.4689 -0.0682 0.8806
vn 0.4168 -0.0958 -0.9039
vn 0.4258 -0.0854 -0.9008
vn 0.6090 -0.0904 -0.7880
vn 0.0311 -0.9986 -0.0438
vn 0.0277 -0.9990 0.0358
vn 0.9202 -0.0997 0.3787
vn 0.9019 -0.1359 0.4100
vn 0.8527 -0.2154 0.4759
vn 0.5053 -0.0298 0.8624
vn 0.0373 -0.9993 0.0091
vn 0.9547 -0.1345 -0.2656
vn 0.9570 -0.1661 -0.2377
vn 0.9568 -0.2271 -0.1818
vn 0.0286 -0.9994 -0.0169
vn 0.0264 -0.9993 -0.0261
vn 0.9505 -0.0228 0.3098
vn -0.8860 -0.0590 -0.4599
vn -0.9551 0.0452 -0.2930
vn -0.9212 -0.0133 -0.3888
vn 0.0825 -0.9965 -0.0113
vn -0.3762 -0.0444 0.9255
vn -0.4040 -0.0288 0.9143
vn -0.4285 -0.0147 0.9034
vn -0.0002 -1.0000 -0.0000
vn -0.0001 -1.0000 0.0002
vn -0.0002 -1.0000 -0.0001
vn -0.8357 -0.1114 -0.5378
vn -0.3549 -0.0563 0.9332
vn 0.8399 -0.0076 0.5427
vn 0.8054 0.0246 0.5922
vn 0.7726 0.0523 0.6327
vn 0.8697 -0.0389 0.4921
vn 0.5342 0.0259 -0.8450
vn 0.4258 0.0970 -0.8996
vn 0.4838 0.0599 -0.8731
vn 0.5969 -0.0191 -0.8021
vn 0.5329 -0.1256 -0.8368
vn 0.5465 -0.1047 -0.8309
vn 0.5546 -0.0921 -0.8270
vn 0.9944 -0.0974 0.0413
vn 0.9944 -0.0976 0.0415
vn 0.9951 -0.0917 0.0356
vn 0.0200 -0.9995 0.0258
vn -0.0100 -0.9895 0.1443
vn 0.9934 -0.1042 0.0483
vn 0.0108 -0.0836 0.9964
vn 0.0108 -0.0835 0.9964
vn 0.0085 -0.0858 0.9963
vn -0.0096 -0.9997 -0.0205
vn -0.0117 -0.9999 -0.0028
vn 0.0102 -0.9999 0.0009
vn 0.0133 -0.0811 0.9966
vn -0.7784 -0.1696 0.6045
vn -0.7274 -0.2554 0.6369
vn -0.8296 -0.0604 0.5550
vn -0.0145 -0.9997 0.0220
vn -0.6726 -0.3331 0.6608
vn -0.2126 -0.0559 0.9755
vn -0.1991 -0.0693 0.9775
vn -0.2447 -0.0243 0.9693
vn -0.0013 -0.9999 0.0103
vn 0.0098 -0.9998 0.0179
vn -0.0448 -0.9983 0.0370
vn 0.0026 -1.0000 0.0001
vn -0.9877 -0.1497 -0.0447
vn -0.9950 -0.0954 -0.0282
vn -0.9896 -0.1380 -0.0410
vn -0.9962 -0.0831 -0.0246
vn -0.1565 -0.1104 0.9815
vn -0.7261 -0.1045 -0.6796
vn -0.7240 -0.1096 -0.6811
vn -0.7291 -0.0968 -0.6775
vn -0.7308 -0.0923 -0.6763
vn 0.0057 -1.0000 -0.0003
vn 0.0029 -1.0000 0.0007
vn 0.7705 -0.0926 -0.6307
vn 0.7711 -0.0940 -0.6297
vn 0.6264 -0.0861 -0.7748
vn 0.0037 -1.0000 0.0019
vn 0.0108 -0.9999 0.0026
vn 0.5676 -0.0714 -0.8202
vn 0.9423 -0.0590 -0.3296
vn -0.4849 -0.0679 0.8719
vn -0.4428 -0.0633 -0.8944
vn -0.9577 0.2436 0.1536
vn -0.9293 0.1102 0.3526
vn -0.9427 0.1481 0.2990
vn -0.6502 -0.7509 0.1157
vn -0.7010 -0.7091 0.0756
vn -0.7318 -0.6797 0.0493
vn -0.8570 -0.0162 0.5151
vn 0.5482 0.0612 0.8341
vn 0.6613 0.1564 0.7336
vn 0.5944 0.0986 0.7981
vn 0.4478 -0.0146 0.8940
vn 0.0287 0.9995 0.0118
vn 0.0060 0.9997 0.0250
vn 0.0178 0.9998 -0.0081
vn -0.0139 0.9997 0.0195
vn 0.0094 0.9999 -0.0066
vn 0.9419 -0.1357 -0.3073
vn 0.9977 -0.0679 0.0060
vn 0.9976 -0.0687 0.0063
vn 0.9976 -0.0690 0.0065
vn -0.1225 0.6255 0.7706
vn 0.0924 0.5681 0.8177
vn -0.0201 0.9998 -0.0048
vn 0.2097 0.6854 0.6973
vn 0.1883 0.8963 0.4015
vn 0.2014 0.4233 0.8833
vn 0.2754 0.8986 0.3416
vn 0.4754 0.8555 0.2055
vn 0.5226 0.7145 0.4651
vn 0.2814 0.5057 0.8155
vn -0.2554 -0.8073 0.5320
vn -0.2252 -0.4849 0.8451
vn -0.2787 -0.4612 0.8424
vn -0.5568 -0.6484 0.5191
vn 0.2645 0.2915 0.9193
vn 0.4583 0.4036 0.7919
vn -0.3943 -0.2794 0.8755
vn -0.3910 -0.2778 0.8775
vn -0.5807 -0.6572 0.4806
vn -0.4902 -0.6427 0.5888
vn 0.6221 0.3710 0.6894
vn 0.6751 0.5748 0.4624
vn 0.7997 0.5066 0.3222
vn 0.9066 0.2723 0.3223
vn 0.9675 0.2432 0.0689
vn 0.8848 0.4610 0.0673
vn 0.7586 0.6327 0.1555
vn 0.9309 0.3410 -0.1312
vn 0.8863 0.2885 -0.3623
vn 0.7135 0.3608 -0.6007
vn 0.9183 0.0930 -0.3848
vn 0.7431 0.1864 -0.6427
vn 0.1536 0.0519 -0.9868
vn 0.1467 0.0672 -0.9869
vn 0.7551 0.0097 -0.6555
vn 0.2140 0.0216 0.9766
vn 0.2989 -0.0855 -0.9504
vn 0.2216 0.0318 -0.9746
vn 0.1617 -0.0062 -0.9868
vn -0.1667 -0.0329 -0.9854
vn -0.6713 0.2448 -0.6996
vn -0.8072 0.1083 -0.5802
vn -0.8815 0.2867 -0.3752
vn 0.2862 -0.1037 -0.9526
vn -0.7375 -0.0298 -0.6747
vn -0.7646 0.0142 -0.6443
vn -0.2614 -0.0510 -0.9639
vn -0.9983 0.0520 -0.0261
vn -0.9817 0.1062 -0.1579
vn -0.9826 -0.1840 -0.0235
vn -0.9700 0.0140 -0.2428
vn -0.0952 0.9952 -0.0206
vn -0.9595 0.2718 -0.0744
vn -0.9204 0.3771 -0.1033
vn -0.8814 0.4650 -0.0830
vn -0.7717 0.3119 0.5542
vn -0.7564 0.3517 0.5515
vn -0.7569 0.4084 0.5103
vn -0.8132 0.5741 -0.0951
vn -0.7889 0.6129 -0.0451
vn -0.6292 0.7719 -0.0910
vn -0.7501 0.6561 -0.0832
vn -0.6432 0.6699 -0.3708
vn -0.5409 0.8370 -0.0823
vn -0.7493 0.5445 -0.3768
vn -0.5378 0.7276 -0.4258
vn -0.7635 0.4199 -0.4907
vn -0.4121 0.8157 -0.4059
vn -0.2764 0.7786 -0.5634
vn -0.3075 0.5430 -0.7814
vn 0.0885 -0.1532 -0.9842
vn 0.1398 -0.1823 -0.9732
vn 0.1490 -0.1832 -0.9717
vn 0.2408 -0.1421 -0.9601
vn 0.7144 -0.6066 0.3487
vn 0.2385 -0.1724 -0.9557
vn 0.5562 -0.6471 -0.5215
vn 0.6128 -0.6139 -0.4976
vn 0.5761 -0.5809 -0.5750
vn 0.3485 -0.7211 -0.5989
vn -0.1669 0.9851 -0.0411
vn -0.5183 0.8524 -0.0694
vn -0.7010 0.7122 -0.0374
vn -0.2607 0.3821 0.8866
vn -0.3483 0.4230 0.8365
vn -0.4166 0.4098 0.8115
vn 0.1980 -0.4051 0.8926
vn 0.3288 -0.3454 0.8790
vn 0.3616 -0.5311 0.7663
vn 0.5438 -0.4457 0.7111
vn -0.3291 0.2397 0.9134
vn -0.3174 0.2235 0.9216
vn 0.3781 -0.1633 0.9112
vn 0.8403 -0.4507 0.3012
vn 0.6834 -0.6629 0.3059
vn 0.8249 -0.2984 0.4801
vn 0.4843 -0.7688 0.4176
vn 0.5359 -0.2294 0.8125
vn 0.7703 -0.1645 0.6161
vn 0.3907 -0.8799 0.2705
vn 0.2013 -0.9256 0.3207
vn -0.9741 -0.0066 -0.2262
vn -0.9997 0.0034 -0.0260
vn -0.9997 0.0202 -0.0130
vn -1.0000 0.0057 -0.0022
vn -0.7033 -0.4923 0.5129
vn -0.6764 -0.4901 0.5498
vn -0.6620 -0.4886 0.5683
vn -0.6398 -0.4858 0.5955
vn -0.9999 -0.0081 0.0138
vn -0.4632 -0.6665 -0.5842
vn -0.6042 -0.5379 -0.5879
vn -0.3435 -0.7489 -0.5667
vn -0.7192 -0.3950 -0.5716
vn -0.9998 -0.0205 0.0069
vn -0.9996 -0.0294 -0.0045
vn -0.2128 0.7742 -0.5961
vn -0.3880 0.5241 0.7581
vn -0.8232 0.5634 0.0704
vn -0.0755 -0.9966 -0.0325
vn -0.6905 -0.2296 -0.6860
vn 0.6076 0.5002 -0.6169
vn -0.2045 -0.9204 0.3331
vn -0.2714 -0.9624 0.0067
vn -0.3857 -0.9181 -0.0915
vn -0.8678 -0.2603 0.4233
vn -0.7349 -0.4052 0.5438
vn -0.6947 -0.4279 0.5782
vn -0.5781 -0.4658 0.6700
vn -0.9605 -0.1403 0.2403
vn -0.0175 -0.9997 0.0147
vn -0.0123 -0.9999 -0.0006
vn -0.0080 -1.0000 0.0005
vn 0.9878 -0.1530 -0.0273
vn 0.9769 -0.2137 -0.0082
vn 0.9694 -0.2454 0.0020
vn 0.8958 0.0271 -0.4437
vn -0.0794 -0.9959 0.0423
vn 0.0215 -0.9993 0.0308
vn 0.2126 -0.1002 0.9720
vn 0.2140 -0.0982 0.9719
vn 0.2116 -0.1018 0.9720
vn 0.9909 -0.1299 -0.0345
vn -0.3753 -0.0690 -0.9243
vn -0.1957 0.0042 -0.9807
vn -0.0399 0.0651 -0.9971
vn 0.8185 -0.0795 -0.5690
vn 0.9172 -0.0049 -0.3984
vn 0.8582 -0.0530 -0.5106
vn 0.9453 0.0251 -0.3251
vn 0.0004 -1.0000 0.0004
vn 0.0007 -1.0000 0.0005
vn 0.7446 -0.0376 0.6665
vn -0.0001 -1.0000 0.0004
vn -0.4990 -0.1217 -0.8580
vn 0.8412 -0.1091 0.5296
vn 0.8381 -0.0982 0.5365
vn 0.8359 -0.0904 0.5414
vn 0.8326 -0.0796 0.5482
vn 0.2101 -0.1039 0.9721
vn -0.2175 -0.8651 0.4520
vn 0.3022 0.9520 0.0492
vn 0.9977 -0.0675 0.0058
vn -0.0184 0.9995 0.0269
vn -0.0337 0.9994 0.0103
vn -0.9950 -0.0991 0.0145
vn -0.4653 -0.1932 -0.8638
vn 0.3951 0.2529 -0.8831
vn -0.7713 -0.6364 0.0129
vn -0.2861 -0.4646 -0.8381
vn 0.2873 -0.8194 -0.4960
vn 0.0100 -0.9999 0.0069
vn 0.0094 -0.9999 0.0075
vn 0.8604 -0.1043 -0.4988
vn 0.8621 -0.1095 -0.4947
vn -0.0161 -0.1180 -0.9929
vn -0.0296 -0.1052 -0.9940
vn -0.0299 -0.1048 -0.9940
vn -0.0418 -0.0934 -0.9947
vn -0.9898 -0.1299 -0.0583
vn -0.9932 -0.1097 -0.0379
vn -0.9934 -0.1090 -0.0371
vn -0.0055 -1.0000 0.0073
vn -0.0008 -0.9999 0.0116
vn -0.0015 -0.9999 0.0115
vn -0.9957 -0.0905 -0.0176
vn -0.4873 -0.1126 0.8659
vn -0.4931 -0.1055 0.8636
vn -0.6966 -0.0951 0.7111
vn -0.6876 -0.0874 0.7208
vn -0.0075 -1.0000 0.0024
vn -0.8492 -0.0850 0.5211
vn -0.0022 -1.0000 0.0011
vn -0.0042 -0.9999 -0.0110
vn 0.0030 -0.9999 -0.0116
vn 0.7133 -0.1005 -0.6936
vn 0.6654 -0.1070 0.7388
vn -0.8521 -0.0932 0.5150
vn -0.0396 -0.9990 0.0208
vn -0.0984 -0.9951 -0.0027
vn -0.0903 0.9959 0.0098
vn 0.3955 -0.9108 -0.1184
vn -0.5794 0.5231 -0.6250
vn -0.6105 0.5774 -0.5421
vn -0.6212 -0.7818 -0.0534
vn -0.6556 -0.7545 -0.0305
vn 0.0003 -1.0000 0.0012
vn 0.0695 -0.9976 0.0038
vn 0.7392 -0.1250 0.6618
vn 0.3827 -0.0698 -0.9212
vn 0.1166 0.9927 -0.0311
vn 0.7724 0.5479 -0.3213
vn 0.7299 0.4176 -0.5411
vn 0.6692 0.7427 -0.0234
vn 0.5847 0.4896 -0.6469
vn 0.1189 0.1125 0.9865
vn 0.4873 0.8723 -0.0391
vn 0.2420 0.9096 -0.3378
vn 0.3240 0.8310 -0.4522
vn 0.2761 0.4539 -0.8472
vn 0.2712 0.9586 -0.0869
vn 0.0552 0.9983 -0.0186
vn 0.1493 0.7258 -0.6715
vn 0.0977 0.9818 -0.1627
vn 0.0085 0.9749 -0.2226
vn 0.9985 0.0468 -0.0291
vn -0.0140 0.9997 -0.0195
vn 0.9052 0.1954 0.3774
vn 0.3832 0.7496 0.5396
vn -0.3798 0.4539 0.8061
vn 0.4998 0.7908 -0.3532
vn 0.9973 0.0730 0.0022
vn 0.7915 0.3892 -0.4713
vn 0.7490 0.4120 -0.5190
vn 0.7436 0.4146 -0.5246
vn 0.7959 0.3866 -0.4659
vn 0.9693 0.2453 -0.0152
vn 0.0162 0.6037 0.7970
vn 0.9085 -0.3244 0.2634
vn 0.9353 -0.2793 0.2174
vn 0.8209 -0.4164 0.3908
vn 0.9940 -0.1092 0.0003
vn 0.9797 -0.2003 0.0101
vn 0.7455 -0.6205 -0.2433
vn 0.2982 -0.9539 -0.0339
vn 0.2760 -0.9593 -0.0601
vn 0.1627 -0.9867 0.0064
vn 0.8367 -0.0963 -0.5392
vn 0.0919 -0.9952 0.0330
vn 0.6857 -0.5208 0.5085
vn -0.0320 0.6127 -0.7897
vn -0.8399 0.3325 -0.4290
vn -0.8540 0.3334 -0.3994
vn -0.6067 0.5205 -0.6008
vn -0.7955 -0.3726 -0.4779
vn -0.8866 0.2851 -0.3644
vn -0.8699 0.3281 -0.3683
vn -0.8669 0.3004 -0.3977
vn 0.0843 -0.9961 0.0248
vn -0.7146 0.0427 -0.6982
vn -0.8362 -0.0218 -0.5479
vn -0.8669 -0.0416 -0.4967
vn -0.6742 0.0609 -0.7360
vn -0.1808 -0.0117 0.9834
vn -0.2076 -0.0217 0.9780
vn -0.1722 -0.0085 0.9850
vn -0.2157 -0.0248 0.9761
vn 0.2514 -0.9599 -0.1241
vn 0.8915 -0.0588 -0.4492
vn 0.9640 0.0032 -0.2661
vn 0.9131 -0.0436 -0.4055
vn 0.9768 0.0205 -0.2130
vn -0.8735 0.4864 -0.0213
vn -0.9648 0.2517 -0.0758
vn -0.9641 -0.2589 -0.0589
vn -0.8447 0.5346 -0.0262
vn -0.5478 0.8360 -0.0317
vn -0.8315 0.5547 -0.0290
vn -0.4269 0.9041 -0.0184
vn -0.1457 -0.0019 -0.9893
vn -0.1562 -0.0060 -0.9877
vn -0.1486 -0.0030 -0.9889
vn -0.9340 -0.3570 -0.0133
vn -0.3233 0.9444 -0.0595
vn -0.5131 0.8582 -0.0134
vn -0.4903 0.8709 -0.0338
vn -0.8827 0.0574 -0.4664
vn -0.7838 -0.0606 -0.6181
vn -0.7909 -0.1615 -0.5902
vn 0.5738 0.7028 0.4204
vn -0.9069 -0.0475 -0.4186
vn -0.8940 0.3499 -0.2800
vn -0.9782 -0.0656 -0.1968
vn -0.7000 0.7042 -0.1193
vn -0.9406 -0.3369 -0.0432
vn -0.8402 -0.5349 -0.0897
vn -0.9405 0.3080 -0.1436
vn -0.8349 -0.5140 -0.1967
vn -0.7846 -0.4922 -0.3771
vn -0.6776 -0.7130 -0.1803
vn -0.6741 -0.6612 -0.3294
vn -0.6541 -0.4321 -0.6209
vn -0.6535 -0.5638 -0.5051
vn -0.5340 -0.2740 -0.7999
vn -0.3389 -0.4958 -0.7996
vn -0.4286 -0.6087 -0.6677
vn -0.2318 -0.7403 -0.6311
vn -0.0644 -0.6437 -0.7625
vn -0.3413 -0.2808 -0.8970
vn -0.0416 -0.4119 -0.9103
vn 0.0168 0.0217 -0.9996
vn 0.2704 -0.1998 -0.9418
vn 0.3229 -0.3368 -0.8845
vn 0.1648 -0.5386 -0.8263
vn 0.1782 -0.6914 -0.7001
vn 0.4590 -0.4393 -0.7722
vn 0.5231 -0.1046 -0.8458
vn 0.6549 -0.3393 -0.6753
vn 0.4379 -0.6421 -0.6293
vn 0.6704 0.1064 -0.7343
vn 0.6662 -0.1304 -0.7343
vn 0.5137 0.1514 -0.8445
vn 0.3255 0.3724 -0.8691
vn 0.4806 0.4289 -0.7649
vn 0.0910 0.3991 -0.9124
vn 0.1296 0.6132 -0.7792
vn 0.3583 0.6979 -0.6202
vn 0.1366 0.7566 -0.6395
vn -0.1725 0.4425 -0.8800
vn -0.1848 0.6731 -0.7161
vn -0.0056 0.9967 -0.0814
vn -0.0027 0.9972 -0.0749
vn -0.0032 0.9982 -0.0600
vn -0.1184 0.7680 -0.6294
vn 0.2652 0.8119 -0.5202
vn 0.1437 0.8365 -0.5289
vn -0.5794 0.6063 -0.5447
vn -0.0064 0.9975 -0.0697
vn -0.0069 0.9991 -0.0424
vn -0.1381 0.9894 -0.0457
vn -0.0310 0.9985 -0.0451
vn -0.9712 0.1996 0.1298
vn 0.3343 0.9174 -0.2161
vn 0.2469 0.8912 -0.3805
vn -0.3594 0.9313 -0.0588
vn -0.4613 0.8851 -0.0621
vn -0.7509 0.6590 -0.0437
vn 0.4717 0.8649 -0.1716
vn 0.5348 0.7784 -0.3287
vn 0.4813 0.7044 -0.5217
vn 0.9429 -0.3329 0.0073
vn 0.6620 0.7474 -0.0559
vn 0.6641 0.7456 -0.0550
vn 0.6649 0.7449 -0.0547
vn 0.5804 0.4873 -0.6524
vn 0.5990 0.5798 -0.5524
vn 0.6780 0.5741 -0.4591
vn 0.7975 0.1742 -0.5776
vn 0.7384 0.4736 -0.4800
vn 0.6783 0.6529 -0.3371
vn -0.4006 0.9080 -0.1230
vn -0.0688 0.9968 -0.0404
vn -0.3257 0.9397 -0.1046
vn 0.0208 0.9996 -0.0177
vn 0.6613 0.7480 -0.0562
vn -0.0013 -0.0018 -1.0000
vn -0.0012 -0.0014 -1.0000
vn -0.0013 -0.0019 -1.0000
vn 0.8069 0.5025 -0.3106
vn 0.6892 0.6976 -0.1961
vn -0.0013 -0.0021 -1.0000
vn 0.8695 0.4912 -0.0519
vn 0.6749 0.7353 -0.0618
vn 0.9057 0.4239 -0.0047
vn -0.0224 -0.0144 -0.9996
vn -0.0175 -0.0084 -0.9998
vn -0.0009 0.0002 -1.0000
vn -0.0000 0.0036 -1.0000
vn 0.4351 0.8990 -0.0492
vn -0.0053 -0.0083 -1.0000
vn 0.9517 -0.2948 -0.0858
vn 0.9744 0.0141 -0.2242
vn 0.9461 -0.3112 -0.0900
vn -0.0017 -0.0037 -1.0000
vn 0.0001 -0.0002 -1.0000
vn -0.9710 -0.2268 0.0760
vn -0.9483 -0.2651 0.1742
vn -0.9967 -0.0583 0.0560
vn -0.8278 -0.5447 0.1344
vn -0.0002 0.0001 -1.0000
vn -0.0007 0.0001 -1.0000
vn 0.0006 0.0012 -1.0000
vn -0.9643 0.2498 0.0880
vn -0.9195 -0.2312 0.3178
vn -0.2904 0.8449 0.4492
vn -0.3457 0.8101 0.4735
vn -0.5676 0.7173 0.4041
vn -0.0495 0.0327 0.9982
vn -0.1907 -0.0213 0.9814
vn 0.2491 -0.0276 0.9681
vn -0.3603 0.8014 0.4774
vn -0.9983 0.0396 0.0417
vn -0.4415 0.0550 0.8956
vn -0.5750 0.7247 0.3797
vn 0.6180 0.7473 0.2442
vn 0.7247 0.6856 0.0695
vn 0.7213 0.6611 0.2066
vn 0.4972 0.8639 0.0811
vn 0.3653 0.9307 0.0203
vn 0.1804 0.9807 -0.0760
vn -0.5709 0.7335 0.3689
vn 0.1211 0.9915 0.0472
vn -0.0089 1.0000 0.0041
vn 0.3515 0.9197 -0.1749
vn -0.8533 0.5213 0.0138
vn -0.6406 0.7672 0.0318
vn -0.5809 0.8137 0.0221
vn -0.8384 -0.2973 0.4569
vn -0.8048 -0.2041 0.5573
vn -0.7243 -0.3627 0.5864
vn -0.5815 -0.2584 0.7715
vn -0.6708 -0.0674 0.7386
vn -0.8248 -0.4577 0.3320
vn -0.5961 -0.3246 0.7344
vn -0.5425 -0.5333 0.6491
vn -0.5684 -0.6481 0.5069
vn -0.7230 -0.6367 0.2683
vn -0.6003 -0.7865 0.1450
vn -0.5119 -0.7820 0.3556
vn -0.2722 -0.9141 0.3005
vn -0.3572 -0.9253 0.1272
vn -0.5446 -0.8374 0.0469
vn -0.2836 -0.9568 0.0637
vn -0.1731 -0.9693 0.1749
vn 0.0303 0.0090 -0.9995
vn 0.0136 0.0087 -0.9999
vn 0.0768 0.0026 -0.9970
vn 0.9904 0.0725 -0.1175
vn 0.9726 -0.0228 -0.2312
vn 0.9750 0.0004 -0.2224
vn 0.1085 -0.0144 -0.9940
vn -0.9911 0.1230 -0.0516
vn -0.8403 0.5362 -0.0799
vn -0.9638 0.2555 -0.0767
vn -0.6542 0.7408 -0.1526
vn -0.5170 0.8506 -0.0963
vn -0.4059 0.8865 -0.2221
vn -0.4311 0.8659 -0.2536
vn 0.4680 -0.1250 -0.8749
vn 0.5337 -0.6118 -0.5838
vn 0.3312 -0.6988 -0.6341
vn 0.2244 -0.6921 -0.6860
vn 0.9176 -0.1066 -0.3828
vn -0.0796 -0.9648 0.2507
vn -0.0356 -0.9125 0.4076
vn 0.1313 -0.9487 0.2877
vn -0.1570 -0.6583 -0.7362
vn -0.3140 -0.7063 -0.6345
vn 0.2361 0.7554 -0.6112
vn -0.0015 0.6753 -0.7375
vn 0.2913 0.7631 -0.5769
vn -0.0137 0.6498 -0.7600
vn -0.5719 -0.0656 -0.8177
vn -0.4654 0.0327 -0.8845
vn -0.5654 0.0154 -0.8247
vn -0.3743 0.8265 -0.4205
vn -0.4128 -0.7520 -0.5139
vn -0.6531 -0.1469 -0.7429
vn -0.7322 -0.2508 -0.6332
vn 0.4029 -0.9120 0.0772
vn 0.2442 -0.9513 0.1881
vn 0.2495 -0.9655 0.0744
vn 0.3786 -0.9090 0.1742
vn 0.3732 0.0889 -0.9235
vn 0.3310 0.0942 -0.9389
vn 0.3378 0.0933 -0.9366
vn -0.9965 -0.0047 -0.0839
vn -0.9934 -0.0220 -0.1125
vn -0.9952 -0.0127 -0.0972
vn -0.6810 -0.0202 -0.7320
vn -0.9977 0.0053 -0.0672
vn 0.0014 0.0021 -1.0000
vn -0.0029 0.0037 -1.0000
vn -0.0001 0.0009 -1.0000
vn 0.0011 0.0021 -1.0000
vn 0.0030 -0.0037 -1.0000
vn 0.6824 0.7133 -0.1600
vn 0.6294 0.7642 -0.1412
vn 0.6420 0.7528 -0.1456
vn -0.0021 -0.0072 -1.0000
vn 0.9913 0.1197 -0.0546
vn 0.6870 0.7085 -0.1617
vn -0.4460 0.8193 -0.3603
vn -0.6194 0.7620 -0.1889
vn -0.4219 0.8913 -0.1659
vn 0.1377 0.9399 -0.3125
vn 0.4311 0.8872 -0.1645
vn 0.1444 0.9406 -0.3074
vn -0.4728 0.8766 -0.0892
vn -0.3204 0.9459 -0.0512
vn -0.8085 0.5033 -0.3050
vn -0.7616 0.6362 -0.1236
vn -0.6865 0.6497 -0.3265
vn -0.5176 0.7907 -0.3269
vn 0.0001 -0.0011 -1.0000
vn -0.0000 -0.0011 -1.0000
vn -0.0001 -0.0009 -1.0000
vn -0.9601 -0.2560 -0.1130
vn -0.4332 0.7665 -0.4743
vn -0.4345 0.6516 -0.6217
vn -0.5435 0.6417 -0.5411
vn -0.9376 0.3477 -0.0060
vn -0.3101 0.7767 -0.5483
vn 0.1480 0.9874 -0.0567
vn 0.3780 0.9236 -0.0642
vn 0.3137 0.9476 -0.0610
vn -0.0296 0.9990 -0.0340
vn 0.0217 0.9990 -0.0398
vn -0.1613 0.8077 -0.5671
vn 0.0091 0.9989 -0.0469
vn 0.6805 0.5787 -0.4495
vn 0.7668 0.6087 -0.2035
vn 0.7541 0.6063 -0.2525
vn 0.7950 0.6046 -0.0493
vn 0.7952 0.6043 -0.0494
vn -0.0052 0.9985 -0.0547
vn -0.0004 0.0284 -0.9996
vn -0.0007 0.0276 -0.9996
vn -0.0000 0.0292 -0.9996
vn -0.0008 0.0273 -0.9996
vn -0.0009 0.9992 -0.0401
vn -0.0010 0.9992 -0.0401
vn -0.7672 0.6401 -0.0403
vn -0.8198 0.5701 -0.0541
vn -0.8252 0.5621 -0.0556
vn -0.7601 0.6487 -0.0386
vn 0.4004 0.0834 -0.9125
vn 0.4846 0.0488 -0.8734
vn 0.5035 0.2423 -0.8293
vn -0.0256 0.4341 -0.9005
vn -0.0720 0.2860 -0.9555
vn -0.0246 0.4158 -0.9091
vn 0.0760 0.9951 -0.0633
vn -0.4528 -0.3721 -0.8103
vn 0.9232 -0.2240 -0.3124
vn 0.9473 -0.1274 -0.2940
vn 0.5855 0.1158 -0.8024
vn 0.9655 0.0032 -0.2603
vn 0.6411 -0.0086 -0.7674
vn 0.4766 -0.1205 -0.8708
vn 0.0693 -0.0386 -0.9968
vn 0.3827 -0.0525 -0.9224
vn -0.1026 0.1855 -0.9773
vn -0.0385 0.4260 -0.9039
vn 0.0868 -0.6982 -0.7106
vn -0.0164 0.0531 -0.9985
vn -0.6882 -0.0248 -0.7251
vn -0.6660 -0.0536 -0.7441
vn -0.3919 -0.7846 -0.4803
vn -0.4678 -0.1233 -0.8752
vn -0.3264 0.8939 -0.3074
vn 0.3957 0.0863 -0.9143
vn -0.7836 0.3396 -0.5202
vn 0.7058 0.0123 -0.7083
vn -0.6744 0.4352 -0.5965
vn -0.3971 0.4361 -0.8076
vn -0.3813 0.0820 -0.9208
vn -0.5451 0.0342 -0.8377
vn -0.5847 0.3005 -0.7535
vn -0.6830 0.1599 -0.7127
vn -0.9980 -0.0006 -0.0625
vn -0.9966 -0.0011 -0.0827
vn -0.9952 0.0061 -0.0972
vn 0.8866 -0.4064 -0.2209
vn -0.7912 -0.4136 -0.4505
vn -0.6466 -0.4454 -0.6193
vn -0.5996 -0.5623 -0.5695
vn -0.7166 0.2334 -0.6573
vn -0.7460 0.2705 -0.6086
vn -0.6632 -0.1704 -0.7288
vn -0.6825 -0.6812 -0.2650
vn -0.4200 -0.8778 -0.2305
vn -0.4414 -0.8968 -0.0293
vn -0.8725 -0.4531 -0.1829
vn -0.8865 -0.3294 -0.3249
vn -0.4764 -0.8785 -0.0360
vn -0.8988 -0.3038 -0.3158
vn -0.4109 -0.9117 -0.0019
vn 0.0014 -0.0031 -1.0000
vn -0.2684 -0.0976 -0.9583
vn 0.0025 -0.0025 -1.0000
vn 0.0001 -0.0001 -1.0000
vn -0.1231 -0.9918 -0.0329
vn -0.9166 -0.3744 -0.1402
vn -0.8171 -0.5436 -0.1920
vn -0.8991 -0.4116 -0.1487
vn 0.0032 -0.0057 -1.0000
vn -0.8107 0.3827 -0.4431
vn -0.8989 0.3823 -0.2142
vn -0.8934 0.4271 -0.1394
vn -0.9528 0.2869 -0.0993
vn -0.8947 -0.2899 -0.3397
vn 0.0027 -0.0040 -1.0000
vn -0.0246 0.0197 -0.9995
vn -0.0055 0.0063 -1.0000
vn 0.0007 0.0017 -1.0000
vn 0.9950 -0.0021 0.1003
vn 0.9853 -0.0977 0.1404
vn 0.9510 -0.2896 0.1085
vn 0.8495 -0.5143 0.1179
vn 0.7209 -0.6908 0.0550
vn -0.0028 0.0050 -1.0000
vn 0.9039 -0.3255 0.2776
vn 0.2868 0.0096 0.9579
vn 0.2957 0.0069 0.9553
vn 0.2538 0.0195 0.9671
vn 0.9821 0.1007 0.1594
vn 0.6053 0.7031 0.3731
vn 0.6196 0.6633 0.4197
vn 0.6247 0.6461 0.4385
vn -0.6341 0.7731 0.0131
vn -0.4340 0.8944 0.1079
vn -0.5897 0.8056 0.0575
vn 0.5689 0.6554 0.4969
vn 0.9126 -0.2118 0.3497
vn 0.2397 0.0237 0.9706
vn -0.3432 0.0094 0.9392
vn -0.4596 -0.0916 0.8834
vn -0.2983 -0.0715 0.9518
vn -0.1757 0.9134 0.3672
vn -0.1757 0.0123 0.9844
vn -0.0504 0.0048 0.9987
vn -0.0250 -0.0020 0.9997
vn -0.8513 0.5203 0.0671
vn -0.8183 0.5726 0.0507
vn -0.1795 0.9829 0.0407
vn -0.1316 0.9900 0.0511
vn 0.2748 0.9613 0.0186
vn 0.3470 0.9366 0.0486
vn 0.0002 -0.0002 1.0000
vn 0.0001 -0.0001 1.0000
vn -0.6853 0.7278 -0.0268
vn -0.7358 0.6770 0.0127
vn -0.6145 0.7852 -0.0767
vn 0.4303 0.9026 0.0111
vn 0.3447 0.9364 0.0660
vn 0.3900 0.9200 0.0374
vn 0.4832 0.8752 -0.0243
vn -0.0000 -0.0000 1.0000
vn 0.0002 0.0001 1.0000
vn 0.9291 -0.3652 -0.0585
vn 0.8946 -0.4465 0.0159
vn 0.9020 -0.4317 0.0019
vn 0.9696 -0.2428 0.0290
vn 0.9998 0.0001 0.0182
vn 0.9688 0.2454 0.0358
vn 0.9708 -0.2380 0.0282
vn 0.9193 0.3933 0.0132
vn 0.7002 0.7134 0.0278
vn 0.6524 -0.2049 0.7296
vn 0.7212 -0.1221 0.6819
vn 0.6746 0.0166 0.7380
vn 0.7524 -0.2128 0.6234
vn 0.7895 -0.3280 0.5188
vn 0.5358 -0.4486 0.7153
vn 0.4741 -0.2067 0.8559
vn 0.5788 0.0983 0.8095
vn 0.7170 -0.5986 0.3572
vn 0.6166 -0.5761 0.5366
vn 0.8417 -0.1717 0.5120
vn 0.3128 -0.5873 0.7465
vn 0.4162 -0.8373 0.3546
vn 0.3882 -0.7075 0.5905
vn 0.2014 -0.8635 0.4623
vn 0.1501 -0.7406 0.6550
vn -0.0213 -0.6115 0.7909
vn -0.0695 -0.7792 0.6229
vn -0.3139 -0.6300 0.7104
vn -0.3475 -0.4588 0.8178
vn -0.0273 -0.4564 0.8894
vn 0.2902 -0.4263 0.8567
vn -0.2850 -0.2347 0.9294
vn -0.5330 -0.1353 0.8352
vn -0.3821 0.1539 0.9112
vn -0.0228 0.0520 0.9984
vn 0.1337 -0.3159 0.9393
vn 0.2935 -0.0242 0.9557
vn 0.1769 0.3794 0.9082
vn 0.4322 0.0922 0.8970
vn 0.4625 0.3871 0.7976
vn 0.6728 0.3076 0.6728
vn 0.4948 0.5879 0.6400
vn 0.2144 0.5148 0.8301
vn 0.2449 0.6339 0.7336
vn -0.0697 0.6383 0.7666
vn 0.1733 0.7635 0.6222
vn -0.0608 0.8628 0.5018
vn -0.2445 0.6937 0.6775
vn -0.2030 0.4425 0.8735
vn 0.1677 0.8775 0.4494
vn -0.0764 0.9596 0.2707
vn -0.3136 0.8685 0.3839
vn -0.5519 0.7893 0.2691
vn -0.4265 0.8859 0.1826
vn -0.5879 0.6917 0.4195
vn -0.3473 0.9203 0.1799
vn -0.3800 0.7213 0.5790
vn -0.6219 0.5458 0.5615
vn -0.7794 0.5226 0.3456
vn -0.7558 0.6372 0.1510
vn -0.5867 0.7970 0.1434
vn -0.7644 0.6404 0.0750
vn -0.9149 0.3513 0.1991
vn -0.8095 0.3494 0.4719
vn -0.9190 0.2253 0.3235
vn -0.4991 -0.8037 0.3241
vn -0.5520 -0.7203 0.4201
vn -0.5476 -0.7098 0.4430
vn -0.4755 -0.8326 0.2840
vn -0.8196 -0.3224 0.4737
vn -0.7007 -0.6985 0.1452
vn -0.8193 -0.3414 0.4607
vn -0.8147 0.2308 0.5319
vn -0.9034 -0.4287 0.0109
vn -0.6947 0.3170 0.6457
vn -0.7166 0.1544 0.6801
vn -0.5979 0.1475 0.7878
vn -0.5217 0.4567 0.7206
vn -0.4274 0.4059 0.8078
vn -0.7107 -0.7028 0.0312
vn -0.9446 -0.3262 0.0364
vn -0.9986 0.0516 0.0090
vn -0.0001 0.0001 1.0000
vn -0.8849 0.4644 0.0358
vn -0.9601 0.2790 -0.0201
vn -0.9756 0.2192 0.0105
vn -0.9402 0.3369 -0.0503
vn -0.0609 0.9954 -0.0746
vn -0.3086 0.9503 0.0411
vn -0.1780 0.9838 -0.0209
vn 0.0529 0.9907 -0.1252
vn 0.0132 -0.0076 0.9999
vn 0.7921 0.5983 0.1212
vn 0.0056 -0.0014 1.0000
vn 0.0094 -0.0276 0.9996
vn 0.0266 -0.0083 0.9996
vn 0.9587 -0.2276 -0.1707
vn 0.9195 -0.3863 -0.0731
vn 0.9390 -0.3251 -0.1121
vn 0.0135 0.0043 0.9999
vn -0.4051 -0.9134 -0.0400
vn -0.3791 -0.9251 -0.0196
vn -0.4589 -0.8846 -0.0836
vn -0.3182 -0.9476 0.0272
vn 0.0154 0.0152 0.9998
vn 0.8635 -0.5043 0.0072
vn -0.0002 0.0019 -1.0000
vn -0.0019 0.0021 -1.0000
vn -0.0001 0.0001 -1.0000
vn 0.0269 0.0119 -0.9996
vn 0.0032 0.0039 -1.0000
vn 0.7246 0.6807 -0.1076
vn 0.7552 0.6482 -0.0974
vn 0.6477 0.7461 -0.1545
vn 0.8879 -0.4509 -0.0915
vn 0.9363 -0.3238 -0.1357
vn 0.9619 -0.2616 -0.0800
vn 0.0110 -0.0059 -0.9999
vn 0.8929 -0.3756 -0.2482
vn 0.8215 -0.5315 -0.2065
vn 0.0015 -0.0035 -1.0000
vn 0.6919 -0.7189 -0.0666
vn -0.0013 0.0010 -1.0000
vn 0.7202 -0.4772 -0.5036
vn 0.8300 -0.3849 -0.4037
vn 0.7047 -0.6323 -0.3219
vn 0.6841 -0.7166 -0.1360
vn 0.5285 -0.8246 -0.2018
vn 0.4830 -0.8124 -0.3268
vn 0.3082 -0.8102 -0.4986
vn 0.3264 -0.8096 -0.4878
vn 0.3006 -0.9047 -0.3019
vn 0.4158 -0.8917 -0.1791
vn 0.9367 -0.2592 -0.2353
vn -0.0048 0.0116 -0.9999
vn 0.0001 0.0049 -1.0000
vn -0.0071 0.0156 -0.9999
vn 0.3370 -0.9277 -0.1606
vn 0.0005 0.0221 -0.9998
vn 0.0812 0.0157 -0.9966
vn -0.2028 0.0377 -0.9785
vn -0.8422 -0.5269 -0.1145
vn -0.8518 -0.5092 -0.1231
vn -0.8343 -0.5407 -0.1077
vn 0.3743 -0.9239 -0.0796
vn 0.1814 -0.9683 -0.1720
vn 0.9608 0.2592 -0.0987
vn 0.9600 0.2630 -0.0963
vn 0.9615 0.2557 -0.1009
vn 0.3735 -0.9243 -0.0786
vn 0.9592 0.2665 -0.0940
vn 0.2352 0.0649 -0.9698
vn 0.1981 0.0809 -0.9768
vn 0.3203 0.0284 -0.9469
vn 0.1083 0.1173 -0.9872
vn -0.1291 0.9878 0.0875
vn -0.2113 0.9572 0.1978
vn -0.0853 0.9865 0.1399
vn -0.9550 -0.2551 -0.1511
vn -0.9524 -0.2676 -0.1461
vn -0.9485 -0.2849 -0.1388
vn -0.9454 -0.2973 -0.1334
vn 0.0008 -0.0004 -1.0000
vn 0.0006 -0.0009 -1.0000
vn 0.0004 -0.0015 -1.0000
vn 0.1315 -0.9867 -0.0952
vn 0.1356 -0.9866 -0.0909
vn 0.9925 0.0023 -0.1226
vn 0.9922 0.0058 -0.1241
vn 0.9921 0.0083 -0.1252
vn 0.9926 -0.0002 -0.1215
vn 0.0002 -0.0019 -1.0000
vn 0.0711 -0.9809 -0.1810
vn -0.1292 -0.9613 -0.2434
vn 0.1250 -0.9579 -0.2584
vn -0.0848 -0.9806 -0.1769
vn -0.1132 -0.0138 -0.9935
vn -0.1038 -0.0067 -0.9946
vn -0.0806 0.0118 -0.9967
vn -0.3458 -0.9001 -0.2650
vn -0.1521 -0.9705 -0.1868
vn -0.1353 -0.0313 -0.9903
vn -0.1307 -0.9876 -0.0872
vn -0.9946 0.0050 -0.1032
vn -0.9943 -0.0000 -0.1069
vn -0.9950 0.0116 -0.0994
vn -0.9952 0.0177 -0.0962
vn -0.1703 0.0322 -0.9849
vn -0.1831 0.0482 -0.9819
vn -0.1327 -0.0165 -0.9910
vn -0.2209 0.0979 -0.9704
vn -0.3354 -0.9343 -0.1210
vn -0.1271 -0.9877 -0.0910
vn 0.9602 -0.2479 -0.1285
vn 0.9624 -0.2365 -0.1335
vn 0.9638 -0.2287 -0.1369
vn -0.4381 -0.8874 -0.1435
vn -0.3742 -0.9253 -0.0623
vn -0.3879 -0.9183 -0.0789
vn -0.9638 0.2484 -0.0965
vn -0.9623 0.2534 -0.0990
vn -0.9651 0.2442 -0.0944
vn -0.5515 -0.8088 -0.2041
vn 0.2332 -0.1159 -0.9655
vn 0.3121 -0.3034 -0.9003
vn 0.2599 -0.1776 -0.9492
vn 0.8688 -0.4862 -0.0943
vn 0.8740 -0.4754 -0.1006
vn 0.8784 -0.4661 -0.1059
vn 0.1690 0.0242 -0.9853
vn -0.8665 0.4751 -0.1530
vn -0.8449 0.5077 -0.1687
vn -0.8832 0.4476 -0.1399
vn -0.6457 -0.7620 -0.0494
vn 0.0009 0.0008 -1.0000
vn 0.0030 0.0022 -1.0000
vn 0.0159 0.0090 -0.9998
vn -0.8284 0.5305 -0.1797
vn 0.0167 0.0103 -0.9998
vn 0.6685 0.7333 0.1238
vn 0.6922 0.6683 0.2724
vn 0.8128 0.5701 0.1198
vn 0.5578 0.8094 0.1834
vn 0.4705 0.8277 0.3059
vn 0.4487 0.7476 0.4897
vn 0.7005 0.5243 0.4842
vn 0.8537 0.3498 0.3859
vn 0.8878 0.4053 0.2181
vn 0.3382 0.9271 0.1613
vn 0.3968 0.9053 0.1520
vn 0.2462 0.9197 0.3059
vn 0.1832 0.9685 0.1686
vn 0.0951 0.9810 0.1689
vn 0.9597 0.2341 0.1558
vn 0.0080 0.0021 -1.0000
vn 0.0103 -0.0004 -0.9999
vn 0.0018 0.0006 -1.0000
vn 0.0011 0.0022 -1.0000
vn 0.9232 0.2310 0.3072
vn 0.8595 -0.5059 0.0738
vn 0.0003 -0.0001 -1.0000
vn -0.6428 -0.7629 -0.0692
vn -0.6235 -0.7804 -0.0470
vn -0.6394 -0.7660 -0.0655
vn -0.0008 0.0006 -1.0000
vn -0.4818 0.8752 -0.0424
vn -0.6778 0.7352 -0.0107
vn -0.6564 -0.7495 -0.0858
vn -0.7948 0.6034 0.0645
vn 0.4113 -0.7968 0.4427
vn 0.5529 -0.7414 0.3804
vn 0.4164 -0.7942 0.4426
vn 0.5412 -0.7394 0.4005
vn 0.5814 -0.7378 0.3430
vn 0.7899 0.2636 0.5537
vn 0.6838 0.1318 0.7177
vn 0.6460 -0.7632 0.0139
vn 0.6578 -0.7531 0.0112
vn 0.5267 -0.8491 0.0396
vn -0.0897 -0.9958 0.0185
vn -0.0683 -0.9975 0.0182
vn -0.2717 -0.9613 0.0459
vn 0.5060 -0.8614 0.0438
vn -0.8458 -0.4050 -0.3472
vn -0.2289 -0.9731 0.0260
vn 0.0002 -0.0000 1.0000
vn -0.0463 -0.0088 0.9989
vn -0.2998 -0.9524 0.0553
vn -0.8074 -0.5900 -0.0028
vn 0.8634 -0.4967 -0.0880
vn 0.3723 0.9254 0.0712
vn 0.3763 0.9242 0.0654
vn -0.9610 0.2574 -0.1009
vn 0.1406 0.9871 0.0765
vn 0.9585 -0.2564 -0.1249
vn 0.1307 0.9893 0.0643
vn -0.5103 -0.7989 -0.3184
vn -0.4710 -0.7557 -0.4551
vn -0.3695 -0.8020 -0.4693
vn 0.1237 -0.9011 -0.4156
vn -0.5597 -0.5793 -0.5926
vn -0.2352 -0.9719 -0.0009
vn -0.9788 -0.1208 -0.1651
vn -0.9142 -0.4042 -0.0279
vn -0.9511 -0.2978 -0.0823
vn -0.9773 -0.0127 -0.2117
vn 0.2755 -0.9468 -0.1666
vn 0.0014 0.0032 -1.0000
vn 0.6358 -0.7128 -0.2962
vn 0.4640 -0.8230 -0.3276
vn -0.0844 -0.7847 -0.6142
vn 0.5904 -0.6951 -0.4102
vn 0.9234 -0.3466 -0.1648
vn 0.3751 -0.4116 0.8306
vn 0.7477 -0.5292 -0.4013
vn -0.0008 -0.0148 -0.9999
vn -0.0056 -0.0366 -0.9993
vn 0.0054 -0.0038 -1.0000
vn -0.0151 -0.0558 -0.9983
vn -0.0019 -0.0251 -0.9997
vn 0.9984 -0.0402 -0.0389
vn 0.0016 -0.0270 -0.9996
vn -0.0018 -0.9981 -0.0623
vn -0.0034 -0.9984 -0.0572
vn -0.0017 -0.9993 -0.0383
vn 0.6287 -0.6142 -0.4769
vn -0.0095 -0.9950 -0.0994
vn -0.0028 -0.9962 -0.0869
vn 0.0032 -0.9972 -0.0740
vn 0.1405 -0.7667 -0.6265
vn -0.7948 -0.5278 -0.2997
vn -0.5338 -0.6816 -0.5005
vn -0.4100 -0.7215 -0.5580
vn 0.1622 -0.8544 -0.4937
vn -0.7721 -0.5648 -0.2913
vn -0.8031 -0.5149 -0.2999
vn 0.1886 -0.8998 -0.3933
vn -0.6110 -0.7430 -0.2730
vn -0.5433 -0.7978 -0.2614
vn -0.0006 -0.9993 -0.0380
vn -0.9975 -0.0601 -0.0363
vn -0.1239 0.9890 0.0813
vn -0.3935 0.9161 0.0774
vn -0.3910 0.9174 0.0740
vn -0.0002 0.0013 -1.0000
vn 0.0004 0.0008 -1.0000
vn 0.0008 0.0005 -1.0000
vn -0.0007 0.0017 -1.0000
vn -0.8585 -0.4963 -0.1292
vn -0.0002 0.0039 -1.0000
vn -0.0033 0.0052 -1.0000
vn 0.9681 0.2423 -0.0638
vn 0.6624 -0.7460 -0.0687
vn 0.8368 -0.5473 -0.0143
vn 0.7822 -0.6222 -0.0337
vn 0.6210 -0.7798 -0.0792
vn 0.5635 -0.6189 -0.5472
vn 0.6604 -0.6002 -0.4512
vn 0.0909 -0.9956 0.0207
vn -0.4926 -0.8662 -0.0846
vn 0.2686 0.0001 -0.9632
vn 0.8678 0.4837 -0.1139
vn 0.8406 0.5249 -0.1339
vn 0.8235 0.5483 -0.1455
vn 0.7691 -0.2764 -0.5763
vn 0.8819 0.4102 -0.2323
vn 0.7355 0.6407 -0.2205
vn 0.7995 0.5435 -0.2559
vn 0.8193 0.5530 -0.1515
vn 0.7373 -0.1669 -0.6546
vn 0.8320 0.5471 -0.0916
vn 0.4661 0.8842 -0.0296
vn 0.3850 0.9229 -0.0017
vn 0.5538 0.7991 -0.2338
vn 0.4834 0.7468 -0.4568
vn 0.5507 0.8034 -0.2265
vn 0.4476 0.8938 -0.0285
vn 0.9718 0.2351 -0.0150
vn 0.9643 0.2600 -0.0506
vn 0.8770 -0.4800 -0.0201
vn -0.0002 0.0002 -1.0000
vn 0.9669 -0.2459 -0.0687
vn 0.3194 -0.9457 -0.0604
vn 0.4903 -0.8709 -0.0342
vn 0.2940 -0.9533 -0.0692
vn 0.5130 -0.8583 -0.0134
vn 0.8459 -0.5327 -0.0278
vn -0.5736 -0.7031 0.4203
vn 0.8895 -0.0804 -0.4499
vn 0.9046 0.0372 -0.4246
vn 0.8641 -0.4175 -0.2812
vn 0.7573 -0.1932 -0.6239
vn 0.8313 -0.5550 -0.0306
vn 0.5936 -0.7786 -0.2035
vn 0.6198 -0.4946 -0.6093
vn 0.4756 -0.8795 -0.0148
vn 0.3990 -0.8723 -0.2825
vn 0.1715 0.0110 -0.9851
vn 0.1375 -0.0016 -0.9905
vn 0.1266 -0.0058 -0.9919
vn 0.1925 0.0186 -0.9811
vn 0.9993 -0.0082 -0.0365
vn 0.9993 -0.0066 -0.0362
vn 0.9977 0.0014 -0.0670
vn 0.4307 0.9021 -0.0263
vn 0.9980 0.0023 -0.0637
vn -0.9001 -0.3706 -0.2290
vn 0.9961 0.0007 -0.0878
vn 0.7620 -0.6411 -0.0911
vn 0.9962 0.0008 -0.0876
vn 0.0957 0.9950 -0.0293
vn 0.8960 0.3437 -0.2811
vn 0.8858 0.4534 -0.0994
vn -0.0019 0.0023 -1.0000
vn -0.6324 0.7707 0.0782
vn 0.8197 -0.5708 0.0481
vn 0.7691 -0.6389 -0.0194
vn 0.8226 -0.5673 -0.0389
vn 0.0256 -0.9991 0.0346
vn 0.0384 -0.9988 0.0316
vn 0.0579 -0.9980 0.0271
vn 0.0205 -0.9991 0.0358
vn 0.8384 -0.5421 0.0566
vn 0.8874 -0.4499 -0.1005
vn 0.3591 -0.8828 0.3028
vn -0.9863 0.1597 0.0404
vn 0.3987 0.0181 0.9169
vn 0.5318 -0.0145 0.8468
vn -0.5458 -0.7114 0.4428
vn -0.2906 -0.7795 0.5549
vn 0.6407 -0.7470 0.1775
vn 0.5972 0.7222 0.3490
vn -0.0006 0.0014 -1.0000
vn -0.9960 0.0098 -0.0889
vn -0.5762 0.5551 -0.5999
vn -0.5848 0.5904 -0.5562
vn -0.5810 0.5758 -0.5752
vn -0.9993 0.0037 -0.0366
vn -0.5922 0.6276 -0.5054
vn -0.2481 0.9683 -0.0302
vn -0.9993 0.0047 -0.0368
vn -0.4456 -0.8947 -0.0299
vn -0.1611 -0.0078 -0.9869
vn -0.7044 0.5558 -0.4415
vn -0.6275 0.5786 -0.5210
vn 0.2544 0.9667 -0.0271
vn 0.4482 0.8896 -0.0878
vn 0.1798 0.9837 -0.0044
vn 0.5077 0.8549 -0.1069
vn -0.4877 0.8722 -0.0370
vn -0.4272 0.9039 -0.0201
vn -0.5958 0.8002 -0.0687
vn -0.6216 0.7796 -0.0765
vn 0.4931 0.7058 -0.5086
s 1
f 4//1 1//2 2//3
f 2//3 1//2 8//4
f 4//1 3//5 1//2
f 3//6 6//7 1//8
f 6//7 5//9 1//8
f 1//2 5//10 7//11
f 7//11 9//12 1//2
f 1//2 9//12 8//4
f 15//13 9//14 10//15
f 9//16 11//16 10//16
f 9//12 12//17 11//18
f 7//11 12//17 9//12
f 8//4 9//12 14//19
f 13//20 14//21 9//14
f 13//20 9//14 15//13
f 15//22 16//23 13//24
f 17//25 16//25 15//25
f 10//15 17//26 15//13
f 19//27 18//27 17//27
f 17//28 18//28 16//28
f 20//29 19//30 17//26
f 20//29 17//26 10//15
f 20//31 21//32 22//33
f 20//31 24//34 21//32
f 22//35 19//35 20//35
f 23//36 20//37 10//38
f 25//39 20//37 23//36
f 26//40 24//34 20//31
f 25//39 26//41 20//37
f 29//42 26//41 25//39
f 27//43 24//34 26//40
f 26//41 28//44 27//45
f 29//42 28//44 26//41
f 30//46 29//42 25//39
f 31//47 29//42 30//46
f 31//48 28//49 29//50
f 30//51 33//52 31//53
f 31//48 32//54 28//49
f 31//53 33//52 32//55
f 35//56 33//57 34//58
f 34//58 33//57 37//59
f 35//56 32//60 33//57
f 36//61 37//62 33//63
f 36//61 33//63 38//64
f 33//65 30//65 38//65
f 38//66 30//67 39//68
f 36//69 38//69 39//69
f 40//70 42//71 39//72
f 40//70 39//72 41//73
f 41//73 39//72 25//39
f 39//68 30//67 25//74
f 42//71 36//75 39//72
f 40//70 45//76 42//71
f 43//77 36//75 42//71
f 44//78 43//77 42//71
f 45//76 44//78 42//71
f 46//79 49//80 45//76
f 46//79 45//76 40//70
f 45//76 47//81 44//78
f 48//82 47//81 45//76
f 49//83 48//84 45//85
f 50//86 53//87 49//83
f 51//88 50//89 49//80
f 51//88 49//80 46//79
f 52//90 48//84 49//83
f 53//87 52//90 49//83
f 50//89 54//91 53//92
f 55//93 52//93 53//93
f 53//94 54//94 55//94
f 56//95 57//96 55//97
f 55//98 58//99 56//100
f 57//101 52//101 55//101
f 54//102 58//99 55//98
f 62//103 59//104 58//105
f 56//106 58//107 59//108
f 58//109 60//110 61//111
f 58//112 54//113 60//114
f 58//105 61//115 62//103
f 62//116 65//117 63//118
f 62//116 63//118 64//119
f 59//120 62//120 64//120
f 65//117 62//116 61//121
f 67//122 65//123 66//124
f 68//125 66//126 65//117
f 69//127 65//123 67//122
f 68//125 65//117 61//121
f 70//128 65//128 69//128
f 65//129 70//129 63//129
f 71//130 70//130 69//130
f 63//131 70//131 71//131
f 71//132 66//132 63//132
f 67//133 66//133 71//133
f 67//134 71//134 69//134
f 68//135 72//136 74//137
f 72//136 68//135 61//111
f 73//138 64//139 68//140
f 68//135 74//137 73//141
f 64//119 63//118 68//125
f 68//125 63//118 66//126
f 72//142 78//143 74//144
f 73//141 74//137 77//145
f 78//143 75//146 74//144
f 76//147 74//148 75//149
f 77//150 74//148 76//147
f 80//151 75//152 78//153
f 80//154 78//154 79//154
f 79//155 78//156 81//157
f 54//113 78//158 60//114
f 81//157 78//156 54//91
f 60//114 78//158 72//159
f 81//157 54//91 82//160
f 82//160 79//155 81//157
f 82//160 50//89 84//161
f 82//160 54//91 50//89
f 82//160 83//162 79//155
f 84//161 83//162 82//160
f 86//163 85//164 84//161
f 85//164 87//165 84//161
f 86//163 84//161 51//88
f 51//88 84//161 50//89
f 84//161 87//165 83//162
f 88//166 83//167 87//168
f 88//166 87//168 90//169
f 90//169 87//168 89//170
f 85//164 89//171 87//165
f 89//170 91//172 90//169
f 93//173 90//169 91//172
f 94//174 90//174 92//174
f 93//173 92//175 90//169
f 94//176 88//176 90//176
f 94//177 95//178 88//166
f 95//178 94//177 92//175
f 95//178 83//167 88//166
f 96//179 83//167 95//178
f 95//178 92//175 96//179
f 98//180 96//180 97//180
f 96//179 92//175 97//181
f 79//182 83//167 96//179
f 79//182 96//179 98//183
f 98//184 97//184 99//184
f 79//182 98//183 80//185
f 80//185 98//183 47//186
f 47//186 98//183 99//187
f 44//188 99//187 101//189
f 47//186 99//187 44//188
f 97//181 100//190 99//191
f 101//192 99//192 100//192
f 102//193 44//188 101//189
f 102//193 101//189 104//194
f 103//195 104//194 101//189
f 103//196 101//196 100//196
f 106//197 104//194 103//195
f 106//197 105//198 104//194
f 104//194 105//198 107//199
f 102//193 104//194 107//199
f 107//199 105//198 108//200
f 108//201 24//201 107//201
f 107//202 24//202 102//202
f 105//203 21//203 108//203
f 108//204 21//204 24//204
f 106//197 21//32 105//198
f 21//32 106//197 22//33
f 109//205 106//205 110//205
f 109//206 22//206 106//206
f 110//207 106//207 103//207
f 111//208 109//209 110//210
f 110//210 92//175 111//208
f 97//181 92//175 110//210
f 110//210 103//211 97//181
f 112//212 109//209 111//208
f 93//173 111//208 92//175
f 113//213 111//208 93//173
f 113//213 112//212 111//208
f 113//214 115//214 114//214
f 113//213 114//215 112//212
f 116//216 115//217 113//213
f 113//213 93//173 116//216
f 14//21 115//218 116//216
f 91//172 117//219 116//216
f 116//216 93//173 91//172
f 118//220 116//216 117//219
f 14//21 116//216 118//220
f 117//219 89//170 118//220
f 89//221 119//221 118//221
f 118//222 119//223 122//224
f 120//225 14//19 118//222
f 120//225 118//222 121//226
f 118//222 122//224 121//226
f 123//227 122//228 125//229
f 122//224 123//230 121//226
f 126//231 122//232 119//233
f 125//234 122//234 124//234
f 126//231 124//235 122//232
f 126//236 119//236 127//236
f 129//237 126//238 127//239
f 124//240 126//238 128//241
f 126//238 129//237 128//241
f 129//237 127//239 132//242
f 133//243 130//244 129//245
f 129//245 130//244 131//246
f 129//245 131//246 128//247
f 132//248 133//249 129//250
f 133//243 134//251 130//244
f 134//251 133//243 135//252
f 136//120 135//120 133//120
f 132//248 136//253 133//249
f 139//254 136//253 132//248
f 137//120 135//120 136//120
f 136//255 138//256 137//257
f 136//255 139//258 138//256
f 132//242 127//239 139//259
f 140//260 139//261 127//262
f 141//263 139//264 140//265
f 139//264 141//263 138//266
f 141//263 140//265 142//267
f 141//268 142//268 143//268
f 138//266 141//263 143//269
f 125//270 124//271 143//272
f 143//273 144//274 125//229
f 143//272 124//271 138//275
f 144//276 143//276 142//276
f 144//277 142//278 121//279
f 121//226 123//230 144//280
f 123//227 125//229 144//274
f 145//281 142//282 140//283
f 121//279 142//278 145//284
f 146//285 121//226 145//281
f 146//285 145//281 85//164
f 145//281 89//171 85//164
f 140//283 89//171 145//281
f 41//120 147//120 146//120
f 147//286 121//226 146//285
f 146//120 86//120 41//120
f 146//285 85//164 86//163
f 2//3 120//225 147//286
f 147//286 120//225 121//226
f 41//120 2//287 147//120
f 140//260 127//262 148//288
f 140//283 148//289 89//171
f 89//171 148//289 119//290
f 119//291 148//291 127//291
f 138//256 124//292 137//257
f 135//293 137//294 124//295
f 124//295 128//296 135//293
f 149//297 135//252 128//247
f 135//252 149//297 134//251
f 149//298 150//298 134//298
f 150//299 149//299 151//299
f 131//246 149//297 128//247
f 131//300 151//300 149//300
f 151//301 152//302 150//303
f 131//304 152//304 151//304
f 152//302 153//305 150//303
f 152//306 130//307 153//308
f 152//309 131//309 130//309
f 134//310 150//310 153//310
f 134//311 153//308 130//307
f 2//3 8//4 120//225
f 8//4 14//19 120//225
f 91//172 89//170 117//219
f 115//218 14//21 13//20
f 13//312 154//312 115//312
f 114//215 115//313 154//314
f 16//315 112//212 154//314
f 13//24 16//23 154//316
f 112//212 114//215 154//314
f 112//212 16//315 109//209
f 109//317 155//317 22//317
f 18//318 155//319 109//209
f 16//315 18//318 109//209
f 19//320 22//320 155//320
f 19//321 155//321 18//321
f 97//181 103//211 100//190
f 102//193 27//43 44//188
f 24//34 27//43 102//193
f 41//120 86//120 51//322
f 76//323 80//151 47//81
f 76//323 75//152 80//151
f 77//324 57//96 56//95
f 156//325 77//326 56//106
f 77//327 156//328 73//138
f 76//329 57//96 77//324
f 156//325 56//106 59//108
f 73//138 156//328 64//139
f 59//120 64//120 156//120
f 57//330 76//323 48//82
f 76//323 47//81 48//82
f 61//111 60//110 72//136
f 48//82 52//331 57//330
f 41//120 51//322 46//332
f 46//332 40//120 41//120
f 27//333 43//77 44//78
f 27//334 157//335 43//336
f 158//337 43//336 157//335
f 36//338 43//339 37//340
f 43//339 158//341 37//340
f 159//342 158//343 157//344
f 37//345 158//345 159//345
f 160//346 37//347 159//348
f 160//346 159//348 161//349
f 157//344 161//350 159//342
f 163//351 160//352 161//353
f 162//354 163//351 161//353
f 162//355 161//350 157//344
f 160//352 163//351 167//356
f 164//357 163//351 162//354
f 165//358 163//358 164//358
f 166//359 163//359 165//359
f 163//360 166//361 167//362
f 160//352 167//356 170//363
f 167//364 168//365 169//366
f 167//362 166//361 168//367
f 167//364 169//366 164//368
f 170//363 167//356 164//357
f 34//120 170//120 35//120
f 171//369 35//370 170//371
f 34//120 160//120 170//120
f 171//369 170//371 162//372
f 170//363 164//357 162//354
f 172//373 171//374 157//344
f 171//374 172//373 32//375
f 32//376 35//370 171//369
f 157//344 171//374 162//355
f 28//377 172//378 157//379
f 28//49 32//54 172//380
f 169//381 168//382 165//383
f 165//384 164//384 169//384
f 165//383 168//382 166//385
f 34//386 37//347 160//346
f 27//387 28//377 157//379
f 41//73 25//39 23//36
f 41//73 23//36 173//388
f 41//120 173//389 4//120
f 4//120 2//287 41//120
f 173//390 23//391 174//392
f 173//390 174//392 4//1
f 174//393 23//393 3//393
f 4//1 174//392 3//5
f 23//36 10//38 3//394
f 7//395 175//396 12//397
f 11//398 12//398 175//398
f 177//399 11//399 175//399
f 176//400 175//396 7//395
f 178//401 175//402 176//403
f 179//404 177//405 175//402
f 179//404 175//402 178//401
f 179//406 181//407 180//408
f 177//405 179//404 180//409
f 182//410 181//407 179//406
f 183//411 182//410 179//406
f 178//412 183//413 179//414
f 182//410 183//411 184//415
f 185//416 184//417 183//120
f 178//412 185//418 183//413
f 187//419 184//417 185//416
f 176//420 185//418 178//412
f 185//421 176//422 186//423
f 185//421 186//423 187//424
f 184//425 187//426 188//427
f 186//423 188//428 187//424
f 190//429 187//430 189//431
f 189//432 187//433 195//434
f 193//435 187//430 190//429
f 191//436 187//433 192//437
f 187//433 191//436 194//438
f 192//439 187//440 193//441
f 187//433 194//438 195//434
f 195//434 194//438 196//442
f 189//432 195//434 197//443
f 195//434 196//442 198//444
f 197//443 195//434 198//444
f 197//443 198//444 199//445
f 199//445 198//444 200//446
f 196//442 201//447 198//444
f 198//444 201//447 200//446
f 201//448 202//449 200//450
f 201//448 203//451 202//449
f 201//448 204//452 203//451
f 196//442 204//453 201//447
f 204//452 206//454 203//451
f 207//455 205//456 204//453
f 205//456 206//457 204//453
f 196//442 207//455 204//453
f 209//458 208//459 207//455
f 207//455 208//459 205//456
f 194//438 207//455 196//442
f 194//438 209//458 207//455
f 209//458 210//460 208//459
f 212//461 210//460 209//458
f 211//462 209//458 194//438
f 211//462 212//461 209//458
f 212//461 213//463 210//460
f 212//461 214//464 213//463
f 211//462 214//464 212//461
f 214//464 215//465 217//466
f 216//467 215//465 214//464
f 211//462 216//467 214//464
f 214//464 217//466 213//463
f 215//465 218//468 217//466
f 217//466 218//468 219//469
f 217//466 219//469 213//463
f 219//470 220//471 213//472
f 221//473 220//471 219//470
f 219//470 223//474 221//473
f 222//475 219//469 224//476
f 223//474 219//470 222//477
f 219//469 218//468 224//476
f 224//476 225//478 206//457
f 224//476 226//479 225//478
f 218//468 226//479 224//476
f 222//475 224//476 206//457
f 226//479 227//480 225//478
f 226//481 229//482 227//483
f 218//468 228//484 226//479
f 228//484 230//485 226//479
f 230//485 229//486 226//479
f 228//484 231//487 230//485
f 230//485 231//487 232//488
f 230//485 232//488 229//486
f 231//487 233//489 232//488
f 232//488 233//489 234//490
f 232//488 234//490 229//486
f 229//482 234//491 235//492
f 234//491 236//493 235//492
f 234//491 237//494 236//493
f 233//489 237//495 234//490
f 239//496 237//495 238//497
f 233//489 238//497 237//495
f 239//496 240//498 237//495
f 237//495 240//498 241//499
f 237//495 241//499 236//500
f 236//501 241//502 242//503
f 241//502 243//504 242//503
f 246//505 243//504 241//502
f 244//506 241//499 240//498
f 244//506 245//507 241//499
f 245//507 246//508 241//499
f 246//505 248//509 243//504
f 245//507 247//510 246//508
f 247//510 248//511 246//508
f 248//509 249//512 250//513
f 248//509 251//514 249//512
f 243//504 248//509 250//513
f 248//511 252//515 251//516
f 253//517 252//515 248//511
f 247//510 253//517 248//511
f 254//518 253//517 247//510
f 254//518 255//519 253//517
f 255//519 252//515 253//517
f 255//519 257//520 252//515
f 258//521 256//522 255//519
f 256//522 257//520 255//519
f 254//518 258//521 255//519
f 259//523 258//521 254//518
f 259//523 260//524 258//521
f 260//524 256//522 258//521
f 264//525 261//525 260//525
f 263//526 260//527 261//528
f 263//529 262//530 260//524
f 260//524 262//530 256//522
f 259//531 264//525 260//525
f 264//532 268//533 261//534
f 265//535 267//536 264//532
f 264//537 266//538 265//539
f 264//537 259//540 266//538
f 264//532 267//536 268//533
f 268//533 271//541 261//534
f 268//542 270//542 269//542
f 268//543 269//543 271//543
f 267//544 270//544 268//544
f 261//534 271//541 272//545
f 272//545 271//541 274//546
f 271//547 269//547 273//547
f 271//548 273//548 274//548
f 272//545 274//546 265//535
f 265//535 274//546 267//536
f 274//549 275//549 267//549
f 274//550 273//550 275//550
f 267//551 275//551 270//551
f 275//552 276//552 270//552
f 275//553 277//553 276//553
f 273//554 277//554 275//554
f 278//555 276//556 277//557
f 280//558 278//555 277//557
f 279//559 280//558 277//557
f 273//560 279//560 277//560
f 278//555 280//558 285//561
f 280//558 279//559 281//562
f 283//563 280//563 281//563
f 280//564 283//565 282//566
f 282//566 284//567 280//564
f 284//568 285//568 280//568
f 285//569 286//570 287//571
f 284//567 286//572 285//573
f 285//569 287//571 288//574
f 285//569 288//574 289//575
f 278//576 285//569 289//575
f 291//577 289//578 265//579
f 289//578 272//580 265//579
f 289//581 290//582 272//583
f 289//584 288//585 290//582
f 292//586 289//575 291//587
f 292//586 278//576 289//575
f 294//588 278//589 292//590
f 295//591 292//592 293//593
f 293//593 292//592 291//594
f 294//588 292//590 295//595
f 297//596 295//595 293//597
f 296//598 294//588 295//595
f 295//595 297//596 296//598
f 297//596 293//597 299//599
f 298//600 297//596 299//599
f 296//598 297//596 298//600
f 298//600 299//599 300//601
f 300//601 299//599 301//602
f 301//603 299//599 293//597
f 302//604 301//602 303//605
f 301//602 302//604 305//606
f 303//607 301//608 304//609
f 301//608 293//610 304//609
f 300//601 301//602 305//606
f 307//611 306//612 305//606
f 309//613 305//606 306//612
f 305//606 302//604 307//611
f 308//614 300//601 305//606
f 308//614 305//606 309//613
f 235//615 308//614 309//613
f 309//613 306//612 311//616
f 227//617 309//613 310//618
f 227//617 235//615 309//613
f 309//613 311//616 310//619
f 312//620 311//616 306//612
f 316//621 311//616 312//620
f 310//619 311//616 313//622
f 313//622 311//616 317//623
f 314//624 317//623 311//616
f 314//624 311//616 315//625
f 315//626 311//626 316//626
f 313//622 317//623 318//627
f 320//628 317//623 314//624
f 318//627 317//623 319//629
f 320//628 319//629 317//623
f 320//628 314//624 321//630
f 321//630 319//629 320//628
f 321//630 314//624 326//631
f 322//632 323//633 321//630
f 322//632 321//630 324//634
f 321//630 323//633 319//629
f 324//634 321//630 325//635
f 321//636 326//636 325//636
f 325//637 326//638 327//639
f 326//638 328//640 327//639
f 326//638 329//641 328//640
f 326//638 331//642 329//641
f 314//624 330//643 326//631
f 330//644 331//645 326//646
f 331//642 332//647 329//641
f 331//642 304//648 332//647
f 303//607 304//609 331//645
f 330//644 303//607 331//645
f 332//647 333//649 334//650
f 332//647 335//651 333//649
f 334//650 329//641 332//647
f 332//647 336//652 335//651
f 304//648 336//652 332//647
f 336//652 337//653 335//651
f 304//648 337//653 336//652
f 337//653 340//654 338//655
f 337//653 338//655 339//656
f 337//653 339//656 335//651
f 304//648 340//654 337//653
f 291//577 341//657 340//654
f 340//654 341//657 342//658
f 340//654 342//658 338//655
f 304//648 291//577 340//654
f 341//657 344//659 342//658
f 338//655 342//658 343//660
f 342//658 345//661 343//660
f 342//658 344//659 345//661
f 344//659 266//662 345//661
f 343//660 345//661 254//518
f 345//661 266//662 259//523
f 345//661 259//523 254//518
f 265//579 266//662 344//659
f 341//657 265//579 344//659
f 343//660 254//518 346//663
f 347//664 343//660 346//663
f 338//655 343//660 347//664
f 348//665 347//664 346//663
f 339//656 338//655 347//664
f 339//656 347//664 348//665
f 353//666 348//665 349//667
f 348//665 350//668 349//667
f 348//665 351//669 350//668
f 348//665 352//670 351//669
f 348//665 346//663 352//670
f 339//656 348//665 353//666
f 333//649 353//666 354//671
f 354//671 353//666 349//667
f 335//651 339//656 353//666
f 333//649 335//651 353//666
f 355//672 333//649 354//671
f 355//672 354//671 231//487
f 354//671 349//667 231//487
f 334//673 355//674 356//675
f 355//676 358//677 356//678
f 334//650 333//649 355//672
f 357//679 358//677 355//676
f 357//680 355//672 228//484
f 355//672 231//487 228//484
f 358//681 357//682 359//683
f 358//681 359//683 328//684
f 328//685 360//686 358//687
f 358//687 360//686 361//688
f 358//687 361//688 356//689
f 360//690 362//691 361//692
f 361//693 362//693 363//693
f 356//689 361//688 364//694
f 361//695 363//695 364//695
f 356//689 364//694 329//696
f 329//696 364//694 360//686
f 364//697 363//697 365//697
f 364//698 365//698 360//698
f 365//699 369//700 366//701
f 365//702 366//703 367//704
f 365//702 367//704 368//705
f 360//706 365//706 368//706
f 363//707 369//700 365//699
f 369//708 307//709 366//710
f 307//709 369//708 312//620
f 363//711 370//712 369//713
f 369//708 370//714 312//620
f 370//714 367//715 316//621
f 312//620 370//714 316//621
f 362//716 367//717 370//718
f 362//719 370//712 363//711
f 360//690 368//720 362//691
f 368//721 367//717 362//716
f 316//621 367//715 315//722
f 315//722 367//715 366//710
f 366//710 307//709 330//644
f 315//722 366//710 330//644
f 329//696 360//686 328//685
f 327//639 359//723 371//724
f 327//639 328//725 359//723
f 371//724 359//723 372//726
f 372//726 359//723 357//680
f 373//727 372//726 374//728
f 371//724 372//726 373//727
f 374//728 372//726 357//680
f 374//728 228//484 218//468
f 374//728 357//680 228//484
f 215//465 374//728 218//468
f 215//465 373//727 374//728
f 375//729 371//724 373//727
f 375//729 373//727 376//730
f 376//730 373//727 215//465
f 377//731 375//729 376//730
f 378//732 377//731 376//730
f 378//732 376//730 216//467
f 216//467 376//730 215//465
f 381//733 378//732 379//734
f 379//734 378//732 380//735
f 380//735 378//732 216//467
f 381//733 377//731 378//732
f 384//736 381//733 379//734
f 324//737 325//738 381//739
f 381//733 325//637 377//731
f 383//740 324//737 381//739
f 385//741 382//742 381//743
f 382//744 383//745 381//746
f 385//741 381//743 384//747
f 387//748 382//749 385//750
f 387//748 385//750 386//751
f 386//751 385//741 384//747
f 389//752 388//753 387//754
f 387//748 388//755 382//749
f 387//748 386//751 389//756
f 386//751 390//757 389//756
f 390//758 391//759 389//760
f 389//760 391//759 392//761
f 393//762 389//760 392//761
f 394//763 389//760 393//762
f 389//752 394//764 388//753
f 394//763 393//762 395//765
f 395//765 397//766 394//763
f 396//767 388//753 394//764
f 396//767 394//764 397//768
f 396//767 397//768 398//769
f 399//770 398//769 397//768
f 397//766 400//771 399//772
f 395//765 400//771 397//766
f 400//771 401//773 402//774
f 401//773 400//771 395//765
f 402//774 405//775 400//771
f 403//776 400//776 404//776
f 403//777 406//778 400//779
f 399//772 400//771 406//780
f 404//781 400//781 405//781
f 406//780 407//782 408//783
f 407//782 406//780 410//784
f 411//785 406//778 403//777
f 406//780 408//783 399//772
f 406//780 409//786 410//784
f 411//787 409//788 406//789
f 412//790 409//788 411//787
f 412//791 411//792 403//791
f 404//793 405//794 412//795
f 403//791 404//796 412//791
f 412//795 405//794 409//797
f 409//786 414//798 410//784
f 410//799 413//800 407//801
f 414//802 413//802 410//803
f 415//804 414//798 409//786
f 416//805 414//798 415//804
f 416//805 418//806 414//798
f 417//807 413//802 414//802
f 418//808 417//809 414//810
f 419//811 418//812 420//813
f 419//814 417//809 418//808
f 416//805 420//815 418//806
f 421//816 424//817 420//813
f 422//818 421//819 420//815
f 422//818 420//815 416//805
f 420//813 423//820 419//811
f 420//813 424//817 423//820
f 426//821 424//822 421//823
f 423//824 424//825 425//826
f 424//825 426//827 425//826
f 408//828 426//821 421//823
f 407//801 425//829 426//830
f 407//801 426//830 408//831
f 423//824 425//826 419//832
f 407//801 413//800 425//829
f 419//832 425//826 413//833
f 428//834 427//835 422//836
f 427//837 421//819 422//818
f 428//838 422//838 416//838
f 428//839 416//840 430//841
f 429//842 428//842 432//843
f 429//842 431//844 428//842
f 428//839 430//841 432//845
f 431//846 427//835 428//834
f 432//847 430//848 429//849
f 429//850 433//851 431//852
f 431//852 433//851 427//853
f 433//854 430//855 434//856
f 429//849 430//848 433//857
f 435//858 433//854 434//856
f 427//837 433//854 435//858
f 435//859 434//859 437//859
f 435//858 421//819 427//837
f 435//858 408//783 421//819
f 399//772 408//783 435//858
f 435//858 436//860 399//772
f 437//861 436//862 435//863
f 438//864 437//865 434//866
f 440//867 437//865 438//864
f 439//868 437//861 440//869
f 437//861 439//868 436//862
f 441//870 202//871 440//872
f 202//871 442//873 440//872
f 440//872 438//874 441//870
f 440//869 442//875 439//868
f 202//871 443//876 442//873
f 436//862 442//875 443//877
f 439//868 442//875 436//862
f 436//862 443//877 399//770
f 399//770 443//877 444//878
f 445//879 444//880 443//876
f 443//876 202//871 445//879
f 203//881 447//882 445//883
f 202//884 203//881 445//883
f 445//879 446//885 444//880
f 445//879 448//886 446//885
f 447//887 448//886 445//879
f 449//888 446//885 448//886
f 449//888 448//886 383//889
f 383//889 448//886 322//632
f 322//632 448//886 323//633
f 450//890 323//633 448//886
f 450//890 448//886 447//887
f 451//891 323//633 450//890
f 447//892 451//893 450//894
f 451//891 319//629 323//633
f 318//627 319//629 451//891
f 451//893 225//895 318//896
f 447//892 206//454 451//893
f 206//454 225//895 451//893
f 449//888 388//755 398//897
f 449//888 398//897 446//885
f 449//898 383//745 382//744
f 382//749 388//755 449//888
f 203//451 206//454 447//892
f 398//769 444//878 446//899
f 399//770 444//878 398//769
f 452//900 202//900 441//900
f 455//901 452//902 441//903
f 438//904 453//905 441//906
f 441//903 453//907 454//908
f 455//901 441//903 454//908
f 455//909 200//450 452//910
f 456//911 455//912 454//913
f 458//914 455//915 456//916
f 458//914 457//917 455//915
f 457//917 200//918 455//915
f 459//919 199//445 458//914
f 458//914 199//445 457//917
f 459//919 458//914 460//920
f 460//920 458//914 456//916
f 461//921 459//919 460//920
f 462//922 461//921 460//920
f 460//920 463//923 462//922
f 463//923 460//920 456//916
f 467//924 462//925 463//926
f 466//927 463//928 464//929
f 464//929 463//928 465//930
f 463//923 456//916 465//931
f 467//924 463//926 466//932
f 466//933 468//934 467//935
f 469//936 467//935 468//934
f 469//936 470//937 467//935
f 467//924 471//938 462//925
f 470//939 471//938 467//924
f 471//938 470//939 472//940
f 462//941 471//941 472//941
f 473//942 472//943 476//944
f 473//942 474//945 472//943
f 474//945 461//921 472//943
f 472//943 461//921 462//922
f 472//946 475//947 476//948
f 470//949 475//947 472//946
f 477//950 476//951 475//952
f 473//942 476//944 477//953
f 473//942 477//953 479//954
f 478//955 479//956 477//950
f 478//955 477//950 475//952
f 479//954 483//957 480//958
f 481//959 479//954 480//958
f 481//959 473//942 479//954
f 479//956 484//960 482//961
f 479//956 482//961 483//962
f 484//960 479//956 478//955
f 485//963 482//964 484//965
f 478//966 485//963 484//965
f 478//966 469//967 485//963
f 489//968 485//963 469//967
f 488//969 482//964 485//963
f 486//970 488//969 485//963
f 485//963 487//971 486//970
f 489//968 487//971 485//963
f 491//972 489//973 469//974
f 492//975 487//971 489//968
f 490//976 492//977 489//973
f 490//976 489//973 491//972
f 487//971 492//975 495//978
f 493//979 492//977 490//976
f 493//979 494//980 492//977
f 494//981 496//982 492//975
f 495//978 492//975 496//982
f 496//982 497//983 495//978
f 498//984 497//985 496//986
f 496//986 499//987 498//984
f 494//981 499//988 496//982
f 500//989 499//988 494//981
f 498//984 499//987 501//990
f 499//991 500//991 501//991
f 502//992 501//993 503//994
f 506//995 501//993 502//992
f 503//996 501//997 507//998
f 507//998 501//997 500//999
f 501//993 504//1000 498//1001
f 505//1002 504//1000 501//993
f 506//995 505//1002 501//993
f 507//1003 500//1003 508//1003
f 508//1004 503//996 507//998
f 509//1005 508//1006 500//989
f 510//1007 508//1006 509//1005
f 508//1006 510//1007 513//1008
f 503//996 508//1004 511//1009
f 511//1009 508//1004 512//1010
f 513//1008 512//1011 508//1006
f 513//1008 510//1007 516//1012
f 513//1008 515//1013 512//1011
f 514//1014 513//1008 517//1015
f 513//1008 514//1014 515//1013
f 513//1008 516//1012 517//1015
f 517//1015 516//1012 518//1016
f 519//1017 517//1015 518//1016
f 517//1015 519//1017 514//1014
f 519//1017 522//1018 520//1019
f 519//1017 520//1019 514//1014
f 519//1017 518//1016 521//1020
f 521//1020 522//1018 519//1017
f 524//1021 523//1022 522//1018
f 525//1023 522//1018 523//1022
f 524//1021 522//1018 521//1020
f 525//1023 526//1024 522//1018
f 526//1024 520//1019 522//1018
f 488//969 486//970 526//1024
f 488//969 526//1024 525//1023
f 486//970 520//1019 526//1024
f 488//969 525//1023 527//1025
f 525//1023 528//1026 527//1025
f 523//1022 528//1026 525//1023
f 529//1027 527//1025 528//1026
f 528//1026 530//1028 529//1027
f 523//1022 530//1028 528//1026
f 531//1029 532//1030 530//1028
f 524//1031 531//1031 530//1031
f 530//1028 532//1030 533//1032
f 533//1032 529//1027 530//1028
f 523//1022 524//1021 530//1028
f 534//1033 529//1027 533//1032
f 534//1033 533//1032 535//1034
f 533//1032 532//1030 535//1034
f 534//1033 535//1034 536//1035
f 535//1034 537//1036 536//1035
f 537//1036 535//1034 538//1037
f 535//1034 539//1038 538//1037
f 535//1034 540//1039 539//1038
f 535//1034 532//1030 540//1039
f 540//1039 541//1040 539//1038
f 541//1040 540//1039 532//1030
f 532//1030 531//1029 541//1040
f 542//1041 539//1038 541//1040
f 543//1042 542//1041 541//1040
f 544//1043 543//1042 541//1040
f 544//1043 541//1040 531//1029
f 544//1043 531//1029 547//1044
f 544//1043 547//1044 545//1045
f 544//1043 545//1045 546//1046
f 543//1042 544//1043 546//1046
f 547//1044 521//1020 518//1016
f 524//1047 521//1020 547//1044
f 518//1016 545//1045 547//1044
f 524//1047 547//1044 531//1029
f 543//1042 546//1046 548//1048
f 549//1049 548//1048 546//1046
f 546//1046 545//1045 549//1049
f 550//1050 551//1051 549//1049
f 516//1012 550//1050 549//1049
f 549//1049 551//1051 548//1048
f 516//1012 549//1049 545//1045
f 550//1050 552//1052 551//1051
f 553//1053 551//1054 552//1055
f 553//1053 244//1056 551//1054
f 551//1054 244//1056 548//1057
f 553//1058 554//1059 245//507
f 245//507 244//506 553//1058
f 553//1053 552//1055 554//1060
f 351//669 352//670 554//1059
f 554//1059 352//670 245//507
f 555//1061 351//1062 554//1060
f 554//1060 552//1055 555//1061
f 556//1063 557//1064 555//1065
f 555//1065 552//1052 556//1063
f 555//1061 557//1066 351//1062
f 557//1064 556//1063 558//1067
f 557//1064 558//1067 559//1068
f 351//1069 557//1069 350//1069
f 559//1070 350//1071 557//1072
f 560//1073 561//1074 559//1070
f 560//1075 559//1068 562//1076
f 561//1074 350//1071 559//1070
f 562//1076 559//1068 558//1067
f 562//1076 558//1067 563//1077
f 562//1076 563//1077 542//1041
f 542//1041 543//1042 562//1076
f 562//1076 564//1078 560//1075
f 543//1042 564//1078 562//1076
f 239//1079 560//1073 564//1080
f 548//1048 564//1078 543//1042
f 240//1081 564//1080 548//1082
f 239//1079 564//1080 240//1081
f 563//1077 558//1067 565//1083
f 542//1041 563//1077 539//1038
f 563//1077 565//1083 538//1037
f 563//1077 538//1037 539//1038
f 568//1084 565//1085 558//1086
f 566//1087 538//1037 565//1083
f 567//1088 566//1089 565//1085
f 567//1088 565//1085 568//1084
f 568//1084 558//1086 569//1090
f 567//1088 568//1084 569//1090
f 569//1090 570//1091 567//1088
f 569//1090 558//1086 570//1091
f 567//1088 570//1091 571//1092
f 570//1091 556//1093 571//1092
f 570//1091 558//1086 556//1093
f 567//1088 571//1092 572//1094
f 571//1095 556//1095 572//1095
f 567//1088 572//1094 573//1096
f 556//1097 574//1098 572//1094
f 572//1094 509//1099 573//1096
f 572//1094 574//1098 509//1099
f 550//1050 574//1100 556//1063
f 510//1007 509//1005 574//1100
f 510//1007 574//1100 575//1101
f 575//1101 574//1100 550//1050
f 575//1101 550//1050 516//1012
f 510//1007 575//1101 516//1012
f 567//1088 573//1096 493//979
f 573//1096 494//980 493//979
f 573//1096 509//1099 494//980
f 576//1102 577//1103 567//1088
f 567//1088 579//1104 576//1102
f 493//979 490//976 567//1088
f 567//1088 490//976 491//972
f 491//972 579//1104 567//1088
f 567//1088 577//1103 578//1105
f 578//1105 566//1089 567//1088
f 579//1104 469//974 576//1102
f 491//972 469//974 579//1104
f 578//1105 580//1106 581//1107
f 577//1103 580//1106 578//1105
f 578//1105 581//1107 566//1089
f 580//1108 583//1109 581//1110
f 582//1111 220//1112 581//1110
f 581//1110 220//1112 566//1087
f 581//1110 583//1109 582//1111
f 584//1113 585//1114 583//1109
f 584//1113 583//1109 580//1108
f 583//1115 210//1116 582//1117
f 585//1118 210//1116 583//1115
f 584//1113 586//1119 585//1114
f 208//1120 585//1118 586//1121
f 585//1118 208//1120 210//1116
f 584//1113 534//1033 586//1119
f 586//1119 534//1033 536//1035
f 205//1122 586//1121 536//1123
f 208//1120 586//1121 205//1122
f 580//1108 587//1124 584//1113
f 584//1113 587//1124 588//1125
f 584//1113 588//1125 534//1033
f 588//1125 589//1126 529//1027
f 589//1126 588//1125 587//1124
f 534//1033 588//1125 529//1027
f 466//933 589//1126 468//934
f 587//1124 468//934 589//1126
f 464//1127 527//1025 589//1126
f 529//1027 589//1126 527//1025
f 464//1127 589//1126 466//933
f 468//934 587//1124 590//1128
f 587//1124 580//1108 590//1128
f 577//1103 590//1129 580//1106
f 576//1102 590//1129 577//1103
f 576//1102 469//974 590//1129
f 469//936 468//934 590//1128
f 210//1116 213//1130 582//1117
f 220//1131 582//1131 213//1131
f 220//1112 221//1132 566//1087
f 566//1087 221//1132 538//1037
f 349//667 350//668 561//1133
f 349//667 561//1133 591//1134
f 560//1073 591//1135 561//1074
f 349//667 591//1134 238//497
f 238//497 591//1134 239//496
f 591//1135 560//1073 239//1079
f 550//1050 556//1063 552//1052
f 548//1057 244//1056 240//1136
f 545//1045 518//1016 516//1012
f 221//1132 223//1137 538//1037
f 538//1037 223//1137 537//1036
f 537//1138 222//477 536//1139
f 222//477 537//1138 223//474
f 536//1139 222//477 205//1140
f 488//969 527//1025 464//1127
f 520//1019 495//978 514//1014
f 486//970 487//971 520//1019
f 487//971 495//978 520//1019
f 592//1141 512//1010 515//1142
f 515//1143 594//1144 592//1145
f 515//1013 495//978 593//1146
f 593//1147 594//1144 515//1143
f 515//1013 514//1014 495//978
f 594//1148 595//1149 592//1150
f 595//1149 594//1148 596//1151
f 596//1152 594//1144 593//1147
f 596//1152 497//985 498//984
f 596//1152 593//1147 497//985
f 596//1151 597//1153 595//1149
f 498//1001 597//1153 596//1151
f 597//1153 598//1154 595//1149
f 597//1153 599//1155 598//1154
f 600//1156 599//1155 597//1153
f 498//1001 504//1000 597//1153
f 504//1000 600//1156 597//1153
f 600//1156 603//1157 599//1155
f 601//1158 600//1156 504//1000
f 601//1158 602//1159 600//1156
f 602//1159 604//1160 600//1156
f 604//1160 603//1157 600//1156
f 602//1159 605//1161 604//1160
f 608//1162 604//1163 605//1164
f 604//1160 606//1165 603//1157
f 604//1160 607//1166 606//1165
f 608//1167 607//1168 604//1169
f 608//1170 610//1171 609//1172
f 609//1173 607//1168 608//1167
f 608//1170 612//1174 610//1171
f 611//1175 612//1174 608//1170
f 608//1162 605//1164 611//1176
f 612//1177 613//1178 610//1179
f 612//1177 614//1180 613//1178
f 612//1181 615//1181 614//1181
f 611//1175 616//1182 612//1174
f 616//1183 615//1183 612//1183
f 609//1172 616//1182 617//1184
f 609//1172 610//1171 616//1182
f 610//1185 613//1185 616//1185
f 616//1186 613//1186 615//1186
f 617//1184 616//1182 611//1175
f 617//1187 618//1188 619//1189
f 620//1190 618//1188 617//1187
f 609//1191 617//1192 619//1193
f 620//1190 617//1187 611//1194
f 623//1195 620//1190 611//1194
f 620//1190 621//1196 618//1188
f 624//1197 621//1198 620//1199
f 622//1200 620//1199 623//1201
f 622//1200 624//1197 620//1199
f 624//1197 625//1202 621//1198
f 624//1203 628//1204 625//1205
f 626//1206 627//1207 624//1197
f 626//1206 624//1197 622//1200
f 624//1203 627//1208 628//1204
f 630//1209 628//1204 629//1210
f 627//1208 629//1210 628//1204
f 628//1204 630//1209 631//1211
f 631//1211 625//1205 628//1204
f 632//1212 633//1213 631//1211
f 632//1212 631//1211 635//1214
f 631//1211 633//1213 634//1215
f 631//1211 634//1215 625//1205
f 631//1211 630//1209 635//1214
f 637//1216 635//1214 636//1217
f 636//1217 635//1214 630//1209
f 637//1216 632//1212 635//1214
f 638//1218 637//1216 636//1217
f 638//1219 639//1219 637//1219
f 639//1220 632//1212 637//1216
f 639//1221 454//913 640//1222
f 640//1223 632//1212 639//1220
f 465//1224 639//1221 638//1225
f 465//1224 456//911 639//1221
f 456//911 454//913 639//1221
f 640//1223 641//1226 632//1212
f 454//908 641//1226 640//1223
f 641//1226 643//1227 633//1213
f 641//1226 633//1213 632//1212
f 641//1226 644//1228 642//1229
f 641//1226 642//1229 643//1227
f 454//908 644//1228 641//1226
f 453//907 644//1228 454//908
f 645//1230 642//1231 644//1232
f 646//1233 645//1230 644//1232
f 453//1234 646//1233 644//1232
f 647//1235 646//1233 648//1236
f 646//1233 647//1235 645//1230
f 438//904 646//1237 453//905
f 648//1236 646//1233 438//864
f 645//1238 647//1239 648//1240
f 649//1241 648//1240 434//856
f 648//1240 649//1241 650//1242
f 648//1240 650//1242 645//1238
f 434//866 648//1236 438//864
f 651//1243 650//1244 649//1245
f 650//1246 651//1247 652//1248
f 645//1238 650//1242 653//1249
f 650//1242 652//1250 653//1249
f 653//1249 652//1250 657//1251
f 645//1238 653//1249 654//1252
f 655//1253 654//1254 653//1255
f 655//1256 653//1257 656//1258
f 656//1258 653//1257 657//1259
f 657//1251 652//1250 658//1260
f 657//1251 658//1260 415//804
f 657//1251 659//1261 660//1262
f 661//1263 659//1261 657//1251
f 656//1264 657//1264 660//1264
f 415//804 661//1263 657//1251
f 661//1265 662//1266 659//1267
f 663//1268 662//1266 661//1265
f 665//1269 663//1270 661//1271
f 664//1272 661//1263 415//804
f 664//1272 665//1273 661//1263
f 664//1272 667//1274 665//1273
f 666//1275 663//1270 665//1269
f 666//1276 665//1277 667//1278
f 668//1279 667//1274 664//1272
f 667//1274 668//1279 669//1280
f 669//1280 670//1281 667//1274
f 667//1278 671//1282 666//1276
f 670//1283 671//1282 667//1278
f 672//1284 673//1285 671//1286
f 671//1286 675//1287 672//1284
f 673//1285 674//1288 671//1286
f 671//1286 674//1288 666//1289
f 670//1290 675//1290 671//1290
f 669//1291 676//1291 675//1291
f 676//1292 672//1284 675//1287
f 669//1293 675//1293 670//1293
f 677//1294 679//1295 676//1296
f 678//1297 677//1297 676//1297
f 669//1298 678//1298 676//1298
f 676//1292 679//1299 672//1284
f 681//1300 680//1301 679//1302
f 680//1301 672//1303 679//1302
f 681//1304 679//1295 677//1294
f 682//1305 681//1306 683//1307
f 682//1305 680//1308 681//1306
f 683//1307 681//1306 677//1309
f 683//1307 390//1310 682//1305
f 390//1311 683//1311 684//1311
f 684//1312 683//1312 685//1312
f 685//1313 683//1313 392//1313
f 683//1307 677//1309 686//1314
f 687//1315 683//1307 686//1314
f 688//1316 392//761 683//1317
f 688//1316 683//1317 687//1318
f 691//1319 689//1320 688//1321
f 688//1322 689//1323 690//1324
f 690//1325 392//761 688//1316
f 687//1318 691//1326 688//1316
f 693//1327 692//1328 691//1329
f 691//1319 692//1330 689//1320
f 687//1318 693//1331 691//1326
f 694//1332 695//1333 693//1334
f 696//1335 694//1336 693//1331
f 693//1327 695//1337 692//1328
f 696//1335 693//1331 687//1318
f 698//1338 696//1339 687//1340
f 664//1272 697//1341 696//1335
f 698//1342 664//1343 696//1344
f 696//1335 697//1341 694//1336
f 698//1345 700//1346 699//1345
f 698//1345 699//1345 701//1347
f 698//1338 687//1340 700//1348
f 701//1349 664//1343 698//1342
f 701//1350 668//1351 664//1352
f 699//1353 668//1351 701//1350
f 700//1354 687//1355 668//1356
f 700//1354 668//1356 699//1357
f 697//1358 702//1359 694//1360
f 703//1361 702//1362 697//1363
f 664//1272 703//1364 697//1341
f 409//786 703//1364 415//804
f 409//786 704//1365 703//1364
f 415//804 703//1364 664//1272
f 705//1366 702//1362 703//1361
f 704//1367 705//1368 703//1369
f 706//1370 702//1371 705//1372
f 706//1373 705//1368 704//1367
f 704//1374 707//1375 706//1376
f 702//1371 706//1370 707//1377
f 402//1378 707//1375 704//1374
f 402//1379 709//1380 707//1381
f 695//1382 707//1377 709//1383
f 695//1382 708//1384 707//1377
f 702//1371 707//1377 708//1384
f 710//1385 695//1382 709//1383
f 710//1386 709//1387 395//1388
f 395//1388 709//1387 401//1389
f 401//1390 709//1380 402//1379
f 393//1391 711//1392 710//1393
f 710//1393 395//1394 393//1391
f 710//1385 692//1395 695//1382
f 711//1396 692//1395 710//1385
f 393//1397 690//1324 711//1398
f 690//1324 712//1399 711//1398
f 711//1396 712//1400 692//1395
f 692//1395 712//1400 689//1401
f 690//1324 689//1323 712//1399
f 694//1360 702//1359 708//1402
f 694//1332 708//1403 695//1333
f 704//1365 409//786 405//775
f 704//1365 405//775 402//774
f 393//762 392//761 690//1325
f 669//1280 668//1279 687//1315
f 669//1280 687//1315 686//1314
f 686//1404 678//1404 669//1404
f 678//1405 686//1405 677//1405
f 713//1406 714//1407 685//1408
f 685//1409 392//1410 713//1411
f 685//1408 714//1407 715//1412
f 716//1413 684//1414 685//1415
f 716//1413 685//1415 715//1416
f 716//1417 190//1418 718//1419
f 190//1418 716//1417 715//1420
f 718//1419 717//1421 716//1417
f 717//1422 684//1422 716//1422
f 190//1423 720//1424 718//1425
f 384//736 719//1426 718//1427
f 719//1428 717//1421 718//1419
f 721//1429 718//1427 720//1430
f 384//736 718//1427 721//1429
f 726//1431 384//736 721//1429
f 721//1429 720//1430 722//1432
f 721//1429 722//1432 723//1433
f 724//1434 721//1429 723//1433
f 725//1435 721//1429 724//1434
f 726//1431 721//1429 725//1435
f 727//1436 384//747 726//1437
f 643//1438 727//1436 726//1437
f 643//1438 726//1437 728//1439
f 728//1440 726//1431 725//1435
f 621//1196 728//1440 729//1441
f 728//1440 725//1435 729//1441
f 634//1442 728//1443 621//1198
f 634//1444 633//1445 728//1439
f 633//1445 643//1438 728//1439
f 731//1446 729//1441 730//1447
f 729//1441 724//1434 730//1447
f 729//1441 725//1435 724//1434
f 621//1196 729//1441 731//1446
f 731//1446 730//1447 732//1448
f 621//1196 731//1446 618//1188
f 618//1188 731//1446 733//1449
f 731//1446 732//1448 733//1449
f 607//1166 733//1449 734//1450
f 733//1449 735//1451 734//1450
f 619//1189 733//1449 607//1166
f 619//1189 618//1188 733//1449
f 733//1449 732//1448 735//1451
f 735//1451 736//1452 473//942
f 735//1451 473//942 481//959
f 732//1448 736//1452 735//1451
f 734//1450 735//1451 737//1453
f 735//1451 481//959 737//1453
f 606//1165 737//1453 738//1454
f 737//1453 480//958 738//1454
f 737//1453 481//959 480//958
f 734//1450 737//1453 606//1165
f 738//1454 480//958 739//1455
f 740//1456 738//1454 739//1455
f 606//1165 738//1454 740//1456
f 740//1456 739//1455 741//1457
f 603//1157 740//1456 599//1155
f 603//1157 606//1165 740//1456
f 599//1155 740//1456 741//1457
f 741//1458 739//1459 638//1225
f 599//1155 741//1457 742//1460
f 742//1461 741//1461 638//1461
f 598//1462 742//1463 743//1464
f 742//1463 638//1465 743//1464
f 599//1155 742//1460 598//1154
f 744//1466 743//1467 746//1468
f 598//1462 743//1464 744//1469
f 743//1467 745//1470 747//1471
f 743//1464 638//1465 745//1472
f 743//1467 747//1471 746//1468
f 747//1473 748//1474 746//1468
f 745//1475 629//1210 747//1473
f 747//1473 629//1210 748//1474
f 749//1476 748//1474 629//1210
f 626//1477 748//1477 749//1477
f 750//1478 748//1474 626//1206
f 746//1468 748//1474 750//1478
f 750//1478 752//1479 751//1480
f 746//1468 750//1478 751//1480
f 750//1478 626//1206 752//1479
f 752//1481 622//1200 753//1482
f 752//1481 753//1482 754//1483
f 626//1206 622//1200 752//1479
f 755//1484 752//1479 754//1485
f 751//1480 752//1479 755//1484
f 755//1484 754//1485 756//1486
f 757//1487 755//1484 756//1486
f 751//1480 755//1484 757//1487
f 758//1488 757//1487 759//1489
f 760//1490 757//1487 758//1488
f 757//1487 756//1486 759//1489
f 760//1490 751//1480 757//1487
f 762//1491 760//1490 758//1488
f 762//1491 761//1492 760//1490
f 761//1492 746//1468 760//1490
f 746//1468 751//1480 760//1490
f 762//1491 758//1488 763//1493
f 251//1494 762//1495 763//1493
f 764//1496 762//1497 251//516
f 764//1496 765//1498 762//1497
f 765//1498 761//1499 762//1497
f 592//1500 595//1500 765//1500
f 765//1498 595//1501 761//1499
f 765//1502 511//1503 592//1504
f 257//520 765//1502 764//1505
f 502//992 511//1503 765//1502
f 257//520 502//992 765//1502
f 252//515 764//1496 251//516
f 252//515 257//520 764//1505
f 763//1493 759//1489 282//566
f 758//1488 759//1489 763//1493
f 249//1506 251//1494 763//1493
f 763//1493 282//566 249//1506
f 761//1492 744//1466 746//1468
f 595//1501 744//1469 761//1499
f 759//1489 756//1486 284//567
f 759//1489 284//567 282//566
f 756//1486 767//1507 284//567
f 756//1486 754//1485 766//1508
f 756//1486 766//1508 767//1507
f 767//1507 286//572 284//567
f 767//1509 766//1510 768//1511
f 767//1509 768//1511 287//571
f 286//570 767//1509 287//571
f 287//1512 768//1513 769//1514
f 768//1513 770//1515 769//1514
f 766//1510 754//1516 768//1511
f 754//1516 753//1517 768//1511
f 768//1513 753//1518 770//1515
f 770//1515 771//1519 775//1520
f 770//1515 774//1521 771//1519
f 769//1514 770//1515 772//1522
f 772//1522 770//1515 775//1520
f 770//1515 773//1523 774//1521
f 753//1518 773//1523 770//1515
f 775//1520 771//1519 601//1158
f 775//1520 601//1158 505//1002
f 772//1522 775//1520 505//1002
f 611//1524 605//1161 774//1521
f 774//1521 605//1161 602//1159
f 771//1519 774//1521 602//1159
f 773//1523 611//1524 774//1521
f 753//1518 623//1195 773//1523
f 623//1195 611//1194 773//1523
f 290//582 772//1522 776//1525
f 776//1525 772//1522 506//995
f 772//1522 505//1002 506//995
f 290//582 769//1514 772//1522
f 776//1525 506//995 262//530
f 777//1526 776//1525 262//530
f 290//582 776//1525 777//1526
f 263//529 290//582 777//1526
f 263//529 777//1526 262//530
f 771//1519 602//1159 601//1158
f 287//1512 769//1514 290//582
f 622//1200 623//1201 753//1482
f 779//1527 778//1528 749//1476
f 778//1528 780//1529 749//1476
f 749//1476 629//1210 779//1527
f 780//1529 626//1530 749//1476
f 614//1531 780//1532 613//1533
f 613//1533 780//1532 778//1534
f 780//1529 781//1535 626//1530
f 614//1536 781//1537 780//1538
f 615//1539 781//1537 614//1536
f 626//1530 781//1535 627//1540
f 781//1535 782//1541 627//1540
f 615//1542 782//1542 781//1542
f 627//1540 782//1541 779//1527
f 779//1527 782//1541 778//1528
f 613//1543 778//1543 782//1543
f 613//1544 782//1544 615//1544
f 629//1545 627//1545 779//1545
f 745//1546 638//1218 636//1217
f 636//1217 630//1209 745//1475
f 745//1475 630//1209 629//1210
f 595//1501 598//1462 744//1469
f 739//1459 465//1224 638//1225
f 480//958 465//1547 739//1455
f 730//1447 474//945 736//1452
f 736//1452 474//945 473//942
f 732//1448 730//1447 736//1452
f 607//1166 734//1450 606//1165
f 730//1447 724//1434 474//945
f 727//1436 386//751 384//747
f 727//1436 783//1548 386//751
f 727//1436 785//1549 783//1548
f 785//1549 727//1436 784//1550
f 784//1550 727//1436 643//1227
f 784//1551 682//1552 785//1553
f 682//1552 783//1554 785//1553
f 642//1229 784//1550 643//1227
f 642//1231 786//1555 784//1551
f 682//1552 784//1551 786//1555
f 645//1238 787//1556 786//1557
f 786//1557 787//1556 788//1558
f 788//1558 682//1305 786//1557
f 786//1555 642//1231 645//1230
f 682//1305 788//1558 680//1308
f 787//1559 672//1560 788//1561
f 788//1562 672//1303 680//1301
f 787//1556 790//1563 789//1564
f 673//1565 787//1566 789//1567
f 645//1238 790//1563 787//1556
f 673//1568 672//1560 787//1559
f 789//1564 790//1563 660//1262
f 791//1569 660//1570 790//1571
f 791//1572 790//1573 792//1574
f 792//1574 790//1573 654//1575
f 645//1238 654//1252 790//1563
f 655//1576 791//1576 792//1577
f 792//1578 654//1254 655//1253
f 655//1576 656//1579 791//1576
f 656//1580 660//1570 791//1569
f 660//1262 659//1261 789//1564
f 659//1581 662//1582 789//1583
f 789//1583 662//1582 674//1584
f 789//1567 674//1585 673//1565
f 390//757 386//751 783//1548
f 783//1548 682//1586 390//757
f 724//1434 723//1433 474//945
f 723//1433 722//1432 793//1587
f 474//945 723//1433 461//921
f 723//1433 459//919 461//921
f 723//1433 793//1587 459//919
f 793//1587 189//432 197//443
f 722//1432 189//432 793//1587
f 793//1587 197//443 459//919
f 722//1432 720//1430 189//432
f 190//1423 189//1588 720//1424
f 719//1426 379//734 380//735
f 719//1426 380//735 192//437
f 384//736 379//734 719//1426
f 193//1589 714//1590 719//1428
f 719//1428 714//1590 717//1421
f 719//1591 192//439 193//441
f 714//1592 713//1592 717//1592
f 717//1593 713//1593 684//1593
f 193//1589 715//1420 714//1590
f 715//1420 193//1589 190//1418
f 713//1411 392//1410 391//1594
f 713//1595 391//1595 390//1595
f 713//1596 390//1596 684//1596
f 666//1289 674//1288 662//1597
f 663//1598 666//1289 662//1597
f 794//1599 658//1600 652//1248
f 794//1601 795//1602 658//1603
f 658//1603 795//1602 415//1604
f 795//1605 796//1606 415//1607
f 795//1608 794//1609 796//1610
f 415//1607 796//1606 797//1611
f 797//1612 796//1613 798//1614
f 798//1614 796//1613 799//1615
f 794//1609 799//1616 796//1610
f 798//1614 799//1615 800//1617
f 801//1618 800//1619 799//1616
f 801//1618 799//1616 794//1609
f 651//1620 800//1619 801//1618
f 652//1248 801//1621 794//1599
f 652//1248 651//1247 801//1621
f 651//1243 649//1245 800//1622
f 798//1614 800//1617 649//1623
f 430//855 798//1624 434//856
f 798//1624 430//855 797//1625
f 798//1624 649//1241 434//856
f 416//805 415//804 797//1625
f 797//1625 430//855 416//805
f 625//1202 634//1442 621//1198
f 619//1193 607//1626 609//1191
f 505//1002 601//1158 504//1000
f 495//978 497//983 593//1146
f 511//1009 512//1010 592//1141
f 502//992 503//994 511//1503
f 509//1005 500//989 494//981
f 262//530 506//995 802//1627
f 506//995 502//992 802//1627
f 802//1627 502//992 257//520
f 262//530 802//1627 256//522
f 256//522 802//1627 257//520
f 488//969 464//1127 482//964
f 483//962 482//961 464//1628
f 464//1628 465//1629 483//962
f 480//958 483//957 465//1547
f 469//936 478//1630 475//1631
f 469//936 475//1631 470//937
f 459//919 197//443 199//445
f 199//445 200//446 457//917
f 200//450 202//449 452//910
f 419//832 413//833 417//1632
f 396//767 398//769 388//753
f 322//632 324//634 383//889
f 380//735 216//467 211//462
f 380//735 211//462 191//436
f 192//437 380//735 191//436
f 325//637 375//729 377//731
f 325//637 327//639 375//729
f 327//639 371//724 375//729
f 356//675 329//1633 334//673
f 352//670 346//663 247//510
f 352//670 247//510 245//507
f 231//487 349//667 238//497
f 346//663 254//518 247//510
f 291//577 265//579 341//657
f 314//624 315//1634 330//643
f 307//709 303//607 330//644
f 225//895 313//1635 318//896
f 313//1635 227//617 310//618
f 225//895 227//617 313//1635
f 306//1636 307//1636 312//1636
f 803//1637 300//601 308//614
f 236//1638 803//1637 308//614
f 235//615 236//1638 308//614
f 242//1639 300//601 803//1637
f 236//1638 242//1640 803//1637
f 302//604 303//605 307//611
f 304//609 293//610 291//1641
f 242//1639 298//600 300//601
f 804//1642 298//600 242//1639
f 804//1642 296//598 298//600
f 805//1643 296//598 804//1642
f 243//1644 805//1643 804//1642
f 242//503 243//504 804//1645
f 805//1643 806//1646 296//598
f 250//1647 806//1646 805//1643
f 243//1644 250//1648 805//1643
f 250//1647 807//1649 806//1646
f 806//1646 807//1649 294//588
f 806//1646 294//588 296//598
f 249//1506 283//565 807//1649
f 281//562 807//1649 283//565
f 249//1506 807//1649 250//1647
f 808//1650 807//1649 281//562
f 278//1651 807//1651 808//1651
f 807//1649 278//589 294//588
f 281//562 809//1652 808//1650
f 809//1652 276//556 808//1650
f 808//1650 276//556 278//555
f 279//559 809//1652 281//562
f 269//1653 809//1653 279//1653
f 270//1654 809//1654 269//1654
f 270//1655 276//1655 809//1655
f 272//583 290//582 263//529
f 288//585 287//1512 290//582
f 249//1506 282//566 283//565
f 269//1656 279//1656 273//1656
f 261//528 272//1657 263//526
f 231//487 238//497 233//489
f 229//482 235//492 227//483
f 222//475 206//457 205//456
f 191//436 211//462 194//438
f 810//1658 188//1659 186//1660
f 812//1661 188//1659 810//1658
f 188//427 180//1662 184//425
f 188//1663 177//405 180//409
f 177//1664 188//1665 811//1666
f 188//1665 812//1667 811//1666
f 813//1668 811//1666 812//1667
f 813//1669 812//1669 810//1669
f 3//394 813//1670 6//1671
f 10//38 813//1670 3//394
f 811//1672 813//1670 10//38
f 6//1673 813//1673 810//1673
f 11//1674 811//1672 10//38
f 11//1675 177//1664 811//1666
f 6//1676 810//1676 5//1676
f 186//1677 814//1678 810//1679
f 814//1680 5//1680 810//1680
f 814//1678 7//1681 5//1682
f 7//1681 814//1678 176//1683
f 176//1683 814//1678 186//1677
f 815//1684 184//415 180//408
f 815//1684 182//410 184//415
f 180//408 181//407 815//1684
f 815//1685 816//1686 818//1687
f 181//1688 816//1686 815//1685
f 815//1689 817//1690 182//1691
f 815//1689 818//1692 817//1690
f 816//1693 817//1693 818//1693
f 816//1694 181//1695 817//1696
f 817//1696 181//1695 182//1697
f 819//1698 820//1699 823//1700
f 819//1698 826//1701 820//1699
f 825//1702 821//1703 819//1698
f 821//1703 826//1701 819//1698
f 825//1702 819//1698 822//1704
f 819//1705 824//1706 822//1707
f 819//1698 823//1700 824//1708
f 820//1709 826//1710 827//1711
f 826//1712 821//1713 829//1714
f 827//1715 826//1715 830//1715
f 826//1712 828//1716 830//1717
f 826//1712 829//1714 828//1716
f 830//1717 828//1716 832//1718
f 827//1711 830//1717 831//1719
f 831//1719 830//1717 832//1718
f 833//1720 832//1718 834//1721
f 831//1719 832//1718 833//1722
f 832//1718 835//1723 834//1721
f 836//1724 835//1723 832//1718
f 828//1716 836//1724 832//1718
f 836//1724 837//1725 835//1723
f 838//1726 837//1725 836//1724
f 828//1716 840//1727 836//1724
f 836//1724 839//1728 838//1726
f 840//1727 839//1728 836//1724
f 840//1727 828//1716 829//1714
f 841//1729 840//1727 829//1714
f 841//1729 843//1730 840//1727
f 840//1727 842//1731 839//1728
f 843//1730 842//1731 840//1727
f 843//1730 844//1732 842//1731
f 843//1730 846//1733 844//1732
f 845//1734 847//1735 843//1730
f 841//1729 845//1734 843//1730
f 847//1735 846//1733 843//1730
f 847//1735 845//1734 848//1736
f 847//1735 848//1736 849//1737
f 850//1738 847//1735 849//1737
f 846//1733 847//1735 851//1739
f 851//1739 847//1735 850//1738
f 846//1733 851//1739 852//1740
f 853//1741 852//1740 851//1739
f 851//1739 850//1738 853//1741
f 850//1738 856//1742 853//1741
f 853//1741 854//1743 855//1744
f 853//1741 856//1742 854//1743
f 855//1744 852//1740 853//1741
f 857//1745 858//1746 856//1742
f 859//1747 857//1745 856//1742
f 856//1742 858//1746 854//1743
f 849//1737 856//1742 850//1738
f 856//1742 849//1737 848//1736
f 859//1747 856//1742 848//1736
f 848//1736 861//1748 859//1747
f 859//1747 861//1748 860//1749
f 859//1747 860//1749 857//1745
f 862//1750 861//1748 848//1736
f 861//1748 862//1750 863//1751
f 863//1751 860//1749 861//1748
f 864//1752 863//1751 867//1753
f 860//1749 863//1751 864//1752
f 863//1751 862//1750 865//1754
f 866//1755 863//1751 865//1754
f 866//1755 867//1753 863//1751
f 867//1756 868//1757 870//1758
f 867//1753 866//1755 868//1759
f 872//1760 867//1753 869//1761
f 869//1762 867//1762 871//1762
f 864//1752 867//1753 872//1760
f 867//1756 870//1758 871//1763
f 877//1764 872//1765 869//1766
f 876//1767 873//1767 872//1767
f 873//1768 878//1769 872//1760
f 872//1765 874//1770 875//1771
f 874//1770 872//1765 877//1764
f 875//1771 876//1772 872//1765
f 864//1752 872//1760 878//1769
f 878//1769 873//1768 879//1773
f 880//1774 878//1769 879//1773
f 880//1774 881//1775 878//1769
f 878//1769 881//1775 864//1752
f 882//1776 881//1776 880//1776
f 882//1777 883//1778 881//1779
f 884//1780 881//1775 883//1781
f 864//1752 881//1775 884//1780
f 864//1752 884//1780 860//1749
f 860//1749 884//1780 857//1745
f 884//1780 883//1781 887//1782
f 857//1745 884//1780 885//1783
f 885//1783 884//1780 886//1784
f 884//1780 887//1782 886//1784
f 886//1784 887//1782 888//1785
f 888//1786 887//1787 889//1788
f 889//1788 887//1787 883//1789
f 889//1790 883//1778 882//1777
f 888//1791 889//1792 882//1793
f 886//1784 888//1785 890//1794
f 888//1785 891//1795 890//1794
f 880//1774 891//1795 888//1785
f 880//1796 888//1791 882//1793
f 890//1794 891//1795 892//1797
f 891//1795 893//1798 892//1797
f 879//1773 893//1798 891//1795
f 880//1774 879//1773 891//1795
f 892//1797 893//1798 897//1799
f 896//1800 893//1801 894//1802
f 894//1802 893//1801 895//1803
f 879//1773 895//1804 893//1798
f 896//1800 897//1805 893//1801
f 898//1806 899//1807 897//1808
f 900//1809 898//1810 897//1805
f 897//1799 899//1807 892//1797
f 900//1809 897//1805 896//1800
f 900//1811 901//1812 905//1813
f 896//1814 901//1812 900//1811
f 900//1809 902//1815 898//1810
f 900//1809 903//1816 902//1815
f 904//1817 903//1816 900//1809
f 900//1811 905//1813 904//1818
f 906//1819 905//1813 901//1812
f 910//1820 905//1821 906//1822
f 909//1823 905//1824 907//1825
f 905//1821 910//1820 907//1826
f 905//1813 908//1827 904//1818
f 909//1823 908//1828 905//1824
f 910//1820 906//1822 913//1829
f 907//1830 910//1831 911//1832
f 911//1832 910//1831 912//1833
f 912//1833 910//1831 913//1834
f 912//1833 913//1834 914//1835
f 913//1829 906//1822 914//1836
f 912//1833 914//1835 915//1837
f 915//1837 914//1835 916//1838
f 914//1835 906//1839 916//1838
f 918//1840 915//1841 916//1842
f 917//1843 916//1844 906//1819
f 917//1843 919//1845 916//1844
f 919//1845 918//1846 916//1844
f 919//1845 920//1847 918//1846
f 924//1848 919//1845 917//1843
f 919//1845 921//1849 920//1847
f 922//1850 921//1849 919//1845
f 923//1851 922//1850 919//1845
f 923//1851 919//1845 924//1848
f 925//1852 923//1851 924//1848
f 924//1848 917//1843 906//1819
f 901//1812 924//1848 906//1819
f 896//1814 924//1848 901//1812
f 896//1814 925//1852 924//1848
f 927//1853 926//1854 925//1852
f 926//1854 923//1851 925//1852
f 927//1853 925//1852 896//1814
f 928//1855 926//1854 927//1853
f 929//1856 928//1855 927//1853
f 894//1857 929//1856 927//1853
f 894//1857 927//1853 896//1814
f 931//1858 930//1859 929//1856
f 930//1859 928//1855 929//1856
f 931//1858 929//1856 894//1857
f 895//1803 932//1860 931//1861
f 932//1860 874//1862 931//1861
f 931//1863 874//1864 930//1865
f 894//1802 895//1803 931//1861
f 874//1862 932//1860 875//1866
f 875//1867 932//1868 876//1869
f 932//1868 933//1870 876//1869
f 933//1870 932//1868 895//1871
f 933//1870 873//1872 876//1873
f 895//1871 873//1872 933//1870
f 930//1874 935//1874 934//1874
f 930//1875 934//1876 936//1877
f 874//1864 935//1878 930//1865
f 928//1855 930//1859 936//1879
f 936//1879 937//1880 928//1855
f 938//1881 937//1880 936//1879
f 936//1877 939//1882 938//1883
f 934//1876 939//1882 936//1877
f 940//1884 939//1885 934//1886
f 942//1887 939//1885 940//1884
f 943//1888 939//1889 941//1890
f 942//1891 941//1891 939//1891
f 938//1883 939//1882 943//1892
f 944//1893 938//1894 943//1888
f 944//1893 943//1888 941//1890
f 945//1895 944//1896 950//1897
f 945//1895 946//1898 944//1896
f 946//1898 938//1881 944//1896
f 947//1899 944//1900 948//1901
f 944//1902 947//1903 949//1904
f 948//1905 944//1893 941//1890
f 944//1902 949//1904 950//1906
f 950//1907 951//1908 945//1909
f 950//1907 952//1910 951//1908
f 950//1907 949//1911 952//1910
f 955//1912 951//1913 952//1914
f 952//1910 949//1911 953//1915
f 954//1916 952//1916 953//1916
f 952//1914 954//1917 955//1912
f 956//1918 958//1919 955//1920
f 955//1921 954//1922 956//1923
f 955//1920 957//1924 951//1925
f 958//1919 957//1924 955//1920
f 960//1926 959//1927 958//1919
f 958//1919 959//1927 957//1924
f 961//1928 960//1926 958//1919
f 958//1919 962//1929 961//1928
f 962//1929 958//1919 956//1918
f 962//1930 963//1931 961//1931
f 964//1932 963//1931 962//1930
f 962//1933 965//1933 964//1933
f 965//1934 962//1929 956//1918
f 967//1935 966//1936 965//1934
f 964//1937 965//1937 966//1937
f 968//1938 967//1935 965//1934
f 968//1938 965//1934 956//1918
f 954//1922 968//1939 956//1923
f 967//1935 968//1938 866//1755
f 954//1922 953//1940 968//1939
f 968//1939 953//1940 949//1941
f 949//1941 947//1942 968//1939
f 968//1939 947//1942 969//1943
f 866//1755 968//1938 868//1759
f 868//1759 968//1938 969//1944
f 969//1943 947//1942 971//1945
f 868//1946 969//1947 870//1948
f 970//1949 870//1948 969//1947
f 970//1949 969//1947 971//1950
f 972//1951 971//1945 947//1942
f 971//1952 973//1953 970//1954
f 971//1945 972//1951 877//1764
f 971//1952 877//1955 973//1953
f 970//1956 973//1957 870//1758
f 870//1758 973//1957 871//1763
f 973//1958 869//1959 871//1960
f 877//1961 869//1959 973//1958
f 972//1962 974//1963 976//1964
f 975//1965 974//1966 972//1967
f 976//1968 877//1764 972//1951
f 947//1969 975//1969 972//1969
f 874//1770 877//1764 976//1968
f 976//1970 977//1971 874//1864
f 976//1964 974//1963 977//1972
f 874//1864 977//1971 978//1973
f 978//1974 977//1972 979//1975
f 979//1975 977//1972 974//1963
f 981//1976 940//1977 979//1975
f 979//1975 940//1977 978//1974
f 979//1978 974//1966 980//1979
f 979//1980 980//1980 981//1980
f 981//1976 942//1981 940//1977
f 948//1905 942//1982 981//1983
f 981//1984 980//1984 948//1984
f 975//1965 980//1979 974//1966
f 948//1985 980//1985 982//1985
f 975//1986 982//1986 980//1986
f 948//1901 982//1987 947//1899
f 947//1988 982//1988 975//1988
f 978//1974 940//1977 935//1989
f 978//1973 935//1878 874//1864
f 967//1935 983//1990 966//1936
f 984//1991 983//1990 967//1935
f 984//1991 967//1935 866//1755
f 987//1992 985//1993 984//1991
f 984//1991 985//1993 986//1994
f 865//1754 984//1991 866//1755
f 983//1990 984//1991 986//1994
f 865//1754 987//1992 984//1991
f 848//1736 845//1734 987//1992
f 987//1992 865//1754 848//1736
f 987//1992 841//1729 985//1993
f 987//1992 845//1734 841//1729
f 985//1993 988//1995 986//1994
f 986//1994 988//1995 983//1990
f 989//1996 988//1997 991//1998
f 989//1999 993//1999 988//1999
f 990//2000 988//2001 993//2002
f 988//1995 990//2003 992//2004
f 991//2005 988//1995 985//1993
f 983//1990 988//1995 992//2004
f 994//2006 993//2002 989//2007
f 990//2000 993//2002 994//2006
f 824//2008 994//2006 989//2007
f 990//2000 994//2006 995//2009
f 995//2009 994//2006 824//1708
f 995//2009 992//2010 990//2000
f 997//2011 995//2009 823//1700
f 995//2009 824//1708 823//1700
f 995//2009 996//2012 992//2010
f 996//2013 995//2009 997//2011
f 998//2014 1000//2015 997//2016
f 998//2014 997//2016 999//2017
f 999//2017 997//2016 823//287
f 1000//2018 996//2013 997//2011
f 1001//2019 1002//2020 1000//2021
f 998//2014 1001//2022 1000//2015
f 1000//2021 1002//2020 996//2012
f 960//1926 1004//2023 1002//2024
f 960//1926 1002//2024 1003//2025
f 1003//2025 1002//2024 1001//2026
f 1004//2027 996//2012 1002//2020
f 983//1990 1004//2023 960//1926
f 983//1990 992//2004 1004//2023
f 992//2010 996//2012 1004//2027
f 1005//2028 1003//2029 1001//2022
f 1005//2028 959//2030 1003//2029
f 960//1926 1003//2025 959//1927
f 1005//2028 1001//2022 998//2014
f 1005//2028 998//2014 1006//2031
f 1006//2032 1010//2033 1005//2034
f 1005//2034 1009//2035 1007//2036
f 1007//2037 959//2030 1005//2028
f 1005//2034 1010//2033 1008//2038
f 1005//2034 1008//2038 1009//2035
f 1015//2039 1010//2040 1011//2041
f 1006//2032 1011//2042 1010//2033
f 1012//2043 1014//2044 1010//2045
f 1012//2046 1010//2047 1013//2048
f 1013//2049 1010//2049 1015//2049
f 1008//2038 1010//2033 1014//2050
f 1015//2039 1011//2041 1016//2051
f 1015//2052 1016//2053 1017//2054
f 1013//2055 1015//2055 1018//2055
f 1015//2052 1017//2054 1018//2056
f 1019//2057 1018//2056 1017//2054
f 1019//2057 1020//2058 1018//2056
f 1013//2048 1018//2059 1020//2060
f 1013//2048 1020//2060 1012//2046
f 1012//2061 1020//2062 1021//2063
f 1021//2063 1020//2062 1022//2064
f 1023//2065 1022//2066 1020//2058
f 1023//2065 1020//2058 1019//2057
f 1019//2067 998//2068 1023//2069
f 1023//2070 998//2071 999//2072
f 1023//2070 999//2072 1024//2073
f 1024//2074 1022//2066 1023//2065
f 1025//2075 1026//2074 1024//2074
f 1024//2076 999//2077 1025//2078
f 1024//2074 1026//2074 1027//2074
f 1024//2074 1027//2074 1022//2066
f 1028//2079 1029//2080 1027//2081
f 1026//2082 1028//2079 1027//2081
f 1031//2083 1027//2081 1029//2080
f 1027//2081 1030//2084 1022//2064
f 1030//2084 1027//2081 1031//2083
f 1032//2085 1031//2086 1029//2087
f 1030//2088 1031//2086 1032//2085
f 1036//2089 1032//2085 1033//2090
f 1032//2085 1034//2091 1033//2090
f 1035//2092 1034//2091 1032//2085
f 1029//2087 1035//2092 1032//2085
f 1030//2088 1032//2085 1036//2089
f 1008//2038 1036//2089 1037//2093
f 1008//2038 1014//2050 1036//2089
f 1036//2089 1038//2094 1037//2093
f 1036//2089 1033//2090 1038//2094
f 1036//2089 1021//2095 1030//2088
f 1014//2050 1021//2095 1036//2089
f 1038//2094 1033//2090 1040//2096
f 1037//2093 1038//2094 1039//2097
f 1038//2094 1041//2098 1039//2097
f 1038//2094 1040//2096 1041//2098
f 1039//2097 1041//2098 1042//2099
f 1042//2099 1041//2098 1043//2100
f 1041//2098 1040//2096 1043//2100
f 1043//2100 1045//2101 1044//2102
f 1042//2099 1043//2100 1044//2102
f 1043//2100 1040//2096 1045//2101
f 1044//2102 1045//2101 1046//2103
f 1045//2101 1049//2104 1046//2103
f 1045//2101 1047//2105 1049//2104
f 1048//2106 1047//2105 1045//2101
f 1040//2096 1048//2106 1045//2101
f 1049//2104 1047//2105 1051//2107
f 1046//2103 1049//2104 922//1850
f 922//1850 1049//2104 921//1849
f 1049//2104 1051//2107 1050//2108
f 921//1849 1049//2104 1050//2108
f 1050//2108 1051//2107 1052//2109
f 1052//2109 1051//2107 1053//2110
f 1047//2105 1054//2111 1051//2107
f 1051//2107 1054//2111 1053//2110
f 1048//2106 1054//2111 1047//2105
f 1054//2111 1055//2112 1053//2110
f 1034//2091 1055//2112 1054//2111
f 1034//2091 1054//2111 1048//2106
f 1056//2113 1053//2110 1055//2112
f 1056//2113 1055//2112 1057//2114
f 1057//2114 1055//2112 1034//2091
f 1058//2115 1056//2113 1057//2114
f 1058//2115 1057//2114 1035//2092
f 1035//2092 1057//2114 1034//2091
f 1058//2115 1035//2092 1059//2116
f 1061//2117 1058//2115 1059//2116
f 1062//2118 1056//2113 1058//2115
f 1060//2119 1062//2118 1058//2115
f 1060//2119 1058//2115 1061//2117
f 1063//2120 1056//2113 1062//2118
f 1063//2120 1062//2118 1060//2119
f 1063//2120 1060//2119 1064//2121
f 1067//2122 1063//2120 1064//2121
f 1066//2123 1065//2124 1063//2120
f 1063//2120 1065//2124 1056//2113
f 1066//2123 1063//2120 1067//2122
f 1067//2122 1064//2121 1068//2125
f 1069//2126 1067//2122 1068//2125
f 1069//2126 1070//2127 1067//2122
f 1070//2127 1066//2123 1067//2122
f 1071//2128 1070//2127 1072//2129
f 1071//2128 1075//2130 1070//2127
f 1072//2129 1070//2127 1073//2131
f 1073//2131 1070//2127 1069//2126
f 1075//2130 1074//2132 1070//2127
f 1070//2127 1074//2132 1066//2123
f 1075//2130 1076//2133 1074//2132
f 1077//2134 1076//2133 1075//2130
f 1078//2135 1075//2130 1071//2128
f 1077//2134 1075//2130 1078//2135
f 1078//2135 1071//2128 1079//2136
f 1080//2137 1078//2135 1079//2136
f 904//1818 1078//2135 1080//2137
f 904//1818 1081//2138 1078//2135
f 1081//2138 1077//2134 1078//2135
f 1081//2138 1082//2139 1077//2134
f 908//1827 1081//2138 904//1818
f 1083//2140 1082//2139 1081//2138
f 1081//2138 908//1827 1083//2140
f 1084//2141 1083//2142 908//2143
f 1085//2144 1083//2142 1084//2141
f 1083//2145 1085//2146 1086//2147
f 1083//2140 1086//2148 1082//2139
f 1087//2149 1086//2147 1085//2146
f 1086//2148 1088//2150 1082//2139
f 1088//2150 1086//2148 1087//2151
f 1087//2151 1089//2152 1088//2150
f 1088//2150 1089//2152 1090//2153
f 1088//2150 1090//2153 1076//2133
f 1082//2139 1088//2150 1076//2133
f 1090//2153 1089//2152 1091//2154
f 1090//2153 1091//2154 1066//2123
f 1076//2133 1090//2153 1074//2132
f 1090//2153 1066//2123 1074//2132
f 1091//2154 1052//2109 1065//2124
f 1091//2154 1065//2124 1066//2123
f 1089//2152 1052//2109 1091//2154
f 1050//2108 1052//2109 1089//2152
f 920//1847 1050//2108 1089//2152
f 1089//2152 1087//2151 920//1847
f 1092//2155 1087//2149 1085//2146
f 1093//2156 1087//2149 1092//2155
f 1093//2156 920//2157 1087//2149
f 1092//2158 1094//2074 1093//2074
f 1093//2074 1094//2074 1095//2074
f 1095//2159 920//2157 1093//2156
f 918//1840 1095//2159 915//1841
f 1095//2074 1096//2074 915//2074
f 1095//2074 1094//2074 1096//2074
f 1095//2159 918//1840 920//2157
f 1094//2160 1097//2161 1096//2162
f 1096//2163 1097//2164 902//2165
f 1096//2163 902//2165 1098//2166
f 915//2074 1096//2074 1098//2167
f 1098//2168 902//2168 903//2168
f 915//2074 1098//2167 912//2169
f 912//2169 1098//2167 911//2170
f 1098//2167 1099//2171 911//2170
f 1098//2172 903//2173 1100//2174
f 1100//2175 1099//2171 1098//2167
f 1100//2176 1101//2177 1094//2178
f 1100//2176 1103//2179 1101//2177
f 1102//2180 1100//2175 1092//2158
f 1099//2171 1100//2175 1102//2180
f 1100//2174 903//2173 1103//2181
f 1092//2158 1100//2175 1094//2074
f 1103//2182 1105//2183 1101//2184
f 1104//2185 1103//2182 1106//2186
f 1103//2182 1104//2185 1105//2183
f 904//1817 1103//2182 903//1816
f 904//1817 1106//2186 1103//2182
f 1104//2187 1106//2188 1107//2189
f 1108//2190 1107//2191 1106//2192
f 904//1817 1108//2193 1106//2186
f 1108//2190 1109//2194 1107//2191
f 1111//2195 1109//2194 1108//2190
f 1080//2196 1108//2193 904//1817
f 1111//2195 1108//2190 1110//2197
f 1080//2196 1110//2198 1108//2193
f 1113//2199 1112//2200 1111//2195
f 1111//2195 1112//2200 1109//2194
f 1114//2201 1113//2199 1111//2195
f 1111//2195 1115//2202 1114//2201
f 1110//2197 1115//2202 1111//2195
f 1115//2202 1116//2203 1117//2204
f 1110//2197 1116//2203 1115//2202
f 1115//2202 1117//2204 1114//2201
f 1118//2205 855//1744 1117//2204
f 1117//2204 855//1744 1120//2206
f 1117//2204 1119//2207 1118//2205
f 1117//2204 1122//2208 1119//2207
f 1120//2209 1121//2209 1117//2209
f 1121//2210 1114//2211 1117//2212
f 1116//2203 1122//2208 1117//2204
f 1119//2207 1122//2208 1124//2213
f 1116//2214 1072//2215 1122//2216
f 1072//2217 1123//2218 1122//2219
f 1124//2213 1122//2208 1123//2220
f 1119//2207 1124//2213 1127//2221
f 1126//2222 1124//2223 1125//2224
f 1124//2213 1123//2220 1125//2225
f 1073//2226 1124//2223 1126//2222
f 1128//2227 1124//2228 1073//2229
f 1128//2227 1127//2230 1124//2228
f 1130//2231 1128//2232 1129//2233
f 1128//2232 1069//2126 1129//2233
f 1130//2234 1131//2235 1128//2236
f 1128//2236 1131//2235 1127//2237
f 1073//2131 1069//2126 1128//2232
f 1131//2238 1130//2239 1132//2240
f 1132//2241 1127//2221 1131//2242
f 1132//2243 1129//2244 1134//2245
f 1132//2243 1133//2246 1129//2244
f 1132//2240 1130//2239 1133//2247
f 1134//2248 1127//2221 1132//2241
f 1134//2248 1136//2249 1135//2250
f 1135//2250 1127//2221 1134//2248
f 1134//2248 1137//2251 1136//2249
f 1129//2252 1137//2253 1134//2254
f 1138//2255 1136//2249 1137//2251
f 1138//2255 1137//2251 1142//2256
f 1141//2257 1137//2253 1129//2252
f 1142//2256 1137//2251 1139//2258
f 1140//2259 1139//2260 1137//2261
f 1140//2259 1137//2261 1141//2262
f 1143//2263 1142//2264 1145//2265
f 1143//2263 1146//2266 1142//2264
f 1146//2267 1138//2255 1142//2256
f 1142//2256 1139//2258 1144//2268
f 1144//2269 1145//2270 1142//2271
f 1138//2255 1146//2267 1149//2272
f 1146//2267 1147//2273 1148//2274
f 1143//2275 1147//2276 1146//2277
f 1146//2267 1148//2274 1149//2272
f 1138//2255 1149//2272 1152//2278
f 1149//2279 1150//2280 1151//2281
f 1148//2282 1150//2283 1149//2284
f 1149//2279 1151//2281 1152//2285
f 1151//2286 1153//2287 1152//2288
f 1152//2278 1153//2289 837//1725
f 1138//2255 1152//2278 837//1725
f 837//1725 1153//2289 834//1721
f 1153//2290 1154//2291 834//2292
f 1154//2293 1153//2287 1151//2286
f 834//2292 1154//2291 1155//2294
f 1154//2295 1156//2296 1155//2297
f 1151//2298 1156//2296 1154//2295
f 1161//2299 1157//2300 1156//2296
f 1156//2296 1157//2300 1158//2301
f 1156//2296 1158//2301 1159//2302
f 1156//2296 1159//2302 1160//2303
f 1155//2297 1156//2296 1160//2303
f 1151//2298 1161//2299 1156//2296
f 1143//2304 1161//2299 1150//2305
f 1150//2305 1161//2299 1151//2298
f 1143//2304 1162//2306 1161//2299
f 1162//2306 1157//2300 1161//2299
f 1162//2306 1068//2125 1157//2300
f 1145//2307 1162//2306 1143//2304
f 1141//2308 1162//2306 1145//2307
f 1069//2126 1068//2125 1162//2306
f 1141//2308 1069//2126 1162//2306
f 1155//2297 1160//2303 1163//2309
f 1160//2303 1159//2302 1163//2309
f 834//2292 1155//2294 1163//2310
f 834//2292 1163//2310 833//2311
f 1166//2312 833//2311 1163//2310
f 1006//2031 1165//2313 1163//2310
f 1163//2309 1011//2042 1006//2032
f 1164//2314 1011//2042 1163//2309
f 1163//2309 1159//2302 1164//2314
f 1163//2310 1165//2313 1166//2312
f 1025//2078 999//2077 1166//2315
f 999//2017 820//2316 1166//2312
f 1025//2317 1166//2318 1165//2319
f 1166//2312 1167//2320 833//2311
f 1166//2312 820//2316 1167//2320
f 1167//2321 831//1719 833//2322
f 831//1719 1167//2321 827//1711
f 820//1709 827//1711 1167//2321
f 1025//2317 1165//2319 1019//2323
f 1006//2031 998//2014 1165//2313
f 1019//2067 1165//2324 998//2068
f 1011//2325 1164//2326 1016//2327
f 1016//2327 1164//2326 1168//2328
f 1168//2328 1164//2326 1169//2329
f 1164//2314 1159//2302 1169//2330
f 1169//2330 1059//2116 1028//2331
f 1169//2332 1028//2333 1026//2334
f 1171//2335 1169//2336 1170//2337
f 1170//2338 1169//2332 1026//2334
f 1171//2339 1168//2339 1169//2339
f 1159//2302 1059//2116 1169//2330
f 1170//2337 1168//2340 1171//2335
f 1025//2075 1170//2341 1026//2074
f 1025//2075 1172//2342 1170//2341
f 1172//2343 1168//2340 1170//2337
f 1019//2057 1172//2342 1025//2075
f 1172//2344 1016//2344 1168//2344
f 1017//2054 1016//2053 1172//2342
f 1019//2057 1017//2054 1172//2342
f 1158//2301 1059//2116 1159//2302
f 1157//2300 1061//2117 1158//2301
f 1158//2301 1061//2117 1059//2116
f 1064//2121 1061//2117 1157//2300
f 1068//2125 1064//2121 1157//2300
f 1148//2282 1174//2345 1150//2283
f 1173//2346 1150//2305 1174//2347
f 1173//2346 1143//2304 1150//2305
f 1148//120 1173//120 1174//120
f 1147//120 1173//120 1148//120
f 1173//2348 1147//2276 1143//2275
f 1175//2349 1141//2308 1145//2307
f 1144//2269 1175//2350 1145//2270
f 1144//120 1140//120 1175//120
f 1140//2351 1141//2308 1175//2349
f 1139//120 1140//120 1144//120
f 1129//2233 1069//2126 1141//2308
f 1176//2352 1138//2255 837//1725
f 1177//2353 1138//2255 1176//2352
f 1177//2353 1179//2354 1138//2255
f 1136//2249 1138//2255 1178//2355
f 1179//2354 1178//2355 1138//2255
f 842//1731 844//1732 1179//2354
f 1179//2354 1180//2356 842//1731
f 844//1732 1178//2355 1179//2354
f 1177//2353 1180//2356 1179//2354
f 839//1728 842//1731 1180//2356
f 1181//2357 839//2357 1180//2357
f 1181//2358 1180//2359 1177//2360
f 1177//2360 1176//2361 1181//2358
f 838//2362 839//2362 1181//2362
f 838//2363 1181//2363 1176//2363
f 1184//2364 1136//2365 1178//2355
f 844//1732 1182//2366 1178//2355
f 1182//2366 1183//2367 1178//2355
f 1178//2355 1183//2367 1184//2364
f 1183//2367 1185//2368 1184//2364
f 1136//2369 1184//2369 1185//2369
f 1183//2367 1189//2370 1185//2368
f 1185//2371 1135//2372 1136//2373
f 1135//2372 1185//2371 1186//2374
f 1185//2371 1188//2375 1186//2374
f 1187//2376 1185//2368 1189//2370
f 1187//2377 1188//2375 1185//2371
f 1189//2378 1190//2379 1187//2380
f 1182//2381 1189//2370 1183//2367
f 1189//2378 1191//2382 1190//2379
f 1192//2383 1191//2382 1189//2378
f 1192//2383 1189//2378 1182//2384
f 1182//2366 846//1733 1192//2385
f 1193//2386 1191//2387 1192//2388
f 1193//2389 1192//2385 1118//2205
f 1192//2385 852//1740 1118//2205
f 1192//2385 846//1733 852//1740
f 1193//2386 1194//2390 1190//2391
f 1118//2205 1194//2392 1193//2389
f 1190//2391 1191//2387 1193//2386
f 1119//2207 1135//2250 1194//2392
f 1119//2207 1194//2392 1118//2205
f 1186//2393 1190//2391 1194//2390
f 1194//2390 1135//2394 1186//2393
f 1187//2380 1190//2379 1188//2395
f 1188//2396 1190//2396 1186//2396
f 846//1733 1182//2366 844//1732
f 1176//2352 837//1725 838//1726
f 1127//2221 1135//2250 1119//2207
f 1130//2231 1129//2233 1133//2397
f 1195//2398 1073//2131 1126//2399
f 1126//2400 1123//2401 1195//2402
f 1126//2400 1125//2403 1123//2401
f 1195//2404 1123//2218 1072//2217
f 1195//2398 1072//2129 1073//2131
f 1121//2210 1196//2405 1114//2211
f 1197//2406 1196//2405 1121//2210
f 1121//2407 1120//2407 1197//2407
f 1197//2408 1120//2409 1198//2410
f 1197//2408 1198//2410 1196//2411
f 855//1744 1198//2412 1120//2206
f 1199//2413 1198//2412 1113//2199
f 855//1744 1113//2199 1198//2412
f 1196//2414 1198//2414 1199//2414
f 1199//2413 1113//2199 1114//2201
f 1114//2415 1196//2415 1199//2415
f 852//1740 855//1744 1118//2205
f 1116//2214 1079//2416 1072//2215
f 1110//2417 1079//2418 1116//2419
f 1113//2199 1200//2420 1112//2200
f 854//1743 1200//2420 1113//2199
f 855//1744 854//1743 1113//2199
f 1107//2189 1200//2421 1201//2422
f 1107//2189 1112//2423 1200//2421
f 1203//2424 1201//2422 1200//2421
f 854//1743 1202//2425 1200//2420
f 1200//2421 1202//2426 1203//2424
f 1105//2427 1203//2424 1202//2426
f 1201//2428 1203//2424 1105//2427
f 1202//2429 858//2430 1204//2431
f 1205//2432 1202//2429 1204//2431
f 1202//2426 1205//2433 1206//2434
f 1105//2427 1202//2426 1206//2434
f 854//1743 858//1746 1202//2425
f 1207//2435 1206//2434 1205//2433
f 1101//2184 1206//322 1208//2436
f 1101//2184 1105//2183 1206//322
f 1207//2435 1208//2437 1206//2434
f 1101//2184 1208//2436 1097//2017
f 1097//2017 1208//2436 902//1815
f 902//1815 1208//2436 898//1810
f 1208//2438 1209//2439 898//2440
f 1208//2438 1210//2441 1209//2439
f 1207//2435 1210//2442 1208//2437
f 1209//2443 1210//2443 1212//2443
f 1210//2444 885//1783 1211//2445
f 1210//2444 1211//2445 1212//2446
f 1210//2444 1213//2447 885//1783
f 1213//2448 1210//2442 1207//2435
f 857//1745 885//1783 1213//2447
f 1215//2449 1213//2448 1207//2435
f 857//1745 1213//2447 1214//2450
f 1215//2449 1214//2450 1213//2447
f 1215//2449 1207//2435 1217//2451
f 1214//2450 1215//2449 1216//2452
f 1217//2451 1216//2452 1215//2449
f 1205//2453 1217//2454 1207//2455
f 1218//2456 1217//2454 1205//2453
f 1217//2457 1218//2458 1216//2459
f 1204//2431 1218//2460 1205//2432
f 1216//2459 1218//2458 1204//2461
f 857//2462 1214//2462 1216//2462
f 1204//2461 857//2463 1216//2459
f 1219//2464 1212//2446 899//1807
f 1209//2439 1212//2446 1219//2464
f 1212//2446 1211//2445 899//1807
f 1219//2464 898//2440 1209//2439
f 1219//2464 899//1807 898//1806
f 1211//2445 890//1794 899//1807
f 885//1783 886//1784 1211//2445
f 1211//2445 886//1784 890//1794
f 1204//2461 858//2465 857//2463
f 1107//2189 1201//2422 1104//2187
f 1105//2427 1104//2466 1201//2428
f 1109//2467 1112//2423 1107//2189
f 1110//2417 1220//2468 1079//2418
f 1220//2469 1110//2198 1080//2196
f 1080//2137 1079//2136 1220//2470
f 1102//2471 1084//2472 1221//2473
f 1102//2474 1085//2475 1084//2476
f 1092//2477 1085//2475 1102//2474
f 1102//2471 1221//2473 1099//2478
f 1221//2473 1084//2472 909//2479
f 909//2480 1099//2480 1221//2480
f 1094//2160 1101//2481 1097//2161
f 1099//2482 907//1825 911//2483
f 909//1823 907//1825 1099//2482
f 1084//2141 908//2143 909//2484
f 1077//2134 1082//2139 1076//2133
f 1079//2136 1071//2128 1072//2129
f 1052//2109 1053//2110 1065//2124
f 1065//2124 1053//2110 1056//2113
f 1064//2121 1060//2119 1061//2117
f 1059//2116 1035//2092 1029//2087
f 1029//2087 1028//2331 1059//2116
f 921//1849 1050//2108 920//1847
f 1033//2090 1048//2106 1040//2096
f 1034//2091 1048//2106 1033//2090
f 1222//2485 1046//2103 923//1851
f 923//1851 1046//2103 922//1850
f 1044//2102 1046//2103 1222//2485
f 937//1880 1044//2102 1222//2485
f 928//1855 937//1880 1222//2485
f 928//1855 1222//2485 926//1854
f 1222//2485 923//1851 926//1854
f 1042//2099 1044//2102 937//1880
f 938//1881 1042//2099 937//1880
f 1039//2097 1042//2099 938//1881
f 1223//2486 1039//2097 946//1898
f 946//1898 1039//2097 938//1881
f 1037//2093 1039//2097 1223//2486
f 1009//2035 1037//2093 1223//2486
f 1007//2036 1223//2486 945//1895
f 945//1895 1223//2486 946//1898
f 1009//2035 1223//2486 1007//2036
f 1009//2035 1008//2038 1037//2093
f 1022//2064 1030//2084 1021//2063
f 1012//2043 1021//2487 1014//2044
f 1007//2037 957//2488 959//2030
f 945//1909 957//2488 1007//2037
f 999//2017 823//287 820//2316
f 991//2005 841//1729 829//1714
f 985//1993 841//1729 991//2005
f 989//1996 991//1998 1224//2489
f 991//2005 829//1714 821//1713
f 991//2490 821//2491 1224//2492
f 1224//2489 1225//2493 989//1996
f 825//2494 1224//2492 821//2491
f 822//1704 1224//2495 825//1702
f 822//2496 1225//2493 1224//2489
f 989//2007 1225//2497 824//2008
f 1225//2498 822//1707 824//1706
f 983//1990 960//1926 1227//2499
f 1227//2499 1226//2500 983//1990
f 983//1990 1226//2500 966//1936
f 1227//2501 963//2502 1226//2503
f 960//1926 961//1928 1227//2499
f 961//2504 963//2502 1227//2501
f 966//2505 1226//2506 963//2507
f 964//2508 966//2505 963//2507
f 945//1909 951//1908 957//2488
f 948//1905 941//1890 942//1982
f 940//1884 934//1886 935//2509
f 890//1794 892//1797 899//1807
f 895//1804 879//1773 873//1768
f 865//1754 862//1750 848//1736
f 837//1725 834//1721 835//1723
