# Blender 4.5.3 LTS
# www.blender.org
o duct_left_up_rear
v -0.134946 -0.219932 0.004510
v -0.135778 -0.221410 -0.001841
v -0.134556 -0.219881 0.013827
v -0.135596 -0.221356 0.012627
v -0.134096 -0.219476 0.004625
v -0.134885 -0.217305 0.004509
v -0.134953 -0.217411 -0.001840
v -0.134993 -0.220535 0.014127
v -0.135631 -0.221848 0.013197
v -0.133729 -0.219691 0.014560
v -0.133624 -0.220767 0.015655
v -0.133675 -0.216911 0.015344
v -0.131366 -0.223146 0.017045
v -0.133084 -0.218736 0.016567
v -0.133148 -0.225405 0.014491
v -0.137560 -0.223373 0.009742
v -0.136601 -0.226811 0.008927
v -0.126869 -0.223944 0.019155
v -0.128150 -0.228327 0.015652
v -0.133435 -0.229619 0.010123
v -0.129914 -0.230885 0.011865
v -0.132470 -0.230055 0.010553
v -0.132067 -0.231234 0.009325
v -0.125219 -0.231287 0.013425
v -0.127957 -0.235068 0.006039
v -0.132702 -0.232382 0.006163
v -0.134016 -0.232855 0.002639
v -0.132548 -0.234057 0.001323
v -0.128385 -0.236021 0.001079
v -0.127163 -0.236287 0.001268
v -0.123697 -0.236783 0.001018
v -0.125195 -0.234331 0.008756
v -0.124978 -0.235923 0.004609
v -0.122450 -0.236815 0.001336
v -0.121082 -0.235928 0.004585
v -0.123920 -0.234951 0.004604
v -0.124302 -0.235508 0.004704
v -0.124289 -0.233879 0.008732
v -0.124104 -0.231391 0.012078
v -0.123798 -0.231687 0.004693
v -0.121978 -0.231435 0.011471
v -0.121604 -0.231336 0.012757
v -0.120793 -0.231278 0.013417
v -0.120907 -0.233189 0.010767
v -0.123822 -0.228140 0.016953
v -0.117654 -0.231242 0.012457
v -0.120804 -0.228125 0.016788
v -0.116554 -0.226214 0.016696
v -0.122565 -0.224270 0.019616
v -0.123112 -0.218762 0.021958
v -0.121464 -0.220012 0.021309
v -0.119348 -0.222286 0.019958
v -0.119319 -0.217434 0.020611
v -0.115322 -0.220109 0.018321
v -0.112078 -0.223720 0.014565
v -0.112404 -0.220824 0.015674
v -0.116153 -0.215789 0.018590
v -0.112411 -0.216462 0.015702
v -0.112877 -0.212599 0.014927
v -0.112325 -0.220102 0.015158
v -0.112272 -0.217487 0.014444
v -0.110315 -0.214426 0.012922
v -0.111040 -0.216385 0.014208
v -0.111256 -0.217161 0.013875
v -0.111918 -0.217685 0.004624
v -0.110282 -0.215552 0.012782
v -0.111047 -0.217208 0.004510
v -0.111203 -0.219772 0.004509
v -0.110233 -0.215750 -0.001841
v -0.111058 -0.219750 -0.001840
v -0.106653 -0.216980 -0.001840
v -0.108347 -0.214465 0.008322
v -0.105879 -0.214441 -0.001840
v -0.108793 -0.218083 -0.001840
v -0.108783 -0.218337 0.001335
v -0.107176 -0.216968 0.001335
v -0.108876 -0.222354 -0.001841
v -0.107608 -0.220180 -0.001840
v -0.106925 -0.220343 0.001335
v -0.106317 -0.222592 -0.001840
v -0.105469 -0.219077 -0.001840
v -0.105354 -0.223473 -0.001839
v -0.103253 -0.222759 -0.001835
v -0.106538 -0.227247 -0.001805
v -0.105835 -0.223976 0.002562
v -0.106238 -0.223070 0.003086
v -0.107631 -0.223810 0.007974
v -0.108777 -0.222573 0.009568
v -0.111013 -0.220782 0.014138
v -0.109861 -0.222756 0.012286
v -0.111193 -0.220073 0.013873
v -0.112257 -0.219605 0.013964
v -0.111910 -0.219468 0.004604
v -0.109540 -0.226958 0.009018
v -0.113406 -0.227978 0.012862
v -0.108266 -0.228096 0.004637
v -0.111108 -0.230546 0.006159
v -0.111939 -0.229748 0.008956
v -0.112532 -0.229698 0.006158
v -0.112970 -0.229696 0.010385
v -0.113830 -0.230463 0.010311
v -0.113886 -0.231480 0.008836
v -0.113739 -0.230661 0.006159
v -0.113275 -0.232435 0.006157
v -0.114414 -0.234639 0.001222
v -0.117903 -0.234694 0.006696
v -0.110427 -0.231669 0.002211
v -0.113382 -0.234009 0.001171
v -0.112502 -0.235388 0.001024
v -0.112795 -0.234187 -0.001844
v -0.113602 -0.235979 0.001329
v -0.113853 -0.236369 -0.001840
v -0.114633 -0.235019 -0.001839
v -0.111385 -0.233622 0.005343
v -0.116880 -0.236888 0.004308
v -0.116884 -0.237690 -0.001837
v -0.117229 -0.237530 0.001075
v -0.117648 -0.235981 0.001091
v -0.117310 -0.236093 -0.001840
v -0.118427 -0.237825 0.001277
v -0.118865 -0.236281 0.001249
v -0.119178 -0.236610 -0.001840
v -0.118764 -0.238156 -0.001840
v -0.122286 -0.238465 0.000961
v -0.122037 -0.236982 -0.001840
v -0.122037 -0.238597 -0.001835
v -0.123508 -0.238386 0.001384
v -0.124770 -0.237679 0.004722
v -0.127082 -0.234839 0.010666
v -0.127505 -0.237857 0.001134
v -0.129820 -0.236576 0.004666
v -0.122075 -0.236524 0.008124
v -0.123603 -0.233651 0.013370
v -0.118940 -0.234082 0.011968
v -0.118245 -0.228959 0.017553
v -0.115601 -0.234850 0.008315
v -0.115822 -0.231631 0.013572
v -0.111502 -0.230563 0.011073
v -0.113154 -0.226327 0.016430
v -0.109892 -0.224596 0.014165
v -0.112228 -0.221505 0.017684
v -0.117632 -0.223072 0.020766
v -0.121243 -0.224772 0.021045
v -0.122911 -0.218679 0.023638
v -0.115716 -0.218589 0.020594
v -0.119599 -0.218587 0.022500
v -0.116461 -0.214265 0.020165
v -0.121271 -0.215847 0.022614
v -0.124065 -0.212143 0.020982
v -0.120356 -0.212775 0.021102
v -0.125443 -0.215696 0.022348
v -0.128379 -0.216902 0.021525
v -0.127518 -0.211910 0.020090
v -0.122086 -0.207503 0.017777
v -0.132954 -0.211913 0.017033
v -0.128074 -0.207830 0.017058
v -0.132050 -0.205353 0.012040
v -0.128300 -0.203901 0.012527
v -0.124175 -0.203721 0.013594
v -0.118046 -0.203500 0.012266
v -0.127326 -0.200313 0.006313
v -0.120976 -0.200310 0.007428
v -0.115791 -0.200725 0.004766
v -0.124365 -0.199256 0.003049
v -0.119431 -0.198779 -0.001808
v -0.121384 -0.199244 0.003015
v -0.123308 -0.199671 0.002825
v -0.120389 -0.199552 0.001605
v -0.120474 -0.200233 0.001620
v -0.119317 -0.204238 -0.001739
v -0.120304 -0.202522 0.001506
v -0.121354 -0.200395 0.002924
v -0.123987 -0.200260 0.002923
v -0.125666 -0.200287 0.001598
v -0.124401 -0.202431 0.003016
v -0.125511 -0.202580 0.001708
v -0.122628 -0.202668 0.002784
v -0.121646 -0.202420 0.002991
v -0.122799 -0.203154 0.002851
v -0.124177 -0.203401 0.003093
v -0.125649 -0.203282 0.001548
v -0.121405 -0.203404 0.002904
v -0.120389 -0.203287 0.001507
v -0.120738 -0.204382 0.002356
v -0.123005 -0.204417 0.003355
v -0.121335 -0.204486 0.004655
v -0.122191 -0.205497 0.004678
v -0.118598 -0.204710 0.011027
v -0.121237 -0.204805 0.011839
v -0.124521 -0.204526 0.004652
v -0.124058 -0.205764 0.012045
v -0.125300 -0.204381 0.002336
v -0.123836 -0.205496 0.004673
v -0.126125 -0.204328 0.000802
v -0.125098 -0.204750 0.011861
v -0.127541 -0.204680 0.010914
v -0.125146 -0.205881 0.013404
v -0.126470 -0.207199 0.014743
v -0.120858 -0.205886 0.013438
v -0.129947 -0.207418 0.013286
v -0.127377 -0.210882 0.017545
v -0.122345 -0.209577 0.017518
v -0.116847 -0.211990 0.017469
v -0.117362 -0.206828 0.013394
v -0.125927 -0.214646 0.020141
v -0.120681 -0.213108 0.019529
v -0.122535 -0.216686 0.021344
v -0.130861 -0.213666 0.017287
v -0.127867 -0.218671 0.020117
v -0.125970 -0.220842 0.020616
v -0.136076 -0.214306 0.012400
v -0.134605 -0.209652 0.011300
v -0.133656 -0.216284 0.015618
v -0.135012 -0.216410 0.014141
v -0.134818 -0.217087 0.013873
v -0.137135 -0.214806 -0.001841
v -0.137457 -0.214519 0.008783
v -0.136465 -0.214732 0.011567
v -0.139763 -0.214099 0.003095
v -0.138380 -0.213350 0.007974
v -0.137775 -0.209689 0.005674
v -0.140147 -0.213045 0.002630
v -0.140669 -0.213351 -0.001837
v -0.137078 -0.206877 0.001276
v -0.137218 -0.206686 -0.001840
v -0.133943 -0.204179 0.002375
v -0.134915 -0.206613 0.006159
v -0.133807 -0.207543 0.009552
v -0.133480 -0.207461 0.006158
v -0.132757 -0.204675 0.006154
v -0.128474 -0.204208 0.009667
v -0.132272 -0.206499 0.006159
v -0.132079 -0.205754 0.009041
v -0.129120 -0.202079 0.003919
v -0.129966 -0.201332 -0.001800
v -0.138603 -0.205680 -0.001840
v -0.130975 -0.200046 -0.001829
v -0.128906 -0.201224 -0.001834
v -0.127930 -0.201836 -0.001832
v -0.126250 -0.198831 -0.001840
v -0.126279 -0.204279 -0.001841
v -0.126043 -0.199020 0.001308
v -0.125696 -0.199513 0.001504
v -0.127690 -0.203732 -0.001840
v -0.128147 -0.203668 0.006861
v -0.137005 -0.204424 0.001653
v -0.132630 -0.202486 0.006371
v -0.136629 -0.208334 0.010353
v -0.138817 -0.214901 0.011466
v -0.139431 -0.209281 0.005884
v -0.141950 -0.212302 0.001516
v -0.140536 -0.215176 0.008274
v -0.140924 -0.216116 0.006112
v -0.142074 -0.216439 0.004201
v -0.138721 -0.215283 0.011139
v -0.140185 -0.215817 0.001335
v -0.137819 -0.215674 0.001335
v -0.136553 -0.216171 0.014855
v -0.133643 -0.217072 0.018040
v -0.135823 -0.217848 0.001334
v -0.135572 -0.218121 0.016168
v -0.134669 -0.221682 0.016798
v -0.136050 -0.220382 0.015512
v -0.137661 -0.221618 0.013011
v -0.138049 -0.221918 0.012654
v -0.136461 -0.220450 0.001335
v -0.139335 -0.221774 0.001334
v -0.137142 -0.218530 0.001335
v -0.137582 -0.219543 -0.001840
v -0.139123 -0.220233 0.001335
v -0.138925 -0.216968 0.001335
v -0.137547 -0.217524 -0.001840
v -0.139523 -0.217096 -0.001840
v -0.139955 -0.214530 -0.001840
v -0.142044 -0.212257 -0.001839
v -0.140533 -0.218337 0.001335
v -0.140563 -0.218828 -0.001840
v -0.143114 -0.218875 -0.001839
v -0.142639 -0.217848 0.001514
v -0.141919 -0.225303 -0.001839
v -0.141749 -0.224293 0.003213
v -0.142697 -0.219425 0.001457
v -0.141028 -0.221808 0.007233
v -0.140589 -0.221304 0.007078
v -0.142222 -0.219202 0.001578
v -0.141950 -0.217953 0.001490
v -0.141876 -0.219255 0.001430
v -0.141356 -0.220444 0.004101
v -0.141969 -0.217170 0.003148
v -0.139453 -0.225784 0.008352
v -0.138340 -0.230662 0.003396
v -0.135416 -0.229228 0.011467
v -0.137043 -0.225648 0.012424
v -0.132293 -0.223981 0.018091
v -0.130193 -0.228345 0.016805
v -0.127943 -0.224809 0.020128
v -0.129798 -0.220250 0.020767
v -0.124503 -0.220770 0.022869
v -0.123755 -0.226341 0.020248
v -0.124371 -0.229130 0.018171
v -0.129457 -0.231325 0.014480
v -0.132429 -0.232926 0.009895
v -0.134969 -0.233680 0.004472
v -0.134094 -0.235569 -0.001840
v -0.133498 -0.235389 0.001047
v -0.132411 -0.235980 0.001314
v -0.131518 -0.234663 0.001057
v -0.131375 -0.235015 -0.001840
v -0.132163 -0.236384 -0.001840
v -0.129113 -0.237627 -0.001840
v -0.128725 -0.237525 0.001212
v -0.128702 -0.236096 -0.001840
v -0.133053 -0.234044 -0.001840
v -0.137502 -0.230126 -0.001840
v -0.140726 -0.224020 -0.001787
v -0.138924 -0.227233 0.002229
v -0.136458 -0.230387 0.003421
v -0.140553 -0.228445 -0.001825
v -0.134905 -0.230543 0.006162
v -0.134213 -0.229914 0.008164
v -0.132149 -0.230816 0.006159
v -0.133305 -0.229793 0.006159
v -0.139170 -0.224245 0.005831
v -0.139475 -0.223389 0.004690
v -0.137664 -0.222695 0.008322
v -0.140004 -0.222922 0.001085
v -0.140132 -0.222719 -0.001840
v -0.139065 -0.220186 -0.001840
v -0.132387 -0.207022 0.010540
v -0.133756 -0.217538 0.014077
v -0.134088 -0.217687 0.004640
v -0.116373 -0.203125 0.006810
v -0.113739 -0.206892 0.010486
v -0.113907 -0.205671 0.008870
v -0.113956 -0.208998 0.013208
v -0.110443 -0.210920 0.010958
v -0.111851 -0.207395 0.008890
v -0.112799 -0.207481 0.010191
v -0.112705 -0.207367 0.006159
v -0.113862 -0.206344 0.006159
v -0.111073 -0.206597 0.006160
v -0.113275 -0.204781 0.006159
v -0.112656 -0.203758 0.002584
v -0.109657 -0.206328 0.002003
v -0.108118 -0.209945 0.005688
v -0.105819 -0.213046 0.002407
v -0.107947 -0.213484 0.008737
v -0.107557 -0.208307 -0.001825
v -0.105388 -0.212969 -0.001837
v -0.105905 -0.208063 -0.001840
v -0.113280 -0.202766 -0.001837
v -0.110835 -0.202393 -0.001822
v -0.106143 -0.208603 0.003366
v -0.110367 -0.204360 0.005392
v -0.116927 -0.201233 -0.001840
v -0.117005 -0.201572 0.001812
v -0.118088 -0.201838 -0.001828
v -0.118324 -0.203741 -0.001840
v -0.117822 -0.203910 0.008305
v -0.109212 -0.209024 0.010705
v -0.112235 -0.204837 0.009267
v -0.113882 -0.207831 0.014697
v -0.117159 -0.206087 0.015001
v -0.118069 -0.210802 0.019269
v -0.112219 -0.212032 0.016315
v -0.112653 -0.216103 0.018132
v -0.109915 -0.216722 0.015459
v -0.108567 -0.215584 0.013524
v -0.107261 -0.212644 0.010539
v -0.104133 -0.213355 0.003204
v -0.106418 -0.214962 0.010116
v -0.104175 -0.216086 0.005036
v -0.106299 -0.215407 0.009181
v -0.104389 -0.216937 0.003733
v -0.108025 -0.215625 0.001334
v -0.105468 -0.215984 0.001335
v -0.105559 -0.218111 0.001335
v -0.104150 -0.217892 0.001427
v -0.103745 -0.217970 0.001576
v -0.104133 -0.219215 0.001392
v -0.103926 -0.219201 0.001548
v -0.104900 -0.220784 0.005131
v -0.105463 -0.221302 0.001334
v -0.103382 -0.219323 0.001505
v -0.105455 -0.221922 0.008273
v -0.103812 -0.220801 0.003901
v -0.103324 -0.217785 0.001446
v -0.103294 -0.214639 -0.001840
v -0.104724 -0.225638 0.002981
v -0.107935 -0.230145 0.005427
v -0.106439 -0.229675 0.000479
v -0.107323 -0.225577 0.009950
v -0.107885 -0.222099 0.012540
v -0.109865 -0.220530 0.015397
v -0.106539 -0.221758 0.009574
v -0.108303 -0.221602 0.012845
v -0.108385 -0.221363 0.001335
v -0.110072 -0.219587 0.001334
v -0.109837 -0.217161 0.001335
v -0.110450 -0.218631 0.016185
v -0.107950 -0.232094 -0.001828
v -0.112171 -0.235407 -0.001840
v -0.106536 -0.213771 0.004690
v -0.106007 -0.214238 0.001085
v -0.121885 -0.205796 0.012253
v -0.126834 -0.236611 -0.001840
v -0.127243 -0.238142 -0.001840
v -0.123974 -0.238575 -0.001840
v -0.123974 -0.236979 -0.001840
v -0.120986 -0.234953 0.007350
v -0.121835 -0.235448 0.004664
v -0.122102 -0.234959 0.004605
v -0.122214 -0.231689 0.004690
v -0.117906 -0.199305 -0.017331
v -0.124052 -0.198244 -0.017186
v -0.122464 -0.198909 -0.053882
v -0.128736 -0.199596 -0.017340
v -0.111145 -0.202637 -0.017339
v -0.115654 -0.199607 -0.001833
v -0.119399 -0.198773 -0.011666
v -0.111975 -0.202330 -0.053882
v -0.121923 -0.198172 -0.017179
v -0.120603 -0.197791 -0.014519
v -0.123002 -0.196682 -0.018296
v -0.122670 -0.179629 -0.032589
v -0.125291 -0.198213 -0.014893
v -0.125488 -0.180009 -0.028304
v -0.126711 -0.175382 -0.024831
v -0.126624 -0.175073 -0.035588
v -0.126255 -0.179664 -0.035592
v -0.124561 -0.177462 -0.026716
v -0.126376 -0.198607 -0.009310
v -0.127639 -0.198893 -0.001832
v -0.123584 -0.198414 -0.002630
v -0.119977 -0.198556 -0.006634
v -0.123100 -0.176642 -0.025468
v -0.119317 -0.174985 -0.023747
v -0.119493 -0.177317 -0.026555
v -0.121353 -0.177497 -0.026709
v -0.120621 -0.179861 -0.028070
v -0.119774 -0.179667 -0.035588
v -0.119386 -0.175147 -0.035588
v -0.123139 -0.174933 -0.029350
v -0.121635 -0.174950 -0.027834
v -0.121771 -0.181906 -0.027409
v -0.124002 -0.174918 -0.026831
v -0.122341 -0.181895 -0.029130
v -0.123682 -0.182493 -0.028564
v -0.123860 -0.181935 -0.026848
v -0.134264 -0.202161 -0.017339
v -0.129362 -0.201790 -0.001840
v -0.138326 -0.205273 -0.001841
v -0.141125 -0.209292 -0.017348
v -0.142529 -0.213898 -0.001839
v -0.138322 -0.212243 -0.001845
v -0.137876 -0.208564 -0.001838
v -0.140126 -0.216364 -0.001844
v -0.137281 -0.216622 -0.002136
v -0.141021 -0.217134 -0.002719
v -0.141101 -0.219794 -0.002140
v -0.139120 -0.221071 -0.002036
v -0.143013 -0.218815 -0.002137
v -0.141251 -0.227303 -0.001840
v -0.164816 -0.219404 -0.025811
v -0.164812 -0.217630 -0.025868
v -0.142989 -0.215621 -0.006492
v -0.142998 -0.221589 -0.007002
v -0.143215 -0.221598 -0.013119
v -0.161687 -0.220998 -0.028117
v -0.164297 -0.222095 -0.026565
v -0.161968 -0.218883 -0.032708
v -0.161985 -0.221797 -0.035588
v -0.166514 -0.222200 -0.035588
v -0.166438 -0.214961 -0.035588
v -0.166533 -0.222312 -0.023689
v -0.166636 -0.219921 -0.028020
v -0.166646 -0.217519 -0.028982
v -0.161918 -0.215348 -0.035588
v -0.164273 -0.215067 -0.026550
v -0.161675 -0.216190 -0.028202
v -0.142999 -0.215335 -0.011592
v -0.143637 -0.217511 -0.017145
v -0.142915 -0.216018 -0.015824
v -0.142550 -0.218353 -0.017340
v -0.143385 -0.219648 -0.017151
v -0.144843 -0.218723 -0.018269
v -0.142019 -0.224595 -0.017341
v -0.138004 -0.231692 -0.017340
v -0.138429 -0.230860 -0.053882
v -0.142153 -0.222204 -0.053882
v -0.141242 -0.210720 -0.053882
v -0.140375 -0.209499 -0.017340
v -0.132803 -0.201607 -0.053882
v -0.128402 -0.237534 -0.053882
v -0.132045 -0.236653 -0.017344
v -0.122579 -0.238132 -0.017342
v -0.115839 -0.237027 -0.053881
v -0.116960 -0.237587 -0.017344
v -0.107258 -0.230910 -0.017339
v -0.106055 -0.228647 -0.053882
v -0.104346 -0.225488 -0.017345
v -0.103547 -0.219644 -0.053882
v -0.103552 -0.214271 -0.017348
v -0.104827 -0.210989 -0.053882
v -0.106631 -0.207309 -0.017339
v -0.107756 -0.205543 -0.001840
v -0.103282 -0.213974 -0.001836
v -0.106186 -0.216258 -0.002160
v -0.102955 -0.215723 -0.006447
v -0.103160 -0.215298 -0.014293
v -0.104618 -0.218786 -0.002157
v -0.103752 -0.224583 -0.001836
v -0.102858 -0.218511 -0.002655
v -0.081188 -0.217802 -0.025807
v -0.102966 -0.220834 -0.005120
v -0.081219 -0.219528 -0.025909
v -0.081742 -0.222092 -0.026567
v -0.103049 -0.222027 -0.011103
v -0.084296 -0.220896 -0.028115
v -0.079399 -0.222272 -0.023733
v -0.079485 -0.214847 -0.023575
v -0.079573 -0.222199 -0.035588
v -0.079358 -0.219597 -0.027079
v -0.079363 -0.217428 -0.027170
v -0.079523 -0.214963 -0.035588
v -0.086849 -0.217569 -0.027707
v -0.086358 -0.219649 -0.027001
v -0.079361 -0.218706 -0.029442
v -0.086387 -0.218797 -0.029332
v -0.083865 -0.215275 -0.028099
v -0.084093 -0.221812 -0.035588
v -0.084026 -0.215363 -0.035588
v -0.084478 -0.216255 -0.028401
v -0.084054 -0.218915 -0.032589
v -0.102154 -0.220654 -0.015155
v -0.101097 -0.218584 -0.018304
v -0.102437 -0.216061 -0.014295
v -0.102665 -0.217517 -0.017168
v -0.102575 -0.219646 -0.017161
v -0.107756 -0.231617 -0.001840
v -0.106465 -0.220958 -0.002134
v -0.108594 -0.220572 -0.002307
v -0.107293 -0.225639 -0.001844
v -0.112470 -0.221110 -0.001841
v -0.111556 -0.232314 -0.002122
v -0.107213 -0.225588 -0.002708
v -0.117011 -0.235260 -0.002628
v -0.111397 -0.222215 -0.002716
v -0.112774 -0.218404 -0.002715
v -0.134436 -0.222074 -0.002353
v -0.119862 -0.236006 -0.002541
v -0.127098 -0.236011 -0.002709
v -0.138158 -0.224748 -0.002310
v -0.134134 -0.232508 -0.002335
v -0.125989 -0.236255 -0.001842
v -0.119347 -0.238238 -0.001995
v -0.136042 -0.233829 -0.001840
v -0.128983 -0.237835 -0.001836
v -0.125522 -0.238587 -0.005773
v -0.123055 -0.238834 -0.002719
v -0.126527 -0.238480 -0.011396
v -0.124062 -0.239002 -0.017164
v -0.125406 -0.239391 -0.014524
v -0.125390 -0.257299 -0.028069
v -0.124638 -0.259657 -0.026746
v -0.126520 -0.259863 -0.026535
v -0.122928 -0.260531 -0.025447
v -0.120100 -0.238570 -0.006382
v -0.121431 -0.259667 -0.026734
v -0.119298 -0.261773 -0.024812
v -0.126695 -0.262169 -0.023747
v -0.126624 -0.262086 -0.035588
v -0.124388 -0.262210 -0.027690
v -0.121680 -0.262216 -0.027316
v -0.123395 -0.255239 -0.026691
v -0.119386 -0.262013 -0.035588
v -0.122342 -0.255237 -0.029104
v -0.123082 -0.262226 -0.029279
v -0.122083 -0.254750 -0.027550
v -0.124214 -0.255198 -0.028554
v -0.119788 -0.257559 -0.035588
v -0.120523 -0.257151 -0.028303
v -0.123340 -0.257531 -0.032590
v -0.122801 -0.240330 -0.018236
v -0.120127 -0.238904 -0.013035
v -0.118962 -0.238060 -0.009595
v -0.121897 -0.238893 -0.017168
v -0.116861 -0.237416 -0.009660
v -0.116249 -0.237636 -0.002087
v -0.112016 -0.235426 -0.017337
v -0.126237 -0.257492 -0.035588
v -0.138365 -0.227590 -0.002273
v -0.136559 -0.219678 -0.002137
v -0.133567 -0.216114 -0.001842
v -0.133285 -0.216936 -0.002720
v -0.138794 -0.211539 -0.002708
v -0.133024 -0.203685 -0.002708
v -0.123678 -0.200745 -0.002726
v -0.116897 -0.201448 -0.001842
v -0.113439 -0.203337 -0.002732
v -0.107918 -0.209044 -0.001824
v -0.107205 -0.211465 -0.002722
v -0.111486 -0.214977 -0.002273
v -0.107725 -0.212172 -0.001841
v -0.108659 -0.216636 -0.002413
v -0.109535 -0.218656 -0.001950
v -0.166603 -0.214879 -0.023728
v -0.166675 -0.218399 -0.026616
v -0.159605 -0.219970 -0.028212
v -0.159096 -0.218273 -0.027048
v -0.159614 -0.217486 -0.028811
v -0.119195 -0.174930 -0.035588
v -0.119296 -0.179659 -0.035716
v -0.126720 -0.177673 -0.027454
v -0.130314 -0.180154 -0.034006
v -0.126818 -0.175008 -0.035588
v -0.131269 -0.180177 -0.056471
v -0.120217 -0.179357 -0.056348
v -0.108375 -0.182081 -0.056344
v -0.120175 -0.177867 -0.062647
v -0.127599 -0.178098 -0.062548
v -0.108284 -0.182380 -0.036792
v -0.111022 -0.180297 -0.029692
v -0.098968 -0.187603 -0.033652
v -0.102650 -0.183191 -0.027668
v -0.096142 -0.187311 -0.027032
v -0.107633 -0.177026 -0.023216
v -0.112086 -0.178193 -0.026112
v -0.095873 -0.183591 -0.023243
v -0.087489 -0.192128 -0.023195
v -0.090338 -0.184487 -0.021920
v -0.080637 -0.197281 -0.021922
v -0.076304 -0.213788 -0.021878
v -0.081515 -0.193481 -0.023683
v -0.085759 -0.187835 -0.022670
v -0.081755 -0.202504 -0.023213
v -0.076641 -0.204824 -0.022802
v -0.078557 -0.200273 -0.029151
v -0.074779 -0.212568 -0.023678
v -0.074821 -0.217607 -0.022600
v -0.077146 -0.229527 -0.021877
v -0.076682 -0.232419 -0.022635
v -0.074900 -0.224631 -0.023724
v -0.074746 -0.218624 -0.024804
v -0.074757 -0.220403 -0.030587
v -0.077738 -0.234738 -0.030123
v -0.077220 -0.224419 -0.041281
v -0.074964 -0.224293 -0.036695
v -0.074740 -0.221527 -0.026938
v -0.076581 -0.220125 -0.027101
v -0.076352 -0.218827 -0.029667
v -0.079205 -0.217192 -0.026775
v -0.079229 -0.220366 -0.027587
v -0.076359 -0.217351 -0.026796
v -0.074738 -0.215592 -0.026988
v -0.076372 -0.217118 -0.028748
v -0.079210 -0.218124 -0.029672
v -0.074744 -0.216532 -0.030336
v -0.074936 -0.212891 -0.036628
v -0.077079 -0.212895 -0.041250
v -0.077960 -0.210491 -0.065347
v -0.080549 -0.200503 -0.041473
v -0.077263 -0.220258 -0.065246
v -0.078163 -0.226588 -0.065875
v -0.078632 -0.210370 -0.066329
v -0.080941 -0.200547 -0.065332
v -0.083775 -0.199757 -0.066132
v -0.080040 -0.212099 -0.066157
v -0.079951 -0.224963 -0.066141
v -0.080260 -0.231959 -0.066396
v -0.084429 -0.195525 -0.066389
v -0.084958 -0.193275 -0.065343
v -0.092290 -0.187505 -0.066193
v -0.096898 -0.182165 -0.066415
v -0.089976 -0.187080 -0.065793
v -0.085540 -0.191646 -0.041672
v -0.092323 -0.184119 -0.041582
v -0.097506 -0.180546 -0.065409
v -0.100950 -0.178030 -0.041675
v -0.106320 -0.175994 -0.065294
v -0.107093 -0.176681 -0.066399
v -0.106777 -0.178134 -0.066084
v -0.115352 -0.173802 -0.065952
v -0.123099 -0.173295 -0.066252
v -0.134749 -0.174515 -0.065827
v -0.125115 -0.172664 -0.064262
v -0.117523 -0.172993 -0.063970
v -0.131348 -0.175907 -0.066145
v -0.119986 -0.175248 -0.066141
v -0.140694 -0.177269 -0.066333
v -0.143789 -0.177797 -0.065340
v -0.151788 -0.183410 -0.066146
v -0.144077 -0.180316 -0.066316
v -0.153408 -0.188210 -0.065680
v -0.144280 -0.183667 -0.062755
v -0.135256 -0.179626 -0.062653
v -0.142321 -0.184348 -0.056351
v -0.149304 -0.189534 -0.057977
v -0.142882 -0.185051 -0.037032
v -0.150623 -0.190985 -0.054600
v -0.149545 -0.188648 -0.060937
v -0.137632 -0.182298 -0.033902
v -0.146249 -0.185751 -0.029420
v -0.138359 -0.180322 -0.027045
v -0.142285 -0.179568 -0.023877
v -0.127036 -0.174779 -0.023526
v -0.126340 -0.171538 -0.021900
v -0.114776 -0.172277 -0.021890
v -0.124566 -0.174797 -0.027297
v -0.122173 -0.174756 -0.026364
v -0.119024 -0.174897 -0.023531
v -0.121587 -0.174806 -0.028928
v -0.119396 -0.178265 -0.028359
v -0.123259 -0.171311 -0.029694
v -0.123882 -0.174797 -0.029466
v -0.121343 -0.171189 -0.028281
v -0.121510 -0.169591 -0.030768
v -0.119893 -0.169587 -0.027676
v -0.122667 -0.171283 -0.026218
v -0.123211 -0.169586 -0.024414
v -0.124691 -0.171212 -0.027786
v -0.125984 -0.169616 -0.029432
v -0.123854 -0.169731 -0.034079
v -0.129110 -0.169723 -0.029779
v -0.126430 -0.169704 -0.032905
v -0.128572 -0.169593 -0.025354
v -0.126877 -0.170442 -0.022947
v -0.132257 -0.169719 -0.032541
v -0.135956 -0.169785 -0.031673
v -0.133722 -0.169920 -0.028383
v -0.132434 -0.171039 -0.026014
v -0.139496 -0.173124 -0.022731
v -0.136466 -0.172415 -0.031337
v -0.147044 -0.176805 -0.029554
v -0.137885 -0.173597 -0.035512
v -0.137585 -0.169858 -0.036351
v -0.137460 -0.169807 -0.052251
v -0.133695 -0.169663 -0.043682
v -0.133857 -0.169715 -0.036817
v -0.132988 -0.172446 -0.034177
v -0.133462 -0.172455 -0.043335
v -0.129280 -0.172408 -0.044299
v -0.127436 -0.172474 -0.043307
v -0.128658 -0.172392 -0.038784
v -0.129407 -0.169722 -0.044508
v -0.131887 -0.169581 -0.046694
v -0.129985 -0.169579 -0.049594
v -0.126990 -0.172458 -0.047719
v -0.127152 -0.169713 -0.048047
v -0.124499 -0.172478 -0.047655
v -0.124103 -0.169646 -0.047958
v -0.123128 -0.169581 -0.056049
v -0.124326 -0.172455 -0.045228
v -0.124064 -0.169726 -0.045020
v -0.122497 -0.169579 -0.042029
v -0.121772 -0.169733 -0.047946
v -0.115984 -0.169563 -0.049295
v -0.121808 -0.169712 -0.050181
v -0.124201 -0.169763 -0.050309
v -0.126978 -0.172439 -0.050432
v -0.124402 -0.172458 -0.050568
v -0.124060 -0.169721 -0.053178
v -0.127137 -0.169719 -0.050146
v -0.128756 -0.169710 -0.052942
v -0.132015 -0.169724 -0.054947
v -0.131542 -0.172470 -0.054974
v -0.128541 -0.172466 -0.053129
v -0.133035 -0.169579 -0.051542
v -0.135055 -0.169583 -0.048357
v -0.134550 -0.175583 -0.050733
v -0.130669 -0.175580 -0.050755
v -0.133222 -0.175582 -0.046641
v -0.130305 -0.175581 -0.048224
v -0.124344 -0.172447 -0.052991
v -0.127084 -0.172431 -0.054625
v -0.129077 -0.172472 -0.057662
v -0.126903 -0.169689 -0.054831
v -0.129028 -0.169749 -0.058046
v -0.124980 -0.169580 -0.060187
v -0.125148 -0.169581 -0.057526
v -0.131380 -0.169790 -0.061220
v -0.128396 -0.172166 -0.063193
v -0.134913 -0.169801 -0.057667
v -0.125759 -0.169812 -0.063560
v -0.132641 -0.173349 -0.061011
v -0.136037 -0.174193 -0.056916
v -0.137896 -0.174741 -0.051897
v -0.138323 -0.174928 -0.041458
v -0.149612 -0.180881 -0.041804
v -0.156349 -0.187265 -0.065294
v -0.157453 -0.187893 -0.041638
v -0.158150 -0.185138 -0.023140
v -0.165113 -0.194330 -0.023587
v -0.150124 -0.178692 -0.022705
v -0.152314 -0.181633 -0.021923
v -0.162624 -0.192359 -0.021922
v -0.160571 -0.194521 -0.023074
v -0.164734 -0.207045 -0.024014
v -0.168464 -0.204298 -0.021973
v -0.170092 -0.219658 -0.021881
v -0.169600 -0.204954 -0.023633
v -0.171188 -0.212509 -0.023276
v -0.167542 -0.206635 -0.041575
v -0.171049 -0.212857 -0.036666
v -0.171156 -0.224600 -0.023335
v -0.171256 -0.216942 -0.025229
v -0.171221 -0.216036 -0.030140
v -0.168943 -0.212903 -0.041267
v -0.168478 -0.212625 -0.065302
v -0.168113 -0.223930 -0.066141
v -0.168773 -0.224431 -0.041232
v -0.171068 -0.224304 -0.036628
v -0.171268 -0.220700 -0.030295
v -0.171246 -0.221249 -0.026185
v -0.169496 -0.217619 -0.026533
v -0.169621 -0.220227 -0.027402
v -0.169656 -0.219293 -0.029488
v -0.166775 -0.220335 -0.027902
v -0.166828 -0.218231 -0.026257
v -0.166704 -0.214645 -0.023432
v -0.166775 -0.216901 -0.028298
v -0.166784 -0.222461 -0.023463
v -0.166660 -0.222393 -0.035588
v -0.164527 -0.234208 -0.023250
v -0.163219 -0.228158 -0.026780
v -0.164147 -0.222257 -0.026751
v -0.161823 -0.221972 -0.035549
v -0.161094 -0.227596 -0.033850
v -0.156382 -0.238594 -0.048477
v -0.161030 -0.228509 -0.056374
v -0.158618 -0.235468 -0.032701
v -0.160367 -0.236169 -0.026863
v -0.152206 -0.245341 -0.032377
v -0.141073 -0.253962 -0.031652
v -0.145468 -0.253263 -0.026860
v -0.142720 -0.252229 -0.037030
v -0.150179 -0.246506 -0.037077
v -0.154610 -0.245268 -0.026967
v -0.157588 -0.246317 -0.023150
v -0.147321 -0.255742 -0.023207
v -0.134369 -0.261430 -0.023139
v -0.135408 -0.258110 -0.026785
v -0.149096 -0.257918 -0.021907
v -0.135137 -0.263981 -0.021884
v -0.147171 -0.260313 -0.022672
v -0.164801 -0.240815 -0.021868
v -0.154930 -0.254722 -0.022668
v -0.160536 -0.248874 -0.029169
v -0.160244 -0.249303 -0.022743
v -0.150354 -0.258004 -0.029564
v -0.152483 -0.254077 -0.041494
v -0.139900 -0.261732 -0.041702
v -0.138737 -0.264048 -0.029640
v -0.129113 -0.266643 -0.023166
v -0.139183 -0.264089 -0.022832
v -0.128711 -0.264486 -0.041253
v -0.126492 -0.264167 -0.065320
v -0.117324 -0.266643 -0.036665
v -0.117197 -0.264353 -0.041246
v -0.119792 -0.264048 -0.065923
v -0.134544 -0.262571 -0.066042
v -0.128700 -0.266641 -0.036632
v -0.126162 -0.266828 -0.028679
v -0.123106 -0.266849 -0.031107
v -0.123115 -0.265199 -0.029721
v -0.119866 -0.266811 -0.028750
v -0.121271 -0.265197 -0.027611
v -0.123051 -0.266795 -0.024659
v -0.116907 -0.266677 -0.023728
v -0.123046 -0.266882 -0.023108
v -0.107266 -0.264112 -0.029256
v -0.109968 -0.262823 -0.041992
v -0.113470 -0.265880 -0.022711
v -0.105631 -0.262253 -0.021882
v -0.105066 -0.263364 -0.022777
v -0.120470 -0.265670 -0.021888
v -0.105446 -0.259297 -0.023189
v -0.118852 -0.262389 -0.023537
v -0.110919 -0.258105 -0.026915
v -0.119193 -0.262152 -0.035588
v -0.124794 -0.262350 -0.027430
v -0.126940 -0.262265 -0.023458
v -0.121559 -0.262372 -0.026910
v -0.119420 -0.258831 -0.028367
v -0.112211 -0.256237 -0.033901
v -0.119785 -0.257475 -0.035603
v -0.115138 -0.257107 -0.056346
v -0.127321 -0.257662 -0.056327
v -0.126819 -0.262234 -0.035589
v -0.126524 -0.257443 -0.035635
v -0.133155 -0.256374 -0.033924
v -0.126638 -0.259251 -0.027341
v -0.139495 -0.254170 -0.056431
v -0.146878 -0.249705 -0.056343
v -0.135066 -0.256433 -0.059565
v -0.144381 -0.253467 -0.062678
v -0.153340 -0.248809 -0.065633
v -0.133213 -0.260882 -0.066168
v -0.150889 -0.248797 -0.063560
v -0.149374 -0.248367 -0.060362
v -0.131664 -0.258602 -0.062678
v -0.144633 -0.256261 -0.066144
v -0.145815 -0.257543 -0.066322
v -0.141414 -0.260479 -0.065354
v -0.150505 -0.255162 -0.065337
v -0.155812 -0.250136 -0.065897
v -0.160287 -0.242385 -0.066632
v -0.153266 -0.245815 -0.062585
v -0.160667 -0.244539 -0.065360
v -0.165415 -0.233765 -0.066318
v -0.161358 -0.233016 -0.062769
v -0.165897 -0.226682 -0.066099
v -0.165826 -0.211227 -0.066153
v -0.163715 -0.222398 -0.062715
v -0.163145 -0.210824 -0.062566
v -0.159575 -0.204495 -0.056408
v -0.161609 -0.211589 -0.056441
v -0.160448 -0.202293 -0.062734
v -0.156460 -0.198123 -0.056337
v -0.156989 -0.195799 -0.062858
v -0.162208 -0.199691 -0.066118
v -0.167669 -0.213063 -0.066351
v -0.164736 -0.202125 -0.066365
v -0.164984 -0.200393 -0.065336
v -0.161200 -0.193719 -0.065830
v -0.163664 -0.196652 -0.041510
v -0.152376 -0.192275 -0.058553
v -0.153183 -0.191318 -0.062773
v -0.139598 -0.206444 -0.060582
v -0.138327 -0.206375 -0.064302
v -0.136187 -0.205521 -0.067066
v -0.138298 -0.211261 -0.070789
v -0.132793 -0.205727 -0.072254
v -0.151066 -0.188386 -0.063766
v -0.135055 -0.203143 -0.064087
v -0.129656 -0.199339 -0.061511
v -0.135142 -0.201928 -0.060422
v -0.135513 -0.202394 -0.056642
v -0.136995 -0.203759 -0.053347
v -0.130319 -0.199743 -0.050360
v -0.136872 -0.204092 -0.050363
v -0.134788 -0.204513 -0.050531
v -0.140920 -0.209377 -0.050359
v -0.137772 -0.204551 -0.053332
v -0.140332 -0.212743 -0.050491
v -0.143137 -0.217938 -0.050361
v -0.140929 -0.222199 -0.050513
v -0.124624 -0.236679 -0.050716
v -0.111223 -0.232647 -0.050531
v -0.105164 -0.214591 -0.050488
v -0.108087 -0.208182 -0.050517
v -0.136717 -0.230677 -0.050499
v -0.131951 -0.236710 -0.050357
v -0.121551 -0.238729 -0.050361
v -0.125769 -0.200511 -0.050580
v -0.118259 -0.201044 -0.050546
v -0.112600 -0.203675 -0.050513
v -0.105484 -0.223924 -0.050480
v -0.118345 -0.236139 -0.050482
v -0.130557 -0.235102 -0.050450
v -0.140489 -0.229013 -0.050360
v -0.139019 -0.231388 -0.055760
v -0.143223 -0.221025 -0.061354
v -0.141265 -0.227371 -0.061920
v -0.137498 -0.232989 -0.053131
v -0.150437 -0.246014 -0.055204
v -0.149394 -0.247508 -0.057613
v -0.135637 -0.234756 -0.056403
v -0.135094 -0.235162 -0.060586
v -0.135153 -0.233934 -0.064187
v -0.129595 -0.237819 -0.061385
v -0.132769 -0.232095 -0.071232
v -0.122439 -0.238972 -0.060516
v -0.126447 -0.234562 -0.072055
v -0.122287 -0.229827 -0.079761
v -0.128228 -0.227937 -0.080638
v -0.120430 -0.235433 -0.070425
v -0.116888 -0.238043 -0.060672
v -0.114955 -0.235199 -0.067074
v -0.117749 -0.229712 -0.078612
v -0.112228 -0.229939 -0.073245
v -0.121602 -0.219380 -0.089146
v -0.112450 -0.225176 -0.078401
v -0.123002 -0.223124 -0.086688
v -0.124561 -0.220009 -0.088707
v -0.129208 -0.215982 -0.084805
v -0.123433 -0.217110 -0.089173
v -0.130635 -0.220950 -0.083448
v -0.134441 -0.217348 -0.079476
v -0.135320 -0.226845 -0.074817
v -0.137177 -0.222040 -0.075121
v -0.140028 -0.217785 -0.070457
v -0.142331 -0.211759 -0.060640
v -0.139208 -0.205935 -0.056457
v -0.150198 -0.191450 -0.055302
v -0.136074 -0.231779 -0.067056
v -0.138482 -0.230686 -0.064064
v -0.139648 -0.230697 -0.060407
v -0.152351 -0.244813 -0.058524
v -0.157370 -0.238614 -0.059537
v -0.133542 -0.212053 -0.078251
v -0.128446 -0.209576 -0.080855
v -0.125597 -0.202000 -0.071126
v -0.123933 -0.206696 -0.078966
v -0.119063 -0.209659 -0.081680
v -0.118588 -0.203974 -0.073988
v -0.116554 -0.201422 -0.067808
v -0.111695 -0.208702 -0.074543
v -0.107480 -0.206489 -0.063858
v -0.109769 -0.205524 -0.067006
v -0.109575 -0.213489 -0.075566
v -0.117837 -0.214475 -0.084880
v -0.104004 -0.211028 -0.060998
v -0.105056 -0.209462 -0.050359
v -0.102826 -0.218215 -0.050362
v -0.106375 -0.206385 -0.060397
v -0.102635 -0.220939 -0.060124
v -0.104202 -0.217274 -0.066038
v -0.106761 -0.205953 -0.056633
v -0.093722 -0.192281 -0.058172
v -0.108151 -0.204646 -0.053371
v -0.095540 -0.191093 -0.055186
v -0.110716 -0.202554 -0.050362
v -0.109012 -0.203833 -0.053303
v -0.110478 -0.202298 -0.056452
v -0.096719 -0.189409 -0.058095
v -0.115328 -0.199679 -0.060482
v -0.110865 -0.201961 -0.060575
v -0.095855 -0.188374 -0.062568
v -0.110857 -0.203391 -0.064584
v -0.092920 -0.188566 -0.065434
v -0.102620 -0.183220 -0.062477
v -0.111927 -0.179224 -0.062715
v -0.099638 -0.187107 -0.056020
v -0.093713 -0.192644 -0.034340
v -0.089171 -0.198633 -0.056610
v -0.089977 -0.193629 -0.026714
v -0.087708 -0.201662 -0.034265
v -0.086438 -0.199552 -0.027045
v -0.083617 -0.207497 -0.027493
v -0.084590 -0.211287 -0.033941
v -0.082005 -0.214911 -0.027126
v -0.079253 -0.214575 -0.023458
v -0.079284 -0.222463 -0.023487
v -0.079433 -0.214768 -0.035588
v -0.084174 -0.215212 -0.035567
v -0.079352 -0.222394 -0.035591
v -0.082358 -0.222213 -0.027424
v -0.084161 -0.222007 -0.035636
v -0.084256 -0.211811 -0.056995
v -0.083825 -0.220784 -0.056426
v -0.084832 -0.231286 -0.029657
v -0.085993 -0.230849 -0.037321
v -0.085007 -0.228192 -0.056445
v -0.089697 -0.238990 -0.034083
v -0.087388 -0.234978 -0.056329
v -0.087661 -0.238911 -0.062510
v -0.091092 -0.241326 -0.055951
v -0.083906 -0.230575 -0.062817
v -0.085663 -0.241844 -0.066307
v -0.082549 -0.223750 -0.062569
v -0.082261 -0.214969 -0.062848
v -0.083804 -0.206967 -0.062715
v -0.087747 -0.197773 -0.062788
v -0.085430 -0.207330 -0.055865
v -0.092758 -0.191112 -0.063027
v -0.093025 -0.248753 -0.065469
v -0.092631 -0.246571 -0.063652
v -0.085311 -0.244296 -0.065913
v -0.094437 -0.253102 -0.066393
v -0.096651 -0.252488 -0.065823
v -0.109508 -0.257208 -0.062622
v -0.104361 -0.253510 -0.058984
v -0.095456 -0.248817 -0.063082
v -0.106041 -0.258682 -0.066145
v -0.119827 -0.259334 -0.062663
v -0.119232 -0.262187 -0.066357
v -0.103643 -0.259335 -0.066317
v -0.110240 -0.262536 -0.065322
v -0.100705 -0.258548 -0.065330
v -0.092202 -0.252431 -0.065337
v -0.097726 -0.257372 -0.041418
v -0.088079 -0.248709 -0.041774
v -0.083973 -0.247415 -0.023014
v -0.081063 -0.238085 -0.041509
v -0.089203 -0.253379 -0.023783
v -0.095730 -0.257635 -0.021955
v -0.095793 -0.258741 -0.023612
v -0.085435 -0.242104 -0.023214
v -0.094240 -0.252254 -0.023227
v -0.083776 -0.244459 -0.021881
v -0.080979 -0.242294 -0.022718
v -0.087883 -0.240321 -0.026916
v -0.094232 -0.247544 -0.027899
v -0.101415 -0.253877 -0.026776
v -0.103729 -0.252938 -0.032778
v -0.102938 -0.251764 -0.048904
v -0.095387 -0.246334 -0.034161
v -0.096616 -0.247614 -0.057701
v -0.095378 -0.246092 -0.054618
v -0.095823 -0.245767 -0.055334
v -0.093570 -0.244790 -0.058672
v -0.108031 -0.232507 -0.053454
v -0.106679 -0.230968 -0.057306
v -0.093398 -0.244975 -0.060791
v -0.107679 -0.230785 -0.064293
v -0.106379 -0.230728 -0.060567
v -0.105723 -0.225403 -0.067029
v -0.105756 -0.229322 -0.050360
v -0.112929 -0.235969 -0.050359
v -0.108961 -0.233275 -0.053268
v -0.110253 -0.234670 -0.056037
v -0.110970 -0.235221 -0.060426
v -0.096589 -0.248496 -0.060001
v -0.110789 -0.233479 -0.065083
v -0.109853 -0.231651 -0.067084
v -0.107506 -0.221589 -0.072966
v -0.115124 -0.219448 -0.083660
v -0.108436 -0.217028 -0.075013
v -0.081208 -0.229796 -0.024052
v -0.080445 -0.235406 -0.065321
v -0.120185 -0.198620 -0.050360
v -0.122879 -0.198118 -0.060402
v -0.159281 -0.204018 -0.033871
v -0.155323 -0.196446 -0.033904
v -0.149508 -0.189897 -0.034121
v -0.159896 -0.199948 -0.027024
v -0.153495 -0.190635 -0.026799
v -0.151328 -0.184524 -0.023160
v -0.143075 -0.176010 -0.021887
v -0.162184 -0.209889 -0.029556
v -0.161882 -0.215235 -0.035599
v -0.160875 -0.209469 -0.037103
v -0.163600 -0.214957 -0.027540
v -0.166577 -0.214768 -0.035588
v -0.166804 -0.218625 -0.029666
v -0.169637 -0.217314 -0.029085
v -0.162216 -0.218355 -0.056330
v -0.166375 -0.233451 -0.065313
v -0.160388 -0.245712 -0.041517
v -0.166911 -0.233031 -0.042197
v -0.168274 -0.234921 -0.029155
v -0.164585 -0.243094 -0.022736
v -0.168424 -0.234994 -0.022705
v -0.122660 -0.262376 -0.029708
v -0.123295 -0.265193 -0.026346
v -0.124680 -0.265158 -0.027879
v -0.121420 -0.169581 -0.060599
v -0.119066 -0.169785 -0.063318
v -0.117166 -0.169755 -0.057968
v -0.119137 -0.169689 -0.054805
v -0.120788 -0.169579 -0.057644
v -0.113348 -0.169804 -0.060145
v -0.117856 -0.171739 -0.063177
v -0.112569 -0.173496 -0.060211
v -0.109554 -0.174311 -0.056075
v -0.109782 -0.169794 -0.055744
v -0.114019 -0.169771 -0.055057
v -0.111863 -0.169577 -0.047265
v -0.108375 -0.169863 -0.050496
v -0.111346 -0.169581 -0.050390
v -0.114050 -0.169578 -0.051466
v -0.108109 -0.174728 -0.051865
v -0.107900 -0.174231 -0.037421
v -0.109542 -0.172478 -0.031176
v -0.108445 -0.169759 -0.036807
v -0.101797 -0.174919 -0.023100
v -0.108450 -0.172503 -0.022824
v -0.093432 -0.180166 -0.023110
v -0.099933 -0.177432 -0.021925
v -0.087315 -0.186458 -0.029346
v -0.115738 -0.171013 -0.022540
v -0.111563 -0.171416 -0.028375
v -0.116929 -0.170480 -0.024292
v -0.113870 -0.169615 -0.027172
v -0.116799 -0.169760 -0.029835
v -0.112654 -0.169768 -0.034183
v -0.109455 -0.170116 -0.032432
v -0.112596 -0.172445 -0.035877
v -0.112332 -0.169729 -0.043607
v -0.116382 -0.172517 -0.030118
v -0.118626 -0.172435 -0.032497
v -0.119156 -0.169733 -0.032671
v -0.118700 -0.172483 -0.035856
v -0.121550 -0.172406 -0.034121
v -0.117238 -0.172474 -0.039795
v -0.117550 -0.169714 -0.039786
v -0.119279 -0.169711 -0.035640
v -0.122178 -0.169725 -0.034156
v -0.119314 -0.169715 -0.043538
v -0.120480 -0.169578 -0.039022
v -0.121094 -0.175580 -0.038035
v -0.123856 -0.169580 -0.037233
v -0.120926 -0.175581 -0.040720
v -0.125337 -0.175581 -0.040142
v -0.123196 -0.175584 -0.042023
v -0.125439 -0.169582 -0.040460
v -0.127629 -0.169730 -0.042715
v -0.128106 -0.169700 -0.037875
v -0.124351 -0.175579 -0.037528
v -0.127351 -0.172475 -0.035870
v -0.126131 -0.169683 -0.035278
v -0.124633 -0.172444 -0.034183
v -0.129267 -0.172497 -0.030285
v -0.119062 -0.172422 -0.043669
v -0.121627 -0.172457 -0.045155
v -0.121956 -0.169713 -0.044999
v -0.121599 -0.172446 -0.047618
v -0.119029 -0.172437 -0.047754
v -0.116739 -0.172424 -0.044313
v -0.116580 -0.169724 -0.044499
v -0.118873 -0.169741 -0.048023
v -0.112623 -0.172444 -0.043376
v -0.114659 -0.169581 -0.046965
v -0.113608 -0.175585 -0.046690
v -0.116016 -0.175585 -0.049933
v -0.111305 -0.175581 -0.048224
v -0.112001 -0.175582 -0.051049
v -0.117258 -0.169707 -0.052940
v -0.119009 -0.172446 -0.050469
v -0.118915 -0.169706 -0.050084
v -0.117517 -0.172447 -0.053107
v -0.114421 -0.172464 -0.055123
v -0.118963 -0.172443 -0.054535
v -0.117108 -0.172473 -0.057566
v -0.121663 -0.172461 -0.052988
v -0.121532 -0.172443 -0.050500
v -0.121922 -0.169703 -0.053232
v -0.120676 -0.175583 -0.059742
v -0.121855 -0.175581 -0.056468
v -0.125091 -0.175582 -0.057188
v -0.124319 -0.175581 -0.060678
vn 0.8773 -0.4796 -0.0202
vn 0.8609 -0.4862 -0.1501
vn 0.7329 -0.6764 -0.0729
vn 0.9649 0.2567 -0.0552
vn 0.5475 -0.8362 -0.0323
vn 0.8536 -0.5167 -0.0652
vn 0.4632 -0.8861 -0.0158
vn 0.1564 0.0042 -0.9877
vn 0.1411 -0.0016 -0.9900
vn 0.1359 -0.0035 -0.9907
vn 0.9809 0.1943 -0.0137
vn 0.9074 -0.3441 -0.2413
vn 0.7627 0.1549 -0.6280
vn 0.7385 0.2619 -0.6213
vn 0.7486 0.1005 -0.6554
vn 0.5922 -0.6276 -0.5055
vn 0.5813 -0.5753 -0.5755
vn 0.5848 -0.5903 -0.5564
vn 0.5761 -0.5547 -0.6004
vn 0.9977 0.0041 -0.0678
vn 0.8793 0.2215 -0.4216
vn 0.7192 -0.0022 -0.6948
vn 0.5423 0.3121 -0.7801
vn 0.6174 0.4313 -0.6578
vn 0.8913 0.0141 -0.4531
vn 0.7636 0.4669 -0.4460
vn 0.6214 0.5745 -0.5328
vn 0.3090 0.4213 -0.8526
vn 0.3418 0.6135 -0.7119
vn 0.3888 0.7287 -0.5638
vn 0.5180 0.5086 -0.6877
vn 0.4390 0.7776 -0.4501
vn 0.2893 0.8950 -0.3396
vn 0.1732 0.7624 -0.6235
vn 0.5027 0.7986 -0.3309
vn 0.5906 0.7815 -0.2012
vn 0.5019 0.8441 -0.1886
vn 0.3487 0.9221 -0.1675
vn 0.1623 0.9705 -0.1783
vn 0.1165 0.9799 -0.1617
vn 0.1307 0.9650 -0.2273
vn 0.2474 0.8417 -0.4799
vn -0.0674 0.9800 -0.1870
vn -0.1810 0.9605 -0.2115
vn -0.0032 0.0129 -0.9999
vn -0.0025 0.0124 -0.9999
vn -0.0062 0.0016 -1.0000
vn -0.3627 0.3987 0.8423
vn -0.4539 0.8262 -0.3338
vn -0.7212 0.6082 -0.3316
vn -0.6334 0.7181 -0.2885
vn -0.4151 0.8089 -0.4164
vn -0.9304 0.3352 -0.1480
vn -0.9891 0.1219 -0.0824
vn -0.4979 0.7136 -0.4928
vn -0.5255 0.6964 -0.4888
vn -0.9983 0.0385 -0.0429
vn 0.0039 0.9984 -0.0566
vn 0.0027 0.9993 -0.0379
vn 0.0019 0.9978 -0.0659
vn 0.0022 0.9961 -0.0882
vn 0.0003 0.9964 -0.0847
vn -0.0022 0.9969 -0.0788
vn 0.6747 0.6429 -0.3626
vn 0.5248 0.6995 -0.4851
vn 0.3938 0.7374 -0.5487
vn -0.2125 0.8362 -0.5056
vn -0.1397 0.7521 -0.6441
vn -0.3267 0.7435 -0.5835
vn 0.0720 0.6447 -0.7611
vn -0.1663 0.6323 -0.7567
vn -0.4233 0.4956 -0.7585
vn -0.0364 0.4824 -0.8752
vn 0.0293 0.0315 -0.9991
vn -0.2565 0.2305 -0.9386
vn -0.3381 0.3336 -0.8800
vn -0.3929 -0.1181 -0.9120
vn -0.5616 0.1206 -0.8186
vn -0.6654 0.3221 -0.6734
vn -0.6732 0.1434 -0.7255
vn -0.6588 -0.1492 -0.7374
vn -0.5166 -0.2069 -0.8309
vn -0.6270 -0.3654 -0.6880
vn -0.8046 -0.1689 -0.5693
vn -0.9938 -0.0068 -0.1113
vn -0.9973 -0.0033 -0.0739
vn -0.9924 -0.0000 -0.1227
vn -0.9884 -0.0006 -0.1522
vn -0.7834 0.4993 -0.3702
vn -0.5231 0.6315 -0.5723
vn -0.5901 0.5556 -0.5857
vn -0.8186 0.1742 -0.5473
vn -0.4716 0.8817 -0.0162
vn -0.3209 0.9466 -0.0307
vn -0.3294 0.9437 -0.0299
vn -0.4818 0.8761 -0.0151
vn -0.9205 0.2440 -0.3051
vn -0.9481 0.3138 -0.0508
vn -0.9754 0.2167 -0.0392
vn -0.9905 0.1120 -0.0804
vn -0.1305 0.0099 -0.9914
vn -0.1335 0.0089 -0.9910
vn -0.1344 0.0086 -0.9909
vn 0.0001 -0.0001 -1.0000
vn -0.0000 0.0001 -1.0000
vn 0.0002 -0.0002 -1.0000
vn -0.9792 0.2018 -0.0221
vn -0.3194 0.9457 -0.0603
vn -0.5129 0.8583 -0.0133
vn -0.4902 0.8710 -0.0341
vn 0.0001 0.0006 -1.0000
vn -0.2941 0.9533 -0.0692
vn 0.6472 -0.7597 -0.0628
vn 0.5317 -0.8465 0.0265
vn 0.5749 -0.8182 -0.0057
vn 0.7935 0.6058 -0.0580
vn 0.8151 0.5784 -0.0341
vn 0.8700 0.4916 0.0366
vn 0.4570 -0.8860 0.0782
vn 0.0004 0.0001 -1.0000
vn 0.0002 0.0002 -1.0000
vn 0.7282 0.6744 -0.1220
vn 0.0014 0.0006 -1.0000
vn -0.4536 0.8797 0.1427
vn 0.0036 -0.0056 -1.0000
vn 0.0008 -0.0003 -1.0000
vn 0.0009 -0.0019 -1.0000
vn -0.0196 0.0092 -0.9998
vn -0.8720 0.4790 -0.1008
vn -0.9016 0.3829 -0.2013
vn -0.9520 0.2980 -0.0700
vn -0.7466 -0.6384 -0.1871
vn -0.7166 -0.6938 -0.0719
vn -0.9331 -0.3039 -0.1923
vn -0.4162 -0.9081 -0.0461
vn -0.2268 -0.9728 -0.0473
vn -0.7710 -0.6217 -0.1376
vn -0.9269 0.0236 -0.3746
vn -0.0926 -0.9955 -0.0183
vn -0.8984 -0.0902 -0.4298
vn -0.7524 -0.6578 -0.0359
vn -0.7738 -0.6323 -0.0387
vn -0.8370 0.1343 -0.5305
vn -0.6827 -0.3944 -0.6152
vn -0.6823 -0.3742 -0.6281
vn -0.6824 -0.3800 -0.6244
vn -0.6827 -0.4015 -0.6105
vn -0.9687 -0.2482 -0.0069
vn -0.9230 -0.3842 -0.0221
vn -0.4086 -0.9006 -0.1485
vn -0.4005 -0.8378 -0.3711
vn -0.4087 -0.8888 -0.2073
vn -0.3986 -0.9167 -0.0290
vn -0.3984 -0.9167 -0.0290
vn -0.9993 -0.0041 -0.0359
vn -0.9993 -0.0034 -0.0361
vn -0.9989 0.0033 -0.0457
vn -0.1287 0.0105 -0.9916
vn -0.7612 0.4696 -0.4472
vn -0.8167 0.5057 -0.2780
vn -0.5688 0.5583 -0.6040
vn -0.6750 0.5864 -0.4477
vn -0.6824 0.6498 -0.3347
vn -0.6379 0.6524 -0.4093
vn 0.1495 0.9887 -0.0143
vn 0.4339 0.8977 -0.0759
vn 0.0580 0.9983 0.0055
vn 0.5095 0.8555 -0.0927
vn -0.5327 0.7369 -0.4161
vn -0.6297 0.7749 -0.0541
vn -0.4204 0.7890 -0.4480
vn -0.9986 0.0154 -0.0501
vn -0.9953 0.0929 -0.0262
vn -0.9775 -0.1805 -0.1089
vn -0.6229 0.7807 -0.0509
vn 0.0001 0.0003 -1.0000
vn -0.0003 0.0004 -1.0000
vn -0.0017 0.0011 -1.0000
vn -0.9594 -0.2508 -0.1294
vn -0.5054 0.8044 -0.3123
vn -0.5473 0.8093 -0.2131
vn -0.4269 0.8821 -0.1993
vn -0.3004 0.8856 -0.3541
vn -0.6926 0.7026 -0.1633
vn 0.0008 0.0001 -1.0000
vn -0.1059 -0.0677 -0.9921
vn -0.1452 -0.0630 -0.9874
vn -0.0011 -0.0799 -0.9968
vn -0.8727 -0.4756 -0.1100
vn -0.8540 -0.5052 -0.1243
vn -0.8419 -0.5230 -0.1330
vn -0.2411 -0.0509 -0.9692
vn -0.6690 0.7401 -0.0689
vn 0.8586 0.4962 -0.1291
vn 0.8570 0.4993 -0.1276
vn 0.8547 0.5038 -0.1255
vn 0.3983 -0.9137 0.0812
vn 0.4356 -0.8829 0.1752
vn 0.3941 -0.9133 0.1026
vn 0.8530 0.5070 -0.1240
vn 0.5832 -0.7974 0.1553
vn 0.5841 -0.7611 0.2822
vn 0.2953 -0.9196 0.2591
vn 0.0004 -0.0010 -1.0000
vn 0.0014 -0.0020 -1.0000
vn -0.0005 -0.0004 -1.0000
vn -0.0011 0.0001 -1.0000
vn 0.4417 -0.8879 0.1286
vn -0.9608 -0.2589 -0.0996
vn -0.9609 -0.2581 -0.1001
vn -0.9611 -0.2573 -0.1006
vn -0.9612 -0.2566 -0.1010
vn -0.3359 0.9250 -0.1778
vn -0.3754 0.9231 -0.0832
vn -0.3712 0.9252 -0.0785
vn -0.1843 0.9635 -0.1941
vn -0.1405 -0.0404 -0.9893
vn -0.1340 -0.0433 -0.9900
vn -0.1584 -0.0326 -0.9868
vn -0.1164 -0.0512 -0.9919
vn -0.1397 0.9870 -0.0802
vn 0.9572 0.2602 -0.1267
vn 0.9585 0.2567 -0.1245
vn 0.9556 0.2648 -0.1295
vn 0.9543 0.2683 -0.1317
vn 0.1471 -0.9862 0.0761
vn 0.1771 -0.9695 0.1696
vn 0.1112 -0.9764 0.1849
vn 0.1332 -0.9894 0.0583
vn -0.0000 -0.0000 -1.0000
vn -0.0004 -0.0010 -1.0000
vn -0.0008 -0.0022 -1.0000
vn -0.0011 -0.0031 -1.0000
vn -0.9936 -0.0515 -0.1005
vn -0.9930 -0.0244 -0.1156
vn -0.9932 -0.0795 -0.0847
vn -0.9917 -0.0004 -0.1289
vn -0.1287 0.9893 -0.0688
vn -0.0758 -0.9584 0.2750
vn -0.0689 -0.9847 0.1602
vn -0.3112 0.1811 -0.9329
vn 0.0607 -0.9227 0.3808
vn -0.2191 -0.8533 0.4731
vn -0.3451 -0.8985 0.2712
vn -0.1792 -0.9722 0.1508
vn 0.2083 -0.8200 0.5331
vn -0.0258 -0.7996 0.6000
vn 0.3964 -0.6993 0.5949
vn 0.2710 -0.6153 0.7402
vn 0.3774 -0.8356 0.3990
vn 0.5523 -0.4508 0.7013
vn 0.6044 -0.6212 0.4989
vn 0.3924 -0.3248 0.8605
vn 0.7162 -0.3341 0.6127
vn 0.6341 -0.1767 0.7528
vn 0.0069 -0.0147 0.9999
vn 0.1434 -0.4573 0.8777
vn 0.3768 -0.0077 0.9263
vn 0.5156 -0.0052 0.8568
vn 0.1837 0.3047 0.9346
vn 0.4541 0.2949 0.8408
vn -0.0757 0.4992 0.8631
vn 0.1963 0.4464 0.8730
vn -0.2253 0.2960 0.9282
vn -0.4385 0.1390 0.8879
vn -0.3157 0.4589 0.8305
vn 0.0453 0.6601 0.7498
vn -0.2935 0.6235 0.7246
vn -0.5827 0.3930 0.7113
vn -0.0541 0.8070 0.5881
vn -0.4862 0.6879 0.5389
vn -0.2726 0.7940 0.5434
vn 0.2633 0.8029 0.5348
vn 0.0955 0.9268 0.3633
vn -0.2193 0.9199 0.3251
vn 0.3018 0.9455 0.1219
vn 0.3637 0.8979 0.2481
vn -0.0576 0.9684 0.2427
vn 0.1702 0.9613 0.2165
vn -0.1741 0.9293 -0.3258
vn -0.0120 0.4514 -0.8922
vn -0.6805 -0.6500 -0.3382
vn -0.3864 0.0279 -0.9219
vn -0.3820 0.0521 -0.9227
vn -0.3441 0.2212 -0.9125
vn -0.9271 0.0023 -0.3749
vn -0.9629 0.1154 -0.2440
vn -0.9560 -0.0061 -0.2934
vn -0.9535 -0.0026 -0.3014
vn -0.9164 0.0096 -0.4002
vn -0.7891 0.0197 -0.6139
vn -0.3392 0.2397 -0.9096
vn -0.0505 -0.9864 -0.1566
vn 0.4776 -0.6491 -0.5920
vn 0.6975 -0.0607 -0.7140
vn 0.6505 -0.0200 -0.7592
vn 0.6139 -0.1503 -0.7749
vn -0.0048 -0.0379 -0.9993
vn -0.0018 -0.0425 -0.9991
vn -0.0058 -0.0364 -0.9993
vn 0.7945 0.0181 -0.6070
vn 0.1042 0.9744 -0.1994
vn -0.0096 0.6633 -0.7482
vn -0.0089 -0.0318 -0.9995
vn -0.7364 0.0840 -0.6713
vn -0.1905 0.9525 -0.2376
vn 0.3327 -0.2427 -0.9113
vn 0.3447 -0.1983 -0.9175
vn 0.4032 0.0921 -0.9105
vn -0.4841 0.0523 -0.8734
vn -0.4835 0.0498 -0.8739
vn -0.4834 0.0491 -0.8740
vn 0.1376 -0.9689 -0.2057
vn -0.0638 -0.3613 -0.9303
vn -0.0589 -0.5118 -0.8571
vn -0.0636 -0.3704 -0.9267
vn 0.4078 0.1259 -0.9043
vn -0.4841 0.0530 -0.8734
vn -0.1654 -0.9654 -0.2015
vn -0.8607 -0.1109 -0.4969
vn -0.9235 0.0246 -0.3827
vn -0.7832 -0.2054 -0.5868
vn -0.3955 0.2287 -0.8895
vn -0.0903 -0.9936 -0.0685
vn 0.0036 -0.9990 -0.0451
vn 0.0083 -0.9980 -0.0625
vn 0.3619 -0.9306 -0.0554
vn 0.0023 -0.0213 -0.9998
vn 0.0012 -0.0238 -0.9997
vn 0.0016 -0.0230 -0.9997
vn 0.7622 -0.6462 -0.0391
vn 0.8193 -0.5708 -0.0540
vn 0.7690 -0.6380 -0.0408
vn 0.1451 -0.9878 -0.0574
vn -0.0156 -0.9987 -0.0492
vn 0.0222 -0.9988 -0.0447
vn -0.8020 -0.5953 -0.0495
vn -0.6520 -0.7038 -0.2819
vn -0.6533 -0.7151 -0.2487
vn -0.8161 -0.5762 -0.0454
vn 0.1082 -0.9893 -0.0981
vn 0.0671 -0.9974 -0.0274
vn 0.0030 -0.0195 -0.9998
vn -0.0179 -0.9992 -0.0365
vn 0.3199 -0.7670 -0.5562
vn 0.2018 -0.7919 -0.5763
vn 0.1953 -0.7077 -0.6790
vn -0.0334 -0.9987 -0.0384
vn -0.5564 -0.6618 -0.5024
vn 0.1149 -0.7624 -0.6368
vn -0.1326 -0.7546 -0.6426
vn -0.0502 -0.6201 -0.7829
vn 0.4273 -0.6569 -0.6212
vn 0.3041 -0.5379 -0.7863
vn -0.1853 -0.4481 -0.8746
vn -0.4082 -0.4671 -0.7844
vn -0.3340 -0.7018 -0.6292
vn 0.2593 -0.3610 -0.8958
vn -0.0778 -0.3273 -0.9417
vn 0.5410 -0.3361 -0.7709
vn 0.4644 0.0015 -0.8856
vn 0.3247 0.2687 -0.9068
vn 0.7270 -0.0878 -0.6810
vn 0.8118 -0.1741 -0.5573
vn 0.6709 -0.5001 -0.5475
vn 0.7685 0.0891 -0.6336
vn 0.9032 0.1945 -0.3826
vn 0.8946 0.4465 -0.0146
vn 0.7488 0.6620 -0.0330
vn 0.9597 0.2808 -0.0134
vn 0.5378 0.7776 -0.3258
vn 0.6154 0.7882 -0.0026
vn 0.8984 0.3250 -0.2953
vn 0.9178 -0.0182 -0.3966
vn 0.3987 0.9122 -0.0943
vn -0.0542 0.9940 0.0954
vn -0.0213 0.9967 0.0779
vn 0.9335 0.2723 -0.2334
vn 0.8121 -0.4910 -0.3152
vn 0.8873 -0.4326 -0.1601
vn 0.9465 0.2614 -0.1891
vn 0.8695 0.4863 -0.0860
vn 0.7788 -0.6104 -0.1447
vn 0.8864 -0.4575 -0.0711
vn 0.7734 -0.6320 -0.0492
vn 0.5643 -0.8076 -0.1716
vn 0.6922 -0.6455 -0.3229
vn 0.4873 -0.8166 -0.3093
vn 0.6560 -0.6131 -0.4402
vn -0.5075 -0.8588 -0.0696
vn -0.0013 -0.0011 -1.0000
vn 0.0004 -0.0016 -1.0000
vn 0.0003 -0.0018 -1.0000
vn 0.4055 -0.7678 -0.4959
vn 0.4199 -0.7814 -0.4617
vn 0.4402 -0.8653 -0.2397
vn 0.9583 0.2545 -0.1300
vn 0.9907 -0.1322 -0.0322
vn 0.9834 0.1486 -0.1043
vn 0.0029 -0.0024 -1.0000
vn 0.3245 -0.9370 -0.1293
vn 0.0018 0.0005 -1.0000
vn -0.0116 -0.0305 -0.9995
vn 0.0013 0.0018 -1.0000
vn 0.0021 -0.0141 -0.9999
vn -0.0056 -0.0081 -1.0000
vn 0.0958 -0.9851 -0.1428
vn -0.0028 -0.0006 -1.0000
vn -0.5519 -0.8205 -0.1489
vn -0.6946 -0.6982 -0.1732
vn -0.5255 -0.8385 -0.1442
vn -0.0024 -0.0005 -1.0000
vn -0.4119 0.9026 0.1251
vn -0.2346 0.9590 0.1592
vn -0.2482 0.9659 0.0743
vn -0.0021 0.0023 -1.0000
vn 0.9979 -0.0066 -0.0637
vn 0.9981 -0.0086 -0.0605
vn 0.9978 -0.0053 -0.0659
vn 0.5884 -0.0104 -0.8085
vn 0.4176 -0.0936 -0.9038
vn 0.8517 -0.0321 -0.5230
vn 0.7152 0.2407 -0.6562
vn 0.9982 -0.0099 -0.0583
vn 0.2673 0.8863 -0.3781
vn 0.4777 -0.0876 -0.8741
vn 0.0015 0.0046 -1.0000
vn -0.3607 -0.9304 -0.0649
vn -0.3213 -0.9450 -0.0615
vn -0.9908 -0.1252 -0.0511
vn -0.7857 -0.6176 -0.0367
vn -0.1890 -0.9599 -0.2070
vn -0.1902 -0.9597 -0.2071
vn -0.2045 -0.9565 -0.2081
vn -0.2048 -0.9564 -0.2082
vn -0.7056 -0.6866 -0.1750
vn -0.7768 0.6213 0.1028
vn -0.6855 0.7110 0.1563
vn -0.4944 0.8104 0.3143
vn -0.7069 0.5217 0.4776
vn -0.8295 0.4716 0.2991
vn -0.7852 0.3363 0.5200
vn -0.9370 0.3182 0.1443
vn -0.8804 0.2982 0.3687
vn -0.5001 -0.7567 0.4211
vn -0.6530 -0.6431 0.4000
vn -0.5218 -0.7263 0.4474
vn -0.7419 -0.5388 0.3991
vn -0.9594 0.1733 0.2226
vn -0.7674 -0.5181 0.3777
vn -0.2851 -0.9585 0.0050
vn 0.4372 -0.8974 0.0600
vn -0.3745 -0.9261 0.0462
vn 0.4432 -0.8963 0.0125
vn -0.8227 -0.5684 0.0094
vn -0.7957 -0.4975 0.3454
vn -0.7206 0.2492 0.6470
vn -0.6333 0.0983 0.7676
vn -0.7059 0.0194 0.7080
vn -0.7543 -0.6553 0.0405
vn -0.8952 -0.4457 0.0069
vn -0.9786 0.2049 0.0210
vn -0.9793 0.2012 0.0203
vn -0.9718 0.2342 0.0263
vn -0.6797 -0.1810 0.7108
vn -0.7361 -0.1237 0.6655
vn -0.6173 0.7864 0.0228
vn -0.6543 0.7523 0.0777
vn -0.6221 0.7828 0.0139
vn -0.4405 0.8967 0.0444
vn -0.7953 -0.2317 0.5602
vn -0.9709 0.2381 0.0270
vn 0.0001 -0.0000 1.0000
vn -0.0001 -0.0000 1.0000
vn 0.0007 0.0002 1.0000
vn -0.4247 0.9040 0.0488
vn 0.0158 -0.0027 0.9999
vn -0.9911 0.0172 0.1319
vn -0.6445 0.7497 -0.1499
vn -0.5072 0.8598 -0.0593
vn -0.5782 0.8092 -0.1048
vn 0.0002 -0.0000 1.0000
vn -0.0000 -0.0000 1.0000
vn 0.0182 0.0020 0.9998
vn -0.6512 -0.7434 -0.1525
vn -0.2110 -0.9743 0.0790
vn -0.0003 -0.0000 -1.0000
vn -0.0000 -0.0002 -1.0000
vn -0.0001 -0.0001 -1.0000
vn -0.0002 0.0003 -1.0000
vn 0.0010 0.0007 -1.0000
vn -0.0036 -0.0006 -1.0000
vn 0.0009 -0.0001 -1.0000
vn -0.0004 -0.0000 -1.0000
vn 0.7297 -0.6829 -0.0348
vn 0.7915 -0.6110 0.0130
vn 0.6456 -0.7583 -0.0910
vn 0.8551 -0.5135 0.0713
vn -0.0003 0.0001 -1.0000
vn -0.9960 -0.0162 0.0879
vn -0.9872 -0.0841 0.1356
vn -0.9880 0.0957 0.1211
vn -0.9483 0.3159 0.0308
vn 0.0306 0.0005 -0.9995
vn -0.9485 -0.3031 0.0925
vn -0.9375 -0.2860 0.1982
vn -0.9132 -0.2047 0.3523
vn -0.4815 0.7608 0.4350
vn -0.6245 0.6683 0.4041
vn -0.6182 0.6702 0.4107
vn -0.4707 0.7685 0.4335
vn -0.0220 0.0408 0.9989
vn -0.2351 -0.0265 0.9716
vn 0.0578 -0.0124 0.9983
vn 0.1014 0.0045 0.9948
vn 0.1861 -0.0103 0.9825
vn 0.9145 0.3849 -0.1244
vn 0.4845 0.8303 0.2753
vn 0.2840 0.8953 0.3433
vn 0.6327 0.7656 0.1163
vn 0.5990 0.7937 0.1064
vn 0.3425 0.9395 -0.0021
vn 0.0671 0.0001 0.9977
vn 0.7713 -0.6315 0.0798
vn -0.1438 -0.8955 0.4211
vn -0.3510 -0.8218 0.4488
vn 0.0251 -0.0035 0.9997
vn -0.1631 -0.8860 0.4340
vn 0.2739 0.9616 -0.0189
vn -0.6427 0.6726 0.3668
vn -0.8373 -0.3817 0.3915
vn -0.7720 -0.6009 0.2072
vn -0.6459 -0.5665 0.5118
vn -0.7354 -0.3680 0.5690
vn -0.5639 -0.3404 0.7524
vn -0.4873 -0.1280 0.8638
vn -0.4261 -0.5549 0.7145
vn -0.3314 -0.4269 0.8414
vn -0.1998 -0.2703 0.9418
vn -0.0587 -0.5337 0.8437
vn -0.0798 -0.6522 0.7538
vn -0.3484 -0.7000 0.6234
vn -0.4896 -0.7483 0.4476
vn -0.6051 -0.7506 0.2657
vn -0.4182 -0.8949 0.1559
vn -0.6800 -0.7270 0.0950
vn -0.5355 -0.8248 0.1816
vn -0.2579 -0.0134 -0.9661
vn 0.0473 0.0080 -0.9988
vn -0.0470 0.0013 -0.9989
vn -0.8517 0.5091 -0.1240
vn -0.8416 0.5278 -0.1148
vn -0.8328 0.5432 -0.1071
vn 0.2500 0.0228 -0.9680
vn -0.8592 0.4946 -0.1309
vn -0.3650 -0.9252 0.1041
vn -0.3914 -0.9142 0.1051
vn 0.9596 -0.2576 -0.1134
vn 0.9624 -0.2489 -0.1093
vn 0.9660 -0.2369 -0.1038
vn -0.3810 -0.9153 0.1307
vn 0.9686 -0.2278 -0.0993
vn 0.3741 0.9251 -0.0644
vn 0.3865 0.9189 -0.0793
vn 0.0319 0.0050 -0.9995
vn 0.0555 -0.0249 -0.9981
vn -0.0382 0.0932 -0.9949
vn 0.1268 -0.1157 -0.9851
vn 0.3752 0.8598 -0.3464
vn 0.8185 -0.5587 -0.1341
vn 0.8189 -0.5582 -0.1338
vn 0.8193 -0.5576 -0.1335
vn 0.8197 -0.5570 -0.1332
vn 0.6398 0.7657 -0.0657
vn 0.7775 0.6242 -0.0761
vn 0.0004 0.0003 -1.0000
vn -0.0010 -0.0006 -1.0000
vn -0.0057 -0.0021 -1.0000
vn 0.8736 0.4529 -0.1779
vn 0.9947 0.0159 -0.1019
vn 0.0033 0.0072 -1.0000
vn 0.1231 -0.0782 -0.9893
vn 0.7326 0.6377 -0.2379
vn -0.8483 -0.5183 0.1087
vn 0.6692 0.6527 -0.3551
vn -0.8785 -0.2753 0.3904
vn -0.4207 0.8969 -0.1364
vn -0.2891 0.9545 -0.0733
vn -0.3758 0.9196 -0.1147
vn -0.0013 -0.0021 -1.0000
vn -0.0013 -0.0018 -1.0000
vn -0.0013 -0.0019 -1.0000
vn -0.0013 -0.0009 -1.0000
vn -0.2405 0.9693 -0.0504
vn 0.4212 0.9066 -0.0260
vn 0.4873 0.8723 -0.0406
vn 0.6284 0.7745 -0.0732
vn 0.6605 0.7464 -0.0810
vn 0.9409 -0.3318 -0.0685
vn 0.9511 0.3084 0.0161
vn 0.9298 0.1684 -0.3273
vn 0.9726 0.0033 -0.2326
vn 0.2048 -0.9752 0.0842
vn 0.8737 -0.3574 -0.3300
vn 0.5183 -0.8548 -0.0271
vn 0.6611 -0.7256 -0.1910
vn 0.3640 -0.9272 -0.0886
vn 0.9608 -0.2313 -0.1531
vn 0.2941 -0.9533 -0.0692
vn 0.9067 -0.4162 -0.0688
vn -0.0002 0.0001 -1.0000
vn 0.0065 -0.0048 -1.0000
vn 0.7575 0.6505 -0.0557
vn 0.6715 0.7407 0.0232
vn 0.7270 0.6861 -0.0261
vn -0.3978 0.9175 0.0063
vn 0.8685 -0.4002 -0.2925
vn 0.7985 0.5938 -0.0994
vn 0.1393 0.9897 -0.0338
vn 0.8524 0.5170 -0.0782
vn 0.0974 0.9950 -0.0239
vn 0.5158 -0.6700 -0.5339
vn 0.9709 -0.2395 -0.0031
vn 0.6215 -0.7796 -0.0768
vn 0.4347 -0.9004 -0.0182
vn 0.5661 -0.8222 -0.0587
vn 0.3384 -0.9410 0.0099
vn 0.4325 0.9012 -0.0291
vn 0.4197 0.8738 -0.2454
vn 0.4360 0.8995 -0.0295
vn 0.9988 0.0015 -0.0492
vn 0.9993 -0.0030 -0.0368
vn 0.9993 -0.0042 -0.0370
vn 0.1660 0.0077 -0.9861
vn -0.3020 -0.7927 -0.5296
vn -0.4508 -0.8142 -0.3660
vn -0.4370 -0.7738 -0.4586
vn -0.4826 -0.6939 -0.5344
vn -0.5375 -0.5753 -0.6165
vn -0.7290 -0.4509 -0.5149
vn -0.6983 -0.5580 -0.4484
vn -0.6358 -0.5637 -0.5273
vn 0.3530 -0.9279 -0.1199
vn 0.1374 -0.9891 -0.0531
vn 0.0535 -0.9982 -0.0270
vn -0.5388 -0.8417 -0.0364
vn -0.5705 -0.8200 -0.0463
vn -0.6425 -0.7631 -0.0696
vn -0.6605 -0.7470 -0.0758
vn 0.4225 -0.8953 -0.1413
vn 0.0004 0.0005 -1.0000
vn -0.6039 -0.7325 -0.3142
vn -0.5583 -0.8052 -0.1998
vn -0.6938 -0.6442 -0.3219
vn -0.7339 -0.6603 -0.1593
vn -0.8216 -0.4772 -0.3119
vn -0.8248 -0.5548 -0.1088
vn -0.9100 -0.0430 -0.4123
vn -0.9796 -0.0705 -0.1883
vn -0.9023 -0.4195 -0.0992
vn -0.0081 -0.0024 -1.0000
vn -0.0020 -0.0000 -1.0000
vn -0.0074 -0.0026 -1.0000
vn 0.0045 0.0050 -1.0000
vn 0.0049 0.0078 -1.0000
vn -0.5293 -0.8438 -0.0891
vn 0.5913 0.7969 0.1235
vn 0.6437 0.7149 0.2730
vn 0.0010 0.0137 -0.9999
vn 0.8356 0.5064 0.2128
vn 0.8449 0.5275 0.0885
vn -0.0171 0.0024 -0.9999
vn -0.4066 -0.8993 -0.1610
vn -0.3857 -0.9179 -0.0934
vn 0.4608 -0.8845 -0.0725
vn 0.6803 -0.7175 -0.1500
vn 0.5213 -0.8483 -0.0930
vn -0.0387 -0.0051 -0.9992
vn 0.7060 -0.6900 -0.1596
vn -0.0826 0.0053 -0.9966
vn -0.1115 0.0205 -0.9936
vn 0.9911 -0.1226 -0.0511
vn 0.4546 -0.8889 -0.0573
vn 0.4587 -0.8780 -0.1366
vn 0.1966 -0.9336 -0.2996
vn 0.1824 -0.9322 -0.3127
vn 0.7202 0.5010 0.4798
vn 0.5389 0.7171 0.4419
vn 0.5057 0.5902 0.6292
vn 0.3138 0.6913 0.6508
vn 0.3291 0.5105 0.7944
vn 0.6194 0.3715 0.6916
vn 0.6303 0.1485 0.7620
vn 0.7159 0.1783 0.6750
vn 0.8208 0.3180 0.4745
vn 0.7500 0.2548 0.6104
vn 0.9404 0.2706 0.2061
vn 0.8696 0.2312 0.4362
vn 0.6020 -0.6893 0.4030
vn 0.7199 -0.5870 0.3704
vn 0.7398 -0.5665 0.3631
vn 0.9438 0.1735 0.2811
vn 0.5172 -0.7523 0.4081
vn 0.3990 -0.7943 0.4582
vn -0.7580 -0.6469 0.0840
vn -0.7034 -0.7100 0.0343
vn -0.6464 -0.7629 -0.0124
vn -0.1019 -0.9935 0.0500
vn 0.0650 -0.9978 0.0134
vn 0.0920 -0.9957 0.0074
vn -0.1388 -0.9886 0.0580
vn -0.0378 -0.0043 0.9993
vn -0.0185 0.0009 0.9998
vn -0.0000 0.0001 1.0000
vn -0.0002 0.0005 1.0000
vn -0.0634 -0.0142 0.9979
vn -0.8172 -0.5575 0.1462
vn -0.0481 -0.0106 0.9988
vn -0.2966 -0.8928 0.3390
vn -0.3487 0.0620 0.9352
vn -0.0083 0.0217 0.9997
vn -0.3783 0.0208 0.9255
vn -0.6004 0.1939 0.7759
vn -0.7661 0.6422 0.0260
vn -0.6232 0.7819 -0.0143
vn -0.8088 0.5867 0.0397
vn -0.1429 0.9373 0.3179
vn 0.2037 0.8755 0.4381
vn 0.2304 0.8653 0.4451
vn -0.5807 0.3496 0.7353
vn 0.1205 -0.0200 0.9925
vn 0.2852 0.0260 0.9581
vn -0.1588 0.9370 0.3111
vn 0.8005 0.4351 0.4122
vn 0.9937 -0.0564 0.0964
vn 0.9595 -0.1883 0.2094
vn 0.9749 -0.2109 0.0711
vn 0.9952 0.0508 0.0842
vn 0.9776 0.1977 0.0726
vn 0.4552 -0.7447 0.4881
vn 0.4731 -0.7312 0.4914
vn -0.0002 0.0002 -1.0000
vn 0.8937 -0.2591 0.3663
vn 0.9128 -0.3570 0.1982
vn 0.8106 -0.3772 0.4479
vn 0.7623 -0.5771 0.2930
vn 0.8531 -0.5180 0.0629
vn 0.7923 -0.2350 0.5631
vn 0.7220 -0.1876 0.6660
vn 0.8959 0.4438 0.0196
vn 0.7992 0.4559 0.3917
vn 0.7019 0.6882 0.1837
vn 0.5506 0.7510 0.3644
vn 0.5309 0.7786 0.3345
vn 0.1061 0.9941 0.0239
vn 0.3895 0.9200 0.0442
vn 0.0002 -0.0003 1.0000
vn -0.0004 -0.0002 1.0000
vn -0.0001 0.0001 1.0000
vn -0.0111 -0.0007 0.9999
vn 0.9454 0.3241 0.0353
vn -0.0208 0.9984 0.0525
vn 0.9999 0.0081 0.0116
vn -0.0003 -0.0001 1.0000
vn 0.0001 0.0001 1.0000
vn 0.9934 -0.1106 0.0301
vn 0.6878 -0.0024 0.7259
vn 0.9641 -0.2650 0.0136
vn 0.6660 -0.7453 0.0312
vn 0.6464 -0.7625 0.0273
vn 0.6484 -0.7608 0.0277
vn -0.5664 0.8236 -0.0284
vn 0.5548 0.7461 0.3682
vn 0.7410 -0.6651 0.0924
vn -0.0002 0.0043 -1.0000
vn 0.0039 -0.0013 -1.0000
vn 0.0033 -0.0001 -1.0000
vn 0.6155 -0.7844 0.0763
vn -0.8858 -0.4534 -0.0994
vn -0.7076 -0.7066 -0.0079
vn -0.7862 -0.6159 0.0515
vn -0.8641 -0.4879 0.1239
vn -0.5748 -0.8132 -0.0916
vn -0.8390 0.5135 -0.1800
vn 0.6714 -0.7404 0.0323
vn -0.9504 0.2992 -0.0848
vn -0.9447 0.3153 -0.0902
vn -0.8939 0.3500 -0.2800
vn 0.5736 0.7031 0.4203
vn -0.7488 0.6557 -0.0967
vn 0.5697 -0.8109 -0.1334
vn -0.9312 0.3497 -0.1023
vn -0.9641 0.2535 -0.0789
vn -0.9997 -0.0220 -0.0111
vn -0.9928 -0.1192 0.0131
vn -0.0092 -0.9983 -0.0576
vn -0.0049 -0.9970 -0.0773
vn -0.0051 -0.9979 -0.0642
vn -0.0005 -0.9963 -0.0862
vn -0.1339 -0.8354 -0.5330
vn 0.5777 -0.6061 -0.5467
vn 0.8249 -0.5626 -0.0555
vn -0.0024 -0.9993 -0.0368
vn 0.8528 -0.1017 -0.5122
vn 0.7676 -0.1942 -0.6108
vn -0.0005 -0.9993 -0.0363
vn 0.6876 -0.2661 -0.6756
vn 0.3983 0.2297 -0.8880
vn -0.0648 -0.3186 -0.9457
vn -0.1337 -0.9878 0.0802
vn -0.9653 0.2316 -0.1208
vn -0.9671 0.2214 -0.1254
vn -0.9626 0.2458 -0.1142
vn -0.9602 0.2570 -0.1092
vn -0.1305 -0.9885 0.0764
vn 0.9932 0.0274 -0.1134
vn 0.9893 0.0594 -0.1331
vn 0.9857 0.0822 -0.1470
vn 0.9953 -0.0000 -0.0965
vn 0.1316 0.9877 -0.0849
vn 0.1273 0.9878 -0.0893
vn 0.2381 -0.1894 -0.9526
vn -0.1594 0.9057 -0.3929
vn 0.6864 0.6451 -0.3358
vn 0.4889 0.8172 -0.3051
vn 0.6872 0.6643 -0.2941
vn 0.2604 0.2551 0.9312
vn 0.9379 0.3014 -0.1716
vn 0.8628 0.4410 -0.2471
vn 0.0001 0.0226 -0.9997
vn 0.9987 0.0351 -0.0361
vn -0.0011 0.0269 -0.9996
vn -0.0013 0.0269 -0.9996
vn 0.0012 0.9993 -0.0375
vn 0.2491 -0.9680 -0.0302
vn -0.0024 0.1215 -0.9926
vn -0.0023 0.1221 -0.9925
vn -0.0019 0.1246 -0.9922
vn -0.0009 0.1304 -0.9915
vn 0.0289 0.9993 -0.0238
vn 0.2860 0.9581 -0.0148
vn 0.5634 0.8258 -0.0256
vn -0.3066 0.9517 -0.0175
vn 0.4064 0.9135 0.0193
vn 0.5927 0.8053 -0.0164
vn 0.4013 0.9160 0.0018
vn 0.2707 0.9625 -0.0190
vn 0.8973 -0.0865 -0.4329
vn 0.8950 -0.1363 -0.4246
vn 0.8574 0.2329 -0.4589
vn 0.8468 0.2693 -0.4588
vn 0.0226 -0.5892 -0.8077
vn 0.8386 -0.3333 -0.4309
vn 0.9617 -0.1731 -0.2126
vn 0.6654 -0.4871 -0.5657
vn -0.6310 -0.4663 -0.6201
vn -0.7311 -0.4279 -0.5313
vn -0.7388 -0.4244 -0.5235
vn -0.8520 0.2432 -0.4636
vn -0.6201 -0.4697 -0.6284
vn 0.0005 -0.9997 -0.0245
vn 0.0540 -0.9971 -0.0529
vn 0.0282 -0.9994 -0.0217
vn -0.0312 -0.6589 0.7516
vn 0.1637 -0.5642 0.8093
vn 0.0418 -0.6468 0.7615
vn -0.9881 -0.1424 0.0576
vn -0.9789 -0.2037 0.0146
vn -0.9694 -0.2451 -0.0149
vn -0.9917 -0.0798 0.1006
vn -0.9673 -0.1571 -0.1991
vn -0.8504 0.3929 0.3498
vn -0.9550 0.2331 0.1836
vn -0.8692 0.3566 0.3426
vn -0.8537 0.3752 0.3610
vn -0.3031 0.9529 -0.0119
vn -0.3276 0.9421 -0.0713
vn -0.3283 0.9444 0.0195
vn -0.1136 0.9933 0.0188
vn 0.6266 0.5574 0.5447
vn 0.6273 0.5571 0.5442
vn 0.6440 0.5494 0.5324
vn 0.2307 0.9726 0.0281
vn 0.1393 0.9861 0.0905
vn -0.7043 0.5212 0.4820
vn 0.0442 0.7413 0.6697
vn 0.6458 0.5485 0.5311
vn -0.0626 -0.7008 0.7106
vn 0.0084 -0.7295 0.6839
vn 0.0179 -0.6850 0.7283
vn 0.0091 -0.7028 0.7113
vn -0.0227 -0.5041 0.8634
vn 0.9982 -0.0272 -0.0537
vn 0.9830 -0.0814 -0.1649
vn 0.9654 0.2101 0.1543
vn 0.8899 -0.4474 0.0887
vn 0.9875 -0.1571 0.0102
vn 0.9865 -0.1628 0.0168
vn -0.0207 -0.9998 -0.0067
vn -0.0450 -0.9985 -0.0308
vn 0.0002 0.0003 -1.0000
vn 0.0004 0.0006 -1.0000
vn 0.9965 -0.0830 -0.0081
vn 0.0006 0.0009 -1.0000
vn 0.0186 0.9995 -0.0237
vn 0.0040 0.9998 -0.0172
vn 0.0288 0.9995 -0.0097
vn -0.0242 0.9996 -0.0154
vn -0.0036 0.9993 0.0361
vn 0.9976 -0.0694 -0.0049
vn -0.7090 -0.0591 0.7027
vn -0.9201 0.0205 0.3912
vn -0.7578 -0.0445 0.6510
vn -0.9485 0.0378 0.3144
vn -0.3903 -0.0485 -0.9194
vn -0.2886 -0.0130 -0.9573
vn -0.3655 -0.0398 -0.9299
vn -0.0779 0.9955 0.0549
vn 0.3609 0.0708 0.9299
vn -0.2295 0.9669 -0.1116
vn -0.3596 0.9247 0.1250
vn -0.2239 0.9672 -0.1202
vn 0.9559 -0.0266 0.2926
vn 0.9879 0.0063 0.1549
vn 0.9456 -0.0344 0.3236
vn 0.9951 0.0199 0.0968
vn -0.0977 0.9433 -0.3171
vn -0.2593 -0.0029 -0.9658
vn -0.1143 0.9906 0.0750
vn 0.5848 0.8106 0.0322
vn -0.5902 0.8072 -0.0099
vn -0.7339 0.6788 0.0260
vn -0.0005 0.0002 1.0000
vn 0.0008 -0.0030 1.0000
vn 0.0002 -0.0029 1.0000
vn -0.0010 -0.0040 1.0000
vn -0.8724 0.4887 -0.0090
vn -0.9595 0.2779 0.0455
vn -0.0152 -0.0202 0.9997
vn -0.0032 -0.0430 0.9991
vn 0.0051 -0.0201 0.9998
vn -0.0071 -0.0002 1.0000
vn 0.1102 0.2335 0.9661
vn -0.0002 -0.7506 0.6608
vn -0.0584 -0.0458 0.9972
vn 0.7567 -0.1603 -0.6338
vn -0.0173 -0.0222 0.9996
vn 0.0334 0.0489 0.9982
vn -0.0485 0.0977 0.9940
vn 0.1269 0.0398 0.9911
vn -0.9739 -0.1983 0.1101
vn -0.9689 -0.2395 0.0628
vn -0.8938 -0.4478 0.0254
vn -0.9818 0.1879 0.0275
vn -0.9936 0.0940 0.0634
vn -0.7357 0.0234 0.6769
vn -0.3140 -0.9136 0.2581
vn -0.3643 -0.8666 0.3409
vn -0.4565 -0.7735 0.4396
vn -0.5130 0.6935 0.5058
vn -0.4189 0.8149 0.4005
vn -0.3001 0.9227 0.2421
vn -0.9492 -0.3132 -0.0302
vn -0.2746 -0.9368 0.2169
vn -0.0347 -0.9994 0.0027
vn 0.5458 -0.1268 0.8283
vn 0.7379 -0.0235 0.6745
vn 0.6682 -0.0784 0.7398
vn 0.1469 -0.9881 0.0463
vn 0.2828 -0.9587 -0.0285
vn 0.1832 -0.9825 -0.0336
vn 0.4328 -0.7388 -0.5167
vn 0.3083 -0.8566 -0.4139
vn 0.3351 -0.8350 -0.4365
vn 0.9998 0.0120 -0.0181
vn 0.9996 -0.0043 -0.0267
vn 0.9983 0.0375 -0.0438
vn 0.0882 -0.9908 0.1024
vn -0.9998 -0.0045 -0.0197
vn -0.9996 0.0220 -0.0148
vn -0.9995 0.0186 -0.0243
vn 0.0848 -0.9964 -0.0092
vn -0.9995 -0.0321 -0.0031
vn -0.9995 -0.0272 0.0159
vn 0.9994 -0.0288 -0.0180
vn 0.9983 -0.0451 -0.0380
vn 0.1611 0.9868 0.0152
vn 0.1571 0.9875 0.0102
vn 0.0834 0.9965 -0.0083
vn 0.4415 0.8930 0.0873
vn -0.2608 0.9445 0.1998
vn -0.0952 0.9939 0.0559
vn 0.3013 0.8712 -0.3876
vn 0.3561 0.7984 -0.4855
vn 0.2958 0.8774 -0.3778
vn 0.3616 0.7898 -0.4955
vn 0.6662 0.0578 0.7436
vn 0.7373 0.0326 0.6748
vn 0.5642 0.0989 0.8197
vn -0.9199 0.3866 0.0658
vn -0.9309 0.3651 0.0133
vn -0.9556 0.2939 -0.0208
vn -0.1773 -0.0052 -0.9841
vn -0.1682 0.0111 -0.9857
vn 0.0005 -0.0029 -1.0000
vn -0.1951 -0.0173 -0.9806
vn 0.6391 0.0740 -0.7655
vn 0.6371 0.0773 -0.7669
vn 0.6410 0.0709 -0.7642
vn 0.6427 0.0681 -0.7631
vn -0.2392 -0.8780 -0.4146
vn 0.4612 -0.7047 -0.5392
vn -0.1963 -0.0165 -0.9804
vn -0.9386 -0.3441 -0.0258
vn -0.9612 -0.2621 -0.0862
vn -0.7613 -0.6479 -0.0233
vn -0.7660 -0.6426 -0.0167
vn -0.9866 -0.1617 -0.0204
vn -0.9973 0.0727 0.0038
vn -0.9158 0.4014 -0.0159
vn -0.8900 0.4560 0.0059
vn -0.5153 0.8568 -0.0218
vn 0.0097 -0.0053 -0.9999
vn 0.0087 -0.0071 -0.9999
vn -0.5662 -0.8241 -0.0170
vn -0.5341 -0.8450 -0.0264
vn 0.0101 -0.9998 -0.0180
vn -0.0226 -0.9997 -0.0041
vn -0.1544 -0.9880 0.0084
vn 0.3649 -0.9308 -0.0218
vn 0.3375 -0.9413 -0.0041
vn 0.7716 -0.6361 -0.0039
vn 0.8439 -0.5360 -0.0235
vn 0.9411 -0.3379 -0.0078
vn 0.9979 -0.0622 -0.0189
vn 0.9662 0.2577 -0.0115
vn 0.9141 0.4049 -0.0226
vn 0.8288 0.5595 -0.0121
vn 0.7616 0.6479 0.0092
vn 0.9527 0.3036 0.0118
vn 0.0038 -0.0023 1.0000
vn -0.0650 -0.0422 0.9970
vn -0.0957 -0.0376 0.9947
vn -0.1474 0.0068 0.9891
vn 0.9831 0.1832 0.0002
vn 0.9583 0.2845 -0.0253
vn 0.9956 0.0862 0.0379
vn -0.0754 0.0359 0.9965
vn 0.7945 -0.0352 0.6063
vn 0.7299 -0.0534 0.6815
vn 0.5118 0.6984 0.5004
vn 0.2987 0.9246 0.2365
vn 0.4047 0.8284 0.3873
vn 0.9373 -0.3479 0.0201
vn 0.9853 -0.1632 0.0495
vn 0.9875 -0.1342 0.0832
vn 0.5651 -0.6127 0.5526
vn -0.7352 -0.0354 0.6769
vn -0.6608 -0.0573 0.7484
vn -0.7760 -0.0148 0.6305
vn -0.5498 -0.1007 0.8292
vn 0.2374 -0.9528 0.1892
vn 0.2557 -0.9419 0.2180
vn 0.2359 -0.9536 0.1869
vn 0.2585 -0.9401 0.2224
vn -0.7437 -0.0511 0.6666
vn -0.7459 -0.0704 0.6623
vn 0.9999 -0.0094 0.0068
vn 0.9995 0.0298 0.0061
vn 0.9995 0.0275 0.0142
vn -0.1686 -0.9855 0.0181
vn -0.0830 -0.9965 -0.0081
vn -0.0704 -0.9975 -0.0051
vn 0.9996 -0.0160 -0.0253
vn 0.9998 -0.0176 -0.0017
vn 0.9997 0.0091 -0.0225
vn 0.9998 -0.0071 -0.0168
vn -0.0187 -0.8714 0.4902
vn 0.0105 -0.8149 0.5795
vn -0.0122 -0.8597 0.5106
vn 0.0056 -0.0934 -0.9956
vn 0.0600 -0.2623 -0.9631
vn 0.0739 -0.3049 -0.9495
vn -0.0108 -0.0419 -0.9991
vn -0.0060 0.9384 0.3454
vn -0.0038 0.9365 0.3508
vn -0.0068 0.9392 0.3434
vn -0.0030 0.9357 0.3528
vn 0.0198 -0.7949 0.6064
vn 0.9635 0.2550 0.0812
vn -0.0879 0.9961 -0.0094
vn -0.0877 0.9961 -0.0093
vn -0.0882 0.9961 -0.0096
vn -0.0885 0.9960 -0.0098
vn -0.8492 0.5279 0.0121
vn -0.9994 0.0046 -0.0335
vn -0.9964 -0.0503 -0.0689
vn -0.9992 -0.0210 -0.0342
vn -0.9996 0.0270 -0.0131
vn -0.4449 0.6877 -0.5737
vn -0.4210 0.7419 -0.5218
vn -0.4186 0.7468 -0.5167
vn -0.9983 0.0475 -0.0329
vn -0.3003 -0.8670 -0.3977
vn -0.3296 -0.8580 -0.3941
vn -0.3281 -0.8438 -0.4248
vn -0.5037 -0.6346 -0.5862
vn 0.2402 -0.8462 -0.4756
vn -0.4472 0.6820 -0.5787
vn 0.2532 0.8547 -0.4532
vn 0.3029 0.8402 -0.4498
vn 0.6744 0.7009 -0.2322
vn -0.5989 -0.0279 -0.8004
vn 0.1576 -0.0057 -0.9875
vn 0.1397 -0.0091 -0.9901
vn 0.1354 -0.0099 -0.9907
vn 0.2209 0.0063 -0.9753
vn -0.2849 -0.8870 -0.3635
vn -0.3299 -0.8696 -0.3673
vn 0.9566 -0.2888 -0.0387
vn 0.9545 -0.2976 -0.0174
vn 0.7183 0.6810 -0.1422
vn 0.9645 0.2616 -0.0358
vn 0.2438 0.9526 0.1821
vn -0.0243 0.9987 -0.0446
vn 0.7258 0.6877 0.0183
vn -0.5811 0.1152 0.8057
vn -0.6260 0.0431 0.7786
vn -0.1626 -0.9866 0.0117
vn -0.4688 -0.8782 0.0949
vn -0.0607 0.0600 0.9964
vn 0.7493 -0.6620 0.0176
vn -0.0627 0.0351 0.9974
vn 0.0550 0.0309 0.9980
vn 0.0325 0.0992 0.9945
vn 0.5254 -0.0403 0.8499
vn 0.0688 0.0412 0.9968
vn -0.6539 -0.7524 -0.0789
vn -0.6548 -0.7486 -0.1045
vn -0.6295 -0.7652 0.1352
vn -0.1415 0.1345 0.9808
vn -0.0779 0.0217 0.9967
vn -0.0752 0.0065 0.9971
vn -0.8410 0.5390 -0.0460
vn -0.0546 0.1095 0.9925
vn -0.0256 0.0342 0.9991
vn 0.0086 0.0023 1.0000
vn -0.6142 -0.7614 0.2075
vn 0.0207 -0.0163 0.9997
vn 0.0031 -0.0534 0.9986
vn -0.7617 -0.2751 -0.5867
vn 0.0125 0.0012 0.9999
vn 0.0183 0.1392 0.9901
vn 0.0959 -0.0194 0.9952
vn 0.0886 0.1328 0.9872
vn -0.0071 0.9602 0.2794
vn 0.4146 0.8636 -0.2869
vn 0.0289 0.2217 0.9747
vn 0.0233 0.0235 0.9995
vn 0.0037 -0.0031 1.0000
vn 0.1170 0.1607 0.9800
vn -0.2828 -0.9590 -0.0162
vn -0.1809 -0.9831 0.0287
vn -0.3433 -0.9389 0.0263
vn -0.1589 -0.9861 0.0486
vn -0.0188 -0.7225 0.6911
vn -0.6533 -0.7569 0.0146
vn -0.9635 -0.2080 0.1684
vn -0.9625 -0.2101 0.1715
vn -0.9636 -0.2079 0.1683
vn -0.2814 -0.9590 -0.0335
vn -0.8458 0.3258 -0.4224
vn -0.8670 0.2998 -0.3980
vn -0.8677 0.2982 -0.3978
vn -0.8612 0.3062 -0.4058
vn -0.9625 -0.2100 0.1715
vn -0.6793 -0.5319 0.5057
vn -0.6673 -0.5405 0.5124
vn -0.6784 -0.5325 0.5062
vn -0.0106 0.6894 0.7243
vn 0.0020 0.7066 0.7076
vn 0.0424 0.4991 0.8655
vn 0.0601 0.7030 0.7086
vn -0.6663 -0.5412 0.5130
vn 0.6785 -0.5294 0.5092
vn 0.7081 -0.5127 0.4855
vn 0.8117 -0.4246 0.4011
vn 0.8512 -0.3912 0.3498
vn 0.0292 0.6608 0.7500
vn -0.0491 0.6457 0.7620
vn -0.0101 0.7312 0.6821
vn -0.9867 0.1615 0.0163
vn -0.9966 0.0816 -0.0086
vn -0.9976 0.0695 -0.0055
vn -0.0021 -0.9998 -0.0214
vn -0.0189 -0.9998 -0.0017
vn 0.0111 -0.9993 0.0369
vn 0.0886 -0.9952 0.0410
vn 0.1106 -0.9913 0.0708
vn 0.1361 0.1215 -0.9832
vn -0.5324 -0.0552 -0.8447
vn 0.0405 -0.9990 -0.0173
vn 0.0050 -0.9999 -0.0159
vn -0.8472 0.0550 0.5284
vn -0.9673 -0.0272 0.2521
vn -0.8119 0.0714 0.5795
vn -0.9828 -0.0474 0.1787
vn 0.2655 -0.9542 -0.1377
vn 0.1693 -0.9824 0.0790
vn 0.1730 -0.9823 0.0714
vn 0.0649 -0.9553 0.2886
vn 0.7715 0.0589 0.6335
vn 0.9125 -0.0723 -0.4027
vn 0.2805 -0.0537 0.9584
vn 0.9874 0.1488 0.0548
vn 0.9780 0.2083 0.0136
vn 0.9690 0.2467 -0.0134
vn 0.9914 0.0895 0.0950
vn 0.7617 0.4056 -0.5053
vn 0.7450 0.4139 -0.5231
vn 0.7431 0.4149 -0.5251
vn 0.0062 0.9995 -0.0297
vn -0.0429 0.9973 -0.0602
vn -0.0175 0.9994 -0.0301
vn 0.7634 0.4047 -0.5034
vn 0.9630 -0.2145 0.1632
vn 0.9998 -0.0191 -0.0031
vn -0.1699 0.5649 0.8075
vn 0.8837 -0.2746 -0.3791
vn 0.4023 -0.9155 0.0090
vn 0.3976 -0.9172 0.0239
vn 0.3623 -0.9320 0.0148
vn 0.3582 -0.9335 -0.0131
vn 0.2507 -0.9619 -0.1094
vn 0.0164 -0.2089 -0.9778
vn -0.0189 -0.1695 -0.9854
vn 0.0051 -0.2014 -0.9795
vn 0.0196 -0.2061 -0.9783
vn -0.0321 0.6091 -0.7924
vn 0.3031 -0.9528 -0.0190
vn 0.2012 -0.9795 0.0012
vn 0.3679 -0.9298 -0.0102
vn 0.5478 -0.8366 0.0043
vn 0.0028 -0.0033 -1.0000
vn -0.0875 0.1889 0.9781
vn -0.8348 0.3379 -0.4347
vn -0.6427 0.5026 -0.5782
vn -0.7986 -0.3844 -0.4632
vn 0.0261 0.9996 -0.0122
vn 0.0452 0.9985 -0.0307
vn -0.8907 0.4457 0.0889
vn -0.9877 0.1558 0.0099
vn 0.1491 -0.9876 0.0491
vn -0.0247 -0.1597 -0.9869
vn 0.1075 0.0520 0.9928
vn -0.0207 -0.0213 0.9996
vn -0.0519 -0.0610 0.9968
vn 0.8828 -0.1664 0.4393
vn 0.6389 0.6530 -0.4067
vn 0.6067 0.7454 0.2763
vn 0.5225 -0.3839 0.7613
vn 0.0018 -0.0008 1.0000
vn 0.0010 -0.0003 1.0000
vn 0.0025 -0.0018 1.0000
vn 0.8362 -0.1003 -0.5392
vn 0.0012 0.0289 0.9996
vn 0.0001 0.0007 1.0000
vn -0.1641 -0.6500 0.7420
vn 0.0192 -0.7051 -0.7089
vn 0.2343 -0.7406 0.6298
vn -0.0108 0.0520 0.9986
vn -0.4835 -0.5732 -0.6616
vn -0.5592 -0.4280 0.7100
vn -0.0276 0.0797 0.9964
vn -0.5965 0.7601 0.2579
vn -0.8424 -0.0491 -0.5366
vn 0.0742 0.0014 0.9972
vn 0.1560 -0.0176 0.9876
vn -0.0971 -0.0307 0.9948
vn 0.8224 -0.2383 0.5166
vn -0.1281 0.0191 0.9916
vn -0.1001 0.0342 0.9944
vn 0.1584 0.0099 0.9873
vn 0.4091 0.0311 0.9120
vn -0.6708 0.1587 0.7245
vn -0.0004 -0.0039 1.0000
vn 0.4587 -0.5767 -0.6761
vn 0.0734 0.9973 -0.0059
vn 0.7721 0.0102 0.6355
vn -0.9998 0.0152 0.0109
vn 0.7803 -0.0044 0.6254
vn -0.9999 -0.0031 0.0133
vn -0.0497 0.5929 -0.8038
vn -0.0154 0.6777 -0.7351
vn -0.0229 0.6599 -0.7510
vn -0.0561 0.5761 -0.8154
vn 0.0098 -0.9181 -0.3963
vn -0.0043 -0.9372 -0.3486
vn -0.0013 -0.9335 -0.3587
vn -0.9479 0.0714 0.3104
vn 0.0143 -0.9115 -0.4111
vn 0.0163 0.3419 0.9396
vn -0.0129 0.2657 0.9640
vn -0.0247 0.2343 0.9719
vn 0.0279 0.3717 0.9279
vn -0.0000 -0.0009 1.0000
vn 0.0062 -0.0101 0.9999
vn 0.0111 -0.0174 0.9998
vn 0.0178 -0.0274 0.9995
vn -0.1534 -0.9862 0.0620
vn 0.1055 -0.9928 0.0576
vn -0.0849 -0.9885 -0.1248
vn 0.9955 0.0934 0.0186
vn 0.9924 0.1200 0.0274
vn 0.9933 0.1129 0.0250
vn 0.2340 -0.9648 0.1201
vn 0.2211 -0.8764 0.4279
vn 0.2110 -0.9685 -0.1326
vn -0.3667 -0.9267 0.0820
vn -0.3568 -0.9247 -0.1327
vn -0.0672 -0.8988 -0.4332
vn 0.0826 -0.9062 -0.4148
vn -0.2814 -0.9168 0.2832
vn -0.4454 -0.7901 0.4212
vn -0.6035 -0.7826 0.1529
vn -0.5871 -0.6558 0.4745
vn -0.3854 -0.5424 0.7465
vn -0.2083 -0.8150 0.5407
vn -0.2166 -0.5923 0.7761
vn -0.5514 -0.4537 0.7001
vn -0.2541 -0.2310 0.9392
vn -0.3381 -0.1753 0.9246
vn -0.5856 -0.2102 0.7829
vn -0.4677 -0.0586 0.8820
vn 0.4397 0.1100 0.8914
vn 0.4053 0.1088 0.9077
vn 0.5921 0.0872 0.8011
vn 0.8382 0.5005 0.2167
vn 0.7030 0.4263 0.5693
vn 0.8050 0.3922 0.4450
vn 0.9536 0.2968 -0.0507
vn 0.3499 0.2781 0.8946
vn 0.4785 0.5158 0.7106
vn 0.3336 0.2528 0.9082
vn 0.4843 -0.0062 0.8749
vn 0.9220 0.3727 -0.1050
vn 0.9626 0.2398 -0.1257
vn 0.7900 0.1220 0.6009
vn 0.6134 -0.1000 0.7835
vn 0.4548 -0.1618 0.8758
vn 0.9993 -0.0334 0.0138
vn 0.9999 0.0103 0.0058
vn 0.9999 -0.0101 -0.0081
vn 0.8051 -0.1025 0.5842
vn 0.9983 -0.0587 -0.0067
vn 0.9981 -0.0096 0.0608
vn 0.9995 -0.0253 -0.0202
vn 0.9718 -0.0127 -0.2353
vn 0.9781 -0.1348 -0.1586
vn 0.9727 -0.2071 -0.1044
vn 0.9336 -0.3418 -0.1071
vn 0.9525 -0.3017 -0.0409
vn 0.1092 -0.9937 -0.0264
vn 0.4634 0.5255 -0.7136
vn 0.6444 0.7114 0.2804
vn 0.5747 0.7829 0.2382
vn 0.6849 0.6614 0.3056
vn 0.7528 0.5579 0.3494
vn 0.0025 0.8022 0.5970
vn -0.1604 0.8865 0.4341
vn 0.0140 0.7945 0.6072
vn 0.0744 0.1757 -0.9816
vn 0.0835 0.1836 -0.9794
vn 0.1536 0.2438 -0.9576
vn -0.0012 0.1094 -0.9940
vn 0.7790 0.0068 -0.6269
vn 0.1272 -0.9811 0.1458
vn 0.0893 -0.9918 0.0910
vn -0.0563 -0.9914 -0.1180
vn 0.6162 -0.7806 0.1047
vn 0.6383 -0.7664 0.0719
vn 0.7279 -0.6802 -0.0860
vn 0.4746 -0.5153 -0.7136
vn -0.1175 -0.4711 0.8742
vn 0.5650 -0.1599 0.8094
vn 0.6081 -0.2023 0.7676
vn 0.7178 -0.3228 0.6169
vn 0.2314 -0.9262 0.2976
vn 0.5203 -0.8224 0.2300
vn 0.4543 -0.0592 0.8889
vn 0.9743 0.0048 -0.2252
vn 0.9996 0.0173 -0.0205
vn 0.9998 0.0191 -0.0042
vn 0.9798 0.1303 -0.1518
vn 0.0532 0.9983 -0.0255
vn 0.9990 -0.0376 -0.0242
vn 0.9826 0.1846 -0.0212
vn 0.9198 0.3835 -0.0834
vn 0.9797 -0.1994 -0.0200
vn 0.3093 -0.0177 -0.9508
vn 0.7939 0.1550 -0.5880
vn 0.6078 -0.0028 -0.7941
vn 0.8253 0.1367 -0.5479
vn 0.7006 0.3998 -0.5910
vn 0.5771 0.2277 -0.7843
vn -0.2091 -0.0892 -0.9738
vn -0.1131 -0.0776 -0.9905
vn -0.1011 -0.0223 -0.9946
vn -0.1107 -0.0087 -0.9938
vn -0.1188 -0.0021 -0.9929
vn -0.7286 0.0571 -0.6826
vn 0.2856 -0.0186 -0.9582
vn 0.6364 0.4431 -0.6314
vn 0.2796 0.2600 -0.9242
vn -0.1023 -0.0760 -0.9918
vn -0.4447 -0.4166 -0.7929
vn 0.4237 0.5686 -0.7051
vn 0.7196 0.6939 -0.0245
vn 0.8124 0.5772 -0.0826
vn 0.8309 0.5561 -0.0178
vn 0.6585 0.7483 -0.0803
vn 0.5616 0.8270 -0.0250
vn 0.3524 0.5903 -0.7262
vn 0.5068 0.8593 -0.0685
vn 0.3608 0.8608 -0.3589
vn 0.2734 0.7150 -0.6435
vn -0.1011 -0.2220 -0.9698
vn 0.0014 -0.0636 -0.9980
vn -0.0783 -0.2269 -0.9708
vn -0.0793 -0.1130 -0.9904
vn 0.1936 0.9560 -0.2206
vn 0.0571 0.3111 -0.9487
vn 0.0127 0.9541 -0.2992
vn -0.2748 0.9495 -0.1513
vn -0.0807 0.9405 -0.3300
vn -0.0681 0.3207 -0.9447
vn 0.1251 0.9609 -0.2470
vn -0.0095 -0.0719 -0.9974
vn 0.0429 -0.1710 -0.9843
vn 0.0207 -0.0323 -0.9993
vn -0.3150 0.7481 -0.5841
vn -0.3362 0.5852 -0.7379
vn -0.4404 0.8109 -0.3854
vn -0.0237 0.0138 -0.9996
vn 0.0467 -0.1067 -0.9932
vn 0.2453 -0.1750 -0.9535
vn 0.4877 -0.7520 -0.4434
vn 0.4989 -0.5996 -0.6257
vn 0.3835 -0.6990 -0.6037
vn 0.2860 -0.8589 -0.4249
vn 0.1526 -0.7928 -0.5901
vn 0.4956 -0.8588 -0.1296
vn 0.3643 -0.9218 0.1322
vn 0.5928 -0.7402 -0.3172
vn 0.7014 -0.7115 -0.0427
vn 0.6132 -0.7690 -0.1807
vn 0.5255 -0.8494 0.0485
vn 0.5605 -0.7720 0.2997
vn 0.3057 -0.8452 0.4384
vn 0.2978 -0.6064 0.7373
vn 0.2088 -0.7914 0.5745
vn 0.0335 -0.4537 0.8905
vn 0.0650 -0.4642 0.8833
vn -0.0881 -0.4348 0.8962
vn -0.0295 -0.4958 0.8679
vn 0.0067 -1.0000 -0.0005
vn 0.0210 -0.9996 0.0161
vn -0.0255 -0.9996 -0.0073
vn 0.0162 -0.9995 0.0259
vn -0.0318 -0.9994 -0.0128
vn 0.9961 0.0866 0.0164
vn -0.1674 -0.8017 0.5738
vn -0.0313 -0.9995 0.0084
vn -0.0052 -0.9998 0.0210
vn -0.9991 0.0405 -0.0091
vn -0.9972 0.0746 0.0067
vn -0.9958 0.0901 0.0139
vn -0.1826 -0.9012 0.3931
vn -0.9996 0.0218 -0.0177
vn 0.0229 -0.9996 0.0180
vn -0.2266 0.1038 0.9684
vn -0.3665 0.0286 0.9300
vn -0.4694 -0.0312 0.8824
vn -0.5864 -0.1042 0.8033
vn -0.9370 0.0310 -0.3480
vn -0.9067 -0.0156 -0.4216
vn -0.9690 0.1053 -0.2235
vn -0.6278 0.6350 0.4502
vn -0.5810 0.6664 0.4672
vn -0.4235 0.7489 0.5096
vn -0.7508 0.5316 0.3920
vn -0.8357 -0.0961 -0.5407
vn -0.6260 0.5411 -0.5615
vn -0.6274 0.6082 -0.4863
vn -0.6177 0.6968 -0.3647
vn -0.6185 0.4707 -0.6292
vn 0.4432 0.7158 -0.5397
vn 0.4649 0.0205 -0.8851
vn 0.5189 -0.0180 -0.8546
vn 0.3604 0.0903 -0.9284
vn 0.6079 -0.0864 -0.7893
vn 0.8644 -0.0398 0.5012
vn 0.9511 0.0741 0.2999
vn 0.9091 0.0100 0.4164
vn 0.7935 -0.1022 0.6000
vn 0.8562 0.2044 -0.4744
vn 0.5189 0.7803 0.3490
vn -0.0634 0.9977 0.0225
vn -0.0185 0.9996 -0.0211
vn 0.0144 0.9994 -0.0313
vn -0.0105 0.9997 -0.0240
vn -0.1833 0.9400 0.2878
vn 0.0186 0.9337 0.3576
vn -0.0000 0.9996 -0.0285
vn 0.2718 0.2955 0.9159
vn -0.1056 0.8126 0.5732
vn -0.3028 0.9064 0.2947
vn -0.0172 0.9998 -0.0068
vn -0.0314 0.9995 0.0055
vn -0.1430 0.9801 0.1373
vn -0.3733 0.7439 0.5543
vn -0.3598 0.9330 0.0003
vn -0.3656 0.9278 -0.0744
vn -0.8857 0.2069 0.4156
vn -0.8031 0.2349 0.5476
vn -0.8026 0.2327 0.5493
vn -0.5137 0.8535 -0.0873
vn -0.4119 0.8990 -0.1491
vn -0.8710 0.2247 0.4369
vn -0.9847 0.1190 0.1270
vn -0.9824 0.1297 0.1343
vn -0.0308 0.9994 0.0158
vn -0.0480 0.9987 -0.0189
vn -0.0346 0.9994 0.0048
vn -0.9739 0.0965 -0.2056
vn -0.0370 0.9993 0.0107
vn 0.9794 0.1639 -0.1177
vn 0.9917 0.1281 0.0062
vn 0.9960 0.0861 0.0242
vn 0.9671 0.0720 -0.2438
vn 0.9358 -0.0408 -0.3502
vn 0.1892 0.1362 0.9724
vn 0.2011 0.1190 0.9723
vn 0.2106 0.1047 0.9720
vn 0.2229 0.0861 0.9710
vn 0.0102 0.9999 0.0047
vn 0.0141 0.9991 0.0409
vn -0.0038 1.0000 0.0005
vn -0.0007 1.0000 0.0021
vn 0.0015 1.0000 0.0078
vn 0.0296 0.9991 0.0304
vn 0.0160 0.9995 0.0277
vn 0.0286 0.9996 -0.0069
vn 0.8322 0.0939 0.5464
vn 0.8287 0.0823 0.5537
vn 0.8346 0.1021 0.5413
vn -0.0041 0.9956 0.0938
vn 0.8378 0.1133 0.5341
vn -0.0283 0.1137 0.9931
vn -0.0282 0.1137 0.9931
vn -0.0314 0.1107 0.9934
vn -0.0246 0.1172 0.9928
vn 0.0006 1.0000 -0.0067
vn 0.0144 0.9996 -0.0223
vn -0.0019 0.9996 0.0291
vn -0.2099 0.9769 -0.0411
vn -0.9870 0.1454 0.0684
vn -0.9919 0.1195 0.0420
vn -0.9922 0.1180 0.0404
vn -0.9954 0.0944 0.0158
vn 0.0076 0.9996 -0.0284
vn -0.1036 0.9946 0.0047
vn 0.0382 0.9845 0.1710
vn -0.0331 0.9995 0.0001
vn -0.0517 0.0994 -0.9937
vn -0.0527 0.1004 -0.9936
vn -0.0536 0.1013 -0.9934
vn -0.0882 0.9959 0.0199
vn -0.9953 0.0896 -0.0364
vn -0.9953 0.0901 -0.0359
vn -0.9957 0.0789 -0.0478
vn 0.0139 0.9839 -0.1780
vn 0.8610 0.1027 -0.4982
vn 0.8607 0.1019 -0.4988
vn 0.7117 0.1031 -0.6948
vn 0.0278 0.9992 -0.0304
vn -0.0194 0.9990 -0.0405
vn -0.0101 0.9996 -0.0247
vn 0.5211 0.0981 -0.8478
vn 0.5212 0.0981 -0.8478
vn 0.7122 0.1027 -0.6945
vn -0.1465 0.9882 0.0456
vn 0.8363 -0.1396 0.5302
vn 0.0055 0.1322 0.9912
vn -0.5355 -0.1012 0.8384
vn -0.0005 1.0000 0.0002
vn -0.0001 1.0000 0.0004
vn -0.0008 1.0000 -0.0000
vn -0.9862 0.0850 0.1419
vn -0.4747 0.0979 -0.8747
vn -0.8335 -0.0804 -0.5467
vn 0.4620 -0.1105 -0.8800
vn 0.9323 0.1983 -0.3026
vn -0.0001 1.0000 0.0033
vn -0.0080 1.0000 0.0021
vn -0.0001 1.0000 -0.0032
vn -0.0138 0.9999 0.0099
vn -0.0083 1.0000 -0.0003
vn -0.0006 1.0000 -0.0013
vn 0.7318 0.1195 0.6710
vn 0.7230 0.0971 0.6840
vn 0.7261 0.1050 0.6795
vn 0.7178 0.0845 0.6911
vn -0.6862 0.1017 0.7203
vn -0.8320 0.0937 0.5468
vn -0.6884 0.0994 0.7185
vn -0.8315 0.0922 0.5479
vn -0.0189 0.9997 -0.0151
vn -0.0263 0.9997 0.0023
vn -0.0233 0.9989 -0.0401
vn -0.0350 0.9993 0.0121
vn -0.0289 0.9993 0.0254
vn -0.3755 -0.0495 -0.9255
vn -0.6447 0.1174 -0.7553
vn -0.5530 0.1861 -0.8121
vn -0.1720 0.2303 -0.9578
vn -0.0170 0.9998 -0.0102
vn -0.8144 0.1467 -0.5615
vn -0.0140 0.9977 -0.0670
vn -0.3650 0.9291 -0.0593
vn -0.2568 0.9590 -0.1198
vn -0.8713 0.1068 -0.4791
vn -0.3382 -0.3770 -0.8623
vn -0.9833 0.0867 -0.1602
vn -0.4388 0.8985 -0.0119
vn -0.4530 0.8862 -0.0968
vn -0.9033 0.4281 -0.0293
vn -0.5776 0.8121 -0.0823
vn -0.7256 0.6878 -0.0201
vn -0.7443 0.6637 -0.0742
vn -0.6131 0.7895 -0.0272
vn -0.7138 0.6910 -0.1144
vn -0.4365 0.4134 0.7991
vn -0.7099 0.3710 0.5987
vn -0.6996 0.4830 0.5265
vn -0.8573 0.4992 -0.1260
vn -0.5700 0.8211 -0.0301
vn -0.2349 0.4094 0.8816
vn -0.4353 0.5130 0.7398
vn 0.2953 -0.2200 0.9297
vn 0.6462 -0.1735 0.7432
vn 0.3041 -0.2114 0.9289
vn 0.2383 -0.3084 0.9209
vn 0.4012 -0.1290 0.9069
vn -0.8177 0.2874 0.4987
vn 0.4587 0.0158 0.8885
vn -0.6297 0.0719 0.7735
vn -0.7460 -0.0138 0.6657
vn -0.8421 0.2535 0.4761
vn -0.9479 0.2909 -0.1302
vn -0.9557 0.2850 -0.0732
vn -0.9711 0.2008 -0.1290
vn -0.9830 0.1026 -0.1523
vn -0.9751 0.0055 -0.2216
vn -0.9997 0.0184 -0.0177
vn -0.9999 0.0159 0.0060
vn -0.0357 0.9990 -0.0263
vn -0.6200 -0.0956 0.7787
vn -0.9997 0.0043 0.0223
vn -0.9997 -0.0206 0.0094
vn -0.9941 -0.1060 -0.0220
vn -0.9929 0.1164 -0.0245
vn -0.9804 -0.1116 -0.1622
vn -0.9719 -0.0109 -0.2350
vn -0.9997 -0.0225 0.0077
vn -0.9996 -0.0232 -0.0184
vn -0.1008 -0.9946 -0.0228
vn -0.5811 0.2046 -0.7877
vn -0.6216 0.2278 -0.7494
vn -0.5395 0.1813 -0.8223
vn -0.6785 0.2613 -0.6866
vn -0.5489 0.8165 0.1790
vn -0.6120 0.7584 0.2244
vn -0.4627 0.8784 0.1198
vn -0.0277 0.8116 0.5836
vn 0.0047 0.8396 0.5431
vn 0.1056 0.9082 0.4049
vn -0.7080 0.6400 0.2984
vn -0.1146 0.6101 -0.7840
vn 0.0299 0.4656 -0.8845
vn 0.0222 0.4739 -0.8803
vn 0.1666 0.3047 -0.9378
vn 1.0000 0.0070 -0.0052
vn 0.9998 0.0190 0.0098
vn 0.9999 -0.0121 -0.0088
vn -0.1339 -0.8287 -0.5435
vn 0.9995 -0.0303 -0.0095
vn 0.9989 -0.0449 0.0109
vn -0.0711 0.9975 0.0049
vn -0.0742 0.9972 0.0058
vn -0.0839 0.9964 0.0085
vn 0.9997 0.0009 0.0232
vn 0.5882 0.0987 0.8027
vn 0.5772 -0.0830 0.8124
vn 0.6250 0.2123 0.7512
vn 0.8601 0.2069 0.4662
vn 0.8732 0.1460 0.4651
vn 0.9547 0.2506 0.1607
vn -0.0868 0.9962 0.0093
vn 0.9915 0.1124 0.0650
vn 0.8556 0.5173 -0.0183
vn 0.9568 0.2570 -0.1359
vn 0.8868 0.4245 0.1827
vn 0.7134 0.6733 0.1941
vn 0.7857 0.4037 0.4687
vn 0.4466 0.8615 0.2416
vn 0.5147 0.8565 0.0374
vn 0.4765 0.7191 0.5058
vn 0.6756 0.5612 0.4781
vn 0.6608 0.7486 0.0543
vn 0.5260 0.4344 0.7312
vn 0.3257 0.5030 0.8006
vn 0.1668 0.5834 0.7949
vn 0.2717 0.8375 0.4740
vn 0.2413 0.3582 0.9019
vn 0.1225 0.4181 0.9001
vn -0.2162 -0.4510 0.8660
vn -0.1474 -0.6374 0.7563
vn -0.3559 -0.5093 0.7835
vn -0.2587 -0.2502 0.9330
vn 0.3565 0.1992 0.9128
vn -0.5953 -0.3002 0.7453
vn -0.2609 -0.2366 0.9359
vn -0.7791 -0.6189 -0.0996
vn -0.6554 -0.7537 -0.0492
vn -0.7665 -0.6422 -0.0080
vn -0.5665 -0.8180 -0.0997
vn -0.4975 -0.8663 -0.0459
vn -0.6290 -0.7723 -0.0890
vn -0.3776 -0.9219 -0.0863
vn -0.3272 -0.9401 -0.0953
vn -0.1117 -0.9814 -0.1564
vn -0.2070 -0.9748 -0.0831
vn -0.3436 -0.9387 -0.0282
vn -0.0822 -0.9964 -0.0208
vn -0.2427 -0.9697 -0.0294
vn 0.0868 -0.9961 -0.0150
vn -0.0112 -0.9741 -0.2259
vn 0.0130 -0.9714 -0.2372
vn 0.1103 -0.9809 -0.1604
vn -0.9970 -0.0707 -0.0306
vn 0.0002 -0.9997 -0.0234
vn -0.0432 -0.9991 0.0002
vn -0.0366 -0.9993 0.0028
vn 0.5272 -0.6034 0.5983
vn 0.5316 -0.6381 0.5570
vn 0.5178 -0.5486 0.6565
vn -0.4924 -0.6317 0.5988
vn -0.4808 -0.5655 0.6701
vn -0.4983 -0.6810 0.5366
vn 0.0355 -0.9994 -0.0016
vn -0.7652 -0.2464 -0.5948
vn -0.5012 -0.7459 0.4387
vn 0.1058 -0.9791 0.1737
vn -0.0035 -0.9998 -0.0221
vn -0.0119 -0.9289 0.3702
vn 0.1962 -0.8312 0.5201
vn 0.2961 -0.9513 -0.0862
vn 0.3288 -0.9394 -0.0967
vn 0.9923 -0.1196 -0.0323
vn 0.2053 -0.5364 0.8186
vn 0.0373 -0.7126 0.7005
vn 0.2273 -0.5602 0.7966
vn 0.3812 -0.9242 -0.0227
vn -0.0105 0.4480 0.8940
vn -0.1405 0.3932 0.9087
vn -0.2537 0.5634 0.7863
vn -0.1092 0.5947 0.7965
vn -0.0674 -0.5651 0.8222
vn -0.2499 0.8507 0.4624
vn -0.1713 0.9000 0.4009
vn -0.0172 0.9995 0.0267
vn -0.0097 0.9999 0.0100
vn -0.0007 1.0000 0.0033
vn -0.9920 -0.1236 0.0256
vn -0.9919 -0.1240 0.0258
vn -0.9918 -0.1249 0.0263
vn 0.0293 0.9996 -0.0007
vn 0.0246 0.9997 -0.0081
vn 0.0549 0.6713 0.7391
vn -0.2758 0.9505 0.1428
vn -0.9917 -0.1254 0.0265
vn -0.1147 0.9923 0.0468
vn -0.0029 0.0073 1.0000
vn -0.0002 0.0032 1.0000
vn -0.0018 0.0055 1.0000
vn -0.1931 0.9733 -0.1241
vn 0.1114 0.9857 -0.1266
vn 0.1202 0.9915 0.0506
vn -0.0047 0.0099 0.9999
vn 0.9977 -0.0672 0.0024
vn 0.9981 -0.0615 0.0003
vn 0.9966 -0.0819 0.0078
vn 0.2668 0.9519 0.1508
vn 0.1524 0.8845 0.4410
vn 0.9961 -0.0873 0.0097
vn 0.3947 0.9114 -0.1164
vn 0.6257 0.7717 -0.1139
vn 0.4737 0.7691 -0.4290
vn 0.3145 0.9133 -0.2589
vn 0.2002 0.8737 -0.4433
vn 0.3877 0.7037 -0.5954
vn 0.5170 0.6196 -0.5906
vn 0.5393 0.6506 -0.5346
vn 0.2002 0.7771 -0.5968
vn 0.6387 0.7229 -0.2634
vn 0.0331 0.1070 -0.9937
vn 0.0366 0.1042 -0.9939
vn 0.0332 0.0943 -0.9950
vn -0.0126 -0.0570 -0.9983
vn -0.0127 -0.0973 -0.9952
vn -0.4689 -0.8149 -0.3407
vn -0.2666 -0.6378 -0.7226
vn -0.3727 -0.8508 -0.3704
vn -0.5936 -0.8041 -0.0333
vn -0.2293 -0.2333 -0.9450
vn -0.3286 -0.3943 -0.8582
vn -0.4229 -0.5286 -0.7360
vn -0.5496 -0.3308 -0.7671
vn 0.6316 0.3994 -0.6645
vn 0.6025 0.5635 -0.5653
vn 0.6025 0.5637 -0.5651
vn 0.6028 0.5025 -0.6198
vn 0.7580 0.2935 -0.5825
vn -0.5405 -0.3595 -0.7607
vn -0.7280 -0.3081 -0.6125
vn 0.0474 0.0272 -0.9985
vn -0.0105 0.0302 -0.9995
vn -0.0054 0.0305 -0.9995
vn 0.7734 0.1413 -0.6180
vn 0.0272 0.0010 -0.9996
vn 0.8912 -0.1625 -0.4236
vn 0.7995 -0.1158 -0.5894
vn 0.1398 -0.0385 -0.9894
vn 0.9093 0.0487 -0.4133
vn 0.9264 -0.3528 -0.1317
vn 0.8308 -0.3440 -0.4374
vn 0.9766 -0.1684 -0.1341
vn 0.8370 -0.5312 -0.1313
vn 0.7439 -0.5264 -0.4117
vn 0.7221 -0.3480 -0.5979
vn 0.2119 -0.1214 -0.9697
vn 0.1336 -0.0277 -0.9906
vn 0.1410 -0.0456 -0.9890
vn 0.6505 -0.5147 -0.5586
vn -0.7611 0.2446 -0.6007
vn -0.7620 0.1264 -0.6351
vn -0.6845 0.2974 -0.6656
vn -0.6498 0.3173 -0.6907
vn -0.7677 0.0970 -0.6334
vn -0.3828 0.3228 -0.8656
vn -0.1863 0.1402 -0.9724
vn -0.2021 0.1548 -0.9671
vn -0.9211 0.3885 -0.0268
vn -0.8778 0.4732 -0.0752
vn -0.8349 0.5499 -0.0236
vn -0.5153 0.4480 -0.7306
vn -0.7876 0.0203 -0.6159
vn 0.7591 -0.6130 -0.2191
vn 0.6770 -0.5661 -0.4704
vn -0.6857 -0.6265 -0.3705
vn -0.6487 -0.5914 -0.4790
vn -0.7276 -0.6831 -0.0630
vn -0.7312 -0.6414 0.2322
vn -0.5932 -0.5255 -0.6099
vn -0.6114 -0.5637 -0.5554
vn 0.5125 0.5689 -0.6432
vn 0.5392 0.5849 -0.6060
vn 0.5840 0.6365 -0.5038
vn -0.5153 0.7111 -0.4784
vn -0.8123 0.3773 -0.4448
vn -0.6499 0.6345 -0.4183
vn -0.8202 0.4616 -0.3379
vn -0.4477 0.8213 -0.3537
vn 0.5917 0.6471 -0.4809
vn -0.3056 0.9355 -0.1773
vn -0.4397 0.8935 -0.0911
vn 0.6711 0.7336 -0.1069
vn 0.6776 0.7342 -0.0424
vn 0.6148 0.7064 0.3508
vn 0.6205 0.7018 0.3499
vn -0.4816 0.8745 0.0570
vn 0.5486 0.6470 0.5295
vn -0.6683 0.7335 0.1239
vn -0.5935 0.7968 0.1134
vn -0.3362 0.9400 0.0578
vn 0.0399 -0.0453 0.9982
vn 0.0659 -0.0562 0.9962
vn 0.0497 -0.0149 0.9987
vn 0.0368 -0.0825 0.9959
vn 0.0498 -0.0305 0.9983
vn -0.7691 0.6277 0.1201
vn -0.9027 0.4235 0.0762
vn 0.0171 0.1160 0.9931
vn 0.0667 -0.0042 0.9978
vn 0.0682 0.0141 0.9976
vn 0.0109 -0.0854 0.9963
vn -0.0502 0.0531 0.9973
vn -0.0578 0.0149 0.9982
vn -0.0364 0.0927 0.9950
vn -0.0506 -0.0109 0.9987
vn -0.0432 -0.0317 0.9986
vn -0.0264 -0.0366 0.9990
vn 0.0669 0.0857 0.9941
vn 0.0568 0.0653 0.9963
vn 0.0369 0.0429 0.9984
vn -0.0288 0.1206 0.9923
vn -0.0237 -0.0596 0.9979
vn 0.0552 0.0336 0.9979
vn -0.9043 -0.3770 -0.2005
vn -0.8445 -0.5351 0.0212
vn -0.8810 -0.4641 0.0919
vn -0.6696 -0.7172 0.1928
vn -0.9811 -0.1071 -0.1613
vn -0.9987 0.0111 0.0506
vn -0.4010 -0.9118 0.0888
vn 0.6121 -0.6839 0.3970
vn 0.5076 -0.6052 0.6133
vn 0.5168 -0.6091 0.6015
vn -0.6735 0.5923 0.4422
vn -0.6379 0.5196 0.5684
vn -0.5935 0.4876 0.6403
vn 0.6032 -0.6889 0.4020
vn -0.5276 -0.8481 0.0476
vn 0.6737 -0.7364 -0.0626
vn -0.4554 -0.8808 -0.1298
vn 0.6807 -0.7316 -0.0374
vn 0.5954 -0.6533 -0.4676
vn -0.2896 -0.9423 -0.1679
vn -0.4492 -0.8257 -0.3413
vn -0.4952 -0.7397 -0.4556
vn -0.1908 -0.8692 -0.4562
vn 0.0540 -0.9971 0.0538
vn 0.0015 -0.9902 -0.1395
vn 0.0252 -0.7784 -0.6273
vn 0.1357 -0.8950 -0.4249
vn -0.3844 -0.6557 -0.6498
vn 0.2922 -0.9466 -0.1359
vn 0.3866 -0.8438 -0.3722
vn 0.3526 -0.7104 -0.6091
vn 0.6065 -0.6320 -0.4824
vn 0.6752 -0.4147 -0.6100
vn 0.0338 -0.6459 -0.7626
vn 0.1590 -0.4278 -0.8898
vn -0.3643 -0.2858 -0.8863
vn -0.6647 -0.2414 -0.7070
vn -0.6148 0.2614 -0.7441
vn -0.0837 0.4433 -0.8924
vn -0.1228 -0.1108 -0.9862
vn -0.7861 0.0861 -0.6121
vn -0.8335 -0.1993 -0.5153
vn -0.7065 -0.4787 -0.5212
vn -0.9085 0.0379 -0.4162
vn -0.9464 0.2900 -0.1424
vn -0.8813 0.4546 -0.1289
vn -0.8627 0.5035 0.0467
vn -0.6996 -0.6144 0.3648
vn -0.6388 -0.5292 0.5584
vn -0.6510 -0.5367 0.5368
vn 0.4902 0.6227 0.6099
vn -0.0675 0.0855 0.9940
vn 0.8894 0.1744 0.4225
vn -0.2791 -0.8694 0.4078
vn -0.6784 -0.6109 -0.4082
vn -0.8050 -0.3826 -0.4534
vn 0.5299 -0.5870 -0.6120
vn 0.5893 -0.6456 -0.4857
vn 0.5256 -0.5845 -0.6181
vn -0.6199 0.5562 -0.5535
vn -0.6431 0.5981 -0.4782
vn -0.5640 0.5180 -0.6431
vn -0.6965 0.6263 -0.3501
vn -0.7287 0.6843 -0.0270
vn -0.8860 -0.4594 -0.0629
vn -0.7306 0.6370 0.2459
vn 0.7250 0.6857 -0.0641
vn 0.7534 0.6284 -0.1937
vn 0.8489 0.5085 -0.1443
vn 0.7848 0.5598 -0.2659
vn 0.8918 0.3684 -0.2628
vn -0.6902 0.4286 -0.5831
vn -0.3857 0.6518 -0.6530
vn -0.1463 0.8876 -0.4368
vn -0.0687 0.7902 -0.6090
vn 0.2594 0.8241 -0.5036
vn 0.2970 0.6792 -0.6712
vn 0.3065 0.8734 -0.3785
vn 0.6374 0.5783 -0.5092
vn 0.6432 0.6341 -0.4293
vn 0.8265 0.4212 -0.3734
vn 0.9334 0.3198 -0.1626
vn 0.5374 0.4075 -0.7383
vn 0.7861 0.3156 -0.5315
vn 0.9986 0.0079 0.0519
vn 0.9037 0.4198 0.0841
vn 0.8648 0.4995 0.0510
vn 0.8793 0.4633 -0.1103
vn 0.9387 0.0793 -0.3356
vn 0.9868 -0.1207 -0.1075
vn 0.7651 0.6254 0.1533
vn 0.7310 -0.6334 0.2538
vn 0.6501 -0.5586 0.5151
vn 0.6989 -0.6281 0.3421
vn 0.7305 -0.6817 -0.0398
vn 0.5675 0.8162 0.1086
vn 0.1086 0.0320 0.9936
vn 0.6307 -0.5084 0.5863
vn 0.6754 0.7339 0.0721
vn -0.6127 0.7030 0.3612
vn -0.5277 0.6405 0.5579
vn -0.5220 0.6311 0.5738
vn 0.4814 0.8751 0.0498
vn -0.6303 0.7227 0.2836
vn -0.6804 0.7291 -0.0736
vn 0.3394 0.9332 -0.1180
vn 0.4483 0.8825 -0.1419
vn -0.6227 0.6870 -0.3746
vn -0.5613 0.6324 -0.5338
vn 0.4726 0.8059 -0.3567
vn -0.4714 0.5590 -0.6822
vn -0.5420 0.5937 -0.5948
vn -0.6987 -0.0926 -0.7094
vn -0.5178 -0.7252 -0.4539
vn -0.3056 -0.7374 -0.6024
vn -0.4400 -0.6733 -0.5941
vn -0.6486 -0.7386 -0.1839
vn -0.5085 -0.7882 -0.3466
vn -0.2159 -0.8684 -0.4464
vn -0.6091 -0.7875 -0.0937
vn -0.7299 -0.6815 -0.0521
vn -0.7470 -0.6524 0.1284
vn -0.8452 -0.5158 -0.1398
vn -0.8930 -0.4284 0.1379
vn -0.7010 -0.5243 0.4834
vn -0.7912 -0.4317 0.4332
vn -0.8658 -0.2394 0.4395
vn -0.9626 -0.2224 0.1551
vn -0.8788 -0.1708 0.4456
vn -0.5802 -0.0862 0.8099
vn -0.9999 -0.0136 -0.0037
vn -0.9998 -0.0175 0.0012
vn -0.9998 0.0160 -0.0075
vn -0.9995 -0.0202 0.0261
vn 0.1024 -0.9946 0.0143
vn 0.1006 -0.9948 0.0138
vn 0.0951 -0.9954 0.0121
vn -0.6030 0.0683 0.7948
vn -0.9997 -0.0145 0.0172
vn 0.0045 -0.0003 1.0000
vn -0.0007 -0.0038 1.0000
vn -0.0044 -0.0063 1.0000
vn 0.0933 -0.9956 0.0115
vn -0.9997 0.0041 0.0225
vn 0.0788 0.9969 0.0069
vn 0.0801 0.9968 0.0074
vn 0.0756 0.9971 0.0057
vn 0.0744 0.9972 0.0053
vn -0.0102 -0.0102 0.9999
vn -0.9997 0.0243 0.0020
vn -0.9890 0.1306 0.0697
vn -0.9923 -0.1024 0.0693
vn -0.9774 -0.1477 -0.1515
vn -0.9890 0.0528 -0.1381
vn -0.9490 0.3098 0.0586
vn -0.8973 0.3086 0.3157
vn -0.8841 0.1678 0.4362
vn -0.9610 0.2366 -0.1431
vn -0.9021 0.4118 -0.1292
vn -0.8435 0.5185 0.1401
vn -0.8709 0.2812 -0.4030
vn -0.7740 0.4470 -0.4485
vn -0.7995 0.5930 -0.0953
vn -0.6597 0.4204 -0.6230
vn -0.8027 0.1199 -0.5841
vn -0.8960 0.1024 -0.4321
vn -0.8982 -0.0640 -0.4349
vn -0.8717 -0.2643 -0.4127
vn -0.7984 -0.1173 -0.5906
vn -0.7222 -0.3445 -0.5998
vn -0.7702 -0.4718 -0.4292
vn -0.9450 -0.3053 -0.1171
vn -0.6379 -0.4815 -0.6010
vn -0.6793 -0.5370 -0.5001
vn 0.6660 -0.6185 -0.4170
vn 0.6587 -0.6066 -0.4452
vn -0.7542 -0.6038 -0.2582
vn 0.2497 -0.6569 -0.7114
vn 0.3578 -0.6295 -0.6898
vn 0.5949 -0.5370 -0.5982
vn -0.6423 0.6499 -0.4063
vn -0.3705 0.4801 -0.7951
vn -0.6599 0.5548 -0.5068
vn 0.1751 -0.1077 -0.9786
vn -0.0900 0.0402 -0.9951
vn 0.3879 -0.1226 -0.9135
vn 0.2205 -0.1536 -0.9632
vn 0.1998 -0.3081 -0.9301
vn -0.4545 0.8653 -0.2115
vn -0.2904 0.8542 -0.4312
vn -0.1830 0.4295 -0.8843
vn -0.5696 0.6591 -0.4909
vn -0.0659 0.8945 -0.4421
vn -0.0759 0.7863 -0.6132
vn -0.0338 0.0302 -0.9990
vn 0.0206 -0.2192 -0.9755
vn 0.0110 -0.2674 -0.9635
vn 0.1379 -0.5420 -0.8290
vn 0.3688 -0.8226 -0.4329
vn 0.4727 -0.7953 -0.3795
vn 0.2788 -0.9600 -0.0269
vn 0.4846 -0.5054 -0.7139
vn 0.6795 -0.7332 -0.0266
vn 0.7565 -0.6497 -0.0749
vn 0.5436 -0.8354 -0.0811
vn 0.8240 -0.5659 -0.0268
vn 0.6912 -0.7109 -0.1295
vn 0.8131 -0.5685 -0.1250
vn 0.9031 -0.4211 -0.0839
vn 0.5430 -0.5666 0.6198
vn 0.4177 -0.3661 0.8316
vn 0.5051 -0.6964 0.5099
vn 0.4859 -0.7354 0.4724
vn 0.5448 -0.8310 -0.1119
vn -0.1570 0.2672 0.9508
vn -0.3645 0.2508 0.8968
vn -0.5235 0.3181 0.7904
vn -0.4191 0.4591 0.7833
vn 0.4617 -0.3183 0.8279
vn 0.4263 -0.2106 0.8798
vn -0.4818 0.1177 0.8683
vn 0.8753 -0.4731 -0.0997
vn -0.7505 0.4603 0.4743
vn -0.6485 0.6337 0.4218
vn -0.4640 0.7448 0.4796
vn -0.4872 0.8534 0.1854
vn -0.6952 0.7075 0.1268
vn -0.5438 0.8383 -0.0389
vn -0.7207 0.6745 -0.1601
vn -0.7656 0.6431 -0.0159
vn -0.8703 -0.2020 0.4492
vn 0.1156 0.9296 0.3501
vn -0.7600 0.6158 -0.2078
vn 0.7446 0.6254 0.2333
vn 0.6617 0.5743 0.4821
vn 0.6389 0.5061 0.5794
vn 0.7110 0.6367 0.2986
vn 0.8291 0.5574 -0.0440
vn 0.6546 0.5630 -0.5044
vn 0.7360 0.6719 -0.0825
vn 0.6500 0.5945 -0.4734
vn 0.9091 -0.3979 -0.1234
vn 0.8741 -0.3314 -0.3552
vn 0.8050 -0.4740 -0.3569
vn 0.8732 -0.4797 0.0863
vn 0.8066 -0.5902 0.0327
vn -0.0542 0.0305 0.9981
vn -0.0333 0.0701 0.9970
vn 0.4690 -0.8779 0.0965
vn 0.6421 -0.7406 0.1980
vn 0.7180 -0.6756 0.1675
vn -0.0583 0.0011 0.9983
vn 0.5265 -0.8484 0.0541
vn -0.6026 -0.6836 0.4119
vn -0.4780 -0.6076 0.6343
vn -0.5251 -0.6292 0.5729
vn -0.6055 -0.6891 0.3981
vn 0.1774 0.0240 0.9839
vn 0.4495 -0.8847 -0.1232
vn -0.6804 -0.7305 -0.0586
vn -0.6045 -0.6732 -0.4259
vn -0.5660 -0.6182 -0.5454
vn -0.6784 -0.7346 0.0110
vn 0.5024 -0.7889 -0.3539
vn -0.5362 -0.6088 -0.5847
vn -0.4712 -0.5302 -0.7048
vn 0.6632 -0.6143 -0.4276
vn 0.5790 0.5247 -0.6241
vn 0.5483 0.4745 -0.6887
vn -0.5969 0.7706 -0.2236
vn 0.8570 -0.1831 -0.4818
vn 0.7008 -0.0750 -0.7094
vn 0.8476 0.0711 -0.5259
vn 0.5238 0.2935 -0.7997
vn -0.6694 0.1931 0.7174
vn 0.9316 -0.3628 -0.0210
vn 0.7503 -0.2331 -0.6186
vn 0.6050 -0.2665 -0.7503
vn -0.0502 -0.8040 -0.5924
vn 0.0102 0.9911 -0.1326
vn 0.1398 0.9881 0.0642
vn -0.0151 -0.0975 0.9951
vn -0.0492 -0.0620 0.9969
vn -0.0679 -0.0310 0.9972
vn 0.6960 0.6967 -0.1736
vn 0.5241 -0.6312 -0.5718
vn 0.9185 -0.3697 0.1406
vn 0.8139 -0.5613 0.1503
vn 0.6701 -0.7272 0.1489
vn 0.6439 -0.6074 0.4652
vn 0.8030 -0.3841 0.4556
vn 0.3491 -0.4350 0.8300
vn 0.6472 -0.4221 0.6348
vn 0.1919 -0.4355 0.8795
vn -0.3428 0.5861 0.7342
vn -0.4266 0.6973 0.5760
vn -0.1066 0.4097 0.9060
vn -0.1055 0.3974 0.9116
vn -0.0463 0.6599 0.7499
vn 0.9255 -0.2104 0.3150
vn 0.9715 -0.2303 0.0565
vn 0.9917 -0.1089 0.0682
vn 0.8957 -0.1460 0.4201
vn -0.0964 -0.9953 0.0123
vn -0.0989 -0.9950 0.0132
vn -0.0903 -0.9959 0.0100
vn -0.0880 -0.9961 0.0092
vn 0.9994 -0.0229 0.0250
vn 0.9998 -0.0040 0.0174
vn -0.0016 0.0026 1.0000
vn 0.0023 -0.0000 1.0000
vn -0.0044 0.0045 1.0000
vn 0.0169 -0.3749 0.9269
vn 0.1075 -0.1994 0.9740
vn -0.0400 -0.4757 0.8787
vn -0.1235 0.7115 0.6918
vn -0.1254 -0.6157 0.7779
vn 0.1756 -0.9763 -0.1264
vn -0.4909 -0.8595 -0.1425
vn -0.5352 -0.8373 -0.1115
vn -0.6014 -0.7965 -0.0620
vn -0.6287 -0.1489 0.7633
vn -0.5353 -0.0890 0.8400
vn -0.4832 -0.0573 0.8736
vn 0.9935 -0.0100 -0.1130
vn -0.0087 0.0073 0.9999
vn -0.7377 -0.2571 -0.6243
vn -0.7389 -0.1911 -0.6461
vn -0.9468 -0.3215 -0.0160
vn -0.8172 -0.5701 -0.0847
vn -0.9407 -0.3303 -0.0776
vn -0.8289 -0.5591 -0.0178
vn -0.9315 -0.3488 -0.1035
vn -0.9715 -0.2176 -0.0944
vn -0.9383 -0.3450 -0.0257
vn -0.8667 -0.4940 -0.0700
vn -0.3923 -0.1037 0.9140
vn -0.5279 -0.3455 0.7758
vn -0.7223 -0.6912 -0.0218
vn 0.0058 0.9997 0.0217
vn -0.0124 0.9998 0.0163
vn 0.7401 -0.0988 0.6652
vn 0.7408 -0.0978 0.6646
vn 0.7239 -0.1198 0.6795
vn -0.8551 -0.0366 0.5172
vn -0.7478 0.1175 0.6534
vn -0.8558 -0.0372 0.5160
vn -0.9148 -0.1827 0.3602
vn -0.5234 0.1546 -0.8379
vn 0.1504 -0.2820 -0.9476
vn 0.7367 0.1358 -0.6625
vn 0.6298 -0.5157 -0.5808
vn 0.6866 -0.4460 -0.5741
vn 0.7130 -0.4097 -0.5690
vn -0.3808 -0.6974 -0.6071
vn 0.5357 -0.7010 0.4708
vn 0.7593 -0.0726 0.6467
vn 0.7330 -0.3802 -0.5641
vn -0.0577 -0.6385 -0.7675
vn -0.1882 -0.4771 0.8585
vn -0.4295 -0.0257 0.9027
vn -0.4579 -0.8737 -0.1644
vn 0.2434 0.1239 -0.9620
vn -0.0853 0.1919 -0.9777
vn 0.0314 0.9985 -0.0455
vn 0.0236 0.9992 -0.0327
vn 0.0120 0.9999 -0.0088
vn 0.0076 0.9999 -0.0066
vn 0.0304 0.9994 0.0147
vn 0.0597 0.9982 0.0023
vn 0.6344 0.1605 -0.7562
vn 0.4396 0.2696 -0.8568
vn 0.6882 0.1662 -0.7063
vn 0.5404 0.5475 -0.6389
vn 0.0558 0.5442 -0.8371
vn 0.2812 0.9527 -0.1151
vn 0.8896 0.1108 -0.4431
vn 0.8924 0.0776 -0.4445
vn 0.3627 0.9309 -0.0427
vn -0.0012 0.9995 -0.0320
vn -0.0083 0.9991 -0.0420
vn 0.0225 0.9995 -0.0216
vn 0.2029 0.9790 0.0202
vn 0.0427 0.9990 0.0144
vn 0.0752 0.9971 -0.0071
vn 0.9815 0.0838 -0.1720
vn 0.9889 0.0936 -0.1152
vn 0.4401 0.8975 -0.0289
vn 0.9907 0.1000 0.0921
vn 0.4308 0.8964 -0.1044
vn 0.4065 0.9081 -0.1002
vn 0.4499 0.8871 -0.1029
vn 0.9866 0.1030 0.1265
vn 0.9043 0.1740 0.3900
vn 0.3081 0.9513 0.0002
vn 0.2591 0.5601 0.7869
vn 0.1534 0.4358 0.8869
vn 0.3457 0.5801 0.7375
vn 0.3635 0.4898 0.7925
vn 0.6050 0.7896 -0.1019
vn 0.1122 0.5090 0.8534
vn -0.1730 -0.2648 0.9487
vn 0.7365 0.6687 -0.1015
vn 0.7590 0.6497 -0.0429
vn 0.1285 0.8055 0.5785
vn 0.1510 0.9547 0.2563
vn 0.3297 0.9441 -0.0000
vn 0.0347 0.9980 0.0534
vn 0.6313 0.3445 0.6949
vn 0.6110 0.2908 0.7363
vn 0.7047 0.4384 0.5579
vn 0.0046 1.0000 0.0002
vn 0.0294 0.9967 -0.0760
vn -0.0143 0.9997 -0.0177
vn 0.0302 0.9994 0.0142
vn 0.9212 0.1824 0.3437
vn 0.2763 0.9506 0.1413
vn -0.9965 0.0829 -0.0049
vn -0.9995 0.0170 -0.0282
vn -0.9994 -0.0000 -0.0341
vn -0.7902 0.2343 -0.5663
vn -0.7958 0.3114 -0.5193
vn -0.7547 0.0571 -0.6535
vn -0.0315 0.9990 0.0329
vn -0.7233 -0.0386 -0.6895
vn 0.0103 0.9999 0.0018
vn 0.0061 1.0000 -0.0029
vn 0.0420 0.9990 -0.0152
vn 0.5966 0.0958 -0.7968
vn 0.7455 0.1466 -0.6502
vn 0.6289 0.0735 -0.7740
vn 0.7575 0.1790 -0.6278
vn -0.0063 1.0000 0.0033
vn 0.4912 0.0752 0.8678
vn 0.4834 0.0838 0.8714
vn 0.5204 0.0422 0.8529
vn 0.0181 0.9997 -0.0147
vn 0.9249 0.1254 0.3590
vn 0.9189 0.1411 0.3683
vn 0.9323 0.1043 0.3463
vn -0.0031 1.0000 0.0040
vn 0.9110 0.1607 0.3798
vn 0.0002 1.0000 -0.0002
vn 0.0317 0.9992 -0.0232
vn 0.0248 0.9994 0.0240
vn 0.4518 0.1177 0.8843
vn 0.0697 0.9975 0.0064
vn 0.1374 0.9896 -0.0426
vn -0.9939 0.0914 -0.0622
vn -0.2664 0.0062 -0.9638
vn -0.3736 -0.0482 -0.9263
vn -0.4660 -0.0970 -0.8795
vn -0.0077 0.9996 0.0274
vn -0.6175 0.0099 0.7865
vn -0.8267 -0.0954 0.5545
vn -0.7602 -0.0579 0.6471
vn -0.0000 1.0000 -0.0010
vn -0.0000 1.0000 -0.0005
vn -0.0001 1.0000 -0.0009
vn -0.0004 1.0000 -0.0022
vn -0.4970 0.0587 0.8657
vn 0.6037 0.0181 0.7970
vn 0.5264 -0.0246 0.8499
vn 0.6592 0.0510 0.7502
vn 0.4699 -0.0538 0.8811
vn -0.0364 0.9992 -0.0151
vn -0.0379 0.9989 -0.0288
vn -0.0379 0.9993 0.0075
vn 0.9356 -0.0028 -0.3529
vn 0.9086 -0.0385 -0.4159
vn 0.9236 -0.0196 -0.3828
vn 0.8966 -0.0524 -0.4398
vn 0.0002 1.0000 -0.0008
vn -0.1535 0.0612 -0.9863
vn -0.8555 0.1295 0.5014
vn -0.7492 0.1091 0.6533
vn -0.6124 0.1283 0.7801
vn -0.9108 0.0484 0.4099
vn -0.9756 0.0698 -0.2081
vn -0.9764 0.1550 -0.1506
vn -0.9681 0.2312 -0.0968
vn -0.0190 0.9994 0.0305
vn -0.4975 0.0729 0.8644
vn -0.4620 0.0989 0.8813
vn 0.0023 0.9999 0.0105
vn 0.0009 1.0000 0.0043
vn -0.0114 0.9999 -0.0000
vn -0.6080 0.0429 -0.7928
vn -0.5335 0.0440 -0.8446
vn -0.7160 0.0764 -0.6939
vn -0.4086 0.1518 -0.9000
vn 0.6969 0.1426 -0.7028
vn 0.7208 0.0847 -0.6880
vn 0.6759 0.1883 -0.7126
vn -0.7499 0.1595 -0.6420
vn -0.9654 -0.0117 -0.2606
vn -0.5286 0.1325 -0.8385
vn -0.5326 0.1262 -0.8369
vn -0.5206 0.1449 -0.8414
vn -0.5390 0.1152 -0.8344
vn 0.9003 0.1038 -0.4228
vn 0.9002 0.1036 -0.4230
vn 0.9003 0.1043 -0.4225
vn 0.9004 0.1030 -0.4227
vn 0.4903 0.0972 -0.8661
vn 0.4984 0.0881 -0.8624
vn 0.4893 0.0983 -0.8666
vn 0.4812 0.1072 -0.8700
vn 0.2253 0.9743 -0.0031
vn 0.9929 0.1184 0.0118
vn 0.9949 0.0938 0.0378
vn 0.9949 0.0932 0.0383
vn 0.9956 0.0709 0.0617
vn 0.0520 0.1231 0.9910
vn 0.0389 0.1096 0.9932
vn 0.0389 0.1100 0.9932
vn -0.0029 1.0000 0.0045
vn -0.0046 1.0000 -0.0010
vn -0.0051 1.0000 0.0018
vn 0.0002 1.0000 0.0060
vn 0.0267 0.0977 0.9949
vn -0.8312 0.0926 0.5482
vn -0.8324 0.0967 0.5457
vn -0.8295 0.0869 0.5517
vn -0.8340 0.1024 0.5422
vn -0.0123 0.9938 0.1107
vn -0.0247 0.9990 0.0374
vn -0.0142 0.9988 0.0469
vn -0.2101 0.0960 0.9729
vn -0.2043 0.1047 0.9733
vn -0.2149 0.0890 0.9726
vn -0.2209 0.0800 0.9720
vn -0.4462 0.0441 -0.8938
vn -0.1064 -0.0641 -0.9923
vn -0.2279 -0.0270 -0.9733
vn 0.8184 0.0952 -0.5667
vn 0.8444 0.0716 -0.5309
vn 0.7978 0.1125 -0.5924
vn 0.8684 0.0477 -0.4935
vn -0.0010 1.0000 0.0003
vn -0.0012 1.0000 0.0009
vn -0.0008 1.0000 -0.0002
vn 0.7444 -0.0743 0.6636
vn 0.2644 0.1563 0.9517
vn -0.9917 0.0377 0.1232
vn -0.9983 -0.0260 -0.0531
vn -0.9679 0.0795 0.2384
vn -0.3691 -0.0616 0.9274
vn -0.9845 -0.0655 -0.1628
vn -0.5526 0.0811 -0.8295
vn -0.0021 1.0000 0.0056
vn -0.9943 0.1069 0.0036
vn -0.0009 1.0000 -0.0063
vn 0.4596 0.0687 -0.8855
vn 0.4394 0.0913 -0.8937
vn 0.0339 0.9989 -0.0326
vn -0.0273 0.9989 -0.0374
vn -0.7215 0.1069 -0.6841
vn -0.7260 0.1100 -0.6788
vn -0.8626 0.1050 -0.4949
vn -0.8606 0.0997 -0.4994
vn -0.0097 0.9896 -0.1437
vn -0.5427 0.1017 -0.8337
vn -0.5429 0.1015 -0.8337
vn -0.6741 0.0872 0.7334
vn -0.6726 0.0898 0.7345
vn -0.6699 0.0946 0.7364
vn -0.6765 0.0830 0.7318
vn 0.0039 1.0000 -0.0056
vn 0.0004 1.0000 0.0008
vn 0.0005 1.0000 -0.0001
vn 0.0036 1.0000 -0.0077
vn 0.6922 0.1132 0.7128
vn 0.8469 0.0992 0.5223
vn 0.8457 0.0957 0.5250
vn 0.6900 0.1137 0.7148
vn 0.4902 0.1193 0.8634
vn -0.0016 1.0000 -0.0022
vn 0.9929 0.1065 -0.0531
vn 0.9942 0.0978 -0.0444
vn 0.0013 1.0000 -0.0073
vn -0.0017 1.0000 -0.0041
vn 0.4876 0.1223 0.8644
vn 0.9952 0.0902 -0.0369
vn 0.0728 0.9973 0.0120
vn 0.0232 0.1285 -0.9914
vn 0.0230 0.1287 -0.9914
vn 0.0330 0.1192 -0.9923
vn 0.0123 0.1387 -0.9903
vn -0.5621 -0.0617 -0.8248
vn -0.9738 -0.0910 0.2083
vn -0.9361 0.1004 -0.3372
vn 0.3134 0.0771 -0.9465
vn 0.4855 0.0071 -0.8742
vn 0.2157 0.1135 -0.9698
vn 0.0002 1.0000 -0.0001
vn -0.0002 1.0000 -0.0007
vn 0.0002 1.0000 0.0008
vn 0.5898 -0.0398 -0.8066
vn 0.9821 0.0692 0.1749
vn 0.9927 0.0388 0.1144
vn 0.9979 0.0130 0.0630
vn 0.9725 0.0895 0.2151
vn -0.1295 0.0495 0.9903
vn -0.0102 -0.0082 0.9999
vn 0.1147 -0.0685 0.9910
vn -0.2474 0.1068 0.9630
vn -0.5034 0.1051 0.8577
vn -0.4986 0.1109 0.8597
vn -0.9945 0.1020 -0.0233
vn 0.0076 1.0000 0.0047
vn 0.0084 1.0000 -0.0005
vn 0.0004 1.0000 -0.0016
vn 0.0087 0.9999 -0.0104
vn 0.6364 0.2642 -0.7247
vn -0.0772 -0.1078 -0.9912
vn 0.9212 0.3888 -0.0145
vn 0.1638 0.6711 0.7231
vn -0.2690 0.9500 -0.1588
s 1
f 1//1 4//2 2//3
f 1//1 2//3 7//4
f 3//5 8//6 1//1
f 3//5 1//1 5//7
f 8//6 4//2 1//1
f 6//8 5//9 1//10
f 1//1 7//4 6//11
f 4//2 8//6 9//12
f 11//13 9//14 8//15
f 3//16 10//17 8//18
f 11//19 8//18 10//17
f 11//13 10//20 12//21
f 14//22 11//13 12//21
f 11//13 13//23 15//24
f 13//23 11//13 14//22
f 11//13 15//24 9//14
f 15//24 16//25 9//14
f 15//24 17//26 16//25
f 15//24 20//27 17//26
f 13//23 18//28 15//24
f 18//28 19//29 15//24
f 15//24 19//29 21//30
f 15//24 21//30 20//27
f 20//27 21//30 22//31
f 23//32 22//31 21//30
f 21//30 25//33 23//32
f 19//29 24//34 21//30
f 21//30 24//34 25//33
f 23//32 25//33 26//35
f 26//35 25//33 27//36
f 27//36 25//33 28//37
f 25//33 29//38 28//37
f 29//38 25//33 30//39
f 25//33 31//40 30//39
f 25//33 33//41 31//40
f 33//41 25//33 32//42
f 24//34 32//42 25//33
f 34//43 31//40 33//41
f 34//43 33//41 35//44
f 36//45 35//46 33//47
f 33//48 37//48 36//48
f 33//49 38//50 37//51
f 32//52 38//50 33//49
f 37//51 38//50 36//53
f 36//53 38//50 39//54
f 24//55 38//50 32//52
f 24//55 39//56 38//50
f 36//53 39//54 40//57
f 41//58 40//59 39//60
f 39//60 42//61 41//58
f 43//62 42//61 39//60
f 43//62 39//60 24//63
f 44//64 42//65 43//66
f 44//67 43//68 46//69
f 24//34 45//70 43//68
f 43//68 45//70 47//71
f 43//68 47//71 46//69
f 48//72 46//69 47//71
f 48//72 47//71 49//73
f 47//71 45//70 49//73
f 18//28 49//73 45//70
f 49//73 18//28 50//74
f 49//73 50//74 51//75
f 52//76 49//73 51//75
f 48//72 49//73 52//76
f 53//77 54//78 52//76
f 53//77 52//76 51//75
f 52//76 54//78 48//72
f 48//72 54//78 55//79
f 54//78 56//80 55//79
f 58//81 56//80 54//78
f 57//82 54//78 53//77
f 57//82 58//81 54//78
f 57//82 59//83 58//81
f 58//81 59//83 62//84
f 58//85 61//86 60//87
f 56//88 58//85 60//87
f 64//89 61//90 58//91
f 58//81 62//84 63//92
f 63//92 64//89 58//91
f 65//93 61//94 64//95
f 64//95 67//96 65//93
f 63//92 66//97 64//89
f 67//98 64//89 66//97
f 67//98 69//99 68//100
f 68//101 65//102 67//103
f 67//98 66//97 69//99
f 74//104 70//105 69//106
f 68//100 69//99 70//107
f 69//108 66//109 72//110
f 74//104 69//106 71//104
f 71//104 69//106 73//111
f 69//108 72//110 73//112
f 75//113 74//114 76//115
f 75//116 78//117 74//118
f 76//115 74//114 71//119
f 78//120 77//121 74//104
f 74//104 77//121 70//105
f 79//122 78//117 75//116
f 78//120 80//123 77//121
f 79//124 81//124 78//124
f 82//125 80//123 78//120
f 81//126 82//125 78//120
f 83//127 84//128 82//125
f 81//126 83//127 82//125
f 84//129 85//130 82//131
f 86//132 82//133 85//134
f 86//132 80//135 82//133
f 86//132 88//136 80//135
f 88//137 86//132 87//138
f 87//138 86//132 85//134
f 77//139 80//135 88//136
f 88//137 89//140 77//141
f 89//140 88//137 87//138
f 77//141 89//140 70//142
f 89//140 87//138 90//143
f 89//144 56//145 60//146
f 89//144 60//146 91//147
f 56//80 89//140 90//143
f 89//140 91//148 68//149
f 89//140 68//149 70//142
f 91//150 60//151 92//152
f 93//153 91//150 92//152
f 68//154 91//150 93//153
f 65//155 93//156 61//86
f 61//86 93//156 92//157
f 68//101 93//158 65//102
f 61//86 92//157 60//87
f 55//79 56//80 90//143
f 55//79 90//143 94//159
f 94//159 90//143 87//138
f 94//159 87//138 85//130
f 94//159 85//130 96//160
f 95//161 94//159 98//162
f 95//161 55//79 94//159
f 94//159 96//160 97//163
f 97//163 98//162 94//159
f 98//162 100//164 95//161
f 98//165 99//166 100//167
f 97//168 99//166 98//165
f 95//161 100//164 101//169
f 99//170 101//169 100//164
f 101//169 46//69 95//161
f 46//69 101//169 102//171
f 102//172 101//173 103//174
f 103//175 101//169 99//170
f 99//176 104//177 103//178
f 104//179 102//172 103//174
f 104//180 108//181 105//182
f 104//180 105//182 106//183
f 106//183 102//171 104//180
f 107//184 104//180 97//163
f 107//184 108//181 104//180
f 99//176 97//185 104//177
f 108//186 111//187 105//188
f 110//189 109//190 108//191
f 108//186 109//192 111//187
f 110//193 108//181 107//184
f 112//194 113//195 111//196
f 112//197 111//198 116//199
f 111//196 113//195 105//200
f 109//201 114//202 111//198
f 111//198 114//202 115//203
f 111//198 115//203 116//199
f 116//204 119//205 113//206
f 116//204 113//206 112//207
f 116//199 115//203 117//208
f 117//209 118//210 116//211
f 116//211 118//210 119//212
f 118//213 113//214 119//215
f 106//183 118//213 121//216
f 106//183 105//182 118//213
f 118//213 105//182 113//214
f 120//217 118//218 117//219
f 120//217 121//220 118//218
f 121//216 34//43 106//183
f 34//43 121//216 122//221
f 123//222 122//223 121//224
f 123//222 121//224 120//225
f 123//226 120//227 124//228
f 123//226 124//228 126//229
f 122//230 123//231 125//232
f 125//232 123//231 126//233
f 34//234 126//235 124//236
f 125//237 126//235 34//234
f 34//43 122//221 125//238
f 120//227 115//203 124//228
f 124//228 128//239 127//240
f 127//241 34//241 124//241
f 124//228 115//203 128//239
f 128//239 132//242 129//243
f 128//239 129//243 131//244
f 127//240 128//239 130//245
f 130//245 128//239 131//244
f 115//203 132//242 128//239
f 134//246 133//247 132//242
f 132//242 133//247 129//243
f 115//203 134//246 132//242
f 137//248 135//249 134//246
f 134//246 135//249 133//247
f 136//250 137//248 134//246
f 115//203 136//250 134//246
f 139//251 135//249 137//248
f 138//252 139//251 137//248
f 138//252 137//248 136//250
f 139//251 142//253 135//249
f 140//254 139//251 138//252
f 140//254 141//255 139//251
f 139//251 141//255 142//253
f 142//253 144//256 143//257
f 135//249 142//253 143//257
f 142//253 146//258 144//256
f 141//255 145//259 142//253
f 145//259 146//258 142//253
f 146//258 148//260 144//256
f 147//261 146//258 145//259
f 147//261 148//260 146//258
f 149//262 148//260 150//263
f 149//262 151//264 148//260
f 150//263 148//260 147//261
f 151//264 144//256 148//260
f 152//265 144//256 151//264
f 152//265 151//264 153//266
f 153//266 151//264 149//262
f 153//266 149//262 154//267
f 156//268 153//266 154//267
f 155//269 152//265 153//266
f 155//269 153//266 156//268
f 159//270 156//268 154//267
f 157//271 155//269 156//268
f 157//271 156//268 158//272
f 158//272 156//268 159//270
f 159//270 154//267 160//273
f 159//270 160//273 162//274
f 161//275 158//272 159//270
f 161//275 159//270 162//274
f 165//276 162//274 163//277
f 162//274 160//273 163//277
f 164//278 162//274 166//279
f 164//278 161//275 162//274
f 166//279 162//274 165//276
f 166//280 168//280 167//280
f 166//281 167//281 164//281
f 165//282 168//282 166//282
f 168//283 169//284 167//285
f 169//286 168//287 165//288
f 170//289 169//286 165//288
f 171//290 169//286 170//289
f 171//290 172//291 169//286
f 167//285 169//284 173//292
f 172//293 173//293 169//293
f 167//294 173//294 174//294
f 175//295 174//296 173//297
f 175//298 173//299 172//300
f 176//301 174//296 175//295
f 175//302 177//302 176//302
f 178//303 177//303 175//303
f 175//298 172//300 178//304
f 178//305 172//291 171//290
f 178//306 171//306 177//306
f 177//307 179//308 176//309
f 171//310 179//311 177//312
f 180//313 181//313 179//313
f 180//314 179//315 182//316
f 176//309 179//308 181//317
f 171//310 183//318 179//311
f 182//319 179//319 183//319
f 184//320 183//321 170//289
f 170//289 183//321 171//290
f 184//320 182//322 183//321
f 185//323 182//323 184//323
f 184//324 186//325 185//326
f 170//327 186//325 184//324
f 190//328 186//329 187//330
f 186//331 189//332 187//333
f 170//327 188//334 186//325
f 190//335 185//326 186//325
f 186//325 188//334 189//336
f 190//337 191//338 195//339
f 193//340 191//338 190//337
f 185//326 190//335 192//341
f 190//335 194//342 192//341
f 190//328 187//330 193//343
f 195//344 194//342 190//335
f 196//345 195//346 198//347
f 196//348 194//342 195//344
f 191//338 197//349 195//339
f 197//350 198//347 195//346
f 198//347 199//351 202//352
f 199//351 198//347 197//350
f 200//353 196//345 198//347
f 201//354 200//353 198//347
f 198//347 202//352 201//354
f 206//355 202//352 203//356
f 203//356 202//352 204//357
f 204//357 202//352 199//351
f 202//352 206//355 205//358
f 201//354 202//352 205//358
f 53//77 206//355 57//82
f 207//359 206//355 53//77
f 57//82 206//355 203//356
f 205//358 206//355 207//359
f 50//74 207//359 53//77
f 207//359 50//74 205//358
f 205//358 208//360 201//354
f 205//358 209//361 208//360
f 50//74 209//361 205//358
f 14//22 208//360 209//361
f 209//361 13//23 14//22
f 50//74 210//362 209//361
f 210//362 18//28 209//361
f 209//361 18//28 13//23
f 210//362 50//74 18//28
f 201//354 208//360 200//353
f 208//360 213//363 211//364
f 208//360 211//364 212//365
f 200//353 208//360 212//365
f 208//360 14//22 213//363
f 213//363 214//366 211//364
f 12//21 214//366 213//363
f 213//363 14//22 12//21
f 214//366 218//367 211//364
f 214//368 6//11 7//4
f 216//369 214//368 7//4
f 214//368 215//370 6//11
f 214//366 12//21 215//371
f 217//372 214//368 216//369
f 214//366 217//373 218//367
f 218//367 220//374 211//364
f 219//375 218//376 217//377
f 218//367 219//378 220//374
f 212//365 220//374 221//379
f 212//365 211//364 220//374
f 221//379 220//374 222//380
f 220//374 219//378 222//381
f 223//382 222//381 219//378
f 224//383 222//380 223//384
f 221//379 222//380 224//383
f 224//383 223//384 225//385
f 224//383 225//385 226//386
f 227//387 224//383 226//386
f 227//387 221//379 224//383
f 226//386 230//388 227//387
f 221//379 227//387 212//365
f 227//387 228//389 212//365
f 227//390 229//390 228//390
f 227//391 230//392 229//393
f 230//388 231//394 233//395
f 230//388 234//396 231//394
f 230//397 233//398 232//399
f 230//392 232//400 229//393
f 230//388 226//386 235//401
f 230//388 235//401 234//396
f 236//402 235//403 225//404
f 226//386 225//385 235//401
f 237//405 235//403 236//402
f 237//405 238//406 235//403
f 238//407 234//396 235//401
f 240//408 238//406 237//405
f 239//409 234//410 238//411
f 239//412 238//406 240//408
f 237//413 242//414 240//415
f 241//416 239//412 240//408
f 242//417 241//418 240//419
f 164//278 242//414 161//275
f 237//413 161//275 242//414
f 242//420 243//421 174//296
f 174//296 194//422 242//420
f 242//423 164//423 243//423
f 242//417 194//424 241//418
f 164//425 167//425 243//425
f 167//426 174//296 243//421
f 241//416 244//427 239//412
f 196//348 244//428 241//429
f 241//429 194//342 196//348
f 245//430 239//430 244//430
f 245//431 244//431 196//431
f 239//432 245//433 231//434
f 245//433 196//435 231//434
f 239//409 231//436 234//410
f 236//437 246//438 237//413
f 246//438 247//439 237//413
f 237//413 247//439 161//275
f 247//439 158//272 161//275
f 247//439 157//271 158//272
f 248//440 157//271 247//439
f 246//438 248//440 247//439
f 248//440 155//269 157//271
f 250//441 248//440 246//438
f 249//442 155//269 248//440
f 250//441 249//442 248//440
f 251//443 250//441 246//438
f 251//443 252//444 250//441
f 252//444 249//442 250//441
f 253//445 252//446 254//447
f 255//448 252//446 253//445
f 251//443 254//449 252//444
f 249//450 252//446 255//448
f 255//451 256//452 257//453
f 256//452 255//451 253//454
f 257//453 258//455 255//451
f 258//456 249//450 255//448
f 249//442 258//457 155//269
f 258//457 259//458 155//269
f 258//457 261//459 259//458
f 260//460 258//455 257//453
f 260//460 261//461 258//455
f 263//462 261//463 260//464
f 261//459 262//465 259//458
f 261//459 263//466 262//465
f 264//467 265//468 263//469
f 263//469 266//470 264//467
f 265//471 262//465 263//466
f 266//472 263//462 260//464
f 268//473 266//474 260//475
f 267//476 264//467 266//470
f 268//473 267//477 266//474
f 268//478 272//478 269//478
f 268//479 269//480 270//481
f 268//473 260//475 257//482
f 268//473 257//482 271//483
f 270//484 267//477 268//473
f 271//485 272//485 268//485
f 271//486 273//486 272//486
f 273//487 216//105 272//488
f 272//488 216//105 7//489
f 272//488 7//489 269//490
f 223//491 274//492 273//487
f 273//487 274//492 216//105
f 275//493 223//491 273//487
f 275//493 273//487 278//494
f 276//495 273//496 271//497
f 276//495 277//498 273//496
f 278//494 273//487 277//499
f 278//500 282//501 279//502
f 278//500 279//502 251//443
f 278//500 251//443 275//503
f 278//494 277//499 280//504
f 280//505 281//506 278//500
f 281//506 282//501 278//500
f 283//507 282//501 281//506
f 282//508 283//509 284//510
f 285//511 282//508 284//510
f 279//512 282//513 285//514
f 279//512 285//514 286//515
f 286//515 285//514 287//516
f 285//517 284//517 288//517
f 287//518 285//519 288//520
f 287//518 288//520 267//521
f 267//521 288//520 284//522
f 276//523 286//515 287//516
f 276//523 287//516 270//484
f 270//484 287//516 267//477
f 256//452 253//454 286//524
f 286//525 253//445 289//526
f 276//523 256//527 286//515
f 279//528 286//525 289//526
f 254//447 279//528 289//526
f 253//445 254//447 289//526
f 267//521 284//522 265//529
f 284//510 283//509 265//530
f 281//506 290//531 283//507
f 283//507 290//531 265//471
f 291//532 290//531 281//506
f 291//532 292//533 290//531
f 292//533 293//534 290//531
f 290//531 293//534 265//471
f 293//534 262//465 265//471
f 293//534 294//535 262//465
f 292//533 294//535 293//534
f 262//465 294//535 297//536
f 292//533 295//537 294//535
f 295//537 296//538 294//535
f 296//538 297//536 294//535
f 262//465 297//536 259//458
f 259//458 297//536 152//265
f 296//538 298//539 297//536
f 297//536 298//539 152//265
f 298//539 144//256 152//265
f 143//257 144//256 298//539
f 143//257 298//539 299//540
f 299//540 298//539 296//538
f 135//249 143//257 299//540
f 135//249 299//540 300//541
f 300//541 299//540 296//538
f 301//542 300//541 295//537
f 300//541 296//538 295//537
f 135//249 300//541 133//247
f 133//247 300//541 301//542
f 301//542 295//537 292//533
f 129//243 301//542 302//543
f 129//243 133//247 301//542
f 302//543 301//542 292//533
f 303//544 302//543 292//533
f 131//244 302//543 303//544
f 131//244 129//243 302//543
f 303//544 292//533 291//532
f 306//545 131//244 303//544
f 304//546 303//544 291//532
f 305//547 303//544 304//546
f 306//545 303//544 305//547
f 307//548 306//549 28//550
f 308//551 306//552 307//553
f 28//550 306//549 305//554
f 308//551 309//555 306//552
f 309//556 131//244 306//545
f 308//230 310//230 309//230
f 310//557 131//244 309//556
f 310//558 312//559 311//560
f 310//557 311//561 131//244
f 312//230 310//230 308//230
f 311//560 312//559 29//562
f 29//38 312//563 308//564
f 130//245 131//244 311//561
f 311//565 30//566 130//567
f 311//565 29//568 30//566
f 29//38 308//564 307//569
f 28//37 29//38 307//569
f 304//570 313//571 305//572
f 305//572 313//571 28//573
f 28//37 313//574 27//36
f 27//36 313//574 314//575
f 313//576 304//577 314//578
f 316//579 314//575 315//580
f 314//578 318//581 315//582
f 317//583 314//575 316//579
f 27//36 314//575 317//583
f 314//578 304//577 318//581
f 315//582 318//581 280//504
f 318//584 281//506 280//505
f 318//584 291//532 281//506
f 304//546 291//532 318//584
f 319//585 27//36 317//583
f 17//26 319//585 317//583
f 17//26 317//583 316//579
f 26//35 27//36 319//585
f 319//586 20//586 320//586
f 319//587 320//588 322//589
f 17//26 20//27 319//585
f 26//590 319//591 321//592
f 321//592 319//591 322//593
f 320//588 20//594 322//589
f 20//595 22//596 322//597
f 322//597 22//596 321//598
f 321//599 23//599 26//599
f 321//600 22//600 23//600
f 323//601 17//26 316//579
f 315//580 323//601 316//579
f 324//602 16//25 323//601
f 16//25 17//26 323//601
f 324//602 323//601 315//580
f 325//603 9//603 324//603
f 9//604 16//25 324//602
f 325//605 324//606 326//607
f 326//608 324//602 315//580
f 326//607 327//609 325//605
f 326//608 315//580 327//610
f 2//3 325//605 327//609
f 328//611 2//106 327//612
f 328//611 327//612 280//504
f 280//504 327//612 315//582
f 269//490 2//106 328//611
f 270//613 328//614 277//615
f 270//481 269//480 328//616
f 328//611 280//504 277//499
f 2//3 4//2 325//605
f 4//2 9//12 325//617
f 279//502 254//449 251//443
f 270//613 277//615 276//618
f 271//483 256//527 276//523
f 236//402 223//491 275//493
f 275//503 251//443 236//437
f 219//375 217//377 274//619
f 219//378 274//620 223//382
f 216//621 274//619 217//377
f 271//483 257//482 256//527
f 269//490 7//489 2//106
f 265//468 264//467 267//476
f 259//458 152//265 155//269
f 236//437 251//443 246//438
f 236//402 225//404 223//491
f 196//345 233//395 231//394
f 200//353 329//622 233//395
f 196//345 200//353 233//395
f 232//399 233//398 329//623
f 232//624 329//625 229//626
f 329//625 228//627 229//626
f 200//353 212//365 329//622
f 212//365 228//389 329//622
f 6//628 215//371 330//629
f 330//629 215//371 12//21
f 330//629 331//630 6//628
f 10//20 330//631 12//21
f 10//20 331//632 330//631
f 5//633 331//632 10//20
f 5//9 6//8 331//634
f 204//357 188//635 332//636
f 204//357 332//636 334//637
f 204//357 199//351 188//635
f 333//638 204//357 334//637
f 333//638 335//639 204//357
f 204//357 335//639 203//356
f 336//640 335//639 337//641
f 59//83 335//639 336//640
f 335//639 338//642 337//641
f 335//639 333//638 338//642
f 203//356 335//639 59//83
f 339//643 337//644 338//645
f 338//646 333//647 339//648
f 339//648 333//647 340//649
f 341//650 337//644 339//643
f 341//120 339//651 340//120
f 342//576 341//120 340//120
f 342//652 343//653 341//654
f 341//654 343//653 344//655
f 341//654 344//655 345//656
f 337//641 341//654 345//656
f 345//656 344//655 348//657
f 347//658 345//656 346//659
f 345//656 348//657 346//659
f 347//658 336//640 345//656
f 336//640 337//641 345//656
f 346//659 348//657 349//660
f 350//661 349//662 348//663
f 350//661 348//663 352//664
f 352//664 348//663 351//665
f 344//655 351//666 348//657
f 165//276 163//277 352//667
f 163//277 354//668 352//667
f 352//664 351//665 355//669
f 352//667 353//670 350//671
f 352//667 354//668 353//670
f 352//664 355//669 165//672
f 351//666 356//673 355//674
f 355//675 356//676 357//677
f 355//669 357//678 165//672
f 357//677 356//676 359//679
f 357//678 170//680 165//672
f 170//680 357//678 358//681
f 358//682 357//682 359//682
f 358//683 359//684 188//334
f 359//684 332//685 188//334
f 356//686 332//685 359//684
f 188//334 170//327 358//683
f 356//673 351//666 343//653
f 332//636 356//673 343//653
f 354//668 360//687 353//670
f 361//688 360//687 354//668
f 163//277 361//688 354//668
f 361//688 362//689 360//687
f 361//688 363//690 362//689
f 160//273 363//690 361//688
f 163//277 160//273 361//688
f 363//690 154//267 364//691
f 363//690 364//691 362//689
f 160//273 154//267 363//690
f 154//267 150//263 364//691
f 364//691 150//263 147//261
f 362//689 364//691 365//692
f 365//692 364//691 147//261
f 365//692 366//693 367//694
f 365//692 147//261 366//693
f 360//687 362//689 365//692
f 360//687 365//692 369//695
f 365//692 367//694 368//696
f 369//695 365//692 368//696
f 353//670 360//687 369//695
f 353//670 369//695 370//697
f 369//695 368//696 371//698
f 370//697 369//695 371//698
f 373//699 371//700 368//701
f 372//702 370//697 371//698
f 373//699 372//703 371//700
f 374//704 372//703 373//699
f 376//705 374//706 373//707
f 375//708 373//709 368//710
f 376//711 373//709 375//708
f 377//712 376//713 76//714
f 76//714 376//713 375//715
f 377//712 378//716 376//713
f 378//717 374//706 376//705
f 377//712 380//718 378//716
f 378//719 379//719 374//719
f 381//720 379//721 378//722
f 381//720 378//722 380//723
f 383//724 382//725 381//726
f 382//727 384//728 381//729
f 381//720 380//723 383//730
f 384//731 379//721 381//720
f 384//731 387//732 379//721
f 382//727 385//733 384//728
f 385//734 386//734 384//734
f 384//735 386//736 83//737
f 387//738 384//735 83//737
f 388//739 387//738 83//737
f 388//739 370//697 387//738
f 372//702 387//738 370//697
f 387//740 372//703 374//704
f 379//741 387//740 374//704
f 388//742 81//126 71//104
f 388//742 71//104 73//111
f 388//742 73//111 349//662
f 388//742 349//662 350//661
f 350//671 370//697 388//739
f 388//742 83//127 81//126
f 386//736 385//743 389//744
f 83//737 386//736 389//744
f 389//744 392//745 390//746
f 391//747 389//744 390//746
f 83//737 389//744 391//747
f 389//744 385//743 392//745
f 390//746 392//745 138//252
f 385//743 393//748 392//745
f 392//745 140//254 138//252
f 393//748 140//254 392//745
f 393//748 394//749 141//255
f 394//750 393//751 396//752
f 393//748 141//255 140//254
f 393//751 385//753 395//754
f 396//752 393//751 395//754
f 395//755 397//756 396//752
f 396//752 397//756 394//750
f 79//757 398//758 397//759
f 79//757 397//759 383//760
f 398//761 394//750 397//756
f 397//756 395//755 383//762
f 398//761 400//763 394//750
f 75//764 398//758 79//757
f 75//764 399//765 398//758
f 399//766 400//763 398//761
f 366//693 400//767 367//694
f 400//767 366//693 141//255
f 400//767 141//255 394//749
f 399//766 367//768 400//763
f 75//764 375//715 399//765
f 367//769 399//770 375//771
f 383//724 395//772 382//725
f 382//773 395//754 385//753
f 391//747 390//746 401//774
f 83//737 391//747 401//774
f 401//775 84//128 83//127
f 401//774 114//202 109//201
f 390//746 114//202 401//774
f 402//776 110//777 401//775
f 401//775 110//777 84//128
f 401//774 109//201 402//778
f 110//189 402//779 109//190
f 390//746 138//252 114//202
f 377//712 383//760 380//718
f 79//757 383//760 377//712
f 377//780 71//781 81//782
f 76//783 71//781 377//780
f 377//784 81//784 79//784
f 367//769 375//771 368//785
f 76//714 375//715 75//764
f 350//671 353//670 370//697
f 366//693 147//261 145//259
f 366//693 145//259 141//255
f 343//653 351//666 344//655
f 73//786 346//659 349//787
f 403//788 347//658 346//659
f 62//84 336//640 347//658
f 66//97 62//84 347//658
f 66//97 347//658 403//788
f 72//789 66//789 403//789
f 403//788 404//790 72//110
f 404//790 403//788 346//659
f 404//790 346//659 73//786
f 404//790 73//112 72//110
f 342//791 334//791 343//791
f 332//636 343//653 334//637
f 342//792 340//793 334//794
f 334//794 340//793 333//795
f 62//84 59//83 336//640
f 57//82 203//356 59//83
f 405//796 199//797 191//798
f 199//797 197//799 191//798
f 188//635 199//351 189//800
f 189//801 199//801 405//801
f 187//333 189//332 405//802
f 191//798 187//803 405//796
f 181//804 192//805 194//422
f 181//804 194//422 176//301
f 176//301 194//422 174//296
f 193//806 187//803 191//798
f 181//804 180//807 192//805
f 192//808 180//808 185//808
f 185//809 180//314 182//316
f 154//267 149//262 150//263
f 114//202 138//252 136//250
f 114//202 136//250 115//203
f 407//810 127//240 130//245
f 130//811 30//812 406//813
f 130//811 406//813 407//814
f 406//230 408//230 407//230
f 408//815 127//240 407//810
f 408//816 31//817 127//818
f 408//816 409//819 31//817
f 409//230 408//230 406//230
f 30//39 409//820 406//821
f 30//39 31//40 409//820
f 127//822 31//822 34//822
f 115//203 120//227 117//208
f 107//184 84//129 110//193
f 96//160 107//184 97//163
f 96//160 84//129 107//184
f 106//183 35//44 410//823
f 106//183 34//43 35//44
f 106//183 410//823 44//67
f 106//183 46//69 102//171
f 46//69 106//183 44//67
f 410//824 35//825 411//826
f 44//64 410//824 411//826
f 412//827 411//827 35//827
f 411//826 412//828 41//829
f 44//64 411//826 42//65
f 42//65 411//826 41//829
f 36//45 412//830 35//46
f 413//831 41//829 412//828
f 36//45 413//832 412//830
f 40//833 413//832 36//45
f 413//834 40//59 41//58
f 96//160 85//130 84//129
f 95//161 46//69 48//72
f 48//72 55//79 95//161
f 66//97 63//92 62//84
f 53//77 51//75 50//74
f 19//29 45//70 24//34
f 18//28 45//70 19//29
f 5//7 10//835 3//5
f 417//836 415//837 414//838
f 414//838 415//837 422//839
f 416//840 414//841 421//842
f 416//840 417//843 414//841
f 414//841 419//844 418//845
f 421//842 414//841 418//845
f 420//846 419//844 414//841
f 414//841 422//847 420//846
f 423//848 420//849 422//850
f 423//848 422//850 424//851
f 424//852 422//852 415//852
f 425//853 423//854 424//855
f 424//856 427//857 425//858
f 424//859 415//859 426//859
f 426//860 427//857 424//856
f 425//861 427//862 430//863
f 428//864 427//865 431//866
f 429//867 427//868 428//869
f 430//870 427//868 429//867
f 426//871 432//871 427//871
f 431//872 427//873 432//874
f 432//874 434//875 431//872
f 432//876 426//877 417//843
f 433//878 432//876 417//843
f 433//878 434//879 432//876
f 434//880 435//881 436//882
f 419//844 435//883 434//884
f 431//872 434//875 436//885
f 419//886 434//886 433//886
f 435//881 439//887 436//882
f 436//888 437//889 428//864
f 436//888 438//890 437//889
f 439//891 438//890 436//888
f 428//864 431//866 436//888
f 438//890 439//891 440//892
f 435//893 440//894 439//895
f 423//854 440//894 435//893
f 440//896 441//897 438//898
f 441//899 440//900 425//861
f 440//894 423//854 425//853
f 441//901 429//902 442//230
f 438//898 441//897 442//903
f 441//899 425//861 430//863
f 430//904 429//902 441//901
f 442//905 443//906 444//907
f 443//906 442//905 429//908
f 442//905 444//907 437//909
f 438//898 442//903 437//910
f 443//911 447//912 444//913
f 445//914 444//913 447//912
f 444//915 445//916 446//917
f 437//909 444//907 446//918
f 443//919 448//919 447//919
f 445//920 447//921 448//922
f 446//923 448//924 443//925
f 448//924 446//923 449//926
f 449//927 445//920 448//922
f 446//917 445//916 449//928
f 429//908 446//918 443//906
f 446//918 429//908 428//929
f 437//909 446//918 428//929
f 419//844 420//846 435//883
f 423//930 435//883 420//846
f 450//931 433//878 417//843
f 450//931 452//932 433//878
f 452//933 451//934 433//935
f 433//935 451//934 419//936
f 453//937 452//932 450//931
f 453//937 454//938 452//932
f 454//939 457//940 452//933
f 452//933 455//941 456//942
f 452//933 457//940 455//941
f 452//933 456//942 451//934
f 454//939 460//943 457//940
f 458//944 457//944 459//944
f 455//941 457//940 458//945
f 459//946 457//946 460//946
f 462//947 460//943 454//939
f 462//947 461//948 460//943
f 460//943 461//948 459//949
f 463//950 461//948 462//947
f 462//951 467//952 463//953
f 454//938 466//954 462//955
f 462//956 465//956 464//956
f 464//957 467//958 462//959
f 462//960 466//961 465//962
f 467//952 468//963 463//953
f 469//964 468//965 467//958
f 467//958 464//957 469//964
f 469//966 464//967 470//968
f 473//969 469//970 470//971
f 468//972 469//973 471//974
f 472//975 471//976 469//977
f 472//978 469//970 473//969
f 478//230 473//230 474//230
f 473//979 477//980 474//981
f 473//969 470//971 475//982
f 476//983 473//979 475//984
f 473//979 476//983 477//980
f 472//230 473//230 478//230
f 478//985 471//976 472//975
f 478//985 480//986 471//976
f 479//987 478//988 474//989
f 480//990 478//988 479//987
f 466//961 480//991 465//962
f 481//992 480//991 466//961
f 482//993 480//994 481//995
f 480//994 482//993 471//996
f 479//997 465//998 480//999
f 482//1000 483//1001 453//937
f 481//1002 483//1001 482//1000
f 484//1003 482//1004 453//1005
f 485//1006 482//1004 484//1003
f 482//1007 485//1008 486//1009
f 471//1010 482//1007 486//1009
f 486//1011 485//1011 468//1011
f 468//972 471//974 486//1012
f 484//1003 487//1013 485//1006
f 487//1014 468//963 485//1015
f 488//1016 463//953 487//1014
f 489//1017 488//1016 487//1014
f 489//1017 487//1014 490//1018
f 463//953 468//963 487//1014
f 490//1018 487//1014 484//1019
f 489//230 490//230 416//230
f 416//230 490//230 491//230
f 490//1018 484//1019 491//1020
f 491//1020 492//1021 450//931
f 491//1020 484//1019 492//1021
f 491//1020 450//931 493//1022
f 416//230 491//230 493//230
f 493//1022 450//931 417//843
f 493//1022 417//843 416//840
f 492//1023 453//1005 450//1024
f 484//1003 453//1005 492//1023
f 416//230 494//230 489//230
f 494//1025 488//1016 489//1017
f 416//230 497//230 494//230
f 494//1025 495//1026 488//1016
f 494//1027 496//1028 495//1029
f 497//1030 496//1028 494//1027
f 500//230 497//230 416//230
f 497//1030 498//1031 496//1028
f 497//1030 499//1032 498//1031
f 500//1033 499//1032 497//1030
f 416//230 502//230 500//230
f 500//1033 501//1034 499//1032
f 502//1035 501//1034 500//1033
f 502//1035 503//1036 501//1034
f 504//1037 503//1036 502//1035
f 504//230 502//230 416//230
f 504//1037 505//1038 503//1036
f 421//842 505//1038 504//1037
f 416//230 421//230 504//230
f 418//845 506//1039 505//1038
f 505//1038 506//1039 507//1040
f 421//842 418//845 505//1038
f 505//1038 507//1040 503//1036
f 506//1041 508//1042 507//1043
f 511//1044 507//1043 508//1042
f 509//1045 510//1046 507//1040
f 513//1047 509//1045 507//1040
f 507//1040 510//1046 503//1036
f 511//1044 512//1048 507//1043
f 512//1049 513//1049 507//1049
f 514//1050 513//1050 516//1050
f 513//1051 514//1052 509//1053
f 512//1054 515//1055 513//1056
f 513//1057 515//1057 516//1057
f 516//1058 517//1059 520//1060
f 517//1059 516//1058 519//1061
f 518//1062 516//1063 515//1064
f 519//1065 516//1063 518//1062
f 516//1058 520//1060 514//1066
f 514//1066 520//1060 521//1067
f 520//1068 524//1069 521//1070
f 517//1071 522//1072 520//1073
f 522//1074 523//1075 520//1068
f 520//1068 523//1075 524//1069
f 524//1069 525//1076 521//1070
f 525//1076 524//1069 528//1077
f 524//1078 526//1079 528//1080
f 524//1081 527//1082 526//1083
f 523//1084 527//1082 524//1081
f 528//1077 522//1074 525//1076
f 522//1074 528//1077 523//1075
f 527//1085 528//1086 529//1087
f 527//1085 523//1088 528//1086
f 528//1080 526//1079 529//1089
f 527//1090 529//1090 526//1090
f 530//1091 521//1092 525//1093
f 525//1093 532//1094 530//1091
f 532//230 525//230 531//230
f 531//230 525//230 522//230
f 532//1095 533//1095 530//1095
f 534//1096 533//1097 532//1098
f 531//1099 534//1096 532//1098
f 536//1100 533//1101 534//1102
f 531//1099 519//1103 534//1096
f 519//1104 535//1105 534//1106
f 534//1106 535//1105 536//1107
f 535//1108 539//1108 536//1108
f 537//1109 533//1101 536//1100
f 536//1110 538//1111 537//1112
f 539//1113 538//1113 536//1113
f 503//1114 539//1115 501//1116
f 538//1117 539//1115 503//1114
f 535//1105 518//1118 539//1119
f 501//1034 539//1120 518//1121
f 510//1122 537//1112 538//1111
f 503//1036 510//1046 538//1123
f 533//1124 537//1125 509//1053
f 510//1122 509//1126 537//1112
f 518//1118 535//1105 519//1104
f 514//1052 533//1124 509//1053
f 533//1127 514//1066 530//1128
f 517//1071 531//1129 522//1072
f 519//1130 531//1129 517//1071
f 530//1128 514//1066 521//1067
f 518//1121 512//1054 501//1034
f 512//1054 518//1121 515//1055
f 541//1131 512//1048 511//1044
f 501//1034 512//1054 499//1032
f 499//1032 512//1054 540//1132
f 512//1048 541//1131 540//1133
f 542//1134 543//1135 541//1131
f 541//1131 511//1044 542//1134
f 540//1136 541//1136 543//1136
f 543//1135 542//1134 544//1137
f 546//1138 543//1139 544//1140
f 545//1141 540//1142 543//1143
f 546//1144 545//1144 543//1144
f 547//1145 546//1146 548//1147
f 546//1146 547//1145 545//1141
f 546//1138 544//1140 548//1148
f 550//1149 548//1147 549//1150
f 548//1151 544//1151 549//1151
f 552//1152 548//1147 550//1149
f 547//1145 548//1147 551//1153
f 551//1153 548//1147 552//1152
f 553//1154 552//1152 550//1149
f 553//1154 554//1155 552//1152
f 555//1156 551//1156 552//1156
f 555//1157 552//1157 554//1157
f 556//1158 551//1153 555//1159
f 555//1159 558//1160 556//1158
f 555//1159 557//1161 558//1160
f 554//1155 557//1161 555//1159
f 561//1162 559//1163 558//1164
f 558//1164 559//1163 560//1165
f 558//1166 560//1166 556//1166
f 561//1162 558//1164 495//1026
f 495//1026 558//1164 557//1167
f 561//1168 565//1169 559//1170
f 495//1026 562//1171 561//1162
f 563//1172 561//1173 562//1174
f 563//1172 564//1175 561//1173
f 561//1168 564//1176 565//1169
f 559//1177 565//1178 560//1179
f 566//1180 565//1181 564//1182
f 566//1180 567//1183 565//1181
f 560//1179 565//1178 567//1184
f 560//1185 567//1186 568//1187
f 569//1188 568//1187 567//1186
f 570//1189 569//1190 567//1183
f 567//1183 571//1191 570//1189
f 567//1183 566//1180 571//1191
f 566//1192 572//1193 571//1194
f 572//1195 573//1196 571//1197
f 571//1197 573//1196 574//1198
f 571//1197 574//1198 570//1199
f 575//1200 574//1200 573//1200
f 579//1201 574//1201 575//1201
f 574//1198 576//1202 570//1199
f 576//1202 574//1198 578//1203
f 574//1204 577//1205 578//1206
f 574//1204 579//1207 577//1205
f 575//1208 580//1209 579//1210
f 580//1209 577//1211 579//1210
f 578//1212 580//1212 573//1212
f 575//1213 573//1213 580//1213
f 578//1214 577//1214 580//1214
f 576//1202 578//1203 572//1195
f 572//1195 578//1203 573//1196
f 581//230 576//230 572//230
f 576//1215 582//1216 570//1217
f 581//1218 582//1216 576//1215
f 584//1219 582//1220 583//1221
f 583//1222 582//1223 581//1224
f 585//1225 582//1220 584//1219
f 582//1226 585//1227 568//1187
f 569//1188 582//1226 568//1187
f 582//1228 569//1190 570//1189
f 587//1229 585//1229 584//1229
f 585//1230 586//1231 568//1232
f 586//1231 585//1230 498//1233
f 498//1233 585//1230 587//1234
f 587//1235 562//1236 496//1237
f 498//1238 587//1235 496//1237
f 562//1239 587//1239 584//1239
f 588//1240 586//1231 498//1233
f 586//1231 556//1241 568//1232
f 556//1241 586//1231 588//1240
f 588//1240 589//1242 556//1241
f 590//1243 589//1242 588//1240
f 588//1240 498//1233 590//1243
f 499//1032 540//1132 590//1243
f 499//1244 590//1244 498//1244
f 590//1243 540//1132 589//1242
f 551//1153 589//1245 547//1145
f 556//1158 589//1245 551//1153
f 547//1145 589//1245 545//1141
f 545//1141 589//1245 540//1142
f 583//1246 563//1172 584//1247
f 563//1248 562//1248 584//1248
f 591//1249 583//1222 581//1224
f 564//1175 563//1172 583//1246
f 591//1249 564//1250 583//1222
f 581//230 572//230 591//230
f 564//1251 591//1252 566//1192
f 566//1192 591//1252 572//1193
f 556//1241 560//1253 568//1232
f 495//1254 496//1237 562//1236
f 488//1016 557//1167 463//953
f 554//1155 463//950 557//1161
f 495//1026 557//1167 488//1016
f 553//1154 592//1255 554//1155
f 592//1255 463//950 554//1155
f 592//1255 553//1154 463//950
f 463//950 553//1154 461//948
f 593//1256 553//1154 550//1149
f 461//948 553//1154 593//1256
f 459//949 593//1256 458//945
f 459//949 461//948 593//1256
f 593//1256 594//1257 458//945
f 593//1256 550//1149 594//1257
f 595//1258 594//1258 550//1258
f 596//1259 594//1259 595//1259
f 455//941 458//945 594//1257
f 596//1260 455//1260 594//1260
f 456//1261 596//1261 597//1261
f 596//1262 598//1263 597//1264
f 455//1265 596//1265 456//1265
f 595//1266 598//1263 596//1262
f 600//1267 598//1263 595//1266
f 599//1268 598//1268 600//1268
f 451//1269 598//1269 599//1269
f 451//1270 597//1270 598//1270
f 595//1266 602//1271 600//1267
f 599//1272 600//1272 601//1272
f 601//1273 600//1273 602//1273
f 602//1271 595//1266 603//1274
f 603//1275 604//1275 602//1275
f 602//1276 604//1276 601//1276
f 601//1277 604//1278 506//1041
f 506//1041 604//1278 508//1042
f 508//1042 604//1278 605//1279
f 604//1280 606//1280 605//1280
f 604//1281 603//1282 606//1283
f 544//1137 542//1134 606//1283
f 606//1283 603//1282 544//1137
f 542//1134 605//1284 606//1283
f 542//1134 508//1042 605//1279
f 549//1285 544//1285 603//1285
f 549//1150 603//1274 595//1266
f 506//1041 599//1286 601//1277
f 419//936 451//934 599//1286
f 419//936 599//1286 506//1041
f 456//1287 597//1287 451//1287
f 550//1149 549//1150 595//1266
f 542//1134 511//1044 508//1042
f 418//845 419//844 506//1039
f 483//1001 481//1002 453//937
f 481//1002 454//938 453//937
f 481//1002 466//954 454//938
f 479//987 474//989 607//1288
f 465//998 479//997 607//1289
f 474//981 477//980 607//1290
f 607//1289 475//1291 464//967
f 607//1290 608//1292 475//984
f 465//998 607//1289 464//967
f 607//1290 477//980 608//1292
f 475//984 608//1292 476//983
f 609//1293 476//1294 608//1295
f 609//1293 608//1295 610//1296
f 610//1297 608//1298 477//1299
f 611//1300 609//1300 610//1300
f 610//1297 477//1299 611//1301
f 477//1302 609//1303 611//1304
f 476//1305 609//1303 477//1302
f 464//967 475//1291 470//968
f 616//1306 430//1307 612//1308
f 612//1308 430//1307 613//1309
f 613//1310 430//1311 618//1312
f 614//1313 430//1314 616//1315
f 615//1316 430//1311 614//1317
f 430//1311 615//1316 617//1318
f 430//1311 617//1318 618//1312
f 622//1319 613//1310 618//1312
f 619//1320 618//1312 620//1321
f 622//1319 618//1312 619//1320
f 618//1312 621//1322 620//1321
f 618//1312 617//1318 621//1322
f 623//1323 613//1310 622//1319
f 625//1324 623//1323 622//1319
f 624//1325 622//1319 619//1320
f 624//1325 625//1324 622//1319
f 626//1326 625//1324 624//1325
f 629//1327 625//1324 626//1326
f 625//1324 628//1328 623//1323
f 627//1329 628//1328 625//1324
f 629//1327 627//1329 625//1324
f 630//1330 629//1327 626//1326
f 631//1331 627//1329 629//1327
f 632//1332 629//1327 630//1330
f 632//1332 631//1331 629//1327
f 632//1332 630//1330 636//1333
f 633//1334 632//1332 636//1333
f 637//1335 632//1336 633//1337
f 634//1338 635//1339 632//1340
f 637//1341 634//1338 632//1340
f 635//1342 631//1343 632//1344
f 640//1345 637//1335 633//1337
f 638//1346 634//1338 637//1341
f 637//1341 639//1347 638//1346
f 639//1348 637//1335 640//1345
f 640//1345 633//1337 641//1349
f 642//1350 640//1345 641//1349
f 643//1351 639//1352 640//1353
f 643//1354 640//1345 642//1350
f 643//1351 649//1355 644//1356
f 639//1352 643//1351 644//1356
f 649//1355 643//1351 645//1357
f 645//1357 643//1351 648//1358
f 647//1359 643//1360 646//1361
f 643//1360 642//1362 646//1361
f 643//1363 647//1363 648//1363
f 650//1364 644//1364 649//1364
f 650//1365 649//1366 645//1367
f 650//1365 645//1367 651//1368
f 653//1369 650//1370 651//1371
f 652//1372 650//1373 653//1374
f 652//1372 654//1375 650//1373
f 654//1376 644//1376 650//1376
f 652//1377 656//1378 654//1379
f 656//1380 655//1381 654//1382
f 654//1383 655//1383 644//1383
f 657//1384 651//1384 656//1384
f 651//1385 658//1386 656//1387
f 657//1388 656//1378 652//1377
f 656//1380 658//1389 655//1381
f 651//1385 645//1390 658//1386
f 659//1391 658//1392 645//1357
f 655//1393 658//1392 659//1391
f 659//1391 645//1357 648//1358
f 655//1393 659//1391 639//1352
f 648//1358 660//1394 659//1391
f 660//1395 639//1395 659//1395
f 648//1358 647//1359 660//1394
f 663//1396 660//1394 647//1359
f 661//1397 660//1394 663//1396
f 661//1397 662//1398 660//1394
f 662//1398 638//1346 660//1394
f 639//1347 660//1394 638//1346
f 663//1396 647//1359 664//1399
f 664//1400 665//1401 663//1402
f 665//1401 661//1403 663//1402
f 665//1401 671//1404 666//1405
f 665//1401 666//1405 661//1403
f 667//1406 671//1407 665//1408
f 668//1409 667//1406 665//1408
f 669//1410 668//1409 665//1408
f 669//1411 665//1411 670//1411
f 670//1412 665//1401 664//1400
f 671//1404 672//1413 666//1405
f 671//1404 675//1414 672//1413
f 667//1406 673//1415 671//1407
f 673//1416 674//1416 671//1416
f 671//1404 674//1417 675//1414
f 675//1418 676//1419 672//1420
f 675//1418 677//1421 676//1419
f 678//1422 677//1421 675//1418
f 675//1414 674//1417 678//1423
f 678//1422 679//1424 677//1421
f 680//1425 679//1424 678//1422
f 681//1426 680//1425 678//1423
f 674//1417 681//1426 678//1423
f 682//1427 684//1428 681//1429
f 682//1427 681//1429 674//1430
f 681//1426 683//1431 680//1425
f 681//1432 684//1432 683//1432
f 684//1433 685//1434 686//1435
f 684//1436 690//1436 685//1436
f 684//1433 686//1435 687//1437
f 683//1431 684//1433 687//1437
f 682//1427 689//1438 684//1428
f 688//1439 690//1440 684//1428
f 689//1438 688//1439 684//1428
f 690//1441 692//1442 691//1443
f 685//1434 690//1441 691//1443
f 693//1444 692//1445 690//1440
f 688//1439 693//1444 690//1440
f 693//1444 694//1446 692//1445
f 695//1447 694//1448 693//1449
f 696//1450 695//1447 693//1449
f 696//1450 693//1449 688//1451
f 697//1452 695//1447 696//1450
f 617//1318 697//1452 696//1450
f 617//1318 696//1450 621//1322
f 621//1322 696//1450 688//1451
f 702//1453 697//1452 617//1318
f 697//1452 701//1454 695//1447
f 697//1452 700//1455 698//1456
f 697//1452 698//1456 701//1454
f 699//1457 700//1455 697//1452
f 702//1453 699//1457 697//1452
f 702//1453 703//1458 699//1457
f 704//1459 703//1458 702//1453
f 614//1317 704//1459 702//1453
f 614//1317 702//1453 615//1316
f 615//1316 702//1453 617//1318
f 705//1460 703//1458 704//1459
f 706//1461 705//1460 704//1459
f 706//1461 704//1459 614//1317
f 707//1462 705//1460 706//1463
f 708//1464 707//1462 706//1463
f 708//1464 706//1463 711//1465
f 706//1466 709//1467 710//1468
f 616//1469 709//1467 706//1466
f 706//1466 710//1468 711//1470
f 616//1315 706//1471 614//1313
f 708//1464 711//1465 627//1329
f 627//1329 711//1472 628//1328
f 711//1470 710//1468 712//1473
f 712//1473 612//1474 711//1470
f 612//1475 713//1476 711//1477
f 711//1472 713//1478 628//1328
f 623//1323 628//1328 713//1478
f 623//1323 713//1478 613//1310
f 612//1475 613//1479 713//1476
f 612//1474 712//1473 715//1480
f 715//1481 712//1482 714//1483
f 712//1482 716//1484 714//1483
f 710//1485 716//1486 712//1487
f 716//1488 717//1489 714//1490
f 716//1488 718//1491 717//1489
f 710//1485 719//1492 716//1486
f 719//1493 718//1494 716//1495
f 720//1496 718//1494 719//1493
f 721//1497 720//1497 719//1497
f 709//1498 719//1499 710//1500
f 709//1498 721//1501 719//1499
f 721//1502 709//1503 715//1504
f 721//1502 715//1504 714//1505
f 721//1506 722//1506 720//1506
f 714//1507 722//1507 721//1507
f 723//1508 722//1509 717//1510
f 725//1511 722//1509 723//1508
f 726//1512 720//1513 722//1509
f 726//1512 722//1509 724//1514
f 724//1514 722//1509 725//1511
f 714//1515 717//1515 722//1515
f 727//1516 726//1512 731//1517
f 727//1516 720//1513 726//1512
f 726//1512 724//1514 728//1518
f 726//1512 728//1518 729//1519
f 730//1520 726//1512 729//1519
f 731//1517 726//1512 730//1521
f 727//1516 731//1517 732//1522
f 732//1522 731//1517 733//1523
f 733//1524 731//1525 730//1526
f 732//1522 733//1523 734//1527
f 734//1527 733//1523 735//1528
f 730//1526 729//1529 733//1524
f 733//1524 736//1530 735//1531
f 733//1524 729//1529 736//1530
f 738//1532 737//1533 736//1534
f 737//1535 735//1531 736//1530
f 739//1536 738//1532 736//1534
f 739//1536 736//1534 728//1518
f 728//1518 736//1534 729//1519
f 739//1537 741//1538 738//1539
f 740//1540 741//1538 739//1537
f 740//1540 739//1537 728//1541
f 738//1542 741//1543 745//1544
f 745//1544 741//1543 742//1545
f 743//1546 742//1547 741//1548
f 741//1548 744//1549 743//1546
f 740//1550 744//1549 741//1548
f 745//1551 746//1552 738//1532
f 746//1552 745//1551 747//1553
f 745//1554 742//1555 748//1556
f 747//1553 745//1551 749//1557
f 748//1556 749//1558 745//1554
f 749//1559 750//1560 751//1561
f 748//1562 750//1560 749//1559
f 747//1553 749//1557 751//1563
f 751//1563 758//1564 752//1565
f 752//1565 759//1566 751//1563
f 750//1567 753//1568 751//1569
f 751//1569 753//1568 754//1570
f 751//1563 759//1566 747//1553
f 755//1571 751//1563 754//1572
f 755//1571 756//1573 751//1563
f 751//1563 756//1573 757//1574
f 757//1574 758//1564 751//1563
f 761//1575 760//1576 759//1576
f 759//1576 760//1576 763//1577
f 752//1565 762//1578 759//1566
f 762//1579 761//1580 759//1581
f 747//1553 759//1566 763//1582
f 763//1583 760//1584 764//1585
f 763//1582 764//1586 747//1553
f 768//1587 764//1586 765//1588
f 764//1585 766//1589 765//1590
f 764//1585 767//1591 766//1589
f 764//1585 760//1584 767//1591
f 747//1553 764//1586 768//1587
f 737//1533 769//1592 768//1587
f 770//1593 768//1593 769//1593
f 771//1594 768//1594 770//1594
f 768//1587 765//1588 737//1533
f 771//1595 747//1595 768//1595
f 772//1596 773//1597 771//1596
f 772//1596 771//1596 770//1598
f 773//1599 747//1599 771//1599
f 772//1600 746//1600 773//1600
f 773//1601 746//1601 747//1601
f 772//1602 769//1602 746//1602
f 770//1603 769//1603 772//1603
f 738//1532 746//1552 769//1592
f 738//1532 769//1592 737//1533
f 774//1604 767//1605 760//1606
f 775//1607 767//1605 774//1604
f 775//1607 776//1608 767//1605
f 776//1608 766//1609 767//1605
f 766//1610 776//1611 765//1612
f 765//1612 776//1611 778//1613
f 777//1614 776//1615 775//1616
f 778//1617 776//1615 777//1614
f 781//1618 765//1588 778//1619
f 778//1619 779//1620 781//1618
f 779//1620 778//1619 780//1621
f 780//1621 778//1619 777//1622
f 782//1623 785//1624 781//1625
f 784//1626 782//1623 781//1625
f 783//1627 765//1588 781//1618
f 781//1625 785//1624 783//1628
f 781//1618 779//1620 784//1629
f 685//1434 786//1630 785//1631
f 685//1434 785//1631 686//1435
f 783//1628 785//1624 786//1632
f 686//1633 785//1624 782//1623
f 783//1628 786//1632 737//1535
f 737//1535 786//1632 787//1634
f 786//1630 685//1434 691//1443
f 691//1443 787//1635 786//1630
f 691//1443 788//1636 787//1635
f 735//1531 787//1634 788//1637
f 737//1535 787//1634 735//1531
f 691//1443 789//1638 788//1636
f 734//1527 788//1636 789//1638
f 734//1527 735//1528 788//1636
f 790//1639 791//1640 789//1638
f 790//1639 789//1638 692//1641
f 792//1642 789//1638 791//1640
f 734//1527 789//1638 792//1642
f 692//1641 789//1638 691//1443
f 792//1643 793//1644 796//1645
f 792//1642 791//1640 793//1646
f 734//1527 792//1642 794//1647
f 794//1648 792//1643 795//1649
f 792//1643 796//1645 795//1649
f 796//1650 798//1651 797//1652
f 795//1653 796//1650 797//1652
f 796//1650 799//1654 798//1651
f 793//1644 799//1655 796//1645
f 799//1654 800//1656 798//1651
f 799//1655 802//1657 800//1658
f 801//1659 802//1657 799//1655
f 793//1644 801//1659 799//1655
f 801//1660 803//1661 802//1662
f 802//1662 803//1661 808//1663
f 804//1664 807//1665 802//1666
f 802//1667 808//1667 804//1667
f 802//1657 805//1668 800//1658
f 802//1666 806//1669 805//1670
f 807//1665 806//1669 802//1666
f 810//1671 808//1663 809//1672
f 809//1672 808//1663 803//1661
f 810//1671 811//1673 808//1663
f 812//1674 808//1663 811//1673
f 804//1664 808//1663 812//1674
f 812//1674 814//1675 813//1676
f 812//1674 813//1676 807//1665
f 812//1674 807//1665 804//1664
f 805//1670 814//1675 812//1674
f 811//1677 805//1677 812//1677
f 814//1675 805//1670 806//1669
f 815//1678 814//1679 806//1680
f 816//1681 814//1679 815//1678
f 816//1682 813//1683 814//1684
f 818//1685 817//1686 816//1687
f 817//1688 813//1683 816//1682
f 818//1689 816//1690 819//1691
f 815//1692 819//1691 816//1690
f 822//1693 818//1694 819//1695
f 819//1696 815//1696 821//1696
f 820//1697 819//1695 821//1698
f 822//1693 819//1695 820//1697
f 822//1699 826//1700 823//1701
f 823//1702 818//1694 822//1693
f 800//1656 822//1703 820//1704
f 822//1703 824//1705 825//1706
f 800//1656 824//1705 822//1703
f 826//1707 822//1703 825//1706
f 826//1707 825//1706 828//1708
f 826//1700 827//1709 823//1701
f 826//1707 828//1708 827//1710
f 828//1708 829//1711 830//1712
f 828//1708 831//1713 829//1711
f 827//1710 828//1708 830//1712
f 825//1706 831//1713 828//1708
f 831//1713 833//1714 829//1711
f 825//1706 832//1715 831//1713
f 832//1715 833//1714 831//1713
f 833//1714 834//1716 836//1717
f 835//1718 834//1716 833//1714
f 838//1719 835//1718 833//1714
f 833//1714 837//1720 829//1711
f 833//1714 836//1717 837//1720
f 832//1715 838//1719 833//1714
f 839//1721 840//1722 838//1719
f 824//1705 839//1721 838//1719
f 840//1722 835//1718 838//1719
f 824//1705 838//1719 832//1715
f 840//1722 841//1723 842//1724
f 843//1725 841//1723 840//1722
f 840//1722 842//1724 835//1718
f 843//1725 840//1722 839//1721
f 843//1725 844//1726 841//1723
f 845//1727 844//1728 843//1729
f 847//1730 845//1727 843//1729
f 846//1731 843//1725 839//1721
f 847//1730 843//1729 846//1732
f 849//1733 847//1730 846//1732
f 848//1734 847//1735 849//1736
f 850//1737 847//1735 848//1734
f 850//1737 845//1738 847//1735
f 851//1739 850//1737 848//1734
f 852//1740 850//1737 851//1739
f 853//1741 850//1737 852//1740
f 853//1741 845//1738 850//1737
f 856//1742 854//1743 853//1741
f 853//1741 854//1743 855//1744
f 853//1741 855//1744 845//1738
f 852//1740 856//1742 853//1741
f 857//1745 856//1742 861//1746
f 860//1747 856//1742 857//1745
f 862//1748 856//1742 858//1749
f 858//1749 856//1742 859//1750
f 860//1747 859//1750 856//1742
f 861//1746 856//1742 852//1740
f 854//1751 856//1751 862//1751
f 858//1749 864//1752 862//1748
f 863//1753 862//1748 864//1752
f 862//1748 863//1753 854//1754
f 865//1755 863//1756 864//1757
f 865//1758 864//1759 866//1760
f 858//1749 866//1761 864//1752
f 867//1762 866//1762 868//1762
f 865//1758 866//1760 867//1763
f 869//1764 868//1765 866//1761
f 866//1761 858//1749 869//1764
f 869//1764 870//1766 868//1765
f 870//1766 869//1764 873//1767
f 872//1768 871//1769 869//1764
f 871//1769 873//1767 869//1764
f 869//1764 859//1750 872//1768
f 859//1770 869//1770 858//1770
f 873//1767 874//1771 876//1772
f 873//1767 875//1773 874//1771
f 870//1766 873//1767 876//1772
f 871//1769 875//1774 873//1767
f 876//1775 874//1776 877//1777
f 876//1775 877//1777 878//1778
f 844//1726 876//1775 878//1778
f 854//1779 876//1772 844//1728
f 854//1779 870//1766 876//1772
f 878//1778 877//1777 879//1780
f 878//1778 879//1780 884//1781
f 880//1782 883//1783 878//1784
f 878//1785 884//1786 880//1787
f 878//1784 883//1783 881//1788
f 878//1784 881//1788 882//1789
f 844//1726 878//1778 882//1790
f 884//1781 879//1780 885//1791
f 884//1786 886//1792 880//1787
f 884//1781 885//1791 886//1793
f 889//1794 880//1795 886//1796
f 886//1793 885//1791 887//1797
f 886//1793 887//1797 888//1798
f 890//1799 886//1793 888//1798
f 890//1800 889//1794 886//1796
f 889//1801 890//1802 892//1803
f 891//1804 892//1805 890//1799
f 891//1804 890//1799 888//1798
f 841//1723 882//1790 892//1805
f 841//1723 892//1805 842//1724
f 889//1801 892//1803 882//1806
f 842//1724 892//1805 891//1804
f 834//1716 891//1804 836//1717
f 836//1717 891//1804 893//1807
f 891//1804 888//1798 893//1807
f 842//1724 891//1804 834//1716
f 836//1717 893//1807 894//1808
f 894//1808 893//1807 896//1809
f 893//1807 895//1810 896//1809
f 893//1807 888//1798 895//1810
f 896//1809 895//1810 901//1811
f 896//1809 902//1812 897//1813
f 899//1814 896//1809 897//1813
f 896//1809 898//1815 902//1812
f 896//1809 901//1811 898//1815
f 896//1809 899//1814 900//1816
f 900//1816 894//1808 896//1809
f 897//1817 902//1818 903//1819
f 902//1818 898//1820 903//1819
f 903//1819 898//1820 861//1821
f 903//1822 861//1823 904//1824
f 903//1822 904//1824 905//1825
f 906//1826 903//1827 905//1828
f 907//1829 903//1827 906//1826
f 907//1830 897//1831 903//1832
f 908//1833 897//1831 907//1830
f 911//1834 908//1833 907//1830
f 907//1829 906//1826 909//1835
f 910//1836 907//1829 909//1835
f 912//1837 907//1838 910//1839
f 911//1834 907//1830 912//1840
f 912//1837 910//1839 810//1841
f 915//1842 912//1840 913//1843
f 913//1844 912//1837 810//1841
f 914//1845 911//1834 912//1840
f 915//1842 914//1845 912//1840
f 916//1846 915//1842 918//1847
f 916//1846 917//1848 915//1842
f 918//1847 915//1842 913//1843
f 917//1848 914//1845 915//1842
f 919//1849 916//1846 918//1847
f 919//1849 918//1847 920//1850
f 920//1850 918//1847 921//1851
f 918//1847 913//1843 921//1851
f 921//1852 913//1844 922//1853
f 921//1852 922//1853 923//1854
f 694//1446 921//1852 923//1854
f 920//1850 921//1851 694//1855
f 923//1856 809//1857 924//1858
f 925//1859 923//1856 924//1858
f 923//1856 922//1860 809//1857
f 694//1446 923//1854 692//1445
f 692//1861 923//1862 925//1863
f 924//1864 926//1865 925//1866
f 692//1861 925//1863 790//1867
f 925//1866 791//1640 790//1639
f 925//1866 926//1865 791//1640
f 793//1646 791//1640 926//1865
f 793//1646 926//1865 801//1660
f 801//1660 926//1865 803//1661
f 924//1864 803//1661 926//1865
f 809//1672 803//1661 924//1864
f 922//1860 810//1868 809//1857
f 913//1844 810//1841 922//1853
f 927//1869 919//1849 920//1850
f 928//1870 927//1869 920//1850
f 928//1870 920//1850 694//1855
f 928//1871 930//1872 929//1873
f 929//1873 927//1874 928//1871
f 931//1875 928//1871 694//1876
f 930//1872 928//1871 931//1875
f 931//1877 694//1878 934//1879
f 933//1880 932//1881 931//1882
f 932//1881 930//1883 931//1882
f 935//1884 933//1880 931//1882
f 934//1879 935//1885 931//1877
f 936//1886 933//1880 935//1884
f 936//1886 935//1884 937//1887
f 701//1888 935//1885 934//1879
f 701//1888 937//1889 935//1885
f 937//1889 698//1890 938//1891
f 937//1889 701//1888 698//1890
f 936//1886 937//1887 938//1892
f 938//1891 698//1890 939//1893
f 941//1894 938//1892 939//1895
f 936//1886 938//1892 940//1896
f 940//1896 938//1892 941//1894
f 942//1897 941//1898 945//1899
f 942//1897 940//1900 941//1898
f 945//1899 941//1898 943//1901
f 941//1894 944//1902 943//1903
f 939//1895 944//1902 941//1894
f 948//1904 942//1897 945//1899
f 945//1899 946//1905 947//1906
f 945//1899 943//1901 946//1905
f 948//1904 945//1899 947//1906
f 948//1904 955//1907 942//1897
f 948//1904 949//1908 958//1909
f 948//1904 959//1910 949//1908
f 948//1904 950//1911 951//1912
f 948//1904 958//1909 950//1911
f 951//1912 957//1913 948//1904
f 948//1904 947//1906 952//1914
f 948//1904 952//1914 960//1915
f 953//1916 954//1917 948//1904
f 960//1915 953//1916 948//1904
f 948//1904 954//1917 959//1910
f 948//1904 956//1918 955//1907
f 948//1904 957//1913 956//1918
f 952//1914 961//1919 960//1915
f 960//1915 961//1919 953//1916
f 964//1920 962//1921 961//1922
f 965//1923 961//1922 962//1921
f 947//1906 961//1919 952//1914
f 947//1906 946//1905 961//1919
f 963//1924 961//1922 946//1925
f 964//1920 961//1922 963//1924
f 965//1923 953//1926 961//1922
f 967//1927 965//1928 966//1929
f 962//1930 966//1931 965//1932
f 968//1933 965//1928 967//1927
f 953//1926 965//1923 968//1934
f 967//1927 969//1935 968//1933
f 968//1934 969//1936 953//1926
f 900//1937 969//1935 967//1927
f 900//1937 970//1938 969//1935
f 971//1939 969//1936 970//1940
f 971//1939 953//1926 969//1936
f 971//1939 972//1941 974//1942
f 971//1939 970//1940 972//1941
f 971//1939 954//1943 953//1926
f 973//1944 954//1943 971//1939
f 973//1944 971//1939 974//1942
f 974//1942 975//1945 977//1946
f 975//1945 974//1942 976//1947
f 974//1942 972//1941 976//1947
f 974//1942 977//1946 973//1944
f 978//1948 973//1944 977//1946
f 979//1949 978//1948 977//1946
f 977//1946 980//1950 979//1949
f 980//1950 977//1946 975//1945
f 980//1950 981//1951 979//1949
f 980//1950 983//1952 981//1951
f 980//1950 975//1945 984//1953
f 980//1950 982//1954 983//1952
f 982//1954 980//1950 984//1953
f 982//1954 984//1953 985//1955
f 975//1945 976//1947 984//1953
f 984//1953 976//1947 985//1955
f 988//1956 985//1955 976//1947
f 986//1957 985//1955 988//1956
f 987//1958 985//1955 986//1957
f 982//1954 985//1955 987//1959
f 986//1957 988//1956 989//1960
f 991//1961 989//1960 988//1956
f 988//1956 976//1947 990//1962
f 991//1961 988//1956 990//1962
f 989//1960 991//1961 992//1963
f 991//1961 990//1962 964//1920
f 964//1920 963//1924 991//1961
f 991//1961 963//1924 992//1963
f 992//1963 932//1881 989//1960
f 963//1924 993//1964 992//1963
f 992//1963 993//1964 932//1881
f 930//1883 932//1881 993//1964
f 993//1964 929//1965 930//1883
f 963//1924 946//1925 993//1964
f 943//1903 994//1966 993//1964
f 943//1903 993//1964 946//1925
f 994//1966 929//1965 993//1964
f 927//1874 929//1873 994//1967
f 994//1967 995//1968 927//1874
f 994//1967 944//1969 995//1968
f 944//1902 994//1966 943//1903
f 698//1890 995//1970 939//1893
f 944//1971 939//1971 995//1971
f 995//1972 698//1972 700//1972
f 927//1973 995//1973 700//1973
f 990//1962 976//1947 972//1941
f 964//1920 990//1962 996//1974
f 990//1962 972//1941 996//1974
f 996//1974 997//1975 964//1920
f 972//1941 970//1940 996//1974
f 996//1976 899//1977 897//1978
f 970//1938 899//1977 996//1976
f 897//1979 997//1980 996//1981
f 908//1982 998//1983 997//1980
f 908//1982 997//1980 897//1979
f 964//1920 997//1975 998//1984
f 998//1983 999//1985 962//1930
f 998//1984 962//1921 964//1920
f 999//1985 998//1983 908//1982
f 999//1985 966//1931 962//1930
f 829//1711 966//1986 999//1987
f 1000//1988 999//1987 908//1989
f 829//1711 999//1987 1000//1988
f 1000//1988 908//1989 911//1990
f 830//1712 1000//1988 911//1990
f 830//1712 829//1711 1000//1988
f 989//1960 1001//1991 986//1957
f 989//1960 932//1881 1001//1991
f 933//1880 1001//1991 932//1881
f 1002//1992 1001//1991 933//1880
f 1002//1992 986//1957 1001//1991
f 1003//1993 1002//1992 933//1880
f 1002//1992 1003//1993 1004//1994
f 1002//1992 987//1958 986//1957
f 1002//1992 1004//1994 987//1958
f 1004//1994 1006//1995 1005//1996
f 1005//1996 987//1958 1004//1994
f 1006//1995 1004//1994 1003//1993
f 1006//1995 1003//1993 1007//1997
f 1008//1998 1006//1995 1007//1997
f 1008//1998 1005//1996 1006//1995
f 1008//1998 1010//1999 1009//2000
f 1013//2001 1008//1998 1009//2000
f 1010//1999 1008//1998 1007//1997
f 1012//2002 1005//1996 1008//1998
f 1011//2003 1012//2002 1008//1998
f 1011//2003 1008//1998 1013//2001
f 1015//2004 1013//2001 1014//2005
f 1019//2006 1014//2005 1013//2001
f 1013//2001 1009//2000 1016//2007
f 1013//2001 1018//2008 1011//2003
f 1015//2004 1017//2009 1013//2001
f 1019//2006 1013//2001 1016//2007
f 1013//2001 1017//2009 1018//2008
f 1014//2005 1019//2006 1021//2010
f 1020//2011 1021//2012 1019//2013
f 1016//2014 1020//2011 1019//2013
f 1014//2005 1021//2010 1023//2015
f 1024//2016 1021//2016 1022//2016
f 1020//2011 1022//2017 1021//2012
f 1023//2015 1021//2010 1024//2018
f 1025//2019 1024//2020 1022//2021
f 1023//2015 1024//2018 1025//2022
f 1026//2023 1025//2019 1022//2021
f 1025//2019 1026//2023 1028//2024
f 1023//2015 1025//2022 1027//2025
f 1025//2022 1028//2026 1027//2025
f 1028//2024 1026//2023 1029//2027
f 1028//2024 1029//2027 1030//2028
f 1030//2029 1027//2025 1028//2026
f 1030//2028 1029//2027 1010//2030
f 1030//2029 1007//1997 1027//2025
f 1007//1997 1030//2029 1010//1999
f 1010//2030 1029//2027 1031//2031
f 1029//2032 673//2032 1031//2032
f 1029//2033 682//2034 673//2035
f 1026//2036 1032//2037 1029//2033
f 1029//2033 1032//2037 682//2034
f 619//1320 1033//2038 1032//2037
f 1034//2039 619//1320 1032//2037
f 1032//2037 1033//2038 682//2034
f 1026//2036 1034//2039 1032//2037
f 1026//2036 1022//2040 1034//2039
f 1035//2041 1034//2039 1022//2040
f 1035//2041 624//1325 1034//2039
f 624//1325 619//1320 1034//2039
f 1035//2041 1022//2040 1036//2042
f 1038//2043 1035//2041 1036//2042
f 1037//2044 624//1325 1035//2041
f 1039//2045 1037//2044 1035//2041
f 1039//2045 1035//2041 1038//2043
f 636//1333 1037//2044 1039//2045
f 636//1333 1039//2045 1040//2046
f 1039//2045 1038//2043 1040//2046
f 1041//2047 1040//2046 1038//2043
f 1042//2048 1040//2046 1041//2047
f 1043//2049 1040//2046 1042//2048
f 1043//2049 636//1333 1040//2046
f 1043//2050 652//2051 1044//2052
f 1045//2053 652//2051 1043//2050
f 1043//2054 1042//2055 1045//2056
f 633//1334 636//1333 1043//2049
f 633//1334 1043//2049 1044//2057
f 1045//2053 657//2058 652//2051
f 1045//2059 1046//2060 1047//2061
f 1042//2055 1046//2062 1045//2056
f 1047//2063 657//2058 1045//2053
f 1047//2064 1049//2065 1048//2066
f 1047//2064 1048//2066 1044//2067
f 1047//2061 1046//2060 1049//2068
f 1044//2052 653//2069 1047//2063
f 1047//2063 653//2069 657//2058
f 1049//2070 1046//2071 1050//2072
f 1049//2070 1050//2072 1051//2073
f 1053//2074 1049//2070 1051//2073
f 1052//2075 1048//2076 1049//2070
f 1052//2075 1049//2070 1053//2074
f 1053//2074 1051//2073 1054//2077
f 1053//2074 1054//2077 1056//2078
f 1055//2079 1052//2075 1053//2074
f 1055//2079 1053//2074 1056//2078
f 1056//2078 1059//2080 1057//2081
f 1058//2082 1056//2078 1057//2081
f 1056//2078 1054//2077 1059//2080
f 1055//2079 1056//2078 1058//2082
f 1057//2081 1059//2080 1060//2083
f 1059//2080 669//2084 1060//2083
f 1059//2080 1061//2085 669//2084
f 1054//2077 1061//2085 1059//2080
f 1054//2077 1051//2073 1061//2085
f 1051//2073 1062//2086 1061//2085
f 1061//2085 1062//2086 669//2084
f 1051//2073 1050//2072 1062//2086
f 1050//2072 1063//2087 1062//2086
f 1062//2086 1063//2087 668//2088
f 1062//2086 668//2088 669//2084
f 1063//2087 667//2089 668//2088
f 1063//2087 1064//2090 667//2089
f 1065//2091 1064//2090 1063//2087
f 1050//2072 1065//2091 1063//2087
f 1065//2091 1036//2042 1064//2090
f 1046//2071 1065//2091 1050//2072
f 1046//2071 1041//2047 1065//2091
f 1041//2047 1038//2043 1065//2091
f 1038//2043 1036//2042 1065//2091
f 1064//2090 673//2092 667//2089
f 1064//2090 1066//2093 673//2092
f 1036//2042 1066//2093 1064//2090
f 1066//2094 1016//2014 1009//2095
f 1066//2094 1020//2011 1016//2014
f 1036//2042 1020//2096 1066//2093
f 673//2097 1066//2094 1031//2098
f 1010//2099 1031//2098 1066//2094
f 1066//2094 1009//2095 1010//2099
f 1067//2100 1060//2083 1071//2101
f 1067//2100 1068//2102 1060//2083
f 1060//2103 669//2104 670//2105
f 1060//2103 670//2105 1069//2106
f 1068//2102 1057//2081 1060//2083
f 1070//2107 1060//2103 1069//2106
f 1071//2101 1060//2103 1070//2107
f 1073//2108 1071//2101 1072//2109
f 1072//2109 1071//2101 1075//2110
f 1073//2108 1074//2111 1071//2101
f 1071//2101 1074//2111 1067//2100
f 1075//2110 1071//2101 1070//2107
f 1076//2112 1075//2110 1077//2113
f 1076//2112 1072//2109 1075//2110
f 1075//2110 1078//2114 1077//2115
f 1075//2110 1070//2107 1078//2114
f 860//2116 1078//2114 1079//2117
f 1077//2115 1078//2114 860//2116
f 1078//2118 1080//2119 1079//2120
f 1078//2118 1070//2107 1081//2121
f 1078//2118 1081//2121 1080//2119
f 1081//2122 1083//2123 1082//2124
f 1081//2122 1082//2124 1080//2119
f 1069//2125 1083//2123 1081//2122
f 1070//2107 1069//2106 1081//2121
f 1083//2123 1086//2126 1082//2124
f 1083//2123 1084//2127 1086//2126
f 1085//2128 1084//2127 1083//2123
f 1069//2125 1085//2128 1083//2123
f 1086//2129 1084//2130 1087//2131
f 1088//2132 1086//2129 1087//2131
f 1086//2126 1088//2133 1082//2124
f 1082//2124 1088//2133 871//1769
f 1088//2133 875//1774 871//1769
f 875//1773 1088//2132 1087//2131
f 1087//2134 1091//2135 1089//2136
f 1087//2134 1089//2136 1090//2137
f 874//1776 1087//2134 1090//2137
f 875//1773 1087//2131 874//1771
f 1084//2130 1091//2138 1087//2131
f 642//1350 641//1349 1091//2138
f 1092//2139 642//1350 1091//2138
f 1091//2135 641//2140 1089//2136
f 1084//2130 1092//2139 1091//2138
f 646//1361 642//1362 1092//2141
f 646//1361 1092//2141 1084//2127
f 1090//2137 1089//2136 1093//2142
f 1090//2137 1093//2142 1094//2143
f 874//1776 1090//2137 877//1777
f 877//1777 1090//2137 1095//2144
f 1090//2137 1094//2143 1095//2144
f 1095//2144 1094//2143 1096//2145
f 877//1777 1095//2144 879//1780
f 879//1780 1095//2144 1096//2145
f 1096//2145 1098//2146 1097//2147
f 1096//2145 1097//2147 885//1791
f 879//1780 1096//2145 885//1791
f 1096//2145 1094//2143 1098//2146
f 1097//2147 1098//2146 1099//2148
f 1098//2146 1100//2149 1099//2148
f 1094//2143 1055//2079 1098//2146
f 1098//2146 1055//2079 1058//2082
f 1098//2146 1058//2082 1100//2149
f 1101//2150 1099//2150 1100//2150
f 1100//2151 1102//2151 1101//2151
f 1100//2149 1058//2082 1102//2152
f 1102//2153 1103//2154 1101//2155
f 1103//2154 1102//2153 1104//2156
f 1105//2157 1104//2156 1102//2153
f 1068//2158 1105//2157 1102//2153
f 1102//2152 1058//2082 1057//2081
f 1102//2152 1057//2081 1068//2102
f 1105//2157 1107//2159 1104//2156
f 1105//2157 1068//2158 1106//2160
f 1105//2157 1106//2160 1107//2159
f 1107//2161 1108//2162 1017//2009
f 1106//2163 1108//2162 1107//2161
f 1107//2161 1109//2164 1104//2165
f 1017//2009 1109//2164 1107//2161
f 949//1908 1109//2166 958//1909
f 949//1908 1110//2167 1109//2166
f 1110//2168 1111//2169 1109//2164
f 1109//2164 1103//2170 1104//2165
f 1109//2164 1111//2169 1103//2170
f 958//1909 1109//2166 1015//2171
f 1017//2009 1015//2004 1109//2164
f 1110//2168 1112//2172 1111//2169
f 1099//2173 1101//2174 1111//2175
f 1112//2176 1099//2173 1111//2175
f 1103//2177 1111//2177 1101//2177
f 1110//2168 1113//2178 1112//2172
f 1113//2179 1099//2173 1112//2176
f 978//1948 1113//2178 1110//2168
f 1074//2180 1113//2179 1115//2181
f 1114//2182 1113//2179 1074//2180
f 1113//2179 1114//2182 1099//2173
f 1113//2178 978//1948 979//1949
f 1113//2178 979//1949 1115//2183
f 1067//2184 1115//2181 1116//2185
f 1074//2180 1115//2181 1067//2184
f 981//1951 1116//2186 1115//2183
f 979//1949 981//1951 1115//2183
f 1116//2187 1068//2158 1067//2188
f 1106//2160 1068//2158 1116//2187
f 1116//2186 1108//2162 1106//2163
f 981//1951 1108//2162 1116//2186
f 1097//2147 1114//2189 1073//2108
f 1073//2108 1114//2189 1074//2111
f 1097//2147 1099//2148 1114//2189
f 959//1910 1110//2167 949//1908
f 978//1948 1110//2168 954//1943
f 959//1910 954//1917 1110//2167
f 983//1952 1117//2190 1108//2162
f 981//1951 983//1952 1108//2162
f 1018//2008 1108//2162 1117//2190
f 1018//2008 1017//2009 1108//2162
f 1117//2190 983//1952 1118//2191
f 1119//2192 1117//2190 1118//2191
f 1119//2192 1018//2008 1117//2190
f 1011//2003 1018//2008 1119//2192
f 1011//2003 1119//2192 1118//2191
f 1012//2002 1011//2003 1118//2191
f 1012//2002 1118//2191 982//2193
f 1118//2191 983//1952 982//1954
f 885//1791 1097//2147 1073//2108
f 1094//2143 1093//2142 1055//2079
f 1089//2136 1120//2194 1093//2142
f 1093//2142 1052//2075 1055//2079
f 1093//2142 1120//2194 1052//2075
f 641//2140 1120//2194 1089//2136
f 641//2140 1044//2057 1120//2194
f 1120//2194 1044//2057 1048//2076
f 1120//2194 1048//2076 1052//2075
f 1121//2195 1085//2128 1069//2125
f 647//1359 646//1361 1085//2128
f 1085//2128 646//1361 1084//2127
f 1121//2195 647//1359 1085//2128
f 664//1399 647//1359 1121//2195
f 670//2105 664//2196 1121//2197
f 1069//2106 670//2105 1121//2197
f 1079//2120 1082//2124 872//1768
f 1080//2119 1082//2124 1079//2120
f 1082//2124 871//1769 872//1768
f 1079//2120 872//1768 860//1747
f 861//1821 1077//2115 860//2116
f 898//1820 1077//2115 861//1821
f 901//1811 1076//2112 1077//2113
f 901//1811 1077//2113 898//1815
f 888//1798 1076//2112 901//1811
f 887//1797 1072//2109 1076//2112
f 888//1798 887//1797 1076//2112
f 887//1797 1073//2108 1072//2109
f 885//1791 1073//2108 887//1797
f 1042//2048 1041//2047 1046//2071
f 641//2140 633//1334 1044//2057
f 1044//2052 652//2051 653//2069
f 1037//2044 626//1326 624//1325
f 630//1330 626//1326 1037//2044
f 636//1333 630//1330 1037//2044
f 1036//2042 1022//2040 1020//2096
f 619//1320 620//1321 1033//2038
f 1033//2038 689//2198 682//2034
f 1033//2038 620//1321 689//2198
f 1123//2199 1027//2025 1007//1997
f 1027//2025 1123//2199 1122//2200
f 1023//2015 1027//2025 1122//2200
f 1123//2199 1003//1993 936//1886
f 1007//1997 1003//1993 1123//2199
f 940//1896 1123//2199 936//1886
f 1123//2199 940//1896 1122//2200
f 955//1907 1122//2201 940//1900
f 956//1918 1023//2202 1122//2201
f 956//1918 1122//2201 955//1907
f 951//1912 1014//2203 1023//2202
f 951//1912 1023//2202 957//1913
f 957//1913 1023//2202 956//1918
f 950//1911 1015//2171 1014//2203
f 958//1909 1015//2171 950//1911
f 950//1911 1014//2203 951//1912
f 982//2193 987//1958 1012//2002
f 1012//2002 987//1958 1005//1996
f 1003//1993 933//1880 936//1886
f 978//1948 954//1943 973//1944
f 900//1937 899//1977 970//1938
f 894//1808 900//1816 967//2204
f 967//2204 966//1986 894//1808
f 829//1711 837//1720 966//1986
f 837//1720 894//1808 966//1986
f 955//1907 940//1900 942//1897
f 695//1447 934//2205 694//1448
f 695//1447 701//1454 934//2205
f 700//1455 919//1849 927//1869
f 1124//2206 916//1846 919//1849
f 1125//2207 1124//2206 919//1849
f 1125//2207 919//1849 700//1455
f 1126//2208 1125//2207 700//1455
f 1128//2209 1125//2207 1126//2208
f 1127//2210 1124//2206 1125//2207
f 1128//2209 1127//2210 1125//2207
f 703//1458 1128//2209 1126//2208
f 705//1460 1128//2209 703//1458
f 1129//2211 797//2212 1128//2209
f 1129//2211 1128//2209 705//1460
f 797//2212 1127//2210 1128//2209
f 795//1653 797//1652 1129//2211
f 1130//2213 795//1653 1129//2211
f 1130//2213 1129//2211 705//1460
f 732//2214 795//1649 1130//2215
f 732//2216 1130//2217 707//2218
f 707//1462 1130//2213 705//1460
f 1127//2210 1131//2219 1124//2206
f 798//1651 1131//2219 1127//2210
f 797//2212 798//1651 1127//2210
f 1124//2206 1131//2219 1133//2220
f 1131//2219 1132//2221 1133//2220
f 1131//2219 1134//2222 1132//2221
f 798//1651 1134//2222 1131//2219
f 1135//2223 1132//2224 1134//2225
f 1135//2223 1134//2225 820//2226
f 798//1651 820//1704 1134//2222
f 820//1697 821//1698 1135//2227
f 1135//2227 1136//2228 823//1702
f 1135//2227 821//1698 1136//2228
f 1132//2229 1135//2230 823//2231
f 1137//2232 817//2233 1136//2234
f 1136//2235 817//1686 818//1685
f 821//2236 1137//2232 1136//2234
f 1136//2228 818//1694 823//1702
f 821//2237 815//2237 1137//2237
f 815//2238 807//2239 1137//2240
f 1137//2241 807//2242 817//2243
f 1133//2220 917//1848 916//1846
f 1124//2206 1133//2220 916//1846
f 1133//2220 1138//2244 917//1848
f 1133//2220 1132//2221 1138//2244
f 1138//2244 830//1712 914//1845
f 917//1848 1138//2244 914//1845
f 827//1710 830//1712 1138//2244
f 1132//2221 827//1710 1138//2244
f 1132//2229 823//2231 827//2245
f 703//1458 1126//2208 699//1457
f 699//1457 1126//2208 700//1455
f 830//1712 911//1990 914//1845
f 910//1836 909//1835 1139//2246
f 810//2247 910//1836 1139//2246
f 1139//2248 1140//2249 1141//2250
f 909//2251 1140//2249 1139//2248
f 1139//2248 1141//2250 810//1671
f 1140//2249 848//1734 1141//2250
f 848//1734 1142//2252 1141//2250
f 1141//2250 1142//2252 805//2253
f 810//1671 1141//2250 811//1673
f 805//2253 811//1673 1141//2250
f 1142//2252 1144//2254 805//2253
f 1142//2252 1143//2255 1144//2254
f 848//1734 1143//2255 1142//2252
f 1144//2256 846//1732 800//1658
f 805//1668 1144//2256 800//1658
f 1144//2256 1143//2257 846//1732
f 1143//2257 849//1733 846//1732
f 848//1734 849//1736 1143//2255
f 851//1739 848//1734 1140//2249
f 906//2258 851//1739 1140//2249
f 906//2258 1140//2249 909//2251
f 905//1825 851//1739 906//2258
f 905//1825 852//1740 851//1739
f 904//1824 852//1740 905//1825
f 861//1746 852//1740 904//1824
f 895//1810 888//1798 901//1811
f 837//1720 836//1717 894//1808
f 889//2259 1145//2260 880//1782
f 882//1789 881//1788 889//2259
f 889//2259 881//1788 1145//2260
f 880//1782 1145//2260 883//1783
f 881//2261 865//2262 1145//2263
f 1145//2264 865//2265 867//2266
f 1145//2264 867//2266 883//2267
f 1146//2268 883//2268 867//2268
f 883//2269 1146//2269 881//2269
f 881//2270 1146//2270 1147//2270
f 1146//2271 868//2272 1147//2273
f 867//2274 868//2274 1146//2274
f 1147//2275 863//1756 865//1755
f 881//2261 1147//2276 865//2262
f 1147//2273 868//2272 863//2277
f 844//1726 882//1790 841//1723
f 860//1747 872//1768 859//1750
f 870//1766 854//1754 868//1765
f 863//1753 868//1765 854//1754
f 861//1821 860//2116 857//2278
f 855//2279 854//1779 844//1728
f 845//1727 855//2279 844//1728
f 800//1656 846//1731 824//1705
f 846//1731 839//1721 824//1705
f 835//1718 842//1724 834//1716
f 824//1705 832//1715 825//1706
f 800//1656 820//1704 798//1651
f 817//2243 807//2242 813//2280
f 815//2238 806//2281 807//2239
f 732//2214 794//1648 795//1649
f 732//1522 734//1527 794//1647
f 1149//2282 686//2283 784//1626
f 784//1626 686//2283 782//1623
f 784//1629 779//1620 1148//2284
f 784//1629 1148//2284 1149//2285
f 1149//2285 1150//2286 1153//2287
f 1149//2285 1151//2288 1150//2286
f 1149//2285 1152//2289 1151//2288
f 1149//2285 1148//2284 1152//2289
f 1153//2290 1154//2291 1149//2282
f 1154//2291 686//2283 1149//2282
f 1153//2290 1155//2292 1154//2291
f 1154//2291 1155//2292 687//2293
f 686//2294 1154//2294 687//2294
f 687//1437 1155//2295 683//1431
f 1155//2292 1157//2296 1156//2297
f 1155//2295 1156//2298 680//1425
f 1155//2292 1153//2290 1157//2296
f 683//1431 1155//2295 680//1425
f 1158//2299 1162//2300 1157//2301
f 1153//2287 1158//2299 1157//2301
f 1157//2301 1161//2302 1159//2303
f 1159//2303 1160//2304 1157//2301
f 1163//2305 1157//2296 1160//2306
f 1157//2301 1162//2300 1161//2302
f 1156//2297 1157//2296 1163//2305
f 680//1425 1156//2298 1163//2307
f 680//1425 1163//2307 679//1424
f 1160//2306 1164//2308 1163//2305
f 679//1424 1163//2307 1164//2309
f 1164//2309 1165//2310 1167//2311
f 1164//2308 1166//2312 1165//2313
f 1166//2312 1164//2308 1160//2306
f 679//1424 1164//2309 1167//2311
f 1165//2310 1168//2314 1167//2311
f 1167//2315 1168//2316 1170//2317
f 1169//2318 1167//2315 1170//2317
f 679//1424 1167//2311 1169//2319
f 1168//2316 708//2320 1170//2317
f 1169//2318 1170//2317 631//1343
f 631//1331 1170//2321 627//1329
f 1170//2321 708//1464 627//1329
f 1171//2322 1169//2319 635//2323
f 677//1421 1169//2319 1171//2322
f 679//1424 1169//2319 677//1421
f 635//1342 1169//2318 631//1343
f 677//1421 1171//2322 676//1419
f 676//1419 1171//2322 634//1338
f 1171//2322 635//2323 634//1338
f 1168//2316 1172//2324 708//2320
f 1168//2314 1174//2325 1172//2324
f 1168//2314 1165//2310 1173//2326
f 1168//2314 1173//2326 1174//2325
f 720//1513 1172//2324 1174//2325
f 1174//2325 1175//2327 720//1513
f 1175//2328 1174//2329 1173//2330
f 1175//2327 718//2331 720//1513
f 1175//2327 1176//2332 717//1510
f 1175//2327 1177//2333 1176//2332
f 1175//2327 717//1510 718//2331
f 1177//2333 1175//2327 1166//2334
f 1173//2330 1178//2335 1175//2328
f 1175//2327 1178//2336 1166//2334
f 1173//2330 1165//2313 1178//2335
f 1165//2313 1166//2312 1178//2335
f 1180//2337 1179//2338 1177//2339
f 1177//2340 1179//2341 1181//2342
f 1166//2334 1180//2343 1177//2333
f 1176//2344 1177//2340 1181//2342
f 1181//2345 1184//2346 1182//2347
f 1183//2348 1181//2349 1182//2350
f 1176//2351 1181//2349 1183//2348
f 1179//2352 1184//2346 1181//2345
f 1188//2353 1185//2354 1184//2355
f 1185//2356 1182//2347 1184//2346
f 1187//2357 1184//2358 1186//2359
f 1186//2360 1184//2346 1179//2352
f 1188//2361 1184//2358 1187//2357
f 1187//2362 1190//2363 1188//2364
f 1189//2365 1185//2354 1188//2353
f 1188//2364 1191//2366 1189//2367
f 1190//2363 1191//2366 1188//2364
f 1192//2368 1191//2368 1194//2368
f 1192//2369 1193//2370 1191//2371
f 1189//2367 1191//2366 1193//2372
f 1194//2373 1191//2374 755//2375
f 755//1571 1191//2366 1190//2363
f 1195//2376 1192//2377 1194//2378
f 1195//2376 1194//2378 1196//2379
f 1194//2373 755//2375 1196//2380
f 1196//2381 1197//2382 1195//2383
f 1196//2381 755//2384 1197//2382
f 755//1571 754//1572 1197//2385
f 1197//2385 754//1572 1198//2386
f 1197//2385 1198//2386 1199//2387
f 1195//2388 1197//2389 1200//2390
f 1197//2385 1199//2387 1193//2372
f 1200//2390 1197//2389 1193//2391
f 1200//2392 1192//2377 1195//2376
f 1200//2393 1193//2370 1192//2369
f 1199//2394 1201//2395 1202//2396
f 1199//2394 744//2397 1201//2395
f 1198//2398 744//2399 1199//2400
f 1193//2372 1199//2387 1202//2401
f 1202//2396 1203//2402 723//2403
f 1193//2372 1202//2401 723//1508
f 1202//2396 1201//2395 1203//2402
f 1201//2404 1204//2405 1203//2406
f 725//2407 1203//2408 1204//2409
f 723//2410 1203//2408 725//2407
f 724//2411 1204//2412 740//2413
f 1204//2405 1201//2404 740//1550
f 725//2407 1204//2409 724//2414
f 740//1550 1201//2404 744//1549
f 1198//2398 743//2415 744//2399
f 1198//2416 753//2417 743//2418
f 754//2419 753//2417 1198//2416
f 1193//2372 717//1510 1189//2367
f 723//1508 717//1510 1193//2372
f 1190//2420 1186//2421 1205//2422
f 1187//2423 1186//2421 1190//2420
f 1190//2424 1205//2425 1206//2426
f 1206//2426 1207//2427 1190//2424
f 755//1571 1190//2363 1207//2428
f 1206//2429 1208//2430 1207//2431
f 1207//2431 1208//2430 756//2432
f 755//1571 1207//2428 756//1573
f 1208//2433 1209//2434 756//2435
f 1208//2436 1206//2437 1209//2438
f 1206//2437 1210//2439 1209//2438
f 756//2435 1209//2434 1212//2440
f 1211//2441 1209//2442 1210//2443
f 1212//2444 1209//2442 1211//2441
f 757//1574 1212//2445 1211//2446
f 757//1574 756//1573 1212//2445
f 1211//2446 1159//2303 1214//2447
f 1211//2446 1180//2343 1159//2303
f 1213//2448 1180//2449 1211//2450
f 1211//2450 1210//2451 1213//2448
f 757//1574 1211//2446 1214//2447
f 1215//2452 1214//2453 1159//2454
f 1216//2455 1214//2456 1215//2457
f 1216//2455 757//2458 1214//2456
f 1216//2459 1215//2460 1217//2459
f 1218//2461 1216//2459 1217//2459
f 1216//2462 1162//2462 757//2462
f 1218//2463 1162//2463 1216//2463
f 1217//2464 1161//2465 1218//2466
f 1218//2467 1161//2467 1162//2467
f 1217//2464 1159//2468 1161//2465
f 1215//2452 1159//2454 1217//2469
f 1179//2352 1213//2470 1186//2360
f 1213//2471 1179//2338 1180//2337
f 1213//2470 1210//2439 1186//2360
f 1205//2472 1210//2439 1206//2437
f 1186//2360 1210//2439 1205//2472
f 1185//2473 1189//2474 1183//2348
f 717//1510 1183//2475 1189//2367
f 1185//2473 1183//2348 1182//2350
f 717//1510 1176//2332 1183//2475
f 1159//2303 1180//2343 1166//2334
f 1172//2324 707//2218 708//2320
f 1172//2324 727//1516 707//2218
f 720//1513 727//1516 1172//2324
f 1166//2334 1160//2304 1159//2303
f 1158//2299 1219//2476 1162//2300
f 1162//2300 1219//2476 757//1574
f 1219//2477 1222//2478 1220//2479
f 1220//2479 1221//2480 1219//2477
f 757//1574 1219//2476 1221//2481
f 1219//2477 1223//2482 1222//2478
f 1158//2483 1223//2482 1219//2477
f 1223//2484 1150//2485 1225//2486
f 1223//2484 1158//2487 1150//2485
f 1223//2488 1224//2489 1222//2490
f 1223//2488 1225//2491 1224//2489
f 1151//2492 1225//2493 1150//2494
f 1151//2492 1224//2495 1225//2493
f 1151//2492 1226//2496 1224//2495
f 1222//2490 1224//2489 1226//2497
f 1227//2498 1226//2499 758//2499
f 1227//2500 1220//2501 1226//2497
f 1226//2497 1220//2501 1222//2490
f 1228//2502 1226//2496 1151//2492
f 758//2499 1226//2499 1228//2503
f 752//1565 758//1564 1228//2504
f 1151//2288 752//1565 1228//2504
f 1221//2505 1227//2506 758//2507
f 1220//2508 1227//2506 1221//2505
f 757//1574 1221//2481 758//1564
f 1153//2287 1150//2286 1158//2299
f 1151//2288 1152//2289 752//1565
f 1230//2509 752//2509 1152//2509
f 1229//2510 1152//2510 1148//2510
f 1230//2511 1152//2511 1229//2511
f 1231//2512 752//2513 1230//2514
f 1231//2515 1230//2516 1229//2515
f 1231//2515 1229//2515 1232//2517
f 1231//2512 780//2518 752//2513
f 1231//2519 779//2520 780//2521
f 1232//2522 779//2520 1231//2519
f 1232//2523 1148//2524 779//2525
f 1229//2526 1148//2524 1232//2523
f 737//1533 765//1588 783//1627
f 780//1621 777//1622 752//1565
f 774//2527 762//2528 777//1614
f 752//1565 777//1622 762//1578
f 777//1614 775//1616 774//2527
f 774//2529 761//1580 762//1579
f 774//1604 760//1606 761//2530
f 748//2531 753//2532 750//2533
f 753//2532 748//2531 743//1546
f 743//1546 748//2531 742//1547
f 740//2413 728//2534 724//2411
f 727//1516 732//2216 707//2218
f 616//1469 715//1480 709//1467
f 715//1480 616//1469 612//1474
f 620//1321 688//1451 689//2198
f 620//1321 621//1322 688//1451
f 673//2535 682//1427 674//1430
f 634//1338 662//1398 676//1419
f 666//2536 676//1419 662//1398
f 672//1420 676//1419 666//2536
f 666//2536 662//1398 661//1397
f 638//1346 662//1398 634//1338
f 653//1369 651//1371 657//2537
f 644//1356 655//1393 639//1352
f 417//843 426//877 415//2538
