# Blender 4.5.3 LTS
# www.blender.org
o Bolts
v 0.015194 -0.170000 -0.126000
v 0.015194 -0.098000 -0.054000
v 0.015194 -0.062000 0.126000
v 0.015194 0.190000 -0.126000
v 0.015194 0.154000 0.054000
v 0.015194 0.154000 -0.090000
v 0.015194 -0.170000 -0.054000
v 0.015194 0.118000 -0.054000
v 0.015194 0.118000 0.090000
v 0.015194 -0.134000 0.126000
v 0.015194 -0.134000 -0.090000
v 0.015194 0.190000 -0.054000
v 0.015194 0.118000 -0.126000
v 0.015194 -0.098000 -0.126000
v 0.015194 -0.170000 0.090000
v 0.015194 -0.098000 0.090000
v 0.015194 -0.134000 0.054000
v 0.015194 0.082000 0.126000
v 0.015194 0.190000 0.090000
v 0.015194 0.154000 0.126000
v 0.015194 0.153808 0.127951
v 0.015194 -0.098192 -0.052049
v 0.015194 0.117808 -0.052049
v 0.015194 -0.062192 0.127951
v 0.015194 -0.170192 0.091951
v 0.015194 0.081808 0.127951
v 0.015194 0.153808 0.055951
v 0.015194 0.153808 -0.088049
v 0.015194 -0.170192 -0.052049
v 0.015194 -0.134192 0.127951
v 0.015194 -0.134192 0.055951
v 0.015194 0.117808 0.091951
v 0.015194 -0.134192 -0.088049
v 0.015194 -0.098192 0.091951
v 0.015194 0.189808 0.091951
v 0.015194 0.189808 -0.052049
v 0.015194 -0.098192 -0.124049
v 0.015194 -0.170192 -0.124049
v 0.015194 0.117808 -0.124049
v 0.015194 0.189808 -0.124049
v 0.015194 0.153239 0.057827
v 0.015194 0.081239 0.129827
v 0.015194 -0.170761 0.093827
v 0.015194 -0.170761 -0.122173
v 0.015194 -0.062761 0.129827
v 0.015194 -0.134761 0.129827
v 0.015194 -0.098761 -0.122173
v 0.015194 0.153239 -0.086173
v 0.015194 -0.098761 0.093827
v 0.015194 0.117239 -0.122173
v 0.015194 0.189239 0.093827
v 0.015194 0.153239 0.129827
v 0.015194 -0.134761 0.057827
v 0.015194 -0.170761 -0.050173
v 0.015194 0.189239 -0.050173
v 0.015194 0.189239 -0.122173
v 0.015194 -0.134761 -0.086173
v 0.015194 -0.098761 -0.050173
v 0.015194 0.117239 0.093827
v 0.015194 0.117239 -0.050173
v 0.015194 -0.099685 -0.120444
v 0.015194 -0.135685 0.059556
v 0.015194 0.116315 -0.120444
v 0.015194 -0.171685 -0.120444
v 0.015194 0.188315 0.095556
v 0.015194 -0.135685 -0.084444
v 0.015194 0.116315 -0.048444
v 0.015194 0.152315 0.131556
v 0.015194 -0.099685 0.095556
v 0.015194 0.188315 -0.120444
v 0.015194 0.152315 0.059556
v 0.015194 -0.171685 -0.048444
v 0.015194 0.152315 -0.084444
v 0.015194 -0.099685 -0.048444
v 0.015194 -0.135685 0.131556
v 0.015194 -0.171685 0.095556
v 0.015194 0.116315 0.095556
v 0.015194 0.080315 0.131556
v 0.015194 -0.063685 0.131556
v 0.015194 0.188315 -0.048444
v 0.015194 0.151071 -0.082929
v 0.015194 -0.172929 -0.046929
v 0.015194 0.115071 -0.046929
v 0.015194 0.187071 0.097071
v 0.015194 -0.136929 -0.082929
v 0.015194 -0.100929 0.097071
v 0.015194 0.187071 -0.046929
v 0.015194 0.115071 0.097071
v 0.015194 -0.136929 0.133071
v 0.015194 -0.100929 -0.118929
v 0.015194 -0.064929 0.133071
v 0.015194 -0.136929 0.061071
v 0.015194 0.151071 0.061071
v 0.015194 -0.100929 -0.046929
v 0.015194 0.079071 0.133071
v 0.015194 0.187071 -0.118929
v 0.015194 -0.172929 -0.118929
v 0.015194 0.151071 0.133071
v 0.015194 0.115071 -0.118929
v 0.015194 -0.172929 0.097071
v 0.015194 -0.138444 0.134315
v 0.015194 -0.174444 0.098315
v 0.015194 -0.102444 0.098315
v 0.015194 0.113556 -0.117685
v 0.015194 -0.066444 0.134315
v 0.015194 -0.102444 -0.117685
v 0.015194 -0.174444 -0.117685
v 0.015194 0.077556 0.134315
v 0.015194 0.149556 0.062315
v 0.015194 -0.138444 -0.081685
v 0.015194 0.113556 0.098315
v 0.015194 0.113556 -0.045685
v 0.015194 -0.138444 0.062315
v 0.015194 0.185556 -0.045685
v 0.015194 -0.174444 -0.045685
v 0.015194 0.185556 0.098315
v 0.015194 0.149556 0.134315
v 0.015194 -0.102444 -0.045685
v 0.015194 0.185556 -0.117685
v 0.015194 0.149556 -0.081685
v 0.015194 -0.140173 -0.080761
v 0.015194 -0.068173 0.135239
v 0.015194 0.111827 -0.044761
v 0.015194 0.183827 -0.116761
v 0.015194 -0.104173 -0.044761
v 0.015194 -0.104173 -0.116761
v 0.015194 0.075827 0.135239
v 0.015194 0.111827 0.099239
v 0.015194 0.147827 0.135239
v 0.015194 0.183827 -0.044761
v 0.015194 -0.176173 -0.044761
v 0.015194 0.147827 -0.080761
v 0.015194 0.183827 0.099239
v 0.015194 0.111827 -0.116761
v 0.015194 0.147827 0.063239
v 0.015194 -0.140173 0.063239
v 0.015194 -0.176173 -0.116761
v 0.015194 -0.140173 0.135239
v 0.015194 -0.104173 0.099239
v 0.015194 -0.176173 0.099239
v 0.015194 -0.142049 0.063808
v 0.015194 -0.178049 -0.116192
v 0.015194 -0.178049 0.099808
v 0.015194 0.181951 -0.044192
v 0.015194 0.181951 0.099808
v 0.015194 -0.106049 -0.116192
v 0.015194 0.145951 0.135808
v 0.015194 0.109951 -0.044192
v 0.015194 0.109951 -0.116192
v 0.015194 0.073951 0.135808
v 0.015194 -0.106049 0.099808
v 0.015194 -0.178049 -0.044192
v 0.015194 -0.142049 -0.080192
v 0.015194 0.109951 0.099808
v 0.015194 -0.142049 0.135808
v 0.015194 0.145951 0.063808
v 0.015194 -0.070049 0.135808
v 0.015194 0.181951 -0.116192
v 0.015194 -0.106049 -0.044192
v 0.015194 0.145951 -0.080192
v 0.015194 0.144000 -0.080000
v 0.015194 0.144000 0.064000
v 0.015194 0.180000 -0.116000
v 0.015194 0.180000 -0.044000
v 0.015194 0.108000 -0.116000
v 0.015194 0.180000 0.100000
v 0.015194 -0.144000 0.136000
v 0.015194 -0.108000 -0.044000
v 0.015194 -0.180000 -0.044000
v 0.015194 -0.144000 -0.080000
v 0.015194 0.144000 0.136000
v 0.015194 -0.180000 0.100000
v 0.015194 -0.072000 0.136000
v 0.015194 -0.108000 0.100000
v 0.015194 -0.180000 -0.116000
v 0.015194 -0.144000 0.064000
v 0.015194 -0.108000 -0.116000
v 0.015194 0.072000 0.136000
v 0.015194 0.108000 -0.044000
v 0.015194 0.108000 0.100000
v 0.015194 0.070049 0.135808
v 0.015194 -0.181951 0.099808
v 0.015194 0.178049 -0.116192
v 0.015194 -0.145951 0.063808
v 0.015194 0.142049 -0.080192
v 0.015194 0.106049 -0.044192
v 0.015194 0.178049 -0.044192
v 0.015194 0.106049 0.099808
v 0.015194 0.178049 0.099808
v 0.015194 -0.181951 -0.044192
v 0.015194 0.142049 0.063808
v 0.015194 -0.109951 -0.044192
v 0.015194 0.106049 -0.116192
v 0.015194 0.142049 0.135808
v 0.015194 -0.145951 0.135808
v 0.015194 -0.109951 -0.116192
v 0.015194 -0.109951 0.099808
v 0.015194 -0.145951 -0.080192
v 0.015194 -0.181951 -0.116192
v 0.015194 -0.073951 0.135808
v 0.015194 -0.147827 0.135239
v 0.015194 -0.183827 0.099239
v 0.015194 -0.183827 -0.116761
v 0.015194 0.104173 -0.116761
v 0.015194 0.140173 0.135239
v 0.015194 0.140173 0.063239
v 0.015194 -0.111827 -0.044761
v 0.015194 -0.111827 0.099239
v 0.015194 0.104173 0.099239
v 0.015194 0.176173 0.099239
v 0.015194 -0.147827 0.063239
v 0.015194 0.176173 -0.044761
v 0.015194 0.176173 -0.116761
v 0.015194 -0.147827 -0.080761
v 0.015194 0.104173 -0.044761
v 0.015194 0.140173 -0.080761
v 0.015194 -0.111827 -0.116761
v 0.015194 -0.075827 0.135239
v 0.015194 -0.183827 -0.044761
v 0.015194 0.068173 0.135239
v 0.015194 -0.185556 -0.045685
v 0.015194 -0.149556 0.062315
v 0.015194 -0.113556 -0.045685
v 0.015194 -0.185556 0.098315
v 0.015194 0.138444 0.062315
v 0.015194 -0.149556 0.134315
v 0.015194 -0.149556 -0.081685
v 0.015194 0.102444 0.098315
v 0.015194 0.102444 -0.045685
v 0.015194 -0.077556 0.134315
v 0.015194 -0.113556 -0.117685
v 0.015194 0.066444 0.134315
v 0.015194 -0.113556 0.098315
v 0.015194 -0.185556 -0.117685
v 0.015194 0.102444 -0.117685
v 0.015194 0.138444 -0.081685
v 0.015194 0.174444 -0.045685
v 0.015194 0.174444 0.098315
v 0.015194 0.174444 -0.117685
v 0.015194 0.138444 0.134315
v 0.015194 -0.151071 0.061071
v 0.015194 -0.079071 0.133071
v 0.015194 0.064929 0.133071
v 0.015194 0.172929 -0.118929
v 0.015194 -0.115071 -0.118929
v 0.015194 -0.151071 -0.082929
v 0.015194 0.100929 -0.118929
v 0.015194 -0.187071 -0.118929
v 0.015194 0.136929 -0.082929
v 0.015194 -0.151071 0.133071
v 0.015194 -0.187071 0.097071
v 0.015194 0.172929 -0.046929
v 0.015194 -0.115071 0.097071
v 0.015194 0.172929 0.097071
v 0.015194 0.136929 0.133071
v 0.015194 0.100929 -0.046929
v 0.015194 -0.115071 -0.046929
v 0.015194 0.136929 0.061071
v 0.015194 -0.187071 -0.046929
v 0.015194 0.100929 0.097071
v 0.015194 0.099685 -0.120444
v 0.015194 -0.116315 -0.120444
v 0.015194 0.099685 -0.048444
v 0.015194 -0.152315 -0.084444
v 0.015194 0.135685 -0.084444
v 0.015194 0.171685 -0.048444
v 0.015194 0.135685 0.131556
v 0.015194 0.063685 0.131556
v 0.015194 -0.152315 0.059556
v 0.015194 -0.116315 -0.048444
v 0.015194 -0.188315 -0.048444
v 0.015194 0.171685 -0.120444
v 0.015194 -0.116315 0.095556
v 0.015194 0.171685 0.095556
v 0.015194 -0.152315 0.131556
v 0.015194 0.135685 0.059556
v 0.015194 -0.188315 0.095556
v 0.015194 -0.188315 -0.120444
v 0.015194 0.099685 0.095556
v 0.015194 -0.080315 0.131556
v 0.015194 0.134761 0.129827
v 0.015194 -0.153239 -0.086173
v 0.015194 0.098761 -0.122173
v 0.015194 0.134761 0.057827
v 0.015194 -0.189239 0.093827
v 0.015194 -0.189239 -0.050173
v 0.015194 -0.189239 -0.122173
v 0.015194 0.170761 -0.050173
v 0.015194 -0.117239 -0.050173
v 0.015194 0.098761 0.093827
v 0.015194 0.170761 -0.122173
v 0.015194 -0.153239 0.057827
v 0.015194 -0.081239 0.129827
v 0.015194 0.098761 -0.050173
v 0.015194 0.134761 -0.086173
v 0.015194 0.170761 0.093827
v 0.015194 -0.117239 -0.122173
v 0.015194 -0.153239 0.129827
v 0.015194 0.062761 0.129827
v 0.015194 -0.117239 0.093827
v 0.015194 -0.117808 0.091951
v 0.015194 -0.117808 -0.052049
v 0.015194 0.170192 -0.052049
v 0.015194 0.062192 0.127951
v 0.015194 -0.189808 -0.052049
v 0.015194 -0.117808 -0.124049
v 0.015194 0.098192 -0.124049
v 0.015194 0.098192 -0.052049
v 0.015194 -0.189808 0.091951
v 0.015194 -0.189808 -0.124049
v 0.015194 -0.153808 -0.088049
v 0.015194 0.134192 0.055951
v 0.015194 0.134192 -0.088049
v 0.015194 0.098192 0.091951
v 0.015194 0.170192 -0.124049
v 0.015194 0.170192 0.091951
v 0.015194 -0.153808 0.055951
v 0.015194 -0.153808 0.127951
v 0.015194 0.134192 0.127951
v 0.015194 -0.081808 0.127951
v 0.015194 0.134000 -0.090000
v 0.015194 0.134000 0.054000
v 0.015194 -0.154000 -0.090000
v 0.015194 0.170000 0.090000
v 0.015194 -0.154000 0.126000
v 0.015194 0.134000 0.126000
v 0.015194 -0.190000 -0.054000
v 0.015194 -0.190000 0.090000
v 0.015194 -0.118000 -0.054000
v 0.015194 0.170000 -0.126000
v 0.015194 0.098000 -0.126000
v 0.015194 -0.190000 -0.126000
v 0.015194 0.062000 0.126000
v 0.015194 0.098000 0.090000
v 0.015194 -0.118000 0.090000
v 0.015194 0.170000 -0.054000
v 0.015194 -0.154000 0.054000
v 0.015194 0.098000 -0.054000
v 0.015194 -0.082000 0.126000
v 0.015194 -0.118000 -0.126000
v 0.015194 0.098192 0.088049
v 0.015194 -0.117808 0.088049
v 0.015194 -0.153808 0.124049
v 0.015194 -0.117808 -0.127951
v 0.015194 0.098192 -0.055951
v 0.015194 0.134192 0.124049
v 0.015194 -0.153808 -0.091951
v 0.015194 0.170192 -0.055951
v 0.015194 -0.189808 -0.127951
v 0.015194 0.134192 -0.091951
v 0.015194 0.062192 0.124049
v 0.015194 -0.117808 -0.055951
v 0.015194 0.134192 0.052049
v 0.015194 0.170192 -0.127951
v 0.015194 -0.189808 -0.055951
v 0.015194 -0.153808 0.052049
v 0.015194 -0.081808 0.124049
v 0.015194 0.170192 0.088049
v 0.015194 -0.189808 0.088049
v 0.015194 0.098192 -0.127951
v 0.015194 0.170761 -0.129827
v 0.015194 -0.117239 -0.129827
v 0.015194 0.098761 -0.129827
v 0.015194 -0.117239 0.086173
v 0.015194 -0.189239 -0.129827
v 0.015194 -0.153239 0.050173
v 0.015194 0.062761 0.122173
v 0.015194 0.098761 -0.057827
v 0.015194 -0.081239 0.122173
v 0.015194 0.098761 0.086173
v 0.015194 -0.189239 -0.057827
v 0.015194 0.170761 0.086173
v 0.015194 -0.189239 0.086173
v 0.015194 0.170761 -0.057827
v 0.015194 -0.153239 0.122173
v 0.015194 0.134761 0.122173
v 0.015194 -0.153239 -0.093827
v 0.015194 0.134761 0.050173
v 0.015194 -0.117239 -0.057827
v 0.015194 0.134761 -0.093827
v 0.015194 -0.080315 0.120444
v 0.015194 0.099685 0.084444
v 0.015194 -0.116315 -0.059556
v 0.015194 -0.116315 -0.131556
v 0.015194 0.099685 -0.059556
v 0.015194 -0.188315 -0.131556
v 0.015194 -0.116315 0.084444
v 0.015194 0.171685 -0.131556
v 0.015194 -0.188315 -0.059556
v 0.015194 -0.152315 0.120444
v 0.015194 0.099685 -0.131556
v 0.015194 -0.152315 -0.095556
v 0.015194 0.135685 -0.095556
v 0.015194 0.135685 0.048444
v 0.015194 0.171685 -0.059556
v 0.015194 0.063685 0.120444
v 0.015194 -0.152315 0.048444
v 0.015194 0.135685 0.120444
v 0.015194 -0.188315 0.084444
v 0.015194 0.171685 0.084444
v 0.015194 -0.151071 0.118929
v 0.015194 0.136929 0.118929
v 0.015194 -0.187071 0.082929
v 0.015194 -0.079071 0.118929
v 0.015194 0.100929 -0.061071
v 0.015194 -0.115071 -0.061071
v 0.015194 -0.115071 -0.133071
v 0.015194 -0.187071 -0.133071
v 0.015194 0.172929 0.082929
v 0.015194 -0.187071 -0.061071
v 0.015194 0.172929 -0.133071
v 0.015194 -0.151071 -0.097071
v 0.015194 0.136929 -0.097071
v 0.015194 -0.115071 0.082929
v 0.015194 0.100929 0.082929
v 0.015194 0.100929 -0.133071
v 0.015194 0.136929 0.046929
v 0.015194 0.172929 -0.061071
v 0.015194 -0.151071 0.046929
v 0.015194 0.064929 0.118929
v 0.015194 -0.149556 -0.098315
v 0.015194 0.138444 -0.098315
v 0.015194 -0.185556 -0.062315
v 0.015194 -0.149556 0.117685
v 0.015194 0.174444 -0.062315
v 0.015194 -0.077556 0.117685
v 0.015194 0.174444 0.081685
v 0.015194 0.174444 -0.134315
v 0.015194 0.102444 0.081685
v 0.015194 0.138444 0.117685
v 0.015194 -0.185556 -0.134315
v 0.015194 -0.113556 -0.134315
v 0.015194 0.138444 0.045685
v 0.015194 -0.185556 0.081685
v 0.015194 0.102444 -0.134315
v 0.015194 -0.149556 0.045685
v 0.015194 -0.113556 0.081685
v 0.015194 0.102444 -0.062315
v 0.015194 0.066444 0.117685
v 0.015194 -0.113556 -0.062315
v 0.015194 0.176173 -0.135239
v 0.015194 0.140173 -0.099239
v 0.015194 -0.111827 0.080761
v 0.015194 0.104173 0.080761
v 0.015194 0.176173 0.080761
v 0.015194 -0.147827 0.116761
v 0.015194 0.140173 0.116761
v 0.015194 -0.183827 -0.063239
v 0.015194 -0.111827 -0.063239
v 0.015194 -0.183827 0.080761
v 0.015194 -0.147827 0.044761
v 0.015194 0.140173 0.044761
v 0.015194 -0.075827 0.116761
v 0.015194 0.104173 -0.063239
v 0.015194 0.068173 0.116761
v 0.015194 -0.111827 -0.135239
v 0.015194 -0.183827 -0.135239
v 0.015194 -0.147827 -0.099239
v 0.015194 0.176173 -0.063239
v 0.015194 0.104173 -0.135239
v 0.015194 -0.181951 0.080192
v 0.015194 -0.145951 -0.099808
v 0.015194 0.142049 0.044192
v 0.015194 0.142049 -0.099808
v 0.015194 0.178049 -0.063808
v 0.015194 -0.109951 0.080192
v 0.015194 -0.145951 0.116192
v 0.015194 0.106049 0.080192
v 0.015194 -0.181951 -0.063808
v 0.015194 0.106049 -0.063808
v 0.015194 -0.145951 0.044192
v 0.015194 -0.073951 0.116192
v 0.015194 -0.109951 -0.063808
v 0.015194 0.106049 -0.135808
v 0.015194 0.178049 -0.135808
v 0.015194 0.142049 0.116192
v 0.015194 -0.181951 -0.135808
v 0.015194 0.178049 0.080192
v 0.015194 -0.109951 -0.135808
v 0.015194 0.070049 0.116192
v 0.015194 -0.180000 -0.136000
v 0.015194 -0.144000 -0.100000
v 0.015194 0.180000 -0.064000
v 0.015194 -0.108000 -0.136000
v 0.015194 -0.108000 -0.064000
v 0.015194 -0.072000 0.116000
v 0.015194 0.072000 0.116000
v 0.015194 0.108000 -0.136000
v 0.015194 0.108000 -0.064000
v 0.015194 -0.180000 -0.064000
v 0.015194 -0.180000 0.080000
v 0.015194 0.144000 0.116000
v 0.015194 -0.108000 0.080000
v 0.015194 0.144000 -0.100000
v 0.015194 0.180000 0.080000
v 0.015194 0.144000 0.044000
v 0.015194 0.180000 -0.136000
v 0.015194 -0.144000 0.044000
v 0.015194 -0.144000 0.116000
v 0.015194 0.108000 0.080000
v 0.015194 0.073951 0.116192
v 0.015194 -0.178049 -0.135808
v 0.015194 -0.106049 -0.063808
v 0.015194 -0.178049 -0.063808
v 0.015194 -0.142049 0.044192
v 0.015194 0.181951 0.080192
v 0.015194 0.181951 -0.135808
v 0.015194 -0.142049 0.116192
v 0.015194 0.109951 -0.135808
v 0.015194 0.109951 0.080192
v 0.015194 -0.106049 0.080192
v 0.015194 0.145951 0.116192
v 0.015194 0.109951 -0.063808
v 0.015194 -0.070049 0.116192
v 0.015194 -0.178049 0.080192
v 0.015194 0.145951 0.044192
v 0.015194 -0.142049 -0.099808
v 0.015194 0.181951 -0.063808
v 0.015194 0.145951 -0.099808
v 0.015194 -0.106049 -0.135808
v 0.015194 -0.140173 0.116761
v 0.015194 -0.104173 0.080761
v 0.015194 -0.104173 -0.135239
v 0.015194 -0.140173 0.044761
v 0.015194 -0.176173 0.080761
v 0.015194 0.111827 -0.135239
v 0.015194 -0.176173 -0.063239
v 0.015194 0.183827 -0.135239
v 0.015194 0.147827 0.116761
v 0.015194 0.075827 0.116761
v 0.015194 0.183827 0.080761
v 0.015194 -0.104173 -0.063239
v 0.015194 0.111827 0.080761
v 0.015194 -0.176173 -0.135239
v 0.015194 0.147827 0.044761
v 0.015194 0.147827 -0.099239
v 0.015194 0.183827 -0.063239
v 0.015194 -0.140173 -0.099239
v 0.015194 0.111827 -0.063239
v 0.015194 -0.068173 0.116761
v 0.015194 -0.102444 -0.062315
v 0.015194 0.077556 0.117685
v 0.015194 0.113556 0.081685
v 0.015194 0.113556 -0.062315
v 0.015194 0.185556 0.081685
v 0.015194 -0.174444 0.081685
v 0.015194 -0.174444 -0.062315
v 0.015194 -0.102444 -0.134315
v 0.015194 0.149556 0.117685
v 0.015194 0.113556 -0.134315
v 0.015194 -0.174444 -0.134315
v 0.015194 -0.102444 0.081685
v 0.015194 -0.138444 0.117685
v 0.015194 0.149556 0.045685
v 0.015194 0.185556 -0.134315
v 0.015194 0.149556 -0.098315
v 0.015194 -0.066444 0.117685
v 0.015194 -0.138444 -0.098315
v 0.015194 -0.138444 0.045685
v 0.015194 0.185556 -0.062315
v 0.015194 0.115071 0.082929
v 0.015194 -0.136929 -0.097071
v 0.015194 -0.172929 0.082929
v 0.015194 0.151071 0.118929
v 0.015194 0.187071 -0.061071
v 0.015194 0.115071 -0.061071
v 0.015194 0.151071 -0.097071
v 0.015194 -0.064929 0.118929
v 0.015194 -0.172929 -0.133071
v 0.015194 0.115071 -0.133071
v 0.015194 -0.100929 0.082929
v 0.015194 0.187071 0.082929
v 0.015194 -0.100929 -0.061071
v 0.015194 0.079071 0.118929
v 0.015194 -0.100929 -0.133071
v 0.015194 0.151071 0.046929
v 0.015194 -0.136929 0.046929
v 0.015194 -0.172929 -0.061071
v 0.015194 0.187071 -0.133071
v 0.015194 -0.136929 0.118929
v 0.015194 -0.135685 -0.095556
v 0.015194 0.116315 -0.059556
v 0.015194 0.188315 -0.131556
v 0.015194 -0.099685 0.084444
v 0.015194 -0.063685 0.120444
v 0.015194 0.116315 -0.131556
v 0.015194 -0.099685 -0.059556
v 0.015194 -0.099685 -0.131556
v 0.015194 0.188315 -0.059556
v 0.015194 0.116315 0.084444
v 0.015194 0.080315 0.120444
v 0.015194 -0.171685 0.084444
v 0.015194 0.152315 0.120444
v 0.015194 0.152315 0.048444
v 0.015194 -0.135685 0.048444
v 0.015194 -0.135685 0.120444
v 0.015194 0.152315 -0.095556
v 0.015194 -0.171685 -0.131556
v 0.015194 -0.171685 -0.059556
v 0.015194 0.188315 0.084444
v 0.015194 -0.134761 0.050173
v 0.015194 -0.062761 0.122173
v 0.015194 -0.134761 -0.093827
v 0.015194 0.189239 0.086173
v 0.015194 0.117239 -0.057827
v 0.015194 0.117239 0.086173
v 0.015194 -0.170761 0.086173
v 0.015194 0.153239 0.122173
v 0.015194 -0.098761 -0.129827
v 0.015194 -0.098761 -0.057827
v 0.015194 -0.098761 0.086173
v 0.015194 0.153239 0.050173
v 0.015194 0.153239 -0.093827
v 0.015194 0.189239 -0.057827
v 0.015194 0.189239 -0.129827
v 0.015194 0.081239 0.122173
v 0.015194 -0.134761 0.122173
v 0.015194 -0.170761 -0.057827
v 0.015194 -0.170761 -0.129827
v 0.015194 0.117239 -0.129827
v 0.015194 -0.098192 -0.055951
v 0.015194 -0.062192 0.124049
v 0.015194 -0.098192 0.088049
v 0.015194 -0.134192 0.052049
v 0.015194 0.189808 0.088049
v 0.015194 0.081808 0.124049
v 0.015194 0.189808 -0.055951
v 0.015194 0.153808 0.124049
v 0.015194 -0.170192 0.088049
v 0.015194 0.117808 0.088049
v 0.015194 0.117808 -0.055951
v 0.015194 -0.098192 -0.127951
v 0.015194 0.117808 -0.127951
v 0.015194 0.153808 0.052049
v 0.015194 0.153808 -0.091951
v 0.015194 -0.134192 -0.091951
v 0.015194 0.189808 -0.127951
v 0.015194 -0.134192 0.124049
v 0.015194 -0.170192 -0.127951
v 0.015194 -0.170192 -0.055951
v 0.012500 -0.134000 0.126000
v 0.012500 0.118000 -0.054000
v 0.012500 0.190000 -0.054000
v 0.012500 0.154000 -0.090000
v 0.012500 -0.098000 0.090000
v 0.012500 -0.062000 0.126000
v 0.012500 -0.134000 0.054000
v 0.012500 -0.170000 0.090000
v 0.012500 0.190000 -0.126000
v 0.012500 -0.170000 -0.126000
v 0.012500 -0.134000 -0.090000
v 0.012500 -0.098000 -0.054000
v 0.012500 0.190000 0.090000
v 0.012500 0.082000 0.126000
v 0.012500 0.118000 -0.126000
v 0.012500 -0.098000 -0.126000
v 0.012500 0.118000 0.090000
v 0.012500 0.154000 0.126000
v 0.012500 0.154000 0.054000
v 0.012500 -0.170000 -0.054000
v 0.012500 0.189808 0.091951
v 0.012500 0.153808 -0.088049
v 0.012500 -0.098192 0.091951
v 0.012500 -0.170192 -0.052049
v 0.012500 -0.098192 -0.124049
v 0.012500 -0.134192 0.127951
v 0.012500 0.189808 -0.052049
v 0.012500 0.117808 -0.052049
v 0.012500 0.117808 0.091951
v 0.012500 -0.134192 -0.088049
v 0.012500 -0.170192 0.091951
v 0.012500 -0.098192 -0.052049
v 0.012500 0.081808 0.127951
v 0.012500 -0.134192 0.055951
v 0.012500 0.153808 0.055951
v 0.012500 0.189808 -0.124049
v 0.012500 0.153808 0.127951
v 0.012500 -0.170192 -0.124049
v 0.012500 -0.062192 0.127951
v 0.012500 0.117808 -0.124049
v 0.012500 0.189239 -0.122173
v 0.012500 -0.098761 -0.050173
v 0.012500 -0.062761 0.129827
v 0.012500 0.117239 -0.050173
v 0.012500 0.153239 -0.086173
v 0.012500 -0.134761 0.129827
v 0.012500 -0.170761 -0.050173
v 0.012500 0.153239 0.057827
v 0.012500 0.081239 0.129827
v 0.012500 -0.134761 -0.086173
v 0.012500 0.117239 -0.122173
v 0.012500 -0.170761 0.093827
v 0.012500 -0.170761 -0.122173
v 0.012500 -0.134761 0.057827
v 0.012500 0.153239 0.129827
v 0.012500 0.189239 0.093827
v 0.012500 -0.098761 0.093827
v 0.012500 -0.098761 -0.122173
v 0.012500 0.117239 0.093827
v 0.012500 0.189239 -0.050173
v 0.012500 -0.135685 -0.084444
v 0.012500 0.188315 -0.048444
v 0.012500 0.080315 0.131556
v 0.012500 0.116315 -0.048444
v 0.012500 -0.063685 0.131556
v 0.012500 -0.171685 0.095556
v 0.012500 0.116315 0.095556
v 0.012500 -0.135685 0.059556
v 0.012500 -0.099685 -0.120444
v 0.012500 0.152315 0.131556
v 0.012500 0.152315 0.059556
v 0.012500 0.188315 0.095556
v 0.012500 0.152315 -0.084444
v 0.012500 -0.171685 -0.048444
v 0.012500 -0.135685 0.131556
v 0.012500 -0.099685 0.095556
v 0.012500 -0.099685 -0.048444
v 0.012500 0.116315 -0.120444
v 0.012500 0.188315 -0.120444
v 0.012500 -0.171685 -0.120444
v 0.012500 -0.172929 -0.118929
v 0.012500 0.151071 0.061071
v 0.012500 -0.100929 0.097071
v 0.012500 0.187071 0.097071
v 0.012500 0.187071 -0.046929
v 0.012500 -0.100929 -0.118929
v 0.012500 -0.100929 -0.046929
v 0.012500 0.115071 -0.118929
v 0.012500 -0.064929 0.133071
v 0.012500 0.115071 0.097071
v 0.012500 0.151071 0.133071
v 0.012500 0.115071 -0.046929
v 0.012500 0.151071 -0.082929
v 0.012500 -0.172929 -0.046929
v 0.012500 0.187071 -0.118929
v 0.012500 0.079071 0.133071
v 0.012500 -0.172929 0.097071
v 0.012500 -0.136929 0.133071
v 0.012500 -0.136929 -0.082929
v 0.012500 -0.136929 0.061071
v 0.012500 0.113556 0.098315
v 0.012500 -0.138444 -0.081685
v 0.012500 -0.138444 0.134315
v 0.012500 -0.102444 -0.117685
v 0.012500 -0.174444 -0.045685
v 0.012500 0.149556 -0.081685
v 0.012500 0.113556 -0.045685
v 0.012500 0.185556 -0.045685
v 0.012500 0.185556 -0.117685
v 0.012500 0.149556 0.062315
v 0.012500 -0.102444 0.098315
v 0.012500 0.113556 -0.117685
v 0.012500 0.077556 0.134315
v 0.012500 -0.174444 0.098315
v 0.012500 -0.138444 0.062315
v 0.012500 -0.174444 -0.117685
v 0.012500 -0.066444 0.134315
v 0.012500 0.149556 0.134315
v 0.012500 -0.102444 -0.045685
v 0.012500 0.185556 0.098315
v 0.012500 -0.140173 -0.080761
v 0.012500 0.183827 -0.116761
v 0.012500 -0.104173 0.099239
v 0.012500 0.111827 -0.116761
v 0.012500 0.183827 -0.044761
v 0.012500 0.147827 -0.080761
v 0.012500 -0.140173 0.135239
v 0.012500 0.075827 0.135239
v 0.012500 -0.176173 -0.116761
v 0.012500 0.147827 0.135239
v 0.012500 -0.176173 0.099239
v 0.012500 -0.140173 0.063239
v 0.012500 0.111827 -0.044761
v 0.012500 0.183827 0.099239
v 0.012500 -0.104173 -0.116761
v 0.012500 0.111827 0.099239
v 0.012500 -0.104173 -0.044761
v 0.012500 -0.068173 0.135239
v 0.012500 0.147827 0.063239
v 0.012500 -0.176173 -0.044761
v 0.012500 0.181951 -0.116192
v 0.012500 -0.106049 -0.044192
v 0.012500 0.109951 0.099808
v 0.012500 0.181951 0.099808
v 0.012500 0.109951 -0.044192
v 0.012500 -0.178049 -0.116192
v 0.012500 -0.178049 0.099808
v 0.012500 -0.106049 0.099808
v 0.012500 -0.142049 0.063808
v 0.012500 -0.142049 0.135808
v 0.012500 -0.178049 -0.044192
v 0.012500 0.181951 -0.044192
v 0.012500 -0.142049 -0.080192
v 0.012500 -0.106049 -0.116192
v 0.012500 0.145951 0.135808
v 0.012500 -0.070049 0.135808
v 0.012500 0.073951 0.135808
v 0.012500 0.109951 -0.116192
v 0.012500 0.145951 -0.080192
v 0.012500 0.145951 0.063808
v 0.012500 0.180000 0.100000
v 0.012500 -0.144000 -0.080000
v 0.012500 0.108000 -0.044000
v 0.012500 -0.144000 0.064000
v 0.012500 -0.144000 0.136000
v 0.012500 0.144000 0.136000
v 0.012500 -0.180000 -0.044000
v 0.012500 -0.072000 0.136000
v 0.012500 -0.108000 -0.044000
v 0.012500 0.108000 0.100000
v 0.012500 -0.180000 0.100000
v 0.012500 0.180000 -0.116000
v 0.012500 -0.180000 -0.116000
v 0.012500 -0.108000 -0.116000
v 0.012500 -0.108000 0.100000
v 0.012500 0.144000 0.064000
v 0.012500 0.072000 0.136000
v 0.012500 0.144000 -0.080000
v 0.012500 0.180000 -0.044000
v 0.012500 0.108000 -0.116000
v 0.012500 -0.109951 -0.116192
v 0.012500 0.142049 0.063808
v 0.012500 -0.181951 -0.044192
v 0.012500 -0.181951 -0.116192
v 0.012500 0.142049 0.135808
v 0.012500 -0.109951 0.099808
v 0.012500 0.178049 0.099808
v 0.012500 0.178049 -0.044192
v 0.012500 -0.109951 -0.044192
v 0.012500 0.106049 0.099808
v 0.012500 0.106049 -0.044192
v 0.012500 -0.145951 -0.080192
v 0.012500 -0.145951 0.063808
v 0.012500 -0.073951 0.135808
v 0.012500 0.142049 -0.080192
v 0.012500 0.178049 -0.116192
v 0.012500 -0.181951 0.099808
v 0.012500 0.070049 0.135808
v 0.012500 -0.145951 0.135808
v 0.012500 0.106049 -0.116192
v 0.012500 -0.111827 -0.116761
v 0.012500 -0.147827 0.063239
v 0.012500 0.140173 0.063239
v 0.012500 0.104173 -0.044761
v 0.012500 -0.075827 0.135239
v 0.012500 0.176173 -0.044761
v 0.012500 -0.183827 0.099239
v 0.012500 0.104173 0.099239
v 0.012500 0.068173 0.135239
v 0.012500 -0.147827 0.135239
v 0.012500 -0.111827 0.099239
v 0.012500 0.140173 -0.080761
v 0.012500 -0.183827 -0.116761
v 0.012500 0.140173 0.135239
v 0.012500 -0.183827 -0.044761
v 0.012500 -0.111827 -0.044761
v 0.012500 -0.147827 -0.080761
v 0.012500 0.104173 -0.116761
v 0.012500 0.176173 0.099239
v 0.012500 0.176173 -0.116761
v 0.012500 -0.077556 0.134315
v 0.012500 -0.185556 -0.117685
v 0.012500 0.174444 -0.045685
v 0.012500 -0.113556 -0.045685
v 0.012500 0.174444 -0.117685
v 0.012500 -0.113556 0.098315
v 0.012500 0.138444 -0.081685
v 0.012500 0.102444 0.098315
v 0.012500 0.066444 0.134315
v 0.012500 -0.185556 0.098315
v 0.012500 -0.113556 -0.117685
v 0.012500 0.102444 -0.045685
v 0.012500 -0.149556 0.062315
v 0.012500 -0.149556 0.134315
v 0.012500 0.138444 0.134315
v 0.012500 -0.185556 -0.045685
v 0.012500 0.138444 0.062315
v 0.012500 -0.149556 -0.081685
v 0.012500 0.174444 0.098315
v 0.012500 0.102444 -0.117685
v 0.012500 -0.079071 0.133071
v 0.012500 0.100929 -0.118929
v 0.012500 -0.187071 -0.118929
v 0.012500 -0.115071 0.097071
v 0.012500 0.172929 -0.046929
v 0.012500 0.064929 0.133071
v 0.012500 -0.187071 0.097071
v 0.012500 -0.151071 0.061071
v 0.012500 0.136929 0.133071
v 0.012500 0.172929 -0.118929
v 0.012500 0.172929 0.097071
v 0.012500 -0.115071 -0.046929
v 0.012500 0.136929 -0.082929
v 0.012500 0.100929 0.097071
v 0.012500 -0.115071 -0.118929
v 0.012500 0.100929 -0.046929
v 0.012500 -0.187071 -0.046929
v 0.012500 -0.151071 0.133071
v 0.012500 0.136929 0.061071
v 0.012500 -0.151071 -0.082929
v 0.012500 0.099685 0.095556
v 0.012500 0.171685 0.095556
v 0.012500 0.171685 -0.048444
v 0.012500 0.099685 -0.048444
v 0.012500 0.135685 0.131556
v 0.012500 0.135685 0.059556
v 0.012500 -0.188315 -0.048444
v 0.012500 0.099685 -0.120444
v 0.012500 -0.116315 -0.048444
v 0.012500 0.171685 -0.120444
v 0.012500 -0.152315 -0.084444
v 0.012500 -0.152315 0.131556
v 0.012500 -0.152315 0.059556
v 0.012500 -0.188315 0.095556
v 0.012500 0.063685 0.131556
v 0.012500 0.135685 -0.084444
v 0.012500 -0.080315 0.131556
v 0.012500 -0.116315 -0.120444
v 0.012500 -0.116315 0.095556
v 0.012500 -0.188315 -0.120444
v 0.012500 -0.189239 -0.050173
v 0.012500 0.170761 0.093827
v 0.012500 0.134761 0.129827
v 0.012500 0.098761 0.093827
v 0.012500 -0.153239 -0.086173
v 0.012500 0.098761 -0.122173
v 0.012500 -0.117239 -0.050173
v 0.012500 -0.153239 0.057827
v 0.012500 -0.189239 -0.122173
v 0.012500 0.170761 -0.122173
v 0.012500 -0.189239 0.093827
v 0.012500 0.098761 -0.050173
v 0.012500 -0.117239 -0.122173
v 0.012500 -0.153239 0.129827
v 0.012500 0.062761 0.129827
v 0.012500 0.170761 -0.050173
v 0.012500 0.134761 -0.086173
v 0.012500 0.134761 0.057827
v 0.012500 -0.081239 0.129827
v 0.012500 -0.117239 0.093827
v 0.012500 -0.189808 0.091951
v 0.012500 -0.081808 0.127951
v 0.012500 0.170192 -0.124049
v 0.012500 -0.117808 -0.124049
v 0.012500 -0.117808 -0.052049
v 0.012500 -0.189808 -0.052049
v 0.012500 -0.153808 -0.088049
v 0.012500 0.170192 0.091951
v 0.012500 -0.153808 0.055951
v 0.012500 0.062192 0.127951
v 0.012500 -0.153808 0.127951
v 0.012500 0.134192 -0.088049
v 0.012500 0.134192 0.055951
v 0.012500 -0.117808 0.091951
v 0.012500 0.134192 0.127951
v 0.012500 0.098192 0.091951
v 0.012500 0.170192 -0.052049
v 0.012500 0.098192 -0.052049
v 0.012500 -0.189808 -0.124049
v 0.012500 0.098192 -0.124049
v 0.012500 0.098000 -0.126000
v 0.012500 0.134000 0.126000
v 0.012500 0.170000 0.090000
v 0.012500 -0.154000 -0.090000
v 0.012500 -0.190000 0.090000
v 0.012500 -0.154000 0.054000
v 0.012500 0.062000 0.126000
v 0.012500 -0.190000 -0.054000
v 0.012500 0.170000 -0.054000
v 0.012500 -0.118000 0.090000
v 0.012500 0.134000 -0.090000
v 0.012500 0.098000 -0.054000
v 0.012500 -0.154000 0.126000
v 0.012500 0.134000 0.054000
v 0.012500 -0.118000 -0.126000
v 0.012500 0.170000 -0.126000
v 0.012500 0.098000 0.090000
v 0.012500 -0.082000 0.126000
v 0.012500 -0.118000 -0.054000
v 0.012500 -0.190000 -0.126000
v 0.012500 -0.189808 -0.055951
v 0.012500 0.134192 -0.091951
v 0.012500 -0.117808 -0.055951
v 0.012500 -0.081808 0.124049
v 0.012500 0.170192 -0.127951
v 0.012500 0.098192 -0.127951
v 0.012500 0.062192 0.124049
v 0.012500 0.134192 0.052049
v 0.012500 -0.117808 0.088049
v 0.012500 -0.153808 0.052049
v 0.012500 0.170192 -0.055951
v 0.012500 -0.189808 -0.127951
v 0.012500 -0.153808 -0.091951
v 0.012500 0.134192 0.124049
v 0.012500 -0.153808 0.124049
v 0.012500 -0.117808 -0.127951
v 0.012500 0.098192 -0.055951
v 0.012500 0.098192 0.088049
v 0.012500 -0.189808 0.088049
v 0.012500 0.170192 0.088049
v 0.012500 -0.117239 -0.129827
v 0.012500 0.098761 0.086173
v 0.012500 -0.189239 -0.057827
v 0.012500 -0.153239 0.122173
v 0.012500 -0.189239 -0.129827
v 0.012500 0.134761 0.050173
v 0.012500 0.098761 -0.057827
v 0.012500 0.134761 -0.093827
v 0.012500 -0.081239 0.122173
v 0.012500 -0.117239 -0.057827
v 0.012500 -0.153239 0.050173
v 0.012500 0.062761 0.122173
v 0.012500 0.170761 -0.057827
v 0.012500 -0.117239 0.086173
v 0.012500 0.134761 0.122173
v 0.012500 0.170761 -0.129827
v 0.012500 -0.189239 0.086173
v 0.012500 0.098761 -0.129827
v 0.012500 0.170761 0.086173
v 0.012500 -0.153239 -0.093827
v 0.012500 -0.188315 0.084444
v 0.012500 -0.188315 -0.131556
v 0.012500 -0.152315 0.120444
v 0.012500 -0.080315 0.120444
v 0.012500 0.171685 0.084444
v 0.012500 -0.116315 0.084444
v 0.012500 0.135685 0.048444
v 0.012500 0.099685 0.084444
v 0.012500 -0.152315 -0.095556
v 0.012500 -0.116315 -0.131556
v 0.012500 -0.152315 0.048444
v 0.012500 0.135685 -0.095556
v 0.012500 0.063685 0.120444
v 0.012500 -0.188315 -0.059556
v 0.012500 0.099685 -0.059556
v 0.012500 0.171685 -0.131556
v 0.012500 0.099685 -0.131556
v 0.012500 0.135685 0.120444
v 0.012500 0.171685 -0.059556
v 0.012500 -0.116315 -0.059556
v 0.012500 -0.187071 -0.133071
v 0.012500 0.136929 -0.097071
v 0.012500 0.100929 -0.133071
v 0.012500 -0.151071 0.046929
v 0.012500 0.136929 0.046929
v 0.012500 -0.115071 -0.133071
v 0.012500 0.172929 0.082929
v 0.012500 0.064929 0.118929
v 0.012500 0.136929 0.118929
v 0.012500 -0.115071 -0.061071
v 0.012500 -0.187071 0.082929
v 0.012500 -0.151071 -0.097071
v 0.012500 0.172929 -0.133071
v 0.012500 -0.115071 0.082929
v 0.012500 0.100929 -0.061071
v 0.012500 -0.187071 -0.061071
v 0.012500 -0.151071 0.118929
v 0.012500 -0.079071 0.118929
v 0.012500 0.100929 0.082929
v 0.012500 0.172929 -0.061071
v 0.012500 -0.113556 -0.134315
v 0.012500 0.174444 -0.134315
v 0.012500 0.138444 0.117685
v 0.012500 0.138444 -0.098315
v 0.012500 -0.185556 -0.062315
v 0.012500 -0.185556 0.081685
v 0.012500 0.174444 -0.062315
v 0.012500 -0.113556 0.081685
v 0.012500 0.102444 -0.134315
v 0.012500 0.138444 0.045685
v 0.012500 -0.185556 -0.134315
v 0.012500 0.066444 0.117685
v 0.012500 0.174444 0.081685
v 0.012500 -0.149556 0.045685
v 0.012500 -0.149556 -0.098315
v 0.012500 0.102444 -0.062315
v 0.012500 -0.113556 -0.062315
v 0.012500 -0.149556 0.117685
v 0.012500 -0.077556 0.117685
v 0.012500 0.102444 0.081685
v 0.012500 -0.183827 0.080761
v 0.012500 -0.111827 0.080761
v 0.012500 0.104173 0.080761
v 0.012500 0.104173 -0.063239
v 0.012500 -0.183827 -0.135239
v 0.012500 0.140173 0.116761
v 0.012500 -0.147827 0.116761
v 0.012500 0.176173 -0.135239
v 0.012500 -0.147827 -0.099239
v 0.012500 -0.147827 0.044761
v 0.012500 0.176173 0.080761
v 0.012500 0.068173 0.116761
v 0.012500 0.140173 0.044761
v 0.012500 0.104173 -0.135239
v 0.012500 0.140173 -0.099239
v 0.012500 -0.183827 -0.063239
v 0.012500 -0.111827 -0.063239
v 0.012500 -0.075827 0.116761
v 0.012500 -0.111827 -0.135239
v 0.012500 0.176173 -0.063239
v 0.012500 -0.145951 0.116192
v 0.012500 0.178049 -0.135808
v 0.012500 0.106049 -0.063808
v 0.012500 -0.145951 -0.099808
v 0.012500 -0.109951 -0.063808
v 0.012500 0.142049 0.044192
v 0.012500 0.142049 -0.099808
v 0.012500 -0.181951 -0.063808
v 0.012500 -0.109951 -0.135808
v 0.012500 -0.109951 0.080192
v 0.012500 0.142049 0.116192
v 0.012500 -0.181951 -0.135808
v 0.012500 0.178049 0.080192
v 0.012500 0.106049 -0.135808
v 0.012500 -0.145951 0.044192
v 0.012500 0.106049 0.080192
v 0.012500 0.070049 0.116192
v 0.012500 -0.181951 0.080192
v 0.012500 -0.073951 0.116192
v 0.012500 0.178049 -0.063808
v 0.012500 0.180000 -0.064000
v 0.012500 -0.108000 -0.064000
v 0.012500 -0.144000 0.044000
v 0.012500 -0.108000 0.080000
v 0.012500 -0.072000 0.116000
v 0.012500 0.072000 0.116000
v 0.012500 -0.108000 -0.136000
v 0.012500 -0.144000 -0.100000
v 0.012500 -0.180000 -0.064000
v 0.012500 0.180000 0.080000
v 0.012500 -0.144000 0.116000
v 0.012500 0.144000 -0.100000
v 0.012500 -0.180000 -0.136000
v 0.012500 0.108000 0.080000
v 0.012500 -0.180000 0.080000
v 0.012500 0.144000 0.044000
v 0.012500 0.144000 0.116000
v 0.012500 0.180000 -0.136000
v 0.012500 0.108000 -0.136000
v 0.012500 0.108000 -0.064000
v 0.012500 0.109951 -0.135808
v 0.012500 0.073951 0.116192
v 0.012500 0.181951 -0.063808
v 0.012500 0.145951 -0.099808
v 0.012500 0.145951 0.044192
v 0.012500 -0.178049 0.080192
v 0.012500 -0.106049 -0.063808
v 0.012500 -0.106049 0.080192
v 0.012500 -0.142049 0.044192
v 0.012500 0.181951 -0.135808
v 0.012500 -0.142049 0.116192
v 0.012500 -0.178049 -0.135808
v 0.012500 -0.178049 -0.063808
v 0.012500 0.109951 -0.063808
v 0.012500 0.109951 0.080192
v 0.012500 0.181951 0.080192
v 0.012500 -0.070049 0.116192
v 0.012500 0.145951 0.116192
v 0.012500 -0.142049 -0.099808
v 0.012500 -0.106049 -0.135808
v 0.012500 -0.104173 -0.063239
v 0.012500 -0.140173 0.044761
v 0.012500 0.075827 0.116761
v 0.012500 -0.140173 -0.099239
v 0.012500 -0.140173 0.116761
v 0.012500 -0.176173 0.080761
v 0.012500 0.183827 -0.135239
v 0.012500 0.183827 0.080761
v 0.012500 0.147827 -0.099239
v 0.012500 -0.176173 -0.063239
v 0.012500 -0.176173 -0.135239
v 0.012500 -0.068173 0.116761
v 0.012500 0.147827 0.044761
v 0.012500 -0.104173 0.080761
v 0.012500 0.147827 0.116761
v 0.012500 0.183827 -0.063239
v 0.012500 0.111827 -0.063239
v 0.012500 -0.104173 -0.135239
v 0.012500 0.111827 -0.135239
v 0.012500 0.111827 0.080761
v 0.012500 0.113556 0.081685
v 0.012500 0.113556 -0.134315
v 0.012500 -0.138444 0.117685
v 0.012500 0.149556 0.117685
v 0.012500 -0.138444 0.045685
v 0.012500 0.113556 -0.062315
v 0.012500 0.185556 -0.134315
v 0.012500 -0.174444 -0.062315
v 0.012500 -0.174444 0.081685
v 0.012500 0.149556 0.045685
v 0.012500 0.149556 -0.098315
v 0.012500 0.185556 -0.062315
v 0.012500 0.077556 0.117685
v 0.012500 -0.102444 -0.062315
v 0.012500 -0.066444 0.117685
v 0.012500 0.185556 0.081685
v 0.012500 -0.174444 -0.134315
v 0.012500 -0.102444 -0.134315
v 0.012500 -0.102444 0.081685
v 0.012500 -0.138444 -0.098315
v 0.012500 -0.172929 -0.133071
v 0.012500 -0.100929 0.082929
v 0.012500 -0.172929 -0.061071
v 0.012500 0.115071 -0.133071
v 0.012500 -0.136929 0.118929
v 0.012500 -0.172929 0.082929
v 0.012500 -0.064929 0.118929
v 0.012500 0.115071 -0.061071
v 0.012500 0.151071 0.118929
v 0.012500 0.115071 0.082929
v 0.012500 -0.100929 -0.133071
v 0.012500 -0.100929 -0.061071
v 0.012500 0.187071 -0.061071
v 0.012500 0.151071 -0.097071
v 0.012500 0.079071 0.118929
v 0.012500 0.187071 -0.133071
v 0.012500 -0.136929 0.046929
v 0.012500 -0.136929 -0.097071
v 0.012500 0.187071 0.082929
v 0.012500 0.151071 0.046929
v 0.012500 -0.171685 0.084444
v 0.012500 0.116315 -0.131556
v 0.012500 0.188315 -0.131556
v 0.012500 -0.063685 0.120444
v 0.012500 0.116315 0.084444
v 0.012500 -0.171685 -0.059556
v 0.012500 0.188315 0.084444
v 0.012500 0.188315 -0.059556
v 0.012500 -0.135685 0.048444
v 0.012500 0.152315 0.120444
v 0.012500 -0.099685 -0.059556
v 0.012500 0.080315 0.120444
v 0.012500 -0.135685 -0.095556
v 0.012500 0.152315 -0.095556
v 0.012500 0.152315 0.048444
v 0.012500 -0.135685 0.120444
v 0.012500 -0.171685 -0.131556
v 0.012500 -0.099685 -0.131556
v 0.012500 -0.099685 0.084444
v 0.012500 0.116315 -0.059556
v 0.012500 -0.134761 -0.093827
v 0.012500 0.189239 0.086173
v 0.012500 0.153239 -0.093827
v 0.012500 0.189239 -0.129827
v 0.012500 -0.134761 0.122173
v 0.012500 0.081239 0.122173
v 0.012500 -0.062761 0.122173
v 0.012500 0.189239 -0.057827
v 0.012500 -0.134761 0.050173
v 0.012500 0.153239 0.050173
v 0.012500 0.117239 -0.057827
v 0.012500 -0.098761 -0.129827
v 0.012500 -0.170761 0.086173
v 0.012500 -0.170761 -0.129827
v 0.012500 0.117239 -0.129827
v 0.012500 -0.098761 -0.057827
v 0.012500 0.117239 0.086173
v 0.012500 -0.170761 -0.057827
v 0.012500 -0.098761 0.086173
v 0.012500 0.153239 0.122173
v 0.012500 -0.098192 -0.055951
v 0.012500 -0.134192 0.052049
v 0.012500 -0.062192 0.124049
v 0.012500 -0.098192 -0.127951
v 0.012500 0.189808 0.088049
v 0.012500 0.081808 0.124049
v 0.012500 0.189808 -0.055951
v 0.012500 -0.170192 0.088049
v 0.012500 0.117808 0.088049
v 0.012500 0.153808 0.124049
v 0.012500 0.117808 -0.055951
v 0.012500 -0.098192 0.088049
v 0.012500 0.117808 -0.127951
v 0.012500 0.153808 -0.091951
v 0.012500 0.153808 0.052049
v 0.012500 -0.134192 -0.091951
v 0.012500 0.189808 -0.127951
v 0.012500 -0.134192 0.124049
v 0.012500 -0.170192 -0.127951
v 0.012500 -0.170192 -0.055951
vn -0.0000 0.9952 0.0980
vn -0.0000 0.9569 0.2903
vn -0.0000 0.8819 0.4714
vn -0.0000 0.7730 0.6344
vn -0.0000 0.6344 0.7730
vn -0.0000 0.4714 0.8819
vn -0.0000 0.2903 0.9569
vn -0.0000 0.0980 0.9952
vn -0.0000 -0.0980 0.9952
vn -0.0000 -0.2903 0.9569
vn -0.0000 -0.4714 0.8819
vn -0.0000 -0.6344 0.7730
vn -0.0000 -0.7730 0.6344
vn -0.0000 -0.8819 0.4714
vn -0.0000 -0.9569 0.2903
vn -0.0000 -0.9952 0.0980
vn -0.0000 -0.9952 -0.0980
vn -0.0000 -0.9569 -0.2903
vn -0.0000 -0.8819 -0.4714
vn -0.0000 -0.7730 -0.6344
vn -0.0000 -0.6344 -0.7730
vn -0.0000 -0.4714 -0.8819
vn -0.0000 -0.2903 -0.9569
vn -0.0000 -0.0980 -0.9952
vn -0.0000 0.0980 -0.9952
vn -0.0000 0.2903 -0.9569
vn -0.0000 0.4714 -0.8819
vn -0.0000 0.6344 -0.7730
vn -0.0000 0.7730 -0.6344
vn -0.0000 0.8819 -0.4714
vn 1.0000 -0.0000 -0.0000
vn -0.0000 0.9569 -0.2903
vn -0.0000 0.9952 -0.0980
vn -1.0000 -0.0000 -0.0000
vt 1.000000 1.000000
vt 0.968750 0.865298
vt 1.000000 0.865298
vt 0.968750 1.000000
vt 0.937500 0.865298
vt 0.906250 1.000000
vt 0.937500 1.000000
vt 0.875000 0.865298
vt 0.906250 0.865298
vt 0.875000 1.000000
vt 0.843750 0.865298
vt 0.843750 1.000000
vt 0.812500 0.865298
vt 0.812500 1.000000
vt 0.781250 0.865298
vt 0.781250 1.000000
vt 0.750000 0.865298
vt 0.750000 1.000000
vt 0.718750 0.865298
vt 0.718750 1.000000
vt 0.687500 0.865298
vt 0.687500 1.000000
vt 0.656250 0.865298
vt 0.656250 1.000000
vt 0.625000 0.865298
vt 0.625000 1.000000
vt 0.593750 0.865298
vt 0.593750 1.000000
vt 0.562500 0.865298
vt 0.562500 1.000000
vt 0.531250 0.865298
vt 0.531250 1.000000
vt 0.500000 0.865298
vt 0.500000 1.000000
vt 0.468750 0.865298
vt 0.468750 1.000000
vt 0.437500 0.865298
vt 0.437500 1.000000
vt 0.406250 0.865298
vt 0.406250 1.000000
vt 0.375000 0.865298
vt 0.375000 1.000000
vt 0.343750 0.865298
vt 0.343750 1.000000
vt 0.312500 0.865298
vt 0.312500 1.000000
vt 0.281250 0.865298
vt 0.281250 1.000000
vt 0.250000 0.865298
vt 0.250000 1.000000
vt 0.218750 0.865298
vt 0.218750 1.000000
vt 0.187500 0.865298
vt 0.187500 1.000000
vt 0.156250 0.865298
vt 0.156250 1.000000
vt 0.125000 0.865298
vt 0.125000 1.000000
vt 0.093750 0.865298
vt 0.093750 1.000000
vt 0.062500 0.865298
vt 0.383337 0.050447
vt 0.449553 0.383337
vt 0.116663 0.449553
vt 0.062500 1.000000
vt 0.031250 0.865298
vt 0.031250 1.000000
vt 0.000000 0.865298
vt 0.349811 0.970452
vt 0.354106 0.985116
vt 0.364475 0.979042
vt 0.449553 0.116663
vt 0.383337 0.449553
vt 0.050447 0.383337
vt 0.296822 0.014612
vt 0.485388 0.296822
vt 0.203178 0.485388
vt 0.485388 0.203178
vt 0.296822 0.485388
vt 0.014612 0.296822
vt 0.080294 0.419706
vt 0.080294 0.080294
vt 0.419706 0.080294
vt 0.028269 0.341844
vt 0.010000 0.250000
vt 0.014612 0.203178
vt 0.028269 0.158156
vt 0.050447 0.116663
vt 0.116663 0.050447
vt 0.158156 0.028269
vt 0.203178 0.014612
vt 0.250000 0.010000
vt 0.341844 0.028269
vt 0.471731 0.158156
vt 0.490000 0.250000
vt 0.471731 0.341844
vt 0.419706 0.419706
vt 0.341844 0.471731
vt 0.250000 0.490000
vt 0.158156 0.471731
vt 0.000000 1.000000
vt 0.364927 0.976937
vt 0.365079 0.974747
vt 0.364927 0.972558
vt 0.364475 0.970452
vt 0.363742 0.968512
vt 0.362755 0.966811
vt 0.361552 0.965416
vt 0.360180 0.964378
vt 0.358691 0.963740
vt 0.357143 0.963524
vt 0.355595 0.963740
vt 0.354106 0.964378
vt 0.352734 0.965416
vt 0.351531 0.966811
vt 0.350544 0.968512
vt 0.349359 0.972558
vt 0.349206 0.974747
vt 0.349359 0.976937
vt 0.349811 0.979042
vt 0.350544 0.980983
vt 0.351531 0.982684
vt 0.352734 0.984079
vt 0.355595 0.985755
vt 0.357143 0.985971
vt 0.358691 0.985755
vt 0.360180 0.985116
vt 0.361552 0.984079
vt 0.362755 0.982683
vt 0.363742 0.980983
s 0
f 1/1/1 650/3/1 678/2/1
f 38/4/2 678/2/2 693/5/2
f 64/6/3 44/7/3 693/5/3
f 64/6/4 720/9/4 721/8/4
f 97/10/5 721/8/5 756/11/5
f 107/12/6 756/11/6 769/13/6
f 137/14/7 769/13/7 786/15/7
f 142/16/8 786/15/8 813/17/8
f 175/18/9 813/17/9 824/19/9
f 199/20/10 824/19/10 853/21/10
f 203/22/11 853/21/11 862/23/11
f 234/24/12 862/23/12 883/25/12
f 248/26/13 883/25/13 920/27/13
f 278/28/14 920/27/14 929/29/14
f 287/30/15 929/29/15 959/31/15
f 310/32/16 959/31/16 980/33/16
f 332/34/17 980/33/17 992/35/17
f 349/36/18 992/35/18 1005/37/18
f 365/38/19 1005/37/19 1022/39/19
f 386/40/20 1022/39/20 1041/41/20
f 408/42/21 1041/41/21 1071/43/21
f 431/44/22 1071/43/22 1085/45/22
f 457/46/23 1085/45/23 1112/47/23
f 477/48/24 1112/47/24 1133/49/24
f 481/50/25 1133/49/25 1152/51/25
f 502/52/26 1152/51/26 1171/53/26
f 534/54/27 1171/53/27 1197/55/27
f 551/56/28 1197/55/28 1201/57/28
f 569/58/29 1201/57/29 1237/59/29
f 598/60/30 1237/59/30 1254/61/30
f 278/62/31 598/64/31 107/63/31
f 619/65/32 1254/61/32 1279/66/32
f 639/67/33 1279/66/33 650/68/33
f 929/69/34 1254/71/34 1085/70/34
f 5/1/1 659/3/1 675/2/1
f 27/4/2 675/2/2 688/5/2
f 71/6/3 41/7/3 688/5/3
f 71/6/4 711/9/4 722/8/4
f 93/10/5 722/8/5 750/11/5
f 109/12/6 750/11/6 779/13/6
f 135/14/7 779/13/7 800/15/7
f 156/16/8 800/15/8 816/17/8
f 162/18/9 816/17/9 822/19/9
f 191/20/10 822/19/10 843/21/10
f 206/22/11 843/21/11 877/23/11
f 225/24/12 877/23/12 899/25/12
f 258/26/13 899/25/13 906/27/13
f 276/28/14 906/27/14 938/29/14
f 284/30/15 938/29/15 953/31/15
f 312/32/16 953/31/16 974/33/16
f 322/34/17 974/33/17 988/35/17
f 353/36/18 988/35/18 1006/37/18
f 378/38/19 1006/37/19 1027/39/19
f 394/40/20 1027/39/20 1045/41/20
f 417/42/21 1045/41/21 1070/43/21
f 433/44/22 1070/43/22 1093/45/22
f 452/46/23 1093/45/23 1106/47/23
f 463/48/24 1106/47/24 1136/49/24
f 496/50/25 1136/49/25 1145/51/25
f 516/52/26 1145/51/26 1173/53/26
f 535/54/27 1173/53/27 1190/55/27
f 554/56/28 1190/55/28 1220/57/28
f 576/58/29 1220/57/29 1235/59/29
f 594/60/30 1235/59/30 1250/61/30
f 225/72/31 554/74/31 71/73/31
f 612/65/32 1250/61/32 1275/66/32
f 634/67/33 1275/66/33 659/68/33
f 938/69/34 1250/71/34 1093/70/34
f 9/1/1 657/3/1 669/2/1
f 32/4/2 669/2/2 699/5/2
f 77/6/3 59/7/3 699/5/3
f 77/6/4 707/9/4 730/8/4
f 88/10/5 730/8/5 741/11/5
f 111/12/6 741/11/6 776/13/6
f 128/14/7 776/13/7 783/15/7
f 154/16/8 783/15/8 810/17/8
f 180/18/9 810/17/9 830/19/9
f 188/20/10 830/19/10 848/21/10
f 209/22/11 848/21/11 868/23/11
f 228/24/12 868/23/12 894/25/12
f 260/26/13 894/25/13 901/27/13
f 279/28/14 901/27/14 924/29/14
f 290/30/15 924/29/15 956/31/15
f 314/32/16 956/31/16 977/33/16
f 334/34/17 977/33/17 998/35/17
f 341/36/18 998/35/18 1002/37/18
f 370/38/19 1002/37/19 1028/39/19
f 382/40/20 1028/39/20 1059/41/20
f 415/42/21 1059/41/21 1080/43/21
f 429/44/22 1080/43/22 1083/45/22
f 444/46/23 1083/45/23 1116/47/23
f 468/48/24 1116/47/24 1134/49/24
f 500/50/25 1134/49/25 1155/51/25
f 510/52/26 1155/51/26 1180/53/26
f 533/54/27 1180/53/27 1181/55/27
f 543/56/28 1181/55/28 1210/57/28
f 561/58/29 1210/57/29 1225/59/29
f 590/60/30 1225/59/30 1257/61/30
f 314/75/31 630/77/31 154/76/31
f 606/65/32 1257/61/32 1269/66/32
f 630/67/33 1269/66/33 657/68/33
f 924/69/34 1257/71/34 1083/70/34
f 19/1/1 653/3/1 661/2/1
f 35/4/2 661/2/2 696/5/2
f 65/6/3 51/7/3 696/5/3
f 65/6/4 712/9/4 724/8/4
f 84/10/5 724/8/5 760/11/5
f 116/12/6 760/11/6 774/13/6
f 133/14/7 774/13/7 784/15/7
f 145/16/8 784/15/8 801/17/8
f 166/18/9 801/17/9 827/19/9
f 189/20/10 827/19/10 859/21/10
f 210/22/11 859/21/11 879/23/11
f 238/24/12 879/23/12 891/25/12
f 254/26/13 891/25/13 902/27/13
f 274/28/14 902/27/14 922/29/14
f 296/30/15 922/29/15 948/31/15
f 316/32/16 948/31/16 963/33/16
f 324/34/17 963/33/17 1000/35/17
f 358/36/18 1000/35/18 1019/37/18
f 372/38/19 1019/37/19 1025/39/19
f 400/40/20 1025/39/20 1047/41/20
f 409/42/21 1047/41/21 1073/43/21
f 427/44/22 1073/43/22 1091/45/22
f 445/46/23 1091/45/23 1113/47/23
f 478/48/24 1113/47/24 1130/49/24
f 495/50/25 1130/49/25 1156/51/25
f 506/52/26 1156/51/26 1168/53/26
f 531/54/27 1168/53/27 1196/55/27
f 545/56/28 1196/55/28 1219/57/28
f 572/58/29 1219/57/29 1227/59/29
f 600/60/30 1227/59/30 1242/61/30
f 238/72/31 545/74/31 65/73/31
f 604/65/32 1242/61/32 1265/66/32
f 625/67/33 1265/66/33 653/68/33
f 922/69/34 1242/71/34 1091/70/34
f 18/1/1 654/3/1 673/2/1
f 26/4/2 673/2/2 689/5/2
f 78/6/3 42/7/3 689/5/3
f 78/6/4 703/9/4 736/8/4
f 95/10/5 736/8/5 753/11/5
f 108/12/6 753/11/6 768/13/6
f 127/14/7 768/13/7 797/15/7
f 150/16/8 797/15/8 817/17/8
f 178/18/9 817/17/9 838/19/9
f 181/20/10 838/19/10 849/21/10
f 220/22/11 849/21/11 869/23/11
f 232/24/12 869/23/12 886/25/12
f 243/26/13 886/25/13 915/27/13
f 268/28/14 915/27/14 935/29/14
f 299/30/15 935/29/15 950/31/15
f 304/32/16 950/31/16 967/33/16
f 333/34/17 967/33/17 987/35/17
f 351/36/18 987/35/18 1012/37/18
f 367/38/19 1012/37/19 1033/39/19
f 396/40/20 1033/39/20 1048/41/20
f 420/42/21 1048/41/21 1072/43/21
f 439/44/22 1072/43/22 1092/45/22
f 455/46/23 1092/45/23 1117/47/23
f 480/48/24 1117/47/24 1126/49/24
f 487/50/25 1126/49/25 1142/51/25
f 501/52/26 1142/51/26 1163/53/26
f 530/54/27 1163/53/27 1193/55/27
f 542/56/28 1193/55/28 1215/57/28
f 574/58/29 1215/57/29 1232/59/29
f 591/60/30 1232/59/30 1246/61/30
f 304/75/31 626/77/31 150/76/31
f 616/65/32 1246/61/32 1266/66/32
f 626/67/33 1266/66/33 654/68/33
f 935/69/34 1246/71/34 1092/70/34
f 20/1/1 658/3/1 677/2/1
f 21/4/2 677/2/2 695/5/2
f 68/6/3 52/7/3 695/5/3
f 68/6/4 710/9/4 731/8/4
f 98/10/5 731/8/5 758/11/5
f 117/12/6 758/11/6 770/13/6
f 129/14/7 770/13/7 795/15/7
f 147/16/8 795/15/8 806/17/8
f 171/18/9 806/17/9 825/19/9
f 194/20/10 825/19/10 854/21/10
f 205/22/11 854/21/11 875/23/11
f 240/24/12 875/23/12 889/25/12
f 255/26/13 889/25/13 905/27/13
f 267/28/14 905/27/14 923/29/14
f 281/30/15 923/29/15 955/31/15
f 319/32/16 955/31/16 962/33/16
f 326/34/17 962/33/17 994/35/17
f 346/36/18 994/35/18 1015/37/18
f 376/38/19 1015/37/19 1038/39/19
f 398/40/20 1038/39/20 1049/41/20
f 402/42/21 1049/41/21 1063/43/21
f 430/44/22 1063/43/22 1086/45/22
f 447/46/23 1086/45/23 1111/47/23
f 476/48/24 1111/47/24 1137/49/24
f 492/50/25 1137/49/25 1158/51/25
f 512/52/26 1158/51/26 1175/53/26
f 529/54/27 1175/53/27 1184/55/27
f 549/56/28 1184/55/28 1209/57/28
f 564/58/29 1209/57/29 1230/59/29
f 593/60/30 1230/59/30 1260/61/30
f 240/72/31 549/74/31 68/73/31
f 608/65/32 1260/61/32 1270/66/32
f 628/67/33 1270/66/33 658/68/33
f 923/69/34 1260/71/34 1086/70/34
f 14/1/1 656/3/1 665/2/1
f 37/4/2 665/2/2 698/5/2
f 61/6/3 47/7/3 698/5/3
f 61/6/4 709/9/4 726/8/4
f 90/10/5 726/8/5 744/11/5
f 106/12/6 744/11/6 775/13/6
f 126/14/7 775/13/7 794/15/7
f 146/16/8 794/15/8 814/17/8
f 177/18/9 814/17/9 821/19/9
f 196/20/10 821/19/10 841/21/10
f 217/22/11 841/21/11 871/23/11
f 231/24/12 871/23/12 895/25/12
f 245/26/13 895/25/13 918/27/13
f 262/28/14 918/27/14 933/29/14
f 297/30/15 933/29/15 944/31/15
f 306/32/16 944/31/16 975/33/16
f 340/34/17 975/33/17 996/35/17
f 344/36/18 996/35/18 1001/37/18
f 362/38/19 1001/37/19 1030/39/19
f 384/40/20 1030/39/20 1046/41/20
f 407/42/21 1046/41/21 1061/43/21
f 432/44/22 1061/43/22 1099/45/22
f 456/46/23 1099/45/23 1109/47/23
f 479/48/24 1109/47/24 1127/49/24
f 484/50/25 1127/49/25 1160/51/25
f 520/52/26 1160/51/26 1178/53/26
f 523/54/27 1178/53/27 1198/55/27
f 548/56/28 1198/55/28 1211/57/28
f 575/58/29 1211/57/29 1238/59/29
f 588/60/30 1238/59/30 1252/61/30
f 231/72/31 548/74/31 61/73/31
f 609/65/32 1252/61/32 1264/66/32
f 632/67/33 1264/66/33 656/68/33
f 933/69/34 1252/71/34 1099/70/34
f 11/1/1 651/3/1 670/2/1
f 33/4/2 670/2/2 690/5/2
f 66/6/3 57/7/3 690/5/3
f 66/6/4 701/9/4 739/8/4
f 85/10/5 739/8/5 742/11/5
f 110/12/6 742/11/6 761/13/6
f 121/14/7 761/13/7 793/15/7
f 153/16/8 793/15/8 802/17/8
f 170/18/9 802/17/9 832/19/9
f 198/20/10 832/19/10 857/21/10
f 214/22/11 857/21/11 878/23/11
f 227/24/12 878/23/12 900/25/12
f 246/26/13 900/25/13 911/27/13
f 264/28/14 911/27/14 925/29/14
f 282/30/15 925/29/15 947/31/15
f 311/32/16 947/31/16 964/33/16
f 323/34/17 964/33/17 993/35/17
f 347/36/18 993/35/18 1020/37/18
f 377/38/19 1020/37/19 1029/39/19
f 392/40/20 1029/39/20 1052/41/20
f 412/42/21 1052/41/21 1075/43/21
f 421/44/22 1075/43/22 1089/45/22
f 458/46/23 1089/45/23 1104/47/23
f 462/48/24 1104/47/24 1128/49/24
f 482/50/25 1128/49/25 1159/51/25
f 517/52/26 1159/51/26 1164/53/26
f 538/54/27 1164/53/27 1200/55/27
f 558/56/28 1200/55/28 1218/57/28
f 562/58/29 1218/57/29 1233/59/29
f 581/60/30 1233/59/30 1241/61/30
f 198/78/31 517/80/31 33/79/31
f 603/65/32 1241/61/32 1276/66/32
f 636/67/33 1276/66/33 651/68/33
f 925/69/34 1241/71/34 1089/70/34
f 7/1/1 660/3/1 664/2/1
f 29/4/2 664/2/2 687/5/2
f 72/6/3 54/7/3 687/5/3
f 72/6/4 714/9/4 734/8/4
f 82/10/5 734/8/5 745/11/5
f 115/12/6 745/11/6 780/13/6
f 131/14/7 780/13/7 791/15/7
f 152/16/8 791/15/8 807/17/8
f 169/18/9 807/17/9 823/19/9
f 190/20/10 823/19/10 855/21/10
f 219/22/11 855/21/11 876/23/11
f 221/24/12 876/23/12 897/25/12
f 259/26/13 897/25/13 907/27/13
f 271/28/14 907/27/14 921/29/14
f 286/30/15 921/29/15 946/31/15
f 305/32/16 946/31/16 968/33/16
f 327/34/17 968/33/17 981/35/17
f 355/36/18 981/35/18 1003/37/18
f 371/38/19 1003/37/19 1034/39/19
f 389/40/20 1034/39/20 1056/41/20
f 410/42/21 1056/41/21 1065/43/21
f 423/44/22 1065/43/22 1096/45/22
f 448/46/23 1096/45/23 1108/47/23
f 469/48/24 1108/47/24 1129/49/24
f 490/50/25 1129/49/25 1153/51/25
f 504/52/26 1153/51/26 1170/53/26
f 527/54/27 1170/53/27 1188/55/27
f 547/56/28 1188/55/28 1203/57/28
f 578/58/29 1203/57/29 1226/59/29
f 599/60/30 1226/59/30 1258/61/30
f 578/81/31 259/83/31 410/82/31
f 618/65/32 1258/61/32 1280/66/32
f 640/67/33 1280/66/33 660/68/33
f 921/69/34 1258/71/34 1096/70/34
f 2/1/1 652/3/1 672/2/1
f 22/4/2 672/2/2 682/5/2
f 74/6/3 58/7/3 682/5/3
f 74/6/4 717/9/4 727/8/4
f 94/10/5 727/8/5 759/11/5
f 118/12/6 759/11/6 777/13/6
f 125/14/7 777/13/7 782/15/7
f 159/16/8 782/15/8 809/17/8
f 168/18/9 809/17/9 829/19/9
f 192/20/10 829/19/10 856/21/10
f 207/22/11 856/21/11 864/23/11
f 223/24/12 864/23/12 892/25/12
f 257/26/13 892/25/13 909/27/13
f 270/28/14 909/27/14 927/29/14
f 289/30/15 927/29/15 945/31/15
f 302/32/16 945/31/16 979/33/16
f 329/34/17 979/33/17 983/35/17
f 352/36/18 983/35/18 1010/37/18
f 379/38/19 1010/37/19 1040/39/19
f 383/40/20 1040/39/20 1050/41/20
f 406/42/21 1050/41/21 1077/43/21
f 440/44/22 1077/43/22 1097/45/22
f 449/46/23 1097/45/23 1105/47/23
f 473/48/24 1105/47/24 1122/49/24
f 485/50/25 1122/49/25 1147/51/25
f 503/52/26 1147/51/26 1161/53/26
f 532/54/27 1161/53/27 1194/55/27
f 541/56/28 1194/55/28 1212/57/28
f 573/58/29 1212/57/29 1231/59/29
f 587/60/30 1231/59/30 1256/61/30
f 573/81/31 257/83/31 406/82/31
f 610/65/32 1256/61/32 1261/66/32
f 621/67/33 1261/66/33 652/68/33
f 927/69/34 1256/71/34 1097/70/34
f 13/1/1 655/3/1 680/2/1
f 39/4/2 680/2/2 691/5/2
f 63/6/3 50/7/3 691/5/3
f 63/6/4 718/9/4 728/8/4
f 99/10/5 728/8/5 752/11/5
f 104/12/6 752/11/6 764/13/6
f 134/14/7 764/13/7 798/15/7
f 149/16/8 798/15/8 820/17/8
f 165/18/9 820/17/9 840/19/9
f 193/20/10 840/19/10 858/21/10
f 204/22/11 858/21/11 880/23/11
f 235/24/12 880/23/12 882/25/12
f 247/26/13 882/25/13 908/27/13
f 261/28/14 908/27/14 926/29/14
f 283/30/15 926/29/15 960/31/15
f 307/32/16 960/31/16 961/33/16
f 331/34/17 961/33/17 986/35/17
f 360/36/18 986/35/18 1018/37/18
f 363/38/19 1018/37/19 1037/39/19
f 391/40/20 1037/39/20 1043/41/20
f 416/42/21 1043/41/21 1069/43/21
f 435/44/22 1069/43/22 1094/45/22
f 460/46/23 1094/45/23 1114/47/23
f 474/48/24 1114/47/24 1139/49/24
f 488/50/25 1139/49/25 1141/51/25
f 509/52/26 1141/51/26 1179/53/26
f 526/54/27 1179/53/27 1182/55/27
f 550/56/28 1182/55/28 1204/57/28
f 570/58/29 1204/57/29 1222/59/29
f 586/60/30 1222/59/30 1255/61/30
f 235/72/31 550/74/31 63/73/31
f 620/65/32 1255/61/32 1273/66/32
f 633/67/33 1273/66/33 655/68/33
f 926/69/34 1255/71/34 1094/70/34
f 4/1/1 649/3/1 676/2/1
f 40/4/2 676/2/2 681/5/2
f 70/6/3 56/7/3 681/5/3
f 70/6/4 719/9/4 735/8/4
f 96/10/5 735/8/5 749/11/5
f 119/12/6 749/11/6 762/13/6
f 124/14/7 762/13/7 781/15/7
f 158/16/8 781/15/8 812/17/8
f 163/18/9 812/17/9 836/19/9
f 183/20/10 836/19/10 860/21/10
f 213/22/11 860/21/11 865/23/11
f 239/24/12 865/23/12 890/25/12
f 244/26/13 890/25/13 910/27/13
f 272/28/14 910/27/14 930/29/14
f 291/30/15 930/29/15 943/31/15
f 315/32/16 943/31/16 976/33/16
f 330/34/17 976/33/17 985/35/17
f 354/36/18 985/35/18 1016/37/18
f 361/38/19 1016/37/19 1036/39/19
f 388/40/20 1036/39/20 1053/41/20
f 411/42/21 1053/41/21 1062/43/21
f 428/44/22 1062/43/22 1088/45/22
f 441/46/23 1088/45/23 1102/47/23
f 475/48/24 1102/47/24 1138/49/24
f 497/50/25 1138/49/25 1150/51/25
f 507/52/26 1150/51/26 1167/53/26
f 528/54/27 1167/53/27 1187/55/27
f 555/56/28 1187/55/28 1216/57/28
f 579/58/29 1216/57/29 1223/59/29
f 583/60/30 1223/59/30 1244/61/30
f 239/72/31 555/74/31 70/73/31
f 615/65/32 1244/61/32 1277/66/32
f 637/67/33 1277/66/33 649/68/33
f 930/69/34 1244/71/34 1088/70/34
f 6/1/1 644/3/1 662/2/1
f 28/4/2 662/2/2 685/5/2
f 73/6/3 48/7/3 685/5/3
f 73/6/4 713/9/4 733/8/4
f 81/10/5 733/8/5 746/11/5
f 120/12/6 746/11/6 766/13/6
f 132/14/7 766/13/7 799/15/7
f 160/16/8 799/15/8 818/17/8
f 161/18/9 818/17/9 835/19/9
f 185/20/10 835/19/10 852/21/10
f 216/22/11 852/21/11 867/23/11
f 236/24/12 867/23/12 893/25/12
f 249/26/13 893/25/13 916/27/13
f 265/28/14 916/27/14 937/29/14
f 295/30/15 937/29/15 952/31/15
f 313/32/16 952/31/16 971/33/16
f 321/34/17 971/33/17 982/35/17
f 350/36/18 982/35/18 1008/37/18
f 380/38/19 1008/37/19 1032/39/19
f 393/40/20 1032/39/20 1042/41/20
f 413/42/21 1042/41/21 1064/43/21
f 422/44/22 1064/43/22 1095/45/22
f 442/46/23 1095/45/23 1107/47/23
f 464/48/24 1107/47/24 1132/49/24
f 494/50/25 1132/49/25 1144/51/25
f 519/52/26 1144/51/26 1169/53/26
f 536/54/27 1169/53/27 1191/55/27
f 556/56/28 1191/55/28 1214/57/28
f 567/58/29 1214/57/29 1234/59/29
f 597/60/30 1234/59/30 1243/61/30
f 236/72/31 556/74/31 73/73/31
f 613/65/32 1243/61/32 1274/66/32
f 635/67/33 1274/66/33 644/68/33
f 937/69/34 1243/71/34 1095/70/34
f 8/1/1 642/3/1 668/2/1
f 23/4/2 668/2/2 684/5/2
f 67/6/3 60/7/3 684/5/3
f 67/6/4 704/9/4 732/8/4
f 83/10/5 732/8/5 747/11/5
f 112/12/6 747/11/6 773/13/6
f 123/14/7 773/13/7 785/15/7
f 148/16/8 785/15/8 803/17/8
f 179/18/9 803/17/9 831/19/9
f 186/20/10 831/19/10 844/21/10
f 215/22/11 844/21/11 872/23/11
f 229/24/12 872/23/12 896/25/12
f 256/26/13 896/25/13 904/27/13
f 263/28/14 904/27/14 932/29/14
f 294/30/15 932/29/15 958/31/15
f 308/32/16 958/31/16 972/33/16
f 338/34/17 972/33/17 997/35/17
f 345/36/18 997/35/18 1007/37/18
f 368/38/19 1007/37/19 1035/39/19
f 385/40/20 1035/39/20 1055/41/20
f 405/42/21 1055/41/21 1076/43/21
f 438/44/22 1076/43/22 1084/45/22
f 454/46/23 1084/45/23 1103/47/23
f 470/48/24 1103/47/24 1140/49/24
f 489/50/25 1140/49/25 1154/51/25
f 513/52/26 1154/51/26 1177/53/26
f 539/54/27 1177/53/27 1186/55/27
f 544/56/28 1186/55/28 1208/57/28
f 566/58/29 1208/57/29 1240/59/29
f 582/60/30 1240/59/30 1251/61/30
f 566/81/31 256/83/31 405/82/31
f 605/65/32 1251/61/32 1271/66/32
f 631/67/33 1271/66/33 642/68/33
f 932/69/34 1251/71/34 1084/70/34
f 12/1/1 643/3/1 667/2/1
f 36/4/2 667/2/2 700/5/2
f 80/6/3 55/7/3 700/5/3
f 80/6/4 702/9/4 725/8/4
f 87/10/5 725/8/5 748/11/5
f 114/12/6 748/11/6 765/13/6
f 130/14/7 765/13/7 792/15/7
f 144/16/8 792/15/8 819/17/8
f 164/18/9 819/17/9 828/19/9
f 187/20/10 828/19/10 846/21/10
f 212/22/11 846/21/11 863/23/11
f 237/24/12 863/23/12 885/25/12
f 252/26/13 885/25/13 903/27/13
f 266/28/14 903/27/14 936/29/14
f 288/30/15 936/29/15 957/31/15
f 303/32/16 957/31/16 969/33/16
f 336/34/17 969/33/17 991/35/17
f 348/36/18 991/35/18 1013/37/18
f 374/38/19 1013/37/19 1039/39/19
f 395/40/20 1039/39/20 1060/41/20
f 418/42/21 1060/41/21 1067/43/21
f 425/44/22 1067/43/22 1100/45/22
f 459/46/23 1100/45/23 1120/47/23
f 465/48/24 1120/47/24 1121/49/24
f 483/50/25 1121/49/25 1143/51/25
f 518/52/26 1143/51/26 1176/53/26
f 537/54/27 1176/53/27 1192/55/27
f 560/56/28 1192/55/28 1213/57/28
f 565/58/29 1213/57/29 1228/59/29
f 589/60/30 1228/59/30 1248/61/30
f 565/81/31 252/83/31 418/82/31
f 614/65/32 1248/61/32 1267/66/32
f 627/67/33 1267/66/33 643/68/33
f 936/69/34 1248/71/34 1100/70/34
f 17/1/1 647/3/1 674/2/1
f 31/4/2 674/2/2 694/5/2
f 62/6/3 53/7/3 694/5/3
f 62/6/4 708/9/4 740/8/4
f 92/10/5 740/8/5 755/11/5
f 113/12/6 755/11/6 772/13/6
f 136/14/7 772/13/7 789/15/7
f 141/16/8 789/15/8 804/17/8
f 176/18/9 804/17/9 833/19/9
f 184/20/10 833/19/10 842/21/10
f 211/22/11 842/21/11 873/23/11
f 222/24/12 873/23/12 888/25/12
f 241/26/13 888/25/13 913/27/13
f 269/28/14 913/27/14 928/29/14
f 292/30/15 928/29/15 949/31/15
f 317/32/16 949/31/16 966/33/16
f 337/34/17 966/33/17 990/35/17
f 356/36/18 990/35/18 1011/37/18
f 366/38/19 1011/37/19 1031/39/19
f 397/40/20 1031/39/20 1044/41/20
f 419/42/21 1044/41/21 1074/43/21
f 436/44/22 1074/43/22 1090/45/22
f 451/46/23 1090/45/23 1115/47/23
f 471/48/24 1115/47/24 1123/49/24
f 498/50/25 1123/49/25 1149/51/25
f 505/52/26 1149/51/26 1162/53/26
f 524/54/27 1162/53/27 1185/55/27
f 559/56/28 1185/55/28 1217/57/28
f 577/58/29 1217/57/29 1229/59/29
f 595/60/30 1229/59/30 1249/61/30
f 317/75/31 624/77/31 141/76/31
f 601/65/32 1249/61/32 1262/66/32
f 624/67/33 1262/66/33 647/68/33
f 928/69/34 1249/71/34 1090/70/34
f 15/1/1 648/3/1 671/2/1
f 25/4/2 671/2/2 692/5/2
f 76/6/3 43/7/3 692/5/3
f 76/6/4 706/9/4 737/8/4
f 100/10/5 737/8/5 754/11/5
f 102/12/6 754/11/6 771/13/6
f 140/14/7 771/13/7 787/15/7
f 143/16/8 787/15/8 811/17/8
f 172/18/9 811/17/9 837/19/9
f 182/20/10 837/19/10 847/21/10
f 202/22/11 847/21/11 870/23/11
f 224/24/12 870/23/12 887/25/12
f 251/26/13 887/25/13 914/27/13
f 277/28/14 914/27/14 931/29/14
f 285/30/15 931/29/15 941/31/15
f 309/32/16 941/31/16 965/33/16
f 328/34/17 965/33/17 999/35/17
f 359/36/18 999/35/18 1017/37/18
f 373/38/19 1017/37/19 1021/39/19
f 399/40/20 1021/39/20 1051/41/20
f 403/42/21 1051/41/21 1066/43/21
f 434/44/22 1066/43/22 1081/45/22
f 450/46/23 1081/45/23 1118/47/23
f 461/48/24 1118/47/24 1135/49/24
f 491/50/25 1135/49/25 1146/51/25
f 515/52/26 1146/51/26 1166/53/26
f 525/54/27 1166/53/27 1189/55/27
f 546/56/28 1189/55/28 1206/57/28
f 563/58/29 1206/57/29 1221/59/29
f 592/60/30 1221/59/30 1253/61/30
f 309/75/31 629/77/31 143/76/31
f 607/65/32 1253/61/32 1268/66/32
f 629/67/33 1268/66/33 648/68/33
f 931/69/34 1253/71/34 1081/70/34
f 16/1/1 645/3/1 663/2/1
f 34/4/2 663/2/2 697/5/2
f 69/6/3 49/7/3 697/5/3
f 69/6/4 716/9/4 723/8/4
f 86/10/5 723/8/5 751/11/5
f 103/12/6 751/11/6 763/13/6
f 139/14/7 763/13/7 788/15/7
f 151/16/8 788/15/8 815/17/8
f 174/18/9 815/17/9 826/19/9
f 197/20/10 826/19/10 851/21/10
f 208/22/11 851/21/11 866/23/11
f 233/24/12 866/23/12 884/25/12
f 253/26/13 884/25/13 919/27/13
f 273/28/14 919/27/14 940/29/14
f 300/30/15 940/29/15 954/31/15
f 301/32/16 954/31/16 970/33/16
f 335/34/17 970/33/17 989/35/17
f 342/36/18 989/35/18 1014/37/18
f 364/38/19 1014/37/19 1026/39/19
f 387/40/20 1026/39/20 1054/41/20
f 414/42/21 1054/41/21 1068/43/21
f 437/44/22 1068/43/22 1082/45/22
f 443/46/23 1082/45/23 1110/47/23
f 466/48/24 1110/47/24 1124/49/24
f 493/50/25 1124/49/25 1148/51/25
f 511/52/26 1148/51/26 1174/53/26
f 522/54/27 1174/53/27 1199/55/27
f 552/56/28 1199/55/28 1202/57/28
f 571/58/29 1202/57/29 1239/59/29
f 584/60/30 1239/59/30 1259/61/30
f 301/75/31 623/77/31 151/76/31
f 611/65/32 1259/61/32 1272/66/32
f 623/67/33 1272/66/33 645/68/33
f 940/69/34 1259/71/34 1082/70/34
f 10/1/1 641/3/1 666/2/1
f 30/4/2 666/2/2 686/5/2
f 75/6/3 46/7/3 686/5/3
f 75/6/4 715/9/4 738/8/4
f 89/10/5 738/8/5 743/11/5
f 101/12/6 743/11/6 767/13/6
f 138/14/7 767/13/7 790/15/7
f 155/16/8 790/15/8 805/17/8
f 167/18/9 805/17/9 839/19/9
f 195/20/10 839/19/10 850/21/10
f 201/22/11 850/21/11 874/23/11
f 226/24/12 874/23/12 898/25/12
f 250/26/13 898/25/13 912/27/13
f 275/28/14 912/27/14 934/29/14
f 298/30/15 934/29/15 951/31/15
f 318/32/16 951/31/16 973/33/16
f 325/34/17 973/33/17 995/35/17
f 343/36/18 995/35/18 1004/37/18
f 375/38/19 1004/37/19 1023/39/19
f 390/40/20 1023/39/20 1057/41/20
f 401/42/21 1057/41/21 1078/43/21
f 424/44/22 1078/43/22 1087/45/22
f 446/46/23 1087/45/23 1101/47/23
f 467/48/24 1101/47/24 1131/49/24
f 499/50/25 1131/49/25 1151/51/25
f 508/52/26 1151/51/26 1165/53/26
f 521/54/27 1165/53/27 1183/55/27
f 553/56/28 1183/55/28 1205/57/28
f 580/58/29 1205/57/29 1236/59/29
f 596/60/30 1236/59/30 1245/61/30
f 318/75/31 638/77/31 155/76/31
f 617/65/32 1245/61/32 1278/66/32
f 638/67/33 1278/66/33 641/68/33
f 934/69/34 1245/71/34 1087/70/34
f 3/1/1 646/3/1 679/2/1
f 24/4/2 679/2/2 683/5/2
f 79/6/3 45/7/3 683/5/3
f 79/6/4 705/9/4 729/8/4
f 91/10/5 729/8/5 757/11/5
f 105/12/6 757/11/6 778/13/6
f 122/14/7 778/13/7 796/15/7
f 157/16/8 796/15/8 808/17/8
f 173/18/9 808/17/9 834/19/9
f 200/20/10 834/19/10 845/21/10
f 218/22/11 845/21/11 861/23/11
f 230/24/12 861/23/12 881/25/12
f 242/26/13 881/25/13 917/27/13
f 280/28/14 917/27/14 939/29/14
f 293/30/15 939/29/15 942/31/15
f 320/32/16 942/31/16 978/33/16
f 339/34/17 978/33/17 984/35/17
f 357/36/18 984/35/18 1009/37/18
f 369/38/19 1009/37/19 1024/39/19
f 381/40/20 1024/39/20 1058/41/20
f 404/42/21 1058/41/21 1079/43/21
f 426/44/22 1079/43/22 1098/45/22
f 453/46/23 1098/45/23 1119/47/23
f 472/48/24 1119/47/24 1125/49/24
f 486/50/25 1125/49/25 1157/51/25
f 514/52/26 1157/51/26 1172/53/26
f 540/54/27 1172/53/27 1195/55/27
f 557/56/28 1195/55/28 1207/57/28
f 568/58/29 1207/57/29 1224/59/29
f 585/60/30 1224/59/30 1247/61/30
f 320/75/31 622/77/31 157/76/31
f 602/65/32 1247/61/32 1263/66/32
f 622/67/33 1263/66/33 646/68/33
f 939/69/34 1247/71/34 1098/70/34
f 1/1/1 678/2/1 38/4/1
f 38/4/2 693/5/2 44/7/2
f 64/6/3 693/5/3 720/9/3
f 64/6/4 721/8/4 97/10/4
f 97/10/5 756/11/5 107/12/5
f 107/12/6 769/13/6 137/14/6
f 137/14/7 786/15/7 142/16/7
f 142/16/8 813/17/8 175/18/8
f 175/18/9 824/19/9 199/20/9
f 199/20/10 853/21/10 203/22/10
f 203/22/11 862/23/11 234/24/11
f 234/24/12 883/25/12 248/26/12
f 248/26/13 920/27/13 278/28/13
f 278/28/14 929/29/14 287/30/14
f 287/30/15 959/31/15 310/32/15
f 310/32/16 980/33/16 332/34/16
f 332/34/17 992/35/17 349/36/17
f 349/36/18 1005/37/18 365/38/18
f 365/38/19 1022/39/19 386/40/19
f 386/40/20 1041/41/20 408/42/20
f 408/42/21 1071/43/21 431/44/21
f 431/44/22 1085/45/22 457/46/22
f 457/46/23 1112/47/23 477/48/23
f 477/48/24 1133/49/24 481/50/24
f 481/50/25 1152/51/25 502/52/25
f 502/52/26 1171/53/26 534/54/26
f 534/54/27 1197/55/27 551/56/27
f 551/56/28 1201/57/28 569/58/28
f 569/58/29 1237/59/29 598/60/29
f 598/60/30 1254/61/30 619/65/30
f 598/64/31 551/74/31 569/81/31
f 551/74/31 502/80/31 534/84/31
f 502/80/31 477/86/31 481/85/31
f 477/86/31 431/88/31 457/87/31
f 431/88/31 386/89/31 408/82/31
f 386/89/31 349/91/31 365/90/31
f 349/91/31 310/75/31 332/92/31
f 310/75/31 278/62/31 287/93/31
f 278/62/31 234/72/31 248/83/31
f 234/72/31 199/78/31 203/94/31
f 199/78/31 142/76/31 175/95/31
f 142/76/31 107/63/31 137/96/31
f 107/63/31 64/73/31 97/97/31
f 64/73/31 38/79/31 44/98/31
f 38/79/31 639/77/31 1/99/31
f 639/77/31 598/64/31 619/100/31
f 598/64/31 502/80/31 551/74/31
f 502/80/31 431/88/31 477/86/31
f 431/88/31 349/91/31 386/89/31
f 349/91/31 278/62/31 310/75/31
f 278/62/31 199/78/31 234/72/31
f 199/78/31 107/63/31 142/76/31
f 107/63/31 38/79/31 64/73/31
f 38/79/31 598/64/31 639/77/31
f 598/64/31 431/88/31 502/80/31
f 431/88/31 278/62/31 349/91/31
f 278/62/31 107/63/31 199/78/31
f 107/63/31 598/64/31 38/79/31
f 598/64/31 278/62/31 431/88/31
f 619/65/32 1279/66/32 639/67/32
f 639/67/33 650/68/33 1/101/33
f 1254/71/34 650/103/34 1279/102/34
f 650/103/34 693/105/34 678/104/34
f 693/105/34 721/107/34 720/106/34
f 721/107/34 769/109/34 756/108/34
f 769/109/34 813/111/34 786/110/34
f 813/111/34 853/113/34 824/112/34
f 853/113/34 883/115/34 862/114/34
f 883/115/34 929/69/34 920/116/34
f 929/69/34 980/118/34 959/117/34
f 980/118/34 1005/120/34 992/119/34
f 1005/120/34 1041/122/34 1022/121/34
f 1041/122/34 1085/70/34 1071/123/34
f 1085/70/34 1133/125/34 1112/124/34
f 1133/125/34 1171/127/34 1152/126/34
f 1171/127/34 1201/129/34 1197/128/34
f 1201/129/34 1254/71/34 1237/130/34
f 1254/71/34 693/105/34 650/103/34
f 693/105/34 769/109/34 721/107/34
f 769/109/34 853/113/34 813/111/34
f 853/113/34 929/69/34 883/115/34
f 929/69/34 1005/120/34 980/118/34
f 1005/120/34 1085/70/34 1041/122/34
f 1085/70/34 1171/127/34 1133/125/34
f 1171/127/34 1254/71/34 1201/129/34
f 1254/71/34 769/109/34 693/105/34
f 769/109/34 929/69/34 853/113/34
f 929/69/34 1085/70/34 1005/120/34
f 1085/70/34 1254/71/34 1171/127/34
f 1254/71/34 929/69/34 769/109/34
f 5/1/1 675/2/1 27/4/1
f 27/4/2 688/5/2 41/7/2
f 71/6/3 688/5/3 711/9/3
f 71/6/4 722/8/4 93/10/4
f 93/10/5 750/11/5 109/12/5
f 109/12/6 779/13/6 135/14/6
f 135/14/7 800/15/7 156/16/7
f 156/16/8 816/17/8 162/18/8
f 162/18/9 822/19/9 191/20/9
f 191/20/10 843/21/10 206/22/10
f 206/22/11 877/23/11 225/24/11
f 225/24/12 899/25/12 258/26/12
f 258/26/13 906/27/13 276/28/13
f 276/28/14 938/29/14 284/30/14
f 284/30/15 953/31/15 312/32/15
f 312/32/16 974/33/16 322/34/16
f 322/34/17 988/35/17 353/36/17
f 353/36/18 1006/37/18 378/38/18
f 378/38/19 1027/39/19 394/40/19
f 394/40/20 1045/41/20 417/42/20
f 417/42/21 1070/43/21 433/44/21
f 433/44/22 1093/45/22 452/46/22
f 452/46/23 1106/47/23 463/48/23
f 463/48/24 1136/49/24 496/50/24
f 496/50/25 1145/51/25 516/52/25
f 516/52/26 1173/53/26 535/54/26
f 535/54/27 1190/55/27 554/56/27
f 554/56/28 1220/57/28 576/58/28
f 576/58/29 1235/59/29 594/60/29
f 594/60/30 1250/61/30 612/65/30
f 554/74/31 516/80/31 535/84/31
f 516/80/31 463/86/31 496/85/31
f 463/86/31 433/88/31 452/87/31
f 433/88/31 394/89/31 417/82/31
f 394/89/31 353/91/31 378/90/31
f 353/91/31 312/75/31 322/92/31
f 312/75/31 276/62/31 284/93/31
f 276/62/31 225/72/31 258/83/31
f 225/72/31 191/78/31 206/94/31
f 191/78/31 156/76/31 162/95/31
f 156/76/31 109/63/31 135/96/31
f 109/63/31 71/73/31 93/97/31
f 71/73/31 27/79/31 41/98/31
f 27/79/31 634/77/31 5/99/31
f 634/77/31 594/64/31 612/100/31
f 594/64/31 554/74/31 576/81/31
f 554/74/31 463/86/31 516/80/31
f 463/86/31 394/89/31 433/88/31
f 394/89/31 312/75/31 353/91/31
f 312/75/31 225/72/31 276/62/31
f 225/72/31 156/76/31 191/78/31
f 156/76/31 71/73/31 109/63/31
f 71/73/31 634/77/31 27/79/31
f 634/77/31 554/74/31 594/64/31
f 554/74/31 394/89/31 463/86/31
f 394/89/31 225/72/31 312/75/31
f 225/72/31 71/73/31 156/76/31
f 71/73/31 554/74/31 634/77/31
f 554/74/31 225/72/31 394/89/31
f 612/65/32 1275/66/32 634/67/32
f 634/67/33 659/68/33 5/101/33
f 1250/71/34 659/103/34 1275/102/34
f 659/103/34 688/105/34 675/104/34
f 688/105/34 722/107/34 711/106/34
f 722/107/34 779/109/34 750/108/34
f 779/109/34 816/111/34 800/110/34
f 816/111/34 843/113/34 822/112/34
f 843/113/34 899/115/34 877/114/34
f 899/115/34 938/69/34 906/116/34
f 938/69/34 974/118/34 953/117/34
f 974/118/34 1006/120/34 988/119/34
f 1006/120/34 1045/122/34 1027/121/34
f 1045/122/34 1093/70/34 1070/123/34
f 1093/70/34 1136/125/34 1106/124/34
f 1136/125/34 1173/127/34 1145/126/34
f 1173/127/34 1220/129/34 1190/128/34
f 1220/129/34 1250/71/34 1235/130/34
f 1250/71/34 688/105/34 659/103/34
f 688/105/34 779/109/34 722/107/34
f 779/109/34 843/113/34 816/111/34
f 843/113/34 938/69/34 899/115/34
f 938/69/34 1006/120/34 974/118/34
f 1006/120/34 1093/70/34 1045/122/34
f 1093/70/34 1173/127/34 1136/125/34
f 1173/127/34 1250/71/34 1220/129/34
f 1250/71/34 779/109/34 688/105/34
f 779/109/34 938/69/34 843/113/34
f 938/69/34 1093/70/34 1006/120/34
f 1093/70/34 1250/71/34 1173/127/34
f 1250/71/34 938/69/34 779/109/34
f 9/1/1 669/2/1 32/4/1
f 32/4/2 699/5/2 59/7/2
f 77/6/3 699/5/3 707/9/3
f 77/6/4 730/8/4 88/10/4
f 88/10/5 741/11/5 111/12/5
f 111/12/6 776/13/6 128/14/6
f 128/14/7 783/15/7 154/16/7
f 154/16/8 810/17/8 180/18/8
f 180/18/9 830/19/9 188/20/9
f 188/20/10 848/21/10 209/22/10
f 209/22/11 868/23/11 228/24/11
f 228/24/12 894/25/12 260/26/12
f 260/26/13 901/27/13 279/28/13
f 279/28/14 924/29/14 290/30/14
f 290/30/15 956/31/15 314/32/15
f 314/32/16 977/33/16 334/34/16
f 334/34/17 998/35/17 341/36/17
f 341/36/18 1002/37/18 370/38/18
f 370/38/19 1028/39/19 382/40/19
f 382/40/20 1059/41/20 415/42/20
f 415/42/21 1080/43/21 429/44/21
f 429/44/22 1083/45/22 444/46/22
f 444/46/23 1116/47/23 468/48/23
f 468/48/24 1134/49/24 500/50/24
f 500/50/25 1155/51/25 510/52/25
f 510/52/26 1180/53/26 533/54/26
f 533/54/27 1181/55/27 543/56/27
f 543/56/28 1210/57/28 561/58/28
f 561/58/29 1225/59/29 590/60/29
f 590/60/30 1257/61/30 606/65/30
f 630/77/31 590/64/31 606/100/31
f 590/64/31 543/74/31 561/81/31
f 543/74/31 510/80/31 533/84/31
f 510/80/31 468/86/31 500/85/31
f 468/86/31 429/88/31 444/87/31
f 429/88/31 382/89/31 415/82/31
f 382/89/31 341/91/31 370/90/31
f 341/91/31 314/75/31 334/92/31
f 314/75/31 279/62/31 290/93/31
f 279/62/31 228/72/31 260/83/31
f 228/72/31 188/78/31 209/94/31
f 188/78/31 154/76/31 180/95/31
f 154/76/31 111/63/31 128/96/31
f 111/63/31 77/73/31 88/97/31
f 77/73/31 32/79/31 59/98/31
f 32/79/31 630/77/31 9/99/31
f 630/77/31 543/74/31 590/64/31
f 543/74/31 468/86/31 510/80/31
f 468/86/31 382/89/31 429/88/31
f 382/89/31 314/75/31 341/91/31
f 314/75/31 228/72/31 279/62/31
f 228/72/31 154/76/31 188/78/31
f 154/76/31 77/73/31 111/63/31
f 77/73/31 630/77/31 32/79/31
f 630/77/31 468/86/31 543/74/31
f 468/86/31 314/75/31 382/89/31
f 314/75/31 154/76/31 228/72/31
f 154/76/31 630/77/31 77/73/31
f 630/77/31 314/75/31 468/86/31
f 606/65/32 1269/66/32 630/67/32
f 630/67/33 657/68/33 9/101/33
f 1257/71/34 657/103/34 1269/102/34
f 657/103/34 699/105/34 669/104/34
f 699/105/34 730/107/34 707/106/34
f 730/107/34 776/109/34 741/108/34
f 776/109/34 810/111/34 783/110/34
f 810/111/34 848/113/34 830/112/34
f 848/113/34 894/115/34 868/114/34
f 894/115/34 924/69/34 901/116/34
f 924/69/34 977/118/34 956/117/34
f 977/118/34 1002/120/34 998/119/34
f 1002/120/34 1059/122/34 1028/121/34
f 1059/122/34 1083/70/34 1080/123/34
f 1083/70/34 1134/125/34 1116/124/34
f 1134/125/34 1180/127/34 1155/126/34
f 1180/127/34 1210/129/34 1181/128/34
f 1210/129/34 1257/71/34 1225/130/34
f 1257/71/34 699/105/34 657/103/34
f 699/105/34 776/109/34 730/107/34
f 776/109/34 848/113/34 810/111/34
f 848/113/34 924/69/34 894/115/34
f 924/69/34 1002/120/34 977/118/34
f 1002/120/34 1083/70/34 1059/122/34
f 1083/70/34 1180/127/34 1134/125/34
f 1180/127/34 1257/71/34 1210/129/34
f 1257/71/34 776/109/34 699/105/34
f 776/109/34 924/69/34 848/113/34
f 924/69/34 1083/70/34 1002/120/34
f 1083/70/34 1257/71/34 1180/127/34
f 1257/71/34 924/69/34 776/109/34
f 19/1/1 661/2/1 35/4/1
f 35/4/2 696/5/2 51/7/2
f 65/6/3 696/5/3 712/9/3
f 65/6/4 724/8/4 84/10/4
f 84/10/5 760/11/5 116/12/5
f 116/12/6 774/13/6 133/14/6
f 133/14/7 784/15/7 145/16/7
f 145/16/8 801/17/8 166/18/8
f 166/18/9 827/19/9 189/20/9
f 189/20/10 859/21/10 210/22/10
f 210/22/11 879/23/11 238/24/11
f 238/24/12 891/25/12 254/26/12
f 254/26/13 902/27/13 274/28/13
f 274/28/14 922/29/14 296/30/14
f 296/30/15 948/31/15 316/32/15
f 316/32/16 963/33/16 324/34/16
f 324/34/17 1000/35/17 358/36/17
f 358/36/18 1019/37/18 372/38/18
f 372/38/19 1025/39/19 400/40/19
f 400/40/20 1047/41/20 409/42/20
f 409/42/21 1073/43/21 427/44/21
f 427/44/22 1091/45/22 445/46/22
f 445/46/23 1113/47/23 478/48/23
f 478/48/24 1130/49/24 495/50/24
f 495/50/25 1156/51/25 506/52/25
f 506/52/26 1168/53/26 531/54/26
f 531/54/27 1196/55/27 545/56/27
f 545/56/28 1219/57/28 572/58/28
f 572/58/29 1227/59/29 600/60/29
f 600/60/30 1242/61/30 604/65/30
f 545/74/31 506/80/31 531/84/31
f 506/80/31 478/86/31 495/85/31
f 478/86/31 427/88/31 445/87/31
f 427/88/31 400/89/31 409/82/31
f 400/89/31 358/91/31 372/90/31
f 358/91/31 316/75/31 324/92/31
f 316/75/31 274/62/31 296/93/31
f 274/62/31 238/72/31 254/83/31
f 238/72/31 189/78/31 210/94/31
f 189/78/31 145/76/31 166/95/31
f 145/76/31 116/63/31 133/96/31
f 116/63/31 65/73/31 84/97/31
f 65/73/31 35/79/31 51/98/31
f 35/79/31 625/77/31 19/99/31
f 625/77/31 600/64/31 604/100/31
f 600/64/31 545/74/31 572/81/31
f 545/74/31 478/86/31 506/80/31
f 478/86/31 400/89/31 427/88/31
f 400/89/31 316/75/31 358/91/31
f 316/75/31 238/72/31 274/62/31
f 238/72/31 145/76/31 189/78/31
f 145/76/31 65/73/31 116/63/31
f 65/73/31 625/77/31 35/79/31
f 625/77/31 545/74/31 600/64/31
f 545/74/31 400/89/31 478/86/31
f 400/89/31 238/72/31 316/75/31
f 238/72/31 65/73/31 145/76/31
f 65/73/31 545/74/31 625/77/31
f 545/74/31 238/72/31 400/89/31
f 604/65/32 1265/66/32 625/67/32
f 625/67/33 653/68/33 19/101/33
f 1242/71/34 653/103/34 1265/102/34
f 653/103/34 696/105/34 661/104/34
f 696/105/34 724/107/34 712/106/34
f 724/107/34 774/109/34 760/108/34
f 774/109/34 801/111/34 784/110/34
f 801/111/34 859/113/34 827/112/34
f 859/113/34 891/115/34 879/114/34
f 891/115/34 922/69/34 902/116/34
f 922/69/34 963/118/34 948/117/34
f 963/118/34 1019/120/34 1000/119/34
f 1019/120/34 1047/122/34 1025/121/34
f 1047/122/34 1091/70/34 1073/123/34
f 1091/70/34 1130/125/34 1113/124/34
f 1130/125/34 1168/127/34 1156/126/34
f 1168/127/34 1219/129/34 1196/128/34
f 1219/129/34 1242/71/34 1227/130/34
f 1242/71/34 696/105/34 653/103/34
f 696/105/34 774/109/34 724/107/34
f 774/109/34 859/113/34 801/111/34
f 859/113/34 922/69/34 891/115/34
f 922/69/34 1019/120/34 963/118/34
f 1019/120/34 1091/70/34 1047/122/34
f 1091/70/34 1168/127/34 1130/125/34
f 1168/127/34 1242/71/34 1219/129/34
f 1242/71/34 774/109/34 696/105/34
f 774/109/34 922/69/34 859/113/34
f 922/69/34 1091/70/34 1019/120/34
f 1091/70/34 1242/71/34 1168/127/34
f 1242/71/34 922/69/34 774/109/34
f 18/1/1 673/2/1 26/4/1
f 26/4/2 689/5/2 42/7/2
f 78/6/3 689/5/3 703/9/3
f 78/6/4 736/8/4 95/10/4
f 95/10/5 753/11/5 108/12/5
f 108/12/6 768/13/6 127/14/6
f 127/14/7 797/15/7 150/16/7
f 150/16/8 817/17/8 178/18/8
f 178/18/9 838/19/9 181/20/9
f 181/20/10 849/21/10 220/22/10
f 220/22/11 869/23/11 232/24/11
f 232/24/12 886/25/12 243/26/12
f 243/26/13 915/27/13 268/28/13
f 268/28/14 935/29/14 299/30/14
f 299/30/15 950/31/15 304/32/15
f 304/32/16 967/33/16 333/34/16
f 333/34/17 987/35/17 351/36/17
f 351/36/18 1012/37/18 367/38/18
f 367/38/19 1033/39/19 396/40/19
f 396/40/20 1048/41/20 420/42/20
f 420/42/21 1072/43/21 439/44/21
f 439/44/22 1092/45/22 455/46/22
f 455/46/23 1117/47/23 480/48/23
f 480/48/24 1126/49/24 487/50/24
f 487/50/25 1142/51/25 501/52/25
f 501/52/26 1163/53/26 530/54/26
f 530/54/27 1193/55/27 542/56/27
f 542/56/28 1215/57/28 574/58/28
f 574/58/29 1232/59/29 591/60/29
f 591/60/30 1246/61/30 616/65/30
f 626/77/31 591/64/31 616/100/31
f 591/64/31 542/74/31 574/81/31
f 542/74/31 501/80/31 530/84/31
f 501/80/31 480/86/31 487/85/31
f 480/86/31 439/88/31 455/87/31
f 439/88/31 396/89/31 420/82/31
f 396/89/31 351/91/31 367/90/31
f 351/91/31 304/75/31 333/92/31
f 304/75/31 268/62/31 299/93/31
f 268/62/31 232/72/31 243/83/31
f 232/72/31 181/78/31 220/94/31
f 181/78/31 150/76/31 178/95/31
f 150/76/31 108/63/31 127/96/31
f 108/63/31 78/73/31 95/97/31
f 78/73/31 26/79/31 42/98/31
f 26/79/31 626/77/31 18/99/31
f 626/77/31 542/74/31 591/64/31
f 542/74/31 480/86/31 501/80/31
f 480/86/31 396/89/31 439/88/31
f 396/89/31 304/75/31 351/91/31
f 304/75/31 232/72/31 268/62/31
f 232/72/31 150/76/31 181/78/31
f 150/76/31 78/73/31 108/63/31
f 78/73/31 626/77/31 26/79/31
f 626/77/31 480/86/31 542/74/31
f 480/86/31 304/75/31 396/89/31
f 304/75/31 150/76/31 232/72/31
f 150/76/31 626/77/31 78/73/31
f 626/77/31 304/75/31 480/86/31
f 616/65/32 1266/66/32 626/67/32
f 626/67/33 654/68/33 18/101/33
f 1246/71/34 654/103/34 1266/102/34
f 654/103/34 689/105/34 673/104/34
f 689/105/34 736/107/34 703/106/34
f 736/107/34 768/109/34 753/108/34
f 768/109/34 817/111/34 797/110/34
f 817/111/34 849/113/34 838/112/34
f 849/113/34 886/115/34 869/114/34
f 886/115/34 935/69/34 915/116/34
f 935/69/34 967/118/34 950/117/34
f 967/118/34 1012/120/34 987/119/34
f 1012/120/34 1048/122/34 1033/121/34
f 1048/122/34 1092/70/34 1072/123/34
f 1092/70/34 1126/125/34 1117/124/34
f 1126/125/34 1163/127/34 1142/126/34
f 1163/127/34 1215/129/34 1193/128/34
f 1215/129/34 1246/71/34 1232/130/34
f 1246/71/34 689/105/34 654/103/34
f 689/105/34 768/109/34 736/107/34
f 768/109/34 849/113/34 817/111/34
f 849/113/34 935/69/34 886/115/34
f 935/69/34 1012/120/34 967/118/34
f 1012/120/34 1092/70/34 1048/122/34
f 1092/70/34 1163/127/34 1126/125/34
f 1163/127/34 1246/71/34 1215/129/34
f 1246/71/34 768/109/34 689/105/34
f 768/109/34 935/69/34 849/113/34
f 935/69/34 1092/70/34 1012/120/34
f 1092/70/34 1246/71/34 1163/127/34
f 1246/71/34 935/69/34 768/109/34
f 20/1/1 677/2/1 21/4/1
f 21/4/2 695/5/2 52/7/2
f 68/6/3 695/5/3 710/9/3
f 68/6/4 731/8/4 98/10/4
f 98/10/5 758/11/5 117/12/5
f 117/12/6 770/13/6 129/14/6
f 129/14/7 795/15/7 147/16/7
f 147/16/8 806/17/8 171/18/8
f 171/18/9 825/19/9 194/20/9
f 194/20/10 854/21/10 205/22/10
f 205/22/11 875/23/11 240/24/11
f 240/24/12 889/25/12 255/26/12
f 255/26/13 905/27/13 267/28/13
f 267/28/14 923/29/14 281/30/14
f 281/30/15 955/31/15 319/32/15
f 319/32/16 962/33/16 326/34/16
f 326/34/17 994/35/17 346/36/17
f 346/36/18 1015/37/18 376/38/18
f 376/38/19 1038/39/19 398/40/19
f 398/40/20 1049/41/20 402/42/20
f 402/42/21 1063/43/21 430/44/21
f 430/44/22 1086/45/22 447/46/22
f 447/46/23 1111/47/23 476/48/23
f 476/48/24 1137/49/24 492/50/24
f 492/50/25 1158/51/25 512/52/25
f 512/52/26 1175/53/26 529/54/26
f 529/54/27 1184/55/27 549/56/27
f 549/56/28 1209/57/28 564/58/28
f 564/58/29 1230/59/29 593/60/29
f 593/60/30 1260/61/30 608/65/30
f 549/74/31 512/80/31 529/84/31
f 512/80/31 476/86/31 492/85/31
f 476/86/31 430/88/31 447/87/31
f 430/88/31 398/89/31 402/82/31
f 398/89/31 346/91/31 376/90/31
f 346/91/31 319/75/31 326/92/31
f 319/75/31 267/62/31 281/93/31
f 267/62/31 240/72/31 255/83/31
f 240/72/31 194/78/31 205/94/31
f 194/78/31 147/76/31 171/95/31
f 147/76/31 117/63/31 129/96/31
f 117/63/31 68/73/31 98/97/31
f 68/73/31 21/79/31 52/98/31
f 21/79/31 628/77/31 20/99/31
f 628/77/31 593/64/31 608/100/31
f 593/64/31 549/74/31 564/81/31
f 549/74/31 476/86/31 512/80/31
f 476/86/31 398/89/31 430/88/31
f 398/89/31 319/75/31 346/91/31
f 319/75/31 240/72/31 267/62/31
f 240/72/31 147/76/31 194/78/31
f 147/76/31 68/73/31 117/63/31
f 68/73/31 628/77/31 21/79/31
f 628/77/31 549/74/31 593/64/31
f 549/74/31 398/89/31 476/86/31
f 398/89/31 240/72/31 319/75/31
f 240/72/31 68/73/31 147/76/31
f 68/73/31 549/74/31 628/77/31
f 549/74/31 240/72/31 398/89/31
f 608/65/32 1270/66/32 628/67/32
f 628/67/33 658/68/33 20/101/33
f 1260/71/34 658/103/34 1270/102/34
f 658/103/34 695/105/34 677/104/34
f 695/105/34 731/107/34 710/106/34
f 731/107/34 770/109/34 758/108/34
f 770/109/34 806/111/34 795/110/34
f 806/111/34 854/113/34 825/112/34
f 854/113/34 889/115/34 875/114/34
f 889/115/34 923/69/34 905/116/34
f 923/69/34 962/118/34 955/117/34
f 962/118/34 1015/120/34 994/119/34
f 1015/120/34 1049/122/34 1038/121/34
f 1049/122/34 1086/70/34 1063/123/34
f 1086/70/34 1137/125/34 1111/124/34
f 1137/125/34 1175/127/34 1158/126/34
f 1175/127/34 1209/129/34 1184/128/34
f 1209/129/34 1260/71/34 1230/130/34
f 1260/71/34 695/105/34 658/103/34
f 695/105/34 770/109/34 731/107/34
f 770/109/34 854/113/34 806/111/34
f 854/113/34 923/69/34 889/115/34
f 923/69/34 1015/120/34 962/118/34
f 1015/120/34 1086/70/34 1049/122/34
f 1086/70/34 1175/127/34 1137/125/34
f 1175/127/34 1260/71/34 1209/129/34
f 1260/71/34 770/109/34 695/105/34
f 770/109/34 923/69/34 854/113/34
f 923/69/34 1086/70/34 1015/120/34
f 1086/70/34 1260/71/34 1175/127/34
f 1260/71/34 923/69/34 770/109/34
f 14/1/1 665/2/1 37/4/1
f 37/4/2 698/5/2 47/7/2
f 61/6/3 698/5/3 709/9/3
f 61/6/4 726/8/4 90/10/4
f 90/10/5 744/11/5 106/12/5
f 106/12/6 775/13/6 126/14/6
f 126/14/7 794/15/7 146/16/7
f 146/16/8 814/17/8 177/18/8
f 177/18/9 821/19/9 196/20/9
f 196/20/10 841/21/10 217/22/10
f 217/22/11 871/23/11 231/24/11
f 231/24/12 895/25/12 245/26/12
f 245/26/13 918/27/13 262/28/13
f 262/28/14 933/29/14 297/30/14
f 297/30/15 944/31/15 306/32/15
f 306/32/16 975/33/16 340/34/16
f 340/34/17 996/35/17 344/36/17
f 344/36/18 1001/37/18 362/38/18
f 362/38/19 1030/39/19 384/40/19
f 384/40/20 1046/41/20 407/42/20
f 407/42/21 1061/43/21 432/44/21
f 432/44/22 1099/45/22 456/46/22
f 456/46/23 1109/47/23 479/48/23
f 479/48/24 1127/49/24 484/50/24
f 484/50/25 1160/51/25 520/52/25
f 520/52/26 1178/53/26 523/54/26
f 523/54/27 1198/55/27 548/56/27
f 548/56/28 1211/57/28 575/58/28
f 575/58/29 1238/59/29 588/60/29
f 588/60/30 1252/61/30 609/65/30
f 548/74/31 520/80/31 523/84/31
f 520/80/31 479/86/31 484/85/31
f 479/86/31 432/88/31 456/87/31
f 432/88/31 384/89/31 407/82/31
f 384/89/31 344/91/31 362/90/31
f 344/91/31 306/75/31 340/92/31
f 306/75/31 262/62/31 297/93/31
f 262/62/31 231/72/31 245/83/31
f 231/72/31 196/78/31 217/94/31
f 196/78/31 146/76/31 177/95/31
f 146/76/31 106/63/31 126/96/31
f 106/63/31 61/73/31 90/97/31
f 61/73/31 37/79/31 47/98/31
f 37/79/31 632/77/31 14/99/31
f 632/77/31 588/64/31 609/100/31
f 588/64/31 548/74/31 575/81/31
f 548/74/31 479/86/31 520/80/31
f 479/86/31 384/89/31 432/88/31
f 384/89/31 306/75/31 344/91/31
f 306/75/31 231/72/31 262/62/31
f 231/72/31 146/76/31 196/78/31
f 146/76/31 61/73/31 106/63/31
f 61/73/31 632/77/31 37/79/31
f 632/77/31 548/74/31 588/64/31
f 548/74/31 384/89/31 479/86/31
f 384/89/31 231/72/31 306/75/31
f 231/72/31 61/73/31 146/76/31
f 61/73/31 548/74/31 632/77/31
f 548/74/31 231/72/31 384/89/31
f 609/65/32 1264/66/32 632/67/32
f 632/67/33 656/68/33 14/101/33
f 1252/71/34 656/103/34 1264/102/34
f 656/103/34 698/105/34 665/104/34
f 698/105/34 726/107/34 709/106/34
f 726/107/34 775/109/34 744/108/34
f 775/109/34 814/111/34 794/110/34
f 814/111/34 841/113/34 821/112/34
f 841/113/34 895/115/34 871/114/34
f 895/115/34 933/69/34 918/116/34
f 933/69/34 975/118/34 944/117/34
f 975/118/34 1001/120/34 996/119/34
f 1001/120/34 1046/122/34 1030/121/34
f 1046/122/34 1099/70/34 1061/123/34
f 1099/70/34 1127/125/34 1109/124/34
f 1127/125/34 1178/127/34 1160/126/34
f 1178/127/34 1211/129/34 1198/128/34
f 1211/129/34 1252/71/34 1238/130/34
f 1252/71/34 698/105/34 656/103/34
f 698/105/34 775/109/34 726/107/34
f 775/109/34 841/113/34 814/111/34
f 841/113/34 933/69/34 895/115/34
f 933/69/34 1001/120/34 975/118/34
f 1001/120/34 1099/70/34 1046/122/34
f 1099/70/34 1178/127/34 1127/125/34
f 1178/127/34 1252/71/34 1211/129/34
f 1252/71/34 775/109/34 698/105/34
f 775/109/34 933/69/34 841/113/34
f 933/69/34 1099/70/34 1001/120/34
f 1099/70/34 1252/71/34 1178/127/34
f 1252/71/34 933/69/34 775/109/34
f 11/1/1 670/2/1 33/4/1
f 33/4/2 690/5/2 57/7/2
f 66/6/3 690/5/3 701/9/3
f 66/6/4 739/8/4 85/10/4
f 85/10/5 742/11/5 110/12/5
f 110/12/6 761/13/6 121/14/6
f 121/14/7 793/15/7 153/16/7
f 153/16/8 802/17/8 170/18/8
f 170/18/9 832/19/9 198/20/9
f 198/20/10 857/21/10 214/22/10
f 214/22/11 878/23/11 227/24/11
f 227/24/12 900/25/12 246/26/12
f 246/26/13 911/27/13 264/28/13
f 264/28/14 925/29/14 282/30/14
f 282/30/15 947/31/15 311/32/15
f 311/32/16 964/33/16 323/34/16
f 323/34/17 993/35/17 347/36/17
f 347/36/18 1020/37/18 377/38/18
f 377/38/19 1029/39/19 392/40/19
f 392/40/20 1052/41/20 412/42/20
f 412/42/21 1075/43/21 421/44/21
f 421/44/22 1089/45/22 458/46/22
f 458/46/23 1104/47/23 462/48/23
f 462/48/24 1128/49/24 482/50/24
f 482/50/25 1159/51/25 517/52/25
f 517/52/26 1164/53/26 538/54/26
f 538/54/27 1200/55/27 558/56/27
f 558/56/28 1218/57/28 562/58/28
f 562/58/29 1233/59/29 581/60/29
f 581/60/30 1241/61/30 603/65/30
f 517/80/31 462/86/31 482/85/31
f 462/86/31 421/88/31 458/87/31
f 421/88/31 392/89/31 412/82/31
f 392/89/31 347/91/31 377/90/31
f 347/91/31 311/75/31 323/92/31
f 311/75/31 264/62/31 282/93/31
f 264/62/31 227/72/31 246/83/31
f 227/72/31 198/78/31 214/94/31
f 198/78/31 153/76/31 170/95/31
f 153/76/31 110/63/31 121/96/31
f 110/63/31 66/73/31 85/97/31
f 66/73/31 33/79/31 57/98/31
f 33/79/31 636/77/31 11/99/31
f 636/77/31 581/64/31 603/100/31
f 581/64/31 558/74/31 562/81/31
f 558/74/31 517/80/31 538/84/31
f 517/80/31 421/88/31 462/86/31
f 421/88/31 347/91/31 392/89/31
f 347/91/31 264/62/31 311/75/31
f 264/62/31 198/78/31 227/72/31
f 198/78/31 110/63/31 153/76/31
f 110/63/31 33/79/31 66/73/31
f 33/79/31 581/64/31 636/77/31
f 581/64/31 517/80/31 558/74/31
f 517/80/31 347/91/31 421/88/31
f 347/91/31 198/78/31 264/62/31
f 198/78/31 33/79/31 110/63/31
f 33/79/31 517/80/31 581/64/31
f 517/80/31 198/78/31 347/91/31
f 603/65/32 1276/66/32 636/67/32
f 636/67/33 651/68/33 11/101/33
f 1241/71/34 651/103/34 1276/102/34
f 651/103/34 690/105/34 670/104/34
f 690/105/34 739/107/34 701/106/34
f 739/107/34 761/109/34 742/108/34
f 761/109/34 802/111/34 793/110/34
f 802/111/34 857/113/34 832/112/34
f 857/113/34 900/115/34 878/114/34
f 900/115/34 925/69/34 911/116/34
f 925/69/34 964/118/34 947/117/34
f 964/118/34 1020/120/34 993/119/34
f 1020/120/34 1052/122/34 1029/121/34
f 1052/122/34 1089/70/34 1075/123/34
f 1089/70/34 1128/125/34 1104/124/34
f 1128/125/34 1164/127/34 1159/126/34
f 1164/127/34 1218/129/34 1200/128/34
f 1218/129/34 1241/71/34 1233/130/34
f 1241/71/34 690/105/34 651/103/34
f 690/105/34 761/109/34 739/107/34
f 761/109/34 857/113/34 802/111/34
f 857/113/34 925/69/34 900/115/34
f 925/69/34 1020/120/34 964/118/34
f 1020/120/34 1089/70/34 1052/122/34
f 1089/70/34 1164/127/34 1128/125/34
f 1164/127/34 1241/71/34 1218/129/34
f 1241/71/34 761/109/34 690/105/34
f 761/109/34 925/69/34 857/113/34
f 925/69/34 1089/70/34 1020/120/34
f 1089/70/34 1241/71/34 1164/127/34
f 1241/71/34 925/69/34 761/109/34
f 7/1/1 664/2/1 29/4/1
f 29/4/2 687/5/2 54/7/2
f 72/6/3 687/5/3 714/9/3
f 72/6/4 734/8/4 82/10/4
f 82/10/5 745/11/5 115/12/5
f 115/12/6 780/13/6 131/14/6
f 131/14/7 791/15/7 152/16/7
f 152/16/8 807/17/8 169/18/8
f 169/18/9 823/19/9 190/20/9
f 190/20/10 855/21/10 219/22/10
f 219/22/11 876/23/11 221/24/11
f 221/24/12 897/25/12 259/26/12
f 259/26/13 907/27/13 271/28/13
f 271/28/14 921/29/14 286/30/14
f 286/30/15 946/31/15 305/32/15
f 305/32/16 968/33/16 327/34/16
f 327/34/17 981/35/17 355/36/17
f 355/36/18 1003/37/18 371/38/18
f 371/38/19 1034/39/19 389/40/19
f 389/40/20 1056/41/20 410/42/20
f 410/42/21 1065/43/21 423/44/21
f 423/44/22 1096/45/22 448/46/22
f 448/46/23 1108/47/23 469/48/23
f 469/48/24 1129/49/24 490/50/24
f 490/50/25 1153/51/25 504/52/25
f 504/52/26 1170/53/26 527/54/26
f 527/54/27 1188/55/27 547/56/27
f 547/56/28 1203/57/28 578/58/28
f 578/58/29 1226/59/29 599/60/29
f 599/60/30 1258/61/30 618/65/30
f 259/83/31 219/94/31 221/72/31
f 219/94/31 169/95/31 190/78/31
f 169/95/31 131/96/31 152/76/31
f 131/96/31 82/97/31 115/63/31
f 82/97/31 54/98/31 72/73/31
f 54/98/31 7/99/31 29/79/31
f 7/99/31 618/100/31 640/77/31
f 618/100/31 578/81/31 599/64/31
f 578/81/31 527/84/31 547/74/31
f 527/84/31 490/85/31 504/80/31
f 490/85/31 448/87/31 469/86/31
f 448/87/31 410/82/31 423/88/31
f 410/82/31 371/90/31 389/89/31
f 371/90/31 327/92/31 355/91/31
f 327/92/31 286/93/31 305/75/31
f 286/93/31 259/83/31 271/62/31
f 259/83/31 169/95/31 219/94/31
f 169/95/31 82/97/31 131/96/31
f 82/97/31 7/99/31 54/98/31
f 7/99/31 578/81/31 618/100/31
f 578/81/31 490/85/31 527/84/31
f 490/85/31 410/82/31 448/87/31
f 410/82/31 327/92/31 371/90/31
f 327/92/31 259/83/31 286/93/31
f 259/83/31 82/97/31 169/95/31
f 82/97/31 578/81/31 7/99/31
f 578/81/31 410/82/31 490/85/31
f 410/82/31 259/83/31 327/92/31
f 259/83/31 578/81/31 82/97/31
f 618/65/32 1280/66/32 640/67/32
f 640/67/33 660/68/33 7/101/33
f 1258/71/34 660/103/34 1280/102/34
f 660/103/34 687/105/34 664/104/34
f 687/105/34 734/107/34 714/106/34
f 734/107/34 780/109/34 745/108/34
f 780/109/34 807/111/34 791/110/34
f 807/111/34 855/113/34 823/112/34
f 855/113/34 897/115/34 876/114/34
f 897/115/34 921/69/34 907/116/34
f 921/69/34 968/118/34 946/117/34
f 968/118/34 1003/120/34 981/119/34
f 1003/120/34 1056/122/34 1034/121/34
f 1056/122/34 1096/70/34 1065/123/34
f 1096/70/34 1129/125/34 1108/124/34
f 1129/125/34 1170/127/34 1153/126/34
f 1170/127/34 1203/129/34 1188/128/34
f 1203/129/34 1258/71/34 1226/130/34
f 1258/71/34 687/105/34 660/103/34
f 687/105/34 780/109/34 734/107/34
f 780/109/34 855/113/34 807/111/34
f 855/113/34 921/69/34 897/115/34
f 921/69/34 1003/120/34 968/118/34
f 1003/120/34 1096/70/34 1056/122/34
f 1096/70/34 1170/127/34 1129/125/34
f 1170/127/34 1258/71/34 1203/129/34
f 1258/71/34 780/109/34 687/105/34
f 780/109/34 921/69/34 855/113/34
f 921/69/34 1096/70/34 1003/120/34
f 1096/70/34 1258/71/34 1170/127/34
f 1258/71/34 921/69/34 780/109/34
f 2/1/1 672/2/1 22/4/1
f 22/4/2 682/5/2 58/7/2
f 74/6/3 682/5/3 717/9/3
f 74/6/4 727/8/4 94/10/4
f 94/10/5 759/11/5 118/12/5
f 118/12/6 777/13/6 125/14/6
f 125/14/7 782/15/7 159/16/7
f 159/16/8 809/17/8 168/18/8
f 168/18/9 829/19/9 192/20/9
f 192/20/10 856/21/10 207/22/10
f 207/22/11 864/23/11 223/24/11
f 223/24/12 892/25/12 257/26/12
f 257/26/13 909/27/13 270/28/13
f 270/28/14 927/29/14 289/30/14
f 289/30/15 945/31/15 302/32/15
f 302/32/16 979/33/16 329/34/16
f 329/34/17 983/35/17 352/36/17
f 352/36/18 1010/37/18 379/38/18
f 379/38/19 1040/39/19 383/40/19
f 383/40/20 1050/41/20 406/42/20
f 406/42/21 1077/43/21 440/44/21
f 440/44/22 1097/45/22 449/46/22
f 449/46/23 1105/47/23 473/48/23
f 473/48/24 1122/49/24 485/50/24
f 485/50/25 1147/51/25 503/52/25
f 503/52/26 1161/53/26 532/54/26
f 532/54/27 1194/55/27 541/56/27
f 541/56/28 1212/57/28 573/58/28
f 573/58/29 1231/59/29 587/60/29
f 587/60/30 1256/61/30 610/65/30
f 257/83/31 207/94/31 223/72/31
f 207/94/31 168/95/31 192/78/31
f 168/95/31 125/96/31 159/76/31
f 125/96/31 94/97/31 118/63/31
f 94/97/31 58/98/31 74/73/31
f 58/98/31 2/99/31 22/79/31
f 2/99/31 610/100/31 621/77/31
f 610/100/31 573/81/31 587/64/31
f 573/81/31 532/84/31 541/74/31
f 532/84/31 485/85/31 503/80/31
f 485/85/31 449/87/31 473/86/31
f 449/87/31 406/82/31 440/88/31
f 406/82/31 379/90/31 383/89/31
f 379/90/31 329/92/31 352/91/31
f 329/92/31 289/93/31 302/75/31
f 289/93/31 257/83/31 270/62/31
f 257/83/31 168/95/31 207/94/31
f 168/95/31 94/97/31 125/96/31
f 94/97/31 2/99/31 58/98/31
f 2/99/31 573/81/31 610/100/31
f 573/81/31 485/85/31 532/84/31
f 485/85/31 406/82/31 449/87/31
f 406/82/31 329/92/31 379/90/31
f 329/92/31 257/83/31 289/93/31
f 257/83/31 94/97/31 168/95/31
f 94/97/31 573/81/31 2/99/31
f 573/81/31 406/82/31 485/85/31
f 406/82/31 257/83/31 329/92/31
f 257/83/31 573/81/31 94/97/31
f 610/65/32 1261/66/32 621/67/32
f 621/67/33 652/68/33 2/101/33
f 1256/71/34 652/103/34 1261/102/34
f 652/103/34 682/105/34 672/104/34
f 682/105/34 727/107/34 717/106/34
f 727/107/34 777/109/34 759/108/34
f 777/109/34 809/111/34 782/110/34
f 809/111/34 856/113/34 829/112/34
f 856/113/34 892/115/34 864/114/34
f 892/115/34 927/69/34 909/116/34
f 927/69/34 979/118/34 945/117/34
f 979/118/34 1010/120/34 983/119/34
f 1010/120/34 1050/122/34 1040/121/34
f 1050/122/34 1097/70/34 1077/123/34
f 1097/70/34 1122/125/34 1105/124/34
f 1122/125/34 1161/127/34 1147/126/34
f 1161/127/34 1212/129/34 1194/128/34
f 1212/129/34 1256/71/34 1231/130/34
f 1256/71/34 682/105/34 652/103/34
f 682/105/34 777/109/34 727/107/34
f 777/109/34 856/113/34 809/111/34
f 856/113/34 927/69/34 892/115/34
f 927/69/34 1010/120/34 979/118/34
f 1010/120/34 1097/70/34 1050/122/34
f 1097/70/34 1161/127/34 1122/125/34
f 1161/127/34 1256/71/34 1212/129/34
f 1256/71/34 777/109/34 682/105/34
f 777/109/34 927/69/34 856/113/34
f 927/69/34 1097/70/34 1010/120/34
f 1097/70/34 1256/71/34 1161/127/34
f 1256/71/34 927/69/34 777/109/34
f 13/1/1 680/2/1 39/4/1
f 39/4/2 691/5/2 50/7/2
f 63/6/3 691/5/3 718/9/3
f 63/6/4 728/8/4 99/10/4
f 99/10/5 752/11/5 104/12/5
f 104/12/6 764/13/6 134/14/6
f 134/14/7 798/15/7 149/16/7
f 149/16/8 820/17/8 165/18/8
f 165/18/9 840/19/9 193/20/9
f 193/20/10 858/21/10 204/22/10
f 204/22/11 880/23/11 235/24/11
f 235/24/12 882/25/12 247/26/12
f 247/26/13 908/27/13 261/28/13
f 261/28/14 926/29/14 283/30/14
f 283/30/15 960/31/15 307/32/15
f 307/32/16 961/33/16 331/34/16
f 331/34/17 986/35/17 360/36/17
f 360/36/18 1018/37/18 363/38/18
f 363/38/19 1037/39/19 391/40/19
f 391/40/20 1043/41/20 416/42/20
f 416/42/21 1069/43/21 435/44/21
f 435/44/22 1094/45/22 460/46/22
f 460/46/23 1114/47/23 474/48/23
f 474/48/24 1139/49/24 488/50/24
f 488/50/25 1141/51/25 509/52/25
f 509/52/26 1179/53/26 526/54/26
f 526/54/27 1182/55/27 550/56/27
f 550/56/28 1204/57/28 570/58/28
f 570/58/29 1222/59/29 586/60/29
f 586/60/30 1255/61/30 620/65/30
f 550/74/31 509/80/31 526/84/31
f 509/80/31 474/86/31 488/85/31
f 474/86/31 435/88/31 460/87/31
f 435/88/31 391/89/31 416/82/31
f 391/89/31 360/91/31 363/90/31
f 360/91/31 307/75/31 331/92/31
f 307/75/31 261/62/31 283/93/31
f 261/62/31 235/72/31 247/83/31
f 235/72/31 193/78/31 204/94/31
f 193/78/31 149/76/31 165/95/31
f 149/76/31 104/63/31 134/96/31
f 104/63/31 63/73/31 99/97/31
f 63/73/31 39/79/31 50/98/31
f 39/79/31 633/77/31 13/99/31
f 633/77/31 586/64/31 620/100/31
f 586/64/31 550/74/31 570/81/31
f 550/74/31 474/86/31 509/80/31
f 474/86/31 391/89/31 435/88/31
f 391/89/31 307/75/31 360/91/31
f 307/75/31 235/72/31 261/62/31
f 235/72/31 149/76/31 193/78/31
f 149/76/31 63/73/31 104/63/31
f 63/73/31 633/77/31 39/79/31
f 633/77/31 550/74/31 586/64/31
f 550/74/31 391/89/31 474/86/31
f 391/89/31 235/72/31 307/75/31
f 235/72/31 63/73/31 149/76/31
f 63/73/31 550/74/31 633/77/31
f 550/74/31 235/72/31 391/89/31
f 620/65/32 1273/66/32 633/67/32
f 633/67/33 655/68/33 13/101/33
f 1255/71/34 655/103/34 1273/102/34
f 655/103/34 691/105/34 680/104/34
f 691/105/34 728/107/34 718/106/34
f 728/107/34 764/109/34 752/108/34
f 764/109/34 820/111/34 798/110/34
f 820/111/34 858/113/34 840/112/34
f 858/113/34 882/115/34 880/114/34
f 882/115/34 926/69/34 908/116/34
f 926/69/34 961/118/34 960/117/34
f 961/118/34 1018/120/34 986/119/34
f 1018/120/34 1043/122/34 1037/121/34
f 1043/122/34 1094/70/34 1069/123/34
f 1094/70/34 1139/125/34 1114/124/34
f 1139/125/34 1179/127/34 1141/126/34
f 1179/127/34 1204/129/34 1182/128/34
f 1204/129/34 1255/71/34 1222/130/34
f 1255/71/34 691/105/34 655/103/34
f 691/105/34 764/109/34 728/107/34
f 764/109/34 858/113/34 820/111/34
f 858/113/34 926/69/34 882/115/34
f 926/69/34 1018/120/34 961/118/34
f 1018/120/34 1094/70/34 1043/122/34
f 1094/70/34 1179/127/34 1139/125/34
f 1179/127/34 1255/71/34 1204/129/34
f 1255/71/34 764/109/34 691/105/34
f 764/109/34 926/69/34 858/113/34
f 926/69/34 1094/70/34 1018/120/34
f 1094/70/34 1255/71/34 1179/127/34
f 1255/71/34 926/69/34 764/109/34
f 4/1/1 676/2/1 40/4/1
f 40/4/2 681/5/2 56/7/2
f 70/6/3 681/5/3 719/9/3
f 70/6/4 735/8/4 96/10/4
f 96/10/5 749/11/5 119/12/5
f 119/12/6 762/13/6 124/14/6
f 124/14/7 781/15/7 158/16/7
f 158/16/8 812/17/8 163/18/8
f 163/18/9 836/19/9 183/20/9
f 183/20/10 860/21/10 213/22/10
f 213/22/11 865/23/11 239/24/11
f 239/24/12 890/25/12 244/26/12
f 244/26/13 910/27/13 272/28/13
f 272/28/14 930/29/14 291/30/14
f 291/30/15 943/31/15 315/32/15
f 315/32/16 976/33/16 330/34/16
f 330/34/17 985/35/17 354/36/17
f 354/36/18 1016/37/18 361/38/18
f 361/38/19 1036/39/19 388/40/19
f 388/40/20 1053/41/20 411/42/20
f 411/42/21 1062/43/21 428/44/21
f 428/44/22 1088/45/22 441/46/22
f 441/46/23 1102/47/23 475/48/23
f 475/48/24 1138/49/24 497/50/24
f 497/50/25 1150/51/25 507/52/25
f 507/52/26 1167/53/26 528/54/26
f 528/54/27 1187/55/27 555/56/27
f 555/56/28 1216/57/28 579/58/28
f 579/58/29 1223/59/29 583/60/29
f 583/60/30 1244/61/30 615/65/30
f 555/74/31 507/80/31 528/84/31
f 507/80/31 475/86/31 497/85/31
f 475/86/31 428/88/31 441/87/31
f 428/88/31 388/89/31 411/82/31
f 388/89/31 354/91/31 361/90/31
f 354/91/31 315/75/31 330/92/31
f 315/75/31 272/62/31 291/93/31
f 272/62/31 239/72/31 244/83/31
f 239/72/31 183/78/31 213/94/31
f 183/78/31 158/76/31 163/95/31
f 158/76/31 119/63/31 124/96/31
f 119/63/31 70/73/31 96/97/31
f 70/73/31 40/79/31 56/98/31
f 40/79/31 637/77/31 4/99/31
f 637/77/31 583/64/31 615/100/31
f 583/64/31 555/74/31 579/81/31
f 555/74/31 475/86/31 507/80/31
f 475/86/31 388/89/31 428/88/31
f 388/89/31 315/75/31 354/91/31
f 315/75/31 239/72/31 272/62/31
f 239/72/31 158/76/31 183/78/31
f 158/76/31 70/73/31 119/63/31
f 70/73/31 637/77/31 40/79/31
f 637/77/31 555/74/31 583/64/31
f 555/74/31 388/89/31 475/86/31
f 388/89/31 239/72/31 315/75/31
f 239/72/31 70/73/31 158/76/31
f 70/73/31 555/74/31 637/77/31
f 555/74/31 239/72/31 388/89/31
f 615/65/32 1277/66/32 637/67/32
f 637/67/33 649/68/33 4/101/33
f 1244/71/34 649/103/34 1277/102/34
f 649/103/34 681/105/34 676/104/34
f 681/105/34 735/107/34 719/106/34
f 735/107/34 762/109/34 749/108/34
f 762/109/34 812/111/34 781/110/34
f 812/111/34 860/113/34 836/112/34
f 860/113/34 890/115/34 865/114/34
f 890/115/34 930/69/34 910/116/34
f 930/69/34 976/118/34 943/117/34
f 976/118/34 1016/120/34 985/119/34
f 1016/120/34 1053/122/34 1036/121/34
f 1053/122/34 1088/70/34 1062/123/34
f 1088/70/34 1138/125/34 1102/124/34
f 1138/125/34 1167/127/34 1150/126/34
f 1167/127/34 1216/129/34 1187/128/34
f 1216/129/34 1244/71/34 1223/130/34
f 1244/71/34 681/105/34 649/103/34
f 681/105/34 762/109/34 735/107/34
f 762/109/34 860/113/34 812/111/34
f 860/113/34 930/69/34 890/115/34
f 930/69/34 1016/120/34 976/118/34
f 1016/120/34 1088/70/34 1053/122/34
f 1088/70/34 1167/127/34 1138/125/34
f 1167/127/34 1244/71/34 1216/129/34
f 1244/71/34 762/109/34 681/105/34
f 762/109/34 930/69/34 860/113/34
f 930/69/34 1088/70/34 1016/120/34
f 1088/70/34 1244/71/34 1167/127/34
f 1244/71/34 930/69/34 762/109/34
f 6/1/1 662/2/1 28/4/1
f 28/4/2 685/5/2 48/7/2
f 73/6/3 685/5/3 713/9/3
f 73/6/4 733/8/4 81/10/4
f 81/10/5 746/11/5 120/12/5
f 120/12/6 766/13/6 132/14/6
f 132/14/7 799/15/7 160/16/7
f 160/16/8 818/17/8 161/18/8
f 161/18/9 835/19/9 185/20/9
f 185/20/10 852/21/10 216/22/10
f 216/22/11 867/23/11 236/24/11
f 236/24/12 893/25/12 249/26/12
f 249/26/13 916/27/13 265/28/13
f 265/28/14 937/29/14 295/30/14
f 295/30/15 952/31/15 313/32/15
f 313/32/16 971/33/16 321/34/16
f 321/34/17 982/35/17 350/36/17
f 350/36/18 1008/37/18 380/38/18
f 380/38/19 1032/39/19 393/40/19
f 393/40/20 1042/41/20 413/42/20
f 413/42/21 1064/43/21 422/44/21
f 422/44/22 1095/45/22 442/46/22
f 442/46/23 1107/47/23 464/48/23
f 464/48/24 1132/49/24 494/50/24
f 494/50/25 1144/51/25 519/52/25
f 519/52/26 1169/53/26 536/54/26
f 536/54/27 1191/55/27 556/56/27
f 556/56/28 1214/57/28 567/58/28
f 567/58/29 1234/59/29 597/60/29
f 597/60/30 1243/61/30 613/65/30
f 556/74/31 519/80/31 536/84/31
f 519/80/31 464/86/31 494/85/31
f 464/86/31 422/88/31 442/87/31
f 422/88/31 393/89/31 413/82/31
f 393/89/31 350/91/31 380/90/31
f 350/91/31 313/75/31 321/92/31
f 313/75/31 265/62/31 295/93/31
f 265/62/31 236/72/31 249/83/31
f 236/72/31 185/78/31 216/94/31
f 185/78/31 160/76/31 161/95/31
f 160/76/31 120/63/31 132/96/31
f 120/63/31 73/73/31 81/97/31
f 73/73/31 28/79/31 48/98/31
f 28/79/31 635/77/31 6/99/31
f 635/77/31 597/64/31 613/100/31
f 597/64/31 556/74/31 567/81/31
f 556/74/31 464/86/31 519/80/31
f 464/86/31 393/89/31 422/88/31
f 393/89/31 313/75/31 350/91/31
f 313/75/31 236/72/31 265/62/31
f 236/72/31 160/76/31 185/78/31
f 160/76/31 73/73/31 120/63/31
f 73/73/31 635/77/31 28/79/31
f 635/77/31 556/74/31 597/64/31
f 556/74/31 393/89/31 464/86/31
f 393/89/31 236/72/31 313/75/31
f 236/72/31 73/73/31 160/76/31
f 73/73/31 556/74/31 635/77/31
f 556/74/31 236/72/31 393/89/31
f 613/65/32 1274/66/32 635/67/32
f 635/67/33 644/68/33 6/101/33
f 1243/71/34 644/103/34 1274/102/34
f 644/103/34 685/105/34 662/104/34
f 685/105/34 733/107/34 713/106/34
f 733/107/34 766/109/34 746/108/34
f 766/109/34 818/111/34 799/110/34
f 818/111/34 852/113/34 835/112/34
f 852/113/34 893/115/34 867/114/34
f 893/115/34 937/69/34 916/116/34
f 937/69/34 971/118/34 952/117/34
f 971/118/34 1008/120/34 982/119/34
f 1008/120/34 1042/122/34 1032/121/34
f 1042/122/34 1095/70/34 1064/123/34
f 1095/70/34 1132/125/34 1107/124/34
f 1132/125/34 1169/127/34 1144/126/34
f 1169/127/34 1214/129/34 1191/128/34
f 1214/129/34 1243/71/34 1234/130/34
f 1243/71/34 685/105/34 644/103/34
f 685/105/34 766/109/34 733/107/34
f 766/109/34 852/113/34 818/111/34
f 852/113/34 937/69/34 893/115/34
f 937/69/34 1008/120/34 971/118/34
f 1008/120/34 1095/70/34 1042/122/34
f 1095/70/34 1169/127/34 1132/125/34
f 1169/127/34 1243/71/34 1214/129/34
f 1243/71/34 766/109/34 685/105/34
f 766/109/34 937/69/34 852/113/34
f 937/69/34 1095/70/34 1008/120/34
f 1095/70/34 1243/71/34 1169/127/34
f 1243/71/34 937/69/34 766/109/34
f 8/1/1 668/2/1 23/4/1
f 23/4/2 684/5/2 60/7/2
f 67/6/3 684/5/3 704/9/3
f 67/6/4 732/8/4 83/10/4
f 83/10/5 747/11/5 112/12/5
f 112/12/6 773/13/6 123/14/6
f 123/14/7 785/15/7 148/16/7
f 148/16/8 803/17/8 179/18/8
f 179/18/9 831/19/9 186/20/9
f 186/20/10 844/21/10 215/22/10
f 215/22/11 872/23/11 229/24/11
f 229/24/12 896/25/12 256/26/12
f 256/26/13 904/27/13 263/28/13
f 263/28/14 932/29/14 294/30/14
f 294/30/15 958/31/15 308/32/15
f 308/32/16 972/33/16 338/34/16
f 338/34/17 997/35/17 345/36/17
f 345/36/18 1007/37/18 368/38/18
f 368/38/19 1035/39/19 385/40/19
f 385/40/20 1055/41/20 405/42/20
f 405/42/21 1076/43/21 438/44/21
f 438/44/22 1084/45/22 454/46/22
f 454/46/23 1103/47/23 470/48/23
f 470/48/24 1140/49/24 489/50/24
f 489/50/25 1154/51/25 513/52/25
f 513/52/26 1177/53/26 539/54/26
f 539/54/27 1186/55/27 544/56/27
f 544/56/28 1208/57/28 566/58/28
f 566/58/29 1240/59/29 582/60/29
f 582/60/30 1251/61/30 605/65/30
f 256/83/31 215/94/31 229/72/31
f 215/94/31 179/95/31 186/78/31
f 179/95/31 123/96/31 148/76/31
f 123/96/31 83/97/31 112/63/31
f 83/97/31 60/98/31 67/73/31
f 60/98/31 8/99/31 23/79/31
f 8/99/31 605/100/31 631/77/31
f 605/100/31 566/81/31 582/64/31
f 566/81/31 539/84/31 544/74/31
f 539/84/31 489/85/31 513/80/31
f 489/85/31 454/87/31 470/86/31
f 454/87/31 405/82/31 438/88/31
f 405/82/31 368/90/31 385/89/31
f 368/90/31 338/92/31 345/91/31
f 338/92/31 294/93/31 308/75/31
f 294/93/31 256/83/31 263/62/31
f 256/83/31 179/95/31 215/94/31
f 179/95/31 83/97/31 123/96/31
f 83/97/31 8/99/31 60/98/31
f 8/99/31 566/81/31 605/100/31
f 566/81/31 489/85/31 539/84/31
f 489/85/31 405/82/31 454/87/31
f 405/82/31 338/92/31 368/90/31
f 338/92/31 256/83/31 294/93/31
f 256/83/31 83/97/31 179/95/31
f 83/97/31 566/81/31 8/99/31
f 566/81/31 405/82/31 489/85/31
f 405/82/31 256/83/31 338/92/31
f 256/83/31 566/81/31 83/97/31
f 605/65/32 1271/66/32 631/67/32
f 631/67/33 642/68/33 8/101/33
f 1251/71/34 642/103/34 1271/102/34
f 642/103/34 684/105/34 668/104/34
f 684/105/34 732/107/34 704/106/34
f 732/107/34 773/109/34 747/108/34
f 773/109/34 803/111/34 785/110/34
f 803/111/34 844/113/34 831/112/34
f 844/113/34 896/115/34 872/114/34
f 896/115/34 932/69/34 904/116/34
f 932/69/34 972/118/34 958/117/34
f 972/118/34 1007/120/34 997/119/34
f 1007/120/34 1055/122/34 1035/121/34
f 1055/122/34 1084/70/34 1076/123/34
f 1084/70/34 1140/125/34 1103/124/34
f 1140/125/34 1177/127/34 1154/126/34
f 1177/127/34 1208/129/34 1186/128/34
f 1208/129/34 1251/71/34 1240/130/34
f 1251/71/34 684/105/34 642/103/34
f 684/105/34 773/109/34 732/107/34
f 773/109/34 844/113/34 803/111/34
f 844/113/34 932/69/34 896/115/34
f 932/69/34 1007/120/34 972/118/34
f 1007/120/34 1084/70/34 1055/122/34
f 1084/70/34 1177/127/34 1140/125/34
f 1177/127/34 1251/71/34 1208/129/34
f 1251/71/34 773/109/34 684/105/34
f 773/109/34 932/69/34 844/113/34
f 932/69/34 1084/70/34 1007/120/34
f 1084/70/34 1251/71/34 1177/127/34
f 1251/71/34 932/69/34 773/109/34
f 12/1/1 667/2/1 36/4/1
f 36/4/2 700/5/2 55/7/2
f 80/6/3 700/5/3 702/9/3
f 80/6/4 725/8/4 87/10/4
f 87/10/5 748/11/5 114/12/5
f 114/12/6 765/13/6 130/14/6
f 130/14/7 792/15/7 144/16/7
f 144/16/8 819/17/8 164/18/8
f 164/18/9 828/19/9 187/20/9
f 187/20/10 846/21/10 212/22/10
f 212/22/11 863/23/11 237/24/11
f 237/24/12 885/25/12 252/26/12
f 252/26/13 903/27/13 266/28/13
f 266/28/14 936/29/14 288/30/14
f 288/30/15 957/31/15 303/32/15
f 303/32/16 969/33/16 336/34/16
f 336/34/17 991/35/17 348/36/17
f 348/36/18 1013/37/18 374/38/18
f 374/38/19 1039/39/19 395/40/19
f 395/40/20 1060/41/20 418/42/20
f 418/42/21 1067/43/21 425/44/21
f 425/44/22 1100/45/22 459/46/22
f 459/46/23 1120/47/23 465/48/23
f 465/48/24 1121/49/24 483/50/24
f 483/50/25 1143/51/25 518/52/25
f 518/52/26 1176/53/26 537/54/26
f 537/54/27 1192/55/27 560/56/27
f 560/56/28 1213/57/28 565/58/28
f 565/58/29 1228/59/29 589/60/29
f 589/60/30 1248/61/30 614/65/30
f 252/83/31 212/94/31 237/72/31
f 212/94/31 164/95/31 187/78/31
f 164/95/31 130/96/31 144/76/31
f 130/96/31 87/97/31 114/63/31
f 87/97/31 55/98/31 80/73/31
f 55/98/31 12/99/31 36/79/31
f 12/99/31 614/100/31 627/77/31
f 614/100/31 565/81/31 589/64/31
f 565/81/31 537/84/31 560/74/31
f 537/84/31 483/85/31 518/80/31
f 483/85/31 459/87/31 465/86/31
f 459/87/31 418/82/31 425/88/31
f 418/82/31 374/90/31 395/89/31
f 374/90/31 336/92/31 348/91/31
f 336/92/31 288/93/31 303/75/31
f 288/93/31 252/83/31 266/62/31
f 252/83/31 164/95/31 212/94/31
f 164/95/31 87/97/31 130/96/31
f 87/97/31 12/99/31 55/98/31
f 12/99/31 565/81/31 614/100/31
f 565/81/31 483/85/31 537/84/31
f 483/85/31 418/82/31 459/87/31
f 418/82/31 336/92/31 374/90/31
f 336/92/31 252/83/31 288/93/31
f 252/83/31 87/97/31 164/95/31
f 87/97/31 565/81/31 12/99/31
f 565/81/31 418/82/31 483/85/31
f 418/82/31 252/83/31 336/92/31
f 252/83/31 565/81/31 87/97/31
f 614/65/32 1267/66/32 627/67/32
f 627/67/33 643/68/33 12/101/33
f 1248/71/34 643/103/34 1267/102/34
f 643/103/34 700/105/34 667/104/34
f 700/105/34 725/107/34 702/106/34
f 725/107/34 765/109/34 748/108/34
f 765/109/34 819/111/34 792/110/34
f 819/111/34 846/113/34 828/112/34
f 846/113/34 885/115/34 863/114/34
f 885/115/34 936/69/34 903/116/34
f 936/69/34 969/118/34 957/117/34
f 969/118/34 1013/120/34 991/119/34
f 1013/120/34 1060/122/34 1039/121/34
f 1060/122/34 1100/70/34 1067/123/34
f 1100/70/34 1121/125/34 1120/124/34
f 1121/125/34 1176/127/34 1143/126/34
f 1176/127/34 1213/129/34 1192/128/34
f 1213/129/34 1248/71/34 1228/130/34
f 1248/71/34 700/105/34 643/103/34
f 700/105/34 765/109/34 725/107/34
f 765/109/34 846/113/34 819/111/34
f 846/113/34 936/69/34 885/115/34
f 936/69/34 1013/120/34 969/118/34
f 1013/120/34 1100/70/34 1060/122/34
f 1100/70/34 1176/127/34 1121/125/34
f 1176/127/34 1248/71/34 1213/129/34
f 1248/71/34 765/109/34 700/105/34
f 765/109/34 936/69/34 846/113/34
f 936/69/34 1100/70/34 1013/120/34
f 1100/70/34 1248/71/34 1176/127/34
f 1248/71/34 936/69/34 765/109/34
f 17/1/1 674/2/1 31/4/1
f 31/4/2 694/5/2 53/7/2
f 62/6/3 694/5/3 708/9/3
f 62/6/4 740/8/4 92/10/4
f 92/10/5 755/11/5 113/12/5
f 113/12/6 772/13/6 136/14/6
f 136/14/7 789/15/7 141/16/7
f 141/16/8 804/17/8 176/18/8
f 176/18/9 833/19/9 184/20/9
f 184/20/10 842/21/10 211/22/10
f 211/22/11 873/23/11 222/24/11
f 222/24/12 888/25/12 241/26/12
f 241/26/13 913/27/13 269/28/13
f 269/28/14 928/29/14 292/30/14
f 292/30/15 949/31/15 317/32/15
f 317/32/16 966/33/16 337/34/16
f 337/34/17 990/35/17 356/36/17
f 356/36/18 1011/37/18 366/38/18
f 366/38/19 1031/39/19 397/40/19
f 397/40/20 1044/41/20 419/42/20
f 419/42/21 1074/43/21 436/44/21
f 436/44/22 1090/45/22 451/46/22
f 451/46/23 1115/47/23 471/48/23
f 471/48/24 1123/49/24 498/50/24
f 498/50/25 1149/51/25 505/52/25
f 505/52/26 1162/53/26 524/54/26
f 524/54/27 1185/55/27 559/56/27
f 559/56/28 1217/57/28 577/58/28
f 577/58/29 1229/59/29 595/60/29
f 595/60/30 1249/61/30 601/65/30
f 624/77/31 595/64/31 601/100/31
f 595/64/31 559/74/31 577/81/31
f 559/74/31 505/80/31 524/84/31
f 505/80/31 471/86/31 498/85/31
f 471/86/31 436/88/31 451/87/31
f 436/88/31 397/89/31 419/82/31
f 397/89/31 356/91/31 366/90/31
f 356/91/31 317/75/31 337/92/31
f 317/75/31 269/62/31 292/93/31
f 269/62/31 222/72/31 241/83/31
f 222/72/31 184/78/31 211/94/31
f 184/78/31 141/76/31 176/95/31
f 141/76/31 113/63/31 136/96/31
f 113/63/31 62/73/31 92/97/31
f 62/73/31 31/79/31 53/98/31
f 31/79/31 624/77/31 17/99/31
f 624/77/31 559/74/31 595/64/31
f 559/74/31 471/86/31 505/80/31
f 471/86/31 397/89/31 436/88/31
f 397/89/31 317/75/31 356/91/31
f 317/75/31 222/72/31 269/62/31
f 222/72/31 141/76/31 184/78/31
f 141/76/31 62/73/31 113/63/31
f 62/73/31 624/77/31 31/79/31
f 624/77/31 471/86/31 559/74/31
f 471/86/31 317/75/31 397/89/31
f 317/75/31 141/76/31 222/72/31
f 141/76/31 624/77/31 62/73/31
f 624/77/31 317/75/31 471/86/31
f 601/65/32 1262/66/32 624/67/32
f 624/67/33 647/68/33 17/101/33
f 1249/71/34 647/103/34 1262/102/34
f 647/103/34 694/105/34 674/104/34
f 694/105/34 740/107/34 708/106/34
f 740/107/34 772/109/34 755/108/34
f 772/109/34 804/111/34 789/110/34
f 804/111/34 842/113/34 833/112/34
f 842/113/34 888/115/34 873/114/34
f 888/115/34 928/69/34 913/116/34
f 928/69/34 966/118/34 949/117/34
f 966/118/34 1011/120/34 990/119/34
f 1011/120/34 1044/122/34 1031/121/34
f 1044/122/34 1090/70/34 1074/123/34
f 1090/70/34 1123/125/34 1115/124/34
f 1123/125/34 1162/127/34 1149/126/34
f 1162/127/34 1217/129/34 1185/128/34
f 1217/129/34 1249/71/34 1229/130/34
f 1249/71/34 694/105/34 647/103/34
f 694/105/34 772/109/34 740/107/34
f 772/109/34 842/113/34 804/111/34
f 842/113/34 928/69/34 888/115/34
f 928/69/34 1011/120/34 966/118/34
f 1011/120/34 1090/70/34 1044/122/34
f 1090/70/34 1162/127/34 1123/125/34
f 1162/127/34 1249/71/34 1217/129/34
f 1249/71/34 772/109/34 694/105/34
f 772/109/34 928/69/34 842/113/34
f 928/69/34 1090/70/34 1011/120/34
f 1090/70/34 1249/71/34 1162/127/34
f 1249/71/34 928/69/34 772/109/34
f 15/1/1 671/2/1 25/4/1
f 25/4/2 692/5/2 43/7/2
f 76/6/3 692/5/3 706/9/3
f 76/6/4 737/8/4 100/10/4
f 100/10/5 754/11/5 102/12/5
f 102/12/6 771/13/6 140/14/6
f 140/14/7 787/15/7 143/16/7
f 143/16/8 811/17/8 172/18/8
f 172/18/9 837/19/9 182/20/9
f 182/20/10 847/21/10 202/22/10
f 202/22/11 870/23/11 224/24/11
f 224/24/12 887/25/12 251/26/12
f 251/26/13 914/27/13 277/28/13
f 277/28/14 931/29/14 285/30/14
f 285/30/15 941/31/15 309/32/15
f 309/32/16 965/33/16 328/34/16
f 328/34/17 999/35/17 359/36/17
f 359/36/18 1017/37/18 373/38/18
f 373/38/19 1021/39/19 399/40/19
f 399/40/20 1051/41/20 403/42/20
f 403/42/21 1066/43/21 434/44/21
f 434/44/22 1081/45/22 450/46/22
f 450/46/23 1118/47/23 461/48/23
f 461/48/24 1135/49/24 491/50/24
f 491/50/25 1146/51/25 515/52/25
f 515/52/26 1166/53/26 525/54/26
f 525/54/27 1189/55/27 546/56/27
f 546/56/28 1206/57/28 563/58/28
f 563/58/29 1221/59/29 592/60/29
f 592/60/30 1253/61/30 607/65/30
f 629/77/31 592/64/31 607/100/31
f 592/64/31 546/74/31 563/81/31
f 546/74/31 515/80/31 525/84/31
f 515/80/31 461/86/31 491/85/31
f 461/86/31 434/88/31 450/87/31
f 434/88/31 399/89/31 403/82/31
f 399/89/31 359/91/31 373/90/31
f 359/91/31 309/75/31 328/92/31
f 309/75/31 277/62/31 285/93/31
f 277/62/31 224/72/31 251/83/31
f 224/72/31 182/78/31 202/94/31
f 182/78/31 143/76/31 172/95/31
f 143/76/31 102/63/31 140/96/31
f 102/63/31 76/73/31 100/97/31
f 76/73/31 25/79/31 43/98/31
f 25/79/31 629/77/31 15/99/31
f 629/77/31 546/74/31 592/64/31
f 546/74/31 461/86/31 515/80/31
f 461/86/31 399/89/31 434/88/31
f 399/89/31 309/75/31 359/91/31
f 309/75/31 224/72/31 277/62/31
f 224/72/31 143/76/31 182/78/31
f 143/76/31 76/73/31 102/63/31
f 76/73/31 629/77/31 25/79/31
f 629/77/31 461/86/31 546/74/31
f 461/86/31 309/75/31 399/89/31
f 309/75/31 143/76/31 224/72/31
f 143/76/31 629/77/31 76/73/31
f 629/77/31 309/75/31 461/86/31
f 607/65/32 1268/66/32 629/67/32
f 629/67/33 648/68/33 15/101/33
f 1253/71/34 648/103/34 1268/102/34
f 648/103/34 692/105/34 671/104/34
f 692/105/34 737/107/34 706/106/34
f 737/107/34 771/109/34 754/108/34
f 771/109/34 811/111/34 787/110/34
f 811/111/34 847/113/34 837/112/34
f 847/113/34 887/115/34 870/114/34
f 887/115/34 931/69/34 914/116/34
f 931/69/34 965/118/34 941/117/34
f 965/118/34 1017/120/34 999/119/34
f 1017/120/34 1051/122/34 1021/121/34
f 1051/122/34 1081/70/34 1066/123/34
f 1081/70/34 1135/125/34 1118/124/34
f 1135/125/34 1166/127/34 1146/126/34
f 1166/127/34 1206/129/34 1189/128/34
f 1206/129/34 1253/71/34 1221/130/34
f 1253/71/34 692/105/34 648/103/34
f 692/105/34 771/109/34 737/107/34
f 771/109/34 847/113/34 811/111/34
f 847/113/34 931/69/34 887/115/34
f 931/69/34 1017/120/34 965/118/34
f 1017/120/34 1081/70/34 1051/122/34
f 1081/70/34 1166/127/34 1135/125/34
f 1166/127/34 1253/71/34 1206/129/34
f 1253/71/34 771/109/34 692/105/34
f 771/109/34 931/69/34 847/113/34
f 931/69/34 1081/70/34 1017/120/34
f 1081/70/34 1253/71/34 1166/127/34
f 1253/71/34 931/69/34 771/109/34
f 16/1/1 663/2/1 34/4/1
f 34/4/2 697/5/2 49/7/2
f 69/6/3 697/5/3 716/9/3
f 69/6/4 723/8/4 86/10/4
f 86/10/5 751/11/5 103/12/5
f 103/12/6 763/13/6 139/14/6
f 139/14/7 788/15/7 151/16/7
f 151/16/8 815/17/8 174/18/8
f 174/18/9 826/19/9 197/20/9
f 197/20/10 851/21/10 208/22/10
f 208/22/11 866/23/11 233/24/11
f 233/24/12 884/25/12 253/26/12
f 253/26/13 919/27/13 273/28/13
f 273/28/14 940/29/14 300/30/14
f 300/30/15 954/31/15 301/32/15
f 301/32/16 970/33/16 335/34/16
f 335/34/17 989/35/17 342/36/17
f 342/36/18 1014/37/18 364/38/18
f 364/38/19 1026/39/19 387/40/19
f 387/40/20 1054/41/20 414/42/20
f 414/42/21 1068/43/21 437/44/21
f 437/44/22 1082/45/22 443/46/22
f 443/46/23 1110/47/23 466/48/23
f 466/48/24 1124/49/24 493/50/24
f 493/50/25 1148/51/25 511/52/25
f 511/52/26 1174/53/26 522/54/26
f 522/54/27 1199/55/27 552/56/27
f 552/56/28 1202/57/28 571/58/28
f 571/58/29 1239/59/29 584/60/29
f 584/60/30 1259/61/30 611/65/30
f 623/77/31 584/64/31 611/100/31
f 584/64/31 552/74/31 571/81/31
f 552/74/31 511/80/31 522/84/31
f 511/80/31 466/86/31 493/85/31
f 466/86/31 437/88/31 443/87/31
f 437/88/31 387/89/31 414/82/31
f 387/89/31 342/91/31 364/90/31
f 342/91/31 301/75/31 335/92/31
f 301/75/31 273/62/31 300/93/31
f 273/62/31 233/72/31 253/83/31
f 233/72/31 197/78/31 208/94/31
f 197/78/31 151/76/31 174/95/31
f 151/76/31 103/63/31 139/96/31
f 103/63/31 69/73/31 86/97/31
f 69/73/31 34/79/31 49/98/31
f 34/79/31 623/77/31 16/99/31
f 623/77/31 552/74/31 584/64/31
f 552/74/31 466/86/31 511/80/31
f 466/86/31 387/89/31 437/88/31
f 387/89/31 301/75/31 342/91/31
f 301/75/31 233/72/31 273/62/31
f 233/72/31 151/76/31 197/78/31
f 151/76/31 69/73/31 103/63/31
f 69/73/31 623/77/31 34/79/31
f 623/77/31 466/86/31 552/74/31
f 466/86/31 301/75/31 387/89/31
f 301/75/31 151/76/31 233/72/31
f 151/76/31 623/77/31 69/73/31
f 623/77/31 301/75/31 466/86/31
f 611/65/32 1272/66/32 623/67/32
f 623/67/33 645/68/33 16/101/33
f 1259/71/34 645/103/34 1272/102/34
f 645/103/34 697/105/34 663/104/34
f 697/105/34 723/107/34 716/106/34
f 723/107/34 763/109/34 751/108/34
f 763/109/34 815/111/34 788/110/34
f 815/111/34 851/113/34 826/112/34
f 851/113/34 884/115/34 866/114/34
f 884/115/34 940/69/34 919/116/34
f 940/69/34 970/118/34 954/117/34
f 970/118/34 1014/120/34 989/119/34
f 1014/120/34 1054/122/34 1026/121/34
f 1054/122/34 1082/70/34 1068/123/34
f 1082/70/34 1124/125/34 1110/124/34
f 1124/125/34 1174/127/34 1148/126/34
f 1174/127/34 1202/129/34 1199/128/34
f 1202/129/34 1259/71/34 1239/130/34
f 1259/71/34 697/105/34 645/103/34
f 697/105/34 763/109/34 723/107/34
f 763/109/34 851/113/34 815/111/34
f 851/113/34 940/69/34 884/115/34
f 940/69/34 1014/120/34 970/118/34
f 1014/120/34 1082/70/34 1054/122/34
f 1082/70/34 1174/127/34 1124/125/34
f 1174/127/34 1259/71/34 1202/129/34
f 1259/71/34 763/109/34 697/105/34
f 763/109/34 940/69/34 851/113/34
f 940/69/34 1082/70/34 1014/120/34
f 1082/70/34 1259/71/34 1174/127/34
f 1259/71/34 940/69/34 763/109/34
f 10/1/1 666/2/1 30/4/1
f 30/4/2 686/5/2 46/7/2
f 75/6/3 686/5/3 715/9/3
f 75/6/4 738/8/4 89/10/4
f 89/10/5 743/11/5 101/12/5
f 101/12/6 767/13/6 138/14/6
f 138/14/7 790/15/7 155/16/7
f 155/16/8 805/17/8 167/18/8
f 167/18/9 839/19/9 195/20/9
f 195/20/10 850/21/10 201/22/10
f 201/22/11 874/23/11 226/24/11
f 226/24/12 898/25/12 250/26/12
f 250/26/13 912/27/13 275/28/13
f 275/28/14 934/29/14 298/30/14
f 298/30/15 951/31/15 318/32/15
f 318/32/16 973/33/16 325/34/16
f 325/34/17 995/35/17 343/36/17
f 343/36/18 1004/37/18 375/38/18
f 375/38/19 1023/39/19 390/40/19
f 390/40/20 1057/41/20 401/42/20
f 401/42/21 1078/43/21 424/44/21
f 424/44/22 1087/45/22 446/46/22
f 446/46/23 1101/47/23 467/48/23
f 467/48/24 1131/49/24 499/50/24
f 499/50/25 1151/51/25 508/52/25
f 508/52/26 1165/53/26 521/54/26
f 521/54/27 1183/55/27 553/56/27
f 553/56/28 1205/57/28 580/58/28
f 580/58/29 1236/59/29 596/60/29
f 596/60/30 1245/61/30 617/65/30
f 638/77/31 596/64/31 617/100/31
f 596/64/31 553/74/31 580/81/31
f 553/74/31 508/80/31 521/84/31
f 508/80/31 467/86/31 499/85/31
f 467/86/31 424/88/31 446/87/31
f 424/88/31 390/89/31 401/82/31
f 390/89/31 343/91/31 375/90/31
f 343/91/31 318/75/31 325/92/31
f 318/75/31 275/62/31 298/93/31
f 275/62/31 226/72/31 250/83/31
f 226/72/31 195/78/31 201/94/31
f 195/78/31 155/76/31 167/95/31
f 155/76/31 101/63/31 138/96/31
f 101/63/31 75/73/31 89/97/31
f 75/73/31 30/79/31 46/98/31
f 30/79/31 638/77/31 10/99/31
f 638/77/31 553/74/31 596/64/31
f 553/74/31 467/86/31 508/80/31
f 467/86/31 390/89/31 424/88/31
f 390/89/31 318/75/31 343/91/31
f 318/75/31 226/72/31 275/62/31
f 226/72/31 155/76/31 195/78/31
f 155/76/31 75/73/31 101/63/31
f 75/73/31 638/77/31 30/79/31
f 638/77/31 467/86/31 553/74/31
f 467/86/31 318/75/31 390/89/31
f 318/75/31 155/76/31 226/72/31
f 155/76/31 638/77/31 75/73/31
f 638/77/31 318/75/31 467/86/31
f 617/65/32 1278/66/32 638/67/32
f 638/67/33 641/68/33 10/101/33
f 1245/71/34 641/103/34 1278/102/34
f 641/103/34 686/105/34 666/104/34
f 686/105/34 738/107/34 715/106/34
f 738/107/34 767/109/34 743/108/34
f 767/109/34 805/111/34 790/110/34
f 805/111/34 850/113/34 839/112/34
f 850/113/34 898/115/34 874/114/34
f 898/115/34 934/69/34 912/116/34
f 934/69/34 973/118/34 951/117/34
f 973/118/34 1004/120/34 995/119/34
f 1004/120/34 1057/122/34 1023/121/34
f 1057/122/34 1087/70/34 1078/123/34
f 1087/70/34 1131/125/34 1101/124/34
f 1131/125/34 1165/127/34 1151/126/34
f 1165/127/34 1205/129/34 1183/128/34
f 1205/129/34 1245/71/34 1236/130/34
f 1245/71/34 686/105/34 641/103/34
f 686/105/34 767/109/34 738/107/34
f 767/109/34 850/113/34 805/111/34
f 850/113/34 934/69/34 898/115/34
f 934/69/34 1004/120/34 973/118/34
f 1004/120/34 1087/70/34 1057/122/34
f 1087/70/34 1165/127/34 1131/125/34
f 1165/127/34 1245/71/34 1205/129/34
f 1245/71/34 767/109/34 686/105/34
f 767/109/34 934/69/34 850/113/34
f 934/69/34 1087/70/34 1004/120/34
f 1087/70/34 1245/71/34 1165/127/34
f 1245/71/34 934/69/34 767/109/34
f 3/1/1 679/2/1 24/4/1
f 24/4/2 683/5/2 45/7/2
f 79/6/3 683/5/3 705/9/3
f 79/6/4 729/8/4 91/10/4
f 91/10/5 757/11/5 105/12/5
f 105/12/6 778/13/6 122/14/6
f 122/14/7 796/15/7 157/16/7
f 157/16/8 808/17/8 173/18/8
f 173/18/9 834/19/9 200/20/9
f 200/20/10 845/21/10 218/22/10
f 218/22/11 861/23/11 230/24/11
f 230/24/12 881/25/12 242/26/12
f 242/26/13 917/27/13 280/28/13
f 280/28/14 939/29/14 293/30/14
f 293/30/15 942/31/15 320/32/15
f 320/32/16 978/33/16 339/34/16
f 339/34/17 984/35/17 357/36/17
f 357/36/18 1009/37/18 369/38/18
f 369/38/19 1024/39/19 381/40/19
f 381/40/20 1058/41/20 404/42/20
f 404/42/21 1079/43/21 426/44/21
f 426/44/22 1098/45/22 453/46/22
f 453/46/23 1119/47/23 472/48/23
f 472/48/24 1125/49/24 486/50/24
f 486/50/25 1157/51/25 514/52/25
f 514/52/26 1172/53/26 540/54/26
f 540/54/27 1195/55/27 557/56/27
f 557/56/28 1207/57/28 568/58/28
f 568/58/29 1224/59/29 585/60/29
f 585/60/30 1247/61/30 602/65/30
f 622/77/31 585/64/31 602/100/31
f 585/64/31 557/74/31 568/81/31
f 557/74/31 514/80/31 540/84/31
f 514/80/31 472/86/31 486/85/31
f 472/86/31 426/88/31 453/87/31
f 426/88/31 381/89/31 404/82/31
f 381/89/31 357/91/31 369/90/31
f 357/91/31 320/75/31 339/92/31
f 320/75/31 280/62/31 293/93/31
f 280/62/31 230/72/31 242/83/31
f 230/72/31 200/78/31 218/94/31
f 200/78/31 157/76/31 173/95/31
f 157/76/31 105/63/31 122/96/31
f 105/63/31 79/73/31 91/97/31
f 79/73/31 24/79/31 45/98/31
f 24/79/31 622/77/31 3/99/31
f 622/77/31 557/74/31 585/64/31
f 557/74/31 472/86/31 514/80/31
f 472/86/31 381/89/31 426/88/31
f 381/89/31 320/75/31 357/91/31
f 320/75/31 230/72/31 280/62/31
f 230/72/31 157/76/31 200/78/31
f 157/76/31 79/73/31 105/63/31
f 79/73/31 622/77/31 24/79/31
f 622/77/31 472/86/31 557/74/31
f 472/86/31 320/75/31 381/89/31
f 320/75/31 157/76/31 230/72/31
f 157/76/31 622/77/31 79/73/31
f 622/77/31 320/75/31 472/86/31
f 602/65/32 1263/66/32 622/67/32
f 622/67/33 646/68/33 3/101/33
f 1247/71/34 646/103/34 1263/102/34
f 646/103/34 683/105/34 679/104/34
f 683/105/34 729/107/34 705/106/34
f 729/107/34 778/109/34 757/108/34
f 778/109/34 808/111/34 796/110/34
f 808/111/34 845/113/34 834/112/34
f 845/113/34 881/115/34 861/114/34
f 881/115/34 939/69/34 917/116/34
f 939/69/34 978/118/34 942/117/34
f 978/118/34 1009/120/34 984/119/34
f 1009/120/34 1058/122/34 1024/121/34
f 1058/122/34 1098/70/34 1079/123/34
f 1098/70/34 1125/125/34 1119/124/34
f 1125/125/34 1172/127/34 1157/126/34
f 1172/127/34 1207/129/34 1195/128/34
f 1207/129/34 1247/71/34 1224/130/34
f 1247/71/34 683/105/34 646/103/34
f 683/105/34 778/109/34 729/107/34
f 778/109/34 845/113/34 808/111/34
f 845/113/34 939/69/34 881/115/34
f 939/69/34 1009/120/34 978/118/34
f 1009/120/34 1098/70/34 1058/122/34
f 1098/70/34 1172/127/34 1125/125/34
f 1172/127/34 1247/71/34 1207/129/34
f 1247/71/34 778/109/34 683/105/34
f 778/109/34 939/69/34 845/113/34
f 939/69/34 1098/70/34 1009/120/34
f 1098/70/34 1247/71/34 1172/127/34
f 1247/71/34 939/69/34 778/109/34
